participant,frame_file,frame_name,outcome_prediction
1048,q_10_main_0_30fps_frame0015.png,q_10_main_0_30fps_frame0015,Poorly.
1048,q_10_main_0_30fps_frame0030.png,q_10_main_0_30fps_frame0030,Poorly.
1048,q_11_main_0_30fps_frame0014.png,q_11_main_0_30fps_frame0014,Poorly.
1048,q_11_main_0_30fps_frame0029.png,q_11_main_0_30fps_frame0029,Poorly.
1048,q_12_main_1_30fps_frame0015.png,q_12_main_1_30fps_frame0015,Poorly.
1048,q_12_main_1_30fps_frame0030.png,q_12_main_1_30fps_frame0030,Poorly.
1048,q_13_main_0_30fps_frame0015.png,q_13_main_0_30fps_frame0015,Poorly.
1048,q_13_main_0_30fps_frame0030.png,q_13_main_0_30fps_frame0030,Poorly.
1048,q_14_main_0_30fps_frame0014.png,q_14_main_0_30fps_frame0014,Poorly.
1048,q_14_main_0_30fps_frame0029.png,q_14_main_0_30fps_frame0029,Poorly.
1048,q_15_main_1_30fps_frame0013.png,q_15_main_1_30fps_frame0013,Poorly.
1048,q_15_main_1_30fps_frame0028.png,q_15_main_1_30fps_frame0028,Poorly.
1048,q_16_main_1_30fps_frame0015.png,q_16_main_1_30fps_frame0015,Poorly.
1048,q_16_main_1_30fps_frame0030.png,q_16_main_1_30fps_frame0030,Poorly.
1048,q_17_main_1_30fps_frame0013.png,q_17_main_1_30fps_frame0013,Poorly.
1048,q_17_main_1_30fps_frame0028.png,q_17_main_1_30fps_frame0028,Poorly.
1048,q_18_main_0_30fps_frame0014.png,q_18_main_0_30fps_frame0014,Poorly.
1048,q_18_main_0_30fps_frame0029.png,q_18_main_0_30fps_frame0029,Poorly.
1048,q_19_main_0_30fps_frame0014.png,q_19_main_0_30fps_frame0014,Poorly.
1048,q_19_main_0_30fps_frame0029.png,q_19_main_0_30fps_frame0029,Poorly.
1048,q_1_main_0_30fps_frame0014.png,q_1_main_0_30fps_frame0014,Poorly.
1048,q_1_main_0_30fps_frame0029.png,q_1_main_0_30fps_frame0029,Poorly.
1048,q_20_main_0_30fps_frame0014.png,q_20_main_0_30fps_frame0014,Poorly.
1048,q_20_main_0_30fps_frame0029.png,q_20_main_0_30fps_frame0029,Poorly.
1048,q_21_main_1_30fps_frame0014.png,q_21_main_1_30fps_frame0014,Poorly.
1048,q_21_main_1_30fps_frame0029.png,q_21_main_1_30fps_frame0029,Poorly.
1048,q_22_main_0_30fps_frame0012.png,q_22_main_0_30fps_frame0012,Poorly.
1048,q_22_main_0_30fps_frame0027.png,q_22_main_0_30fps_frame0027,Poorly.
1048,q_23_main_0_30fps_frame0014.png,q_23_main_0_30fps_frame0014,Poorly.
1048,q_23_main_0_30fps_frame0029.png,q_23_main_0_30fps_frame0029,Poorly.
1048,q_24_main_0_30fps_frame0014.png,q_24_main_0_30fps_frame0014,Poorly.
1048,q_24_main_0_30fps_frame0029.png,q_24_main_0_30fps_frame0029,Poorly.
1048,q_25_main_0_30fps_frame0014.png,q_25_main_0_30fps_frame0014,Poorly.
1048,q_25_main_0_30fps_frame0029.png,q_25_main_0_30fps_frame0029,Poorly.
1048,q_26_main_0_30fps_frame0014.png,q_26_main_0_30fps_frame0014,Poorly.
1048,q_26_main_0_30fps_frame0029.png,q_26_main_0_30fps_frame0029,Poorly.
1048,q_27_main_0_30fps_frame0013.png,q_27_main_0_30fps_frame0013,Poorly.
1048,q_27_main_0_30fps_frame0028.png,q_27_main_0_30fps_frame0028,Poorly.
1048,q_28_main_1_30fps_frame0015.png,q_28_main_1_30fps_frame0015,Poorly.
1048,q_28_main_1_30fps_frame0030.png,q_28_main_1_30fps_frame0030,Poorly.
1048,q_29_main_0_30fps_frame0015.png,q_29_main_0_30fps_frame0015,Poorly.
1048,q_29_main_0_30fps_frame0030.png,q_29_main_0_30fps_frame0030,Poorly.
1048,q_2_main_1_30fps_frame0014.png,q_2_main_1_30fps_frame0014,Poorly.
1048,q_2_main_1_30fps_frame0029.png,q_2_main_1_30fps_frame0029,Poorly.
1048,q_30_main_0_30fps_frame0014.png,q_30_main_0_30fps_frame0014,Poorly.
1048,q_30_main_0_30fps_frame0029.png,q_30_main_0_30fps_frame0029,Poorly.
1048,q_3_main_1_30fps_frame0014.png,q_3_main_1_30fps_frame0014,Poorly.
1048,q_3_main_1_30fps_frame0029.png,q_3_main_1_30fps_frame0029,Poorly.
1048,q_4_main_1_30fps_frame0014.png,q_4_main_1_30fps_frame0014,Poorly.
1048,q_4_main_1_30fps_frame0029.png,q_4_main_1_30fps_frame0029,Poorly.
1048,q_5_main_0_30fps_frame0015.png,q_5_main_0_30fps_frame0015,Poorly.
1048,q_5_main_0_30fps_frame0030.png,q_5_main_0_30fps_frame0030,Poorly.
1048,q_6_main_1_30fps_frame0015.png,q_6_main_1_30fps_frame0015,Poorly.
1048,q_6_main_1_30fps_frame0030.png,q_6_main_1_30fps_frame0030,Poorly.
1048,q_7_main_1_30fps_frame0014.png,q_7_main_1_30fps_frame0014,Poorly.
1048,q_7_main_1_30fps_frame0029.png,q_7_main_1_30fps_frame0029,Poorly.
1048,q_8_main_0_30fps_frame0015.png,q_8_main_0_30fps_frame0015,Poorly.
1048,q_8_main_0_30fps_frame0030.png,q_8_main_0_30fps_frame0030,Poorly.
1048,q_9_main_0_30fps_frame0013.png,q_9_main_0_30fps_frame0013,Poorly.
1048,q_9_main_0_30fps_frame0028.png,q_9_main_0_30fps_frame0028,Poorly.
1048,q_warmup_3_main_1_30fps_frame0013.png,q_warmup_3_main_1_30fps_frame0013,Poorly.
1048,q_warmup_3_main_1_30fps_frame0028.png,q_warmup_3_main_1_30fps_frame0028,Poorly.
1048,q_warmup_4_main_0_30fps_frame0014.png,q_warmup_4_main_0_30fps_frame0014,Poorly.
1048,q_warmup_4_main_0_30fps_frame0029.png,q_warmup_4_main_0_30fps_frame0029,Poorly.
1048,q_warmup_5_main_0_30fps_frame0015.png,q_warmup_5_main_0_30fps_frame0015,Poorly.
1048,q_warmup_5_main_0_30fps_frame0030.png,q_warmup_5_main_0_30fps_frame0030,Poorly.
1251,q_10_main_0_30fps_frame0015.png,q_10_main_0_30fps_frame0015,Poorly.
1251,q_10_main_0_30fps_frame0030.png,q_10_main_0_30fps_frame0030,Poorly.
1251,q_11_main_1_30fps_frame0014.png,q_11_main_1_30fps_frame0014,Poorly.
1251,q_11_main_1_30fps_frame0029.png,q_11_main_1_30fps_frame0029,Poorly.
1251,q_12_main_1_30fps_frame0015.png,q_12_main_1_30fps_frame0015,Poorly.
1251,q_12_main_1_30fps_frame0030.png,q_12_main_1_30fps_frame0030,Poorly.
1251,q_13_main_1_30fps_frame0015.png,q_13_main_1_30fps_frame0015,Poorly.
1251,q_13_main_1_30fps_frame0030.png,q_13_main_1_30fps_frame0030,Poorly.
1251,q_14_main_0_30fps_frame0014.png,q_14_main_0_30fps_frame0014,Poorly.
1251,q_14_main_0_30fps_frame0029.png,q_14_main_0_30fps_frame0029,Poorly.
1251,q_15_main_1_30fps_frame0014.png,q_15_main_1_30fps_frame0014,Poorly.
1251,q_15_main_1_30fps_frame0029.png,q_15_main_1_30fps_frame0029,Poorly.
1251,q_16_main_1_30fps_frame0014.png,q_16_main_1_30fps_frame0014,Poorly.
1251,q_16_main_1_30fps_frame0029.png,q_16_main_1_30fps_frame0029,Poorly.
1251,q_17_main_0_30fps_frame0014.png,q_17_main_0_30fps_frame0014,Poorly.
1251,q_17_main_0_30fps_frame0029.png,q_17_main_0_30fps_frame0029,Poorly.
1251,q_18_main_0_30fps_frame0015.png,q_18_main_0_30fps_frame0015,Poorly.
1251,q_18_main_0_30fps_frame0030.png,q_18_main_0_30fps_frame0030,Poorly.
1251,q_19_main_0_30fps_frame0014.png,q_19_main_0_30fps_frame0014,Poorly.
1251,q_19_main_0_30fps_frame0029.png,q_19_main_0_30fps_frame0029,Poorly.
1251,q_1_main_0_30fps_frame0015.png,q_1_main_0_30fps_frame0015,Poorly.
1251,q_1_main_0_30fps_frame0030.png,q_1_main_0_30fps_frame0030,Poorly.
1251,q_20_main_0_30fps_frame0015.png,q_20_main_0_30fps_frame0015,Poorly.
1251,q_20_main_0_30fps_frame0030.png,q_20_main_0_30fps_frame0030,Poorly.
1251,q_21_main_0_30fps_frame0015.png,q_21_main_0_30fps_frame0015,Poorly.
1251,q_21_main_0_30fps_frame0030.png,q_21_main_0_30fps_frame0030,Poorly.
1251,q_22_main_0_30fps_frame0015.png,q_22_main_0_30fps_frame0015,Poorly.
1251,q_22_main_0_30fps_frame0030.png,q_22_main_0_30fps_frame0030,Poorly.
1251,q_23_main_1_30fps_frame0014.png,q_23_main_1_30fps_frame0014,Poorly.
1251,q_23_main_1_30fps_frame0029.png,q_23_main_1_30fps_frame0029,Poorly.
1251,q_24_main_0_30fps_frame0015.png,q_24_main_0_30fps_frame0015,Poorly.
1251,q_24_main_0_30fps_frame0030.png,q_24_main_0_30fps_frame0030,Poorly.
1251,q_25_main_0_30fps_frame0015.png,q_25_main_0_30fps_frame0015,Poorly.
1251,q_25_main_0_30fps_frame0030.png,q_25_main_0_30fps_frame0030,Poorly.
1251,q_26_main_1_30fps_frame0014.png,q_26_main_1_30fps_frame0014,Poorly.
1251,q_26_main_1_30fps_frame0029.png,q_26_main_1_30fps_frame0029,Poorly.
1251,q_27_main_0_30fps_frame0015.png,q_27_main_0_30fps_frame0015,Poorly.
1251,q_27_main_0_30fps_frame0030.png,q_27_main_0_30fps_frame0030,Poorly.
1251,q_28_main_0_30fps_frame0015.png,q_28_main_0_30fps_frame0015,Poorly.
1251,q_28_main_0_30fps_frame0030.png,q_28_main_0_30fps_frame0030,Poorly.
1251,q_29_main_0_30fps_frame0014.png,q_29_main_0_30fps_frame0014,Poorly.
1251,q_29_main_0_30fps_frame0029.png,q_29_main_0_30fps_frame0029,Poorly.
1251,q_2_main_1_30fps_frame0015.png,q_2_main_1_30fps_frame0015,Poorly.
1251,q_2_main_1_30fps_frame0030.png,q_2_main_1_30fps_frame0030,Poorly.
1251,q_30_main_0_30fps_frame0014.png,q_30_main_0_30fps_frame0014,Poorly.
1251,q_30_main_0_30fps_frame0029.png,q_30_main_0_30fps_frame0029,Poorly.
1251,q_3_main_0_30fps_frame0014.png,q_3_main_0_30fps_frame0014,Poorly.
1251,q_3_main_0_30fps_frame0029.png,q_3_main_0_30fps_frame0029,Poorly.
1251,q_4_main_1_30fps_frame0013.png,q_4_main_1_30fps_frame0013,Poorly.
1251,q_4_main_1_30fps_frame0028.png,q_4_main_1_30fps_frame0028,Poorly.
1251,q_5_main_0_30fps_frame0014.png,q_5_main_0_30fps_frame0014,Poorly.
1251,q_5_main_0_30fps_frame0029.png,q_5_main_0_30fps_frame0029,Poorly.
1251,q_6_main_1_30fps_frame0014.png,q_6_main_1_30fps_frame0014,Poorly.
1251,q_6_main_1_30fps_frame0029.png,q_6_main_1_30fps_frame0029,Poorly.
1251,q_7_main_1_30fps_frame0015.png,q_7_main_1_30fps_frame0015,Poorly.
1251,q_7_main_1_30fps_frame0030.png,q_7_main_1_30fps_frame0030,Poorly.
1251,q_8_main_0_30fps_frame0014.png,q_8_main_0_30fps_frame0014,Poorly.
1251,q_8_main_0_30fps_frame0029.png,q_8_main_0_30fps_frame0029,Poorly.
1251,q_9_main_1_30fps_frame0014.png,q_9_main_1_30fps_frame0014,Poorly.
1251,q_9_main_1_30fps_frame0029.png,q_9_main_1_30fps_frame0029,Poorly.
1251,q_warmup_3_main_1_30fps_frame0015.png,q_warmup_3_main_1_30fps_frame0015,Poorly.
1251,q_warmup_3_main_1_30fps_frame0030.png,q_warmup_3_main_1_30fps_frame0030,Poorly.
1251,q_warmup_4_main_0_30fps_frame0015.png,q_warmup_4_main_0_30fps_frame0015,Poorly.
1251,q_warmup_4_main_0_30fps_frame0030.png,q_warmup_4_main_0_30fps_frame0030,Poorly.
1251,q_warmup_5_main_1_30fps_frame0014.png,q_warmup_5_main_1_30fps_frame0014,Poorly.
1251,q_warmup_5_main_1_30fps_frame0029.png,q_warmup_5_main_1_30fps_frame0029,Poorly.
1483,q_10_main_1_30fps_frame0013.png,q_10_main_1_30fps_frame0013,Poorly.
1483,q_10_main_1_30fps_frame0028.png,q_10_main_1_30fps_frame0028,Poorly.
1483,q_11_main_1_30fps_frame0013.png,q_11_main_1_30fps_frame0013,Poorly.
1483,q_11_main_1_30fps_frame0028.png,q_11_main_1_30fps_frame0028,Poorly.
1483,q_12_main_1_30fps_frame0014.png,q_12_main_1_30fps_frame0014,Poorly.
1483,q_12_main_1_30fps_frame0029.png,q_12_main_1_30fps_frame0029,Poorly.
1483,q_13_main_0_30fps_frame0015.png,q_13_main_0_30fps_frame0015,Poorly.
1483,q_13_main_0_30fps_frame0030.png,q_13_main_0_30fps_frame0030,Poorly.
1483,q_14_main_0_30fps_frame0015.png,q_14_main_0_30fps_frame0015,Poorly.
1483,q_14_main_0_30fps_frame0030.png,q_14_main_0_30fps_frame0030,Poorly.
1483,q_15_main_1_30fps_frame0015.png,q_15_main_1_30fps_frame0015,Poorly.
1483,q_15_main_1_30fps_frame0030.png,q_15_main_1_30fps_frame0030,Poorly.
1483,q_16_main_1_30fps_frame0014.png,q_16_main_1_30fps_frame0014,Poorly.
1483,q_16_main_1_30fps_frame0029.png,q_16_main_1_30fps_frame0029,Poorly.
1483,q_17_main_1_30fps_frame0014.png,q_17_main_1_30fps_frame0014,Poorly.
1483,q_17_main_1_30fps_frame0029.png,q_17_main_1_30fps_frame0029,Poorly.
1483,q_18_main_0_30fps_frame0014.png,q_18_main_0_30fps_frame0014,Poorly.
1483,q_18_main_0_30fps_frame0029.png,q_18_main_0_30fps_frame0029,Poorly.
1483,q_19_main_0_30fps_frame0014.png,q_19_main_0_30fps_frame0014,Poorly.
1483,q_19_main_0_30fps_frame0029.png,q_19_main_0_30fps_frame0029,Poorly.
1483,q_21_main_1_30fps_frame0014.png,q_21_main_1_30fps_frame0014,Poorly.
1483,q_21_main_1_30fps_frame0029.png,q_21_main_1_30fps_frame0029,Poorly.
1483,q_22_main_1_30fps_frame0014.png,q_22_main_1_30fps_frame0014,Poorly.
1483,q_22_main_1_30fps_frame0029.png,q_22_main_1_30fps_frame0029,Poorly.
1483,q_23_main_0_30fps_frame0014.png,q_23_main_0_30fps_frame0014,Poorly.
1483,q_23_main_0_30fps_frame0029.png,q_23_main_0_30fps_frame0029,Poorly.
1483,q_24_main_0_30fps_frame0014.png,q_24_main_0_30fps_frame0014,Poorly.
1483,q_24_main_0_30fps_frame0029.png,q_24_main_0_30fps_frame0029,Poorly.
1483,q_25_main_0_30fps_frame0015.png,q_25_main_0_30fps_frame0015,Poorly.
1483,q_25_main_0_30fps_frame0030.png,q_25_main_0_30fps_frame0030,Poorly.
1483,q_26_main_1_30fps_frame0013.png,q_26_main_1_30fps_frame0013,Poorly.
1483,q_26_main_1_30fps_frame0028.png,q_26_main_1_30fps_frame0028,Poorly.
1483,q_27_main_1_30fps_frame0015.png,q_27_main_1_30fps_frame0015,Poorly.
1483,q_27_main_1_30fps_frame0030.png,q_27_main_1_30fps_frame0030,Poorly.
1483,q_28_main_0_30fps_frame0014.png,q_28_main_0_30fps_frame0014,Poorly.
1483,q_28_main_0_30fps_frame0029.png,q_28_main_0_30fps_frame0029,Poorly.
1483,q_29_main_0_30fps_frame0014.png,q_29_main_0_30fps_frame0014,Poorly.
1483,q_29_main_0_30fps_frame0029.png,q_29_main_0_30fps_frame0029,Poorly.
1483,q_2_main_1_30fps_frame0014.png,q_2_main_1_30fps_frame0014,Poorly.
1483,q_2_main_1_30fps_frame0029.png,q_2_main_1_30fps_frame0029,Poorly.
1483,q_30_main_0_30fps_frame0014.png,q_30_main_0_30fps_frame0014,Poorly.
1483,q_30_main_0_30fps_frame0029.png,q_30_main_0_30fps_frame0029,Poorly.
1483,q_3_main_0_30fps_frame0013.png,q_3_main_0_30fps_frame0013,Poorly.
1483,q_3_main_0_30fps_frame0028.png,q_3_main_0_30fps_frame0028,Poorly.
1483,q_4_main_0_30fps_frame0015.png,q_4_main_0_30fps_frame0015,Poorly.
1483,q_4_main_0_30fps_frame0030.png,q_4_main_0_30fps_frame0030,Poorly.
1483,q_5_main_0_30fps_frame0013.png,q_5_main_0_30fps_frame0013,Poorly.
1483,q_5_main_0_30fps_frame0028.png,q_5_main_0_30fps_frame0028,Poorly.
1483,q_6_main_1_30fps_frame0015.png,q_6_main_1_30fps_frame0015,Poorly.
1483,q_6_main_1_30fps_frame0030.png,q_6_main_1_30fps_frame0030,Poorly.
1483,q_7_main_1_30fps_frame0014.png,q_7_main_1_30fps_frame0014,Poorly.
1483,q_7_main_1_30fps_frame0029.png,q_7_main_1_30fps_frame0029,Poorly.
1483,q_8_main_0_30fps_frame0015.png,q_8_main_0_30fps_frame0015,Poorly.
1483,q_8_main_0_30fps_frame0030.png,q_8_main_0_30fps_frame0030,Poorly.
1483,q_9_main_0_30fps_frame0014.png,q_9_main_0_30fps_frame0014,Poorly.
1483,q_9_main_0_30fps_frame0029.png,q_9_main_0_30fps_frame0029,Poorly.
1483,q_warmup_3_main_1_30fps_frame0014.png,q_warmup_3_main_1_30fps_frame0014,Poorly.
1483,q_warmup_3_main_1_30fps_frame0029.png,q_warmup_3_main_1_30fps_frame0029,Poorly.
1483,q_warmup_4_main_0_30fps_frame0014.png,q_warmup_4_main_0_30fps_frame0014,Poorly.
1483,q_warmup_4_main_0_30fps_frame0029.png,q_warmup_4_main_0_30fps_frame0029,Poorly.
1483,q_warmup_5_main_1_30fps_frame0013.png,q_warmup_5_main_1_30fps_frame0013,**Answer:** Poorly
1483,q_warmup_5_main_1_30fps_frame0028.png,q_warmup_5_main_1_30fps_frame0028,Well.
1676,q_10_main_0_30fps_frame0015.png,q_10_main_0_30fps_frame0015,Poorly.
1676,q_10_main_0_30fps_frame0030.png,q_10_main_0_30fps_frame0030,Poorly.
1676,q_11_main_1_30fps_frame0014.png,q_11_main_1_30fps_frame0014,Poorly.
1676,q_11_main_1_30fps_frame0029.png,q_11_main_1_30fps_frame0029,Poorly.
1676,q_12_main_1_30fps_frame0014.png,q_12_main_1_30fps_frame0014,Poorly.
1676,q_12_main_1_30fps_frame0029.png,q_12_main_1_30fps_frame0029,Poorly.
1676,q_13_main_0_30fps_frame0014.png,q_13_main_0_30fps_frame0014,Poorly.
1676,q_13_main_0_30fps_frame0029.png,q_13_main_0_30fps_frame0029,Poorly.
1676,q_14_main_0_30fps_frame0014.png,q_14_main_0_30fps_frame0014,Poorly.
1676,q_14_main_0_30fps_frame0029.png,q_14_main_0_30fps_frame0029,Poorly.
1676,q_15_main_1_30fps_frame0015.png,q_15_main_1_30fps_frame0015,Poorly.
1676,q_15_main_1_30fps_frame0030.png,q_15_main_1_30fps_frame0030,Poorly.
1676,q_16_main_1_30fps_frame0015.png,q_16_main_1_30fps_frame0015,Unknown.
1676,q_16_main_1_30fps_frame0030.png,q_16_main_1_30fps_frame0030,Unknown.
1676,q_17_main_0_30fps_frame0015.png,q_17_main_0_30fps_frame0015,Poorly.
1676,q_17_main_0_30fps_frame0030.png,q_17_main_0_30fps_frame0030,Poorly.
1676,q_18_main_0_30fps_frame0015.png,q_18_main_0_30fps_frame0015,Poorly.
1676,q_18_main_0_30fps_frame0030.png,q_18_main_0_30fps_frame0030,Poorly.
1676,q_19_main_0_30fps_frame0014.png,q_19_main_0_30fps_frame0014,Poorly.
1676,q_19_main_0_30fps_frame0029.png,q_19_main_0_30fps_frame0029,Poorly.
1676,q_1_main_0_30fps_frame0015.png,q_1_main_0_30fps_frame0015,Poorly.
1676,q_1_main_0_30fps_frame0030.png,q_1_main_0_30fps_frame0030,Poorly.
1676,q_20_main_0_30fps_frame0015.png,q_20_main_0_30fps_frame0015,Poorly.
1676,q_20_main_0_30fps_frame0030.png,q_20_main_0_30fps_frame0030,Poorly.
1676,q_21_main_0_30fps_frame0015.png,q_21_main_0_30fps_frame0015,Poorly.
1676,q_21_main_0_30fps_frame0030.png,q_21_main_0_30fps_frame0030,Poorly.
1676,q_22_main_0_30fps_frame0014.png,q_22_main_0_30fps_frame0014,Poorly.
1676,q_22_main_0_30fps_frame0029.png,q_22_main_0_30fps_frame0029,Poorly.
1676,q_23_main_0_30fps_frame0015.png,q_23_main_0_30fps_frame0015,Poorly.
1676,q_23_main_0_30fps_frame0030.png,q_23_main_0_30fps_frame0030,Poorly.
1676,q_24_main_0_30fps_frame0015.png,q_24_main_0_30fps_frame0015,Poorly.
1676,q_24_main_0_30fps_frame0030.png,q_24_main_0_30fps_frame0030,Poorly.
1676,q_25_main_0_30fps_frame0015.png,q_25_main_0_30fps_frame0015,Poorly.
1676,q_25_main_0_30fps_frame0030.png,q_25_main_0_30fps_frame0030,Poorly.
1676,q_26_main_0_30fps_frame0014.png,q_26_main_0_30fps_frame0014,Poorly.
1676,q_26_main_0_30fps_frame0029.png,q_26_main_0_30fps_frame0029,Poorly.
1676,q_27_main_1_30fps_frame0014.png,q_27_main_1_30fps_frame0014,Poorly.
1676,q_27_main_1_30fps_frame0029.png,q_27_main_1_30fps_frame0029,Poorly.
1676,q_28_main_0_30fps_frame0014.png,q_28_main_0_30fps_frame0014,Poorly.
1676,q_28_main_0_30fps_frame0029.png,q_28_main_0_30fps_frame0029,Poorly.
1676,q_29_main_0_30fps_frame0015.png,q_29_main_0_30fps_frame0015,Poorly.
1676,q_29_main_0_30fps_frame0030.png,q_29_main_0_30fps_frame0030,Poorly.
1676,q_2_main_1_30fps_frame0015.png,q_2_main_1_30fps_frame0015,Poorly.
1676,q_2_main_1_30fps_frame0030.png,q_2_main_1_30fps_frame0030,Unknown.
1676,q_30_main_0_30fps_frame0015.png,q_30_main_0_30fps_frame0015,Poorly.
1676,q_30_main_0_30fps_frame0030.png,q_30_main_0_30fps_frame0030,Poorly.
1676,q_3_main_1_30fps_frame0015.png,q_3_main_1_30fps_frame0015,Poorly.
1676,q_3_main_1_30fps_frame0030.png,q_3_main_1_30fps_frame0030,Poorly.
1676,q_4_main_0_30fps_frame0015.png,q_4_main_0_30fps_frame0015,Poorly.
1676,q_4_main_0_30fps_frame0030.png,q_4_main_0_30fps_frame0030,Poorly.
1676,q_5_main_0_30fps_frame0015.png,q_5_main_0_30fps_frame0015,Poorly.
1676,q_5_main_0_30fps_frame0030.png,q_5_main_0_30fps_frame0030,Poorly.
1676,q_6_main_0_30fps_frame0014.png,q_6_main_0_30fps_frame0014,Poorly.
1676,q_6_main_0_30fps_frame0029.png,q_6_main_0_30fps_frame0029,Poorly.
1676,q_7_main_1_30fps_frame0015.png,q_7_main_1_30fps_frame0015,Poorly.
1676,q_7_main_1_30fps_frame0030.png,q_7_main_1_30fps_frame0030,"Error analyzing image: ('Connection aborted.', RemoteDisconnected('Remote end closed connection without response'))"
1676,q_8_main_0_30fps_frame0015.png,q_8_main_0_30fps_frame0015,Poorly.
1676,q_8_main_0_30fps_frame0030.png,q_8_main_0_30fps_frame0030,Poorly.
1676,q_9_main_1_30fps_frame0015.png,q_9_main_1_30fps_frame0015,Poorly.
1676,q_9_main_1_30fps_frame0030.png,q_9_main_1_30fps_frame0030,Poorly.
1676,q_warmup_3_main_0_30fps_frame0014.png,q_warmup_3_main_0_30fps_frame0014,Poorly.
1676,q_warmup_3_main_0_30fps_frame0029.png,q_warmup_3_main_0_30fps_frame0029,Poorly.
1676,q_warmup_4_main_0_30fps_frame0014.png,q_warmup_4_main_0_30fps_frame0014,Poorly.
1676,q_warmup_4_main_0_30fps_frame0029.png,q_warmup_4_main_0_30fps_frame0029,Poorly.
1676,q_warmup_5_main_0_30fps_frame0014.png,q_warmup_5_main_0_30fps_frame0014,Poorly.
1676,q_warmup_5_main_0_30fps_frame0029.png,q_warmup_5_main_0_30fps_frame0029,Poorly.
2103,q_10_main_1_30fps_frame0015.png,q_10_main_1_30fps_frame0015,Poorly.
2103,q_10_main_1_30fps_frame0030.png,q_10_main_1_30fps_frame0030,Poorly.
2103,q_11_main_1_30fps_frame0013.png,q_11_main_1_30fps_frame0013,Poorly.
2103,q_11_main_1_30fps_frame0028.png,q_11_main_1_30fps_frame0028,Poorly.
2103,q_12_main_1_30fps_frame0015.png,q_12_main_1_30fps_frame0015,Poorly.
2103,q_12_main_1_30fps_frame0030.png,q_12_main_1_30fps_frame0030,Poorly.
2103,q_13_main_1_30fps_frame0015.png,q_13_main_1_30fps_frame0015,Poorly.
2103,q_13_main_1_30fps_frame0030.png,q_13_main_1_30fps_frame0030,Poorly.
2103,q_14_main_0_30fps_frame0014.png,q_14_main_0_30fps_frame0014,Poorly.
2103,q_14_main_0_30fps_frame0029.png,q_14_main_0_30fps_frame0029,Poorly.
2103,q_15_main_1_30fps_frame0014.png,q_15_main_1_30fps_frame0014,Poorly.
2103,q_15_main_1_30fps_frame0029.png,q_15_main_1_30fps_frame0029,Poorly.
2103,q_16_main_1_30fps_frame0015.png,q_16_main_1_30fps_frame0015,Poorly.
2103,q_16_main_1_30fps_frame0030.png,q_16_main_1_30fps_frame0030,Poorly.
2103,q_17_main_1_30fps_frame0014.png,q_17_main_1_30fps_frame0014,Poorly.
2103,q_17_main_1_30fps_frame0029.png,q_17_main_1_30fps_frame0029,Poorly.
2103,q_18_main_1_30fps_frame0015.png,q_18_main_1_30fps_frame0015,Poorly.
2103,q_18_main_1_30fps_frame0030.png,q_18_main_1_30fps_frame0030,Poorly.
2103,q_19_main_1_30fps_frame0015.png,q_19_main_1_30fps_frame0015,Poorly.
2103,q_19_main_1_30fps_frame0030.png,q_19_main_1_30fps_frame0030,Poorly.
2103,q_1_main_1_30fps_frame0014.png,q_1_main_1_30fps_frame0014,Poorly.
2103,q_1_main_1_30fps_frame0029.png,q_1_main_1_30fps_frame0029,Poorly.
2103,q_20_main_1_30fps_frame0014.png,q_20_main_1_30fps_frame0014,Poorly.
2103,q_20_main_1_30fps_frame0029.png,q_20_main_1_30fps_frame0029,Poorly.
2103,q_21_main_0_30fps_frame0015.png,q_21_main_0_30fps_frame0015,Poorly.
2103,q_21_main_0_30fps_frame0030.png,q_21_main_0_30fps_frame0030,Poorly.
2103,q_22_main_1_30fps_frame0014.png,q_22_main_1_30fps_frame0014,Poorly.
2103,q_22_main_1_30fps_frame0029.png,q_22_main_1_30fps_frame0029,Poorly.
2103,q_23_main_0_30fps_frame0015.png,q_23_main_0_30fps_frame0015,Poorly.
2103,q_23_main_0_30fps_frame0030.png,q_23_main_0_30fps_frame0030,Poorly.
2103,q_24_main_0_30fps_frame0014.png,q_24_main_0_30fps_frame0014,Poorly.
2103,q_24_main_0_30fps_frame0029.png,q_24_main_0_30fps_frame0029,Poorly.
2103,q_25_main_0_30fps_frame0015.png,q_25_main_0_30fps_frame0015,Poorly.
2103,q_25_main_0_30fps_frame0030.png,q_25_main_0_30fps_frame0030,Poorly.
2103,q_26_main_0_30fps_frame0014.png,q_26_main_0_30fps_frame0014,Poorly.
2103,q_26_main_0_30fps_frame0029.png,q_26_main_0_30fps_frame0029,Poorly.
2103,q_27_main_0_30fps_frame0014.png,q_27_main_0_30fps_frame0014,Poorly.
2103,q_27_main_0_30fps_frame0029.png,q_27_main_0_30fps_frame0029,Poorly.
2103,q_28_main_1_30fps_frame0015.png,q_28_main_1_30fps_frame0015,Poorly.
2103,q_28_main_1_30fps_frame0030.png,q_28_main_1_30fps_frame0030,Poorly.
2103,q_29_main_0_30fps_frame0014.png,q_29_main_0_30fps_frame0014,Poorly.
2103,q_29_main_0_30fps_frame0029.png,q_29_main_0_30fps_frame0029,Poorly.
2103,q_2_main_1_30fps_frame0015.png,q_2_main_1_30fps_frame0015,Poorly.
2103,q_2_main_1_30fps_frame0030.png,q_2_main_1_30fps_frame0030,Poorly.
2103,q_30_main_1_30fps_frame0014.png,q_30_main_1_30fps_frame0014,Poorly.
2103,q_30_main_1_30fps_frame0029.png,q_30_main_1_30fps_frame0029,Poorly.
2103,q_3_main_1_30fps_frame0015.png,q_3_main_1_30fps_frame0015,Poorly.
2103,q_3_main_1_30fps_frame0030.png,q_3_main_1_30fps_frame0030,Poorly.
2103,q_4_main_1_30fps_frame0014.png,q_4_main_1_30fps_frame0014,Poorly.
2103,q_4_main_1_30fps_frame0029.png,q_4_main_1_30fps_frame0029,Poorly.
2103,q_5_main_0_30fps_frame0015.png,q_5_main_0_30fps_frame0015,Poorly.
2103,q_5_main_0_30fps_frame0030.png,q_5_main_0_30fps_frame0030,Poorly.
2103,q_6_main_0_30fps_frame0015.png,q_6_main_0_30fps_frame0015,Poorly.
2103,q_6_main_0_30fps_frame0030.png,q_6_main_0_30fps_frame0030,Poorly.
2103,q_7_main_1_30fps_frame0015.png,q_7_main_1_30fps_frame0015,Poorly.
2103,q_7_main_1_30fps_frame0030.png,q_7_main_1_30fps_frame0030,Poorly.
2103,q_8_main_0_30fps_frame0015.png,q_8_main_0_30fps_frame0015,Poorly.
2103,q_8_main_0_30fps_frame0030.png,q_8_main_0_30fps_frame0030,Poorly.
2103,q_9_main_1_30fps_frame0014.png,q_9_main_1_30fps_frame0014,Poorly.
2103,q_9_main_1_30fps_frame0029.png,q_9_main_1_30fps_frame0029,Poorly.
2103,q_warmup_3_main_1_30fps_frame0014.png,q_warmup_3_main_1_30fps_frame0014,Poorly.
2103,q_warmup_3_main_1_30fps_frame0029.png,q_warmup_3_main_1_30fps_frame0029,Poorly.
2103,q_warmup_4_main_0_30fps_frame0014.png,q_warmup_4_main_0_30fps_frame0014,Poorly.
2103,q_warmup_4_main_0_30fps_frame0029.png,q_warmup_4_main_0_30fps_frame0029,Poorly.
2103,q_warmup_5_main_1_30fps_frame0015.png,q_warmup_5_main_1_30fps_frame0015,Poorly.
2103,q_warmup_5_main_1_30fps_frame0030.png,q_warmup_5_main_1_30fps_frame0030,Poorly.
2313,q_10_main_0_30fps_frame0015.png,q_10_main_0_30fps_frame0015,Poorly.
2313,q_10_main_0_30fps_frame0030.png,q_10_main_0_30fps_frame0030,Poorly.
2313,q_11_main_1_30fps_frame0014.png,q_11_main_1_30fps_frame0014,Poorly.
2313,q_11_main_1_30fps_frame0029.png,q_11_main_1_30fps_frame0029,Poorly.
2313,q_12_main_1_30fps_frame0015.png,q_12_main_1_30fps_frame0015,Poorly.
2313,q_12_main_1_30fps_frame0030.png,q_12_main_1_30fps_frame0030,Poorly.
2313,q_13_main_0_30fps_frame0015.png,q_13_main_0_30fps_frame0015,Poorly.
2313,q_13_main_0_30fps_frame0030.png,q_13_main_0_30fps_frame0030,Poorly.
2313,q_14_main_0_30fps_frame0014.png,q_14_main_0_30fps_frame0014,Poorly.
2313,q_14_main_0_30fps_frame0029.png,q_14_main_0_30fps_frame0029,Poorly.
2313,q_15_main_1_30fps_frame0015.png,q_15_main_1_30fps_frame0015,Poorly.
2313,q_15_main_1_30fps_frame0030.png,q_15_main_1_30fps_frame0030,Poorly.
2313,q_16_main_1_30fps_frame0015.png,q_16_main_1_30fps_frame0015,Poorly.
2313,q_16_main_1_30fps_frame0030.png,q_16_main_1_30fps_frame0030,Poorly.
2313,q_17_main_1_30fps_frame0014.png,q_17_main_1_30fps_frame0014,Poorly.
2313,q_17_main_1_30fps_frame0029.png,q_17_main_1_30fps_frame0029,Poorly.
2313,q_18_main_0_30fps_frame0014.png,q_18_main_0_30fps_frame0014,Poorly.
2313,q_18_main_0_30fps_frame0029.png,q_18_main_0_30fps_frame0029,Poorly.
2313,q_19_main_1_30fps_frame0014.png,q_19_main_1_30fps_frame0014,Poorly.
2313,q_19_main_1_30fps_frame0029.png,q_19_main_1_30fps_frame0029,Poorly.
2313,q_1_main_0_30fps_frame0015.png,q_1_main_0_30fps_frame0015,Poorly.
2313,q_1_main_0_30fps_frame0030.png,q_1_main_0_30fps_frame0030,Poorly.
2313,q_20_main_0_30fps_frame0014.png,q_20_main_0_30fps_frame0014,Poorly.
2313,q_20_main_0_30fps_frame0029.png,q_20_main_0_30fps_frame0029,Poorly.
2313,q_21_main_0_30fps_frame0015.png,q_21_main_0_30fps_frame0015,Poorly.
2313,q_21_main_0_30fps_frame0030.png,q_21_main_0_30fps_frame0030,Poorly.
2313,q_22_main_0_30fps_frame0015.png,q_22_main_0_30fps_frame0015,Poorly.
2313,q_22_main_0_30fps_frame0030.png,q_22_main_0_30fps_frame0030,Poorly.
2313,q_23_main_0_30fps_frame0015.png,q_23_main_0_30fps_frame0015,Poorly.
2313,q_23_main_0_30fps_frame0030.png,q_23_main_0_30fps_frame0030,Poorly.
2313,q_24_main_1_30fps_frame0015.png,q_24_main_1_30fps_frame0015,Poorly.
2313,q_24_main_1_30fps_frame0030.png,q_24_main_1_30fps_frame0030,Poorly.
2313,q_25_main_0_30fps_frame0015.png,q_25_main_0_30fps_frame0015,Poorly.
2313,q_25_main_0_30fps_frame0030.png,q_25_main_0_30fps_frame0030,Poorly.
2313,q_26_main_0_30fps_frame0015.png,q_26_main_0_30fps_frame0015,Poorly.
2313,q_26_main_0_30fps_frame0030.png,q_26_main_0_30fps_frame0030,Poorly.
2313,q_27_main_0_30fps_frame0014.png,q_27_main_0_30fps_frame0014,Poorly.
2313,q_27_main_0_30fps_frame0029.png,q_27_main_0_30fps_frame0029,Poorly.
2313,q_28_main_0_30fps_frame0015.png,q_28_main_0_30fps_frame0015,Poorly.
2313,q_28_main_0_30fps_frame0030.png,q_28_main_0_30fps_frame0030,Poorly.
2313,q_29_main_1_30fps_frame0014.png,q_29_main_1_30fps_frame0014,Poorly.
2313,q_29_main_1_30fps_frame0029.png,q_29_main_1_30fps_frame0029,Poorly.
2313,q_2_main_1_30fps_frame0015.png,q_2_main_1_30fps_frame0015,Poorly.
2313,q_2_main_1_30fps_frame0030.png,q_2_main_1_30fps_frame0030,Poorly.
2313,q_30_main_0_30fps_frame0015.png,q_30_main_0_30fps_frame0015,Poorly.
2313,q_30_main_0_30fps_frame0030.png,q_30_main_0_30fps_frame0030,Poorly.
2313,q_3_main_1_30fps_frame0015.png,q_3_main_1_30fps_frame0015,Poorly.
2313,q_3_main_1_30fps_frame0030.png,q_3_main_1_30fps_frame0030,Poorly.
2313,q_4_main_1_30fps_frame0015.png,q_4_main_1_30fps_frame0015,Poorly.
2313,q_4_main_1_30fps_frame0030.png,q_4_main_1_30fps_frame0030,Poorly.
2313,q_5_main_0_30fps_frame0015.png,q_5_main_0_30fps_frame0015,Poorly.
2313,q_5_main_0_30fps_frame0030.png,q_5_main_0_30fps_frame0030,Poorly.
2313,q_6_main_1_30fps_frame0015.png,q_6_main_1_30fps_frame0015,Poorly.
2313,q_6_main_1_30fps_frame0030.png,q_6_main_1_30fps_frame0030,Poorly.
2313,q_7_main_1_30fps_frame0015.png,q_7_main_1_30fps_frame0015,Poorly.
2313,q_7_main_1_30fps_frame0030.png,q_7_main_1_30fps_frame0030,Poorly.
2313,q_8_main_0_30fps_frame0015.png,q_8_main_0_30fps_frame0015,Poorly.
2313,q_8_main_0_30fps_frame0030.png,q_8_main_0_30fps_frame0030,Poorly.
2313,q_9_main_0_30fps_frame0015.png,q_9_main_0_30fps_frame0015,Poorly.
2313,q_9_main_0_30fps_frame0030.png,q_9_main_0_30fps_frame0030,Poorly.
2313,q_warmup_3_main_1_30fps_frame0015.png,q_warmup_3_main_1_30fps_frame0015,Poorly.
2313,q_warmup_3_main_1_30fps_frame0030.png,q_warmup_3_main_1_30fps_frame0030,Poorly.
2313,q_warmup_4_main_0_30fps_frame0014.png,q_warmup_4_main_0_30fps_frame0014,Poorly.
2313,q_warmup_4_main_0_30fps_frame0029.png,q_warmup_4_main_0_30fps_frame0029,Poorly.
2313,q_warmup_5_main_1_30fps_frame0015.png,q_warmup_5_main_1_30fps_frame0015,Poorly.
2313,q_warmup_5_main_1_30fps_frame0030.png,q_warmup_5_main_1_30fps_frame0030,Poorly.
2698,q_10_main_0_30fps_frame0015.png,q_10_main_0_30fps_frame0015,Poorly.
2698,q_10_main_0_30fps_frame0030.png,q_10_main_0_30fps_frame0030,Poorly.
2698,q_11_main_1_30fps_frame0012.png,q_11_main_1_30fps_frame0012,Poorly.
2698,q_11_main_1_30fps_frame0027.png,q_11_main_1_30fps_frame0027,Poorly.
2698,q_12_main_1_30fps_frame0015.png,q_12_main_1_30fps_frame0015,Poorly.
2698,q_12_main_1_30fps_frame0030.png,q_12_main_1_30fps_frame0030,Poorly.
2698,q_13_main_1_30fps_frame0014.png,q_13_main_1_30fps_frame0014,Poorly.
2698,q_13_main_1_30fps_frame0029.png,q_13_main_1_30fps_frame0029,Poorly.
2698,q_14_main_0_30fps_frame0014.png,q_14_main_0_30fps_frame0014,Poorly.
2698,q_14_main_0_30fps_frame0029.png,q_14_main_0_30fps_frame0029,Poorly.
2698,q_15_main_1_30fps_frame0014.png,q_15_main_1_30fps_frame0014,Poorly.
2698,q_15_main_1_30fps_frame0029.png,q_15_main_1_30fps_frame0029,Poorly.
2698,q_16_main_1_30fps_frame0015.png,q_16_main_1_30fps_frame0015,Unknown.
2698,q_16_main_1_30fps_frame0030.png,q_16_main_1_30fps_frame0030,Unknown.
2698,q_17_main_1_30fps_frame0015.png,q_17_main_1_30fps_frame0015,Poorly.
2698,q_17_main_1_30fps_frame0030.png,q_17_main_1_30fps_frame0030,Poorly.
2698,q_18_main_0_30fps_frame0014.png,q_18_main_0_30fps_frame0014,Poorly.
2698,q_18_main_0_30fps_frame0029.png,q_18_main_0_30fps_frame0029,Poorly.
2698,q_19_main_1_30fps_frame0015.png,q_19_main_1_30fps_frame0015,Unknown.
2698,q_19_main_1_30fps_frame0030.png,q_19_main_1_30fps_frame0030,Poorly.
2698,q_1_main_0_30fps_frame0014.png,q_1_main_0_30fps_frame0014,Poorly.
2698,q_1_main_0_30fps_frame0029.png,q_1_main_0_30fps_frame0029,Poorly.
2698,q_20_main_0_30fps_frame0014.png,q_20_main_0_30fps_frame0014,Poorly.
2698,q_20_main_0_30fps_frame0029.png,q_20_main_0_30fps_frame0029,Poorly.
2698,q_21_main_1_30fps_frame0014.png,q_21_main_1_30fps_frame0014,**Answer:** Poorly
2698,q_21_main_1_30fps_frame0029.png,q_21_main_1_30fps_frame0029,**Answer:** Poorly
2698,q_22_main_1_30fps_frame0015.png,q_22_main_1_30fps_frame0015,Poorly.
2698,q_22_main_1_30fps_frame0030.png,q_22_main_1_30fps_frame0030,Poorly.
2698,q_23_main_0_30fps_frame0015.png,q_23_main_0_30fps_frame0015,Poorly.
2698,q_23_main_0_30fps_frame0030.png,q_23_main_0_30fps_frame0030,Poorly.
2698,q_24_main_0_30fps_frame0015.png,q_24_main_0_30fps_frame0015,Poorly.
2698,q_24_main_0_30fps_frame0030.png,q_24_main_0_30fps_frame0030,Poorly.
2698,q_25_main_0_30fps_frame0014.png,q_25_main_0_30fps_frame0014,Poorly.
2698,q_25_main_0_30fps_frame0029.png,q_25_main_0_30fps_frame0029,Poorly.
2698,q_26_main_0_30fps_frame0015.png,q_26_main_0_30fps_frame0015,Poorly.
2698,q_26_main_0_30fps_frame0030.png,q_26_main_0_30fps_frame0030,Poorly.
2698,q_27_main_0_30fps_frame0014.png,q_27_main_0_30fps_frame0014,Poorly.
2698,q_27_main_0_30fps_frame0029.png,q_27_main_0_30fps_frame0029,Poorly.
2698,q_28_main_0_30fps_frame0014.png,q_28_main_0_30fps_frame0014,Poorly.
2698,q_28_main_0_30fps_frame0029.png,q_28_main_0_30fps_frame0029,Poorly.
2698,q_29_main_0_30fps_frame0013.png,q_29_main_0_30fps_frame0013,Poorly.
2698,q_29_main_0_30fps_frame0028.png,q_29_main_0_30fps_frame0028,Poorly.
2698,q_2_main_1_30fps_frame0015.png,q_2_main_1_30fps_frame0015,Poorly.
2698,q_2_main_1_30fps_frame0030.png,q_2_main_1_30fps_frame0030,"Error analyzing image: HTTPConnectionPool(host='localhost', port=11434): Read timed out. (read timeout=600)"
2698,q_30_main_0_30fps_frame0015.png,q_30_main_0_30fps_frame0015,Poorly.
2698,q_30_main_0_30fps_frame0030.png,q_30_main_0_30fps_frame0030,Poorly.
2698,q_3_main_1_30fps_frame0014.png,q_3_main_1_30fps_frame0014,Poorly.
2698,q_3_main_1_30fps_frame0029.png,q_3_main_1_30fps_frame0029,Poorly.
2698,q_4_main_0_30fps_frame0014.png,q_4_main_0_30fps_frame0014,Poorly.
2698,q_4_main_0_30fps_frame0029.png,q_4_main_0_30fps_frame0029,Poorly.
2698,q_5_main_0_30fps_frame0014.png,q_5_main_0_30fps_frame0014,Poorly.
2698,q_5_main_0_30fps_frame0029.png,q_5_main_0_30fps_frame0029,Poorly.
2698,q_6_main_1_30fps_frame0015.png,q_6_main_1_30fps_frame0015,Poorly.
2698,q_6_main_1_30fps_frame0030.png,q_6_main_1_30fps_frame0030,Poorly.
2698,q_7_main_1_30fps_frame0014.png,q_7_main_1_30fps_frame0014,Poorly.
2698,q_7_main_1_30fps_frame0029.png,q_7_main_1_30fps_frame0029,Poorly.
2698,q_8_main_0_30fps_frame0014.png,q_8_main_0_30fps_frame0014,Poorly.
2698,q_8_main_0_30fps_frame0029.png,q_8_main_0_30fps_frame0029,Poorly.
2698,q_9_main_1_30fps_frame0014.png,q_9_main_1_30fps_frame0014,Poorly.
2698,q_9_main_1_30fps_frame0029.png,q_9_main_1_30fps_frame0029,Poorly.
2698,q_warmup_3_main_1_30fps_frame0014.png,q_warmup_3_main_1_30fps_frame0014,Poorly.
2698,q_warmup_3_main_1_30fps_frame0029.png,q_warmup_3_main_1_30fps_frame0029,Poorly.
2698,q_warmup_4_main_0_30fps_frame0014.png,q_warmup_4_main_0_30fps_frame0014,Poorly.
2698,q_warmup_4_main_0_30fps_frame0029.png,q_warmup_4_main_0_30fps_frame0029,Poorly.
2698,q_warmup_5_main_1_30fps_frame0015.png,q_warmup_5_main_1_30fps_frame0015,Poorly.
2698,q_warmup_5_main_1_30fps_frame0030.png,q_warmup_5_main_1_30fps_frame0030,Poorly.
2946,q_10_main_0_30fps_frame0014.png,q_10_main_0_30fps_frame0014,Poorly.
2946,q_10_main_0_30fps_frame0029.png,q_10_main_0_30fps_frame0029,Poorly.
2946,q_11_main_1_30fps_frame0014.png,q_11_main_1_30fps_frame0014,Poorly.
2946,q_11_main_1_30fps_frame0029.png,q_11_main_1_30fps_frame0029,Poorly.
2946,q_12_main_1_30fps_frame0014.png,q_12_main_1_30fps_frame0014,Poorly.
2946,q_12_main_1_30fps_frame0029.png,q_12_main_1_30fps_frame0029,Poorly.
2946,q_13_main_0_30fps_frame0014.png,q_13_main_0_30fps_frame0014,Poorly.
2946,q_13_main_0_30fps_frame0029.png,q_13_main_0_30fps_frame0029,Poorly.
2946,q_14_main_0_30fps_frame0014.png,q_14_main_0_30fps_frame0014,Poorly.
2946,q_14_main_0_30fps_frame0029.png,q_14_main_0_30fps_frame0029,Poorly.
2946,q_15_main_1_30fps_frame0014.png,q_15_main_1_30fps_frame0014,Poorly.
2946,q_15_main_1_30fps_frame0029.png,q_15_main_1_30fps_frame0029,Poorly.
2946,q_16_main_1_30fps_frame0014.png,q_16_main_1_30fps_frame0014,Poorly.
2946,q_16_main_1_30fps_frame0029.png,q_16_main_1_30fps_frame0029,Poorly.
2946,q_17_main_1_30fps_frame0013.png,q_17_main_1_30fps_frame0013,Poorly.
2946,q_17_main_1_30fps_frame0028.png,q_17_main_1_30fps_frame0028,Poorly.
2946,q_18_main_1_30fps_frame0014.png,q_18_main_1_30fps_frame0014,Poorly.
2946,q_18_main_1_30fps_frame0029.png,q_18_main_1_30fps_frame0029,Poorly.
2946,q_19_main_1_30fps_frame0014.png,q_19_main_1_30fps_frame0014,Poorly.
2946,q_19_main_1_30fps_frame0029.png,q_19_main_1_30fps_frame0029,Poorly.
2946,q_1_main_0_30fps_frame0013.png,q_1_main_0_30fps_frame0013,Poorly.
2946,q_1_main_0_30fps_frame0028.png,q_1_main_0_30fps_frame0028,Poorly.
2946,q_20_main_0_30fps_frame0013.png,q_20_main_0_30fps_frame0013,Poorly.
2946,q_20_main_0_30fps_frame0028.png,q_20_main_0_30fps_frame0028,Poorly.
2946,q_21_main_1_30fps_frame0014.png,q_21_main_1_30fps_frame0014,Poorly.
2946,q_21_main_1_30fps_frame0029.png,q_21_main_1_30fps_frame0029,Poorly.
2946,q_22_main_0_30fps_frame0013.png,q_22_main_0_30fps_frame0013,Poorly.
2946,q_22_main_0_30fps_frame0028.png,q_22_main_0_30fps_frame0028,"Error analyzing image: ('Connection aborted.', RemoteDisconnected('Remote end closed connection without response'))"
2946,q_23_main_0_30fps_frame0015.png,q_23_main_0_30fps_frame0015,Poorly.
2946,q_23_main_0_30fps_frame0030.png,q_23_main_0_30fps_frame0030,Poorly.
2946,q_24_main_0_30fps_frame0015.png,q_24_main_0_30fps_frame0015,Poorly.
2946,q_24_main_0_30fps_frame0030.png,q_24_main_0_30fps_frame0030,Poorly.
2946,q_25_main_1_30fps_frame0015.png,q_25_main_1_30fps_frame0015,Poorly.
2946,q_25_main_1_30fps_frame0030.png,q_25_main_1_30fps_frame0030,Poorly.
2946,q_26_main_0_30fps_frame0013.png,q_26_main_0_30fps_frame0013,Poorly.
2946,q_26_main_0_30fps_frame0028.png,q_26_main_0_30fps_frame0028,Poorly.
2946,q_27_main_1_30fps_frame0014.png,q_27_main_1_30fps_frame0014,Poorly.
2946,q_27_main_1_30fps_frame0029.png,q_27_main_1_30fps_frame0029,Poorly.
2946,q_28_main_1_30fps_frame0014.png,q_28_main_1_30fps_frame0014,Poorly.
2946,q_28_main_1_30fps_frame0029.png,q_28_main_1_30fps_frame0029,Poorly.
2946,q_29_main_0_30fps_frame0014.png,q_29_main_0_30fps_frame0014,Poorly.
2946,q_29_main_0_30fps_frame0029.png,q_29_main_0_30fps_frame0029,Poorly.
2946,q_2_main_1_30fps_frame0015.png,q_2_main_1_30fps_frame0015,Poorly.
2946,q_2_main_1_30fps_frame0030.png,q_2_main_1_30fps_frame0030,Poorly.
2946,q_30_main_0_30fps_frame0014.png,q_30_main_0_30fps_frame0014,Poorly.
2946,q_30_main_0_30fps_frame0029.png,q_30_main_0_30fps_frame0029,Poorly.
2946,q_3_main_1_30fps_frame0015.png,q_3_main_1_30fps_frame0015,Poorly.
2946,q_3_main_1_30fps_frame0030.png,q_3_main_1_30fps_frame0030,Poorly.
2946,q_4_main_0_30fps_frame0014.png,q_4_main_0_30fps_frame0014,Poorly.
2946,q_4_main_0_30fps_frame0029.png,q_4_main_0_30fps_frame0029,Poorly.
2946,q_5_main_0_30fps_frame0014.png,q_5_main_0_30fps_frame0014,Poorly.
2946,q_5_main_0_30fps_frame0029.png,q_5_main_0_30fps_frame0029,Poorly.
2946,q_6_main_1_30fps_frame0015.png,q_6_main_1_30fps_frame0015,Poorly.
2946,q_6_main_1_30fps_frame0030.png,q_6_main_1_30fps_frame0030,Poorly.
2946,q_7_main_1_30fps_frame0014.png,q_7_main_1_30fps_frame0014,Poorly.
2946,q_7_main_1_30fps_frame0029.png,q_7_main_1_30fps_frame0029,Poorly.
2946,q_8_main_1_30fps_frame0015.png,q_8_main_1_30fps_frame0015,Poorly.
2946,q_8_main_1_30fps_frame0030.png,q_8_main_1_30fps_frame0030,Poorly.
2946,q_9_main_0_30fps_frame0014.png,q_9_main_0_30fps_frame0014,Poorly.
2946,q_9_main_0_30fps_frame0029.png,q_9_main_0_30fps_frame0029,Poorly.
2946,q_warmup_3_main_1_30fps_frame0014.png,q_warmup_3_main_1_30fps_frame0014,Poorly.
2946,q_warmup_3_main_1_30fps_frame0029.png,q_warmup_3_main_1_30fps_frame0029,Poorly.
2946,q_warmup_4_main_0_30fps_frame0014.png,q_warmup_4_main_0_30fps_frame0014,Poorly.
2946,q_warmup_4_main_0_30fps_frame0029.png,q_warmup_4_main_0_30fps_frame0029,Poorly.
2946,q_warmup_5_main_0_30fps_frame0015.png,q_warmup_5_main_0_30fps_frame0015,Poorly.
2946,q_warmup_5_main_0_30fps_frame0030.png,q_warmup_5_main_0_30fps_frame0030,Poorly.
3157,q_10_main_0_30fps_frame0014.png,q_10_main_0_30fps_frame0014,Poorly.
3157,q_10_main_0_30fps_frame0029.png,q_10_main_0_30fps_frame0029,Poorly.
3157,q_11_main_1_30fps_frame0014.png,q_11_main_1_30fps_frame0014,Poorly.
3157,q_11_main_1_30fps_frame0029.png,q_11_main_1_30fps_frame0029,Poorly.
3157,q_12_main_1_30fps_frame0014.png,q_12_main_1_30fps_frame0014,Poorly.
3157,q_12_main_1_30fps_frame0029.png,q_12_main_1_30fps_frame0029,Poorly.
3157,q_13_main_1_30fps_frame0014.png,q_13_main_1_30fps_frame0014,Poorly.
3157,q_13_main_1_30fps_frame0029.png,q_13_main_1_30fps_frame0029,Poorly.
3157,q_14_main_0_30fps_frame0014.png,q_14_main_0_30fps_frame0014,Poorly.
3157,q_14_main_0_30fps_frame0029.png,q_14_main_0_30fps_frame0029,Poorly.
3157,q_15_main_1_30fps_frame0014.png,q_15_main_1_30fps_frame0014,Poorly.
3157,q_15_main_1_30fps_frame0029.png,q_15_main_1_30fps_frame0029,Poorly.
3157,q_16_main_1_30fps_frame0015.png,q_16_main_1_30fps_frame0015,Poorly.
3157,q_16_main_1_30fps_frame0030.png,q_16_main_1_30fps_frame0030,Poorly.
3157,q_17_main_1_30fps_frame0014.png,q_17_main_1_30fps_frame0014,Poorly.
3157,q_17_main_1_30fps_frame0029.png,q_17_main_1_30fps_frame0029,Poorly.
3157,q_18_main_0_30fps_frame0014.png,q_18_main_0_30fps_frame0014,Poorly.
3157,q_18_main_0_30fps_frame0029.png,q_18_main_0_30fps_frame0029,Poorly.
3157,q_19_main_1_30fps_frame0014.png,q_19_main_1_30fps_frame0014,**Answer:** Poorly
3157,q_19_main_1_30fps_frame0029.png,q_19_main_1_30fps_frame0029,Poorly.
3157,q_1_main_0_30fps_frame0013.png,q_1_main_0_30fps_frame0013,Poorly.
3157,q_1_main_0_30fps_frame0028.png,q_1_main_0_30fps_frame0028,**Answer:** Poorly.
3157,q_20_main_0_30fps_frame0014.png,q_20_main_0_30fps_frame0014,**Answer:** Poorly
3157,q_20_main_0_30fps_frame0029.png,q_20_main_0_30fps_frame0029,Poorly.
3157,q_21_main_0_30fps_frame0014.png,q_21_main_0_30fps_frame0014,"**Answer:** Poorly

**Reasoning:**

* The subject's facial expression suggests a negative or unpleasant experience.
* The subject's eyes are cast downward, indicating a lack of engagement or interest.
* The subject's mouth is pursed, suggesting a sense of disapproval or dissatisfaction.
* The overall tone of the image suggests a negative or unfulfilling experience."
3157,q_21_main_0_30fps_frame0029.png,q_21_main_0_30fps_frame0029,**Answer:** Poorly.
3157,q_22_main_1_30fps_frame0013.png,q_22_main_1_30fps_frame0013,"**Answer:** Poorly

**Reasoning:**

* The subject's eyes are closed, indicating a lack of focus or attention.
* The subject's face appears to be relaxed, suggesting a lack of tension or stress.
* The subject's body language is not particularly active or engaged, suggesting a lack of interest or participation.
* The subject's environment appears to be dimly lit, suggesting a lack of energy or activity.
* The subject's overall appearance suggests a lack of engagement or interest, which could indicate that the situation observed by the subject ends poorly."
3157,q_22_main_1_30fps_frame0028.png,q_22_main_1_30fps_frame0028,**Answer:** Poorly.
3157,q_23_main_0_30fps_frame0014.png,q_23_main_0_30fps_frame0014,"**Answer:** Poorly

**Reasoning:**

* The subject's facial expression suggests concern or worry.
* The subject's eyes are cast downward, indicating a lack of confidence or self-assurance.
* The subject's posture is slumped, suggesting a lack of energy or motivation.
* The subject's overall appearance suggests a negative or pessimistic outlook."
3157,q_23_main_0_30fps_frame0029.png,q_23_main_0_30fps_frame0029,**Answer:** Poorly.
3157,q_24_main_0_30fps_frame0014.png,q_24_main_0_30fps_frame0014,"**Answer:** Poorly

**Reasoning:**

* The subject's facial expression suggests a negative or disapproving reaction.
* The subject's eyes are cast down, indicating a lack of engagement or interest.
* The subject's mouth is pursed, suggesting a sense of disapproval or distaste.
* The overall tone of the image suggests that the situation observed by the subject has not gone well."
3157,q_24_main_0_30fps_frame0029.png,q_24_main_0_30fps_frame0029,"**Answer:** Poorly

**Reasoning:**

* The subject's eyes are closed, indicating a lack of focus or attention.
* The subject's expression appears to be one of concern or worry.
* The subject's body language suggests a sense of tension or anxiety.
* The subject's environment appears to be dimly lit, which may contribute to a sense of unease or discomfort.
* The subject's overall appearance suggests that they may be experiencing some kind of stress or anxiety."
3157,q_25_main_0_30fps_frame0014.png,q_25_main_0_30fps_frame0014,**Answer:** Poorly.
3157,q_25_main_0_30fps_frame0029.png,q_25_main_0_30fps_frame0029,**Answer:** Poorly.
3157,q_26_main_1_30fps_frame0014.png,q_26_main_1_30fps_frame0014,**Answer:** Poorly.
3157,q_26_main_1_30fps_frame0029.png,q_26_main_1_30fps_frame0029,Poorly.
3157,q_27_main_1_30fps_frame0013.png,q_27_main_1_30fps_frame0013,"**Answer:** Poorly

**Reasoning:**

* The subject's facial expression suggests concern or worry.
* The subject's eyes are cast down, indicating a lack of confidence or self-assurance.
* The subject's posture is slumped, suggesting a lack of energy or motivation.
* The subject's overall appearance suggests a sense of defeat or failure."
3157,q_27_main_1_30fps_frame0028.png,q_27_main_1_30fps_frame0028,**Answer:** Poorly.
3157,q_28_main_1_30fps_frame0014.png,q_28_main_1_30fps_frame0014,**Answer:** Poorly.
3157,q_28_main_1_30fps_frame0029.png,q_28_main_1_30fps_frame0029,**Answer:** Poorly.
3157,q_29_main_0_30fps_frame0014.png,q_29_main_0_30fps_frame0014,**Answer:** Poorly.
3157,q_29_main_0_30fps_frame0029.png,q_29_main_0_30fps_frame0029,**Answer:** Poorly.
3157,q_2_main_1_30fps_frame0014.png,q_2_main_1_30fps_frame0014,**Answer:** Poorly.
3157,q_2_main_1_30fps_frame0029.png,q_2_main_1_30fps_frame0029,**Answer:** Poorly.
3157,q_30_main_1_30fps_frame0014.png,q_30_main_1_30fps_frame0014,"**Answer:** Poorly

**Reasoning:**

* The subject's facial expression suggests a negative or unhappy emotion.
* The subject's eyes are cast down, which can indicate a lack of interest or engagement.
* The subject's body language appears to be slumped or relaxed, which can suggest a lack of energy or enthusiasm.
* The overall atmosphere of the image appears to be somber or somnolent, which can suggest that the situation observed by the subject is not going well."
3157,q_30_main_1_30fps_frame0029.png,q_30_main_1_30fps_frame0029,**Answer:** Poorly.
3157,q_3_main_1_30fps_frame0015.png,q_3_main_1_30fps_frame0015,"**Answer:** Poorly

**Reasoning:**

* The subject's expression is neutral, but their eyes are cast downward, suggesting they are not happy with what they are seeing.
* The subject's body language is also slumped, indicating they are feeling defeated or demoralized.
* The overall atmosphere of the image suggests that the situation observed by the subject is not going well."
3157,q_3_main_1_30fps_frame0030.png,q_3_main_1_30fps_frame0030,**Answer:** Poorly.
3157,q_4_main_1_30fps_frame0014.png,q_4_main_1_30fps_frame0014,"**Answer:** Poorly

**Reasoning:**

* The subject's facial expression suggests a negative or critical reaction.
* The subject's eyes are cast down, and their brow is furrowed, indicating a sense of disapproval or disappointment.
* The subject's mouth is pursed, suggesting a sense of distaste or disapproval.
* The overall tone of the image suggests that the situation observed by the subject has not gone well."
3157,q_4_main_1_30fps_frame0029.png,q_4_main_1_30fps_frame0029,**Answer:** Poorly.
3157,q_5_main_0_30fps_frame0015.png,q_5_main_0_30fps_frame0015,**Answer:** Poorly.
3157,q_5_main_0_30fps_frame0030.png,q_5_main_0_30fps_frame0030,**Answer:** Poorly.
3157,q_6_main_1_30fps_frame0014.png,q_6_main_1_30fps_frame0014,**Answer:** Poorly.
3157,q_6_main_1_30fps_frame0029.png,q_6_main_1_30fps_frame0029,**Answer:** Poorly.
3157,q_7_main_1_30fps_frame0015.png,q_7_main_1_30fps_frame0015,**Answer:** Poorly.
3157,q_7_main_1_30fps_frame0030.png,q_7_main_1_30fps_frame0030,**Answer:** Poorly.
3157,q_8_main_0_30fps_frame0014.png,q_8_main_0_30fps_frame0014,**Answer:** Poorly.
3157,q_8_main_0_30fps_frame0029.png,q_8_main_0_30fps_frame0029,**Answer:** Poorly
3157,q_9_main_1_30fps_frame0014.png,q_9_main_1_30fps_frame0014,**Answer:** Poorly
3157,q_9_main_1_30fps_frame0029.png,q_9_main_1_30fps_frame0029,**Answer:** Poorly
3157,q_warmup_3_main_1_30fps_frame0013.png,q_warmup_3_main_1_30fps_frame0013,"**Answer:** Poorly

**Reasoning:**

* The subject's expression suggests they are experiencing a negative emotion, such as anger or frustration.
* The subject's eyes are cast down, which can indicate a lack of confidence or self-acceptance.
* The subject's body language is closed, which can suggest they are feeling isolated or disconnected.
* The subject's facial expression is neutral, which can indicate they are feeling neither particularly happy nor particularly unhappy.

Overall, based on the subject's expression and body language, it appears that the situation observed by the subject ends poorly."
3157,q_warmup_3_main_1_30fps_frame0028.png,q_warmup_3_main_1_30fps_frame0028,**Answer:** Poorly.
3157,q_warmup_4_main_0_30fps_frame0014.png,q_warmup_4_main_0_30fps_frame0014,**Answer:** Poorly.
3157,q_warmup_4_main_0_30fps_frame0029.png,q_warmup_4_main_0_30fps_frame0029,**Answer:** Poorly.
3157,q_warmup_5_main_1_30fps_frame0015.png,q_warmup_5_main_1_30fps_frame0015,"**Answer:** Poorly

**Reasoning:**

*   The subject's facial expression suggests a negative emotional state.
*   The subject's eyes are cast down, indicating a lack of engagement or interest.
*   The subject's body language is slumped, suggesting a lack of energy or motivation.
*   The subject's overall appearance suggests a sense of disconnection or disinterest.

**Conclusion:**

*   Based on the subject's facial expression, body language, and overall appearance, it is likely that the situation observed by the subject ends poorly."
3157,q_warmup_5_main_1_30fps_frame0030.png,q_warmup_5_main_1_30fps_frame0030,**Answer:** Poorly.
3203,q_10_main_0_30fps_frame0014.png,q_10_main_0_30fps_frame0014,**Answer:** Poorly
3203,q_10_main_0_30fps_frame0029.png,q_10_main_0_30fps_frame0029,**Answer:** Poorly
3203,q_11_main_1_30fps_frame0013.png,q_11_main_1_30fps_frame0013,**Answer:** Poorly
3203,q_11_main_1_30fps_frame0028.png,q_11_main_1_30fps_frame0028,"**Answer:** Poorly

**Reasoning:**

*   The subject's expression suggests concern or worry.
*   The subject's eyes are cast down, indicating a lack of confidence or hope.
*   The subject's body language is slumped, suggesting a lack of energy or motivation.
*   The subject's face is pale, indicating a lack of energy or health.

These visual cues suggest that the situation observed by the subject ends poorly."
3203,q_12_main_1_30fps_frame0014.png,q_12_main_1_30fps_frame0014,**Answer:** Poorly.
3203,q_12_main_1_30fps_frame0029.png,q_12_main_1_30fps_frame0029,Poorly.
3203,q_13_main_1_30fps_frame0015.png,q_13_main_1_30fps_frame0015,**Answer:** Poorly
3203,q_13_main_1_30fps_frame0030.png,q_13_main_1_30fps_frame0030,**Answer:** Poorly.
3203,q_14_main_0_30fps_frame0015.png,q_14_main_0_30fps_frame0015,**Answer:** Poorly
3203,q_14_main_0_30fps_frame0030.png,q_14_main_0_30fps_frame0030,**Answer:** Poorly
3203,q_15_main_1_30fps_frame0014.png,q_15_main_1_30fps_frame0014,Poorly.
3203,q_15_main_1_30fps_frame0029.png,q_15_main_1_30fps_frame0029,**Answer:** Poorly
3203,q_16_main_0_30fps_frame0014.png,q_16_main_0_30fps_frame0014,**Answer:** Poorly
3203,q_16_main_0_30fps_frame0029.png,q_16_main_0_30fps_frame0029,Poorly.
3203,q_17_main_1_30fps_frame0015.png,q_17_main_1_30fps_frame0015,**Answer:** Poorly
3203,q_17_main_1_30fps_frame0030.png,q_17_main_1_30fps_frame0030,Poorly.
3203,q_18_main_0_30fps_frame0014.png,q_18_main_0_30fps_frame0014,**Answer:** Poorly
3203,q_18_main_0_30fps_frame0029.png,q_18_main_0_30fps_frame0029,**Answer:** Poorly
3203,q_19_main_0_30fps_frame0015.png,q_19_main_0_30fps_frame0015,**Answer:** Poorly
3203,q_19_main_0_30fps_frame0030.png,q_19_main_0_30fps_frame0030,**Answer:** Poorly
3203,q_1_main_1_30fps_frame0015.png,q_1_main_1_30fps_frame0015,**Answer:** Poorly
3203,q_1_main_1_30fps_frame0030.png,q_1_main_1_30fps_frame0030,**Answer:** Poorly
3203,q_20_main_0_30fps_frame0015.png,q_20_main_0_30fps_frame0015,**Answer:** Poorly
3203,q_20_main_0_30fps_frame0030.png,q_20_main_0_30fps_frame0030,**Answer:** Poorly
3203,q_21_main_1_30fps_frame0014.png,q_21_main_1_30fps_frame0014,**Answer:** Poorly
3203,q_21_main_1_30fps_frame0029.png,q_21_main_1_30fps_frame0029,Poorly.
3203,q_22_main_0_30fps_frame0015.png,q_22_main_0_30fps_frame0015,**Answer:** Poorly
3203,q_22_main_0_30fps_frame0030.png,q_22_main_0_30fps_frame0030,**Answer:** Poorly
3203,q_23_main_0_30fps_frame0014.png,q_23_main_0_30fps_frame0014,**Answer:** Poorly
3203,q_23_main_0_30fps_frame0029.png,q_23_main_0_30fps_frame0029,Poorly.
3203,q_24_main_0_30fps_frame0014.png,q_24_main_0_30fps_frame0014,**Answer:** Poorly
3203,q_24_main_0_30fps_frame0029.png,q_24_main_0_30fps_frame0029,**Answer:** Poorly
3203,q_25_main_0_30fps_frame0014.png,q_25_main_0_30fps_frame0014,Poorly.
3203,q_25_main_0_30fps_frame0029.png,q_25_main_0_30fps_frame0029,**Answer:** Poorly
3203,q_26_main_0_30fps_frame0015.png,q_26_main_0_30fps_frame0015,**Answer:** Poorly
3203,q_26_main_0_30fps_frame0030.png,q_26_main_0_30fps_frame0030,**Answer:** Poorly
3203,q_27_main_1_30fps_frame0015.png,q_27_main_1_30fps_frame0015,Poorly.
3203,q_27_main_1_30fps_frame0030.png,q_27_main_1_30fps_frame0030,Poorly.
3203,q_28_main_0_30fps_frame0013.png,q_28_main_0_30fps_frame0013,**Answer:** Poorly
3203,q_28_main_0_30fps_frame0028.png,q_28_main_0_30fps_frame0028,Poorly.
3203,q_29_main_0_30fps_frame0014.png,q_29_main_0_30fps_frame0014,Poorly.
3203,q_29_main_0_30fps_frame0029.png,q_29_main_0_30fps_frame0029,**Answer:** Poorly
3203,q_2_main_1_30fps_frame0014.png,q_2_main_1_30fps_frame0014,**Answer:** Poorly
3203,q_2_main_1_30fps_frame0029.png,q_2_main_1_30fps_frame0029,Poorly.
3203,q_30_main_0_30fps_frame0014.png,q_30_main_0_30fps_frame0014,Poorly.
3203,q_30_main_0_30fps_frame0029.png,q_30_main_0_30fps_frame0029,**Answer:** Poorly
3203,q_3_main_1_30fps_frame0014.png,q_3_main_1_30fps_frame0014,Poorly.
3203,q_3_main_1_30fps_frame0029.png,q_3_main_1_30fps_frame0029,**Answer:** Poorly
3203,q_4_main_1_30fps_frame0014.png,q_4_main_1_30fps_frame0014,**Answer:** Poorly
3203,q_4_main_1_30fps_frame0029.png,q_4_main_1_30fps_frame0029,**Answer:** Poorly
3203,q_5_main_0_30fps_frame0014.png,q_5_main_0_30fps_frame0014,Poorly.
3203,q_5_main_0_30fps_frame0029.png,q_5_main_0_30fps_frame0029,Poorly.
3203,q_6_main_1_30fps_frame0014.png,q_6_main_1_30fps_frame0014,**Answer:** Poorly
3203,q_6_main_1_30fps_frame0029.png,q_6_main_1_30fps_frame0029,Poorly.
3203,q_7_main_1_30fps_frame0014.png,q_7_main_1_30fps_frame0014,**Answer:** Poorly
3203,q_7_main_1_30fps_frame0029.png,q_7_main_1_30fps_frame0029,**Answer:** Poorly
3203,q_8_main_1_30fps_frame0014.png,q_8_main_1_30fps_frame0014,Poorly.
3203,q_8_main_1_30fps_frame0029.png,q_8_main_1_30fps_frame0029,Poorly.
3203,q_9_main_1_30fps_frame0014.png,q_9_main_1_30fps_frame0014,Poorly.
3203,q_9_main_1_30fps_frame0029.png,q_9_main_1_30fps_frame0029,Poorly.
3203,q_warmup_3_main_1_30fps_frame0014.png,q_warmup_3_main_1_30fps_frame0014,Poorly.
3203,q_warmup_3_main_1_30fps_frame0029.png,q_warmup_3_main_1_30fps_frame0029,Poorly.
3203,q_warmup_4_main_0_30fps_frame0015.png,q_warmup_4_main_0_30fps_frame0015,Poorly.
3203,q_warmup_4_main_0_30fps_frame0030.png,q_warmup_4_main_0_30fps_frame0030,Poorly.
3203,q_warmup_5_main_1_30fps_frame0014.png,q_warmup_5_main_1_30fps_frame0014,Poorly.
3203,q_warmup_5_main_1_30fps_frame0029.png,q_warmup_5_main_1_30fps_frame0029,**Answer:** Poorly
3339,q_10_main_0_30fps_frame0014.png,q_10_main_0_30fps_frame0014,**Answer:** Poorly
3339,q_10_main_0_30fps_frame0029.png,q_10_main_0_30fps_frame0029,**Answer:** Poorly
3339,q_11_main_1_30fps_frame0014.png,q_11_main_1_30fps_frame0014,**Good**
3339,q_11_main_1_30fps_frame0029.png,q_11_main_1_30fps_frame0029,**Good**
3339,q_12_main_1_30fps_frame0014.png,q_12_main_1_30fps_frame0014,**Answer:** Poorly
3339,q_12_main_1_30fps_frame0029.png,q_12_main_1_30fps_frame0029,**Good**
3339,q_13_main_0_30fps_frame0014.png,q_13_main_0_30fps_frame0014,**Answer:** Poorly
3339,q_13_main_0_30fps_frame0029.png,q_13_main_0_30fps_frame0029,**Unsatisfactory**
3339,q_14_main_1_30fps_frame0014.png,q_14_main_1_30fps_frame0014,**Answer:** Poorly
3339,q_14_main_1_30fps_frame0029.png,q_14_main_1_30fps_frame0029,Poorly.
3339,q_15_main_1_30fps_frame0013.png,q_15_main_1_30fps_frame0013,**Poorly**
3339,q_15_main_1_30fps_frame0028.png,q_15_main_1_30fps_frame0028,"**Unanswerable**

The image is too small and too blurry to provide any context or information about the situation. Without more context, it's impossible to determine whether the situation ends well or poorly."
3339,q_16_main_1_30fps_frame0014.png,q_16_main_1_30fps_frame0014,**Good**
3339,q_16_main_1_30fps_frame0029.png,q_16_main_1_30fps_frame0029,**Good**
3339,q_17_main_0_30fps_frame0014.png,q_17_main_0_30fps_frame0014,Poorly.
3339,q_17_main_0_30fps_frame0029.png,q_17_main_0_30fps_frame0029,**Answer:** Poorly.
3339,q_18_main_0_30fps_frame0014.png,q_18_main_0_30fps_frame0014,**Answer:** Poorly.
3339,q_18_main_0_30fps_frame0029.png,q_18_main_0_30fps_frame0029,Poorly.
3339,q_19_main_0_30fps_frame0012.png,q_19_main_0_30fps_frame0012,**Answer:** Poorly
3339,q_19_main_0_30fps_frame0027.png,q_19_main_0_30fps_frame0027,**Answer:** Poorly
3339,q_1_main_0_30fps_frame0013.png,q_1_main_0_30fps_frame0013,"**Unanswerable**

The image does not provide enough context to determine the outcome of the situation. The subject's expression is neutral, and there is no clear indication of whether the situation ends well or poorly. Therefore, it is not possible to provide a one-word answer."
3339,q_1_main_0_30fps_frame0028.png,q_1_main_0_30fps_frame0028,Poorly.
3339,q_20_main_0_30fps_frame0014.png,q_20_main_0_30fps_frame0014,Poorly.
3339,q_20_main_0_30fps_frame0029.png,q_20_main_0_30fps_frame0029,Unknown.
3339,q_21_main_1_30fps_frame0013.png,q_21_main_1_30fps_frame0013,Poorly.
3339,q_21_main_1_30fps_frame0028.png,q_21_main_1_30fps_frame0028,**Answer:** Poorly
3339,q_22_main_0_30fps_frame0013.png,q_22_main_0_30fps_frame0013,**Answer:** Poorly.
3339,q_22_main_0_30fps_frame0028.png,q_22_main_0_30fps_frame0028,**Poorly**
3339,q_23_main_0_30fps_frame0015.png,q_23_main_0_30fps_frame0015,**Answer:** Poorly
3339,q_23_main_0_30fps_frame0030.png,q_23_main_0_30fps_frame0030,**Answer:** Poorly
3339,q_24_main_0_30fps_frame0014.png,q_24_main_0_30fps_frame0014,Poorly.
3339,q_24_main_0_30fps_frame0029.png,q_24_main_0_30fps_frame0029,Poorly.
3339,q_25_main_0_30fps_frame0015.png,q_25_main_0_30fps_frame0015,"**Unanswerable**

The image does not provide enough context to determine the outcome of the situation. The subject's expression is neutral, and there is no clear indication of whether the situation ends well or poorly. Therefore, it is not possible to provide a one-word answer."
3339,q_25_main_0_30fps_frame0030.png,q_25_main_0_30fps_frame0030,Poorly.
3339,q_26_main_0_30fps_frame0014.png,q_26_main_0_30fps_frame0014,**Poorly**
3339,q_26_main_0_30fps_frame0029.png,q_26_main_0_30fps_frame0029,**Poorly**
3339,q_27_main_0_30fps_frame0013.png,q_27_main_0_30fps_frame0013,Poorly.
3339,q_27_main_0_30fps_frame0028.png,q_27_main_0_30fps_frame0028,Poorly.
3339,q_28_main_0_30fps_frame0014.png,q_28_main_0_30fps_frame0014,Poorly.
3339,q_28_main_0_30fps_frame0029.png,q_28_main_0_30fps_frame0029,Poorly.
3339,q_29_main_0_30fps_frame0014.png,q_29_main_0_30fps_frame0014,**Good**
3339,q_29_main_0_30fps_frame0029.png,q_29_main_0_30fps_frame0029,**Good**
3339,q_2_main_1_30fps_frame0014.png,q_2_main_1_30fps_frame0014,Poorly.
3339,q_2_main_1_30fps_frame0029.png,q_2_main_1_30fps_frame0029,Poorly.
3339,q_30_main_0_30fps_frame0013.png,q_30_main_0_30fps_frame0013,**Poorly**
3339,q_30_main_0_30fps_frame0028.png,q_30_main_0_30fps_frame0028,**Good**
3339,q_3_main_1_30fps_frame0014.png,q_3_main_1_30fps_frame0014,Poorly.
3339,q_3_main_1_30fps_frame0029.png,q_3_main_1_30fps_frame0029,Unknown.
3339,q_4_main_1_30fps_frame0013.png,q_4_main_1_30fps_frame0013,Poorly.
3339,q_4_main_1_30fps_frame0028.png,q_4_main_1_30fps_frame0028,**Poorly**
3339,q_5_main_0_30fps_frame0015.png,q_5_main_0_30fps_frame0015,**Poorly**
3339,q_5_main_0_30fps_frame0030.png,q_5_main_0_30fps_frame0030,Poorly.
3339,q_6_main_1_30fps_frame0013.png,q_6_main_1_30fps_frame0013,**Answer:** Poorly
3339,q_6_main_1_30fps_frame0028.png,q_6_main_1_30fps_frame0028,**Answer:** Poorly
3339,q_7_main_1_30fps_frame0015.png,q_7_main_1_30fps_frame0015,**Poorly**
3339,q_7_main_1_30fps_frame0030.png,q_7_main_1_30fps_frame0030,**Poorly**
3339,q_8_main_1_30fps_frame0014.png,q_8_main_1_30fps_frame0014,Poorly.
3339,q_8_main_1_30fps_frame0029.png,q_8_main_1_30fps_frame0029,**Poorly**
3339,q_9_main_1_30fps_frame0014.png,q_9_main_1_30fps_frame0014,**Good**
3339,q_9_main_1_30fps_frame0029.png,q_9_main_1_30fps_frame0029,**Answer:** Poorly
3339,q_warmup_3_main_1_30fps_frame0013.png,q_warmup_3_main_1_30fps_frame0013,**Good**
3339,q_warmup_3_main_1_30fps_frame0028.png,q_warmup_3_main_1_30fps_frame0028,**Good**
3339,q_warmup_4_main_0_30fps_frame0013.png,q_warmup_4_main_0_30fps_frame0013,Poorly.
3339,q_warmup_4_main_0_30fps_frame0028.png,q_warmup_4_main_0_30fps_frame0028,**Unsatisfactory**
3339,q_warmup_5_main_1_30fps_frame0014.png,q_warmup_5_main_1_30fps_frame0014,**Good**
3339,q_warmup_5_main_1_30fps_frame0029.png,q_warmup_5_main_1_30fps_frame0029,**Good**
3882,q_10_main_0_30fps_frame0015.png,q_10_main_0_30fps_frame0015,Poorly.
3882,q_10_main_0_30fps_frame0030.png,q_10_main_0_30fps_frame0030,Poorly.
3882,q_11_main_1_30fps_frame0014.png,q_11_main_1_30fps_frame0014,Poorly.
3882,q_11_main_1_30fps_frame0029.png,q_11_main_1_30fps_frame0029,Poorly.
3882,q_12_main_1_30fps_frame0015.png,q_12_main_1_30fps_frame0015,Poorly.
3882,q_12_main_1_30fps_frame0030.png,q_12_main_1_30fps_frame0030,Poorly.
3882,q_13_main_1_30fps_frame0014.png,q_13_main_1_30fps_frame0014,Poorly.
3882,q_13_main_1_30fps_frame0029.png,q_13_main_1_30fps_frame0029,Poorly.
3882,q_14_main_0_30fps_frame0015.png,q_14_main_0_30fps_frame0015,Poorly.
3882,q_14_main_0_30fps_frame0030.png,q_14_main_0_30fps_frame0030,Poorly.
3882,q_15_main_1_30fps_frame0014.png,q_15_main_1_30fps_frame0014,Well.
3882,q_15_main_1_30fps_frame0029.png,q_15_main_1_30fps_frame0029,Goodly.
3882,q_16_main_1_30fps_frame0015.png,q_16_main_1_30fps_frame0015,Poorly.
3882,q_16_main_1_30fps_frame0030.png,q_16_main_1_30fps_frame0030,Poorly.
3882,q_17_main_0_30fps_frame0015.png,q_17_main_0_30fps_frame0015,Poorly.
3882,q_17_main_0_30fps_frame0030.png,q_17_main_0_30fps_frame0030,Poorly.
3882,q_18_main_0_30fps_frame0015.png,q_18_main_0_30fps_frame0015,Poorly.
3882,q_18_main_0_30fps_frame0030.png,q_18_main_0_30fps_frame0030,Poorly.
3882,q_19_main_0_30fps_frame0015.png,q_19_main_0_30fps_frame0015,Poorly.
3882,q_19_main_0_30fps_frame0030.png,q_19_main_0_30fps_frame0030,Poorly.
3882,q_1_main_0_30fps_frame0015.png,q_1_main_0_30fps_frame0015,Poorly.
3882,q_1_main_0_30fps_frame0030.png,q_1_main_0_30fps_frame0030,Poorly.
3882,q_20_main_0_30fps_frame0015.png,q_20_main_0_30fps_frame0015,Poorly.
3882,q_20_main_0_30fps_frame0030.png,q_20_main_0_30fps_frame0030,Poorly.
3882,q_21_main_0_30fps_frame0013.png,q_21_main_0_30fps_frame0013,**Poorly**
3882,q_21_main_0_30fps_frame0028.png,q_21_main_0_30fps_frame0028,Poorly.
3882,q_22_main_0_30fps_frame0015.png,q_22_main_0_30fps_frame0015,Poorly.
3882,q_22_main_0_30fps_frame0030.png,q_22_main_0_30fps_frame0030,Poorly.
3882,q_23_main_0_30fps_frame0015.png,q_23_main_0_30fps_frame0015,Poorly.
3882,q_23_main_0_30fps_frame0030.png,q_23_main_0_30fps_frame0030,Poorly.
3882,q_24_main_1_30fps_frame0014.png,q_24_main_1_30fps_frame0014,Poorly.
3882,q_24_main_1_30fps_frame0029.png,q_24_main_1_30fps_frame0029,**Poorly**
3882,q_25_main_1_30fps_frame0014.png,q_25_main_1_30fps_frame0014,Poorly.
3882,q_25_main_1_30fps_frame0029.png,q_25_main_1_30fps_frame0029,Poorly.
3882,q_26_main_1_30fps_frame0014.png,q_26_main_1_30fps_frame0014,Poorly.
3882,q_26_main_1_30fps_frame0029.png,q_26_main_1_30fps_frame0029,Poorly.
3882,q_27_main_0_30fps_frame0014.png,q_27_main_0_30fps_frame0014,Poorly.
3882,q_27_main_0_30fps_frame0029.png,q_27_main_0_30fps_frame0029,Poorly.
3882,q_28_main_0_30fps_frame0015.png,q_28_main_0_30fps_frame0015,Poorly.
3882,q_28_main_0_30fps_frame0030.png,q_28_main_0_30fps_frame0030,Poorly.
3882,q_29_main_1_30fps_frame0015.png,q_29_main_1_30fps_frame0015,Poorly.
3882,q_29_main_1_30fps_frame0030.png,q_29_main_1_30fps_frame0030,Poorly.
3882,q_2_main_1_30fps_frame0015.png,q_2_main_1_30fps_frame0015,Poorly.
3882,q_2_main_1_30fps_frame0030.png,q_2_main_1_30fps_frame0030,Poorly.
3882,q_30_main_0_30fps_frame0014.png,q_30_main_0_30fps_frame0014,poorly
3882,q_30_main_0_30fps_frame0029.png,q_30_main_0_30fps_frame0029,poorly.
3882,q_3_main_1_30fps_frame0014.png,q_3_main_1_30fps_frame0014,Poorly.
3882,q_3_main_1_30fps_frame0029.png,q_3_main_1_30fps_frame0029,Poorly.
3882,q_4_main_1_30fps_frame0015.png,q_4_main_1_30fps_frame0015,Poorly.
3882,q_4_main_1_30fps_frame0030.png,q_4_main_1_30fps_frame0030,Poorly.
3882,q_5_main_0_30fps_frame0015.png,q_5_main_0_30fps_frame0015,Poorly.
3882,q_5_main_0_30fps_frame0030.png,q_5_main_0_30fps_frame0030,Poorly.
3882,q_6_main_1_30fps_frame0014.png,q_6_main_1_30fps_frame0014,Poorly.
3882,q_6_main_1_30fps_frame0029.png,q_6_main_1_30fps_frame0029,Poorly.
3882,q_7_main_1_30fps_frame0015.png,q_7_main_1_30fps_frame0015,Poorly.
3882,q_7_main_1_30fps_frame0030.png,q_7_main_1_30fps_frame0030,Poorly.
3882,q_8_main_0_30fps_frame0014.png,q_8_main_0_30fps_frame0014,Poorly.
3882,q_8_main_0_30fps_frame0029.png,q_8_main_0_30fps_frame0029,Poorly.
3882,q_9_main_1_30fps_frame0015.png,q_9_main_1_30fps_frame0015,Poorly.
3882,q_9_main_1_30fps_frame0030.png,q_9_main_1_30fps_frame0030,Poorly.
3882,q_warmup_3_main_1_30fps_frame0014.png,q_warmup_3_main_1_30fps_frame0014,Poorly.
3882,q_warmup_3_main_1_30fps_frame0029.png,q_warmup_3_main_1_30fps_frame0029,Poorly.
3882,q_warmup_4_main_0_30fps_frame0014.png,q_warmup_4_main_0_30fps_frame0014,Poorly.
3882,q_warmup_4_main_0_30fps_frame0029.png,q_warmup_4_main_0_30fps_frame0029,Poorly.
3882,q_warmup_5_main_1_30fps_frame0015.png,q_warmup_5_main_1_30fps_frame0015,Poorly.
3882,q_warmup_5_main_1_30fps_frame0030.png,q_warmup_5_main_1_30fps_frame0030,Poorly.
5009,q_10_main_0_30fps_frame0013.png,q_10_main_0_30fps_frame0013,Poorly.
5009,q_10_main_0_30fps_frame0028.png,q_10_main_0_30fps_frame0028,**Answer:** Poorly
5009,q_11_main_1_30fps_frame0014.png,q_11_main_1_30fps_frame0014,**Answer:** Poorly
5009,q_11_main_1_30fps_frame0029.png,q_11_main_1_30fps_frame0029,**Answer:** Poorly.
5009,q_12_main_1_30fps_frame0015.png,q_12_main_1_30fps_frame0015,Poorly.
5009,q_12_main_1_30fps_frame0030.png,q_12_main_1_30fps_frame0030,Poorly.
5009,q_13_main_0_30fps_frame0015.png,q_13_main_0_30fps_frame0015,**Poorly**
5009,q_13_main_0_30fps_frame0030.png,q_13_main_0_30fps_frame0030,**Answer:** Poorly
5009,q_14_main_0_30fps_frame0014.png,q_14_main_0_30fps_frame0014,Poorly.
5009,q_14_main_0_30fps_frame0029.png,q_14_main_0_30fps_frame0029,**Answer:** Poorly.
5009,q_15_main_1_30fps_frame0014.png,q_15_main_1_30fps_frame0014,**Answer:** Poorly.
5009,q_15_main_1_30fps_frame0029.png,q_15_main_1_30fps_frame0029,Poorly.
5009,q_16_main_1_30fps_frame0015.png,q_16_main_1_30fps_frame0015,Poorly.
5009,q_16_main_1_30fps_frame0030.png,q_16_main_1_30fps_frame0030,**Answer:** Poorly
5009,q_17_main_0_30fps_frame0013.png,q_17_main_0_30fps_frame0013,Poorly.
5009,q_17_main_0_30fps_frame0028.png,q_17_main_0_30fps_frame0028,Poorly.
5009,q_18_main_0_30fps_frame0014.png,q_18_main_0_30fps_frame0014,**Answer:** Poorly.
5009,q_18_main_0_30fps_frame0029.png,q_18_main_0_30fps_frame0029,Poorly.
5009,q_19_main_1_30fps_frame0015.png,q_19_main_1_30fps_frame0015,**Answer:** Poorly
5009,q_19_main_1_30fps_frame0030.png,q_19_main_1_30fps_frame0030,**Answer:** Poorly
5009,q_1_main_0_30fps_frame0013.png,q_1_main_0_30fps_frame0013,**Poorly**
5009,q_1_main_0_30fps_frame0028.png,q_1_main_0_30fps_frame0028,**Answer:** Poorly.
5009,q_20_main_0_30fps_frame0014.png,q_20_main_0_30fps_frame0014,**Answer:** Poorly
5009,q_20_main_0_30fps_frame0029.png,q_20_main_0_30fps_frame0029,Poorly.
5009,q_21_main_0_30fps_frame0014.png,q_21_main_0_30fps_frame0014,Poorly.
5009,q_21_main_0_30fps_frame0029.png,q_21_main_0_30fps_frame0029,Poorly.
5009,q_22_main_0_30fps_frame0014.png,q_22_main_0_30fps_frame0014,**Poorly**
5009,q_22_main_0_30fps_frame0029.png,q_22_main_0_30fps_frame0029,**Answer:** Poorly.
5009,q_23_main_0_30fps_frame0015.png,q_23_main_0_30fps_frame0015,Poorly.
5009,q_23_main_0_30fps_frame0030.png,q_23_main_0_30fps_frame0030,**Answer:** Poorly
5009,q_24_main_0_30fps_frame0014.png,q_24_main_0_30fps_frame0014,**Answer:** Poorly
5009,q_24_main_0_30fps_frame0029.png,q_24_main_0_30fps_frame0029,Poorly.
5009,q_25_main_1_30fps_frame0014.png,q_25_main_1_30fps_frame0014,**Answer:** Poorly.
5009,q_25_main_1_30fps_frame0029.png,q_25_main_1_30fps_frame0029,**Answer:** Poorly
5009,q_26_main_0_30fps_frame0014.png,q_26_main_0_30fps_frame0014,**Answer:** Poorly
5009,q_26_main_0_30fps_frame0029.png,q_26_main_0_30fps_frame0029,**Answer:** Poorly.
5009,q_27_main_1_30fps_frame0014.png,q_27_main_1_30fps_frame0014,**Answer:** Poorly
5009,q_27_main_1_30fps_frame0029.png,q_27_main_1_30fps_frame0029,Poorly.
5009,q_28_main_1_30fps_frame0015.png,q_28_main_1_30fps_frame0015,Poorly.
5009,q_28_main_1_30fps_frame0030.png,q_28_main_1_30fps_frame0030,Poorly.
5009,q_29_main_0_30fps_frame0014.png,q_29_main_0_30fps_frame0014,**Poorly**
5009,q_29_main_0_30fps_frame0029.png,q_29_main_0_30fps_frame0029,**Answer:** Poorly.
5009,q_2_main_1_30fps_frame0015.png,q_2_main_1_30fps_frame0015,Poorly.
5009,q_2_main_1_30fps_frame0030.png,q_2_main_1_30fps_frame0030,Poorly.
5009,q_30_main_0_30fps_frame0014.png,q_30_main_0_30fps_frame0014,Poorly.
5009,q_30_main_0_30fps_frame0029.png,q_30_main_0_30fps_frame0029,Poorly.
5009,q_3_main_1_30fps_frame0015.png,q_3_main_1_30fps_frame0015,Poorly.
5009,q_3_main_1_30fps_frame0030.png,q_3_main_1_30fps_frame0030,Poorly.
5009,q_4_main_0_30fps_frame0014.png,q_4_main_0_30fps_frame0014,Poorly.
5009,q_4_main_0_30fps_frame0029.png,q_4_main_0_30fps_frame0029,**Poorly**
5009,q_5_main_1_30fps_frame0015.png,q_5_main_1_30fps_frame0015,Poorly.
5009,q_5_main_1_30fps_frame0030.png,q_5_main_1_30fps_frame0030,Poorly.
5009,q_6_main_1_30fps_frame0013.png,q_6_main_1_30fps_frame0013,Poorly.
5009,q_6_main_1_30fps_frame0028.png,q_6_main_1_30fps_frame0028,Poorly.
5009,q_7_main_1_30fps_frame0014.png,q_7_main_1_30fps_frame0014,**Answer:** Poorly
5009,q_7_main_1_30fps_frame0029.png,q_7_main_1_30fps_frame0029,Poorly.
5009,q_8_main_0_30fps_frame0014.png,q_8_main_0_30fps_frame0014,Poorly.
5009,q_8_main_0_30fps_frame0029.png,q_8_main_0_30fps_frame0029,Poorly.
5009,q_9_main_1_30fps_frame0014.png,q_9_main_1_30fps_frame0014,Poorly.
5009,q_9_main_1_30fps_frame0029.png,q_9_main_1_30fps_frame0029,Poorly.
5009,q_warmup_3_main_0_30fps_frame0015.png,q_warmup_3_main_0_30fps_frame0015,Poorly.
5009,q_warmup_3_main_0_30fps_frame0030.png,q_warmup_3_main_0_30fps_frame0030,Poorly.
5009,q_warmup_4_main_0_30fps_frame0013.png,q_warmup_4_main_0_30fps_frame0013,Poorly.
5009,q_warmup_4_main_0_30fps_frame0028.png,q_warmup_4_main_0_30fps_frame0028,Poorly.
5009,q_warmup_5_main_1_30fps_frame0013.png,q_warmup_5_main_1_30fps_frame0013,**Answer:** Poorly
5009,q_warmup_5_main_1_30fps_frame0028.png,q_warmup_5_main_1_30fps_frame0028,Poorly.
5099,q_10_main_0_30fps_frame0015.png,q_10_main_0_30fps_frame0015,Poorly.
5099,q_10_main_0_30fps_frame0030.png,q_10_main_0_30fps_frame0030,Poorly.
5099,q_11_main_1_30fps_frame0015.png,q_11_main_1_30fps_frame0015,Poorly.
5099,q_11_main_1_30fps_frame0030.png,q_11_main_1_30fps_frame0030,Poorly.
5099,q_12_main_1_30fps_frame0014.png,q_12_main_1_30fps_frame0014,Poorly.
5099,q_12_main_1_30fps_frame0029.png,q_12_main_1_30fps_frame0029,Poorly.
5099,q_13_main_1_30fps_frame0014.png,q_13_main_1_30fps_frame0014,Poorly.
5099,q_13_main_1_30fps_frame0029.png,q_13_main_1_30fps_frame0029,Poorly.
5099,q_14_main_1_30fps_frame0014.png,q_14_main_1_30fps_frame0014,Poorly.
5099,q_14_main_1_30fps_frame0029.png,q_14_main_1_30fps_frame0029,Poorly.
5099,q_15_main_1_30fps_frame0013.png,q_15_main_1_30fps_frame0013,Poorly.
5099,q_15_main_1_30fps_frame0028.png,q_15_main_1_30fps_frame0028,Poorly.
5099,q_16_main_1_30fps_frame0015.png,q_16_main_1_30fps_frame0015,Poorly.
5099,q_16_main_1_30fps_frame0030.png,q_16_main_1_30fps_frame0030,Poorly.
5099,q_17_main_0_30fps_frame0015.png,q_17_main_0_30fps_frame0015,Poorly.
5099,q_17_main_0_30fps_frame0030.png,q_17_main_0_30fps_frame0030,Poorly.
5099,q_18_main_0_30fps_frame0014.png,q_18_main_0_30fps_frame0014,Poorly.
5099,q_18_main_0_30fps_frame0029.png,q_18_main_0_30fps_frame0029,Poorly.
5099,q_19_main_0_30fps_frame0014.png,q_19_main_0_30fps_frame0014,Poorly.
5099,q_19_main_0_30fps_frame0029.png,q_19_main_0_30fps_frame0029,Poorly.
5099,q_1_main_0_30fps_frame0014.png,q_1_main_0_30fps_frame0014,**Answer:** Poorly
5099,q_1_main_0_30fps_frame0029.png,q_1_main_0_30fps_frame0029,Poorly.
5099,q_20_main_0_30fps_frame0013.png,q_20_main_0_30fps_frame0013,Poorly.
5099,q_20_main_0_30fps_frame0028.png,q_20_main_0_30fps_frame0028,Poorly.
5099,q_21_main_0_30fps_frame0014.png,q_21_main_0_30fps_frame0014,Poorly.
5099,q_21_main_0_30fps_frame0029.png,q_21_main_0_30fps_frame0029,Poorly.
5099,q_22_main_0_30fps_frame0014.png,q_22_main_0_30fps_frame0014,Poorly.
5099,q_22_main_0_30fps_frame0029.png,q_22_main_0_30fps_frame0029,Poorly.
5099,q_23_main_1_30fps_frame0015.png,q_23_main_1_30fps_frame0015,Poorly.
5099,q_23_main_1_30fps_frame0030.png,q_23_main_1_30fps_frame0030,Poorly.
5099,q_24_main_0_30fps_frame0014.png,q_24_main_0_30fps_frame0014,Poorly.
5099,q_24_main_0_30fps_frame0029.png,q_24_main_0_30fps_frame0029,Poorly.
5099,q_25_main_1_30fps_frame0013.png,q_25_main_1_30fps_frame0013,Poorly.
5099,q_25_main_1_30fps_frame0028.png,q_25_main_1_30fps_frame0028,Poorly.
5099,q_26_main_0_30fps_frame0014.png,q_26_main_0_30fps_frame0014,Poorly.
5099,q_26_main_0_30fps_frame0029.png,q_26_main_0_30fps_frame0029,Poorly.
5099,q_27_main_0_30fps_frame0014.png,q_27_main_0_30fps_frame0014,Poorly.
5099,q_27_main_0_30fps_frame0029.png,q_27_main_0_30fps_frame0029,Poorly.
5099,q_28_main_0_30fps_frame0014.png,q_28_main_0_30fps_frame0014,Poorly.
5099,q_28_main_0_30fps_frame0029.png,q_28_main_0_30fps_frame0029,Poorly.
5099,q_29_main_0_30fps_frame0014.png,q_29_main_0_30fps_frame0014,Poorly.
5099,q_29_main_0_30fps_frame0029.png,q_29_main_0_30fps_frame0029,Poorly.
5099,q_2_main_1_30fps_frame0015.png,q_2_main_1_30fps_frame0015,Poorly.
5099,q_2_main_1_30fps_frame0030.png,q_2_main_1_30fps_frame0030,Poorly.
5099,q_30_main_0_30fps_frame0015.png,q_30_main_0_30fps_frame0015,Poorly.
5099,q_30_main_0_30fps_frame0030.png,q_30_main_0_30fps_frame0030,Poorly.
5099,q_3_main_1_30fps_frame0015.png,q_3_main_1_30fps_frame0015,Poorly.
5099,q_3_main_1_30fps_frame0030.png,q_3_main_1_30fps_frame0030,Poorly.
5099,q_4_main_1_30fps_frame0014.png,q_4_main_1_30fps_frame0014,Poorly.
5099,q_4_main_1_30fps_frame0029.png,q_4_main_1_30fps_frame0029,Poorly.
5099,q_5_main_0_30fps_frame0014.png,q_5_main_0_30fps_frame0014,Poorly.
5099,q_5_main_0_30fps_frame0029.png,q_5_main_0_30fps_frame0029,**Answer:** Poorly
5099,q_6_main_1_30fps_frame0015.png,q_6_main_1_30fps_frame0015,Poorly.
5099,q_6_main_1_30fps_frame0030.png,q_6_main_1_30fps_frame0030,Poorly.
5099,q_7_main_1_30fps_frame0014.png,q_7_main_1_30fps_frame0014,Poorly.
5099,q_7_main_1_30fps_frame0029.png,q_7_main_1_30fps_frame0029,Poorly.
5099,q_8_main_0_30fps_frame0015.png,q_8_main_0_30fps_frame0015,Poorly.
5099,q_8_main_0_30fps_frame0030.png,q_8_main_0_30fps_frame0030,Poorly.
5099,q_9_main_1_30fps_frame0014.png,q_9_main_1_30fps_frame0014,Poorly.
5099,q_9_main_1_30fps_frame0029.png,q_9_main_1_30fps_frame0029,Poorly.
5099,q_warmup_3_main_1_30fps_frame0014.png,q_warmup_3_main_1_30fps_frame0014,Poorly.
5099,q_warmup_3_main_1_30fps_frame0029.png,q_warmup_3_main_1_30fps_frame0029,Poorly.
5099,q_warmup_4_main_0_30fps_frame0015.png,q_warmup_4_main_0_30fps_frame0015,Poorly.
5099,q_warmup_4_main_0_30fps_frame0030.png,q_warmup_4_main_0_30fps_frame0030,Poorly.
5099,q_warmup_5_main_1_30fps_frame0014.png,q_warmup_5_main_1_30fps_frame0014,Poorly.
5099,q_warmup_5_main_1_30fps_frame0029.png,q_warmup_5_main_1_30fps_frame0029,Poorly.
5124,q_10_main_0_30fps_frame0014.png,q_10_main_0_30fps_frame0014,Poorly.
5124,q_10_main_0_30fps_frame0029.png,q_10_main_0_30fps_frame0029,Poorly.
5124,q_11_main_1_30fps_frame0014.png,q_11_main_1_30fps_frame0014,Poorly.
5124,q_11_main_1_30fps_frame0029.png,q_11_main_1_30fps_frame0029,Poorly.
5124,q_12_main_0_30fps_frame0015.png,q_12_main_0_30fps_frame0015,Poorly.
5124,q_12_main_0_30fps_frame0030.png,q_12_main_0_30fps_frame0030,Poorly.
5124,q_13_main_1_30fps_frame0014.png,q_13_main_1_30fps_frame0014,Poorly.
5124,q_13_main_1_30fps_frame0029.png,q_13_main_1_30fps_frame0029,Poorly.
5124,q_14_main_0_30fps_frame0013.png,q_14_main_0_30fps_frame0013,Poorly.
5124,q_14_main_0_30fps_frame0028.png,q_14_main_0_30fps_frame0028,Poorly.
5124,q_15_main_1_30fps_frame0014.png,q_15_main_1_30fps_frame0014,Poorly.
5124,q_15_main_1_30fps_frame0029.png,q_15_main_1_30fps_frame0029,**Answer:** Poorly
5124,q_16_main_0_30fps_frame0014.png,q_16_main_0_30fps_frame0014,Poorly.
5124,q_16_main_0_30fps_frame0029.png,q_16_main_0_30fps_frame0029,Poorly.
5124,q_17_main_0_30fps_frame0015.png,q_17_main_0_30fps_frame0015,Poorly.
5124,q_17_main_0_30fps_frame0030.png,q_17_main_0_30fps_frame0030,Poorly.
5124,q_18_main_0_30fps_frame0015.png,q_18_main_0_30fps_frame0015,Poorly.
5124,q_18_main_0_30fps_frame0030.png,q_18_main_0_30fps_frame0030,Poorly.
5124,q_19_main_0_30fps_frame0014.png,q_19_main_0_30fps_frame0014,Poorly.
5124,q_19_main_0_30fps_frame0029.png,q_19_main_0_30fps_frame0029,Poorly.
5124,q_1_main_0_30fps_frame0015.png,q_1_main_0_30fps_frame0015,Poorly.
5124,q_1_main_0_30fps_frame0030.png,q_1_main_0_30fps_frame0030,Poorly.
5124,q_20_main_0_30fps_frame0015.png,q_20_main_0_30fps_frame0015,Poorly.
5124,q_20_main_0_30fps_frame0030.png,q_20_main_0_30fps_frame0030,Poorly.
5124,q_21_main_0_30fps_frame0013.png,q_21_main_0_30fps_frame0013,Poorly.
5124,q_21_main_0_30fps_frame0028.png,q_21_main_0_30fps_frame0028,Poorly.
5124,q_22_main_1_30fps_frame0014.png,q_22_main_1_30fps_frame0014,Poorly.
5124,q_22_main_1_30fps_frame0029.png,q_22_main_1_30fps_frame0029,Poorly.
5124,q_23_main_0_30fps_frame0015.png,q_23_main_0_30fps_frame0015,Poorly.
5124,q_23_main_0_30fps_frame0030.png,q_23_main_0_30fps_frame0030,Poorly.
5124,q_24_main_0_30fps_frame0014.png,q_24_main_0_30fps_frame0014,Poorly.
5124,q_24_main_0_30fps_frame0029.png,q_24_main_0_30fps_frame0029,Poorly.
5124,q_25_main_1_30fps_frame0015.png,q_25_main_1_30fps_frame0015,Poorly.
5124,q_25_main_1_30fps_frame0030.png,q_25_main_1_30fps_frame0030,Poorly.
5124,q_26_main_0_30fps_frame0013.png,q_26_main_0_30fps_frame0013,Poorly.
5124,q_26_main_0_30fps_frame0028.png,q_26_main_0_30fps_frame0028,Poorly.
5124,q_27_main_1_30fps_frame0015.png,q_27_main_1_30fps_frame0015,Poorly.
5124,q_27_main_1_30fps_frame0030.png,q_27_main_1_30fps_frame0030,Poorly.
5124,q_28_main_1_30fps_frame0013.png,q_28_main_1_30fps_frame0013,Poorly.
5124,q_28_main_1_30fps_frame0028.png,q_28_main_1_30fps_frame0028,Poorly.
5124,q_29_main_0_30fps_frame0015.png,q_29_main_0_30fps_frame0015,Poorly.
5124,q_29_main_0_30fps_frame0030.png,q_29_main_0_30fps_frame0030,Poorly.
5124,q_2_main_1_30fps_frame0014.png,q_2_main_1_30fps_frame0014,Poorly.
5124,q_2_main_1_30fps_frame0029.png,q_2_main_1_30fps_frame0029,Poorly.
5124,q_30_main_0_30fps_frame0014.png,q_30_main_0_30fps_frame0014,Poorly.
5124,q_30_main_0_30fps_frame0029.png,q_30_main_0_30fps_frame0029,Poorly.
5124,q_3_main_1_30fps_frame0015.png,q_3_main_1_30fps_frame0015,Poorly.
5124,q_3_main_1_30fps_frame0030.png,q_3_main_1_30fps_frame0030,Poorly.
5124,q_4_main_0_30fps_frame0015.png,q_4_main_0_30fps_frame0015,Poorly.
5124,q_4_main_0_30fps_frame0030.png,q_4_main_0_30fps_frame0030,Poorly.
5124,q_5_main_0_30fps_frame0015.png,q_5_main_0_30fps_frame0015,Poorly.
5124,q_5_main_0_30fps_frame0030.png,q_5_main_0_30fps_frame0030,Poorly.
5124,q_6_main_1_30fps_frame0015.png,q_6_main_1_30fps_frame0015,Poorly.
5124,q_6_main_1_30fps_frame0030.png,q_6_main_1_30fps_frame0030,Poorly.
5124,q_7_main_1_30fps_frame0015.png,q_7_main_1_30fps_frame0015,Poorly.
5124,q_7_main_1_30fps_frame0030.png,q_7_main_1_30fps_frame0030,Poorly.
5124,q_8_main_0_30fps_frame0015.png,q_8_main_0_30fps_frame0015,Poorly.
5124,q_8_main_0_30fps_frame0030.png,q_8_main_0_30fps_frame0030,Poorly.
5124,q_9_main_0_30fps_frame0014.png,q_9_main_0_30fps_frame0014,Poorly.
5124,q_9_main_0_30fps_frame0029.png,q_9_main_0_30fps_frame0029,Poorly.
5124,q_warmup_3_main_1_30fps_frame0015.png,q_warmup_3_main_1_30fps_frame0015,Poorly.
5124,q_warmup_3_main_1_30fps_frame0030.png,q_warmup_3_main_1_30fps_frame0030,Poorly.
5124,q_warmup_4_main_0_30fps_frame0014.png,q_warmup_4_main_0_30fps_frame0014,Poorly.
5124,q_warmup_4_main_0_30fps_frame0029.png,q_warmup_4_main_0_30fps_frame0029,Poorly.
5124,q_warmup_5_main_0_30fps_frame0014.png,q_warmup_5_main_0_30fps_frame0014,Poorly.
5124,q_warmup_5_main_0_30fps_frame0029.png,q_warmup_5_main_0_30fps_frame0029,Poorly.
5233,q_10_main_1_30fps_frame0015.png,q_10_main_1_30fps_frame0015,Poorly.
5233,q_10_main_1_30fps_frame0030.png,q_10_main_1_30fps_frame0030,Poorly.
5233,q_11_main_1_30fps_frame0014.png,q_11_main_1_30fps_frame0014,Poorly.
5233,q_11_main_1_30fps_frame0029.png,q_11_main_1_30fps_frame0029,Poorly.
5233,q_12_main_1_30fps_frame0015.png,q_12_main_1_30fps_frame0015,Poorly.
5233,q_12_main_1_30fps_frame0030.png,q_12_main_1_30fps_frame0030,Poorly.
5233,q_13_main_1_30fps_frame0015.png,q_13_main_1_30fps_frame0015,Poorly.
5233,q_13_main_1_30fps_frame0030.png,q_13_main_1_30fps_frame0030,Poorly.
5233,q_14_main_0_30fps_frame0014.png,q_14_main_0_30fps_frame0014,Poorly.
5233,q_14_main_0_30fps_frame0029.png,q_14_main_0_30fps_frame0029,Poorly.
5233,q_15_main_1_30fps_frame0013.png,q_15_main_1_30fps_frame0013,Poorly.
5233,q_15_main_1_30fps_frame0028.png,q_15_main_1_30fps_frame0028,Poorly.
5233,q_16_main_1_30fps_frame0015.png,q_16_main_1_30fps_frame0015,Poorly.
5233,q_16_main_1_30fps_frame0030.png,q_16_main_1_30fps_frame0030,Poorly.
5233,q_17_main_0_30fps_frame0014.png,q_17_main_0_30fps_frame0014,Poorly.
5233,q_17_main_0_30fps_frame0029.png,q_17_main_0_30fps_frame0029,Poorly.
5233,q_18_main_0_30fps_frame0014.png,q_18_main_0_30fps_frame0014,Poorly.
5233,q_18_main_0_30fps_frame0029.png,q_18_main_0_30fps_frame0029,Poorly.
5233,q_19_main_0_30fps_frame0015.png,q_19_main_0_30fps_frame0015,Poorly.
5233,q_19_main_0_30fps_frame0030.png,q_19_main_0_30fps_frame0030,Poorly.
5233,q_1_main_0_30fps_frame0013.png,q_1_main_0_30fps_frame0013,Poorly.
5233,q_1_main_0_30fps_frame0028.png,q_1_main_0_30fps_frame0028,Poorly.
5233,q_20_main_0_30fps_frame0014.png,q_20_main_0_30fps_frame0014,Poorly.
5233,q_20_main_0_30fps_frame0029.png,q_20_main_0_30fps_frame0029,Poorly.
5233,q_21_main_1_30fps_frame0014.png,q_21_main_1_30fps_frame0014,Poorly.
5233,q_21_main_1_30fps_frame0029.png,q_21_main_1_30fps_frame0029,Poorly.
5233,q_22_main_1_30fps_frame0015.png,q_22_main_1_30fps_frame0015,Poorly.
5233,q_22_main_1_30fps_frame0030.png,q_22_main_1_30fps_frame0030,Poorly.
5233,q_23_main_1_30fps_frame0014.png,q_23_main_1_30fps_frame0014,Poorly.
5233,q_23_main_1_30fps_frame0029.png,q_23_main_1_30fps_frame0029,Poorly.
5233,q_24_main_1_30fps_frame0014.png,q_24_main_1_30fps_frame0014,Poorly.
5233,q_24_main_1_30fps_frame0029.png,q_24_main_1_30fps_frame0029,Poorly.
5233,q_25_main_0_30fps_frame0015.png,q_25_main_0_30fps_frame0015,Poorly.
5233,q_25_main_0_30fps_frame0030.png,q_25_main_0_30fps_frame0030,Poorly.
5233,q_26_main_1_30fps_frame0015.png,q_26_main_1_30fps_frame0015,Poorly.
5233,q_26_main_1_30fps_frame0030.png,q_26_main_1_30fps_frame0030,Poorly.
5233,q_27_main_0_30fps_frame0015.png,q_27_main_0_30fps_frame0015,Poorly.
5233,q_27_main_0_30fps_frame0030.png,q_27_main_0_30fps_frame0030,Poorly.
5233,q_28_main_0_30fps_frame0014.png,q_28_main_0_30fps_frame0014,Poorly.
5233,q_28_main_0_30fps_frame0029.png,q_28_main_0_30fps_frame0029,Poorly.
5233,q_29_main_0_30fps_frame0014.png,q_29_main_0_30fps_frame0014,Poorly.
5233,q_29_main_0_30fps_frame0029.png,q_29_main_0_30fps_frame0029,Poorly.
5233,q_2_main_1_30fps_frame0014.png,q_2_main_1_30fps_frame0014,Poorly.
5233,q_2_main_1_30fps_frame0029.png,q_2_main_1_30fps_frame0029,Poorly.
5233,q_30_main_0_30fps_frame0013.png,q_30_main_0_30fps_frame0013,Poorly.
5233,q_30_main_0_30fps_frame0028.png,q_30_main_0_30fps_frame0028,Poorly.
5233,q_3_main_1_30fps_frame0015.png,q_3_main_1_30fps_frame0015,Poorly.
5233,q_3_main_1_30fps_frame0030.png,q_3_main_1_30fps_frame0030,Poorly.
5233,q_4_main_1_30fps_frame0014.png,q_4_main_1_30fps_frame0014,Poorly.
5233,q_4_main_1_30fps_frame0029.png,q_4_main_1_30fps_frame0029,Poorly.
5233,q_5_main_0_30fps_frame0015.png,q_5_main_0_30fps_frame0015,Poorly.
5233,q_5_main_0_30fps_frame0030.png,q_5_main_0_30fps_frame0030,Poorly.
5233,q_6_main_1_30fps_frame0015.png,q_6_main_1_30fps_frame0015,Poorly.
5233,q_6_main_1_30fps_frame0030.png,q_6_main_1_30fps_frame0030,Poorly.
5233,q_7_main_1_30fps_frame0015.png,q_7_main_1_30fps_frame0015,Poorly.
5233,q_7_main_1_30fps_frame0030.png,q_7_main_1_30fps_frame0030,Poorly.
5233,q_8_main_1_30fps_frame0014.png,q_8_main_1_30fps_frame0014,Poorly.
5233,q_8_main_1_30fps_frame0029.png,q_8_main_1_30fps_frame0029,Poorly.
5233,q_9_main_1_30fps_frame0015.png,q_9_main_1_30fps_frame0015,Poorly.
5233,q_9_main_1_30fps_frame0030.png,q_9_main_1_30fps_frame0030,Poorly.
5233,q_warmup_3_main_1_30fps_frame0013.png,q_warmup_3_main_1_30fps_frame0013,Poorly.
5233,q_warmup_3_main_1_30fps_frame0028.png,q_warmup_3_main_1_30fps_frame0028,Poorly.
5233,q_warmup_4_main_0_30fps_frame0015.png,q_warmup_4_main_0_30fps_frame0015,Poorly.
5233,q_warmup_4_main_0_30fps_frame0030.png,q_warmup_4_main_0_30fps_frame0030,Poorly.
5233,q_warmup_5_main_1_30fps_frame0015.png,q_warmup_5_main_1_30fps_frame0015,Poorly.
5233,q_warmup_5_main_1_30fps_frame0030.png,q_warmup_5_main_1_30fps_frame0030,Poorly.
5310,q_10_main_0_30fps_frame0014.png,q_10_main_0_30fps_frame0014,Poorly.
5310,q_10_main_0_30fps_frame0029.png,q_10_main_0_30fps_frame0029,Poorly.
5310,q_11_main_1_30fps_frame0015.png,q_11_main_1_30fps_frame0015,Poorly.
5310,q_11_main_1_30fps_frame0030.png,q_11_main_1_30fps_frame0030,Poorly.
5310,q_12_main_1_30fps_frame0014.png,q_12_main_1_30fps_frame0014,Poorly.
5310,q_12_main_1_30fps_frame0029.png,q_12_main_1_30fps_frame0029,Poorly.
5310,q_13_main_1_30fps_frame0015.png,q_13_main_1_30fps_frame0015,Poorly.
5310,q_13_main_1_30fps_frame0030.png,q_13_main_1_30fps_frame0030,Poorly.
5310,q_14_main_0_30fps_frame0015.png,q_14_main_0_30fps_frame0015,Poorly.
5310,q_14_main_0_30fps_frame0030.png,q_14_main_0_30fps_frame0030,Poorly.
5310,q_15_main_1_30fps_frame0015.png,q_15_main_1_30fps_frame0015,Poorly.
5310,q_15_main_1_30fps_frame0030.png,q_15_main_1_30fps_frame0030,Poorly.
5310,q_16_main_1_30fps_frame0014.png,q_16_main_1_30fps_frame0014,Poorly.
5310,q_16_main_1_30fps_frame0029.png,q_16_main_1_30fps_frame0029,Poorly.
5310,q_17_main_1_30fps_frame0015.png,q_17_main_1_30fps_frame0015,Poorly.
5310,q_17_main_1_30fps_frame0030.png,q_17_main_1_30fps_frame0030,Poorly.
5310,q_18_main_1_30fps_frame0014.png,q_18_main_1_30fps_frame0014,Poorly.
5310,q_18_main_1_30fps_frame0029.png,q_18_main_1_30fps_frame0029,Poorly.
5310,q_19_main_1_30fps_frame0015.png,q_19_main_1_30fps_frame0015,Poorly.
5310,q_19_main_1_30fps_frame0030.png,q_19_main_1_30fps_frame0030,Poorly.
5310,q_1_main_0_30fps_frame0015.png,q_1_main_0_30fps_frame0015,Poorly.
5310,q_1_main_0_30fps_frame0030.png,q_1_main_0_30fps_frame0030,Poorly.
5310,q_20_main_0_30fps_frame0014.png,q_20_main_0_30fps_frame0014,Poorly.
5310,q_20_main_0_30fps_frame0029.png,q_20_main_0_30fps_frame0029,Poorly.
5310,q_21_main_1_30fps_frame0015.png,q_21_main_1_30fps_frame0015,Poorly.
5310,q_21_main_1_30fps_frame0030.png,q_21_main_1_30fps_frame0030,Poorly.
5310,q_22_main_1_30fps_frame0014.png,q_22_main_1_30fps_frame0014,Poorly.
5310,q_22_main_1_30fps_frame0029.png,q_22_main_1_30fps_frame0029,Poorly.
5310,q_23_main_1_30fps_frame0014.png,q_23_main_1_30fps_frame0014,Poorly.
5310,q_23_main_1_30fps_frame0029.png,q_23_main_1_30fps_frame0029,Poorly.
5310,q_24_main_1_30fps_frame0014.png,q_24_main_1_30fps_frame0014,Poorly.
5310,q_24_main_1_30fps_frame0029.png,q_24_main_1_30fps_frame0029,Poorly.
5310,q_25_main_0_30fps_frame0014.png,q_25_main_0_30fps_frame0014,Poorly.
5310,q_25_main_0_30fps_frame0029.png,q_25_main_0_30fps_frame0029,Poorly.
5310,q_26_main_0_30fps_frame0015.png,q_26_main_0_30fps_frame0015,Poorly.
5310,q_26_main_0_30fps_frame0030.png,q_26_main_0_30fps_frame0030,Poorly.
5310,q_27_main_1_30fps_frame0014.png,q_27_main_1_30fps_frame0014,Poorly.
5310,q_27_main_1_30fps_frame0029.png,q_27_main_1_30fps_frame0029,Poorly.
5310,q_28_main_0_30fps_frame0014.png,q_28_main_0_30fps_frame0014,Poorly.
5310,q_28_main_0_30fps_frame0029.png,q_28_main_0_30fps_frame0029,Poorly.
5310,q_29_main_0_30fps_frame0013.png,q_29_main_0_30fps_frame0013,Poorly.
5310,q_29_main_0_30fps_frame0028.png,q_29_main_0_30fps_frame0028,Poorly.
5310,q_2_main_1_30fps_frame0015.png,q_2_main_1_30fps_frame0015,Well.
5310,q_2_main_1_30fps_frame0030.png,q_2_main_1_30fps_frame0030,Well.
5310,q_30_main_0_30fps_frame0014.png,q_30_main_0_30fps_frame0014,Poorly.
5310,q_30_main_0_30fps_frame0029.png,q_30_main_0_30fps_frame0029,Poorly.
5310,q_3_main_1_30fps_frame0014.png,q_3_main_1_30fps_frame0014,Poorly.
5310,q_3_main_1_30fps_frame0029.png,q_3_main_1_30fps_frame0029,Poorly.
5310,q_4_main_0_30fps_frame0014.png,q_4_main_0_30fps_frame0014,Poorly.
5310,q_4_main_0_30fps_frame0029.png,q_4_main_0_30fps_frame0029,Poorly.
5310,q_5_main_0_30fps_frame0015.png,q_5_main_0_30fps_frame0015,Poorly.
5310,q_5_main_0_30fps_frame0030.png,q_5_main_0_30fps_frame0030,Poorly.
5310,q_6_main_1_30fps_frame0014.png,q_6_main_1_30fps_frame0014,Poorly.
5310,q_6_main_1_30fps_frame0029.png,q_6_main_1_30fps_frame0029,Poorly.
5310,q_7_main_1_30fps_frame0014.png,q_7_main_1_30fps_frame0014,Poorly.
5310,q_7_main_1_30fps_frame0029.png,q_7_main_1_30fps_frame0029,Poorly.
5310,q_8_main_0_30fps_frame0014.png,q_8_main_0_30fps_frame0014,Goodly.
5310,q_8_main_0_30fps_frame0029.png,q_8_main_0_30fps_frame0029,Poorly.
5310,q_9_main_1_30fps_frame0014.png,q_9_main_1_30fps_frame0014,Poorly.
5310,q_9_main_1_30fps_frame0029.png,q_9_main_1_30fps_frame0029,Poorly.
5310,q_warmup_3_main_1_30fps_frame0015.png,q_warmup_3_main_1_30fps_frame0015,Well.
5310,q_warmup_3_main_1_30fps_frame0030.png,q_warmup_3_main_1_30fps_frame0030,Well.
5310,q_warmup_4_main_0_30fps_frame0015.png,q_warmup_4_main_0_30fps_frame0015,Poorly.
5310,q_warmup_4_main_0_30fps_frame0030.png,q_warmup_4_main_0_30fps_frame0030,Poorly.
5310,q_warmup_5_main_1_30fps_frame0015.png,q_warmup_5_main_1_30fps_frame0015,Poorly.
5310,q_warmup_5_main_1_30fps_frame0030.png,q_warmup_5_main_1_30fps_frame0030,Poorly.
5702,q_10_main_0_30fps_frame0015.png,q_10_main_0_30fps_frame0015,Poorly.
5702,q_10_main_0_30fps_frame0030.png,q_10_main_0_30fps_frame0030,Poorly.
5702,q_11_main_1_30fps_frame0015.png,q_11_main_1_30fps_frame0015,**Poorly**
5702,q_11_main_1_30fps_frame0030.png,q_11_main_1_30fps_frame0030,Poorly.
5702,q_12_main_0_30fps_frame0015.png,q_12_main_0_30fps_frame0015,**Poorly**
5702,q_12_main_0_30fps_frame0030.png,q_12_main_0_30fps_frame0030,**Poorly**
5702,q_13_main_0_30fps_frame0015.png,q_13_main_0_30fps_frame0015,Poorly.
5702,q_13_main_0_30fps_frame0030.png,q_13_main_0_30fps_frame0030,Poorly.
5702,q_14_main_0_30fps_frame0015.png,q_14_main_0_30fps_frame0015,Poorly.
5702,q_14_main_0_30fps_frame0030.png,q_14_main_0_30fps_frame0030,Poorly.
5702,q_15_main_1_30fps_frame0014.png,q_15_main_1_30fps_frame0014,**Poorly**
5702,q_15_main_1_30fps_frame0029.png,q_15_main_1_30fps_frame0029,**Poorly**
5702,q_16_main_1_30fps_frame0013.png,q_16_main_1_30fps_frame0013,Poorly.
5702,q_16_main_1_30fps_frame0028.png,q_16_main_1_30fps_frame0028,Poorly.
5702,q_17_main_1_30fps_frame0013.png,q_17_main_1_30fps_frame0013,Poorly.
5702,q_17_main_1_30fps_frame0028.png,q_17_main_1_30fps_frame0028,Poorly.
5702,q_18_main_0_30fps_frame0015.png,q_18_main_0_30fps_frame0015,Poorly.
5702,q_18_main_0_30fps_frame0030.png,q_18_main_0_30fps_frame0030,Poorly.
5702,q_19_main_1_30fps_frame0015.png,q_19_main_1_30fps_frame0015,Poorly.
5702,q_19_main_1_30fps_frame0030.png,q_19_main_1_30fps_frame0030,**Poorly**
5702,q_1_main_1_30fps_frame0015.png,q_1_main_1_30fps_frame0015,Poorly.
5702,q_1_main_1_30fps_frame0030.png,q_1_main_1_30fps_frame0030,Poorly.
5702,q_20_main_0_30fps_frame0015.png,q_20_main_0_30fps_frame0015,Poorly.
5702,q_20_main_0_30fps_frame0030.png,q_20_main_0_30fps_frame0030,Poorly.
5702,q_21_main_0_30fps_frame0013.png,q_21_main_0_30fps_frame0013,**Poorly**
5702,q_21_main_0_30fps_frame0028.png,q_21_main_0_30fps_frame0028,**Poorly**
5702,q_22_main_0_30fps_frame0015.png,q_22_main_0_30fps_frame0015,**Poorly**
5702,q_22_main_0_30fps_frame0030.png,q_22_main_0_30fps_frame0030,Poorly.
5702,q_23_main_0_30fps_frame0013.png,q_23_main_0_30fps_frame0013,**Poorly**
5702,q_23_main_0_30fps_frame0028.png,q_23_main_0_30fps_frame0028,**Poorly**
5702,q_24_main_0_30fps_frame0014.png,q_24_main_0_30fps_frame0014,Poorly.
5702,q_24_main_0_30fps_frame0029.png,q_24_main_0_30fps_frame0029,Poorly.
5702,q_25_main_0_30fps_frame0014.png,q_25_main_0_30fps_frame0014,Poorly.
5702,q_25_main_0_30fps_frame0029.png,q_25_main_0_30fps_frame0029,Poorly.
5702,q_26_main_1_30fps_frame0013.png,q_26_main_1_30fps_frame0013,Poorly.
5702,q_26_main_1_30fps_frame0028.png,q_26_main_1_30fps_frame0028,Poorly.
5702,q_27_main_0_30fps_frame0014.png,q_27_main_0_30fps_frame0014,Poorly.
5702,q_27_main_0_30fps_frame0029.png,q_27_main_0_30fps_frame0029,Poorly.
5702,q_28_main_0_30fps_frame0014.png,q_28_main_0_30fps_frame0014,Poorly.
5702,q_28_main_0_30fps_frame0029.png,q_28_main_0_30fps_frame0029,**Poorly**
5702,q_29_main_0_30fps_frame0014.png,q_29_main_0_30fps_frame0014,**Poorly**
5702,q_29_main_0_30fps_frame0029.png,q_29_main_0_30fps_frame0029,**Poorly**
5702,q_2_main_1_30fps_frame0015.png,q_2_main_1_30fps_frame0015,Poorly.
5702,q_2_main_1_30fps_frame0030.png,q_2_main_1_30fps_frame0030,Poorly.
5702,q_30_main_0_30fps_frame0014.png,q_30_main_0_30fps_frame0014,Poorly.
5702,q_30_main_0_30fps_frame0029.png,q_30_main_0_30fps_frame0029,**Poorly**
5702,q_3_main_1_30fps_frame0014.png,q_3_main_1_30fps_frame0014,Poorly.
5702,q_3_main_1_30fps_frame0029.png,q_3_main_1_30fps_frame0029,Poorly.
5702,q_4_main_0_30fps_frame0015.png,q_4_main_0_30fps_frame0015,**Poorly**
5702,q_4_main_0_30fps_frame0030.png,q_4_main_0_30fps_frame0030,**Poorly**
5702,q_5_main_0_30fps_frame0015.png,q_5_main_0_30fps_frame0015,Poorly.
5702,q_5_main_0_30fps_frame0030.png,q_5_main_0_30fps_frame0030,**Poorly**
5702,q_6_main_0_30fps_frame0015.png,q_6_main_0_30fps_frame0015,Poorly.
5702,q_6_main_0_30fps_frame0030.png,q_6_main_0_30fps_frame0030,Poorly.
5702,q_7_main_1_30fps_frame0014.png,q_7_main_1_30fps_frame0014,Poorly.
5702,q_7_main_1_30fps_frame0029.png,q_7_main_1_30fps_frame0029,Poorly.
5702,q_8_main_0_30fps_frame0015.png,q_8_main_0_30fps_frame0015,Poorly.
5702,q_8_main_0_30fps_frame0030.png,q_8_main_0_30fps_frame0030,Poorly.
5702,q_9_main_1_30fps_frame0014.png,q_9_main_1_30fps_frame0014,Poorly.
5702,q_9_main_1_30fps_frame0029.png,q_9_main_1_30fps_frame0029,**Poorly**
5702,q_warmup_3_main_1_30fps_frame0015.png,q_warmup_3_main_1_30fps_frame0015,Poorly.
5702,q_warmup_3_main_1_30fps_frame0030.png,q_warmup_3_main_1_30fps_frame0030,**Poorly**
5702,q_warmup_4_main_0_30fps_frame0014.png,q_warmup_4_main_0_30fps_frame0014,Poorly.
5702,q_warmup_4_main_0_30fps_frame0029.png,q_warmup_4_main_0_30fps_frame0029,Poorly.
5702,q_warmup_5_main_1_30fps_frame0015.png,q_warmup_5_main_1_30fps_frame0015,Poorly.
5702,q_warmup_5_main_1_30fps_frame0030.png,q_warmup_5_main_1_30fps_frame0030,Poorly.
6488,q_10_main_0_30fps_frame0015.png,q_10_main_0_30fps_frame0015,Poorly.
6488,q_10_main_0_30fps_frame0030.png,q_10_main_0_30fps_frame0030,Poorly.
6488,q_11_main_1_30fps_frame0015.png,q_11_main_1_30fps_frame0015,Unknown.
6488,q_11_main_1_30fps_frame0030.png,q_11_main_1_30fps_frame0030,Poorly.
6488,q_12_main_0_30fps_frame0014.png,q_12_main_0_30fps_frame0014,Poorly.
6488,q_12_main_0_30fps_frame0029.png,q_12_main_0_30fps_frame0029,Poorly.
6488,q_13_main_0_30fps_frame0015.png,q_13_main_0_30fps_frame0015,Poorly.
6488,q_13_main_0_30fps_frame0030.png,q_13_main_0_30fps_frame0030,Poorly.
6488,q_14_main_1_30fps_frame0014.png,q_14_main_1_30fps_frame0014,Poorly.
6488,q_14_main_1_30fps_frame0029.png,q_14_main_1_30fps_frame0029,Poorly.
6488,q_15_main_1_30fps_frame0015.png,q_15_main_1_30fps_frame0015,Poorly.
6488,q_15_main_1_30fps_frame0030.png,q_15_main_1_30fps_frame0030,Poorly.
6488,q_16_main_1_30fps_frame0015.png,q_16_main_1_30fps_frame0015,Poorly.
6488,q_16_main_1_30fps_frame0030.png,q_16_main_1_30fps_frame0030,Poorly.
6488,q_17_main_1_30fps_frame0015.png,q_17_main_1_30fps_frame0015,Poorly.
6488,q_17_main_1_30fps_frame0030.png,q_17_main_1_30fps_frame0030,Poorly.
6488,q_18_main_0_30fps_frame0014.png,q_18_main_0_30fps_frame0014,Poorly.
6488,q_18_main_0_30fps_frame0029.png,q_18_main_0_30fps_frame0029,Poorly.
6488,q_19_main_0_30fps_frame0015.png,q_19_main_0_30fps_frame0015,Poorly.
6488,q_19_main_0_30fps_frame0030.png,q_19_main_0_30fps_frame0030,Poorly.
6488,q_1_main_1_30fps_frame0014.png,q_1_main_1_30fps_frame0014,Poorly.
6488,q_1_main_1_30fps_frame0029.png,q_1_main_1_30fps_frame0029,Poorly.
6488,q_20_main_0_30fps_frame0015.png,q_20_main_0_30fps_frame0015,Poorly.
6488,q_20_main_0_30fps_frame0030.png,q_20_main_0_30fps_frame0030,Poorly.
6488,q_21_main_1_30fps_frame0015.png,q_21_main_1_30fps_frame0015,Poorly.
6488,q_21_main_1_30fps_frame0030.png,q_21_main_1_30fps_frame0030,Poorly.
6488,q_22_main_0_30fps_frame0014.png,q_22_main_0_30fps_frame0014,Poorly.
6488,q_22_main_0_30fps_frame0029.png,q_22_main_0_30fps_frame0029,Poorly.
6488,q_23_main_1_30fps_frame0015.png,q_23_main_1_30fps_frame0015,Poorly.
6488,q_23_main_1_30fps_frame0030.png,q_23_main_1_30fps_frame0030,Poorly.
6488,q_24_main_0_30fps_frame0015.png,q_24_main_0_30fps_frame0015,Poorly.
6488,q_24_main_0_30fps_frame0030.png,q_24_main_0_30fps_frame0030,Poorly.
6488,q_25_main_0_30fps_frame0015.png,q_25_main_0_30fps_frame0015,Poorly.
6488,q_25_main_0_30fps_frame0030.png,q_25_main_0_30fps_frame0030,Poorly.
6488,q_26_main_0_30fps_frame0014.png,q_26_main_0_30fps_frame0014,Poorly.
6488,q_26_main_0_30fps_frame0029.png,q_26_main_0_30fps_frame0029,Poorly.
6488,q_27_main_1_30fps_frame0014.png,q_27_main_1_30fps_frame0014,Poorly.
6488,q_27_main_1_30fps_frame0029.png,q_27_main_1_30fps_frame0029,Poorly.
6488,q_28_main_0_30fps_frame0014.png,q_28_main_0_30fps_frame0014,Poorly.
6488,q_28_main_0_30fps_frame0029.png,q_28_main_0_30fps_frame0029,Poorly.
6488,q_29_main_0_30fps_frame0014.png,q_29_main_0_30fps_frame0014,Poorly.
6488,q_29_main_0_30fps_frame0029.png,q_29_main_0_30fps_frame0029,Poorly.
6488,q_2_main_1_30fps_frame0015.png,q_2_main_1_30fps_frame0015,Poorly.
6488,q_2_main_1_30fps_frame0030.png,q_2_main_1_30fps_frame0030,Poorly.
6488,q_30_main_0_30fps_frame0015.png,q_30_main_0_30fps_frame0015,Poorly.
6488,q_30_main_0_30fps_frame0030.png,q_30_main_0_30fps_frame0030,Poorly.
6488,q_3_main_1_30fps_frame0015.png,q_3_main_1_30fps_frame0015,Poorly.
6488,q_3_main_1_30fps_frame0030.png,q_3_main_1_30fps_frame0030,Poorly.
6488,q_4_main_0_30fps_frame0014.png,q_4_main_0_30fps_frame0014,Poorly.
6488,q_4_main_0_30fps_frame0029.png,q_4_main_0_30fps_frame0029,Poorly.
6488,q_5_main_0_30fps_frame0015.png,q_5_main_0_30fps_frame0015,Poorly.
6488,q_5_main_0_30fps_frame0030.png,q_5_main_0_30fps_frame0030,Poorly.
6488,q_6_main_0_30fps_frame0015.png,q_6_main_0_30fps_frame0015,Poorly.
6488,q_6_main_0_30fps_frame0030.png,q_6_main_0_30fps_frame0030,Poorly.
6488,q_7_main_1_30fps_frame0015.png,q_7_main_1_30fps_frame0015,Poorly.
6488,q_7_main_1_30fps_frame0030.png,q_7_main_1_30fps_frame0030,Poorly.
6488,q_8_main_0_30fps_frame0015.png,q_8_main_0_30fps_frame0015,Poorly.
6488,q_8_main_0_30fps_frame0030.png,q_8_main_0_30fps_frame0030,Poorly.
6488,q_9_main_1_30fps_frame0014.png,q_9_main_1_30fps_frame0014,Poorly.
6488,q_9_main_1_30fps_frame0029.png,q_9_main_1_30fps_frame0029,Poorly.
6488,q_warmup_3_main_0_30fps_frame0015.png,q_warmup_3_main_0_30fps_frame0015,Poorly.
6488,q_warmup_3_main_0_30fps_frame0030.png,q_warmup_3_main_0_30fps_frame0030,Poorly.
6488,q_warmup_4_main_0_30fps_frame0014.png,q_warmup_4_main_0_30fps_frame0014,Poorly.
6488,q_warmup_4_main_0_30fps_frame0029.png,q_warmup_4_main_0_30fps_frame0029,Poorly.
6488,q_warmup_5_main_1_30fps_frame0015.png,q_warmup_5_main_1_30fps_frame0015,Poorly.
6488,q_warmup_5_main_1_30fps_frame0030.png,q_warmup_5_main_1_30fps_frame0030,Poorly.
7136,q_10_main_1_30fps_frame0015.png,q_10_main_1_30fps_frame0015,Poorly.
7136,q_10_main_1_30fps_frame0030.png,q_10_main_1_30fps_frame0030,Poorly.
7136,q_11_main_1_30fps_frame0014.png,q_11_main_1_30fps_frame0014,Poorly.
7136,q_11_main_1_30fps_frame0029.png,q_11_main_1_30fps_frame0029,Poorly.
7136,q_12_main_1_30fps_frame0015.png,q_12_main_1_30fps_frame0015,Poorly.
7136,q_12_main_1_30fps_frame0030.png,q_12_main_1_30fps_frame0030,Poorly.
7136,q_13_main_1_30fps_frame0014.png,q_13_main_1_30fps_frame0014,Poorly.
7136,q_13_main_1_30fps_frame0029.png,q_13_main_1_30fps_frame0029,Poorly.
7136,q_14_main_0_30fps_frame0014.png,q_14_main_0_30fps_frame0014,Poorly.
7136,q_14_main_0_30fps_frame0029.png,q_14_main_0_30fps_frame0029,Poorly.
7136,q_15_main_1_30fps_frame0014.png,q_15_main_1_30fps_frame0014,Poorly.
7136,q_15_main_1_30fps_frame0029.png,q_15_main_1_30fps_frame0029,Poorly.
7136,q_16_main_1_30fps_frame0015.png,q_16_main_1_30fps_frame0015,Poorly.
7136,q_16_main_1_30fps_frame0030.png,q_16_main_1_30fps_frame0030,Poorly.
7136,q_17_main_1_30fps_frame0014.png,q_17_main_1_30fps_frame0014,Poorly.
7136,q_17_main_1_30fps_frame0029.png,q_17_main_1_30fps_frame0029,Poorly.
7136,q_18_main_1_30fps_frame0015.png,q_18_main_1_30fps_frame0015,Poorly.
7136,q_18_main_1_30fps_frame0030.png,q_18_main_1_30fps_frame0030,Poorly.
7136,q_19_main_0_30fps_frame0015.png,q_19_main_0_30fps_frame0015,Poorly.
7136,q_19_main_0_30fps_frame0030.png,q_19_main_0_30fps_frame0030,Poorly.
7136,q_1_main_0_30fps_frame0013.png,q_1_main_0_30fps_frame0013,Poorly.
7136,q_1_main_0_30fps_frame0028.png,q_1_main_0_30fps_frame0028,Poorly.
7136,q_20_main_0_30fps_frame0015.png,q_20_main_0_30fps_frame0015,Poorly.
7136,q_20_main_0_30fps_frame0030.png,q_20_main_0_30fps_frame0030,Poorly.
7136,q_21_main_0_30fps_frame0014.png,q_21_main_0_30fps_frame0014,Poorly.
7136,q_21_main_0_30fps_frame0029.png,q_21_main_0_30fps_frame0029,Poorly.
7136,q_22_main_1_30fps_frame0014.png,q_22_main_1_30fps_frame0014,Poorly.
7136,q_22_main_1_30fps_frame0029.png,q_22_main_1_30fps_frame0029,Poorly.
7136,q_23_main_0_30fps_frame0015.png,q_23_main_0_30fps_frame0015,Poorly.
7136,q_23_main_0_30fps_frame0030.png,q_23_main_0_30fps_frame0030,Poorly.
7136,q_24_main_0_30fps_frame0015.png,q_24_main_0_30fps_frame0015,Poorly.
7136,q_24_main_0_30fps_frame0030.png,q_24_main_0_30fps_frame0030,Poorly.
7136,q_25_main_0_30fps_frame0015.png,q_25_main_0_30fps_frame0015,Poorly.
7136,q_25_main_0_30fps_frame0030.png,q_25_main_0_30fps_frame0030,Poorly.
7136,q_26_main_0_30fps_frame0014.png,q_26_main_0_30fps_frame0014,Poorly.
7136,q_26_main_0_30fps_frame0029.png,q_26_main_0_30fps_frame0029,Poorly.
7136,q_27_main_1_30fps_frame0014.png,q_27_main_1_30fps_frame0014,Poorly.
7136,q_27_main_1_30fps_frame0029.png,q_27_main_1_30fps_frame0029,Poorly.
7136,q_28_main_0_30fps_frame0015.png,q_28_main_0_30fps_frame0015,Poorly.
7136,q_28_main_0_30fps_frame0030.png,q_28_main_0_30fps_frame0030,Poorly.
7136,q_29_main_0_30fps_frame0014.png,q_29_main_0_30fps_frame0014,Poorly.
7136,q_29_main_0_30fps_frame0029.png,q_29_main_0_30fps_frame0029,Poorly.
7136,q_2_main_1_30fps_frame0014.png,q_2_main_1_30fps_frame0014,Poorly.
7136,q_2_main_1_30fps_frame0029.png,q_2_main_1_30fps_frame0029,Poorly.
7136,q_30_main_0_30fps_frame0014.png,q_30_main_0_30fps_frame0014,Poorly.
7136,q_30_main_0_30fps_frame0029.png,q_30_main_0_30fps_frame0029,Poorly.
7136,q_3_main_1_30fps_frame0015.png,q_3_main_1_30fps_frame0015,Poorly.
7136,q_3_main_1_30fps_frame0030.png,q_3_main_1_30fps_frame0030,Poorly.
7136,q_4_main_1_30fps_frame0014.png,q_4_main_1_30fps_frame0014,Poorly.
7136,q_4_main_1_30fps_frame0029.png,q_4_main_1_30fps_frame0029,Poorly.
7136,q_5_main_0_30fps_frame0015.png,q_5_main_0_30fps_frame0015,Poorly.
7136,q_5_main_0_30fps_frame0030.png,q_5_main_0_30fps_frame0030,Poorly.
7136,q_6_main_0_30fps_frame0015.png,q_6_main_0_30fps_frame0015,Poorly.
7136,q_6_main_0_30fps_frame0030.png,q_6_main_0_30fps_frame0030,Poorly.
7136,q_7_main_0_30fps_frame0015.png,q_7_main_0_30fps_frame0015,Poorly.
7136,q_7_main_0_30fps_frame0030.png,q_7_main_0_30fps_frame0030,Poorly.
7136,q_8_main_0_30fps_frame0015.png,q_8_main_0_30fps_frame0015,Poorly.
7136,q_8_main_0_30fps_frame0030.png,q_8_main_0_30fps_frame0030,Poorly.
7136,q_9_main_0_30fps_frame0015.png,q_9_main_0_30fps_frame0015,Poorly.
7136,q_9_main_0_30fps_frame0030.png,q_9_main_0_30fps_frame0030,Poorly.
7136,q_warmup_3_main_0_30fps_frame0014.png,q_warmup_3_main_0_30fps_frame0014,Poorly.
7136,q_warmup_3_main_0_30fps_frame0029.png,q_warmup_3_main_0_30fps_frame0029,Poorly.
7136,q_warmup_4_main_0_30fps_frame0014.png,q_warmup_4_main_0_30fps_frame0014,Poorly.
7136,q_warmup_4_main_0_30fps_frame0029.png,q_warmup_4_main_0_30fps_frame0029,Poorly.
7136,q_warmup_5_main_1_30fps_frame0015.png,q_warmup_5_main_1_30fps_frame0015,Poorly.
7136,q_warmup_5_main_1_30fps_frame0030.png,q_warmup_5_main_1_30fps_frame0030,Poorly.
7782,q_10_main_0_30fps_frame0014.png,q_10_main_0_30fps_frame0014,Poorly.
7782,q_10_main_0_30fps_frame0029.png,q_10_main_0_30fps_frame0029,Poorly.
7782,q_11_main_1_30fps_frame0012.png,q_11_main_1_30fps_frame0012,Poorly.
7782,q_11_main_1_30fps_frame0027.png,q_11_main_1_30fps_frame0027,Poorly.
7782,q_12_main_0_30fps_frame0014.png,q_12_main_0_30fps_frame0014,Poorly.
7782,q_12_main_0_30fps_frame0029.png,q_12_main_0_30fps_frame0029,Poorly.
7782,q_13_main_0_30fps_frame0015.png,q_13_main_0_30fps_frame0015,Poorly.
7782,q_13_main_0_30fps_frame0030.png,q_13_main_0_30fps_frame0030,Poorly.
7782,q_14_main_0_30fps_frame0015.png,q_14_main_0_30fps_frame0015,Poorly.
7782,q_14_main_0_30fps_frame0030.png,q_14_main_0_30fps_frame0030,Poorly.
7782,q_15_main_1_30fps_frame0012.png,q_15_main_1_30fps_frame0012,Poorly.
7782,q_15_main_1_30fps_frame0027.png,q_15_main_1_30fps_frame0027,Poorly.
7782,q_16_main_1_30fps_frame0014.png,q_16_main_1_30fps_frame0014,Poorly.
7782,q_16_main_1_30fps_frame0029.png,q_16_main_1_30fps_frame0029,Poorly.
7782,q_17_main_0_30fps_frame0014.png,q_17_main_0_30fps_frame0014,Poorly.
7782,q_17_main_0_30fps_frame0029.png,q_17_main_0_30fps_frame0029,Poorly.
7782,q_18_main_0_30fps_frame0014.png,q_18_main_0_30fps_frame0014,Poorly.
7782,q_18_main_0_30fps_frame0029.png,q_18_main_0_30fps_frame0029,Poorly.
7782,q_19_main_0_30fps_frame0015.png,q_19_main_0_30fps_frame0015,Poorly.
7782,q_19_main_0_30fps_frame0030.png,q_19_main_0_30fps_frame0030,Poorly.
7782,q_1_main_0_30fps_frame0015.png,q_1_main_0_30fps_frame0015,Poorly.
7782,q_1_main_0_30fps_frame0030.png,q_1_main_0_30fps_frame0030,Poorly.
7782,q_20_main_0_30fps_frame0015.png,q_20_main_0_30fps_frame0015,Poorly.
7782,q_20_main_0_30fps_frame0030.png,q_20_main_0_30fps_frame0030,Poorly.
7782,q_21_main_0_30fps_frame0014.png,q_21_main_0_30fps_frame0014,Poorly.
7782,q_21_main_0_30fps_frame0029.png,q_21_main_0_30fps_frame0029,Poorly.
7782,q_22_main_0_30fps_frame0014.png,q_22_main_0_30fps_frame0014,Poorly.
7782,q_22_main_0_30fps_frame0029.png,q_22_main_0_30fps_frame0029,Poorly.
7782,q_23_main_0_30fps_frame0014.png,q_23_main_0_30fps_frame0014,Poorly.
7782,q_23_main_0_30fps_frame0029.png,q_23_main_0_30fps_frame0029,Poorly.
7782,q_24_main_0_30fps_frame0014.png,q_24_main_0_30fps_frame0014,Poorly.
7782,q_24_main_0_30fps_frame0029.png,q_24_main_0_30fps_frame0029,Poorly.
7782,q_25_main_0_30fps_frame0014.png,q_25_main_0_30fps_frame0014,Poorly.
7782,q_25_main_0_30fps_frame0029.png,q_25_main_0_30fps_frame0029,Poorly.
7782,q_26_main_0_30fps_frame0013.png,q_26_main_0_30fps_frame0013,Poorly.
7782,q_26_main_0_30fps_frame0028.png,q_26_main_0_30fps_frame0028,Poorly.
7782,q_27_main_0_30fps_frame0015.png,q_27_main_0_30fps_frame0015,Poorly.
7782,q_27_main_0_30fps_frame0030.png,q_27_main_0_30fps_frame0030,Poorly.
7782,q_28_main_0_30fps_frame0014.png,q_28_main_0_30fps_frame0014,Poorly.
7782,q_28_main_0_30fps_frame0029.png,q_28_main_0_30fps_frame0029,Poorly.
7782,q_29_main_0_30fps_frame0014.png,q_29_main_0_30fps_frame0014,Poorly.
7782,q_29_main_0_30fps_frame0029.png,q_29_main_0_30fps_frame0029,Poorly.
7782,q_2_main_1_30fps_frame0014.png,q_2_main_1_30fps_frame0014,Poorly.
7782,q_2_main_1_30fps_frame0029.png,q_2_main_1_30fps_frame0029,Poorly.
7782,q_30_main_0_30fps_frame0014.png,q_30_main_0_30fps_frame0014,Poorly.
7782,q_30_main_0_30fps_frame0029.png,q_30_main_0_30fps_frame0029,Poorly.
7782,q_3_main_1_30fps_frame0014.png,q_3_main_1_30fps_frame0014,Poorly.
7782,q_3_main_1_30fps_frame0029.png,q_3_main_1_30fps_frame0029,Poorly.
7782,q_4_main_1_30fps_frame0015.png,q_4_main_1_30fps_frame0015,Poorly.
7782,q_4_main_1_30fps_frame0030.png,q_4_main_1_30fps_frame0030,Unknown.
7782,q_5_main_0_30fps_frame0014.png,q_5_main_0_30fps_frame0014,Poorly.
7782,q_5_main_0_30fps_frame0029.png,q_5_main_0_30fps_frame0029,Poorly.
7782,q_6_main_0_30fps_frame0014.png,q_6_main_0_30fps_frame0014,Poorly.
7782,q_6_main_0_30fps_frame0029.png,q_6_main_0_30fps_frame0029,Poorly.
7782,q_7_main_0_30fps_frame0014.png,q_7_main_0_30fps_frame0014,Poorly.
7782,q_7_main_0_30fps_frame0029.png,q_7_main_0_30fps_frame0029,Poorly.
7782,q_8_main_0_30fps_frame0014.png,q_8_main_0_30fps_frame0014,Poorly.
7782,q_8_main_0_30fps_frame0029.png,q_8_main_0_30fps_frame0029,Unknown.
7782,q_9_main_0_30fps_frame0014.png,q_9_main_0_30fps_frame0014,Poorly.
7782,q_9_main_0_30fps_frame0029.png,q_9_main_0_30fps_frame0029,Poorly.
7782,q_warmup_3_main_1_30fps_frame0013.png,q_warmup_3_main_1_30fps_frame0013,Poorly.
7782,q_warmup_3_main_1_30fps_frame0028.png,q_warmup_3_main_1_30fps_frame0028,Poorly.
7782,q_warmup_4_main_0_30fps_frame0015.png,q_warmup_4_main_0_30fps_frame0015,Poorly.
7782,q_warmup_4_main_0_30fps_frame0030.png,q_warmup_4_main_0_30fps_frame0030,Poorly.
7782,q_warmup_5_main_1_30fps_frame0014.png,q_warmup_5_main_1_30fps_frame0014,Poorly.
7782,q_warmup_5_main_1_30fps_frame0029.png,q_warmup_5_main_1_30fps_frame0029,Poorly.
7797,q_10_main_0_30fps_frame0014.png,q_10_main_0_30fps_frame0014,Poorly.
7797,q_10_main_0_30fps_frame0029.png,q_10_main_0_30fps_frame0029,Poorly.
7797,q_11_main_1_30fps_frame0015.png,q_11_main_1_30fps_frame0015,Poorly.
7797,q_11_main_1_30fps_frame0030.png,q_11_main_1_30fps_frame0030,Poorly.
7797,q_12_main_1_30fps_frame0015.png,q_12_main_1_30fps_frame0015,Poorly.
7797,q_12_main_1_30fps_frame0030.png,q_12_main_1_30fps_frame0030,Poorly.
7797,q_13_main_1_30fps_frame0015.png,q_13_main_1_30fps_frame0015,Poorly.
7797,q_13_main_1_30fps_frame0030.png,q_13_main_1_30fps_frame0030,Poorly.
7797,q_14_main_0_30fps_frame0013.png,q_14_main_0_30fps_frame0013,Poorly.
7797,q_14_main_0_30fps_frame0028.png,q_14_main_0_30fps_frame0028,Poorly.
7797,q_15_main_1_30fps_frame0014.png,q_15_main_1_30fps_frame0014,Poorly.
7797,q_15_main_1_30fps_frame0029.png,q_15_main_1_30fps_frame0029,Poorly.
7797,q_16_main_1_30fps_frame0014.png,q_16_main_1_30fps_frame0014,Poorly.
7797,q_16_main_1_30fps_frame0029.png,q_16_main_1_30fps_frame0029,Poorly.
7797,q_17_main_1_30fps_frame0014.png,q_17_main_1_30fps_frame0014,Poorly.
7797,q_17_main_1_30fps_frame0029.png,q_17_main_1_30fps_frame0029,Poorly.
7797,q_18_main_0_30fps_frame0015.png,q_18_main_0_30fps_frame0015,Poorly.
7797,q_18_main_0_30fps_frame0030.png,q_18_main_0_30fps_frame0030,Poorly.
7797,q_19_main_0_30fps_frame0015.png,q_19_main_0_30fps_frame0015,Poorly.
7797,q_19_main_0_30fps_frame0030.png,q_19_main_0_30fps_frame0030,Poorly.
7797,q_1_main_0_30fps_frame0014.png,q_1_main_0_30fps_frame0014,Poorly.
7797,q_1_main_0_30fps_frame0029.png,q_1_main_0_30fps_frame0029,Poorly.
7797,q_20_main_0_30fps_frame0014.png,q_20_main_0_30fps_frame0014,Poorly.
7797,q_20_main_0_30fps_frame0029.png,q_20_main_0_30fps_frame0029,Poorly.
7797,q_21_main_0_30fps_frame0014.png,q_21_main_0_30fps_frame0014,Poorly.
7797,q_21_main_0_30fps_frame0029.png,q_21_main_0_30fps_frame0029,Poorly.
7797,q_22_main_0_30fps_frame0013.png,q_22_main_0_30fps_frame0013,Poorly.
7797,q_22_main_0_30fps_frame0028.png,q_22_main_0_30fps_frame0028,Poorly.
7797,q_23_main_0_30fps_frame0014.png,q_23_main_0_30fps_frame0014,Poorly.
7797,q_23_main_0_30fps_frame0029.png,q_23_main_0_30fps_frame0029,Poorly.
7797,q_24_main_0_30fps_frame0014.png,q_24_main_0_30fps_frame0014,Poorly.
7797,q_24_main_0_30fps_frame0029.png,q_24_main_0_30fps_frame0029,Poorly.
7797,q_25_main_0_30fps_frame0015.png,q_25_main_0_30fps_frame0015,Poorly.
7797,q_25_main_0_30fps_frame0030.png,q_25_main_0_30fps_frame0030,Poorly.
7797,q_26_main_1_30fps_frame0014.png,q_26_main_1_30fps_frame0014,Poorly.
7797,q_26_main_1_30fps_frame0029.png,q_26_main_1_30fps_frame0029,Poorly.
7797,q_27_main_1_30fps_frame0015.png,q_27_main_1_30fps_frame0015,Poorly.
7797,q_27_main_1_30fps_frame0030.png,q_27_main_1_30fps_frame0030,Poorly.
7797,q_28_main_1_30fps_frame0014.png,q_28_main_1_30fps_frame0014,Poorly.
7797,q_28_main_1_30fps_frame0029.png,q_28_main_1_30fps_frame0029,Poorly.
7797,q_29_main_0_30fps_frame0014.png,q_29_main_0_30fps_frame0014,Poorly.
7797,q_29_main_0_30fps_frame0029.png,q_29_main_0_30fps_frame0029,Poorly.
7797,q_2_main_1_30fps_frame0014.png,q_2_main_1_30fps_frame0014,Poorly.
7797,q_2_main_1_30fps_frame0029.png,q_2_main_1_30fps_frame0029,Poorly.
7797,q_30_main_0_30fps_frame0014.png,q_30_main_0_30fps_frame0014,Poorly.
7797,q_30_main_0_30fps_frame0029.png,q_30_main_0_30fps_frame0029,Poorly.
7797,q_3_main_1_30fps_frame0015.png,q_3_main_1_30fps_frame0015,Poorly.
7797,q_3_main_1_30fps_frame0030.png,q_3_main_1_30fps_frame0030,Poorly.
7797,q_4_main_1_30fps_frame0014.png,q_4_main_1_30fps_frame0014,Poorly.
7797,q_4_main_1_30fps_frame0029.png,q_4_main_1_30fps_frame0029,Poorly.
7797,q_5_main_0_30fps_frame0015.png,q_5_main_0_30fps_frame0015,Poorly.
7797,q_5_main_0_30fps_frame0030.png,q_5_main_0_30fps_frame0030,Poorly.
7797,q_6_main_0_30fps_frame0015.png,q_6_main_0_30fps_frame0015,Poorly.
7797,q_6_main_0_30fps_frame0030.png,q_6_main_0_30fps_frame0030,Poorly.
7797,q_7_main_1_30fps_frame0015.png,q_7_main_1_30fps_frame0015,Poorly.
7797,q_7_main_1_30fps_frame0030.png,q_7_main_1_30fps_frame0030,Poorly.
7797,q_8_main_0_30fps_frame0014.png,q_8_main_0_30fps_frame0014,Poorly.
7797,q_8_main_0_30fps_frame0029.png,q_8_main_0_30fps_frame0029,Poorly.
7797,q_9_main_1_30fps_frame0014.png,q_9_main_1_30fps_frame0014,Poorly.
7797,q_9_main_1_30fps_frame0029.png,q_9_main_1_30fps_frame0029,Poorly.
7797,q_warmup_3_main_1_30fps_frame0006.png,q_warmup_3_main_1_30fps_frame0006,Poorly.
7797,q_warmup_3_main_1_30fps_frame0021.png,q_warmup_3_main_1_30fps_frame0021,Poorly.
7797,q_warmup_4_main_0_30fps_frame0015.png,q_warmup_4_main_0_30fps_frame0015,Poorly.
7797,q_warmup_4_main_0_30fps_frame0030.png,q_warmup_4_main_0_30fps_frame0030,Poorly.
7797,q_warmup_5_main_0_30fps_frame0015.png,q_warmup_5_main_0_30fps_frame0015,Poorly.
7797,q_warmup_5_main_0_30fps_frame0030.png,q_warmup_5_main_0_30fps_frame0030,Poorly.
8184,q_10_main_0_30fps_frame0015.png,q_10_main_0_30fps_frame0015,Poorly.
8184,q_10_main_0_30fps_frame0030.png,q_10_main_0_30fps_frame0030,Poorly.
8184,q_11_main_0_30fps_frame0014.png,q_11_main_0_30fps_frame0014,Poorly.
8184,q_11_main_0_30fps_frame0029.png,q_11_main_0_30fps_frame0029,Poorly.
8184,q_12_main_0_30fps_frame0015.png,q_12_main_0_30fps_frame0015,Poorly.
8184,q_12_main_0_30fps_frame0030.png,q_12_main_0_30fps_frame0030,Poorly.
8184,q_13_main_0_30fps_frame0015.png,q_13_main_0_30fps_frame0015,Poorly.
8184,q_13_main_0_30fps_frame0030.png,q_13_main_0_30fps_frame0030,Poorly.
8184,q_14_main_0_30fps_frame0014.png,q_14_main_0_30fps_frame0014,Poorly.
8184,q_14_main_0_30fps_frame0029.png,q_14_main_0_30fps_frame0029,Poorly.
8184,q_15_main_1_30fps_frame0014.png,q_15_main_1_30fps_frame0014,Poorly.
8184,q_15_main_1_30fps_frame0029.png,q_15_main_1_30fps_frame0029,Poorly.
8184,q_16_main_1_30fps_frame0015.png,q_16_main_1_30fps_frame0015,Poorly.
8184,q_16_main_1_30fps_frame0030.png,q_16_main_1_30fps_frame0030,Poorly.
8184,q_17_main_1_30fps_frame0014.png,q_17_main_1_30fps_frame0014,Poorly.
8184,q_17_main_1_30fps_frame0029.png,q_17_main_1_30fps_frame0029,Poorly.
8184,q_18_main_0_30fps_frame0015.png,q_18_main_0_30fps_frame0015,Poorly.
8184,q_18_main_0_30fps_frame0030.png,q_18_main_0_30fps_frame0030,Poorly.
8184,q_19_main_0_30fps_frame0015.png,q_19_main_0_30fps_frame0015,Poorly.
8184,q_19_main_0_30fps_frame0030.png,q_19_main_0_30fps_frame0030,Poorly.
8184,q_1_main_0_30fps_frame0014.png,q_1_main_0_30fps_frame0014,Poorly.
8184,q_1_main_0_30fps_frame0029.png,q_1_main_0_30fps_frame0029,Poorly.
8184,q_20_main_0_30fps_frame0014.png,q_20_main_0_30fps_frame0014,Poorly.
8184,q_20_main_0_30fps_frame0029.png,q_20_main_0_30fps_frame0029,Poorly.
8184,q_21_main_0_30fps_frame0014.png,q_21_main_0_30fps_frame0014,Poorly.
8184,q_21_main_0_30fps_frame0029.png,q_21_main_0_30fps_frame0029,Poorly.
8184,q_22_main_0_30fps_frame0014.png,q_22_main_0_30fps_frame0014,Poorly.
8184,q_22_main_0_30fps_frame0029.png,q_22_main_0_30fps_frame0029,Poorly.
8184,q_23_main_0_30fps_frame0015.png,q_23_main_0_30fps_frame0015,Poorly.
8184,q_23_main_0_30fps_frame0030.png,q_23_main_0_30fps_frame0030,Poorly.
8184,q_24_main_0_30fps_frame0015.png,q_24_main_0_30fps_frame0015,Poorly.
8184,q_24_main_0_30fps_frame0030.png,q_24_main_0_30fps_frame0030,Poorly.
8184,q_25_main_0_30fps_frame0015.png,q_25_main_0_30fps_frame0015,Poorly.
8184,q_25_main_0_30fps_frame0030.png,q_25_main_0_30fps_frame0030,Poorly.
8184,q_26_main_0_30fps_frame0015.png,q_26_main_0_30fps_frame0015,Poorly.
8184,q_26_main_0_30fps_frame0030.png,q_26_main_0_30fps_frame0030,Poorly.
8184,q_27_main_0_30fps_frame0014.png,q_27_main_0_30fps_frame0014,Poorly.
8184,q_27_main_0_30fps_frame0029.png,q_27_main_0_30fps_frame0029,Poorly.
8184,q_28_main_0_30fps_frame0014.png,q_28_main_0_30fps_frame0014,Poorly.
8184,q_28_main_0_30fps_frame0029.png,q_28_main_0_30fps_frame0029,Poorly.
8184,q_29_main_0_30fps_frame0014.png,q_29_main_0_30fps_frame0014,Poorly.
8184,q_29_main_0_30fps_frame0029.png,q_29_main_0_30fps_frame0029,Poorly.
8184,q_2_main_1_30fps_frame0015.png,q_2_main_1_30fps_frame0015,Poorly.
8184,q_2_main_1_30fps_frame0030.png,q_2_main_1_30fps_frame0030,Poorly.
8184,q_30_main_0_30fps_frame0014.png,q_30_main_0_30fps_frame0014,Poorly.
8184,q_30_main_0_30fps_frame0029.png,q_30_main_0_30fps_frame0029,Poorly.
8184,q_3_main_1_30fps_frame0015.png,q_3_main_1_30fps_frame0015,Poorly.
8184,q_3_main_1_30fps_frame0030.png,q_3_main_1_30fps_frame0030,Poorly.
8184,q_4_main_1_30fps_frame0015.png,q_4_main_1_30fps_frame0015,Poorly.
8184,q_4_main_1_30fps_frame0030.png,q_4_main_1_30fps_frame0030,Poorly.
8184,q_5_main_0_30fps_frame0015.png,q_5_main_0_30fps_frame0015,Poorly.
8184,q_5_main_0_30fps_frame0030.png,q_5_main_0_30fps_frame0030,Poorly.
8184,q_6_main_1_30fps_frame0015.png,q_6_main_1_30fps_frame0015,Poorly.
8184,q_6_main_1_30fps_frame0030.png,q_6_main_1_30fps_frame0030,Poorly.
8184,q_7_main_1_30fps_frame0015.png,q_7_main_1_30fps_frame0015,Poorly.
8184,q_7_main_1_30fps_frame0030.png,q_7_main_1_30fps_frame0030,Poorly.
8184,q_8_main_0_30fps_frame0015.png,q_8_main_0_30fps_frame0015,Poorly.
8184,q_8_main_0_30fps_frame0030.png,q_8_main_0_30fps_frame0030,Poorly.
8184,q_9_main_1_30fps_frame0014.png,q_9_main_1_30fps_frame0014,Poorly.
8184,q_9_main_1_30fps_frame0029.png,q_9_main_1_30fps_frame0029,Poorly.
8184,q_warmup_3_main_1_30fps_frame0014.png,q_warmup_3_main_1_30fps_frame0014,Poorly.
8184,q_warmup_3_main_1_30fps_frame0029.png,q_warmup_3_main_1_30fps_frame0029,Poorly.
8184,q_warmup_4_main_0_30fps_frame0014.png,q_warmup_4_main_0_30fps_frame0014,Poorly.
8184,q_warmup_4_main_0_30fps_frame0029.png,q_warmup_4_main_0_30fps_frame0029,Poorly.
8184,q_warmup_5_main_1_30fps_frame0015.png,q_warmup_5_main_1_30fps_frame0015,Poorly.
8184,q_warmup_5_main_1_30fps_frame0030.png,q_warmup_5_main_1_30fps_frame0030,Poorly.
8436,q_10_main_0_30fps_frame0015.png,q_10_main_0_30fps_frame0015,Poorly.
8436,q_10_main_0_30fps_frame0030.png,q_10_main_0_30fps_frame0030,Poorly.
8436,q_11_main_1_30fps_frame0015.png,q_11_main_1_30fps_frame0015,Poorly.
8436,q_11_main_1_30fps_frame0030.png,q_11_main_1_30fps_frame0030,Poorly.
8436,q_12_main_1_30fps_frame0014.png,q_12_main_1_30fps_frame0014,Poorly.
8436,q_12_main_1_30fps_frame0029.png,q_12_main_1_30fps_frame0029,Poorly.
8436,q_13_main_1_30fps_frame0015.png,q_13_main_1_30fps_frame0015,Poorly.
8436,q_13_main_1_30fps_frame0030.png,q_13_main_1_30fps_frame0030,Poorly.
8436,q_14_main_0_30fps_frame0014.png,q_14_main_0_30fps_frame0014,Poorly.
8436,q_14_main_0_30fps_frame0029.png,q_14_main_0_30fps_frame0029,Poorly.
8436,q_15_main_1_30fps_frame0014.png,q_15_main_1_30fps_frame0014,Poorly.
8436,q_15_main_1_30fps_frame0029.png,q_15_main_1_30fps_frame0029,Poorly.
8436,q_16_main_1_30fps_frame0015.png,q_16_main_1_30fps_frame0015,Poorly.
8436,q_16_main_1_30fps_frame0030.png,q_16_main_1_30fps_frame0030,Poorly.
8436,q_17_main_0_30fps_frame0015.png,q_17_main_0_30fps_frame0015,Poorly.
8436,q_17_main_0_30fps_frame0030.png,q_17_main_0_30fps_frame0030,Poorly.
8436,q_18_main_0_30fps_frame0015.png,q_18_main_0_30fps_frame0015,Poorly.
8436,q_18_main_0_30fps_frame0030.png,q_18_main_0_30fps_frame0030,Poorly.
8436,q_19_main_0_30fps_frame0015.png,q_19_main_0_30fps_frame0015,Poorly.
8436,q_19_main_0_30fps_frame0030.png,q_19_main_0_30fps_frame0030,Poorly.
8436,q_1_main_0_30fps_frame0014.png,q_1_main_0_30fps_frame0014,Poorly.
8436,q_1_main_0_30fps_frame0029.png,q_1_main_0_30fps_frame0029,Poorly.
8436,q_20_main_0_30fps_frame0014.png,q_20_main_0_30fps_frame0014,Poorly.
8436,q_20_main_0_30fps_frame0029.png,q_20_main_0_30fps_frame0029,Poorly.
8436,q_21_main_1_30fps_frame0015.png,q_21_main_1_30fps_frame0015,Poorly.
8436,q_21_main_1_30fps_frame0030.png,q_21_main_1_30fps_frame0030,Poorly.
8436,q_22_main_0_30fps_frame0014.png,q_22_main_0_30fps_frame0014,Poorly.
8436,q_22_main_0_30fps_frame0029.png,q_22_main_0_30fps_frame0029,Poorly.
8436,q_23_main_1_30fps_frame0015.png,q_23_main_1_30fps_frame0015,Poorly.
8436,q_23_main_1_30fps_frame0030.png,q_23_main_1_30fps_frame0030,Poorly.
8436,q_24_main_0_30fps_frame0015.png,q_24_main_0_30fps_frame0015,Poorly.
8436,q_24_main_0_30fps_frame0030.png,q_24_main_0_30fps_frame0030,Poorly.
8436,q_25_main_0_30fps_frame0015.png,q_25_main_0_30fps_frame0015,Poorly.
8436,q_25_main_0_30fps_frame0030.png,q_25_main_0_30fps_frame0030,Poorly.
8436,q_26_main_0_30fps_frame0015.png,q_26_main_0_30fps_frame0015,Poorly.
8436,q_26_main_0_30fps_frame0030.png,q_26_main_0_30fps_frame0030,Poorly.
8436,q_27_main_1_30fps_frame0014.png,q_27_main_1_30fps_frame0014,Poorly.
8436,q_27_main_1_30fps_frame0029.png,q_27_main_1_30fps_frame0029,Poorly.
8436,q_28_main_0_30fps_frame0014.png,q_28_main_0_30fps_frame0014,Poorly.
8436,q_28_main_0_30fps_frame0029.png,q_28_main_0_30fps_frame0029,Poorly.
8436,q_29_main_0_30fps_frame0015.png,q_29_main_0_30fps_frame0015,Poorly.
8436,q_29_main_0_30fps_frame0030.png,q_29_main_0_30fps_frame0030,Poorly.
8436,q_2_main_1_30fps_frame0015.png,q_2_main_1_30fps_frame0015,Poorly.
8436,q_2_main_1_30fps_frame0030.png,q_2_main_1_30fps_frame0030,Poorly.
8436,q_30_main_1_30fps_frame0014.png,q_30_main_1_30fps_frame0014,Poorly.
8436,q_30_main_1_30fps_frame0029.png,q_30_main_1_30fps_frame0029,Poorly.
8436,q_3_main_1_30fps_frame0015.png,q_3_main_1_30fps_frame0015,Poorly.
8436,q_3_main_1_30fps_frame0030.png,q_3_main_1_30fps_frame0030,Poorly.
8436,q_4_main_1_30fps_frame0013.png,q_4_main_1_30fps_frame0013,Poorly.
8436,q_4_main_1_30fps_frame0028.png,q_4_main_1_30fps_frame0028,Poorly.
8436,q_5_main_0_30fps_frame0014.png,q_5_main_0_30fps_frame0014,Poorly.
8436,q_5_main_0_30fps_frame0029.png,q_5_main_0_30fps_frame0029,Poorly.
8436,q_6_main_0_30fps_frame0015.png,q_6_main_0_30fps_frame0015,Poorly.
8436,q_6_main_0_30fps_frame0030.png,q_6_main_0_30fps_frame0030,Poorly.
8436,q_7_main_1_30fps_frame0015.png,q_7_main_1_30fps_frame0015,Poorly.
8436,q_7_main_1_30fps_frame0030.png,q_7_main_1_30fps_frame0030,Poorly.
8436,q_8_main_1_30fps_frame0014.png,q_8_main_1_30fps_frame0014,Poorly.
8436,q_8_main_1_30fps_frame0029.png,q_8_main_1_30fps_frame0029,Poorly.
8436,q_9_main_1_30fps_frame0014.png,q_9_main_1_30fps_frame0014,Poorly.
8436,q_9_main_1_30fps_frame0029.png,q_9_main_1_30fps_frame0029,Poorly.
8436,q_warmup_3_main_1_30fps_frame0015.png,q_warmup_3_main_1_30fps_frame0015,Poorly.
8436,q_warmup_3_main_1_30fps_frame0030.png,q_warmup_3_main_1_30fps_frame0030,Poorly.
8436,q_warmup_4_main_0_30fps_frame0015.png,q_warmup_4_main_0_30fps_frame0015,Poorly.
8436,q_warmup_4_main_0_30fps_frame0030.png,q_warmup_4_main_0_30fps_frame0030,Poorly.
8436,q_warmup_5_main_0_30fps_frame0014.png,q_warmup_5_main_0_30fps_frame0014,Poorly.
8436,q_warmup_5_main_0_30fps_frame0029.png,q_warmup_5_main_0_30fps_frame0029,Poorly.
8758,q_10_main_1_30fps_frame0015.png,q_10_main_1_30fps_frame0015,Poorly.
8758,q_10_main_1_30fps_frame0030.png,q_10_main_1_30fps_frame0030,Poorly.
8758,q_11_main_1_30fps_frame0013.png,q_11_main_1_30fps_frame0013,Poorly.
8758,q_11_main_1_30fps_frame0028.png,q_11_main_1_30fps_frame0028,Poorly.
8758,q_12_main_1_30fps_frame0015.png,q_12_main_1_30fps_frame0015,Poorly.
8758,q_12_main_1_30fps_frame0030.png,q_12_main_1_30fps_frame0030,Poorly.
8758,q_13_main_1_30fps_frame0015.png,q_13_main_1_30fps_frame0015,Poorly.
8758,q_13_main_1_30fps_frame0030.png,q_13_main_1_30fps_frame0030,Poorly.
8758,q_14_main_0_30fps_frame0014.png,q_14_main_0_30fps_frame0014,Poorly.
8758,q_14_main_0_30fps_frame0029.png,q_14_main_0_30fps_frame0029,Poorly.
8758,q_15_main_1_30fps_frame0014.png,q_15_main_1_30fps_frame0014,Poorly.
8758,q_15_main_1_30fps_frame0029.png,q_15_main_1_30fps_frame0029,Poorly.
8758,q_16_main_1_30fps_frame0014.png,q_16_main_1_30fps_frame0014,Poorly.
8758,q_16_main_1_30fps_frame0029.png,q_16_main_1_30fps_frame0029,Poorly.
8758,q_17_main_1_30fps_frame0014.png,q_17_main_1_30fps_frame0014,Poorly.
8758,q_17_main_1_30fps_frame0029.png,q_17_main_1_30fps_frame0029,Poorly.
8758,q_18_main_1_30fps_frame0015.png,q_18_main_1_30fps_frame0015,Poorly.
8758,q_18_main_1_30fps_frame0030.png,q_18_main_1_30fps_frame0030,Poorly.
8758,q_19_main_1_30fps_frame0013.png,q_19_main_1_30fps_frame0013,Poorly.
8758,q_19_main_1_30fps_frame0028.png,q_19_main_1_30fps_frame0028,Poorly.
8758,q_1_main_1_30fps_frame0015.png,q_1_main_1_30fps_frame0015,Poorly.
8758,q_1_main_1_30fps_frame0030.png,q_1_main_1_30fps_frame0030,Poorly.
8758,q_20_main_0_30fps_frame0013.png,q_20_main_0_30fps_frame0013,Poorly.
8758,q_20_main_0_30fps_frame0028.png,q_20_main_0_30fps_frame0028,Poorly.
8758,q_21_main_1_30fps_frame0015.png,q_21_main_1_30fps_frame0015,Poorly.
8758,q_21_main_1_30fps_frame0030.png,q_21_main_1_30fps_frame0030,Poorly.
8758,q_22_main_1_30fps_frame0014.png,q_22_main_1_30fps_frame0014,Poorly.
8758,q_22_main_1_30fps_frame0029.png,q_22_main_1_30fps_frame0029,Poorly.
8758,q_23_main_0_30fps_frame0014.png,q_23_main_0_30fps_frame0014,Poorly.
8758,q_23_main_0_30fps_frame0029.png,q_23_main_0_30fps_frame0029,Poorly.
8758,q_24_main_0_30fps_frame0014.png,q_24_main_0_30fps_frame0014,Poorly.
8758,q_24_main_0_30fps_frame0029.png,q_24_main_0_30fps_frame0029,Poorly.
8758,q_25_main_0_30fps_frame0014.png,q_25_main_0_30fps_frame0014,Poorly.
8758,q_25_main_0_30fps_frame0029.png,q_25_main_0_30fps_frame0029,Poorly.
8758,q_26_main_0_30fps_frame0014.png,q_26_main_0_30fps_frame0014,Poorly.
8758,q_26_main_0_30fps_frame0029.png,q_26_main_0_30fps_frame0029,Poorly.
8758,q_27_main_1_30fps_frame0015.png,q_27_main_1_30fps_frame0015,Poorly.
8758,q_27_main_1_30fps_frame0030.png,q_27_main_1_30fps_frame0030,Poorly.
8758,q_28_main_0_30fps_frame0015.png,q_28_main_0_30fps_frame0015,Poorly.
8758,q_28_main_0_30fps_frame0030.png,q_28_main_0_30fps_frame0030,Poorly.
8758,q_29_main_0_30fps_frame0015.png,q_29_main_0_30fps_frame0015,Poorly.
8758,q_29_main_0_30fps_frame0030.png,q_29_main_0_30fps_frame0030,Poorly.
8758,q_2_main_1_30fps_frame0013.png,q_2_main_1_30fps_frame0013,Poorly.
8758,q_2_main_1_30fps_frame0028.png,q_2_main_1_30fps_frame0028,Poorly.
8758,q_30_main_0_30fps_frame0015.png,q_30_main_0_30fps_frame0015,Poorly.
8758,q_30_main_0_30fps_frame0030.png,q_30_main_0_30fps_frame0030,Poorly.
8758,q_3_main_1_30fps_frame0015.png,q_3_main_1_30fps_frame0015,Poorly.
8758,q_3_main_1_30fps_frame0030.png,q_3_main_1_30fps_frame0030,Poorly.
8758,q_4_main_0_30fps_frame0014.png,q_4_main_0_30fps_frame0014,Poorly.
8758,q_4_main_0_30fps_frame0029.png,q_4_main_0_30fps_frame0029,Poorly.
8758,q_5_main_0_30fps_frame0015.png,q_5_main_0_30fps_frame0015,Poorly.
8758,q_5_main_0_30fps_frame0030.png,q_5_main_0_30fps_frame0030,Poorly.
8758,q_6_main_1_30fps_frame0014.png,q_6_main_1_30fps_frame0014,Poorly.
8758,q_6_main_1_30fps_frame0029.png,q_6_main_1_30fps_frame0029,Poorly.
8758,q_7_main_1_30fps_frame0015.png,q_7_main_1_30fps_frame0015,Poorly.
8758,q_7_main_1_30fps_frame0030.png,q_7_main_1_30fps_frame0030,Poorly.
8758,q_8_main_0_30fps_frame0015.png,q_8_main_0_30fps_frame0015,Poorly.
8758,q_8_main_0_30fps_frame0030.png,q_8_main_0_30fps_frame0030,Poorly.
8758,q_9_main_1_30fps_frame0014.png,q_9_main_1_30fps_frame0014,Poorly.
8758,q_9_main_1_30fps_frame0029.png,q_9_main_1_30fps_frame0029,Poorly.
8758,q_warmup_3_main_1_30fps_frame0013.png,q_warmup_3_main_1_30fps_frame0013,Poorly.
8758,q_warmup_3_main_1_30fps_frame0028.png,q_warmup_3_main_1_30fps_frame0028,Poorly.
8758,q_warmup_4_main_0_30fps_frame0015.png,q_warmup_4_main_0_30fps_frame0015,Poorly.
8758,q_warmup_4_main_0_30fps_frame0030.png,q_warmup_4_main_0_30fps_frame0030,Poorly.
8758,q_warmup_5_main_1_30fps_frame0014.png,q_warmup_5_main_1_30fps_frame0014,Poorly.
8758,q_warmup_5_main_1_30fps_frame0029.png,q_warmup_5_main_1_30fps_frame0029,Poorly.
8786,q_10_main_0_30fps_frame0014.png,q_10_main_0_30fps_frame0014,Poorly.
8786,q_10_main_0_30fps_frame0029.png,q_10_main_0_30fps_frame0029,Poorly.
8786,q_11_main_1_30fps_frame0014.png,q_11_main_1_30fps_frame0014,Poorly.
8786,q_11_main_1_30fps_frame0029.png,q_11_main_1_30fps_frame0029,Poorly.
8786,q_12_main_1_30fps_frame0014.png,q_12_main_1_30fps_frame0014,Poorly.
8786,q_12_main_1_30fps_frame0029.png,q_12_main_1_30fps_frame0029,Poorly.
8786,q_13_main_0_30fps_frame0013.png,q_13_main_0_30fps_frame0013,Poorly.
8786,q_13_main_0_30fps_frame0028.png,q_13_main_0_30fps_frame0028,Poorly.
8786,q_14_main_0_30fps_frame0014.png,q_14_main_0_30fps_frame0014,Poorly.
8786,q_14_main_0_30fps_frame0029.png,q_14_main_0_30fps_frame0029,Poorly.
8786,q_15_main_1_30fps_frame0014.png,q_15_main_1_30fps_frame0014,Poorly.
8786,q_15_main_1_30fps_frame0029.png,q_15_main_1_30fps_frame0029,Poorly.
8786,q_16_main_1_30fps_frame0015.png,q_16_main_1_30fps_frame0015,Poorly.
8786,q_16_main_1_30fps_frame0030.png,q_16_main_1_30fps_frame0030,Poorly.
8786,q_17_main_1_30fps_frame0014.png,q_17_main_1_30fps_frame0014,Poorly.
8786,q_17_main_1_30fps_frame0029.png,q_17_main_1_30fps_frame0029,Poorly.
8786,q_18_main_0_30fps_frame0014.png,q_18_main_0_30fps_frame0014,Poorly.
8786,q_18_main_0_30fps_frame0029.png,q_18_main_0_30fps_frame0029,Poorly.
8786,q_19_main_1_30fps_frame0014.png,q_19_main_1_30fps_frame0014,Poorly.
8786,q_19_main_1_30fps_frame0029.png,q_19_main_1_30fps_frame0029,Poorly.
8786,q_1_main_0_30fps_frame0014.png,q_1_main_0_30fps_frame0014,Poorly.
8786,q_1_main_0_30fps_frame0029.png,q_1_main_0_30fps_frame0029,Poorly.
8786,q_20_main_0_30fps_frame0013.png,q_20_main_0_30fps_frame0013,Poorly.
8786,q_20_main_0_30fps_frame0028.png,q_20_main_0_30fps_frame0028,Poorly.
8786,q_21_main_0_30fps_frame0014.png,q_21_main_0_30fps_frame0014,Poorly.
8786,q_21_main_0_30fps_frame0029.png,q_21_main_0_30fps_frame0029,Poorly.
8786,q_22_main_1_30fps_frame0014.png,q_22_main_1_30fps_frame0014,Poorly.
8786,q_22_main_1_30fps_frame0029.png,q_22_main_1_30fps_frame0029,Poorly.
8786,q_23_main_1_30fps_frame0014.png,q_23_main_1_30fps_frame0014,Poorly.
8786,q_23_main_1_30fps_frame0029.png,q_23_main_1_30fps_frame0029,Poorly.
8786,q_24_main_0_30fps_frame0014.png,q_24_main_0_30fps_frame0014,Poorly.
8786,q_24_main_0_30fps_frame0029.png,q_24_main_0_30fps_frame0029,Poorly.
8786,q_25_main_1_30fps_frame0014.png,q_25_main_1_30fps_frame0014,Poorly.
8786,q_25_main_1_30fps_frame0029.png,q_25_main_1_30fps_frame0029,Poorly.
8786,q_26_main_0_30fps_frame0014.png,q_26_main_0_30fps_frame0014,Poorly.
8786,q_26_main_0_30fps_frame0029.png,q_26_main_0_30fps_frame0029,Poorly.
8786,q_27_main_0_30fps_frame0014.png,q_27_main_0_30fps_frame0014,Poorly.
8786,q_27_main_0_30fps_frame0029.png,q_27_main_0_30fps_frame0029,Poorly.
8786,q_28_main_0_30fps_frame0014.png,q_28_main_0_30fps_frame0014,Poorly.
8786,q_28_main_0_30fps_frame0029.png,q_28_main_0_30fps_frame0029,Poorly.
8786,q_29_main_1_30fps_frame0015.png,q_29_main_1_30fps_frame0015,Poorly.
8786,q_29_main_1_30fps_frame0030.png,q_29_main_1_30fps_frame0030,Poorly.
8786,q_2_main_1_30fps_frame0014.png,q_2_main_1_30fps_frame0014,Poorly.
8786,q_2_main_1_30fps_frame0029.png,q_2_main_1_30fps_frame0029,Poorly.
8786,q_30_main_0_30fps_frame0014.png,q_30_main_0_30fps_frame0014,Poorly.
8786,q_30_main_0_30fps_frame0029.png,q_30_main_0_30fps_frame0029,Poorly.
8786,q_3_main_1_30fps_frame0015.png,q_3_main_1_30fps_frame0015,Poorly.
8786,q_3_main_1_30fps_frame0030.png,q_3_main_1_30fps_frame0030,Poorly.
8786,q_4_main_1_30fps_frame0013.png,q_4_main_1_30fps_frame0013,Poorly.
8786,q_4_main_1_30fps_frame0028.png,q_4_main_1_30fps_frame0028,Poorly.
8786,q_5_main_0_30fps_frame0015.png,q_5_main_0_30fps_frame0015,Poorly.
8786,q_5_main_0_30fps_frame0030.png,q_5_main_0_30fps_frame0030,Poorly.
8786,q_6_main_1_30fps_frame0015.png,q_6_main_1_30fps_frame0015,Poorly.
8786,q_6_main_1_30fps_frame0030.png,q_6_main_1_30fps_frame0030,Poorly.
8786,q_7_main_1_30fps_frame0014.png,q_7_main_1_30fps_frame0014,Poorly.
8786,q_7_main_1_30fps_frame0029.png,q_7_main_1_30fps_frame0029,Poorly.
8786,q_8_main_0_30fps_frame0015.png,q_8_main_0_30fps_frame0015,Poorly.
8786,q_8_main_0_30fps_frame0030.png,q_8_main_0_30fps_frame0030,Poorly.
8786,q_9_main_1_30fps_frame0014.png,q_9_main_1_30fps_frame0014,Poorly.
8786,q_9_main_1_30fps_frame0029.png,q_9_main_1_30fps_frame0029,Poorly.
8786,q_warmup_3_main_1_30fps_frame0014.png,q_warmup_3_main_1_30fps_frame0014,Poorly.
8786,q_warmup_3_main_1_30fps_frame0029.png,q_warmup_3_main_1_30fps_frame0029,Poorly.
8786,q_warmup_4_main_0_30fps_frame0014.png,q_warmup_4_main_0_30fps_frame0014,Poorly.
8786,q_warmup_4_main_0_30fps_frame0029.png,q_warmup_4_main_0_30fps_frame0029,Poorly.
8786,q_warmup_5_main_0_30fps_frame0015.png,q_warmup_5_main_0_30fps_frame0015,Poorly.
8786,q_warmup_5_main_0_30fps_frame0030.png,q_warmup_5_main_0_30fps_frame0030,Poorly.
9055,q_10_main_0_30fps_frame0014.png,q_10_main_0_30fps_frame0014,Poorly.
9055,q_10_main_0_30fps_frame0029.png,q_10_main_0_30fps_frame0029,Poorly.
9055,q_11_main_1_30fps_frame0013.png,q_11_main_1_30fps_frame0013,Poorly.
9055,q_11_main_1_30fps_frame0028.png,q_11_main_1_30fps_frame0028,Poorly.
9055,q_13_main_1_30fps_frame0015.png,q_13_main_1_30fps_frame0015,Poorly.
9055,q_13_main_1_30fps_frame0030.png,q_13_main_1_30fps_frame0030,Poorly.
9055,q_14_main_0_30fps_frame0015.png,q_14_main_0_30fps_frame0015,Poorly.
9055,q_14_main_0_30fps_frame0030.png,q_14_main_0_30fps_frame0030,Poorly.
9055,q_15_main_1_30fps_frame0013.png,q_15_main_1_30fps_frame0013,Well
9055,q_15_main_1_30fps_frame0028.png,q_15_main_1_30fps_frame0028,Well
9055,q_16_main_1_30fps_frame0015.png,q_16_main_1_30fps_frame0015,Poorly.
9055,q_16_main_1_30fps_frame0030.png,q_16_main_1_30fps_frame0030,Poorly.
9055,q_17_main_0_30fps_frame0014.png,q_17_main_0_30fps_frame0014,Poorly.
9055,q_17_main_0_30fps_frame0029.png,q_17_main_0_30fps_frame0029,Poorly.
9055,q_18_main_0_30fps_frame0014.png,q_18_main_0_30fps_frame0014,Poorly.
9055,q_18_main_0_30fps_frame0029.png,q_18_main_0_30fps_frame0029,Poorly.
9055,q_19_main_1_30fps_frame0015.png,q_19_main_1_30fps_frame0015,Poorly.
9055,q_19_main_1_30fps_frame0030.png,q_19_main_1_30fps_frame0030,Poorly.
9055,q_1_main_0_30fps_frame0014.png,q_1_main_0_30fps_frame0014,Poorly.
9055,q_1_main_0_30fps_frame0029.png,q_1_main_0_30fps_frame0029,Poorly.
9055,q_20_main_0_30fps_frame0014.png,q_20_main_0_30fps_frame0014,Poorly.
9055,q_20_main_0_30fps_frame0029.png,q_20_main_0_30fps_frame0029,Poorly.
9055,q_21_main_1_30fps_frame0015.png,q_21_main_1_30fps_frame0015,Poorly.
9055,q_21_main_1_30fps_frame0030.png,q_21_main_1_30fps_frame0030,Poorly.
9055,q_22_main_1_30fps_frame0014.png,q_22_main_1_30fps_frame0014,Poorly.
9055,q_22_main_1_30fps_frame0029.png,q_22_main_1_30fps_frame0029,Poorly.
9055,q_23_main_0_30fps_frame0014.png,q_23_main_0_30fps_frame0014,Poorly.
9055,q_23_main_0_30fps_frame0029.png,q_23_main_0_30fps_frame0029,Poorly.
9055,q_24_main_0_30fps_frame0014.png,q_24_main_0_30fps_frame0014,Poorly.
9055,q_24_main_0_30fps_frame0029.png,q_24_main_0_30fps_frame0029,Poorly.
9055,q_25_main_1_30fps_frame0015.png,q_25_main_1_30fps_frame0015,Poorly.
9055,q_25_main_1_30fps_frame0030.png,q_25_main_1_30fps_frame0030,Poorly.
9055,q_26_main_0_30fps_frame0014.png,q_26_main_0_30fps_frame0014,Poorly.
9055,q_26_main_0_30fps_frame0029.png,q_26_main_0_30fps_frame0029,Poorly.
9055,q_27_main_1_30fps_frame0014.png,q_27_main_1_30fps_frame0014,Poorly.
9055,q_27_main_1_30fps_frame0029.png,q_27_main_1_30fps_frame0029,Poorly.
9055,q_28_main_1_30fps_frame0015.png,q_28_main_1_30fps_frame0015,Poorly.
9055,q_28_main_1_30fps_frame0030.png,q_28_main_1_30fps_frame0030,Poorly.
9055,q_2_main_1_30fps_frame0015.png,q_2_main_1_30fps_frame0015,Poorly.
9055,q_2_main_1_30fps_frame0030.png,q_2_main_1_30fps_frame0030,Poorly.
9055,q_3_main_1_30fps_frame0014.png,q_3_main_1_30fps_frame0014,Poorly.
9055,q_3_main_1_30fps_frame0029.png,q_3_main_1_30fps_frame0029,Poorly.
9055,q_4_main_0_30fps_frame0015.png,q_4_main_0_30fps_frame0015,Poorly.
9055,q_4_main_0_30fps_frame0030.png,q_4_main_0_30fps_frame0030,Poorly.
9055,q_5_main_0_30fps_frame0014.png,q_5_main_0_30fps_frame0014,Poorly.
9055,q_5_main_0_30fps_frame0029.png,q_5_main_0_30fps_frame0029,Poorly.
9055,q_6_main_0_30fps_frame0015.png,q_6_main_0_30fps_frame0015,Poorly.
9055,q_6_main_0_30fps_frame0030.png,q_6_main_0_30fps_frame0030,Poorly.
9055,q_7_main_1_30fps_frame0015.png,q_7_main_1_30fps_frame0015,Poorly.
9055,q_7_main_1_30fps_frame0030.png,q_7_main_1_30fps_frame0030,Poorly.
9055,q_8_main_1_30fps_frame0014.png,q_8_main_1_30fps_frame0014,Poorly.
9055,q_8_main_1_30fps_frame0029.png,q_8_main_1_30fps_frame0029,Poorly.
9055,q_9_main_0_30fps_frame0014.png,q_9_main_0_30fps_frame0014,Poorly.
9055,q_9_main_0_30fps_frame0029.png,q_9_main_0_30fps_frame0029,Poorly.
9055,q_warmup_3_main_0_30fps_frame0015.png,q_warmup_3_main_0_30fps_frame0015,Poorly.
9055,q_warmup_3_main_0_30fps_frame0030.png,q_warmup_3_main_0_30fps_frame0030,Poorly.
9055,q_warmup_4_main_0_30fps_frame0014.png,q_warmup_4_main_0_30fps_frame0014,Poorly.
9055,q_warmup_4_main_0_30fps_frame0029.png,q_warmup_4_main_0_30fps_frame0029,Poorly.
9055,q_warmup_5_main_1_30fps_frame0015.png,q_warmup_5_main_1_30fps_frame0015,Poorly.
9055,q_warmup_5_main_1_30fps_frame0030.png,q_warmup_5_main_1_30fps_frame0030,Poorly.
9385,q_10_main_0_30fps_frame0014.png,q_10_main_0_30fps_frame0014,Poorly.
9385,q_10_main_0_30fps_frame0029.png,q_10_main_0_30fps_frame0029,Poorly.
9385,q_11_main_1_30fps_frame0015.png,q_11_main_1_30fps_frame0015,Poorly.
9385,q_11_main_1_30fps_frame0030.png,q_11_main_1_30fps_frame0030,Poorly.
9385,q_12_main_1_30fps_frame0015.png,q_12_main_1_30fps_frame0015,Poorly.
9385,q_12_main_1_30fps_frame0030.png,q_12_main_1_30fps_frame0030,Poorly.
9385,q_13_main_0_30fps_frame0015.png,q_13_main_0_30fps_frame0015,Poorly.
9385,q_13_main_0_30fps_frame0030.png,q_13_main_0_30fps_frame0030,Poorly.
9385,q_14_main_1_30fps_frame0015.png,q_14_main_1_30fps_frame0015,Poorly.
9385,q_14_main_1_30fps_frame0030.png,q_14_main_1_30fps_frame0030,Poorly.
9385,q_15_main_1_30fps_frame0015.png,q_15_main_1_30fps_frame0015,Poorly.
9385,q_15_main_1_30fps_frame0030.png,q_15_main_1_30fps_frame0030,Poorly.
9385,q_16_main_1_30fps_frame0015.png,q_16_main_1_30fps_frame0015,Poorly.
9385,q_16_main_1_30fps_frame0030.png,q_16_main_1_30fps_frame0030,Poorly.
9385,q_17_main_0_30fps_frame0015.png,q_17_main_0_30fps_frame0015,Poorly.
9385,q_17_main_0_30fps_frame0030.png,q_17_main_0_30fps_frame0030,Poorly.
9385,q_18_main_0_30fps_frame0014.png,q_18_main_0_30fps_frame0014,Poorly.
9385,q_18_main_0_30fps_frame0029.png,q_18_main_0_30fps_frame0029,Poorly.
9385,q_19_main_1_30fps_frame0015.png,q_19_main_1_30fps_frame0015,Poorly.
9385,q_19_main_1_30fps_frame0030.png,q_19_main_1_30fps_frame0030,Poorly.
9385,q_1_main_0_30fps_frame0015.png,q_1_main_0_30fps_frame0015,Poorly.
9385,q_1_main_0_30fps_frame0030.png,q_1_main_0_30fps_frame0030,Poorly.
9385,q_20_main_0_30fps_frame0015.png,q_20_main_0_30fps_frame0015,Poorly.
9385,q_20_main_0_30fps_frame0030.png,q_20_main_0_30fps_frame0030,Poorly.
9385,q_21_main_0_30fps_frame0014.png,q_21_main_0_30fps_frame0014,Poorly.
9385,q_21_main_0_30fps_frame0029.png,q_21_main_0_30fps_frame0029,Poorly.
9385,q_22_main_0_30fps_frame0015.png,q_22_main_0_30fps_frame0015,Poorly.
9385,q_22_main_0_30fps_frame0030.png,q_22_main_0_30fps_frame0030,Poorly.
9385,q_23_main_0_30fps_frame0015.png,q_23_main_0_30fps_frame0015,Poorly.
9385,q_23_main_0_30fps_frame0030.png,q_23_main_0_30fps_frame0030,Poorly.
9385,q_24_main_0_30fps_frame0014.png,q_24_main_0_30fps_frame0014,Poorly.
9385,q_24_main_0_30fps_frame0029.png,q_24_main_0_30fps_frame0029,Poorly.
9385,q_25_main_0_30fps_frame0014.png,q_25_main_0_30fps_frame0014,Poorly.
9385,q_25_main_0_30fps_frame0029.png,q_25_main_0_30fps_frame0029,Poorly.
9385,q_26_main_0_30fps_frame0014.png,q_26_main_0_30fps_frame0014,Poorly.
9385,q_26_main_0_30fps_frame0029.png,q_26_main_0_30fps_frame0029,Poorly.
9385,q_27_main_1_30fps_frame0015.png,q_27_main_1_30fps_frame0015,Poorly.
9385,q_27_main_1_30fps_frame0030.png,q_27_main_1_30fps_frame0030,Poorly.
9385,q_28_main_1_30fps_frame0015.png,q_28_main_1_30fps_frame0015,Poorly.
9385,q_28_main_1_30fps_frame0030.png,q_28_main_1_30fps_frame0030,Poorly.
9385,q_29_main_0_30fps_frame0014.png,q_29_main_0_30fps_frame0014,Poorly.
9385,q_29_main_0_30fps_frame0029.png,q_29_main_0_30fps_frame0029,Poorly.
9385,q_2_main_1_30fps_frame0014.png,q_2_main_1_30fps_frame0014,Poorly.
9385,q_2_main_1_30fps_frame0029.png,q_2_main_1_30fps_frame0029,Poorly.
9385,q_30_main_0_30fps_frame0015.png,q_30_main_0_30fps_frame0015,Poorly.
9385,q_30_main_0_30fps_frame0030.png,q_30_main_0_30fps_frame0030,Poorly.
9385,q_3_main_1_30fps_frame0015.png,q_3_main_1_30fps_frame0015,Poorly.
9385,q_3_main_1_30fps_frame0030.png,q_3_main_1_30fps_frame0030,Poorly.
9385,q_4_main_1_30fps_frame0015.png,q_4_main_1_30fps_frame0015,Poorly.
9385,q_4_main_1_30fps_frame0030.png,q_4_main_1_30fps_frame0030,Poorly.
9385,q_5_main_0_30fps_frame0015.png,q_5_main_0_30fps_frame0015,Poorly.
9385,q_5_main_0_30fps_frame0030.png,q_5_main_0_30fps_frame0030,Poorly.
9385,q_6_main_1_30fps_frame0015.png,q_6_main_1_30fps_frame0015,Poorly.
9385,q_6_main_1_30fps_frame0030.png,q_6_main_1_30fps_frame0030,Poorly.
9385,q_7_main_1_30fps_frame0015.png,q_7_main_1_30fps_frame0015,Poorly.
9385,q_7_main_1_30fps_frame0030.png,q_7_main_1_30fps_frame0030,Poorly.
9385,q_8_main_0_30fps_frame0015.png,q_8_main_0_30fps_frame0015,Poorly.
9385,q_8_main_0_30fps_frame0030.png,q_8_main_0_30fps_frame0030,Poorly.
9385,q_9_main_1_30fps_frame0015.png,q_9_main_1_30fps_frame0015,Poorly.
9385,q_9_main_1_30fps_frame0030.png,q_9_main_1_30fps_frame0030,Poorly.
9385,q_warmup_3_main_0_30fps_frame0015.png,q_warmup_3_main_0_30fps_frame0015,Poorly.
9385,q_warmup_3_main_0_30fps_frame0030.png,q_warmup_3_main_0_30fps_frame0030,Poorly.
9385,q_warmup_5_main_0_30fps_frame0014.png,q_warmup_5_main_0_30fps_frame0014,Poorly.
9385,q_warmup_5_main_0_30fps_frame0029.png,q_warmup_5_main_0_30fps_frame0029,Poorly.
9777,q_10_main_0_30fps_frame0015.png,q_10_main_0_30fps_frame0015,Poorly.
9777,q_10_main_0_30fps_frame0030.png,q_10_main_0_30fps_frame0030,Poorly.
9777,q_11_main_1_30fps_frame0014.png,q_11_main_1_30fps_frame0014,Poorly.
9777,q_11_main_1_30fps_frame0029.png,q_11_main_1_30fps_frame0029,Poorly.
9777,q_12_main_1_30fps_frame0014.png,q_12_main_1_30fps_frame0014,Poorly.
9777,q_12_main_1_30fps_frame0029.png,q_12_main_1_30fps_frame0029,Poorly.
9777,q_13_main_0_30fps_frame0015.png,q_13_main_0_30fps_frame0015,Poorly.
9777,q_13_main_0_30fps_frame0030.png,q_13_main_0_30fps_frame0030,Poorly.
9777,q_14_main_0_30fps_frame0014.png,q_14_main_0_30fps_frame0014,Poorly.
9777,q_14_main_0_30fps_frame0029.png,q_14_main_0_30fps_frame0029,Poorly.
9777,q_15_main_1_30fps_frame0014.png,q_15_main_1_30fps_frame0014,Well.
9777,q_15_main_1_30fps_frame0029.png,q_15_main_1_30fps_frame0029,Poorly.
9777,q_16_main_1_30fps_frame0014.png,q_16_main_1_30fps_frame0014,Poorly.
9777,q_16_main_1_30fps_frame0029.png,q_16_main_1_30fps_frame0029,Poorly.
9777,q_17_main_1_30fps_frame0012.png,q_17_main_1_30fps_frame0012,Poorly.
9777,q_17_main_1_30fps_frame0027.png,q_17_main_1_30fps_frame0027,Poorly.
9777,q_18_main_0_30fps_frame0014.png,q_18_main_0_30fps_frame0014,Poorly.
9777,q_18_main_0_30fps_frame0029.png,q_18_main_0_30fps_frame0029,Poorly.
9777,q_19_main_1_30fps_frame0014.png,q_19_main_1_30fps_frame0014,Poorly.
9777,q_19_main_1_30fps_frame0029.png,q_19_main_1_30fps_frame0029,Poorly.
9777,q_1_main_0_30fps_frame0015.png,q_1_main_0_30fps_frame0015,Poorly.
9777,q_1_main_0_30fps_frame0030.png,q_1_main_0_30fps_frame0030,Poorly.
9777,q_20_main_0_30fps_frame0015.png,q_20_main_0_30fps_frame0015,Poorly.
9777,q_20_main_0_30fps_frame0030.png,q_20_main_0_30fps_frame0030,Poorly.
9777,q_21_main_0_30fps_frame0015.png,q_21_main_0_30fps_frame0015,Poorly.
9777,q_21_main_0_30fps_frame0030.png,q_21_main_0_30fps_frame0030,Poorly.
9777,q_22_main_1_30fps_frame0015.png,q_22_main_1_30fps_frame0015,Poorly.
9777,q_22_main_1_30fps_frame0030.png,q_22_main_1_30fps_frame0030,Poorly.
9777,q_23_main_0_30fps_frame0014.png,q_23_main_0_30fps_frame0014,Well
9777,q_23_main_0_30fps_frame0029.png,q_23_main_0_30fps_frame0029,Poorly.
9777,q_24_main_0_30fps_frame0015.png,q_24_main_0_30fps_frame0015,Poorly.
9777,q_24_main_0_30fps_frame0030.png,q_24_main_0_30fps_frame0030,Poorly.
9777,q_25_main_0_30fps_frame0014.png,q_25_main_0_30fps_frame0014,Poorly.
9777,q_25_main_0_30fps_frame0029.png,q_25_main_0_30fps_frame0029,Poorly.
9777,q_26_main_1_30fps_frame0015.png,q_26_main_1_30fps_frame0015,Poorly.
9777,q_26_main_1_30fps_frame0030.png,q_26_main_1_30fps_frame0030,Poorly.
9777,q_27_main_1_30fps_frame0014.png,q_27_main_1_30fps_frame0014,Poorly.
9777,q_27_main_1_30fps_frame0029.png,q_27_main_1_30fps_frame0029,Poorly.
9777,q_28_main_0_30fps_frame0014.png,q_28_main_0_30fps_frame0014,Poorly.
9777,q_28_main_0_30fps_frame0029.png,q_28_main_0_30fps_frame0029,Poorly.
9777,q_29_main_0_30fps_frame0014.png,q_29_main_0_30fps_frame0014,Poorly.
9777,q_29_main_0_30fps_frame0029.png,q_29_main_0_30fps_frame0029,Poorly.
9777,q_2_main_1_30fps_frame0014.png,q_2_main_1_30fps_frame0014,Poorly.
9777,q_2_main_1_30fps_frame0029.png,q_2_main_1_30fps_frame0029,Poorly.
9777,q_30_main_0_30fps_frame0015.png,q_30_main_0_30fps_frame0015,Poorly.
9777,q_30_main_0_30fps_frame0030.png,q_30_main_0_30fps_frame0030,Poorly.
9777,q_3_main_1_30fps_frame0014.png,q_3_main_1_30fps_frame0014,Poorly.
9777,q_3_main_1_30fps_frame0029.png,q_3_main_1_30fps_frame0029,Poorly.
9777,q_4_main_1_30fps_frame0015.png,q_4_main_1_30fps_frame0015,Poorly.
9777,q_4_main_1_30fps_frame0030.png,q_4_main_1_30fps_frame0030,Poorly.
9777,q_5_main_0_30fps_frame0014.png,q_5_main_0_30fps_frame0014,Poorly.
9777,q_5_main_0_30fps_frame0029.png,q_5_main_0_30fps_frame0029,Poorly.
9777,q_6_main_1_30fps_frame0014.png,q_6_main_1_30fps_frame0014,Poorly.
9777,q_6_main_1_30fps_frame0029.png,q_6_main_1_30fps_frame0029,Poorly.
9777,q_7_main_1_30fps_frame0014.png,q_7_main_1_30fps_frame0014,Poorly.
9777,q_7_main_1_30fps_frame0029.png,q_7_main_1_30fps_frame0029,Poorly.
9777,q_8_main_0_30fps_frame0014.png,q_8_main_0_30fps_frame0014,Poorly.
9777,q_8_main_0_30fps_frame0029.png,q_8_main_0_30fps_frame0029,Poorly.
9777,q_9_main_0_30fps_frame0014.png,q_9_main_0_30fps_frame0014,Poorly.
9777,q_9_main_0_30fps_frame0029.png,q_9_main_0_30fps_frame0029,Poorly.
9777,q_warmup_3_main_0_30fps_frame0014.png,q_warmup_3_main_0_30fps_frame0014,Poorly.
9777,q_warmup_3_main_0_30fps_frame0029.png,q_warmup_3_main_0_30fps_frame0029,Poorly.
9777,q_warmup_4_main_0_30fps_frame0014.png,q_warmup_4_main_0_30fps_frame0014,Poorly.
9777,q_warmup_4_main_0_30fps_frame0029.png,q_warmup_4_main_0_30fps_frame0029,Poorly.
9777,q_warmup_5_main_1_30fps_frame0014.png,q_warmup_5_main_1_30fps_frame0014,Poorly.
9777,q_warmup_5_main_1_30fps_frame0029.png,q_warmup_5_main_1_30fps_frame0029,Poorly.
9941,q_10_main_0_30fps_frame0014.png,q_10_main_0_30fps_frame0014,Poorly.
9941,q_10_main_0_30fps_frame0029.png,q_10_main_0_30fps_frame0029,Poorly.
9941,q_11_main_1_30fps_frame0013.png,q_11_main_1_30fps_frame0013,Poorly.
9941,q_11_main_1_30fps_frame0028.png,q_11_main_1_30fps_frame0028,Poorly.
9941,q_12_main_0_30fps_frame0014.png,q_12_main_0_30fps_frame0014,Poorly.
9941,q_12_main_0_30fps_frame0029.png,q_12_main_0_30fps_frame0029,Poorly.
9941,q_13_main_1_30fps_frame0014.png,q_13_main_1_30fps_frame0014,Poorly.
9941,q_13_main_1_30fps_frame0029.png,q_13_main_1_30fps_frame0029,Poorly.
9941,q_14_main_0_30fps_frame0014.png,q_14_main_0_30fps_frame0014,Poorly.
9941,q_14_main_0_30fps_frame0029.png,q_14_main_0_30fps_frame0029,Poorly.
9941,q_15_main_1_30fps_frame0014.png,q_15_main_1_30fps_frame0014,Poorly.
9941,q_15_main_1_30fps_frame0029.png,q_15_main_1_30fps_frame0029,Poorly.
9941,q_16_main_1_30fps_frame0015.png,q_16_main_1_30fps_frame0015,Poorly.
9941,q_16_main_1_30fps_frame0030.png,q_16_main_1_30fps_frame0030,Poorly.
9941,q_17_main_1_30fps_frame0014.png,q_17_main_1_30fps_frame0014,Poorly.
9941,q_17_main_1_30fps_frame0029.png,q_17_main_1_30fps_frame0029,Poorly.
9941,q_18_main_0_30fps_frame0014.png,q_18_main_0_30fps_frame0014,Poorly
9941,q_18_main_0_30fps_frame0029.png,q_18_main_0_30fps_frame0029,Poorly.
9941,q_19_main_0_30fps_frame0015.png,q_19_main_0_30fps_frame0015,Poorly.
9941,q_19_main_0_30fps_frame0030.png,q_19_main_0_30fps_frame0030,Poorly.
9941,q_1_main_0_30fps_frame0013.png,q_1_main_0_30fps_frame0013,Poorly.
9941,q_1_main_0_30fps_frame0028.png,q_1_main_0_30fps_frame0028,Poorly.
9941,q_20_main_0_30fps_frame0015.png,q_20_main_0_30fps_frame0015,Poorly.
9941,q_20_main_0_30fps_frame0030.png,q_20_main_0_30fps_frame0030,Poorly.
9941,q_21_main_0_30fps_frame0013.png,q_21_main_0_30fps_frame0013,Poorly.
9941,q_21_main_0_30fps_frame0028.png,q_21_main_0_30fps_frame0028,Poorly.
9941,q_22_main_1_30fps_frame0015.png,q_22_main_1_30fps_frame0015,Poorly.
9941,q_22_main_1_30fps_frame0030.png,q_22_main_1_30fps_frame0030,Poorly.
9941,q_23_main_0_30fps_frame0015.png,q_23_main_0_30fps_frame0015,Poorly.
9941,q_23_main_0_30fps_frame0030.png,q_23_main_0_30fps_frame0030,Poorly.
9941,q_24_main_0_30fps_frame0013.png,q_24_main_0_30fps_frame0013,Poorly.
9941,q_24_main_0_30fps_frame0028.png,q_24_main_0_30fps_frame0028,Poorly.
9941,q_25_main_0_30fps_frame0014.png,q_25_main_0_30fps_frame0014,Poorly.
9941,q_25_main_0_30fps_frame0029.png,q_25_main_0_30fps_frame0029,Poorly.
9941,q_26_main_1_30fps_frame0013.png,q_26_main_1_30fps_frame0013,Poorly.
9941,q_26_main_1_30fps_frame0028.png,q_26_main_1_30fps_frame0028,Poorly.
9941,q_27_main_1_30fps_frame0012.png,q_27_main_1_30fps_frame0012,Poorly.
9941,q_27_main_1_30fps_frame0027.png,q_27_main_1_30fps_frame0027,Poorly.
9941,q_28_main_0_30fps_frame0014.png,q_28_main_0_30fps_frame0014,Poorly.
9941,q_28_main_0_30fps_frame0029.png,q_28_main_0_30fps_frame0029,Poorly.
9941,q_29_main_0_30fps_frame0014.png,q_29_main_0_30fps_frame0014,Poorly.
9941,q_29_main_0_30fps_frame0029.png,q_29_main_0_30fps_frame0029,Poorly.
9941,q_2_main_1_30fps_frame0014.png,q_2_main_1_30fps_frame0014,Poorly.
9941,q_2_main_1_30fps_frame0029.png,q_2_main_1_30fps_frame0029,Poorly.
9941,q_30_main_1_30fps_frame0013.png,q_30_main_1_30fps_frame0013,Poorly
9941,q_30_main_1_30fps_frame0028.png,q_30_main_1_30fps_frame0028,Poorly.
9941,q_3_main_1_30fps_frame0013.png,q_3_main_1_30fps_frame0013,Poorly.
9941,q_3_main_1_30fps_frame0028.png,q_3_main_1_30fps_frame0028,Poorly
9941,q_4_main_0_30fps_frame0014.png,q_4_main_0_30fps_frame0014,Poorly.
9941,q_4_main_0_30fps_frame0029.png,q_4_main_0_30fps_frame0029,Poorly.
9941,q_5_main_0_30fps_frame0014.png,q_5_main_0_30fps_frame0014,Poorly
9941,q_5_main_0_30fps_frame0029.png,q_5_main_0_30fps_frame0029,Poorly
9941,q_6_main_0_30fps_frame0015.png,q_6_main_0_30fps_frame0015,Poorly.
9941,q_6_main_0_30fps_frame0030.png,q_6_main_0_30fps_frame0030,Poorly.
9941,q_7_main_1_30fps_frame0014.png,q_7_main_1_30fps_frame0014,Poorly.
9941,q_7_main_1_30fps_frame0029.png,q_7_main_1_30fps_frame0029,Poorly.
9941,q_8_main_0_30fps_frame0015.png,q_8_main_0_30fps_frame0015,Poorly.
9941,q_8_main_0_30fps_frame0030.png,q_8_main_0_30fps_frame0030,Poorly.
9941,q_9_main_1_30fps_frame0014.png,q_9_main_1_30fps_frame0014,Poorly.
9941,q_9_main_1_30fps_frame0029.png,q_9_main_1_30fps_frame0029,Poorly.
9941,q_warmup_3_main_0_30fps_frame0014.png,q_warmup_3_main_0_30fps_frame0014,Poorly.
9941,q_warmup_3_main_0_30fps_frame0029.png,q_warmup_3_main_0_30fps_frame0029,Poorly.
9941,q_warmup_4_main_0_30fps_frame0014.png,q_warmup_4_main_0_30fps_frame0014,Poorly
9941,q_warmup_4_main_0_30fps_frame0029.png,q_warmup_4_main_0_30fps_frame0029,Poorly.
9941,q_warmup_5_main_1_30fps_frame0015.png,q_warmup_5_main_1_30fps_frame0015,Poorly.
9941,q_warmup_5_main_1_30fps_frame0030.png,q_warmup_5_main_1_30fps_frame0030,Poorly.
