participant,frame_file,frame_name,outcome_prediction
1048,q_10_main_0_30fps_frame0015.png,q_10_main_0_30fps_frame0015,Poorly
1048,q_10_main_0_30fps_frame0030.png,q_10_main_0_30fps_frame0030,Poorly
1048,q_10_main_0_30fps_frame0045.png,q_10_main_0_30fps_frame0045,Poorly
1048,q_10_main_0_30fps_frame0060.png,q_10_main_0_30fps_frame0060,Poorly
1048,q_10_main_0_30fps_frame0075.png,q_10_main_0_30fps_frame0075,Poorly
1048,q_10_main_0_30fps_frame0090.png,q_10_main_0_30fps_frame0090,Poorly
1048,q_12_main_1_30fps_frame0015.png,q_12_main_1_30fps_frame0015,Well
1048,q_12_main_1_30fps_frame0030.png,q_12_main_1_30fps_frame0030,Well
1048,q_12_main_1_30fps_frame0045.png,q_12_main_1_30fps_frame0045,Well
1048,q_12_main_1_30fps_frame0060.png,q_12_main_1_30fps_frame0060,Well
1048,q_12_main_1_30fps_frame0075.png,q_12_main_1_30fps_frame0075,Poorly
1048,q_12_main_1_30fps_frame0090.png,q_12_main_1_30fps_frame0090,Poorly
1048,q_14_main_0_30fps_frame0014.png,q_14_main_0_30fps_frame0014,Poorly
1048,q_14_main_0_30fps_frame0029.png,q_14_main_0_30fps_frame0029,poorly
1048,q_14_main_0_30fps_frame0044.png,q_14_main_0_30fps_frame0044,poorly
1048,q_14_main_0_30fps_frame0059.png,q_14_main_0_30fps_frame0059,Poorly
1048,q_14_main_0_30fps_frame0074.png,q_14_main_0_30fps_frame0074,Poorly
1048,q_14_main_0_30fps_frame0089.png,q_14_main_0_30fps_frame0089,Poorly
1048,q_15_main_1_30fps_frame0013.png,q_15_main_1_30fps_frame0013,Poorly
1048,q_15_main_1_30fps_frame0028.png,q_15_main_1_30fps_frame0028,Well
1048,q_15_main_1_30fps_frame0043.png,q_15_main_1_30fps_frame0043,Well
1048,q_15_main_1_30fps_frame0058.png,q_15_main_1_30fps_frame0058,Poorly
1048,q_15_main_1_30fps_frame0073.png,q_15_main_1_30fps_frame0073,Well
1048,q_15_main_1_30fps_frame0088.png,q_15_main_1_30fps_frame0088,Well
1048,q_17_main_1_30fps_frame0013.png,q_17_main_1_30fps_frame0013,Poorly
1048,q_17_main_1_30fps_frame0028.png,q_17_main_1_30fps_frame0028,Poorly
1048,q_17_main_1_30fps_frame0043.png,q_17_main_1_30fps_frame0043,Poorly
1048,q_17_main_1_30fps_frame0058.png,q_17_main_1_30fps_frame0058,Poorly
1048,q_17_main_1_30fps_frame0073.png,q_17_main_1_30fps_frame0073,Poorly
1048,q_17_main_1_30fps_frame0088.png,q_17_main_1_30fps_frame0088,poorly
1048,q_20_main_0_30fps_frame0014.png,q_20_main_0_30fps_frame0014,Poorly
1048,q_20_main_0_30fps_frame0029.png,q_20_main_0_30fps_frame0029,Poorly
1048,q_20_main_0_30fps_frame0044.png,q_20_main_0_30fps_frame0044,Well
1048,q_20_main_0_30fps_frame0059.png,q_20_main_0_30fps_frame0059,Poorly
1048,q_20_main_0_30fps_frame0074.png,q_20_main_0_30fps_frame0074,Poorly
1048,q_20_main_0_30fps_frame0089.png,q_20_main_0_30fps_frame0089,Poorly
1048,q_23_main_0_30fps_frame0014.png,q_23_main_0_30fps_frame0014,Poorly
1048,q_23_main_0_30fps_frame0029.png,q_23_main_0_30fps_frame0029,Poorly
1048,q_23_main_0_30fps_frame0044.png,q_23_main_0_30fps_frame0044,Poorly
1048,q_23_main_0_30fps_frame0059.png,q_23_main_0_30fps_frame0059,Poorly
1048,q_23_main_0_30fps_frame0074.png,q_23_main_0_30fps_frame0074,Poorly
1048,q_23_main_0_30fps_frame0089.png,q_23_main_0_30fps_frame0089,Poorly
1048,q_24_main_0_30fps_frame0014.png,q_24_main_0_30fps_frame0014,Poorly
1048,q_24_main_0_30fps_frame0029.png,q_24_main_0_30fps_frame0029,Poorly
1048,q_24_main_0_30fps_frame0044.png,q_24_main_0_30fps_frame0044,Well
1048,q_24_main_0_30fps_frame0059.png,q_24_main_0_30fps_frame0059,Poorly
1048,q_24_main_0_30fps_frame0074.png,q_24_main_0_30fps_frame0074,Poorly
1048,q_24_main_0_30fps_frame0089.png,q_24_main_0_30fps_frame0089,Poorly
1048,q_25_main_0_30fps_frame0014.png,q_25_main_0_30fps_frame0014,Well
1048,q_25_main_0_30fps_frame0029.png,q_25_main_0_30fps_frame0029,Poorly
1048,q_25_main_0_30fps_frame0044.png,q_25_main_0_30fps_frame0044,Poorly
1048,q_25_main_0_30fps_frame0059.png,q_25_main_0_30fps_frame0059,Poorly
1048,q_25_main_0_30fps_frame0074.png,q_25_main_0_30fps_frame0074,Poorly
1048,q_25_main_0_30fps_frame0089.png,q_25_main_0_30fps_frame0089,Poorly
1048,q_29_main_0_30fps_frame0015.png,q_29_main_0_30fps_frame0015,Poorly
1048,q_29_main_0_30fps_frame0030.png,q_29_main_0_30fps_frame0030,Poorly
1048,q_29_main_0_30fps_frame0045.png,q_29_main_0_30fps_frame0045,Poorly
1048,q_29_main_0_30fps_frame0060.png,q_29_main_0_30fps_frame0060,Poorly
1048,q_29_main_0_30fps_frame0075.png,q_29_main_0_30fps_frame0075,Poorly
1048,q_29_main_0_30fps_frame0090.png,q_29_main_0_30fps_frame0090,Poorly
1048,q_2_main_1_30fps_frame0014.png,q_2_main_1_30fps_frame0014,Poorly
1048,q_2_main_1_30fps_frame0029.png,q_2_main_1_30fps_frame0029,Poorly
1048,q_2_main_1_30fps_frame0044.png,q_2_main_1_30fps_frame0044,Poorly
1048,q_2_main_1_30fps_frame0059.png,q_2_main_1_30fps_frame0059,Poorly
1048,q_2_main_1_30fps_frame0074.png,q_2_main_1_30fps_frame0074,Poorly
1048,q_2_main_1_30fps_frame0089.png,q_2_main_1_30fps_frame0089,Poorly
1048,q_30_main_0_30fps_frame0014.png,q_30_main_0_30fps_frame0014,Poorly
1048,q_30_main_0_30fps_frame0029.png,q_30_main_0_30fps_frame0029,Poorly
1048,q_30_main_0_30fps_frame0044.png,q_30_main_0_30fps_frame0044,Poorly
1048,q_30_main_0_30fps_frame0059.png,q_30_main_0_30fps_frame0059,Poorly
1048,q_30_main_0_30fps_frame0074.png,q_30_main_0_30fps_frame0074,Well
1048,q_30_main_0_30fps_frame0089.png,q_30_main_0_30fps_frame0089,Poorly
1048,q_4_main_1_30fps_frame0014.png,q_4_main_1_30fps_frame0014,Poorly
1048,q_4_main_1_30fps_frame0029.png,q_4_main_1_30fps_frame0029,Poorly
1048,q_4_main_1_30fps_frame0044.png,q_4_main_1_30fps_frame0044,Poorly
1048,q_4_main_1_30fps_frame0059.png,q_4_main_1_30fps_frame0059,Poorly
1048,q_4_main_1_30fps_frame0074.png,q_4_main_1_30fps_frame0074,Poorly
1048,q_4_main_1_30fps_frame0089.png,q_4_main_1_30fps_frame0089,Poorly
1048,q_6_main_1_30fps_frame0015.png,q_6_main_1_30fps_frame0015,Poorly
1048,q_6_main_1_30fps_frame0030.png,q_6_main_1_30fps_frame0030,Poorly
1048,q_6_main_1_30fps_frame0045.png,q_6_main_1_30fps_frame0045,Poorly
1048,q_6_main_1_30fps_frame0060.png,q_6_main_1_30fps_frame0060,Poorly
1048,q_6_main_1_30fps_frame0075.png,q_6_main_1_30fps_frame0075,Well
1048,q_6_main_1_30fps_frame0090.png,q_6_main_1_30fps_frame0090,Poorly
1048,q_warmup_3_main_1_30fps_frame0013.png,q_warmup_3_main_1_30fps_frame0013,Poorly
1048,q_warmup_3_main_1_30fps_frame0028.png,q_warmup_3_main_1_30fps_frame0028,Poorly
1048,q_warmup_3_main_1_30fps_frame0043.png,q_warmup_3_main_1_30fps_frame0043,Poorly
1048,q_warmup_3_main_1_30fps_frame0058.png,q_warmup_3_main_1_30fps_frame0058,Poorly
1048,q_warmup_3_main_1_30fps_frame0073.png,q_warmup_3_main_1_30fps_frame0073,poorly
1048,q_warmup_3_main_1_30fps_frame0088.png,q_warmup_3_main_1_30fps_frame0088,Poorly
1048,q_warmup_5_main_0_30fps_frame0015.png,q_warmup_5_main_0_30fps_frame0015,Poorly
1048,q_warmup_5_main_0_30fps_frame0030.png,q_warmup_5_main_0_30fps_frame0030,Well
1048,q_warmup_5_main_0_30fps_frame0045.png,q_warmup_5_main_0_30fps_frame0045,Poorly
1048,q_warmup_5_main_0_30fps_frame0060.png,q_warmup_5_main_0_30fps_frame0060,Poorly
1048,q_warmup_5_main_0_30fps_frame0075.png,q_warmup_5_main_0_30fps_frame0075,Poorly
1048,q_warmup_5_main_0_30fps_frame0090.png,q_warmup_5_main_0_30fps_frame0090,Well
1251,q_10_main_0_30fps_frame0015.png,q_10_main_0_30fps_frame0015,Poorly
1251,q_10_main_0_30fps_frame0030.png,q_10_main_0_30fps_frame0030,Poorly
1251,q_10_main_0_30fps_frame0045.png,q_10_main_0_30fps_frame0045,Poorly
1251,q_10_main_0_30fps_frame0060.png,q_10_main_0_30fps_frame0060,Poorly
1251,q_10_main_0_30fps_frame0075.png,q_10_main_0_30fps_frame0075,Poorly
1251,q_10_main_0_30fps_frame0090.png,q_10_main_0_30fps_frame0090,Poorly
1251,q_11_main_1_30fps_frame0014.png,q_11_main_1_30fps_frame0014,Well
1251,q_11_main_1_30fps_frame0029.png,q_11_main_1_30fps_frame0029,Poorly
1251,q_11_main_1_30fps_frame0044.png,q_11_main_1_30fps_frame0044,Poorly
1251,q_11_main_1_30fps_frame0059.png,q_11_main_1_30fps_frame0059,Poorly
1251,q_11_main_1_30fps_frame0074.png,q_11_main_1_30fps_frame0074,Poorly
1251,q_11_main_1_30fps_frame0089.png,q_11_main_1_30fps_frame0089,Poorly
1251,q_12_main_1_30fps_frame0015.png,q_12_main_1_30fps_frame0015,Poorly
1251,q_12_main_1_30fps_frame0030.png,q_12_main_1_30fps_frame0030,Well
1251,q_12_main_1_30fps_frame0045.png,q_12_main_1_30fps_frame0045,Poorly
1251,q_12_main_1_30fps_frame0060.png,q_12_main_1_30fps_frame0060,Poorly
1251,q_12_main_1_30fps_frame0075.png,q_12_main_1_30fps_frame0075,Poorly
1251,q_12_main_1_30fps_frame0090.png,q_12_main_1_30fps_frame0090,Poorly
1251,q_1_main_0_30fps_frame0015.png,q_1_main_0_30fps_frame0015,Poorly
1251,q_1_main_0_30fps_frame0030.png,q_1_main_0_30fps_frame0030,Poorly
1251,q_1_main_0_30fps_frame0045.png,q_1_main_0_30fps_frame0045,Poorly
1251,q_1_main_0_30fps_frame0060.png,q_1_main_0_30fps_frame0060,Poorly
1251,q_1_main_0_30fps_frame0075.png,q_1_main_0_30fps_frame0075,Poorly
1251,q_1_main_0_30fps_frame0090.png,q_1_main_0_30fps_frame0090,poorly
1251,q_21_main_0_30fps_frame0015.png,q_21_main_0_30fps_frame0015,Poorly
1251,q_21_main_0_30fps_frame0030.png,q_21_main_0_30fps_frame0030,Poorly
1251,q_21_main_0_30fps_frame0045.png,q_21_main_0_30fps_frame0045,Well
1251,q_21_main_0_30fps_frame0060.png,q_21_main_0_30fps_frame0060,Poorly
1251,q_21_main_0_30fps_frame0075.png,q_21_main_0_30fps_frame0075,Well
1251,q_21_main_0_30fps_frame0090.png,q_21_main_0_30fps_frame0090,Poorly
1251,q_22_main_0_30fps_frame0015.png,q_22_main_0_30fps_frame0015,Poorly
1251,q_22_main_0_30fps_frame0030.png,q_22_main_0_30fps_frame0030,Poorly
1251,q_22_main_0_30fps_frame0045.png,q_22_main_0_30fps_frame0045,Poorly
1251,q_22_main_0_30fps_frame0060.png,q_22_main_0_30fps_frame0060,Poorly
1251,q_22_main_0_30fps_frame0075.png,q_22_main_0_30fps_frame0075,Poorly
1251,q_22_main_0_30fps_frame0090.png,q_22_main_0_30fps_frame0090,Poorly
1251,q_26_main_1_30fps_frame0014.png,q_26_main_1_30fps_frame0014,Well
1251,q_26_main_1_30fps_frame0029.png,q_26_main_1_30fps_frame0029,Poorly
1251,q_26_main_1_30fps_frame0044.png,q_26_main_1_30fps_frame0044,Poorly
1251,q_26_main_1_30fps_frame0059.png,q_26_main_1_30fps_frame0059,Poorly
1251,q_26_main_1_30fps_frame0074.png,q_26_main_1_30fps_frame0074,Poorly
1251,q_26_main_1_30fps_frame0089.png,q_26_main_1_30fps_frame0089,Poorly
1251,q_29_main_0_30fps_frame0014.png,q_29_main_0_30fps_frame0014,Poorly
1251,q_29_main_0_30fps_frame0029.png,q_29_main_0_30fps_frame0029,Poorly
1251,q_29_main_0_30fps_frame0044.png,q_29_main_0_30fps_frame0044,Poorly
1251,q_29_main_0_30fps_frame0059.png,q_29_main_0_30fps_frame0059,Well
1251,q_29_main_0_30fps_frame0074.png,q_29_main_0_30fps_frame0074,Poorly
1251,q_29_main_0_30fps_frame0089.png,q_29_main_0_30fps_frame0089,Poorly
1251,q_2_main_1_30fps_frame0015.png,q_2_main_1_30fps_frame0015,Poorly
1251,q_2_main_1_30fps_frame0030.png,q_2_main_1_30fps_frame0030,Poorly
1251,q_2_main_1_30fps_frame0045.png,q_2_main_1_30fps_frame0045,Poorly
1251,q_2_main_1_30fps_frame0060.png,q_2_main_1_30fps_frame0060,Poorly
1251,q_2_main_1_30fps_frame0075.png,q_2_main_1_30fps_frame0075,Poorly
1251,q_2_main_1_30fps_frame0090.png,q_2_main_1_30fps_frame0090,Poorly
1251,q_30_main_0_30fps_frame0014.png,q_30_main_0_30fps_frame0014,Poorly
1251,q_30_main_0_30fps_frame0029.png,q_30_main_0_30fps_frame0029,Poorly
1251,q_30_main_0_30fps_frame0044.png,q_30_main_0_30fps_frame0044,Poorly
1251,q_30_main_0_30fps_frame0059.png,q_30_main_0_30fps_frame0059,Poorly
1251,q_30_main_0_30fps_frame0074.png,q_30_main_0_30fps_frame0074,Poorly
1251,q_30_main_0_30fps_frame0089.png,q_30_main_0_30fps_frame0089,Poorly
1251,q_3_main_0_30fps_frame0014.png,q_3_main_0_30fps_frame0014,Well
1251,q_3_main_0_30fps_frame0029.png,q_3_main_0_30fps_frame0029,Well
1251,q_3_main_0_30fps_frame0044.png,q_3_main_0_30fps_frame0044,Well
1251,q_3_main_0_30fps_frame0059.png,q_3_main_0_30fps_frame0059,Poorly
1251,q_3_main_0_30fps_frame0074.png,q_3_main_0_30fps_frame0074,Poorly
1251,q_3_main_0_30fps_frame0089.png,q_3_main_0_30fps_frame0089,Well
1251,q_5_main_0_30fps_frame0014.png,q_5_main_0_30fps_frame0014,poorly
1251,q_5_main_0_30fps_frame0029.png,q_5_main_0_30fps_frame0029,Poorly
1251,q_5_main_0_30fps_frame0044.png,q_5_main_0_30fps_frame0044,Poorly
1251,q_5_main_0_30fps_frame0059.png,q_5_main_0_30fps_frame0059,Poorly
1251,q_5_main_0_30fps_frame0074.png,q_5_main_0_30fps_frame0074,Poorly
1251,q_5_main_0_30fps_frame0089.png,q_5_main_0_30fps_frame0089,Poorly
1251,q_6_main_1_30fps_frame0014.png,q_6_main_1_30fps_frame0014,Poorly
1251,q_6_main_1_30fps_frame0029.png,q_6_main_1_30fps_frame0029,Poorly
1251,q_6_main_1_30fps_frame0044.png,q_6_main_1_30fps_frame0044,Poorly
1251,q_6_main_1_30fps_frame0059.png,q_6_main_1_30fps_frame0059,Poorly
1251,q_6_main_1_30fps_frame0074.png,q_6_main_1_30fps_frame0074,Well
1251,q_6_main_1_30fps_frame0089.png,q_6_main_1_30fps_frame0089,Poorly
1251,q_7_main_1_30fps_frame0015.png,q_7_main_1_30fps_frame0015,Well
1251,q_7_main_1_30fps_frame0030.png,q_7_main_1_30fps_frame0030,Well
1251,q_7_main_1_30fps_frame0045.png,q_7_main_1_30fps_frame0045,Poorly
1251,q_7_main_1_30fps_frame0060.png,q_7_main_1_30fps_frame0060,Poorly
1251,q_7_main_1_30fps_frame0075.png,q_7_main_1_30fps_frame0075,Poorly
1251,q_7_main_1_30fps_frame0090.png,q_7_main_1_30fps_frame0090,Well
1251,q_8_main_0_30fps_frame0014.png,q_8_main_0_30fps_frame0014,Poorly
1251,q_8_main_0_30fps_frame0029.png,q_8_main_0_30fps_frame0029,Poorly
1251,q_8_main_0_30fps_frame0044.png,q_8_main_0_30fps_frame0044,Poorly
1251,q_8_main_0_30fps_frame0059.png,q_8_main_0_30fps_frame0059,Poorly
1251,q_8_main_0_30fps_frame0074.png,q_8_main_0_30fps_frame0074,Poorly
1251,q_8_main_0_30fps_frame0089.png,q_8_main_0_30fps_frame0089,Poorly
1251,q_warmup_3_main_1_30fps_frame0015.png,q_warmup_3_main_1_30fps_frame0015,Poorly
1251,q_warmup_3_main_1_30fps_frame0030.png,q_warmup_3_main_1_30fps_frame0030,Poorly
1251,q_warmup_3_main_1_30fps_frame0045.png,q_warmup_3_main_1_30fps_frame0045,Well
1251,q_warmup_3_main_1_30fps_frame0060.png,q_warmup_3_main_1_30fps_frame0060,Poorly
1251,q_warmup_3_main_1_30fps_frame0075.png,q_warmup_3_main_1_30fps_frame0075,Poorly
1251,q_warmup_3_main_1_30fps_frame0090.png,q_warmup_3_main_1_30fps_frame0090,Well
1251,q_warmup_4_main_0_30fps_frame0015.png,q_warmup_4_main_0_30fps_frame0015,Well
1251,q_warmup_4_main_0_30fps_frame0030.png,q_warmup_4_main_0_30fps_frame0030,Poorly
1251,q_warmup_4_main_0_30fps_frame0045.png,q_warmup_4_main_0_30fps_frame0045,Well
1251,q_warmup_4_main_0_30fps_frame0060.png,q_warmup_4_main_0_30fps_frame0060,Well
1251,q_warmup_4_main_0_30fps_frame0075.png,q_warmup_4_main_0_30fps_frame0075,Poorly
1251,q_warmup_4_main_0_30fps_frame0090.png,q_warmup_4_main_0_30fps_frame0090,Poorly
1483,q_11_main_1_30fps_frame0013.png,q_11_main_1_30fps_frame0013,Poorly
1483,q_11_main_1_30fps_frame0028.png,q_11_main_1_30fps_frame0028,Poorly
1483,q_11_main_1_30fps_frame0043.png,q_11_main_1_30fps_frame0043,Poorly
1483,q_11_main_1_30fps_frame0058.png,q_11_main_1_30fps_frame0058,poorly
1483,q_11_main_1_30fps_frame0073.png,q_11_main_1_30fps_frame0073,Poorly
1483,q_11_main_1_30fps_frame0088.png,q_11_main_1_30fps_frame0088,Well
1483,q_12_main_1_30fps_frame0014.png,q_12_main_1_30fps_frame0014,Well
1483,q_12_main_1_30fps_frame0029.png,q_12_main_1_30fps_frame0029,Poorly
1483,q_12_main_1_30fps_frame0044.png,q_12_main_1_30fps_frame0044,Poorly
1483,q_12_main_1_30fps_frame0059.png,q_12_main_1_30fps_frame0059,Poorly
1483,q_12_main_1_30fps_frame0074.png,q_12_main_1_30fps_frame0074,Poorly
1483,q_12_main_1_30fps_frame0089.png,q_12_main_1_30fps_frame0089,Poorly
1483,q_14_main_0_30fps_frame0015.png,q_14_main_0_30fps_frame0015,Poorly
1483,q_14_main_0_30fps_frame0030.png,q_14_main_0_30fps_frame0030,Poorly
1483,q_14_main_0_30fps_frame0045.png,q_14_main_0_30fps_frame0045,Poorly
1483,q_14_main_0_30fps_frame0060.png,q_14_main_0_30fps_frame0060,Poorly
1483,q_14_main_0_30fps_frame0075.png,q_14_main_0_30fps_frame0075,Poorly
1483,q_14_main_0_30fps_frame0090.png,q_14_main_0_30fps_frame0090,Poorly
1483,q_16_main_1_30fps_frame0014.png,q_16_main_1_30fps_frame0014,Poorly
1483,q_16_main_1_30fps_frame0029.png,q_16_main_1_30fps_frame0029,Poorly
1483,q_16_main_1_30fps_frame0044.png,q_16_main_1_30fps_frame0044,poorly
1483,q_16_main_1_30fps_frame0059.png,q_16_main_1_30fps_frame0059,Poorly
1483,q_16_main_1_30fps_frame0074.png,q_16_main_1_30fps_frame0074,Well
1483,q_16_main_1_30fps_frame0089.png,q_16_main_1_30fps_frame0089,Poorly
1483,q_18_main_0_30fps_frame0014.png,q_18_main_0_30fps_frame0014,Poorly
1483,q_18_main_0_30fps_frame0029.png,q_18_main_0_30fps_frame0029,Well
1483,q_18_main_0_30fps_frame0044.png,q_18_main_0_30fps_frame0044,Poorly
1483,q_18_main_0_30fps_frame0059.png,q_18_main_0_30fps_frame0059,Poorly
1483,q_18_main_0_30fps_frame0074.png,q_18_main_0_30fps_frame0074,Poorly
1483,q_18_main_0_30fps_frame0089.png,q_18_main_0_30fps_frame0089,Poorly
1483,q_21_main_1_30fps_frame0014.png,q_21_main_1_30fps_frame0014,Poorly
1483,q_21_main_1_30fps_frame0029.png,q_21_main_1_30fps_frame0029,Poorly
1483,q_21_main_1_30fps_frame0044.png,q_21_main_1_30fps_frame0044,Poorly
1483,q_21_main_1_30fps_frame0059.png,q_21_main_1_30fps_frame0059,Poorly
1483,q_21_main_1_30fps_frame0074.png,q_21_main_1_30fps_frame0074,Well
1483,q_21_main_1_30fps_frame0089.png,q_21_main_1_30fps_frame0089,Poorly
1483,q_24_main_0_30fps_frame0014.png,q_24_main_0_30fps_frame0014,Poorly
1483,q_24_main_0_30fps_frame0029.png,q_24_main_0_30fps_frame0029,Poorly
1483,q_24_main_0_30fps_frame0044.png,q_24_main_0_30fps_frame0044,Well
1483,q_24_main_0_30fps_frame0059.png,q_24_main_0_30fps_frame0059,Poorly
1483,q_24_main_0_30fps_frame0074.png,q_24_main_0_30fps_frame0074,Poorly
1483,q_24_main_0_30fps_frame0089.png,q_24_main_0_30fps_frame0089,Poorly
1483,q_25_main_0_30fps_frame0015.png,q_25_main_0_30fps_frame0015,Poorly
1483,q_25_main_0_30fps_frame0030.png,q_25_main_0_30fps_frame0030,Poorly
1483,q_25_main_0_30fps_frame0045.png,q_25_main_0_30fps_frame0045,Poorly
1483,q_25_main_0_30fps_frame0060.png,q_25_main_0_30fps_frame0060,Poorly
1483,q_25_main_0_30fps_frame0075.png,q_25_main_0_30fps_frame0075,Poorly
1483,q_25_main_0_30fps_frame0090.png,q_25_main_0_30fps_frame0090,Poorly
1483,q_27_main_1_30fps_frame0015.png,q_27_main_1_30fps_frame0015,Poorly
1483,q_27_main_1_30fps_frame0030.png,q_27_main_1_30fps_frame0030,Poorly
1483,q_27_main_1_30fps_frame0045.png,q_27_main_1_30fps_frame0045,Poorly
1483,q_27_main_1_30fps_frame0060.png,q_27_main_1_30fps_frame0060,Poorly
1483,q_27_main_1_30fps_frame0075.png,q_27_main_1_30fps_frame0075,Poorly
1483,q_27_main_1_30fps_frame0090.png,q_27_main_1_30fps_frame0090,Poorly
1483,q_29_main_0_30fps_frame0014.png,q_29_main_0_30fps_frame0014,Well
1483,q_29_main_0_30fps_frame0029.png,q_29_main_0_30fps_frame0029,Poorly
1483,q_29_main_0_30fps_frame0044.png,q_29_main_0_30fps_frame0044,Poorly
1483,q_29_main_0_30fps_frame0059.png,q_29_main_0_30fps_frame0059,Well
1483,q_29_main_0_30fps_frame0074.png,q_29_main_0_30fps_frame0074,Well
1483,q_29_main_0_30fps_frame0089.png,q_29_main_0_30fps_frame0089,Poorly
1483,q_3_main_0_30fps_frame0013.png,q_3_main_0_30fps_frame0013,Poorly
1483,q_3_main_0_30fps_frame0028.png,q_3_main_0_30fps_frame0028,Well
1483,q_3_main_0_30fps_frame0043.png,q_3_main_0_30fps_frame0043,Poorly
1483,q_3_main_0_30fps_frame0058.png,q_3_main_0_30fps_frame0058,Poorly
1483,q_3_main_0_30fps_frame0073.png,q_3_main_0_30fps_frame0073,Poorly
1483,q_3_main_0_30fps_frame0088.png,q_3_main_0_30fps_frame0088,Poorly
1483,q_5_main_0_30fps_frame0013.png,q_5_main_0_30fps_frame0013,Poorly
1483,q_5_main_0_30fps_frame0028.png,q_5_main_0_30fps_frame0028,Poorly
1483,q_5_main_0_30fps_frame0043.png,q_5_main_0_30fps_frame0043,Poorly
1483,q_5_main_0_30fps_frame0058.png,q_5_main_0_30fps_frame0058,Well
1483,q_5_main_0_30fps_frame0073.png,q_5_main_0_30fps_frame0073,Poorly
1483,q_5_main_0_30fps_frame0088.png,q_5_main_0_30fps_frame0088,Poorly
1483,q_7_main_1_30fps_frame0014.png,q_7_main_1_30fps_frame0014,Well
1483,q_7_main_1_30fps_frame0029.png,q_7_main_1_30fps_frame0029,Poorly
1483,q_7_main_1_30fps_frame0044.png,q_7_main_1_30fps_frame0044,Poorly
1483,q_7_main_1_30fps_frame0059.png,q_7_main_1_30fps_frame0059,Well
1483,q_7_main_1_30fps_frame0074.png,q_7_main_1_30fps_frame0074,Well
1483,q_7_main_1_30fps_frame0089.png,q_7_main_1_30fps_frame0089,Well
1483,q_8_main_0_30fps_frame0015.png,q_8_main_0_30fps_frame0015,Poorly
1483,q_8_main_0_30fps_frame0030.png,q_8_main_0_30fps_frame0030,Poorly
1483,q_8_main_0_30fps_frame0045.png,q_8_main_0_30fps_frame0045,Poorly
1483,q_8_main_0_30fps_frame0060.png,q_8_main_0_30fps_frame0060,Poorly
1483,q_8_main_0_30fps_frame0075.png,q_8_main_0_30fps_frame0075,Poorly
1483,q_8_main_0_30fps_frame0090.png,q_8_main_0_30fps_frame0090,Poorly
1483,q_9_main_0_30fps_frame0014.png,q_9_main_0_30fps_frame0014,Poorly
1483,q_9_main_0_30fps_frame0029.png,q_9_main_0_30fps_frame0029,Poorly
1483,q_9_main_0_30fps_frame0044.png,q_9_main_0_30fps_frame0044,Poorly
1483,q_9_main_0_30fps_frame0059.png,q_9_main_0_30fps_frame0059,Poorly
1483,q_9_main_0_30fps_frame0074.png,q_9_main_0_30fps_frame0074,Poorly
1483,q_9_main_0_30fps_frame0089.png,q_9_main_0_30fps_frame0089,Poorly
1483,q_warmup_3_main_1_30fps_frame0014.png,q_warmup_3_main_1_30fps_frame0014,Well
1483,q_warmup_3_main_1_30fps_frame0029.png,q_warmup_3_main_1_30fps_frame0029,Well
1483,q_warmup_3_main_1_30fps_frame0044.png,q_warmup_3_main_1_30fps_frame0044,Well
1483,q_warmup_3_main_1_30fps_frame0059.png,q_warmup_3_main_1_30fps_frame0059,Well
1483,q_warmup_3_main_1_30fps_frame0074.png,q_warmup_3_main_1_30fps_frame0074,Poorly
1483,q_warmup_3_main_1_30fps_frame0089.png,q_warmup_3_main_1_30fps_frame0089,Well
1676,q_10_main_0_30fps_frame0015.png,q_10_main_0_30fps_frame0015,Well
1676,q_10_main_0_30fps_frame0030.png,q_10_main_0_30fps_frame0030,Well
1676,q_10_main_0_30fps_frame0045.png,q_10_main_0_30fps_frame0045,Well
1676,q_10_main_0_30fps_frame0060.png,q_10_main_0_30fps_frame0060,Well
1676,q_10_main_0_30fps_frame0075.png,q_10_main_0_30fps_frame0075,Well
1676,q_10_main_0_30fps_frame0090.png,q_10_main_0_30fps_frame0090,Well
1676,q_11_main_1_30fps_frame0014.png,q_11_main_1_30fps_frame0014,Well
1676,q_11_main_1_30fps_frame0029.png,q_11_main_1_30fps_frame0029,Well
1676,q_11_main_1_30fps_frame0044.png,q_11_main_1_30fps_frame0044,Well
1676,q_11_main_1_30fps_frame0059.png,q_11_main_1_30fps_frame0059,Well
1676,q_11_main_1_30fps_frame0074.png,q_11_main_1_30fps_frame0074,Well
1676,q_11_main_1_30fps_frame0089.png,q_11_main_1_30fps_frame0089,Well
1676,q_12_main_1_30fps_frame0014.png,q_12_main_1_30fps_frame0014,Well
1676,q_12_main_1_30fps_frame0029.png,q_12_main_1_30fps_frame0029,Well
1676,q_12_main_1_30fps_frame0044.png,q_12_main_1_30fps_frame0044,Well
1676,q_12_main_1_30fps_frame0059.png,q_12_main_1_30fps_frame0059,Well
1676,q_12_main_1_30fps_frame0074.png,q_12_main_1_30fps_frame0074,Well
1676,q_12_main_1_30fps_frame0089.png,q_12_main_1_30fps_frame0089,Well
1676,q_15_main_1_30fps_frame0015.png,q_15_main_1_30fps_frame0015,Well
1676,q_15_main_1_30fps_frame0030.png,q_15_main_1_30fps_frame0030,Well
1676,q_15_main_1_30fps_frame0045.png,q_15_main_1_30fps_frame0045,Well
1676,q_15_main_1_30fps_frame0060.png,q_15_main_1_30fps_frame0060,Well
1676,q_15_main_1_30fps_frame0075.png,q_15_main_1_30fps_frame0075,Well
1676,q_15_main_1_30fps_frame0090.png,q_15_main_1_30fps_frame0090,Well
1676,q_16_main_1_30fps_frame0015.png,q_16_main_1_30fps_frame0015,Well
1676,q_16_main_1_30fps_frame0030.png,q_16_main_1_30fps_frame0030,Well
1676,q_16_main_1_30fps_frame0045.png,q_16_main_1_30fps_frame0045,Well
1676,q_16_main_1_30fps_frame0060.png,q_16_main_1_30fps_frame0060,Well
1676,q_16_main_1_30fps_frame0075.png,q_16_main_1_30fps_frame0075,Well
1676,q_16_main_1_30fps_frame0090.png,q_16_main_1_30fps_frame0090,Well
1676,q_17_main_0_30fps_frame0015.png,q_17_main_0_30fps_frame0015,Well
1676,q_17_main_0_30fps_frame0030.png,q_17_main_0_30fps_frame0030,Well
1676,q_17_main_0_30fps_frame0045.png,q_17_main_0_30fps_frame0045,Well
1676,q_17_main_0_30fps_frame0060.png,q_17_main_0_30fps_frame0060,Well
1676,q_17_main_0_30fps_frame0075.png,q_17_main_0_30fps_frame0075,Well
1676,q_17_main_0_30fps_frame0090.png,q_17_main_0_30fps_frame0090,Well
1676,q_18_main_0_30fps_frame0015.png,q_18_main_0_30fps_frame0015,Well
1676,q_18_main_0_30fps_frame0030.png,q_18_main_0_30fps_frame0030,Well
1676,q_18_main_0_30fps_frame0045.png,q_18_main_0_30fps_frame0045,Well
1676,q_18_main_0_30fps_frame0060.png,q_18_main_0_30fps_frame0060,Well
1676,q_18_main_0_30fps_frame0075.png,q_18_main_0_30fps_frame0075,Well
1676,q_18_main_0_30fps_frame0090.png,q_18_main_0_30fps_frame0090,Well
1676,q_1_main_0_30fps_frame0015.png,q_1_main_0_30fps_frame0015,Well
1676,q_1_main_0_30fps_frame0030.png,q_1_main_0_30fps_frame0030,Well
1676,q_1_main_0_30fps_frame0045.png,q_1_main_0_30fps_frame0045,Well
1676,q_1_main_0_30fps_frame0060.png,q_1_main_0_30fps_frame0060,Well
1676,q_1_main_0_30fps_frame0075.png,q_1_main_0_30fps_frame0075,Well
1676,q_1_main_0_30fps_frame0090.png,q_1_main_0_30fps_frame0090,Well
1676,q_21_main_0_30fps_frame0015.png,q_21_main_0_30fps_frame0015,Well
1676,q_21_main_0_30fps_frame0030.png,q_21_main_0_30fps_frame0030,Well
1676,q_21_main_0_30fps_frame0045.png,q_21_main_0_30fps_frame0045,Well
1676,q_21_main_0_30fps_frame0060.png,q_21_main_0_30fps_frame0060,Well
1676,q_21_main_0_30fps_frame0075.png,q_21_main_0_30fps_frame0075,Well
1676,q_21_main_0_30fps_frame0090.png,q_21_main_0_30fps_frame0090,Well
1676,q_23_main_0_30fps_frame0015.png,q_23_main_0_30fps_frame0015,Well
1676,q_23_main_0_30fps_frame0030.png,q_23_main_0_30fps_frame0030,Well
1676,q_23_main_0_30fps_frame0045.png,q_23_main_0_30fps_frame0045,Well
1676,q_23_main_0_30fps_frame0060.png,q_23_main_0_30fps_frame0060,Well
1676,q_23_main_0_30fps_frame0075.png,q_23_main_0_30fps_frame0075,Well
1676,q_23_main_0_30fps_frame0090.png,q_23_main_0_30fps_frame0090,Well
1676,q_24_main_0_30fps_frame0015.png,q_24_main_0_30fps_frame0015,Well
1676,q_24_main_0_30fps_frame0030.png,q_24_main_0_30fps_frame0030,Well
1676,q_24_main_0_30fps_frame0045.png,q_24_main_0_30fps_frame0045,Well
1676,q_24_main_0_30fps_frame0060.png,q_24_main_0_30fps_frame0060,Well
1676,q_24_main_0_30fps_frame0075.png,q_24_main_0_30fps_frame0075,Well
1676,q_24_main_0_30fps_frame0090.png,q_24_main_0_30fps_frame0090,Well
1676,q_26_main_0_30fps_frame0014.png,q_26_main_0_30fps_frame0014,Poorly
1676,q_26_main_0_30fps_frame0029.png,q_26_main_0_30fps_frame0029,Poorly
1676,q_26_main_0_30fps_frame0044.png,q_26_main_0_30fps_frame0044,Well
1676,q_26_main_0_30fps_frame0059.png,q_26_main_0_30fps_frame0059,Well
1676,q_26_main_0_30fps_frame0074.png,q_26_main_0_30fps_frame0074,Well
1676,q_26_main_0_30fps_frame0089.png,q_26_main_0_30fps_frame0089,Well
1676,q_2_main_1_30fps_frame0015.png,q_2_main_1_30fps_frame0015,Well
1676,q_2_main_1_30fps_frame0030.png,q_2_main_1_30fps_frame0030,Well
1676,q_2_main_1_30fps_frame0045.png,q_2_main_1_30fps_frame0045,Well
1676,q_2_main_1_30fps_frame0060.png,q_2_main_1_30fps_frame0060,Well
1676,q_2_main_1_30fps_frame0075.png,q_2_main_1_30fps_frame0075,Well
1676,q_2_main_1_30fps_frame0090.png,q_2_main_1_30fps_frame0090,Well
1676,q_30_main_0_30fps_frame0015.png,q_30_main_0_30fps_frame0015,Well
1676,q_30_main_0_30fps_frame0030.png,q_30_main_0_30fps_frame0030,Well
1676,q_30_main_0_30fps_frame0045.png,q_30_main_0_30fps_frame0045,Well
1676,q_30_main_0_30fps_frame0060.png,q_30_main_0_30fps_frame0060,Well
1676,q_30_main_0_30fps_frame0075.png,q_30_main_0_30fps_frame0075,Well
1676,q_30_main_0_30fps_frame0090.png,q_30_main_0_30fps_frame0090,Well
1676,q_3_main_1_30fps_frame0015.png,q_3_main_1_30fps_frame0015,Well
1676,q_3_main_1_30fps_frame0030.png,q_3_main_1_30fps_frame0030,Well
1676,q_3_main_1_30fps_frame0045.png,q_3_main_1_30fps_frame0045,Well
1676,q_3_main_1_30fps_frame0060.png,q_3_main_1_30fps_frame0060,Well
1676,q_3_main_1_30fps_frame0075.png,q_3_main_1_30fps_frame0075,Well
1676,q_3_main_1_30fps_frame0090.png,q_3_main_1_30fps_frame0090,Well
1676,q_4_main_0_30fps_frame0015.png,q_4_main_0_30fps_frame0015,Well
1676,q_4_main_0_30fps_frame0030.png,q_4_main_0_30fps_frame0030,Well
1676,q_4_main_0_30fps_frame0045.png,q_4_main_0_30fps_frame0045,Poorly
1676,q_4_main_0_30fps_frame0060.png,q_4_main_0_30fps_frame0060,Well
1676,q_4_main_0_30fps_frame0075.png,q_4_main_0_30fps_frame0075,Well
1676,q_4_main_0_30fps_frame0090.png,q_4_main_0_30fps_frame0090,Well
1676,q_5_main_0_30fps_frame0015.png,q_5_main_0_30fps_frame0015,Well
1676,q_5_main_0_30fps_frame0030.png,q_5_main_0_30fps_frame0030,Well
1676,q_5_main_0_30fps_frame0045.png,q_5_main_0_30fps_frame0045,Well
1676,q_5_main_0_30fps_frame0060.png,q_5_main_0_30fps_frame0060,Well
1676,q_5_main_0_30fps_frame0075.png,q_5_main_0_30fps_frame0075,Well
1676,q_5_main_0_30fps_frame0090.png,q_5_main_0_30fps_frame0090,Well
1676,q_warmup_4_main_0_30fps_frame0014.png,q_warmup_4_main_0_30fps_frame0014,Well
1676,q_warmup_4_main_0_30fps_frame0029.png,q_warmup_4_main_0_30fps_frame0029,Well
1676,q_warmup_4_main_0_30fps_frame0044.png,q_warmup_4_main_0_30fps_frame0044,Well
1676,q_warmup_4_main_0_30fps_frame0059.png,q_warmup_4_main_0_30fps_frame0059,Well
1676,q_warmup_4_main_0_30fps_frame0074.png,q_warmup_4_main_0_30fps_frame0074,Well
1676,q_warmup_4_main_0_30fps_frame0089.png,q_warmup_4_main_0_30fps_frame0089,Well
2103,q_11_main_1_30fps_frame0013.png,q_11_main_1_30fps_frame0013,Poorly
2103,q_11_main_1_30fps_frame0028.png,q_11_main_1_30fps_frame0028,Well
2103,q_11_main_1_30fps_frame0043.png,q_11_main_1_30fps_frame0043,Well
2103,q_11_main_1_30fps_frame0058.png,q_11_main_1_30fps_frame0058,Well
2103,q_11_main_1_30fps_frame0073.png,q_11_main_1_30fps_frame0073,Well
2103,q_11_main_1_30fps_frame0088.png,q_11_main_1_30fps_frame0088,Poorly
2103,q_12_main_1_30fps_frame0015.png,q_12_main_1_30fps_frame0015,Poorly
2103,q_12_main_1_30fps_frame0030.png,q_12_main_1_30fps_frame0030,Poorly
2103,q_12_main_1_30fps_frame0045.png,q_12_main_1_30fps_frame0045,Poorly
2103,q_12_main_1_30fps_frame0060.png,q_12_main_1_30fps_frame0060,Poorly
2103,q_12_main_1_30fps_frame0075.png,q_12_main_1_30fps_frame0075,Poorly
2103,q_12_main_1_30fps_frame0090.png,q_12_main_1_30fps_frame0090,Poorly
2103,q_13_main_1_30fps_frame0015.png,q_13_main_1_30fps_frame0015,Well
2103,q_13_main_1_30fps_frame0030.png,q_13_main_1_30fps_frame0030,Poorly
2103,q_13_main_1_30fps_frame0045.png,q_13_main_1_30fps_frame0045,Well
2103,q_13_main_1_30fps_frame0060.png,q_13_main_1_30fps_frame0060,Poorly
2103,q_13_main_1_30fps_frame0075.png,q_13_main_1_30fps_frame0075,Poorly
2103,q_13_main_1_30fps_frame0090.png,q_13_main_1_30fps_frame0090,Poorly
2103,q_15_main_1_30fps_frame0014.png,q_15_main_1_30fps_frame0014,Poorly
2103,q_15_main_1_30fps_frame0029.png,q_15_main_1_30fps_frame0029,Poorly
2103,q_15_main_1_30fps_frame0044.png,q_15_main_1_30fps_frame0044,Poorly
2103,q_15_main_1_30fps_frame0059.png,q_15_main_1_30fps_frame0059,Poorly
2103,q_15_main_1_30fps_frame0074.png,q_15_main_1_30fps_frame0074,Poorly
2103,q_15_main_1_30fps_frame0089.png,q_15_main_1_30fps_frame0089,Poorly
2103,q_17_main_1_30fps_frame0014.png,q_17_main_1_30fps_frame0014,Poorly
2103,q_17_main_1_30fps_frame0029.png,q_17_main_1_30fps_frame0029,Poorly
2103,q_17_main_1_30fps_frame0044.png,q_17_main_1_30fps_frame0044,Well
2103,q_17_main_1_30fps_frame0059.png,q_17_main_1_30fps_frame0059,Well
2103,q_17_main_1_30fps_frame0074.png,q_17_main_1_30fps_frame0074,Poorly
2103,q_17_main_1_30fps_frame0089.png,q_17_main_1_30fps_frame0089,Well
2103,q_18_main_1_30fps_frame0015.png,q_18_main_1_30fps_frame0015,Poorly
2103,q_18_main_1_30fps_frame0030.png,q_18_main_1_30fps_frame0030,Poorly
2103,q_18_main_1_30fps_frame0045.png,q_18_main_1_30fps_frame0045,Poorly
2103,q_18_main_1_30fps_frame0060.png,q_18_main_1_30fps_frame0060,Poorly
2103,q_18_main_1_30fps_frame0075.png,q_18_main_1_30fps_frame0075,Poorly
2103,q_18_main_1_30fps_frame0090.png,q_18_main_1_30fps_frame0090,Well
2103,q_1_main_1_30fps_frame0014.png,q_1_main_1_30fps_frame0014,Poorly
2103,q_1_main_1_30fps_frame0029.png,q_1_main_1_30fps_frame0029,Poorly
2103,q_1_main_1_30fps_frame0044.png,q_1_main_1_30fps_frame0044,Well
2103,q_1_main_1_30fps_frame0059.png,q_1_main_1_30fps_frame0059,Well
2103,q_1_main_1_30fps_frame0074.png,q_1_main_1_30fps_frame0074,Well
2103,q_1_main_1_30fps_frame0089.png,q_1_main_1_30fps_frame0089,Poorly
2103,q_20_main_1_30fps_frame0014.png,q_20_main_1_30fps_frame0014,Poorly
2103,q_20_main_1_30fps_frame0029.png,q_20_main_1_30fps_frame0029,Well
2103,q_20_main_1_30fps_frame0044.png,q_20_main_1_30fps_frame0044,Poorly
2103,q_20_main_1_30fps_frame0059.png,q_20_main_1_30fps_frame0059,Well
2103,q_20_main_1_30fps_frame0074.png,q_20_main_1_30fps_frame0074,Well
2103,q_20_main_1_30fps_frame0089.png,q_20_main_1_30fps_frame0089,Poorly
2103,q_22_main_1_30fps_frame0014.png,q_22_main_1_30fps_frame0014,Poorly
2103,q_22_main_1_30fps_frame0029.png,q_22_main_1_30fps_frame0029,Well
2103,q_22_main_1_30fps_frame0044.png,q_22_main_1_30fps_frame0044,Well
2103,q_22_main_1_30fps_frame0059.png,q_22_main_1_30fps_frame0059,Poorly
2103,q_22_main_1_30fps_frame0074.png,q_22_main_1_30fps_frame0074,Poorly
2103,q_22_main_1_30fps_frame0089.png,q_22_main_1_30fps_frame0089,Poorly
2103,q_23_main_0_30fps_frame0015.png,q_23_main_0_30fps_frame0015,Poorly
2103,q_23_main_0_30fps_frame0030.png,q_23_main_0_30fps_frame0030,Poorly
2103,q_23_main_0_30fps_frame0045.png,q_23_main_0_30fps_frame0045,Well
2103,q_23_main_0_30fps_frame0060.png,q_23_main_0_30fps_frame0060,Well
2103,q_23_main_0_30fps_frame0075.png,q_23_main_0_30fps_frame0075,Well
2103,q_23_main_0_30fps_frame0090.png,q_23_main_0_30fps_frame0090,Well
2103,q_24_main_0_30fps_frame0014.png,q_24_main_0_30fps_frame0014,Well
2103,q_24_main_0_30fps_frame0029.png,q_24_main_0_30fps_frame0029,Well
2103,q_24_main_0_30fps_frame0044.png,q_24_main_0_30fps_frame0044,Poorly
2103,q_24_main_0_30fps_frame0059.png,q_24_main_0_30fps_frame0059,Poorly
2103,q_24_main_0_30fps_frame0074.png,q_24_main_0_30fps_frame0074,Poorly
2103,q_24_main_0_30fps_frame0089.png,q_24_main_0_30fps_frame0089,Poorly
2103,q_27_main_0_30fps_frame0014.png,q_27_main_0_30fps_frame0014,Poorly
2103,q_27_main_0_30fps_frame0029.png,q_27_main_0_30fps_frame0029,Well
2103,q_27_main_0_30fps_frame0044.png,q_27_main_0_30fps_frame0044,Poorly
2103,q_27_main_0_30fps_frame0059.png,q_27_main_0_30fps_frame0059,Poorly
2103,q_27_main_0_30fps_frame0074.png,q_27_main_0_30fps_frame0074,Poorly
2103,q_27_main_0_30fps_frame0089.png,q_27_main_0_30fps_frame0089,Poorly
2103,q_29_main_0_30fps_frame0014.png,q_29_main_0_30fps_frame0014,Poorly
2103,q_29_main_0_30fps_frame0029.png,q_29_main_0_30fps_frame0029,Poorly
2103,q_29_main_0_30fps_frame0044.png,q_29_main_0_30fps_frame0044,Well
2103,q_29_main_0_30fps_frame0059.png,q_29_main_0_30fps_frame0059,Poorly
2103,q_29_main_0_30fps_frame0074.png,q_29_main_0_30fps_frame0074,Poorly
2103,q_29_main_0_30fps_frame0089.png,q_29_main_0_30fps_frame0089,Well
2103,q_2_main_1_30fps_frame0015.png,q_2_main_1_30fps_frame0015,Poorly
2103,q_2_main_1_30fps_frame0030.png,q_2_main_1_30fps_frame0030,Poorly
2103,q_2_main_1_30fps_frame0045.png,q_2_main_1_30fps_frame0045,Poorly
2103,q_2_main_1_30fps_frame0060.png,q_2_main_1_30fps_frame0060,Poorly
2103,q_2_main_1_30fps_frame0075.png,q_2_main_1_30fps_frame0075,Well
2103,q_2_main_1_30fps_frame0090.png,q_2_main_1_30fps_frame0090,Well
2103,q_30_main_1_30fps_frame0014.png,q_30_main_1_30fps_frame0014,Well
2103,q_30_main_1_30fps_frame0029.png,q_30_main_1_30fps_frame0029,Poorly
2103,q_30_main_1_30fps_frame0044.png,q_30_main_1_30fps_frame0044,Well
2103,q_30_main_1_30fps_frame0059.png,q_30_main_1_30fps_frame0059,Well
2103,q_30_main_1_30fps_frame0074.png,q_30_main_1_30fps_frame0074,Well
2103,q_30_main_1_30fps_frame0089.png,q_30_main_1_30fps_frame0089,Well
2103,q_3_main_1_30fps_frame0015.png,q_3_main_1_30fps_frame0015,Poorly
2103,q_3_main_1_30fps_frame0030.png,q_3_main_1_30fps_frame0030,Well
2103,q_3_main_1_30fps_frame0045.png,q_3_main_1_30fps_frame0045,Well
2103,q_3_main_1_30fps_frame0060.png,q_3_main_1_30fps_frame0060,Well
2103,q_3_main_1_30fps_frame0075.png,q_3_main_1_30fps_frame0075,Well
2103,q_3_main_1_30fps_frame0090.png,q_3_main_1_30fps_frame0090,Poorly
2103,q_4_main_1_30fps_frame0014.png,q_4_main_1_30fps_frame0014,Well
2103,q_4_main_1_30fps_frame0029.png,q_4_main_1_30fps_frame0029,Poorly
2103,q_4_main_1_30fps_frame0044.png,q_4_main_1_30fps_frame0044,Poorly
2103,q_4_main_1_30fps_frame0059.png,q_4_main_1_30fps_frame0059,Poorly
2103,q_4_main_1_30fps_frame0074.png,q_4_main_1_30fps_frame0074,Poorly
2103,q_4_main_1_30fps_frame0089.png,q_4_main_1_30fps_frame0089,Poorly
2103,q_warmup_4_main_0_30fps_frame0014.png,q_warmup_4_main_0_30fps_frame0014,Well
2103,q_warmup_4_main_0_30fps_frame0029.png,q_warmup_4_main_0_30fps_frame0029,Well
2103,q_warmup_4_main_0_30fps_frame0044.png,q_warmup_4_main_0_30fps_frame0044,Poorly
2103,q_warmup_4_main_0_30fps_frame0059.png,q_warmup_4_main_0_30fps_frame0059,Poorly
2103,q_warmup_4_main_0_30fps_frame0074.png,q_warmup_4_main_0_30fps_frame0074,Poorly
2103,q_warmup_4_main_0_30fps_frame0089.png,q_warmup_4_main_0_30fps_frame0089,Poorly
2313,q_12_main_1_30fps_frame0015.png,q_12_main_1_30fps_frame0015,Poorly
2313,q_12_main_1_30fps_frame0030.png,q_12_main_1_30fps_frame0030,Poorly
2313,q_12_main_1_30fps_frame0045.png,q_12_main_1_30fps_frame0045,Poorly
2313,q_12_main_1_30fps_frame0060.png,q_12_main_1_30fps_frame0060,Poorly
2313,q_12_main_1_30fps_frame0075.png,q_12_main_1_30fps_frame0075,Well
2313,q_12_main_1_30fps_frame0090.png,q_12_main_1_30fps_frame0090,Well
2313,q_13_main_0_30fps_frame0015.png,q_13_main_0_30fps_frame0015,Well
2313,q_13_main_0_30fps_frame0030.png,q_13_main_0_30fps_frame0030,Poorly
2313,q_13_main_0_30fps_frame0045.png,q_13_main_0_30fps_frame0045,Well
2313,q_13_main_0_30fps_frame0060.png,q_13_main_0_30fps_frame0060,Poorly
2313,q_13_main_0_30fps_frame0075.png,q_13_main_0_30fps_frame0075,Poorly
2313,q_13_main_0_30fps_frame0090.png,q_13_main_0_30fps_frame0090,Well
2313,q_15_main_1_30fps_frame0015.png,q_15_main_1_30fps_frame0015,Well
2313,q_15_main_1_30fps_frame0030.png,q_15_main_1_30fps_frame0030,Well
2313,q_15_main_1_30fps_frame0045.png,q_15_main_1_30fps_frame0045,Well
2313,q_15_main_1_30fps_frame0060.png,q_15_main_1_30fps_frame0060,Well
2313,q_15_main_1_30fps_frame0075.png,q_15_main_1_30fps_frame0075,Well
2313,q_15_main_1_30fps_frame0090.png,q_15_main_1_30fps_frame0090,Poorly
2313,q_17_main_1_30fps_frame0014.png,q_17_main_1_30fps_frame0014,Well
2313,q_17_main_1_30fps_frame0029.png,q_17_main_1_30fps_frame0029,Poorly
2313,q_17_main_1_30fps_frame0044.png,q_17_main_1_30fps_frame0044,Poorly
2313,q_17_main_1_30fps_frame0059.png,q_17_main_1_30fps_frame0059,Poorly
2313,q_17_main_1_30fps_frame0074.png,q_17_main_1_30fps_frame0074,Well
2313,q_17_main_1_30fps_frame0089.png,q_17_main_1_30fps_frame0089,Well
2313,q_19_main_1_30fps_frame0014.png,q_19_main_1_30fps_frame0014,Well
2313,q_19_main_1_30fps_frame0029.png,q_19_main_1_30fps_frame0029,Poorly
2313,q_19_main_1_30fps_frame0044.png,q_19_main_1_30fps_frame0044,Poorly
2313,q_19_main_1_30fps_frame0059.png,q_19_main_1_30fps_frame0059,Well
2313,q_19_main_1_30fps_frame0074.png,q_19_main_1_30fps_frame0074,Well
2313,q_19_main_1_30fps_frame0089.png,q_19_main_1_30fps_frame0089,Well
2313,q_20_main_0_30fps_frame0014.png,q_20_main_0_30fps_frame0014,Poorly
2313,q_20_main_0_30fps_frame0029.png,q_20_main_0_30fps_frame0029,Poorly
2313,q_20_main_0_30fps_frame0044.png,q_20_main_0_30fps_frame0044,Well
2313,q_20_main_0_30fps_frame0059.png,q_20_main_0_30fps_frame0059,Poorly
2313,q_20_main_0_30fps_frame0074.png,q_20_main_0_30fps_frame0074,Poorly
2313,q_20_main_0_30fps_frame0089.png,q_20_main_0_30fps_frame0089,Well
2313,q_21_main_0_30fps_frame0015.png,q_21_main_0_30fps_frame0015,Well
2313,q_21_main_0_30fps_frame0030.png,q_21_main_0_30fps_frame0030,Well
2313,q_21_main_0_30fps_frame0045.png,q_21_main_0_30fps_frame0045,Well
2313,q_21_main_0_30fps_frame0060.png,q_21_main_0_30fps_frame0060,Well
2313,q_21_main_0_30fps_frame0075.png,q_21_main_0_30fps_frame0075,Well
2313,q_21_main_0_30fps_frame0090.png,q_21_main_0_30fps_frame0090,Poorly
2313,q_22_main_0_30fps_frame0015.png,q_22_main_0_30fps_frame0015,Poorly
2313,q_22_main_0_30fps_frame0030.png,q_22_main_0_30fps_frame0030,Well
2313,q_22_main_0_30fps_frame0045.png,q_22_main_0_30fps_frame0045,Poorly
2313,q_22_main_0_30fps_frame0060.png,q_22_main_0_30fps_frame0060,Poorly
2313,q_22_main_0_30fps_frame0075.png,q_22_main_0_30fps_frame0075,Poorly
2313,q_22_main_0_30fps_frame0090.png,q_22_main_0_30fps_frame0090,Poorly
2313,q_25_main_0_30fps_frame0015.png,q_25_main_0_30fps_frame0015,Poorly
2313,q_25_main_0_30fps_frame0030.png,q_25_main_0_30fps_frame0030,Poorly
2313,q_25_main_0_30fps_frame0045.png,q_25_main_0_30fps_frame0045,Well
2313,q_25_main_0_30fps_frame0060.png,q_25_main_0_30fps_frame0060,Poorly
2313,q_25_main_0_30fps_frame0075.png,q_25_main_0_30fps_frame0075,Poorly
2313,q_25_main_0_30fps_frame0090.png,q_25_main_0_30fps_frame0090,Poorly
2313,q_26_main_0_30fps_frame0015.png,q_26_main_0_30fps_frame0015,Poorly
2313,q_26_main_0_30fps_frame0030.png,q_26_main_0_30fps_frame0030,Well
2313,q_26_main_0_30fps_frame0045.png,q_26_main_0_30fps_frame0045,Poorly
2313,q_26_main_0_30fps_frame0060.png,q_26_main_0_30fps_frame0060,Poorly
2313,q_26_main_0_30fps_frame0075.png,q_26_main_0_30fps_frame0075,Poorly
2313,q_26_main_0_30fps_frame0090.png,q_26_main_0_30fps_frame0090,Poorly
2313,q_29_main_1_30fps_frame0014.png,q_29_main_1_30fps_frame0014,Well
2313,q_29_main_1_30fps_frame0029.png,q_29_main_1_30fps_frame0029,Well
2313,q_29_main_1_30fps_frame0044.png,q_29_main_1_30fps_frame0044,Poorly
2313,q_29_main_1_30fps_frame0059.png,q_29_main_1_30fps_frame0059,Well
2313,q_29_main_1_30fps_frame0074.png,q_29_main_1_30fps_frame0074,Well
2313,q_29_main_1_30fps_frame0089.png,q_29_main_1_30fps_frame0089,Poorly
2313,q_2_main_1_30fps_frame0015.png,q_2_main_1_30fps_frame0015,Poorly
2313,q_2_main_1_30fps_frame0030.png,q_2_main_1_30fps_frame0030,Poorly
2313,q_2_main_1_30fps_frame0045.png,q_2_main_1_30fps_frame0045,Well
2313,q_2_main_1_30fps_frame0060.png,q_2_main_1_30fps_frame0060,Poorly
2313,q_2_main_1_30fps_frame0075.png,q_2_main_1_30fps_frame0075,Poorly
2313,q_2_main_1_30fps_frame0090.png,q_2_main_1_30fps_frame0090,Poorly
2313,q_30_main_0_30fps_frame0015.png,q_30_main_0_30fps_frame0015,Poorly
2313,q_30_main_0_30fps_frame0030.png,q_30_main_0_30fps_frame0030,Poorly
2313,q_30_main_0_30fps_frame0045.png,q_30_main_0_30fps_frame0045,Well
2313,q_30_main_0_30fps_frame0060.png,q_30_main_0_30fps_frame0060,Poorly
2313,q_30_main_0_30fps_frame0075.png,q_30_main_0_30fps_frame0075,Poorly
2313,q_30_main_0_30fps_frame0090.png,q_30_main_0_30fps_frame0090,Poorly
2313,q_6_main_1_30fps_frame0015.png,q_6_main_1_30fps_frame0015,Poorly
2313,q_6_main_1_30fps_frame0030.png,q_6_main_1_30fps_frame0030,Well
2313,q_6_main_1_30fps_frame0045.png,q_6_main_1_30fps_frame0045,Well
2313,q_6_main_1_30fps_frame0060.png,q_6_main_1_30fps_frame0060,Well
2313,q_6_main_1_30fps_frame0075.png,q_6_main_1_30fps_frame0075,Well
2313,q_6_main_1_30fps_frame0090.png,q_6_main_1_30fps_frame0090,Poorly
2313,q_9_main_0_30fps_frame0015.png,q_9_main_0_30fps_frame0015,Well
2313,q_9_main_0_30fps_frame0030.png,q_9_main_0_30fps_frame0030,Poorly
2313,q_9_main_0_30fps_frame0045.png,q_9_main_0_30fps_frame0045,Poorly
2313,q_9_main_0_30fps_frame0060.png,q_9_main_0_30fps_frame0060,Poorly
2313,q_9_main_0_30fps_frame0075.png,q_9_main_0_30fps_frame0075,Well
2313,q_9_main_0_30fps_frame0090.png,q_9_main_0_30fps_frame0090,Well
2313,q_warmup_3_main_1_30fps_frame0015.png,q_warmup_3_main_1_30fps_frame0015,Well
2313,q_warmup_3_main_1_30fps_frame0030.png,q_warmup_3_main_1_30fps_frame0030,Poorly
2313,q_warmup_3_main_1_30fps_frame0045.png,q_warmup_3_main_1_30fps_frame0045,Poorly
2313,q_warmup_3_main_1_30fps_frame0060.png,q_warmup_3_main_1_30fps_frame0060,Poorly
2313,q_warmup_3_main_1_30fps_frame0075.png,q_warmup_3_main_1_30fps_frame0075,Well
2313,q_warmup_3_main_1_30fps_frame0090.png,q_warmup_3_main_1_30fps_frame0090,Poorly
2313,q_warmup_4_main_0_30fps_frame0014.png,q_warmup_4_main_0_30fps_frame0014,Well
2313,q_warmup_4_main_0_30fps_frame0029.png,q_warmup_4_main_0_30fps_frame0029,Poorly
2313,q_warmup_4_main_0_30fps_frame0044.png,q_warmup_4_main_0_30fps_frame0044,Well
2313,q_warmup_4_main_0_30fps_frame0059.png,q_warmup_4_main_0_30fps_frame0059,Well
2313,q_warmup_4_main_0_30fps_frame0074.png,q_warmup_4_main_0_30fps_frame0074,Well
2313,q_warmup_4_main_0_30fps_frame0089.png,q_warmup_4_main_0_30fps_frame0089,Well
2698,q_12_main_1_30fps_frame0015.png,q_12_main_1_30fps_frame0015,Well
2698,q_12_main_1_30fps_frame0030.png,q_12_main_1_30fps_frame0030,Poorly
2698,q_12_main_1_30fps_frame0045.png,q_12_main_1_30fps_frame0045,Well
2698,q_12_main_1_30fps_frame0060.png,q_12_main_1_30fps_frame0060,Poorly
2698,q_12_main_1_30fps_frame0075.png,q_12_main_1_30fps_frame0075,Well
2698,q_12_main_1_30fps_frame0090.png,q_12_main_1_30fps_frame0090,Well
2698,q_14_main_0_30fps_frame0014.png,q_14_main_0_30fps_frame0014,Well
2698,q_14_main_0_30fps_frame0029.png,q_14_main_0_30fps_frame0029,Poorly
2698,q_14_main_0_30fps_frame0044.png,q_14_main_0_30fps_frame0044,Well
2698,q_14_main_0_30fps_frame0059.png,q_14_main_0_30fps_frame0059,Well
2698,q_14_main_0_30fps_frame0074.png,q_14_main_0_30fps_frame0074,Poorly
2698,q_14_main_0_30fps_frame0089.png,q_14_main_0_30fps_frame0089,poorly
2698,q_15_main_1_30fps_frame0014.png,q_15_main_1_30fps_frame0014,Poorly
2698,q_15_main_1_30fps_frame0029.png,q_15_main_1_30fps_frame0029,Well
2698,q_15_main_1_30fps_frame0044.png,q_15_main_1_30fps_frame0044,Well
2698,q_15_main_1_30fps_frame0059.png,q_15_main_1_30fps_frame0059,Well
2698,q_15_main_1_30fps_frame0074.png,q_15_main_1_30fps_frame0074,Well
2698,q_15_main_1_30fps_frame0089.png,q_15_main_1_30fps_frame0089,Poorly
2698,q_16_main_1_30fps_frame0015.png,q_16_main_1_30fps_frame0015,Well
2698,q_16_main_1_30fps_frame0030.png,q_16_main_1_30fps_frame0030,Well
2698,q_16_main_1_30fps_frame0045.png,q_16_main_1_30fps_frame0045,Poorly
2698,q_16_main_1_30fps_frame0060.png,q_16_main_1_30fps_frame0060,Well
2698,q_16_main_1_30fps_frame0075.png,q_16_main_1_30fps_frame0075,Well
2698,q_16_main_1_30fps_frame0090.png,q_16_main_1_30fps_frame0090,Well
2698,q_17_main_1_30fps_frame0015.png,q_17_main_1_30fps_frame0015,Poorly
2698,q_17_main_1_30fps_frame0030.png,q_17_main_1_30fps_frame0030,Well
2698,q_17_main_1_30fps_frame0045.png,q_17_main_1_30fps_frame0045,Poorly
2698,q_17_main_1_30fps_frame0060.png,q_17_main_1_30fps_frame0060,Well
2698,q_17_main_1_30fps_frame0075.png,q_17_main_1_30fps_frame0075,Well
2698,q_17_main_1_30fps_frame0090.png,q_17_main_1_30fps_frame0090,Well
2698,q_18_main_0_30fps_frame0014.png,q_18_main_0_30fps_frame0014,poorly
2698,q_18_main_0_30fps_frame0029.png,q_18_main_0_30fps_frame0029,Poorly
2698,q_18_main_0_30fps_frame0044.png,q_18_main_0_30fps_frame0044,Poorly
2698,q_18_main_0_30fps_frame0059.png,q_18_main_0_30fps_frame0059,Poorly
2698,q_18_main_0_30fps_frame0074.png,q_18_main_0_30fps_frame0074,Poorly
2698,q_18_main_0_30fps_frame0089.png,q_18_main_0_30fps_frame0089,Poorly
2698,q_19_main_1_30fps_frame0015.png,q_19_main_1_30fps_frame0015,Poorly
2698,q_19_main_1_30fps_frame0030.png,q_19_main_1_30fps_frame0030,Poorly
2698,q_19_main_1_30fps_frame0045.png,q_19_main_1_30fps_frame0045,Well
2698,q_19_main_1_30fps_frame0060.png,q_19_main_1_30fps_frame0060,Well
2698,q_19_main_1_30fps_frame0075.png,q_19_main_1_30fps_frame0075,Well
2698,q_19_main_1_30fps_frame0090.png,q_19_main_1_30fps_frame0090,Well
2698,q_1_main_0_30fps_frame0014.png,q_1_main_0_30fps_frame0014,Poorly
2698,q_1_main_0_30fps_frame0029.png,q_1_main_0_30fps_frame0029,Poorly
2698,q_1_main_0_30fps_frame0044.png,q_1_main_0_30fps_frame0044,Poorly
2698,q_1_main_0_30fps_frame0059.png,q_1_main_0_30fps_frame0059,Well
2698,q_1_main_0_30fps_frame0074.png,q_1_main_0_30fps_frame0074,Well
2698,q_1_main_0_30fps_frame0089.png,q_1_main_0_30fps_frame0089,Poorly
2698,q_22_main_1_30fps_frame0015.png,q_22_main_1_30fps_frame0015,Poorly
2698,q_22_main_1_30fps_frame0030.png,q_22_main_1_30fps_frame0030,Poorly
2698,q_22_main_1_30fps_frame0045.png,q_22_main_1_30fps_frame0045,Poorly
2698,q_22_main_1_30fps_frame0060.png,q_22_main_1_30fps_frame0060,Poorly
2698,q_22_main_1_30fps_frame0075.png,q_22_main_1_30fps_frame0075,Poorly
2698,q_22_main_1_30fps_frame0090.png,q_22_main_1_30fps_frame0090,Poorly
2698,q_23_main_0_30fps_frame0015.png,q_23_main_0_30fps_frame0015,Poorly
2698,q_23_main_0_30fps_frame0030.png,q_23_main_0_30fps_frame0030,Poorly
2698,q_23_main_0_30fps_frame0045.png,q_23_main_0_30fps_frame0045,Poorly
2698,q_23_main_0_30fps_frame0060.png,q_23_main_0_30fps_frame0060,Poorly
2698,q_23_main_0_30fps_frame0075.png,q_23_main_0_30fps_frame0075,Poorly
2698,q_23_main_0_30fps_frame0090.png,q_23_main_0_30fps_frame0090,Poorly
2698,q_25_main_0_30fps_frame0014.png,q_25_main_0_30fps_frame0014,Poorly
2698,q_25_main_0_30fps_frame0029.png,q_25_main_0_30fps_frame0029,Poorly
2698,q_25_main_0_30fps_frame0044.png,q_25_main_0_30fps_frame0044,Poorly
2698,q_25_main_0_30fps_frame0059.png,q_25_main_0_30fps_frame0059,Poorly
2698,q_25_main_0_30fps_frame0074.png,q_25_main_0_30fps_frame0074,Poorly
2698,q_25_main_0_30fps_frame0089.png,q_25_main_0_30fps_frame0089,Well
2698,q_27_main_0_30fps_frame0014.png,q_27_main_0_30fps_frame0014,Well
2698,q_27_main_0_30fps_frame0029.png,q_27_main_0_30fps_frame0029,Well
2698,q_27_main_0_30fps_frame0044.png,q_27_main_0_30fps_frame0044,Poorly
2698,q_27_main_0_30fps_frame0059.png,q_27_main_0_30fps_frame0059,Poorly
2698,q_27_main_0_30fps_frame0074.png,q_27_main_0_30fps_frame0074,Poorly
2698,q_27_main_0_30fps_frame0089.png,q_27_main_0_30fps_frame0089,Well
2698,q_28_main_0_30fps_frame0014.png,q_28_main_0_30fps_frame0014,Poorly
2698,q_28_main_0_30fps_frame0029.png,q_28_main_0_30fps_frame0029,Well
2698,q_28_main_0_30fps_frame0044.png,q_28_main_0_30fps_frame0044,Poorly
2698,q_28_main_0_30fps_frame0059.png,q_28_main_0_30fps_frame0059,Poorly
2698,q_28_main_0_30fps_frame0074.png,q_28_main_0_30fps_frame0074,Poorly
2698,q_28_main_0_30fps_frame0089.png,q_28_main_0_30fps_frame0089,Poorly
2698,q_29_main_0_30fps_frame0013.png,q_29_main_0_30fps_frame0013,Poorly
2698,q_29_main_0_30fps_frame0028.png,q_29_main_0_30fps_frame0028,Poorly
2698,q_29_main_0_30fps_frame0043.png,q_29_main_0_30fps_frame0043,Well
2698,q_29_main_0_30fps_frame0058.png,q_29_main_0_30fps_frame0058,Well
2698,q_29_main_0_30fps_frame0073.png,q_29_main_0_30fps_frame0073,Poorly
2698,q_29_main_0_30fps_frame0088.png,q_29_main_0_30fps_frame0088,Poorly
2698,q_3_main_1_30fps_frame0014.png,q_3_main_1_30fps_frame0014,Well
2698,q_3_main_1_30fps_frame0029.png,q_3_main_1_30fps_frame0029,Well
2698,q_3_main_1_30fps_frame0044.png,q_3_main_1_30fps_frame0044,Well
2698,q_3_main_1_30fps_frame0059.png,q_3_main_1_30fps_frame0059,Well
2698,q_3_main_1_30fps_frame0074.png,q_3_main_1_30fps_frame0074,poorly
2698,q_3_main_1_30fps_frame0089.png,q_3_main_1_30fps_frame0089,Well
2698,q_7_main_1_30fps_frame0014.png,q_7_main_1_30fps_frame0014,Poorly
2698,q_7_main_1_30fps_frame0029.png,q_7_main_1_30fps_frame0029,poorly
2698,q_7_main_1_30fps_frame0044.png,q_7_main_1_30fps_frame0044,poorly
2698,q_7_main_1_30fps_frame0059.png,q_7_main_1_30fps_frame0059,Poorly
2698,q_7_main_1_30fps_frame0074.png,q_7_main_1_30fps_frame0074,Poorly
2698,q_7_main_1_30fps_frame0089.png,q_7_main_1_30fps_frame0089,Poorly
2698,q_8_main_0_30fps_frame0014.png,q_8_main_0_30fps_frame0014,Well
2698,q_8_main_0_30fps_frame0029.png,q_8_main_0_30fps_frame0029,poorly
2698,q_8_main_0_30fps_frame0044.png,q_8_main_0_30fps_frame0044,Poorly
2698,q_8_main_0_30fps_frame0059.png,q_8_main_0_30fps_frame0059,Well
2698,q_8_main_0_30fps_frame0074.png,q_8_main_0_30fps_frame0074,Poorly
2698,q_8_main_0_30fps_frame0089.png,q_8_main_0_30fps_frame0089,Poorly
2698,q_warmup_3_main_1_30fps_frame0014.png,q_warmup_3_main_1_30fps_frame0014,Poorly
2698,q_warmup_3_main_1_30fps_frame0029.png,q_warmup_3_main_1_30fps_frame0029,Poorly
2698,q_warmup_3_main_1_30fps_frame0044.png,q_warmup_3_main_1_30fps_frame0044,Poorly
2698,q_warmup_3_main_1_30fps_frame0059.png,q_warmup_3_main_1_30fps_frame0059,Well
2698,q_warmup_3_main_1_30fps_frame0074.png,q_warmup_3_main_1_30fps_frame0074,Poorly
2698,q_warmup_3_main_1_30fps_frame0089.png,q_warmup_3_main_1_30fps_frame0089,Poorly
2946,q_11_main_1_30fps_frame0014.png,q_11_main_1_30fps_frame0014,Well
2946,q_11_main_1_30fps_frame0029.png,q_11_main_1_30fps_frame0029,Well
2946,q_11_main_1_30fps_frame0044.png,q_11_main_1_30fps_frame0044,Poorly
2946,q_11_main_1_30fps_frame0059.png,q_11_main_1_30fps_frame0059,Poorly
2946,q_11_main_1_30fps_frame0074.png,q_11_main_1_30fps_frame0074,Poorly
2946,q_11_main_1_30fps_frame0089.png,q_11_main_1_30fps_frame0089,Well
2946,q_12_main_1_30fps_frame0014.png,q_12_main_1_30fps_frame0014,Well
2946,q_12_main_1_30fps_frame0029.png,q_12_main_1_30fps_frame0029,Well
2946,q_12_main_1_30fps_frame0044.png,q_12_main_1_30fps_frame0044,Poorly
2946,q_12_main_1_30fps_frame0059.png,q_12_main_1_30fps_frame0059,Poorly
2946,q_12_main_1_30fps_frame0074.png,q_12_main_1_30fps_frame0074,Poorly
2946,q_12_main_1_30fps_frame0089.png,q_12_main_1_30fps_frame0089,Well
2946,q_14_main_0_30fps_frame0014.png,q_14_main_0_30fps_frame0014,Well
2946,q_14_main_0_30fps_frame0029.png,q_14_main_0_30fps_frame0029,Poorly
2946,q_14_main_0_30fps_frame0044.png,q_14_main_0_30fps_frame0044,Well
2946,q_14_main_0_30fps_frame0059.png,q_14_main_0_30fps_frame0059,Well
2946,q_14_main_0_30fps_frame0074.png,q_14_main_0_30fps_frame0074,Poorly
2946,q_14_main_0_30fps_frame0089.png,q_14_main_0_30fps_frame0089,poorly
2946,q_15_main_1_30fps_frame0014.png,q_15_main_1_30fps_frame0014,Poorly
2946,q_15_main_1_30fps_frame0029.png,q_15_main_1_30fps_frame0029,Well
2946,q_15_main_1_30fps_frame0044.png,q_15_main_1_30fps_frame0044,Poorly
2946,q_15_main_1_30fps_frame0059.png,q_15_main_1_30fps_frame0059,Well
2946,q_15_main_1_30fps_frame0074.png,q_15_main_1_30fps_frame0074,Poorly
2946,q_15_main_1_30fps_frame0089.png,q_15_main_1_30fps_frame0089,Poorly
2946,q_16_main_1_30fps_frame0014.png,q_16_main_1_30fps_frame0014,Well
2946,q_16_main_1_30fps_frame0029.png,q_16_main_1_30fps_frame0029,poorly
2946,q_16_main_1_30fps_frame0044.png,q_16_main_1_30fps_frame0044,Well
2946,q_16_main_1_30fps_frame0059.png,q_16_main_1_30fps_frame0059,Well
2946,q_16_main_1_30fps_frame0074.png,q_16_main_1_30fps_frame0074,Poorly
2946,q_16_main_1_30fps_frame0089.png,q_16_main_1_30fps_frame0089,Well
2946,q_17_main_1_30fps_frame0013.png,q_17_main_1_30fps_frame0013,Poorly
2946,q_17_main_1_30fps_frame0028.png,q_17_main_1_30fps_frame0028,Well
2946,q_17_main_1_30fps_frame0043.png,q_17_main_1_30fps_frame0043,Poorly
2946,q_17_main_1_30fps_frame0058.png,q_17_main_1_30fps_frame0058,Well
2946,q_17_main_1_30fps_frame0073.png,q_17_main_1_30fps_frame0073,Well
2946,q_17_main_1_30fps_frame0088.png,q_17_main_1_30fps_frame0088,Poorly
2946,q_18_main_1_30fps_frame0014.png,q_18_main_1_30fps_frame0014,Poorly
2946,q_18_main_1_30fps_frame0029.png,q_18_main_1_30fps_frame0029,Well
2946,q_18_main_1_30fps_frame0044.png,q_18_main_1_30fps_frame0044,Well
2946,q_18_main_1_30fps_frame0059.png,q_18_main_1_30fps_frame0059,Poorly
2946,q_18_main_1_30fps_frame0074.png,q_18_main_1_30fps_frame0074,Poorly
2946,q_18_main_1_30fps_frame0089.png,q_18_main_1_30fps_frame0089,Well
2946,q_20_main_0_30fps_frame0013.png,q_20_main_0_30fps_frame0013,Well
2946,q_20_main_0_30fps_frame0028.png,q_20_main_0_30fps_frame0028,Poorly
2946,q_20_main_0_30fps_frame0043.png,q_20_main_0_30fps_frame0043,Well
2946,q_20_main_0_30fps_frame0058.png,q_20_main_0_30fps_frame0058,Poorly
2946,q_20_main_0_30fps_frame0073.png,q_20_main_0_30fps_frame0073,Well
2946,q_20_main_0_30fps_frame0088.png,q_20_main_0_30fps_frame0088,Poorly
2946,q_21_main_1_30fps_frame0014.png,q_21_main_1_30fps_frame0014,Well
2946,q_21_main_1_30fps_frame0029.png,q_21_main_1_30fps_frame0029,Poorly
2946,q_21_main_1_30fps_frame0044.png,q_21_main_1_30fps_frame0044,Well
2946,q_21_main_1_30fps_frame0059.png,q_21_main_1_30fps_frame0059,Poorly
2946,q_21_main_1_30fps_frame0074.png,q_21_main_1_30fps_frame0074,Poorly
2946,q_21_main_1_30fps_frame0089.png,q_21_main_1_30fps_frame0089,Well
2946,q_22_main_0_30fps_frame0013.png,q_22_main_0_30fps_frame0013,Poorly
2946,q_22_main_0_30fps_frame0028.png,q_22_main_0_30fps_frame0028,Well
2946,q_22_main_0_30fps_frame0043.png,q_22_main_0_30fps_frame0043,Poorly
2946,q_22_main_0_30fps_frame0058.png,q_22_main_0_30fps_frame0058,Poorly
2946,q_22_main_0_30fps_frame0073.png,q_22_main_0_30fps_frame0073,Poorly
2946,q_22_main_0_30fps_frame0088.png,q_22_main_0_30fps_frame0088,Well
2946,q_23_main_0_30fps_frame0015.png,q_23_main_0_30fps_frame0015,Poorly
2946,q_23_main_0_30fps_frame0030.png,q_23_main_0_30fps_frame0030,Well
2946,q_23_main_0_30fps_frame0045.png,q_23_main_0_30fps_frame0045,Well
2946,q_23_main_0_30fps_frame0060.png,q_23_main_0_30fps_frame0060,Well
2946,q_23_main_0_30fps_frame0075.png,q_23_main_0_30fps_frame0075,Poorly
2946,q_23_main_0_30fps_frame0090.png,q_23_main_0_30fps_frame0090,Poorly
2946,q_24_main_0_30fps_frame0015.png,q_24_main_0_30fps_frame0015,Poorly
2946,q_24_main_0_30fps_frame0030.png,q_24_main_0_30fps_frame0030,Poorly
2946,q_24_main_0_30fps_frame0045.png,q_24_main_0_30fps_frame0045,Poorly
2946,q_24_main_0_30fps_frame0060.png,q_24_main_0_30fps_frame0060,Poorly
2946,q_24_main_0_30fps_frame0075.png,q_24_main_0_30fps_frame0075,Poorly
2946,q_24_main_0_30fps_frame0090.png,q_24_main_0_30fps_frame0090,Well
2946,q_25_main_1_30fps_frame0015.png,q_25_main_1_30fps_frame0015,Poorly
2946,q_25_main_1_30fps_frame0030.png,q_25_main_1_30fps_frame0030,Poorly
2946,q_25_main_1_30fps_frame0045.png,q_25_main_1_30fps_frame0045,Poorly
2946,q_25_main_1_30fps_frame0060.png,q_25_main_1_30fps_frame0060,Poorly
2946,q_25_main_1_30fps_frame0075.png,q_25_main_1_30fps_frame0075,Well
2946,q_25_main_1_30fps_frame0090.png,q_25_main_1_30fps_frame0090,Well
2946,q_28_main_1_30fps_frame0014.png,q_28_main_1_30fps_frame0014,Poorly
2946,q_28_main_1_30fps_frame0029.png,q_28_main_1_30fps_frame0029,Well
2946,q_28_main_1_30fps_frame0044.png,q_28_main_1_30fps_frame0044,Well
2946,q_28_main_1_30fps_frame0059.png,q_28_main_1_30fps_frame0059,Poorly
2946,q_28_main_1_30fps_frame0074.png,q_28_main_1_30fps_frame0074,Poorly
2946,q_28_main_1_30fps_frame0089.png,q_28_main_1_30fps_frame0089,Poorly
2946,q_29_main_0_30fps_frame0014.png,q_29_main_0_30fps_frame0014,Poorly
2946,q_29_main_0_30fps_frame0029.png,q_29_main_0_30fps_frame0029,Poorly
2946,q_29_main_0_30fps_frame0044.png,q_29_main_0_30fps_frame0044,Well
2946,q_29_main_0_30fps_frame0059.png,q_29_main_0_30fps_frame0059,Poorly
2946,q_29_main_0_30fps_frame0074.png,q_29_main_0_30fps_frame0074,Poorly
2946,q_29_main_0_30fps_frame0089.png,q_29_main_0_30fps_frame0089,Poorly
2946,q_3_main_1_30fps_frame0015.png,q_3_main_1_30fps_frame0015,Poorly
2946,q_3_main_1_30fps_frame0030.png,q_3_main_1_30fps_frame0030,Poorly
2946,q_3_main_1_30fps_frame0045.png,q_3_main_1_30fps_frame0045,Well
2946,q_3_main_1_30fps_frame0060.png,q_3_main_1_30fps_frame0060,Well
2946,q_3_main_1_30fps_frame0075.png,q_3_main_1_30fps_frame0075,Well
2946,q_3_main_1_30fps_frame0090.png,q_3_main_1_30fps_frame0090,Well
2946,q_4_main_0_30fps_frame0014.png,q_4_main_0_30fps_frame0014,Well
2946,q_4_main_0_30fps_frame0029.png,q_4_main_0_30fps_frame0029,Poorly
2946,q_4_main_0_30fps_frame0044.png,q_4_main_0_30fps_frame0044,Poorly
2946,q_4_main_0_30fps_frame0059.png,q_4_main_0_30fps_frame0059,Poorly
2946,q_4_main_0_30fps_frame0074.png,q_4_main_0_30fps_frame0074,Poorly
2946,q_4_main_0_30fps_frame0089.png,q_4_main_0_30fps_frame0089,Well
2946,q_7_main_1_30fps_frame0014.png,q_7_main_1_30fps_frame0014,Well
2946,q_7_main_1_30fps_frame0029.png,q_7_main_1_30fps_frame0029,Poorly
2946,q_7_main_1_30fps_frame0044.png,q_7_main_1_30fps_frame0044,Poorly
2946,q_7_main_1_30fps_frame0059.png,q_7_main_1_30fps_frame0059,Poorly
2946,q_7_main_1_30fps_frame0074.png,q_7_main_1_30fps_frame0074,Well
2946,q_7_main_1_30fps_frame0089.png,q_7_main_1_30fps_frame0089,Poorly
2946,q_warmup_3_main_1_30fps_frame0014.png,q_warmup_3_main_1_30fps_frame0014,Poorly
2946,q_warmup_3_main_1_30fps_frame0029.png,q_warmup_3_main_1_30fps_frame0029,Poorly
2946,q_warmup_3_main_1_30fps_frame0044.png,q_warmup_3_main_1_30fps_frame0044,Poorly
2946,q_warmup_3_main_1_30fps_frame0059.png,q_warmup_3_main_1_30fps_frame0059,Poorly
2946,q_warmup_3_main_1_30fps_frame0074.png,q_warmup_3_main_1_30fps_frame0074,Poorly
2946,q_warmup_3_main_1_30fps_frame0089.png,q_warmup_3_main_1_30fps_frame0089,Well
2946,q_warmup_4_main_0_30fps_frame0014.png,q_warmup_4_main_0_30fps_frame0014,Well
2946,q_warmup_4_main_0_30fps_frame0029.png,q_warmup_4_main_0_30fps_frame0029,Poorly
2946,q_warmup_4_main_0_30fps_frame0044.png,q_warmup_4_main_0_30fps_frame0044,Poorly
2946,q_warmup_4_main_0_30fps_frame0059.png,q_warmup_4_main_0_30fps_frame0059,Poorly
2946,q_warmup_4_main_0_30fps_frame0074.png,q_warmup_4_main_0_30fps_frame0074,Poorly
2946,q_warmup_4_main_0_30fps_frame0089.png,q_warmup_4_main_0_30fps_frame0089,Well
2946,q_warmup_5_main_0_30fps_frame0015.png,q_warmup_5_main_0_30fps_frame0015,Well
2946,q_warmup_5_main_0_30fps_frame0030.png,q_warmup_5_main_0_30fps_frame0030,poorly
2946,q_warmup_5_main_0_30fps_frame0045.png,q_warmup_5_main_0_30fps_frame0045,Well
2946,q_warmup_5_main_0_30fps_frame0060.png,q_warmup_5_main_0_30fps_frame0060,Well
2946,q_warmup_5_main_0_30fps_frame0075.png,q_warmup_5_main_0_30fps_frame0075,Poorly
2946,q_warmup_5_main_0_30fps_frame0090.png,q_warmup_5_main_0_30fps_frame0090,Poorly
3157,q_10_main_0_30fps_frame0014.png,q_10_main_0_30fps_frame0014,Well
3157,q_10_main_0_30fps_frame0029.png,q_10_main_0_30fps_frame0029,Poorly
3157,q_10_main_0_30fps_frame0044.png,q_10_main_0_30fps_frame0044,Poorly
3157,q_10_main_0_30fps_frame0059.png,q_10_main_0_30fps_frame0059,Poorly
3157,q_10_main_0_30fps_frame0074.png,q_10_main_0_30fps_frame0074,Well
3157,q_10_main_0_30fps_frame0089.png,q_10_main_0_30fps_frame0089,Well
3157,q_11_main_1_30fps_frame0014.png,q_11_main_1_30fps_frame0014,Well
3157,q_11_main_1_30fps_frame0029.png,q_11_main_1_30fps_frame0029,Poorly
3157,q_11_main_1_30fps_frame0044.png,q_11_main_1_30fps_frame0044,Well
3157,q_11_main_1_30fps_frame0059.png,q_11_main_1_30fps_frame0059,Well
3157,q_11_main_1_30fps_frame0074.png,q_11_main_1_30fps_frame0074,Well
3157,q_11_main_1_30fps_frame0089.png,q_11_main_1_30fps_frame0089,Well
3157,q_12_main_1_30fps_frame0014.png,q_12_main_1_30fps_frame0014,Well
3157,q_12_main_1_30fps_frame0029.png,q_12_main_1_30fps_frame0029,Well
3157,q_12_main_1_30fps_frame0044.png,q_12_main_1_30fps_frame0044,Well
3157,q_12_main_1_30fps_frame0059.png,q_12_main_1_30fps_frame0059,Well
3157,q_12_main_1_30fps_frame0074.png,q_12_main_1_30fps_frame0074,Poorly
3157,q_12_main_1_30fps_frame0089.png,q_12_main_1_30fps_frame0089,Well
3157,q_14_main_0_30fps_frame0014.png,q_14_main_0_30fps_frame0014,Well
3157,q_14_main_0_30fps_frame0029.png,q_14_main_0_30fps_frame0029,Well
3157,q_14_main_0_30fps_frame0044.png,q_14_main_0_30fps_frame0044,Poorly
3157,q_14_main_0_30fps_frame0059.png,q_14_main_0_30fps_frame0059,Well
3157,q_14_main_0_30fps_frame0074.png,q_14_main_0_30fps_frame0074,Well
3157,q_14_main_0_30fps_frame0089.png,q_14_main_0_30fps_frame0089,Well
3157,q_15_main_1_30fps_frame0014.png,q_15_main_1_30fps_frame0014,Well
3157,q_15_main_1_30fps_frame0029.png,q_15_main_1_30fps_frame0029,Well
3157,q_15_main_1_30fps_frame0044.png,q_15_main_1_30fps_frame0044,Poorly
3157,q_15_main_1_30fps_frame0059.png,q_15_main_1_30fps_frame0059,Well
3157,q_15_main_1_30fps_frame0074.png,q_15_main_1_30fps_frame0074,Well
3157,q_15_main_1_30fps_frame0089.png,q_15_main_1_30fps_frame0089,Well
3157,q_16_main_1_30fps_frame0015.png,q_16_main_1_30fps_frame0015,Well
3157,q_16_main_1_30fps_frame0030.png,q_16_main_1_30fps_frame0030,Well
3157,q_16_main_1_30fps_frame0045.png,q_16_main_1_30fps_frame0045,Well
3157,q_16_main_1_30fps_frame0060.png,q_16_main_1_30fps_frame0060,Well
3157,q_16_main_1_30fps_frame0075.png,q_16_main_1_30fps_frame0075,Poorly
3157,q_16_main_1_30fps_frame0090.png,q_16_main_1_30fps_frame0090,Well
3157,q_17_main_1_30fps_frame0014.png,q_17_main_1_30fps_frame0014,Well
3157,q_17_main_1_30fps_frame0029.png,q_17_main_1_30fps_frame0029,Well
3157,q_17_main_1_30fps_frame0044.png,q_17_main_1_30fps_frame0044,Well
3157,q_17_main_1_30fps_frame0059.png,q_17_main_1_30fps_frame0059,Well
3157,q_17_main_1_30fps_frame0074.png,q_17_main_1_30fps_frame0074,Poorly
3157,q_17_main_1_30fps_frame0089.png,q_17_main_1_30fps_frame0089,Well
3157,q_18_main_0_30fps_frame0014.png,q_18_main_0_30fps_frame0014,Well
3157,q_18_main_0_30fps_frame0029.png,q_18_main_0_30fps_frame0029,Well
3157,q_18_main_0_30fps_frame0044.png,q_18_main_0_30fps_frame0044,Poorly
3157,q_18_main_0_30fps_frame0059.png,q_18_main_0_30fps_frame0059,Well
3157,q_18_main_0_30fps_frame0074.png,q_18_main_0_30fps_frame0074,Well
3157,q_18_main_0_30fps_frame0089.png,q_18_main_0_30fps_frame0089,Well
3157,q_19_main_1_30fps_frame0014.png,q_19_main_1_30fps_frame0014,Poorly
3157,q_19_main_1_30fps_frame0029.png,q_19_main_1_30fps_frame0029,Well
3157,q_19_main_1_30fps_frame0044.png,q_19_main_1_30fps_frame0044,Well
3157,q_19_main_1_30fps_frame0059.png,q_19_main_1_30fps_frame0059,Well
3157,q_19_main_1_30fps_frame0074.png,q_19_main_1_30fps_frame0074,Well
3157,q_19_main_1_30fps_frame0089.png,q_19_main_1_30fps_frame0089,Poorly
3157,q_20_main_0_30fps_frame0014.png,q_20_main_0_30fps_frame0014,Well
3157,q_20_main_0_30fps_frame0029.png,q_20_main_0_30fps_frame0029,Well
3157,q_20_main_0_30fps_frame0044.png,q_20_main_0_30fps_frame0044,Well
3157,q_20_main_0_30fps_frame0059.png,q_20_main_0_30fps_frame0059,Poorly
3157,q_20_main_0_30fps_frame0074.png,q_20_main_0_30fps_frame0074,Poorly
3157,q_20_main_0_30fps_frame0089.png,q_20_main_0_30fps_frame0089,Well
3157,q_21_main_0_30fps_frame0014.png,q_21_main_0_30fps_frame0014,Poorly
3157,q_21_main_0_30fps_frame0029.png,q_21_main_0_30fps_frame0029,Well
3157,q_21_main_0_30fps_frame0044.png,q_21_main_0_30fps_frame0044,Well
3157,q_21_main_0_30fps_frame0059.png,q_21_main_0_30fps_frame0059,Well
3157,q_21_main_0_30fps_frame0074.png,q_21_main_0_30fps_frame0074,Well
3157,q_21_main_0_30fps_frame0089.png,q_21_main_0_30fps_frame0089,Well
3157,q_26_main_1_30fps_frame0014.png,q_26_main_1_30fps_frame0014,Well
3157,q_26_main_1_30fps_frame0029.png,q_26_main_1_30fps_frame0029,Well
3157,q_26_main_1_30fps_frame0044.png,q_26_main_1_30fps_frame0044,Poorly
3157,q_26_main_1_30fps_frame0059.png,q_26_main_1_30fps_frame0059,Well
3157,q_26_main_1_30fps_frame0074.png,q_26_main_1_30fps_frame0074,Well
3157,q_26_main_1_30fps_frame0089.png,q_26_main_1_30fps_frame0089,Well
3157,q_29_main_0_30fps_frame0014.png,q_29_main_0_30fps_frame0014,Well
3157,q_29_main_0_30fps_frame0029.png,q_29_main_0_30fps_frame0029,Well
3157,q_29_main_0_30fps_frame0044.png,q_29_main_0_30fps_frame0044,Well
3157,q_29_main_0_30fps_frame0059.png,q_29_main_0_30fps_frame0059,Well
3157,q_29_main_0_30fps_frame0074.png,q_29_main_0_30fps_frame0074,Well
3157,q_29_main_0_30fps_frame0089.png,q_29_main_0_30fps_frame0089,Well
3157,q_2_main_1_30fps_frame0014.png,q_2_main_1_30fps_frame0014,Well
3157,q_2_main_1_30fps_frame0029.png,q_2_main_1_30fps_frame0029,Poorly
3157,q_2_main_1_30fps_frame0044.png,q_2_main_1_30fps_frame0044,Well
3157,q_2_main_1_30fps_frame0059.png,q_2_main_1_30fps_frame0059,Poorly
3157,q_2_main_1_30fps_frame0074.png,q_2_main_1_30fps_frame0074,Well
3157,q_2_main_1_30fps_frame0089.png,q_2_main_1_30fps_frame0089,Well
3157,q_30_main_1_30fps_frame0014.png,q_30_main_1_30fps_frame0014,Poorly
3157,q_30_main_1_30fps_frame0029.png,q_30_main_1_30fps_frame0029,Well
3157,q_30_main_1_30fps_frame0044.png,q_30_main_1_30fps_frame0044,Well
3157,q_30_main_1_30fps_frame0059.png,q_30_main_1_30fps_frame0059,Poorly
3157,q_30_main_1_30fps_frame0074.png,q_30_main_1_30fps_frame0074,Well
3157,q_30_main_1_30fps_frame0089.png,q_30_main_1_30fps_frame0089,Well
3157,q_5_main_0_30fps_frame0015.png,q_5_main_0_30fps_frame0015,Well
3157,q_5_main_0_30fps_frame0030.png,q_5_main_0_30fps_frame0030,Well
3157,q_5_main_0_30fps_frame0045.png,q_5_main_0_30fps_frame0045,Well
3157,q_5_main_0_30fps_frame0060.png,q_5_main_0_30fps_frame0060,Well
3157,q_5_main_0_30fps_frame0075.png,q_5_main_0_30fps_frame0075,Well
3157,q_5_main_0_30fps_frame0090.png,q_5_main_0_30fps_frame0090,Well
3157,q_warmup_5_main_1_30fps_frame0015.png,q_warmup_5_main_1_30fps_frame0015,Well
3157,q_warmup_5_main_1_30fps_frame0030.png,q_warmup_5_main_1_30fps_frame0030,Poorly
3157,q_warmup_5_main_1_30fps_frame0045.png,q_warmup_5_main_1_30fps_frame0045,Well
3157,q_warmup_5_main_1_30fps_frame0060.png,q_warmup_5_main_1_30fps_frame0060,Well
3157,q_warmup_5_main_1_30fps_frame0075.png,q_warmup_5_main_1_30fps_frame0075,Well
3157,q_warmup_5_main_1_30fps_frame0090.png,q_warmup_5_main_1_30fps_frame0090,Well
3203,q_13_main_1_30fps_frame0015.png,q_13_main_1_30fps_frame0015,Well
3203,q_13_main_1_30fps_frame0030.png,q_13_main_1_30fps_frame0030,Well
3203,q_13_main_1_30fps_frame0045.png,q_13_main_1_30fps_frame0045,Poorly
3203,q_13_main_1_30fps_frame0060.png,q_13_main_1_30fps_frame0060,Well
3203,q_13_main_1_30fps_frame0075.png,q_13_main_1_30fps_frame0075,Well
3203,q_13_main_1_30fps_frame0090.png,q_13_main_1_30fps_frame0090,Poorly
3203,q_14_main_0_30fps_frame0015.png,q_14_main_0_30fps_frame0015,Well
3203,q_14_main_0_30fps_frame0030.png,q_14_main_0_30fps_frame0030,Poorly
3203,q_14_main_0_30fps_frame0045.png,q_14_main_0_30fps_frame0045,Well
3203,q_14_main_0_30fps_frame0060.png,q_14_main_0_30fps_frame0060,Well
3203,q_14_main_0_30fps_frame0075.png,q_14_main_0_30fps_frame0075,Well
3203,q_14_main_0_30fps_frame0090.png,q_14_main_0_30fps_frame0090,Well
3203,q_15_main_1_30fps_frame0014.png,q_15_main_1_30fps_frame0014,Poorly
3203,q_15_main_1_30fps_frame0029.png,q_15_main_1_30fps_frame0029,Well
3203,q_15_main_1_30fps_frame0044.png,q_15_main_1_30fps_frame0044,Poorly
3203,q_15_main_1_30fps_frame0059.png,q_15_main_1_30fps_frame0059,poorly
3203,q_15_main_1_30fps_frame0074.png,q_15_main_1_30fps_frame0074,Poorly
3203,q_15_main_1_30fps_frame0089.png,q_15_main_1_30fps_frame0089,Poorly
3203,q_16_main_0_30fps_frame0014.png,q_16_main_0_30fps_frame0014,Well
3203,q_16_main_0_30fps_frame0029.png,q_16_main_0_30fps_frame0029,Well
3203,q_16_main_0_30fps_frame0044.png,q_16_main_0_30fps_frame0044,Well
3203,q_16_main_0_30fps_frame0059.png,q_16_main_0_30fps_frame0059,Well
3203,q_16_main_0_30fps_frame0074.png,q_16_main_0_30fps_frame0074,Poorly
3203,q_16_main_0_30fps_frame0089.png,q_16_main_0_30fps_frame0089,Poorly
3203,q_17_main_1_30fps_frame0015.png,q_17_main_1_30fps_frame0015,Well
3203,q_17_main_1_30fps_frame0030.png,q_17_main_1_30fps_frame0030,Well
3203,q_17_main_1_30fps_frame0045.png,q_17_main_1_30fps_frame0045,Well
3203,q_17_main_1_30fps_frame0060.png,q_17_main_1_30fps_frame0060,Well
3203,q_17_main_1_30fps_frame0075.png,q_17_main_1_30fps_frame0075,Well
3203,q_17_main_1_30fps_frame0090.png,q_17_main_1_30fps_frame0090,Well
3203,q_18_main_0_30fps_frame0014.png,q_18_main_0_30fps_frame0014,Well
3203,q_18_main_0_30fps_frame0029.png,q_18_main_0_30fps_frame0029,Poorly
3203,q_18_main_0_30fps_frame0044.png,q_18_main_0_30fps_frame0044,Poorly
3203,q_18_main_0_30fps_frame0059.png,q_18_main_0_30fps_frame0059,Well
3203,q_18_main_0_30fps_frame0074.png,q_18_main_0_30fps_frame0074,Well
3203,q_18_main_0_30fps_frame0089.png,q_18_main_0_30fps_frame0089,Poorly
3203,q_1_main_1_30fps_frame0015.png,q_1_main_1_30fps_frame0015,Well
3203,q_1_main_1_30fps_frame0030.png,q_1_main_1_30fps_frame0030,Well
3203,q_1_main_1_30fps_frame0045.png,q_1_main_1_30fps_frame0045,Well
3203,q_1_main_1_30fps_frame0060.png,q_1_main_1_30fps_frame0060,Well
3203,q_1_main_1_30fps_frame0075.png,q_1_main_1_30fps_frame0075,Well
3203,q_1_main_1_30fps_frame0090.png,q_1_main_1_30fps_frame0090,Well
3203,q_20_main_0_30fps_frame0015.png,q_20_main_0_30fps_frame0015,Poorly
3203,q_20_main_0_30fps_frame0030.png,q_20_main_0_30fps_frame0030,Well
3203,q_20_main_0_30fps_frame0045.png,q_20_main_0_30fps_frame0045,Poorly
3203,q_20_main_0_30fps_frame0060.png,q_20_main_0_30fps_frame0060,Poorly
3203,q_20_main_0_30fps_frame0075.png,q_20_main_0_30fps_frame0075,Well
3203,q_20_main_0_30fps_frame0090.png,q_20_main_0_30fps_frame0090,Well
3203,q_23_main_0_30fps_frame0014.png,q_23_main_0_30fps_frame0014,Well
3203,q_23_main_0_30fps_frame0029.png,q_23_main_0_30fps_frame0029,Poorly
3203,q_23_main_0_30fps_frame0044.png,q_23_main_0_30fps_frame0044,Well
3203,q_23_main_0_30fps_frame0059.png,q_23_main_0_30fps_frame0059,Well
3203,q_23_main_0_30fps_frame0074.png,q_23_main_0_30fps_frame0074,Well
3203,q_23_main_0_30fps_frame0089.png,q_23_main_0_30fps_frame0089,Well
3203,q_24_main_0_30fps_frame0014.png,q_24_main_0_30fps_frame0014,Well
3203,q_24_main_0_30fps_frame0029.png,q_24_main_0_30fps_frame0029,poorly
3203,q_24_main_0_30fps_frame0044.png,q_24_main_0_30fps_frame0044,Well
3203,q_24_main_0_30fps_frame0059.png,q_24_main_0_30fps_frame0059,Poorly
3203,q_24_main_0_30fps_frame0074.png,q_24_main_0_30fps_frame0074,Well
3203,q_24_main_0_30fps_frame0089.png,q_24_main_0_30fps_frame0089,Poorly
3203,q_25_main_0_30fps_frame0014.png,q_25_main_0_30fps_frame0014,Well
3203,q_25_main_0_30fps_frame0029.png,q_25_main_0_30fps_frame0029,Well
3203,q_25_main_0_30fps_frame0044.png,q_25_main_0_30fps_frame0044,Poorly
3203,q_25_main_0_30fps_frame0059.png,q_25_main_0_30fps_frame0059,poorly
3203,q_25_main_0_30fps_frame0074.png,q_25_main_0_30fps_frame0074,Poorly
3203,q_25_main_0_30fps_frame0089.png,q_25_main_0_30fps_frame0089,Well
3203,q_26_main_0_30fps_frame0015.png,q_26_main_0_30fps_frame0015,Well
3203,q_26_main_0_30fps_frame0030.png,q_26_main_0_30fps_frame0030,Well
3203,q_26_main_0_30fps_frame0045.png,q_26_main_0_30fps_frame0045,Poorly
3203,q_26_main_0_30fps_frame0060.png,q_26_main_0_30fps_frame0060,Poorly
3203,q_26_main_0_30fps_frame0075.png,q_26_main_0_30fps_frame0075,Well
3203,q_26_main_0_30fps_frame0090.png,q_26_main_0_30fps_frame0090,Poorly
3203,q_27_main_1_30fps_frame0015.png,q_27_main_1_30fps_frame0015,Well
3203,q_27_main_1_30fps_frame0030.png,q_27_main_1_30fps_frame0030,Well
3203,q_27_main_1_30fps_frame0045.png,q_27_main_1_30fps_frame0045,Poorly
3203,q_27_main_1_30fps_frame0060.png,q_27_main_1_30fps_frame0060,Well
3203,q_27_main_1_30fps_frame0075.png,q_27_main_1_30fps_frame0075,Well
3203,q_27_main_1_30fps_frame0090.png,q_27_main_1_30fps_frame0090,Poorly
3203,q_28_main_0_30fps_frame0013.png,q_28_main_0_30fps_frame0013,Well
3203,q_28_main_0_30fps_frame0028.png,q_28_main_0_30fps_frame0028,Well
3203,q_28_main_0_30fps_frame0043.png,q_28_main_0_30fps_frame0043,Well
3203,q_28_main_0_30fps_frame0058.png,q_28_main_0_30fps_frame0058,Well
3203,q_28_main_0_30fps_frame0073.png,q_28_main_0_30fps_frame0073,Well
3203,q_28_main_0_30fps_frame0088.png,q_28_main_0_30fps_frame0088,Poorly
3203,q_29_main_0_30fps_frame0014.png,q_29_main_0_30fps_frame0014,Well
3203,q_29_main_0_30fps_frame0029.png,q_29_main_0_30fps_frame0029,Well
3203,q_29_main_0_30fps_frame0044.png,q_29_main_0_30fps_frame0044,Well
3203,q_29_main_0_30fps_frame0059.png,q_29_main_0_30fps_frame0059,Poorly
3203,q_29_main_0_30fps_frame0074.png,q_29_main_0_30fps_frame0074,Poorly
3203,q_29_main_0_30fps_frame0089.png,q_29_main_0_30fps_frame0089,Well
3203,q_2_main_1_30fps_frame0014.png,q_2_main_1_30fps_frame0014,Well
3203,q_2_main_1_30fps_frame0029.png,q_2_main_1_30fps_frame0029,poorly
3203,q_2_main_1_30fps_frame0044.png,q_2_main_1_30fps_frame0044,Poorly
3203,q_2_main_1_30fps_frame0059.png,q_2_main_1_30fps_frame0059,Well
3203,q_2_main_1_30fps_frame0074.png,q_2_main_1_30fps_frame0074,Well
3203,q_2_main_1_30fps_frame0089.png,q_2_main_1_30fps_frame0089,Well
3203,q_3_main_1_30fps_frame0014.png,q_3_main_1_30fps_frame0014,Well
3203,q_3_main_1_30fps_frame0029.png,q_3_main_1_30fps_frame0029,Well
3203,q_3_main_1_30fps_frame0044.png,q_3_main_1_30fps_frame0044,Well
3203,q_3_main_1_30fps_frame0059.png,q_3_main_1_30fps_frame0059,Well
3203,q_3_main_1_30fps_frame0074.png,q_3_main_1_30fps_frame0074,Well
3203,q_3_main_1_30fps_frame0089.png,q_3_main_1_30fps_frame0089,Poorly
3203,q_4_main_1_30fps_frame0014.png,q_4_main_1_30fps_frame0014,Poorly
3203,q_4_main_1_30fps_frame0029.png,q_4_main_1_30fps_frame0029,Poorly
3203,q_4_main_1_30fps_frame0044.png,q_4_main_1_30fps_frame0044,Well
3203,q_4_main_1_30fps_frame0059.png,q_4_main_1_30fps_frame0059,Well
3203,q_4_main_1_30fps_frame0074.png,q_4_main_1_30fps_frame0074,Poorly
3203,q_4_main_1_30fps_frame0089.png,q_4_main_1_30fps_frame0089,Well
3203,q_5_main_0_30fps_frame0014.png,q_5_main_0_30fps_frame0014,Poorly
3203,q_5_main_0_30fps_frame0029.png,q_5_main_0_30fps_frame0029,Well
3203,q_5_main_0_30fps_frame0044.png,q_5_main_0_30fps_frame0044,Poorly
3203,q_5_main_0_30fps_frame0059.png,q_5_main_0_30fps_frame0059,Well
3203,q_5_main_0_30fps_frame0074.png,q_5_main_0_30fps_frame0074,Well
3203,q_5_main_0_30fps_frame0089.png,q_5_main_0_30fps_frame0089,Well
3203,q_6_main_1_30fps_frame0014.png,q_6_main_1_30fps_frame0014,Well
3203,q_6_main_1_30fps_frame0029.png,q_6_main_1_30fps_frame0029,Well
3203,q_6_main_1_30fps_frame0044.png,q_6_main_1_30fps_frame0044,Well
3203,q_6_main_1_30fps_frame0059.png,q_6_main_1_30fps_frame0059,Poorly
3203,q_6_main_1_30fps_frame0074.png,q_6_main_1_30fps_frame0074,Well
3203,q_6_main_1_30fps_frame0089.png,q_6_main_1_30fps_frame0089,Well
3203,q_8_main_1_30fps_frame0014.png,q_8_main_1_30fps_frame0014,Poorly
3203,q_8_main_1_30fps_frame0029.png,q_8_main_1_30fps_frame0029,Poorly
3203,q_8_main_1_30fps_frame0044.png,q_8_main_1_30fps_frame0044,Well
3203,q_8_main_1_30fps_frame0059.png,q_8_main_1_30fps_frame0059,Well
3203,q_8_main_1_30fps_frame0074.png,q_8_main_1_30fps_frame0074,Well
3203,q_8_main_1_30fps_frame0089.png,q_8_main_1_30fps_frame0089,Well
3203,q_warmup_3_main_1_30fps_frame0014.png,q_warmup_3_main_1_30fps_frame0014,Well
3203,q_warmup_3_main_1_30fps_frame0029.png,q_warmup_3_main_1_30fps_frame0029,Poorly
3203,q_warmup_3_main_1_30fps_frame0044.png,q_warmup_3_main_1_30fps_frame0044,Poorly
3203,q_warmup_3_main_1_30fps_frame0059.png,q_warmup_3_main_1_30fps_frame0059,Poorly
3203,q_warmup_3_main_1_30fps_frame0074.png,q_warmup_3_main_1_30fps_frame0074,Poorly
3203,q_warmup_3_main_1_30fps_frame0089.png,q_warmup_3_main_1_30fps_frame0089,Well
3339,q_10_main_0_30fps_frame0014.png,q_10_main_0_30fps_frame0014,Poorly
3339,q_10_main_0_30fps_frame0029.png,q_10_main_0_30fps_frame0029,Poorly
3339,q_10_main_0_30fps_frame0044.png,q_10_main_0_30fps_frame0044,Poorly
3339,q_10_main_0_30fps_frame0059.png,q_10_main_0_30fps_frame0059,Poorly
3339,q_10_main_0_30fps_frame0074.png,q_10_main_0_30fps_frame0074,Poorly
3339,q_10_main_0_30fps_frame0089.png,q_10_main_0_30fps_frame0089,Well
3339,q_12_main_1_30fps_frame0014.png,q_12_main_1_30fps_frame0014,Well
3339,q_12_main_1_30fps_frame0029.png,q_12_main_1_30fps_frame0029,Well
3339,q_12_main_1_30fps_frame0044.png,q_12_main_1_30fps_frame0044,Poorly
3339,q_12_main_1_30fps_frame0059.png,q_12_main_1_30fps_frame0059,Well
3339,q_12_main_1_30fps_frame0074.png,q_12_main_1_30fps_frame0074,Well
3339,q_12_main_1_30fps_frame0089.png,q_12_main_1_30fps_frame0089,Poorly
3339,q_13_main_0_30fps_frame0014.png,q_13_main_0_30fps_frame0014,Poorly
3339,q_13_main_0_30fps_frame0029.png,q_13_main_0_30fps_frame0029,Poorly
3339,q_13_main_0_30fps_frame0044.png,q_13_main_0_30fps_frame0044,Well
3339,q_13_main_0_30fps_frame0059.png,q_13_main_0_30fps_frame0059,Well
3339,q_13_main_0_30fps_frame0074.png,q_13_main_0_30fps_frame0074,Poorly
3339,q_13_main_0_30fps_frame0089.png,q_13_main_0_30fps_frame0089,Poorly
3339,q_16_main_1_30fps_frame0014.png,q_16_main_1_30fps_frame0014,Well
3339,q_16_main_1_30fps_frame0029.png,q_16_main_1_30fps_frame0029,Well
3339,q_16_main_1_30fps_frame0044.png,q_16_main_1_30fps_frame0044,Well
3339,q_16_main_1_30fps_frame0059.png,q_16_main_1_30fps_frame0059,Well
3339,q_16_main_1_30fps_frame0074.png,q_16_main_1_30fps_frame0074,Well
3339,q_16_main_1_30fps_frame0089.png,q_16_main_1_30fps_frame0089,Well
3339,q_17_main_0_30fps_frame0014.png,q_17_main_0_30fps_frame0014,Well
3339,q_17_main_0_30fps_frame0029.png,q_17_main_0_30fps_frame0029,Well
3339,q_17_main_0_30fps_frame0044.png,q_17_main_0_30fps_frame0044,Poorly
3339,q_17_main_0_30fps_frame0059.png,q_17_main_0_30fps_frame0059,Poorly
3339,q_17_main_0_30fps_frame0074.png,q_17_main_0_30fps_frame0074,Well
3339,q_17_main_0_30fps_frame0089.png,q_17_main_0_30fps_frame0089,Poorly
3339,q_1_main_0_30fps_frame0013.png,q_1_main_0_30fps_frame0013,Poorly
3339,q_1_main_0_30fps_frame0028.png,q_1_main_0_30fps_frame0028,Well
3339,q_1_main_0_30fps_frame0043.png,q_1_main_0_30fps_frame0043,Poorly
3339,q_1_main_0_30fps_frame0058.png,q_1_main_0_30fps_frame0058,Well
3339,q_1_main_0_30fps_frame0073.png,q_1_main_0_30fps_frame0073,Well
3339,q_1_main_0_30fps_frame0088.png,q_1_main_0_30fps_frame0088,Poorly
3339,q_22_main_0_30fps_frame0013.png,q_22_main_0_30fps_frame0013,Well
3339,q_22_main_0_30fps_frame0028.png,q_22_main_0_30fps_frame0028,Poorly
3339,q_22_main_0_30fps_frame0043.png,q_22_main_0_30fps_frame0043,Well
3339,q_22_main_0_30fps_frame0058.png,q_22_main_0_30fps_frame0058,Poorly
3339,q_22_main_0_30fps_frame0073.png,q_22_main_0_30fps_frame0073,Poorly
3339,q_22_main_0_30fps_frame0088.png,q_22_main_0_30fps_frame0088,Well
3339,q_23_main_0_30fps_frame0015.png,q_23_main_0_30fps_frame0015,Poorly
3339,q_23_main_0_30fps_frame0030.png,q_23_main_0_30fps_frame0030,Poorly
3339,q_23_main_0_30fps_frame0045.png,q_23_main_0_30fps_frame0045,Poorly
3339,q_23_main_0_30fps_frame0060.png,q_23_main_0_30fps_frame0060,Poorly
3339,q_23_main_0_30fps_frame0075.png,q_23_main_0_30fps_frame0075,Well
3339,q_23_main_0_30fps_frame0090.png,q_23_main_0_30fps_frame0090,Poorly
3339,q_24_main_0_30fps_frame0014.png,q_24_main_0_30fps_frame0014,Well
3339,q_24_main_0_30fps_frame0029.png,q_24_main_0_30fps_frame0029,Poorly
3339,q_24_main_0_30fps_frame0044.png,q_24_main_0_30fps_frame0044,Well
3339,q_24_main_0_30fps_frame0059.png,q_24_main_0_30fps_frame0059,Well
3339,q_24_main_0_30fps_frame0074.png,q_24_main_0_30fps_frame0074,Poorly
3339,q_24_main_0_30fps_frame0089.png,q_24_main_0_30fps_frame0089,Poorly
3339,q_25_main_0_30fps_frame0015.png,q_25_main_0_30fps_frame0015,Poorly
3339,q_25_main_0_30fps_frame0030.png,q_25_main_0_30fps_frame0030,Poorly
3339,q_25_main_0_30fps_frame0045.png,q_25_main_0_30fps_frame0045,Well
3339,q_25_main_0_30fps_frame0060.png,q_25_main_0_30fps_frame0060,Well
3339,q_25_main_0_30fps_frame0075.png,q_25_main_0_30fps_frame0075,Poorly
3339,q_25_main_0_30fps_frame0090.png,q_25_main_0_30fps_frame0090,Poorly
3339,q_26_main_0_30fps_frame0014.png,q_26_main_0_30fps_frame0014,Poorly
3339,q_26_main_0_30fps_frame0029.png,q_26_main_0_30fps_frame0029,Well
3339,q_26_main_0_30fps_frame0044.png,q_26_main_0_30fps_frame0044,Poorly
3339,q_26_main_0_30fps_frame0059.png,q_26_main_0_30fps_frame0059,Poorly
3339,q_26_main_0_30fps_frame0074.png,q_26_main_0_30fps_frame0074,Poorly
3339,q_26_main_0_30fps_frame0089.png,q_26_main_0_30fps_frame0089,Poorly
3339,q_27_main_0_30fps_frame0013.png,q_27_main_0_30fps_frame0013,Poorly
3339,q_27_main_0_30fps_frame0028.png,q_27_main_0_30fps_frame0028,Poorly
3339,q_27_main_0_30fps_frame0043.png,q_27_main_0_30fps_frame0043,Poorly
3339,q_27_main_0_30fps_frame0058.png,q_27_main_0_30fps_frame0058,Poorly
3339,q_27_main_0_30fps_frame0073.png,q_27_main_0_30fps_frame0073,Well
3339,q_27_main_0_30fps_frame0088.png,q_27_main_0_30fps_frame0088,Poorly
3339,q_28_main_0_30fps_frame0014.png,q_28_main_0_30fps_frame0014,Poorly
3339,q_28_main_0_30fps_frame0029.png,q_28_main_0_30fps_frame0029,Poorly
3339,q_28_main_0_30fps_frame0044.png,q_28_main_0_30fps_frame0044,Poorly
3339,q_28_main_0_30fps_frame0059.png,q_28_main_0_30fps_frame0059,Poorly
3339,q_28_main_0_30fps_frame0074.png,q_28_main_0_30fps_frame0074,Poorly
3339,q_28_main_0_30fps_frame0089.png,q_28_main_0_30fps_frame0089,Poorly
3339,q_30_main_0_30fps_frame0013.png,q_30_main_0_30fps_frame0013,Poorly
3339,q_30_main_0_30fps_frame0028.png,q_30_main_0_30fps_frame0028,Poorly
3339,q_30_main_0_30fps_frame0043.png,q_30_main_0_30fps_frame0043,Well
3339,q_30_main_0_30fps_frame0058.png,q_30_main_0_30fps_frame0058,Well
3339,q_30_main_0_30fps_frame0073.png,q_30_main_0_30fps_frame0073,Poorly
3339,q_30_main_0_30fps_frame0088.png,q_30_main_0_30fps_frame0088,Well
3339,q_6_main_1_30fps_frame0013.png,q_6_main_1_30fps_frame0013,Well
3339,q_6_main_1_30fps_frame0028.png,q_6_main_1_30fps_frame0028,Well
3339,q_6_main_1_30fps_frame0043.png,q_6_main_1_30fps_frame0043,Well
3339,q_6_main_1_30fps_frame0058.png,q_6_main_1_30fps_frame0058,Well
3339,q_6_main_1_30fps_frame0073.png,q_6_main_1_30fps_frame0073,Well
3339,q_6_main_1_30fps_frame0088.png,q_6_main_1_30fps_frame0088,Well
3339,q_8_main_1_30fps_frame0014.png,q_8_main_1_30fps_frame0014,Well
3339,q_8_main_1_30fps_frame0029.png,q_8_main_1_30fps_frame0029,Poorly
3339,q_8_main_1_30fps_frame0044.png,q_8_main_1_30fps_frame0044,Well
3339,q_8_main_1_30fps_frame0059.png,q_8_main_1_30fps_frame0059,Poorly
3339,q_8_main_1_30fps_frame0074.png,q_8_main_1_30fps_frame0074,Well
3339,q_8_main_1_30fps_frame0089.png,q_8_main_1_30fps_frame0089,Poorly
3339,q_9_main_1_30fps_frame0014.png,q_9_main_1_30fps_frame0014,Well
3339,q_9_main_1_30fps_frame0029.png,q_9_main_1_30fps_frame0029,Well
3339,q_9_main_1_30fps_frame0044.png,q_9_main_1_30fps_frame0044,Well
3339,q_9_main_1_30fps_frame0059.png,q_9_main_1_30fps_frame0059,Well
3339,q_9_main_1_30fps_frame0074.png,q_9_main_1_30fps_frame0074,Well
3339,q_9_main_1_30fps_frame0089.png,q_9_main_1_30fps_frame0089,Well
3339,q_warmup_3_main_1_30fps_frame0013.png,q_warmup_3_main_1_30fps_frame0013,Well
3339,q_warmup_3_main_1_30fps_frame0028.png,q_warmup_3_main_1_30fps_frame0028,Well
3339,q_warmup_3_main_1_30fps_frame0043.png,q_warmup_3_main_1_30fps_frame0043,Well
3339,q_warmup_3_main_1_30fps_frame0058.png,q_warmup_3_main_1_30fps_frame0058,Well
3339,q_warmup_3_main_1_30fps_frame0073.png,q_warmup_3_main_1_30fps_frame0073,Well
3339,q_warmup_3_main_1_30fps_frame0088.png,q_warmup_3_main_1_30fps_frame0088,Well
3882,q_12_main_1_30fps_frame0015.png,q_12_main_1_30fps_frame0015,Poorly
3882,q_12_main_1_30fps_frame0030.png,q_12_main_1_30fps_frame0030,Poorly
3882,q_12_main_1_30fps_frame0045.png,q_12_main_1_30fps_frame0045,Poorly
3882,q_12_main_1_30fps_frame0060.png,q_12_main_1_30fps_frame0060,Poorly
3882,q_12_main_1_30fps_frame0075.png,q_12_main_1_30fps_frame0075,Well
3882,q_12_main_1_30fps_frame0090.png,q_12_main_1_30fps_frame0090,Poorly
3882,q_15_main_1_30fps_frame0014.png,q_15_main_1_30fps_frame0014,Well
3882,q_15_main_1_30fps_frame0029.png,q_15_main_1_30fps_frame0029,Well
3882,q_15_main_1_30fps_frame0044.png,q_15_main_1_30fps_frame0044,Well
3882,q_15_main_1_30fps_frame0059.png,q_15_main_1_30fps_frame0059,Well
3882,q_15_main_1_30fps_frame0074.png,q_15_main_1_30fps_frame0074,Well
3882,q_15_main_1_30fps_frame0089.png,q_15_main_1_30fps_frame0089,Well
3882,q_16_main_1_30fps_frame0015.png,q_16_main_1_30fps_frame0015,Poorly
3882,q_16_main_1_30fps_frame0030.png,q_16_main_1_30fps_frame0030,Poorly
3882,q_16_main_1_30fps_frame0045.png,q_16_main_1_30fps_frame0045,Poorly
3882,q_16_main_1_30fps_frame0060.png,q_16_main_1_30fps_frame0060,Poorly
3882,q_16_main_1_30fps_frame0075.png,q_16_main_1_30fps_frame0075,Poorly
3882,q_16_main_1_30fps_frame0090.png,q_16_main_1_30fps_frame0090,Poorly
3882,q_19_main_0_30fps_frame0015.png,q_19_main_0_30fps_frame0015,Poorly
3882,q_19_main_0_30fps_frame0030.png,q_19_main_0_30fps_frame0030,Poorly
3882,q_19_main_0_30fps_frame0045.png,q_19_main_0_30fps_frame0045,Well
3882,q_19_main_0_30fps_frame0060.png,q_19_main_0_30fps_frame0060,Poorly
3882,q_19_main_0_30fps_frame0075.png,q_19_main_0_30fps_frame0075,Poorly
3882,q_19_main_0_30fps_frame0090.png,q_19_main_0_30fps_frame0090,Poorly
3882,q_1_main_0_30fps_frame0015.png,q_1_main_0_30fps_frame0015,Poorly
3882,q_1_main_0_30fps_frame0030.png,q_1_main_0_30fps_frame0030,Well
3882,q_1_main_0_30fps_frame0045.png,q_1_main_0_30fps_frame0045,Poorly
3882,q_1_main_0_30fps_frame0060.png,q_1_main_0_30fps_frame0060,Poorly
3882,q_1_main_0_30fps_frame0075.png,q_1_main_0_30fps_frame0075,Poorly
3882,q_1_main_0_30fps_frame0090.png,q_1_main_0_30fps_frame0090,Well
3882,q_20_main_0_30fps_frame0015.png,q_20_main_0_30fps_frame0015,Poorly
3882,q_20_main_0_30fps_frame0030.png,q_20_main_0_30fps_frame0030,Poorly
3882,q_20_main_0_30fps_frame0045.png,q_20_main_0_30fps_frame0045,Poorly
3882,q_20_main_0_30fps_frame0060.png,q_20_main_0_30fps_frame0060,Poorly
3882,q_20_main_0_30fps_frame0075.png,q_20_main_0_30fps_frame0075,Well
3882,q_20_main_0_30fps_frame0090.png,q_20_main_0_30fps_frame0090,Poorly
3882,q_22_main_0_30fps_frame0015.png,q_22_main_0_30fps_frame0015,Poorly
3882,q_22_main_0_30fps_frame0030.png,q_22_main_0_30fps_frame0030,Poorly
3882,q_22_main_0_30fps_frame0045.png,q_22_main_0_30fps_frame0045,Poorly
3882,q_22_main_0_30fps_frame0060.png,q_22_main_0_30fps_frame0060,Poorly
3882,q_22_main_0_30fps_frame0075.png,q_22_main_0_30fps_frame0075,Well
3882,q_22_main_0_30fps_frame0090.png,q_22_main_0_30fps_frame0090,Poorly
3882,q_24_main_1_30fps_frame0014.png,q_24_main_1_30fps_frame0014,Poorly
3882,q_24_main_1_30fps_frame0029.png,q_24_main_1_30fps_frame0029,Poorly
3882,q_24_main_1_30fps_frame0044.png,q_24_main_1_30fps_frame0044,Poorly
3882,q_24_main_1_30fps_frame0059.png,q_24_main_1_30fps_frame0059,Poorly
3882,q_24_main_1_30fps_frame0074.png,q_24_main_1_30fps_frame0074,Poorly
3882,q_24_main_1_30fps_frame0089.png,q_24_main_1_30fps_frame0089,Poorly
3882,q_26_main_1_30fps_frame0014.png,q_26_main_1_30fps_frame0014,Poorly
3882,q_26_main_1_30fps_frame0029.png,q_26_main_1_30fps_frame0029,Well
3882,q_26_main_1_30fps_frame0044.png,q_26_main_1_30fps_frame0044,Poorly
3882,q_26_main_1_30fps_frame0059.png,q_26_main_1_30fps_frame0059,Poorly
3882,q_26_main_1_30fps_frame0074.png,q_26_main_1_30fps_frame0074,Poorly
3882,q_26_main_1_30fps_frame0089.png,q_26_main_1_30fps_frame0089,Poorly
3882,q_27_main_0_30fps_frame0014.png,q_27_main_0_30fps_frame0014,Poorly
3882,q_27_main_0_30fps_frame0029.png,q_27_main_0_30fps_frame0029,Well
3882,q_27_main_0_30fps_frame0044.png,q_27_main_0_30fps_frame0044,Poorly
3882,q_27_main_0_30fps_frame0059.png,q_27_main_0_30fps_frame0059,Poorly
3882,q_27_main_0_30fps_frame0074.png,q_27_main_0_30fps_frame0074,Poorly
3882,q_27_main_0_30fps_frame0089.png,q_27_main_0_30fps_frame0089,Well
3882,q_28_main_0_30fps_frame0015.png,q_28_main_0_30fps_frame0015,Poorly
3882,q_28_main_0_30fps_frame0030.png,q_28_main_0_30fps_frame0030,Poorly
3882,q_28_main_0_30fps_frame0045.png,q_28_main_0_30fps_frame0045,Poorly
3882,q_28_main_0_30fps_frame0060.png,q_28_main_0_30fps_frame0060,Poorly
3882,q_28_main_0_30fps_frame0075.png,q_28_main_0_30fps_frame0075,Poorly
3882,q_28_main_0_30fps_frame0090.png,q_28_main_0_30fps_frame0090,Poorly
3882,q_2_main_1_30fps_frame0015.png,q_2_main_1_30fps_frame0015,Well
3882,q_2_main_1_30fps_frame0030.png,q_2_main_1_30fps_frame0030,Poorly
3882,q_2_main_1_30fps_frame0045.png,q_2_main_1_30fps_frame0045,Well
3882,q_2_main_1_30fps_frame0060.png,q_2_main_1_30fps_frame0060,Well
3882,q_2_main_1_30fps_frame0075.png,q_2_main_1_30fps_frame0075,Poorly
3882,q_2_main_1_30fps_frame0090.png,q_2_main_1_30fps_frame0090,Well
3882,q_3_main_1_30fps_frame0014.png,q_3_main_1_30fps_frame0014,Well
3882,q_3_main_1_30fps_frame0029.png,q_3_main_1_30fps_frame0029,Poorly
3882,q_3_main_1_30fps_frame0044.png,q_3_main_1_30fps_frame0044,Poorly
3882,q_3_main_1_30fps_frame0059.png,q_3_main_1_30fps_frame0059,Poorly
3882,q_3_main_1_30fps_frame0074.png,q_3_main_1_30fps_frame0074,Poorly
3882,q_3_main_1_30fps_frame0089.png,q_3_main_1_30fps_frame0089,Poorly
3882,q_6_main_1_30fps_frame0014.png,q_6_main_1_30fps_frame0014,Well
3882,q_6_main_1_30fps_frame0029.png,q_6_main_1_30fps_frame0029,Poorly
3882,q_6_main_1_30fps_frame0044.png,q_6_main_1_30fps_frame0044,Poorly
3882,q_6_main_1_30fps_frame0059.png,q_6_main_1_30fps_frame0059,Poorly
3882,q_6_main_1_30fps_frame0074.png,q_6_main_1_30fps_frame0074,Poorly
3882,q_6_main_1_30fps_frame0089.png,q_6_main_1_30fps_frame0089,Poorly
3882,q_8_main_0_30fps_frame0014.png,q_8_main_0_30fps_frame0014,Poorly
3882,q_8_main_0_30fps_frame0029.png,q_8_main_0_30fps_frame0029,Poorly
3882,q_8_main_0_30fps_frame0044.png,q_8_main_0_30fps_frame0044,Poorly
3882,q_8_main_0_30fps_frame0059.png,q_8_main_0_30fps_frame0059,Poorly
3882,q_8_main_0_30fps_frame0074.png,q_8_main_0_30fps_frame0074,Poorly
3882,q_8_main_0_30fps_frame0089.png,q_8_main_0_30fps_frame0089,Poorly
3882,q_9_main_1_30fps_frame0015.png,q_9_main_1_30fps_frame0015,Well
3882,q_9_main_1_30fps_frame0030.png,q_9_main_1_30fps_frame0030,Poorly
3882,q_9_main_1_30fps_frame0045.png,q_9_main_1_30fps_frame0045,Well
3882,q_9_main_1_30fps_frame0060.png,q_9_main_1_30fps_frame0060,Well
3882,q_9_main_1_30fps_frame0075.png,q_9_main_1_30fps_frame0075,Well
3882,q_9_main_1_30fps_frame0090.png,q_9_main_1_30fps_frame0090,Well
5009,q_10_main_0_30fps_frame0013.png,q_10_main_0_30fps_frame0013,Poorly
5009,q_10_main_0_30fps_frame0028.png,q_10_main_0_30fps_frame0028,Poorly
5009,q_10_main_0_30fps_frame0043.png,q_10_main_0_30fps_frame0043,Poorly
5009,q_10_main_0_30fps_frame0058.png,q_10_main_0_30fps_frame0058,Poorly
5009,q_10_main_0_30fps_frame0073.png,q_10_main_0_30fps_frame0073,Poorly
5009,q_10_main_0_30fps_frame0088.png,q_10_main_0_30fps_frame0088,Well
5009,q_11_main_1_30fps_frame0014.png,q_11_main_1_30fps_frame0014,Poorly
5009,q_11_main_1_30fps_frame0029.png,q_11_main_1_30fps_frame0029,Poorly
5009,q_11_main_1_30fps_frame0044.png,q_11_main_1_30fps_frame0044,Poorly
5009,q_11_main_1_30fps_frame0059.png,q_11_main_1_30fps_frame0059,Poorly
5009,q_11_main_1_30fps_frame0074.png,q_11_main_1_30fps_frame0074,Well
5009,q_11_main_1_30fps_frame0089.png,q_11_main_1_30fps_frame0089,Well
5009,q_12_main_1_30fps_frame0015.png,q_12_main_1_30fps_frame0015,Poorly
5009,q_12_main_1_30fps_frame0030.png,q_12_main_1_30fps_frame0030,Poorly
5009,q_12_main_1_30fps_frame0045.png,q_12_main_1_30fps_frame0045,Well
5009,q_12_main_1_30fps_frame0060.png,q_12_main_1_30fps_frame0060,Poorly
5009,q_12_main_1_30fps_frame0075.png,q_12_main_1_30fps_frame0075,Well
5009,q_12_main_1_30fps_frame0090.png,q_12_main_1_30fps_frame0090,Poorly
5009,q_14_main_0_30fps_frame0014.png,q_14_main_0_30fps_frame0014,Poorly
5009,q_14_main_0_30fps_frame0029.png,q_14_main_0_30fps_frame0029,Poorly
5009,q_14_main_0_30fps_frame0044.png,q_14_main_0_30fps_frame0044,Poorly
5009,q_14_main_0_30fps_frame0059.png,q_14_main_0_30fps_frame0059,Poorly
5009,q_14_main_0_30fps_frame0074.png,q_14_main_0_30fps_frame0074,Poorly
5009,q_14_main_0_30fps_frame0089.png,q_14_main_0_30fps_frame0089,Poorly
5009,q_16_main_1_30fps_frame0015.png,q_16_main_1_30fps_frame0015,Poorly
5009,q_16_main_1_30fps_frame0030.png,q_16_main_1_30fps_frame0030,Poorly
5009,q_16_main_1_30fps_frame0045.png,q_16_main_1_30fps_frame0045,Poorly
5009,q_16_main_1_30fps_frame0060.png,q_16_main_1_30fps_frame0060,Poorly
5009,q_16_main_1_30fps_frame0075.png,q_16_main_1_30fps_frame0075,Poorly
5009,q_16_main_1_30fps_frame0090.png,q_16_main_1_30fps_frame0090,Poorly
5009,q_18_main_0_30fps_frame0014.png,q_18_main_0_30fps_frame0014,Poorly
5009,q_18_main_0_30fps_frame0029.png,q_18_main_0_30fps_frame0029,Poorly
5009,q_18_main_0_30fps_frame0044.png,q_18_main_0_30fps_frame0044,Poorly
5009,q_18_main_0_30fps_frame0059.png,q_18_main_0_30fps_frame0059,Poorly
5009,q_18_main_0_30fps_frame0074.png,q_18_main_0_30fps_frame0074,Poorly
5009,q_18_main_0_30fps_frame0089.png,q_18_main_0_30fps_frame0089,Well
5009,q_19_main_1_30fps_frame0015.png,q_19_main_1_30fps_frame0015,Poorly
5009,q_19_main_1_30fps_frame0030.png,q_19_main_1_30fps_frame0030,Poorly
5009,q_19_main_1_30fps_frame0045.png,q_19_main_1_30fps_frame0045,Poorly
5009,q_19_main_1_30fps_frame0060.png,q_19_main_1_30fps_frame0060,Poorly
5009,q_19_main_1_30fps_frame0075.png,q_19_main_1_30fps_frame0075,Poorly
5009,q_19_main_1_30fps_frame0090.png,q_19_main_1_30fps_frame0090,Well
5009,q_22_main_0_30fps_frame0014.png,q_22_main_0_30fps_frame0014,Poorly
5009,q_22_main_0_30fps_frame0029.png,q_22_main_0_30fps_frame0029,Well
5009,q_22_main_0_30fps_frame0044.png,q_22_main_0_30fps_frame0044,Poorly
5009,q_22_main_0_30fps_frame0059.png,q_22_main_0_30fps_frame0059,Poorly
5009,q_22_main_0_30fps_frame0074.png,q_22_main_0_30fps_frame0074,Poorly
5009,q_22_main_0_30fps_frame0089.png,q_22_main_0_30fps_frame0089,Well
5009,q_23_main_0_30fps_frame0015.png,q_23_main_0_30fps_frame0015,Well
5009,q_23_main_0_30fps_frame0030.png,q_23_main_0_30fps_frame0030,Poorly
5009,q_23_main_0_30fps_frame0045.png,q_23_main_0_30fps_frame0045,Poorly
5009,q_23_main_0_30fps_frame0060.png,q_23_main_0_30fps_frame0060,Poorly
5009,q_23_main_0_30fps_frame0075.png,q_23_main_0_30fps_frame0075,Poorly
5009,q_23_main_0_30fps_frame0090.png,q_23_main_0_30fps_frame0090,Poorly
5009,q_25_main_1_30fps_frame0014.png,q_25_main_1_30fps_frame0014,Well
5009,q_25_main_1_30fps_frame0029.png,q_25_main_1_30fps_frame0029,Poorly
5009,q_25_main_1_30fps_frame0044.png,q_25_main_1_30fps_frame0044,Poorly
5009,q_25_main_1_30fps_frame0059.png,q_25_main_1_30fps_frame0059,Poorly
5009,q_25_main_1_30fps_frame0074.png,q_25_main_1_30fps_frame0074,Well
5009,q_25_main_1_30fps_frame0089.png,q_25_main_1_30fps_frame0089,Well
5009,q_27_main_1_30fps_frame0014.png,q_27_main_1_30fps_frame0014,Poorly
5009,q_27_main_1_30fps_frame0029.png,q_27_main_1_30fps_frame0029,Poorly
5009,q_27_main_1_30fps_frame0044.png,q_27_main_1_30fps_frame0044,Poorly
5009,q_27_main_1_30fps_frame0059.png,q_27_main_1_30fps_frame0059,Well
5009,q_27_main_1_30fps_frame0074.png,q_27_main_1_30fps_frame0074,Poorly
5009,q_27_main_1_30fps_frame0089.png,q_27_main_1_30fps_frame0089,Poorly
5009,q_29_main_0_30fps_frame0014.png,q_29_main_0_30fps_frame0014,Poorly
5009,q_29_main_0_30fps_frame0029.png,q_29_main_0_30fps_frame0029,Well
5009,q_29_main_0_30fps_frame0044.png,q_29_main_0_30fps_frame0044,Poorly
5009,q_29_main_0_30fps_frame0059.png,q_29_main_0_30fps_frame0059,Well
5009,q_29_main_0_30fps_frame0074.png,q_29_main_0_30fps_frame0074,Well
5009,q_29_main_0_30fps_frame0089.png,q_29_main_0_30fps_frame0089,Poorly
5009,q_30_main_0_30fps_frame0014.png,q_30_main_0_30fps_frame0014,Well
5009,q_30_main_0_30fps_frame0029.png,q_30_main_0_30fps_frame0029,Well
5009,q_30_main_0_30fps_frame0044.png,q_30_main_0_30fps_frame0044,Poorly
5009,q_30_main_0_30fps_frame0059.png,q_30_main_0_30fps_frame0059,Poorly
5009,q_30_main_0_30fps_frame0074.png,q_30_main_0_30fps_frame0074,Poorly
5009,q_30_main_0_30fps_frame0089.png,q_30_main_0_30fps_frame0089,Poorly
5009,q_3_main_1_30fps_frame0015.png,q_3_main_1_30fps_frame0015,Poorly
5009,q_3_main_1_30fps_frame0030.png,q_3_main_1_30fps_frame0030,Well
5009,q_3_main_1_30fps_frame0045.png,q_3_main_1_30fps_frame0045,Poorly
5009,q_3_main_1_30fps_frame0060.png,q_3_main_1_30fps_frame0060,Well
5009,q_3_main_1_30fps_frame0075.png,q_3_main_1_30fps_frame0075,Well
5009,q_3_main_1_30fps_frame0090.png,q_3_main_1_30fps_frame0090,Poorly
5009,q_6_main_1_30fps_frame0013.png,q_6_main_1_30fps_frame0013,Well
5009,q_6_main_1_30fps_frame0028.png,q_6_main_1_30fps_frame0028,Poorly
5009,q_6_main_1_30fps_frame0043.png,q_6_main_1_30fps_frame0043,Poorly
5009,q_6_main_1_30fps_frame0058.png,q_6_main_1_30fps_frame0058,poorly
5009,q_6_main_1_30fps_frame0073.png,q_6_main_1_30fps_frame0073,Well
5009,q_6_main_1_30fps_frame0088.png,q_6_main_1_30fps_frame0088,Poorly
5009,q_7_main_1_30fps_frame0014.png,q_7_main_1_30fps_frame0014,Well
5009,q_7_main_1_30fps_frame0029.png,q_7_main_1_30fps_frame0029,Poorly
5009,q_7_main_1_30fps_frame0044.png,q_7_main_1_30fps_frame0044,Poorly
5009,q_7_main_1_30fps_frame0059.png,q_7_main_1_30fps_frame0059,Well
5009,q_7_main_1_30fps_frame0074.png,q_7_main_1_30fps_frame0074,Well
5009,q_7_main_1_30fps_frame0089.png,q_7_main_1_30fps_frame0089,Poorly
5009,q_8_main_0_30fps_frame0014.png,q_8_main_0_30fps_frame0014,Poorly
5009,q_8_main_0_30fps_frame0029.png,q_8_main_0_30fps_frame0029,Poorly
5009,q_8_main_0_30fps_frame0044.png,q_8_main_0_30fps_frame0044,Poorly
5009,q_8_main_0_30fps_frame0059.png,q_8_main_0_30fps_frame0059,Well
5009,q_8_main_0_30fps_frame0074.png,q_8_main_0_30fps_frame0074,Well
5009,q_8_main_0_30fps_frame0089.png,q_8_main_0_30fps_frame0089,Well
5009,q_warmup_3_main_0_30fps_frame0015.png,q_warmup_3_main_0_30fps_frame0015,Well
5009,q_warmup_3_main_0_30fps_frame0030.png,q_warmup_3_main_0_30fps_frame0030,Well
5009,q_warmup_3_main_0_30fps_frame0045.png,q_warmup_3_main_0_30fps_frame0045,Well
5009,q_warmup_3_main_0_30fps_frame0060.png,q_warmup_3_main_0_30fps_frame0060,Well
5009,q_warmup_3_main_0_30fps_frame0075.png,q_warmup_3_main_0_30fps_frame0075,Poorly
5009,q_warmup_3_main_0_30fps_frame0090.png,q_warmup_3_main_0_30fps_frame0090,Poorly
5009,q_warmup_4_main_0_30fps_frame0013.png,q_warmup_4_main_0_30fps_frame0013,Poorly
5009,q_warmup_4_main_0_30fps_frame0028.png,q_warmup_4_main_0_30fps_frame0028,Well
5009,q_warmup_4_main_0_30fps_frame0043.png,q_warmup_4_main_0_30fps_frame0043,Poorly
5009,q_warmup_4_main_0_30fps_frame0058.png,q_warmup_4_main_0_30fps_frame0058,Poorly
5009,q_warmup_4_main_0_30fps_frame0073.png,q_warmup_4_main_0_30fps_frame0073,Poorly
5009,q_warmup_4_main_0_30fps_frame0088.png,q_warmup_4_main_0_30fps_frame0088,Poorly
5099,q_10_main_0_30fps_frame0015.png,q_10_main_0_30fps_frame0015,Well
5099,q_10_main_0_30fps_frame0030.png,q_10_main_0_30fps_frame0030,Poorly
5099,q_10_main_0_30fps_frame0045.png,q_10_main_0_30fps_frame0045,Well
5099,q_10_main_0_30fps_frame0060.png,q_10_main_0_30fps_frame0060,Well
5099,q_10_main_0_30fps_frame0075.png,q_10_main_0_30fps_frame0075,Poorly
5099,q_10_main_0_30fps_frame0090.png,q_10_main_0_30fps_frame0090,Poorly
5099,q_12_main_1_30fps_frame0014.png,q_12_main_1_30fps_frame0014,Poorly
5099,q_12_main_1_30fps_frame0029.png,q_12_main_1_30fps_frame0029,Well
5099,q_12_main_1_30fps_frame0044.png,q_12_main_1_30fps_frame0044,Poorly
5099,q_12_main_1_30fps_frame0059.png,q_12_main_1_30fps_frame0059,Well
5099,q_12_main_1_30fps_frame0074.png,q_12_main_1_30fps_frame0074,Poorly
5099,q_12_main_1_30fps_frame0089.png,q_12_main_1_30fps_frame0089,Poorly
5099,q_13_main_1_30fps_frame0014.png,q_13_main_1_30fps_frame0014,Well
5099,q_13_main_1_30fps_frame0029.png,q_13_main_1_30fps_frame0029,Poorly
5099,q_13_main_1_30fps_frame0044.png,q_13_main_1_30fps_frame0044,Poorly
5099,q_13_main_1_30fps_frame0059.png,q_13_main_1_30fps_frame0059,Poorly
5099,q_13_main_1_30fps_frame0074.png,q_13_main_1_30fps_frame0074,Poorly
5099,q_13_main_1_30fps_frame0089.png,q_13_main_1_30fps_frame0089,Poorly
5099,q_14_main_1_30fps_frame0014.png,q_14_main_1_30fps_frame0014,Poorly
5099,q_14_main_1_30fps_frame0029.png,q_14_main_1_30fps_frame0029,Poorly
5099,q_14_main_1_30fps_frame0044.png,q_14_main_1_30fps_frame0044,Poorly
5099,q_14_main_1_30fps_frame0059.png,q_14_main_1_30fps_frame0059,Poorly
5099,q_14_main_1_30fps_frame0074.png,q_14_main_1_30fps_frame0074,Poorly
5099,q_14_main_1_30fps_frame0089.png,q_14_main_1_30fps_frame0089,Poorly
5099,q_15_main_1_30fps_frame0013.png,q_15_main_1_30fps_frame0013,Poorly
5099,q_15_main_1_30fps_frame0028.png,q_15_main_1_30fps_frame0028,Poorly
5099,q_15_main_1_30fps_frame0043.png,q_15_main_1_30fps_frame0043,Poorly
5099,q_15_main_1_30fps_frame0058.png,q_15_main_1_30fps_frame0058,Poorly
5099,q_15_main_1_30fps_frame0073.png,q_15_main_1_30fps_frame0073,Well
5099,q_15_main_1_30fps_frame0088.png,q_15_main_1_30fps_frame0088,Poorly
5099,q_19_main_0_30fps_frame0014.png,q_19_main_0_30fps_frame0014,Well
5099,q_19_main_0_30fps_frame0029.png,q_19_main_0_30fps_frame0029,Well
5099,q_19_main_0_30fps_frame0044.png,q_19_main_0_30fps_frame0044,Poorly
5099,q_19_main_0_30fps_frame0059.png,q_19_main_0_30fps_frame0059,Poorly
5099,q_19_main_0_30fps_frame0074.png,q_19_main_0_30fps_frame0074,Poorly
5099,q_19_main_0_30fps_frame0089.png,q_19_main_0_30fps_frame0089,Poorly
5099,q_1_main_0_30fps_frame0014.png,q_1_main_0_30fps_frame0014,Poorly
5099,q_1_main_0_30fps_frame0029.png,q_1_main_0_30fps_frame0029,Poorly
5099,q_1_main_0_30fps_frame0044.png,q_1_main_0_30fps_frame0044,Poorly
5099,q_1_main_0_30fps_frame0059.png,q_1_main_0_30fps_frame0059,Poorly
5099,q_1_main_0_30fps_frame0074.png,q_1_main_0_30fps_frame0074,Poorly
5099,q_1_main_0_30fps_frame0089.png,q_1_main_0_30fps_frame0089,Poorly
5099,q_20_main_0_30fps_frame0013.png,q_20_main_0_30fps_frame0013,Well
5099,q_20_main_0_30fps_frame0028.png,q_20_main_0_30fps_frame0028,Poorly
5099,q_20_main_0_30fps_frame0043.png,q_20_main_0_30fps_frame0043,Poorly
5099,q_20_main_0_30fps_frame0058.png,q_20_main_0_30fps_frame0058,Poorly
5099,q_20_main_0_30fps_frame0073.png,q_20_main_0_30fps_frame0073,Poorly
5099,q_20_main_0_30fps_frame0088.png,q_20_main_0_30fps_frame0088,Well
5099,q_21_main_0_30fps_frame0014.png,q_21_main_0_30fps_frame0014,Poorly
5099,q_21_main_0_30fps_frame0029.png,q_21_main_0_30fps_frame0029,Poorly
5099,q_21_main_0_30fps_frame0044.png,q_21_main_0_30fps_frame0044,Poorly
5099,q_21_main_0_30fps_frame0059.png,q_21_main_0_30fps_frame0059,Poorly
5099,q_21_main_0_30fps_frame0074.png,q_21_main_0_30fps_frame0074,Poorly
5099,q_21_main_0_30fps_frame0089.png,q_21_main_0_30fps_frame0089,Poorly
5099,q_22_main_0_30fps_frame0014.png,q_22_main_0_30fps_frame0014,Well
5099,q_22_main_0_30fps_frame0029.png,q_22_main_0_30fps_frame0029,Poorly
5099,q_22_main_0_30fps_frame0044.png,q_22_main_0_30fps_frame0044,Poorly
5099,q_22_main_0_30fps_frame0059.png,q_22_main_0_30fps_frame0059,Well
5099,q_22_main_0_30fps_frame0074.png,q_22_main_0_30fps_frame0074,Well
5099,q_22_main_0_30fps_frame0089.png,q_22_main_0_30fps_frame0089,Poorly
5099,q_23_main_1_30fps_frame0015.png,q_23_main_1_30fps_frame0015,Poorly
5099,q_23_main_1_30fps_frame0030.png,q_23_main_1_30fps_frame0030,Poorly
5099,q_23_main_1_30fps_frame0045.png,q_23_main_1_30fps_frame0045,Poorly
5099,q_23_main_1_30fps_frame0060.png,q_23_main_1_30fps_frame0060,Poorly
5099,q_23_main_1_30fps_frame0075.png,q_23_main_1_30fps_frame0075,Poorly
5099,q_23_main_1_30fps_frame0090.png,q_23_main_1_30fps_frame0090,Poorly
5099,q_24_main_0_30fps_frame0014.png,q_24_main_0_30fps_frame0014,Poorly
5099,q_24_main_0_30fps_frame0029.png,q_24_main_0_30fps_frame0029,Poorly
5099,q_24_main_0_30fps_frame0044.png,q_24_main_0_30fps_frame0044,Poorly
5099,q_24_main_0_30fps_frame0059.png,q_24_main_0_30fps_frame0059,Poorly
5099,q_24_main_0_30fps_frame0074.png,q_24_main_0_30fps_frame0074,Poorly
5099,q_24_main_0_30fps_frame0089.png,q_24_main_0_30fps_frame0089,Poorly
5099,q_25_main_1_30fps_frame0013.png,q_25_main_1_30fps_frame0013,Poorly
5099,q_25_main_1_30fps_frame0028.png,q_25_main_1_30fps_frame0028,Poorly
5099,q_25_main_1_30fps_frame0043.png,q_25_main_1_30fps_frame0043,Poorly
5099,q_25_main_1_30fps_frame0058.png,q_25_main_1_30fps_frame0058,Poorly
5099,q_25_main_1_30fps_frame0073.png,q_25_main_1_30fps_frame0073,Poorly
5099,q_25_main_1_30fps_frame0088.png,q_25_main_1_30fps_frame0088,Poorly
5099,q_26_main_0_30fps_frame0014.png,q_26_main_0_30fps_frame0014,Poorly
5099,q_26_main_0_30fps_frame0029.png,q_26_main_0_30fps_frame0029,Poorly
5099,q_26_main_0_30fps_frame0044.png,q_26_main_0_30fps_frame0044,Well
5099,q_26_main_0_30fps_frame0059.png,q_26_main_0_30fps_frame0059,Poorly
5099,q_26_main_0_30fps_frame0074.png,q_26_main_0_30fps_frame0074,Poorly
5099,q_26_main_0_30fps_frame0089.png,q_26_main_0_30fps_frame0089,Well
5099,q_27_main_0_30fps_frame0014.png,q_27_main_0_30fps_frame0014,Poorly
5099,q_27_main_0_30fps_frame0029.png,q_27_main_0_30fps_frame0029,Well
5099,q_27_main_0_30fps_frame0044.png,q_27_main_0_30fps_frame0044,Well
5099,q_27_main_0_30fps_frame0059.png,q_27_main_0_30fps_frame0059,Well
5099,q_27_main_0_30fps_frame0074.png,q_27_main_0_30fps_frame0074,Well
5099,q_27_main_0_30fps_frame0089.png,q_27_main_0_30fps_frame0089,Poorly
5099,q_28_main_0_30fps_frame0014.png,q_28_main_0_30fps_frame0014,Poorly
5099,q_28_main_0_30fps_frame0029.png,q_28_main_0_30fps_frame0029,Poorly
5099,q_28_main_0_30fps_frame0044.png,q_28_main_0_30fps_frame0044,Poorly
5099,q_28_main_0_30fps_frame0059.png,q_28_main_0_30fps_frame0059,Poorly
5099,q_28_main_0_30fps_frame0074.png,q_28_main_0_30fps_frame0074,Poorly
5099,q_28_main_0_30fps_frame0089.png,q_28_main_0_30fps_frame0089,Poorly
5099,q_29_main_0_30fps_frame0014.png,q_29_main_0_30fps_frame0014,Well
5099,q_29_main_0_30fps_frame0029.png,q_29_main_0_30fps_frame0029,Well
5099,q_29_main_0_30fps_frame0044.png,q_29_main_0_30fps_frame0044,Poorly
5099,q_29_main_0_30fps_frame0059.png,q_29_main_0_30fps_frame0059,Poorly
5099,q_29_main_0_30fps_frame0074.png,q_29_main_0_30fps_frame0074,Poorly
5099,q_29_main_0_30fps_frame0089.png,q_29_main_0_30fps_frame0089,Poorly
5099,q_30_main_0_30fps_frame0015.png,q_30_main_0_30fps_frame0015,Well
5099,q_30_main_0_30fps_frame0030.png,q_30_main_0_30fps_frame0030,Poorly
5099,q_30_main_0_30fps_frame0045.png,q_30_main_0_30fps_frame0045,Poorly
5099,q_30_main_0_30fps_frame0060.png,q_30_main_0_30fps_frame0060,Poorly
5099,q_30_main_0_30fps_frame0075.png,q_30_main_0_30fps_frame0075,Poorly
5099,q_30_main_0_30fps_frame0090.png,q_30_main_0_30fps_frame0090,Well
5099,q_3_main_1_30fps_frame0015.png,q_3_main_1_30fps_frame0015,Poorly
5099,q_3_main_1_30fps_frame0030.png,q_3_main_1_30fps_frame0030,Poorly
5099,q_3_main_1_30fps_frame0045.png,q_3_main_1_30fps_frame0045,Poorly
5099,q_3_main_1_30fps_frame0060.png,q_3_main_1_30fps_frame0060,Poorly
5099,q_3_main_1_30fps_frame0075.png,q_3_main_1_30fps_frame0075,Well
5099,q_3_main_1_30fps_frame0090.png,q_3_main_1_30fps_frame0090,Poorly
5099,q_4_main_1_30fps_frame0014.png,q_4_main_1_30fps_frame0014,Well
5099,q_4_main_1_30fps_frame0029.png,q_4_main_1_30fps_frame0029,Poorly
5099,q_4_main_1_30fps_frame0044.png,q_4_main_1_30fps_frame0044,Poorly
5099,q_4_main_1_30fps_frame0059.png,q_4_main_1_30fps_frame0059,Poorly
5099,q_4_main_1_30fps_frame0074.png,q_4_main_1_30fps_frame0074,Poorly
5099,q_4_main_1_30fps_frame0089.png,q_4_main_1_30fps_frame0089,Poorly
5099,q_8_main_0_30fps_frame0015.png,q_8_main_0_30fps_frame0015,Poorly
5099,q_8_main_0_30fps_frame0030.png,q_8_main_0_30fps_frame0030,Well
5099,q_8_main_0_30fps_frame0045.png,q_8_main_0_30fps_frame0045,Poorly
5099,q_8_main_0_30fps_frame0060.png,q_8_main_0_30fps_frame0060,Well
5099,q_8_main_0_30fps_frame0075.png,q_8_main_0_30fps_frame0075,Poorly
5099,q_8_main_0_30fps_frame0090.png,q_8_main_0_30fps_frame0090,Poorly
5099,q_9_main_1_30fps_frame0014.png,q_9_main_1_30fps_frame0014,Poorly
5099,q_9_main_1_30fps_frame0029.png,q_9_main_1_30fps_frame0029,Well
5099,q_9_main_1_30fps_frame0044.png,q_9_main_1_30fps_frame0044,Well
5099,q_9_main_1_30fps_frame0059.png,q_9_main_1_30fps_frame0059,Poorly
5099,q_9_main_1_30fps_frame0074.png,q_9_main_1_30fps_frame0074,Poorly
5099,q_9_main_1_30fps_frame0089.png,q_9_main_1_30fps_frame0089,Poorly
5099,q_warmup_3_main_1_30fps_frame0014.png,q_warmup_3_main_1_30fps_frame0014,Poorly
5099,q_warmup_3_main_1_30fps_frame0029.png,q_warmup_3_main_1_30fps_frame0029,Poorly
5099,q_warmup_3_main_1_30fps_frame0044.png,q_warmup_3_main_1_30fps_frame0044,Poorly
5099,q_warmup_3_main_1_30fps_frame0059.png,q_warmup_3_main_1_30fps_frame0059,Poorly
5099,q_warmup_3_main_1_30fps_frame0074.png,q_warmup_3_main_1_30fps_frame0074,Poorly
5099,q_warmup_3_main_1_30fps_frame0089.png,q_warmup_3_main_1_30fps_frame0089,Well
5099,q_warmup_4_main_0_30fps_frame0015.png,q_warmup_4_main_0_30fps_frame0015,Poorly
5099,q_warmup_4_main_0_30fps_frame0030.png,q_warmup_4_main_0_30fps_frame0030,Well
5099,q_warmup_4_main_0_30fps_frame0045.png,q_warmup_4_main_0_30fps_frame0045,Well
5099,q_warmup_4_main_0_30fps_frame0060.png,q_warmup_4_main_0_30fps_frame0060,Poorly
5099,q_warmup_4_main_0_30fps_frame0075.png,q_warmup_4_main_0_30fps_frame0075,Poorly
5099,q_warmup_4_main_0_30fps_frame0090.png,q_warmup_4_main_0_30fps_frame0090,Well
5099,q_warmup_5_main_1_30fps_frame0014.png,q_warmup_5_main_1_30fps_frame0014,Poorly
5099,q_warmup_5_main_1_30fps_frame0029.png,q_warmup_5_main_1_30fps_frame0029,Poorly
5099,q_warmup_5_main_1_30fps_frame0044.png,q_warmup_5_main_1_30fps_frame0044,Poorly
5099,q_warmup_5_main_1_30fps_frame0059.png,q_warmup_5_main_1_30fps_frame0059,Poorly
5099,q_warmup_5_main_1_30fps_frame0074.png,q_warmup_5_main_1_30fps_frame0074,Poorly
5099,q_warmup_5_main_1_30fps_frame0089.png,q_warmup_5_main_1_30fps_frame0089,Poorly
5124,q_10_main_0_30fps_frame0014.png,q_10_main_0_30fps_frame0014,Well
5124,q_10_main_0_30fps_frame0029.png,q_10_main_0_30fps_frame0029,Well
5124,q_10_main_0_30fps_frame0044.png,q_10_main_0_30fps_frame0044,Well
5124,q_10_main_0_30fps_frame0059.png,q_10_main_0_30fps_frame0059,Poorly
5124,q_10_main_0_30fps_frame0074.png,q_10_main_0_30fps_frame0074,Poorly
5124,q_10_main_0_30fps_frame0089.png,q_10_main_0_30fps_frame0089,Poorly
5124,q_12_main_0_30fps_frame0015.png,q_12_main_0_30fps_frame0015,Poorly
5124,q_12_main_0_30fps_frame0030.png,q_12_main_0_30fps_frame0030,Well
5124,q_12_main_0_30fps_frame0045.png,q_12_main_0_30fps_frame0045,Poorly
5124,q_12_main_0_30fps_frame0060.png,q_12_main_0_30fps_frame0060,Poorly
5124,q_12_main_0_30fps_frame0075.png,q_12_main_0_30fps_frame0075,Well
5124,q_12_main_0_30fps_frame0090.png,q_12_main_0_30fps_frame0090,Poorly
5124,q_14_main_0_30fps_frame0013.png,q_14_main_0_30fps_frame0013,Poorly
5124,q_14_main_0_30fps_frame0028.png,q_14_main_0_30fps_frame0028,poorly
5124,q_14_main_0_30fps_frame0043.png,q_14_main_0_30fps_frame0043,Well
5124,q_14_main_0_30fps_frame0058.png,q_14_main_0_30fps_frame0058,Poorly
5124,q_14_main_0_30fps_frame0073.png,q_14_main_0_30fps_frame0073,Poorly
5124,q_14_main_0_30fps_frame0088.png,q_14_main_0_30fps_frame0088,Poorly
5124,q_18_main_0_30fps_frame0015.png,q_18_main_0_30fps_frame0015,Poorly
5124,q_18_main_0_30fps_frame0030.png,q_18_main_0_30fps_frame0030,Poorly
5124,q_18_main_0_30fps_frame0045.png,q_18_main_0_30fps_frame0045,Poorly
5124,q_18_main_0_30fps_frame0060.png,q_18_main_0_30fps_frame0060,Poorly
5124,q_18_main_0_30fps_frame0075.png,q_18_main_0_30fps_frame0075,Poorly
5124,q_18_main_0_30fps_frame0090.png,q_18_main_0_30fps_frame0090,Poorly
5124,q_21_main_0_30fps_frame0013.png,q_21_main_0_30fps_frame0013,Poorly
5124,q_21_main_0_30fps_frame0028.png,q_21_main_0_30fps_frame0028,Well
5124,q_21_main_0_30fps_frame0043.png,q_21_main_0_30fps_frame0043,Poorly
5124,q_21_main_0_30fps_frame0058.png,q_21_main_0_30fps_frame0058,Poorly
5124,q_21_main_0_30fps_frame0073.png,q_21_main_0_30fps_frame0073,Well
5124,q_21_main_0_30fps_frame0088.png,q_21_main_0_30fps_frame0088,Poorly
5124,q_23_main_0_30fps_frame0015.png,q_23_main_0_30fps_frame0015,Poorly
5124,q_23_main_0_30fps_frame0030.png,q_23_main_0_30fps_frame0030,Poorly
5124,q_23_main_0_30fps_frame0045.png,q_23_main_0_30fps_frame0045,Well
5124,q_23_main_0_30fps_frame0060.png,q_23_main_0_30fps_frame0060,Poorly
5124,q_23_main_0_30fps_frame0075.png,q_23_main_0_30fps_frame0075,Poorly
5124,q_23_main_0_30fps_frame0090.png,q_23_main_0_30fps_frame0090,poorly
5124,q_24_main_0_30fps_frame0014.png,q_24_main_0_30fps_frame0014,Poorly
5124,q_24_main_0_30fps_frame0029.png,q_24_main_0_30fps_frame0029,Poorly
5124,q_24_main_0_30fps_frame0044.png,q_24_main_0_30fps_frame0044,Poorly
5124,q_24_main_0_30fps_frame0059.png,q_24_main_0_30fps_frame0059,Poorly
5124,q_24_main_0_30fps_frame0074.png,q_24_main_0_30fps_frame0074,Well
5124,q_24_main_0_30fps_frame0089.png,q_24_main_0_30fps_frame0089,Poorly
5124,q_25_main_1_30fps_frame0015.png,q_25_main_1_30fps_frame0015,Well
5124,q_25_main_1_30fps_frame0030.png,q_25_main_1_30fps_frame0030,Poorly
5124,q_25_main_1_30fps_frame0045.png,q_25_main_1_30fps_frame0045,Poorly
5124,q_25_main_1_30fps_frame0060.png,q_25_main_1_30fps_frame0060,Poorly
5124,q_25_main_1_30fps_frame0075.png,q_25_main_1_30fps_frame0075,Well
5124,q_25_main_1_30fps_frame0090.png,q_25_main_1_30fps_frame0090,Well
5124,q_27_main_1_30fps_frame0015.png,q_27_main_1_30fps_frame0015,Poorly
5124,q_27_main_1_30fps_frame0030.png,q_27_main_1_30fps_frame0030,Well
5124,q_27_main_1_30fps_frame0045.png,q_27_main_1_30fps_frame0045,Well
5124,q_27_main_1_30fps_frame0060.png,q_27_main_1_30fps_frame0060,Poorly
5124,q_27_main_1_30fps_frame0075.png,q_27_main_1_30fps_frame0075,Poorly
5124,q_27_main_1_30fps_frame0090.png,q_27_main_1_30fps_frame0090,Poorly
5124,q_28_main_1_30fps_frame0013.png,q_28_main_1_30fps_frame0013,Poorly
5124,q_28_main_1_30fps_frame0028.png,q_28_main_1_30fps_frame0028,Poorly
5124,q_28_main_1_30fps_frame0043.png,q_28_main_1_30fps_frame0043,Poorly
5124,q_28_main_1_30fps_frame0058.png,q_28_main_1_30fps_frame0058,Poorly
5124,q_28_main_1_30fps_frame0073.png,q_28_main_1_30fps_frame0073,Poorly
5124,q_28_main_1_30fps_frame0088.png,q_28_main_1_30fps_frame0088,Well
5124,q_29_main_0_30fps_frame0015.png,q_29_main_0_30fps_frame0015,Poorly
5124,q_29_main_0_30fps_frame0030.png,q_29_main_0_30fps_frame0030,Poorly
5124,q_29_main_0_30fps_frame0045.png,q_29_main_0_30fps_frame0045,Poorly
5124,q_29_main_0_30fps_frame0060.png,q_29_main_0_30fps_frame0060,Poorly
5124,q_29_main_0_30fps_frame0075.png,q_29_main_0_30fps_frame0075,Poorly
5124,q_29_main_0_30fps_frame0090.png,q_29_main_0_30fps_frame0090,Poorly
5124,q_30_main_0_30fps_frame0014.png,q_30_main_0_30fps_frame0014,Poorly
5124,q_30_main_0_30fps_frame0029.png,q_30_main_0_30fps_frame0029,Poorly
5124,q_30_main_0_30fps_frame0044.png,q_30_main_0_30fps_frame0044,Well
5124,q_30_main_0_30fps_frame0059.png,q_30_main_0_30fps_frame0059,Well
5124,q_30_main_0_30fps_frame0074.png,q_30_main_0_30fps_frame0074,Poorly
5124,q_30_main_0_30fps_frame0089.png,q_30_main_0_30fps_frame0089,Poorly
5124,q_3_main_1_30fps_frame0015.png,q_3_main_1_30fps_frame0015,Poorly
5124,q_3_main_1_30fps_frame0030.png,q_3_main_1_30fps_frame0030,Poorly
5124,q_3_main_1_30fps_frame0045.png,q_3_main_1_30fps_frame0045,Poorly
5124,q_3_main_1_30fps_frame0060.png,q_3_main_1_30fps_frame0060,Well
5124,q_3_main_1_30fps_frame0075.png,q_3_main_1_30fps_frame0075,Poorly
5124,q_3_main_1_30fps_frame0090.png,q_3_main_1_30fps_frame0090,Well
5124,q_4_main_0_30fps_frame0015.png,q_4_main_0_30fps_frame0015,Well
5124,q_4_main_0_30fps_frame0030.png,q_4_main_0_30fps_frame0030,Poorly
5124,q_4_main_0_30fps_frame0045.png,q_4_main_0_30fps_frame0045,Well
5124,q_4_main_0_30fps_frame0060.png,q_4_main_0_30fps_frame0060,Poorly
5124,q_4_main_0_30fps_frame0075.png,q_4_main_0_30fps_frame0075,Poorly
5124,q_4_main_0_30fps_frame0090.png,q_4_main_0_30fps_frame0090,Well
5124,q_5_main_0_30fps_frame0015.png,q_5_main_0_30fps_frame0015,Well
5124,q_5_main_0_30fps_frame0030.png,q_5_main_0_30fps_frame0030,Well
5124,q_5_main_0_30fps_frame0045.png,q_5_main_0_30fps_frame0045,Well
5124,q_5_main_0_30fps_frame0060.png,q_5_main_0_30fps_frame0060,Well
5124,q_5_main_0_30fps_frame0075.png,q_5_main_0_30fps_frame0075,Poorly
5124,q_5_main_0_30fps_frame0090.png,q_5_main_0_30fps_frame0090,Poorly
5124,q_7_main_1_30fps_frame0015.png,q_7_main_1_30fps_frame0015,Well
5124,q_7_main_1_30fps_frame0030.png,q_7_main_1_30fps_frame0030,Well
5124,q_7_main_1_30fps_frame0045.png,q_7_main_1_30fps_frame0045,Poorly
5124,q_7_main_1_30fps_frame0060.png,q_7_main_1_30fps_frame0060,Well
5124,q_7_main_1_30fps_frame0075.png,q_7_main_1_30fps_frame0075,Well
5124,q_7_main_1_30fps_frame0090.png,q_7_main_1_30fps_frame0090,Well
5124,q_8_main_0_30fps_frame0015.png,q_8_main_0_30fps_frame0015,Well
5124,q_8_main_0_30fps_frame0030.png,q_8_main_0_30fps_frame0030,Well
5124,q_8_main_0_30fps_frame0045.png,q_8_main_0_30fps_frame0045,Poorly
5124,q_8_main_0_30fps_frame0060.png,q_8_main_0_30fps_frame0060,Poorly
5124,q_8_main_0_30fps_frame0075.png,q_8_main_0_30fps_frame0075,Well
5124,q_8_main_0_30fps_frame0090.png,q_8_main_0_30fps_frame0090,Well
5124,q_warmup_5_main_0_30fps_frame0014.png,q_warmup_5_main_0_30fps_frame0014,Well
5124,q_warmup_5_main_0_30fps_frame0029.png,q_warmup_5_main_0_30fps_frame0029,Poorly
5124,q_warmup_5_main_0_30fps_frame0044.png,q_warmup_5_main_0_30fps_frame0044,Well
5124,q_warmup_5_main_0_30fps_frame0059.png,q_warmup_5_main_0_30fps_frame0059,Well
5124,q_warmup_5_main_0_30fps_frame0074.png,q_warmup_5_main_0_30fps_frame0074,Poorly
5124,q_warmup_5_main_0_30fps_frame0089.png,q_warmup_5_main_0_30fps_frame0089,poorly
5233,q_10_main_1_30fps_frame0015.png,q_10_main_1_30fps_frame0015,Poorly
5233,q_10_main_1_30fps_frame0030.png,q_10_main_1_30fps_frame0030,Poorly
5233,q_10_main_1_30fps_frame0045.png,q_10_main_1_30fps_frame0045,Poorly
5233,q_10_main_1_30fps_frame0060.png,q_10_main_1_30fps_frame0060,Poorly
5233,q_10_main_1_30fps_frame0075.png,q_10_main_1_30fps_frame0075,Poorly
5233,q_10_main_1_30fps_frame0090.png,q_10_main_1_30fps_frame0090,Poorly
5233,q_13_main_1_30fps_frame0015.png,q_13_main_1_30fps_frame0015,Poorly
5233,q_13_main_1_30fps_frame0030.png,q_13_main_1_30fps_frame0030,Poorly
5233,q_13_main_1_30fps_frame0045.png,q_13_main_1_30fps_frame0045,Poorly
5233,q_13_main_1_30fps_frame0060.png,q_13_main_1_30fps_frame0060,Poorly
5233,q_13_main_1_30fps_frame0075.png,q_13_main_1_30fps_frame0075,Well
5233,q_13_main_1_30fps_frame0090.png,q_13_main_1_30fps_frame0090,Poorly
5233,q_14_main_0_30fps_frame0014.png,q_14_main_0_30fps_frame0014,Poorly
5233,q_14_main_0_30fps_frame0029.png,q_14_main_0_30fps_frame0029,Poorly
5233,q_14_main_0_30fps_frame0044.png,q_14_main_0_30fps_frame0044,Poorly
5233,q_14_main_0_30fps_frame0059.png,q_14_main_0_30fps_frame0059,Poorly
5233,q_14_main_0_30fps_frame0074.png,q_14_main_0_30fps_frame0074,Poorly
5233,q_14_main_0_30fps_frame0089.png,q_14_main_0_30fps_frame0089,Poorly
5233,q_16_main_1_30fps_frame0015.png,q_16_main_1_30fps_frame0015,Poorly
5233,q_16_main_1_30fps_frame0030.png,q_16_main_1_30fps_frame0030,Poorly
5233,q_16_main_1_30fps_frame0045.png,q_16_main_1_30fps_frame0045,Poorly
5233,q_16_main_1_30fps_frame0060.png,q_16_main_1_30fps_frame0060,Poorly
5233,q_16_main_1_30fps_frame0075.png,q_16_main_1_30fps_frame0075,Poorly
5233,q_16_main_1_30fps_frame0090.png,q_16_main_1_30fps_frame0090,Poorly
5233,q_17_main_0_30fps_frame0014.png,q_17_main_0_30fps_frame0014,Poorly
5233,q_17_main_0_30fps_frame0029.png,q_17_main_0_30fps_frame0029,Poorly
5233,q_17_main_0_30fps_frame0044.png,q_17_main_0_30fps_frame0044,Well
5233,q_17_main_0_30fps_frame0059.png,q_17_main_0_30fps_frame0059,Well
5233,q_17_main_0_30fps_frame0074.png,q_17_main_0_30fps_frame0074,Poorly
5233,q_17_main_0_30fps_frame0089.png,q_17_main_0_30fps_frame0089,Poorly
5233,q_19_main_0_30fps_frame0015.png,q_19_main_0_30fps_frame0015,Poorly
5233,q_19_main_0_30fps_frame0030.png,q_19_main_0_30fps_frame0030,Poorly
5233,q_19_main_0_30fps_frame0045.png,q_19_main_0_30fps_frame0045,Poorly
5233,q_19_main_0_30fps_frame0060.png,q_19_main_0_30fps_frame0060,Poorly
5233,q_19_main_0_30fps_frame0075.png,q_19_main_0_30fps_frame0075,Poorly
5233,q_19_main_0_30fps_frame0090.png,q_19_main_0_30fps_frame0090,Poorly
5233,q_1_main_0_30fps_frame0013.png,q_1_main_0_30fps_frame0013,Poorly
5233,q_1_main_0_30fps_frame0028.png,q_1_main_0_30fps_frame0028,Poorly
5233,q_1_main_0_30fps_frame0043.png,q_1_main_0_30fps_frame0043,Poorly
5233,q_1_main_0_30fps_frame0058.png,q_1_main_0_30fps_frame0058,Poorly
5233,q_1_main_0_30fps_frame0073.png,q_1_main_0_30fps_frame0073,Poorly
5233,q_1_main_0_30fps_frame0088.png,q_1_main_0_30fps_frame0088,Poorly
5233,q_20_main_0_30fps_frame0014.png,q_20_main_0_30fps_frame0014,Poorly
5233,q_20_main_0_30fps_frame0029.png,q_20_main_0_30fps_frame0029,Well
5233,q_20_main_0_30fps_frame0044.png,q_20_main_0_30fps_frame0044,Poorly
5233,q_20_main_0_30fps_frame0059.png,q_20_main_0_30fps_frame0059,Poorly
5233,q_20_main_0_30fps_frame0074.png,q_20_main_0_30fps_frame0074,Poorly
5233,q_20_main_0_30fps_frame0089.png,q_20_main_0_30fps_frame0089,Poorly
5233,q_21_main_1_30fps_frame0014.png,q_21_main_1_30fps_frame0014,Poorly
5233,q_21_main_1_30fps_frame0029.png,q_21_main_1_30fps_frame0029,Poorly
5233,q_21_main_1_30fps_frame0044.png,q_21_main_1_30fps_frame0044,Poorly
5233,q_21_main_1_30fps_frame0059.png,q_21_main_1_30fps_frame0059,Poorly
5233,q_21_main_1_30fps_frame0074.png,q_21_main_1_30fps_frame0074,Well
5233,q_21_main_1_30fps_frame0089.png,q_21_main_1_30fps_frame0089,Poorly
5233,q_23_main_1_30fps_frame0014.png,q_23_main_1_30fps_frame0014,Poorly
5233,q_23_main_1_30fps_frame0029.png,q_23_main_1_30fps_frame0029,Poorly
5233,q_23_main_1_30fps_frame0044.png,q_23_main_1_30fps_frame0044,Poorly
5233,q_23_main_1_30fps_frame0059.png,q_23_main_1_30fps_frame0059,Poorly
5233,q_23_main_1_30fps_frame0074.png,q_23_main_1_30fps_frame0074,Poorly
5233,q_23_main_1_30fps_frame0089.png,q_23_main_1_30fps_frame0089,Poorly
5233,q_25_main_0_30fps_frame0015.png,q_25_main_0_30fps_frame0015,Poorly
5233,q_25_main_0_30fps_frame0030.png,q_25_main_0_30fps_frame0030,Poorly
5233,q_25_main_0_30fps_frame0045.png,q_25_main_0_30fps_frame0045,Poorly
5233,q_25_main_0_30fps_frame0060.png,q_25_main_0_30fps_frame0060,Poorly
5233,q_25_main_0_30fps_frame0075.png,q_25_main_0_30fps_frame0075,Poorly
5233,q_25_main_0_30fps_frame0090.png,q_25_main_0_30fps_frame0090,Poorly
5233,q_26_main_1_30fps_frame0015.png,q_26_main_1_30fps_frame0015,Poorly
5233,q_26_main_1_30fps_frame0030.png,q_26_main_1_30fps_frame0030,Poorly
5233,q_26_main_1_30fps_frame0045.png,q_26_main_1_30fps_frame0045,Poorly
5233,q_26_main_1_30fps_frame0060.png,q_26_main_1_30fps_frame0060,Poorly
5233,q_26_main_1_30fps_frame0075.png,q_26_main_1_30fps_frame0075,Poorly
5233,q_26_main_1_30fps_frame0090.png,q_26_main_1_30fps_frame0090,Poorly
5233,q_27_main_0_30fps_frame0015.png,q_27_main_0_30fps_frame0015,Poorly
5233,q_27_main_0_30fps_frame0030.png,q_27_main_0_30fps_frame0030,Well
5233,q_27_main_0_30fps_frame0045.png,q_27_main_0_30fps_frame0045,Poorly
5233,q_27_main_0_30fps_frame0060.png,q_27_main_0_30fps_frame0060,Poorly
5233,q_27_main_0_30fps_frame0075.png,q_27_main_0_30fps_frame0075,Poorly
5233,q_27_main_0_30fps_frame0090.png,q_27_main_0_30fps_frame0090,Poorly
5233,q_3_main_1_30fps_frame0015.png,q_3_main_1_30fps_frame0015,Poorly
5233,q_3_main_1_30fps_frame0030.png,q_3_main_1_30fps_frame0030,Well
5233,q_3_main_1_30fps_frame0045.png,q_3_main_1_30fps_frame0045,Poorly
5233,q_3_main_1_30fps_frame0060.png,q_3_main_1_30fps_frame0060,Poorly
5233,q_3_main_1_30fps_frame0075.png,q_3_main_1_30fps_frame0075,Well
5233,q_3_main_1_30fps_frame0090.png,q_3_main_1_30fps_frame0090,Poorly
5233,q_4_main_1_30fps_frame0014.png,q_4_main_1_30fps_frame0014,Poorly
5233,q_4_main_1_30fps_frame0029.png,q_4_main_1_30fps_frame0029,Poorly
5233,q_4_main_1_30fps_frame0044.png,q_4_main_1_30fps_frame0044,Poorly
5233,q_4_main_1_30fps_frame0059.png,q_4_main_1_30fps_frame0059,Well
5233,q_4_main_1_30fps_frame0074.png,q_4_main_1_30fps_frame0074,Poorly
5233,q_4_main_1_30fps_frame0089.png,q_4_main_1_30fps_frame0089,Poorly
5233,q_8_main_1_30fps_frame0014.png,q_8_main_1_30fps_frame0014,Poorly
5233,q_8_main_1_30fps_frame0029.png,q_8_main_1_30fps_frame0029,Well
5233,q_8_main_1_30fps_frame0044.png,q_8_main_1_30fps_frame0044,Poorly
5233,q_8_main_1_30fps_frame0059.png,q_8_main_1_30fps_frame0059,Poorly
5233,q_8_main_1_30fps_frame0074.png,q_8_main_1_30fps_frame0074,Well
5233,q_8_main_1_30fps_frame0089.png,q_8_main_1_30fps_frame0089,Poorly
5233,q_warmup_3_main_1_30fps_frame0013.png,q_warmup_3_main_1_30fps_frame0013,Poorly
5233,q_warmup_3_main_1_30fps_frame0028.png,q_warmup_3_main_1_30fps_frame0028,Well
5233,q_warmup_3_main_1_30fps_frame0043.png,q_warmup_3_main_1_30fps_frame0043,Poorly
5233,q_warmup_3_main_1_30fps_frame0058.png,q_warmup_3_main_1_30fps_frame0058,Poorly
5233,q_warmup_3_main_1_30fps_frame0073.png,q_warmup_3_main_1_30fps_frame0073,Well
5233,q_warmup_3_main_1_30fps_frame0088.png,q_warmup_3_main_1_30fps_frame0088,Poorly
5233,q_warmup_4_main_0_30fps_frame0015.png,q_warmup_4_main_0_30fps_frame0015,Poorly
5233,q_warmup_4_main_0_30fps_frame0030.png,q_warmup_4_main_0_30fps_frame0030,Poorly
5233,q_warmup_4_main_0_30fps_frame0045.png,q_warmup_4_main_0_30fps_frame0045,Poorly
5233,q_warmup_4_main_0_30fps_frame0060.png,q_warmup_4_main_0_30fps_frame0060,Poorly
5233,q_warmup_4_main_0_30fps_frame0075.png,q_warmup_4_main_0_30fps_frame0075,Poorly
5233,q_warmup_4_main_0_30fps_frame0090.png,q_warmup_4_main_0_30fps_frame0090,Poorly
5310,q_10_main_0_30fps_frame0014.png,q_10_main_0_30fps_frame0014,Poorly
5310,q_10_main_0_30fps_frame0029.png,q_10_main_0_30fps_frame0029,Poorly
5310,q_10_main_0_30fps_frame0044.png,q_10_main_0_30fps_frame0044,Poorly
5310,q_10_main_0_30fps_frame0059.png,q_10_main_0_30fps_frame0059,poorly
5310,q_10_main_0_30fps_frame0074.png,q_10_main_0_30fps_frame0074,Poorly
5310,q_10_main_0_30fps_frame0089.png,q_10_main_0_30fps_frame0089,Poorly
5310,q_12_main_1_30fps_frame0014.png,q_12_main_1_30fps_frame0014,Poorly
5310,q_12_main_1_30fps_frame0029.png,q_12_main_1_30fps_frame0029,Poorly
5310,q_12_main_1_30fps_frame0044.png,q_12_main_1_30fps_frame0044,Poorly
5310,q_12_main_1_30fps_frame0059.png,q_12_main_1_30fps_frame0059,Well
5310,q_12_main_1_30fps_frame0074.png,q_12_main_1_30fps_frame0074,Poorly
5310,q_12_main_1_30fps_frame0089.png,q_12_main_1_30fps_frame0089,poorly
5310,q_13_main_1_30fps_frame0015.png,q_13_main_1_30fps_frame0015,Poorly
5310,q_13_main_1_30fps_frame0030.png,q_13_main_1_30fps_frame0030,Poorly
5310,q_13_main_1_30fps_frame0045.png,q_13_main_1_30fps_frame0045,Poorly
5310,q_13_main_1_30fps_frame0060.png,q_13_main_1_30fps_frame0060,Poorly
5310,q_13_main_1_30fps_frame0075.png,q_13_main_1_30fps_frame0075,Poorly
5310,q_13_main_1_30fps_frame0090.png,q_13_main_1_30fps_frame0090,Poorly
5310,q_14_main_0_30fps_frame0015.png,q_14_main_0_30fps_frame0015,Poorly
5310,q_14_main_0_30fps_frame0030.png,q_14_main_0_30fps_frame0030,Poorly
5310,q_14_main_0_30fps_frame0045.png,q_14_main_0_30fps_frame0045,Poorly
5310,q_14_main_0_30fps_frame0060.png,q_14_main_0_30fps_frame0060,Poorly
5310,q_14_main_0_30fps_frame0075.png,q_14_main_0_30fps_frame0075,Poorly
5310,q_14_main_0_30fps_frame0090.png,q_14_main_0_30fps_frame0090,Well
5310,q_15_main_1_30fps_frame0015.png,q_15_main_1_30fps_frame0015,poorly
5310,q_15_main_1_30fps_frame0030.png,q_15_main_1_30fps_frame0030,Poorly
5310,q_15_main_1_30fps_frame0045.png,q_15_main_1_30fps_frame0045,Poorly
5310,q_15_main_1_30fps_frame0060.png,q_15_main_1_30fps_frame0060,Poorly
5310,q_15_main_1_30fps_frame0075.png,q_15_main_1_30fps_frame0075,poorly
5310,q_15_main_1_30fps_frame0090.png,q_15_main_1_30fps_frame0090,Poorly
5310,q_16_main_1_30fps_frame0014.png,q_16_main_1_30fps_frame0014,Poorly
5310,q_16_main_1_30fps_frame0029.png,q_16_main_1_30fps_frame0029,Poorly
5310,q_16_main_1_30fps_frame0044.png,q_16_main_1_30fps_frame0044,Poorly
5310,q_16_main_1_30fps_frame0059.png,q_16_main_1_30fps_frame0059,Poorly
5310,q_16_main_1_30fps_frame0074.png,q_16_main_1_30fps_frame0074,Poorly
5310,q_16_main_1_30fps_frame0089.png,q_16_main_1_30fps_frame0089,Poorly
5310,q_17_main_1_30fps_frame0015.png,q_17_main_1_30fps_frame0015,Poorly
5310,q_17_main_1_30fps_frame0030.png,q_17_main_1_30fps_frame0030,poorly
5310,q_17_main_1_30fps_frame0045.png,q_17_main_1_30fps_frame0045,Poorly
5310,q_17_main_1_30fps_frame0060.png,q_17_main_1_30fps_frame0060,Poorly
5310,q_17_main_1_30fps_frame0075.png,q_17_main_1_30fps_frame0075,Poorly
5310,q_17_main_1_30fps_frame0090.png,q_17_main_1_30fps_frame0090,poorly
5310,q_18_main_1_30fps_frame0014.png,q_18_main_1_30fps_frame0014,Poorly
5310,q_18_main_1_30fps_frame0029.png,q_18_main_1_30fps_frame0029,Poorly
5310,q_18_main_1_30fps_frame0044.png,q_18_main_1_30fps_frame0044,Poorly
5310,q_18_main_1_30fps_frame0059.png,q_18_main_1_30fps_frame0059,Poorly
5310,q_18_main_1_30fps_frame0074.png,q_18_main_1_30fps_frame0074,Poorly
5310,q_18_main_1_30fps_frame0089.png,q_18_main_1_30fps_frame0089,Poorly
5310,q_1_main_0_30fps_frame0015.png,q_1_main_0_30fps_frame0015,Poorly
5310,q_1_main_0_30fps_frame0030.png,q_1_main_0_30fps_frame0030,Poorly
5310,q_1_main_0_30fps_frame0045.png,q_1_main_0_30fps_frame0045,Poorly
5310,q_1_main_0_30fps_frame0060.png,q_1_main_0_30fps_frame0060,Poorly
5310,q_1_main_0_30fps_frame0075.png,q_1_main_0_30fps_frame0075,Poorly
5310,q_1_main_0_30fps_frame0090.png,q_1_main_0_30fps_frame0090,poorly
5310,q_21_main_1_30fps_frame0015.png,q_21_main_1_30fps_frame0015,Poorly
5310,q_21_main_1_30fps_frame0030.png,q_21_main_1_30fps_frame0030,Poorly
5310,q_21_main_1_30fps_frame0045.png,q_21_main_1_30fps_frame0045,Poorly
5310,q_21_main_1_30fps_frame0060.png,q_21_main_1_30fps_frame0060,Poorly
5310,q_21_main_1_30fps_frame0075.png,q_21_main_1_30fps_frame0075,Poorly
5310,q_21_main_1_30fps_frame0090.png,q_21_main_1_30fps_frame0090,poorly
5310,q_24_main_1_30fps_frame0014.png,q_24_main_1_30fps_frame0014,poorly
5310,q_24_main_1_30fps_frame0029.png,q_24_main_1_30fps_frame0029,Well
5310,q_24_main_1_30fps_frame0044.png,q_24_main_1_30fps_frame0044,Poorly
5310,q_24_main_1_30fps_frame0059.png,q_24_main_1_30fps_frame0059,Poorly
5310,q_24_main_1_30fps_frame0074.png,q_24_main_1_30fps_frame0074,Poorly
5310,q_24_main_1_30fps_frame0089.png,q_24_main_1_30fps_frame0089,Poorly
5310,q_25_main_0_30fps_frame0014.png,q_25_main_0_30fps_frame0014,Poorly
5310,q_25_main_0_30fps_frame0029.png,q_25_main_0_30fps_frame0029,Poorly
5310,q_25_main_0_30fps_frame0044.png,q_25_main_0_30fps_frame0044,Poorly
5310,q_25_main_0_30fps_frame0059.png,q_25_main_0_30fps_frame0059,Poorly
5310,q_25_main_0_30fps_frame0074.png,q_25_main_0_30fps_frame0074,Poorly
5310,q_25_main_0_30fps_frame0089.png,q_25_main_0_30fps_frame0089,Poorly
5310,q_27_main_1_30fps_frame0014.png,q_27_main_1_30fps_frame0014,Poorly
5310,q_27_main_1_30fps_frame0029.png,q_27_main_1_30fps_frame0029,Poorly
5310,q_27_main_1_30fps_frame0044.png,q_27_main_1_30fps_frame0044,Poorly
5310,q_27_main_1_30fps_frame0059.png,q_27_main_1_30fps_frame0059,Poorly
5310,q_27_main_1_30fps_frame0074.png,q_27_main_1_30fps_frame0074,poorly
5310,q_27_main_1_30fps_frame0089.png,q_27_main_1_30fps_frame0089,Poorly
5310,q_28_main_0_30fps_frame0014.png,q_28_main_0_30fps_frame0014,Poorly
5310,q_28_main_0_30fps_frame0029.png,q_28_main_0_30fps_frame0029,Poorly
5310,q_28_main_0_30fps_frame0044.png,q_28_main_0_30fps_frame0044,Poorly
5310,q_28_main_0_30fps_frame0059.png,q_28_main_0_30fps_frame0059,Poorly
5310,q_28_main_0_30fps_frame0074.png,q_28_main_0_30fps_frame0074,Poorly
5310,q_28_main_0_30fps_frame0089.png,q_28_main_0_30fps_frame0089,Poorly
5310,q_2_main_1_30fps_frame0015.png,q_2_main_1_30fps_frame0015,poorly
5310,q_2_main_1_30fps_frame0030.png,q_2_main_1_30fps_frame0030,Poorly
5310,q_2_main_1_30fps_frame0045.png,q_2_main_1_30fps_frame0045,Well
5310,q_2_main_1_30fps_frame0060.png,q_2_main_1_30fps_frame0060,Well
5310,q_2_main_1_30fps_frame0075.png,q_2_main_1_30fps_frame0075,Well
5310,q_2_main_1_30fps_frame0090.png,q_2_main_1_30fps_frame0090,Well
5310,q_3_main_1_30fps_frame0014.png,q_3_main_1_30fps_frame0014,poorly
5310,q_3_main_1_30fps_frame0029.png,q_3_main_1_30fps_frame0029,poorly
5310,q_3_main_1_30fps_frame0044.png,q_3_main_1_30fps_frame0044,poorly
5310,q_3_main_1_30fps_frame0059.png,q_3_main_1_30fps_frame0059,Well
5310,q_3_main_1_30fps_frame0074.png,q_3_main_1_30fps_frame0074,Poorly
5310,q_3_main_1_30fps_frame0089.png,q_3_main_1_30fps_frame0089,Poorly
5310,q_7_main_1_30fps_frame0014.png,q_7_main_1_30fps_frame0014,Poorly
5310,q_7_main_1_30fps_frame0029.png,q_7_main_1_30fps_frame0029,Poorly
5310,q_7_main_1_30fps_frame0044.png,q_7_main_1_30fps_frame0044,Well
5310,q_7_main_1_30fps_frame0059.png,q_7_main_1_30fps_frame0059,Poorly
5310,q_7_main_1_30fps_frame0074.png,q_7_main_1_30fps_frame0074,Poorly
5310,q_7_main_1_30fps_frame0089.png,q_7_main_1_30fps_frame0089,Poorly
5310,q_9_main_1_30fps_frame0014.png,q_9_main_1_30fps_frame0014,Poorly
5310,q_9_main_1_30fps_frame0029.png,q_9_main_1_30fps_frame0029,Poorly
5310,q_9_main_1_30fps_frame0044.png,q_9_main_1_30fps_frame0044,Poorly
5310,q_9_main_1_30fps_frame0059.png,q_9_main_1_30fps_frame0059,Poorly
5310,q_9_main_1_30fps_frame0074.png,q_9_main_1_30fps_frame0074,Poorly
5310,q_9_main_1_30fps_frame0089.png,q_9_main_1_30fps_frame0089,Poorly
5310,q_warmup_3_main_1_30fps_frame0015.png,q_warmup_3_main_1_30fps_frame0015,Well
5310,q_warmup_3_main_1_30fps_frame0030.png,q_warmup_3_main_1_30fps_frame0030,Well
5310,q_warmup_3_main_1_30fps_frame0045.png,q_warmup_3_main_1_30fps_frame0045,Well
5310,q_warmup_3_main_1_30fps_frame0060.png,q_warmup_3_main_1_30fps_frame0060,Well
5310,q_warmup_3_main_1_30fps_frame0075.png,q_warmup_3_main_1_30fps_frame0075,Well
5310,q_warmup_3_main_1_30fps_frame0090.png,q_warmup_3_main_1_30fps_frame0090,Well
5310,q_warmup_5_main_1_30fps_frame0015.png,q_warmup_5_main_1_30fps_frame0015,Poorly
5310,q_warmup_5_main_1_30fps_frame0030.png,q_warmup_5_main_1_30fps_frame0030,Poorly
5310,q_warmup_5_main_1_30fps_frame0045.png,q_warmup_5_main_1_30fps_frame0045,Poorly
5310,q_warmup_5_main_1_30fps_frame0060.png,q_warmup_5_main_1_30fps_frame0060,Poorly
5310,q_warmup_5_main_1_30fps_frame0075.png,q_warmup_5_main_1_30fps_frame0075,Poorly
5310,q_warmup_5_main_1_30fps_frame0090.png,q_warmup_5_main_1_30fps_frame0090,Poorly
5702,q_10_main_0_30fps_frame0015.png,q_10_main_0_30fps_frame0015,Well
5702,q_10_main_0_30fps_frame0030.png,q_10_main_0_30fps_frame0030,Poorly
5702,q_10_main_0_30fps_frame0045.png,q_10_main_0_30fps_frame0045,Poorly
5702,q_10_main_0_30fps_frame0060.png,q_10_main_0_30fps_frame0060,Well
5702,q_10_main_0_30fps_frame0075.png,q_10_main_0_30fps_frame0075,Poorly
5702,q_10_main_0_30fps_frame0090.png,q_10_main_0_30fps_frame0090,Poorly
5702,q_11_main_1_30fps_frame0015.png,q_11_main_1_30fps_frame0015,poorly
5702,q_11_main_1_30fps_frame0030.png,q_11_main_1_30fps_frame0030,poorly
5702,q_11_main_1_30fps_frame0045.png,q_11_main_1_30fps_frame0045,poorly
5702,q_11_main_1_30fps_frame0060.png,q_11_main_1_30fps_frame0060,poorly
5702,q_11_main_1_30fps_frame0075.png,q_11_main_1_30fps_frame0075,poorly
5702,q_11_main_1_30fps_frame0090.png,q_11_main_1_30fps_frame0090,poorly
5702,q_14_main_0_30fps_frame0015.png,q_14_main_0_30fps_frame0015,Poorly
5702,q_14_main_0_30fps_frame0030.png,q_14_main_0_30fps_frame0030,Poorly
5702,q_14_main_0_30fps_frame0045.png,q_14_main_0_30fps_frame0045,Well
5702,q_14_main_0_30fps_frame0060.png,q_14_main_0_30fps_frame0060,Well
5702,q_14_main_0_30fps_frame0075.png,q_14_main_0_30fps_frame0075,Poorly
5702,q_14_main_0_30fps_frame0090.png,q_14_main_0_30fps_frame0090,Well
5702,q_15_main_1_30fps_frame0014.png,q_15_main_1_30fps_frame0014,poorly
5702,q_15_main_1_30fps_frame0029.png,q_15_main_1_30fps_frame0029,poorly
5702,q_15_main_1_30fps_frame0044.png,q_15_main_1_30fps_frame0044,poorly
5702,q_15_main_1_30fps_frame0059.png,q_15_main_1_30fps_frame0059,well
5702,q_15_main_1_30fps_frame0074.png,q_15_main_1_30fps_frame0074,poorly
5702,q_15_main_1_30fps_frame0089.png,q_15_main_1_30fps_frame0089,poorly
5702,q_16_main_1_30fps_frame0013.png,q_16_main_1_30fps_frame0013,Well
5702,q_16_main_1_30fps_frame0028.png,q_16_main_1_30fps_frame0028,Well
5702,q_16_main_1_30fps_frame0043.png,q_16_main_1_30fps_frame0043,Poorly
5702,q_16_main_1_30fps_frame0058.png,q_16_main_1_30fps_frame0058,Poorly
5702,q_16_main_1_30fps_frame0073.png,q_16_main_1_30fps_frame0073,Poorly
5702,q_16_main_1_30fps_frame0088.png,q_16_main_1_30fps_frame0088,Poorly
5702,q_17_main_1_30fps_frame0013.png,q_17_main_1_30fps_frame0013,Well
5702,q_17_main_1_30fps_frame0028.png,q_17_main_1_30fps_frame0028,Well
5702,q_17_main_1_30fps_frame0043.png,q_17_main_1_30fps_frame0043,Poorly
5702,q_17_main_1_30fps_frame0058.png,q_17_main_1_30fps_frame0058,Poorly
5702,q_17_main_1_30fps_frame0073.png,q_17_main_1_30fps_frame0073,Well
5702,q_17_main_1_30fps_frame0088.png,q_17_main_1_30fps_frame0088,Poorly
5702,q_18_main_0_30fps_frame0015.png,q_18_main_0_30fps_frame0015,Poorly
5702,q_18_main_0_30fps_frame0030.png,q_18_main_0_30fps_frame0030,Well
5702,q_18_main_0_30fps_frame0045.png,q_18_main_0_30fps_frame0045,Poorly
5702,q_18_main_0_30fps_frame0060.png,q_18_main_0_30fps_frame0060,Poorly
5702,q_18_main_0_30fps_frame0075.png,q_18_main_0_30fps_frame0075,Poorly
5702,q_18_main_0_30fps_frame0090.png,q_18_main_0_30fps_frame0090,Well
5702,q_19_main_1_30fps_frame0015.png,q_19_main_1_30fps_frame0015,poorly
5702,q_19_main_1_30fps_frame0030.png,q_19_main_1_30fps_frame0030,well
5702,q_19_main_1_30fps_frame0045.png,q_19_main_1_30fps_frame0045,poorly
5702,q_19_main_1_30fps_frame0060.png,q_19_main_1_30fps_frame0060,poorly
5702,q_19_main_1_30fps_frame0075.png,q_19_main_1_30fps_frame0075,poorly
5702,q_19_main_1_30fps_frame0090.png,q_19_main_1_30fps_frame0090,poorly
5702,q_1_main_1_30fps_frame0015.png,q_1_main_1_30fps_frame0015,Poorly
5702,q_1_main_1_30fps_frame0030.png,q_1_main_1_30fps_frame0030,Well
5702,q_1_main_1_30fps_frame0045.png,q_1_main_1_30fps_frame0045,Poorly
5702,q_1_main_1_30fps_frame0060.png,q_1_main_1_30fps_frame0060,Poorly
5702,q_1_main_1_30fps_frame0075.png,q_1_main_1_30fps_frame0075,Poorly
5702,q_1_main_1_30fps_frame0090.png,q_1_main_1_30fps_frame0090,Poorly
5702,q_20_main_0_30fps_frame0015.png,q_20_main_0_30fps_frame0015,Poorly
5702,q_20_main_0_30fps_frame0030.png,q_20_main_0_30fps_frame0030,Well
5702,q_20_main_0_30fps_frame0045.png,q_20_main_0_30fps_frame0045,Well
5702,q_20_main_0_30fps_frame0060.png,q_20_main_0_30fps_frame0060,Well
5702,q_20_main_0_30fps_frame0075.png,q_20_main_0_30fps_frame0075,Poorly
5702,q_20_main_0_30fps_frame0090.png,q_20_main_0_30fps_frame0090,Well
5702,q_21_main_0_30fps_frame0013.png,q_21_main_0_30fps_frame0013,poorly
5702,q_21_main_0_30fps_frame0028.png,q_21_main_0_30fps_frame0028,poorly
5702,q_21_main_0_30fps_frame0043.png,q_21_main_0_30fps_frame0043,poorly
5702,q_21_main_0_30fps_frame0058.png,q_21_main_0_30fps_frame0058,poorly
5702,q_21_main_0_30fps_frame0073.png,q_21_main_0_30fps_frame0073,poorly
5702,q_21_main_0_30fps_frame0088.png,q_21_main_0_30fps_frame0088,poorly
5702,q_22_main_0_30fps_frame0015.png,q_22_main_0_30fps_frame0015,poorly
5702,q_22_main_0_30fps_frame0030.png,q_22_main_0_30fps_frame0030,well
5702,q_22_main_0_30fps_frame0045.png,q_22_main_0_30fps_frame0045,well
5702,q_22_main_0_30fps_frame0060.png,q_22_main_0_30fps_frame0060,poorly
5702,q_22_main_0_30fps_frame0075.png,q_22_main_0_30fps_frame0075,well
5702,q_22_main_0_30fps_frame0090.png,q_22_main_0_30fps_frame0090,well
5702,q_23_main_0_30fps_frame0013.png,q_23_main_0_30fps_frame0013,poorly
5702,q_23_main_0_30fps_frame0028.png,q_23_main_0_30fps_frame0028,poorly
5702,q_23_main_0_30fps_frame0043.png,q_23_main_0_30fps_frame0043,poorly
5702,q_23_main_0_30fps_frame0058.png,q_23_main_0_30fps_frame0058,poorly
5702,q_23_main_0_30fps_frame0073.png,q_23_main_0_30fps_frame0073,poorly
5702,q_23_main_0_30fps_frame0088.png,q_23_main_0_30fps_frame0088,well
5702,q_25_main_0_30fps_frame0014.png,q_25_main_0_30fps_frame0014,Well
5702,q_25_main_0_30fps_frame0029.png,q_25_main_0_30fps_frame0029,Poorly
5702,q_25_main_0_30fps_frame0044.png,q_25_main_0_30fps_frame0044,Well
5702,q_25_main_0_30fps_frame0059.png,q_25_main_0_30fps_frame0059,Poorly
5702,q_25_main_0_30fps_frame0074.png,q_25_main_0_30fps_frame0074,Poorly
5702,q_25_main_0_30fps_frame0089.png,q_25_main_0_30fps_frame0089,Well
5702,q_3_main_1_30fps_frame0014.png,q_3_main_1_30fps_frame0014,Well
5702,q_3_main_1_30fps_frame0029.png,q_3_main_1_30fps_frame0029,Poorly
5702,q_3_main_1_30fps_frame0044.png,q_3_main_1_30fps_frame0044,Well
5702,q_3_main_1_30fps_frame0059.png,q_3_main_1_30fps_frame0059,Well
5702,q_3_main_1_30fps_frame0074.png,q_3_main_1_30fps_frame0074,Well
5702,q_3_main_1_30fps_frame0089.png,q_3_main_1_30fps_frame0089,Well
5702,q_7_main_1_30fps_frame0014.png,q_7_main_1_30fps_frame0014,Well
5702,q_7_main_1_30fps_frame0029.png,q_7_main_1_30fps_frame0029,Poorly
5702,q_7_main_1_30fps_frame0044.png,q_7_main_1_30fps_frame0044,Poorly
5702,q_7_main_1_30fps_frame0059.png,q_7_main_1_30fps_frame0059,Well
5702,q_7_main_1_30fps_frame0074.png,q_7_main_1_30fps_frame0074,Poorly
5702,q_7_main_1_30fps_frame0089.png,q_7_main_1_30fps_frame0089,Well
5702,q_8_main_0_30fps_frame0015.png,q_8_main_0_30fps_frame0015,Well
5702,q_8_main_0_30fps_frame0030.png,q_8_main_0_30fps_frame0030,Well
5702,q_8_main_0_30fps_frame0045.png,q_8_main_0_30fps_frame0045,Poorly
5702,q_8_main_0_30fps_frame0060.png,q_8_main_0_30fps_frame0060,Well
5702,q_8_main_0_30fps_frame0075.png,q_8_main_0_30fps_frame0075,Poorly
5702,q_8_main_0_30fps_frame0090.png,q_8_main_0_30fps_frame0090,Poorly
5702,q_9_main_1_30fps_frame0014.png,q_9_main_1_30fps_frame0014,poorly
5702,q_9_main_1_30fps_frame0029.png,q_9_main_1_30fps_frame0029,poorly
5702,q_9_main_1_30fps_frame0044.png,q_9_main_1_30fps_frame0044,well
5702,q_9_main_1_30fps_frame0059.png,q_9_main_1_30fps_frame0059,poorly
5702,q_9_main_1_30fps_frame0074.png,q_9_main_1_30fps_frame0074,poorly
5702,q_9_main_1_30fps_frame0089.png,q_9_main_1_30fps_frame0089,poorly
5702,q_warmup_3_main_1_30fps_frame0015.png,q_warmup_3_main_1_30fps_frame0015,poorly
5702,q_warmup_3_main_1_30fps_frame0030.png,q_warmup_3_main_1_30fps_frame0030,poorly
5702,q_warmup_3_main_1_30fps_frame0045.png,q_warmup_3_main_1_30fps_frame0045,poorly
5702,q_warmup_3_main_1_30fps_frame0060.png,q_warmup_3_main_1_30fps_frame0060,poorly
5702,q_warmup_3_main_1_30fps_frame0075.png,q_warmup_3_main_1_30fps_frame0075,well
5702,q_warmup_3_main_1_30fps_frame0090.png,q_warmup_3_main_1_30fps_frame0090,well
6488,q_12_main_0_30fps_frame0014.png,q_12_main_0_30fps_frame0014,Poorly
6488,q_12_main_0_30fps_frame0029.png,q_12_main_0_30fps_frame0029,Poorly
6488,q_12_main_0_30fps_frame0044.png,q_12_main_0_30fps_frame0044,Well
6488,q_12_main_0_30fps_frame0059.png,q_12_main_0_30fps_frame0059,Poorly
6488,q_12_main_0_30fps_frame0074.png,q_12_main_0_30fps_frame0074,Poorly
6488,q_12_main_0_30fps_frame0089.png,q_12_main_0_30fps_frame0089,Poorly
6488,q_14_main_1_30fps_frame0014.png,q_14_main_1_30fps_frame0014,Well
6488,q_14_main_1_30fps_frame0029.png,q_14_main_1_30fps_frame0029,Poorly
6488,q_14_main_1_30fps_frame0044.png,q_14_main_1_30fps_frame0044,Well
6488,q_14_main_1_30fps_frame0059.png,q_14_main_1_30fps_frame0059,Well
6488,q_14_main_1_30fps_frame0074.png,q_14_main_1_30fps_frame0074,Well
6488,q_14_main_1_30fps_frame0089.png,q_14_main_1_30fps_frame0089,Well
6488,q_16_main_1_30fps_frame0015.png,q_16_main_1_30fps_frame0015,Well
6488,q_16_main_1_30fps_frame0030.png,q_16_main_1_30fps_frame0030,Well
6488,q_16_main_1_30fps_frame0045.png,q_16_main_1_30fps_frame0045,Well
6488,q_16_main_1_30fps_frame0060.png,q_16_main_1_30fps_frame0060,Well
6488,q_16_main_1_30fps_frame0075.png,q_16_main_1_30fps_frame0075,Well
6488,q_16_main_1_30fps_frame0090.png,q_16_main_1_30fps_frame0090,Well
6488,q_18_main_0_30fps_frame0014.png,q_18_main_0_30fps_frame0014,Poorly
6488,q_18_main_0_30fps_frame0029.png,q_18_main_0_30fps_frame0029,Poorly
6488,q_18_main_0_30fps_frame0044.png,q_18_main_0_30fps_frame0044,Poorly
6488,q_18_main_0_30fps_frame0059.png,q_18_main_0_30fps_frame0059,Poorly
6488,q_18_main_0_30fps_frame0074.png,q_18_main_0_30fps_frame0074,Poorly
6488,q_18_main_0_30fps_frame0089.png,q_18_main_0_30fps_frame0089,Poorly
6488,q_19_main_0_30fps_frame0015.png,q_19_main_0_30fps_frame0015,Poorly
6488,q_19_main_0_30fps_frame0030.png,q_19_main_0_30fps_frame0030,Well
6488,q_19_main_0_30fps_frame0045.png,q_19_main_0_30fps_frame0045,Well
6488,q_19_main_0_30fps_frame0060.png,q_19_main_0_30fps_frame0060,Poorly
6488,q_19_main_0_30fps_frame0075.png,q_19_main_0_30fps_frame0075,Well
6488,q_19_main_0_30fps_frame0090.png,q_19_main_0_30fps_frame0090,Well
6488,q_1_main_1_30fps_frame0014.png,q_1_main_1_30fps_frame0014,Poorly
6488,q_1_main_1_30fps_frame0029.png,q_1_main_1_30fps_frame0029,Poorly
6488,q_1_main_1_30fps_frame0044.png,q_1_main_1_30fps_frame0044,Poorly
6488,q_1_main_1_30fps_frame0059.png,q_1_main_1_30fps_frame0059,Poorly
6488,q_1_main_1_30fps_frame0074.png,q_1_main_1_30fps_frame0074,Poorly
6488,q_1_main_1_30fps_frame0089.png,q_1_main_1_30fps_frame0089,Poorly
6488,q_20_main_0_30fps_frame0015.png,q_20_main_0_30fps_frame0015,Poorly
6488,q_20_main_0_30fps_frame0030.png,q_20_main_0_30fps_frame0030,Poorly
6488,q_20_main_0_30fps_frame0045.png,q_20_main_0_30fps_frame0045,Poorly
6488,q_20_main_0_30fps_frame0060.png,q_20_main_0_30fps_frame0060,Well
6488,q_20_main_0_30fps_frame0075.png,q_20_main_0_30fps_frame0075,Well
6488,q_20_main_0_30fps_frame0090.png,q_20_main_0_30fps_frame0090,Poorly
6488,q_22_main_0_30fps_frame0014.png,q_22_main_0_30fps_frame0014,Poorly
6488,q_22_main_0_30fps_frame0029.png,q_22_main_0_30fps_frame0029,Well
6488,q_22_main_0_30fps_frame0044.png,q_22_main_0_30fps_frame0044,Poorly
6488,q_22_main_0_30fps_frame0059.png,q_22_main_0_30fps_frame0059,Poorly
6488,q_22_main_0_30fps_frame0074.png,q_22_main_0_30fps_frame0074,Poorly
6488,q_22_main_0_30fps_frame0089.png,q_22_main_0_30fps_frame0089,Poorly
6488,q_25_main_0_30fps_frame0015.png,q_25_main_0_30fps_frame0015,Poorly
6488,q_25_main_0_30fps_frame0030.png,q_25_main_0_30fps_frame0030,Poorly
6488,q_25_main_0_30fps_frame0045.png,q_25_main_0_30fps_frame0045,Poorly
6488,q_25_main_0_30fps_frame0060.png,q_25_main_0_30fps_frame0060,Well
6488,q_25_main_0_30fps_frame0075.png,q_25_main_0_30fps_frame0075,Poorly
6488,q_25_main_0_30fps_frame0090.png,q_25_main_0_30fps_frame0090,Well
6488,q_26_main_0_30fps_frame0014.png,q_26_main_0_30fps_frame0014,Poorly
6488,q_26_main_0_30fps_frame0029.png,q_26_main_0_30fps_frame0029,Poorly
6488,q_26_main_0_30fps_frame0044.png,q_26_main_0_30fps_frame0044,Poorly
6488,q_26_main_0_30fps_frame0059.png,q_26_main_0_30fps_frame0059,Poorly
6488,q_26_main_0_30fps_frame0074.png,q_26_main_0_30fps_frame0074,Poorly
6488,q_26_main_0_30fps_frame0089.png,q_26_main_0_30fps_frame0089,Poorly
6488,q_28_main_0_30fps_frame0014.png,q_28_main_0_30fps_frame0014,Well
6488,q_28_main_0_30fps_frame0029.png,q_28_main_0_30fps_frame0029,Well
6488,q_28_main_0_30fps_frame0044.png,q_28_main_0_30fps_frame0044,Well
6488,q_28_main_0_30fps_frame0059.png,q_28_main_0_30fps_frame0059,Poorly
6488,q_28_main_0_30fps_frame0074.png,q_28_main_0_30fps_frame0074,Well
6488,q_28_main_0_30fps_frame0089.png,q_28_main_0_30fps_frame0089,Well
6488,q_29_main_0_30fps_frame0014.png,q_29_main_0_30fps_frame0014,Poorly
6488,q_29_main_0_30fps_frame0029.png,q_29_main_0_30fps_frame0029,Poorly
6488,q_29_main_0_30fps_frame0044.png,q_29_main_0_30fps_frame0044,Poorly
6488,q_29_main_0_30fps_frame0059.png,q_29_main_0_30fps_frame0059,Poorly
6488,q_29_main_0_30fps_frame0074.png,q_29_main_0_30fps_frame0074,Poorly
6488,q_29_main_0_30fps_frame0089.png,q_29_main_0_30fps_frame0089,Poorly
6488,q_30_main_0_30fps_frame0015.png,q_30_main_0_30fps_frame0015,Poorly
6488,q_30_main_0_30fps_frame0030.png,q_30_main_0_30fps_frame0030,Poorly
6488,q_30_main_0_30fps_frame0045.png,q_30_main_0_30fps_frame0045,Poorly
6488,q_30_main_0_30fps_frame0060.png,q_30_main_0_30fps_frame0060,Poorly
6488,q_30_main_0_30fps_frame0075.png,q_30_main_0_30fps_frame0075,Poorly
6488,q_30_main_0_30fps_frame0090.png,q_30_main_0_30fps_frame0090,Poorly
6488,q_4_main_0_30fps_frame0014.png,q_4_main_0_30fps_frame0014,Poorly
6488,q_4_main_0_30fps_frame0029.png,q_4_main_0_30fps_frame0029,Poorly
6488,q_4_main_0_30fps_frame0044.png,q_4_main_0_30fps_frame0044,Poorly
6488,q_4_main_0_30fps_frame0059.png,q_4_main_0_30fps_frame0059,Poorly
6488,q_4_main_0_30fps_frame0074.png,q_4_main_0_30fps_frame0074,Poorly
6488,q_4_main_0_30fps_frame0089.png,q_4_main_0_30fps_frame0089,Poorly
6488,q_6_main_0_30fps_frame0015.png,q_6_main_0_30fps_frame0015,Poorly
6488,q_6_main_0_30fps_frame0030.png,q_6_main_0_30fps_frame0030,Poorly
6488,q_6_main_0_30fps_frame0045.png,q_6_main_0_30fps_frame0045,Poorly
6488,q_6_main_0_30fps_frame0060.png,q_6_main_0_30fps_frame0060,Well
6488,q_6_main_0_30fps_frame0075.png,q_6_main_0_30fps_frame0075,Poorly
6488,q_6_main_0_30fps_frame0090.png,q_6_main_0_30fps_frame0090,Poorly
6488,q_8_main_0_30fps_frame0015.png,q_8_main_0_30fps_frame0015,Poorly
6488,q_8_main_0_30fps_frame0030.png,q_8_main_0_30fps_frame0030,Poorly
6488,q_8_main_0_30fps_frame0045.png,q_8_main_0_30fps_frame0045,Poorly
6488,q_8_main_0_30fps_frame0060.png,q_8_main_0_30fps_frame0060,Poorly
6488,q_8_main_0_30fps_frame0075.png,q_8_main_0_30fps_frame0075,Poorly
6488,q_8_main_0_30fps_frame0090.png,q_8_main_0_30fps_frame0090,Well
6488,q_9_main_1_30fps_frame0014.png,q_9_main_1_30fps_frame0014,Poorly
6488,q_9_main_1_30fps_frame0029.png,q_9_main_1_30fps_frame0029,Well
6488,q_9_main_1_30fps_frame0044.png,q_9_main_1_30fps_frame0044,Well
6488,q_9_main_1_30fps_frame0059.png,q_9_main_1_30fps_frame0059,Well
6488,q_9_main_1_30fps_frame0074.png,q_9_main_1_30fps_frame0074,Poorly
6488,q_9_main_1_30fps_frame0089.png,q_9_main_1_30fps_frame0089,Well
6488,q_warmup_3_main_0_30fps_frame0015.png,q_warmup_3_main_0_30fps_frame0015,Poorly
6488,q_warmup_3_main_0_30fps_frame0030.png,q_warmup_3_main_0_30fps_frame0030,Well
6488,q_warmup_3_main_0_30fps_frame0045.png,q_warmup_3_main_0_30fps_frame0045,Poorly
6488,q_warmup_3_main_0_30fps_frame0060.png,q_warmup_3_main_0_30fps_frame0060,Poorly
6488,q_warmup_3_main_0_30fps_frame0075.png,q_warmup_3_main_0_30fps_frame0075,Poorly
6488,q_warmup_3_main_0_30fps_frame0090.png,q_warmup_3_main_0_30fps_frame0090,Poorly
6488,q_warmup_4_main_0_30fps_frame0014.png,q_warmup_4_main_0_30fps_frame0014,Poorly
6488,q_warmup_4_main_0_30fps_frame0029.png,q_warmup_4_main_0_30fps_frame0029,Poorly
6488,q_warmup_4_main_0_30fps_frame0044.png,q_warmup_4_main_0_30fps_frame0044,Well
6488,q_warmup_4_main_0_30fps_frame0059.png,q_warmup_4_main_0_30fps_frame0059,Poorly
6488,q_warmup_4_main_0_30fps_frame0074.png,q_warmup_4_main_0_30fps_frame0074,Poorly
6488,q_warmup_4_main_0_30fps_frame0089.png,q_warmup_4_main_0_30fps_frame0089,Poorly
6488,q_warmup_5_main_1_30fps_frame0015.png,q_warmup_5_main_1_30fps_frame0015,Poorly
6488,q_warmup_5_main_1_30fps_frame0030.png,q_warmup_5_main_1_30fps_frame0030,Well
6488,q_warmup_5_main_1_30fps_frame0045.png,q_warmup_5_main_1_30fps_frame0045,Well
6488,q_warmup_5_main_1_30fps_frame0060.png,q_warmup_5_main_1_30fps_frame0060,Well
6488,q_warmup_5_main_1_30fps_frame0075.png,q_warmup_5_main_1_30fps_frame0075,Well
6488,q_warmup_5_main_1_30fps_frame0090.png,q_warmup_5_main_1_30fps_frame0090,Well
7136,q_10_main_1_30fps_frame0015.png,q_10_main_1_30fps_frame0015,Poorly
7136,q_10_main_1_30fps_frame0030.png,q_10_main_1_30fps_frame0030,Well
7136,q_10_main_1_30fps_frame0045.png,q_10_main_1_30fps_frame0045,Well
7136,q_10_main_1_30fps_frame0060.png,q_10_main_1_30fps_frame0060,Poorly
7136,q_10_main_1_30fps_frame0075.png,q_10_main_1_30fps_frame0075,Well
7136,q_10_main_1_30fps_frame0090.png,q_10_main_1_30fps_frame0090,Well
7136,q_11_main_1_30fps_frame0014.png,q_11_main_1_30fps_frame0014,Well
7136,q_11_main_1_30fps_frame0029.png,q_11_main_1_30fps_frame0029,Poorly
7136,q_11_main_1_30fps_frame0044.png,q_11_main_1_30fps_frame0044,Well
7136,q_11_main_1_30fps_frame0059.png,q_11_main_1_30fps_frame0059,Poorly
7136,q_11_main_1_30fps_frame0074.png,q_11_main_1_30fps_frame0074,Well
7136,q_11_main_1_30fps_frame0089.png,q_11_main_1_30fps_frame0089,Poorly
7136,q_13_main_1_30fps_frame0014.png,q_13_main_1_30fps_frame0014,Poorly
7136,q_13_main_1_30fps_frame0029.png,q_13_main_1_30fps_frame0029,Poorly
7136,q_13_main_1_30fps_frame0044.png,q_13_main_1_30fps_frame0044,Poorly
7136,q_13_main_1_30fps_frame0059.png,q_13_main_1_30fps_frame0059,Poorly
7136,q_13_main_1_30fps_frame0074.png,q_13_main_1_30fps_frame0074,Well
7136,q_13_main_1_30fps_frame0089.png,q_13_main_1_30fps_frame0089,Well
7136,q_14_main_0_30fps_frame0014.png,q_14_main_0_30fps_frame0014,Well
7136,q_14_main_0_30fps_frame0029.png,q_14_main_0_30fps_frame0029,Well
7136,q_14_main_0_30fps_frame0044.png,q_14_main_0_30fps_frame0044,Well
7136,q_14_main_0_30fps_frame0059.png,q_14_main_0_30fps_frame0059,Poorly
7136,q_14_main_0_30fps_frame0074.png,q_14_main_0_30fps_frame0074,Poorly
7136,q_14_main_0_30fps_frame0089.png,q_14_main_0_30fps_frame0089,Well
7136,q_15_main_1_30fps_frame0014.png,q_15_main_1_30fps_frame0014,Poorly
7136,q_15_main_1_30fps_frame0029.png,q_15_main_1_30fps_frame0029,Well
7136,q_15_main_1_30fps_frame0044.png,q_15_main_1_30fps_frame0044,Poorly
7136,q_15_main_1_30fps_frame0059.png,q_15_main_1_30fps_frame0059,Well
7136,q_15_main_1_30fps_frame0074.png,q_15_main_1_30fps_frame0074,Well
7136,q_15_main_1_30fps_frame0089.png,q_15_main_1_30fps_frame0089,Well
7136,q_17_main_1_30fps_frame0014.png,q_17_main_1_30fps_frame0014,Well
7136,q_17_main_1_30fps_frame0029.png,q_17_main_1_30fps_frame0029,Well
7136,q_17_main_1_30fps_frame0044.png,q_17_main_1_30fps_frame0044,Poorly
7136,q_17_main_1_30fps_frame0059.png,q_17_main_1_30fps_frame0059,Well
7136,q_17_main_1_30fps_frame0074.png,q_17_main_1_30fps_frame0074,Poorly
7136,q_17_main_1_30fps_frame0089.png,q_17_main_1_30fps_frame0089,Poorly
7136,q_18_main_1_30fps_frame0015.png,q_18_main_1_30fps_frame0015,Poorly
7136,q_18_main_1_30fps_frame0030.png,q_18_main_1_30fps_frame0030,Well
7136,q_18_main_1_30fps_frame0045.png,q_18_main_1_30fps_frame0045,Well
7136,q_18_main_1_30fps_frame0060.png,q_18_main_1_30fps_frame0060,Poorly
7136,q_18_main_1_30fps_frame0075.png,q_18_main_1_30fps_frame0075,Well
7136,q_18_main_1_30fps_frame0090.png,q_18_main_1_30fps_frame0090,Well
7136,q_19_main_0_30fps_frame0015.png,q_19_main_0_30fps_frame0015,Well
7136,q_19_main_0_30fps_frame0030.png,q_19_main_0_30fps_frame0030,Well
7136,q_19_main_0_30fps_frame0045.png,q_19_main_0_30fps_frame0045,Well
7136,q_19_main_0_30fps_frame0060.png,q_19_main_0_30fps_frame0060,Well
7136,q_19_main_0_30fps_frame0075.png,q_19_main_0_30fps_frame0075,Well
7136,q_19_main_0_30fps_frame0090.png,q_19_main_0_30fps_frame0090,Well
7136,q_20_main_0_30fps_frame0015.png,q_20_main_0_30fps_frame0015,Poorly
7136,q_20_main_0_30fps_frame0030.png,q_20_main_0_30fps_frame0030,Well
7136,q_20_main_0_30fps_frame0045.png,q_20_main_0_30fps_frame0045,Well
7136,q_20_main_0_30fps_frame0060.png,q_20_main_0_30fps_frame0060,Well
7136,q_20_main_0_30fps_frame0075.png,q_20_main_0_30fps_frame0075,Well
7136,q_20_main_0_30fps_frame0090.png,q_20_main_0_30fps_frame0090,Poorly
7136,q_21_main_0_30fps_frame0014.png,q_21_main_0_30fps_frame0014,Poorly
7136,q_21_main_0_30fps_frame0029.png,q_21_main_0_30fps_frame0029,Poorly
7136,q_21_main_0_30fps_frame0044.png,q_21_main_0_30fps_frame0044,Poorly
7136,q_21_main_0_30fps_frame0059.png,q_21_main_0_30fps_frame0059,Poorly
7136,q_21_main_0_30fps_frame0074.png,q_21_main_0_30fps_frame0074,Well
7136,q_21_main_0_30fps_frame0089.png,q_21_main_0_30fps_frame0089,Well
7136,q_22_main_1_30fps_frame0014.png,q_22_main_1_30fps_frame0014,Well
7136,q_22_main_1_30fps_frame0029.png,q_22_main_1_30fps_frame0029,Poorly
7136,q_22_main_1_30fps_frame0044.png,q_22_main_1_30fps_frame0044,Well
7136,q_22_main_1_30fps_frame0059.png,q_22_main_1_30fps_frame0059,Poorly
7136,q_22_main_1_30fps_frame0074.png,q_22_main_1_30fps_frame0074,Poorly
7136,q_22_main_1_30fps_frame0089.png,q_22_main_1_30fps_frame0089,Poorly
7136,q_26_main_0_30fps_frame0014.png,q_26_main_0_30fps_frame0014,Well
7136,q_26_main_0_30fps_frame0029.png,q_26_main_0_30fps_frame0029,Poorly
7136,q_26_main_0_30fps_frame0044.png,q_26_main_0_30fps_frame0044,Well
7136,q_26_main_0_30fps_frame0059.png,q_26_main_0_30fps_frame0059,Well
7136,q_26_main_0_30fps_frame0074.png,q_26_main_0_30fps_frame0074,Well
7136,q_26_main_0_30fps_frame0089.png,q_26_main_0_30fps_frame0089,Well
7136,q_29_main_0_30fps_frame0014.png,q_29_main_0_30fps_frame0014,Well
7136,q_29_main_0_30fps_frame0029.png,q_29_main_0_30fps_frame0029,Well
7136,q_29_main_0_30fps_frame0044.png,q_29_main_0_30fps_frame0044,Well
7136,q_29_main_0_30fps_frame0059.png,q_29_main_0_30fps_frame0059,Well
7136,q_29_main_0_30fps_frame0074.png,q_29_main_0_30fps_frame0074,Well
7136,q_29_main_0_30fps_frame0089.png,q_29_main_0_30fps_frame0089,Well
7136,q_2_main_1_30fps_frame0014.png,q_2_main_1_30fps_frame0014,Well
7136,q_2_main_1_30fps_frame0029.png,q_2_main_1_30fps_frame0029,Well
7136,q_2_main_1_30fps_frame0044.png,q_2_main_1_30fps_frame0044,Well
7136,q_2_main_1_30fps_frame0059.png,q_2_main_1_30fps_frame0059,Well
7136,q_2_main_1_30fps_frame0074.png,q_2_main_1_30fps_frame0074,Well
7136,q_2_main_1_30fps_frame0089.png,q_2_main_1_30fps_frame0089,Well
7136,q_3_main_1_30fps_frame0015.png,q_3_main_1_30fps_frame0015,Poorly
7136,q_3_main_1_30fps_frame0030.png,q_3_main_1_30fps_frame0030,Well
7136,q_3_main_1_30fps_frame0045.png,q_3_main_1_30fps_frame0045,Well
7136,q_3_main_1_30fps_frame0060.png,q_3_main_1_30fps_frame0060,Well
7136,q_3_main_1_30fps_frame0075.png,q_3_main_1_30fps_frame0075,Poorly
7136,q_3_main_1_30fps_frame0090.png,q_3_main_1_30fps_frame0090,Well
7136,q_4_main_1_30fps_frame0014.png,q_4_main_1_30fps_frame0014,Well
7136,q_4_main_1_30fps_frame0029.png,q_4_main_1_30fps_frame0029,Well
7136,q_4_main_1_30fps_frame0044.png,q_4_main_1_30fps_frame0044,Well
7136,q_4_main_1_30fps_frame0059.png,q_4_main_1_30fps_frame0059,Well
7136,q_4_main_1_30fps_frame0074.png,q_4_main_1_30fps_frame0074,Well
7136,q_4_main_1_30fps_frame0089.png,q_4_main_1_30fps_frame0089,Well
7136,q_9_main_0_30fps_frame0015.png,q_9_main_0_30fps_frame0015,Well
7136,q_9_main_0_30fps_frame0030.png,q_9_main_0_30fps_frame0030,Well
7136,q_9_main_0_30fps_frame0045.png,q_9_main_0_30fps_frame0045,Well
7136,q_9_main_0_30fps_frame0060.png,q_9_main_0_30fps_frame0060,Well
7136,q_9_main_0_30fps_frame0075.png,q_9_main_0_30fps_frame0075,Well
7136,q_9_main_0_30fps_frame0090.png,q_9_main_0_30fps_frame0090,Well
7136,q_warmup_5_main_1_30fps_frame0015.png,q_warmup_5_main_1_30fps_frame0015,Well
7136,q_warmup_5_main_1_30fps_frame0030.png,q_warmup_5_main_1_30fps_frame0030,Poorly
7136,q_warmup_5_main_1_30fps_frame0045.png,q_warmup_5_main_1_30fps_frame0045,Well
7136,q_warmup_5_main_1_30fps_frame0060.png,q_warmup_5_main_1_30fps_frame0060,Poorly
7136,q_warmup_5_main_1_30fps_frame0075.png,q_warmup_5_main_1_30fps_frame0075,Well
7136,q_warmup_5_main_1_30fps_frame0090.png,q_warmup_5_main_1_30fps_frame0090,Well
7782,q_12_main_0_30fps_frame0014.png,q_12_main_0_30fps_frame0014,Well
7782,q_12_main_0_30fps_frame0029.png,q_12_main_0_30fps_frame0029,Well
7782,q_12_main_0_30fps_frame0044.png,q_12_main_0_30fps_frame0044,Well
7782,q_12_main_0_30fps_frame0059.png,q_12_main_0_30fps_frame0059,Well
7782,q_12_main_0_30fps_frame0074.png,q_12_main_0_30fps_frame0074,Poorly
7782,q_12_main_0_30fps_frame0089.png,q_12_main_0_30fps_frame0089,Well
7782,q_14_main_0_30fps_frame0015.png,q_14_main_0_30fps_frame0015,Well
7782,q_14_main_0_30fps_frame0030.png,q_14_main_0_30fps_frame0030,Poorly
7782,q_14_main_0_30fps_frame0045.png,q_14_main_0_30fps_frame0045,Well
7782,q_14_main_0_30fps_frame0060.png,q_14_main_0_30fps_frame0060,Poorly
7782,q_14_main_0_30fps_frame0075.png,q_14_main_0_30fps_frame0075,Poorly
7782,q_14_main_0_30fps_frame0090.png,q_14_main_0_30fps_frame0090,Poorly
7782,q_15_main_1_30fps_frame0012.png,q_15_main_1_30fps_frame0012,Well
7782,q_15_main_1_30fps_frame0027.png,q_15_main_1_30fps_frame0027,Poorly
7782,q_15_main_1_30fps_frame0042.png,q_15_main_1_30fps_frame0042,Well
7782,q_15_main_1_30fps_frame0057.png,q_15_main_1_30fps_frame0057,Well
7782,q_15_main_1_30fps_frame0072.png,q_15_main_1_30fps_frame0072,Well
7782,q_15_main_1_30fps_frame0087.png,q_15_main_1_30fps_frame0087,Poorly
7782,q_19_main_0_30fps_frame0015.png,q_19_main_0_30fps_frame0015,Well
7782,q_19_main_0_30fps_frame0030.png,q_19_main_0_30fps_frame0030,Well
7782,q_19_main_0_30fps_frame0045.png,q_19_main_0_30fps_frame0045,Well
7782,q_19_main_0_30fps_frame0060.png,q_19_main_0_30fps_frame0060,Poorly
7782,q_19_main_0_30fps_frame0075.png,q_19_main_0_30fps_frame0075,Well
7782,q_19_main_0_30fps_frame0090.png,q_19_main_0_30fps_frame0090,Well
7782,q_1_main_0_30fps_frame0015.png,q_1_main_0_30fps_frame0015,Well
7782,q_1_main_0_30fps_frame0030.png,q_1_main_0_30fps_frame0030,Poorly
7782,q_1_main_0_30fps_frame0045.png,q_1_main_0_30fps_frame0045,Well
7782,q_1_main_0_30fps_frame0060.png,q_1_main_0_30fps_frame0060,Poorly
7782,q_1_main_0_30fps_frame0075.png,q_1_main_0_30fps_frame0075,Poorly
7782,q_1_main_0_30fps_frame0090.png,q_1_main_0_30fps_frame0090,Well
7782,q_21_main_0_30fps_frame0014.png,q_21_main_0_30fps_frame0014,Well
7782,q_21_main_0_30fps_frame0029.png,q_21_main_0_30fps_frame0029,Well
7782,q_21_main_0_30fps_frame0044.png,q_21_main_0_30fps_frame0044,Well
7782,q_21_main_0_30fps_frame0059.png,q_21_main_0_30fps_frame0059,Well
7782,q_21_main_0_30fps_frame0074.png,q_21_main_0_30fps_frame0074,Well
7782,q_21_main_0_30fps_frame0089.png,q_21_main_0_30fps_frame0089,Well
7782,q_22_main_0_30fps_frame0014.png,q_22_main_0_30fps_frame0014,Well
7782,q_22_main_0_30fps_frame0029.png,q_22_main_0_30fps_frame0029,Well
7782,q_22_main_0_30fps_frame0044.png,q_22_main_0_30fps_frame0044,Well
7782,q_22_main_0_30fps_frame0059.png,q_22_main_0_30fps_frame0059,Well
7782,q_22_main_0_30fps_frame0074.png,q_22_main_0_30fps_frame0074,Poorly
7782,q_22_main_0_30fps_frame0089.png,q_22_main_0_30fps_frame0089,Well
7782,q_23_main_0_30fps_frame0014.png,q_23_main_0_30fps_frame0014,Well
7782,q_23_main_0_30fps_frame0029.png,q_23_main_0_30fps_frame0029,Well
7782,q_23_main_0_30fps_frame0044.png,q_23_main_0_30fps_frame0044,Well
7782,q_23_main_0_30fps_frame0059.png,q_23_main_0_30fps_frame0059,Well
7782,q_23_main_0_30fps_frame0074.png,q_23_main_0_30fps_frame0074,Well
7782,q_23_main_0_30fps_frame0089.png,q_23_main_0_30fps_frame0089,Well
7782,q_25_main_0_30fps_frame0014.png,q_25_main_0_30fps_frame0014,Well
7782,q_25_main_0_30fps_frame0029.png,q_25_main_0_30fps_frame0029,Poorly
7782,q_25_main_0_30fps_frame0044.png,q_25_main_0_30fps_frame0044,Well
7782,q_25_main_0_30fps_frame0059.png,q_25_main_0_30fps_frame0059,Well
7782,q_25_main_0_30fps_frame0074.png,q_25_main_0_30fps_frame0074,Well
7782,q_25_main_0_30fps_frame0089.png,q_25_main_0_30fps_frame0089,Well
7782,q_27_main_0_30fps_frame0015.png,q_27_main_0_30fps_frame0015,Well
7782,q_27_main_0_30fps_frame0030.png,q_27_main_0_30fps_frame0030,Poorly
7782,q_27_main_0_30fps_frame0045.png,q_27_main_0_30fps_frame0045,Poorly
7782,q_27_main_0_30fps_frame0060.png,q_27_main_0_30fps_frame0060,Poorly
7782,q_27_main_0_30fps_frame0075.png,q_27_main_0_30fps_frame0075,Poorly
7782,q_27_main_0_30fps_frame0090.png,q_27_main_0_30fps_frame0090,Well
7782,q_28_main_0_30fps_frame0014.png,q_28_main_0_30fps_frame0014,Poorly
7782,q_28_main_0_30fps_frame0029.png,q_28_main_0_30fps_frame0029,Poorly
7782,q_28_main_0_30fps_frame0044.png,q_28_main_0_30fps_frame0044,Poorly
7782,q_28_main_0_30fps_frame0059.png,q_28_main_0_30fps_frame0059,Well
7782,q_28_main_0_30fps_frame0074.png,q_28_main_0_30fps_frame0074,Well
7782,q_28_main_0_30fps_frame0089.png,q_28_main_0_30fps_frame0089,Poorly
7782,q_29_main_0_30fps_frame0014.png,q_29_main_0_30fps_frame0014,Well
7782,q_29_main_0_30fps_frame0029.png,q_29_main_0_30fps_frame0029,Well
7782,q_29_main_0_30fps_frame0044.png,q_29_main_0_30fps_frame0044,Poorly
7782,q_29_main_0_30fps_frame0059.png,q_29_main_0_30fps_frame0059,Well
7782,q_29_main_0_30fps_frame0074.png,q_29_main_0_30fps_frame0074,Well
7782,q_29_main_0_30fps_frame0089.png,q_29_main_0_30fps_frame0089,Well
7782,q_30_main_0_30fps_frame0014.png,q_30_main_0_30fps_frame0014,Poorly
7782,q_30_main_0_30fps_frame0029.png,q_30_main_0_30fps_frame0029,Poorly
7782,q_30_main_0_30fps_frame0044.png,q_30_main_0_30fps_frame0044,Poorly
7782,q_30_main_0_30fps_frame0059.png,q_30_main_0_30fps_frame0059,Poorly
7782,q_30_main_0_30fps_frame0074.png,q_30_main_0_30fps_frame0074,Poorly
7782,q_30_main_0_30fps_frame0089.png,q_30_main_0_30fps_frame0089,Poorly
7782,q_3_main_1_30fps_frame0014.png,q_3_main_1_30fps_frame0014,Well
7782,q_3_main_1_30fps_frame0029.png,q_3_main_1_30fps_frame0029,Well
7782,q_3_main_1_30fps_frame0044.png,q_3_main_1_30fps_frame0044,Well
7782,q_3_main_1_30fps_frame0059.png,q_3_main_1_30fps_frame0059,Well
7782,q_3_main_1_30fps_frame0074.png,q_3_main_1_30fps_frame0074,Well
7782,q_3_main_1_30fps_frame0089.png,q_3_main_1_30fps_frame0089,Well
7782,q_5_main_0_30fps_frame0014.png,q_5_main_0_30fps_frame0014,Well
7782,q_5_main_0_30fps_frame0029.png,q_5_main_0_30fps_frame0029,Well
7782,q_5_main_0_30fps_frame0044.png,q_5_main_0_30fps_frame0044,Well
7782,q_5_main_0_30fps_frame0059.png,q_5_main_0_30fps_frame0059,Well
7782,q_5_main_0_30fps_frame0074.png,q_5_main_0_30fps_frame0074,Well
7782,q_5_main_0_30fps_frame0089.png,q_5_main_0_30fps_frame0089,Poorly
7782,q_7_main_0_30fps_frame0014.png,q_7_main_0_30fps_frame0014,Well
7782,q_7_main_0_30fps_frame0029.png,q_7_main_0_30fps_frame0029,Well
7782,q_7_main_0_30fps_frame0044.png,q_7_main_0_30fps_frame0044,Poorly
7782,q_7_main_0_30fps_frame0059.png,q_7_main_0_30fps_frame0059,Well
7782,q_7_main_0_30fps_frame0074.png,q_7_main_0_30fps_frame0074,Poorly
7782,q_7_main_0_30fps_frame0089.png,q_7_main_0_30fps_frame0089,Well
7782,q_8_main_0_30fps_frame0014.png,q_8_main_0_30fps_frame0014,Well
7782,q_8_main_0_30fps_frame0029.png,q_8_main_0_30fps_frame0029,Well
7782,q_8_main_0_30fps_frame0044.png,q_8_main_0_30fps_frame0044,Well
7782,q_8_main_0_30fps_frame0059.png,q_8_main_0_30fps_frame0059,Well
7782,q_8_main_0_30fps_frame0074.png,q_8_main_0_30fps_frame0074,Well
7782,q_8_main_0_30fps_frame0089.png,q_8_main_0_30fps_frame0089,Well
7797,q_10_main_0_30fps_frame0014.png,q_10_main_0_30fps_frame0014,Poorly
7797,q_10_main_0_30fps_frame0029.png,q_10_main_0_30fps_frame0029,poorly
7797,q_10_main_0_30fps_frame0044.png,q_10_main_0_30fps_frame0044,Poorly
7797,q_10_main_0_30fps_frame0059.png,q_10_main_0_30fps_frame0059,Poorly
7797,q_10_main_0_30fps_frame0074.png,q_10_main_0_30fps_frame0074,Poorly
7797,q_10_main_0_30fps_frame0089.png,q_10_main_0_30fps_frame0089,Poorly
7797,q_11_main_1_30fps_frame0015.png,q_11_main_1_30fps_frame0015,Poorly
7797,q_11_main_1_30fps_frame0030.png,q_11_main_1_30fps_frame0030,Poorly
7797,q_11_main_1_30fps_frame0045.png,q_11_main_1_30fps_frame0045,poorly
7797,q_11_main_1_30fps_frame0060.png,q_11_main_1_30fps_frame0060,Poorly
7797,q_11_main_1_30fps_frame0075.png,q_11_main_1_30fps_frame0075,poorly
7797,q_11_main_1_30fps_frame0090.png,q_11_main_1_30fps_frame0090,poorly
7797,q_13_main_1_30fps_frame0015.png,q_13_main_1_30fps_frame0015,Poorly
7797,q_13_main_1_30fps_frame0030.png,q_13_main_1_30fps_frame0030,Poorly
7797,q_13_main_1_30fps_frame0045.png,q_13_main_1_30fps_frame0045,Poorly
7797,q_13_main_1_30fps_frame0060.png,q_13_main_1_30fps_frame0060,poorly
7797,q_13_main_1_30fps_frame0075.png,q_13_main_1_30fps_frame0075,Poorly
7797,q_13_main_1_30fps_frame0090.png,q_13_main_1_30fps_frame0090,poorly
7797,q_15_main_1_30fps_frame0014.png,q_15_main_1_30fps_frame0014,Poorly
7797,q_15_main_1_30fps_frame0029.png,q_15_main_1_30fps_frame0029,poorly
7797,q_15_main_1_30fps_frame0044.png,q_15_main_1_30fps_frame0044,Poorly
7797,q_15_main_1_30fps_frame0059.png,q_15_main_1_30fps_frame0059,poorly
7797,q_15_main_1_30fps_frame0074.png,q_15_main_1_30fps_frame0074,Poorly
7797,q_15_main_1_30fps_frame0089.png,q_15_main_1_30fps_frame0089,poorly
7797,q_16_main_1_30fps_frame0014.png,q_16_main_1_30fps_frame0014,Poorly
7797,q_16_main_1_30fps_frame0029.png,q_16_main_1_30fps_frame0029,Poorly
7797,q_16_main_1_30fps_frame0044.png,q_16_main_1_30fps_frame0044,Poorly
7797,q_16_main_1_30fps_frame0059.png,q_16_main_1_30fps_frame0059,poorly
7797,q_16_main_1_30fps_frame0074.png,q_16_main_1_30fps_frame0074,Poorly
7797,q_16_main_1_30fps_frame0089.png,q_16_main_1_30fps_frame0089,Well
7797,q_17_main_1_30fps_frame0014.png,q_17_main_1_30fps_frame0014,Well
7797,q_17_main_1_30fps_frame0029.png,q_17_main_1_30fps_frame0029,poorly
7797,q_17_main_1_30fps_frame0044.png,q_17_main_1_30fps_frame0044,poorly
7797,q_17_main_1_30fps_frame0059.png,q_17_main_1_30fps_frame0059,poorly
7797,q_17_main_1_30fps_frame0074.png,q_17_main_1_30fps_frame0074,Poorly
7797,q_17_main_1_30fps_frame0089.png,q_17_main_1_30fps_frame0089,Poorly
7797,q_1_main_0_30fps_frame0014.png,q_1_main_0_30fps_frame0014,Poorly
7797,q_1_main_0_30fps_frame0029.png,q_1_main_0_30fps_frame0029,Poorly
7797,q_1_main_0_30fps_frame0044.png,q_1_main_0_30fps_frame0044,Poorly
7797,q_1_main_0_30fps_frame0059.png,q_1_main_0_30fps_frame0059,Poorly
7797,q_1_main_0_30fps_frame0074.png,q_1_main_0_30fps_frame0074,Poorly
7797,q_1_main_0_30fps_frame0089.png,q_1_main_0_30fps_frame0089,Poorly
7797,q_24_main_0_30fps_frame0014.png,q_24_main_0_30fps_frame0014,Poorly
7797,q_24_main_0_30fps_frame0029.png,q_24_main_0_30fps_frame0029,poorly
7797,q_24_main_0_30fps_frame0044.png,q_24_main_0_30fps_frame0044,poorly
7797,q_24_main_0_30fps_frame0059.png,q_24_main_0_30fps_frame0059,Poorly
7797,q_24_main_0_30fps_frame0074.png,q_24_main_0_30fps_frame0074,Poorly
7797,q_24_main_0_30fps_frame0089.png,q_24_main_0_30fps_frame0089,Poorly
7797,q_26_main_1_30fps_frame0014.png,q_26_main_1_30fps_frame0014,Poorly
7797,q_26_main_1_30fps_frame0029.png,q_26_main_1_30fps_frame0029,poorly
7797,q_26_main_1_30fps_frame0044.png,q_26_main_1_30fps_frame0044,Poorly
7797,q_26_main_1_30fps_frame0059.png,q_26_main_1_30fps_frame0059,poorly
7797,q_26_main_1_30fps_frame0074.png,q_26_main_1_30fps_frame0074,Poorly
7797,q_26_main_1_30fps_frame0089.png,q_26_main_1_30fps_frame0089,poorly
7797,q_27_main_1_30fps_frame0015.png,q_27_main_1_30fps_frame0015,poorly
7797,q_27_main_1_30fps_frame0030.png,q_27_main_1_30fps_frame0030,Well
7797,q_27_main_1_30fps_frame0045.png,q_27_main_1_30fps_frame0045,poorly
7797,q_27_main_1_30fps_frame0060.png,q_27_main_1_30fps_frame0060,poorly
7797,q_27_main_1_30fps_frame0075.png,q_27_main_1_30fps_frame0075,poorly
7797,q_27_main_1_30fps_frame0090.png,q_27_main_1_30fps_frame0090,Poorly
7797,q_29_main_0_30fps_frame0014.png,q_29_main_0_30fps_frame0014,Poorly
7797,q_29_main_0_30fps_frame0029.png,q_29_main_0_30fps_frame0029,Poorly
7797,q_29_main_0_30fps_frame0044.png,q_29_main_0_30fps_frame0044,Poorly
7797,q_29_main_0_30fps_frame0059.png,q_29_main_0_30fps_frame0059,Poorly
7797,q_29_main_0_30fps_frame0074.png,q_29_main_0_30fps_frame0074,Poorly
7797,q_29_main_0_30fps_frame0089.png,q_29_main_0_30fps_frame0089,poorly
7797,q_2_main_1_30fps_frame0014.png,q_2_main_1_30fps_frame0014,Poorly
7797,q_2_main_1_30fps_frame0029.png,q_2_main_1_30fps_frame0029,Poorly
7797,q_2_main_1_30fps_frame0044.png,q_2_main_1_30fps_frame0044,poorly
7797,q_2_main_1_30fps_frame0059.png,q_2_main_1_30fps_frame0059,poorly
7797,q_2_main_1_30fps_frame0074.png,q_2_main_1_30fps_frame0074,Poorly
7797,q_2_main_1_30fps_frame0089.png,q_2_main_1_30fps_frame0089,Poorly
7797,q_3_main_1_30fps_frame0015.png,q_3_main_1_30fps_frame0015,Poorly
7797,q_3_main_1_30fps_frame0030.png,q_3_main_1_30fps_frame0030,Poorly
7797,q_3_main_1_30fps_frame0045.png,q_3_main_1_30fps_frame0045,Poorly
7797,q_3_main_1_30fps_frame0060.png,q_3_main_1_30fps_frame0060,well
7797,q_3_main_1_30fps_frame0075.png,q_3_main_1_30fps_frame0075,Poorly
7797,q_3_main_1_30fps_frame0090.png,q_3_main_1_30fps_frame0090,Poorly
7797,q_6_main_0_30fps_frame0015.png,q_6_main_0_30fps_frame0015,poorly
7797,q_6_main_0_30fps_frame0030.png,q_6_main_0_30fps_frame0030,poorly
7797,q_6_main_0_30fps_frame0045.png,q_6_main_0_30fps_frame0045,Poorly
7797,q_6_main_0_30fps_frame0060.png,q_6_main_0_30fps_frame0060,poorly
7797,q_6_main_0_30fps_frame0075.png,q_6_main_0_30fps_frame0075,Poorly
7797,q_6_main_0_30fps_frame0090.png,q_6_main_0_30fps_frame0090,Poorly
7797,q_7_main_1_30fps_frame0015.png,q_7_main_1_30fps_frame0015,poorly
7797,q_7_main_1_30fps_frame0030.png,q_7_main_1_30fps_frame0030,poorly
7797,q_7_main_1_30fps_frame0045.png,q_7_main_1_30fps_frame0045,Poorly
7797,q_7_main_1_30fps_frame0060.png,q_7_main_1_30fps_frame0060,poorly
7797,q_7_main_1_30fps_frame0075.png,q_7_main_1_30fps_frame0075,Poorly
7797,q_7_main_1_30fps_frame0090.png,q_7_main_1_30fps_frame0090,Poorly
7797,q_8_main_0_30fps_frame0014.png,q_8_main_0_30fps_frame0014,poorly
7797,q_8_main_0_30fps_frame0029.png,q_8_main_0_30fps_frame0029,Poorly
7797,q_8_main_0_30fps_frame0044.png,q_8_main_0_30fps_frame0044,poorly
7797,q_8_main_0_30fps_frame0059.png,q_8_main_0_30fps_frame0059,poorly
7797,q_8_main_0_30fps_frame0074.png,q_8_main_0_30fps_frame0074,Poorly
7797,q_8_main_0_30fps_frame0089.png,q_8_main_0_30fps_frame0089,Poorly
7797,q_9_main_1_30fps_frame0014.png,q_9_main_1_30fps_frame0014,Poorly
7797,q_9_main_1_30fps_frame0029.png,q_9_main_1_30fps_frame0029,poorly
7797,q_9_main_1_30fps_frame0044.png,q_9_main_1_30fps_frame0044,poorly
7797,q_9_main_1_30fps_frame0059.png,q_9_main_1_30fps_frame0059,poorly
7797,q_9_main_1_30fps_frame0074.png,q_9_main_1_30fps_frame0074,Poorly
7797,q_9_main_1_30fps_frame0089.png,q_9_main_1_30fps_frame0089,Well
8184,q_10_main_0_30fps_frame0015.png,q_10_main_0_30fps_frame0015,Poorly
8184,q_10_main_0_30fps_frame0030.png,q_10_main_0_30fps_frame0030,Poorly
8184,q_10_main_0_30fps_frame0045.png,q_10_main_0_30fps_frame0045,Poorly
8184,q_10_main_0_30fps_frame0060.png,q_10_main_0_30fps_frame0060,Poorly
8184,q_10_main_0_30fps_frame0075.png,q_10_main_0_30fps_frame0075,Poorly
8184,q_10_main_0_30fps_frame0090.png,q_10_main_0_30fps_frame0090,poorly
8184,q_11_main_0_30fps_frame0014.png,q_11_main_0_30fps_frame0014,Well
8184,q_11_main_0_30fps_frame0029.png,q_11_main_0_30fps_frame0029,Poorly
8184,q_11_main_0_30fps_frame0044.png,q_11_main_0_30fps_frame0044,Poorly
8184,q_11_main_0_30fps_frame0059.png,q_11_main_0_30fps_frame0059,Poorly
8184,q_11_main_0_30fps_frame0074.png,q_11_main_0_30fps_frame0074,Poorly
8184,q_11_main_0_30fps_frame0089.png,q_11_main_0_30fps_frame0089,Well
8184,q_13_main_0_30fps_frame0015.png,q_13_main_0_30fps_frame0015,Well
8184,q_13_main_0_30fps_frame0030.png,q_13_main_0_30fps_frame0030,Poorly
8184,q_13_main_0_30fps_frame0045.png,q_13_main_0_30fps_frame0045,Well
8184,q_13_main_0_30fps_frame0060.png,q_13_main_0_30fps_frame0060,Poorly
8184,q_13_main_0_30fps_frame0075.png,q_13_main_0_30fps_frame0075,Well
8184,q_13_main_0_30fps_frame0090.png,q_13_main_0_30fps_frame0090,Poorly
8184,q_15_main_1_30fps_frame0014.png,q_15_main_1_30fps_frame0014,Well
8184,q_15_main_1_30fps_frame0029.png,q_15_main_1_30fps_frame0029,Poorly
8184,q_15_main_1_30fps_frame0044.png,q_15_main_1_30fps_frame0044,Poorly
8184,q_15_main_1_30fps_frame0059.png,q_15_main_1_30fps_frame0059,Poorly
8184,q_15_main_1_30fps_frame0074.png,q_15_main_1_30fps_frame0074,Poorly
8184,q_15_main_1_30fps_frame0089.png,q_15_main_1_30fps_frame0089,Poorly
8184,q_16_main_1_30fps_frame0015.png,q_16_main_1_30fps_frame0015,Poorly
8184,q_16_main_1_30fps_frame0030.png,q_16_main_1_30fps_frame0030,Poorly
8184,q_16_main_1_30fps_frame0045.png,q_16_main_1_30fps_frame0045,Well
8184,q_16_main_1_30fps_frame0060.png,q_16_main_1_30fps_frame0060,Well
8184,q_16_main_1_30fps_frame0075.png,q_16_main_1_30fps_frame0075,Poorly
8184,q_16_main_1_30fps_frame0090.png,q_16_main_1_30fps_frame0090,Well
8184,q_17_main_1_30fps_frame0014.png,q_17_main_1_30fps_frame0014,Well
8184,q_17_main_1_30fps_frame0029.png,q_17_main_1_30fps_frame0029,Poorly
8184,q_17_main_1_30fps_frame0044.png,q_17_main_1_30fps_frame0044,Poorly
8184,q_17_main_1_30fps_frame0059.png,q_17_main_1_30fps_frame0059,Poorly
8184,q_17_main_1_30fps_frame0074.png,q_17_main_1_30fps_frame0074,Well
8184,q_17_main_1_30fps_frame0089.png,q_17_main_1_30fps_frame0089,Poorly
8184,q_18_main_0_30fps_frame0015.png,q_18_main_0_30fps_frame0015,Well
8184,q_18_main_0_30fps_frame0030.png,q_18_main_0_30fps_frame0030,Poorly
8184,q_18_main_0_30fps_frame0045.png,q_18_main_0_30fps_frame0045,Well
8184,q_18_main_0_30fps_frame0060.png,q_18_main_0_30fps_frame0060,Poorly
8184,q_18_main_0_30fps_frame0075.png,q_18_main_0_30fps_frame0075,Well
8184,q_18_main_0_30fps_frame0090.png,q_18_main_0_30fps_frame0090,Well
8184,q_1_main_0_30fps_frame0014.png,q_1_main_0_30fps_frame0014,Well
8184,q_1_main_0_30fps_frame0029.png,q_1_main_0_30fps_frame0029,Well
8184,q_1_main_0_30fps_frame0044.png,q_1_main_0_30fps_frame0044,Poorly
8184,q_1_main_0_30fps_frame0059.png,q_1_main_0_30fps_frame0059,Poorly
8184,q_1_main_0_30fps_frame0074.png,q_1_main_0_30fps_frame0074,Well
8184,q_1_main_0_30fps_frame0089.png,q_1_main_0_30fps_frame0089,Well
8184,q_20_main_0_30fps_frame0014.png,q_20_main_0_30fps_frame0014,Poorly
8184,q_20_main_0_30fps_frame0029.png,q_20_main_0_30fps_frame0029,Poorly
8184,q_20_main_0_30fps_frame0044.png,q_20_main_0_30fps_frame0044,Well
8184,q_20_main_0_30fps_frame0059.png,q_20_main_0_30fps_frame0059,Poorly
8184,q_20_main_0_30fps_frame0074.png,q_20_main_0_30fps_frame0074,Poorly
8184,q_20_main_0_30fps_frame0089.png,q_20_main_0_30fps_frame0089,Poorly
8184,q_21_main_0_30fps_frame0014.png,q_21_main_0_30fps_frame0014,Poorly
8184,q_21_main_0_30fps_frame0029.png,q_21_main_0_30fps_frame0029,Poorly
8184,q_21_main_0_30fps_frame0044.png,q_21_main_0_30fps_frame0044,Poorly
8184,q_21_main_0_30fps_frame0059.png,q_21_main_0_30fps_frame0059,Poorly
8184,q_21_main_0_30fps_frame0074.png,q_21_main_0_30fps_frame0074,poorly
8184,q_21_main_0_30fps_frame0089.png,q_21_main_0_30fps_frame0089,Poorly
8184,q_24_main_0_30fps_frame0015.png,q_24_main_0_30fps_frame0015,Well
8184,q_24_main_0_30fps_frame0030.png,q_24_main_0_30fps_frame0030,Poorly
8184,q_24_main_0_30fps_frame0045.png,q_24_main_0_30fps_frame0045,Poorly
8184,q_24_main_0_30fps_frame0060.png,q_24_main_0_30fps_frame0060,Poorly
8184,q_24_main_0_30fps_frame0075.png,q_24_main_0_30fps_frame0075,Well
8184,q_24_main_0_30fps_frame0090.png,q_24_main_0_30fps_frame0090,Poorly
8184,q_25_main_0_30fps_frame0015.png,q_25_main_0_30fps_frame0015,Well
8184,q_25_main_0_30fps_frame0030.png,q_25_main_0_30fps_frame0030,Poorly
8184,q_25_main_0_30fps_frame0045.png,q_25_main_0_30fps_frame0045,Poorly
8184,q_25_main_0_30fps_frame0060.png,q_25_main_0_30fps_frame0060,Poorly
8184,q_25_main_0_30fps_frame0075.png,q_25_main_0_30fps_frame0075,Well
8184,q_25_main_0_30fps_frame0090.png,q_25_main_0_30fps_frame0090,Poorly
8184,q_26_main_0_30fps_frame0015.png,q_26_main_0_30fps_frame0015,Poorly
8184,q_26_main_0_30fps_frame0030.png,q_26_main_0_30fps_frame0030,Poorly
8184,q_26_main_0_30fps_frame0045.png,q_26_main_0_30fps_frame0045,Poorly
8184,q_26_main_0_30fps_frame0060.png,q_26_main_0_30fps_frame0060,Poorly
8184,q_26_main_0_30fps_frame0075.png,q_26_main_0_30fps_frame0075,Well
8184,q_26_main_0_30fps_frame0090.png,q_26_main_0_30fps_frame0090,Poorly
8184,q_27_main_0_30fps_frame0014.png,q_27_main_0_30fps_frame0014,Poorly
8184,q_27_main_0_30fps_frame0029.png,q_27_main_0_30fps_frame0029,Poorly
8184,q_27_main_0_30fps_frame0044.png,q_27_main_0_30fps_frame0044,Poorly
8184,q_27_main_0_30fps_frame0059.png,q_27_main_0_30fps_frame0059,Poorly
8184,q_27_main_0_30fps_frame0074.png,q_27_main_0_30fps_frame0074,Poorly
8184,q_27_main_0_30fps_frame0089.png,q_27_main_0_30fps_frame0089,Poorly
8184,q_30_main_0_30fps_frame0014.png,q_30_main_0_30fps_frame0014,Well
8184,q_30_main_0_30fps_frame0029.png,q_30_main_0_30fps_frame0029,Poorly
8184,q_30_main_0_30fps_frame0044.png,q_30_main_0_30fps_frame0044,Poorly
8184,q_30_main_0_30fps_frame0059.png,q_30_main_0_30fps_frame0059,Well
8184,q_30_main_0_30fps_frame0074.png,q_30_main_0_30fps_frame0074,Poorly
8184,q_30_main_0_30fps_frame0089.png,q_30_main_0_30fps_frame0089,Well
8184,q_3_main_1_30fps_frame0015.png,q_3_main_1_30fps_frame0015,Well
8184,q_3_main_1_30fps_frame0030.png,q_3_main_1_30fps_frame0030,Well
8184,q_3_main_1_30fps_frame0045.png,q_3_main_1_30fps_frame0045,Well
8184,q_3_main_1_30fps_frame0060.png,q_3_main_1_30fps_frame0060,Poorly
8184,q_3_main_1_30fps_frame0075.png,q_3_main_1_30fps_frame0075,Well
8184,q_3_main_1_30fps_frame0090.png,q_3_main_1_30fps_frame0090,Well
8184,q_4_main_1_30fps_frame0015.png,q_4_main_1_30fps_frame0015,Poorly
8184,q_4_main_1_30fps_frame0030.png,q_4_main_1_30fps_frame0030,Poorly
8184,q_4_main_1_30fps_frame0045.png,q_4_main_1_30fps_frame0045,Poorly
8184,q_4_main_1_30fps_frame0060.png,q_4_main_1_30fps_frame0060,Poorly
8184,q_4_main_1_30fps_frame0075.png,q_4_main_1_30fps_frame0075,Poorly
8184,q_4_main_1_30fps_frame0090.png,q_4_main_1_30fps_frame0090,Poorly
8184,q_5_main_0_30fps_frame0015.png,q_5_main_0_30fps_frame0015,Well
8184,q_5_main_0_30fps_frame0030.png,q_5_main_0_30fps_frame0030,Well
8184,q_5_main_0_30fps_frame0045.png,q_5_main_0_30fps_frame0045,Well
8184,q_5_main_0_30fps_frame0060.png,q_5_main_0_30fps_frame0060,Poorly
8184,q_5_main_0_30fps_frame0075.png,q_5_main_0_30fps_frame0075,Well
8184,q_5_main_0_30fps_frame0090.png,q_5_main_0_30fps_frame0090,Poorly
8184,q_6_main_1_30fps_frame0015.png,q_6_main_1_30fps_frame0015,Poorly
8184,q_6_main_1_30fps_frame0030.png,q_6_main_1_30fps_frame0030,Poorly
8184,q_6_main_1_30fps_frame0045.png,q_6_main_1_30fps_frame0045,Well
8184,q_6_main_1_30fps_frame0060.png,q_6_main_1_30fps_frame0060,Poorly
8184,q_6_main_1_30fps_frame0075.png,q_6_main_1_30fps_frame0075,Poorly
8184,q_6_main_1_30fps_frame0090.png,q_6_main_1_30fps_frame0090,Poorly
8184,q_7_main_1_30fps_frame0015.png,q_7_main_1_30fps_frame0015,Poorly
8184,q_7_main_1_30fps_frame0030.png,q_7_main_1_30fps_frame0030,Poorly
8184,q_7_main_1_30fps_frame0045.png,q_7_main_1_30fps_frame0045,Poorly
8184,q_7_main_1_30fps_frame0060.png,q_7_main_1_30fps_frame0060,Poorly
8184,q_7_main_1_30fps_frame0075.png,q_7_main_1_30fps_frame0075,Poorly
8184,q_7_main_1_30fps_frame0090.png,q_7_main_1_30fps_frame0090,Poorly
8184,q_8_main_0_30fps_frame0015.png,q_8_main_0_30fps_frame0015,Poorly
8184,q_8_main_0_30fps_frame0030.png,q_8_main_0_30fps_frame0030,Well
8184,q_8_main_0_30fps_frame0045.png,q_8_main_0_30fps_frame0045,Poorly
8184,q_8_main_0_30fps_frame0060.png,q_8_main_0_30fps_frame0060,Poorly
8184,q_8_main_0_30fps_frame0075.png,q_8_main_0_30fps_frame0075,Poorly
8184,q_8_main_0_30fps_frame0090.png,q_8_main_0_30fps_frame0090,Poorly
8184,q_9_main_1_30fps_frame0014.png,q_9_main_1_30fps_frame0014,Well
8184,q_9_main_1_30fps_frame0029.png,q_9_main_1_30fps_frame0029,Poorly
8184,q_9_main_1_30fps_frame0044.png,q_9_main_1_30fps_frame0044,Well
8184,q_9_main_1_30fps_frame0059.png,q_9_main_1_30fps_frame0059,Poorly
8184,q_9_main_1_30fps_frame0074.png,q_9_main_1_30fps_frame0074,Poorly
8184,q_9_main_1_30fps_frame0089.png,q_9_main_1_30fps_frame0089,Well
8436,q_13_main_1_30fps_frame0015.png,q_13_main_1_30fps_frame0015,Poorly
8436,q_13_main_1_30fps_frame0030.png,q_13_main_1_30fps_frame0030,Well
8436,q_13_main_1_30fps_frame0045.png,q_13_main_1_30fps_frame0045,Poorly
8436,q_13_main_1_30fps_frame0060.png,q_13_main_1_30fps_frame0060,Well
8436,q_13_main_1_30fps_frame0075.png,q_13_main_1_30fps_frame0075,Well
8436,q_13_main_1_30fps_frame0090.png,q_13_main_1_30fps_frame0090,Well
8436,q_14_main_0_30fps_frame0014.png,q_14_main_0_30fps_frame0014,Well
8436,q_14_main_0_30fps_frame0029.png,q_14_main_0_30fps_frame0029,Poorly
8436,q_14_main_0_30fps_frame0044.png,q_14_main_0_30fps_frame0044,Well
8436,q_14_main_0_30fps_frame0059.png,q_14_main_0_30fps_frame0059,Well
8436,q_14_main_0_30fps_frame0074.png,q_14_main_0_30fps_frame0074,Well
8436,q_14_main_0_30fps_frame0089.png,q_14_main_0_30fps_frame0089,Well
8436,q_16_main_1_30fps_frame0015.png,q_16_main_1_30fps_frame0015,Poorly
8436,q_16_main_1_30fps_frame0030.png,q_16_main_1_30fps_frame0030,Well
8436,q_16_main_1_30fps_frame0045.png,q_16_main_1_30fps_frame0045,Poorly
8436,q_16_main_1_30fps_frame0060.png,q_16_main_1_30fps_frame0060,Poorly
8436,q_16_main_1_30fps_frame0075.png,q_16_main_1_30fps_frame0075,Poorly
8436,q_16_main_1_30fps_frame0090.png,q_16_main_1_30fps_frame0090,Poorly
8436,q_18_main_0_30fps_frame0015.png,q_18_main_0_30fps_frame0015,Poorly
8436,q_18_main_0_30fps_frame0030.png,q_18_main_0_30fps_frame0030,Poorly
8436,q_18_main_0_30fps_frame0045.png,q_18_main_0_30fps_frame0045,Poorly
8436,q_18_main_0_30fps_frame0060.png,q_18_main_0_30fps_frame0060,Poorly
8436,q_18_main_0_30fps_frame0075.png,q_18_main_0_30fps_frame0075,Poorly
8436,q_18_main_0_30fps_frame0090.png,q_18_main_0_30fps_frame0090,Poorly
8436,q_19_main_0_30fps_frame0015.png,q_19_main_0_30fps_frame0015,Poorly
8436,q_19_main_0_30fps_frame0030.png,q_19_main_0_30fps_frame0030,Well
8436,q_19_main_0_30fps_frame0045.png,q_19_main_0_30fps_frame0045,Poorly
8436,q_19_main_0_30fps_frame0060.png,q_19_main_0_30fps_frame0060,Poorly
8436,q_19_main_0_30fps_frame0075.png,q_19_main_0_30fps_frame0075,Poorly
8436,q_19_main_0_30fps_frame0090.png,q_19_main_0_30fps_frame0090,Well
8436,q_1_main_0_30fps_frame0014.png,q_1_main_0_30fps_frame0014,Well
8436,q_1_main_0_30fps_frame0029.png,q_1_main_0_30fps_frame0029,Poorly
8436,q_1_main_0_30fps_frame0044.png,q_1_main_0_30fps_frame0044,Well
8436,q_1_main_0_30fps_frame0059.png,q_1_main_0_30fps_frame0059,Poorly
8436,q_1_main_0_30fps_frame0074.png,q_1_main_0_30fps_frame0074,Well
8436,q_1_main_0_30fps_frame0089.png,q_1_main_0_30fps_frame0089,Well
8436,q_21_main_1_30fps_frame0015.png,q_21_main_1_30fps_frame0015,Well
8436,q_21_main_1_30fps_frame0030.png,q_21_main_1_30fps_frame0030,Poorly
8436,q_21_main_1_30fps_frame0045.png,q_21_main_1_30fps_frame0045,Poorly
8436,q_21_main_1_30fps_frame0060.png,q_21_main_1_30fps_frame0060,Well
8436,q_21_main_1_30fps_frame0075.png,q_21_main_1_30fps_frame0075,Poorly
8436,q_21_main_1_30fps_frame0090.png,q_21_main_1_30fps_frame0090,Well
8436,q_22_main_0_30fps_frame0014.png,q_22_main_0_30fps_frame0014,Well
8436,q_22_main_0_30fps_frame0029.png,q_22_main_0_30fps_frame0029,Well
8436,q_22_main_0_30fps_frame0044.png,q_22_main_0_30fps_frame0044,Well
8436,q_22_main_0_30fps_frame0059.png,q_22_main_0_30fps_frame0059,Well
8436,q_22_main_0_30fps_frame0074.png,q_22_main_0_30fps_frame0074,Well
8436,q_22_main_0_30fps_frame0089.png,q_22_main_0_30fps_frame0089,Well
8436,q_23_main_1_30fps_frame0015.png,q_23_main_1_30fps_frame0015,Well
8436,q_23_main_1_30fps_frame0030.png,q_23_main_1_30fps_frame0030,Well
8436,q_23_main_1_30fps_frame0045.png,q_23_main_1_30fps_frame0045,Well
8436,q_23_main_1_30fps_frame0060.png,q_23_main_1_30fps_frame0060,Well
8436,q_23_main_1_30fps_frame0075.png,q_23_main_1_30fps_frame0075,Well
8436,q_23_main_1_30fps_frame0090.png,q_23_main_1_30fps_frame0090,Poorly
8436,q_25_main_0_30fps_frame0015.png,q_25_main_0_30fps_frame0015,Poorly
8436,q_25_main_0_30fps_frame0030.png,q_25_main_0_30fps_frame0030,Poorly
8436,q_25_main_0_30fps_frame0045.png,q_25_main_0_30fps_frame0045,Well
8436,q_25_main_0_30fps_frame0060.png,q_25_main_0_30fps_frame0060,Poorly
8436,q_25_main_0_30fps_frame0075.png,q_25_main_0_30fps_frame0075,Poorly
8436,q_25_main_0_30fps_frame0090.png,q_25_main_0_30fps_frame0090,Poorly
8436,q_26_main_0_30fps_frame0015.png,q_26_main_0_30fps_frame0015,Well
8436,q_26_main_0_30fps_frame0030.png,q_26_main_0_30fps_frame0030,Poorly
8436,q_26_main_0_30fps_frame0045.png,q_26_main_0_30fps_frame0045,Poorly
8436,q_26_main_0_30fps_frame0060.png,q_26_main_0_30fps_frame0060,Well
8436,q_26_main_0_30fps_frame0075.png,q_26_main_0_30fps_frame0075,Well
8436,q_26_main_0_30fps_frame0090.png,q_26_main_0_30fps_frame0090,Well
8436,q_28_main_0_30fps_frame0014.png,q_28_main_0_30fps_frame0014,Poorly
8436,q_28_main_0_30fps_frame0029.png,q_28_main_0_30fps_frame0029,Poorly
8436,q_28_main_0_30fps_frame0044.png,q_28_main_0_30fps_frame0044,Poorly
8436,q_28_main_0_30fps_frame0059.png,q_28_main_0_30fps_frame0059,Poorly
8436,q_28_main_0_30fps_frame0074.png,q_28_main_0_30fps_frame0074,Well
8436,q_28_main_0_30fps_frame0089.png,q_28_main_0_30fps_frame0089,Poorly
8436,q_2_main_1_30fps_frame0015.png,q_2_main_1_30fps_frame0015,Well
8436,q_2_main_1_30fps_frame0030.png,q_2_main_1_30fps_frame0030,Well
8436,q_2_main_1_30fps_frame0045.png,q_2_main_1_30fps_frame0045,Well
8436,q_2_main_1_30fps_frame0060.png,q_2_main_1_30fps_frame0060,Poorly
8436,q_2_main_1_30fps_frame0075.png,q_2_main_1_30fps_frame0075,Well
8436,q_2_main_1_30fps_frame0090.png,q_2_main_1_30fps_frame0090,Well
8436,q_30_main_1_30fps_frame0014.png,q_30_main_1_30fps_frame0014,Poorly
8436,q_30_main_1_30fps_frame0029.png,q_30_main_1_30fps_frame0029,Well
8436,q_30_main_1_30fps_frame0044.png,q_30_main_1_30fps_frame0044,Poorly
8436,q_30_main_1_30fps_frame0059.png,q_30_main_1_30fps_frame0059,Poorly
8436,q_30_main_1_30fps_frame0074.png,q_30_main_1_30fps_frame0074,Poorly
8436,q_30_main_1_30fps_frame0089.png,q_30_main_1_30fps_frame0089,Poorly
8436,q_3_main_1_30fps_frame0015.png,q_3_main_1_30fps_frame0015,Poorly
8436,q_3_main_1_30fps_frame0030.png,q_3_main_1_30fps_frame0030,Well
8436,q_3_main_1_30fps_frame0045.png,q_3_main_1_30fps_frame0045,Well
8436,q_3_main_1_30fps_frame0060.png,q_3_main_1_30fps_frame0060,Well
8436,q_3_main_1_30fps_frame0075.png,q_3_main_1_30fps_frame0075,Well
8436,q_3_main_1_30fps_frame0090.png,q_3_main_1_30fps_frame0090,Well
8436,q_6_main_0_30fps_frame0015.png,q_6_main_0_30fps_frame0015,Well
8436,q_6_main_0_30fps_frame0030.png,q_6_main_0_30fps_frame0030,Poorly
8436,q_6_main_0_30fps_frame0045.png,q_6_main_0_30fps_frame0045,Poorly
8436,q_6_main_0_30fps_frame0060.png,q_6_main_0_30fps_frame0060,Poorly
8436,q_6_main_0_30fps_frame0075.png,q_6_main_0_30fps_frame0075,Well
8436,q_6_main_0_30fps_frame0090.png,q_6_main_0_30fps_frame0090,Poorly
8436,q_7_main_1_30fps_frame0015.png,q_7_main_1_30fps_frame0015,Well
8436,q_7_main_1_30fps_frame0030.png,q_7_main_1_30fps_frame0030,Well
8436,q_7_main_1_30fps_frame0045.png,q_7_main_1_30fps_frame0045,Well
8436,q_7_main_1_30fps_frame0060.png,q_7_main_1_30fps_frame0060,Well
8436,q_7_main_1_30fps_frame0075.png,q_7_main_1_30fps_frame0075,Well
8436,q_7_main_1_30fps_frame0090.png,q_7_main_1_30fps_frame0090,Well
8436,q_8_main_1_30fps_frame0014.png,q_8_main_1_30fps_frame0014,Poorly
8436,q_8_main_1_30fps_frame0029.png,q_8_main_1_30fps_frame0029,Well
8436,q_8_main_1_30fps_frame0044.png,q_8_main_1_30fps_frame0044,Well
8436,q_8_main_1_30fps_frame0059.png,q_8_main_1_30fps_frame0059,Well
8436,q_8_main_1_30fps_frame0074.png,q_8_main_1_30fps_frame0074,Poorly
8436,q_8_main_1_30fps_frame0089.png,q_8_main_1_30fps_frame0089,Well
8436,q_9_main_1_30fps_frame0014.png,q_9_main_1_30fps_frame0014,Well
8436,q_9_main_1_30fps_frame0029.png,q_9_main_1_30fps_frame0029,Well
8436,q_9_main_1_30fps_frame0044.png,q_9_main_1_30fps_frame0044,Well
8436,q_9_main_1_30fps_frame0059.png,q_9_main_1_30fps_frame0059,Well
8436,q_9_main_1_30fps_frame0074.png,q_9_main_1_30fps_frame0074,Well
8436,q_9_main_1_30fps_frame0089.png,q_9_main_1_30fps_frame0089,Well
8436,q_warmup_3_main_1_30fps_frame0015.png,q_warmup_3_main_1_30fps_frame0015,Poorly
8436,q_warmup_3_main_1_30fps_frame0030.png,q_warmup_3_main_1_30fps_frame0030,Poorly
8436,q_warmup_3_main_1_30fps_frame0045.png,q_warmup_3_main_1_30fps_frame0045,Poorly
8436,q_warmup_3_main_1_30fps_frame0060.png,q_warmup_3_main_1_30fps_frame0060,Poorly
8436,q_warmup_3_main_1_30fps_frame0075.png,q_warmup_3_main_1_30fps_frame0075,Poorly
8436,q_warmup_3_main_1_30fps_frame0090.png,q_warmup_3_main_1_30fps_frame0090,Poorly
8436,q_warmup_4_main_0_30fps_frame0015.png,q_warmup_4_main_0_30fps_frame0015,Poorly
8436,q_warmup_4_main_0_30fps_frame0030.png,q_warmup_4_main_0_30fps_frame0030,Poorly
8436,q_warmup_4_main_0_30fps_frame0045.png,q_warmup_4_main_0_30fps_frame0045,Poorly
8436,q_warmup_4_main_0_30fps_frame0060.png,q_warmup_4_main_0_30fps_frame0060,Poorly
8436,q_warmup_4_main_0_30fps_frame0075.png,q_warmup_4_main_0_30fps_frame0075,Poorly
8436,q_warmup_4_main_0_30fps_frame0090.png,q_warmup_4_main_0_30fps_frame0090,Poorly
8758,q_13_main_1_30fps_frame0015.png,q_13_main_1_30fps_frame0015,Poorly
8758,q_13_main_1_30fps_frame0030.png,q_13_main_1_30fps_frame0030,Poorly
8758,q_13_main_1_30fps_frame0045.png,q_13_main_1_30fps_frame0045,Well
8758,q_13_main_1_30fps_frame0060.png,q_13_main_1_30fps_frame0060,Poorly
8758,q_13_main_1_30fps_frame0075.png,q_13_main_1_30fps_frame0075,Well
8758,q_13_main_1_30fps_frame0090.png,q_13_main_1_30fps_frame0090,Well
8758,q_14_main_0_30fps_frame0014.png,q_14_main_0_30fps_frame0014,Well
8758,q_14_main_0_30fps_frame0029.png,q_14_main_0_30fps_frame0029,Poorly
8758,q_14_main_0_30fps_frame0044.png,q_14_main_0_30fps_frame0044,Well
8758,q_14_main_0_30fps_frame0059.png,q_14_main_0_30fps_frame0059,Poorly
8758,q_14_main_0_30fps_frame0074.png,q_14_main_0_30fps_frame0074,Poorly
8758,q_14_main_0_30fps_frame0089.png,q_14_main_0_30fps_frame0089,Well
8758,q_15_main_1_30fps_frame0014.png,q_15_main_1_30fps_frame0014,Poorly
8758,q_15_main_1_30fps_frame0029.png,q_15_main_1_30fps_frame0029,Well
8758,q_15_main_1_30fps_frame0044.png,q_15_main_1_30fps_frame0044,Well
8758,q_15_main_1_30fps_frame0059.png,q_15_main_1_30fps_frame0059,Well
8758,q_15_main_1_30fps_frame0074.png,q_15_main_1_30fps_frame0074,Well
8758,q_15_main_1_30fps_frame0089.png,q_15_main_1_30fps_frame0089,Well
8758,q_16_main_1_30fps_frame0014.png,q_16_main_1_30fps_frame0014,Well
8758,q_16_main_1_30fps_frame0029.png,q_16_main_1_30fps_frame0029,Well
8758,q_16_main_1_30fps_frame0044.png,q_16_main_1_30fps_frame0044,Well
8758,q_16_main_1_30fps_frame0059.png,q_16_main_1_30fps_frame0059,Well
8758,q_16_main_1_30fps_frame0074.png,q_16_main_1_30fps_frame0074,Well
8758,q_16_main_1_30fps_frame0089.png,q_16_main_1_30fps_frame0089,Well
8758,q_17_main_1_30fps_frame0014.png,q_17_main_1_30fps_frame0014,Well
8758,q_17_main_1_30fps_frame0029.png,q_17_main_1_30fps_frame0029,Well
8758,q_17_main_1_30fps_frame0044.png,q_17_main_1_30fps_frame0044,Poorly
8758,q_17_main_1_30fps_frame0059.png,q_17_main_1_30fps_frame0059,Poorly
8758,q_17_main_1_30fps_frame0074.png,q_17_main_1_30fps_frame0074,Well
8758,q_17_main_1_30fps_frame0089.png,q_17_main_1_30fps_frame0089,Poorly
8758,q_18_main_1_30fps_frame0015.png,q_18_main_1_30fps_frame0015,Poorly
8758,q_18_main_1_30fps_frame0030.png,q_18_main_1_30fps_frame0030,Well
8758,q_18_main_1_30fps_frame0045.png,q_18_main_1_30fps_frame0045,Poorly
8758,q_18_main_1_30fps_frame0060.png,q_18_main_1_30fps_frame0060,Poorly
8758,q_18_main_1_30fps_frame0075.png,q_18_main_1_30fps_frame0075,Poorly
8758,q_18_main_1_30fps_frame0090.png,q_18_main_1_30fps_frame0090,Poorly
8758,q_19_main_1_30fps_frame0013.png,q_19_main_1_30fps_frame0013,Well
8758,q_19_main_1_30fps_frame0028.png,q_19_main_1_30fps_frame0028,Well
8758,q_19_main_1_30fps_frame0043.png,q_19_main_1_30fps_frame0043,Well
8758,q_19_main_1_30fps_frame0058.png,q_19_main_1_30fps_frame0058,Well
8758,q_19_main_1_30fps_frame0073.png,q_19_main_1_30fps_frame0073,Well
8758,q_19_main_1_30fps_frame0088.png,q_19_main_1_30fps_frame0088,Well
8758,q_1_main_1_30fps_frame0015.png,q_1_main_1_30fps_frame0015,Poorly
8758,q_1_main_1_30fps_frame0030.png,q_1_main_1_30fps_frame0030,Well
8758,q_1_main_1_30fps_frame0045.png,q_1_main_1_30fps_frame0045,Poorly
8758,q_1_main_1_30fps_frame0060.png,q_1_main_1_30fps_frame0060,Poorly
8758,q_1_main_1_30fps_frame0075.png,q_1_main_1_30fps_frame0075,Poorly
8758,q_1_main_1_30fps_frame0090.png,q_1_main_1_30fps_frame0090,Poorly
8758,q_20_main_0_30fps_frame0013.png,q_20_main_0_30fps_frame0013,Poorly
8758,q_20_main_0_30fps_frame0028.png,q_20_main_0_30fps_frame0028,Poorly
8758,q_20_main_0_30fps_frame0043.png,q_20_main_0_30fps_frame0043,Poorly
8758,q_20_main_0_30fps_frame0058.png,q_20_main_0_30fps_frame0058,Poorly
8758,q_20_main_0_30fps_frame0073.png,q_20_main_0_30fps_frame0073,Poorly
8758,q_20_main_0_30fps_frame0088.png,q_20_main_0_30fps_frame0088,Poorly
8758,q_21_main_1_30fps_frame0015.png,q_21_main_1_30fps_frame0015,Well
8758,q_21_main_1_30fps_frame0030.png,q_21_main_1_30fps_frame0030,Well
8758,q_21_main_1_30fps_frame0045.png,q_21_main_1_30fps_frame0045,Well
8758,q_21_main_1_30fps_frame0060.png,q_21_main_1_30fps_frame0060,Poorly
8758,q_21_main_1_30fps_frame0075.png,q_21_main_1_30fps_frame0075,Poorly
8758,q_21_main_1_30fps_frame0090.png,q_21_main_1_30fps_frame0090,Well
8758,q_22_main_1_30fps_frame0014.png,q_22_main_1_30fps_frame0014,Well
8758,q_22_main_1_30fps_frame0029.png,q_22_main_1_30fps_frame0029,Well
8758,q_22_main_1_30fps_frame0044.png,q_22_main_1_30fps_frame0044,Well
8758,q_22_main_1_30fps_frame0059.png,q_22_main_1_30fps_frame0059,Well
8758,q_22_main_1_30fps_frame0074.png,q_22_main_1_30fps_frame0074,Well
8758,q_22_main_1_30fps_frame0089.png,q_22_main_1_30fps_frame0089,Well
8758,q_23_main_0_30fps_frame0014.png,q_23_main_0_30fps_frame0014,Poorly
8758,q_23_main_0_30fps_frame0029.png,q_23_main_0_30fps_frame0029,Poorly
8758,q_23_main_0_30fps_frame0044.png,q_23_main_0_30fps_frame0044,Poorly
8758,q_23_main_0_30fps_frame0059.png,q_23_main_0_30fps_frame0059,Poorly
8758,q_23_main_0_30fps_frame0074.png,q_23_main_0_30fps_frame0074,Poorly
8758,q_23_main_0_30fps_frame0089.png,q_23_main_0_30fps_frame0089,Poorly
8758,q_26_main_0_30fps_frame0014.png,q_26_main_0_30fps_frame0014,Well
8758,q_26_main_0_30fps_frame0029.png,q_26_main_0_30fps_frame0029,Well
8758,q_26_main_0_30fps_frame0044.png,q_26_main_0_30fps_frame0044,Well
8758,q_26_main_0_30fps_frame0059.png,q_26_main_0_30fps_frame0059,Poorly
8758,q_26_main_0_30fps_frame0074.png,q_26_main_0_30fps_frame0074,Poorly
8758,q_26_main_0_30fps_frame0089.png,q_26_main_0_30fps_frame0089,Poorly
8758,q_28_main_0_30fps_frame0015.png,q_28_main_0_30fps_frame0015,Poorly
8758,q_28_main_0_30fps_frame0030.png,q_28_main_0_30fps_frame0030,Well
8758,q_28_main_0_30fps_frame0045.png,q_28_main_0_30fps_frame0045,Poorly
8758,q_28_main_0_30fps_frame0060.png,q_28_main_0_30fps_frame0060,Well
8758,q_28_main_0_30fps_frame0075.png,q_28_main_0_30fps_frame0075,poorly
8758,q_28_main_0_30fps_frame0090.png,q_28_main_0_30fps_frame0090,Poorly
8758,q_2_main_1_30fps_frame0013.png,q_2_main_1_30fps_frame0013,Well
8758,q_2_main_1_30fps_frame0028.png,q_2_main_1_30fps_frame0028,Well
8758,q_2_main_1_30fps_frame0043.png,q_2_main_1_30fps_frame0043,Poorly
8758,q_2_main_1_30fps_frame0058.png,q_2_main_1_30fps_frame0058,Well
8758,q_2_main_1_30fps_frame0073.png,q_2_main_1_30fps_frame0073,Poorly
8758,q_2_main_1_30fps_frame0088.png,q_2_main_1_30fps_frame0088,Well
8758,q_30_main_0_30fps_frame0015.png,q_30_main_0_30fps_frame0015,Poorly
8758,q_30_main_0_30fps_frame0030.png,q_30_main_0_30fps_frame0030,Well
8758,q_30_main_0_30fps_frame0045.png,q_30_main_0_30fps_frame0045,Poorly
8758,q_30_main_0_30fps_frame0060.png,q_30_main_0_30fps_frame0060,Well
8758,q_30_main_0_30fps_frame0075.png,q_30_main_0_30fps_frame0075,Well
8758,q_30_main_0_30fps_frame0090.png,q_30_main_0_30fps_frame0090,Well
8758,q_4_main_0_30fps_frame0014.png,q_4_main_0_30fps_frame0014,Well
8758,q_4_main_0_30fps_frame0029.png,q_4_main_0_30fps_frame0029,Well
8758,q_4_main_0_30fps_frame0044.png,q_4_main_0_30fps_frame0044,Well
8758,q_4_main_0_30fps_frame0059.png,q_4_main_0_30fps_frame0059,Well
8758,q_4_main_0_30fps_frame0074.png,q_4_main_0_30fps_frame0074,Well
8758,q_4_main_0_30fps_frame0089.png,q_4_main_0_30fps_frame0089,Well
8758,q_warmup_4_main_0_30fps_frame0015.png,q_warmup_4_main_0_30fps_frame0015,Well
8758,q_warmup_4_main_0_30fps_frame0030.png,q_warmup_4_main_0_30fps_frame0030,Well
8758,q_warmup_4_main_0_30fps_frame0045.png,q_warmup_4_main_0_30fps_frame0045,Well
8758,q_warmup_4_main_0_30fps_frame0060.png,q_warmup_4_main_0_30fps_frame0060,Poorly
8758,q_warmup_4_main_0_30fps_frame0075.png,q_warmup_4_main_0_30fps_frame0075,Well
8758,q_warmup_4_main_0_30fps_frame0090.png,q_warmup_4_main_0_30fps_frame0090,Poorly
8786,q_12_main_1_30fps_frame0014.png,q_12_main_1_30fps_frame0014,Well
8786,q_12_main_1_30fps_frame0029.png,q_12_main_1_30fps_frame0029,Well
8786,q_12_main_1_30fps_frame0044.png,q_12_main_1_30fps_frame0044,Well
8786,q_12_main_1_30fps_frame0059.png,q_12_main_1_30fps_frame0059,Well
8786,q_12_main_1_30fps_frame0074.png,q_12_main_1_30fps_frame0074,Well
8786,q_12_main_1_30fps_frame0089.png,q_12_main_1_30fps_frame0089,Well
8786,q_14_main_0_30fps_frame0014.png,q_14_main_0_30fps_frame0014,Well
8786,q_14_main_0_30fps_frame0029.png,q_14_main_0_30fps_frame0029,Well
8786,q_14_main_0_30fps_frame0044.png,q_14_main_0_30fps_frame0044,Poorly
8786,q_14_main_0_30fps_frame0059.png,q_14_main_0_30fps_frame0059,Well
8786,q_14_main_0_30fps_frame0074.png,q_14_main_0_30fps_frame0074,Well
8786,q_14_main_0_30fps_frame0089.png,q_14_main_0_30fps_frame0089,Well
8786,q_15_main_1_30fps_frame0014.png,q_15_main_1_30fps_frame0014,Well
8786,q_15_main_1_30fps_frame0029.png,q_15_main_1_30fps_frame0029,Well
8786,q_15_main_1_30fps_frame0044.png,q_15_main_1_30fps_frame0044,Well
8786,q_15_main_1_30fps_frame0059.png,q_15_main_1_30fps_frame0059,Well
8786,q_15_main_1_30fps_frame0074.png,q_15_main_1_30fps_frame0074,Well
8786,q_15_main_1_30fps_frame0089.png,q_15_main_1_30fps_frame0089,Poorly
8786,q_16_main_1_30fps_frame0015.png,q_16_main_1_30fps_frame0015,Well
8786,q_16_main_1_30fps_frame0030.png,q_16_main_1_30fps_frame0030,Well
8786,q_16_main_1_30fps_frame0045.png,q_16_main_1_30fps_frame0045,Well
8786,q_16_main_1_30fps_frame0060.png,q_16_main_1_30fps_frame0060,Well
8786,q_16_main_1_30fps_frame0075.png,q_16_main_1_30fps_frame0075,Well
8786,q_16_main_1_30fps_frame0090.png,q_16_main_1_30fps_frame0090,Well
8786,q_17_main_1_30fps_frame0014.png,q_17_main_1_30fps_frame0014,Well
8786,q_17_main_1_30fps_frame0029.png,q_17_main_1_30fps_frame0029,Well
8786,q_17_main_1_30fps_frame0044.png,q_17_main_1_30fps_frame0044,Well
8786,q_17_main_1_30fps_frame0059.png,q_17_main_1_30fps_frame0059,Well
8786,q_17_main_1_30fps_frame0074.png,q_17_main_1_30fps_frame0074,Well
8786,q_17_main_1_30fps_frame0089.png,q_17_main_1_30fps_frame0089,Well
8786,q_19_main_1_30fps_frame0014.png,q_19_main_1_30fps_frame0014,Poorly
8786,q_19_main_1_30fps_frame0029.png,q_19_main_1_30fps_frame0029,Well
8786,q_19_main_1_30fps_frame0044.png,q_19_main_1_30fps_frame0044,Well
8786,q_19_main_1_30fps_frame0059.png,q_19_main_1_30fps_frame0059,Well
8786,q_19_main_1_30fps_frame0074.png,q_19_main_1_30fps_frame0074,Well
8786,q_19_main_1_30fps_frame0089.png,q_19_main_1_30fps_frame0089,Well
8786,q_1_main_0_30fps_frame0014.png,q_1_main_0_30fps_frame0014,Well
8786,q_1_main_0_30fps_frame0029.png,q_1_main_0_30fps_frame0029,Well
8786,q_1_main_0_30fps_frame0044.png,q_1_main_0_30fps_frame0044,Well
8786,q_1_main_0_30fps_frame0059.png,q_1_main_0_30fps_frame0059,Well
8786,q_1_main_0_30fps_frame0074.png,q_1_main_0_30fps_frame0074,Well
8786,q_1_main_0_30fps_frame0089.png,q_1_main_0_30fps_frame0089,Well
8786,q_21_main_0_30fps_frame0014.png,q_21_main_0_30fps_frame0014,Well
8786,q_21_main_0_30fps_frame0029.png,q_21_main_0_30fps_frame0029,Well
8786,q_21_main_0_30fps_frame0044.png,q_21_main_0_30fps_frame0044,Well
8786,q_21_main_0_30fps_frame0059.png,q_21_main_0_30fps_frame0059,Well
8786,q_21_main_0_30fps_frame0074.png,q_21_main_0_30fps_frame0074,Well
8786,q_21_main_0_30fps_frame0089.png,q_21_main_0_30fps_frame0089,Well
8786,q_23_main_1_30fps_frame0014.png,q_23_main_1_30fps_frame0014,Well
8786,q_23_main_1_30fps_frame0029.png,q_23_main_1_30fps_frame0029,Well
8786,q_23_main_1_30fps_frame0044.png,q_23_main_1_30fps_frame0044,Well
8786,q_23_main_1_30fps_frame0059.png,q_23_main_1_30fps_frame0059,Well
8786,q_23_main_1_30fps_frame0074.png,q_23_main_1_30fps_frame0074,Well
8786,q_23_main_1_30fps_frame0089.png,q_23_main_1_30fps_frame0089,Well
8786,q_25_main_1_30fps_frame0014.png,q_25_main_1_30fps_frame0014,Well
8786,q_25_main_1_30fps_frame0029.png,q_25_main_1_30fps_frame0029,Well
8786,q_25_main_1_30fps_frame0044.png,q_25_main_1_30fps_frame0044,Well
8786,q_25_main_1_30fps_frame0059.png,q_25_main_1_30fps_frame0059,Well
8786,q_25_main_1_30fps_frame0074.png,q_25_main_1_30fps_frame0074,Well
8786,q_25_main_1_30fps_frame0089.png,q_25_main_1_30fps_frame0089,Poorly
8786,q_28_main_0_30fps_frame0014.png,q_28_main_0_30fps_frame0014,Poorly
8786,q_28_main_0_30fps_frame0029.png,q_28_main_0_30fps_frame0029,Well
8786,q_28_main_0_30fps_frame0044.png,q_28_main_0_30fps_frame0044,Well
8786,q_28_main_0_30fps_frame0059.png,q_28_main_0_30fps_frame0059,Well
8786,q_28_main_0_30fps_frame0074.png,q_28_main_0_30fps_frame0074,Well
8786,q_28_main_0_30fps_frame0089.png,q_28_main_0_30fps_frame0089,Well
8786,q_2_main_1_30fps_frame0014.png,q_2_main_1_30fps_frame0014,Well
8786,q_2_main_1_30fps_frame0029.png,q_2_main_1_30fps_frame0029,Well
8786,q_2_main_1_30fps_frame0044.png,q_2_main_1_30fps_frame0044,Well
8786,q_2_main_1_30fps_frame0059.png,q_2_main_1_30fps_frame0059,Well
8786,q_2_main_1_30fps_frame0074.png,q_2_main_1_30fps_frame0074,Well
8786,q_2_main_1_30fps_frame0089.png,q_2_main_1_30fps_frame0089,Well
8786,q_30_main_0_30fps_frame0014.png,q_30_main_0_30fps_frame0014,Well
8786,q_30_main_0_30fps_frame0029.png,q_30_main_0_30fps_frame0029,Well
8786,q_30_main_0_30fps_frame0044.png,q_30_main_0_30fps_frame0044,Well
8786,q_30_main_0_30fps_frame0059.png,q_30_main_0_30fps_frame0059,Poorly
8786,q_30_main_0_30fps_frame0074.png,q_30_main_0_30fps_frame0074,Well
8786,q_30_main_0_30fps_frame0089.png,q_30_main_0_30fps_frame0089,Well
8786,q_3_main_1_30fps_frame0015.png,q_3_main_1_30fps_frame0015,Poorly
8786,q_3_main_1_30fps_frame0030.png,q_3_main_1_30fps_frame0030,Well
8786,q_3_main_1_30fps_frame0045.png,q_3_main_1_30fps_frame0045,Well
8786,q_3_main_1_30fps_frame0060.png,q_3_main_1_30fps_frame0060,Well
8786,q_3_main_1_30fps_frame0075.png,q_3_main_1_30fps_frame0075,Well
8786,q_3_main_1_30fps_frame0090.png,q_3_main_1_30fps_frame0090,Well
8786,q_5_main_0_30fps_frame0015.png,q_5_main_0_30fps_frame0015,Well
8786,q_5_main_0_30fps_frame0030.png,q_5_main_0_30fps_frame0030,Well
8786,q_5_main_0_30fps_frame0045.png,q_5_main_0_30fps_frame0045,Well
8786,q_5_main_0_30fps_frame0060.png,q_5_main_0_30fps_frame0060,Well
8786,q_5_main_0_30fps_frame0075.png,q_5_main_0_30fps_frame0075,Well
8786,q_5_main_0_30fps_frame0090.png,q_5_main_0_30fps_frame0090,Well
8786,q_7_main_1_30fps_frame0014.png,q_7_main_1_30fps_frame0014,Well
8786,q_7_main_1_30fps_frame0029.png,q_7_main_1_30fps_frame0029,Well
8786,q_7_main_1_30fps_frame0044.png,q_7_main_1_30fps_frame0044,Well
8786,q_7_main_1_30fps_frame0059.png,q_7_main_1_30fps_frame0059,Well
8786,q_7_main_1_30fps_frame0074.png,q_7_main_1_30fps_frame0074,Well
8786,q_7_main_1_30fps_frame0089.png,q_7_main_1_30fps_frame0089,Well
8786,q_warmup_3_main_1_30fps_frame0014.png,q_warmup_3_main_1_30fps_frame0014,Well
8786,q_warmup_3_main_1_30fps_frame0029.png,q_warmup_3_main_1_30fps_frame0029,Well
8786,q_warmup_3_main_1_30fps_frame0044.png,q_warmup_3_main_1_30fps_frame0044,Well
8786,q_warmup_3_main_1_30fps_frame0059.png,q_warmup_3_main_1_30fps_frame0059,Well
8786,q_warmup_3_main_1_30fps_frame0074.png,q_warmup_3_main_1_30fps_frame0074,Poorly
8786,q_warmup_3_main_1_30fps_frame0089.png,q_warmup_3_main_1_30fps_frame0089,Well
