participant,frame_file,frame_name,outcome_prediction
1048,q_10_main_0_30fps_frame0015.png,q_10_main_0_30fps_frame0015,Poorly.
1048,q_10_main_0_30fps_frame0030.png,q_10_main_0_30fps_frame0030,Poorly.
1048,q_10_main_0_30fps_frame0045.png,q_10_main_0_30fps_frame0045,Poorly.
1048,q_10_main_0_30fps_frame0060.png,q_10_main_0_30fps_frame0060,Poorly.
1048,q_10_main_0_30fps_frame0075.png,q_10_main_0_30fps_frame0075,poorly
1048,q_10_main_0_30fps_frame0090.png,q_10_main_0_30fps_frame0090,Poorly.
1048,q_12_main_1_30fps_frame0015.png,q_12_main_1_30fps_frame0015,Poorly.
1048,q_12_main_1_30fps_frame0030.png,q_12_main_1_30fps_frame0030,poorly.
1048,q_12_main_1_30fps_frame0045.png,q_12_main_1_30fps_frame0045,Poorly.
1048,q_12_main_1_30fps_frame0060.png,q_12_main_1_30fps_frame0060,Poorly.
1048,q_12_main_1_30fps_frame0075.png,q_12_main_1_30fps_frame0075,Poorly.
1048,q_12_main_1_30fps_frame0090.png,q_12_main_1_30fps_frame0090,Poorly.
1048,q_14_main_0_30fps_frame0014.png,q_14_main_0_30fps_frame0014,poorly
1048,q_14_main_0_30fps_frame0029.png,q_14_main_0_30fps_frame0029,poorly
1048,q_14_main_0_30fps_frame0044.png,q_14_main_0_30fps_frame0044,Poorly.
1048,q_14_main_0_30fps_frame0059.png,q_14_main_0_30fps_frame0059,Poorly.
1048,q_14_main_0_30fps_frame0074.png,q_14_main_0_30fps_frame0074,Poorly.
1048,q_14_main_0_30fps_frame0089.png,q_14_main_0_30fps_frame0089,Poorly.
1048,q_15_main_1_30fps_frame0013.png,q_15_main_1_30fps_frame0013,Poorly.
1048,q_15_main_1_30fps_frame0028.png,q_15_main_1_30fps_frame0028,poorly.
1048,q_15_main_1_30fps_frame0043.png,q_15_main_1_30fps_frame0043,Poorly.
1048,q_15_main_1_30fps_frame0058.png,q_15_main_1_30fps_frame0058,Poorly.
1048,q_15_main_1_30fps_frame0073.png,q_15_main_1_30fps_frame0073,Poorly.
1048,q_15_main_1_30fps_frame0088.png,q_15_main_1_30fps_frame0088,poorly.
1048,q_17_main_1_30fps_frame0013.png,q_17_main_1_30fps_frame0013,Poorly.
1048,q_17_main_1_30fps_frame0028.png,q_17_main_1_30fps_frame0028,Poorly.
1048,q_17_main_1_30fps_frame0043.png,q_17_main_1_30fps_frame0043,poorly.
1048,q_17_main_1_30fps_frame0058.png,q_17_main_1_30fps_frame0058,Poorly.
1048,q_17_main_1_30fps_frame0073.png,q_17_main_1_30fps_frame0073,Poorly.
1048,q_17_main_1_30fps_frame0088.png,q_17_main_1_30fps_frame0088,poorly.
1048,q_20_main_0_30fps_frame0014.png,q_20_main_0_30fps_frame0014,poorly.
1048,q_20_main_0_30fps_frame0029.png,q_20_main_0_30fps_frame0029,Poorly.
1048,q_20_main_0_30fps_frame0044.png,q_20_main_0_30fps_frame0044,"Poorly. The human in the image appears to be smiling, but the context of the image suggests that the situation is not going well for him. The image shows a man sitting in a chair, looking at the camera with a forced smile on his face. He appears to be in a kitchen or dining room, and there are various objects on the table behind him. The overall atmosphere of the image suggests that the man is feeling uncomfortable or anxious, and the forced smile is an attempt to hide his true emotions."
1048,q_20_main_0_30fps_frame0059.png,q_20_main_0_30fps_frame0059,Poorly.
1048,q_20_main_0_30fps_frame0074.png,q_20_main_0_30fps_frame0074,Poorly.
1048,q_20_main_0_30fps_frame0089.png,q_20_main_0_30fps_frame0089,Poorly.
1048,q_23_main_0_30fps_frame0014.png,q_23_main_0_30fps_frame0014,Poorly.
1048,q_23_main_0_30fps_frame0029.png,q_23_main_0_30fps_frame0029,Poorly.
1048,q_23_main_0_30fps_frame0044.png,q_23_main_0_30fps_frame0044,Poorly.
1048,q_23_main_0_30fps_frame0059.png,q_23_main_0_30fps_frame0059,Poorly.
1048,q_23_main_0_30fps_frame0074.png,q_23_main_0_30fps_frame0074,Poorly.
1048,q_23_main_0_30fps_frame0089.png,q_23_main_0_30fps_frame0089,Poorly.
1048,q_24_main_0_30fps_frame0014.png,q_24_main_0_30fps_frame0014,Poorly.
1048,q_24_main_0_30fps_frame0029.png,q_24_main_0_30fps_frame0029,Poorly.
1048,q_24_main_0_30fps_frame0044.png,q_24_main_0_30fps_frame0044,Poorly.
1048,q_24_main_0_30fps_frame0059.png,q_24_main_0_30fps_frame0059,Poorly.
1048,q_24_main_0_30fps_frame0074.png,q_24_main_0_30fps_frame0074,Poorly.
1048,q_24_main_0_30fps_frame0089.png,q_24_main_0_30fps_frame0089,Poorly.
1048,q_25_main_0_30fps_frame0014.png,q_25_main_0_30fps_frame0014,Poorly.
1048,q_25_main_0_30fps_frame0029.png,q_25_main_0_30fps_frame0029,Poorly.
1048,q_25_main_0_30fps_frame0044.png,q_25_main_0_30fps_frame0044,Poorly.
1048,q_25_main_0_30fps_frame0059.png,q_25_main_0_30fps_frame0059,poorly.
1048,q_25_main_0_30fps_frame0074.png,q_25_main_0_30fps_frame0074,Poorly.
1048,q_25_main_0_30fps_frame0089.png,q_25_main_0_30fps_frame0089,Poorly.
1048,q_29_main_0_30fps_frame0015.png,q_29_main_0_30fps_frame0015,Poorly.
1048,q_29_main_0_30fps_frame0030.png,q_29_main_0_30fps_frame0030,Poorly.
1048,q_29_main_0_30fps_frame0045.png,q_29_main_0_30fps_frame0045,Poorly.
1048,q_29_main_0_30fps_frame0060.png,q_29_main_0_30fps_frame0060,Poorly.
1048,q_29_main_0_30fps_frame0075.png,q_29_main_0_30fps_frame0075,Poorly.
1048,q_29_main_0_30fps_frame0090.png,q_29_main_0_30fps_frame0090,Poorly.
1048,q_2_main_1_30fps_frame0014.png,q_2_main_1_30fps_frame0014,Poorly.
1048,q_2_main_1_30fps_frame0029.png,q_2_main_1_30fps_frame0029,Poorly.
1048,q_2_main_1_30fps_frame0044.png,q_2_main_1_30fps_frame0044,Poorly.
1048,q_2_main_1_30fps_frame0059.png,q_2_main_1_30fps_frame0059,poorly.
1048,q_2_main_1_30fps_frame0074.png,q_2_main_1_30fps_frame0074,Poorly.
1048,q_2_main_1_30fps_frame0089.png,q_2_main_1_30fps_frame0089,Poorly.
1048,q_30_main_0_30fps_frame0014.png,q_30_main_0_30fps_frame0014,Poorly.
1048,q_30_main_0_30fps_frame0029.png,q_30_main_0_30fps_frame0029,Poorly.
1048,q_30_main_0_30fps_frame0044.png,q_30_main_0_30fps_frame0044,Poorly.
1048,q_30_main_0_30fps_frame0059.png,q_30_main_0_30fps_frame0059,Poorly.
1048,q_30_main_0_30fps_frame0074.png,q_30_main_0_30fps_frame0074,Poorly.
1048,q_30_main_0_30fps_frame0089.png,q_30_main_0_30fps_frame0089,Poorly.
1048,q_4_main_1_30fps_frame0014.png,q_4_main_1_30fps_frame0014,Poorly.
1048,q_4_main_1_30fps_frame0029.png,q_4_main_1_30fps_frame0029,poorly.
1048,q_4_main_1_30fps_frame0044.png,q_4_main_1_30fps_frame0044,Poorly.
1048,q_4_main_1_30fps_frame0059.png,q_4_main_1_30fps_frame0059,poorly.
1048,q_4_main_1_30fps_frame0074.png,q_4_main_1_30fps_frame0074,poorly.
1048,q_4_main_1_30fps_frame0089.png,q_4_main_1_30fps_frame0089,Poorly.
1048,q_6_main_1_30fps_frame0015.png,q_6_main_1_30fps_frame0015,Poorly.
1048,q_6_main_1_30fps_frame0030.png,q_6_main_1_30fps_frame0030,Poorly.
1048,q_6_main_1_30fps_frame0045.png,q_6_main_1_30fps_frame0045,Poorly.
1048,q_6_main_1_30fps_frame0060.png,q_6_main_1_30fps_frame0060,Poorly.
1048,q_6_main_1_30fps_frame0075.png,q_6_main_1_30fps_frame0075,Poorly.
1048,q_6_main_1_30fps_frame0090.png,q_6_main_1_30fps_frame0090,Poorly.
1048,q_warmup_3_main_1_30fps_frame0013.png,q_warmup_3_main_1_30fps_frame0013,Poorly.
1048,q_warmup_3_main_1_30fps_frame0028.png,q_warmup_3_main_1_30fps_frame0028,poorly.
1048,q_warmup_3_main_1_30fps_frame0043.png,q_warmup_3_main_1_30fps_frame0043,Poorly.
1048,q_warmup_3_main_1_30fps_frame0058.png,q_warmup_3_main_1_30fps_frame0058,Poorly.
1048,q_warmup_3_main_1_30fps_frame0073.png,q_warmup_3_main_1_30fps_frame0073,Poorly.
1048,q_warmup_3_main_1_30fps_frame0088.png,q_warmup_3_main_1_30fps_frame0088,Poorly.
1048,q_warmup_5_main_0_30fps_frame0015.png,q_warmup_5_main_0_30fps_frame0015,Poorly.
1048,q_warmup_5_main_0_30fps_frame0030.png,q_warmup_5_main_0_30fps_frame0030,Poorly.
1048,q_warmup_5_main_0_30fps_frame0045.png,q_warmup_5_main_0_30fps_frame0045,Poorly.
1048,q_warmup_5_main_0_30fps_frame0060.png,q_warmup_5_main_0_30fps_frame0060,Poorly.
1048,q_warmup_5_main_0_30fps_frame0075.png,q_warmup_5_main_0_30fps_frame0075,Poorly.
1048,q_warmup_5_main_0_30fps_frame0090.png,q_warmup_5_main_0_30fps_frame0090,Poorly.
1251,q_10_main_0_30fps_frame0015.png,q_10_main_0_30fps_frame0015,Poorly.
1251,q_10_main_0_30fps_frame0030.png,q_10_main_0_30fps_frame0030,Poorly.
1251,q_10_main_0_30fps_frame0045.png,q_10_main_0_30fps_frame0045,Poorly.
1251,q_10_main_0_30fps_frame0060.png,q_10_main_0_30fps_frame0060,Poorly.
1251,q_10_main_0_30fps_frame0075.png,q_10_main_0_30fps_frame0075,Poorly.
1251,q_10_main_0_30fps_frame0090.png,q_10_main_0_30fps_frame0090,Poorly.
1251,q_11_main_1_30fps_frame0014.png,q_11_main_1_30fps_frame0014,Poorly.
1251,q_11_main_1_30fps_frame0029.png,q_11_main_1_30fps_frame0029,Poorly.
1251,q_11_main_1_30fps_frame0044.png,q_11_main_1_30fps_frame0044,Poorly.
1251,q_11_main_1_30fps_frame0059.png,q_11_main_1_30fps_frame0059,Poorly.
1251,q_11_main_1_30fps_frame0074.png,q_11_main_1_30fps_frame0074,Poorly.
1251,q_11_main_1_30fps_frame0089.png,q_11_main_1_30fps_frame0089,Poorly.
1251,q_12_main_1_30fps_frame0015.png,q_12_main_1_30fps_frame0015,Poorly.
1251,q_12_main_1_30fps_frame0030.png,q_12_main_1_30fps_frame0030,Poorly.
1251,q_12_main_1_30fps_frame0045.png,q_12_main_1_30fps_frame0045,Poorly.
1251,q_12_main_1_30fps_frame0060.png,q_12_main_1_30fps_frame0060,Poorly.
1251,q_12_main_1_30fps_frame0075.png,q_12_main_1_30fps_frame0075,Poorly.
1251,q_12_main_1_30fps_frame0090.png,q_12_main_1_30fps_frame0090,Poorly.
1251,q_1_main_0_30fps_frame0015.png,q_1_main_0_30fps_frame0015,Poorly.
1251,q_1_main_0_30fps_frame0030.png,q_1_main_0_30fps_frame0030,Poorly.
1251,q_1_main_0_30fps_frame0045.png,q_1_main_0_30fps_frame0045,Poorly.
1251,q_1_main_0_30fps_frame0060.png,q_1_main_0_30fps_frame0060,Poorly.
1251,q_1_main_0_30fps_frame0075.png,q_1_main_0_30fps_frame0075,Poorly.
1251,q_1_main_0_30fps_frame0090.png,q_1_main_0_30fps_frame0090,Poorly.
1251,q_21_main_0_30fps_frame0015.png,q_21_main_0_30fps_frame0015,Poorly.
1251,q_21_main_0_30fps_frame0030.png,q_21_main_0_30fps_frame0030,Poorly.
1251,q_21_main_0_30fps_frame0045.png,q_21_main_0_30fps_frame0045,Poorly.
1251,q_21_main_0_30fps_frame0060.png,q_21_main_0_30fps_frame0060,Poorly.
1251,q_21_main_0_30fps_frame0075.png,q_21_main_0_30fps_frame0075,Poorly.
1251,q_21_main_0_30fps_frame0090.png,q_21_main_0_30fps_frame0090,Poorly.
1251,q_22_main_0_30fps_frame0015.png,q_22_main_0_30fps_frame0015,Poorly.
1251,q_22_main_0_30fps_frame0030.png,q_22_main_0_30fps_frame0030,Poorly.
1251,q_22_main_0_30fps_frame0045.png,q_22_main_0_30fps_frame0045,Poorly.
1251,q_22_main_0_30fps_frame0060.png,q_22_main_0_30fps_frame0060,Poorly.
1251,q_22_main_0_30fps_frame0075.png,q_22_main_0_30fps_frame0075,Poorly.
1251,q_22_main_0_30fps_frame0090.png,q_22_main_0_30fps_frame0090,Poorly.
1251,q_26_main_1_30fps_frame0014.png,q_26_main_1_30fps_frame0014,Poorly.
1251,q_26_main_1_30fps_frame0029.png,q_26_main_1_30fps_frame0029,Poorly.
1251,q_26_main_1_30fps_frame0044.png,q_26_main_1_30fps_frame0044,Poorly.
1251,q_26_main_1_30fps_frame0059.png,q_26_main_1_30fps_frame0059,Poorly.
1251,q_26_main_1_30fps_frame0074.png,q_26_main_1_30fps_frame0074,Poorly.
1251,q_26_main_1_30fps_frame0089.png,q_26_main_1_30fps_frame0089,Poorly.
1251,q_29_main_0_30fps_frame0014.png,q_29_main_0_30fps_frame0014,Poorly.
1251,q_29_main_0_30fps_frame0029.png,q_29_main_0_30fps_frame0029,Poorly.
1251,q_29_main_0_30fps_frame0044.png,q_29_main_0_30fps_frame0044,Poorly.
1251,q_29_main_0_30fps_frame0059.png,q_29_main_0_30fps_frame0059,Poorly.
1251,q_29_main_0_30fps_frame0074.png,q_29_main_0_30fps_frame0074,Poorly.
1251,q_29_main_0_30fps_frame0089.png,q_29_main_0_30fps_frame0089,Poorly.
1251,q_2_main_1_30fps_frame0015.png,q_2_main_1_30fps_frame0015,Poorly.
1251,q_2_main_1_30fps_frame0030.png,q_2_main_1_30fps_frame0030,Poorly.
1251,q_2_main_1_30fps_frame0045.png,q_2_main_1_30fps_frame0045,Poorly.
1251,q_2_main_1_30fps_frame0060.png,q_2_main_1_30fps_frame0060,Poorly.
1251,q_2_main_1_30fps_frame0075.png,q_2_main_1_30fps_frame0075,Poorly.
1251,q_2_main_1_30fps_frame0090.png,q_2_main_1_30fps_frame0090,Poorly.
1251,q_30_main_0_30fps_frame0014.png,q_30_main_0_30fps_frame0014,Poorly.
1251,q_30_main_0_30fps_frame0029.png,q_30_main_0_30fps_frame0029,Poorly.
1251,q_30_main_0_30fps_frame0044.png,q_30_main_0_30fps_frame0044,Poorly.
1251,q_30_main_0_30fps_frame0059.png,q_30_main_0_30fps_frame0059,Poorly.
1251,q_30_main_0_30fps_frame0074.png,q_30_main_0_30fps_frame0074,Poorly.
1251,q_30_main_0_30fps_frame0089.png,q_30_main_0_30fps_frame0089,Poorly.
1251,q_3_main_0_30fps_frame0014.png,q_3_main_0_30fps_frame0014,Poorly.
1251,q_3_main_0_30fps_frame0029.png,q_3_main_0_30fps_frame0029,Poorly.
1251,q_3_main_0_30fps_frame0044.png,q_3_main_0_30fps_frame0044,Poorly.
1251,q_3_main_0_30fps_frame0059.png,q_3_main_0_30fps_frame0059,Poorly.
1251,q_3_main_0_30fps_frame0074.png,q_3_main_0_30fps_frame0074,Poorly.
1251,q_3_main_0_30fps_frame0089.png,q_3_main_0_30fps_frame0089,Poorly.
1251,q_5_main_0_30fps_frame0014.png,q_5_main_0_30fps_frame0014,Poorly.
1251,q_5_main_0_30fps_frame0029.png,q_5_main_0_30fps_frame0029,Poorly.
1251,q_5_main_0_30fps_frame0044.png,q_5_main_0_30fps_frame0044,Poorly.
1251,q_5_main_0_30fps_frame0059.png,q_5_main_0_30fps_frame0059,Poorly.
1251,q_5_main_0_30fps_frame0074.png,q_5_main_0_30fps_frame0074,Poorly.
1251,q_5_main_0_30fps_frame0089.png,q_5_main_0_30fps_frame0089,Poorly.
1251,q_6_main_1_30fps_frame0014.png,q_6_main_1_30fps_frame0014,Poorly.
1251,q_6_main_1_30fps_frame0029.png,q_6_main_1_30fps_frame0029,poorly
1251,q_6_main_1_30fps_frame0044.png,q_6_main_1_30fps_frame0044,Poorly.
1251,q_6_main_1_30fps_frame0059.png,q_6_main_1_30fps_frame0059,Poorly.
1251,q_6_main_1_30fps_frame0074.png,q_6_main_1_30fps_frame0074,Poorly.
1251,q_6_main_1_30fps_frame0089.png,q_6_main_1_30fps_frame0089,Poorly.
1251,q_7_main_1_30fps_frame0015.png,q_7_main_1_30fps_frame0015,Poorly.
1251,q_7_main_1_30fps_frame0030.png,q_7_main_1_30fps_frame0030,Poorly.
1251,q_7_main_1_30fps_frame0045.png,q_7_main_1_30fps_frame0045,Poorly.
1251,q_7_main_1_30fps_frame0060.png,q_7_main_1_30fps_frame0060,Poorly.
1251,q_7_main_1_30fps_frame0075.png,q_7_main_1_30fps_frame0075,Poorly.
1251,q_7_main_1_30fps_frame0090.png,q_7_main_1_30fps_frame0090,Poorly.
1251,q_8_main_0_30fps_frame0014.png,q_8_main_0_30fps_frame0014,poorly
1251,q_8_main_0_30fps_frame0029.png,q_8_main_0_30fps_frame0029,Poorly.
1251,q_8_main_0_30fps_frame0044.png,q_8_main_0_30fps_frame0044,Poorly.
1251,q_8_main_0_30fps_frame0059.png,q_8_main_0_30fps_frame0059,Poorly.
1251,q_8_main_0_30fps_frame0074.png,q_8_main_0_30fps_frame0074,Poorly.
1251,q_8_main_0_30fps_frame0089.png,q_8_main_0_30fps_frame0089,Poorly.
1251,q_warmup_3_main_1_30fps_frame0015.png,q_warmup_3_main_1_30fps_frame0015,Poorly.
1251,q_warmup_3_main_1_30fps_frame0030.png,q_warmup_3_main_1_30fps_frame0030,Poorly.
1251,q_warmup_3_main_1_30fps_frame0045.png,q_warmup_3_main_1_30fps_frame0045,Poorly.
1251,q_warmup_3_main_1_30fps_frame0060.png,q_warmup_3_main_1_30fps_frame0060,Poorly.
1251,q_warmup_3_main_1_30fps_frame0075.png,q_warmup_3_main_1_30fps_frame0075,Poorly.
1251,q_warmup_3_main_1_30fps_frame0090.png,q_warmup_3_main_1_30fps_frame0090,Poorly.
1251,q_warmup_4_main_0_30fps_frame0015.png,q_warmup_4_main_0_30fps_frame0015,Poorly.
1251,q_warmup_4_main_0_30fps_frame0030.png,q_warmup_4_main_0_30fps_frame0030,Poorly.
1251,q_warmup_4_main_0_30fps_frame0045.png,q_warmup_4_main_0_30fps_frame0045,poorly
1251,q_warmup_4_main_0_30fps_frame0060.png,q_warmup_4_main_0_30fps_frame0060,poorly
1251,q_warmup_4_main_0_30fps_frame0075.png,q_warmup_4_main_0_30fps_frame0075,Poorly.
1251,q_warmup_4_main_0_30fps_frame0090.png,q_warmup_4_main_0_30fps_frame0090,poorly
1483,q_11_main_1_30fps_frame0013.png,q_11_main_1_30fps_frame0013,Poorly.
1483,q_11_main_1_30fps_frame0028.png,q_11_main_1_30fps_frame0028,Poorly.
1483,q_11_main_1_30fps_frame0043.png,q_11_main_1_30fps_frame0043,Poorly.
1483,q_11_main_1_30fps_frame0058.png,q_11_main_1_30fps_frame0058,Poorly.
1483,q_11_main_1_30fps_frame0073.png,q_11_main_1_30fps_frame0073,Poorly.
1483,q_11_main_1_30fps_frame0088.png,q_11_main_1_30fps_frame0088,Poorly.
1483,q_12_main_1_30fps_frame0014.png,q_12_main_1_30fps_frame0014,Poorly.
1483,q_12_main_1_30fps_frame0029.png,q_12_main_1_30fps_frame0029,poorly.
1483,q_12_main_1_30fps_frame0044.png,q_12_main_1_30fps_frame0044,poorly
1483,q_12_main_1_30fps_frame0059.png,q_12_main_1_30fps_frame0059,Poorly.
1483,q_12_main_1_30fps_frame0074.png,q_12_main_1_30fps_frame0074,Poorly.
1483,q_12_main_1_30fps_frame0089.png,q_12_main_1_30fps_frame0089,poorly
1483,q_14_main_0_30fps_frame0015.png,q_14_main_0_30fps_frame0015,Poorly.
1483,q_14_main_0_30fps_frame0030.png,q_14_main_0_30fps_frame0030,Poorly.
1483,q_14_main_0_30fps_frame0045.png,q_14_main_0_30fps_frame0045,Poorly.
1483,q_14_main_0_30fps_frame0060.png,q_14_main_0_30fps_frame0060,Poorly.
1483,q_14_main_0_30fps_frame0075.png,q_14_main_0_30fps_frame0075,Poorly.
1483,q_14_main_0_30fps_frame0090.png,q_14_main_0_30fps_frame0090,Poorly.
1483,q_16_main_1_30fps_frame0014.png,q_16_main_1_30fps_frame0014,Poorly.
1483,q_16_main_1_30fps_frame0029.png,q_16_main_1_30fps_frame0029,Poorly.
1483,q_16_main_1_30fps_frame0044.png,q_16_main_1_30fps_frame0044,poorly.
1483,q_16_main_1_30fps_frame0059.png,q_16_main_1_30fps_frame0059,Poorly.
1483,q_16_main_1_30fps_frame0074.png,q_16_main_1_30fps_frame0074,Poorly.
1483,q_16_main_1_30fps_frame0089.png,q_16_main_1_30fps_frame0089,Poorly.
1483,q_18_main_0_30fps_frame0014.png,q_18_main_0_30fps_frame0014,Poorly.
1483,q_18_main_0_30fps_frame0029.png,q_18_main_0_30fps_frame0029,Poorly.
1483,q_18_main_0_30fps_frame0044.png,q_18_main_0_30fps_frame0044,Poorly.
1483,q_18_main_0_30fps_frame0059.png,q_18_main_0_30fps_frame0059,poorly
1483,q_18_main_0_30fps_frame0074.png,q_18_main_0_30fps_frame0074,poorly
1483,q_18_main_0_30fps_frame0089.png,q_18_main_0_30fps_frame0089,Poorly.
1483,q_21_main_1_30fps_frame0014.png,q_21_main_1_30fps_frame0014,Poorly.
1483,q_21_main_1_30fps_frame0029.png,q_21_main_1_30fps_frame0029,Poorly.
1483,q_21_main_1_30fps_frame0044.png,q_21_main_1_30fps_frame0044,poorly.
1483,q_21_main_1_30fps_frame0059.png,q_21_main_1_30fps_frame0059,Poorly.
1483,q_21_main_1_30fps_frame0074.png,q_21_main_1_30fps_frame0074,poorly.
1483,q_21_main_1_30fps_frame0089.png,q_21_main_1_30fps_frame0089,Poorly.
1483,q_24_main_0_30fps_frame0014.png,q_24_main_0_30fps_frame0014,poorly.
1483,q_24_main_0_30fps_frame0029.png,q_24_main_0_30fps_frame0029,poorly
1483,q_24_main_0_30fps_frame0044.png,q_24_main_0_30fps_frame0044,poorly.
1483,q_24_main_0_30fps_frame0059.png,q_24_main_0_30fps_frame0059,poorly
1483,q_24_main_0_30fps_frame0074.png,q_24_main_0_30fps_frame0074,Poorly.
1483,q_24_main_0_30fps_frame0089.png,q_24_main_0_30fps_frame0089,poorly
1483,q_25_main_0_30fps_frame0015.png,q_25_main_0_30fps_frame0015,poorly
1483,q_25_main_0_30fps_frame0030.png,q_25_main_0_30fps_frame0030,Poorly.
1483,q_25_main_0_30fps_frame0045.png,q_25_main_0_30fps_frame0045,Poorly.
1483,q_25_main_0_30fps_frame0060.png,q_25_main_0_30fps_frame0060,Poorly.
1483,q_25_main_0_30fps_frame0075.png,q_25_main_0_30fps_frame0075,Poorly.
1483,q_25_main_0_30fps_frame0090.png,q_25_main_0_30fps_frame0090,Poorly.
1483,q_27_main_1_30fps_frame0015.png,q_27_main_1_30fps_frame0015,Poorly.
1483,q_27_main_1_30fps_frame0030.png,q_27_main_1_30fps_frame0030,poorly
1483,q_27_main_1_30fps_frame0045.png,q_27_main_1_30fps_frame0045,poorly
1483,q_27_main_1_30fps_frame0060.png,q_27_main_1_30fps_frame0060,Poorly.
1483,q_27_main_1_30fps_frame0075.png,q_27_main_1_30fps_frame0075,Poorly.
1483,q_27_main_1_30fps_frame0090.png,q_27_main_1_30fps_frame0090,poorly
1483,q_29_main_0_30fps_frame0014.png,q_29_main_0_30fps_frame0014,poorly
1483,q_29_main_0_30fps_frame0029.png,q_29_main_0_30fps_frame0029,Poorly.
1483,q_29_main_0_30fps_frame0044.png,q_29_main_0_30fps_frame0044,Poorly.
1483,q_29_main_0_30fps_frame0059.png,q_29_main_0_30fps_frame0059,poorly.
1483,q_29_main_0_30fps_frame0074.png,q_29_main_0_30fps_frame0074,Poorly.
1483,q_29_main_0_30fps_frame0089.png,q_29_main_0_30fps_frame0089,poorly
1483,q_3_main_0_30fps_frame0013.png,q_3_main_0_30fps_frame0013,Poorly.
1483,q_3_main_0_30fps_frame0028.png,q_3_main_0_30fps_frame0028,poorly
1483,q_3_main_0_30fps_frame0043.png,q_3_main_0_30fps_frame0043,poorly.
1483,q_3_main_0_30fps_frame0058.png,q_3_main_0_30fps_frame0058,poorly
1483,q_3_main_0_30fps_frame0073.png,q_3_main_0_30fps_frame0073,poorly
1483,q_3_main_0_30fps_frame0088.png,q_3_main_0_30fps_frame0088,Poorly.
1483,q_5_main_0_30fps_frame0013.png,q_5_main_0_30fps_frame0013,poorly
1483,q_5_main_0_30fps_frame0028.png,q_5_main_0_30fps_frame0028,poorly.
1483,q_5_main_0_30fps_frame0043.png,q_5_main_0_30fps_frame0043,poorly
1483,q_5_main_0_30fps_frame0058.png,q_5_main_0_30fps_frame0058,Poorly.
1483,q_5_main_0_30fps_frame0073.png,q_5_main_0_30fps_frame0073,poorly.
1483,q_5_main_0_30fps_frame0088.png,q_5_main_0_30fps_frame0088,Poorly.
1483,q_7_main_1_30fps_frame0014.png,q_7_main_1_30fps_frame0014,Poorly.
1483,q_7_main_1_30fps_frame0029.png,q_7_main_1_30fps_frame0029,Poorly.
1483,q_7_main_1_30fps_frame0044.png,q_7_main_1_30fps_frame0044,Poorly.
1483,q_7_main_1_30fps_frame0059.png,q_7_main_1_30fps_frame0059,Poorly.
1483,q_7_main_1_30fps_frame0074.png,q_7_main_1_30fps_frame0074,poorly
1483,q_7_main_1_30fps_frame0089.png,q_7_main_1_30fps_frame0089,poorly
1483,q_8_main_0_30fps_frame0015.png,q_8_main_0_30fps_frame0015,poorly
1483,q_8_main_0_30fps_frame0030.png,q_8_main_0_30fps_frame0030,Poorly.
1483,q_8_main_0_30fps_frame0045.png,q_8_main_0_30fps_frame0045,poorly
1483,q_8_main_0_30fps_frame0060.png,q_8_main_0_30fps_frame0060,Poorly.
1483,q_8_main_0_30fps_frame0075.png,q_8_main_0_30fps_frame0075,Poorly.
1483,q_8_main_0_30fps_frame0090.png,q_8_main_0_30fps_frame0090,Poorly.
1483,q_9_main_0_30fps_frame0014.png,q_9_main_0_30fps_frame0014,poorly
1483,q_9_main_0_30fps_frame0029.png,q_9_main_0_30fps_frame0029,poorly
1483,q_9_main_0_30fps_frame0044.png,q_9_main_0_30fps_frame0044,poorly
1483,q_9_main_0_30fps_frame0059.png,q_9_main_0_30fps_frame0059,Poorly.
1483,q_9_main_0_30fps_frame0074.png,q_9_main_0_30fps_frame0074,poorly
1483,q_9_main_0_30fps_frame0089.png,q_9_main_0_30fps_frame0089,Poorly.
1483,q_warmup_3_main_1_30fps_frame0014.png,q_warmup_3_main_1_30fps_frame0014,poorly.
1483,q_warmup_3_main_1_30fps_frame0029.png,q_warmup_3_main_1_30fps_frame0029,Poorly.
1483,q_warmup_3_main_1_30fps_frame0044.png,q_warmup_3_main_1_30fps_frame0044,poorly.
1483,q_warmup_3_main_1_30fps_frame0059.png,q_warmup_3_main_1_30fps_frame0059,Poorly.
1483,q_warmup_3_main_1_30fps_frame0074.png,q_warmup_3_main_1_30fps_frame0074,Poorly.
1483,q_warmup_3_main_1_30fps_frame0089.png,q_warmup_3_main_1_30fps_frame0089,poorly
1676,q_10_main_0_30fps_frame0015.png,q_10_main_0_30fps_frame0015,Poorly.
1676,q_10_main_0_30fps_frame0030.png,q_10_main_0_30fps_frame0030,poorly.
1676,q_10_main_0_30fps_frame0045.png,q_10_main_0_30fps_frame0045,Poorly.
1676,q_10_main_0_30fps_frame0060.png,q_10_main_0_30fps_frame0060,Poorly.
1676,q_10_main_0_30fps_frame0075.png,q_10_main_0_30fps_frame0075,Poorly.
1676,q_10_main_0_30fps_frame0090.png,q_10_main_0_30fps_frame0090,Poorly.
1676,q_11_main_1_30fps_frame0014.png,q_11_main_1_30fps_frame0014,"Poorly. The woman's expression and posture suggest that she is experiencing discomfort or pain, which may indicate that the situation is not going well for her."
1676,q_11_main_1_30fps_frame0029.png,q_11_main_1_30fps_frame0029,Poorly.
1676,q_11_main_1_30fps_frame0044.png,q_11_main_1_30fps_frame0044,Poorly.
1676,q_11_main_1_30fps_frame0059.png,q_11_main_1_30fps_frame0059,Poorly.
1676,q_11_main_1_30fps_frame0074.png,q_11_main_1_30fps_frame0074,Poorly.
1676,q_11_main_1_30fps_frame0089.png,q_11_main_1_30fps_frame0089,Poorly.
1676,q_12_main_1_30fps_frame0014.png,q_12_main_1_30fps_frame0014,"Poorly. The woman's expression and posture suggest that she is experiencing discomfort or pain, which may indicate that the situation is not going well for her."
1676,q_12_main_1_30fps_frame0029.png,q_12_main_1_30fps_frame0029,Well.
1676,q_12_main_1_30fps_frame0044.png,q_12_main_1_30fps_frame0044,"Poorly. The person in the image appears to be experiencing a negative emotional state, as evidenced by their frowning and downward gaze. This suggests that the situation they are observing is likely to have a negative outcome."
1676,q_12_main_1_30fps_frame0059.png,q_12_main_1_30fps_frame0059,"Poorly. The woman's smile appears to be a forced smile, and her eyes appear to be wide with fear. This suggests that the situation is not going well for her."
1676,q_12_main_1_30fps_frame0074.png,q_12_main_1_30fps_frame0074,"Poorly. The woman's facial expression and posture suggest that she is experiencing discomfort or distress, which may indicate that the situation is not going well for her."
1676,q_12_main_1_30fps_frame0089.png,q_12_main_1_30fps_frame0089,Poorly.
1676,q_15_main_1_30fps_frame0015.png,q_15_main_1_30fps_frame0015,"Poorly. The woman's facial expression and posture suggest that she is experiencing discomfort or distress, which may indicate that the situation is not going well for her."
1676,q_15_main_1_30fps_frame0030.png,q_15_main_1_30fps_frame0030,Poorly.
1676,q_15_main_1_30fps_frame0045.png,q_15_main_1_30fps_frame0045,Poorly.
1676,q_15_main_1_30fps_frame0060.png,q_15_main_1_30fps_frame0060,Poorly.
1676,q_15_main_1_30fps_frame0075.png,q_15_main_1_30fps_frame0075,Poorly.
1676,q_15_main_1_30fps_frame0090.png,q_15_main_1_30fps_frame0090,"Poorly. The woman's expression and posture suggest that she is experiencing discomfort or distress, which may indicate that the situation is not going well for her."
1676,q_16_main_1_30fps_frame0015.png,q_16_main_1_30fps_frame0015,"Poorly. The woman's facial expression and posture suggest that she is experiencing discomfort or distress, which may indicate that the situation is not going well for her."
1676,q_16_main_1_30fps_frame0030.png,q_16_main_1_30fps_frame0030,"Poorly. The woman's facial expression and posture suggest that she is experiencing discomfort or distress, which may indicate that the situation is not going well for her."
1676,q_16_main_1_30fps_frame0045.png,q_16_main_1_30fps_frame0045,"Poorly. The person in the image appears to be smiling, but their eyes are wide and their eyebrows are furrowed, which can indicate anxiety or discomfort. Additionally, their mouth is open, which can suggest that they are trying to speak or express themselves, but are being interrupted or cut off. Overall, the person's body language and facial expressions suggest that they are experiencing some kind of distress or discomfort."
1676,q_16_main_1_30fps_frame0060.png,q_16_main_1_30fps_frame0060,"Poorly. The person in the image appears to be experiencing a negative emotional state, as evidenced by their frowning and downward gaze. This suggests that the situation they are observing may not have a positive outcome."
1676,q_16_main_1_30fps_frame0075.png,q_16_main_1_30fps_frame0075,"Poorly. The woman's expression and posture suggest that she is experiencing discomfort or pain, which may indicate that the situation is not going well for her."
1676,q_16_main_1_30fps_frame0090.png,q_16_main_1_30fps_frame0090,"Poorly. The woman's facial expression and posture suggest that she is experiencing discomfort or distress, which may indicate that the situation is not going well for her."
1676,q_17_main_0_30fps_frame0015.png,q_17_main_0_30fps_frame0015,Poorly.
1676,q_17_main_0_30fps_frame0030.png,q_17_main_0_30fps_frame0030,Poorly.
1676,q_17_main_0_30fps_frame0045.png,q_17_main_0_30fps_frame0045,Poorly.
1676,q_17_main_0_30fps_frame0060.png,q_17_main_0_30fps_frame0060,Poorly.
1676,q_17_main_0_30fps_frame0075.png,q_17_main_0_30fps_frame0075,Poorly.
1676,q_17_main_0_30fps_frame0090.png,q_17_main_0_30fps_frame0090,Poorly.
1676,q_18_main_0_30fps_frame0015.png,q_18_main_0_30fps_frame0015,"Poorly. The woman's expression suggests she is experiencing frustration or anger, which may indicate that the situation is not going well for her."
1676,q_18_main_0_30fps_frame0030.png,q_18_main_0_30fps_frame0030,Poorly.
1676,q_18_main_0_30fps_frame0045.png,q_18_main_0_30fps_frame0045,Poorly.
1676,q_18_main_0_30fps_frame0060.png,q_18_main_0_30fps_frame0060,Poorly.
1676,q_18_main_0_30fps_frame0075.png,q_18_main_0_30fps_frame0075,Poorly.
1676,q_18_main_0_30fps_frame0090.png,q_18_main_0_30fps_frame0090,poorly.
1676,q_1_main_0_30fps_frame0015.png,q_1_main_0_30fps_frame0015,Poorly.
1676,q_1_main_0_30fps_frame0030.png,q_1_main_0_30fps_frame0030,Poorly.
1676,q_1_main_0_30fps_frame0045.png,q_1_main_0_30fps_frame0045,Poorly.
1676,q_1_main_0_30fps_frame0060.png,q_1_main_0_30fps_frame0060,Poorly.
1676,q_1_main_0_30fps_frame0075.png,q_1_main_0_30fps_frame0075,"Poorly. The woman's facial expression and posture suggest that she is experiencing discomfort or distress, which may indicate that the situation is not going well for her."
1676,q_1_main_0_30fps_frame0090.png,q_1_main_0_30fps_frame0090,Poorly.
1676,q_21_main_0_30fps_frame0015.png,q_21_main_0_30fps_frame0015,"Poorly. The woman's facial expression and posture suggest that she is experiencing discomfort or distress, which may indicate that the situation is not going well for her."
1676,q_21_main_0_30fps_frame0030.png,q_21_main_0_30fps_frame0030,"Poorly. The woman's facial expression and posture suggest that she is experiencing discomfort or distress, which may indicate that the situation is not going well for her."
1676,q_21_main_0_30fps_frame0045.png,q_21_main_0_30fps_frame0045,Poorly.
1676,q_21_main_0_30fps_frame0060.png,q_21_main_0_30fps_frame0060,Poorly.
1676,q_21_main_0_30fps_frame0075.png,q_21_main_0_30fps_frame0075,"Poorly. The woman's expression and posture suggest that she is experiencing discomfort or pain, which may indicate that the situation is not going well for her."
1676,q_21_main_0_30fps_frame0090.png,q_21_main_0_30fps_frame0090,Poorly.
1676,q_23_main_0_30fps_frame0015.png,q_23_main_0_30fps_frame0015,Poorly.
1676,q_23_main_0_30fps_frame0030.png,q_23_main_0_30fps_frame0030,Poorly.
1676,q_23_main_0_30fps_frame0045.png,q_23_main_0_30fps_frame0045,Poorly.
1676,q_23_main_0_30fps_frame0060.png,q_23_main_0_30fps_frame0060,Poorly.
1676,q_23_main_0_30fps_frame0075.png,q_23_main_0_30fps_frame0075,Poorly.
1676,q_23_main_0_30fps_frame0090.png,q_23_main_0_30fps_frame0090,Poorly.
1676,q_24_main_0_30fps_frame0015.png,q_24_main_0_30fps_frame0015,poorly.
1676,q_24_main_0_30fps_frame0030.png,q_24_main_0_30fps_frame0030,Poorly.
1676,q_24_main_0_30fps_frame0045.png,q_24_main_0_30fps_frame0045,"Poorly. The woman's facial expression and posture suggest that she is experiencing discomfort or distress, which may indicate that the situation is not going well for her."
1676,q_24_main_0_30fps_frame0060.png,q_24_main_0_30fps_frame0060,Poorly.
1676,q_24_main_0_30fps_frame0075.png,q_24_main_0_30fps_frame0075,poorly.
1676,q_24_main_0_30fps_frame0090.png,q_24_main_0_30fps_frame0090,Poorly.
1676,q_26_main_0_30fps_frame0014.png,q_26_main_0_30fps_frame0014,Poorly.
1676,q_26_main_0_30fps_frame0029.png,q_26_main_0_30fps_frame0029,Poorly.
1676,q_26_main_0_30fps_frame0044.png,q_26_main_0_30fps_frame0044,Poorly.
1676,q_26_main_0_30fps_frame0059.png,q_26_main_0_30fps_frame0059,Poorly.
1676,q_26_main_0_30fps_frame0074.png,q_26_main_0_30fps_frame0074,Poorly.
1676,q_26_main_0_30fps_frame0089.png,q_26_main_0_30fps_frame0089,Poorly.
1676,q_2_main_1_30fps_frame0015.png,q_2_main_1_30fps_frame0015,Poorly.
1676,q_2_main_1_30fps_frame0030.png,q_2_main_1_30fps_frame0030,"Poorly. The woman's expression and posture suggest that she is experiencing discomfort or distress, which may indicate that the situation is not going well for her."
1676,q_2_main_1_30fps_frame0045.png,q_2_main_1_30fps_frame0045,"Poorly. The woman's expression suggests that she is experiencing discomfort or pain, which may indicate that the situation is not going well for her."
1676,q_2_main_1_30fps_frame0060.png,q_2_main_1_30fps_frame0060,"Poorly. The woman's expression and posture suggest that she is experiencing discomfort or pain, which may indicate that the situation is not going well for her."
1676,q_2_main_1_30fps_frame0075.png,q_2_main_1_30fps_frame0075,Poorly.
1676,q_2_main_1_30fps_frame0090.png,q_2_main_1_30fps_frame0090,poorly
1676,q_30_main_0_30fps_frame0015.png,q_30_main_0_30fps_frame0015,Poorly.
1676,q_30_main_0_30fps_frame0030.png,q_30_main_0_30fps_frame0030,poorly.
1676,q_30_main_0_30fps_frame0045.png,q_30_main_0_30fps_frame0045,Poorly.
1676,q_30_main_0_30fps_frame0060.png,q_30_main_0_30fps_frame0060,poorly.
1676,q_30_main_0_30fps_frame0075.png,q_30_main_0_30fps_frame0075,poorly.
1676,q_30_main_0_30fps_frame0090.png,q_30_main_0_30fps_frame0090,Poorly.
1676,q_3_main_1_30fps_frame0015.png,q_3_main_1_30fps_frame0015,Poorly.
1676,q_3_main_1_30fps_frame0030.png,q_3_main_1_30fps_frame0030,Poorly.
1676,q_3_main_1_30fps_frame0045.png,q_3_main_1_30fps_frame0045,Poorly.
1676,q_3_main_1_30fps_frame0060.png,q_3_main_1_30fps_frame0060,Poorly.
1676,q_3_main_1_30fps_frame0075.png,q_3_main_1_30fps_frame0075,Poorly.
1676,q_3_main_1_30fps_frame0090.png,q_3_main_1_30fps_frame0090,"Poorly. The woman's facial expression and posture suggest that she is experiencing discomfort or distress, which may indicate that the situation is not going well for her."
1676,q_4_main_0_30fps_frame0015.png,q_4_main_0_30fps_frame0015,Poorly.
1676,q_4_main_0_30fps_frame0030.png,q_4_main_0_30fps_frame0030,Poorly.
1676,q_4_main_0_30fps_frame0045.png,q_4_main_0_30fps_frame0045,Poorly.
1676,q_4_main_0_30fps_frame0060.png,q_4_main_0_30fps_frame0060,Poorly.
1676,q_4_main_0_30fps_frame0075.png,q_4_main_0_30fps_frame0075,Poorly.
1676,q_4_main_0_30fps_frame0090.png,q_4_main_0_30fps_frame0090,Poorly.
1676,q_5_main_0_30fps_frame0015.png,q_5_main_0_30fps_frame0015,poorly.
1676,q_5_main_0_30fps_frame0030.png,q_5_main_0_30fps_frame0030,Poorly.
1676,q_5_main_0_30fps_frame0045.png,q_5_main_0_30fps_frame0045,Poorly.
1676,q_5_main_0_30fps_frame0060.png,q_5_main_0_30fps_frame0060,Poorly.
1676,q_5_main_0_30fps_frame0075.png,q_5_main_0_30fps_frame0075,Poorly.
1676,q_5_main_0_30fps_frame0090.png,q_5_main_0_30fps_frame0090,Poorly.
1676,q_warmup_4_main_0_30fps_frame0014.png,q_warmup_4_main_0_30fps_frame0014,Poorly.
1676,q_warmup_4_main_0_30fps_frame0029.png,q_warmup_4_main_0_30fps_frame0029,Poorly.
1676,q_warmup_4_main_0_30fps_frame0044.png,q_warmup_4_main_0_30fps_frame0044,Poorly.
1676,q_warmup_4_main_0_30fps_frame0059.png,q_warmup_4_main_0_30fps_frame0059,Poorly.
1676,q_warmup_4_main_0_30fps_frame0074.png,q_warmup_4_main_0_30fps_frame0074,Poorly.
1676,q_warmup_4_main_0_30fps_frame0089.png,q_warmup_4_main_0_30fps_frame0089,Poorly.
2103,q_11_main_1_30fps_frame0013.png,q_11_main_1_30fps_frame0013,poorly.
2103,q_11_main_1_30fps_frame0028.png,q_11_main_1_30fps_frame0028,Poorly.
2103,q_11_main_1_30fps_frame0043.png,q_11_main_1_30fps_frame0043,Poorly.
2103,q_11_main_1_30fps_frame0058.png,q_11_main_1_30fps_frame0058,poorly.
2103,q_11_main_1_30fps_frame0073.png,q_11_main_1_30fps_frame0073,Poorly.
2103,q_11_main_1_30fps_frame0088.png,q_11_main_1_30fps_frame0088,Poorly.
2103,q_12_main_1_30fps_frame0015.png,q_12_main_1_30fps_frame0015,Poorly.
2103,q_12_main_1_30fps_frame0030.png,q_12_main_1_30fps_frame0030,poorly
2103,q_12_main_1_30fps_frame0045.png,q_12_main_1_30fps_frame0045,poorly
2103,q_12_main_1_30fps_frame0060.png,q_12_main_1_30fps_frame0060,Poorly.
2103,q_12_main_1_30fps_frame0075.png,q_12_main_1_30fps_frame0075,Poorly.
2103,q_12_main_1_30fps_frame0090.png,q_12_main_1_30fps_frame0090,Poorly.
2103,q_13_main_1_30fps_frame0015.png,q_13_main_1_30fps_frame0015,Poorly.
2103,q_13_main_1_30fps_frame0030.png,q_13_main_1_30fps_frame0030,poorly.
2103,q_13_main_1_30fps_frame0045.png,q_13_main_1_30fps_frame0045,Poorly.
2103,q_13_main_1_30fps_frame0060.png,q_13_main_1_30fps_frame0060,poorly
2103,q_13_main_1_30fps_frame0075.png,q_13_main_1_30fps_frame0075,poorly.
2103,q_13_main_1_30fps_frame0090.png,q_13_main_1_30fps_frame0090,Poorly.
2103,q_15_main_1_30fps_frame0014.png,q_15_main_1_30fps_frame0014,poorly
2103,q_15_main_1_30fps_frame0029.png,q_15_main_1_30fps_frame0029,Poorly.
2103,q_15_main_1_30fps_frame0044.png,q_15_main_1_30fps_frame0044,poorly.
2103,q_15_main_1_30fps_frame0059.png,q_15_main_1_30fps_frame0059,Poorly.
2103,q_15_main_1_30fps_frame0074.png,q_15_main_1_30fps_frame0074,Poorly.
2103,q_15_main_1_30fps_frame0089.png,q_15_main_1_30fps_frame0089,Poorly.
2103,q_17_main_1_30fps_frame0014.png,q_17_main_1_30fps_frame0014,poorly
2103,q_17_main_1_30fps_frame0029.png,q_17_main_1_30fps_frame0029,Poorly.
2103,q_17_main_1_30fps_frame0044.png,q_17_main_1_30fps_frame0044,Poorly.
2103,q_17_main_1_30fps_frame0059.png,q_17_main_1_30fps_frame0059,Poorly.
2103,q_17_main_1_30fps_frame0074.png,q_17_main_1_30fps_frame0074,Poorly.
2103,q_17_main_1_30fps_frame0089.png,q_17_main_1_30fps_frame0089,Poorly.
2103,q_18_main_1_30fps_frame0015.png,q_18_main_1_30fps_frame0015,poorly.
2103,q_18_main_1_30fps_frame0030.png,q_18_main_1_30fps_frame0030,Poorly.
2103,q_18_main_1_30fps_frame0045.png,q_18_main_1_30fps_frame0045,Poorly.
2103,q_18_main_1_30fps_frame0060.png,q_18_main_1_30fps_frame0060,poorly
2103,q_18_main_1_30fps_frame0075.png,q_18_main_1_30fps_frame0075,poorly
2103,q_18_main_1_30fps_frame0090.png,q_18_main_1_30fps_frame0090,Poorly.
2103,q_1_main_1_30fps_frame0014.png,q_1_main_1_30fps_frame0014,Poorly.
2103,q_1_main_1_30fps_frame0029.png,q_1_main_1_30fps_frame0029,poorly.
2103,q_1_main_1_30fps_frame0044.png,q_1_main_1_30fps_frame0044,poorly.
2103,q_1_main_1_30fps_frame0059.png,q_1_main_1_30fps_frame0059,Poorly.
2103,q_1_main_1_30fps_frame0074.png,q_1_main_1_30fps_frame0074,Poorly.
2103,q_1_main_1_30fps_frame0089.png,q_1_main_1_30fps_frame0089,Poorly.
2103,q_20_main_1_30fps_frame0014.png,q_20_main_1_30fps_frame0014,Poorly.
2103,q_20_main_1_30fps_frame0029.png,q_20_main_1_30fps_frame0029,poorly
2103,q_20_main_1_30fps_frame0044.png,q_20_main_1_30fps_frame0044,Poorly.
2103,q_20_main_1_30fps_frame0059.png,q_20_main_1_30fps_frame0059,Poorly.
2103,q_20_main_1_30fps_frame0074.png,q_20_main_1_30fps_frame0074,poorly.
2103,q_20_main_1_30fps_frame0089.png,q_20_main_1_30fps_frame0089,Poorly.
2103,q_22_main_1_30fps_frame0014.png,q_22_main_1_30fps_frame0014,Poorly.
2103,q_22_main_1_30fps_frame0029.png,q_22_main_1_30fps_frame0029,poorly.
2103,q_22_main_1_30fps_frame0044.png,q_22_main_1_30fps_frame0044,poorly
2103,q_22_main_1_30fps_frame0059.png,q_22_main_1_30fps_frame0059,"Poorly. The person in the image appears to be experiencing a negative emotional state, as evidenced by their closed eyes and furrowed brow. This suggests that the situation they are observing may not have a positive outcome."
2103,q_22_main_1_30fps_frame0074.png,q_22_main_1_30fps_frame0074,Poorly.
2103,q_22_main_1_30fps_frame0089.png,q_22_main_1_30fps_frame0089,poorly
2103,q_23_main_0_30fps_frame0015.png,q_23_main_0_30fps_frame0015,poorly
2103,q_23_main_0_30fps_frame0030.png,q_23_main_0_30fps_frame0030,Poorly.
2103,q_23_main_0_30fps_frame0045.png,q_23_main_0_30fps_frame0045,Poorly.
2103,q_23_main_0_30fps_frame0060.png,q_23_main_0_30fps_frame0060,Poorly.
2103,q_23_main_0_30fps_frame0075.png,q_23_main_0_30fps_frame0075,Poorly.
2103,q_23_main_0_30fps_frame0090.png,q_23_main_0_30fps_frame0090,poorly
2103,q_24_main_0_30fps_frame0014.png,q_24_main_0_30fps_frame0014,Poorly.
2103,q_24_main_0_30fps_frame0029.png,q_24_main_0_30fps_frame0029,poorly
2103,q_24_main_0_30fps_frame0044.png,q_24_main_0_30fps_frame0044,poorly.
2103,q_24_main_0_30fps_frame0059.png,q_24_main_0_30fps_frame0059,Poorly.
2103,q_24_main_0_30fps_frame0074.png,q_24_main_0_30fps_frame0074,Poorly.
2103,q_24_main_0_30fps_frame0089.png,q_24_main_0_30fps_frame0089,Poorly.
2103,q_27_main_0_30fps_frame0014.png,q_27_main_0_30fps_frame0014,Poorly.
2103,q_27_main_0_30fps_frame0029.png,q_27_main_0_30fps_frame0029,Poorly.
2103,q_27_main_0_30fps_frame0044.png,q_27_main_0_30fps_frame0044,Poorly.
2103,q_27_main_0_30fps_frame0059.png,q_27_main_0_30fps_frame0059,poorly
2103,q_27_main_0_30fps_frame0074.png,q_27_main_0_30fps_frame0074,Poorly.
2103,q_27_main_0_30fps_frame0089.png,q_27_main_0_30fps_frame0089,Poorly.
2103,q_29_main_0_30fps_frame0014.png,q_29_main_0_30fps_frame0014,poorly.
2103,q_29_main_0_30fps_frame0029.png,q_29_main_0_30fps_frame0029,Poorly.
2103,q_29_main_0_30fps_frame0044.png,q_29_main_0_30fps_frame0044,poorly
2103,q_29_main_0_30fps_frame0059.png,q_29_main_0_30fps_frame0059,Poorly.
2103,q_29_main_0_30fps_frame0074.png,q_29_main_0_30fps_frame0074,Poorly.
2103,q_29_main_0_30fps_frame0089.png,q_29_main_0_30fps_frame0089,Poorly.
2103,q_2_main_1_30fps_frame0015.png,q_2_main_1_30fps_frame0015,Poorly.
2103,q_2_main_1_30fps_frame0030.png,q_2_main_1_30fps_frame0030,poorly
2103,q_2_main_1_30fps_frame0045.png,q_2_main_1_30fps_frame0045,Poorly.
2103,q_2_main_1_30fps_frame0060.png,q_2_main_1_30fps_frame0060,Poorly.
2103,q_2_main_1_30fps_frame0075.png,q_2_main_1_30fps_frame0075,Poorly.
2103,q_2_main_1_30fps_frame0090.png,q_2_main_1_30fps_frame0090,Poorly.
2103,q_30_main_1_30fps_frame0014.png,q_30_main_1_30fps_frame0014,poorly
2103,q_30_main_1_30fps_frame0029.png,q_30_main_1_30fps_frame0029,Poorly.
2103,q_30_main_1_30fps_frame0044.png,q_30_main_1_30fps_frame0044,poorly
2103,q_30_main_1_30fps_frame0059.png,q_30_main_1_30fps_frame0059,poorly
2103,q_30_main_1_30fps_frame0074.png,q_30_main_1_30fps_frame0074,Poorly.
2103,q_30_main_1_30fps_frame0089.png,q_30_main_1_30fps_frame0089,Poorly.
2103,q_3_main_1_30fps_frame0015.png,q_3_main_1_30fps_frame0015,"Poorly. The human in the image appears to be looking at something with a look of shock or horror, which suggests that the situation is not going well."
2103,q_3_main_1_30fps_frame0030.png,q_3_main_1_30fps_frame0030,poorly
2103,q_3_main_1_30fps_frame0045.png,q_3_main_1_30fps_frame0045,Poorly.
2103,q_3_main_1_30fps_frame0060.png,q_3_main_1_30fps_frame0060,Poorly.
2103,q_3_main_1_30fps_frame0075.png,q_3_main_1_30fps_frame0075,poorly
2103,q_3_main_1_30fps_frame0090.png,q_3_main_1_30fps_frame0090,poorly
2103,q_4_main_1_30fps_frame0014.png,q_4_main_1_30fps_frame0014,poorly
2103,q_4_main_1_30fps_frame0029.png,q_4_main_1_30fps_frame0029,poorly
2103,q_4_main_1_30fps_frame0044.png,q_4_main_1_30fps_frame0044,poorly
2103,q_4_main_1_30fps_frame0059.png,q_4_main_1_30fps_frame0059,Poorly.
2103,q_4_main_1_30fps_frame0074.png,q_4_main_1_30fps_frame0074,Poorly.
2103,q_4_main_1_30fps_frame0089.png,q_4_main_1_30fps_frame0089,Poorly.
2103,q_warmup_4_main_0_30fps_frame0014.png,q_warmup_4_main_0_30fps_frame0014,Poorly.
2103,q_warmup_4_main_0_30fps_frame0029.png,q_warmup_4_main_0_30fps_frame0029,Poorly.
2103,q_warmup_4_main_0_30fps_frame0044.png,q_warmup_4_main_0_30fps_frame0044,Poorly.
2103,q_warmup_4_main_0_30fps_frame0059.png,q_warmup_4_main_0_30fps_frame0059,Poorly.
2103,q_warmup_4_main_0_30fps_frame0074.png,q_warmup_4_main_0_30fps_frame0074,Poorly.
2103,q_warmup_4_main_0_30fps_frame0089.png,q_warmup_4_main_0_30fps_frame0089,poorly
2313,q_12_main_1_30fps_frame0015.png,q_12_main_1_30fps_frame0015,Poorly.
2313,q_12_main_1_30fps_frame0030.png,q_12_main_1_30fps_frame0030,Poorly.
2313,q_12_main_1_30fps_frame0045.png,q_12_main_1_30fps_frame0045,Poorly.
2313,q_12_main_1_30fps_frame0060.png,q_12_main_1_30fps_frame0060,Poorly.
2313,q_12_main_1_30fps_frame0075.png,q_12_main_1_30fps_frame0075,Poorly.
2313,q_12_main_1_30fps_frame0090.png,q_12_main_1_30fps_frame0090,Poorly.
2313,q_13_main_0_30fps_frame0015.png,q_13_main_0_30fps_frame0015,Poorly.
2313,q_13_main_0_30fps_frame0030.png,q_13_main_0_30fps_frame0030,Poorly.
2313,q_13_main_0_30fps_frame0045.png,q_13_main_0_30fps_frame0045,Poorly.
2313,q_13_main_0_30fps_frame0060.png,q_13_main_0_30fps_frame0060,Poorly.
2313,q_13_main_0_30fps_frame0075.png,q_13_main_0_30fps_frame0075,Poorly.
2313,q_13_main_0_30fps_frame0090.png,q_13_main_0_30fps_frame0090,Poorly.
2313,q_15_main_1_30fps_frame0015.png,q_15_main_1_30fps_frame0015,Poorly.
2313,q_15_main_1_30fps_frame0030.png,q_15_main_1_30fps_frame0030,Poorly.
2313,q_15_main_1_30fps_frame0045.png,q_15_main_1_30fps_frame0045,Poorly.
2313,q_15_main_1_30fps_frame0060.png,q_15_main_1_30fps_frame0060,Poorly.
2313,q_15_main_1_30fps_frame0075.png,q_15_main_1_30fps_frame0075,Poorly.
2313,q_15_main_1_30fps_frame0090.png,q_15_main_1_30fps_frame0090,Poorly.
2313,q_17_main_1_30fps_frame0014.png,q_17_main_1_30fps_frame0014,Poorly.
2313,q_17_main_1_30fps_frame0029.png,q_17_main_1_30fps_frame0029,Poorly.
2313,q_17_main_1_30fps_frame0044.png,q_17_main_1_30fps_frame0044,Poorly.
2313,q_17_main_1_30fps_frame0059.png,q_17_main_1_30fps_frame0059,Poorly.
2313,q_17_main_1_30fps_frame0074.png,q_17_main_1_30fps_frame0074,Poorly.
2313,q_17_main_1_30fps_frame0089.png,q_17_main_1_30fps_frame0089,Poorly.
2313,q_19_main_1_30fps_frame0014.png,q_19_main_1_30fps_frame0014,Poorly.
2313,q_19_main_1_30fps_frame0029.png,q_19_main_1_30fps_frame0029,Poorly.
2313,q_19_main_1_30fps_frame0044.png,q_19_main_1_30fps_frame0044,Poorly.
2313,q_19_main_1_30fps_frame0059.png,q_19_main_1_30fps_frame0059,Poorly.
2313,q_19_main_1_30fps_frame0074.png,q_19_main_1_30fps_frame0074,poorly
2313,q_19_main_1_30fps_frame0089.png,q_19_main_1_30fps_frame0089,Poorly.
2313,q_20_main_0_30fps_frame0014.png,q_20_main_0_30fps_frame0014,poorly
2313,q_20_main_0_30fps_frame0029.png,q_20_main_0_30fps_frame0029,Poorly.
2313,q_20_main_0_30fps_frame0044.png,q_20_main_0_30fps_frame0044,Poorly.
2313,q_20_main_0_30fps_frame0059.png,q_20_main_0_30fps_frame0059,Poorly.
2313,q_20_main_0_30fps_frame0074.png,q_20_main_0_30fps_frame0074,Poorly.
2313,q_20_main_0_30fps_frame0089.png,q_20_main_0_30fps_frame0089,Poorly.
2313,q_21_main_0_30fps_frame0015.png,q_21_main_0_30fps_frame0015,Poorly.
2313,q_21_main_0_30fps_frame0030.png,q_21_main_0_30fps_frame0030,poorly
2313,q_21_main_0_30fps_frame0045.png,q_21_main_0_30fps_frame0045,Poorly.
2313,q_21_main_0_30fps_frame0060.png,q_21_main_0_30fps_frame0060,poorly
2313,q_21_main_0_30fps_frame0075.png,q_21_main_0_30fps_frame0075,Poorly.
2313,q_21_main_0_30fps_frame0090.png,q_21_main_0_30fps_frame0090,Poorly.
2313,q_22_main_0_30fps_frame0015.png,q_22_main_0_30fps_frame0015,Poorly.
2313,q_22_main_0_30fps_frame0030.png,q_22_main_0_30fps_frame0030,Poorly.
2313,q_22_main_0_30fps_frame0045.png,q_22_main_0_30fps_frame0045,Poorly.
2313,q_22_main_0_30fps_frame0060.png,q_22_main_0_30fps_frame0060,Poorly.
2313,q_22_main_0_30fps_frame0075.png,q_22_main_0_30fps_frame0075,Poorly.
2313,q_22_main_0_30fps_frame0090.png,q_22_main_0_30fps_frame0090,Poorly.
2313,q_25_main_0_30fps_frame0015.png,q_25_main_0_30fps_frame0015,Poorly.
2313,q_25_main_0_30fps_frame0030.png,q_25_main_0_30fps_frame0030,Poorly.
2313,q_25_main_0_30fps_frame0045.png,q_25_main_0_30fps_frame0045,Poorly.
2313,q_25_main_0_30fps_frame0060.png,q_25_main_0_30fps_frame0060,Poorly.
2313,q_25_main_0_30fps_frame0075.png,q_25_main_0_30fps_frame0075,Poorly.
2313,q_25_main_0_30fps_frame0090.png,q_25_main_0_30fps_frame0090,Poorly.
2313,q_26_main_0_30fps_frame0015.png,q_26_main_0_30fps_frame0015,Poorly.
2313,q_26_main_0_30fps_frame0030.png,q_26_main_0_30fps_frame0030,Poorly.
2313,q_26_main_0_30fps_frame0045.png,q_26_main_0_30fps_frame0045,Poorly.
2313,q_26_main_0_30fps_frame0060.png,q_26_main_0_30fps_frame0060,Poorly.
2313,q_26_main_0_30fps_frame0075.png,q_26_main_0_30fps_frame0075,Poorly.
2313,q_26_main_0_30fps_frame0090.png,q_26_main_0_30fps_frame0090,Poorly.
2313,q_29_main_1_30fps_frame0014.png,q_29_main_1_30fps_frame0014,Poorly.
2313,q_29_main_1_30fps_frame0029.png,q_29_main_1_30fps_frame0029,Poorly.
2313,q_29_main_1_30fps_frame0044.png,q_29_main_1_30fps_frame0044,Poorly.
2313,q_29_main_1_30fps_frame0059.png,q_29_main_1_30fps_frame0059,Poorly.
2313,q_29_main_1_30fps_frame0074.png,q_29_main_1_30fps_frame0074,Poorly.
2313,q_29_main_1_30fps_frame0089.png,q_29_main_1_30fps_frame0089,Poorly.
2313,q_2_main_1_30fps_frame0015.png,q_2_main_1_30fps_frame0015,Poorly.
2313,q_2_main_1_30fps_frame0030.png,q_2_main_1_30fps_frame0030,Poorly.
2313,q_2_main_1_30fps_frame0045.png,q_2_main_1_30fps_frame0045,Poorly.
2313,q_2_main_1_30fps_frame0060.png,q_2_main_1_30fps_frame0060,Poorly.
2313,q_2_main_1_30fps_frame0075.png,q_2_main_1_30fps_frame0075,Poorly.
2313,q_2_main_1_30fps_frame0090.png,q_2_main_1_30fps_frame0090,Poorly.
2313,q_30_main_0_30fps_frame0015.png,q_30_main_0_30fps_frame0015,Poorly.
2313,q_30_main_0_30fps_frame0030.png,q_30_main_0_30fps_frame0030,Poorly.
2313,q_30_main_0_30fps_frame0045.png,q_30_main_0_30fps_frame0045,Poorly.
2313,q_30_main_0_30fps_frame0060.png,q_30_main_0_30fps_frame0060,Poorly.
2313,q_30_main_0_30fps_frame0075.png,q_30_main_0_30fps_frame0075,Poorly.
2313,q_30_main_0_30fps_frame0090.png,q_30_main_0_30fps_frame0090,Poorly.
2313,q_6_main_1_30fps_frame0015.png,q_6_main_1_30fps_frame0015,Poorly.
2313,q_6_main_1_30fps_frame0030.png,q_6_main_1_30fps_frame0030,Poorly.
2313,q_6_main_1_30fps_frame0045.png,q_6_main_1_30fps_frame0045,Poorly.
2313,q_6_main_1_30fps_frame0060.png,q_6_main_1_30fps_frame0060,Poorly.
2313,q_6_main_1_30fps_frame0075.png,q_6_main_1_30fps_frame0075,Poorly.
2313,q_6_main_1_30fps_frame0090.png,q_6_main_1_30fps_frame0090,Poorly.
2313,q_9_main_0_30fps_frame0015.png,q_9_main_0_30fps_frame0015,Poorly.
2313,q_9_main_0_30fps_frame0030.png,q_9_main_0_30fps_frame0030,Poorly.
2313,q_9_main_0_30fps_frame0045.png,q_9_main_0_30fps_frame0045,Poorly.
2313,q_9_main_0_30fps_frame0060.png,q_9_main_0_30fps_frame0060,Poorly.
2313,q_9_main_0_30fps_frame0075.png,q_9_main_0_30fps_frame0075,Poorly.
2313,q_9_main_0_30fps_frame0090.png,q_9_main_0_30fps_frame0090,Poorly.
2313,q_warmup_3_main_1_30fps_frame0015.png,q_warmup_3_main_1_30fps_frame0015,Poorly.
2313,q_warmup_3_main_1_30fps_frame0030.png,q_warmup_3_main_1_30fps_frame0030,Poorly.
2313,q_warmup_3_main_1_30fps_frame0045.png,q_warmup_3_main_1_30fps_frame0045,Poorly.
2313,q_warmup_3_main_1_30fps_frame0060.png,q_warmup_3_main_1_30fps_frame0060,Poorly.
2313,q_warmup_3_main_1_30fps_frame0075.png,q_warmup_3_main_1_30fps_frame0075,Poorly.
2313,q_warmup_3_main_1_30fps_frame0090.png,q_warmup_3_main_1_30fps_frame0090,Poorly.
2313,q_warmup_4_main_0_30fps_frame0014.png,q_warmup_4_main_0_30fps_frame0014,Poorly.
2313,q_warmup_4_main_0_30fps_frame0029.png,q_warmup_4_main_0_30fps_frame0029,Poorly.
2313,q_warmup_4_main_0_30fps_frame0044.png,q_warmup_4_main_0_30fps_frame0044,Poorly.
2313,q_warmup_4_main_0_30fps_frame0059.png,q_warmup_4_main_0_30fps_frame0059,Poorly.
2313,q_warmup_4_main_0_30fps_frame0074.png,q_warmup_4_main_0_30fps_frame0074,Poorly.
2313,q_warmup_4_main_0_30fps_frame0089.png,q_warmup_4_main_0_30fps_frame0089,Poorly.
2698,q_12_main_1_30fps_frame0015.png,q_12_main_1_30fps_frame0015,Poorly.
2698,q_12_main_1_30fps_frame0030.png,q_12_main_1_30fps_frame0030,Poorly.
2698,q_12_main_1_30fps_frame0045.png,q_12_main_1_30fps_frame0045,poorly
2698,q_12_main_1_30fps_frame0060.png,q_12_main_1_30fps_frame0060,poorly
2698,q_12_main_1_30fps_frame0075.png,q_12_main_1_30fps_frame0075,Poorly.
2698,q_12_main_1_30fps_frame0090.png,q_12_main_1_30fps_frame0090,poorly
2698,q_14_main_0_30fps_frame0014.png,q_14_main_0_30fps_frame0014,Poorly.
2698,q_14_main_0_30fps_frame0029.png,q_14_main_0_30fps_frame0029,Poorly.
2698,q_14_main_0_30fps_frame0044.png,q_14_main_0_30fps_frame0044,Poorly.
2698,q_14_main_0_30fps_frame0059.png,q_14_main_0_30fps_frame0059,Poorly.
2698,q_14_main_0_30fps_frame0074.png,q_14_main_0_30fps_frame0074,Poorly.
2698,q_14_main_0_30fps_frame0089.png,q_14_main_0_30fps_frame0089,Poorly.
2698,q_15_main_1_30fps_frame0014.png,q_15_main_1_30fps_frame0014,Poorly.
2698,q_15_main_1_30fps_frame0029.png,q_15_main_1_30fps_frame0029,Poorly.
2698,q_15_main_1_30fps_frame0044.png,q_15_main_1_30fps_frame0044,poorly
2698,q_15_main_1_30fps_frame0059.png,q_15_main_1_30fps_frame0059,Poorly.
2698,q_15_main_1_30fps_frame0074.png,q_15_main_1_30fps_frame0074,Poorly.
2698,q_15_main_1_30fps_frame0089.png,q_15_main_1_30fps_frame0089,Poorly.
2698,q_16_main_1_30fps_frame0015.png,q_16_main_1_30fps_frame0015,Poorly.
2698,q_16_main_1_30fps_frame0030.png,q_16_main_1_30fps_frame0030,Poorly.
2698,q_16_main_1_30fps_frame0045.png,q_16_main_1_30fps_frame0045,Poorly.
2698,q_16_main_1_30fps_frame0060.png,q_16_main_1_30fps_frame0060,poorly.
2698,q_16_main_1_30fps_frame0075.png,q_16_main_1_30fps_frame0075,Poorly.
2698,q_16_main_1_30fps_frame0090.png,q_16_main_1_30fps_frame0090,Poorly.
2698,q_17_main_1_30fps_frame0015.png,q_17_main_1_30fps_frame0015,Poorly.
2698,q_17_main_1_30fps_frame0030.png,q_17_main_1_30fps_frame0030,Poorly.
2698,q_17_main_1_30fps_frame0045.png,q_17_main_1_30fps_frame0045,Poorly.
2698,q_17_main_1_30fps_frame0060.png,q_17_main_1_30fps_frame0060,Poorly.
2698,q_17_main_1_30fps_frame0075.png,q_17_main_1_30fps_frame0075,Poorly.
2698,q_17_main_1_30fps_frame0090.png,q_17_main_1_30fps_frame0090,Poorly.
2698,q_18_main_0_30fps_frame0014.png,q_18_main_0_30fps_frame0014,Poorly.
2698,q_18_main_0_30fps_frame0029.png,q_18_main_0_30fps_frame0029,Poorly.
2698,q_18_main_0_30fps_frame0044.png,q_18_main_0_30fps_frame0044,Poorly.
2698,q_18_main_0_30fps_frame0059.png,q_18_main_0_30fps_frame0059,Poorly.
2698,q_18_main_0_30fps_frame0074.png,q_18_main_0_30fps_frame0074,Poorly.
2698,q_18_main_0_30fps_frame0089.png,q_18_main_0_30fps_frame0089,Poorly.
2698,q_19_main_1_30fps_frame0015.png,q_19_main_1_30fps_frame0015,Poorly.
2698,q_19_main_1_30fps_frame0030.png,q_19_main_1_30fps_frame0030,poorly.
2698,q_19_main_1_30fps_frame0045.png,q_19_main_1_30fps_frame0045,poorly
2698,q_19_main_1_30fps_frame0060.png,q_19_main_1_30fps_frame0060,Poorly.
2698,q_19_main_1_30fps_frame0075.png,q_19_main_1_30fps_frame0075,poorly
2698,q_19_main_1_30fps_frame0090.png,q_19_main_1_30fps_frame0090,poorly
2698,q_1_main_0_30fps_frame0014.png,q_1_main_0_30fps_frame0014,Poorly.
2698,q_1_main_0_30fps_frame0029.png,q_1_main_0_30fps_frame0029,Poorly.
2698,q_1_main_0_30fps_frame0044.png,q_1_main_0_30fps_frame0044,Poorly.
2698,q_1_main_0_30fps_frame0059.png,q_1_main_0_30fps_frame0059,Poorly.
2698,q_1_main_0_30fps_frame0074.png,q_1_main_0_30fps_frame0074,Poorly.
2698,q_1_main_0_30fps_frame0089.png,q_1_main_0_30fps_frame0089,Poorly.
2698,q_22_main_1_30fps_frame0015.png,q_22_main_1_30fps_frame0015,Poorly.
2698,q_22_main_1_30fps_frame0030.png,q_22_main_1_30fps_frame0030,Poorly.
2698,q_22_main_1_30fps_frame0045.png,q_22_main_1_30fps_frame0045,Poorly.
2698,q_22_main_1_30fps_frame0060.png,q_22_main_1_30fps_frame0060,Poorly.
2698,q_22_main_1_30fps_frame0075.png,q_22_main_1_30fps_frame0075,Poorly.
2698,q_22_main_1_30fps_frame0090.png,q_22_main_1_30fps_frame0090,Poorly.
2698,q_23_main_0_30fps_frame0015.png,q_23_main_0_30fps_frame0015,poorly.
2698,q_23_main_0_30fps_frame0030.png,q_23_main_0_30fps_frame0030,Poorly.
2698,q_23_main_0_30fps_frame0045.png,q_23_main_0_30fps_frame0045,Poorly.
2698,q_23_main_0_30fps_frame0060.png,q_23_main_0_30fps_frame0060,Poorly.
2698,q_23_main_0_30fps_frame0075.png,q_23_main_0_30fps_frame0075,Poorly.
2698,q_23_main_0_30fps_frame0090.png,q_23_main_0_30fps_frame0090,Poorly.
2698,q_25_main_0_30fps_frame0014.png,q_25_main_0_30fps_frame0014,poorly.
2698,q_25_main_0_30fps_frame0029.png,q_25_main_0_30fps_frame0029,Poorly.
2698,q_25_main_0_30fps_frame0044.png,q_25_main_0_30fps_frame0044,Poorly.
2698,q_25_main_0_30fps_frame0059.png,q_25_main_0_30fps_frame0059,poorly
2698,q_25_main_0_30fps_frame0074.png,q_25_main_0_30fps_frame0074,poorly.
2698,q_25_main_0_30fps_frame0089.png,q_25_main_0_30fps_frame0089,poorly.
2698,q_27_main_0_30fps_frame0014.png,q_27_main_0_30fps_frame0014,Poorly.
2698,q_27_main_0_30fps_frame0029.png,q_27_main_0_30fps_frame0029,Poorly.
2698,q_27_main_0_30fps_frame0044.png,q_27_main_0_30fps_frame0044,Poorly.
2698,q_27_main_0_30fps_frame0059.png,q_27_main_0_30fps_frame0059,Poorly.
2698,q_27_main_0_30fps_frame0074.png,q_27_main_0_30fps_frame0074,Poorly.
2698,q_27_main_0_30fps_frame0089.png,q_27_main_0_30fps_frame0089,Poorly.
2698,q_28_main_0_30fps_frame0014.png,q_28_main_0_30fps_frame0014,Poorly.
2698,q_28_main_0_30fps_frame0029.png,q_28_main_0_30fps_frame0029,Poorly.
2698,q_28_main_0_30fps_frame0044.png,q_28_main_0_30fps_frame0044,poorly
2698,q_28_main_0_30fps_frame0059.png,q_28_main_0_30fps_frame0059,poorly.
2698,q_28_main_0_30fps_frame0074.png,q_28_main_0_30fps_frame0074,Poorly.
2698,q_28_main_0_30fps_frame0089.png,q_28_main_0_30fps_frame0089,Poorly.
2698,q_29_main_0_30fps_frame0013.png,q_29_main_0_30fps_frame0013,Poorly.
2698,q_29_main_0_30fps_frame0028.png,q_29_main_0_30fps_frame0028,Poorly.
2698,q_29_main_0_30fps_frame0043.png,q_29_main_0_30fps_frame0043,Poorly.
2698,q_29_main_0_30fps_frame0058.png,q_29_main_0_30fps_frame0058,Poorly.
2698,q_29_main_0_30fps_frame0073.png,q_29_main_0_30fps_frame0073,Poorly.
2698,q_29_main_0_30fps_frame0088.png,q_29_main_0_30fps_frame0088,poorly
2698,q_3_main_1_30fps_frame0014.png,q_3_main_1_30fps_frame0014,Poorly.
2698,q_3_main_1_30fps_frame0029.png,q_3_main_1_30fps_frame0029,Poorly.
2698,q_3_main_1_30fps_frame0044.png,q_3_main_1_30fps_frame0044,poorly
2698,q_3_main_1_30fps_frame0059.png,q_3_main_1_30fps_frame0059,Poorly.
2698,q_3_main_1_30fps_frame0074.png,q_3_main_1_30fps_frame0074,Poorly.
2698,q_3_main_1_30fps_frame0089.png,q_3_main_1_30fps_frame0089,Poorly.
2698,q_7_main_1_30fps_frame0014.png,q_7_main_1_30fps_frame0014,Poorly.
2698,q_7_main_1_30fps_frame0029.png,q_7_main_1_30fps_frame0029,Poorly.
2698,q_7_main_1_30fps_frame0044.png,q_7_main_1_30fps_frame0044,Poorly.
2698,q_7_main_1_30fps_frame0059.png,q_7_main_1_30fps_frame0059,Poorly.
2698,q_7_main_1_30fps_frame0074.png,q_7_main_1_30fps_frame0074,Poorly.
2698,q_7_main_1_30fps_frame0089.png,q_7_main_1_30fps_frame0089,Poorly.
2698,q_8_main_0_30fps_frame0014.png,q_8_main_0_30fps_frame0014,Poorly.
2698,q_8_main_0_30fps_frame0029.png,q_8_main_0_30fps_frame0029,Poorly.
2698,q_8_main_0_30fps_frame0044.png,q_8_main_0_30fps_frame0044,Poorly.
2698,q_8_main_0_30fps_frame0059.png,q_8_main_0_30fps_frame0059,Poorly.
2698,q_8_main_0_30fps_frame0074.png,q_8_main_0_30fps_frame0074,Poorly.
2698,q_8_main_0_30fps_frame0089.png,q_8_main_0_30fps_frame0089,Poorly.
2698,q_warmup_3_main_1_30fps_frame0014.png,q_warmup_3_main_1_30fps_frame0014,Poorly.
2698,q_warmup_3_main_1_30fps_frame0029.png,q_warmup_3_main_1_30fps_frame0029,Poorly.
2698,q_warmup_3_main_1_30fps_frame0044.png,q_warmup_3_main_1_30fps_frame0044,poorly.
2698,q_warmup_3_main_1_30fps_frame0059.png,q_warmup_3_main_1_30fps_frame0059,Poorly.
2698,q_warmup_3_main_1_30fps_frame0074.png,q_warmup_3_main_1_30fps_frame0074,Poorly.
2698,q_warmup_3_main_1_30fps_frame0089.png,q_warmup_3_main_1_30fps_frame0089,Poorly.
2946,q_11_main_1_30fps_frame0014.png,q_11_main_1_30fps_frame0014,Poorly.
2946,q_11_main_1_30fps_frame0029.png,q_11_main_1_30fps_frame0029,Poorly.
2946,q_11_main_1_30fps_frame0044.png,q_11_main_1_30fps_frame0044,Poorly.
2946,q_11_main_1_30fps_frame0059.png,q_11_main_1_30fps_frame0059,Poorly.
2946,q_11_main_1_30fps_frame0074.png,q_11_main_1_30fps_frame0074,Poorly.
2946,q_11_main_1_30fps_frame0089.png,q_11_main_1_30fps_frame0089,Poorly.
2946,q_12_main_1_30fps_frame0014.png,q_12_main_1_30fps_frame0014,Poorly.
2946,q_12_main_1_30fps_frame0029.png,q_12_main_1_30fps_frame0029,Poorly.
2946,q_12_main_1_30fps_frame0044.png,q_12_main_1_30fps_frame0044,Poorly.
2946,q_12_main_1_30fps_frame0059.png,q_12_main_1_30fps_frame0059,Poorly.
2946,q_12_main_1_30fps_frame0074.png,q_12_main_1_30fps_frame0074,Poorly.
2946,q_12_main_1_30fps_frame0089.png,q_12_main_1_30fps_frame0089,Poorly.
2946,q_14_main_0_30fps_frame0014.png,q_14_main_0_30fps_frame0014,Poorly.
2946,q_14_main_0_30fps_frame0029.png,q_14_main_0_30fps_frame0029,Poorly.
2946,q_14_main_0_30fps_frame0044.png,q_14_main_0_30fps_frame0044,Poorly.
2946,q_14_main_0_30fps_frame0059.png,q_14_main_0_30fps_frame0059,Poorly.
2946,q_14_main_0_30fps_frame0074.png,q_14_main_0_30fps_frame0074,Poorly.
2946,q_14_main_0_30fps_frame0089.png,q_14_main_0_30fps_frame0089,Poorly.
2946,q_15_main_1_30fps_frame0014.png,q_15_main_1_30fps_frame0014,Poorly.
2946,q_15_main_1_30fps_frame0029.png,q_15_main_1_30fps_frame0029,Poorly.
2946,q_15_main_1_30fps_frame0044.png,q_15_main_1_30fps_frame0044,Poorly.
2946,q_15_main_1_30fps_frame0059.png,q_15_main_1_30fps_frame0059,Poorly.
2946,q_15_main_1_30fps_frame0074.png,q_15_main_1_30fps_frame0074,Poorly.
2946,q_15_main_1_30fps_frame0089.png,q_15_main_1_30fps_frame0089,Poorly.
2946,q_16_main_1_30fps_frame0014.png,q_16_main_1_30fps_frame0014,poorly
2946,q_16_main_1_30fps_frame0029.png,q_16_main_1_30fps_frame0029,poorly
2946,q_16_main_1_30fps_frame0044.png,q_16_main_1_30fps_frame0044,Poorly.
2946,q_16_main_1_30fps_frame0059.png,q_16_main_1_30fps_frame0059,Poorly.
2946,q_16_main_1_30fps_frame0074.png,q_16_main_1_30fps_frame0074,Poorly.
2946,q_16_main_1_30fps_frame0089.png,q_16_main_1_30fps_frame0089,poorly
2946,q_17_main_1_30fps_frame0013.png,q_17_main_1_30fps_frame0013,Poorly.
2946,q_17_main_1_30fps_frame0028.png,q_17_main_1_30fps_frame0028,Poorly.
2946,q_17_main_1_30fps_frame0043.png,q_17_main_1_30fps_frame0043,poorly
2946,q_17_main_1_30fps_frame0058.png,q_17_main_1_30fps_frame0058,Poorly.
2946,q_17_main_1_30fps_frame0073.png,q_17_main_1_30fps_frame0073,Poorly.
2946,q_17_main_1_30fps_frame0088.png,q_17_main_1_30fps_frame0088,Poorly.
2946,q_18_main_1_30fps_frame0014.png,q_18_main_1_30fps_frame0014,Poorly.
2946,q_18_main_1_30fps_frame0029.png,q_18_main_1_30fps_frame0029,poorly
2946,q_18_main_1_30fps_frame0044.png,q_18_main_1_30fps_frame0044,Poorly.
2946,q_18_main_1_30fps_frame0059.png,q_18_main_1_30fps_frame0059,Poorly.
2946,q_18_main_1_30fps_frame0074.png,q_18_main_1_30fps_frame0074,Poorly.
2946,q_18_main_1_30fps_frame0089.png,q_18_main_1_30fps_frame0089,Poorly.
2946,q_20_main_0_30fps_frame0013.png,q_20_main_0_30fps_frame0013,Poorly.
2946,q_20_main_0_30fps_frame0028.png,q_20_main_0_30fps_frame0028,Poorly.
2946,q_20_main_0_30fps_frame0043.png,q_20_main_0_30fps_frame0043,Poorly.
2946,q_20_main_0_30fps_frame0058.png,q_20_main_0_30fps_frame0058,Poorly.
2946,q_20_main_0_30fps_frame0073.png,q_20_main_0_30fps_frame0073,poorly
2946,q_20_main_0_30fps_frame0088.png,q_20_main_0_30fps_frame0088,Poorly.
2946,q_21_main_1_30fps_frame0014.png,q_21_main_1_30fps_frame0014,Poorly.
2946,q_21_main_1_30fps_frame0029.png,q_21_main_1_30fps_frame0029,Poorly.
2946,q_21_main_1_30fps_frame0044.png,q_21_main_1_30fps_frame0044,Poorly.
2946,q_21_main_1_30fps_frame0059.png,q_21_main_1_30fps_frame0059,Poorly.
2946,q_21_main_1_30fps_frame0074.png,q_21_main_1_30fps_frame0074,Poorly.
2946,q_21_main_1_30fps_frame0089.png,q_21_main_1_30fps_frame0089,Poorly.
2946,q_22_main_0_30fps_frame0013.png,q_22_main_0_30fps_frame0013,Poorly.
2946,q_22_main_0_30fps_frame0028.png,q_22_main_0_30fps_frame0028,Poorly.
2946,q_22_main_0_30fps_frame0043.png,q_22_main_0_30fps_frame0043,poorly
2946,q_22_main_0_30fps_frame0058.png,q_22_main_0_30fps_frame0058,poorly
2946,q_22_main_0_30fps_frame0073.png,q_22_main_0_30fps_frame0073,Poorly.
2946,q_22_main_0_30fps_frame0088.png,q_22_main_0_30fps_frame0088,Poorly.
2946,q_23_main_0_30fps_frame0015.png,q_23_main_0_30fps_frame0015,Poorly.
2946,q_23_main_0_30fps_frame0030.png,q_23_main_0_30fps_frame0030,Poorly.
2946,q_23_main_0_30fps_frame0045.png,q_23_main_0_30fps_frame0045,Poorly.
2946,q_23_main_0_30fps_frame0060.png,q_23_main_0_30fps_frame0060,Poorly.
2946,q_23_main_0_30fps_frame0075.png,q_23_main_0_30fps_frame0075,poorly
2946,q_23_main_0_30fps_frame0090.png,q_23_main_0_30fps_frame0090,Poorly.
2946,q_24_main_0_30fps_frame0015.png,q_24_main_0_30fps_frame0015,Poorly.
2946,q_24_main_0_30fps_frame0030.png,q_24_main_0_30fps_frame0030,poorly
2946,q_24_main_0_30fps_frame0045.png,q_24_main_0_30fps_frame0045,Poorly.
2946,q_24_main_0_30fps_frame0060.png,q_24_main_0_30fps_frame0060,Poorly.
2946,q_24_main_0_30fps_frame0075.png,q_24_main_0_30fps_frame0075,Poorly.
2946,q_24_main_0_30fps_frame0090.png,q_24_main_0_30fps_frame0090,Poorly.
2946,q_25_main_1_30fps_frame0015.png,q_25_main_1_30fps_frame0015,Poorly.
2946,q_25_main_1_30fps_frame0030.png,q_25_main_1_30fps_frame0030,Poorly.
2946,q_25_main_1_30fps_frame0045.png,q_25_main_1_30fps_frame0045,Poorly.
2946,q_25_main_1_30fps_frame0060.png,q_25_main_1_30fps_frame0060,Poorly.
2946,q_25_main_1_30fps_frame0075.png,q_25_main_1_30fps_frame0075,Poorly.
2946,q_25_main_1_30fps_frame0090.png,q_25_main_1_30fps_frame0090,poorly
2946,q_28_main_1_30fps_frame0014.png,q_28_main_1_30fps_frame0014,Poorly.
2946,q_28_main_1_30fps_frame0029.png,q_28_main_1_30fps_frame0029,Poorly.
2946,q_28_main_1_30fps_frame0044.png,q_28_main_1_30fps_frame0044,Poorly.
2946,q_28_main_1_30fps_frame0059.png,q_28_main_1_30fps_frame0059,Poorly.
2946,q_28_main_1_30fps_frame0074.png,q_28_main_1_30fps_frame0074,Poorly.
2946,q_28_main_1_30fps_frame0089.png,q_28_main_1_30fps_frame0089,Poorly.
2946,q_29_main_0_30fps_frame0014.png,q_29_main_0_30fps_frame0014,poorly
2946,q_29_main_0_30fps_frame0029.png,q_29_main_0_30fps_frame0029,Poorly.
2946,q_29_main_0_30fps_frame0044.png,q_29_main_0_30fps_frame0044,Poorly.
2946,q_29_main_0_30fps_frame0059.png,q_29_main_0_30fps_frame0059,Poorly.
2946,q_29_main_0_30fps_frame0074.png,q_29_main_0_30fps_frame0074,poorly
2946,q_29_main_0_30fps_frame0089.png,q_29_main_0_30fps_frame0089,Poorly.
2946,q_3_main_1_30fps_frame0015.png,q_3_main_1_30fps_frame0015,Poorly.
2946,q_3_main_1_30fps_frame0030.png,q_3_main_1_30fps_frame0030,Poorly.
2946,q_3_main_1_30fps_frame0045.png,q_3_main_1_30fps_frame0045,Poorly.
2946,q_3_main_1_30fps_frame0060.png,q_3_main_1_30fps_frame0060,Poorly.
2946,q_3_main_1_30fps_frame0075.png,q_3_main_1_30fps_frame0075,poorly
2946,q_3_main_1_30fps_frame0090.png,q_3_main_1_30fps_frame0090,Poorly.
2946,q_4_main_0_30fps_frame0014.png,q_4_main_0_30fps_frame0014,Poorly.
2946,q_4_main_0_30fps_frame0029.png,q_4_main_0_30fps_frame0029,Poorly.
2946,q_4_main_0_30fps_frame0044.png,q_4_main_0_30fps_frame0044,Poorly.
2946,q_4_main_0_30fps_frame0059.png,q_4_main_0_30fps_frame0059,poorly
2946,q_4_main_0_30fps_frame0074.png,q_4_main_0_30fps_frame0074,Poorly.
2946,q_4_main_0_30fps_frame0089.png,q_4_main_0_30fps_frame0089,poorly
2946,q_7_main_1_30fps_frame0014.png,q_7_main_1_30fps_frame0014,Poorly.
2946,q_7_main_1_30fps_frame0029.png,q_7_main_1_30fps_frame0029,poorly
2946,q_7_main_1_30fps_frame0044.png,q_7_main_1_30fps_frame0044,Poorly.
2946,q_7_main_1_30fps_frame0059.png,q_7_main_1_30fps_frame0059,Poorly.
2946,q_7_main_1_30fps_frame0074.png,q_7_main_1_30fps_frame0074,Poorly.
2946,q_7_main_1_30fps_frame0089.png,q_7_main_1_30fps_frame0089,Poorly.
2946,q_warmup_3_main_1_30fps_frame0014.png,q_warmup_3_main_1_30fps_frame0014,poorly
2946,q_warmup_3_main_1_30fps_frame0029.png,q_warmup_3_main_1_30fps_frame0029,Poorly.
2946,q_warmup_3_main_1_30fps_frame0044.png,q_warmup_3_main_1_30fps_frame0044,poorly
2946,q_warmup_3_main_1_30fps_frame0059.png,q_warmup_3_main_1_30fps_frame0059,poorly
2946,q_warmup_3_main_1_30fps_frame0074.png,q_warmup_3_main_1_30fps_frame0074,Poorly.
2946,q_warmup_3_main_1_30fps_frame0089.png,q_warmup_3_main_1_30fps_frame0089,Poorly.
2946,q_warmup_4_main_0_30fps_frame0014.png,q_warmup_4_main_0_30fps_frame0014,Poorly.
2946,q_warmup_4_main_0_30fps_frame0029.png,q_warmup_4_main_0_30fps_frame0029,Poorly.
2946,q_warmup_4_main_0_30fps_frame0044.png,q_warmup_4_main_0_30fps_frame0044,Poorly.
2946,q_warmup_4_main_0_30fps_frame0059.png,q_warmup_4_main_0_30fps_frame0059,Poorly.
2946,q_warmup_4_main_0_30fps_frame0074.png,q_warmup_4_main_0_30fps_frame0074,Poorly.
2946,q_warmup_4_main_0_30fps_frame0089.png,q_warmup_4_main_0_30fps_frame0089,Poorly.
2946,q_warmup_5_main_0_30fps_frame0015.png,q_warmup_5_main_0_30fps_frame0015,poorly
2946,q_warmup_5_main_0_30fps_frame0030.png,q_warmup_5_main_0_30fps_frame0030,Poorly.
2946,q_warmup_5_main_0_30fps_frame0045.png,q_warmup_5_main_0_30fps_frame0045,poorly
2946,q_warmup_5_main_0_30fps_frame0060.png,q_warmup_5_main_0_30fps_frame0060,Poorly.
2946,q_warmup_5_main_0_30fps_frame0075.png,q_warmup_5_main_0_30fps_frame0075,Poorly.
2946,q_warmup_5_main_0_30fps_frame0090.png,q_warmup_5_main_0_30fps_frame0090,Poorly.
3157,q_10_main_0_30fps_frame0014.png,q_10_main_0_30fps_frame0014,Poorly.
3157,q_10_main_0_30fps_frame0029.png,q_10_main_0_30fps_frame0029,poorly.
3157,q_10_main_0_30fps_frame0044.png,q_10_main_0_30fps_frame0044,poorly.
3157,q_10_main_0_30fps_frame0059.png,q_10_main_0_30fps_frame0059,poorly.
3157,q_10_main_0_30fps_frame0074.png,q_10_main_0_30fps_frame0074,poorly.
3157,q_10_main_0_30fps_frame0089.png,q_10_main_0_30fps_frame0089,Poorly.
3157,q_11_main_1_30fps_frame0014.png,q_11_main_1_30fps_frame0014,poorly.
3157,q_11_main_1_30fps_frame0029.png,q_11_main_1_30fps_frame0029,poorly.
3157,q_11_main_1_30fps_frame0044.png,q_11_main_1_30fps_frame0044,Poorly.
3157,q_11_main_1_30fps_frame0059.png,q_11_main_1_30fps_frame0059,Poorly.
3157,q_11_main_1_30fps_frame0074.png,q_11_main_1_30fps_frame0074,Poorly.
3157,q_11_main_1_30fps_frame0089.png,q_11_main_1_30fps_frame0089,poorly
3157,q_12_main_1_30fps_frame0014.png,q_12_main_1_30fps_frame0014,poorly.
3157,q_12_main_1_30fps_frame0029.png,q_12_main_1_30fps_frame0029,poorly
3157,q_12_main_1_30fps_frame0044.png,q_12_main_1_30fps_frame0044,Poorly.
3157,q_12_main_1_30fps_frame0059.png,q_12_main_1_30fps_frame0059,poorly.
3157,q_12_main_1_30fps_frame0074.png,q_12_main_1_30fps_frame0074,poorly.
3157,q_12_main_1_30fps_frame0089.png,q_12_main_1_30fps_frame0089,poorly.
3157,q_14_main_0_30fps_frame0014.png,q_14_main_0_30fps_frame0014,poorly.
3157,q_14_main_0_30fps_frame0029.png,q_14_main_0_30fps_frame0029,poorly.
3157,q_14_main_0_30fps_frame0044.png,q_14_main_0_30fps_frame0044,poorly.
3157,q_14_main_0_30fps_frame0059.png,q_14_main_0_30fps_frame0059,poorly
3157,q_14_main_0_30fps_frame0074.png,q_14_main_0_30fps_frame0074,poorly.
3157,q_14_main_0_30fps_frame0089.png,q_14_main_0_30fps_frame0089,poorly.
3157,q_15_main_1_30fps_frame0014.png,q_15_main_1_30fps_frame0014,poorly
3157,q_15_main_1_30fps_frame0029.png,q_15_main_1_30fps_frame0029,poorly.
3157,q_15_main_1_30fps_frame0044.png,q_15_main_1_30fps_frame0044,poorly
3157,q_15_main_1_30fps_frame0059.png,q_15_main_1_30fps_frame0059,Poorly.
3157,q_15_main_1_30fps_frame0074.png,q_15_main_1_30fps_frame0074,poorly.
3157,q_15_main_1_30fps_frame0089.png,q_15_main_1_30fps_frame0089,poorly
3157,q_16_main_1_30fps_frame0015.png,q_16_main_1_30fps_frame0015,Poorly.
3157,q_16_main_1_30fps_frame0030.png,q_16_main_1_30fps_frame0030,Poorly.
3157,q_16_main_1_30fps_frame0045.png,q_16_main_1_30fps_frame0045,poorly.
3157,q_16_main_1_30fps_frame0060.png,q_16_main_1_30fps_frame0060,Poorly.
3157,q_16_main_1_30fps_frame0075.png,q_16_main_1_30fps_frame0075,Poorly.
3157,q_16_main_1_30fps_frame0090.png,q_16_main_1_30fps_frame0090,poorly.
3157,q_17_main_1_30fps_frame0014.png,q_17_main_1_30fps_frame0014,poorly.
3157,q_17_main_1_30fps_frame0029.png,q_17_main_1_30fps_frame0029,poorly
3157,q_17_main_1_30fps_frame0044.png,q_17_main_1_30fps_frame0044,poorly.
3157,q_17_main_1_30fps_frame0059.png,q_17_main_1_30fps_frame0059,poorly.
3157,q_17_main_1_30fps_frame0074.png,q_17_main_1_30fps_frame0074,poorly.
3157,q_17_main_1_30fps_frame0089.png,q_17_main_1_30fps_frame0089,poorly
3157,q_18_main_0_30fps_frame0014.png,q_18_main_0_30fps_frame0014,poorly
3157,q_18_main_0_30fps_frame0029.png,q_18_main_0_30fps_frame0029,poorly
3157,q_18_main_0_30fps_frame0044.png,q_18_main_0_30fps_frame0044,poorly.
3157,q_18_main_0_30fps_frame0059.png,q_18_main_0_30fps_frame0059,Poorly.
3157,q_18_main_0_30fps_frame0074.png,q_18_main_0_30fps_frame0074,poorly
3157,q_18_main_0_30fps_frame0089.png,q_18_main_0_30fps_frame0089,poorly
3157,q_19_main_1_30fps_frame0014.png,q_19_main_1_30fps_frame0014,Poorly.
3157,q_19_main_1_30fps_frame0029.png,q_19_main_1_30fps_frame0029,poorly
3157,q_19_main_1_30fps_frame0044.png,q_19_main_1_30fps_frame0044,poorly
3157,q_19_main_1_30fps_frame0059.png,q_19_main_1_30fps_frame0059,poorly.
3157,q_19_main_1_30fps_frame0074.png,q_19_main_1_30fps_frame0074,poorly.
3157,q_19_main_1_30fps_frame0089.png,q_19_main_1_30fps_frame0089,poorly.
3157,q_20_main_0_30fps_frame0014.png,q_20_main_0_30fps_frame0014,Poorly.
3157,q_20_main_0_30fps_frame0029.png,q_20_main_0_30fps_frame0029,poorly.
3157,q_20_main_0_30fps_frame0044.png,q_20_main_0_30fps_frame0044,Poorly.
3157,q_20_main_0_30fps_frame0059.png,q_20_main_0_30fps_frame0059,poorly
3157,q_20_main_0_30fps_frame0074.png,q_20_main_0_30fps_frame0074,Poorly.
3157,q_20_main_0_30fps_frame0089.png,q_20_main_0_30fps_frame0089,poorly.
3157,q_21_main_0_30fps_frame0014.png,q_21_main_0_30fps_frame0014,poorly.
3157,q_21_main_0_30fps_frame0029.png,q_21_main_0_30fps_frame0029,poorly
3157,q_21_main_0_30fps_frame0044.png,q_21_main_0_30fps_frame0044,poorly
3157,q_21_main_0_30fps_frame0059.png,q_21_main_0_30fps_frame0059,poorly
3157,q_21_main_0_30fps_frame0074.png,q_21_main_0_30fps_frame0074,poorly.
3157,q_21_main_0_30fps_frame0089.png,q_21_main_0_30fps_frame0089,poorly.
3157,q_26_main_1_30fps_frame0014.png,q_26_main_1_30fps_frame0014,poorly.
3157,q_26_main_1_30fps_frame0029.png,q_26_main_1_30fps_frame0029,poorly
3157,q_26_main_1_30fps_frame0044.png,q_26_main_1_30fps_frame0044,poorly.
3157,q_26_main_1_30fps_frame0059.png,q_26_main_1_30fps_frame0059,poorly
3157,q_26_main_1_30fps_frame0074.png,q_26_main_1_30fps_frame0074,poorly.
3157,q_26_main_1_30fps_frame0089.png,q_26_main_1_30fps_frame0089,poorly
3157,q_29_main_0_30fps_frame0014.png,q_29_main_0_30fps_frame0014,poorly.
3157,q_29_main_0_30fps_frame0029.png,q_29_main_0_30fps_frame0029,poorly
3157,q_29_main_0_30fps_frame0044.png,q_29_main_0_30fps_frame0044,poorly.
3157,q_29_main_0_30fps_frame0059.png,q_29_main_0_30fps_frame0059,poorly.
3157,q_29_main_0_30fps_frame0074.png,q_29_main_0_30fps_frame0074,Poorly.
3157,q_29_main_0_30fps_frame0089.png,q_29_main_0_30fps_frame0089,Poorly.
3157,q_2_main_1_30fps_frame0014.png,q_2_main_1_30fps_frame0014,poorly.
3157,q_2_main_1_30fps_frame0029.png,q_2_main_1_30fps_frame0029,poorly.
3157,q_2_main_1_30fps_frame0044.png,q_2_main_1_30fps_frame0044,poorly.
3157,q_2_main_1_30fps_frame0059.png,q_2_main_1_30fps_frame0059,poorly.
3157,q_2_main_1_30fps_frame0074.png,q_2_main_1_30fps_frame0074,poorly
3157,q_2_main_1_30fps_frame0089.png,q_2_main_1_30fps_frame0089,poorly.
3157,q_30_main_1_30fps_frame0014.png,q_30_main_1_30fps_frame0014,poorly.
3157,q_30_main_1_30fps_frame0029.png,q_30_main_1_30fps_frame0029,poorly.
3157,q_30_main_1_30fps_frame0044.png,q_30_main_1_30fps_frame0044,poorly
3157,q_30_main_1_30fps_frame0059.png,q_30_main_1_30fps_frame0059,poorly.
3157,q_30_main_1_30fps_frame0074.png,q_30_main_1_30fps_frame0074,poorly.
3157,q_30_main_1_30fps_frame0089.png,q_30_main_1_30fps_frame0089,poorly.
3157,q_5_main_0_30fps_frame0015.png,q_5_main_0_30fps_frame0015,poorly.
3157,q_5_main_0_30fps_frame0030.png,q_5_main_0_30fps_frame0030,poorly.
3157,q_5_main_0_30fps_frame0045.png,q_5_main_0_30fps_frame0045,poorly.
3157,q_5_main_0_30fps_frame0060.png,q_5_main_0_30fps_frame0060,poorly
3157,q_5_main_0_30fps_frame0075.png,q_5_main_0_30fps_frame0075,poorly
3157,q_5_main_0_30fps_frame0090.png,q_5_main_0_30fps_frame0090,Poorly.
3157,q_warmup_5_main_1_30fps_frame0015.png,q_warmup_5_main_1_30fps_frame0015,poorly.
3157,q_warmup_5_main_1_30fps_frame0030.png,q_warmup_5_main_1_30fps_frame0030,poorly.
3157,q_warmup_5_main_1_30fps_frame0045.png,q_warmup_5_main_1_30fps_frame0045,poorly.
3157,q_warmup_5_main_1_30fps_frame0060.png,q_warmup_5_main_1_30fps_frame0060,Poorly.
3157,q_warmup_5_main_1_30fps_frame0075.png,q_warmup_5_main_1_30fps_frame0075,Poorly.
3157,q_warmup_5_main_1_30fps_frame0090.png,q_warmup_5_main_1_30fps_frame0090,poorly.
3203,q_13_main_1_30fps_frame0015.png,q_13_main_1_30fps_frame0015,poorly
3203,q_13_main_1_30fps_frame0030.png,q_13_main_1_30fps_frame0030,poorly
3203,q_13_main_1_30fps_frame0045.png,q_13_main_1_30fps_frame0045,poorly
3203,q_13_main_1_30fps_frame0060.png,q_13_main_1_30fps_frame0060,poorly
3203,q_13_main_1_30fps_frame0075.png,q_13_main_1_30fps_frame0075,poorly
3203,q_13_main_1_30fps_frame0090.png,q_13_main_1_30fps_frame0090,poorly
3203,q_14_main_0_30fps_frame0015.png,q_14_main_0_30fps_frame0015,poorly
3203,q_14_main_0_30fps_frame0030.png,q_14_main_0_30fps_frame0030,poorly
3203,q_14_main_0_30fps_frame0045.png,q_14_main_0_30fps_frame0045,poorly
3203,q_14_main_0_30fps_frame0060.png,q_14_main_0_30fps_frame0060,poorly
3203,q_14_main_0_30fps_frame0075.png,q_14_main_0_30fps_frame0075,poorly
3203,q_14_main_0_30fps_frame0090.png,q_14_main_0_30fps_frame0090,poorly
3203,q_15_main_1_30fps_frame0014.png,q_15_main_1_30fps_frame0014,poorly
3203,q_15_main_1_30fps_frame0029.png,q_15_main_1_30fps_frame0029,Poorly.
3203,q_15_main_1_30fps_frame0044.png,q_15_main_1_30fps_frame0044,poorly
3203,q_15_main_1_30fps_frame0059.png,q_15_main_1_30fps_frame0059,poorly
3203,q_15_main_1_30fps_frame0074.png,q_15_main_1_30fps_frame0074,poorly
3203,q_15_main_1_30fps_frame0089.png,q_15_main_1_30fps_frame0089,poorly
3203,q_16_main_0_30fps_frame0014.png,q_16_main_0_30fps_frame0014,poorly
3203,q_16_main_0_30fps_frame0029.png,q_16_main_0_30fps_frame0029,poorly
3203,q_16_main_0_30fps_frame0044.png,q_16_main_0_30fps_frame0044,poorly
3203,q_16_main_0_30fps_frame0059.png,q_16_main_0_30fps_frame0059,poorly
3203,q_16_main_0_30fps_frame0074.png,q_16_main_0_30fps_frame0074,poorly
3203,q_16_main_0_30fps_frame0089.png,q_16_main_0_30fps_frame0089,Poorly.
3203,q_17_main_1_30fps_frame0015.png,q_17_main_1_30fps_frame0015,poorly
3203,q_17_main_1_30fps_frame0030.png,q_17_main_1_30fps_frame0030,poorly
3203,q_17_main_1_30fps_frame0045.png,q_17_main_1_30fps_frame0045,poorly
3203,q_17_main_1_30fps_frame0060.png,q_17_main_1_30fps_frame0060,poorly
3203,q_17_main_1_30fps_frame0075.png,q_17_main_1_30fps_frame0075,poorly
3203,q_17_main_1_30fps_frame0090.png,q_17_main_1_30fps_frame0090,Poorly.
3203,q_18_main_0_30fps_frame0014.png,q_18_main_0_30fps_frame0014,poorly
3203,q_18_main_0_30fps_frame0029.png,q_18_main_0_30fps_frame0029,poorly
3203,q_18_main_0_30fps_frame0044.png,q_18_main_0_30fps_frame0044,poorly
3203,q_18_main_0_30fps_frame0059.png,q_18_main_0_30fps_frame0059,poorly
3203,q_18_main_0_30fps_frame0074.png,q_18_main_0_30fps_frame0074,poorly
3203,q_18_main_0_30fps_frame0089.png,q_18_main_0_30fps_frame0089,poorly
3203,q_1_main_1_30fps_frame0015.png,q_1_main_1_30fps_frame0015,poorly
3203,q_1_main_1_30fps_frame0030.png,q_1_main_1_30fps_frame0030,poorly
3203,q_1_main_1_30fps_frame0045.png,q_1_main_1_30fps_frame0045,poorly.
3203,q_1_main_1_30fps_frame0060.png,q_1_main_1_30fps_frame0060,poorly
3203,q_1_main_1_30fps_frame0075.png,q_1_main_1_30fps_frame0075,poorly
3203,q_1_main_1_30fps_frame0090.png,q_1_main_1_30fps_frame0090,poorly
3203,q_20_main_0_30fps_frame0015.png,q_20_main_0_30fps_frame0015,poorly
3203,q_20_main_0_30fps_frame0030.png,q_20_main_0_30fps_frame0030,Poorly.
3203,q_20_main_0_30fps_frame0045.png,q_20_main_0_30fps_frame0045,poorly
3203,q_20_main_0_30fps_frame0060.png,q_20_main_0_30fps_frame0060,poorly
3203,q_20_main_0_30fps_frame0075.png,q_20_main_0_30fps_frame0075,poorly
3203,q_20_main_0_30fps_frame0090.png,q_20_main_0_30fps_frame0090,poorly
3203,q_23_main_0_30fps_frame0014.png,q_23_main_0_30fps_frame0014,poorly
3203,q_23_main_0_30fps_frame0029.png,q_23_main_0_30fps_frame0029,poorly
3203,q_23_main_0_30fps_frame0044.png,q_23_main_0_30fps_frame0044,poorly
3203,q_23_main_0_30fps_frame0059.png,q_23_main_0_30fps_frame0059,poorly
3203,q_23_main_0_30fps_frame0074.png,q_23_main_0_30fps_frame0074,poorly.
3203,q_23_main_0_30fps_frame0089.png,q_23_main_0_30fps_frame0089,poorly
3203,q_24_main_0_30fps_frame0014.png,q_24_main_0_30fps_frame0014,poorly
3203,q_24_main_0_30fps_frame0029.png,q_24_main_0_30fps_frame0029,poorly
3203,q_24_main_0_30fps_frame0044.png,q_24_main_0_30fps_frame0044,poorly
3203,q_24_main_0_30fps_frame0059.png,q_24_main_0_30fps_frame0059,poorly
3203,q_24_main_0_30fps_frame0074.png,q_24_main_0_30fps_frame0074,poorly
3203,q_24_main_0_30fps_frame0089.png,q_24_main_0_30fps_frame0089,poorly
3203,q_25_main_0_30fps_frame0014.png,q_25_main_0_30fps_frame0014,poorly
3203,q_25_main_0_30fps_frame0029.png,q_25_main_0_30fps_frame0029,Poorly.
3203,q_25_main_0_30fps_frame0044.png,q_25_main_0_30fps_frame0044,poorly
3203,q_25_main_0_30fps_frame0059.png,q_25_main_0_30fps_frame0059,poorly
3203,q_25_main_0_30fps_frame0074.png,q_25_main_0_30fps_frame0074,poorly
3203,q_25_main_0_30fps_frame0089.png,q_25_main_0_30fps_frame0089,poorly
3203,q_26_main_0_30fps_frame0015.png,q_26_main_0_30fps_frame0015,poorly
3203,q_26_main_0_30fps_frame0030.png,q_26_main_0_30fps_frame0030,poorly
3203,q_26_main_0_30fps_frame0045.png,q_26_main_0_30fps_frame0045,poorly
3203,q_26_main_0_30fps_frame0060.png,q_26_main_0_30fps_frame0060,poorly
3203,q_26_main_0_30fps_frame0075.png,q_26_main_0_30fps_frame0075,poorly
3203,q_26_main_0_30fps_frame0090.png,q_26_main_0_30fps_frame0090,poorly
3203,q_27_main_1_30fps_frame0015.png,q_27_main_1_30fps_frame0015,poorly
3203,q_27_main_1_30fps_frame0030.png,q_27_main_1_30fps_frame0030,poorly
3203,q_27_main_1_30fps_frame0045.png,q_27_main_1_30fps_frame0045,Poorly.
3203,q_27_main_1_30fps_frame0060.png,q_27_main_1_30fps_frame0060,poorly
3203,q_27_main_1_30fps_frame0075.png,q_27_main_1_30fps_frame0075,poorly
3203,q_27_main_1_30fps_frame0090.png,q_27_main_1_30fps_frame0090,poorly
3203,q_28_main_0_30fps_frame0013.png,q_28_main_0_30fps_frame0013,poorly
3203,q_28_main_0_30fps_frame0028.png,q_28_main_0_30fps_frame0028,poorly
3203,q_28_main_0_30fps_frame0043.png,q_28_main_0_30fps_frame0043,poorly
3203,q_28_main_0_30fps_frame0058.png,q_28_main_0_30fps_frame0058,poorly
3203,q_28_main_0_30fps_frame0073.png,q_28_main_0_30fps_frame0073,poorly
3203,q_28_main_0_30fps_frame0088.png,q_28_main_0_30fps_frame0088,poorly
3203,q_29_main_0_30fps_frame0014.png,q_29_main_0_30fps_frame0014,poorly
3203,q_29_main_0_30fps_frame0029.png,q_29_main_0_30fps_frame0029,poorly
3203,q_29_main_0_30fps_frame0044.png,q_29_main_0_30fps_frame0044,poorly
3203,q_29_main_0_30fps_frame0059.png,q_29_main_0_30fps_frame0059,poorly
3203,q_29_main_0_30fps_frame0074.png,q_29_main_0_30fps_frame0074,poorly
3203,q_29_main_0_30fps_frame0089.png,q_29_main_0_30fps_frame0089,poorly
3203,q_2_main_1_30fps_frame0014.png,q_2_main_1_30fps_frame0014,poorly
3203,q_2_main_1_30fps_frame0029.png,q_2_main_1_30fps_frame0029,poorly
3203,q_2_main_1_30fps_frame0044.png,q_2_main_1_30fps_frame0044,poorly
3203,q_2_main_1_30fps_frame0059.png,q_2_main_1_30fps_frame0059,poorly
3203,q_2_main_1_30fps_frame0074.png,q_2_main_1_30fps_frame0074,poorly
3203,q_2_main_1_30fps_frame0089.png,q_2_main_1_30fps_frame0089,poorly
3203,q_3_main_1_30fps_frame0014.png,q_3_main_1_30fps_frame0014,poorly
3203,q_3_main_1_30fps_frame0029.png,q_3_main_1_30fps_frame0029,poorly
3203,q_3_main_1_30fps_frame0044.png,q_3_main_1_30fps_frame0044,poorly
3203,q_3_main_1_30fps_frame0059.png,q_3_main_1_30fps_frame0059,poorly
3203,q_3_main_1_30fps_frame0074.png,q_3_main_1_30fps_frame0074,poorly
3203,q_3_main_1_30fps_frame0089.png,q_3_main_1_30fps_frame0089,poorly
3203,q_4_main_1_30fps_frame0014.png,q_4_main_1_30fps_frame0014,poorly
3203,q_4_main_1_30fps_frame0029.png,q_4_main_1_30fps_frame0029,poorly
3203,q_4_main_1_30fps_frame0044.png,q_4_main_1_30fps_frame0044,poorly
3203,q_4_main_1_30fps_frame0059.png,q_4_main_1_30fps_frame0059,poorly
3203,q_4_main_1_30fps_frame0074.png,q_4_main_1_30fps_frame0074,poorly
3203,q_4_main_1_30fps_frame0089.png,q_4_main_1_30fps_frame0089,Poorly.
3203,q_5_main_0_30fps_frame0014.png,q_5_main_0_30fps_frame0014,poorly
3203,q_5_main_0_30fps_frame0029.png,q_5_main_0_30fps_frame0029,poorly
3203,q_5_main_0_30fps_frame0044.png,q_5_main_0_30fps_frame0044,poorly
3203,q_5_main_0_30fps_frame0059.png,q_5_main_0_30fps_frame0059,poorly
3203,q_5_main_0_30fps_frame0074.png,q_5_main_0_30fps_frame0074,poorly
3203,q_5_main_0_30fps_frame0089.png,q_5_main_0_30fps_frame0089,poorly
3203,q_6_main_1_30fps_frame0014.png,q_6_main_1_30fps_frame0014,Poorly.
3203,q_6_main_1_30fps_frame0029.png,q_6_main_1_30fps_frame0029,poorly
3203,q_6_main_1_30fps_frame0044.png,q_6_main_1_30fps_frame0044,poorly
3203,q_6_main_1_30fps_frame0059.png,q_6_main_1_30fps_frame0059,poorly
3203,q_6_main_1_30fps_frame0074.png,q_6_main_1_30fps_frame0074,poorly
3203,q_6_main_1_30fps_frame0089.png,q_6_main_1_30fps_frame0089,poorly
3203,q_8_main_1_30fps_frame0014.png,q_8_main_1_30fps_frame0014,poorly
3203,q_8_main_1_30fps_frame0029.png,q_8_main_1_30fps_frame0029,poorly
3203,q_8_main_1_30fps_frame0044.png,q_8_main_1_30fps_frame0044,poorly
3203,q_8_main_1_30fps_frame0059.png,q_8_main_1_30fps_frame0059,poorly
3203,q_8_main_1_30fps_frame0074.png,q_8_main_1_30fps_frame0074,poorly
3203,q_8_main_1_30fps_frame0089.png,q_8_main_1_30fps_frame0089,poorly
3203,q_warmup_3_main_1_30fps_frame0014.png,q_warmup_3_main_1_30fps_frame0014,Poorly.
3203,q_warmup_3_main_1_30fps_frame0029.png,q_warmup_3_main_1_30fps_frame0029,poorly
3203,q_warmup_3_main_1_30fps_frame0044.png,q_warmup_3_main_1_30fps_frame0044,poorly
3203,q_warmup_3_main_1_30fps_frame0059.png,q_warmup_3_main_1_30fps_frame0059,Poorly.
3203,q_warmup_3_main_1_30fps_frame0074.png,q_warmup_3_main_1_30fps_frame0074,Poorly.
3203,q_warmup_3_main_1_30fps_frame0089.png,q_warmup_3_main_1_30fps_frame0089,poorly
3339,q_10_main_0_30fps_frame0014.png,q_10_main_0_30fps_frame0014,Poorly.
3339,q_10_main_0_30fps_frame0029.png,q_10_main_0_30fps_frame0029,Poorly.
3339,q_10_main_0_30fps_frame0044.png,q_10_main_0_30fps_frame0044,Poorly.
3339,q_10_main_0_30fps_frame0059.png,q_10_main_0_30fps_frame0059,Poorly.
3339,q_10_main_0_30fps_frame0074.png,q_10_main_0_30fps_frame0074,Poorly.
3339,q_10_main_0_30fps_frame0089.png,q_10_main_0_30fps_frame0089,Poorly.
3339,q_12_main_1_30fps_frame0014.png,q_12_main_1_30fps_frame0014,Poorly.
3339,q_12_main_1_30fps_frame0029.png,q_12_main_1_30fps_frame0029,Poorly.
3339,q_12_main_1_30fps_frame0044.png,q_12_main_1_30fps_frame0044,Poorly.
3339,q_12_main_1_30fps_frame0059.png,q_12_main_1_30fps_frame0059,Poorly.
3339,q_12_main_1_30fps_frame0074.png,q_12_main_1_30fps_frame0074,Poorly.
3339,q_12_main_1_30fps_frame0089.png,q_12_main_1_30fps_frame0089,Poorly.
3339,q_13_main_0_30fps_frame0014.png,q_13_main_0_30fps_frame0014,Poorly.
3339,q_13_main_0_30fps_frame0029.png,q_13_main_0_30fps_frame0029,Poorly.
3339,q_13_main_0_30fps_frame0044.png,q_13_main_0_30fps_frame0044,Poorly.
3339,q_13_main_0_30fps_frame0059.png,q_13_main_0_30fps_frame0059,Poorly.
3339,q_13_main_0_30fps_frame0074.png,q_13_main_0_30fps_frame0074,Poorly.
3339,q_13_main_0_30fps_frame0089.png,q_13_main_0_30fps_frame0089,Poorly.
3339,q_16_main_1_30fps_frame0014.png,q_16_main_1_30fps_frame0014,Poorly.
3339,q_16_main_1_30fps_frame0029.png,q_16_main_1_30fps_frame0029,poorly
3339,q_16_main_1_30fps_frame0044.png,q_16_main_1_30fps_frame0044,Poorly.
3339,q_16_main_1_30fps_frame0059.png,q_16_main_1_30fps_frame0059,Poorly.
3339,q_16_main_1_30fps_frame0074.png,q_16_main_1_30fps_frame0074,Poorly.
3339,q_16_main_1_30fps_frame0089.png,q_16_main_1_30fps_frame0089,Poorly.
3339,q_17_main_0_30fps_frame0014.png,q_17_main_0_30fps_frame0014,Poorly.
3339,q_17_main_0_30fps_frame0029.png,q_17_main_0_30fps_frame0029,Poorly.
3339,q_17_main_0_30fps_frame0044.png,q_17_main_0_30fps_frame0044,Poorly.
3339,q_17_main_0_30fps_frame0059.png,q_17_main_0_30fps_frame0059,Poorly.
3339,q_17_main_0_30fps_frame0074.png,q_17_main_0_30fps_frame0074,Poorly.
3339,q_17_main_0_30fps_frame0089.png,q_17_main_0_30fps_frame0089,Poorly.
3339,q_1_main_0_30fps_frame0013.png,q_1_main_0_30fps_frame0013,Poorly.
3339,q_1_main_0_30fps_frame0028.png,q_1_main_0_30fps_frame0028,Poorly.
3339,q_1_main_0_30fps_frame0043.png,q_1_main_0_30fps_frame0043,Poorly.
3339,q_1_main_0_30fps_frame0058.png,q_1_main_0_30fps_frame0058,Poorly.
3339,q_1_main_0_30fps_frame0073.png,q_1_main_0_30fps_frame0073,Poorly.
3339,q_1_main_0_30fps_frame0088.png,q_1_main_0_30fps_frame0088,Poorly.
3339,q_22_main_0_30fps_frame0013.png,q_22_main_0_30fps_frame0013,Poorly.
3339,q_22_main_0_30fps_frame0028.png,q_22_main_0_30fps_frame0028,Poorly.
3339,q_22_main_0_30fps_frame0043.png,q_22_main_0_30fps_frame0043,Poorly.
3339,q_22_main_0_30fps_frame0058.png,q_22_main_0_30fps_frame0058,Poorly.
3339,q_22_main_0_30fps_frame0073.png,q_22_main_0_30fps_frame0073,Poorly.
3339,q_22_main_0_30fps_frame0088.png,q_22_main_0_30fps_frame0088,Poorly.
3339,q_23_main_0_30fps_frame0015.png,q_23_main_0_30fps_frame0015,Poorly.
3339,q_23_main_0_30fps_frame0030.png,q_23_main_0_30fps_frame0030,Poorly.
3339,q_23_main_0_30fps_frame0045.png,q_23_main_0_30fps_frame0045,Poorly.
3339,q_23_main_0_30fps_frame0060.png,q_23_main_0_30fps_frame0060,Poorly.
3339,q_23_main_0_30fps_frame0075.png,q_23_main_0_30fps_frame0075,Poorly.
3339,q_23_main_0_30fps_frame0090.png,q_23_main_0_30fps_frame0090,Poorly.
3339,q_24_main_0_30fps_frame0014.png,q_24_main_0_30fps_frame0014,Poorly.
3339,q_24_main_0_30fps_frame0029.png,q_24_main_0_30fps_frame0029,poorly
3339,q_24_main_0_30fps_frame0044.png,q_24_main_0_30fps_frame0044,Poorly.
3339,q_24_main_0_30fps_frame0059.png,q_24_main_0_30fps_frame0059,Poorly.
3339,q_24_main_0_30fps_frame0074.png,q_24_main_0_30fps_frame0074,Poorly.
3339,q_24_main_0_30fps_frame0089.png,q_24_main_0_30fps_frame0089,Poorly.
3339,q_25_main_0_30fps_frame0015.png,q_25_main_0_30fps_frame0015,Poorly.
3339,q_25_main_0_30fps_frame0030.png,q_25_main_0_30fps_frame0030,Poorly.
3339,q_25_main_0_30fps_frame0045.png,q_25_main_0_30fps_frame0045,Poorly.
3339,q_25_main_0_30fps_frame0060.png,q_25_main_0_30fps_frame0060,Poorly.
3339,q_25_main_0_30fps_frame0075.png,q_25_main_0_30fps_frame0075,Poorly.
3339,q_25_main_0_30fps_frame0090.png,q_25_main_0_30fps_frame0090,Poorly.
3339,q_26_main_0_30fps_frame0014.png,q_26_main_0_30fps_frame0014,Poorly.
3339,q_26_main_0_30fps_frame0029.png,q_26_main_0_30fps_frame0029,Poorly.
3339,q_26_main_0_30fps_frame0044.png,q_26_main_0_30fps_frame0044,Poorly.
3339,q_26_main_0_30fps_frame0059.png,q_26_main_0_30fps_frame0059,poorly.
3339,q_26_main_0_30fps_frame0074.png,q_26_main_0_30fps_frame0074,Poorly.
3339,q_26_main_0_30fps_frame0089.png,q_26_main_0_30fps_frame0089,Poorly.
3339,q_27_main_0_30fps_frame0013.png,q_27_main_0_30fps_frame0013,Poorly.
3339,q_27_main_0_30fps_frame0028.png,q_27_main_0_30fps_frame0028,Poorly.
3339,q_27_main_0_30fps_frame0043.png,q_27_main_0_30fps_frame0043,Poorly.
3339,q_27_main_0_30fps_frame0058.png,q_27_main_0_30fps_frame0058,poorly
3339,q_27_main_0_30fps_frame0073.png,q_27_main_0_30fps_frame0073,Poorly.
3339,q_27_main_0_30fps_frame0088.png,q_27_main_0_30fps_frame0088,Poorly.
3339,q_28_main_0_30fps_frame0014.png,q_28_main_0_30fps_frame0014,Poorly.
3339,q_28_main_0_30fps_frame0029.png,q_28_main_0_30fps_frame0029,Poorly.
3339,q_28_main_0_30fps_frame0044.png,q_28_main_0_30fps_frame0044,Poorly.
3339,q_28_main_0_30fps_frame0059.png,q_28_main_0_30fps_frame0059,Poorly.
3339,q_28_main_0_30fps_frame0074.png,q_28_main_0_30fps_frame0074,Poorly.
3339,q_28_main_0_30fps_frame0089.png,q_28_main_0_30fps_frame0089,Poorly.
3339,q_30_main_0_30fps_frame0013.png,q_30_main_0_30fps_frame0013,Poorly.
3339,q_30_main_0_30fps_frame0028.png,q_30_main_0_30fps_frame0028,Poorly.
3339,q_30_main_0_30fps_frame0043.png,q_30_main_0_30fps_frame0043,Poorly.
3339,q_30_main_0_30fps_frame0058.png,q_30_main_0_30fps_frame0058,Poorly.
3339,q_30_main_0_30fps_frame0073.png,q_30_main_0_30fps_frame0073,Poorly.
3339,q_30_main_0_30fps_frame0088.png,q_30_main_0_30fps_frame0088,Poorly.
3339,q_6_main_1_30fps_frame0013.png,q_6_main_1_30fps_frame0013,Poorly.
3339,q_6_main_1_30fps_frame0028.png,q_6_main_1_30fps_frame0028,Poorly.
3339,q_6_main_1_30fps_frame0043.png,q_6_main_1_30fps_frame0043,Poorly.
3339,q_6_main_1_30fps_frame0058.png,q_6_main_1_30fps_frame0058,Poorly.
3339,q_6_main_1_30fps_frame0073.png,q_6_main_1_30fps_frame0073,Poorly.
3339,q_6_main_1_30fps_frame0088.png,q_6_main_1_30fps_frame0088,poorly
3339,q_8_main_1_30fps_frame0014.png,q_8_main_1_30fps_frame0014,Poorly.
3339,q_8_main_1_30fps_frame0029.png,q_8_main_1_30fps_frame0029,Poorly.
3339,q_8_main_1_30fps_frame0044.png,q_8_main_1_30fps_frame0044,Poorly.
3339,q_8_main_1_30fps_frame0059.png,q_8_main_1_30fps_frame0059,Poorly.
3339,q_8_main_1_30fps_frame0074.png,q_8_main_1_30fps_frame0074,Poorly.
3339,q_8_main_1_30fps_frame0089.png,q_8_main_1_30fps_frame0089,poorly
3339,q_9_main_1_30fps_frame0014.png,q_9_main_1_30fps_frame0014,Poorly.
3339,q_9_main_1_30fps_frame0029.png,q_9_main_1_30fps_frame0029,Poorly.
3339,q_9_main_1_30fps_frame0044.png,q_9_main_1_30fps_frame0044,Poorly.
3339,q_9_main_1_30fps_frame0059.png,q_9_main_1_30fps_frame0059,Poorly.
3339,q_9_main_1_30fps_frame0074.png,q_9_main_1_30fps_frame0074,poorly
3339,q_9_main_1_30fps_frame0089.png,q_9_main_1_30fps_frame0089,Poorly.
3339,q_warmup_3_main_1_30fps_frame0013.png,q_warmup_3_main_1_30fps_frame0013,Poorly.
3339,q_warmup_3_main_1_30fps_frame0028.png,q_warmup_3_main_1_30fps_frame0028,Poorly.
3339,q_warmup_3_main_1_30fps_frame0043.png,q_warmup_3_main_1_30fps_frame0043,Poorly.
3339,q_warmup_3_main_1_30fps_frame0058.png,q_warmup_3_main_1_30fps_frame0058,Poorly.
3339,q_warmup_3_main_1_30fps_frame0073.png,q_warmup_3_main_1_30fps_frame0073,Poorly.
3339,q_warmup_3_main_1_30fps_frame0088.png,q_warmup_3_main_1_30fps_frame0088,Poorly.
3882,q_12_main_1_30fps_frame0015.png,q_12_main_1_30fps_frame0015,poorly
3882,q_12_main_1_30fps_frame0030.png,q_12_main_1_30fps_frame0030,Poorly.
3882,q_12_main_1_30fps_frame0045.png,q_12_main_1_30fps_frame0045,Poorly.
3882,q_12_main_1_30fps_frame0060.png,q_12_main_1_30fps_frame0060,Poorly.
3882,q_12_main_1_30fps_frame0075.png,q_12_main_1_30fps_frame0075,poorly
3882,q_12_main_1_30fps_frame0090.png,q_12_main_1_30fps_frame0090,Poorly.
3882,q_15_main_1_30fps_frame0014.png,q_15_main_1_30fps_frame0014,Poorly.
3882,q_15_main_1_30fps_frame0029.png,q_15_main_1_30fps_frame0029,poorly
3882,q_15_main_1_30fps_frame0044.png,q_15_main_1_30fps_frame0044,Poorly.
3882,q_15_main_1_30fps_frame0059.png,q_15_main_1_30fps_frame0059,Poorly.
3882,q_15_main_1_30fps_frame0074.png,q_15_main_1_30fps_frame0074,Poorly.
3882,q_15_main_1_30fps_frame0089.png,q_15_main_1_30fps_frame0089,Poorly.
3882,q_16_main_1_30fps_frame0015.png,q_16_main_1_30fps_frame0015,Poorly.
3882,q_16_main_1_30fps_frame0030.png,q_16_main_1_30fps_frame0030,Poorly.
3882,q_16_main_1_30fps_frame0045.png,q_16_main_1_30fps_frame0045,Poorly.
3882,q_16_main_1_30fps_frame0060.png,q_16_main_1_30fps_frame0060,poorly.
3882,q_16_main_1_30fps_frame0075.png,q_16_main_1_30fps_frame0075,poorly
3882,q_16_main_1_30fps_frame0090.png,q_16_main_1_30fps_frame0090,poorly
3882,q_19_main_0_30fps_frame0015.png,q_19_main_0_30fps_frame0015,Poorly.
3882,q_19_main_0_30fps_frame0030.png,q_19_main_0_30fps_frame0030,Poorly.
3882,q_19_main_0_30fps_frame0045.png,q_19_main_0_30fps_frame0045,Poorly.
3882,q_19_main_0_30fps_frame0060.png,q_19_main_0_30fps_frame0060,poorly
3882,q_19_main_0_30fps_frame0075.png,q_19_main_0_30fps_frame0075,poorly
3882,q_19_main_0_30fps_frame0090.png,q_19_main_0_30fps_frame0090,poorly
3882,q_1_main_0_30fps_frame0015.png,q_1_main_0_30fps_frame0015,poorly
3882,q_1_main_0_30fps_frame0030.png,q_1_main_0_30fps_frame0030,poorly
3882,q_1_main_0_30fps_frame0045.png,q_1_main_0_30fps_frame0045,Poorly.
3882,q_1_main_0_30fps_frame0060.png,q_1_main_0_30fps_frame0060,poorly
3882,q_1_main_0_30fps_frame0075.png,q_1_main_0_30fps_frame0075,poorly
3882,q_1_main_0_30fps_frame0090.png,q_1_main_0_30fps_frame0090,poorly
3882,q_20_main_0_30fps_frame0015.png,q_20_main_0_30fps_frame0015,poorly
3882,q_20_main_0_30fps_frame0030.png,q_20_main_0_30fps_frame0030,poorly
3882,q_20_main_0_30fps_frame0045.png,q_20_main_0_30fps_frame0045,Poorly.
3882,q_20_main_0_30fps_frame0060.png,q_20_main_0_30fps_frame0060,Poorly.
3882,q_20_main_0_30fps_frame0075.png,q_20_main_0_30fps_frame0075,poorly
3882,q_20_main_0_30fps_frame0090.png,q_20_main_0_30fps_frame0090,Poorly.
3882,q_22_main_0_30fps_frame0015.png,q_22_main_0_30fps_frame0015,Poorly.
3882,q_22_main_0_30fps_frame0030.png,q_22_main_0_30fps_frame0030,Poorly.
3882,q_22_main_0_30fps_frame0045.png,q_22_main_0_30fps_frame0045,Poorly.
3882,q_22_main_0_30fps_frame0060.png,q_22_main_0_30fps_frame0060,Poorly.
3882,q_22_main_0_30fps_frame0075.png,q_22_main_0_30fps_frame0075,Poorly.
3882,q_22_main_0_30fps_frame0090.png,q_22_main_0_30fps_frame0090,poorly
3882,q_24_main_1_30fps_frame0014.png,q_24_main_1_30fps_frame0014,poorly
3882,q_24_main_1_30fps_frame0029.png,q_24_main_1_30fps_frame0029,poorly
3882,q_24_main_1_30fps_frame0044.png,q_24_main_1_30fps_frame0044,poorly
3882,q_24_main_1_30fps_frame0059.png,q_24_main_1_30fps_frame0059,Poorly.
3882,q_24_main_1_30fps_frame0074.png,q_24_main_1_30fps_frame0074,poorly
3882,q_24_main_1_30fps_frame0089.png,q_24_main_1_30fps_frame0089,Poorly.
3882,q_26_main_1_30fps_frame0014.png,q_26_main_1_30fps_frame0014,poorly
3882,q_26_main_1_30fps_frame0029.png,q_26_main_1_30fps_frame0029,poorly
3882,q_26_main_1_30fps_frame0044.png,q_26_main_1_30fps_frame0044,poorly
3882,q_26_main_1_30fps_frame0059.png,q_26_main_1_30fps_frame0059,Poorly.
3882,q_26_main_1_30fps_frame0074.png,q_26_main_1_30fps_frame0074,poorly
3882,q_26_main_1_30fps_frame0089.png,q_26_main_1_30fps_frame0089,poorly
3882,q_27_main_0_30fps_frame0014.png,q_27_main_0_30fps_frame0014,Poorly.
3882,q_27_main_0_30fps_frame0029.png,q_27_main_0_30fps_frame0029,Poorly.
3882,q_27_main_0_30fps_frame0044.png,q_27_main_0_30fps_frame0044,Poorly.
3882,q_27_main_0_30fps_frame0059.png,q_27_main_0_30fps_frame0059,Poorly.
3882,q_27_main_0_30fps_frame0074.png,q_27_main_0_30fps_frame0074,Poorly.
3882,q_27_main_0_30fps_frame0089.png,q_27_main_0_30fps_frame0089,poorly
3882,q_28_main_0_30fps_frame0015.png,q_28_main_0_30fps_frame0015,Poorly.
3882,q_28_main_0_30fps_frame0030.png,q_28_main_0_30fps_frame0030,poorly
3882,q_28_main_0_30fps_frame0045.png,q_28_main_0_30fps_frame0045,Poorly.
3882,q_28_main_0_30fps_frame0060.png,q_28_main_0_30fps_frame0060,poorly
3882,q_28_main_0_30fps_frame0075.png,q_28_main_0_30fps_frame0075,Poorly.
3882,q_28_main_0_30fps_frame0090.png,q_28_main_0_30fps_frame0090,Poorly.
3882,q_2_main_1_30fps_frame0015.png,q_2_main_1_30fps_frame0015,Poorly.
3882,q_2_main_1_30fps_frame0030.png,q_2_main_1_30fps_frame0030,poorly
3882,q_2_main_1_30fps_frame0045.png,q_2_main_1_30fps_frame0045,Poorly.
3882,q_2_main_1_30fps_frame0060.png,q_2_main_1_30fps_frame0060,Poorly.
3882,q_2_main_1_30fps_frame0075.png,q_2_main_1_30fps_frame0075,poorly
3882,q_2_main_1_30fps_frame0090.png,q_2_main_1_30fps_frame0090,poorly
3882,q_3_main_1_30fps_frame0014.png,q_3_main_1_30fps_frame0014,poorly
3882,q_3_main_1_30fps_frame0029.png,q_3_main_1_30fps_frame0029,poorly
3882,q_3_main_1_30fps_frame0044.png,q_3_main_1_30fps_frame0044,Poorly.
3882,q_3_main_1_30fps_frame0059.png,q_3_main_1_30fps_frame0059,Poorly.
3882,q_3_main_1_30fps_frame0074.png,q_3_main_1_30fps_frame0074,Poorly.
3882,q_3_main_1_30fps_frame0089.png,q_3_main_1_30fps_frame0089,poorly
3882,q_6_main_1_30fps_frame0014.png,q_6_main_1_30fps_frame0014,poorly
3882,q_6_main_1_30fps_frame0029.png,q_6_main_1_30fps_frame0029,poorly
3882,q_6_main_1_30fps_frame0044.png,q_6_main_1_30fps_frame0044,poorly
3882,q_6_main_1_30fps_frame0059.png,q_6_main_1_30fps_frame0059,poorly
3882,q_6_main_1_30fps_frame0074.png,q_6_main_1_30fps_frame0074,Poorly.
3882,q_6_main_1_30fps_frame0089.png,q_6_main_1_30fps_frame0089,Poorly.
3882,q_8_main_0_30fps_frame0014.png,q_8_main_0_30fps_frame0014,poorly
3882,q_8_main_0_30fps_frame0029.png,q_8_main_0_30fps_frame0029,Poorly.
3882,q_8_main_0_30fps_frame0044.png,q_8_main_0_30fps_frame0044,Poorly.
3882,q_8_main_0_30fps_frame0059.png,q_8_main_0_30fps_frame0059,poorly
3882,q_8_main_0_30fps_frame0074.png,q_8_main_0_30fps_frame0074,poorly
3882,q_8_main_0_30fps_frame0089.png,q_8_main_0_30fps_frame0089,Poorly.
3882,q_9_main_1_30fps_frame0015.png,q_9_main_1_30fps_frame0015,Poorly.
3882,q_9_main_1_30fps_frame0030.png,q_9_main_1_30fps_frame0030,Poorly.
3882,q_9_main_1_30fps_frame0045.png,q_9_main_1_30fps_frame0045,Poorly.
3882,q_9_main_1_30fps_frame0060.png,q_9_main_1_30fps_frame0060,Poorly.
3882,q_9_main_1_30fps_frame0075.png,q_9_main_1_30fps_frame0075,Poorly.
3882,q_9_main_1_30fps_frame0090.png,q_9_main_1_30fps_frame0090,Poorly.
5009,q_10_main_0_30fps_frame0013.png,q_10_main_0_30fps_frame0013,poorly.
5009,q_10_main_0_30fps_frame0028.png,q_10_main_0_30fps_frame0028,Poorly.
5009,q_10_main_0_30fps_frame0043.png,q_10_main_0_30fps_frame0043,Poorly.
5009,q_10_main_0_30fps_frame0058.png,q_10_main_0_30fps_frame0058,Poorly.
5009,q_10_main_0_30fps_frame0073.png,q_10_main_0_30fps_frame0073,Poorly.
5009,q_10_main_0_30fps_frame0088.png,q_10_main_0_30fps_frame0088,Poorly.
5009,q_11_main_1_30fps_frame0014.png,q_11_main_1_30fps_frame0014,Poorly.
5009,q_11_main_1_30fps_frame0029.png,q_11_main_1_30fps_frame0029,Poorly.
5009,q_11_main_1_30fps_frame0044.png,q_11_main_1_30fps_frame0044,Poorly.
5009,q_11_main_1_30fps_frame0059.png,q_11_main_1_30fps_frame0059,Poorly.
5009,q_11_main_1_30fps_frame0074.png,q_11_main_1_30fps_frame0074,poorly.
5009,q_11_main_1_30fps_frame0089.png,q_11_main_1_30fps_frame0089,poorly.
5009,q_12_main_1_30fps_frame0015.png,q_12_main_1_30fps_frame0015,Poorly.
5009,q_12_main_1_30fps_frame0030.png,q_12_main_1_30fps_frame0030,Poorly.
5009,q_12_main_1_30fps_frame0045.png,q_12_main_1_30fps_frame0045,poorly
5009,q_12_main_1_30fps_frame0060.png,q_12_main_1_30fps_frame0060,Poorly.
5009,q_12_main_1_30fps_frame0075.png,q_12_main_1_30fps_frame0075,Poorly.
5009,q_12_main_1_30fps_frame0090.png,q_12_main_1_30fps_frame0090,Poorly.
5009,q_14_main_0_30fps_frame0014.png,q_14_main_0_30fps_frame0014,Poorly.
5009,q_14_main_0_30fps_frame0029.png,q_14_main_0_30fps_frame0029,Poorly.
5009,q_14_main_0_30fps_frame0044.png,q_14_main_0_30fps_frame0044,Poorly.
5009,q_14_main_0_30fps_frame0059.png,q_14_main_0_30fps_frame0059,poorly.
5009,q_14_main_0_30fps_frame0074.png,q_14_main_0_30fps_frame0074,Poorly.
5009,q_14_main_0_30fps_frame0089.png,q_14_main_0_30fps_frame0089,Poorly.
5009,q_16_main_1_30fps_frame0015.png,q_16_main_1_30fps_frame0015,Poorly.
5009,q_16_main_1_30fps_frame0030.png,q_16_main_1_30fps_frame0030,Poorly.
5009,q_16_main_1_30fps_frame0045.png,q_16_main_1_30fps_frame0045,Poorly.
5009,q_16_main_1_30fps_frame0060.png,q_16_main_1_30fps_frame0060,Poorly.
5009,q_16_main_1_30fps_frame0075.png,q_16_main_1_30fps_frame0075,Poorly.
5009,q_16_main_1_30fps_frame0090.png,q_16_main_1_30fps_frame0090,Poorly.
5009,q_18_main_0_30fps_frame0014.png,q_18_main_0_30fps_frame0014,Poorly.
5009,q_18_main_0_30fps_frame0029.png,q_18_main_0_30fps_frame0029,poorly
5009,q_18_main_0_30fps_frame0044.png,q_18_main_0_30fps_frame0044,Poorly.
5009,q_18_main_0_30fps_frame0059.png,q_18_main_0_30fps_frame0059,Poorly.
5009,q_18_main_0_30fps_frame0074.png,q_18_main_0_30fps_frame0074,Poorly.
5009,q_18_main_0_30fps_frame0089.png,q_18_main_0_30fps_frame0089,Poorly.
5009,q_19_main_1_30fps_frame0015.png,q_19_main_1_30fps_frame0015,Poorly.
5009,q_19_main_1_30fps_frame0030.png,q_19_main_1_30fps_frame0030,Poorly.
5009,q_19_main_1_30fps_frame0045.png,q_19_main_1_30fps_frame0045,poorly
5009,q_19_main_1_30fps_frame0060.png,q_19_main_1_30fps_frame0060,Poorly.
5009,q_19_main_1_30fps_frame0075.png,q_19_main_1_30fps_frame0075,Poorly.
5009,q_19_main_1_30fps_frame0090.png,q_19_main_1_30fps_frame0090,poorly.
5009,q_22_main_0_30fps_frame0014.png,q_22_main_0_30fps_frame0014,Poorly.
5009,q_22_main_0_30fps_frame0029.png,q_22_main_0_30fps_frame0029,Poorly.
5009,q_22_main_0_30fps_frame0044.png,q_22_main_0_30fps_frame0044,Poorly.
5009,q_22_main_0_30fps_frame0059.png,q_22_main_0_30fps_frame0059,Poorly.
5009,q_22_main_0_30fps_frame0074.png,q_22_main_0_30fps_frame0074,Poorly.
5009,q_22_main_0_30fps_frame0089.png,q_22_main_0_30fps_frame0089,Poorly.
5009,q_23_main_0_30fps_frame0015.png,q_23_main_0_30fps_frame0015,Poorly.
5009,q_23_main_0_30fps_frame0030.png,q_23_main_0_30fps_frame0030,Poorly.
5009,q_23_main_0_30fps_frame0045.png,q_23_main_0_30fps_frame0045,Poorly.
5009,q_23_main_0_30fps_frame0060.png,q_23_main_0_30fps_frame0060,Poorly.
5009,q_23_main_0_30fps_frame0075.png,q_23_main_0_30fps_frame0075,Poorly.
5009,q_23_main_0_30fps_frame0090.png,q_23_main_0_30fps_frame0090,Poorly.
5009,q_25_main_1_30fps_frame0014.png,q_25_main_1_30fps_frame0014,Poorly.
5009,q_25_main_1_30fps_frame0029.png,q_25_main_1_30fps_frame0029,Poorly.
5009,q_25_main_1_30fps_frame0044.png,q_25_main_1_30fps_frame0044,Poorly.
5009,q_25_main_1_30fps_frame0059.png,q_25_main_1_30fps_frame0059,Poorly.
5009,q_25_main_1_30fps_frame0074.png,q_25_main_1_30fps_frame0074,poorly.
5009,q_25_main_1_30fps_frame0089.png,q_25_main_1_30fps_frame0089,Poorly.
5009,q_27_main_1_30fps_frame0014.png,q_27_main_1_30fps_frame0014,Poorly.
5009,q_27_main_1_30fps_frame0029.png,q_27_main_1_30fps_frame0029,Poorly.
5009,q_27_main_1_30fps_frame0044.png,q_27_main_1_30fps_frame0044,Poorly.
5009,q_27_main_1_30fps_frame0059.png,q_27_main_1_30fps_frame0059,Poorly.
5009,q_27_main_1_30fps_frame0074.png,q_27_main_1_30fps_frame0074,Poorly.
5009,q_27_main_1_30fps_frame0089.png,q_27_main_1_30fps_frame0089,Poorly.
5009,q_29_main_0_30fps_frame0014.png,q_29_main_0_30fps_frame0014,Poorly.
5009,q_29_main_0_30fps_frame0029.png,q_29_main_0_30fps_frame0029,Poorly.
5009,q_29_main_0_30fps_frame0044.png,q_29_main_0_30fps_frame0044,Poorly.
5009,q_29_main_0_30fps_frame0059.png,q_29_main_0_30fps_frame0059,Poorly.
5009,q_29_main_0_30fps_frame0074.png,q_29_main_0_30fps_frame0074,Poorly.
5009,q_29_main_0_30fps_frame0089.png,q_29_main_0_30fps_frame0089,Poorly.
5009,q_30_main_0_30fps_frame0014.png,q_30_main_0_30fps_frame0014,Poorly.
5009,q_30_main_0_30fps_frame0029.png,q_30_main_0_30fps_frame0029,Poorly.
5009,q_30_main_0_30fps_frame0044.png,q_30_main_0_30fps_frame0044,Poorly.
5009,q_30_main_0_30fps_frame0059.png,q_30_main_0_30fps_frame0059,Poorly.
5009,q_30_main_0_30fps_frame0074.png,q_30_main_0_30fps_frame0074,poorly.
5009,q_30_main_0_30fps_frame0089.png,q_30_main_0_30fps_frame0089,poorly.
5009,q_3_main_1_30fps_frame0015.png,q_3_main_1_30fps_frame0015,Poorly.
5009,q_3_main_1_30fps_frame0030.png,q_3_main_1_30fps_frame0030,Poorly.
5009,q_3_main_1_30fps_frame0045.png,q_3_main_1_30fps_frame0045,poorly.
5009,q_3_main_1_30fps_frame0060.png,q_3_main_1_30fps_frame0060,Poorly.
5009,q_3_main_1_30fps_frame0075.png,q_3_main_1_30fps_frame0075,Poorly.
5009,q_3_main_1_30fps_frame0090.png,q_3_main_1_30fps_frame0090,Poorly.
5009,q_6_main_1_30fps_frame0013.png,q_6_main_1_30fps_frame0013,Poorly.
5009,q_6_main_1_30fps_frame0028.png,q_6_main_1_30fps_frame0028,Poorly.
5009,q_6_main_1_30fps_frame0043.png,q_6_main_1_30fps_frame0043,Poorly.
5009,q_6_main_1_30fps_frame0058.png,q_6_main_1_30fps_frame0058,Poorly.
5009,q_6_main_1_30fps_frame0073.png,q_6_main_1_30fps_frame0073,Poorly.
5009,q_6_main_1_30fps_frame0088.png,q_6_main_1_30fps_frame0088,Poorly.
5009,q_7_main_1_30fps_frame0014.png,q_7_main_1_30fps_frame0014,poorly.
5009,q_7_main_1_30fps_frame0029.png,q_7_main_1_30fps_frame0029,Poorly.
5009,q_7_main_1_30fps_frame0044.png,q_7_main_1_30fps_frame0044,Poorly.
5009,q_7_main_1_30fps_frame0059.png,q_7_main_1_30fps_frame0059,Poorly.
5009,q_7_main_1_30fps_frame0074.png,q_7_main_1_30fps_frame0074,Poorly.
5009,q_7_main_1_30fps_frame0089.png,q_7_main_1_30fps_frame0089,Poorly.
5009,q_8_main_0_30fps_frame0014.png,q_8_main_0_30fps_frame0014,Poorly.
5009,q_8_main_0_30fps_frame0029.png,q_8_main_0_30fps_frame0029,Poorly.
5009,q_8_main_0_30fps_frame0044.png,q_8_main_0_30fps_frame0044,Poorly.
5009,q_8_main_0_30fps_frame0059.png,q_8_main_0_30fps_frame0059,Poorly.
5009,q_8_main_0_30fps_frame0074.png,q_8_main_0_30fps_frame0074,Poorly.
5009,q_8_main_0_30fps_frame0089.png,q_8_main_0_30fps_frame0089,Poorly.
5009,q_warmup_3_main_0_30fps_frame0015.png,q_warmup_3_main_0_30fps_frame0015,Poorly.
5009,q_warmup_3_main_0_30fps_frame0030.png,q_warmup_3_main_0_30fps_frame0030,Poorly.
5009,q_warmup_3_main_0_30fps_frame0045.png,q_warmup_3_main_0_30fps_frame0045,Poorly.
5009,q_warmup_3_main_0_30fps_frame0060.png,q_warmup_3_main_0_30fps_frame0060,Poorly.
5009,q_warmup_3_main_0_30fps_frame0075.png,q_warmup_3_main_0_30fps_frame0075,Poorly.
5009,q_warmup_3_main_0_30fps_frame0090.png,q_warmup_3_main_0_30fps_frame0090,Poorly.
5009,q_warmup_4_main_0_30fps_frame0013.png,q_warmup_4_main_0_30fps_frame0013,Poorly.
5009,q_warmup_4_main_0_30fps_frame0028.png,q_warmup_4_main_0_30fps_frame0028,poorly
5009,q_warmup_4_main_0_30fps_frame0043.png,q_warmup_4_main_0_30fps_frame0043,Poorly.
5009,q_warmup_4_main_0_30fps_frame0058.png,q_warmup_4_main_0_30fps_frame0058,Poorly.
5009,q_warmup_4_main_0_30fps_frame0073.png,q_warmup_4_main_0_30fps_frame0073,Poorly.
5009,q_warmup_4_main_0_30fps_frame0088.png,q_warmup_4_main_0_30fps_frame0088,Poorly.
5099,q_10_main_0_30fps_frame0015.png,q_10_main_0_30fps_frame0015,poorly.
5099,q_10_main_0_30fps_frame0030.png,q_10_main_0_30fps_frame0030,Poorly.
5099,q_10_main_0_30fps_frame0045.png,q_10_main_0_30fps_frame0045,Poorly.
5099,q_10_main_0_30fps_frame0060.png,q_10_main_0_30fps_frame0060,poorly.
5099,q_10_main_0_30fps_frame0075.png,q_10_main_0_30fps_frame0075,poorly.
5099,q_10_main_0_30fps_frame0090.png,q_10_main_0_30fps_frame0090,Poorly.
5099,q_12_main_1_30fps_frame0014.png,q_12_main_1_30fps_frame0014,Poorly.
5099,q_12_main_1_30fps_frame0029.png,q_12_main_1_30fps_frame0029,Poorly.
5099,q_12_main_1_30fps_frame0044.png,q_12_main_1_30fps_frame0044,Poorly.
5099,q_12_main_1_30fps_frame0059.png,q_12_main_1_30fps_frame0059,Poorly.
5099,q_12_main_1_30fps_frame0074.png,q_12_main_1_30fps_frame0074,Poorly.
5099,q_12_main_1_30fps_frame0089.png,q_12_main_1_30fps_frame0089,poorly.
5099,q_13_main_1_30fps_frame0014.png,q_13_main_1_30fps_frame0014,poorly
5099,q_13_main_1_30fps_frame0029.png,q_13_main_1_30fps_frame0029,Poorly.
5099,q_13_main_1_30fps_frame0044.png,q_13_main_1_30fps_frame0044,poorly.
5099,q_13_main_1_30fps_frame0059.png,q_13_main_1_30fps_frame0059,Poorly.
5099,q_13_main_1_30fps_frame0074.png,q_13_main_1_30fps_frame0074,Poorly.
5099,q_13_main_1_30fps_frame0089.png,q_13_main_1_30fps_frame0089,Poorly.
5099,q_14_main_1_30fps_frame0014.png,q_14_main_1_30fps_frame0014,Poorly.
5099,q_14_main_1_30fps_frame0029.png,q_14_main_1_30fps_frame0029,Poorly.
5099,q_14_main_1_30fps_frame0044.png,q_14_main_1_30fps_frame0044,Poorly.
5099,q_14_main_1_30fps_frame0059.png,q_14_main_1_30fps_frame0059,Poorly.
5099,q_14_main_1_30fps_frame0074.png,q_14_main_1_30fps_frame0074,Poorly.
5099,q_14_main_1_30fps_frame0089.png,q_14_main_1_30fps_frame0089,Poorly.
5099,q_15_main_1_30fps_frame0013.png,q_15_main_1_30fps_frame0013,Poorly.
5099,q_15_main_1_30fps_frame0028.png,q_15_main_1_30fps_frame0028,Poorly.
5099,q_15_main_1_30fps_frame0043.png,q_15_main_1_30fps_frame0043,Poorly.
5099,q_15_main_1_30fps_frame0058.png,q_15_main_1_30fps_frame0058,Poorly.
5099,q_15_main_1_30fps_frame0073.png,q_15_main_1_30fps_frame0073,Poorly.
5099,q_15_main_1_30fps_frame0088.png,q_15_main_1_30fps_frame0088,Poorly.
5099,q_19_main_0_30fps_frame0014.png,q_19_main_0_30fps_frame0014,Poorly.
5099,q_19_main_0_30fps_frame0029.png,q_19_main_0_30fps_frame0029,poorly
5099,q_19_main_0_30fps_frame0044.png,q_19_main_0_30fps_frame0044,Poorly.
5099,q_19_main_0_30fps_frame0059.png,q_19_main_0_30fps_frame0059,Poorly.
5099,q_19_main_0_30fps_frame0074.png,q_19_main_0_30fps_frame0074,Poorly.
5099,q_19_main_0_30fps_frame0089.png,q_19_main_0_30fps_frame0089,Poorly.
5099,q_1_main_0_30fps_frame0014.png,q_1_main_0_30fps_frame0014,Poorly.
5099,q_1_main_0_30fps_frame0029.png,q_1_main_0_30fps_frame0029,poorly.
5099,q_1_main_0_30fps_frame0044.png,q_1_main_0_30fps_frame0044,Poorly.
5099,q_1_main_0_30fps_frame0059.png,q_1_main_0_30fps_frame0059,Poorly.
5099,q_1_main_0_30fps_frame0074.png,q_1_main_0_30fps_frame0074,Poorly.
5099,q_1_main_0_30fps_frame0089.png,q_1_main_0_30fps_frame0089,Poorly.
5099,q_20_main_0_30fps_frame0013.png,q_20_main_0_30fps_frame0013,Poorly.
5099,q_20_main_0_30fps_frame0028.png,q_20_main_0_30fps_frame0028,Poorly.
5099,q_20_main_0_30fps_frame0043.png,q_20_main_0_30fps_frame0043,poorly.
5099,q_20_main_0_30fps_frame0058.png,q_20_main_0_30fps_frame0058,poorly.
5099,q_20_main_0_30fps_frame0073.png,q_20_main_0_30fps_frame0073,Poorly.
5099,q_20_main_0_30fps_frame0088.png,q_20_main_0_30fps_frame0088,Poorly.
5099,q_21_main_0_30fps_frame0014.png,q_21_main_0_30fps_frame0014,Poorly.
5099,q_21_main_0_30fps_frame0029.png,q_21_main_0_30fps_frame0029,Poorly.
5099,q_21_main_0_30fps_frame0044.png,q_21_main_0_30fps_frame0044,Poorly.
5099,q_21_main_0_30fps_frame0059.png,q_21_main_0_30fps_frame0059,Poorly.
5099,q_21_main_0_30fps_frame0074.png,q_21_main_0_30fps_frame0074,poorly.
5099,q_21_main_0_30fps_frame0089.png,q_21_main_0_30fps_frame0089,Poorly.
5099,q_22_main_0_30fps_frame0014.png,q_22_main_0_30fps_frame0014,Poorly.
5099,q_22_main_0_30fps_frame0029.png,q_22_main_0_30fps_frame0029,Poorly.
5099,q_22_main_0_30fps_frame0044.png,q_22_main_0_30fps_frame0044,Poorly.
5099,q_22_main_0_30fps_frame0059.png,q_22_main_0_30fps_frame0059,Poorly.
5099,q_22_main_0_30fps_frame0074.png,q_22_main_0_30fps_frame0074,poorly.
5099,q_22_main_0_30fps_frame0089.png,q_22_main_0_30fps_frame0089,poorly.
5099,q_23_main_1_30fps_frame0015.png,q_23_main_1_30fps_frame0015,Poorly.
5099,q_23_main_1_30fps_frame0030.png,q_23_main_1_30fps_frame0030,Poorly.
5099,q_23_main_1_30fps_frame0045.png,q_23_main_1_30fps_frame0045,Poorly.
5099,q_23_main_1_30fps_frame0060.png,q_23_main_1_30fps_frame0060,Poorly.
5099,q_23_main_1_30fps_frame0075.png,q_23_main_1_30fps_frame0075,poorly.
5099,q_23_main_1_30fps_frame0090.png,q_23_main_1_30fps_frame0090,Poorly.
5099,q_24_main_0_30fps_frame0014.png,q_24_main_0_30fps_frame0014,poorly.
5099,q_24_main_0_30fps_frame0029.png,q_24_main_0_30fps_frame0029,Poorly.
5099,q_24_main_0_30fps_frame0044.png,q_24_main_0_30fps_frame0044,Poorly.
5099,q_24_main_0_30fps_frame0059.png,q_24_main_0_30fps_frame0059,Poorly.
5099,q_24_main_0_30fps_frame0074.png,q_24_main_0_30fps_frame0074,Poorly.
5099,q_24_main_0_30fps_frame0089.png,q_24_main_0_30fps_frame0089,poorly.
5099,q_25_main_1_30fps_frame0013.png,q_25_main_1_30fps_frame0013,poorly
5099,q_25_main_1_30fps_frame0028.png,q_25_main_1_30fps_frame0028,Poorly.
5099,q_25_main_1_30fps_frame0043.png,q_25_main_1_30fps_frame0043,Poorly.
5099,q_25_main_1_30fps_frame0058.png,q_25_main_1_30fps_frame0058,Poorly.
5099,q_25_main_1_30fps_frame0073.png,q_25_main_1_30fps_frame0073,poorly.
5099,q_25_main_1_30fps_frame0088.png,q_25_main_1_30fps_frame0088,Poorly.
5099,q_26_main_0_30fps_frame0014.png,q_26_main_0_30fps_frame0014,poorly.
5099,q_26_main_0_30fps_frame0029.png,q_26_main_0_30fps_frame0029,Poorly.
5099,q_26_main_0_30fps_frame0044.png,q_26_main_0_30fps_frame0044,Poorly.
5099,q_26_main_0_30fps_frame0059.png,q_26_main_0_30fps_frame0059,Poorly.
5099,q_26_main_0_30fps_frame0074.png,q_26_main_0_30fps_frame0074,Poorly.
5099,q_26_main_0_30fps_frame0089.png,q_26_main_0_30fps_frame0089,Poorly.
5099,q_27_main_0_30fps_frame0014.png,q_27_main_0_30fps_frame0014,poorly.
5099,q_27_main_0_30fps_frame0029.png,q_27_main_0_30fps_frame0029,Poorly.
5099,q_27_main_0_30fps_frame0044.png,q_27_main_0_30fps_frame0044,Poorly.
5099,q_27_main_0_30fps_frame0059.png,q_27_main_0_30fps_frame0059,Poorly.
5099,q_27_main_0_30fps_frame0074.png,q_27_main_0_30fps_frame0074,poorly.
5099,q_27_main_0_30fps_frame0089.png,q_27_main_0_30fps_frame0089,Poorly.
5099,q_28_main_0_30fps_frame0014.png,q_28_main_0_30fps_frame0014,Poorly.
5099,q_28_main_0_30fps_frame0029.png,q_28_main_0_30fps_frame0029,Poorly.
5099,q_28_main_0_30fps_frame0044.png,q_28_main_0_30fps_frame0044,poorly
5099,q_28_main_0_30fps_frame0059.png,q_28_main_0_30fps_frame0059,Poorly.
5099,q_28_main_0_30fps_frame0074.png,q_28_main_0_30fps_frame0074,Poorly.
5099,q_28_main_0_30fps_frame0089.png,q_28_main_0_30fps_frame0089,Poorly.
5099,q_29_main_0_30fps_frame0014.png,q_29_main_0_30fps_frame0014,Poorly.
5099,q_29_main_0_30fps_frame0029.png,q_29_main_0_30fps_frame0029,Poorly.
5099,q_29_main_0_30fps_frame0044.png,q_29_main_0_30fps_frame0044,Poorly.
5099,q_29_main_0_30fps_frame0059.png,q_29_main_0_30fps_frame0059,Poorly.
5099,q_29_main_0_30fps_frame0074.png,q_29_main_0_30fps_frame0074,Poorly.
5099,q_29_main_0_30fps_frame0089.png,q_29_main_0_30fps_frame0089,Poorly.
5099,q_30_main_0_30fps_frame0015.png,q_30_main_0_30fps_frame0015,poorly.
5099,q_30_main_0_30fps_frame0030.png,q_30_main_0_30fps_frame0030,Poorly.
5099,q_30_main_0_30fps_frame0045.png,q_30_main_0_30fps_frame0045,Poorly.
5099,q_30_main_0_30fps_frame0060.png,q_30_main_0_30fps_frame0060,Poorly.
5099,q_30_main_0_30fps_frame0075.png,q_30_main_0_30fps_frame0075,Poorly.
5099,q_30_main_0_30fps_frame0090.png,q_30_main_0_30fps_frame0090,Poorly.
5099,q_3_main_1_30fps_frame0015.png,q_3_main_1_30fps_frame0015,Poorly.
5099,q_3_main_1_30fps_frame0030.png,q_3_main_1_30fps_frame0030,Poorly.
5099,q_3_main_1_30fps_frame0045.png,q_3_main_1_30fps_frame0045,Poorly.
5099,q_3_main_1_30fps_frame0060.png,q_3_main_1_30fps_frame0060,poorly.
5099,q_3_main_1_30fps_frame0075.png,q_3_main_1_30fps_frame0075,poorly.
5099,q_3_main_1_30fps_frame0090.png,q_3_main_1_30fps_frame0090,poorly.
5099,q_4_main_1_30fps_frame0014.png,q_4_main_1_30fps_frame0014,poorly.
5099,q_4_main_1_30fps_frame0029.png,q_4_main_1_30fps_frame0029,Poorly.
5099,q_4_main_1_30fps_frame0044.png,q_4_main_1_30fps_frame0044,Poorly.
5099,q_4_main_1_30fps_frame0059.png,q_4_main_1_30fps_frame0059,Poorly.
5099,q_4_main_1_30fps_frame0074.png,q_4_main_1_30fps_frame0074,poorly.
5099,q_4_main_1_30fps_frame0089.png,q_4_main_1_30fps_frame0089,poorly.
5099,q_8_main_0_30fps_frame0015.png,q_8_main_0_30fps_frame0015,Poorly.
5099,q_8_main_0_30fps_frame0030.png,q_8_main_0_30fps_frame0030,Poorly.
5099,q_8_main_0_30fps_frame0045.png,q_8_main_0_30fps_frame0045,Poorly.
5099,q_8_main_0_30fps_frame0060.png,q_8_main_0_30fps_frame0060,Poorly.
5099,q_8_main_0_30fps_frame0075.png,q_8_main_0_30fps_frame0075,Poorly.
5099,q_8_main_0_30fps_frame0090.png,q_8_main_0_30fps_frame0090,Poorly.
5099,q_9_main_1_30fps_frame0014.png,q_9_main_1_30fps_frame0014,Poorly.
5099,q_9_main_1_30fps_frame0029.png,q_9_main_1_30fps_frame0029,Poorly.
5099,q_9_main_1_30fps_frame0044.png,q_9_main_1_30fps_frame0044,poorly.
5099,q_9_main_1_30fps_frame0059.png,q_9_main_1_30fps_frame0059,Poorly.
5099,q_9_main_1_30fps_frame0074.png,q_9_main_1_30fps_frame0074,Poorly.
5099,q_9_main_1_30fps_frame0089.png,q_9_main_1_30fps_frame0089,Poorly.
5099,q_warmup_3_main_1_30fps_frame0014.png,q_warmup_3_main_1_30fps_frame0014,poorly.
5099,q_warmup_3_main_1_30fps_frame0029.png,q_warmup_3_main_1_30fps_frame0029,Poorly.
5099,q_warmup_3_main_1_30fps_frame0044.png,q_warmup_3_main_1_30fps_frame0044,Poorly.
5099,q_warmup_3_main_1_30fps_frame0059.png,q_warmup_3_main_1_30fps_frame0059,Poorly.
5099,q_warmup_3_main_1_30fps_frame0074.png,q_warmup_3_main_1_30fps_frame0074,poorly
5099,q_warmup_3_main_1_30fps_frame0089.png,q_warmup_3_main_1_30fps_frame0089,Poorly.
5099,q_warmup_4_main_0_30fps_frame0015.png,q_warmup_4_main_0_30fps_frame0015,poorly.
5099,q_warmup_4_main_0_30fps_frame0030.png,q_warmup_4_main_0_30fps_frame0030,poorly.
5099,q_warmup_4_main_0_30fps_frame0045.png,q_warmup_4_main_0_30fps_frame0045,Poorly.
5099,q_warmup_4_main_0_30fps_frame0060.png,q_warmup_4_main_0_30fps_frame0060,Poorly.
5099,q_warmup_4_main_0_30fps_frame0075.png,q_warmup_4_main_0_30fps_frame0075,Poorly.
5099,q_warmup_4_main_0_30fps_frame0090.png,q_warmup_4_main_0_30fps_frame0090,Poorly.
5099,q_warmup_5_main_1_30fps_frame0014.png,q_warmup_5_main_1_30fps_frame0014,Poorly.
5099,q_warmup_5_main_1_30fps_frame0029.png,q_warmup_5_main_1_30fps_frame0029,Poorly.
5099,q_warmup_5_main_1_30fps_frame0044.png,q_warmup_5_main_1_30fps_frame0044,Poorly.
5099,q_warmup_5_main_1_30fps_frame0059.png,q_warmup_5_main_1_30fps_frame0059,Poorly.
5099,q_warmup_5_main_1_30fps_frame0074.png,q_warmup_5_main_1_30fps_frame0074,Poorly.
5099,q_warmup_5_main_1_30fps_frame0089.png,q_warmup_5_main_1_30fps_frame0089,Poorly.
5124,q_10_main_0_30fps_frame0014.png,q_10_main_0_30fps_frame0014,Poorly.
5124,q_10_main_0_30fps_frame0029.png,q_10_main_0_30fps_frame0029,Poorly.
5124,q_10_main_0_30fps_frame0044.png,q_10_main_0_30fps_frame0044,poorly
5124,q_10_main_0_30fps_frame0059.png,q_10_main_0_30fps_frame0059,poorly
5124,q_10_main_0_30fps_frame0074.png,q_10_main_0_30fps_frame0074,poorly
5124,q_10_main_0_30fps_frame0089.png,q_10_main_0_30fps_frame0089,poorly
5124,q_12_main_0_30fps_frame0015.png,q_12_main_0_30fps_frame0015,poorly
5124,q_12_main_0_30fps_frame0030.png,q_12_main_0_30fps_frame0030,Poorly.
5124,q_12_main_0_30fps_frame0045.png,q_12_main_0_30fps_frame0045,Poorly.
5124,q_12_main_0_30fps_frame0060.png,q_12_main_0_30fps_frame0060,Poorly.
5124,q_12_main_0_30fps_frame0075.png,q_12_main_0_30fps_frame0075,poorly
5124,q_12_main_0_30fps_frame0090.png,q_12_main_0_30fps_frame0090,Poorly.
5124,q_14_main_0_30fps_frame0013.png,q_14_main_0_30fps_frame0013,Poorly.
5124,q_14_main_0_30fps_frame0028.png,q_14_main_0_30fps_frame0028,poorly
5124,q_14_main_0_30fps_frame0043.png,q_14_main_0_30fps_frame0043,poorly
5124,q_14_main_0_30fps_frame0058.png,q_14_main_0_30fps_frame0058,poorly
5124,q_14_main_0_30fps_frame0073.png,q_14_main_0_30fps_frame0073,Poorly.
5124,q_14_main_0_30fps_frame0088.png,q_14_main_0_30fps_frame0088,poorly
5124,q_18_main_0_30fps_frame0015.png,q_18_main_0_30fps_frame0015,Poorly.
5124,q_18_main_0_30fps_frame0030.png,q_18_main_0_30fps_frame0030,Poorly.
5124,q_18_main_0_30fps_frame0045.png,q_18_main_0_30fps_frame0045,poorly
5124,q_18_main_0_30fps_frame0060.png,q_18_main_0_30fps_frame0060,poorly
5124,q_18_main_0_30fps_frame0075.png,q_18_main_0_30fps_frame0075,Poorly.
5124,q_18_main_0_30fps_frame0090.png,q_18_main_0_30fps_frame0090,poorly
5124,q_21_main_0_30fps_frame0013.png,q_21_main_0_30fps_frame0013,Poorly.
5124,q_21_main_0_30fps_frame0028.png,q_21_main_0_30fps_frame0028,Poorly.
5124,q_21_main_0_30fps_frame0043.png,q_21_main_0_30fps_frame0043,Poorly.
5124,q_21_main_0_30fps_frame0058.png,q_21_main_0_30fps_frame0058,Poorly.
5124,q_21_main_0_30fps_frame0073.png,q_21_main_0_30fps_frame0073,poorly
5124,q_21_main_0_30fps_frame0088.png,q_21_main_0_30fps_frame0088,poorly
5124,q_23_main_0_30fps_frame0015.png,q_23_main_0_30fps_frame0015,poorly
5124,q_23_main_0_30fps_frame0030.png,q_23_main_0_30fps_frame0030,poorly
5124,q_23_main_0_30fps_frame0045.png,q_23_main_0_30fps_frame0045,Poorly.
5124,q_23_main_0_30fps_frame0060.png,q_23_main_0_30fps_frame0060,Poorly.
5124,q_23_main_0_30fps_frame0075.png,q_23_main_0_30fps_frame0075,Poorly.
5124,q_23_main_0_30fps_frame0090.png,q_23_main_0_30fps_frame0090,poorly
5124,q_24_main_0_30fps_frame0014.png,q_24_main_0_30fps_frame0014,Poorly.
5124,q_24_main_0_30fps_frame0029.png,q_24_main_0_30fps_frame0029,Poorly.
5124,q_24_main_0_30fps_frame0044.png,q_24_main_0_30fps_frame0044,poorly
5124,q_24_main_0_30fps_frame0059.png,q_24_main_0_30fps_frame0059,Poorly.
5124,q_24_main_0_30fps_frame0074.png,q_24_main_0_30fps_frame0074,Poorly.
5124,q_24_main_0_30fps_frame0089.png,q_24_main_0_30fps_frame0089,Poorly.
5124,q_25_main_1_30fps_frame0015.png,q_25_main_1_30fps_frame0015,Poorly.
5124,q_25_main_1_30fps_frame0030.png,q_25_main_1_30fps_frame0030,poorly.
5124,q_25_main_1_30fps_frame0045.png,q_25_main_1_30fps_frame0045,poorly
5124,q_25_main_1_30fps_frame0060.png,q_25_main_1_30fps_frame0060,Poorly.
5124,q_25_main_1_30fps_frame0075.png,q_25_main_1_30fps_frame0075,Poorly.
5124,q_25_main_1_30fps_frame0090.png,q_25_main_1_30fps_frame0090,Poorly.
5124,q_27_main_1_30fps_frame0015.png,q_27_main_1_30fps_frame0015,Poorly.
5124,q_27_main_1_30fps_frame0030.png,q_27_main_1_30fps_frame0030,Poorly.
5124,q_27_main_1_30fps_frame0045.png,q_27_main_1_30fps_frame0045,poorly
5124,q_27_main_1_30fps_frame0060.png,q_27_main_1_30fps_frame0060,Poorly.
5124,q_27_main_1_30fps_frame0075.png,q_27_main_1_30fps_frame0075,Poorly.
5124,q_27_main_1_30fps_frame0090.png,q_27_main_1_30fps_frame0090,poorly
5124,q_28_main_1_30fps_frame0013.png,q_28_main_1_30fps_frame0013,Poorly.
5124,q_28_main_1_30fps_frame0028.png,q_28_main_1_30fps_frame0028,Poorly.
5124,q_28_main_1_30fps_frame0043.png,q_28_main_1_30fps_frame0043,poorly
5124,q_28_main_1_30fps_frame0058.png,q_28_main_1_30fps_frame0058,Poorly.
5124,q_28_main_1_30fps_frame0073.png,q_28_main_1_30fps_frame0073,poorly
5124,q_28_main_1_30fps_frame0088.png,q_28_main_1_30fps_frame0088,poorly.
5124,q_29_main_0_30fps_frame0015.png,q_29_main_0_30fps_frame0015,poorly
5124,q_29_main_0_30fps_frame0030.png,q_29_main_0_30fps_frame0030,poorly
5124,q_29_main_0_30fps_frame0045.png,q_29_main_0_30fps_frame0045,poorly.
5124,q_29_main_0_30fps_frame0060.png,q_29_main_0_30fps_frame0060,poorly
5124,q_29_main_0_30fps_frame0075.png,q_29_main_0_30fps_frame0075,poorly
5124,q_29_main_0_30fps_frame0090.png,q_29_main_0_30fps_frame0090,poorly.
5124,q_30_main_0_30fps_frame0014.png,q_30_main_0_30fps_frame0014,Poorly.
5124,q_30_main_0_30fps_frame0029.png,q_30_main_0_30fps_frame0029,Poorly.
5124,q_30_main_0_30fps_frame0044.png,q_30_main_0_30fps_frame0044,poorly
5124,q_30_main_0_30fps_frame0059.png,q_30_main_0_30fps_frame0059,Poorly.
5124,q_30_main_0_30fps_frame0074.png,q_30_main_0_30fps_frame0074,Poorly.
5124,q_30_main_0_30fps_frame0089.png,q_30_main_0_30fps_frame0089,poorly
5124,q_3_main_1_30fps_frame0015.png,q_3_main_1_30fps_frame0015,poorly
5124,q_3_main_1_30fps_frame0030.png,q_3_main_1_30fps_frame0030,Poorly.
5124,q_3_main_1_30fps_frame0045.png,q_3_main_1_30fps_frame0045,poorly
5124,q_3_main_1_30fps_frame0060.png,q_3_main_1_30fps_frame0060,poorly
5124,q_3_main_1_30fps_frame0075.png,q_3_main_1_30fps_frame0075,poorly
5124,q_3_main_1_30fps_frame0090.png,q_3_main_1_30fps_frame0090,poorly
5124,q_4_main_0_30fps_frame0015.png,q_4_main_0_30fps_frame0015,Poorly.
5124,q_4_main_0_30fps_frame0030.png,q_4_main_0_30fps_frame0030,Poorly.
5124,q_4_main_0_30fps_frame0045.png,q_4_main_0_30fps_frame0045,Poorly.
5124,q_4_main_0_30fps_frame0060.png,q_4_main_0_30fps_frame0060,Poorly.
5124,q_4_main_0_30fps_frame0075.png,q_4_main_0_30fps_frame0075,poorly
5124,q_4_main_0_30fps_frame0090.png,q_4_main_0_30fps_frame0090,Poorly.
5124,q_5_main_0_30fps_frame0015.png,q_5_main_0_30fps_frame0015,poorly
5124,q_5_main_0_30fps_frame0030.png,q_5_main_0_30fps_frame0030,Poorly.
5124,q_5_main_0_30fps_frame0045.png,q_5_main_0_30fps_frame0045,poorly
5124,q_5_main_0_30fps_frame0060.png,q_5_main_0_30fps_frame0060,Poorly.
5124,q_5_main_0_30fps_frame0075.png,q_5_main_0_30fps_frame0075,Poorly.
5124,q_5_main_0_30fps_frame0090.png,q_5_main_0_30fps_frame0090,poorly
5124,q_7_main_1_30fps_frame0015.png,q_7_main_1_30fps_frame0015,Poorly.
5124,q_7_main_1_30fps_frame0030.png,q_7_main_1_30fps_frame0030,Poorly.
5124,q_7_main_1_30fps_frame0045.png,q_7_main_1_30fps_frame0045,Poorly.
5124,q_7_main_1_30fps_frame0060.png,q_7_main_1_30fps_frame0060,Poorly.
5124,q_7_main_1_30fps_frame0075.png,q_7_main_1_30fps_frame0075,poorly
5124,q_7_main_1_30fps_frame0090.png,q_7_main_1_30fps_frame0090,Poorly.
5124,q_8_main_0_30fps_frame0015.png,q_8_main_0_30fps_frame0015,poorly
5124,q_8_main_0_30fps_frame0030.png,q_8_main_0_30fps_frame0030,Poorly.
5124,q_8_main_0_30fps_frame0045.png,q_8_main_0_30fps_frame0045,poorly.
5124,q_8_main_0_30fps_frame0060.png,q_8_main_0_30fps_frame0060,Poorly.
5124,q_8_main_0_30fps_frame0075.png,q_8_main_0_30fps_frame0075,Poorly.
5124,q_8_main_0_30fps_frame0090.png,q_8_main_0_30fps_frame0090,Poorly.
5124,q_warmup_5_main_0_30fps_frame0014.png,q_warmup_5_main_0_30fps_frame0014,poorly
5124,q_warmup_5_main_0_30fps_frame0029.png,q_warmup_5_main_0_30fps_frame0029,Poorly.
5124,q_warmup_5_main_0_30fps_frame0044.png,q_warmup_5_main_0_30fps_frame0044,poorly
5124,q_warmup_5_main_0_30fps_frame0059.png,q_warmup_5_main_0_30fps_frame0059,Poorly.
5124,q_warmup_5_main_0_30fps_frame0074.png,q_warmup_5_main_0_30fps_frame0074,Poorly.
5124,q_warmup_5_main_0_30fps_frame0089.png,q_warmup_5_main_0_30fps_frame0089,Poorly.
5233,q_10_main_1_30fps_frame0015.png,q_10_main_1_30fps_frame0015,Poorly.
5233,q_10_main_1_30fps_frame0030.png,q_10_main_1_30fps_frame0030,poorly
5233,q_10_main_1_30fps_frame0045.png,q_10_main_1_30fps_frame0045,Poorly.
5233,q_10_main_1_30fps_frame0060.png,q_10_main_1_30fps_frame0060,poorly
5233,q_10_main_1_30fps_frame0075.png,q_10_main_1_30fps_frame0075,poorly
5233,q_10_main_1_30fps_frame0090.png,q_10_main_1_30fps_frame0090,Poorly.
5233,q_13_main_1_30fps_frame0015.png,q_13_main_1_30fps_frame0015,Poorly.
5233,q_13_main_1_30fps_frame0030.png,q_13_main_1_30fps_frame0030,Poorly.
5233,q_13_main_1_30fps_frame0045.png,q_13_main_1_30fps_frame0045,poorly
5233,q_13_main_1_30fps_frame0060.png,q_13_main_1_30fps_frame0060,Poorly.
5233,q_13_main_1_30fps_frame0075.png,q_13_main_1_30fps_frame0075,Poorly.
5233,q_13_main_1_30fps_frame0090.png,q_13_main_1_30fps_frame0090,Poorly.
5233,q_14_main_0_30fps_frame0014.png,q_14_main_0_30fps_frame0014,Poorly.
5233,q_14_main_0_30fps_frame0029.png,q_14_main_0_30fps_frame0029,Poorly.
5233,q_14_main_0_30fps_frame0044.png,q_14_main_0_30fps_frame0044,poorly
5233,q_14_main_0_30fps_frame0059.png,q_14_main_0_30fps_frame0059,Poorly.
5233,q_14_main_0_30fps_frame0074.png,q_14_main_0_30fps_frame0074,Poorly.
5233,q_14_main_0_30fps_frame0089.png,q_14_main_0_30fps_frame0089,Poorly.
5233,q_16_main_1_30fps_frame0015.png,q_16_main_1_30fps_frame0015,Poorly.
5233,q_16_main_1_30fps_frame0030.png,q_16_main_1_30fps_frame0030,Poorly.
5233,q_16_main_1_30fps_frame0045.png,q_16_main_1_30fps_frame0045,Poorly.
5233,q_16_main_1_30fps_frame0060.png,q_16_main_1_30fps_frame0060,Poorly.
5233,q_16_main_1_30fps_frame0075.png,q_16_main_1_30fps_frame0075,Poorly.
5233,q_16_main_1_30fps_frame0090.png,q_16_main_1_30fps_frame0090,Poorly.
5233,q_17_main_0_30fps_frame0014.png,q_17_main_0_30fps_frame0014,Poorly.
5233,q_17_main_0_30fps_frame0029.png,q_17_main_0_30fps_frame0029,Poorly.
5233,q_17_main_0_30fps_frame0044.png,q_17_main_0_30fps_frame0044,Poorly.
5233,q_17_main_0_30fps_frame0059.png,q_17_main_0_30fps_frame0059,Poorly.
5233,q_17_main_0_30fps_frame0074.png,q_17_main_0_30fps_frame0074,Poorly.
5233,q_17_main_0_30fps_frame0089.png,q_17_main_0_30fps_frame0089,Poorly.
5233,q_19_main_0_30fps_frame0015.png,q_19_main_0_30fps_frame0015,poorly
5233,q_19_main_0_30fps_frame0030.png,q_19_main_0_30fps_frame0030,Poorly.
5233,q_19_main_0_30fps_frame0045.png,q_19_main_0_30fps_frame0045,Poorly.
5233,q_19_main_0_30fps_frame0060.png,q_19_main_0_30fps_frame0060,Poorly.
5233,q_19_main_0_30fps_frame0075.png,q_19_main_0_30fps_frame0075,Poorly.
5233,q_19_main_0_30fps_frame0090.png,q_19_main_0_30fps_frame0090,Poorly.
5233,q_1_main_0_30fps_frame0013.png,q_1_main_0_30fps_frame0013,Poorly.
5233,q_1_main_0_30fps_frame0028.png,q_1_main_0_30fps_frame0028,Poorly.
5233,q_1_main_0_30fps_frame0043.png,q_1_main_0_30fps_frame0043,Poorly.
5233,q_1_main_0_30fps_frame0058.png,q_1_main_0_30fps_frame0058,Poorly.
5233,q_1_main_0_30fps_frame0073.png,q_1_main_0_30fps_frame0073,Poorly.
5233,q_1_main_0_30fps_frame0088.png,q_1_main_0_30fps_frame0088,Poorly.
5233,q_20_main_0_30fps_frame0014.png,q_20_main_0_30fps_frame0014,Poorly.
5233,q_20_main_0_30fps_frame0029.png,q_20_main_0_30fps_frame0029,poorly
5233,q_20_main_0_30fps_frame0044.png,q_20_main_0_30fps_frame0044,Poorly.
5233,q_20_main_0_30fps_frame0059.png,q_20_main_0_30fps_frame0059,Poorly.
5233,q_20_main_0_30fps_frame0074.png,q_20_main_0_30fps_frame0074,Poorly.
5233,q_20_main_0_30fps_frame0089.png,q_20_main_0_30fps_frame0089,Poorly.
5233,q_21_main_1_30fps_frame0014.png,q_21_main_1_30fps_frame0014,Poorly.
5233,q_21_main_1_30fps_frame0029.png,q_21_main_1_30fps_frame0029,Poorly.
5233,q_21_main_1_30fps_frame0044.png,q_21_main_1_30fps_frame0044,poorly
5233,q_21_main_1_30fps_frame0059.png,q_21_main_1_30fps_frame0059,Poorly.
5233,q_21_main_1_30fps_frame0074.png,q_21_main_1_30fps_frame0074,poorly
5233,q_21_main_1_30fps_frame0089.png,q_21_main_1_30fps_frame0089,Poorly.
5233,q_23_main_1_30fps_frame0014.png,q_23_main_1_30fps_frame0014,Poorly.
5233,q_23_main_1_30fps_frame0029.png,q_23_main_1_30fps_frame0029,Poorly.
5233,q_23_main_1_30fps_frame0044.png,q_23_main_1_30fps_frame0044,Poorly.
5233,q_23_main_1_30fps_frame0059.png,q_23_main_1_30fps_frame0059,Poorly.
5233,q_23_main_1_30fps_frame0074.png,q_23_main_1_30fps_frame0074,Poorly.
5233,q_23_main_1_30fps_frame0089.png,q_23_main_1_30fps_frame0089,Poorly.
5233,q_25_main_0_30fps_frame0015.png,q_25_main_0_30fps_frame0015,Poorly.
5233,q_25_main_0_30fps_frame0030.png,q_25_main_0_30fps_frame0030,poorly
5233,q_25_main_0_30fps_frame0045.png,q_25_main_0_30fps_frame0045,Poorly.
5233,q_25_main_0_30fps_frame0060.png,q_25_main_0_30fps_frame0060,Poorly.
5233,q_25_main_0_30fps_frame0075.png,q_25_main_0_30fps_frame0075,Poorly.
5233,q_25_main_0_30fps_frame0090.png,q_25_main_0_30fps_frame0090,poorly
5233,q_26_main_1_30fps_frame0015.png,q_26_main_1_30fps_frame0015,Poorly.
5233,q_26_main_1_30fps_frame0030.png,q_26_main_1_30fps_frame0030,Poorly.
5233,q_26_main_1_30fps_frame0045.png,q_26_main_1_30fps_frame0045,poorly.
5233,q_26_main_1_30fps_frame0060.png,q_26_main_1_30fps_frame0060,Poorly.
5233,q_26_main_1_30fps_frame0075.png,q_26_main_1_30fps_frame0075,Poorly.
5233,q_26_main_1_30fps_frame0090.png,q_26_main_1_30fps_frame0090,Poorly.
5233,q_27_main_0_30fps_frame0015.png,q_27_main_0_30fps_frame0015,Poorly.
5233,q_27_main_0_30fps_frame0030.png,q_27_main_0_30fps_frame0030,Poorly.
5233,q_27_main_0_30fps_frame0045.png,q_27_main_0_30fps_frame0045,Poorly.
5233,q_27_main_0_30fps_frame0060.png,q_27_main_0_30fps_frame0060,poorly
5233,q_27_main_0_30fps_frame0075.png,q_27_main_0_30fps_frame0075,Poorly.
5233,q_27_main_0_30fps_frame0090.png,q_27_main_0_30fps_frame0090,Poorly.
5233,q_3_main_1_30fps_frame0015.png,q_3_main_1_30fps_frame0015,poorly
5233,q_3_main_1_30fps_frame0030.png,q_3_main_1_30fps_frame0030,poorly
5233,q_3_main_1_30fps_frame0045.png,q_3_main_1_30fps_frame0045,poorly
5233,q_3_main_1_30fps_frame0060.png,q_3_main_1_30fps_frame0060,poorly
5233,q_3_main_1_30fps_frame0075.png,q_3_main_1_30fps_frame0075,Poorly.
5233,q_3_main_1_30fps_frame0090.png,q_3_main_1_30fps_frame0090,Poorly.
5233,q_4_main_1_30fps_frame0014.png,q_4_main_1_30fps_frame0014,Poorly.
5233,q_4_main_1_30fps_frame0029.png,q_4_main_1_30fps_frame0029,Poorly.
5233,q_4_main_1_30fps_frame0044.png,q_4_main_1_30fps_frame0044,Poorly.
5233,q_4_main_1_30fps_frame0059.png,q_4_main_1_30fps_frame0059,Poorly.
5233,q_4_main_1_30fps_frame0074.png,q_4_main_1_30fps_frame0074,Poorly.
5233,q_4_main_1_30fps_frame0089.png,q_4_main_1_30fps_frame0089,Poorly.
5233,q_8_main_1_30fps_frame0014.png,q_8_main_1_30fps_frame0014,poorly
5233,q_8_main_1_30fps_frame0029.png,q_8_main_1_30fps_frame0029,Poorly.
5233,q_8_main_1_30fps_frame0044.png,q_8_main_1_30fps_frame0044,Poorly.
5233,q_8_main_1_30fps_frame0059.png,q_8_main_1_30fps_frame0059,poorly.
5233,q_8_main_1_30fps_frame0074.png,q_8_main_1_30fps_frame0074,poorly
5233,q_8_main_1_30fps_frame0089.png,q_8_main_1_30fps_frame0089,Poorly.
5233,q_warmup_3_main_1_30fps_frame0013.png,q_warmup_3_main_1_30fps_frame0013,Poorly.
5233,q_warmup_3_main_1_30fps_frame0028.png,q_warmup_3_main_1_30fps_frame0028,Poorly.
5233,q_warmup_3_main_1_30fps_frame0043.png,q_warmup_3_main_1_30fps_frame0043,Poorly.
5233,q_warmup_3_main_1_30fps_frame0058.png,q_warmup_3_main_1_30fps_frame0058,Poorly.
5233,q_warmup_3_main_1_30fps_frame0073.png,q_warmup_3_main_1_30fps_frame0073,poorly
5233,q_warmup_3_main_1_30fps_frame0088.png,q_warmup_3_main_1_30fps_frame0088,Poorly.
5233,q_warmup_4_main_0_30fps_frame0015.png,q_warmup_4_main_0_30fps_frame0015,Poorly.
5233,q_warmup_4_main_0_30fps_frame0030.png,q_warmup_4_main_0_30fps_frame0030,Poorly.
5233,q_warmup_4_main_0_30fps_frame0045.png,q_warmup_4_main_0_30fps_frame0045,Poorly.
5233,q_warmup_4_main_0_30fps_frame0060.png,q_warmup_4_main_0_30fps_frame0060,Poorly.
5233,q_warmup_4_main_0_30fps_frame0075.png,q_warmup_4_main_0_30fps_frame0075,Poorly.
5233,q_warmup_4_main_0_30fps_frame0090.png,q_warmup_4_main_0_30fps_frame0090,poorly
5310,q_10_main_0_30fps_frame0014.png,q_10_main_0_30fps_frame0014,Poorly.
5310,q_10_main_0_30fps_frame0029.png,q_10_main_0_30fps_frame0029,poorly
5310,q_10_main_0_30fps_frame0044.png,q_10_main_0_30fps_frame0044,poorly
5310,q_10_main_0_30fps_frame0059.png,q_10_main_0_30fps_frame0059,Poorly.
5310,q_10_main_0_30fps_frame0074.png,q_10_main_0_30fps_frame0074,Poorly.
5310,q_10_main_0_30fps_frame0089.png,q_10_main_0_30fps_frame0089,Poorly.
5310,q_12_main_1_30fps_frame0014.png,q_12_main_1_30fps_frame0014,Poorly.
5310,q_12_main_1_30fps_frame0029.png,q_12_main_1_30fps_frame0029,Poorly.
5310,q_12_main_1_30fps_frame0044.png,q_12_main_1_30fps_frame0044,Poorly.
5310,q_12_main_1_30fps_frame0059.png,q_12_main_1_30fps_frame0059,Poorly.
5310,q_12_main_1_30fps_frame0074.png,q_12_main_1_30fps_frame0074,Poorly.
5310,q_12_main_1_30fps_frame0089.png,q_12_main_1_30fps_frame0089,Poorly.
5310,q_13_main_1_30fps_frame0015.png,q_13_main_1_30fps_frame0015,Poorly.
5310,q_13_main_1_30fps_frame0030.png,q_13_main_1_30fps_frame0030,Poorly.
5310,q_13_main_1_30fps_frame0045.png,q_13_main_1_30fps_frame0045,poorly
5310,q_13_main_1_30fps_frame0060.png,q_13_main_1_30fps_frame0060,Poorly.
5310,q_13_main_1_30fps_frame0075.png,q_13_main_1_30fps_frame0075,Poorly.
5310,q_13_main_1_30fps_frame0090.png,q_13_main_1_30fps_frame0090,Poorly.
5310,q_14_main_0_30fps_frame0015.png,q_14_main_0_30fps_frame0015,Poorly.
5310,q_14_main_0_30fps_frame0030.png,q_14_main_0_30fps_frame0030,Poorly.
5310,q_14_main_0_30fps_frame0045.png,q_14_main_0_30fps_frame0045,Poorly.
5310,q_14_main_0_30fps_frame0060.png,q_14_main_0_30fps_frame0060,Poorly.
5310,q_14_main_0_30fps_frame0075.png,q_14_main_0_30fps_frame0075,Poorly.
5310,q_14_main_0_30fps_frame0090.png,q_14_main_0_30fps_frame0090,Poorly.
5310,q_15_main_1_30fps_frame0015.png,q_15_main_1_30fps_frame0015,Poorly.
5310,q_15_main_1_30fps_frame0030.png,q_15_main_1_30fps_frame0030,poorly
5310,q_15_main_1_30fps_frame0045.png,q_15_main_1_30fps_frame0045,poorly
5310,q_15_main_1_30fps_frame0060.png,q_15_main_1_30fps_frame0060,poorly
5310,q_15_main_1_30fps_frame0075.png,q_15_main_1_30fps_frame0075,Poorly.
5310,q_15_main_1_30fps_frame0090.png,q_15_main_1_30fps_frame0090,poorly
5310,q_16_main_1_30fps_frame0014.png,q_16_main_1_30fps_frame0014,Poorly.
5310,q_16_main_1_30fps_frame0029.png,q_16_main_1_30fps_frame0029,Poorly.
5310,q_16_main_1_30fps_frame0044.png,q_16_main_1_30fps_frame0044,Poorly.
5310,q_16_main_1_30fps_frame0059.png,q_16_main_1_30fps_frame0059,Poorly.
5310,q_16_main_1_30fps_frame0074.png,q_16_main_1_30fps_frame0074,Poorly.
5310,q_16_main_1_30fps_frame0089.png,q_16_main_1_30fps_frame0089,Poorly.
5310,q_17_main_1_30fps_frame0015.png,q_17_main_1_30fps_frame0015,Poorly.
5310,q_17_main_1_30fps_frame0030.png,q_17_main_1_30fps_frame0030,Poorly.
5310,q_17_main_1_30fps_frame0045.png,q_17_main_1_30fps_frame0045,Poorly.
5310,q_17_main_1_30fps_frame0060.png,q_17_main_1_30fps_frame0060,Poorly.
5310,q_17_main_1_30fps_frame0075.png,q_17_main_1_30fps_frame0075,Poorly.
5310,q_17_main_1_30fps_frame0090.png,q_17_main_1_30fps_frame0090,Poorly.
5310,q_18_main_1_30fps_frame0014.png,q_18_main_1_30fps_frame0014,Poorly.
5310,q_18_main_1_30fps_frame0029.png,q_18_main_1_30fps_frame0029,Poorly.
5310,q_18_main_1_30fps_frame0044.png,q_18_main_1_30fps_frame0044,Poorly.
5310,q_18_main_1_30fps_frame0059.png,q_18_main_1_30fps_frame0059,Poorly.
5310,q_18_main_1_30fps_frame0074.png,q_18_main_1_30fps_frame0074,Poorly.
5310,q_18_main_1_30fps_frame0089.png,q_18_main_1_30fps_frame0089,Poorly.
5310,q_1_main_0_30fps_frame0015.png,q_1_main_0_30fps_frame0015,Poorly.
5310,q_1_main_0_30fps_frame0030.png,q_1_main_0_30fps_frame0030,Poorly.
5310,q_1_main_0_30fps_frame0045.png,q_1_main_0_30fps_frame0045,Poorly.
5310,q_1_main_0_30fps_frame0060.png,q_1_main_0_30fps_frame0060,Poorly.
5310,q_1_main_0_30fps_frame0075.png,q_1_main_0_30fps_frame0075,Poorly.
5310,q_1_main_0_30fps_frame0090.png,q_1_main_0_30fps_frame0090,Poorly.
5310,q_21_main_1_30fps_frame0015.png,q_21_main_1_30fps_frame0015,Poorly.
5310,q_21_main_1_30fps_frame0030.png,q_21_main_1_30fps_frame0030,Poorly.
5310,q_21_main_1_30fps_frame0045.png,q_21_main_1_30fps_frame0045,Poorly.
5310,q_21_main_1_30fps_frame0060.png,q_21_main_1_30fps_frame0060,Poorly.
5310,q_21_main_1_30fps_frame0075.png,q_21_main_1_30fps_frame0075,Poorly.
5310,q_21_main_1_30fps_frame0090.png,q_21_main_1_30fps_frame0090,Poorly.
5310,q_24_main_1_30fps_frame0014.png,q_24_main_1_30fps_frame0014,Poorly.
5310,q_24_main_1_30fps_frame0029.png,q_24_main_1_30fps_frame0029,Poorly.
5310,q_24_main_1_30fps_frame0044.png,q_24_main_1_30fps_frame0044,Poorly.
5310,q_24_main_1_30fps_frame0059.png,q_24_main_1_30fps_frame0059,Poorly.
5310,q_24_main_1_30fps_frame0074.png,q_24_main_1_30fps_frame0074,Poorly.
5310,q_24_main_1_30fps_frame0089.png,q_24_main_1_30fps_frame0089,Poorly.
5310,q_25_main_0_30fps_frame0014.png,q_25_main_0_30fps_frame0014,Poorly.
5310,q_25_main_0_30fps_frame0029.png,q_25_main_0_30fps_frame0029,Poorly.
5310,q_25_main_0_30fps_frame0044.png,q_25_main_0_30fps_frame0044,Poorly.
5310,q_25_main_0_30fps_frame0059.png,q_25_main_0_30fps_frame0059,Poorly.
5310,q_25_main_0_30fps_frame0074.png,q_25_main_0_30fps_frame0074,Poorly.
5310,q_25_main_0_30fps_frame0089.png,q_25_main_0_30fps_frame0089,Poorly.
5310,q_27_main_1_30fps_frame0014.png,q_27_main_1_30fps_frame0014,Poorly.
5310,q_27_main_1_30fps_frame0029.png,q_27_main_1_30fps_frame0029,poorly
5310,q_27_main_1_30fps_frame0044.png,q_27_main_1_30fps_frame0044,Poorly.
5310,q_27_main_1_30fps_frame0059.png,q_27_main_1_30fps_frame0059,Poorly.
5310,q_27_main_1_30fps_frame0074.png,q_27_main_1_30fps_frame0074,poorly
5310,q_27_main_1_30fps_frame0089.png,q_27_main_1_30fps_frame0089,Poorly.
5310,q_28_main_0_30fps_frame0014.png,q_28_main_0_30fps_frame0014,poorly
5310,q_28_main_0_30fps_frame0029.png,q_28_main_0_30fps_frame0029,poorly
5310,q_28_main_0_30fps_frame0044.png,q_28_main_0_30fps_frame0044,Poorly.
5310,q_28_main_0_30fps_frame0059.png,q_28_main_0_30fps_frame0059,Poorly.
5310,q_28_main_0_30fps_frame0074.png,q_28_main_0_30fps_frame0074,poorly
5310,q_28_main_0_30fps_frame0089.png,q_28_main_0_30fps_frame0089,Poorly.
5310,q_2_main_1_30fps_frame0015.png,q_2_main_1_30fps_frame0015,Poorly.
5310,q_2_main_1_30fps_frame0030.png,q_2_main_1_30fps_frame0030,Poorly.
5310,q_2_main_1_30fps_frame0045.png,q_2_main_1_30fps_frame0045,Poorly.
5310,q_2_main_1_30fps_frame0060.png,q_2_main_1_30fps_frame0060,poorly
5310,q_2_main_1_30fps_frame0075.png,q_2_main_1_30fps_frame0075,Poorly.
5310,q_2_main_1_30fps_frame0090.png,q_2_main_1_30fps_frame0090,Poorly.
5310,q_3_main_1_30fps_frame0014.png,q_3_main_1_30fps_frame0014,Poorly.
5310,q_3_main_1_30fps_frame0029.png,q_3_main_1_30fps_frame0029,Poorly.
5310,q_3_main_1_30fps_frame0044.png,q_3_main_1_30fps_frame0044,Poorly.
5310,q_3_main_1_30fps_frame0059.png,q_3_main_1_30fps_frame0059,Poorly.
5310,q_3_main_1_30fps_frame0074.png,q_3_main_1_30fps_frame0074,Poorly.
5310,q_3_main_1_30fps_frame0089.png,q_3_main_1_30fps_frame0089,poorly
5310,q_7_main_1_30fps_frame0014.png,q_7_main_1_30fps_frame0014,Poorly.
5310,q_7_main_1_30fps_frame0029.png,q_7_main_1_30fps_frame0029,Poorly.
5310,q_7_main_1_30fps_frame0044.png,q_7_main_1_30fps_frame0044,poorly
5310,q_7_main_1_30fps_frame0059.png,q_7_main_1_30fps_frame0059,Poorly.
5310,q_7_main_1_30fps_frame0074.png,q_7_main_1_30fps_frame0074,Poorly.
5310,q_7_main_1_30fps_frame0089.png,q_7_main_1_30fps_frame0089,Poorly.
5310,q_9_main_1_30fps_frame0014.png,q_9_main_1_30fps_frame0014,Poorly.
5310,q_9_main_1_30fps_frame0029.png,q_9_main_1_30fps_frame0029,Poorly.
5310,q_9_main_1_30fps_frame0044.png,q_9_main_1_30fps_frame0044,Poorly.
5310,q_9_main_1_30fps_frame0059.png,q_9_main_1_30fps_frame0059,Poorly.
5310,q_9_main_1_30fps_frame0074.png,q_9_main_1_30fps_frame0074,Poorly.
5310,q_9_main_1_30fps_frame0089.png,q_9_main_1_30fps_frame0089,Poorly.
5310,q_warmup_3_main_1_30fps_frame0015.png,q_warmup_3_main_1_30fps_frame0015,Well.
5310,q_warmup_3_main_1_30fps_frame0030.png,q_warmup_3_main_1_30fps_frame0030,poorly
5310,q_warmup_3_main_1_30fps_frame0045.png,q_warmup_3_main_1_30fps_frame0045,Poorly.
5310,q_warmup_3_main_1_30fps_frame0060.png,q_warmup_3_main_1_30fps_frame0060,Poorly.
5310,q_warmup_3_main_1_30fps_frame0075.png,q_warmup_3_main_1_30fps_frame0075,Poorly.
5310,q_warmup_3_main_1_30fps_frame0090.png,q_warmup_3_main_1_30fps_frame0090,Well.
5310,q_warmup_5_main_1_30fps_frame0015.png,q_warmup_5_main_1_30fps_frame0015,Poorly.
5310,q_warmup_5_main_1_30fps_frame0030.png,q_warmup_5_main_1_30fps_frame0030,Poorly.
5310,q_warmup_5_main_1_30fps_frame0045.png,q_warmup_5_main_1_30fps_frame0045,Poorly.
5310,q_warmup_5_main_1_30fps_frame0060.png,q_warmup_5_main_1_30fps_frame0060,poorly
5310,q_warmup_5_main_1_30fps_frame0075.png,q_warmup_5_main_1_30fps_frame0075,Poorly.
5310,q_warmup_5_main_1_30fps_frame0090.png,q_warmup_5_main_1_30fps_frame0090,Poorly.
5702,q_10_main_0_30fps_frame0015.png,q_10_main_0_30fps_frame0015,Poorly.
5702,q_10_main_0_30fps_frame0030.png,q_10_main_0_30fps_frame0030,Poorly.
5702,q_10_main_0_30fps_frame0045.png,q_10_main_0_30fps_frame0045,Poorly.
5702,q_10_main_0_30fps_frame0060.png,q_10_main_0_30fps_frame0060,Poorly.
5702,q_10_main_0_30fps_frame0075.png,q_10_main_0_30fps_frame0075,Poorly.
5702,q_10_main_0_30fps_frame0090.png,q_10_main_0_30fps_frame0090,poorly
5702,q_11_main_1_30fps_frame0015.png,q_11_main_1_30fps_frame0015,poorly
5702,q_11_main_1_30fps_frame0030.png,q_11_main_1_30fps_frame0030,poorly
5702,q_11_main_1_30fps_frame0045.png,q_11_main_1_30fps_frame0045,poorly
5702,q_11_main_1_30fps_frame0060.png,q_11_main_1_30fps_frame0060,poorly
5702,q_11_main_1_30fps_frame0075.png,q_11_main_1_30fps_frame0075,poorly
5702,q_11_main_1_30fps_frame0090.png,q_11_main_1_30fps_frame0090,poorly
5702,q_14_main_0_30fps_frame0015.png,q_14_main_0_30fps_frame0015,Poorly.
5702,q_14_main_0_30fps_frame0030.png,q_14_main_0_30fps_frame0030,Poorly.
5702,q_14_main_0_30fps_frame0045.png,q_14_main_0_30fps_frame0045,Poorly.
5702,q_14_main_0_30fps_frame0060.png,q_14_main_0_30fps_frame0060,Poorly.
5702,q_14_main_0_30fps_frame0075.png,q_14_main_0_30fps_frame0075,Poorly.
5702,q_14_main_0_30fps_frame0090.png,q_14_main_0_30fps_frame0090,Poorly.
5702,q_15_main_1_30fps_frame0014.png,q_15_main_1_30fps_frame0014,poorly
5702,q_15_main_1_30fps_frame0029.png,q_15_main_1_30fps_frame0029,poorly
5702,q_15_main_1_30fps_frame0044.png,q_15_main_1_30fps_frame0044,poorly
5702,q_15_main_1_30fps_frame0059.png,q_15_main_1_30fps_frame0059,poorly
5702,q_15_main_1_30fps_frame0074.png,q_15_main_1_30fps_frame0074,poorly
5702,q_15_main_1_30fps_frame0089.png,q_15_main_1_30fps_frame0089,poorly
5702,q_16_main_1_30fps_frame0013.png,q_16_main_1_30fps_frame0013,poorly
5702,q_16_main_1_30fps_frame0028.png,q_16_main_1_30fps_frame0028,poorly
5702,q_16_main_1_30fps_frame0043.png,q_16_main_1_30fps_frame0043,poorly
5702,q_16_main_1_30fps_frame0058.png,q_16_main_1_30fps_frame0058,poorly
5702,q_16_main_1_30fps_frame0073.png,q_16_main_1_30fps_frame0073,poorly
5702,q_16_main_1_30fps_frame0088.png,q_16_main_1_30fps_frame0088,Poorly.
5702,q_17_main_1_30fps_frame0013.png,q_17_main_1_30fps_frame0013,poorly
5702,q_17_main_1_30fps_frame0028.png,q_17_main_1_30fps_frame0028,poorly
5702,q_17_main_1_30fps_frame0043.png,q_17_main_1_30fps_frame0043,poorly
5702,q_17_main_1_30fps_frame0058.png,q_17_main_1_30fps_frame0058,poorly
5702,q_17_main_1_30fps_frame0073.png,q_17_main_1_30fps_frame0073,Poorly.
5702,q_17_main_1_30fps_frame0088.png,q_17_main_1_30fps_frame0088,poorly
5702,q_18_main_0_30fps_frame0015.png,q_18_main_0_30fps_frame0015,Poorly.
5702,q_18_main_0_30fps_frame0030.png,q_18_main_0_30fps_frame0030,Poorly.
5702,q_18_main_0_30fps_frame0045.png,q_18_main_0_30fps_frame0045,Poorly.
5702,q_18_main_0_30fps_frame0060.png,q_18_main_0_30fps_frame0060,poorly
5702,q_18_main_0_30fps_frame0075.png,q_18_main_0_30fps_frame0075,Poorly.
5702,q_18_main_0_30fps_frame0090.png,q_18_main_0_30fps_frame0090,Poorly.
5702,q_19_main_1_30fps_frame0015.png,q_19_main_1_30fps_frame0015,poorly
5702,q_19_main_1_30fps_frame0030.png,q_19_main_1_30fps_frame0030,poorly
5702,q_19_main_1_30fps_frame0045.png,q_19_main_1_30fps_frame0045,poorly
5702,q_19_main_1_30fps_frame0060.png,q_19_main_1_30fps_frame0060,poorly
5702,q_19_main_1_30fps_frame0075.png,q_19_main_1_30fps_frame0075,poorly
5702,q_19_main_1_30fps_frame0090.png,q_19_main_1_30fps_frame0090,poorly
5702,q_1_main_1_30fps_frame0015.png,q_1_main_1_30fps_frame0015,Poorly.
5702,q_1_main_1_30fps_frame0030.png,q_1_main_1_30fps_frame0030,poorly
5702,q_1_main_1_30fps_frame0045.png,q_1_main_1_30fps_frame0045,poorly
5702,q_1_main_1_30fps_frame0060.png,q_1_main_1_30fps_frame0060,poorly
5702,q_1_main_1_30fps_frame0075.png,q_1_main_1_30fps_frame0075,poorly
5702,q_1_main_1_30fps_frame0090.png,q_1_main_1_30fps_frame0090,poorly
5702,q_20_main_0_30fps_frame0015.png,q_20_main_0_30fps_frame0015,Poorly.
5702,q_20_main_0_30fps_frame0030.png,q_20_main_0_30fps_frame0030,Poorly.
5702,q_20_main_0_30fps_frame0045.png,q_20_main_0_30fps_frame0045,poorly
5702,q_20_main_0_30fps_frame0060.png,q_20_main_0_30fps_frame0060,Poorly.
5702,q_20_main_0_30fps_frame0075.png,q_20_main_0_30fps_frame0075,Poorly.
5702,q_20_main_0_30fps_frame0090.png,q_20_main_0_30fps_frame0090,poorly
5702,q_21_main_0_30fps_frame0013.png,q_21_main_0_30fps_frame0013,poorly
5702,q_21_main_0_30fps_frame0028.png,q_21_main_0_30fps_frame0028,poorly
5702,q_21_main_0_30fps_frame0043.png,q_21_main_0_30fps_frame0043,poorly
5702,q_21_main_0_30fps_frame0058.png,q_21_main_0_30fps_frame0058,poorly
5702,q_21_main_0_30fps_frame0073.png,q_21_main_0_30fps_frame0073,poorly
5702,q_21_main_0_30fps_frame0088.png,q_21_main_0_30fps_frame0088,poorly
5702,q_22_main_0_30fps_frame0015.png,q_22_main_0_30fps_frame0015,poorly
5702,q_22_main_0_30fps_frame0030.png,q_22_main_0_30fps_frame0030,poorly
5702,q_22_main_0_30fps_frame0045.png,q_22_main_0_30fps_frame0045,poorly
5702,q_22_main_0_30fps_frame0060.png,q_22_main_0_30fps_frame0060,poorly
5702,q_22_main_0_30fps_frame0075.png,q_22_main_0_30fps_frame0075,poorly
5702,q_22_main_0_30fps_frame0090.png,q_22_main_0_30fps_frame0090,poorly
5702,q_23_main_0_30fps_frame0013.png,q_23_main_0_30fps_frame0013,poorly
5702,q_23_main_0_30fps_frame0028.png,q_23_main_0_30fps_frame0028,poorly
5702,q_23_main_0_30fps_frame0043.png,q_23_main_0_30fps_frame0043,poorly
5702,q_23_main_0_30fps_frame0058.png,q_23_main_0_30fps_frame0058,poorly
5702,q_23_main_0_30fps_frame0073.png,q_23_main_0_30fps_frame0073,poorly
5702,q_23_main_0_30fps_frame0088.png,q_23_main_0_30fps_frame0088,poorly
5702,q_25_main_0_30fps_frame0014.png,q_25_main_0_30fps_frame0014,Poorly.
5702,q_25_main_0_30fps_frame0029.png,q_25_main_0_30fps_frame0029,poorly
5702,q_25_main_0_30fps_frame0044.png,q_25_main_0_30fps_frame0044,poorly
5702,q_25_main_0_30fps_frame0059.png,q_25_main_0_30fps_frame0059,Poorly.
5702,q_25_main_0_30fps_frame0074.png,q_25_main_0_30fps_frame0074,poorly
5702,q_25_main_0_30fps_frame0089.png,q_25_main_0_30fps_frame0089,Poorly.
5702,q_3_main_1_30fps_frame0014.png,q_3_main_1_30fps_frame0014,Poorly.
5702,q_3_main_1_30fps_frame0029.png,q_3_main_1_30fps_frame0029,poorly
5702,q_3_main_1_30fps_frame0044.png,q_3_main_1_30fps_frame0044,poorly
5702,q_3_main_1_30fps_frame0059.png,q_3_main_1_30fps_frame0059,Poorly.
5702,q_3_main_1_30fps_frame0074.png,q_3_main_1_30fps_frame0074,Poorly.
5702,q_3_main_1_30fps_frame0089.png,q_3_main_1_30fps_frame0089,Poorly.
5702,q_7_main_1_30fps_frame0014.png,q_7_main_1_30fps_frame0014,Poorly.
5702,q_7_main_1_30fps_frame0029.png,q_7_main_1_30fps_frame0029,poorly
5702,q_7_main_1_30fps_frame0044.png,q_7_main_1_30fps_frame0044,poorly
5702,q_7_main_1_30fps_frame0059.png,q_7_main_1_30fps_frame0059,Poorly.
5702,q_7_main_1_30fps_frame0074.png,q_7_main_1_30fps_frame0074,Poorly.
5702,q_7_main_1_30fps_frame0089.png,q_7_main_1_30fps_frame0089,Poorly.
5702,q_8_main_0_30fps_frame0015.png,q_8_main_0_30fps_frame0015,poorly
5702,q_8_main_0_30fps_frame0030.png,q_8_main_0_30fps_frame0030,poorly
5702,q_8_main_0_30fps_frame0045.png,q_8_main_0_30fps_frame0045,Poorly.
5702,q_8_main_0_30fps_frame0060.png,q_8_main_0_30fps_frame0060,Poorly.
5702,q_8_main_0_30fps_frame0075.png,q_8_main_0_30fps_frame0075,Poorly.
5702,q_8_main_0_30fps_frame0090.png,q_8_main_0_30fps_frame0090,poorly
5702,q_9_main_1_30fps_frame0014.png,q_9_main_1_30fps_frame0014,poorly
5702,q_9_main_1_30fps_frame0029.png,q_9_main_1_30fps_frame0029,poorly
5702,q_9_main_1_30fps_frame0044.png,q_9_main_1_30fps_frame0044,poorly
5702,q_9_main_1_30fps_frame0059.png,q_9_main_1_30fps_frame0059,poorly
5702,q_9_main_1_30fps_frame0074.png,q_9_main_1_30fps_frame0074,poorly
5702,q_9_main_1_30fps_frame0089.png,q_9_main_1_30fps_frame0089,poorly
5702,q_warmup_3_main_1_30fps_frame0015.png,q_warmup_3_main_1_30fps_frame0015,poorly
5702,q_warmup_3_main_1_30fps_frame0030.png,q_warmup_3_main_1_30fps_frame0030,poorly
5702,q_warmup_3_main_1_30fps_frame0045.png,q_warmup_3_main_1_30fps_frame0045,poorly
5702,q_warmup_3_main_1_30fps_frame0060.png,q_warmup_3_main_1_30fps_frame0060,poorly
5702,q_warmup_3_main_1_30fps_frame0075.png,q_warmup_3_main_1_30fps_frame0075,poorly
5702,q_warmup_3_main_1_30fps_frame0090.png,q_warmup_3_main_1_30fps_frame0090,poorly
6488,q_12_main_0_30fps_frame0014.png,q_12_main_0_30fps_frame0014,poorly
6488,q_12_main_0_30fps_frame0029.png,q_12_main_0_30fps_frame0029,Poorly.
6488,q_12_main_0_30fps_frame0044.png,q_12_main_0_30fps_frame0044,Poorly.
6488,q_12_main_0_30fps_frame0059.png,q_12_main_0_30fps_frame0059,Poorly.
6488,q_12_main_0_30fps_frame0074.png,q_12_main_0_30fps_frame0074,Poorly.
6488,q_12_main_0_30fps_frame0089.png,q_12_main_0_30fps_frame0089,Poorly.
6488,q_14_main_1_30fps_frame0014.png,q_14_main_1_30fps_frame0014,Poorly.
6488,q_14_main_1_30fps_frame0029.png,q_14_main_1_30fps_frame0029,Poorly.
6488,q_14_main_1_30fps_frame0044.png,q_14_main_1_30fps_frame0044,Poorly.
6488,q_14_main_1_30fps_frame0059.png,q_14_main_1_30fps_frame0059,Poorly.
6488,q_14_main_1_30fps_frame0074.png,q_14_main_1_30fps_frame0074,Poorly.
6488,q_14_main_1_30fps_frame0089.png,q_14_main_1_30fps_frame0089,Poorly.
6488,q_16_main_1_30fps_frame0015.png,q_16_main_1_30fps_frame0015,Poorly.
6488,q_16_main_1_30fps_frame0030.png,q_16_main_1_30fps_frame0030,Poorly.
6488,q_16_main_1_30fps_frame0045.png,q_16_main_1_30fps_frame0045,poorly
6488,q_16_main_1_30fps_frame0060.png,q_16_main_1_30fps_frame0060,Poorly.
6488,q_16_main_1_30fps_frame0075.png,q_16_main_1_30fps_frame0075,poorly.
6488,q_16_main_1_30fps_frame0090.png,q_16_main_1_30fps_frame0090,Poorly.
6488,q_18_main_0_30fps_frame0014.png,q_18_main_0_30fps_frame0014,poorly
6488,q_18_main_0_30fps_frame0029.png,q_18_main_0_30fps_frame0029,Poorly.
6488,q_18_main_0_30fps_frame0044.png,q_18_main_0_30fps_frame0044,Poorly.
6488,q_18_main_0_30fps_frame0059.png,q_18_main_0_30fps_frame0059,Poorly.
6488,q_18_main_0_30fps_frame0074.png,q_18_main_0_30fps_frame0074,Poorly.
6488,q_18_main_0_30fps_frame0089.png,q_18_main_0_30fps_frame0089,Poorly.
6488,q_19_main_0_30fps_frame0015.png,q_19_main_0_30fps_frame0015,Poorly.
6488,q_19_main_0_30fps_frame0030.png,q_19_main_0_30fps_frame0030,Poorly.
6488,q_19_main_0_30fps_frame0045.png,q_19_main_0_30fps_frame0045,poorly
6488,q_19_main_0_30fps_frame0060.png,q_19_main_0_30fps_frame0060,Poorly.
6488,q_19_main_0_30fps_frame0075.png,q_19_main_0_30fps_frame0075,Poorly.
6488,q_19_main_0_30fps_frame0090.png,q_19_main_0_30fps_frame0090,Poorly.
6488,q_1_main_1_30fps_frame0014.png,q_1_main_1_30fps_frame0014,Poorly.
6488,q_1_main_1_30fps_frame0029.png,q_1_main_1_30fps_frame0029,poorly
6488,q_1_main_1_30fps_frame0044.png,q_1_main_1_30fps_frame0044,Poorly.
6488,q_1_main_1_30fps_frame0059.png,q_1_main_1_30fps_frame0059,poorly
6488,q_1_main_1_30fps_frame0074.png,q_1_main_1_30fps_frame0074,Poorly.
6488,q_1_main_1_30fps_frame0089.png,q_1_main_1_30fps_frame0089,poorly.
6488,q_20_main_0_30fps_frame0015.png,q_20_main_0_30fps_frame0015,Poorly.
6488,q_20_main_0_30fps_frame0030.png,q_20_main_0_30fps_frame0030,poorly
6488,q_20_main_0_30fps_frame0045.png,q_20_main_0_30fps_frame0045,Poorly.
6488,q_20_main_0_30fps_frame0060.png,q_20_main_0_30fps_frame0060,poorly.
6488,q_20_main_0_30fps_frame0075.png,q_20_main_0_30fps_frame0075,Poorly.
6488,q_20_main_0_30fps_frame0090.png,q_20_main_0_30fps_frame0090,poorly
6488,q_22_main_0_30fps_frame0014.png,q_22_main_0_30fps_frame0014,Poorly.
6488,q_22_main_0_30fps_frame0029.png,q_22_main_0_30fps_frame0029,poorly.
6488,q_22_main_0_30fps_frame0044.png,q_22_main_0_30fps_frame0044,Poorly.
6488,q_22_main_0_30fps_frame0059.png,q_22_main_0_30fps_frame0059,Poorly.
6488,q_22_main_0_30fps_frame0074.png,q_22_main_0_30fps_frame0074,poorly
6488,q_22_main_0_30fps_frame0089.png,q_22_main_0_30fps_frame0089,poorly.
6488,q_25_main_0_30fps_frame0015.png,q_25_main_0_30fps_frame0015,Poorly.
6488,q_25_main_0_30fps_frame0030.png,q_25_main_0_30fps_frame0030,Poorly.
6488,q_25_main_0_30fps_frame0045.png,q_25_main_0_30fps_frame0045,Poorly.
6488,q_25_main_0_30fps_frame0060.png,q_25_main_0_30fps_frame0060,Poorly.
6488,q_25_main_0_30fps_frame0075.png,q_25_main_0_30fps_frame0075,Poorly.
6488,q_25_main_0_30fps_frame0090.png,q_25_main_0_30fps_frame0090,Poorly.
6488,q_26_main_0_30fps_frame0014.png,q_26_main_0_30fps_frame0014,Poorly.
6488,q_26_main_0_30fps_frame0029.png,q_26_main_0_30fps_frame0029,poorly
6488,q_26_main_0_30fps_frame0044.png,q_26_main_0_30fps_frame0044,poorly
6488,q_26_main_0_30fps_frame0059.png,q_26_main_0_30fps_frame0059,Poorly.
6488,q_26_main_0_30fps_frame0074.png,q_26_main_0_30fps_frame0074,Poorly.
6488,q_26_main_0_30fps_frame0089.png,q_26_main_0_30fps_frame0089,poorly.
6488,q_28_main_0_30fps_frame0014.png,q_28_main_0_30fps_frame0014,Poorly.
6488,q_28_main_0_30fps_frame0029.png,q_28_main_0_30fps_frame0029,poorly
6488,q_28_main_0_30fps_frame0044.png,q_28_main_0_30fps_frame0044,Poorly.
6488,q_28_main_0_30fps_frame0059.png,q_28_main_0_30fps_frame0059,poorly
6488,q_28_main_0_30fps_frame0074.png,q_28_main_0_30fps_frame0074,Poorly.
6488,q_28_main_0_30fps_frame0089.png,q_28_main_0_30fps_frame0089,Poorly.
6488,q_29_main_0_30fps_frame0014.png,q_29_main_0_30fps_frame0014,Poorly.
6488,q_29_main_0_30fps_frame0029.png,q_29_main_0_30fps_frame0029,Poorly.
6488,q_29_main_0_30fps_frame0044.png,q_29_main_0_30fps_frame0044,Poorly.
6488,q_29_main_0_30fps_frame0059.png,q_29_main_0_30fps_frame0059,poorly.
6488,q_29_main_0_30fps_frame0074.png,q_29_main_0_30fps_frame0074,Poorly.
6488,q_29_main_0_30fps_frame0089.png,q_29_main_0_30fps_frame0089,Poorly.
6488,q_30_main_0_30fps_frame0015.png,q_30_main_0_30fps_frame0015,Poorly.
6488,q_30_main_0_30fps_frame0030.png,q_30_main_0_30fps_frame0030,Poorly.
6488,q_30_main_0_30fps_frame0045.png,q_30_main_0_30fps_frame0045,Poorly.
6488,q_30_main_0_30fps_frame0060.png,q_30_main_0_30fps_frame0060,Poorly.
6488,q_30_main_0_30fps_frame0075.png,q_30_main_0_30fps_frame0075,Poorly.
6488,q_30_main_0_30fps_frame0090.png,q_30_main_0_30fps_frame0090,Poorly.
6488,q_4_main_0_30fps_frame0014.png,q_4_main_0_30fps_frame0014,Poorly.
6488,q_4_main_0_30fps_frame0029.png,q_4_main_0_30fps_frame0029,Poorly.
6488,q_4_main_0_30fps_frame0044.png,q_4_main_0_30fps_frame0044,Poorly.
6488,q_4_main_0_30fps_frame0059.png,q_4_main_0_30fps_frame0059,Poorly.
6488,q_4_main_0_30fps_frame0074.png,q_4_main_0_30fps_frame0074,Poorly.
6488,q_4_main_0_30fps_frame0089.png,q_4_main_0_30fps_frame0089,poorly.
6488,q_6_main_0_30fps_frame0015.png,q_6_main_0_30fps_frame0015,Poorly.
6488,q_6_main_0_30fps_frame0030.png,q_6_main_0_30fps_frame0030,Poorly.
6488,q_6_main_0_30fps_frame0045.png,q_6_main_0_30fps_frame0045,Poorly.
6488,q_6_main_0_30fps_frame0060.png,q_6_main_0_30fps_frame0060,Poorly.
6488,q_6_main_0_30fps_frame0075.png,q_6_main_0_30fps_frame0075,Poorly.
6488,q_6_main_0_30fps_frame0090.png,q_6_main_0_30fps_frame0090,Poorly.
6488,q_8_main_0_30fps_frame0015.png,q_8_main_0_30fps_frame0015,Poorly.
6488,q_8_main_0_30fps_frame0030.png,q_8_main_0_30fps_frame0030,Poorly.
6488,q_8_main_0_30fps_frame0045.png,q_8_main_0_30fps_frame0045,poorly
6488,q_8_main_0_30fps_frame0060.png,q_8_main_0_30fps_frame0060,Poorly.
6488,q_8_main_0_30fps_frame0075.png,q_8_main_0_30fps_frame0075,poorly.
6488,q_8_main_0_30fps_frame0090.png,q_8_main_0_30fps_frame0090,poorly
6488,q_9_main_1_30fps_frame0014.png,q_9_main_1_30fps_frame0014,Poorly.
6488,q_9_main_1_30fps_frame0029.png,q_9_main_1_30fps_frame0029,Poorly.
6488,q_9_main_1_30fps_frame0044.png,q_9_main_1_30fps_frame0044,Poorly.
6488,q_9_main_1_30fps_frame0059.png,q_9_main_1_30fps_frame0059,Poorly.
6488,q_9_main_1_30fps_frame0074.png,q_9_main_1_30fps_frame0074,Poorly.
6488,q_9_main_1_30fps_frame0089.png,q_9_main_1_30fps_frame0089,Poorly.
6488,q_warmup_3_main_0_30fps_frame0015.png,q_warmup_3_main_0_30fps_frame0015,Poorly.
6488,q_warmup_3_main_0_30fps_frame0030.png,q_warmup_3_main_0_30fps_frame0030,Poorly.
6488,q_warmup_3_main_0_30fps_frame0045.png,q_warmup_3_main_0_30fps_frame0045,Poorly.
6488,q_warmup_3_main_0_30fps_frame0060.png,q_warmup_3_main_0_30fps_frame0060,Poorly.
6488,q_warmup_3_main_0_30fps_frame0075.png,q_warmup_3_main_0_30fps_frame0075,Poorly.
6488,q_warmup_3_main_0_30fps_frame0090.png,q_warmup_3_main_0_30fps_frame0090,Poorly.
6488,q_warmup_4_main_0_30fps_frame0014.png,q_warmup_4_main_0_30fps_frame0014,Poorly.
6488,q_warmup_4_main_0_30fps_frame0029.png,q_warmup_4_main_0_30fps_frame0029,poorly
6488,q_warmup_4_main_0_30fps_frame0044.png,q_warmup_4_main_0_30fps_frame0044,Poorly.
6488,q_warmup_4_main_0_30fps_frame0059.png,q_warmup_4_main_0_30fps_frame0059,Poorly.
6488,q_warmup_4_main_0_30fps_frame0074.png,q_warmup_4_main_0_30fps_frame0074,Poorly.
6488,q_warmup_4_main_0_30fps_frame0089.png,q_warmup_4_main_0_30fps_frame0089,Poorly.
6488,q_warmup_5_main_1_30fps_frame0015.png,q_warmup_5_main_1_30fps_frame0015,Poorly.
6488,q_warmup_5_main_1_30fps_frame0030.png,q_warmup_5_main_1_30fps_frame0030,Poorly.
6488,q_warmup_5_main_1_30fps_frame0045.png,q_warmup_5_main_1_30fps_frame0045,Poorly.
6488,q_warmup_5_main_1_30fps_frame0060.png,q_warmup_5_main_1_30fps_frame0060,Poorly.
6488,q_warmup_5_main_1_30fps_frame0075.png,q_warmup_5_main_1_30fps_frame0075,Poorly.
6488,q_warmup_5_main_1_30fps_frame0090.png,q_warmup_5_main_1_30fps_frame0090,Poorly.
7136,q_10_main_1_30fps_frame0015.png,q_10_main_1_30fps_frame0015,poorly.
7136,q_10_main_1_30fps_frame0030.png,q_10_main_1_30fps_frame0030,poorly
7136,q_10_main_1_30fps_frame0045.png,q_10_main_1_30fps_frame0045,poorly
7136,q_10_main_1_30fps_frame0060.png,q_10_main_1_30fps_frame0060,poorly.
7136,q_10_main_1_30fps_frame0075.png,q_10_main_1_30fps_frame0075,poorly
7136,q_10_main_1_30fps_frame0090.png,q_10_main_1_30fps_frame0090,poorly.
7136,q_11_main_1_30fps_frame0014.png,q_11_main_1_30fps_frame0014,Poorly.
7136,q_11_main_1_30fps_frame0029.png,q_11_main_1_30fps_frame0029,poorly
7136,q_11_main_1_30fps_frame0044.png,q_11_main_1_30fps_frame0044,poorly.
7136,q_11_main_1_30fps_frame0059.png,q_11_main_1_30fps_frame0059,poorly.
7136,q_11_main_1_30fps_frame0074.png,q_11_main_1_30fps_frame0074,poorly.
7136,q_11_main_1_30fps_frame0089.png,q_11_main_1_30fps_frame0089,poorly.
7136,q_13_main_1_30fps_frame0014.png,q_13_main_1_30fps_frame0014,"Poorly. The person in the image appears to be looking at something with a shocked or horrified expression, which suggests that the situation observed by that human ends poorly."
7136,q_13_main_1_30fps_frame0029.png,q_13_main_1_30fps_frame0029,"Poorly. The human in the image appears to be frustrated, as evidenced by their facial expression and posture. This suggests that the situation they are observing may not have a positive outcome."
7136,q_13_main_1_30fps_frame0044.png,q_13_main_1_30fps_frame0044,poorly
7136,q_13_main_1_30fps_frame0059.png,q_13_main_1_30fps_frame0059,"Poorly. The person in the image appears to be looking at something with a shocked or surprised expression, which suggests that the situation they are observing is unexpected or alarming."
7136,q_13_main_1_30fps_frame0074.png,q_13_main_1_30fps_frame0074,poorly
7136,q_13_main_1_30fps_frame0089.png,q_13_main_1_30fps_frame0089,poorly
7136,q_14_main_0_30fps_frame0014.png,q_14_main_0_30fps_frame0014,Poorly.
7136,q_14_main_0_30fps_frame0029.png,q_14_main_0_30fps_frame0029,poorly.
7136,q_14_main_0_30fps_frame0044.png,q_14_main_0_30fps_frame0044,poorly
7136,q_14_main_0_30fps_frame0059.png,q_14_main_0_30fps_frame0059,poorly
7136,q_14_main_0_30fps_frame0074.png,q_14_main_0_30fps_frame0074,Poorly.
7136,q_14_main_0_30fps_frame0089.png,q_14_main_0_30fps_frame0089,poorly
7136,q_15_main_1_30fps_frame0014.png,q_15_main_1_30fps_frame0014,"The situation observed by the human in the image appears to end poorly. The human's facial expression and posture suggest that they are experiencing frustration or anger, which could indicate that the situation is not going as planned. Additionally, the human's eyes are closed, which may suggest that they are feeling overwhelmed or stressed. Overall, the human's body language and facial expression suggest that the situation is not ending well."
7136,q_15_main_1_30fps_frame0029.png,q_15_main_1_30fps_frame0029,poorly
7136,q_15_main_1_30fps_frame0044.png,q_15_main_1_30fps_frame0044,"The situation observed by the human in the image appears to end poorly. The human's facial expression and posture suggest that they are experiencing frustration or anger, which is often a sign of a negative outcome. Additionally, the fact that the human is wearing headphones and appears to be in a gaming environment suggests that they may be experiencing a loss or failure in a game, which could also contribute to a negative outcome."
7136,q_15_main_1_30fps_frame0059.png,q_15_main_1_30fps_frame0059,"The situation observed by the human in the image appears to end poorly. The human's facial expression and posture suggest that they are experiencing frustration or anger, which could indicate that the situation is not going as planned. Additionally, the human's eyes are closed, which could suggest that they are feeling overwhelmed or stressed. Overall, the human's body language and facial expression suggest that the situation is not ending well."
7136,q_15_main_1_30fps_frame0074.png,q_15_main_1_30fps_frame0074,poorly
7136,q_15_main_1_30fps_frame0089.png,q_15_main_1_30fps_frame0089,poorly
7136,q_17_main_1_30fps_frame0014.png,q_17_main_1_30fps_frame0014,poorly.
7136,q_17_main_1_30fps_frame0029.png,q_17_main_1_30fps_frame0029,poorly.
7136,q_17_main_1_30fps_frame0044.png,q_17_main_1_30fps_frame0044,poorly.
7136,q_17_main_1_30fps_frame0059.png,q_17_main_1_30fps_frame0059,poorly.
7136,q_17_main_1_30fps_frame0074.png,q_17_main_1_30fps_frame0074,Poorly.
7136,q_17_main_1_30fps_frame0089.png,q_17_main_1_30fps_frame0089,poorly
7136,q_18_main_1_30fps_frame0015.png,q_18_main_1_30fps_frame0015,"Poorly. The person in the image appears to be frustrated, as evidenced by their furrowed brow and pursed lips. This suggests that the situation they are observing is not going well."
7136,q_18_main_1_30fps_frame0030.png,q_18_main_1_30fps_frame0030,poorly
7136,q_18_main_1_30fps_frame0045.png,q_18_main_1_30fps_frame0045,poorly
7136,q_18_main_1_30fps_frame0060.png,q_18_main_1_30fps_frame0060,"Poorly. The person in the image appears to be looking at something with a shocked or horrified expression, which suggests that the situation observed by that human does not end well."
7136,q_18_main_1_30fps_frame0075.png,q_18_main_1_30fps_frame0075,poorly
7136,q_18_main_1_30fps_frame0090.png,q_18_main_1_30fps_frame0090,poorly
7136,q_19_main_0_30fps_frame0015.png,q_19_main_0_30fps_frame0015,poorly
7136,q_19_main_0_30fps_frame0030.png,q_19_main_0_30fps_frame0030,poorly
7136,q_19_main_0_30fps_frame0045.png,q_19_main_0_30fps_frame0045,poorly
7136,q_19_main_0_30fps_frame0060.png,q_19_main_0_30fps_frame0060,poorly
7136,q_19_main_0_30fps_frame0075.png,q_19_main_0_30fps_frame0075,poorly
7136,q_19_main_0_30fps_frame0090.png,q_19_main_0_30fps_frame0090,poorly
7136,q_20_main_0_30fps_frame0015.png,q_20_main_0_30fps_frame0015,"Poorly. The human in the image appears to be experiencing a moment of frustration or anger, as evidenced by their facial expression and posture. This suggests that the situation they are observing may not have a positive outcome."
7136,q_20_main_0_30fps_frame0030.png,q_20_main_0_30fps_frame0030,poorly
7136,q_20_main_0_30fps_frame0045.png,q_20_main_0_30fps_frame0045,poorly
7136,q_20_main_0_30fps_frame0060.png,q_20_main_0_30fps_frame0060,poorly
7136,q_20_main_0_30fps_frame0075.png,q_20_main_0_30fps_frame0075,"Poorly. The person in the image appears to be experiencing a negative emotional state, as evidenced by their facial expression and posture. This suggests that the situation they are observing may not have a positive outcome."
7136,q_20_main_0_30fps_frame0090.png,q_20_main_0_30fps_frame0090,poorly
7136,q_21_main_0_30fps_frame0014.png,q_21_main_0_30fps_frame0014,Poorly.
7136,q_21_main_0_30fps_frame0029.png,q_21_main_0_30fps_frame0029,poorly
7136,q_21_main_0_30fps_frame0044.png,q_21_main_0_30fps_frame0044,poorly
7136,q_21_main_0_30fps_frame0059.png,q_21_main_0_30fps_frame0059,poorly.
7136,q_21_main_0_30fps_frame0074.png,q_21_main_0_30fps_frame0074,Poorly.
7136,q_21_main_0_30fps_frame0089.png,q_21_main_0_30fps_frame0089,poorly
7136,q_22_main_1_30fps_frame0014.png,q_22_main_1_30fps_frame0014,poorly.
7136,q_22_main_1_30fps_frame0029.png,q_22_main_1_30fps_frame0029,"Poorly. The person in the image appears to be playing a video game, and their facial expression suggests that they are frustrated or upset. This could indicate that the situation is not going well for them."
7136,q_22_main_1_30fps_frame0044.png,q_22_main_1_30fps_frame0044,poorly
7136,q_22_main_1_30fps_frame0059.png,q_22_main_1_30fps_frame0059,poorly.
7136,q_22_main_1_30fps_frame0074.png,q_22_main_1_30fps_frame0074,poorly
7136,q_22_main_1_30fps_frame0089.png,q_22_main_1_30fps_frame0089,poorly.
7136,q_26_main_0_30fps_frame0014.png,q_26_main_0_30fps_frame0014,poorly
7136,q_26_main_0_30fps_frame0029.png,q_26_main_0_30fps_frame0029,poorly
7136,q_26_main_0_30fps_frame0044.png,q_26_main_0_30fps_frame0044,poorly
7136,q_26_main_0_30fps_frame0059.png,q_26_main_0_30fps_frame0059,poorly
7136,q_26_main_0_30fps_frame0074.png,q_26_main_0_30fps_frame0074,poorly.
7136,q_26_main_0_30fps_frame0089.png,q_26_main_0_30fps_frame0089,poorly
7136,q_29_main_0_30fps_frame0014.png,q_29_main_0_30fps_frame0014,poorly.
7136,q_29_main_0_30fps_frame0029.png,q_29_main_0_30fps_frame0029,"Poorly. The person in the image appears to be frustrated or upset, which suggests that the situation they are observing does not end well."
7136,q_29_main_0_30fps_frame0044.png,q_29_main_0_30fps_frame0044,Poorly.
7136,q_29_main_0_30fps_frame0059.png,q_29_main_0_30fps_frame0059,poorly
7136,q_29_main_0_30fps_frame0074.png,q_29_main_0_30fps_frame0074,"Poorly. The person in the image appears to be frustrated, which suggests that the situation observed by that human ends poorly."
7136,q_29_main_0_30fps_frame0089.png,q_29_main_0_30fps_frame0089,poorly
7136,q_2_main_1_30fps_frame0014.png,q_2_main_1_30fps_frame0014,poorly
7136,q_2_main_1_30fps_frame0029.png,q_2_main_1_30fps_frame0029,poorly
7136,q_2_main_1_30fps_frame0044.png,q_2_main_1_30fps_frame0044,"Poorly. The person in the image appears to be frustrated, which suggests that the situation observed by that human ends poorly."
7136,q_2_main_1_30fps_frame0059.png,q_2_main_1_30fps_frame0059,"Poorly. The person in the image appears to be frustrated, as evidenced by their facial expression and posture. Their eyes are narrowed, and their eyebrows are furrowed, indicating tension and irritation. Their mouth is set in a firm line, suggesting determination or stubbornness. Their arms are crossed, which can be a sign of defensiveness or resistance. Overall, the person's body language suggests that they are experiencing a negative emotional state, likely due to a frustrating or challenging situation."
7136,q_2_main_1_30fps_frame0074.png,q_2_main_1_30fps_frame0074,poorly.
7136,q_2_main_1_30fps_frame0089.png,q_2_main_1_30fps_frame0089,poorly
7136,q_3_main_1_30fps_frame0015.png,q_3_main_1_30fps_frame0015,"Poorly. The person in the image appears to be experiencing a negative emotional state, as evidenced by their facial expression and posture. This suggests that the situation they are in may not be going well for them."
7136,q_3_main_1_30fps_frame0030.png,q_3_main_1_30fps_frame0030,"Poorly. The person in the image appears to be experiencing frustration or anger, as evidenced by their facial expression and posture. This suggests that the situation may not have ended well for them."
7136,q_3_main_1_30fps_frame0045.png,q_3_main_1_30fps_frame0045,poorly.
7136,q_3_main_1_30fps_frame0060.png,q_3_main_1_30fps_frame0060,poorly
7136,q_3_main_1_30fps_frame0075.png,q_3_main_1_30fps_frame0075,poorly.
7136,q_3_main_1_30fps_frame0090.png,q_3_main_1_30fps_frame0090,Poorly.
7136,q_4_main_1_30fps_frame0014.png,q_4_main_1_30fps_frame0014,"Poorly. The person in the image appears to be experiencing a negative emotional state, as evidenced by their facial expression and posture. Their eyes are cast downward, and their mouth is set in a firm line, indicating a sense of determination or resolve. However, their eyebrows are furrowed, and their forehead is furrowed, suggesting a sense of tension or anxiety. Additionally, their shoulders are slumped, and their arms are crossed, indicating a sense of defensiveness or protectiveness. Overall, the person's body language suggests that they are feeling stressed, anxious, or overwhelmed, which could indicate that the situation is not ending well for them."
7136,q_4_main_1_30fps_frame0029.png,q_4_main_1_30fps_frame0029,Poorly.
7136,q_4_main_1_30fps_frame0044.png,q_4_main_1_30fps_frame0044,"Poorly. The person in the image appears to be frustrated, which suggests that the situation observed by that human ends poorly."
7136,q_4_main_1_30fps_frame0059.png,q_4_main_1_30fps_frame0059,poorly
7136,q_4_main_1_30fps_frame0074.png,q_4_main_1_30fps_frame0074,poorly
7136,q_4_main_1_30fps_frame0089.png,q_4_main_1_30fps_frame0089,"Poorly. The person in the image appears to be looking at something with a shocked or disbelieving expression, which suggests that the situation may not have ended well."
7136,q_9_main_0_30fps_frame0015.png,q_9_main_0_30fps_frame0015,poorly
7136,q_9_main_0_30fps_frame0030.png,q_9_main_0_30fps_frame0030,poorly
7136,q_9_main_0_30fps_frame0045.png,q_9_main_0_30fps_frame0045,"Poorly. The person in the image appears to be looking at something with a shocked or horrified expression, which suggests that the situation observed by that human ends poorly."
7136,q_9_main_0_30fps_frame0060.png,q_9_main_0_30fps_frame0060,"Poorly. The person in the image appears to be looking at something with a shocked or horrified expression, which suggests that the situation they are observing is not going well."
7136,q_9_main_0_30fps_frame0075.png,q_9_main_0_30fps_frame0075,poorly.
7136,q_9_main_0_30fps_frame0090.png,q_9_main_0_30fps_frame0090,poorly
7136,q_warmup_5_main_1_30fps_frame0015.png,q_warmup_5_main_1_30fps_frame0015,poorly
7136,q_warmup_5_main_1_30fps_frame0030.png,q_warmup_5_main_1_30fps_frame0030,poorly
7136,q_warmup_5_main_1_30fps_frame0045.png,q_warmup_5_main_1_30fps_frame0045,poorly.
7136,q_warmup_5_main_1_30fps_frame0060.png,q_warmup_5_main_1_30fps_frame0060,poorly
7136,q_warmup_5_main_1_30fps_frame0075.png,q_warmup_5_main_1_30fps_frame0075,poorly
7136,q_warmup_5_main_1_30fps_frame0090.png,q_warmup_5_main_1_30fps_frame0090,Poorly.
7782,q_12_main_0_30fps_frame0014.png,q_12_main_0_30fps_frame0014,Poorly.
7782,q_12_main_0_30fps_frame0029.png,q_12_main_0_30fps_frame0029,Poorly.
7782,q_12_main_0_30fps_frame0044.png,q_12_main_0_30fps_frame0044,poorly.
7782,q_12_main_0_30fps_frame0059.png,q_12_main_0_30fps_frame0059,poorly.
7782,q_12_main_0_30fps_frame0074.png,q_12_main_0_30fps_frame0074,Poorly.
7782,q_12_main_0_30fps_frame0089.png,q_12_main_0_30fps_frame0089,Poorly.
7782,q_14_main_0_30fps_frame0015.png,q_14_main_0_30fps_frame0015,Poorly.
7782,q_14_main_0_30fps_frame0030.png,q_14_main_0_30fps_frame0030,Poorly.
7782,q_14_main_0_30fps_frame0045.png,q_14_main_0_30fps_frame0045,poorly.
7782,q_14_main_0_30fps_frame0060.png,q_14_main_0_30fps_frame0060,poorly
7782,q_14_main_0_30fps_frame0075.png,q_14_main_0_30fps_frame0075,poorly.
7782,q_14_main_0_30fps_frame0090.png,q_14_main_0_30fps_frame0090,Poorly.
7782,q_15_main_1_30fps_frame0012.png,q_15_main_1_30fps_frame0012,Poorly.
7782,q_15_main_1_30fps_frame0027.png,q_15_main_1_30fps_frame0027,poorly.
7782,q_15_main_1_30fps_frame0042.png,q_15_main_1_30fps_frame0042,Well.
7782,q_15_main_1_30fps_frame0057.png,q_15_main_1_30fps_frame0057,Poorly.
7782,q_15_main_1_30fps_frame0072.png,q_15_main_1_30fps_frame0072,poorly
7782,q_15_main_1_30fps_frame0087.png,q_15_main_1_30fps_frame0087,Poorly.
7782,q_19_main_0_30fps_frame0015.png,q_19_main_0_30fps_frame0015,poorly.
7782,q_19_main_0_30fps_frame0030.png,q_19_main_0_30fps_frame0030,"Poorly. The person in the image appears to be looking at something with a shocked or horrified expression, which suggests that the situation they are observing is likely to end poorly."
7782,q_19_main_0_30fps_frame0045.png,q_19_main_0_30fps_frame0045,Poorly.
7782,q_19_main_0_30fps_frame0060.png,q_19_main_0_30fps_frame0060,poorly.
7782,q_19_main_0_30fps_frame0075.png,q_19_main_0_30fps_frame0075,poorly.
7782,q_19_main_0_30fps_frame0090.png,q_19_main_0_30fps_frame0090,poorly.
7782,q_1_main_0_30fps_frame0015.png,q_1_main_0_30fps_frame0015,Poorly.
7782,q_1_main_0_30fps_frame0030.png,q_1_main_0_30fps_frame0030,poorly
7782,q_1_main_0_30fps_frame0045.png,q_1_main_0_30fps_frame0045,Poorly.
7782,q_1_main_0_30fps_frame0060.png,q_1_main_0_30fps_frame0060,poorly.
7782,q_1_main_0_30fps_frame0075.png,q_1_main_0_30fps_frame0075,poorly.
7782,q_1_main_0_30fps_frame0090.png,q_1_main_0_30fps_frame0090,Poorly.
7782,q_21_main_0_30fps_frame0014.png,q_21_main_0_30fps_frame0014,Well.
7782,q_21_main_0_30fps_frame0029.png,q_21_main_0_30fps_frame0029,Poorly.
7782,q_21_main_0_30fps_frame0044.png,q_21_main_0_30fps_frame0044,poorly.
7782,q_21_main_0_30fps_frame0059.png,q_21_main_0_30fps_frame0059,poorly
7782,q_21_main_0_30fps_frame0074.png,q_21_main_0_30fps_frame0074,Poorly.
7782,q_21_main_0_30fps_frame0089.png,q_21_main_0_30fps_frame0089,poorly
7782,q_22_main_0_30fps_frame0014.png,q_22_main_0_30fps_frame0014,poorly.
7782,q_22_main_0_30fps_frame0029.png,q_22_main_0_30fps_frame0029,Poorly.
7782,q_22_main_0_30fps_frame0044.png,q_22_main_0_30fps_frame0044,poorly.
7782,q_22_main_0_30fps_frame0059.png,q_22_main_0_30fps_frame0059,Poorly.
7782,q_22_main_0_30fps_frame0074.png,q_22_main_0_30fps_frame0074,Poorly.
7782,q_22_main_0_30fps_frame0089.png,q_22_main_0_30fps_frame0089,poorly.
7782,q_23_main_0_30fps_frame0014.png,q_23_main_0_30fps_frame0014,poorly
7782,q_23_main_0_30fps_frame0029.png,q_23_main_0_30fps_frame0029,Poorly.
7782,q_23_main_0_30fps_frame0044.png,q_23_main_0_30fps_frame0044,poorly.
7782,q_23_main_0_30fps_frame0059.png,q_23_main_0_30fps_frame0059,poorly.
7782,q_23_main_0_30fps_frame0074.png,q_23_main_0_30fps_frame0074,Poorly.
7782,q_23_main_0_30fps_frame0089.png,q_23_main_0_30fps_frame0089,Poorly.
7782,q_25_main_0_30fps_frame0014.png,q_25_main_0_30fps_frame0014,poorly
7782,q_25_main_0_30fps_frame0029.png,q_25_main_0_30fps_frame0029,poorly
7782,q_25_main_0_30fps_frame0044.png,q_25_main_0_30fps_frame0044,poorly
7782,q_25_main_0_30fps_frame0059.png,q_25_main_0_30fps_frame0059,Poorly.
7782,q_25_main_0_30fps_frame0074.png,q_25_main_0_30fps_frame0074,poorly
7782,q_25_main_0_30fps_frame0089.png,q_25_main_0_30fps_frame0089,Poorly.
7782,q_27_main_0_30fps_frame0015.png,q_27_main_0_30fps_frame0015,Poorly.
7782,q_27_main_0_30fps_frame0030.png,q_27_main_0_30fps_frame0030,Poorly.
7782,q_27_main_0_30fps_frame0045.png,q_27_main_0_30fps_frame0045,"Poorly. The human in the image appears to be experiencing a negative reaction, as evidenced by their frowning and furrowed brow. This suggests that the situation they are observing is likely to end poorly."
7782,q_27_main_0_30fps_frame0060.png,q_27_main_0_30fps_frame0060,Poorly.
7782,q_27_main_0_30fps_frame0075.png,q_27_main_0_30fps_frame0075,poorly.
7782,q_27_main_0_30fps_frame0090.png,q_27_main_0_30fps_frame0090,"Poorly. The person in the image appears to be looking at something with a look of shock or horror on their face, which suggests that the situation they are observing is likely to be negative or traumatic."
7782,q_28_main_0_30fps_frame0014.png,q_28_main_0_30fps_frame0014,Poorly.
7782,q_28_main_0_30fps_frame0029.png,q_28_main_0_30fps_frame0029,Poorly.
7782,q_28_main_0_30fps_frame0044.png,q_28_main_0_30fps_frame0044,**Answer:** Poorly
7782,q_28_main_0_30fps_frame0059.png,q_28_main_0_30fps_frame0059,poorly.
7782,q_28_main_0_30fps_frame0074.png,q_28_main_0_30fps_frame0074,Poorly.
7782,q_28_main_0_30fps_frame0089.png,q_28_main_0_30fps_frame0089,Poorly.
7782,q_29_main_0_30fps_frame0014.png,q_29_main_0_30fps_frame0014,**Answer:** Poorly
7782,q_29_main_0_30fps_frame0029.png,q_29_main_0_30fps_frame0029,Poorly.
7782,q_29_main_0_30fps_frame0044.png,q_29_main_0_30fps_frame0044,Poorly.
7782,q_29_main_0_30fps_frame0059.png,q_29_main_0_30fps_frame0059,Poorly.
7782,q_29_main_0_30fps_frame0074.png,q_29_main_0_30fps_frame0074,Well.
7782,q_29_main_0_30fps_frame0089.png,q_29_main_0_30fps_frame0089,poorly
7782,q_30_main_0_30fps_frame0014.png,q_30_main_0_30fps_frame0014,Poorly.
7782,q_30_main_0_30fps_frame0029.png,q_30_main_0_30fps_frame0029,Poorly.
7782,q_30_main_0_30fps_frame0044.png,q_30_main_0_30fps_frame0044,poorly.
7782,q_30_main_0_30fps_frame0059.png,q_30_main_0_30fps_frame0059,Poorly.
7782,q_30_main_0_30fps_frame0074.png,q_30_main_0_30fps_frame0074,poorly.
7782,q_30_main_0_30fps_frame0089.png,q_30_main_0_30fps_frame0089,**Answer:** Poorly
7782,q_3_main_1_30fps_frame0014.png,q_3_main_1_30fps_frame0014,"Poorly. The human in the image appears to be experiencing a negative emotional state, as indicated by their facial expression and body language. This suggests that the situation they are observing may not have a positive outcome."
7782,q_3_main_1_30fps_frame0029.png,q_3_main_1_30fps_frame0029,poorly.
7782,q_3_main_1_30fps_frame0044.png,q_3_main_1_30fps_frame0044,Poorly.
7782,q_3_main_1_30fps_frame0059.png,q_3_main_1_30fps_frame0059,Poorly.
7782,q_3_main_1_30fps_frame0074.png,q_3_main_1_30fps_frame0074,Poorly.
7782,q_3_main_1_30fps_frame0089.png,q_3_main_1_30fps_frame0089,Poorly.
7782,q_5_main_0_30fps_frame0014.png,q_5_main_0_30fps_frame0014,"Poorly. The person in the image appears to be looking at something with a look of shock or horror on their face, which suggests that the situation they are observing is not going well."
7782,q_5_main_0_30fps_frame0029.png,q_5_main_0_30fps_frame0029,"Poorly. The human in the image appears to be looking at something with a look of shock or horror on their face, which suggests that the situation they are observing is likely to end poorly."
7782,q_5_main_0_30fps_frame0044.png,q_5_main_0_30fps_frame0044,Poorly.
7782,q_5_main_0_30fps_frame0059.png,q_5_main_0_30fps_frame0059,poorly.
7782,q_5_main_0_30fps_frame0074.png,q_5_main_0_30fps_frame0074,"Poorly. The person in the image appears to be looking at something with a look of shock or horror on their face, suggesting that the situation they are observing is likely to end poorly."
7782,q_5_main_0_30fps_frame0089.png,q_5_main_0_30fps_frame0089,**Answer:** Well
7782,q_7_main_0_30fps_frame0014.png,q_7_main_0_30fps_frame0014,"Poorly. The human in the image appears to be experiencing a negative emotional state, as indicated by their furrowed brow and downturned mouth. This suggests that the situation they are observing is likely to have a negative outcome."
7782,q_7_main_0_30fps_frame0029.png,q_7_main_0_30fps_frame0029,"Poorly. The human in the image appears to be experiencing a negative emotional state, as indicated by their facial expression and body language. This suggests that the situation they are observing may not have a positive outcome."
7782,q_7_main_0_30fps_frame0044.png,q_7_main_0_30fps_frame0044,poorly.
7782,q_7_main_0_30fps_frame0059.png,q_7_main_0_30fps_frame0059,"Poorly. The person in the image appears to be experiencing a negative emotional state, as indicated by their furrowed brow and pursed lips. This suggests that the situation they are observing may not have a positive outcome."
7782,q_7_main_0_30fps_frame0074.png,q_7_main_0_30fps_frame0074,poorly.
7782,q_7_main_0_30fps_frame0089.png,q_7_main_0_30fps_frame0089,poorly.
7782,q_8_main_0_30fps_frame0014.png,q_8_main_0_30fps_frame0014,**Answer:** Well
7782,q_8_main_0_30fps_frame0029.png,q_8_main_0_30fps_frame0029,Poorly.
7782,q_8_main_0_30fps_frame0044.png,q_8_main_0_30fps_frame0044,poorly.
7782,q_8_main_0_30fps_frame0059.png,q_8_main_0_30fps_frame0059,**Answer:** Well
7782,q_8_main_0_30fps_frame0074.png,q_8_main_0_30fps_frame0074,Poorly.
7782,q_8_main_0_30fps_frame0089.png,q_8_main_0_30fps_frame0089,**Answer:** Well
7797,q_10_main_0_30fps_frame0014.png,q_10_main_0_30fps_frame0014,**Answer:** Poorly
7797,q_10_main_0_30fps_frame0029.png,q_10_main_0_30fps_frame0029,**Answer:** Poorly
7797,q_10_main_0_30fps_frame0044.png,q_10_main_0_30fps_frame0044,**Answer:** Poorly
7797,q_10_main_0_30fps_frame0059.png,q_10_main_0_30fps_frame0059,poorly
7797,q_10_main_0_30fps_frame0074.png,q_10_main_0_30fps_frame0074,Well.
7797,q_10_main_0_30fps_frame0089.png,q_10_main_0_30fps_frame0089,Poorly.
7797,q_11_main_1_30fps_frame0015.png,q_11_main_1_30fps_frame0015,poorly
7797,q_11_main_1_30fps_frame0030.png,q_11_main_1_30fps_frame0030,**Answer:** Poorly
7797,q_11_main_1_30fps_frame0045.png,q_11_main_1_30fps_frame0045,Poorly.
7797,q_11_main_1_30fps_frame0060.png,q_11_main_1_30fps_frame0060,Poorly.
7797,q_11_main_1_30fps_frame0075.png,q_11_main_1_30fps_frame0075,**Answer:** Poorly
7797,q_11_main_1_30fps_frame0090.png,q_11_main_1_30fps_frame0090,"**Answer:** Poorly

**Reasoning:**

* The human's facial expression suggests a negative emotional state, such as fear or anxiety.
* The human's eyes are wide and their mouth is open, indicating a sense of shock or surprise.
* The human's body language is tense, with their arms and legs appearing to be frozen in place.
* The human's overall appearance suggests that they are experiencing a negative emotional response to the situation they are observing."
7797,q_13_main_1_30fps_frame0015.png,q_13_main_1_30fps_frame0015,**Answer:** Poorly
7797,q_13_main_1_30fps_frame0030.png,q_13_main_1_30fps_frame0030,"**Answer:** Poorly

**Reasoning:**

* The human's facial expression suggests concern or worry.
* The human's eyes are wide and their eyebrows are furrowed, indicating a sense of alarm or unease.
* The human's mouth is open, suggesting they are about to speak or react to something.
* The overall tone of the image suggests a sense of tension or crisis.

Given these visual cues, it is likely that the situation observed by the human ends poorly."
7797,q_13_main_1_30fps_frame0045.png,q_13_main_1_30fps_frame0045,poorly.
7797,q_13_main_1_30fps_frame0060.png,q_13_main_1_30fps_frame0060,poorly.
7797,q_13_main_1_30fps_frame0075.png,q_13_main_1_30fps_frame0075,**Answer:** Poorly
7797,q_13_main_1_30fps_frame0090.png,q_13_main_1_30fps_frame0090,**Answer:** Poorly
7797,q_15_main_1_30fps_frame0014.png,q_15_main_1_30fps_frame0014,"**Answer:** Poorly

**Reasoning:**

*   The human in the image appears to be experiencing a negative emotion, such as fear or anxiety.
*   The human's eyes are wide and their mouth is open, indicating a sense of shock or surprise.
*   The human's body language is tense, with their arms and legs frozen in place.
*   The human's face is pale and their skin is clammy, indicating a lack of blood flow to the face.
*   The human's eyes are fixed on something in the distance, indicating that they are focused on something that is causing them to feel this way.

Overall, the human's reaction suggests that the situation they are observing is not going well. The human's body language and facial expressions suggest that they are experiencing a negative emotion, and their focus on something in the distance suggests that they are trying to process what is happening. Therefore, based on the human's reaction, it is likely that the situation ends poorly."
7797,q_15_main_1_30fps_frame0029.png,q_15_main_1_30fps_frame0029,"**Answer:** Poorly

**Reasoning:**

*   The human's facial expression suggests concern or worry.
*   The human's eyes are wide and their eyebrows are furrowed, indicating a sense of alarm or unease.
*   The human's mouth is open, suggesting they are about to speak or react to something.
*   The overall body language suggests that the human is experiencing some kind of stress or anxiety.

Given these observations, it is likely that the situation observed by the human ends poorly."
7797,q_15_main_1_30fps_frame0044.png,q_15_main_1_30fps_frame0044,**Answer:** Poorly
7797,q_15_main_1_30fps_frame0059.png,q_15_main_1_30fps_frame0059,**Answer:** Poorly
7797,q_15_main_1_30fps_frame0074.png,q_15_main_1_30fps_frame0074,"**Answer:** Poorly

**Reasoning:**

* The human's expression is one of shock and horror, indicating that they are experiencing a negative emotion.
* The human's eyes are wide and their mouth is open, suggesting that they are processing something that is unexpected or disturbing.
* The human's body language is frozen, suggesting that they are unable to process or react to the situation.
* The overall atmosphere of the image is one of tension and anxiety, suggesting that the situation is not going well."
7797,q_15_main_1_30fps_frame0089.png,q_15_main_1_30fps_frame0089,"**Answer:** Poorly

**Reasoning:**

* The human's expression is one of concern or alarm, suggesting that something is amiss.
* The dimly lit room and the human's focused gaze on something in the distance suggest that something is happening that requires attention.
* The human's body language, including their raised eyebrows and furrowed brow, suggests that they are experiencing some kind of emotional or physical discomfort.
* The overall atmosphere of the image suggests that something is going wrong or has gone wrong, which is why the human is so focused on it.

Therefore, based on the human's reaction and the context of the image, it is likely that the situation observed by that human ends poorly."
7797,q_16_main_1_30fps_frame0014.png,q_16_main_1_30fps_frame0014,"**Answer:** Poorly

**Reasoning:**

*   The human's facial expression is one of concern or worry, which suggests that the situation is not going well.
*   The human's eyes are cast down, which may indicate that they are feeling down or defeated.
*   The human's mouth is pursed, which may suggest that they are feeling anxious or stressed.

Overall, the human's body language suggests that they are feeling negative emotions, which suggests that the situation is not going well."
7797,q_16_main_1_30fps_frame0029.png,q_16_main_1_30fps_frame0029,"**Answer:** Poorly

**Reasoning:**

*   The human's facial expression suggests concern or worry.
*   The human's eyes are cast downward, indicating a lack of confidence or hope.
*   The human's body language is tense, with their shoulders hunched and their head slightly tilted.
*   The human's overall appearance suggests that they are feeling anxious or uncertain.

**Conclusion:**

Based on the human's reaction, it is likely that the situation observed by that human ends poorly. The human's facial expression, body language, and overall appearance suggest that they are feeling anxious or uncertain, which is often a sign of a negative outcome."
7797,q_16_main_1_30fps_frame0044.png,q_16_main_1_30fps_frame0044,"**Answer:** Well

**Reasoning:**

* The person in the image appears to be in a state of deep relaxation or even sleep, as indicated by their closed eyes and peaceful expression.
* The dimly lit room and lack of external stimuli suggest a private and personal moment.
* The absence of any visible stress or anxiety in the person's facial expression or body language further suggests that the situation is likely to end well. 

Therefore, based on the context and the person's appearance, it is likely that the situation observed by that human ends well."
7797,q_16_main_1_30fps_frame0059.png,q_16_main_1_30fps_frame0059,"**Answer:** Poorly

**Reasoning:**

*   The human's facial expression suggests a negative emotional state, with furrowed eyebrows and a downturned mouth.
*   The human's body language is also tense, with a forward lean and a raised voice.
*   The human's eyes are wide and fixed on something, suggesting a sense of shock or horror.
*   The human's voice is raised, suggesting a sense of urgency or alarm.

**Overall Impression:**

*   The human's reaction suggests that the situation observed by that human is likely to end poorly. The human's negative emotional state, tense body language, and raised voice all suggest that the situation is not going well. The human's wide, fixed eyes suggest that they are experiencing a sense of shock or horror, which is often associated with negative outcomes. Therefore, based on the human's reaction, it is likely that the situation observed by that human ends poorly."
7797,q_16_main_1_30fps_frame0074.png,q_16_main_1_30fps_frame0074,"**Answer:** Poorly

**Reasoning:**

* The human's facial expression suggests a negative emotional state, such as fear or concern.
* The human's eyes are wide and their eyebrows are furrowed, indicating a sense of alarm or unease.
* The human's mouth is open, suggesting they are about to speak or make a sound.
* The human's body language is tense, with their arms and legs appearing to be frozen in place.
* The overall atmosphere of the image suggests a sense of danger or threat, which is likely to lead to a negative outcome."
7797,q_16_main_1_30fps_frame0089.png,q_16_main_1_30fps_frame0089,"**Answer:** Poorly

**Reasoning:**

*   The human's facial expression is one of concern or alarm, suggesting that something is amiss.
*   The human's eyes are wide and their eyebrows are furrowed, indicating that they are experiencing some kind of emotional or physical distress.
*   The human's mouth is open, suggesting that they are about to speak or react to something.
*   The overall tone of the image is one of tension or anxiety, suggesting that the situation is not going well.

Therefore, based on the human's reaction, it is likely that the situation observed by that human ends poorly."
7797,q_17_main_1_30fps_frame0014.png,q_17_main_1_30fps_frame0014,**Answer:** Poorly
7797,q_17_main_1_30fps_frame0029.png,q_17_main_1_30fps_frame0029,**Answer:** Poorly
7797,q_17_main_1_30fps_frame0044.png,q_17_main_1_30fps_frame0044,**Answer:** Poorly
7797,q_17_main_1_30fps_frame0059.png,q_17_main_1_30fps_frame0059,"**Answer:** Poorly

**Reasoning:**

* The human's expression is one of shock and horror, indicating that they are witnessing something traumatic or disturbing.
* The human's eyes are wide and their mouth is open, suggesting that they are experiencing a strong emotional response.
* The human's body language is frozen, indicating that they are unable to process or react to what they are seeing.
* The overall atmosphere of the image is one of fear and panic, suggesting that the situation is not going well."
7797,q_17_main_1_30fps_frame0074.png,q_17_main_1_30fps_frame0074,**Answer:** Poorly
7797,q_17_main_1_30fps_frame0089.png,q_17_main_1_30fps_frame0089,"**Answer:** Well

**Reasoning:**

*   The person in the image appears to be in a state of deep relaxation or even sleep, as indicated by their closed eyes and peaceful expression.
*   The dimly lit room and lack of any apparent external stimuli or stressors suggest a peaceful and quiet environment.
*   The overall atmosphere of the image suggests a sense of calmness and serenity, which is often associated with a positive and well-­­­­­­­­­­­­­­­­­­­­­­­­­­­­­­­"
7797,q_1_main_0_30fps_frame0014.png,q_1_main_0_30fps_frame0014,**Answer:** Poorly
7797,q_1_main_0_30fps_frame0029.png,q_1_main_0_30fps_frame0029,**Answer:** Poorly
7797,q_1_main_0_30fps_frame0044.png,q_1_main_0_30fps_frame0044,"**Answer:** Well

**Reasoning:**

*   The human in the image appears to be in a state of relaxation or contentment, as indicated by their closed eyes and peaceful expression.
*   The dimly lit room and lack of external stimuli suggest that the person is in a private, personal space, which can be a place of comfort and relaxation.
*   The absence of any visible signs of stress or anxiety suggests that the situation is likely to end well."
7797,q_1_main_0_30fps_frame0059.png,q_1_main_0_30fps_frame0059,**Answer:** Poorly
7797,q_1_main_0_30fps_frame0074.png,q_1_main_0_30fps_frame0074,**Answer:** Poorly
7797,q_1_main_0_30fps_frame0089.png,q_1_main_0_30fps_frame0089,"**Answer:** Poorly

**Reasoning:**

*   The human in the image appears to be in a state of distress or concern, as indicated by their facial expression and body language.
*   The dimly lit room and lack of natural light may also contribute to a sense of unease or tension.
*   The overall atmosphere of the image suggests that the situation may not have a positive outcome."
7797,q_24_main_0_30fps_frame0014.png,q_24_main_0_30fps_frame0014,**Answer:** Poorly
7797,q_24_main_0_30fps_frame0029.png,q_24_main_0_30fps_frame0029,**Answer:** Well
7797,q_24_main_0_30fps_frame0044.png,q_24_main_0_30fps_frame0044,"**Answer:** Poorly

**Reasoning:**

*   The human's expression is one of concern or alarm, suggesting that something is amiss.
*   The dimly lit room and the human's focus on something in the distance suggest that something is happening that is not good.
*   The human's body language, such as their posture and facial expression, suggests that they are feeling anxious or threatened.

**Conclusion:**

*   Based on the human's reaction, it is likely that the situation observed by that human ends poorly."
7797,q_24_main_0_30fps_frame0059.png,q_24_main_0_30fps_frame0059,"**Answer:** Poorly

**Reasoning:**

*   The human's facial expression suggests concern or alarm.
*   The person's eyes are wide, and their mouth is open, indicating a sense of surprise or shock.
*   The overall tone of the image suggests that something has gone wrong or is not going as planned.

Given these observations, it is likely that the situation observed by the human ends poorly."
7797,q_24_main_0_30fps_frame0074.png,q_24_main_0_30fps_frame0074,"**Answer:** Well

**Reasoning:**

* The human in the image appears to be in a state of deep relaxation or even sleep, as indicated by their closed eyes and peaceful expression.
* The dimly lit room and lack of any visible stress or tension in the human's body language suggest that they are likely in a state of relaxation or even sleep.
* The overall atmosphere of the image suggests a sense of calmness and serenity, which is likely to be associated with a positive outcome or a good ending. 

Therefore, based on the human's relaxed state and the peaceful atmosphere of the image, it is likely that the situation observed by that human ends well."
7797,q_24_main_0_30fps_frame0089.png,q_24_main_0_30fps_frame0089,**Answer:** Poorly
7797,q_26_main_1_30fps_frame0014.png,q_26_main_1_30fps_frame0014,**Answer:** Well
7797,q_26_main_1_30fps_frame0029.png,q_26_main_1_30fps_frame0029,**Answer:** Well
7797,q_26_main_1_30fps_frame0044.png,q_26_main_1_30fps_frame0044,**Answer:** Well
7797,q_26_main_1_30fps_frame0059.png,q_26_main_1_30fps_frame0059,"**Answer:** Poorly

**Reasoning:**

* The human's expression is one of concern or alarm, suggesting something is amiss.
* The dimly lit room and lack of natural light may indicate an emergency or critical situation.
* The human's focus on something in the distance, rather than looking at the camera, suggests they are preoccupied with something else.
* The overall atmosphere of the image is one of tension or anxiety, which suggests that the situation observed by the human does not end well."
7797,q_26_main_1_30fps_frame0074.png,q_26_main_1_30fps_frame0074,**Answer:** Poorly
7797,q_26_main_1_30fps_frame0089.png,q_26_main_1_30fps_frame0089,**Answer:** Well
7797,q_27_main_1_30fps_frame0015.png,q_27_main_1_30fps_frame0015,"**Answer:** Well

**Reasoning:**

* The human's expression appears to be neutral or slightly positive, rather than negative or concerned.
* The human's eyes are not wide or pupils are not dilated, which can be a sign of fear or stress.
* The human's face is not contorted or distorted, which can be a sign of pain or discomfort.
* The human's body language appears to be relaxed, with no visible signs of tension or anxiety.

Overall, based on the human's expression and body language, it appears that the situation observed by that human ends well."
7797,q_27_main_1_30fps_frame0030.png,q_27_main_1_30fps_frame0030,"**Answer:** Poorly

**Reasoning:**

* The human's expression is one of concern or alarm, suggesting that something is amiss.
* The dimly lit room and the human's focus on something in the distance suggest that something is happening or has happened that is not good.
* The human's body language, including their posture and facial expression, suggests that they are not feeling comfortable or safe.
* The overall atmosphere of the image suggests that something is going wrong or has gone wrong, which is why the human is so concerned.

Therefore, based on the human's reaction and the context of the image, it is likely that the situation observed by that human ends poorly."
7797,q_27_main_1_30fps_frame0045.png,q_27_main_1_30fps_frame0045,"**Answer:** Poorly

**Reasoning:**

* The human's facial expression suggests concern or alarm.
* The dimly lit room and lack of natural light may indicate an emergency or critical situation.
* The human's focus on the screen suggests they are trying to address an issue or problem.
* The overall atmosphere of the image suggests a sense of urgency or crisis.

Given these factors, it is likely that the situation observed by the human ends poorly."
7797,q_27_main_1_30fps_frame0060.png,q_27_main_1_30fps_frame0060,**Answer:** Poorly
7797,q_27_main_1_30fps_frame0075.png,q_27_main_1_30fps_frame0075,"**Answer:** Well

**Reasoning:**

*   The human in the image appears to be in a state of deep relaxation or even sleep, as indicated by their closed eyes and stillness.
*   The dimly lit room and lack of external noise or activity suggest a peaceful and quiet environment.
*   The human's relaxed posture and lack of tension or stressors in the environment suggest that they are likely to be in a state of deep relaxation or even sleep, which is typically associated with good or well-ness.

**Conclusion:**

Based on the observed situation, it is likely that the situation ends well, as the human appears to be in a state of deep relaxation or even sleep, which is typically associated with good or well-ness."
7797,q_27_main_1_30fps_frame0090.png,q_27_main_1_30fps_frame0090,**Answer:** Poorly
7797,q_29_main_0_30fps_frame0014.png,q_29_main_0_30fps_frame0014,**Answer:** Poorly
7797,q_29_main_0_30fps_frame0029.png,q_29_main_0_30fps_frame0029,**Answer:** Poorly
7797,q_29_main_0_30fps_frame0044.png,q_29_main_0_30fps_frame0044,"**Answer:** Poorly

**Reasoning:**

* The human's facial expression is one of concern or alarm, suggesting that something is amiss.
* The human's eyes are wide and their mouth is open, indicating that they are surprised or even frightened.
* The human's body language is tense, with their arms and legs appearing to be frozen in place.
* The overall atmosphere of the image is one of anxiety or panic, suggesting that the situation observed by the human is not going well.

Therefore, based on the human's reaction, it is likely that the situation observed by that human ends poorly."
7797,q_29_main_0_30fps_frame0059.png,q_29_main_0_30fps_frame0059,"**Answer:** Poorly

**Reasoning:**

* The human's expression is one of concern or alarm, suggesting that something is amiss.
* The environment is dimly lit, which may indicate that something is happening in the background that is not immediately apparent.
* The human's gaze is directed away from the camera, which may suggest that they are focusing on something else.
* The overall atmosphere of the image is one of tension or unease, which suggests that the situation may not end well."
7797,q_29_main_0_30fps_frame0074.png,q_29_main_0_30fps_frame0074,"**Answer:** Poorly

**Reasoning:**

*   The human's expression is one of concern or alarm, suggesting that something is amiss.
*   The human's eyes are wide and their brow is furrowed, indicating that they are experiencing some kind of emotional or physical distress.
*   The human's body language is tense and alert, suggesting that they are preparing to respond to a threat or situation.
*   The overall atmosphere of the image is one of tension and anxiety, suggesting that the situation observed by the human is likely to end poorly."
7797,q_29_main_0_30fps_frame0089.png,q_29_main_0_30fps_frame0089,**Answer:** Poorly
7797,q_2_main_1_30fps_frame0014.png,q_2_main_1_30fps_frame0014,"**Answer:** Well

**Reasoning:**

* The human's expression is neutral, neither happy nor sad.
* The human's eyes are focused on something in front of them, suggesting they are engaged and interested.
* The human's body language is relaxed, with no signs of tension or anxiety.
* The overall atmosphere of the image is calm and peaceful, with no signs of conflict or danger.

Based on these observations, it is likely that the situation observed by the human ends well."
7797,q_2_main_1_30fps_frame0029.png,q_2_main_1_30fps_frame0029,**Answer:** Poorly
7797,q_2_main_1_30fps_frame0044.png,q_2_main_1_30fps_frame0044,"**Answer:** Poorly

**Reasoning:**

*   The human's facial expression is one of concern or alarm, suggesting that something is amiss.
*   The human's eyes are wide and their eyebrows are furrowed, indicating that they are surprised or even frightened.
*   The human's mouth is open, suggesting that they are about to speak or react to something.
*   The overall tone of the image is one of tension or anxiety, suggesting that the situation observed by the human is not going well.

Therefore, based on the human's reaction, it is likely that the situation observed by that human ends poorly."
7797,q_2_main_1_30fps_frame0059.png,q_2_main_1_30fps_frame0059,**Answer:** Poorly
7797,q_2_main_1_30fps_frame0074.png,q_2_main_1_30fps_frame0074,"**Answer:** Well

**Reasoning:**

* The human's eyes are closed, which could indicate a state of relaxation or even sleep.
* The lack of facial expressions or body language suggests that the situation is not particularly intense or emotional.
* The overall atmosphere of the image appears to be peaceful and calm, which is often associated with positive outcomes.

Therefore, based on the human's reaction, it is likely that the situation observed by that human ends well."
7797,q_2_main_1_30fps_frame0089.png,q_2_main_1_30fps_frame0089,**Answer:** Well
7797,q_3_main_1_30fps_frame0015.png,q_3_main_1_30fps_frame0015,**Answer:** Poorly
7797,q_3_main_1_30fps_frame0030.png,q_3_main_1_30fps_frame0030,**Answer:** Poorly
7797,q_3_main_1_30fps_frame0045.png,q_3_main_1_30fps_frame0045,**Answer:** Poorly
7797,q_3_main_1_30fps_frame0060.png,q_3_main_1_30fps_frame0060,**Answer:** Poorly
7797,q_3_main_1_30fps_frame0075.png,q_3_main_1_30fps_frame0075,poorly
7797,q_3_main_1_30fps_frame0090.png,q_3_main_1_30fps_frame0090,**Answer:** Poorly
7797,q_6_main_0_30fps_frame0015.png,q_6_main_0_30fps_frame0015,"**Answer:** Poorly

**Reasoning:**

*   The human's facial expression is one of concern or alarm, suggesting that something is amiss.
*   The human's eyes are wide and their mouth is open, indicating that they are experiencing some kind of shock or surprise.
*   The human's body language is also tense, with their arms and legs appearing to be frozen in place.
*   The overall atmosphere of the image is one of tension and anxiety, suggesting that the situation observed by the human is not going well.

**Conclusion:**

Based on the human's reaction, it is likely that the situation observed by that human ends poorly. The human's facial expression, body language, and overall atmosphere of the image all suggest that something is going wrong, and that the situation is not going to end well."
7797,q_6_main_0_30fps_frame0030.png,q_6_main_0_30fps_frame0030,"**Answer:** Well

**Reasoning:**

* The human's expression appears to be one of surprise or wonder, rather than fear or alarm.
* The human's eyes are wide and their mouth is open, suggesting that they are experiencing something new or unexpected.
* The human's body language is relaxed, with their arms and legs not appearing to be in a state of tension or preparation for action.
* The human's environment appears to be safe and familiar, with no visible signs of danger or threat.

Overall, based on the human's expression and body language, it appears that the situation observed by that human ends well."
7797,q_6_main_0_30fps_frame0045.png,q_6_main_0_30fps_frame0045,**Answer:** Poorly
7797,q_6_main_0_30fps_frame0060.png,q_6_main_0_30fps_frame0060,"**Answer:** Poorly

**Reasoning:**

*   The human's facial expression is one of concern or alarm, suggesting that something is amiss.
*   The human's eyes are wide and their mouth is open, indicating a sense of shock or surprise.
*   The human's body language is tense, with their arms and legs frozen in place, suggesting that they are frozen in fear or shock.
*   The human's environment is dark and dimly lit, which could be a sign of a situation that is not going well.

**Conclusion:**

Based on the human's reaction, it is likely that the situation observed by that human ends poorly. The human's facial expression, body language, and environment all suggest that something is going wrong. Therefore, the answer is: **Poorly**."
7797,q_6_main_0_30fps_frame0075.png,q_6_main_0_30fps_frame0075,poorly
7797,q_6_main_0_30fps_frame0090.png,q_6_main_0_30fps_frame0090,Well.
7797,q_7_main_1_30fps_frame0015.png,q_7_main_1_30fps_frame0015,**Answer:** Poorly
7797,q_7_main_1_30fps_frame0030.png,q_7_main_1_30fps_frame0030,**Answer:** Poorly
7797,q_7_main_1_30fps_frame0045.png,q_7_main_1_30fps_frame0045,**Answer:** Well
7797,q_7_main_1_30fps_frame0060.png,q_7_main_1_30fps_frame0060,**Answer:** Well
7797,q_7_main_1_30fps_frame0075.png,q_7_main_1_30fps_frame0075,**Answer:** Well
7797,q_7_main_1_30fps_frame0090.png,q_7_main_1_30fps_frame0090,**Answer:** Well
7797,q_8_main_0_30fps_frame0014.png,q_8_main_0_30fps_frame0014,"**Answer:** Well

**Reasoning:**

* The human's expression is neutral, neither happy nor sad.
* The human's eyes are cast down, but not in a way that suggests they are in pain or suffering.
* The human's body language is relaxed, with no signs of tension or stress.
* The human's environment is dimly lit, but it is not a place that would typically be associated with negative emotions.

Overall, based on the human's expression and body language, it is likely that the situation observed by that human ends well."
7797,q_8_main_0_30fps_frame0029.png,q_8_main_0_30fps_frame0029,**Answer:** Well
7797,q_8_main_0_30fps_frame0044.png,q_8_main_0_30fps_frame0044,**Answer:** Poorly
7797,q_8_main_0_30fps_frame0059.png,q_8_main_0_30fps_frame0059,**Answer:** Poorly
7797,q_8_main_0_30fps_frame0074.png,q_8_main_0_30fps_frame0074,**Answer:** Poorly
7797,q_8_main_0_30fps_frame0089.png,q_8_main_0_30fps_frame0089,**Answer:** Poorly
7797,q_9_main_1_30fps_frame0014.png,q_9_main_1_30fps_frame0014,**Answer:** Well
7797,q_9_main_1_30fps_frame0029.png,q_9_main_1_30fps_frame0029,**Answer:** Poorly
7797,q_9_main_1_30fps_frame0044.png,q_9_main_1_30fps_frame0044,**Answer:** Poorly
7797,q_9_main_1_30fps_frame0059.png,q_9_main_1_30fps_frame0059,"**Answer:** Poorly

**Reasoning:**

* The human's expression is one of concern or alarm, suggesting that something is amiss.
* The dimly lit room and the human's focus on something in the distance (perhaps a screen or a person) suggest that something is happening that requires attention.
* The human's body language (e.g., furrowed brow, raised eyebrows) suggests that they are experiencing some kind of stress or anxiety.
* The overall atmosphere of the image suggests that something is happening that is not going well.

Therefore, based on the human's reaction, it is likely that the situation observed by that human ends poorly."
7797,q_9_main_1_30fps_frame0074.png,q_9_main_1_30fps_frame0074,**Answer:** Poorly
7797,q_9_main_1_30fps_frame0089.png,q_9_main_1_30fps_frame0089,"**Answer:** Poorly

**Reasoning:**

* The human's expression is one of shock and horror, suggesting that they are experiencing a negative or traumatic event.
* The use of the word ""oh"" in their reaction suggests that they are surprised or even shocked by what they are seeing.
* The fact that they are looking directly at something or someone in the image suggests that they are experiencing something that is both visual and potentially emotional.
* The overall tone of the image is one of shock and horror, which suggests that the situation observed by the human ends poorly."
8184,q_10_main_0_30fps_frame0015.png,q_10_main_0_30fps_frame0015,poorly
8184,q_10_main_0_30fps_frame0030.png,q_10_main_0_30fps_frame0030,**Answer:** Poorly
8184,q_10_main_0_30fps_frame0045.png,q_10_main_0_30fps_frame0045,**Answer:** Well
8184,q_10_main_0_30fps_frame0060.png,q_10_main_0_30fps_frame0060,Poorly.
8184,q_10_main_0_30fps_frame0075.png,q_10_main_0_30fps_frame0075,**Answer:** Well
8184,q_10_main_0_30fps_frame0090.png,q_10_main_0_30fps_frame0090,Poorly.
8184,q_11_main_0_30fps_frame0014.png,q_11_main_0_30fps_frame0014,Well.
8184,q_11_main_0_30fps_frame0029.png,q_11_main_0_30fps_frame0029,**Answer:** Well
8184,q_11_main_0_30fps_frame0044.png,q_11_main_0_30fps_frame0044,**Answer:** Well
8184,q_11_main_0_30fps_frame0059.png,q_11_main_0_30fps_frame0059,Well.
8184,q_11_main_0_30fps_frame0074.png,q_11_main_0_30fps_frame0074,Well.
8184,q_11_main_0_30fps_frame0089.png,q_11_main_0_30fps_frame0089,poorly
8184,q_13_main_0_30fps_frame0015.png,q_13_main_0_30fps_frame0015,Well.
8184,q_13_main_0_30fps_frame0030.png,q_13_main_0_30fps_frame0030,Well.
8184,q_13_main_0_30fps_frame0045.png,q_13_main_0_30fps_frame0045,Well.
8184,q_13_main_0_30fps_frame0060.png,q_13_main_0_30fps_frame0060,Well.
8184,q_13_main_0_30fps_frame0075.png,q_13_main_0_30fps_frame0075,Well.
8184,q_13_main_0_30fps_frame0090.png,q_13_main_0_30fps_frame0090,Well.
8184,q_15_main_1_30fps_frame0014.png,q_15_main_1_30fps_frame0014,Poorly.
8184,q_15_main_1_30fps_frame0029.png,q_15_main_1_30fps_frame0029,poorly
8184,q_15_main_1_30fps_frame0044.png,q_15_main_1_30fps_frame0044,Poorly.
8184,q_15_main_1_30fps_frame0059.png,q_15_main_1_30fps_frame0059,poorly
8184,q_15_main_1_30fps_frame0074.png,q_15_main_1_30fps_frame0074,poorly
8184,q_15_main_1_30fps_frame0089.png,q_15_main_1_30fps_frame0089,**Answer:** Poorly
8184,q_16_main_1_30fps_frame0015.png,q_16_main_1_30fps_frame0015,poorly
8184,q_16_main_1_30fps_frame0030.png,q_16_main_1_30fps_frame0030,**Answer:** Poorly
8184,q_16_main_1_30fps_frame0045.png,q_16_main_1_30fps_frame0045,poorly
8184,q_16_main_1_30fps_frame0060.png,q_16_main_1_30fps_frame0060,**Answer:** Well
8184,q_16_main_1_30fps_frame0075.png,q_16_main_1_30fps_frame0075,poorly.
8184,q_16_main_1_30fps_frame0090.png,q_16_main_1_30fps_frame0090,Well.
8184,q_17_main_1_30fps_frame0014.png,q_17_main_1_30fps_frame0014,poorly
8184,q_17_main_1_30fps_frame0029.png,q_17_main_1_30fps_frame0029,poorly
8184,q_17_main_1_30fps_frame0044.png,q_17_main_1_30fps_frame0044,poorly.
8184,q_17_main_1_30fps_frame0059.png,q_17_main_1_30fps_frame0059,poorly
8184,q_17_main_1_30fps_frame0074.png,q_17_main_1_30fps_frame0074,poorly.
8184,q_17_main_1_30fps_frame0089.png,q_17_main_1_30fps_frame0089,poorly
8184,q_18_main_0_30fps_frame0015.png,q_18_main_0_30fps_frame0015,poorly
8184,q_18_main_0_30fps_frame0030.png,q_18_main_0_30fps_frame0030,Poorly.
8184,q_18_main_0_30fps_frame0045.png,q_18_main_0_30fps_frame0045,**Answer:** Poorly
8184,q_18_main_0_30fps_frame0060.png,q_18_main_0_30fps_frame0060,poorly
8184,q_18_main_0_30fps_frame0075.png,q_18_main_0_30fps_frame0075,Well.
8184,q_18_main_0_30fps_frame0090.png,q_18_main_0_30fps_frame0090,**Answer:** Poorly
8184,q_1_main_0_30fps_frame0014.png,q_1_main_0_30fps_frame0014,Poorly.
8184,q_1_main_0_30fps_frame0029.png,q_1_main_0_30fps_frame0029,**Answer:** Poorly
8184,q_1_main_0_30fps_frame0044.png,q_1_main_0_30fps_frame0044,Poorly.
8184,q_1_main_0_30fps_frame0059.png,q_1_main_0_30fps_frame0059,poorly
8184,q_1_main_0_30fps_frame0074.png,q_1_main_0_30fps_frame0074,poorly
8184,q_1_main_0_30fps_frame0089.png,q_1_main_0_30fps_frame0089,Poorly.
8184,q_20_main_0_30fps_frame0014.png,q_20_main_0_30fps_frame0014,**Answer:** Well
8184,q_20_main_0_30fps_frame0029.png,q_20_main_0_30fps_frame0029,Well.
8184,q_20_main_0_30fps_frame0044.png,q_20_main_0_30fps_frame0044,Well.
8184,q_20_main_0_30fps_frame0059.png,q_20_main_0_30fps_frame0059,Well.
8184,q_20_main_0_30fps_frame0074.png,q_20_main_0_30fps_frame0074,**Answer:** Well
8184,q_20_main_0_30fps_frame0089.png,q_20_main_0_30fps_frame0089,poorly
8184,q_21_main_0_30fps_frame0014.png,q_21_main_0_30fps_frame0014,poorly
8184,q_21_main_0_30fps_frame0029.png,q_21_main_0_30fps_frame0029,Poorly.
8184,q_21_main_0_30fps_frame0044.png,q_21_main_0_30fps_frame0044,Poorly.
8184,q_21_main_0_30fps_frame0059.png,q_21_main_0_30fps_frame0059,poorly
8184,q_21_main_0_30fps_frame0074.png,q_21_main_0_30fps_frame0074,poorly
8184,q_21_main_0_30fps_frame0089.png,q_21_main_0_30fps_frame0089,poorly
8184,q_24_main_0_30fps_frame0015.png,q_24_main_0_30fps_frame0015,poorly
8184,q_24_main_0_30fps_frame0030.png,q_24_main_0_30fps_frame0030,Poorly.
8184,q_24_main_0_30fps_frame0045.png,q_24_main_0_30fps_frame0045,poorly
8184,q_24_main_0_30fps_frame0060.png,q_24_main_0_30fps_frame0060,**Answer:** Poorly
8184,q_24_main_0_30fps_frame0075.png,q_24_main_0_30fps_frame0075,poorly
8184,q_24_main_0_30fps_frame0090.png,q_24_main_0_30fps_frame0090,poorly
8184,q_25_main_0_30fps_frame0015.png,q_25_main_0_30fps_frame0015,Well.
8184,q_25_main_0_30fps_frame0030.png,q_25_main_0_30fps_frame0030,poorly.
8184,q_25_main_0_30fps_frame0045.png,q_25_main_0_30fps_frame0045,Well.
8184,q_25_main_0_30fps_frame0060.png,q_25_main_0_30fps_frame0060,Well.
8184,q_25_main_0_30fps_frame0075.png,q_25_main_0_30fps_frame0075,Well.
8184,q_25_main_0_30fps_frame0090.png,q_25_main_0_30fps_frame0090,Well.
8184,q_26_main_0_30fps_frame0015.png,q_26_main_0_30fps_frame0015,poorly
8184,q_26_main_0_30fps_frame0030.png,q_26_main_0_30fps_frame0030,poorly
8184,q_26_main_0_30fps_frame0045.png,q_26_main_0_30fps_frame0045,**Answer:** Poorly
8184,q_26_main_0_30fps_frame0060.png,q_26_main_0_30fps_frame0060,poorly
8184,q_26_main_0_30fps_frame0075.png,q_26_main_0_30fps_frame0075,poorly
8184,q_26_main_0_30fps_frame0090.png,q_26_main_0_30fps_frame0090,Poorly.
8184,q_27_main_0_30fps_frame0014.png,q_27_main_0_30fps_frame0014,**Answer:** Well
8184,q_27_main_0_30fps_frame0029.png,q_27_main_0_30fps_frame0029,poorly
8184,q_27_main_0_30fps_frame0044.png,q_27_main_0_30fps_frame0044,poorly
8184,q_27_main_0_30fps_frame0059.png,q_27_main_0_30fps_frame0059,poorly
8184,q_27_main_0_30fps_frame0074.png,q_27_main_0_30fps_frame0074,Well.
8184,q_27_main_0_30fps_frame0089.png,q_27_main_0_30fps_frame0089,**Answer:** Poorly
8184,q_30_main_0_30fps_frame0014.png,q_30_main_0_30fps_frame0014,poorly
8184,q_30_main_0_30fps_frame0029.png,q_30_main_0_30fps_frame0029,Well.
8184,q_30_main_0_30fps_frame0044.png,q_30_main_0_30fps_frame0044,poorly
8184,q_30_main_0_30fps_frame0059.png,q_30_main_0_30fps_frame0059,poorly
8184,q_30_main_0_30fps_frame0074.png,q_30_main_0_30fps_frame0074,poorly
8184,q_30_main_0_30fps_frame0089.png,q_30_main_0_30fps_frame0089,poorly
8184,q_3_main_1_30fps_frame0015.png,q_3_main_1_30fps_frame0015,**Answer:** Poorly
8184,q_3_main_1_30fps_frame0030.png,q_3_main_1_30fps_frame0030,Well.
8184,q_3_main_1_30fps_frame0045.png,q_3_main_1_30fps_frame0045,Poorly.
8184,q_3_main_1_30fps_frame0060.png,q_3_main_1_30fps_frame0060,poorly
8184,q_3_main_1_30fps_frame0075.png,q_3_main_1_30fps_frame0075,poorly
8184,q_3_main_1_30fps_frame0090.png,q_3_main_1_30fps_frame0090,Well.
8184,q_4_main_1_30fps_frame0015.png,q_4_main_1_30fps_frame0015,poorly
8184,q_4_main_1_30fps_frame0030.png,q_4_main_1_30fps_frame0030,Poorly.
8184,q_4_main_1_30fps_frame0045.png,q_4_main_1_30fps_frame0045,Well.
8184,q_4_main_1_30fps_frame0060.png,q_4_main_1_30fps_frame0060,**Answer:** Well
8184,q_4_main_1_30fps_frame0075.png,q_4_main_1_30fps_frame0075,poorly
8184,q_4_main_1_30fps_frame0090.png,q_4_main_1_30fps_frame0090,Poorly.
8184,q_5_main_0_30fps_frame0015.png,q_5_main_0_30fps_frame0015,Well.
8184,q_5_main_0_30fps_frame0030.png,q_5_main_0_30fps_frame0030,**Answer:** Poorly
8184,q_5_main_0_30fps_frame0045.png,q_5_main_0_30fps_frame0045,Well.
8184,q_5_main_0_30fps_frame0060.png,q_5_main_0_30fps_frame0060,Well.
8184,q_5_main_0_30fps_frame0075.png,q_5_main_0_30fps_frame0075,Well.
8184,q_5_main_0_30fps_frame0090.png,q_5_main_0_30fps_frame0090,Well.
8184,q_6_main_1_30fps_frame0015.png,q_6_main_1_30fps_frame0015,**Answer:** Well
8184,q_6_main_1_30fps_frame0030.png,q_6_main_1_30fps_frame0030,**Answer:** Poorly
8184,q_6_main_1_30fps_frame0045.png,q_6_main_1_30fps_frame0045,Poorly.
8184,q_6_main_1_30fps_frame0060.png,q_6_main_1_30fps_frame0060,poorly
8184,q_6_main_1_30fps_frame0075.png,q_6_main_1_30fps_frame0075,**Answer:** Well
8184,q_6_main_1_30fps_frame0090.png,q_6_main_1_30fps_frame0090,poorly
8184,q_7_main_1_30fps_frame0015.png,q_7_main_1_30fps_frame0015,Well.
8184,q_7_main_1_30fps_frame0030.png,q_7_main_1_30fps_frame0030,poorly
8184,q_7_main_1_30fps_frame0045.png,q_7_main_1_30fps_frame0045,Poorly.
8184,q_7_main_1_30fps_frame0060.png,q_7_main_1_30fps_frame0060,poorly
8184,q_7_main_1_30fps_frame0075.png,q_7_main_1_30fps_frame0075,poorly
8184,q_7_main_1_30fps_frame0090.png,q_7_main_1_30fps_frame0090,Poorly.
8184,q_8_main_0_30fps_frame0015.png,q_8_main_0_30fps_frame0015,poorly
8184,q_8_main_0_30fps_frame0030.png,q_8_main_0_30fps_frame0030,poorly
8184,q_8_main_0_30fps_frame0045.png,q_8_main_0_30fps_frame0045,poorly
8184,q_8_main_0_30fps_frame0060.png,q_8_main_0_30fps_frame0060,Poorly.
8184,q_8_main_0_30fps_frame0075.png,q_8_main_0_30fps_frame0075,Poorly.
8184,q_8_main_0_30fps_frame0090.png,q_8_main_0_30fps_frame0090,**Answer:** Poorly
8184,q_9_main_1_30fps_frame0014.png,q_9_main_1_30fps_frame0014,Well.
8184,q_9_main_1_30fps_frame0029.png,q_9_main_1_30fps_frame0029,poorly
8184,q_9_main_1_30fps_frame0044.png,q_9_main_1_30fps_frame0044,Well.
8184,q_9_main_1_30fps_frame0059.png,q_9_main_1_30fps_frame0059,poorly
8184,q_9_main_1_30fps_frame0074.png,q_9_main_1_30fps_frame0074,poorly.
8184,q_9_main_1_30fps_frame0089.png,q_9_main_1_30fps_frame0089,poorly
8436,q_13_main_1_30fps_frame0015.png,q_13_main_1_30fps_frame0015,**Answer:** Well
8436,q_13_main_1_30fps_frame0030.png,q_13_main_1_30fps_frame0030,**Answer:** Well
8436,q_13_main_1_30fps_frame0045.png,q_13_main_1_30fps_frame0045,**Answer:** Well
8436,q_13_main_1_30fps_frame0060.png,q_13_main_1_30fps_frame0060,**Answer:** Well
8436,q_13_main_1_30fps_frame0075.png,q_13_main_1_30fps_frame0075,Well.
8436,q_13_main_1_30fps_frame0090.png,q_13_main_1_30fps_frame0090,Well.
8436,q_14_main_0_30fps_frame0014.png,q_14_main_0_30fps_frame0014,Well.
8436,q_14_main_0_30fps_frame0029.png,q_14_main_0_30fps_frame0029,Well.
8436,q_14_main_0_30fps_frame0044.png,q_14_main_0_30fps_frame0044,Well.
8436,q_14_main_0_30fps_frame0059.png,q_14_main_0_30fps_frame0059,Well.
8436,q_14_main_0_30fps_frame0074.png,q_14_main_0_30fps_frame0074,Well.
8436,q_14_main_0_30fps_frame0089.png,q_14_main_0_30fps_frame0089,Well.
8436,q_16_main_1_30fps_frame0015.png,q_16_main_1_30fps_frame0015,Well.
8436,q_16_main_1_30fps_frame0030.png,q_16_main_1_30fps_frame0030,Well.
8436,q_16_main_1_30fps_frame0045.png,q_16_main_1_30fps_frame0045,Well.
8436,q_16_main_1_30fps_frame0060.png,q_16_main_1_30fps_frame0060,Well.
8436,q_16_main_1_30fps_frame0075.png,q_16_main_1_30fps_frame0075,Well.
8436,q_16_main_1_30fps_frame0090.png,q_16_main_1_30fps_frame0090,Well.
8436,q_18_main_0_30fps_frame0015.png,q_18_main_0_30fps_frame0015,**Answer:** Well
8436,q_18_main_0_30fps_frame0030.png,q_18_main_0_30fps_frame0030,Well.
8436,q_18_main_0_30fps_frame0045.png,q_18_main_0_30fps_frame0045,Well.
8436,q_18_main_0_30fps_frame0060.png,q_18_main_0_30fps_frame0060,Well.
8436,q_18_main_0_30fps_frame0075.png,q_18_main_0_30fps_frame0075,Well.
8436,q_18_main_0_30fps_frame0090.png,q_18_main_0_30fps_frame0090,Well.
8436,q_19_main_0_30fps_frame0015.png,q_19_main_0_30fps_frame0015,Well.
8436,q_19_main_0_30fps_frame0030.png,q_19_main_0_30fps_frame0030,Well.
8436,q_19_main_0_30fps_frame0045.png,q_19_main_0_30fps_frame0045,Well.
8436,q_19_main_0_30fps_frame0060.png,q_19_main_0_30fps_frame0060,**Answer:** Well
8436,q_19_main_0_30fps_frame0075.png,q_19_main_0_30fps_frame0075,**Answer:** Well
8436,q_19_main_0_30fps_frame0090.png,q_19_main_0_30fps_frame0090,Well.
8436,q_1_main_0_30fps_frame0014.png,q_1_main_0_30fps_frame0014,Well.
8436,q_1_main_0_30fps_frame0029.png,q_1_main_0_30fps_frame0029,**Answer:** Well
8436,q_1_main_0_30fps_frame0044.png,q_1_main_0_30fps_frame0044,**Answer:** Well
8436,q_1_main_0_30fps_frame0059.png,q_1_main_0_30fps_frame0059,Well.
8436,q_1_main_0_30fps_frame0074.png,q_1_main_0_30fps_frame0074,Well.
8436,q_1_main_0_30fps_frame0089.png,q_1_main_0_30fps_frame0089,Well.
8436,q_21_main_1_30fps_frame0015.png,q_21_main_1_30fps_frame0015,Well.
8436,q_21_main_1_30fps_frame0030.png,q_21_main_1_30fps_frame0030,Well.
8436,q_21_main_1_30fps_frame0045.png,q_21_main_1_30fps_frame0045,Well.
8436,q_21_main_1_30fps_frame0060.png,q_21_main_1_30fps_frame0060,Well.
8436,q_21_main_1_30fps_frame0075.png,q_21_main_1_30fps_frame0075,Well.
8436,q_21_main_1_30fps_frame0090.png,q_21_main_1_30fps_frame0090,Well.
8436,q_22_main_0_30fps_frame0014.png,q_22_main_0_30fps_frame0014,Well.
8436,q_22_main_0_30fps_frame0029.png,q_22_main_0_30fps_frame0029,Well.
8436,q_22_main_0_30fps_frame0044.png,q_22_main_0_30fps_frame0044,Well.
8436,q_22_main_0_30fps_frame0059.png,q_22_main_0_30fps_frame0059,Well.
8436,q_22_main_0_30fps_frame0074.png,q_22_main_0_30fps_frame0074,Well.
8436,q_22_main_0_30fps_frame0089.png,q_22_main_0_30fps_frame0089,Well.
8436,q_23_main_1_30fps_frame0015.png,q_23_main_1_30fps_frame0015,Well.
8436,q_23_main_1_30fps_frame0030.png,q_23_main_1_30fps_frame0030,Well.
8436,q_23_main_1_30fps_frame0045.png,q_23_main_1_30fps_frame0045,Well.
8436,q_23_main_1_30fps_frame0060.png,q_23_main_1_30fps_frame0060,Well.
8436,q_23_main_1_30fps_frame0075.png,q_23_main_1_30fps_frame0075,Well.
8436,q_23_main_1_30fps_frame0090.png,q_23_main_1_30fps_frame0090,Well.
8436,q_25_main_0_30fps_frame0015.png,q_25_main_0_30fps_frame0015,Well.
8436,q_25_main_0_30fps_frame0030.png,q_25_main_0_30fps_frame0030,Well.
8436,q_25_main_0_30fps_frame0045.png,q_25_main_0_30fps_frame0045,Well.
8436,q_25_main_0_30fps_frame0060.png,q_25_main_0_30fps_frame0060,Well.
8436,q_25_main_0_30fps_frame0075.png,q_25_main_0_30fps_frame0075,Well.
8436,q_25_main_0_30fps_frame0090.png,q_25_main_0_30fps_frame0090,Well.
8436,q_26_main_0_30fps_frame0015.png,q_26_main_0_30fps_frame0015,Well.
8436,q_26_main_0_30fps_frame0030.png,q_26_main_0_30fps_frame0030,Well.
8436,q_26_main_0_30fps_frame0045.png,q_26_main_0_30fps_frame0045,Well.
8436,q_26_main_0_30fps_frame0060.png,q_26_main_0_30fps_frame0060,Well.
8436,q_26_main_0_30fps_frame0075.png,q_26_main_0_30fps_frame0075,Well.
8436,q_26_main_0_30fps_frame0090.png,q_26_main_0_30fps_frame0090,Well.
8436,q_28_main_0_30fps_frame0014.png,q_28_main_0_30fps_frame0014,Well.
8436,q_28_main_0_30fps_frame0029.png,q_28_main_0_30fps_frame0029,Well.
8436,q_28_main_0_30fps_frame0044.png,q_28_main_0_30fps_frame0044,Well.
8436,q_28_main_0_30fps_frame0059.png,q_28_main_0_30fps_frame0059,Well.
8436,q_28_main_0_30fps_frame0074.png,q_28_main_0_30fps_frame0074,**Answer:** Well
8436,q_28_main_0_30fps_frame0089.png,q_28_main_0_30fps_frame0089,Well.
8436,q_2_main_1_30fps_frame0015.png,q_2_main_1_30fps_frame0015,Well.
8436,q_2_main_1_30fps_frame0030.png,q_2_main_1_30fps_frame0030,Well.
8436,q_2_main_1_30fps_frame0045.png,q_2_main_1_30fps_frame0045,Well.
8436,q_2_main_1_30fps_frame0060.png,q_2_main_1_30fps_frame0060,Well.
8436,q_2_main_1_30fps_frame0075.png,q_2_main_1_30fps_frame0075,Well.
8436,q_2_main_1_30fps_frame0090.png,q_2_main_1_30fps_frame0090,Well.
8436,q_30_main_1_30fps_frame0014.png,q_30_main_1_30fps_frame0014,Well.
8436,q_30_main_1_30fps_frame0029.png,q_30_main_1_30fps_frame0029,Well.
8436,q_30_main_1_30fps_frame0044.png,q_30_main_1_30fps_frame0044,Well.
8436,q_30_main_1_30fps_frame0059.png,q_30_main_1_30fps_frame0059,Well.
8436,q_30_main_1_30fps_frame0074.png,q_30_main_1_30fps_frame0074,Well.
8436,q_30_main_1_30fps_frame0089.png,q_30_main_1_30fps_frame0089,Well.
8436,q_3_main_1_30fps_frame0015.png,q_3_main_1_30fps_frame0015,Well.
8436,q_3_main_1_30fps_frame0030.png,q_3_main_1_30fps_frame0030,Well.
8436,q_3_main_1_30fps_frame0045.png,q_3_main_1_30fps_frame0045,Well.
8436,q_3_main_1_30fps_frame0060.png,q_3_main_1_30fps_frame0060,Well.
8436,q_3_main_1_30fps_frame0075.png,q_3_main_1_30fps_frame0075,Well.
8436,q_3_main_1_30fps_frame0090.png,q_3_main_1_30fps_frame0090,Well.
8436,q_6_main_0_30fps_frame0015.png,q_6_main_0_30fps_frame0015,Well.
8436,q_6_main_0_30fps_frame0030.png,q_6_main_0_30fps_frame0030,Well.
8436,q_6_main_0_30fps_frame0045.png,q_6_main_0_30fps_frame0045,Well.
8436,q_6_main_0_30fps_frame0060.png,q_6_main_0_30fps_frame0060,Well.
8436,q_6_main_0_30fps_frame0075.png,q_6_main_0_30fps_frame0075,Well.
8436,q_6_main_0_30fps_frame0090.png,q_6_main_0_30fps_frame0090,Well.
8436,q_7_main_1_30fps_frame0015.png,q_7_main_1_30fps_frame0015,Well.
8436,q_7_main_1_30fps_frame0030.png,q_7_main_1_30fps_frame0030,Well.
8436,q_7_main_1_30fps_frame0045.png,q_7_main_1_30fps_frame0045,Well.
8436,q_7_main_1_30fps_frame0060.png,q_7_main_1_30fps_frame0060,Well.
8436,q_7_main_1_30fps_frame0075.png,q_7_main_1_30fps_frame0075,Well.
8436,q_7_main_1_30fps_frame0090.png,q_7_main_1_30fps_frame0090,Well.
8436,q_8_main_1_30fps_frame0014.png,q_8_main_1_30fps_frame0014,Well.
8436,q_8_main_1_30fps_frame0029.png,q_8_main_1_30fps_frame0029,Well.
8436,q_8_main_1_30fps_frame0044.png,q_8_main_1_30fps_frame0044,Well.
8436,q_8_main_1_30fps_frame0059.png,q_8_main_1_30fps_frame0059,Well.
8436,q_8_main_1_30fps_frame0074.png,q_8_main_1_30fps_frame0074,Well.
8436,q_8_main_1_30fps_frame0089.png,q_8_main_1_30fps_frame0089,Well.
8436,q_9_main_1_30fps_frame0014.png,q_9_main_1_30fps_frame0014,Well.
8436,q_9_main_1_30fps_frame0029.png,q_9_main_1_30fps_frame0029,Well.
8436,q_9_main_1_30fps_frame0044.png,q_9_main_1_30fps_frame0044,Well.
8436,q_9_main_1_30fps_frame0059.png,q_9_main_1_30fps_frame0059,Well.
8436,q_9_main_1_30fps_frame0074.png,q_9_main_1_30fps_frame0074,Well.
8436,q_9_main_1_30fps_frame0089.png,q_9_main_1_30fps_frame0089,Well.
8436,q_warmup_3_main_1_30fps_frame0015.png,q_warmup_3_main_1_30fps_frame0015,Well.
8436,q_warmup_3_main_1_30fps_frame0030.png,q_warmup_3_main_1_30fps_frame0030,Well.
8436,q_warmup_3_main_1_30fps_frame0045.png,q_warmup_3_main_1_30fps_frame0045,Well.
8436,q_warmup_3_main_1_30fps_frame0060.png,q_warmup_3_main_1_30fps_frame0060,Well.
8436,q_warmup_3_main_1_30fps_frame0075.png,q_warmup_3_main_1_30fps_frame0075,Well.
8436,q_warmup_3_main_1_30fps_frame0090.png,q_warmup_3_main_1_30fps_frame0090,Well.
8436,q_warmup_4_main_0_30fps_frame0015.png,q_warmup_4_main_0_30fps_frame0015,**Answer:** Poorly
8436,q_warmup_4_main_0_30fps_frame0030.png,q_warmup_4_main_0_30fps_frame0030,Poorly.
8436,q_warmup_4_main_0_30fps_frame0045.png,q_warmup_4_main_0_30fps_frame0045,Well.
8436,q_warmup_4_main_0_30fps_frame0060.png,q_warmup_4_main_0_30fps_frame0060,Well.
8436,q_warmup_4_main_0_30fps_frame0075.png,q_warmup_4_main_0_30fps_frame0075,I don’t have enough information to answer this question. Can you provide more context or clarify the situation?
8436,q_warmup_4_main_0_30fps_frame0090.png,q_warmup_4_main_0_30fps_frame0090,Well.
8758,q_13_main_1_30fps_frame0015.png,q_13_main_1_30fps_frame0015,poorly
8758,q_13_main_1_30fps_frame0030.png,q_13_main_1_30fps_frame0030,Poorly.
8758,q_13_main_1_30fps_frame0045.png,q_13_main_1_30fps_frame0045,Poorly.
8758,q_13_main_1_30fps_frame0060.png,q_13_main_1_30fps_frame0060,**Answer:** Poorly
8758,q_13_main_1_30fps_frame0075.png,q_13_main_1_30fps_frame0075,**Answer:** Well
8758,q_13_main_1_30fps_frame0090.png,q_13_main_1_30fps_frame0090,**Answer:** Poorly
8758,q_14_main_0_30fps_frame0014.png,q_14_main_0_30fps_frame0014,**Answer:** Poorly
8758,q_14_main_0_30fps_frame0029.png,q_14_main_0_30fps_frame0029,**Answer:** Poorly
8758,q_14_main_0_30fps_frame0044.png,q_14_main_0_30fps_frame0044,**Answer:** Poorly
8758,q_14_main_0_30fps_frame0059.png,q_14_main_0_30fps_frame0059,**Answer:** Poorly
8758,q_14_main_0_30fps_frame0074.png,q_14_main_0_30fps_frame0074,**Answer:** Well
8758,q_14_main_0_30fps_frame0089.png,q_14_main_0_30fps_frame0089,**Answer:** Poorly
8758,q_15_main_1_30fps_frame0014.png,q_15_main_1_30fps_frame0014,**Answer:** Poorly
8758,q_15_main_1_30fps_frame0029.png,q_15_main_1_30fps_frame0029,Poorly.
8758,q_15_main_1_30fps_frame0044.png,q_15_main_1_30fps_frame0044,Well.
8758,q_15_main_1_30fps_frame0059.png,q_15_main_1_30fps_frame0059,Well.
8758,q_15_main_1_30fps_frame0074.png,q_15_main_1_30fps_frame0074,Well.
8758,q_15_main_1_30fps_frame0089.png,q_15_main_1_30fps_frame0089,Well.
8758,q_16_main_1_30fps_frame0014.png,q_16_main_1_30fps_frame0014,Poorly.
8758,q_16_main_1_30fps_frame0029.png,q_16_main_1_30fps_frame0029,**Answer:** Well
8758,q_16_main_1_30fps_frame0044.png,q_16_main_1_30fps_frame0044,Poorly.
8758,q_16_main_1_30fps_frame0059.png,q_16_main_1_30fps_frame0059,**Answer:** Well
8758,q_16_main_1_30fps_frame0074.png,q_16_main_1_30fps_frame0074,poorly
8758,q_16_main_1_30fps_frame0089.png,q_16_main_1_30fps_frame0089,**Answer:** Well
8758,q_17_main_1_30fps_frame0014.png,q_17_main_1_30fps_frame0014,**Answer:** Poorly
8758,q_17_main_1_30fps_frame0029.png,q_17_main_1_30fps_frame0029,poorly
8758,q_17_main_1_30fps_frame0044.png,q_17_main_1_30fps_frame0044,poorly
8758,q_17_main_1_30fps_frame0059.png,q_17_main_1_30fps_frame0059,**Answer:** Poorly
8758,q_17_main_1_30fps_frame0074.png,q_17_main_1_30fps_frame0074,**Answer:** Poorly
8758,q_17_main_1_30fps_frame0089.png,q_17_main_1_30fps_frame0089,**Answer:** Poorly
8758,q_18_main_1_30fps_frame0015.png,q_18_main_1_30fps_frame0015,**Answer:** Poorly
8758,q_18_main_1_30fps_frame0030.png,q_18_main_1_30fps_frame0030,**Answer:** Poorly
8758,q_18_main_1_30fps_frame0045.png,q_18_main_1_30fps_frame0045,Poorly.
8758,q_18_main_1_30fps_frame0060.png,q_18_main_1_30fps_frame0060,Poorly.
8758,q_18_main_1_30fps_frame0075.png,q_18_main_1_30fps_frame0075,Poorly.
8758,q_18_main_1_30fps_frame0090.png,q_18_main_1_30fps_frame0090,Poorly.
8758,q_19_main_1_30fps_frame0013.png,q_19_main_1_30fps_frame0013,Poorly.
8758,q_19_main_1_30fps_frame0028.png,q_19_main_1_30fps_frame0028,**Answer:** Well
8758,q_19_main_1_30fps_frame0043.png,q_19_main_1_30fps_frame0043,**Answer:** Poorly
8758,q_19_main_1_30fps_frame0058.png,q_19_main_1_30fps_frame0058,**Answer:** Well
8758,q_19_main_1_30fps_frame0073.png,q_19_main_1_30fps_frame0073,Well.
8758,q_19_main_1_30fps_frame0088.png,q_19_main_1_30fps_frame0088,**Answer:** Well
8758,q_1_main_1_30fps_frame0015.png,q_1_main_1_30fps_frame0015,Poorly.
8758,q_1_main_1_30fps_frame0030.png,q_1_main_1_30fps_frame0030,**Answer:** Poorly
8758,q_1_main_1_30fps_frame0045.png,q_1_main_1_30fps_frame0045,poorly
8758,q_1_main_1_30fps_frame0060.png,q_1_main_1_30fps_frame0060,**Answer:** Poorly
8758,q_1_main_1_30fps_frame0075.png,q_1_main_1_30fps_frame0075,**Answer:** Poorly
8758,q_1_main_1_30fps_frame0090.png,q_1_main_1_30fps_frame0090,**Answer:** Well
8758,q_20_main_0_30fps_frame0013.png,q_20_main_0_30fps_frame0013,Poorly.
8758,q_20_main_0_30fps_frame0028.png,q_20_main_0_30fps_frame0028,Poorly.
8758,q_20_main_0_30fps_frame0043.png,q_20_main_0_30fps_frame0043,**Answer:** Poorly
8758,q_20_main_0_30fps_frame0058.png,q_20_main_0_30fps_frame0058,**Answer:** Well
8758,q_20_main_0_30fps_frame0073.png,q_20_main_0_30fps_frame0073,Poorly.
8758,q_20_main_0_30fps_frame0088.png,q_20_main_0_30fps_frame0088,Poorly.
8758,q_21_main_1_30fps_frame0015.png,q_21_main_1_30fps_frame0015,poorly
8758,q_21_main_1_30fps_frame0030.png,q_21_main_1_30fps_frame0030,Poorly.
8758,q_21_main_1_30fps_frame0045.png,q_21_main_1_30fps_frame0045,**Answer:** Poorly
8758,q_21_main_1_30fps_frame0060.png,q_21_main_1_30fps_frame0060,Poorly.
8758,q_21_main_1_30fps_frame0075.png,q_21_main_1_30fps_frame0075,**Answer:** Poorly
8758,q_21_main_1_30fps_frame0090.png,q_21_main_1_30fps_frame0090,**Answer:** Poorly
8758,q_22_main_1_30fps_frame0014.png,q_22_main_1_30fps_frame0014,Well.
8758,q_22_main_1_30fps_frame0029.png,q_22_main_1_30fps_frame0029,**Answer:** Well
8758,q_22_main_1_30fps_frame0044.png,q_22_main_1_30fps_frame0044,Well.
8758,q_22_main_1_30fps_frame0059.png,q_22_main_1_30fps_frame0059,Well.
8758,q_22_main_1_30fps_frame0074.png,q_22_main_1_30fps_frame0074,**Answer:** Poorly
8758,q_22_main_1_30fps_frame0089.png,q_22_main_1_30fps_frame0089,Poorly.
8758,q_23_main_0_30fps_frame0014.png,q_23_main_0_30fps_frame0014,Poorly.
8758,q_23_main_0_30fps_frame0029.png,q_23_main_0_30fps_frame0029,**Answer:** Poorly
8758,q_23_main_0_30fps_frame0044.png,q_23_main_0_30fps_frame0044,**Answer:** Poorly
8758,q_23_main_0_30fps_frame0059.png,q_23_main_0_30fps_frame0059,Poorly.
8758,q_23_main_0_30fps_frame0074.png,q_23_main_0_30fps_frame0074,Poorly.
8758,q_23_main_0_30fps_frame0089.png,q_23_main_0_30fps_frame0089,Poorly.
8758,q_26_main_0_30fps_frame0014.png,q_26_main_0_30fps_frame0014,**Answer:** Well
8758,q_26_main_0_30fps_frame0029.png,q_26_main_0_30fps_frame0029,**Answer:** Well
8758,q_26_main_0_30fps_frame0044.png,q_26_main_0_30fps_frame0044,Poorly.
8758,q_26_main_0_30fps_frame0059.png,q_26_main_0_30fps_frame0059,**Answer:** Well
8758,q_26_main_0_30fps_frame0074.png,q_26_main_0_30fps_frame0074,Well.
8758,q_26_main_0_30fps_frame0089.png,q_26_main_0_30fps_frame0089,**Answer:** Well
8758,q_28_main_0_30fps_frame0015.png,q_28_main_0_30fps_frame0015,**Answer:** Poorly
8758,q_28_main_0_30fps_frame0030.png,q_28_main_0_30fps_frame0030,Poorly.
8758,q_28_main_0_30fps_frame0045.png,q_28_main_0_30fps_frame0045,Poorly.
8758,q_28_main_0_30fps_frame0060.png,q_28_main_0_30fps_frame0060,**Answer:** Well
8758,q_28_main_0_30fps_frame0075.png,q_28_main_0_30fps_frame0075,Poorly.
8758,q_28_main_0_30fps_frame0090.png,q_28_main_0_30fps_frame0090,**Answer:** Poorly
8758,q_2_main_1_30fps_frame0013.png,q_2_main_1_30fps_frame0013,**Answer:** Poorly
8758,q_2_main_1_30fps_frame0028.png,q_2_main_1_30fps_frame0028,**Answer:** Poorly
8758,q_2_main_1_30fps_frame0043.png,q_2_main_1_30fps_frame0043,**Answer:** Poorly
8758,q_2_main_1_30fps_frame0058.png,q_2_main_1_30fps_frame0058,**Answer:** Well
8758,q_2_main_1_30fps_frame0073.png,q_2_main_1_30fps_frame0073,Poorly.
8758,q_2_main_1_30fps_frame0088.png,q_2_main_1_30fps_frame0088,**Answer:** Well
8758,q_30_main_0_30fps_frame0015.png,q_30_main_0_30fps_frame0015,**Answer:** Poorly
8758,q_30_main_0_30fps_frame0030.png,q_30_main_0_30fps_frame0030,**Answer:** Well
8758,q_30_main_0_30fps_frame0045.png,q_30_main_0_30fps_frame0045,**Answer:** Poorly
8758,q_30_main_0_30fps_frame0060.png,q_30_main_0_30fps_frame0060,Well.
8758,q_30_main_0_30fps_frame0075.png,q_30_main_0_30fps_frame0075,**Answer:** Well
8758,q_30_main_0_30fps_frame0090.png,q_30_main_0_30fps_frame0090,**Answer:** Poorly
8758,q_4_main_0_30fps_frame0014.png,q_4_main_0_30fps_frame0014,Well.
8758,q_4_main_0_30fps_frame0029.png,q_4_main_0_30fps_frame0029,Well.
8758,q_4_main_0_30fps_frame0044.png,q_4_main_0_30fps_frame0044,Well.
8758,q_4_main_0_30fps_frame0059.png,q_4_main_0_30fps_frame0059,Well.
8758,q_4_main_0_30fps_frame0074.png,q_4_main_0_30fps_frame0074,Well.
8758,q_4_main_0_30fps_frame0089.png,q_4_main_0_30fps_frame0089,Well.
8758,q_warmup_4_main_0_30fps_frame0015.png,q_warmup_4_main_0_30fps_frame0015,Poorly.
8758,q_warmup_4_main_0_30fps_frame0030.png,q_warmup_4_main_0_30fps_frame0030,poorly
8758,q_warmup_4_main_0_30fps_frame0045.png,q_warmup_4_main_0_30fps_frame0045,**Answer:** Poorly
8758,q_warmup_4_main_0_30fps_frame0060.png,q_warmup_4_main_0_30fps_frame0060,**Answer:** Poorly
8758,q_warmup_4_main_0_30fps_frame0075.png,q_warmup_4_main_0_30fps_frame0075,Poorly.
8758,q_warmup_4_main_0_30fps_frame0090.png,q_warmup_4_main_0_30fps_frame0090,Poorly.
8786,q_12_main_1_30fps_frame0014.png,q_12_main_1_30fps_frame0014,**Answer:** Well
8786,q_12_main_1_30fps_frame0029.png,q_12_main_1_30fps_frame0029,Poorly.
8786,q_12_main_1_30fps_frame0044.png,q_12_main_1_30fps_frame0044,Well.
8786,q_12_main_1_30fps_frame0059.png,q_12_main_1_30fps_frame0059,Well.
8786,q_12_main_1_30fps_frame0074.png,q_12_main_1_30fps_frame0074,Well.
8786,q_12_main_1_30fps_frame0089.png,q_12_main_1_30fps_frame0089,poorly
8786,q_14_main_0_30fps_frame0014.png,q_14_main_0_30fps_frame0014,Well.
8786,q_14_main_0_30fps_frame0029.png,q_14_main_0_30fps_frame0029,Well.
8786,q_14_main_0_30fps_frame0044.png,q_14_main_0_30fps_frame0044,poorly
8786,q_14_main_0_30fps_frame0059.png,q_14_main_0_30fps_frame0059,Well.
8786,q_14_main_0_30fps_frame0074.png,q_14_main_0_30fps_frame0074,poorly
8786,q_14_main_0_30fps_frame0089.png,q_14_main_0_30fps_frame0089,Well.
8786,q_15_main_1_30fps_frame0014.png,q_15_main_1_30fps_frame0014,Well.
8786,q_15_main_1_30fps_frame0029.png,q_15_main_1_30fps_frame0029,poorly
8786,q_15_main_1_30fps_frame0044.png,q_15_main_1_30fps_frame0044,Well.
8786,q_15_main_1_30fps_frame0059.png,q_15_main_1_30fps_frame0059,Well.
8786,q_15_main_1_30fps_frame0074.png,q_15_main_1_30fps_frame0074,Well.
8786,q_15_main_1_30fps_frame0089.png,q_15_main_1_30fps_frame0089,Well.
8786,q_16_main_1_30fps_frame0015.png,q_16_main_1_30fps_frame0015,poorly
8786,q_16_main_1_30fps_frame0030.png,q_16_main_1_30fps_frame0030,Poorly.
8786,q_16_main_1_30fps_frame0045.png,q_16_main_1_30fps_frame0045,poorly
8786,q_16_main_1_30fps_frame0060.png,q_16_main_1_30fps_frame0060,poorly
8786,q_16_main_1_30fps_frame0075.png,q_16_main_1_30fps_frame0075,Poorly.
8786,q_16_main_1_30fps_frame0090.png,q_16_main_1_30fps_frame0090,Poorly.
8786,q_17_main_1_30fps_frame0014.png,q_17_main_1_30fps_frame0014,poorly
8786,q_17_main_1_30fps_frame0029.png,q_17_main_1_30fps_frame0029,Well.
8786,q_17_main_1_30fps_frame0044.png,q_17_main_1_30fps_frame0044,Well.
8786,q_17_main_1_30fps_frame0059.png,q_17_main_1_30fps_frame0059,Well.
8786,q_17_main_1_30fps_frame0074.png,q_17_main_1_30fps_frame0074,Well.
8786,q_17_main_1_30fps_frame0089.png,q_17_main_1_30fps_frame0089,Well.
8786,q_19_main_1_30fps_frame0014.png,q_19_main_1_30fps_frame0014,Well.
8786,q_19_main_1_30fps_frame0029.png,q_19_main_1_30fps_frame0029,Well.
8786,q_19_main_1_30fps_frame0044.png,q_19_main_1_30fps_frame0044,**Answer:** Well
8786,q_19_main_1_30fps_frame0059.png,q_19_main_1_30fps_frame0059,poorly
8786,q_19_main_1_30fps_frame0074.png,q_19_main_1_30fps_frame0074,Poorly.
8786,q_19_main_1_30fps_frame0089.png,q_19_main_1_30fps_frame0089,Well.
8786,q_1_main_0_30fps_frame0014.png,q_1_main_0_30fps_frame0014,Well.
8786,q_1_main_0_30fps_frame0029.png,q_1_main_0_30fps_frame0029,Well.
8786,q_1_main_0_30fps_frame0044.png,q_1_main_0_30fps_frame0044,Well.
8786,q_1_main_0_30fps_frame0059.png,q_1_main_0_30fps_frame0059,poorly
8786,q_1_main_0_30fps_frame0074.png,q_1_main_0_30fps_frame0074,Well.
8786,q_1_main_0_30fps_frame0089.png,q_1_main_0_30fps_frame0089,poorly
8786,q_21_main_0_30fps_frame0014.png,q_21_main_0_30fps_frame0014,Well.
8786,q_21_main_0_30fps_frame0029.png,q_21_main_0_30fps_frame0029,Poorly.
8786,q_21_main_0_30fps_frame0044.png,q_21_main_0_30fps_frame0044,poorly
8786,q_21_main_0_30fps_frame0059.png,q_21_main_0_30fps_frame0059,Well.
8786,q_21_main_0_30fps_frame0074.png,q_21_main_0_30fps_frame0074,Well.
8786,q_21_main_0_30fps_frame0089.png,q_21_main_0_30fps_frame0089,Well.
8786,q_23_main_1_30fps_frame0014.png,q_23_main_1_30fps_frame0014,Well.
8786,q_23_main_1_30fps_frame0029.png,q_23_main_1_30fps_frame0029,poorly
8786,q_23_main_1_30fps_frame0044.png,q_23_main_1_30fps_frame0044,Poorly.
8786,q_23_main_1_30fps_frame0059.png,q_23_main_1_30fps_frame0059,poorly
8786,q_23_main_1_30fps_frame0074.png,q_23_main_1_30fps_frame0074,Well.
8786,q_23_main_1_30fps_frame0089.png,q_23_main_1_30fps_frame0089,Well.
8786,q_25_main_1_30fps_frame0014.png,q_25_main_1_30fps_frame0014,poorly
8786,q_25_main_1_30fps_frame0029.png,q_25_main_1_30fps_frame0029,Well.
8786,q_25_main_1_30fps_frame0044.png,q_25_main_1_30fps_frame0044,Well.
8786,q_25_main_1_30fps_frame0059.png,q_25_main_1_30fps_frame0059,poorly
8786,q_25_main_1_30fps_frame0074.png,q_25_main_1_30fps_frame0074,poorly
8786,q_25_main_1_30fps_frame0089.png,q_25_main_1_30fps_frame0089,Well.
8786,q_28_main_0_30fps_frame0014.png,q_28_main_0_30fps_frame0014,Well.
8786,q_28_main_0_30fps_frame0029.png,q_28_main_0_30fps_frame0029,Well.
8786,q_28_main_0_30fps_frame0044.png,q_28_main_0_30fps_frame0044,Well.
8786,q_28_main_0_30fps_frame0059.png,q_28_main_0_30fps_frame0059,**Answer:** Well
8786,q_28_main_0_30fps_frame0074.png,q_28_main_0_30fps_frame0074,poorly
8786,q_28_main_0_30fps_frame0089.png,q_28_main_0_30fps_frame0089,poorly
8786,q_2_main_1_30fps_frame0014.png,q_2_main_1_30fps_frame0014,Well.
8786,q_2_main_1_30fps_frame0029.png,q_2_main_1_30fps_frame0029,poorly
8786,q_2_main_1_30fps_frame0044.png,q_2_main_1_30fps_frame0044,Well.
8786,q_2_main_1_30fps_frame0059.png,q_2_main_1_30fps_frame0059,Poorly.
8786,q_2_main_1_30fps_frame0074.png,q_2_main_1_30fps_frame0074,Well.
8786,q_2_main_1_30fps_frame0089.png,q_2_main_1_30fps_frame0089,Well.
8786,q_30_main_0_30fps_frame0014.png,q_30_main_0_30fps_frame0014,Poorly.
8786,q_30_main_0_30fps_frame0029.png,q_30_main_0_30fps_frame0029,Well.
8786,q_30_main_0_30fps_frame0044.png,q_30_main_0_30fps_frame0044,poorly
8786,q_30_main_0_30fps_frame0059.png,q_30_main_0_30fps_frame0059,Well.
8786,q_30_main_0_30fps_frame0074.png,q_30_main_0_30fps_frame0074,Well.
8786,q_30_main_0_30fps_frame0089.png,q_30_main_0_30fps_frame0089,Well.
8786,q_3_main_1_30fps_frame0015.png,q_3_main_1_30fps_frame0015,poorly
8786,q_3_main_1_30fps_frame0030.png,q_3_main_1_30fps_frame0030,**Answer:** Well
8786,q_3_main_1_30fps_frame0045.png,q_3_main_1_30fps_frame0045,Well.
8786,q_3_main_1_30fps_frame0060.png,q_3_main_1_30fps_frame0060,Well.
8786,q_3_main_1_30fps_frame0075.png,q_3_main_1_30fps_frame0075,Well.
8786,q_3_main_1_30fps_frame0090.png,q_3_main_1_30fps_frame0090,Well.
8786,q_5_main_0_30fps_frame0015.png,q_5_main_0_30fps_frame0015,poorly
8786,q_5_main_0_30fps_frame0030.png,q_5_main_0_30fps_frame0030,Well.
8786,q_5_main_0_30fps_frame0045.png,q_5_main_0_30fps_frame0045,Well.
8786,q_5_main_0_30fps_frame0060.png,q_5_main_0_30fps_frame0060,poorly
8786,q_5_main_0_30fps_frame0075.png,q_5_main_0_30fps_frame0075,Well.
8786,q_5_main_0_30fps_frame0090.png,q_5_main_0_30fps_frame0090,Well.
8786,q_7_main_1_30fps_frame0014.png,q_7_main_1_30fps_frame0014,poorly
8786,q_7_main_1_30fps_frame0029.png,q_7_main_1_30fps_frame0029,Well.
8786,q_7_main_1_30fps_frame0044.png,q_7_main_1_30fps_frame0044,Well.
8786,q_7_main_1_30fps_frame0059.png,q_7_main_1_30fps_frame0059,Well.
8786,q_7_main_1_30fps_frame0074.png,q_7_main_1_30fps_frame0074,Well.
8786,q_7_main_1_30fps_frame0089.png,q_7_main_1_30fps_frame0089,Well.
8786,q_warmup_3_main_1_30fps_frame0014.png,q_warmup_3_main_1_30fps_frame0014,Well.
8786,q_warmup_3_main_1_30fps_frame0029.png,q_warmup_3_main_1_30fps_frame0029,poorly
8786,q_warmup_3_main_1_30fps_frame0044.png,q_warmup_3_main_1_30fps_frame0044,Well.
8786,q_warmup_3_main_1_30fps_frame0059.png,q_warmup_3_main_1_30fps_frame0059,poorly
8786,q_warmup_3_main_1_30fps_frame0074.png,q_warmup_3_main_1_30fps_frame0074,Well.
8786,q_warmup_3_main_1_30fps_frame0089.png,q_warmup_3_main_1_30fps_frame0089,poorly
9055,q_13_main_1_30fps_frame0015.png,q_13_main_1_30fps_frame0015,Well.
9055,q_13_main_1_30fps_frame0030.png,q_13_main_1_30fps_frame0030,Well.
9055,q_13_main_1_30fps_frame0045.png,q_13_main_1_30fps_frame0045,I don’t have enough information to answer this question. Can you provide more context or clarify the situation?
9055,q_13_main_1_30fps_frame0060.png,q_13_main_1_30fps_frame0060,Well.
9055,q_13_main_1_30fps_frame0075.png,q_13_main_1_30fps_frame0075,Well.
9055,q_13_main_1_30fps_frame0090.png,q_13_main_1_30fps_frame0090,Poorly.
9055,q_16_main_1_30fps_frame0015.png,q_16_main_1_30fps_frame0015,Well.
9055,q_16_main_1_30fps_frame0030.png,q_16_main_1_30fps_frame0030,Well.
9055,q_16_main_1_30fps_frame0045.png,q_16_main_1_30fps_frame0045,Well.
9055,q_16_main_1_30fps_frame0060.png,q_16_main_1_30fps_frame0060,Well.
9055,q_16_main_1_30fps_frame0075.png,q_16_main_1_30fps_frame0075,Well.
9055,q_16_main_1_30fps_frame0090.png,q_16_main_1_30fps_frame0090,I don’t have enough information to answer this question. Can you provide more context or clarify the situation?
9055,q_17_main_0_30fps_frame0014.png,q_17_main_0_30fps_frame0014,Well.
9055,q_17_main_0_30fps_frame0029.png,q_17_main_0_30fps_frame0029,Well.
9055,q_17_main_0_30fps_frame0044.png,q_17_main_0_30fps_frame0044,**Answer:** Well
9055,q_17_main_0_30fps_frame0059.png,q_17_main_0_30fps_frame0059,Well.
9055,q_17_main_0_30fps_frame0074.png,q_17_main_0_30fps_frame0074,Well.
9055,q_17_main_0_30fps_frame0089.png,q_17_main_0_30fps_frame0089,Well.
9055,q_20_main_0_30fps_frame0014.png,q_20_main_0_30fps_frame0014,Poorly.
9055,q_20_main_0_30fps_frame0029.png,q_20_main_0_30fps_frame0029,Well.
9055,q_20_main_0_30fps_frame0044.png,q_20_main_0_30fps_frame0044,Poorly.
9055,q_20_main_0_30fps_frame0059.png,q_20_main_0_30fps_frame0059,Well.
9055,q_20_main_0_30fps_frame0074.png,q_20_main_0_30fps_frame0074,Poorly.
9055,q_20_main_0_30fps_frame0089.png,q_20_main_0_30fps_frame0089,I don’t have enough information to answer this question. Can you provide more context or clarify the situation?
9055,q_21_main_1_30fps_frame0015.png,q_21_main_1_30fps_frame0015,Well.
9055,q_21_main_1_30fps_frame0030.png,q_21_main_1_30fps_frame0030,Well.
9055,q_21_main_1_30fps_frame0045.png,q_21_main_1_30fps_frame0045,Poorly.
9055,q_21_main_1_30fps_frame0060.png,q_21_main_1_30fps_frame0060,Poorly.
9055,q_21_main_1_30fps_frame0075.png,q_21_main_1_30fps_frame0075,Well.
9055,q_21_main_1_30fps_frame0090.png,q_21_main_1_30fps_frame0090,Well.
9055,q_23_main_0_30fps_frame0014.png,q_23_main_0_30fps_frame0014,Well.
9055,q_23_main_0_30fps_frame0029.png,q_23_main_0_30fps_frame0029,Well.
9055,q_23_main_0_30fps_frame0044.png,q_23_main_0_30fps_frame0044,I don’t have enough information to answer this question. Can you provide more context or clarify the situation?
9055,q_23_main_0_30fps_frame0059.png,q_23_main_0_30fps_frame0059,Poorly.
9055,q_23_main_0_30fps_frame0074.png,q_23_main_0_30fps_frame0074,Well.
9055,q_23_main_0_30fps_frame0089.png,q_23_main_0_30fps_frame0089,**Answer:** Poorly
9055,q_26_main_0_30fps_frame0014.png,q_26_main_0_30fps_frame0014,Poorly.
9055,q_26_main_0_30fps_frame0029.png,q_26_main_0_30fps_frame0029,Poorly.
9055,q_26_main_0_30fps_frame0044.png,q_26_main_0_30fps_frame0044,Well.
9055,q_26_main_0_30fps_frame0059.png,q_26_main_0_30fps_frame0059,Well.
9055,q_26_main_0_30fps_frame0074.png,q_26_main_0_30fps_frame0074,Poorly.
9055,q_26_main_0_30fps_frame0089.png,q_26_main_0_30fps_frame0089,Well.
9055,q_27_main_1_30fps_frame0014.png,q_27_main_1_30fps_frame0014,Well.
9055,q_27_main_1_30fps_frame0029.png,q_27_main_1_30fps_frame0029,I don’t have enough information to answer this question. Can you provide more context or clarify the situation?
9055,q_27_main_1_30fps_frame0044.png,q_27_main_1_30fps_frame0044,Well.
9055,q_27_main_1_30fps_frame0059.png,q_27_main_1_30fps_frame0059,Well.
9055,q_27_main_1_30fps_frame0074.png,q_27_main_1_30fps_frame0074,Well.
9055,q_27_main_1_30fps_frame0089.png,q_27_main_1_30fps_frame0089,I don’t have enough information to answer this question. Can you provide more context or clarify the situation?
9055,q_2_main_1_30fps_frame0015.png,q_2_main_1_30fps_frame0015,Poorly.
9055,q_2_main_1_30fps_frame0030.png,q_2_main_1_30fps_frame0030,Poorly.
9055,q_2_main_1_30fps_frame0045.png,q_2_main_1_30fps_frame0045,I don’t have enough information to answer this question. Can you provide more context or clarify what you are asking?
9055,q_2_main_1_30fps_frame0060.png,q_2_main_1_30fps_frame0060,Well.
9055,q_2_main_1_30fps_frame0075.png,q_2_main_1_30fps_frame0075,Poorly.
9055,q_2_main_1_30fps_frame0090.png,q_2_main_1_30fps_frame0090,Well.
9055,q_3_main_1_30fps_frame0014.png,q_3_main_1_30fps_frame0014,Poorly.
9055,q_3_main_1_30fps_frame0029.png,q_3_main_1_30fps_frame0029,Well.
9055,q_3_main_1_30fps_frame0044.png,q_3_main_1_30fps_frame0044,Well.
9055,q_3_main_1_30fps_frame0059.png,q_3_main_1_30fps_frame0059,Poorly.
9055,q_3_main_1_30fps_frame0074.png,q_3_main_1_30fps_frame0074,Poorly.
9055,q_3_main_1_30fps_frame0089.png,q_3_main_1_30fps_frame0089,Well.
9055,q_4_main_0_30fps_frame0015.png,q_4_main_0_30fps_frame0015,Well.
9055,q_4_main_0_30fps_frame0030.png,q_4_main_0_30fps_frame0030,Well.
9055,q_4_main_0_30fps_frame0045.png,q_4_main_0_30fps_frame0045,Well.
9055,q_4_main_0_30fps_frame0060.png,q_4_main_0_30fps_frame0060,Poorly.
9055,q_4_main_0_30fps_frame0075.png,q_4_main_0_30fps_frame0075,Poorly.
9055,q_4_main_0_30fps_frame0090.png,q_4_main_0_30fps_frame0090,I don’t have enough information to answer this question. Can you provide more context or clarify the situation?
9055,q_6_main_0_30fps_frame0015.png,q_6_main_0_30fps_frame0015,Well.
9055,q_6_main_0_30fps_frame0030.png,q_6_main_0_30fps_frame0030,Well.
9055,q_6_main_0_30fps_frame0045.png,q_6_main_0_30fps_frame0045,Well.
9055,q_6_main_0_30fps_frame0060.png,q_6_main_0_30fps_frame0060,Well.
9055,q_6_main_0_30fps_frame0075.png,q_6_main_0_30fps_frame0075,Poorly.
9055,q_6_main_0_30fps_frame0090.png,q_6_main_0_30fps_frame0090,Well.
9055,q_8_main_1_30fps_frame0014.png,q_8_main_1_30fps_frame0014,Poorly.
9055,q_8_main_1_30fps_frame0029.png,q_8_main_1_30fps_frame0029,Well.
9055,q_8_main_1_30fps_frame0044.png,q_8_main_1_30fps_frame0044,Poorly.
9055,q_8_main_1_30fps_frame0059.png,q_8_main_1_30fps_frame0059,Well.
9055,q_8_main_1_30fps_frame0074.png,q_8_main_1_30fps_frame0074,Poorly.
9055,q_8_main_1_30fps_frame0089.png,q_8_main_1_30fps_frame0089,Well.
9055,q_9_main_0_30fps_frame0014.png,q_9_main_0_30fps_frame0014,Poorly.
9055,q_9_main_0_30fps_frame0029.png,q_9_main_0_30fps_frame0029,Well.
9055,q_9_main_0_30fps_frame0044.png,q_9_main_0_30fps_frame0044,Poorly.
9055,q_9_main_0_30fps_frame0059.png,q_9_main_0_30fps_frame0059,Poorly.
9055,q_9_main_0_30fps_frame0074.png,q_9_main_0_30fps_frame0074,Poorly.
9055,q_9_main_0_30fps_frame0089.png,q_9_main_0_30fps_frame0089,Poorly.
9055,q_warmup_3_main_0_30fps_frame0015.png,q_warmup_3_main_0_30fps_frame0015,**Answer:** Well
9055,q_warmup_3_main_0_30fps_frame0030.png,q_warmup_3_main_0_30fps_frame0030,Well.
9055,q_warmup_3_main_0_30fps_frame0045.png,q_warmup_3_main_0_30fps_frame0045,Poorly.
9055,q_warmup_3_main_0_30fps_frame0060.png,q_warmup_3_main_0_30fps_frame0060,**Answer:** Well
9055,q_warmup_3_main_0_30fps_frame0075.png,q_warmup_3_main_0_30fps_frame0075,Well.
9055,q_warmup_3_main_0_30fps_frame0090.png,q_warmup_3_main_0_30fps_frame0090,**Answer:** Well
9055,q_warmup_5_main_1_30fps_frame0015.png,q_warmup_5_main_1_30fps_frame0015,Poorly.
9055,q_warmup_5_main_1_30fps_frame0030.png,q_warmup_5_main_1_30fps_frame0030,Poorly.
9055,q_warmup_5_main_1_30fps_frame0045.png,q_warmup_5_main_1_30fps_frame0045,Poorly.
9055,q_warmup_5_main_1_30fps_frame0060.png,q_warmup_5_main_1_30fps_frame0060,**Answer:** Poorly
9055,q_warmup_5_main_1_30fps_frame0075.png,q_warmup_5_main_1_30fps_frame0075,Well.
9055,q_warmup_5_main_1_30fps_frame0090.png,q_warmup_5_main_1_30fps_frame0090,Poorly.
9385,q_10_main_0_30fps_frame0014.png,q_10_main_0_30fps_frame0014,poorly
9385,q_10_main_0_30fps_frame0029.png,q_10_main_0_30fps_frame0029,Poorly.
9385,q_10_main_0_30fps_frame0044.png,q_10_main_0_30fps_frame0044,poorly
9385,q_10_main_0_30fps_frame0059.png,q_10_main_0_30fps_frame0059,poorly
9385,q_10_main_0_30fps_frame0074.png,q_10_main_0_30fps_frame0074,poorly
9385,q_10_main_0_30fps_frame0089.png,q_10_main_0_30fps_frame0089,poorly
9385,q_11_main_1_30fps_frame0015.png,q_11_main_1_30fps_frame0015,poorly
9385,q_11_main_1_30fps_frame0030.png,q_11_main_1_30fps_frame0030,Poorly.
9385,q_11_main_1_30fps_frame0045.png,q_11_main_1_30fps_frame0045,Poorly.
9385,q_11_main_1_30fps_frame0060.png,q_11_main_1_30fps_frame0060,poorly
9385,q_11_main_1_30fps_frame0075.png,q_11_main_1_30fps_frame0075,Poorly.
9385,q_11_main_1_30fps_frame0090.png,q_11_main_1_30fps_frame0090,Poorly.
9385,q_12_main_1_30fps_frame0015.png,q_12_main_1_30fps_frame0015,poorly
9385,q_12_main_1_30fps_frame0030.png,q_12_main_1_30fps_frame0030,poorly
9385,q_12_main_1_30fps_frame0045.png,q_12_main_1_30fps_frame0045,Poorly.
9385,q_12_main_1_30fps_frame0060.png,q_12_main_1_30fps_frame0060,poorly
9385,q_12_main_1_30fps_frame0075.png,q_12_main_1_30fps_frame0075,poorly
9385,q_12_main_1_30fps_frame0090.png,q_12_main_1_30fps_frame0090,Poorly.
9385,q_14_main_1_30fps_frame0015.png,q_14_main_1_30fps_frame0015,Poorly.
9385,q_14_main_1_30fps_frame0030.png,q_14_main_1_30fps_frame0030,poorly
9385,q_14_main_1_30fps_frame0045.png,q_14_main_1_30fps_frame0045,poorly
9385,q_14_main_1_30fps_frame0060.png,q_14_main_1_30fps_frame0060,Poorly.
9385,q_14_main_1_30fps_frame0075.png,q_14_main_1_30fps_frame0075,Poorly.
9385,q_14_main_1_30fps_frame0090.png,q_14_main_1_30fps_frame0090,Poorly.
9385,q_16_main_1_30fps_frame0015.png,q_16_main_1_30fps_frame0015,poorly
9385,q_16_main_1_30fps_frame0030.png,q_16_main_1_30fps_frame0030,poorly
9385,q_16_main_1_30fps_frame0045.png,q_16_main_1_30fps_frame0045,Poorly.
9385,q_16_main_1_30fps_frame0060.png,q_16_main_1_30fps_frame0060,poorly
9385,q_16_main_1_30fps_frame0075.png,q_16_main_1_30fps_frame0075,Poorly.
9385,q_16_main_1_30fps_frame0090.png,q_16_main_1_30fps_frame0090,poorly
9385,q_17_main_0_30fps_frame0015.png,q_17_main_0_30fps_frame0015,poorly
9385,q_17_main_0_30fps_frame0030.png,q_17_main_0_30fps_frame0030,poorly
9385,q_17_main_0_30fps_frame0045.png,q_17_main_0_30fps_frame0045,poorly
9385,q_17_main_0_30fps_frame0060.png,q_17_main_0_30fps_frame0060,Poorly.
9385,q_17_main_0_30fps_frame0075.png,q_17_main_0_30fps_frame0075,Poorly.
9385,q_17_main_0_30fps_frame0090.png,q_17_main_0_30fps_frame0090,Poorly.
9385,q_18_main_0_30fps_frame0014.png,q_18_main_0_30fps_frame0014,Poorly.
9385,q_18_main_0_30fps_frame0029.png,q_18_main_0_30fps_frame0029,poorly
9385,q_18_main_0_30fps_frame0044.png,q_18_main_0_30fps_frame0044,Poorly.
9385,q_18_main_0_30fps_frame0059.png,q_18_main_0_30fps_frame0059,Poorly.
9385,q_18_main_0_30fps_frame0074.png,q_18_main_0_30fps_frame0074,poorly
9385,q_18_main_0_30fps_frame0089.png,q_18_main_0_30fps_frame0089,Poorly.
9385,q_19_main_1_30fps_frame0015.png,q_19_main_1_30fps_frame0015,poorly
9385,q_19_main_1_30fps_frame0030.png,q_19_main_1_30fps_frame0030,poorly
9385,q_19_main_1_30fps_frame0045.png,q_19_main_1_30fps_frame0045,poorly
9385,q_19_main_1_30fps_frame0060.png,q_19_main_1_30fps_frame0060,Poorly.
9385,q_19_main_1_30fps_frame0075.png,q_19_main_1_30fps_frame0075,poorly
9385,q_19_main_1_30fps_frame0090.png,q_19_main_1_30fps_frame0090,poorly
9385,q_21_main_0_30fps_frame0014.png,q_21_main_0_30fps_frame0014,Poorly.
9385,q_21_main_0_30fps_frame0029.png,q_21_main_0_30fps_frame0029,Poorly.
9385,q_21_main_0_30fps_frame0044.png,q_21_main_0_30fps_frame0044,poorly
9385,q_21_main_0_30fps_frame0059.png,q_21_main_0_30fps_frame0059,poorly
9385,q_21_main_0_30fps_frame0074.png,q_21_main_0_30fps_frame0074,Poorly.
9385,q_21_main_0_30fps_frame0089.png,q_21_main_0_30fps_frame0089,Poorly.
9385,q_22_main_0_30fps_frame0015.png,q_22_main_0_30fps_frame0015,poorly
9385,q_22_main_0_30fps_frame0030.png,q_22_main_0_30fps_frame0030,poorly
9385,q_22_main_0_30fps_frame0045.png,q_22_main_0_30fps_frame0045,poorly
9385,q_22_main_0_30fps_frame0060.png,q_22_main_0_30fps_frame0060,Poorly.
9385,q_22_main_0_30fps_frame0075.png,q_22_main_0_30fps_frame0075,poorly
9385,q_22_main_0_30fps_frame0090.png,q_22_main_0_30fps_frame0090,Poorly.
9385,q_24_main_0_30fps_frame0014.png,q_24_main_0_30fps_frame0014,poorly
9385,q_24_main_0_30fps_frame0029.png,q_24_main_0_30fps_frame0029,Poorly.
9385,q_24_main_0_30fps_frame0044.png,q_24_main_0_30fps_frame0044,poorly
9385,q_24_main_0_30fps_frame0059.png,q_24_main_0_30fps_frame0059,poorly
9385,q_24_main_0_30fps_frame0074.png,q_24_main_0_30fps_frame0074,Poorly.
9385,q_24_main_0_30fps_frame0089.png,q_24_main_0_30fps_frame0089,poorly
9385,q_25_main_0_30fps_frame0014.png,q_25_main_0_30fps_frame0014,poorly
9385,q_25_main_0_30fps_frame0029.png,q_25_main_0_30fps_frame0029,poorly
9385,q_25_main_0_30fps_frame0044.png,q_25_main_0_30fps_frame0044,poorly
9385,q_25_main_0_30fps_frame0059.png,q_25_main_0_30fps_frame0059,poorly
9385,q_25_main_0_30fps_frame0074.png,q_25_main_0_30fps_frame0074,poorly
9385,q_25_main_0_30fps_frame0089.png,q_25_main_0_30fps_frame0089,Poorly.
9385,q_26_main_0_30fps_frame0014.png,q_26_main_0_30fps_frame0014,poorly
9385,q_26_main_0_30fps_frame0029.png,q_26_main_0_30fps_frame0029,poorly
9385,q_26_main_0_30fps_frame0044.png,q_26_main_0_30fps_frame0044,poorly
9385,q_26_main_0_30fps_frame0059.png,q_26_main_0_30fps_frame0059,poorly
9385,q_26_main_0_30fps_frame0074.png,q_26_main_0_30fps_frame0074,poorly
9385,q_26_main_0_30fps_frame0089.png,q_26_main_0_30fps_frame0089,poorly
9385,q_28_main_1_30fps_frame0015.png,q_28_main_1_30fps_frame0015,poorly
9385,q_28_main_1_30fps_frame0030.png,q_28_main_1_30fps_frame0030,poorly
9385,q_28_main_1_30fps_frame0045.png,q_28_main_1_30fps_frame0045,poorly
9385,q_28_main_1_30fps_frame0060.png,q_28_main_1_30fps_frame0060,Poorly.
9385,q_28_main_1_30fps_frame0075.png,q_28_main_1_30fps_frame0075,Poorly.
9385,q_28_main_1_30fps_frame0090.png,q_28_main_1_30fps_frame0090,poorly
9385,q_30_main_0_30fps_frame0015.png,q_30_main_0_30fps_frame0015,poorly
9385,q_30_main_0_30fps_frame0030.png,q_30_main_0_30fps_frame0030,Poorly.
9385,q_30_main_0_30fps_frame0045.png,q_30_main_0_30fps_frame0045,Poorly.
9385,q_30_main_0_30fps_frame0060.png,q_30_main_0_30fps_frame0060,Poorly.
9385,q_30_main_0_30fps_frame0075.png,q_30_main_0_30fps_frame0075,poorly
9385,q_30_main_0_30fps_frame0090.png,q_30_main_0_30fps_frame0090,poorly
9385,q_4_main_1_30fps_frame0015.png,q_4_main_1_30fps_frame0015,Poorly.
9385,q_4_main_1_30fps_frame0030.png,q_4_main_1_30fps_frame0030,poorly
9385,q_4_main_1_30fps_frame0045.png,q_4_main_1_30fps_frame0045,Poorly.
9385,q_4_main_1_30fps_frame0060.png,q_4_main_1_30fps_frame0060,poorly
9385,q_4_main_1_30fps_frame0075.png,q_4_main_1_30fps_frame0075,poorly
9385,q_4_main_1_30fps_frame0090.png,q_4_main_1_30fps_frame0090,Poorly.
9385,q_5_main_0_30fps_frame0015.png,q_5_main_0_30fps_frame0015,Poorly.
9385,q_5_main_0_30fps_frame0030.png,q_5_main_0_30fps_frame0030,poorly
9385,q_5_main_0_30fps_frame0045.png,q_5_main_0_30fps_frame0045,poorly
9385,q_5_main_0_30fps_frame0060.png,q_5_main_0_30fps_frame0060,poorly
9385,q_5_main_0_30fps_frame0075.png,q_5_main_0_30fps_frame0075,poorly
9385,q_5_main_0_30fps_frame0090.png,q_5_main_0_30fps_frame0090,Poorly.
9385,q_warmup_5_main_0_30fps_frame0014.png,q_warmup_5_main_0_30fps_frame0014,Poorly.
9385,q_warmup_5_main_0_30fps_frame0029.png,q_warmup_5_main_0_30fps_frame0029,poorly
9385,q_warmup_5_main_0_30fps_frame0044.png,q_warmup_5_main_0_30fps_frame0044,poorly
9385,q_warmup_5_main_0_30fps_frame0059.png,q_warmup_5_main_0_30fps_frame0059,Poorly.
9385,q_warmup_5_main_0_30fps_frame0074.png,q_warmup_5_main_0_30fps_frame0074,Poorly.
9385,q_warmup_5_main_0_30fps_frame0089.png,q_warmup_5_main_0_30fps_frame0089,poorly
9777,q_10_main_0_30fps_frame0015.png,q_10_main_0_30fps_frame0015,poorly
9777,q_10_main_0_30fps_frame0030.png,q_10_main_0_30fps_frame0030,Well.
9777,q_10_main_0_30fps_frame0045.png,q_10_main_0_30fps_frame0045,Well.
9777,q_10_main_0_30fps_frame0060.png,q_10_main_0_30fps_frame0060,Well.
9777,q_10_main_0_30fps_frame0075.png,q_10_main_0_30fps_frame0075,Well.
9777,q_10_main_0_30fps_frame0090.png,q_10_main_0_30fps_frame0090,Well.
9777,q_12_main_1_30fps_frame0014.png,q_12_main_1_30fps_frame0014,Well.
9777,q_12_main_1_30fps_frame0029.png,q_12_main_1_30fps_frame0029,Well.
9777,q_12_main_1_30fps_frame0044.png,q_12_main_1_30fps_frame0044,Well.
9777,q_12_main_1_30fps_frame0059.png,q_12_main_1_30fps_frame0059,Well.
9777,q_12_main_1_30fps_frame0074.png,q_12_main_1_30fps_frame0074,Well.
9777,q_12_main_1_30fps_frame0089.png,q_12_main_1_30fps_frame0089,Well.
9777,q_13_main_0_30fps_frame0015.png,q_13_main_0_30fps_frame0015,poorly
9777,q_13_main_0_30fps_frame0030.png,q_13_main_0_30fps_frame0030,poorly
9777,q_13_main_0_30fps_frame0045.png,q_13_main_0_30fps_frame0045,poorly
9777,q_13_main_0_30fps_frame0060.png,q_13_main_0_30fps_frame0060,Well.
9777,q_13_main_0_30fps_frame0075.png,q_13_main_0_30fps_frame0075,Well.
9777,q_13_main_0_30fps_frame0090.png,q_13_main_0_30fps_frame0090,Well.
9777,q_14_main_0_30fps_frame0014.png,q_14_main_0_30fps_frame0014,Well.
9777,q_14_main_0_30fps_frame0029.png,q_14_main_0_30fps_frame0029,Well.
9777,q_14_main_0_30fps_frame0044.png,q_14_main_0_30fps_frame0044,Well.
9777,q_14_main_0_30fps_frame0059.png,q_14_main_0_30fps_frame0059,poorly
9777,q_14_main_0_30fps_frame0074.png,q_14_main_0_30fps_frame0074,Well.
9777,q_14_main_0_30fps_frame0089.png,q_14_main_0_30fps_frame0089,Well.
9777,q_16_main_1_30fps_frame0014.png,q_16_main_1_30fps_frame0014,Well.
9777,q_16_main_1_30fps_frame0029.png,q_16_main_1_30fps_frame0029,Well.
9777,q_16_main_1_30fps_frame0044.png,q_16_main_1_30fps_frame0044,Well.
9777,q_16_main_1_30fps_frame0059.png,q_16_main_1_30fps_frame0059,poorly
9777,q_16_main_1_30fps_frame0074.png,q_16_main_1_30fps_frame0074,Well.
9777,q_16_main_1_30fps_frame0089.png,q_16_main_1_30fps_frame0089,poorly
9777,q_20_main_0_30fps_frame0015.png,q_20_main_0_30fps_frame0015,poorly
9777,q_20_main_0_30fps_frame0030.png,q_20_main_0_30fps_frame0030,Well.
9777,q_20_main_0_30fps_frame0045.png,q_20_main_0_30fps_frame0045,Well.
9777,q_20_main_0_30fps_frame0060.png,q_20_main_0_30fps_frame0060,Well.
9777,q_20_main_0_30fps_frame0075.png,q_20_main_0_30fps_frame0075,Well.
9777,q_20_main_0_30fps_frame0090.png,q_20_main_0_30fps_frame0090,Well.
9777,q_26_main_1_30fps_frame0015.png,q_26_main_1_30fps_frame0015,Well.
9777,q_26_main_1_30fps_frame0030.png,q_26_main_1_30fps_frame0030,Well.
9777,q_26_main_1_30fps_frame0045.png,q_26_main_1_30fps_frame0045,Well.
9777,q_26_main_1_30fps_frame0060.png,q_26_main_1_30fps_frame0060,Well.
9777,q_26_main_1_30fps_frame0075.png,q_26_main_1_30fps_frame0075,Well.
9777,q_26_main_1_30fps_frame0090.png,q_26_main_1_30fps_frame0090,Well.
9777,q_27_main_1_30fps_frame0014.png,q_27_main_1_30fps_frame0014,poorly
9777,q_27_main_1_30fps_frame0029.png,q_27_main_1_30fps_frame0029,poorly
9777,q_27_main_1_30fps_frame0044.png,q_27_main_1_30fps_frame0044,poorly
9777,q_27_main_1_30fps_frame0059.png,q_27_main_1_30fps_frame0059,poorly
9777,q_27_main_1_30fps_frame0074.png,q_27_main_1_30fps_frame0074,poorly
9777,q_27_main_1_30fps_frame0089.png,q_27_main_1_30fps_frame0089,Well.
9777,q_29_main_0_30fps_frame0014.png,q_29_main_0_30fps_frame0014,poorly
9777,q_29_main_0_30fps_frame0029.png,q_29_main_0_30fps_frame0029,Well.
9777,q_29_main_0_30fps_frame0044.png,q_29_main_0_30fps_frame0044,Well.
9777,q_29_main_0_30fps_frame0059.png,q_29_main_0_30fps_frame0059,poorly
9777,q_29_main_0_30fps_frame0074.png,q_29_main_0_30fps_frame0074,Well.
9777,q_29_main_0_30fps_frame0089.png,q_29_main_0_30fps_frame0089,Poorly.
9777,q_2_main_1_30fps_frame0014.png,q_2_main_1_30fps_frame0014,Well.
9777,q_2_main_1_30fps_frame0029.png,q_2_main_1_30fps_frame0029,Well.
9777,q_2_main_1_30fps_frame0044.png,q_2_main_1_30fps_frame0044,Well.
9777,q_2_main_1_30fps_frame0059.png,q_2_main_1_30fps_frame0059,Well.
9777,q_2_main_1_30fps_frame0074.png,q_2_main_1_30fps_frame0074,Well.
9777,q_2_main_1_30fps_frame0089.png,q_2_main_1_30fps_frame0089,Well.
9777,q_30_main_0_30fps_frame0015.png,q_30_main_0_30fps_frame0015,poorly
9777,q_30_main_0_30fps_frame0030.png,q_30_main_0_30fps_frame0030,poorly
9777,q_30_main_0_30fps_frame0045.png,q_30_main_0_30fps_frame0045,poorly
9777,q_30_main_0_30fps_frame0060.png,q_30_main_0_30fps_frame0060,poorly
9777,q_30_main_0_30fps_frame0075.png,q_30_main_0_30fps_frame0075,Well.
9777,q_30_main_0_30fps_frame0090.png,q_30_main_0_30fps_frame0090,Well.
9777,q_3_main_1_30fps_frame0014.png,q_3_main_1_30fps_frame0014,Well.
9777,q_3_main_1_30fps_frame0029.png,q_3_main_1_30fps_frame0029,Well.
9777,q_3_main_1_30fps_frame0044.png,q_3_main_1_30fps_frame0044,Well.
9777,q_3_main_1_30fps_frame0059.png,q_3_main_1_30fps_frame0059,Well.
9777,q_3_main_1_30fps_frame0074.png,q_3_main_1_30fps_frame0074,Well.
9777,q_3_main_1_30fps_frame0089.png,q_3_main_1_30fps_frame0089,Well.
9777,q_4_main_1_30fps_frame0015.png,q_4_main_1_30fps_frame0015,Well.
9777,q_4_main_1_30fps_frame0030.png,q_4_main_1_30fps_frame0030,Well.
9777,q_4_main_1_30fps_frame0045.png,q_4_main_1_30fps_frame0045,Well.
9777,q_4_main_1_30fps_frame0060.png,q_4_main_1_30fps_frame0060,Well.
9777,q_4_main_1_30fps_frame0075.png,q_4_main_1_30fps_frame0075,Well.
9777,q_4_main_1_30fps_frame0090.png,q_4_main_1_30fps_frame0090,Well.
9777,q_7_main_1_30fps_frame0014.png,q_7_main_1_30fps_frame0014,Well.
9777,q_7_main_1_30fps_frame0029.png,q_7_main_1_30fps_frame0029,Well.
9777,q_7_main_1_30fps_frame0044.png,q_7_main_1_30fps_frame0044,Well.
9777,q_7_main_1_30fps_frame0059.png,q_7_main_1_30fps_frame0059,Well.
9777,q_7_main_1_30fps_frame0074.png,q_7_main_1_30fps_frame0074,Well.
9777,q_7_main_1_30fps_frame0089.png,q_7_main_1_30fps_frame0089,Well.
9777,q_9_main_0_30fps_frame0014.png,q_9_main_0_30fps_frame0014,Well.
9777,q_9_main_0_30fps_frame0029.png,q_9_main_0_30fps_frame0029,Well.
9777,q_9_main_0_30fps_frame0044.png,q_9_main_0_30fps_frame0044,Well.
9777,q_9_main_0_30fps_frame0059.png,q_9_main_0_30fps_frame0059,Well.
9777,q_9_main_0_30fps_frame0074.png,q_9_main_0_30fps_frame0074,poorly
9777,q_9_main_0_30fps_frame0089.png,q_9_main_0_30fps_frame0089,Well.
9777,q_warmup_4_main_0_30fps_frame0014.png,q_warmup_4_main_0_30fps_frame0014,Well.
9777,q_warmup_4_main_0_30fps_frame0029.png,q_warmup_4_main_0_30fps_frame0029,poorly
9777,q_warmup_4_main_0_30fps_frame0044.png,q_warmup_4_main_0_30fps_frame0044,poorly
9777,q_warmup_4_main_0_30fps_frame0059.png,q_warmup_4_main_0_30fps_frame0059,poorly
9777,q_warmup_4_main_0_30fps_frame0074.png,q_warmup_4_main_0_30fps_frame0074,poorly
9777,q_warmup_4_main_0_30fps_frame0089.png,q_warmup_4_main_0_30fps_frame0089,Well.
9777,q_warmup_5_main_1_30fps_frame0014.png,q_warmup_5_main_1_30fps_frame0014,Well.
9777,q_warmup_5_main_1_30fps_frame0029.png,q_warmup_5_main_1_30fps_frame0029,Well.
9777,q_warmup_5_main_1_30fps_frame0044.png,q_warmup_5_main_1_30fps_frame0044,poorly
9777,q_warmup_5_main_1_30fps_frame0059.png,q_warmup_5_main_1_30fps_frame0059,Well.
9777,q_warmup_5_main_1_30fps_frame0074.png,q_warmup_5_main_1_30fps_frame0074,poorly
9777,q_warmup_5_main_1_30fps_frame0089.png,q_warmup_5_main_1_30fps_frame0089,poorly
9941,q_10_main_0_30fps_frame0014.png,q_10_main_0_30fps_frame0014,Well.
9941,q_10_main_0_30fps_frame0029.png,q_10_main_0_30fps_frame0029,poorly
9941,q_10_main_0_30fps_frame0044.png,q_10_main_0_30fps_frame0044,Well.
9941,q_10_main_0_30fps_frame0059.png,q_10_main_0_30fps_frame0059,Well.
9941,q_10_main_0_30fps_frame0074.png,q_10_main_0_30fps_frame0074,Well.
9941,q_10_main_0_30fps_frame0089.png,q_10_main_0_30fps_frame0089,Well.
9941,q_11_main_1_30fps_frame0013.png,q_11_main_1_30fps_frame0013,Well.
9941,q_11_main_1_30fps_frame0028.png,q_11_main_1_30fps_frame0028,Well.
9941,q_11_main_1_30fps_frame0043.png,q_11_main_1_30fps_frame0043,Well.
9941,q_11_main_1_30fps_frame0058.png,q_11_main_1_30fps_frame0058,Well.
9941,q_11_main_1_30fps_frame0073.png,q_11_main_1_30fps_frame0073,Well.
9941,q_11_main_1_30fps_frame0088.png,q_11_main_1_30fps_frame0088,Well.
9941,q_12_main_0_30fps_frame0014.png,q_12_main_0_30fps_frame0014,Well.
9941,q_12_main_0_30fps_frame0029.png,q_12_main_0_30fps_frame0029,Well.
9941,q_12_main_0_30fps_frame0044.png,q_12_main_0_30fps_frame0044,poorly
9941,q_12_main_0_30fps_frame0059.png,q_12_main_0_30fps_frame0059,Well.
9941,q_12_main_0_30fps_frame0074.png,q_12_main_0_30fps_frame0074,Well.
9941,q_12_main_0_30fps_frame0089.png,q_12_main_0_30fps_frame0089,poorly
9941,q_13_main_1_30fps_frame0014.png,q_13_main_1_30fps_frame0014,poorly
9941,q_13_main_1_30fps_frame0029.png,q_13_main_1_30fps_frame0029,Well.
9941,q_13_main_1_30fps_frame0044.png,q_13_main_1_30fps_frame0044,Well.
9941,q_13_main_1_30fps_frame0059.png,q_13_main_1_30fps_frame0059,poorly
9941,q_13_main_1_30fps_frame0074.png,q_13_main_1_30fps_frame0074,Well.
9941,q_13_main_1_30fps_frame0089.png,q_13_main_1_30fps_frame0089,Well.
9941,q_14_main_0_30fps_frame0014.png,q_14_main_0_30fps_frame0014,Well.
9941,q_14_main_0_30fps_frame0029.png,q_14_main_0_30fps_frame0029,Well.
9941,q_14_main_0_30fps_frame0044.png,q_14_main_0_30fps_frame0044,Well.
9941,q_14_main_0_30fps_frame0059.png,q_14_main_0_30fps_frame0059,Well.
9941,q_14_main_0_30fps_frame0074.png,q_14_main_0_30fps_frame0074,Well.
9941,q_14_main_0_30fps_frame0089.png,q_14_main_0_30fps_frame0089,Well.
9941,q_15_main_1_30fps_frame0014.png,q_15_main_1_30fps_frame0014,Well.
9941,q_15_main_1_30fps_frame0029.png,q_15_main_1_30fps_frame0029,Well.
9941,q_15_main_1_30fps_frame0044.png,q_15_main_1_30fps_frame0044,Well.
9941,q_15_main_1_30fps_frame0059.png,q_15_main_1_30fps_frame0059,Well.
9941,q_15_main_1_30fps_frame0074.png,q_15_main_1_30fps_frame0074,Well.
9941,q_15_main_1_30fps_frame0089.png,q_15_main_1_30fps_frame0089,Well.
9941,q_16_main_1_30fps_frame0015.png,q_16_main_1_30fps_frame0015,poorly
9941,q_16_main_1_30fps_frame0030.png,q_16_main_1_30fps_frame0030,poorly
9941,q_16_main_1_30fps_frame0045.png,q_16_main_1_30fps_frame0045,Well.
9941,q_16_main_1_30fps_frame0060.png,q_16_main_1_30fps_frame0060,Well.
9941,q_16_main_1_30fps_frame0075.png,q_16_main_1_30fps_frame0075,Well.
9941,q_16_main_1_30fps_frame0090.png,q_16_main_1_30fps_frame0090,Poorly.
9941,q_19_main_0_30fps_frame0015.png,q_19_main_0_30fps_frame0015,Well.
9941,q_19_main_0_30fps_frame0030.png,q_19_main_0_30fps_frame0030,Well.
9941,q_19_main_0_30fps_frame0045.png,q_19_main_0_30fps_frame0045,Well.
9941,q_19_main_0_30fps_frame0060.png,q_19_main_0_30fps_frame0060,Well.
9941,q_19_main_0_30fps_frame0075.png,q_19_main_0_30fps_frame0075,Well.
9941,q_19_main_0_30fps_frame0090.png,q_19_main_0_30fps_frame0090,poorly
9941,q_20_main_0_30fps_frame0015.png,q_20_main_0_30fps_frame0015,poorly
9941,q_20_main_0_30fps_frame0030.png,q_20_main_0_30fps_frame0030,Well.
9941,q_20_main_0_30fps_frame0045.png,q_20_main_0_30fps_frame0045,Well.
9941,q_20_main_0_30fps_frame0060.png,q_20_main_0_30fps_frame0060,Well.
9941,q_20_main_0_30fps_frame0075.png,q_20_main_0_30fps_frame0075,Well.
9941,q_20_main_0_30fps_frame0090.png,q_20_main_0_30fps_frame0090,Well.
9941,q_25_main_0_30fps_frame0014.png,q_25_main_0_30fps_frame0014,Well.
9941,q_25_main_0_30fps_frame0029.png,q_25_main_0_30fps_frame0029,Well.
9941,q_25_main_0_30fps_frame0044.png,q_25_main_0_30fps_frame0044,Poorly.
9941,q_25_main_0_30fps_frame0059.png,q_25_main_0_30fps_frame0059,poorly
9941,q_25_main_0_30fps_frame0074.png,q_25_main_0_30fps_frame0074,poorly
9941,q_25_main_0_30fps_frame0089.png,q_25_main_0_30fps_frame0089,Well.
9941,q_27_main_1_30fps_frame0012.png,q_27_main_1_30fps_frame0012,Poorly.
9941,q_27_main_1_30fps_frame0027.png,q_27_main_1_30fps_frame0027,poorly
9941,q_27_main_1_30fps_frame0042.png,q_27_main_1_30fps_frame0042,Well.
9941,q_27_main_1_30fps_frame0057.png,q_27_main_1_30fps_frame0057,Well.
9941,q_27_main_1_30fps_frame0072.png,q_27_main_1_30fps_frame0072,Well.
9941,q_27_main_1_30fps_frame0087.png,q_27_main_1_30fps_frame0087,Well.
9941,q_28_main_0_30fps_frame0014.png,q_28_main_0_30fps_frame0014,Well.
9941,q_28_main_0_30fps_frame0029.png,q_28_main_0_30fps_frame0029,Well.
9941,q_28_main_0_30fps_frame0044.png,q_28_main_0_30fps_frame0044,Well.
9941,q_28_main_0_30fps_frame0059.png,q_28_main_0_30fps_frame0059,Well.
9941,q_28_main_0_30fps_frame0074.png,q_28_main_0_30fps_frame0074,Well.
9941,q_28_main_0_30fps_frame0089.png,q_28_main_0_30fps_frame0089,Well.
9941,q_29_main_0_30fps_frame0014.png,q_29_main_0_30fps_frame0014,Well.
9941,q_29_main_0_30fps_frame0029.png,q_29_main_0_30fps_frame0029,Well.
9941,q_29_main_0_30fps_frame0044.png,q_29_main_0_30fps_frame0044,Well.
9941,q_29_main_0_30fps_frame0059.png,q_29_main_0_30fps_frame0059,Well.
9941,q_29_main_0_30fps_frame0074.png,q_29_main_0_30fps_frame0074,Well.
9941,q_29_main_0_30fps_frame0089.png,q_29_main_0_30fps_frame0089,Well.
9941,q_2_main_1_30fps_frame0014.png,q_2_main_1_30fps_frame0014,poorly
9941,q_2_main_1_30fps_frame0029.png,q_2_main_1_30fps_frame0029,Well.
9941,q_2_main_1_30fps_frame0044.png,q_2_main_1_30fps_frame0044,Well.
9941,q_2_main_1_30fps_frame0059.png,q_2_main_1_30fps_frame0059,Well.
9941,q_2_main_1_30fps_frame0074.png,q_2_main_1_30fps_frame0074,poorly
9941,q_2_main_1_30fps_frame0089.png,q_2_main_1_30fps_frame0089,poorly
9941,q_30_main_1_30fps_frame0013.png,q_30_main_1_30fps_frame0013,poorly
9941,q_30_main_1_30fps_frame0028.png,q_30_main_1_30fps_frame0028,Well.
9941,q_30_main_1_30fps_frame0043.png,q_30_main_1_30fps_frame0043,Well.
9941,q_30_main_1_30fps_frame0058.png,q_30_main_1_30fps_frame0058,poorly
9941,q_30_main_1_30fps_frame0073.png,q_30_main_1_30fps_frame0073,Well.
9941,q_30_main_1_30fps_frame0088.png,q_30_main_1_30fps_frame0088,Poorly.
9941,q_3_main_1_30fps_frame0013.png,q_3_main_1_30fps_frame0013,poorly
9941,q_3_main_1_30fps_frame0028.png,q_3_main_1_30fps_frame0028,Well.
9941,q_3_main_1_30fps_frame0043.png,q_3_main_1_30fps_frame0043,Well.
9941,q_3_main_1_30fps_frame0058.png,q_3_main_1_30fps_frame0058,Well.
9941,q_3_main_1_30fps_frame0073.png,q_3_main_1_30fps_frame0073,poorly
9941,q_3_main_1_30fps_frame0088.png,q_3_main_1_30fps_frame0088,Well.
9941,q_7_main_1_30fps_frame0014.png,q_7_main_1_30fps_frame0014,Well.
9941,q_7_main_1_30fps_frame0029.png,q_7_main_1_30fps_frame0029,Well.
9941,q_7_main_1_30fps_frame0044.png,q_7_main_1_30fps_frame0044,Well.
9941,q_7_main_1_30fps_frame0059.png,q_7_main_1_30fps_frame0059,Well.
9941,q_7_main_1_30fps_frame0074.png,q_7_main_1_30fps_frame0074,poorly
9941,q_7_main_1_30fps_frame0089.png,q_7_main_1_30fps_frame0089,Well.
9941,q_warmup_5_main_1_30fps_frame0015.png,q_warmup_5_main_1_30fps_frame0015,Well.
9941,q_warmup_5_main_1_30fps_frame0030.png,q_warmup_5_main_1_30fps_frame0030,Well.
9941,q_warmup_5_main_1_30fps_frame0045.png,q_warmup_5_main_1_30fps_frame0045,Well.
9941,q_warmup_5_main_1_30fps_frame0060.png,q_warmup_5_main_1_30fps_frame0060,Well.
9941,q_warmup_5_main_1_30fps_frame0075.png,q_warmup_5_main_1_30fps_frame0075,Well.
9941,q_warmup_5_main_1_30fps_frame0090.png,q_warmup_5_main_1_30fps_frame0090,Poorly.
