model,dataset_duration,participant,frame_file,frame_name,outcome_prediction,video_name
deepseek-ocr_1s,1s,1048,q_10_main_0_30fps_frame0015.png,q_10_main_0_30fps_frame0015,well,q_10
deepseek-ocr_1s,1s,1048,q_10_main_0_30fps_frame0030.png,q_10_main_0_30fps_frame0030,well,q_10
deepseek-ocr_1s,1s,1048,q_11_main_0_30fps_frame0014.png,q_11_main_0_30fps_frame0014,well,q_11
deepseek-ocr_1s,1s,1048,q_11_main_0_30fps_frame0029.png,q_11_main_0_30fps_frame0029,well,q_11
deepseek-ocr_1s,1s,1048,q_12_main_1_30fps_frame0015.png,q_12_main_1_30fps_frame0015,well,q_12
deepseek-ocr_1s,1s,1048,q_12_main_1_30fps_frame0030.png,q_12_main_1_30fps_frame0030,well,q_12
deepseek-ocr_1s,1s,1048,q_13_main_0_30fps_frame0015.png,q_13_main_0_30fps_frame0015,well,q_13
deepseek-ocr_1s,1s,1048,q_13_main_0_30fps_frame0030.png,q_13_main_0_30fps_frame0030,well,q_13
deepseek-ocr_1s,1s,1048,q_14_main_0_30fps_frame0014.png,q_14_main_0_30fps_frame0014,well,q_14
deepseek-ocr_1s,1s,1048,q_14_main_0_30fps_frame0029.png,q_14_main_0_30fps_frame0029,well,q_14
deepseek-ocr_1s,1s,1048,q_15_main_1_30fps_frame0013.png,q_15_main_1_30fps_frame0013,well,q_15
deepseek-ocr_1s,1s,1048,q_15_main_1_30fps_frame0028.png,q_15_main_1_30fps_frame0028,well,q_15
deepseek-ocr_1s,1s,1048,q_16_main_1_30fps_frame0015.png,q_16_main_1_30fps_frame0015,well,q_16
deepseek-ocr_1s,1s,1048,q_16_main_1_30fps_frame0030.png,q_16_main_1_30fps_frame0030,well,q_16
deepseek-ocr_1s,1s,1048,q_17_main_1_30fps_frame0013.png,q_17_main_1_30fps_frame0013,well,q_17
deepseek-ocr_1s,1s,1048,q_17_main_1_30fps_frame0028.png,q_17_main_1_30fps_frame0028,well,q_17
deepseek-ocr_1s,1s,1048,q_18_main_0_30fps_frame0014.png,q_18_main_0_30fps_frame0014,well,q_18
deepseek-ocr_1s,1s,1048,q_18_main_0_30fps_frame0029.png,q_18_main_0_30fps_frame0029,well,q_18
deepseek-ocr_1s,1s,1048,q_19_main_0_30fps_frame0014.png,q_19_main_0_30fps_frame0014,well,q_19
deepseek-ocr_1s,1s,1048,q_19_main_0_30fps_frame0029.png,q_19_main_0_30fps_frame0029,well,q_19
deepseek-ocr_1s,1s,1048,q_1_main_0_30fps_frame0014.png,q_1_main_0_30fps_frame0014,well,q_1
deepseek-ocr_1s,1s,1048,q_1_main_0_30fps_frame0029.png,q_1_main_0_30fps_frame0029,well,q_1
deepseek-ocr_1s,1s,1048,q_20_main_0_30fps_frame0014.png,q_20_main_0_30fps_frame0014,well,q_20
deepseek-ocr_1s,1s,1048,q_20_main_0_30fps_frame0029.png,q_20_main_0_30fps_frame0029,well,q_20
deepseek-ocr_1s,1s,1048,q_21_main_1_30fps_frame0014.png,q_21_main_1_30fps_frame0014,well,q_21
deepseek-ocr_1s,1s,1048,q_21_main_1_30fps_frame0029.png,q_21_main_1_30fps_frame0029,well,q_21
deepseek-ocr_1s,1s,1048,q_22_main_0_30fps_frame0012.png,q_22_main_0_30fps_frame0012,well,q_22
deepseek-ocr_1s,1s,1048,q_22_main_0_30fps_frame0027.png,q_22_main_0_30fps_frame0027,well,q_22
deepseek-ocr_1s,1s,1048,q_23_main_0_30fps_frame0014.png,q_23_main_0_30fps_frame0014,well,q_23
deepseek-ocr_1s,1s,1048,q_23_main_0_30fps_frame0029.png,q_23_main_0_30fps_frame0029,well,q_23
deepseek-ocr_1s,1s,1048,q_24_main_0_30fps_frame0014.png,q_24_main_0_30fps_frame0014,well,q_24
deepseek-ocr_1s,1s,1048,q_24_main_0_30fps_frame0029.png,q_24_main_0_30fps_frame0029,well,q_24
deepseek-ocr_1s,1s,1048,q_25_main_0_30fps_frame0014.png,q_25_main_0_30fps_frame0014,well,q_25
deepseek-ocr_1s,1s,1048,q_25_main_0_30fps_frame0029.png,q_25_main_0_30fps_frame0029,well,q_25
deepseek-ocr_1s,1s,1048,q_26_main_0_30fps_frame0014.png,q_26_main_0_30fps_frame0014,well,q_26
deepseek-ocr_1s,1s,1048,q_26_main_0_30fps_frame0029.png,q_26_main_0_30fps_frame0029,well,q_26
deepseek-ocr_1s,1s,1048,q_27_main_0_30fps_frame0013.png,q_27_main_0_30fps_frame0013,well,q_27
deepseek-ocr_1s,1s,1048,q_27_main_0_30fps_frame0028.png,q_27_main_0_30fps_frame0028,well,q_27
deepseek-ocr_1s,1s,1048,q_28_main_1_30fps_frame0015.png,q_28_main_1_30fps_frame0015,well,q_28
deepseek-ocr_1s,1s,1048,q_28_main_1_30fps_frame0030.png,q_28_main_1_30fps_frame0030,well,q_28
deepseek-ocr_1s,1s,1048,q_29_main_0_30fps_frame0015.png,q_29_main_0_30fps_frame0015,well,q_29
deepseek-ocr_1s,1s,1048,q_29_main_0_30fps_frame0030.png,q_29_main_0_30fps_frame0030,well,q_29
deepseek-ocr_1s,1s,1048,q_2_main_1_30fps_frame0014.png,q_2_main_1_30fps_frame0014,well,q_2
deepseek-ocr_1s,1s,1048,q_2_main_1_30fps_frame0029.png,q_2_main_1_30fps_frame0029,well,q_2
deepseek-ocr_1s,1s,1048,q_30_main_0_30fps_frame0014.png,q_30_main_0_30fps_frame0014,well,q_30
deepseek-ocr_1s,1s,1048,q_30_main_0_30fps_frame0029.png,q_30_main_0_30fps_frame0029,well,q_30
deepseek-ocr_1s,1s,1048,q_3_main_1_30fps_frame0014.png,q_3_main_1_30fps_frame0014,well,q_3
deepseek-ocr_1s,1s,1048,q_3_main_1_30fps_frame0029.png,q_3_main_1_30fps_frame0029,well,q_3
deepseek-ocr_1s,1s,1048,q_4_main_1_30fps_frame0014.png,q_4_main_1_30fps_frame0014,well,q_4
deepseek-ocr_1s,1s,1048,q_4_main_1_30fps_frame0029.png,q_4_main_1_30fps_frame0029,well,q_4
deepseek-ocr_1s,1s,1048,q_5_main_0_30fps_frame0015.png,q_5_main_0_30fps_frame0015,well,q_5
deepseek-ocr_1s,1s,1048,q_5_main_0_30fps_frame0030.png,q_5_main_0_30fps_frame0030,well,q_5
deepseek-ocr_1s,1s,1048,q_6_main_1_30fps_frame0015.png,q_6_main_1_30fps_frame0015,well,q_6
deepseek-ocr_1s,1s,1048,q_6_main_1_30fps_frame0030.png,q_6_main_1_30fps_frame0030,well,q_6
deepseek-ocr_1s,1s,1048,q_7_main_1_30fps_frame0014.png,q_7_main_1_30fps_frame0014,well,q_7
deepseek-ocr_1s,1s,1048,q_7_main_1_30fps_frame0029.png,q_7_main_1_30fps_frame0029,well,q_7
deepseek-ocr_1s,1s,1048,q_8_main_0_30fps_frame0015.png,q_8_main_0_30fps_frame0015,well,q_8
deepseek-ocr_1s,1s,1048,q_8_main_0_30fps_frame0030.png,q_8_main_0_30fps_frame0030,well,q_8
deepseek-ocr_1s,1s,1048,q_9_main_0_30fps_frame0013.png,q_9_main_0_30fps_frame0013,well,q_9
deepseek-ocr_1s,1s,1048,q_9_main_0_30fps_frame0028.png,q_9_main_0_30fps_frame0028,well,q_9
deepseek-ocr_1s,1s,1251,q_10_main_0_30fps_frame0015.png,q_10_main_0_30fps_frame0015,well,q_10
deepseek-ocr_1s,1s,1251,q_10_main_0_30fps_frame0030.png,q_10_main_0_30fps_frame0030,well,q_10
deepseek-ocr_1s,1s,1251,q_11_main_1_30fps_frame0014.png,q_11_main_1_30fps_frame0014,well,q_11
deepseek-ocr_1s,1s,1251,q_11_main_1_30fps_frame0029.png,q_11_main_1_30fps_frame0029,well,q_11
deepseek-ocr_1s,1s,1251,q_12_main_1_30fps_frame0015.png,q_12_main_1_30fps_frame0015,well,q_12
deepseek-ocr_1s,1s,1251,q_12_main_1_30fps_frame0030.png,q_12_main_1_30fps_frame0030,well,q_12
deepseek-ocr_1s,1s,1251,q_13_main_1_30fps_frame0015.png,q_13_main_1_30fps_frame0015,well,q_13
deepseek-ocr_1s,1s,1251,q_13_main_1_30fps_frame0030.png,q_13_main_1_30fps_frame0030,well,q_13
deepseek-ocr_1s,1s,1251,q_14_main_0_30fps_frame0014.png,q_14_main_0_30fps_frame0014,well,q_14
deepseek-ocr_1s,1s,1251,q_14_main_0_30fps_frame0029.png,q_14_main_0_30fps_frame0029,well,q_14
deepseek-ocr_1s,1s,1251,q_15_main_1_30fps_frame0014.png,q_15_main_1_30fps_frame0014,well,q_15
deepseek-ocr_1s,1s,1251,q_15_main_1_30fps_frame0029.png,q_15_main_1_30fps_frame0029,well,q_15
deepseek-ocr_1s,1s,1251,q_16_main_1_30fps_frame0014.png,q_16_main_1_30fps_frame0014,well,q_16
deepseek-ocr_1s,1s,1251,q_16_main_1_30fps_frame0029.png,q_16_main_1_30fps_frame0029,well,q_16
deepseek-ocr_1s,1s,1251,q_17_main_0_30fps_frame0014.png,q_17_main_0_30fps_frame0014,well,q_17
deepseek-ocr_1s,1s,1251,q_17_main_0_30fps_frame0029.png,q_17_main_0_30fps_frame0029,well,q_17
deepseek-ocr_1s,1s,1251,q_18_main_0_30fps_frame0015.png,q_18_main_0_30fps_frame0015,well,q_18
deepseek-ocr_1s,1s,1251,q_18_main_0_30fps_frame0030.png,q_18_main_0_30fps_frame0030,well,q_18
deepseek-ocr_1s,1s,1251,q_19_main_0_30fps_frame0014.png,q_19_main_0_30fps_frame0014,well,q_19
deepseek-ocr_1s,1s,1251,q_19_main_0_30fps_frame0029.png,q_19_main_0_30fps_frame0029,well,q_19
deepseek-ocr_1s,1s,1251,q_1_main_0_30fps_frame0015.png,q_1_main_0_30fps_frame0015,well,q_1
deepseek-ocr_1s,1s,1251,q_1_main_0_30fps_frame0030.png,q_1_main_0_30fps_frame0030,well,q_1
deepseek-ocr_1s,1s,1251,q_20_main_0_30fps_frame0015.png,q_20_main_0_30fps_frame0015,well,q_20
deepseek-ocr_1s,1s,1251,q_20_main_0_30fps_frame0030.png,q_20_main_0_30fps_frame0030,well,q_20
deepseek-ocr_1s,1s,1251,q_21_main_0_30fps_frame0015.png,q_21_main_0_30fps_frame0015,well,q_21
deepseek-ocr_1s,1s,1251,q_21_main_0_30fps_frame0030.png,q_21_main_0_30fps_frame0030,well,q_21
deepseek-ocr_1s,1s,1251,q_22_main_0_30fps_frame0015.png,q_22_main_0_30fps_frame0015,well,q_22
deepseek-ocr_1s,1s,1251,q_22_main_0_30fps_frame0030.png,q_22_main_0_30fps_frame0030,well,q_22
deepseek-ocr_1s,1s,1251,q_23_main_1_30fps_frame0014.png,q_23_main_1_30fps_frame0014,well,q_23
deepseek-ocr_1s,1s,1251,q_23_main_1_30fps_frame0029.png,q_23_main_1_30fps_frame0029,well,q_23
deepseek-ocr_1s,1s,1251,q_24_main_0_30fps_frame0015.png,q_24_main_0_30fps_frame0015,well,q_24
deepseek-ocr_1s,1s,1251,q_24_main_0_30fps_frame0030.png,q_24_main_0_30fps_frame0030,well,q_24
deepseek-ocr_1s,1s,1251,q_25_main_0_30fps_frame0015.png,q_25_main_0_30fps_frame0015,well,q_25
deepseek-ocr_1s,1s,1251,q_25_main_0_30fps_frame0030.png,q_25_main_0_30fps_frame0030,well,q_25
deepseek-ocr_1s,1s,1251,q_26_main_1_30fps_frame0014.png,q_26_main_1_30fps_frame0014,well,q_26
deepseek-ocr_1s,1s,1251,q_26_main_1_30fps_frame0029.png,q_26_main_1_30fps_frame0029,well,q_26
deepseek-ocr_1s,1s,1251,q_27_main_0_30fps_frame0015.png,q_27_main_0_30fps_frame0015,well,q_27
deepseek-ocr_1s,1s,1251,q_27_main_0_30fps_frame0030.png,q_27_main_0_30fps_frame0030,well,q_27
deepseek-ocr_1s,1s,1251,q_28_main_0_30fps_frame0015.png,q_28_main_0_30fps_frame0015,well,q_28
deepseek-ocr_1s,1s,1251,q_28_main_0_30fps_frame0030.png,q_28_main_0_30fps_frame0030,well,q_28
deepseek-ocr_1s,1s,1251,q_29_main_0_30fps_frame0014.png,q_29_main_0_30fps_frame0014,well,q_29
deepseek-ocr_1s,1s,1251,q_29_main_0_30fps_frame0029.png,q_29_main_0_30fps_frame0029,well,q_29
deepseek-ocr_1s,1s,1251,q_2_main_1_30fps_frame0015.png,q_2_main_1_30fps_frame0015,well,q_2
deepseek-ocr_1s,1s,1251,q_2_main_1_30fps_frame0030.png,q_2_main_1_30fps_frame0030,well,q_2
deepseek-ocr_1s,1s,1251,q_30_main_0_30fps_frame0014.png,q_30_main_0_30fps_frame0014,well,q_30
deepseek-ocr_1s,1s,1251,q_30_main_0_30fps_frame0029.png,q_30_main_0_30fps_frame0029,well,q_30
deepseek-ocr_1s,1s,1251,q_3_main_0_30fps_frame0014.png,q_3_main_0_30fps_frame0014,well,q_3
deepseek-ocr_1s,1s,1251,q_3_main_0_30fps_frame0029.png,q_3_main_0_30fps_frame0029,well,q_3
deepseek-ocr_1s,1s,1251,q_4_main_1_30fps_frame0013.png,q_4_main_1_30fps_frame0013,well,q_4
deepseek-ocr_1s,1s,1251,q_4_main_1_30fps_frame0028.png,q_4_main_1_30fps_frame0028,well,q_4
deepseek-ocr_1s,1s,1251,q_5_main_0_30fps_frame0014.png,q_5_main_0_30fps_frame0014,well,q_5
deepseek-ocr_1s,1s,1251,q_5_main_0_30fps_frame0029.png,q_5_main_0_30fps_frame0029,well,q_5
deepseek-ocr_1s,1s,1251,q_6_main_1_30fps_frame0014.png,q_6_main_1_30fps_frame0014,well,q_6
deepseek-ocr_1s,1s,1251,q_6_main_1_30fps_frame0029.png,q_6_main_1_30fps_frame0029,well,q_6
deepseek-ocr_1s,1s,1251,q_7_main_1_30fps_frame0015.png,q_7_main_1_30fps_frame0015,well,q_7
deepseek-ocr_1s,1s,1251,q_7_main_1_30fps_frame0030.png,q_7_main_1_30fps_frame0030,well,q_7
deepseek-ocr_1s,1s,1251,q_8_main_0_30fps_frame0014.png,q_8_main_0_30fps_frame0014,well,q_8
deepseek-ocr_1s,1s,1251,q_8_main_0_30fps_frame0029.png,q_8_main_0_30fps_frame0029,well,q_8
deepseek-ocr_1s,1s,1251,q_9_main_1_30fps_frame0014.png,q_9_main_1_30fps_frame0014,well,q_9
deepseek-ocr_1s,1s,1251,q_9_main_1_30fps_frame0029.png,q_9_main_1_30fps_frame0029,well,q_9
deepseek-ocr_1s,1s,1483,q_10_main_1_30fps_frame0013.png,q_10_main_1_30fps_frame0013,well,q_10
deepseek-ocr_1s,1s,1483,q_10_main_1_30fps_frame0028.png,q_10_main_1_30fps_frame0028,well,q_10
deepseek-ocr_1s,1s,1483,q_11_main_1_30fps_frame0013.png,q_11_main_1_30fps_frame0013,well,q_11
deepseek-ocr_1s,1s,1483,q_11_main_1_30fps_frame0028.png,q_11_main_1_30fps_frame0028,well,q_11
deepseek-ocr_1s,1s,1483,q_12_main_1_30fps_frame0014.png,q_12_main_1_30fps_frame0014,well,q_12
deepseek-ocr_1s,1s,1483,q_12_main_1_30fps_frame0029.png,q_12_main_1_30fps_frame0029,well,q_12
deepseek-ocr_1s,1s,1483,q_13_main_0_30fps_frame0015.png,q_13_main_0_30fps_frame0015,well,q_13
deepseek-ocr_1s,1s,1483,q_13_main_0_30fps_frame0030.png,q_13_main_0_30fps_frame0030,well,q_13
deepseek-ocr_1s,1s,1483,q_14_main_0_30fps_frame0015.png,q_14_main_0_30fps_frame0015,well,q_14
deepseek-ocr_1s,1s,1483,q_14_main_0_30fps_frame0030.png,q_14_main_0_30fps_frame0030,well,q_14
deepseek-ocr_1s,1s,1483,q_15_main_1_30fps_frame0015.png,q_15_main_1_30fps_frame0015,well,q_15
deepseek-ocr_1s,1s,1483,q_15_main_1_30fps_frame0030.png,q_15_main_1_30fps_frame0030,well,q_15
deepseek-ocr_1s,1s,1483,q_16_main_1_30fps_frame0014.png,q_16_main_1_30fps_frame0014,well,q_16
deepseek-ocr_1s,1s,1483,q_16_main_1_30fps_frame0029.png,q_16_main_1_30fps_frame0029,well,q_16
deepseek-ocr_1s,1s,1483,q_17_main_1_30fps_frame0014.png,q_17_main_1_30fps_frame0014,well,q_17
deepseek-ocr_1s,1s,1483,q_17_main_1_30fps_frame0029.png,q_17_main_1_30fps_frame0029,well,q_17
deepseek-ocr_1s,1s,1483,q_18_main_0_30fps_frame0014.png,q_18_main_0_30fps_frame0014,well,q_18
deepseek-ocr_1s,1s,1483,q_18_main_0_30fps_frame0029.png,q_18_main_0_30fps_frame0029,well,q_18
deepseek-ocr_1s,1s,1483,q_19_main_0_30fps_frame0014.png,q_19_main_0_30fps_frame0014,well,q_19
deepseek-ocr_1s,1s,1483,q_19_main_0_30fps_frame0029.png,q_19_main_0_30fps_frame0029,well,q_19
deepseek-ocr_1s,1s,1483,q_21_main_1_30fps_frame0014.png,q_21_main_1_30fps_frame0014,well,q_21
deepseek-ocr_1s,1s,1483,q_21_main_1_30fps_frame0029.png,q_21_main_1_30fps_frame0029,well,q_21
deepseek-ocr_1s,1s,1483,q_22_main_1_30fps_frame0014.png,q_22_main_1_30fps_frame0014,well,q_22
deepseek-ocr_1s,1s,1483,q_22_main_1_30fps_frame0029.png,q_22_main_1_30fps_frame0029,well,q_22
deepseek-ocr_1s,1s,1483,q_23_main_0_30fps_frame0014.png,q_23_main_0_30fps_frame0014,well,q_23
deepseek-ocr_1s,1s,1483,q_23_main_0_30fps_frame0029.png,q_23_main_0_30fps_frame0029,well,q_23
deepseek-ocr_1s,1s,1483,q_24_main_0_30fps_frame0014.png,q_24_main_0_30fps_frame0014,well,q_24
deepseek-ocr_1s,1s,1483,q_24_main_0_30fps_frame0029.png,q_24_main_0_30fps_frame0029,well,q_24
deepseek-ocr_1s,1s,1483,q_25_main_0_30fps_frame0015.png,q_25_main_0_30fps_frame0015,well,q_25
deepseek-ocr_1s,1s,1483,q_25_main_0_30fps_frame0030.png,q_25_main_0_30fps_frame0030,well,q_25
deepseek-ocr_1s,1s,1483,q_26_main_1_30fps_frame0013.png,q_26_main_1_30fps_frame0013,well,q_26
deepseek-ocr_1s,1s,1483,q_26_main_1_30fps_frame0028.png,q_26_main_1_30fps_frame0028,well,q_26
deepseek-ocr_1s,1s,1483,q_27_main_1_30fps_frame0015.png,q_27_main_1_30fps_frame0015,well,q_27
deepseek-ocr_1s,1s,1483,q_27_main_1_30fps_frame0030.png,q_27_main_1_30fps_frame0030,well,q_27
deepseek-ocr_1s,1s,1483,q_28_main_0_30fps_frame0014.png,q_28_main_0_30fps_frame0014,well,q_28
deepseek-ocr_1s,1s,1483,q_28_main_0_30fps_frame0029.png,q_28_main_0_30fps_frame0029,well,q_28
deepseek-ocr_1s,1s,1483,q_29_main_0_30fps_frame0014.png,q_29_main_0_30fps_frame0014,well,q_29
deepseek-ocr_1s,1s,1483,q_29_main_0_30fps_frame0029.png,q_29_main_0_30fps_frame0029,well,q_29
deepseek-ocr_1s,1s,1483,q_2_main_1_30fps_frame0014.png,q_2_main_1_30fps_frame0014,well,q_2
deepseek-ocr_1s,1s,1483,q_2_main_1_30fps_frame0029.png,q_2_main_1_30fps_frame0029,well,q_2
deepseek-ocr_1s,1s,1483,q_30_main_0_30fps_frame0014.png,q_30_main_0_30fps_frame0014,well,q_30
deepseek-ocr_1s,1s,1483,q_30_main_0_30fps_frame0029.png,q_30_main_0_30fps_frame0029,well,q_30
deepseek-ocr_1s,1s,1483,q_3_main_0_30fps_frame0013.png,q_3_main_0_30fps_frame0013,well,q_3
deepseek-ocr_1s,1s,1483,q_3_main_0_30fps_frame0028.png,q_3_main_0_30fps_frame0028,well,q_3
deepseek-ocr_1s,1s,1483,q_4_main_0_30fps_frame0015.png,q_4_main_0_30fps_frame0015,well,q_4
deepseek-ocr_1s,1s,1483,q_4_main_0_30fps_frame0030.png,q_4_main_0_30fps_frame0030,well,q_4
deepseek-ocr_1s,1s,1483,q_5_main_0_30fps_frame0013.png,q_5_main_0_30fps_frame0013,well,q_5
deepseek-ocr_1s,1s,1483,q_5_main_0_30fps_frame0028.png,q_5_main_0_30fps_frame0028,well,q_5
deepseek-ocr_1s,1s,1483,q_6_main_1_30fps_frame0015.png,q_6_main_1_30fps_frame0015,well,q_6
deepseek-ocr_1s,1s,1483,q_6_main_1_30fps_frame0030.png,q_6_main_1_30fps_frame0030,well,q_6
deepseek-ocr_1s,1s,1483,q_7_main_1_30fps_frame0014.png,q_7_main_1_30fps_frame0014,well,q_7
deepseek-ocr_1s,1s,1483,q_7_main_1_30fps_frame0029.png,q_7_main_1_30fps_frame0029,well,q_7
deepseek-ocr_1s,1s,1483,q_8_main_0_30fps_frame0015.png,q_8_main_0_30fps_frame0015,well,q_8
deepseek-ocr_1s,1s,1483,q_8_main_0_30fps_frame0030.png,q_8_main_0_30fps_frame0030,well,q_8
deepseek-ocr_1s,1s,1483,q_9_main_0_30fps_frame0014.png,q_9_main_0_30fps_frame0014,well,q_9
deepseek-ocr_1s,1s,1483,q_9_main_0_30fps_frame0029.png,q_9_main_0_30fps_frame0029,well,q_9
deepseek-ocr_1s,1s,1676,q_10_main_0_30fps_frame0015.png,q_10_main_0_30fps_frame0015,well,q_10
deepseek-ocr_1s,1s,1676,q_10_main_0_30fps_frame0030.png,q_10_main_0_30fps_frame0030,well,q_10
deepseek-ocr_1s,1s,1676,q_11_main_1_30fps_frame0014.png,q_11_main_1_30fps_frame0014,well,q_11
deepseek-ocr_1s,1s,1676,q_11_main_1_30fps_frame0029.png,q_11_main_1_30fps_frame0029,well,q_11
deepseek-ocr_1s,1s,1676,q_12_main_1_30fps_frame0014.png,q_12_main_1_30fps_frame0014,well,q_12
deepseek-ocr_1s,1s,1676,q_12_main_1_30fps_frame0029.png,q_12_main_1_30fps_frame0029,well,q_12
deepseek-ocr_1s,1s,1676,q_13_main_0_30fps_frame0014.png,q_13_main_0_30fps_frame0014,well,q_13
deepseek-ocr_1s,1s,1676,q_13_main_0_30fps_frame0029.png,q_13_main_0_30fps_frame0029,well,q_13
deepseek-ocr_1s,1s,1676,q_14_main_0_30fps_frame0014.png,q_14_main_0_30fps_frame0014,well,q_14
deepseek-ocr_1s,1s,1676,q_14_main_0_30fps_frame0029.png,q_14_main_0_30fps_frame0029,well,q_14
deepseek-ocr_1s,1s,1676,q_15_main_1_30fps_frame0015.png,q_15_main_1_30fps_frame0015,well,q_15
deepseek-ocr_1s,1s,1676,q_15_main_1_30fps_frame0030.png,q_15_main_1_30fps_frame0030,well,q_15
deepseek-ocr_1s,1s,1676,q_16_main_1_30fps_frame0015.png,q_16_main_1_30fps_frame0015,well,q_16
deepseek-ocr_1s,1s,1676,q_16_main_1_30fps_frame0030.png,q_16_main_1_30fps_frame0030,well,q_16
deepseek-ocr_1s,1s,1676,q_17_main_0_30fps_frame0015.png,q_17_main_0_30fps_frame0015,well,q_17
deepseek-ocr_1s,1s,1676,q_17_main_0_30fps_frame0030.png,q_17_main_0_30fps_frame0030,well,q_17
deepseek-ocr_1s,1s,1676,q_18_main_0_30fps_frame0015.png,q_18_main_0_30fps_frame0015,well,q_18
deepseek-ocr_1s,1s,1676,q_18_main_0_30fps_frame0030.png,q_18_main_0_30fps_frame0030,well,q_18
deepseek-ocr_1s,1s,1676,q_19_main_0_30fps_frame0014.png,q_19_main_0_30fps_frame0014,well,q_19
deepseek-ocr_1s,1s,1676,q_19_main_0_30fps_frame0029.png,q_19_main_0_30fps_frame0029,well,q_19
deepseek-ocr_1s,1s,1676,q_1_main_0_30fps_frame0015.png,q_1_main_0_30fps_frame0015,well,q_1
deepseek-ocr_1s,1s,1676,q_1_main_0_30fps_frame0030.png,q_1_main_0_30fps_frame0030,well,q_1
deepseek-ocr_1s,1s,1676,q_20_main_0_30fps_frame0015.png,q_20_main_0_30fps_frame0015,well,q_20
deepseek-ocr_1s,1s,1676,q_20_main_0_30fps_frame0030.png,q_20_main_0_30fps_frame0030,well,q_20
deepseek-ocr_1s,1s,1676,q_21_main_0_30fps_frame0015.png,q_21_main_0_30fps_frame0015,well,q_21
deepseek-ocr_1s,1s,1676,q_21_main_0_30fps_frame0030.png,q_21_main_0_30fps_frame0030,well,q_21
deepseek-ocr_1s,1s,1676,q_22_main_0_30fps_frame0014.png,q_22_main_0_30fps_frame0014,well,q_22
deepseek-ocr_1s,1s,1676,q_22_main_0_30fps_frame0029.png,q_22_main_0_30fps_frame0029,well,q_22
deepseek-ocr_1s,1s,1676,q_23_main_0_30fps_frame0015.png,q_23_main_0_30fps_frame0015,well,q_23
deepseek-ocr_1s,1s,1676,q_23_main_0_30fps_frame0030.png,q_23_main_0_30fps_frame0030,well,q_23
deepseek-ocr_1s,1s,1676,q_24_main_0_30fps_frame0015.png,q_24_main_0_30fps_frame0015,well,q_24
deepseek-ocr_1s,1s,1676,q_24_main_0_30fps_frame0030.png,q_24_main_0_30fps_frame0030,well,q_24
deepseek-ocr_1s,1s,1676,q_25_main_0_30fps_frame0015.png,q_25_main_0_30fps_frame0015,well,q_25
deepseek-ocr_1s,1s,1676,q_25_main_0_30fps_frame0030.png,q_25_main_0_30fps_frame0030,well,q_25
deepseek-ocr_1s,1s,1676,q_26_main_0_30fps_frame0014.png,q_26_main_0_30fps_frame0014,well,q_26
deepseek-ocr_1s,1s,1676,q_26_main_0_30fps_frame0029.png,q_26_main_0_30fps_frame0029,well,q_26
deepseek-ocr_1s,1s,1676,q_27_main_1_30fps_frame0014.png,q_27_main_1_30fps_frame0014,well,q_27
deepseek-ocr_1s,1s,1676,q_27_main_1_30fps_frame0029.png,q_27_main_1_30fps_frame0029,well,q_27
deepseek-ocr_1s,1s,1676,q_28_main_0_30fps_frame0014.png,q_28_main_0_30fps_frame0014,well,q_28
deepseek-ocr_1s,1s,1676,q_28_main_0_30fps_frame0029.png,q_28_main_0_30fps_frame0029,well,q_28
deepseek-ocr_1s,1s,1676,q_29_main_0_30fps_frame0015.png,q_29_main_0_30fps_frame0015,well,q_29
deepseek-ocr_1s,1s,1676,q_29_main_0_30fps_frame0030.png,q_29_main_0_30fps_frame0030,well,q_29
deepseek-ocr_1s,1s,1676,q_2_main_1_30fps_frame0015.png,q_2_main_1_30fps_frame0015,well,q_2
deepseek-ocr_1s,1s,1676,q_2_main_1_30fps_frame0030.png,q_2_main_1_30fps_frame0030,well,q_2
deepseek-ocr_1s,1s,1676,q_30_main_0_30fps_frame0015.png,q_30_main_0_30fps_frame0015,well,q_30
deepseek-ocr_1s,1s,1676,q_30_main_0_30fps_frame0030.png,q_30_main_0_30fps_frame0030,well,q_30
deepseek-ocr_1s,1s,1676,q_3_main_1_30fps_frame0015.png,q_3_main_1_30fps_frame0015,well,q_3
deepseek-ocr_1s,1s,1676,q_3_main_1_30fps_frame0030.png,q_3_main_1_30fps_frame0030,well,q_3
deepseek-ocr_1s,1s,1676,q_4_main_0_30fps_frame0015.png,q_4_main_0_30fps_frame0015,well,q_4
deepseek-ocr_1s,1s,1676,q_4_main_0_30fps_frame0030.png,q_4_main_0_30fps_frame0030,well,q_4
deepseek-ocr_1s,1s,1676,q_5_main_0_30fps_frame0015.png,q_5_main_0_30fps_frame0015,well,q_5
deepseek-ocr_1s,1s,1676,q_5_main_0_30fps_frame0030.png,q_5_main_0_30fps_frame0030,well,q_5
deepseek-ocr_1s,1s,1676,q_6_main_0_30fps_frame0014.png,q_6_main_0_30fps_frame0014,well,q_6
deepseek-ocr_1s,1s,1676,q_6_main_0_30fps_frame0029.png,q_6_main_0_30fps_frame0029,well,q_6
deepseek-ocr_1s,1s,1676,q_7_main_1_30fps_frame0015.png,q_7_main_1_30fps_frame0015,well,q_7
deepseek-ocr_1s,1s,1676,q_7_main_1_30fps_frame0030.png,q_7_main_1_30fps_frame0030,well,q_7
deepseek-ocr_1s,1s,1676,q_8_main_0_30fps_frame0015.png,q_8_main_0_30fps_frame0015,well,q_8
deepseek-ocr_1s,1s,1676,q_8_main_0_30fps_frame0030.png,q_8_main_0_30fps_frame0030,well,q_8
deepseek-ocr_1s,1s,1676,q_9_main_1_30fps_frame0015.png,q_9_main_1_30fps_frame0015,well,q_9
deepseek-ocr_1s,1s,1676,q_9_main_1_30fps_frame0030.png,q_9_main_1_30fps_frame0030,well,q_9
deepseek-ocr_1s,1s,2103,q_10_main_1_30fps_frame0015.png,q_10_main_1_30fps_frame0015,well,q_10
deepseek-ocr_1s,1s,2103,q_10_main_1_30fps_frame0030.png,q_10_main_1_30fps_frame0030,well,q_10
deepseek-ocr_1s,1s,2103,q_11_main_1_30fps_frame0013.png,q_11_main_1_30fps_frame0013,well,q_11
deepseek-ocr_1s,1s,2103,q_11_main_1_30fps_frame0028.png,q_11_main_1_30fps_frame0028,well,q_11
deepseek-ocr_1s,1s,2103,q_12_main_1_30fps_frame0015.png,q_12_main_1_30fps_frame0015,well,q_12
deepseek-ocr_1s,1s,2103,q_12_main_1_30fps_frame0030.png,q_12_main_1_30fps_frame0030,well,q_12
deepseek-ocr_1s,1s,2103,q_13_main_1_30fps_frame0015.png,q_13_main_1_30fps_frame0015,well,q_13
deepseek-ocr_1s,1s,2103,q_13_main_1_30fps_frame0030.png,q_13_main_1_30fps_frame0030,well,q_13
deepseek-ocr_1s,1s,2103,q_14_main_0_30fps_frame0014.png,q_14_main_0_30fps_frame0014,well,q_14
deepseek-ocr_1s,1s,2103,q_14_main_0_30fps_frame0029.png,q_14_main_0_30fps_frame0029,well,q_14
deepseek-ocr_1s,1s,2103,q_15_main_1_30fps_frame0014.png,q_15_main_1_30fps_frame0014,well,q_15
deepseek-ocr_1s,1s,2103,q_15_main_1_30fps_frame0029.png,q_15_main_1_30fps_frame0029,well,q_15
deepseek-ocr_1s,1s,2103,q_16_main_1_30fps_frame0015.png,q_16_main_1_30fps_frame0015,well,q_16
deepseek-ocr_1s,1s,2103,q_16_main_1_30fps_frame0030.png,q_16_main_1_30fps_frame0030,well,q_16
deepseek-ocr_1s,1s,2103,q_17_main_1_30fps_frame0014.png,q_17_main_1_30fps_frame0014,well,q_17
deepseek-ocr_1s,1s,2103,q_17_main_1_30fps_frame0029.png,q_17_main_1_30fps_frame0029,well,q_17
deepseek-ocr_1s,1s,2103,q_18_main_1_30fps_frame0015.png,q_18_main_1_30fps_frame0015,well,q_18
deepseek-ocr_1s,1s,2103,q_18_main_1_30fps_frame0030.png,q_18_main_1_30fps_frame0030,well,q_18
deepseek-ocr_1s,1s,2103,q_19_main_1_30fps_frame0015.png,q_19_main_1_30fps_frame0015,well,q_19
deepseek-ocr_1s,1s,2103,q_19_main_1_30fps_frame0030.png,q_19_main_1_30fps_frame0030,well,q_19
deepseek-ocr_1s,1s,2103,q_1_main_1_30fps_frame0014.png,q_1_main_1_30fps_frame0014,well,q_1
deepseek-ocr_1s,1s,2103,q_1_main_1_30fps_frame0029.png,q_1_main_1_30fps_frame0029,well,q_1
deepseek-ocr_1s,1s,2103,q_20_main_1_30fps_frame0014.png,q_20_main_1_30fps_frame0014,well,q_20
deepseek-ocr_1s,1s,2103,q_20_main_1_30fps_frame0029.png,q_20_main_1_30fps_frame0029,well,q_20
deepseek-ocr_1s,1s,2103,q_21_main_0_30fps_frame0015.png,q_21_main_0_30fps_frame0015,well,q_21
deepseek-ocr_1s,1s,2103,q_21_main_0_30fps_frame0030.png,q_21_main_0_30fps_frame0030,well,q_21
deepseek-ocr_1s,1s,2103,q_22_main_1_30fps_frame0014.png,q_22_main_1_30fps_frame0014,well,q_22
deepseek-ocr_1s,1s,2103,q_22_main_1_30fps_frame0029.png,q_22_main_1_30fps_frame0029,well,q_22
deepseek-ocr_1s,1s,2103,q_23_main_0_30fps_frame0015.png,q_23_main_0_30fps_frame0015,well,q_23
deepseek-ocr_1s,1s,2103,q_23_main_0_30fps_frame0030.png,q_23_main_0_30fps_frame0030,well,q_23
deepseek-ocr_1s,1s,2103,q_24_main_0_30fps_frame0014.png,q_24_main_0_30fps_frame0014,well,q_24
deepseek-ocr_1s,1s,2103,q_24_main_0_30fps_frame0029.png,q_24_main_0_30fps_frame0029,well,q_24
deepseek-ocr_1s,1s,2103,q_25_main_0_30fps_frame0015.png,q_25_main_0_30fps_frame0015,well,q_25
deepseek-ocr_1s,1s,2103,q_25_main_0_30fps_frame0030.png,q_25_main_0_30fps_frame0030,well,q_25
deepseek-ocr_1s,1s,2103,q_26_main_0_30fps_frame0014.png,q_26_main_0_30fps_frame0014,well,q_26
deepseek-ocr_1s,1s,2103,q_26_main_0_30fps_frame0029.png,q_26_main_0_30fps_frame0029,well,q_26
deepseek-ocr_1s,1s,2103,q_27_main_0_30fps_frame0014.png,q_27_main_0_30fps_frame0014,well,q_27
deepseek-ocr_1s,1s,2103,q_27_main_0_30fps_frame0029.png,q_27_main_0_30fps_frame0029,well,q_27
deepseek-ocr_1s,1s,2103,q_28_main_1_30fps_frame0015.png,q_28_main_1_30fps_frame0015,well,q_28
deepseek-ocr_1s,1s,2103,q_28_main_1_30fps_frame0030.png,q_28_main_1_30fps_frame0030,well,q_28
deepseek-ocr_1s,1s,2103,q_29_main_0_30fps_frame0014.png,q_29_main_0_30fps_frame0014,well,q_29
deepseek-ocr_1s,1s,2103,q_29_main_0_30fps_frame0029.png,q_29_main_0_30fps_frame0029,well,q_29
deepseek-ocr_1s,1s,2103,q_2_main_1_30fps_frame0015.png,q_2_main_1_30fps_frame0015,well,q_2
deepseek-ocr_1s,1s,2103,q_2_main_1_30fps_frame0030.png,q_2_main_1_30fps_frame0030,well,q_2
deepseek-ocr_1s,1s,2103,q_30_main_1_30fps_frame0014.png,q_30_main_1_30fps_frame0014,well,q_30
deepseek-ocr_1s,1s,2103,q_30_main_1_30fps_frame0029.png,q_30_main_1_30fps_frame0029,well,q_30
deepseek-ocr_1s,1s,2103,q_3_main_1_30fps_frame0015.png,q_3_main_1_30fps_frame0015,well,q_3
deepseek-ocr_1s,1s,2103,q_3_main_1_30fps_frame0030.png,q_3_main_1_30fps_frame0030,well,q_3
deepseek-ocr_1s,1s,2103,q_4_main_1_30fps_frame0014.png,q_4_main_1_30fps_frame0014,well,q_4
deepseek-ocr_1s,1s,2103,q_4_main_1_30fps_frame0029.png,q_4_main_1_30fps_frame0029,well,q_4
deepseek-ocr_1s,1s,2103,q_5_main_0_30fps_frame0015.png,q_5_main_0_30fps_frame0015,well,q_5
deepseek-ocr_1s,1s,2103,q_5_main_0_30fps_frame0030.png,q_5_main_0_30fps_frame0030,well,q_5
deepseek-ocr_1s,1s,2103,q_6_main_0_30fps_frame0015.png,q_6_main_0_30fps_frame0015,well,q_6
deepseek-ocr_1s,1s,2103,q_6_main_0_30fps_frame0030.png,q_6_main_0_30fps_frame0030,well,q_6
deepseek-ocr_1s,1s,2103,q_7_main_1_30fps_frame0015.png,q_7_main_1_30fps_frame0015,well,q_7
deepseek-ocr_1s,1s,2103,q_7_main_1_30fps_frame0030.png,q_7_main_1_30fps_frame0030,well,q_7
deepseek-ocr_1s,1s,2103,q_8_main_0_30fps_frame0015.png,q_8_main_0_30fps_frame0015,well,q_8
deepseek-ocr_1s,1s,2103,q_8_main_0_30fps_frame0030.png,q_8_main_0_30fps_frame0030,well,q_8
deepseek-ocr_1s,1s,2103,q_9_main_1_30fps_frame0014.png,q_9_main_1_30fps_frame0014,well,q_9
deepseek-ocr_1s,1s,2103,q_9_main_1_30fps_frame0029.png,q_9_main_1_30fps_frame0029,well,q_9
deepseek-ocr_1s,1s,2313,q_10_main_0_30fps_frame0015.png,q_10_main_0_30fps_frame0015,well,q_10
deepseek-ocr_1s,1s,2313,q_10_main_0_30fps_frame0030.png,q_10_main_0_30fps_frame0030,well,q_10
deepseek-ocr_1s,1s,2313,q_11_main_1_30fps_frame0014.png,q_11_main_1_30fps_frame0014,well,q_11
deepseek-ocr_1s,1s,2313,q_11_main_1_30fps_frame0029.png,q_11_main_1_30fps_frame0029,well,q_11
deepseek-ocr_1s,1s,2313,q_12_main_1_30fps_frame0015.png,q_12_main_1_30fps_frame0015,well,q_12
deepseek-ocr_1s,1s,2313,q_12_main_1_30fps_frame0030.png,q_12_main_1_30fps_frame0030,well,q_12
deepseek-ocr_1s,1s,2313,q_13_main_0_30fps_frame0015.png,q_13_main_0_30fps_frame0015,well,q_13
deepseek-ocr_1s,1s,2313,q_13_main_0_30fps_frame0030.png,q_13_main_0_30fps_frame0030,well,q_13
deepseek-ocr_1s,1s,2313,q_14_main_0_30fps_frame0014.png,q_14_main_0_30fps_frame0014,well,q_14
deepseek-ocr_1s,1s,2313,q_14_main_0_30fps_frame0029.png,q_14_main_0_30fps_frame0029,well,q_14
deepseek-ocr_1s,1s,2313,q_15_main_1_30fps_frame0015.png,q_15_main_1_30fps_frame0015,well,q_15
deepseek-ocr_1s,1s,2313,q_15_main_1_30fps_frame0030.png,q_15_main_1_30fps_frame0030,well,q_15
deepseek-ocr_1s,1s,2313,q_16_main_1_30fps_frame0015.png,q_16_main_1_30fps_frame0015,well,q_16
deepseek-ocr_1s,1s,2313,q_16_main_1_30fps_frame0030.png,q_16_main_1_30fps_frame0030,well,q_16
deepseek-ocr_1s,1s,2313,q_17_main_1_30fps_frame0014.png,q_17_main_1_30fps_frame0014,well,q_17
deepseek-ocr_1s,1s,2313,q_17_main_1_30fps_frame0029.png,q_17_main_1_30fps_frame0029,well,q_17
deepseek-ocr_1s,1s,2313,q_18_main_0_30fps_frame0014.png,q_18_main_0_30fps_frame0014,well,q_18
deepseek-ocr_1s,1s,2313,q_18_main_0_30fps_frame0029.png,q_18_main_0_30fps_frame0029,well,q_18
deepseek-ocr_1s,1s,2313,q_19_main_1_30fps_frame0014.png,q_19_main_1_30fps_frame0014,well,q_19
deepseek-ocr_1s,1s,2313,q_19_main_1_30fps_frame0029.png,q_19_main_1_30fps_frame0029,well,q_19
deepseek-ocr_1s,1s,2313,q_1_main_0_30fps_frame0015.png,q_1_main_0_30fps_frame0015,well,q_1
deepseek-ocr_1s,1s,2313,q_1_main_0_30fps_frame0030.png,q_1_main_0_30fps_frame0030,well,q_1
deepseek-ocr_1s,1s,2313,q_20_main_0_30fps_frame0014.png,q_20_main_0_30fps_frame0014,well,q_20
deepseek-ocr_1s,1s,2313,q_20_main_0_30fps_frame0029.png,q_20_main_0_30fps_frame0029,well,q_20
deepseek-ocr_1s,1s,2313,q_21_main_0_30fps_frame0015.png,q_21_main_0_30fps_frame0015,well,q_21
deepseek-ocr_1s,1s,2313,q_21_main_0_30fps_frame0030.png,q_21_main_0_30fps_frame0030,well,q_21
deepseek-ocr_1s,1s,2313,q_22_main_0_30fps_frame0015.png,q_22_main_0_30fps_frame0015,well,q_22
deepseek-ocr_1s,1s,2313,q_22_main_0_30fps_frame0030.png,q_22_main_0_30fps_frame0030,well,q_22
deepseek-ocr_1s,1s,2313,q_23_main_0_30fps_frame0015.png,q_23_main_0_30fps_frame0015,well,q_23
deepseek-ocr_1s,1s,2313,q_23_main_0_30fps_frame0030.png,q_23_main_0_30fps_frame0030,well,q_23
deepseek-ocr_1s,1s,2313,q_24_main_1_30fps_frame0015.png,q_24_main_1_30fps_frame0015,well,q_24
deepseek-ocr_1s,1s,2313,q_24_main_1_30fps_frame0030.png,q_24_main_1_30fps_frame0030,well,q_24
deepseek-ocr_1s,1s,2313,q_25_main_0_30fps_frame0015.png,q_25_main_0_30fps_frame0015,well,q_25
deepseek-ocr_1s,1s,2313,q_25_main_0_30fps_frame0030.png,q_25_main_0_30fps_frame0030,well,q_25
deepseek-ocr_1s,1s,2313,q_26_main_0_30fps_frame0015.png,q_26_main_0_30fps_frame0015,well,q_26
deepseek-ocr_1s,1s,2313,q_26_main_0_30fps_frame0030.png,q_26_main_0_30fps_frame0030,well,q_26
deepseek-ocr_1s,1s,2313,q_27_main_0_30fps_frame0014.png,q_27_main_0_30fps_frame0014,well,q_27
deepseek-ocr_1s,1s,2313,q_27_main_0_30fps_frame0029.png,q_27_main_0_30fps_frame0029,well,q_27
deepseek-ocr_1s,1s,2313,q_28_main_0_30fps_frame0015.png,q_28_main_0_30fps_frame0015,well,q_28
deepseek-ocr_1s,1s,2313,q_28_main_0_30fps_frame0030.png,q_28_main_0_30fps_frame0030,well,q_28
deepseek-ocr_1s,1s,2313,q_29_main_1_30fps_frame0014.png,q_29_main_1_30fps_frame0014,well,q_29
deepseek-ocr_1s,1s,2313,q_29_main_1_30fps_frame0029.png,q_29_main_1_30fps_frame0029,well,q_29
deepseek-ocr_1s,1s,2313,q_2_main_1_30fps_frame0015.png,q_2_main_1_30fps_frame0015,well,q_2
deepseek-ocr_1s,1s,2313,q_2_main_1_30fps_frame0030.png,q_2_main_1_30fps_frame0030,well,q_2
deepseek-ocr_1s,1s,2313,q_30_main_0_30fps_frame0015.png,q_30_main_0_30fps_frame0015,well,q_30
deepseek-ocr_1s,1s,2313,q_30_main_0_30fps_frame0030.png,q_30_main_0_30fps_frame0030,well,q_30
deepseek-ocr_1s,1s,2313,q_3_main_1_30fps_frame0015.png,q_3_main_1_30fps_frame0015,well,q_3
deepseek-ocr_1s,1s,2313,q_3_main_1_30fps_frame0030.png,q_3_main_1_30fps_frame0030,well,q_3
deepseek-ocr_1s,1s,2313,q_4_main_1_30fps_frame0015.png,q_4_main_1_30fps_frame0015,well,q_4
deepseek-ocr_1s,1s,2313,q_4_main_1_30fps_frame0030.png,q_4_main_1_30fps_frame0030,well,q_4
deepseek-ocr_1s,1s,2313,q_5_main_0_30fps_frame0015.png,q_5_main_0_30fps_frame0015,well,q_5
deepseek-ocr_1s,1s,2313,q_5_main_0_30fps_frame0030.png,q_5_main_0_30fps_frame0030,well,q_5
deepseek-ocr_1s,1s,2313,q_6_main_1_30fps_frame0015.png,q_6_main_1_30fps_frame0015,well,q_6
deepseek-ocr_1s,1s,2313,q_6_main_1_30fps_frame0030.png,q_6_main_1_30fps_frame0030,well,q_6
deepseek-ocr_1s,1s,2313,q_7_main_1_30fps_frame0015.png,q_7_main_1_30fps_frame0015,well,q_7
deepseek-ocr_1s,1s,2313,q_7_main_1_30fps_frame0030.png,q_7_main_1_30fps_frame0030,well,q_7
deepseek-ocr_1s,1s,2313,q_8_main_0_30fps_frame0015.png,q_8_main_0_30fps_frame0015,well,q_8
deepseek-ocr_1s,1s,2313,q_8_main_0_30fps_frame0030.png,q_8_main_0_30fps_frame0030,well,q_8
deepseek-ocr_1s,1s,2313,q_9_main_0_30fps_frame0015.png,q_9_main_0_30fps_frame0015,well,q_9
deepseek-ocr_1s,1s,2313,q_9_main_0_30fps_frame0030.png,q_9_main_0_30fps_frame0030,well,q_9
deepseek-ocr_1s,1s,2698,q_10_main_0_30fps_frame0015.png,q_10_main_0_30fps_frame0015,well,q_10
deepseek-ocr_1s,1s,2698,q_10_main_0_30fps_frame0030.png,q_10_main_0_30fps_frame0030,well,q_10
deepseek-ocr_1s,1s,2698,q_11_main_1_30fps_frame0012.png,q_11_main_1_30fps_frame0012,well,q_11
deepseek-ocr_1s,1s,2698,q_11_main_1_30fps_frame0027.png,q_11_main_1_30fps_frame0027,well,q_11
deepseek-ocr_1s,1s,2698,q_12_main_1_30fps_frame0015.png,q_12_main_1_30fps_frame0015,well,q_12
deepseek-ocr_1s,1s,2698,q_12_main_1_30fps_frame0030.png,q_12_main_1_30fps_frame0030,well,q_12
deepseek-ocr_1s,1s,2698,q_13_main_1_30fps_frame0014.png,q_13_main_1_30fps_frame0014,well,q_13
deepseek-ocr_1s,1s,2698,q_13_main_1_30fps_frame0029.png,q_13_main_1_30fps_frame0029,well,q_13
deepseek-ocr_1s,1s,2698,q_14_main_0_30fps_frame0014.png,q_14_main_0_30fps_frame0014,well,q_14
deepseek-ocr_1s,1s,2698,q_14_main_0_30fps_frame0029.png,q_14_main_0_30fps_frame0029,well,q_14
deepseek-ocr_1s,1s,2698,q_15_main_1_30fps_frame0014.png,q_15_main_1_30fps_frame0014,well,q_15
deepseek-ocr_1s,1s,2698,q_15_main_1_30fps_frame0029.png,q_15_main_1_30fps_frame0029,well,q_15
deepseek-ocr_1s,1s,2698,q_16_main_1_30fps_frame0015.png,q_16_main_1_30fps_frame0015,well,q_16
deepseek-ocr_1s,1s,2698,q_16_main_1_30fps_frame0030.png,q_16_main_1_30fps_frame0030,well,q_16
deepseek-ocr_1s,1s,2698,q_17_main_1_30fps_frame0015.png,q_17_main_1_30fps_frame0015,well,q_17
deepseek-ocr_1s,1s,2698,q_17_main_1_30fps_frame0030.png,q_17_main_1_30fps_frame0030,well,q_17
deepseek-ocr_1s,1s,2698,q_18_main_0_30fps_frame0014.png,q_18_main_0_30fps_frame0014,well,q_18
deepseek-ocr_1s,1s,2698,q_18_main_0_30fps_frame0029.png,q_18_main_0_30fps_frame0029,well,q_18
deepseek-ocr_1s,1s,2698,q_19_main_1_30fps_frame0015.png,q_19_main_1_30fps_frame0015,well,q_19
deepseek-ocr_1s,1s,2698,q_19_main_1_30fps_frame0030.png,q_19_main_1_30fps_frame0030,well,q_19
deepseek-ocr_1s,1s,2698,q_1_main_0_30fps_frame0014.png,q_1_main_0_30fps_frame0014,well,q_1
deepseek-ocr_1s,1s,2698,q_1_main_0_30fps_frame0029.png,q_1_main_0_30fps_frame0029,well,q_1
deepseek-ocr_1s,1s,2698,q_20_main_0_30fps_frame0014.png,q_20_main_0_30fps_frame0014,well,q_20
deepseek-ocr_1s,1s,2698,q_20_main_0_30fps_frame0029.png,q_20_main_0_30fps_frame0029,well,q_20
deepseek-ocr_1s,1s,2698,q_21_main_1_30fps_frame0014.png,q_21_main_1_30fps_frame0014,well,q_21
deepseek-ocr_1s,1s,2698,q_21_main_1_30fps_frame0029.png,q_21_main_1_30fps_frame0029,well,q_21
deepseek-ocr_1s,1s,2698,q_22_main_1_30fps_frame0015.png,q_22_main_1_30fps_frame0015,well,q_22
deepseek-ocr_1s,1s,2698,q_22_main_1_30fps_frame0030.png,q_22_main_1_30fps_frame0030,well,q_22
deepseek-ocr_1s,1s,2698,q_23_main_0_30fps_frame0015.png,q_23_main_0_30fps_frame0015,well,q_23
deepseek-ocr_1s,1s,2698,q_23_main_0_30fps_frame0030.png,q_23_main_0_30fps_frame0030,well,q_23
deepseek-ocr_1s,1s,2698,q_24_main_0_30fps_frame0015.png,q_24_main_0_30fps_frame0015,well,q_24
deepseek-ocr_1s,1s,2698,q_24_main_0_30fps_frame0030.png,q_24_main_0_30fps_frame0030,well,q_24
deepseek-ocr_1s,1s,2698,q_25_main_0_30fps_frame0014.png,q_25_main_0_30fps_frame0014,well,q_25
deepseek-ocr_1s,1s,2698,q_25_main_0_30fps_frame0029.png,q_25_main_0_30fps_frame0029,well,q_25
deepseek-ocr_1s,1s,2698,q_26_main_0_30fps_frame0015.png,q_26_main_0_30fps_frame0015,well,q_26
deepseek-ocr_1s,1s,2698,q_26_main_0_30fps_frame0030.png,q_26_main_0_30fps_frame0030,well,q_26
deepseek-ocr_1s,1s,2698,q_27_main_0_30fps_frame0014.png,q_27_main_0_30fps_frame0014,well,q_27
deepseek-ocr_1s,1s,2698,q_27_main_0_30fps_frame0029.png,q_27_main_0_30fps_frame0029,well,q_27
deepseek-ocr_1s,1s,2698,q_28_main_0_30fps_frame0014.png,q_28_main_0_30fps_frame0014,well,q_28
deepseek-ocr_1s,1s,2698,q_28_main_0_30fps_frame0029.png,q_28_main_0_30fps_frame0029,well,q_28
deepseek-ocr_1s,1s,2698,q_29_main_0_30fps_frame0013.png,q_29_main_0_30fps_frame0013,well,q_29
deepseek-ocr_1s,1s,2698,q_29_main_0_30fps_frame0028.png,q_29_main_0_30fps_frame0028,well,q_29
deepseek-ocr_1s,1s,2698,q_2_main_1_30fps_frame0015.png,q_2_main_1_30fps_frame0015,well,q_2
deepseek-ocr_1s,1s,2698,q_2_main_1_30fps_frame0030.png,q_2_main_1_30fps_frame0030,well,q_2
deepseek-ocr_1s,1s,2698,q_30_main_0_30fps_frame0015.png,q_30_main_0_30fps_frame0015,well,q_30
deepseek-ocr_1s,1s,2698,q_30_main_0_30fps_frame0030.png,q_30_main_0_30fps_frame0030,well,q_30
deepseek-ocr_1s,1s,2698,q_3_main_1_30fps_frame0014.png,q_3_main_1_30fps_frame0014,well,q_3
deepseek-ocr_1s,1s,2698,q_3_main_1_30fps_frame0029.png,q_3_main_1_30fps_frame0029,well,q_3
deepseek-ocr_1s,1s,2698,q_4_main_0_30fps_frame0014.png,q_4_main_0_30fps_frame0014,well,q_4
deepseek-ocr_1s,1s,2698,q_4_main_0_30fps_frame0029.png,q_4_main_0_30fps_frame0029,well,q_4
deepseek-ocr_1s,1s,2698,q_5_main_0_30fps_frame0014.png,q_5_main_0_30fps_frame0014,well,q_5
deepseek-ocr_1s,1s,2698,q_5_main_0_30fps_frame0029.png,q_5_main_0_30fps_frame0029,well,q_5
deepseek-ocr_1s,1s,2698,q_6_main_1_30fps_frame0015.png,q_6_main_1_30fps_frame0015,well,q_6
deepseek-ocr_1s,1s,2698,q_6_main_1_30fps_frame0030.png,q_6_main_1_30fps_frame0030,well,q_6
deepseek-ocr_1s,1s,2698,q_7_main_1_30fps_frame0014.png,q_7_main_1_30fps_frame0014,well,q_7
deepseek-ocr_1s,1s,2698,q_7_main_1_30fps_frame0029.png,q_7_main_1_30fps_frame0029,well,q_7
deepseek-ocr_1s,1s,2698,q_8_main_0_30fps_frame0014.png,q_8_main_0_30fps_frame0014,well,q_8
deepseek-ocr_1s,1s,2698,q_8_main_0_30fps_frame0029.png,q_8_main_0_30fps_frame0029,well,q_8
deepseek-ocr_1s,1s,2698,q_9_main_1_30fps_frame0014.png,q_9_main_1_30fps_frame0014,well,q_9
deepseek-ocr_1s,1s,2698,q_9_main_1_30fps_frame0029.png,q_9_main_1_30fps_frame0029,well,q_9
deepseek-ocr_1s,1s,2946,q_10_main_0_30fps_frame0014.png,q_10_main_0_30fps_frame0014,well,q_10
deepseek-ocr_1s,1s,2946,q_10_main_0_30fps_frame0029.png,q_10_main_0_30fps_frame0029,well,q_10
deepseek-ocr_1s,1s,2946,q_11_main_1_30fps_frame0014.png,q_11_main_1_30fps_frame0014,well,q_11
deepseek-ocr_1s,1s,2946,q_11_main_1_30fps_frame0029.png,q_11_main_1_30fps_frame0029,well,q_11
deepseek-ocr_1s,1s,2946,q_12_main_1_30fps_frame0014.png,q_12_main_1_30fps_frame0014,well,q_12
deepseek-ocr_1s,1s,2946,q_12_main_1_30fps_frame0029.png,q_12_main_1_30fps_frame0029,well,q_12
deepseek-ocr_1s,1s,2946,q_13_main_0_30fps_frame0014.png,q_13_main_0_30fps_frame0014,well,q_13
deepseek-ocr_1s,1s,2946,q_13_main_0_30fps_frame0029.png,q_13_main_0_30fps_frame0029,well,q_13
deepseek-ocr_1s,1s,2946,q_14_main_0_30fps_frame0014.png,q_14_main_0_30fps_frame0014,well,q_14
deepseek-ocr_1s,1s,2946,q_14_main_0_30fps_frame0029.png,q_14_main_0_30fps_frame0029,well,q_14
deepseek-ocr_1s,1s,2946,q_15_main_1_30fps_frame0014.png,q_15_main_1_30fps_frame0014,well,q_15
deepseek-ocr_1s,1s,2946,q_15_main_1_30fps_frame0029.png,q_15_main_1_30fps_frame0029,well,q_15
deepseek-ocr_1s,1s,2946,q_16_main_1_30fps_frame0014.png,q_16_main_1_30fps_frame0014,well,q_16
deepseek-ocr_1s,1s,2946,q_16_main_1_30fps_frame0029.png,q_16_main_1_30fps_frame0029,well,q_16
deepseek-ocr_1s,1s,2946,q_17_main_1_30fps_frame0013.png,q_17_main_1_30fps_frame0013,well,q_17
deepseek-ocr_1s,1s,2946,q_17_main_1_30fps_frame0028.png,q_17_main_1_30fps_frame0028,well,q_17
deepseek-ocr_1s,1s,2946,q_18_main_1_30fps_frame0014.png,q_18_main_1_30fps_frame0014,well,q_18
deepseek-ocr_1s,1s,2946,q_18_main_1_30fps_frame0029.png,q_18_main_1_30fps_frame0029,well,q_18
deepseek-ocr_1s,1s,2946,q_19_main_1_30fps_frame0014.png,q_19_main_1_30fps_frame0014,well,q_19
deepseek-ocr_1s,1s,2946,q_19_main_1_30fps_frame0029.png,q_19_main_1_30fps_frame0029,well,q_19
deepseek-ocr_1s,1s,2946,q_1_main_0_30fps_frame0013.png,q_1_main_0_30fps_frame0013,well,q_1
deepseek-ocr_1s,1s,2946,q_1_main_0_30fps_frame0028.png,q_1_main_0_30fps_frame0028,well,q_1
deepseek-ocr_1s,1s,2946,q_20_main_0_30fps_frame0013.png,q_20_main_0_30fps_frame0013,well,q_20
deepseek-ocr_1s,1s,2946,q_20_main_0_30fps_frame0028.png,q_20_main_0_30fps_frame0028,well,q_20
deepseek-ocr_1s,1s,2946,q_21_main_1_30fps_frame0014.png,q_21_main_1_30fps_frame0014,well,q_21
deepseek-ocr_1s,1s,2946,q_21_main_1_30fps_frame0029.png,q_21_main_1_30fps_frame0029,well,q_21
deepseek-ocr_1s,1s,2946,q_22_main_0_30fps_frame0013.png,q_22_main_0_30fps_frame0013,well,q_22
deepseek-ocr_1s,1s,2946,q_22_main_0_30fps_frame0028.png,q_22_main_0_30fps_frame0028,well,q_22
deepseek-ocr_1s,1s,2946,q_23_main_0_30fps_frame0015.png,q_23_main_0_30fps_frame0015,well,q_23
deepseek-ocr_1s,1s,2946,q_23_main_0_30fps_frame0030.png,q_23_main_0_30fps_frame0030,well,q_23
deepseek-ocr_1s,1s,2946,q_24_main_0_30fps_frame0015.png,q_24_main_0_30fps_frame0015,well,q_24
deepseek-ocr_1s,1s,2946,q_24_main_0_30fps_frame0030.png,q_24_main_0_30fps_frame0030,well,q_24
deepseek-ocr_1s,1s,2946,q_25_main_1_30fps_frame0015.png,q_25_main_1_30fps_frame0015,well,q_25
deepseek-ocr_1s,1s,2946,q_25_main_1_30fps_frame0030.png,q_25_main_1_30fps_frame0030,well,q_25
deepseek-ocr_1s,1s,2946,q_26_main_0_30fps_frame0013.png,q_26_main_0_30fps_frame0013,well,q_26
deepseek-ocr_1s,1s,2946,q_26_main_0_30fps_frame0028.png,q_26_main_0_30fps_frame0028,well,q_26
deepseek-ocr_1s,1s,2946,q_27_main_1_30fps_frame0014.png,q_27_main_1_30fps_frame0014,well,q_27
deepseek-ocr_1s,1s,2946,q_27_main_1_30fps_frame0029.png,q_27_main_1_30fps_frame0029,well,q_27
deepseek-ocr_1s,1s,2946,q_28_main_1_30fps_frame0014.png,q_28_main_1_30fps_frame0014,well,q_28
deepseek-ocr_1s,1s,2946,q_28_main_1_30fps_frame0029.png,q_28_main_1_30fps_frame0029,well,q_28
deepseek-ocr_1s,1s,2946,q_29_main_0_30fps_frame0014.png,q_29_main_0_30fps_frame0014,well,q_29
deepseek-ocr_1s,1s,2946,q_29_main_0_30fps_frame0029.png,q_29_main_0_30fps_frame0029,well,q_29
deepseek-ocr_1s,1s,2946,q_2_main_1_30fps_frame0015.png,q_2_main_1_30fps_frame0015,well,q_2
deepseek-ocr_1s,1s,2946,q_2_main_1_30fps_frame0030.png,q_2_main_1_30fps_frame0030,well,q_2
deepseek-ocr_1s,1s,2946,q_30_main_0_30fps_frame0014.png,q_30_main_0_30fps_frame0014,well,q_30
deepseek-ocr_1s,1s,2946,q_30_main_0_30fps_frame0029.png,q_30_main_0_30fps_frame0029,well,q_30
deepseek-ocr_1s,1s,2946,q_3_main_1_30fps_frame0015.png,q_3_main_1_30fps_frame0015,well,q_3
deepseek-ocr_1s,1s,2946,q_3_main_1_30fps_frame0030.png,q_3_main_1_30fps_frame0030,well,q_3
deepseek-ocr_1s,1s,2946,q_4_main_0_30fps_frame0014.png,q_4_main_0_30fps_frame0014,well,q_4
deepseek-ocr_1s,1s,2946,q_4_main_0_30fps_frame0029.png,q_4_main_0_30fps_frame0029,well,q_4
deepseek-ocr_1s,1s,2946,q_5_main_0_30fps_frame0014.png,q_5_main_0_30fps_frame0014,well,q_5
deepseek-ocr_1s,1s,2946,q_5_main_0_30fps_frame0029.png,q_5_main_0_30fps_frame0029,well,q_5
deepseek-ocr_1s,1s,2946,q_6_main_1_30fps_frame0015.png,q_6_main_1_30fps_frame0015,well,q_6
deepseek-ocr_1s,1s,2946,q_6_main_1_30fps_frame0030.png,q_6_main_1_30fps_frame0030,well,q_6
deepseek-ocr_1s,1s,2946,q_7_main_1_30fps_frame0014.png,q_7_main_1_30fps_frame0014,well,q_7
deepseek-ocr_1s,1s,2946,q_7_main_1_30fps_frame0029.png,q_7_main_1_30fps_frame0029,well,q_7
deepseek-ocr_1s,1s,2946,q_8_main_1_30fps_frame0015.png,q_8_main_1_30fps_frame0015,well,q_8
deepseek-ocr_1s,1s,2946,q_8_main_1_30fps_frame0030.png,q_8_main_1_30fps_frame0030,well,q_8
deepseek-ocr_1s,1s,2946,q_9_main_0_30fps_frame0014.png,q_9_main_0_30fps_frame0014,well,q_9
deepseek-ocr_1s,1s,2946,q_9_main_0_30fps_frame0029.png,q_9_main_0_30fps_frame0029,well,q_9
deepseek-ocr_1s,1s,3157,q_10_main_0_30fps_frame0014.png,q_10_main_0_30fps_frame0014,well,q_10
deepseek-ocr_1s,1s,3157,q_10_main_0_30fps_frame0029.png,q_10_main_0_30fps_frame0029,well,q_10
deepseek-ocr_1s,1s,3157,q_11_main_1_30fps_frame0014.png,q_11_main_1_30fps_frame0014,well,q_11
deepseek-ocr_1s,1s,3157,q_11_main_1_30fps_frame0029.png,q_11_main_1_30fps_frame0029,well,q_11
deepseek-ocr_1s,1s,3157,q_12_main_1_30fps_frame0014.png,q_12_main_1_30fps_frame0014,well,q_12
deepseek-ocr_1s,1s,3157,q_12_main_1_30fps_frame0029.png,q_12_main_1_30fps_frame0029,well,q_12
deepseek-ocr_1s,1s,3157,q_13_main_1_30fps_frame0014.png,q_13_main_1_30fps_frame0014,well,q_13
deepseek-ocr_1s,1s,3157,q_13_main_1_30fps_frame0029.png,q_13_main_1_30fps_frame0029,well,q_13
deepseek-ocr_1s,1s,3157,q_14_main_0_30fps_frame0014.png,q_14_main_0_30fps_frame0014,well,q_14
deepseek-ocr_1s,1s,3157,q_14_main_0_30fps_frame0029.png,q_14_main_0_30fps_frame0029,well,q_14
deepseek-ocr_1s,1s,3157,q_15_main_1_30fps_frame0014.png,q_15_main_1_30fps_frame0014,well,q_15
deepseek-ocr_1s,1s,3157,q_15_main_1_30fps_frame0029.png,q_15_main_1_30fps_frame0029,well,q_15
deepseek-ocr_1s,1s,3157,q_16_main_1_30fps_frame0015.png,q_16_main_1_30fps_frame0015,well,q_16
deepseek-ocr_1s,1s,3157,q_16_main_1_30fps_frame0030.png,q_16_main_1_30fps_frame0030,well,q_16
deepseek-ocr_1s,1s,3157,q_17_main_1_30fps_frame0014.png,q_17_main_1_30fps_frame0014,well,q_17
deepseek-ocr_1s,1s,3157,q_17_main_1_30fps_frame0029.png,q_17_main_1_30fps_frame0029,well,q_17
deepseek-ocr_1s,1s,3157,q_18_main_0_30fps_frame0014.png,q_18_main_0_30fps_frame0014,well,q_18
deepseek-ocr_1s,1s,3157,q_18_main_0_30fps_frame0029.png,q_18_main_0_30fps_frame0029,well,q_18
deepseek-ocr_1s,1s,3157,q_19_main_1_30fps_frame0014.png,q_19_main_1_30fps_frame0014,well,q_19
deepseek-ocr_1s,1s,3157,q_19_main_1_30fps_frame0029.png,q_19_main_1_30fps_frame0029,well,q_19
deepseek-ocr_1s,1s,3157,q_1_main_0_30fps_frame0013.png,q_1_main_0_30fps_frame0013,well,q_1
deepseek-ocr_1s,1s,3157,q_1_main_0_30fps_frame0028.png,q_1_main_0_30fps_frame0028,well,q_1
deepseek-ocr_1s,1s,3157,q_20_main_0_30fps_frame0014.png,q_20_main_0_30fps_frame0014,well,q_20
deepseek-ocr_1s,1s,3157,q_20_main_0_30fps_frame0029.png,q_20_main_0_30fps_frame0029,well,q_20
deepseek-ocr_1s,1s,3157,q_21_main_0_30fps_frame0014.png,q_21_main_0_30fps_frame0014,well,q_21
deepseek-ocr_1s,1s,3157,q_21_main_0_30fps_frame0029.png,q_21_main_0_30fps_frame0029,well,q_21
deepseek-ocr_1s,1s,3157,q_22_main_1_30fps_frame0013.png,q_22_main_1_30fps_frame0013,well,q_22
deepseek-ocr_1s,1s,3157,q_22_main_1_30fps_frame0028.png,q_22_main_1_30fps_frame0028,well,q_22
deepseek-ocr_1s,1s,3157,q_23_main_0_30fps_frame0014.png,q_23_main_0_30fps_frame0014,well,q_23
deepseek-ocr_1s,1s,3157,q_23_main_0_30fps_frame0029.png,q_23_main_0_30fps_frame0029,well,q_23
deepseek-ocr_1s,1s,3157,q_24_main_0_30fps_frame0014.png,q_24_main_0_30fps_frame0014,well,q_24
deepseek-ocr_1s,1s,3157,q_24_main_0_30fps_frame0029.png,q_24_main_0_30fps_frame0029,well,q_24
deepseek-ocr_1s,1s,3157,q_25_main_0_30fps_frame0014.png,q_25_main_0_30fps_frame0014,well,q_25
deepseek-ocr_1s,1s,3157,q_25_main_0_30fps_frame0029.png,q_25_main_0_30fps_frame0029,well,q_25
deepseek-ocr_1s,1s,3157,q_26_main_1_30fps_frame0014.png,q_26_main_1_30fps_frame0014,well,q_26
deepseek-ocr_1s,1s,3157,q_26_main_1_30fps_frame0029.png,q_26_main_1_30fps_frame0029,well,q_26
deepseek-ocr_1s,1s,3157,q_27_main_1_30fps_frame0013.png,q_27_main_1_30fps_frame0013,well,q_27
deepseek-ocr_1s,1s,3157,q_27_main_1_30fps_frame0028.png,q_27_main_1_30fps_frame0028,well,q_27
deepseek-ocr_1s,1s,3157,q_28_main_1_30fps_frame0014.png,q_28_main_1_30fps_frame0014,well,q_28
deepseek-ocr_1s,1s,3157,q_28_main_1_30fps_frame0029.png,q_28_main_1_30fps_frame0029,well,q_28
deepseek-ocr_1s,1s,3157,q_29_main_0_30fps_frame0014.png,q_29_main_0_30fps_frame0014,well,q_29
deepseek-ocr_1s,1s,3157,q_29_main_0_30fps_frame0029.png,q_29_main_0_30fps_frame0029,well,q_29
deepseek-ocr_1s,1s,3157,q_2_main_1_30fps_frame0014.png,q_2_main_1_30fps_frame0014,well,q_2
deepseek-ocr_1s,1s,3157,q_2_main_1_30fps_frame0029.png,q_2_main_1_30fps_frame0029,well,q_2
deepseek-ocr_1s,1s,3157,q_30_main_1_30fps_frame0014.png,q_30_main_1_30fps_frame0014,well,q_30
deepseek-ocr_1s,1s,3157,q_30_main_1_30fps_frame0029.png,q_30_main_1_30fps_frame0029,well,q_30
deepseek-ocr_1s,1s,3157,q_3_main_1_30fps_frame0015.png,q_3_main_1_30fps_frame0015,well,q_3
deepseek-ocr_1s,1s,3157,q_3_main_1_30fps_frame0030.png,q_3_main_1_30fps_frame0030,well,q_3
deepseek-ocr_1s,1s,3157,q_4_main_1_30fps_frame0014.png,q_4_main_1_30fps_frame0014,well,q_4
deepseek-ocr_1s,1s,3157,q_4_main_1_30fps_frame0029.png,q_4_main_1_30fps_frame0029,well,q_4
deepseek-ocr_1s,1s,3157,q_5_main_0_30fps_frame0015.png,q_5_main_0_30fps_frame0015,well,q_5
deepseek-ocr_1s,1s,3157,q_5_main_0_30fps_frame0030.png,q_5_main_0_30fps_frame0030,well,q_5
deepseek-ocr_1s,1s,3157,q_6_main_1_30fps_frame0014.png,q_6_main_1_30fps_frame0014,well,q_6
deepseek-ocr_1s,1s,3157,q_6_main_1_30fps_frame0029.png,q_6_main_1_30fps_frame0029,well,q_6
deepseek-ocr_1s,1s,3157,q_7_main_1_30fps_frame0015.png,q_7_main_1_30fps_frame0015,well,q_7
deepseek-ocr_1s,1s,3157,q_7_main_1_30fps_frame0030.png,q_7_main_1_30fps_frame0030,well,q_7
deepseek-ocr_1s,1s,3157,q_8_main_0_30fps_frame0014.png,q_8_main_0_30fps_frame0014,well,q_8
deepseek-ocr_1s,1s,3157,q_8_main_0_30fps_frame0029.png,q_8_main_0_30fps_frame0029,well,q_8
deepseek-ocr_1s,1s,3157,q_9_main_1_30fps_frame0014.png,q_9_main_1_30fps_frame0014,well,q_9
deepseek-ocr_1s,1s,3157,q_9_main_1_30fps_frame0029.png,q_9_main_1_30fps_frame0029,well,q_9
deepseek-ocr_1s,1s,3203,q_10_main_0_30fps_frame0014.png,q_10_main_0_30fps_frame0014,well,q_10
deepseek-ocr_1s,1s,3203,q_10_main_0_30fps_frame0029.png,q_10_main_0_30fps_frame0029,well,q_10
deepseek-ocr_1s,1s,3203,q_11_main_1_30fps_frame0013.png,q_11_main_1_30fps_frame0013,well,q_11
deepseek-ocr_1s,1s,3203,q_11_main_1_30fps_frame0028.png,q_11_main_1_30fps_frame0028,well,q_11
deepseek-ocr_1s,1s,3203,q_12_main_1_30fps_frame0014.png,q_12_main_1_30fps_frame0014,well,q_12
deepseek-ocr_1s,1s,3203,q_12_main_1_30fps_frame0029.png,q_12_main_1_30fps_frame0029,well,q_12
deepseek-ocr_1s,1s,3203,q_13_main_1_30fps_frame0015.png,q_13_main_1_30fps_frame0015,well,q_13
deepseek-ocr_1s,1s,3203,q_13_main_1_30fps_frame0030.png,q_13_main_1_30fps_frame0030,well,q_13
deepseek-ocr_1s,1s,3203,q_14_main_0_30fps_frame0015.png,q_14_main_0_30fps_frame0015,well,q_14
deepseek-ocr_1s,1s,3203,q_14_main_0_30fps_frame0030.png,q_14_main_0_30fps_frame0030,well,q_14
deepseek-ocr_1s,1s,3203,q_15_main_1_30fps_frame0014.png,q_15_main_1_30fps_frame0014,well,q_15
deepseek-ocr_1s,1s,3203,q_15_main_1_30fps_frame0029.png,q_15_main_1_30fps_frame0029,well,q_15
deepseek-ocr_1s,1s,3203,q_16_main_0_30fps_frame0014.png,q_16_main_0_30fps_frame0014,well,q_16
deepseek-ocr_1s,1s,3203,q_16_main_0_30fps_frame0029.png,q_16_main_0_30fps_frame0029,well,q_16
deepseek-ocr_1s,1s,3203,q_17_main_1_30fps_frame0015.png,q_17_main_1_30fps_frame0015,well,q_17
deepseek-ocr_1s,1s,3203,q_17_main_1_30fps_frame0030.png,q_17_main_1_30fps_frame0030,well,q_17
deepseek-ocr_1s,1s,3203,q_18_main_0_30fps_frame0014.png,q_18_main_0_30fps_frame0014,well,q_18
deepseek-ocr_1s,1s,3203,q_18_main_0_30fps_frame0029.png,q_18_main_0_30fps_frame0029,well,q_18
deepseek-ocr_1s,1s,3203,q_19_main_0_30fps_frame0015.png,q_19_main_0_30fps_frame0015,well,q_19
deepseek-ocr_1s,1s,3203,q_19_main_0_30fps_frame0030.png,q_19_main_0_30fps_frame0030,well,q_19
deepseek-ocr_1s,1s,3203,q_1_main_1_30fps_frame0015.png,q_1_main_1_30fps_frame0015,well,q_1
deepseek-ocr_1s,1s,3203,q_1_main_1_30fps_frame0030.png,q_1_main_1_30fps_frame0030,well,q_1
deepseek-ocr_1s,1s,3203,q_20_main_0_30fps_frame0015.png,q_20_main_0_30fps_frame0015,well,q_20
deepseek-ocr_1s,1s,3203,q_20_main_0_30fps_frame0030.png,q_20_main_0_30fps_frame0030,well,q_20
deepseek-ocr_1s,1s,3203,q_21_main_1_30fps_frame0014.png,q_21_main_1_30fps_frame0014,well,q_21
deepseek-ocr_1s,1s,3203,q_21_main_1_30fps_frame0029.png,q_21_main_1_30fps_frame0029,well,q_21
deepseek-ocr_1s,1s,3203,q_22_main_0_30fps_frame0015.png,q_22_main_0_30fps_frame0015,well,q_22
deepseek-ocr_1s,1s,3203,q_22_main_0_30fps_frame0030.png,q_22_main_0_30fps_frame0030,well,q_22
deepseek-ocr_1s,1s,3203,q_23_main_0_30fps_frame0014.png,q_23_main_0_30fps_frame0014,well,q_23
deepseek-ocr_1s,1s,3203,q_23_main_0_30fps_frame0029.png,q_23_main_0_30fps_frame0029,well,q_23
deepseek-ocr_1s,1s,3203,q_24_main_0_30fps_frame0014.png,q_24_main_0_30fps_frame0014,well,q_24
deepseek-ocr_1s,1s,3203,q_24_main_0_30fps_frame0029.png,q_24_main_0_30fps_frame0029,well,q_24
deepseek-ocr_1s,1s,3203,q_25_main_0_30fps_frame0014.png,q_25_main_0_30fps_frame0014,well,q_25
deepseek-ocr_1s,1s,3203,q_25_main_0_30fps_frame0029.png,q_25_main_0_30fps_frame0029,well,q_25
deepseek-ocr_1s,1s,3203,q_26_main_0_30fps_frame0015.png,q_26_main_0_30fps_frame0015,well,q_26
deepseek-ocr_1s,1s,3203,q_26_main_0_30fps_frame0030.png,q_26_main_0_30fps_frame0030,well,q_26
deepseek-ocr_1s,1s,3203,q_27_main_1_30fps_frame0015.png,q_27_main_1_30fps_frame0015,well,q_27
deepseek-ocr_1s,1s,3203,q_27_main_1_30fps_frame0030.png,q_27_main_1_30fps_frame0030,well,q_27
deepseek-ocr_1s,1s,3203,q_28_main_0_30fps_frame0013.png,q_28_main_0_30fps_frame0013,well,q_28
deepseek-ocr_1s,1s,3203,q_28_main_0_30fps_frame0028.png,q_28_main_0_30fps_frame0028,well,q_28
deepseek-ocr_1s,1s,3203,q_29_main_0_30fps_frame0014.png,q_29_main_0_30fps_frame0014,well,q_29
deepseek-ocr_1s,1s,3203,q_29_main_0_30fps_frame0029.png,q_29_main_0_30fps_frame0029,well,q_29
deepseek-ocr_1s,1s,3203,q_2_main_1_30fps_frame0014.png,q_2_main_1_30fps_frame0014,well,q_2
deepseek-ocr_1s,1s,3203,q_2_main_1_30fps_frame0029.png,q_2_main_1_30fps_frame0029,well,q_2
deepseek-ocr_1s,1s,3203,q_30_main_0_30fps_frame0014.png,q_30_main_0_30fps_frame0014,well,q_30
deepseek-ocr_1s,1s,3203,q_30_main_0_30fps_frame0029.png,q_30_main_0_30fps_frame0029,well,q_30
deepseek-ocr_1s,1s,3203,q_3_main_1_30fps_frame0014.png,q_3_main_1_30fps_frame0014,well,q_3
deepseek-ocr_1s,1s,3203,q_3_main_1_30fps_frame0029.png,q_3_main_1_30fps_frame0029,well,q_3
deepseek-ocr_1s,1s,3203,q_4_main_1_30fps_frame0014.png,q_4_main_1_30fps_frame0014,well,q_4
deepseek-ocr_1s,1s,3203,q_4_main_1_30fps_frame0029.png,q_4_main_1_30fps_frame0029,well,q_4
deepseek-ocr_1s,1s,3203,q_5_main_0_30fps_frame0014.png,q_5_main_0_30fps_frame0014,well,q_5
deepseek-ocr_1s,1s,3203,q_5_main_0_30fps_frame0029.png,q_5_main_0_30fps_frame0029,well,q_5
deepseek-ocr_1s,1s,3203,q_6_main_1_30fps_frame0014.png,q_6_main_1_30fps_frame0014,well,q_6
deepseek-ocr_1s,1s,3203,q_6_main_1_30fps_frame0029.png,q_6_main_1_30fps_frame0029,well,q_6
deepseek-ocr_1s,1s,3203,q_7_main_1_30fps_frame0014.png,q_7_main_1_30fps_frame0014,well,q_7
deepseek-ocr_1s,1s,3203,q_7_main_1_30fps_frame0029.png,q_7_main_1_30fps_frame0029,well,q_7
deepseek-ocr_1s,1s,3203,q_8_main_1_30fps_frame0014.png,q_8_main_1_30fps_frame0014,well,q_8
deepseek-ocr_1s,1s,3203,q_8_main_1_30fps_frame0029.png,q_8_main_1_30fps_frame0029,well,q_8
deepseek-ocr_1s,1s,3203,q_9_main_1_30fps_frame0014.png,q_9_main_1_30fps_frame0014,well,q_9
deepseek-ocr_1s,1s,3203,q_9_main_1_30fps_frame0029.png,q_9_main_1_30fps_frame0029,well,q_9
deepseek-ocr_1s,1s,3339,q_10_main_0_30fps_frame0014.png,q_10_main_0_30fps_frame0014,well,q_10
deepseek-ocr_1s,1s,3339,q_10_main_0_30fps_frame0029.png,q_10_main_0_30fps_frame0029,well,q_10
deepseek-ocr_1s,1s,3339,q_11_main_1_30fps_frame0014.png,q_11_main_1_30fps_frame0014,well,q_11
deepseek-ocr_1s,1s,3339,q_11_main_1_30fps_frame0029.png,q_11_main_1_30fps_frame0029,well,q_11
deepseek-ocr_1s,1s,3339,q_12_main_1_30fps_frame0014.png,q_12_main_1_30fps_frame0014,well,q_12
deepseek-ocr_1s,1s,3339,q_12_main_1_30fps_frame0029.png,q_12_main_1_30fps_frame0029,well,q_12
deepseek-ocr_1s,1s,3339,q_13_main_0_30fps_frame0014.png,q_13_main_0_30fps_frame0014,well,q_13
deepseek-ocr_1s,1s,3339,q_13_main_0_30fps_frame0029.png,q_13_main_0_30fps_frame0029,well,q_13
deepseek-ocr_1s,1s,3339,q_14_main_1_30fps_frame0014.png,q_14_main_1_30fps_frame0014,well,q_14
deepseek-ocr_1s,1s,3339,q_14_main_1_30fps_frame0029.png,q_14_main_1_30fps_frame0029,well,q_14
deepseek-ocr_1s,1s,3339,q_15_main_1_30fps_frame0013.png,q_15_main_1_30fps_frame0013,well,q_15
deepseek-ocr_1s,1s,3339,q_15_main_1_30fps_frame0028.png,q_15_main_1_30fps_frame0028,well,q_15
deepseek-ocr_1s,1s,3339,q_16_main_1_30fps_frame0014.png,q_16_main_1_30fps_frame0014,well,q_16
deepseek-ocr_1s,1s,3339,q_16_main_1_30fps_frame0029.png,q_16_main_1_30fps_frame0029,well,q_16
deepseek-ocr_1s,1s,3339,q_17_main_0_30fps_frame0014.png,q_17_main_0_30fps_frame0014,well,q_17
deepseek-ocr_1s,1s,3339,q_17_main_0_30fps_frame0029.png,q_17_main_0_30fps_frame0029,well,q_17
deepseek-ocr_1s,1s,3339,q_18_main_0_30fps_frame0014.png,q_18_main_0_30fps_frame0014,well,q_18
deepseek-ocr_1s,1s,3339,q_18_main_0_30fps_frame0029.png,q_18_main_0_30fps_frame0029,well,q_18
deepseek-ocr_1s,1s,3339,q_19_main_0_30fps_frame0012.png,q_19_main_0_30fps_frame0012,well,q_19
deepseek-ocr_1s,1s,3339,q_19_main_0_30fps_frame0027.png,q_19_main_0_30fps_frame0027,well,q_19
deepseek-ocr_1s,1s,3339,q_1_main_0_30fps_frame0013.png,q_1_main_0_30fps_frame0013,well,q_1
deepseek-ocr_1s,1s,3339,q_1_main_0_30fps_frame0028.png,q_1_main_0_30fps_frame0028,well,q_1
deepseek-ocr_1s,1s,3339,q_20_main_0_30fps_frame0014.png,q_20_main_0_30fps_frame0014,well,q_20
deepseek-ocr_1s,1s,3339,q_20_main_0_30fps_frame0029.png,q_20_main_0_30fps_frame0029,well,q_20
deepseek-ocr_1s,1s,3339,q_21_main_1_30fps_frame0013.png,q_21_main_1_30fps_frame0013,well,q_21
deepseek-ocr_1s,1s,3339,q_21_main_1_30fps_frame0028.png,q_21_main_1_30fps_frame0028,well,q_21
deepseek-ocr_1s,1s,3339,q_22_main_0_30fps_frame0013.png,q_22_main_0_30fps_frame0013,well,q_22
deepseek-ocr_1s,1s,3339,q_22_main_0_30fps_frame0028.png,q_22_main_0_30fps_frame0028,well,q_22
deepseek-ocr_1s,1s,3339,q_23_main_0_30fps_frame0015.png,q_23_main_0_30fps_frame0015,well,q_23
deepseek-ocr_1s,1s,3339,q_23_main_0_30fps_frame0030.png,q_23_main_0_30fps_frame0030,well,q_23
deepseek-ocr_1s,1s,3339,q_24_main_0_30fps_frame0014.png,q_24_main_0_30fps_frame0014,well,q_24
deepseek-ocr_1s,1s,3339,q_24_main_0_30fps_frame0029.png,q_24_main_0_30fps_frame0029,well,q_24
deepseek-ocr_1s,1s,3339,q_25_main_0_30fps_frame0015.png,q_25_main_0_30fps_frame0015,well,q_25
deepseek-ocr_1s,1s,3339,q_25_main_0_30fps_frame0030.png,q_25_main_0_30fps_frame0030,well,q_25
deepseek-ocr_1s,1s,3339,q_26_main_0_30fps_frame0014.png,q_26_main_0_30fps_frame0014,well,q_26
deepseek-ocr_1s,1s,3339,q_26_main_0_30fps_frame0029.png,q_26_main_0_30fps_frame0029,well,q_26
deepseek-ocr_1s,1s,3339,q_27_main_0_30fps_frame0013.png,q_27_main_0_30fps_frame0013,well,q_27
deepseek-ocr_1s,1s,3339,q_27_main_0_30fps_frame0028.png,q_27_main_0_30fps_frame0028,well,q_27
deepseek-ocr_1s,1s,3339,q_28_main_0_30fps_frame0014.png,q_28_main_0_30fps_frame0014,well,q_28
deepseek-ocr_1s,1s,3339,q_28_main_0_30fps_frame0029.png,q_28_main_0_30fps_frame0029,well,q_28
deepseek-ocr_1s,1s,3339,q_29_main_0_30fps_frame0014.png,q_29_main_0_30fps_frame0014,well,q_29
deepseek-ocr_1s,1s,3339,q_29_main_0_30fps_frame0029.png,q_29_main_0_30fps_frame0029,well,q_29
deepseek-ocr_1s,1s,3339,q_2_main_1_30fps_frame0014.png,q_2_main_1_30fps_frame0014,well,q_2
deepseek-ocr_1s,1s,3339,q_2_main_1_30fps_frame0029.png,q_2_main_1_30fps_frame0029,well,q_2
deepseek-ocr_1s,1s,3339,q_30_main_0_30fps_frame0013.png,q_30_main_0_30fps_frame0013,well,q_30
deepseek-ocr_1s,1s,3339,q_30_main_0_30fps_frame0028.png,q_30_main_0_30fps_frame0028,well,q_30
deepseek-ocr_1s,1s,3339,q_3_main_1_30fps_frame0014.png,q_3_main_1_30fps_frame0014,well,q_3
deepseek-ocr_1s,1s,3339,q_3_main_1_30fps_frame0029.png,q_3_main_1_30fps_frame0029,well,q_3
deepseek-ocr_1s,1s,3339,q_4_main_1_30fps_frame0013.png,q_4_main_1_30fps_frame0013,well,q_4
deepseek-ocr_1s,1s,3339,q_4_main_1_30fps_frame0028.png,q_4_main_1_30fps_frame0028,well,q_4
deepseek-ocr_1s,1s,3339,q_5_main_0_30fps_frame0015.png,q_5_main_0_30fps_frame0015,well,q_5
deepseek-ocr_1s,1s,3339,q_5_main_0_30fps_frame0030.png,q_5_main_0_30fps_frame0030,well,q_5
deepseek-ocr_1s,1s,3339,q_6_main_1_30fps_frame0013.png,q_6_main_1_30fps_frame0013,well,q_6
deepseek-ocr_1s,1s,3339,q_6_main_1_30fps_frame0028.png,q_6_main_1_30fps_frame0028,well,q_6
deepseek-ocr_1s,1s,3339,q_7_main_1_30fps_frame0015.png,q_7_main_1_30fps_frame0015,well,q_7
deepseek-ocr_1s,1s,3339,q_7_main_1_30fps_frame0030.png,q_7_main_1_30fps_frame0030,well,q_7
deepseek-ocr_1s,1s,3339,q_8_main_1_30fps_frame0014.png,q_8_main_1_30fps_frame0014,well,q_8
deepseek-ocr_1s,1s,3339,q_8_main_1_30fps_frame0029.png,q_8_main_1_30fps_frame0029,well,q_8
deepseek-ocr_1s,1s,3339,q_9_main_1_30fps_frame0014.png,q_9_main_1_30fps_frame0014,well,q_9
deepseek-ocr_1s,1s,3339,q_9_main_1_30fps_frame0029.png,q_9_main_1_30fps_frame0029,well,q_9
deepseek-ocr_1s,1s,3882,q_10_main_0_30fps_frame0015.png,q_10_main_0_30fps_frame0015,well,q_10
deepseek-ocr_1s,1s,3882,q_10_main_0_30fps_frame0030.png,q_10_main_0_30fps_frame0030,well,q_10
deepseek-ocr_1s,1s,3882,q_11_main_1_30fps_frame0014.png,q_11_main_1_30fps_frame0014,well,q_11
deepseek-ocr_1s,1s,3882,q_11_main_1_30fps_frame0029.png,q_11_main_1_30fps_frame0029,well,q_11
deepseek-ocr_1s,1s,3882,q_12_main_1_30fps_frame0015.png,q_12_main_1_30fps_frame0015,well,q_12
deepseek-ocr_1s,1s,3882,q_12_main_1_30fps_frame0030.png,q_12_main_1_30fps_frame0030,well,q_12
deepseek-ocr_1s,1s,3882,q_13_main_1_30fps_frame0014.png,q_13_main_1_30fps_frame0014,well,q_13
deepseek-ocr_1s,1s,3882,q_13_main_1_30fps_frame0029.png,q_13_main_1_30fps_frame0029,well,q_13
deepseek-ocr_1s,1s,3882,q_14_main_0_30fps_frame0015.png,q_14_main_0_30fps_frame0015,well,q_14
deepseek-ocr_1s,1s,3882,q_14_main_0_30fps_frame0030.png,q_14_main_0_30fps_frame0030,well,q_14
deepseek-ocr_1s,1s,3882,q_15_main_1_30fps_frame0014.png,q_15_main_1_30fps_frame0014,well,q_15
deepseek-ocr_1s,1s,3882,q_15_main_1_30fps_frame0029.png,q_15_main_1_30fps_frame0029,well,q_15
deepseek-ocr_1s,1s,3882,q_16_main_1_30fps_frame0015.png,q_16_main_1_30fps_frame0015,well,q_16
deepseek-ocr_1s,1s,3882,q_16_main_1_30fps_frame0030.png,q_16_main_1_30fps_frame0030,well,q_16
deepseek-ocr_1s,1s,3882,q_17_main_0_30fps_frame0015.png,q_17_main_0_30fps_frame0015,well,q_17
deepseek-ocr_1s,1s,3882,q_17_main_0_30fps_frame0030.png,q_17_main_0_30fps_frame0030,well,q_17
deepseek-ocr_1s,1s,3882,q_18_main_0_30fps_frame0015.png,q_18_main_0_30fps_frame0015,well,q_18
deepseek-ocr_1s,1s,3882,q_18_main_0_30fps_frame0030.png,q_18_main_0_30fps_frame0030,well,q_18
deepseek-ocr_1s,1s,3882,q_19_main_0_30fps_frame0015.png,q_19_main_0_30fps_frame0015,well,q_19
deepseek-ocr_1s,1s,3882,q_19_main_0_30fps_frame0030.png,q_19_main_0_30fps_frame0030,well,q_19
deepseek-ocr_1s,1s,3882,q_1_main_0_30fps_frame0015.png,q_1_main_0_30fps_frame0015,well,q_1
deepseek-ocr_1s,1s,3882,q_1_main_0_30fps_frame0030.png,q_1_main_0_30fps_frame0030,well,q_1
deepseek-ocr_1s,1s,3882,q_20_main_0_30fps_frame0015.png,q_20_main_0_30fps_frame0015,well,q_20
deepseek-ocr_1s,1s,3882,q_20_main_0_30fps_frame0030.png,q_20_main_0_30fps_frame0030,well,q_20
deepseek-ocr_1s,1s,3882,q_21_main_0_30fps_frame0013.png,q_21_main_0_30fps_frame0013,well,q_21
deepseek-ocr_1s,1s,3882,q_21_main_0_30fps_frame0028.png,q_21_main_0_30fps_frame0028,well,q_21
deepseek-ocr_1s,1s,3882,q_22_main_0_30fps_frame0015.png,q_22_main_0_30fps_frame0015,well,q_22
deepseek-ocr_1s,1s,3882,q_22_main_0_30fps_frame0030.png,q_22_main_0_30fps_frame0030,well,q_22
deepseek-ocr_1s,1s,3882,q_23_main_0_30fps_frame0015.png,q_23_main_0_30fps_frame0015,well,q_23
deepseek-ocr_1s,1s,3882,q_23_main_0_30fps_frame0030.png,q_23_main_0_30fps_frame0030,well,q_23
deepseek-ocr_1s,1s,3882,q_24_main_1_30fps_frame0014.png,q_24_main_1_30fps_frame0014,well,q_24
deepseek-ocr_1s,1s,3882,q_24_main_1_30fps_frame0029.png,q_24_main_1_30fps_frame0029,well,q_24
deepseek-ocr_1s,1s,3882,q_25_main_1_30fps_frame0014.png,q_25_main_1_30fps_frame0014,well,q_25
deepseek-ocr_1s,1s,3882,q_25_main_1_30fps_frame0029.png,q_25_main_1_30fps_frame0029,well,q_25
deepseek-ocr_1s,1s,3882,q_26_main_1_30fps_frame0014.png,q_26_main_1_30fps_frame0014,well,q_26
deepseek-ocr_1s,1s,3882,q_26_main_1_30fps_frame0029.png,q_26_main_1_30fps_frame0029,well,q_26
deepseek-ocr_1s,1s,3882,q_27_main_0_30fps_frame0014.png,q_27_main_0_30fps_frame0014,well,q_27
deepseek-ocr_1s,1s,3882,q_27_main_0_30fps_frame0029.png,q_27_main_0_30fps_frame0029,well,q_27
deepseek-ocr_1s,1s,3882,q_28_main_0_30fps_frame0015.png,q_28_main_0_30fps_frame0015,well,q_28
deepseek-ocr_1s,1s,3882,q_28_main_0_30fps_frame0030.png,q_28_main_0_30fps_frame0030,well,q_28
deepseek-ocr_1s,1s,3882,q_29_main_1_30fps_frame0015.png,q_29_main_1_30fps_frame0015,well,q_29
deepseek-ocr_1s,1s,3882,q_29_main_1_30fps_frame0030.png,q_29_main_1_30fps_frame0030,well,q_29
deepseek-ocr_1s,1s,3882,q_2_main_1_30fps_frame0015.png,q_2_main_1_30fps_frame0015,well,q_2
deepseek-ocr_1s,1s,3882,q_2_main_1_30fps_frame0030.png,q_2_main_1_30fps_frame0030,well,q_2
deepseek-ocr_1s,1s,3882,q_30_main_0_30fps_frame0014.png,q_30_main_0_30fps_frame0014,well,q_30
deepseek-ocr_1s,1s,3882,q_30_main_0_30fps_frame0029.png,q_30_main_0_30fps_frame0029,well,q_30
deepseek-ocr_1s,1s,3882,q_3_main_1_30fps_frame0014.png,q_3_main_1_30fps_frame0014,well,q_3
deepseek-ocr_1s,1s,3882,q_3_main_1_30fps_frame0029.png,q_3_main_1_30fps_frame0029,well,q_3
deepseek-ocr_1s,1s,3882,q_4_main_1_30fps_frame0015.png,q_4_main_1_30fps_frame0015,well,q_4
deepseek-ocr_1s,1s,3882,q_4_main_1_30fps_frame0030.png,q_4_main_1_30fps_frame0030,well,q_4
deepseek-ocr_1s,1s,3882,q_5_main_0_30fps_frame0015.png,q_5_main_0_30fps_frame0015,well,q_5
deepseek-ocr_1s,1s,3882,q_5_main_0_30fps_frame0030.png,q_5_main_0_30fps_frame0030,well,q_5
deepseek-ocr_1s,1s,3882,q_6_main_1_30fps_frame0014.png,q_6_main_1_30fps_frame0014,well,q_6
deepseek-ocr_1s,1s,3882,q_6_main_1_30fps_frame0029.png,q_6_main_1_30fps_frame0029,well,q_6
deepseek-ocr_1s,1s,3882,q_7_main_1_30fps_frame0015.png,q_7_main_1_30fps_frame0015,well,q_7
deepseek-ocr_1s,1s,3882,q_7_main_1_30fps_frame0030.png,q_7_main_1_30fps_frame0030,well,q_7
deepseek-ocr_1s,1s,3882,q_8_main_0_30fps_frame0014.png,q_8_main_0_30fps_frame0014,well,q_8
deepseek-ocr_1s,1s,3882,q_8_main_0_30fps_frame0029.png,q_8_main_0_30fps_frame0029,well,q_8
deepseek-ocr_1s,1s,3882,q_9_main_1_30fps_frame0015.png,q_9_main_1_30fps_frame0015,well,q_9
deepseek-ocr_1s,1s,3882,q_9_main_1_30fps_frame0030.png,q_9_main_1_30fps_frame0030,well,q_9
deepseek-ocr_1s,1s,5009,q_10_main_0_30fps_frame0013.png,q_10_main_0_30fps_frame0013,well,q_10
deepseek-ocr_1s,1s,5009,q_10_main_0_30fps_frame0028.png,q_10_main_0_30fps_frame0028,well,q_10
deepseek-ocr_1s,1s,5009,q_11_main_1_30fps_frame0014.png,q_11_main_1_30fps_frame0014,well,q_11
deepseek-ocr_1s,1s,5009,q_11_main_1_30fps_frame0029.png,q_11_main_1_30fps_frame0029,well,q_11
deepseek-ocr_1s,1s,5009,q_12_main_1_30fps_frame0015.png,q_12_main_1_30fps_frame0015,well,q_12
deepseek-ocr_1s,1s,5009,q_12_main_1_30fps_frame0030.png,q_12_main_1_30fps_frame0030,well,q_12
deepseek-ocr_1s,1s,5009,q_13_main_0_30fps_frame0015.png,q_13_main_0_30fps_frame0015,well,q_13
deepseek-ocr_1s,1s,5009,q_13_main_0_30fps_frame0030.png,q_13_main_0_30fps_frame0030,well,q_13
deepseek-ocr_1s,1s,5009,q_14_main_0_30fps_frame0014.png,q_14_main_0_30fps_frame0014,well,q_14
deepseek-ocr_1s,1s,5009,q_14_main_0_30fps_frame0029.png,q_14_main_0_30fps_frame0029,well,q_14
deepseek-ocr_1s,1s,5009,q_15_main_1_30fps_frame0014.png,q_15_main_1_30fps_frame0014,well,q_15
deepseek-ocr_1s,1s,5009,q_15_main_1_30fps_frame0029.png,q_15_main_1_30fps_frame0029,well,q_15
deepseek-ocr_1s,1s,5009,q_16_main_1_30fps_frame0015.png,q_16_main_1_30fps_frame0015,well,q_16
deepseek-ocr_1s,1s,5009,q_16_main_1_30fps_frame0030.png,q_16_main_1_30fps_frame0030,well,q_16
deepseek-ocr_1s,1s,5009,q_17_main_0_30fps_frame0013.png,q_17_main_0_30fps_frame0013,well,q_17
deepseek-ocr_1s,1s,5009,q_17_main_0_30fps_frame0028.png,q_17_main_0_30fps_frame0028,well,q_17
deepseek-ocr_1s,1s,5009,q_18_main_0_30fps_frame0014.png,q_18_main_0_30fps_frame0014,well,q_18
deepseek-ocr_1s,1s,5009,q_18_main_0_30fps_frame0029.png,q_18_main_0_30fps_frame0029,well,q_18
deepseek-ocr_1s,1s,5009,q_19_main_1_30fps_frame0015.png,q_19_main_1_30fps_frame0015,well,q_19
deepseek-ocr_1s,1s,5009,q_19_main_1_30fps_frame0030.png,q_19_main_1_30fps_frame0030,well,q_19
deepseek-ocr_1s,1s,5009,q_1_main_0_30fps_frame0013.png,q_1_main_0_30fps_frame0013,well,q_1
deepseek-ocr_1s,1s,5009,q_1_main_0_30fps_frame0028.png,q_1_main_0_30fps_frame0028,well,q_1
deepseek-ocr_1s,1s,5009,q_20_main_0_30fps_frame0014.png,q_20_main_0_30fps_frame0014,well,q_20
deepseek-ocr_1s,1s,5009,q_20_main_0_30fps_frame0029.png,q_20_main_0_30fps_frame0029,well,q_20
deepseek-ocr_1s,1s,5009,q_21_main_0_30fps_frame0014.png,q_21_main_0_30fps_frame0014,well,q_21
deepseek-ocr_1s,1s,5009,q_21_main_0_30fps_frame0029.png,q_21_main_0_30fps_frame0029,well,q_21
deepseek-ocr_1s,1s,5009,q_22_main_0_30fps_frame0014.png,q_22_main_0_30fps_frame0014,well,q_22
deepseek-ocr_1s,1s,5009,q_22_main_0_30fps_frame0029.png,q_22_main_0_30fps_frame0029,well,q_22
deepseek-ocr_1s,1s,5009,q_23_main_0_30fps_frame0015.png,q_23_main_0_30fps_frame0015,well,q_23
deepseek-ocr_1s,1s,5009,q_23_main_0_30fps_frame0030.png,q_23_main_0_30fps_frame0030,well,q_23
deepseek-ocr_1s,1s,5009,q_24_main_0_30fps_frame0014.png,q_24_main_0_30fps_frame0014,well,q_24
deepseek-ocr_1s,1s,5009,q_24_main_0_30fps_frame0029.png,q_24_main_0_30fps_frame0029,well,q_24
deepseek-ocr_1s,1s,5009,q_25_main_1_30fps_frame0014.png,q_25_main_1_30fps_frame0014,well,q_25
deepseek-ocr_1s,1s,5009,q_25_main_1_30fps_frame0029.png,q_25_main_1_30fps_frame0029,well,q_25
deepseek-ocr_1s,1s,5009,q_26_main_0_30fps_frame0014.png,q_26_main_0_30fps_frame0014,well,q_26
deepseek-ocr_1s,1s,5009,q_26_main_0_30fps_frame0029.png,q_26_main_0_30fps_frame0029,well,q_26
deepseek-ocr_1s,1s,5009,q_27_main_1_30fps_frame0014.png,q_27_main_1_30fps_frame0014,well,q_27
deepseek-ocr_1s,1s,5009,q_27_main_1_30fps_frame0029.png,q_27_main_1_30fps_frame0029,well,q_27
deepseek-ocr_1s,1s,5009,q_28_main_1_30fps_frame0015.png,q_28_main_1_30fps_frame0015,well,q_28
deepseek-ocr_1s,1s,5009,q_28_main_1_30fps_frame0030.png,q_28_main_1_30fps_frame0030,well,q_28
deepseek-ocr_1s,1s,5009,q_29_main_0_30fps_frame0014.png,q_29_main_0_30fps_frame0014,well,q_29
deepseek-ocr_1s,1s,5009,q_29_main_0_30fps_frame0029.png,q_29_main_0_30fps_frame0029,well,q_29
deepseek-ocr_1s,1s,5009,q_2_main_1_30fps_frame0015.png,q_2_main_1_30fps_frame0015,well,q_2
deepseek-ocr_1s,1s,5009,q_2_main_1_30fps_frame0030.png,q_2_main_1_30fps_frame0030,well,q_2
deepseek-ocr_1s,1s,5009,q_30_main_0_30fps_frame0014.png,q_30_main_0_30fps_frame0014,well,q_30
deepseek-ocr_1s,1s,5009,q_30_main_0_30fps_frame0029.png,q_30_main_0_30fps_frame0029,well,q_30
deepseek-ocr_1s,1s,5009,q_3_main_1_30fps_frame0015.png,q_3_main_1_30fps_frame0015,well,q_3
deepseek-ocr_1s,1s,5009,q_3_main_1_30fps_frame0030.png,q_3_main_1_30fps_frame0030,well,q_3
deepseek-ocr_1s,1s,5009,q_4_main_0_30fps_frame0014.png,q_4_main_0_30fps_frame0014,well,q_4
deepseek-ocr_1s,1s,5009,q_4_main_0_30fps_frame0029.png,q_4_main_0_30fps_frame0029,well,q_4
deepseek-ocr_1s,1s,5009,q_5_main_1_30fps_frame0015.png,q_5_main_1_30fps_frame0015,well,q_5
deepseek-ocr_1s,1s,5009,q_5_main_1_30fps_frame0030.png,q_5_main_1_30fps_frame0030,well,q_5
deepseek-ocr_1s,1s,5009,q_6_main_1_30fps_frame0013.png,q_6_main_1_30fps_frame0013,well,q_6
deepseek-ocr_1s,1s,5009,q_6_main_1_30fps_frame0028.png,q_6_main_1_30fps_frame0028,well,q_6
deepseek-ocr_1s,1s,5009,q_7_main_1_30fps_frame0014.png,q_7_main_1_30fps_frame0014,well,q_7
deepseek-ocr_1s,1s,5009,q_7_main_1_30fps_frame0029.png,q_7_main_1_30fps_frame0029,well,q_7
deepseek-ocr_1s,1s,5009,q_8_main_0_30fps_frame0014.png,q_8_main_0_30fps_frame0014,well,q_8
deepseek-ocr_1s,1s,5009,q_8_main_0_30fps_frame0029.png,q_8_main_0_30fps_frame0029,well,q_8
deepseek-ocr_1s,1s,5009,q_9_main_1_30fps_frame0014.png,q_9_main_1_30fps_frame0014,well,q_9
deepseek-ocr_1s,1s,5009,q_9_main_1_30fps_frame0029.png,q_9_main_1_30fps_frame0029,well,q_9
deepseek-ocr_1s,1s,5099,q_10_main_0_30fps_frame0015.png,q_10_main_0_30fps_frame0015,well,q_10
deepseek-ocr_1s,1s,5099,q_10_main_0_30fps_frame0030.png,q_10_main_0_30fps_frame0030,well,q_10
deepseek-ocr_1s,1s,5099,q_11_main_1_30fps_frame0015.png,q_11_main_1_30fps_frame0015,well,q_11
deepseek-ocr_1s,1s,5099,q_11_main_1_30fps_frame0030.png,q_11_main_1_30fps_frame0030,well,q_11
deepseek-ocr_1s,1s,5099,q_12_main_1_30fps_frame0014.png,q_12_main_1_30fps_frame0014,well,q_12
deepseek-ocr_1s,1s,5099,q_12_main_1_30fps_frame0029.png,q_12_main_1_30fps_frame0029,well,q_12
deepseek-ocr_1s,1s,5099,q_13_main_1_30fps_frame0014.png,q_13_main_1_30fps_frame0014,well,q_13
deepseek-ocr_1s,1s,5099,q_13_main_1_30fps_frame0029.png,q_13_main_1_30fps_frame0029,well,q_13
deepseek-ocr_1s,1s,5099,q_14_main_1_30fps_frame0014.png,q_14_main_1_30fps_frame0014,well,q_14
deepseek-ocr_1s,1s,5099,q_14_main_1_30fps_frame0029.png,q_14_main_1_30fps_frame0029,well,q_14
deepseek-ocr_1s,1s,5099,q_15_main_1_30fps_frame0013.png,q_15_main_1_30fps_frame0013,well,q_15
deepseek-ocr_1s,1s,5099,q_15_main_1_30fps_frame0028.png,q_15_main_1_30fps_frame0028,well,q_15
deepseek-ocr_1s,1s,5099,q_16_main_1_30fps_frame0015.png,q_16_main_1_30fps_frame0015,well,q_16
deepseek-ocr_1s,1s,5099,q_16_main_1_30fps_frame0030.png,q_16_main_1_30fps_frame0030,well,q_16
deepseek-ocr_1s,1s,5099,q_17_main_0_30fps_frame0015.png,q_17_main_0_30fps_frame0015,well,q_17
deepseek-ocr_1s,1s,5099,q_17_main_0_30fps_frame0030.png,q_17_main_0_30fps_frame0030,well,q_17
deepseek-ocr_1s,1s,5099,q_18_main_0_30fps_frame0014.png,q_18_main_0_30fps_frame0014,well,q_18
deepseek-ocr_1s,1s,5099,q_18_main_0_30fps_frame0029.png,q_18_main_0_30fps_frame0029,well,q_18
deepseek-ocr_1s,1s,5099,q_19_main_0_30fps_frame0014.png,q_19_main_0_30fps_frame0014,well,q_19
deepseek-ocr_1s,1s,5099,q_19_main_0_30fps_frame0029.png,q_19_main_0_30fps_frame0029,well,q_19
deepseek-ocr_1s,1s,5099,q_1_main_0_30fps_frame0014.png,q_1_main_0_30fps_frame0014,well,q_1
deepseek-ocr_1s,1s,5099,q_1_main_0_30fps_frame0029.png,q_1_main_0_30fps_frame0029,well,q_1
deepseek-ocr_1s,1s,5099,q_20_main_0_30fps_frame0013.png,q_20_main_0_30fps_frame0013,well,q_20
deepseek-ocr_1s,1s,5099,q_20_main_0_30fps_frame0028.png,q_20_main_0_30fps_frame0028,well,q_20
deepseek-ocr_1s,1s,5099,q_21_main_0_30fps_frame0014.png,q_21_main_0_30fps_frame0014,well,q_21
deepseek-ocr_1s,1s,5099,q_21_main_0_30fps_frame0029.png,q_21_main_0_30fps_frame0029,well,q_21
deepseek-ocr_1s,1s,5099,q_22_main_0_30fps_frame0014.png,q_22_main_0_30fps_frame0014,well,q_22
deepseek-ocr_1s,1s,5099,q_22_main_0_30fps_frame0029.png,q_22_main_0_30fps_frame0029,well,q_22
deepseek-ocr_1s,1s,5099,q_23_main_1_30fps_frame0015.png,q_23_main_1_30fps_frame0015,well,q_23
deepseek-ocr_1s,1s,5099,q_23_main_1_30fps_frame0030.png,q_23_main_1_30fps_frame0030,well,q_23
deepseek-ocr_1s,1s,5099,q_24_main_0_30fps_frame0014.png,q_24_main_0_30fps_frame0014,well,q_24
deepseek-ocr_1s,1s,5099,q_24_main_0_30fps_frame0029.png,q_24_main_0_30fps_frame0029,well,q_24
deepseek-ocr_1s,1s,5099,q_25_main_1_30fps_frame0013.png,q_25_main_1_30fps_frame0013,well,q_25
deepseek-ocr_1s,1s,5099,q_25_main_1_30fps_frame0028.png,q_25_main_1_30fps_frame0028,well,q_25
deepseek-ocr_1s,1s,5099,q_26_main_0_30fps_frame0014.png,q_26_main_0_30fps_frame0014,well,q_26
deepseek-ocr_1s,1s,5099,q_26_main_0_30fps_frame0029.png,q_26_main_0_30fps_frame0029,well,q_26
deepseek-ocr_1s,1s,5099,q_27_main_0_30fps_frame0014.png,q_27_main_0_30fps_frame0014,well,q_27
deepseek-ocr_1s,1s,5099,q_27_main_0_30fps_frame0029.png,q_27_main_0_30fps_frame0029,well,q_27
deepseek-ocr_1s,1s,5099,q_28_main_0_30fps_frame0014.png,q_28_main_0_30fps_frame0014,well,q_28
deepseek-ocr_1s,1s,5099,q_28_main_0_30fps_frame0029.png,q_28_main_0_30fps_frame0029,well,q_28
deepseek-ocr_1s,1s,5099,q_29_main_0_30fps_frame0014.png,q_29_main_0_30fps_frame0014,well,q_29
deepseek-ocr_1s,1s,5099,q_29_main_0_30fps_frame0029.png,q_29_main_0_30fps_frame0029,well,q_29
deepseek-ocr_1s,1s,5099,q_2_main_1_30fps_frame0015.png,q_2_main_1_30fps_frame0015,well,q_2
deepseek-ocr_1s,1s,5099,q_2_main_1_30fps_frame0030.png,q_2_main_1_30fps_frame0030,well,q_2
deepseek-ocr_1s,1s,5099,q_30_main_0_30fps_frame0015.png,q_30_main_0_30fps_frame0015,well,q_30
deepseek-ocr_1s,1s,5099,q_30_main_0_30fps_frame0030.png,q_30_main_0_30fps_frame0030,well,q_30
deepseek-ocr_1s,1s,5099,q_3_main_1_30fps_frame0015.png,q_3_main_1_30fps_frame0015,well,q_3
deepseek-ocr_1s,1s,5099,q_3_main_1_30fps_frame0030.png,q_3_main_1_30fps_frame0030,well,q_3
deepseek-ocr_1s,1s,5099,q_4_main_1_30fps_frame0014.png,q_4_main_1_30fps_frame0014,well,q_4
deepseek-ocr_1s,1s,5099,q_4_main_1_30fps_frame0029.png,q_4_main_1_30fps_frame0029,well,q_4
deepseek-ocr_1s,1s,5099,q_5_main_0_30fps_frame0014.png,q_5_main_0_30fps_frame0014,well,q_5
deepseek-ocr_1s,1s,5099,q_5_main_0_30fps_frame0029.png,q_5_main_0_30fps_frame0029,well,q_5
deepseek-ocr_1s,1s,5099,q_6_main_1_30fps_frame0015.png,q_6_main_1_30fps_frame0015,well,q_6
deepseek-ocr_1s,1s,5099,q_6_main_1_30fps_frame0030.png,q_6_main_1_30fps_frame0030,well,q_6
deepseek-ocr_1s,1s,5099,q_7_main_1_30fps_frame0014.png,q_7_main_1_30fps_frame0014,well,q_7
deepseek-ocr_1s,1s,5099,q_7_main_1_30fps_frame0029.png,q_7_main_1_30fps_frame0029,well,q_7
deepseek-ocr_1s,1s,5099,q_8_main_0_30fps_frame0015.png,q_8_main_0_30fps_frame0015,well,q_8
deepseek-ocr_1s,1s,5099,q_8_main_0_30fps_frame0030.png,q_8_main_0_30fps_frame0030,well,q_8
deepseek-ocr_1s,1s,5099,q_9_main_1_30fps_frame0014.png,q_9_main_1_30fps_frame0014,well,q_9
deepseek-ocr_1s,1s,5099,q_9_main_1_30fps_frame0029.png,q_9_main_1_30fps_frame0029,well,q_9
deepseek-ocr_1s,1s,5124,q_10_main_0_30fps_frame0014.png,q_10_main_0_30fps_frame0014,well,q_10
deepseek-ocr_1s,1s,5124,q_10_main_0_30fps_frame0029.png,q_10_main_0_30fps_frame0029,well,q_10
deepseek-ocr_1s,1s,5124,q_11_main_1_30fps_frame0014.png,q_11_main_1_30fps_frame0014,well,q_11
deepseek-ocr_1s,1s,5124,q_11_main_1_30fps_frame0029.png,q_11_main_1_30fps_frame0029,well,q_11
deepseek-ocr_1s,1s,5124,q_12_main_0_30fps_frame0015.png,q_12_main_0_30fps_frame0015,well,q_12
deepseek-ocr_1s,1s,5124,q_12_main_0_30fps_frame0030.png,q_12_main_0_30fps_frame0030,well,q_12
deepseek-ocr_1s,1s,5124,q_13_main_1_30fps_frame0014.png,q_13_main_1_30fps_frame0014,well,q_13
deepseek-ocr_1s,1s,5124,q_13_main_1_30fps_frame0029.png,q_13_main_1_30fps_frame0029,well,q_13
deepseek-ocr_1s,1s,5124,q_14_main_0_30fps_frame0013.png,q_14_main_0_30fps_frame0013,well,q_14
deepseek-ocr_1s,1s,5124,q_14_main_0_30fps_frame0028.png,q_14_main_0_30fps_frame0028,well,q_14
deepseek-ocr_1s,1s,5124,q_15_main_1_30fps_frame0014.png,q_15_main_1_30fps_frame0014,well,q_15
deepseek-ocr_1s,1s,5124,q_15_main_1_30fps_frame0029.png,q_15_main_1_30fps_frame0029,well,q_15
deepseek-ocr_1s,1s,5124,q_16_main_0_30fps_frame0014.png,q_16_main_0_30fps_frame0014,well,q_16
deepseek-ocr_1s,1s,5124,q_16_main_0_30fps_frame0029.png,q_16_main_0_30fps_frame0029,well,q_16
deepseek-ocr_1s,1s,5124,q_17_main_0_30fps_frame0015.png,q_17_main_0_30fps_frame0015,well,q_17
deepseek-ocr_1s,1s,5124,q_17_main_0_30fps_frame0030.png,q_17_main_0_30fps_frame0030,well,q_17
deepseek-ocr_1s,1s,5124,q_18_main_0_30fps_frame0015.png,q_18_main_0_30fps_frame0015,well,q_18
deepseek-ocr_1s,1s,5124,q_18_main_0_30fps_frame0030.png,q_18_main_0_30fps_frame0030,well,q_18
deepseek-ocr_1s,1s,5124,q_19_main_0_30fps_frame0014.png,q_19_main_0_30fps_frame0014,well,q_19
deepseek-ocr_1s,1s,5124,q_19_main_0_30fps_frame0029.png,q_19_main_0_30fps_frame0029,well,q_19
deepseek-ocr_1s,1s,5124,q_1_main_0_30fps_frame0015.png,q_1_main_0_30fps_frame0015,well,q_1
deepseek-ocr_1s,1s,5124,q_1_main_0_30fps_frame0030.png,q_1_main_0_30fps_frame0030,well,q_1
deepseek-ocr_1s,1s,5124,q_20_main_0_30fps_frame0015.png,q_20_main_0_30fps_frame0015,well,q_20
deepseek-ocr_1s,1s,5124,q_20_main_0_30fps_frame0030.png,q_20_main_0_30fps_frame0030,well,q_20
deepseek-ocr_1s,1s,5124,q_21_main_0_30fps_frame0013.png,q_21_main_0_30fps_frame0013,well,q_21
deepseek-ocr_1s,1s,5124,q_21_main_0_30fps_frame0028.png,q_21_main_0_30fps_frame0028,well,q_21
deepseek-ocr_1s,1s,5124,q_22_main_1_30fps_frame0014.png,q_22_main_1_30fps_frame0014,well,q_22
deepseek-ocr_1s,1s,5124,q_22_main_1_30fps_frame0029.png,q_22_main_1_30fps_frame0029,well,q_22
deepseek-ocr_1s,1s,5124,q_23_main_0_30fps_frame0015.png,q_23_main_0_30fps_frame0015,well,q_23
deepseek-ocr_1s,1s,5124,q_23_main_0_30fps_frame0030.png,q_23_main_0_30fps_frame0030,well,q_23
deepseek-ocr_1s,1s,5124,q_24_main_0_30fps_frame0014.png,q_24_main_0_30fps_frame0014,well,q_24
deepseek-ocr_1s,1s,5124,q_24_main_0_30fps_frame0029.png,q_24_main_0_30fps_frame0029,well,q_24
deepseek-ocr_1s,1s,5124,q_25_main_1_30fps_frame0015.png,q_25_main_1_30fps_frame0015,well,q_25
deepseek-ocr_1s,1s,5124,q_25_main_1_30fps_frame0030.png,q_25_main_1_30fps_frame0030,well,q_25
deepseek-ocr_1s,1s,5124,q_26_main_0_30fps_frame0013.png,q_26_main_0_30fps_frame0013,well,q_26
deepseek-ocr_1s,1s,5124,q_26_main_0_30fps_frame0028.png,q_26_main_0_30fps_frame0028,well,q_26
deepseek-ocr_1s,1s,5124,q_27_main_1_30fps_frame0015.png,q_27_main_1_30fps_frame0015,well,q_27
deepseek-ocr_1s,1s,5124,q_27_main_1_30fps_frame0030.png,q_27_main_1_30fps_frame0030,well,q_27
deepseek-ocr_1s,1s,5124,q_28_main_1_30fps_frame0013.png,q_28_main_1_30fps_frame0013,well,q_28
deepseek-ocr_1s,1s,5124,q_28_main_1_30fps_frame0028.png,q_28_main_1_30fps_frame0028,well,q_28
deepseek-ocr_1s,1s,5124,q_29_main_0_30fps_frame0015.png,q_29_main_0_30fps_frame0015,well,q_29
deepseek-ocr_1s,1s,5124,q_29_main_0_30fps_frame0030.png,q_29_main_0_30fps_frame0030,well,q_29
deepseek-ocr_1s,1s,5124,q_2_main_1_30fps_frame0014.png,q_2_main_1_30fps_frame0014,well,q_2
deepseek-ocr_1s,1s,5124,q_2_main_1_30fps_frame0029.png,q_2_main_1_30fps_frame0029,well,q_2
deepseek-ocr_1s,1s,5124,q_30_main_0_30fps_frame0014.png,q_30_main_0_30fps_frame0014,well,q_30
deepseek-ocr_1s,1s,5124,q_30_main_0_30fps_frame0029.png,q_30_main_0_30fps_frame0029,well,q_30
deepseek-ocr_1s,1s,5124,q_3_main_1_30fps_frame0015.png,q_3_main_1_30fps_frame0015,well,q_3
deepseek-ocr_1s,1s,5124,q_3_main_1_30fps_frame0030.png,q_3_main_1_30fps_frame0030,well,q_3
deepseek-ocr_1s,1s,5124,q_4_main_0_30fps_frame0015.png,q_4_main_0_30fps_frame0015,well,q_4
deepseek-ocr_1s,1s,5124,q_4_main_0_30fps_frame0030.png,q_4_main_0_30fps_frame0030,well,q_4
deepseek-ocr_1s,1s,5124,q_5_main_0_30fps_frame0015.png,q_5_main_0_30fps_frame0015,well,q_5
deepseek-ocr_1s,1s,5124,q_5_main_0_30fps_frame0030.png,q_5_main_0_30fps_frame0030,well,q_5
deepseek-ocr_1s,1s,5124,q_6_main_1_30fps_frame0015.png,q_6_main_1_30fps_frame0015,well,q_6
deepseek-ocr_1s,1s,5124,q_6_main_1_30fps_frame0030.png,q_6_main_1_30fps_frame0030,well,q_6
deepseek-ocr_1s,1s,5124,q_7_main_1_30fps_frame0015.png,q_7_main_1_30fps_frame0015,well,q_7
deepseek-ocr_1s,1s,5124,q_7_main_1_30fps_frame0030.png,q_7_main_1_30fps_frame0030,well,q_7
deepseek-ocr_1s,1s,5124,q_8_main_0_30fps_frame0015.png,q_8_main_0_30fps_frame0015,well,q_8
deepseek-ocr_1s,1s,5124,q_8_main_0_30fps_frame0030.png,q_8_main_0_30fps_frame0030,well,q_8
deepseek-ocr_1s,1s,5124,q_9_main_0_30fps_frame0014.png,q_9_main_0_30fps_frame0014,well,q_9
deepseek-ocr_1s,1s,5124,q_9_main_0_30fps_frame0029.png,q_9_main_0_30fps_frame0029,well,q_9
deepseek-ocr_1s,1s,5233,q_10_main_1_30fps_frame0015.png,q_10_main_1_30fps_frame0015,well,q_10
deepseek-ocr_1s,1s,5233,q_10_main_1_30fps_frame0030.png,q_10_main_1_30fps_frame0030,well,q_10
deepseek-ocr_1s,1s,5233,q_11_main_1_30fps_frame0014.png,q_11_main_1_30fps_frame0014,well,q_11
deepseek-ocr_1s,1s,5233,q_11_main_1_30fps_frame0029.png,q_11_main_1_30fps_frame0029,well,q_11
deepseek-ocr_1s,1s,5233,q_12_main_1_30fps_frame0015.png,q_12_main_1_30fps_frame0015,well,q_12
deepseek-ocr_1s,1s,5233,q_12_main_1_30fps_frame0030.png,q_12_main_1_30fps_frame0030,well,q_12
deepseek-ocr_1s,1s,5233,q_13_main_1_30fps_frame0015.png,q_13_main_1_30fps_frame0015,well,q_13
deepseek-ocr_1s,1s,5233,q_13_main_1_30fps_frame0030.png,q_13_main_1_30fps_frame0030,well,q_13
deepseek-ocr_1s,1s,5233,q_14_main_0_30fps_frame0014.png,q_14_main_0_30fps_frame0014,well,q_14
deepseek-ocr_1s,1s,5233,q_14_main_0_30fps_frame0029.png,q_14_main_0_30fps_frame0029,well,q_14
deepseek-ocr_1s,1s,5233,q_15_main_1_30fps_frame0013.png,q_15_main_1_30fps_frame0013,well,q_15
deepseek-ocr_1s,1s,5233,q_15_main_1_30fps_frame0028.png,q_15_main_1_30fps_frame0028,well,q_15
deepseek-ocr_1s,1s,5233,q_16_main_1_30fps_frame0015.png,q_16_main_1_30fps_frame0015,well,q_16
deepseek-ocr_1s,1s,5233,q_16_main_1_30fps_frame0030.png,q_16_main_1_30fps_frame0030,well,q_16
deepseek-ocr_1s,1s,5233,q_17_main_0_30fps_frame0014.png,q_17_main_0_30fps_frame0014,well,q_17
deepseek-ocr_1s,1s,5233,q_17_main_0_30fps_frame0029.png,q_17_main_0_30fps_frame0029,well,q_17
deepseek-ocr_1s,1s,5233,q_18_main_0_30fps_frame0014.png,q_18_main_0_30fps_frame0014,well,q_18
deepseek-ocr_1s,1s,5233,q_18_main_0_30fps_frame0029.png,q_18_main_0_30fps_frame0029,well,q_18
deepseek-ocr_1s,1s,5233,q_19_main_0_30fps_frame0015.png,q_19_main_0_30fps_frame0015,well,q_19
deepseek-ocr_1s,1s,5233,q_19_main_0_30fps_frame0030.png,q_19_main_0_30fps_frame0030,well,q_19
deepseek-ocr_1s,1s,5233,q_1_main_0_30fps_frame0013.png,q_1_main_0_30fps_frame0013,well,q_1
deepseek-ocr_1s,1s,5233,q_1_main_0_30fps_frame0028.png,q_1_main_0_30fps_frame0028,well,q_1
deepseek-ocr_1s,1s,5233,q_20_main_0_30fps_frame0014.png,q_20_main_0_30fps_frame0014,well,q_20
deepseek-ocr_1s,1s,5233,q_20_main_0_30fps_frame0029.png,q_20_main_0_30fps_frame0029,well,q_20
deepseek-ocr_1s,1s,5233,q_21_main_1_30fps_frame0014.png,q_21_main_1_30fps_frame0014,well,q_21
deepseek-ocr_1s,1s,5233,q_21_main_1_30fps_frame0029.png,q_21_main_1_30fps_frame0029,well,q_21
deepseek-ocr_1s,1s,5233,q_22_main_1_30fps_frame0015.png,q_22_main_1_30fps_frame0015,well,q_22
deepseek-ocr_1s,1s,5233,q_22_main_1_30fps_frame0030.png,q_22_main_1_30fps_frame0030,well,q_22
deepseek-ocr_1s,1s,5233,q_23_main_1_30fps_frame0014.png,q_23_main_1_30fps_frame0014,well,q_23
deepseek-ocr_1s,1s,5233,q_23_main_1_30fps_frame0029.png,q_23_main_1_30fps_frame0029,well,q_23
deepseek-ocr_1s,1s,5233,q_24_main_1_30fps_frame0014.png,q_24_main_1_30fps_frame0014,well,q_24
deepseek-ocr_1s,1s,5233,q_24_main_1_30fps_frame0029.png,q_24_main_1_30fps_frame0029,well,q_24
deepseek-ocr_1s,1s,5233,q_25_main_0_30fps_frame0015.png,q_25_main_0_30fps_frame0015,well,q_25
deepseek-ocr_1s,1s,5233,q_25_main_0_30fps_frame0030.png,q_25_main_0_30fps_frame0030,well,q_25
deepseek-ocr_1s,1s,5233,q_26_main_1_30fps_frame0015.png,q_26_main_1_30fps_frame0015,well,q_26
deepseek-ocr_1s,1s,5233,q_26_main_1_30fps_frame0030.png,q_26_main_1_30fps_frame0030,well,q_26
deepseek-ocr_1s,1s,5233,q_27_main_0_30fps_frame0015.png,q_27_main_0_30fps_frame0015,well,q_27
deepseek-ocr_1s,1s,5233,q_27_main_0_30fps_frame0030.png,q_27_main_0_30fps_frame0030,well,q_27
deepseek-ocr_1s,1s,5233,q_28_main_0_30fps_frame0014.png,q_28_main_0_30fps_frame0014,well,q_28
deepseek-ocr_1s,1s,5233,q_28_main_0_30fps_frame0029.png,q_28_main_0_30fps_frame0029,well,q_28
deepseek-ocr_1s,1s,5233,q_29_main_0_30fps_frame0014.png,q_29_main_0_30fps_frame0014,well,q_29
deepseek-ocr_1s,1s,5233,q_29_main_0_30fps_frame0029.png,q_29_main_0_30fps_frame0029,well,q_29
deepseek-ocr_1s,1s,5233,q_2_main_1_30fps_frame0014.png,q_2_main_1_30fps_frame0014,well,q_2
deepseek-ocr_1s,1s,5233,q_2_main_1_30fps_frame0029.png,q_2_main_1_30fps_frame0029,well,q_2
deepseek-ocr_1s,1s,5233,q_30_main_0_30fps_frame0013.png,q_30_main_0_30fps_frame0013,well,q_30
deepseek-ocr_1s,1s,5233,q_30_main_0_30fps_frame0028.png,q_30_main_0_30fps_frame0028,well,q_30
deepseek-ocr_1s,1s,5233,q_3_main_1_30fps_frame0015.png,q_3_main_1_30fps_frame0015,well,q_3
deepseek-ocr_1s,1s,5233,q_3_main_1_30fps_frame0030.png,q_3_main_1_30fps_frame0030,well,q_3
deepseek-ocr_1s,1s,5233,q_4_main_1_30fps_frame0014.png,q_4_main_1_30fps_frame0014,well,q_4
deepseek-ocr_1s,1s,5233,q_4_main_1_30fps_frame0029.png,q_4_main_1_30fps_frame0029,well,q_4
deepseek-ocr_1s,1s,5233,q_5_main_0_30fps_frame0015.png,q_5_main_0_30fps_frame0015,well,q_5
deepseek-ocr_1s,1s,5233,q_5_main_0_30fps_frame0030.png,q_5_main_0_30fps_frame0030,well,q_5
deepseek-ocr_1s,1s,5233,q_6_main_1_30fps_frame0015.png,q_6_main_1_30fps_frame0015,well,q_6
deepseek-ocr_1s,1s,5233,q_6_main_1_30fps_frame0030.png,q_6_main_1_30fps_frame0030,well,q_6
deepseek-ocr_1s,1s,5233,q_7_main_1_30fps_frame0015.png,q_7_main_1_30fps_frame0015,well,q_7
deepseek-ocr_1s,1s,5233,q_7_main_1_30fps_frame0030.png,q_7_main_1_30fps_frame0030,well,q_7
deepseek-ocr_1s,1s,5233,q_8_main_1_30fps_frame0014.png,q_8_main_1_30fps_frame0014,well,q_8
deepseek-ocr_1s,1s,5233,q_8_main_1_30fps_frame0029.png,q_8_main_1_30fps_frame0029,well,q_8
deepseek-ocr_1s,1s,5233,q_9_main_1_30fps_frame0015.png,q_9_main_1_30fps_frame0015,well,q_9
deepseek-ocr_1s,1s,5233,q_9_main_1_30fps_frame0030.png,q_9_main_1_30fps_frame0030,well,q_9
deepseek-ocr_1s,1s,5310,q_10_main_0_30fps_frame0014.png,q_10_main_0_30fps_frame0014,well,q_10
deepseek-ocr_1s,1s,5310,q_10_main_0_30fps_frame0029.png,q_10_main_0_30fps_frame0029,well,q_10
deepseek-ocr_1s,1s,5310,q_11_main_1_30fps_frame0015.png,q_11_main_1_30fps_frame0015,well,q_11
deepseek-ocr_1s,1s,5310,q_11_main_1_30fps_frame0030.png,q_11_main_1_30fps_frame0030,well,q_11
deepseek-ocr_1s,1s,5310,q_12_main_1_30fps_frame0014.png,q_12_main_1_30fps_frame0014,well,q_12
deepseek-ocr_1s,1s,5310,q_12_main_1_30fps_frame0029.png,q_12_main_1_30fps_frame0029,well,q_12
deepseek-ocr_1s,1s,5310,q_13_main_1_30fps_frame0015.png,q_13_main_1_30fps_frame0015,well,q_13
deepseek-ocr_1s,1s,5310,q_13_main_1_30fps_frame0030.png,q_13_main_1_30fps_frame0030,well,q_13
deepseek-ocr_1s,1s,5310,q_14_main_0_30fps_frame0015.png,q_14_main_0_30fps_frame0015,well,q_14
deepseek-ocr_1s,1s,5310,q_14_main_0_30fps_frame0030.png,q_14_main_0_30fps_frame0030,well,q_14
deepseek-ocr_1s,1s,5310,q_15_main_1_30fps_frame0015.png,q_15_main_1_30fps_frame0015,well,q_15
deepseek-ocr_1s,1s,5310,q_15_main_1_30fps_frame0030.png,q_15_main_1_30fps_frame0030,well,q_15
deepseek-ocr_1s,1s,5310,q_16_main_1_30fps_frame0014.png,q_16_main_1_30fps_frame0014,well,q_16
deepseek-ocr_1s,1s,5310,q_16_main_1_30fps_frame0029.png,q_16_main_1_30fps_frame0029,well,q_16
deepseek-ocr_1s,1s,5310,q_17_main_1_30fps_frame0015.png,q_17_main_1_30fps_frame0015,well,q_17
deepseek-ocr_1s,1s,5310,q_17_main_1_30fps_frame0030.png,q_17_main_1_30fps_frame0030,well,q_17
deepseek-ocr_1s,1s,5310,q_18_main_1_30fps_frame0014.png,q_18_main_1_30fps_frame0014,well,q_18
deepseek-ocr_1s,1s,5310,q_18_main_1_30fps_frame0029.png,q_18_main_1_30fps_frame0029,well,q_18
deepseek-ocr_1s,1s,5310,q_19_main_1_30fps_frame0015.png,q_19_main_1_30fps_frame0015,well,q_19
deepseek-ocr_1s,1s,5310,q_19_main_1_30fps_frame0030.png,q_19_main_1_30fps_frame0030,well,q_19
deepseek-ocr_1s,1s,5310,q_1_main_0_30fps_frame0015.png,q_1_main_0_30fps_frame0015,well,q_1
deepseek-ocr_1s,1s,5310,q_1_main_0_30fps_frame0030.png,q_1_main_0_30fps_frame0030,well,q_1
deepseek-ocr_1s,1s,5310,q_20_main_0_30fps_frame0014.png,q_20_main_0_30fps_frame0014,well,q_20
deepseek-ocr_1s,1s,5310,q_20_main_0_30fps_frame0029.png,q_20_main_0_30fps_frame0029,well,q_20
deepseek-ocr_1s,1s,5310,q_21_main_1_30fps_frame0015.png,q_21_main_1_30fps_frame0015,well,q_21
deepseek-ocr_1s,1s,5310,q_21_main_1_30fps_frame0030.png,q_21_main_1_30fps_frame0030,well,q_21
deepseek-ocr_1s,1s,5310,q_22_main_1_30fps_frame0014.png,q_22_main_1_30fps_frame0014,well,q_22
deepseek-ocr_1s,1s,5310,q_22_main_1_30fps_frame0029.png,q_22_main_1_30fps_frame0029,well,q_22
deepseek-ocr_1s,1s,5310,q_23_main_1_30fps_frame0014.png,q_23_main_1_30fps_frame0014,well,q_23
deepseek-ocr_1s,1s,5310,q_23_main_1_30fps_frame0029.png,q_23_main_1_30fps_frame0029,well,q_23
deepseek-ocr_1s,1s,5310,q_24_main_1_30fps_frame0014.png,q_24_main_1_30fps_frame0014,well,q_24
deepseek-ocr_1s,1s,5310,q_24_main_1_30fps_frame0029.png,q_24_main_1_30fps_frame0029,well,q_24
deepseek-ocr_1s,1s,5310,q_25_main_0_30fps_frame0014.png,q_25_main_0_30fps_frame0014,well,q_25
deepseek-ocr_1s,1s,5310,q_25_main_0_30fps_frame0029.png,q_25_main_0_30fps_frame0029,well,q_25
deepseek-ocr_1s,1s,5310,q_26_main_0_30fps_frame0015.png,q_26_main_0_30fps_frame0015,well,q_26
deepseek-ocr_1s,1s,5310,q_26_main_0_30fps_frame0030.png,q_26_main_0_30fps_frame0030,well,q_26
deepseek-ocr_1s,1s,5310,q_27_main_1_30fps_frame0014.png,q_27_main_1_30fps_frame0014,well,q_27
deepseek-ocr_1s,1s,5310,q_27_main_1_30fps_frame0029.png,q_27_main_1_30fps_frame0029,well,q_27
deepseek-ocr_1s,1s,5310,q_28_main_0_30fps_frame0014.png,q_28_main_0_30fps_frame0014,well,q_28
deepseek-ocr_1s,1s,5310,q_28_main_0_30fps_frame0029.png,q_28_main_0_30fps_frame0029,well,q_28
deepseek-ocr_1s,1s,5310,q_29_main_0_30fps_frame0013.png,q_29_main_0_30fps_frame0013,well,q_29
deepseek-ocr_1s,1s,5310,q_29_main_0_30fps_frame0028.png,q_29_main_0_30fps_frame0028,well,q_29
deepseek-ocr_1s,1s,5310,q_2_main_1_30fps_frame0015.png,q_2_main_1_30fps_frame0015,well,q_2
deepseek-ocr_1s,1s,5310,q_2_main_1_30fps_frame0030.png,q_2_main_1_30fps_frame0030,well,q_2
deepseek-ocr_1s,1s,5310,q_30_main_0_30fps_frame0014.png,q_30_main_0_30fps_frame0014,well,q_30
deepseek-ocr_1s,1s,5310,q_30_main_0_30fps_frame0029.png,q_30_main_0_30fps_frame0029,well,q_30
deepseek-ocr_1s,1s,5310,q_3_main_1_30fps_frame0014.png,q_3_main_1_30fps_frame0014,well,q_3
deepseek-ocr_1s,1s,5310,q_3_main_1_30fps_frame0029.png,q_3_main_1_30fps_frame0029,well,q_3
deepseek-ocr_1s,1s,5310,q_4_main_0_30fps_frame0014.png,q_4_main_0_30fps_frame0014,well,q_4
deepseek-ocr_1s,1s,5310,q_4_main_0_30fps_frame0029.png,q_4_main_0_30fps_frame0029,well,q_4
deepseek-ocr_1s,1s,5310,q_5_main_0_30fps_frame0015.png,q_5_main_0_30fps_frame0015,well,q_5
deepseek-ocr_1s,1s,5310,q_5_main_0_30fps_frame0030.png,q_5_main_0_30fps_frame0030,well,q_5
deepseek-ocr_1s,1s,5310,q_6_main_1_30fps_frame0014.png,q_6_main_1_30fps_frame0014,well,q_6
deepseek-ocr_1s,1s,5310,q_6_main_1_30fps_frame0029.png,q_6_main_1_30fps_frame0029,well,q_6
deepseek-ocr_1s,1s,5310,q_7_main_1_30fps_frame0014.png,q_7_main_1_30fps_frame0014,well,q_7
deepseek-ocr_1s,1s,5310,q_7_main_1_30fps_frame0029.png,q_7_main_1_30fps_frame0029,well,q_7
deepseek-ocr_1s,1s,5310,q_8_main_0_30fps_frame0014.png,q_8_main_0_30fps_frame0014,well,q_8
deepseek-ocr_1s,1s,5310,q_8_main_0_30fps_frame0029.png,q_8_main_0_30fps_frame0029,well,q_8
deepseek-ocr_1s,1s,5310,q_9_main_1_30fps_frame0014.png,q_9_main_1_30fps_frame0014,well,q_9
deepseek-ocr_1s,1s,5310,q_9_main_1_30fps_frame0029.png,q_9_main_1_30fps_frame0029,well,q_9
deepseek-ocr_1s,1s,5702,q_10_main_0_30fps_frame0015.png,q_10_main_0_30fps_frame0015,well,q_10
deepseek-ocr_1s,1s,5702,q_10_main_0_30fps_frame0030.png,q_10_main_0_30fps_frame0030,well,q_10
deepseek-ocr_1s,1s,5702,q_11_main_1_30fps_frame0015.png,q_11_main_1_30fps_frame0015,well,q_11
deepseek-ocr_1s,1s,5702,q_11_main_1_30fps_frame0030.png,q_11_main_1_30fps_frame0030,well,q_11
deepseek-ocr_1s,1s,5702,q_12_main_0_30fps_frame0015.png,q_12_main_0_30fps_frame0015,well,q_12
deepseek-ocr_1s,1s,5702,q_12_main_0_30fps_frame0030.png,q_12_main_0_30fps_frame0030,well,q_12
deepseek-ocr_1s,1s,5702,q_13_main_0_30fps_frame0015.png,q_13_main_0_30fps_frame0015,well,q_13
deepseek-ocr_1s,1s,5702,q_13_main_0_30fps_frame0030.png,q_13_main_0_30fps_frame0030,well,q_13
deepseek-ocr_1s,1s,5702,q_14_main_0_30fps_frame0015.png,q_14_main_0_30fps_frame0015,well,q_14
deepseek-ocr_1s,1s,5702,q_14_main_0_30fps_frame0030.png,q_14_main_0_30fps_frame0030,well,q_14
deepseek-ocr_1s,1s,5702,q_15_main_1_30fps_frame0014.png,q_15_main_1_30fps_frame0014,well,q_15
deepseek-ocr_1s,1s,5702,q_15_main_1_30fps_frame0029.png,q_15_main_1_30fps_frame0029,well,q_15
deepseek-ocr_1s,1s,5702,q_16_main_1_30fps_frame0013.png,q_16_main_1_30fps_frame0013,well,q_16
deepseek-ocr_1s,1s,5702,q_16_main_1_30fps_frame0028.png,q_16_main_1_30fps_frame0028,well,q_16
deepseek-ocr_1s,1s,5702,q_17_main_1_30fps_frame0013.png,q_17_main_1_30fps_frame0013,well,q_17
deepseek-ocr_1s,1s,5702,q_17_main_1_30fps_frame0028.png,q_17_main_1_30fps_frame0028,well,q_17
deepseek-ocr_1s,1s,5702,q_18_main_0_30fps_frame0015.png,q_18_main_0_30fps_frame0015,well,q_18
deepseek-ocr_1s,1s,5702,q_18_main_0_30fps_frame0030.png,q_18_main_0_30fps_frame0030,well,q_18
deepseek-ocr_1s,1s,5702,q_19_main_1_30fps_frame0015.png,q_19_main_1_30fps_frame0015,well,q_19
deepseek-ocr_1s,1s,5702,q_19_main_1_30fps_frame0030.png,q_19_main_1_30fps_frame0030,well,q_19
deepseek-ocr_1s,1s,5702,q_1_main_1_30fps_frame0015.png,q_1_main_1_30fps_frame0015,well,q_1
deepseek-ocr_1s,1s,5702,q_1_main_1_30fps_frame0030.png,q_1_main_1_30fps_frame0030,well,q_1
deepseek-ocr_1s,1s,5702,q_20_main_0_30fps_frame0015.png,q_20_main_0_30fps_frame0015,well,q_20
deepseek-ocr_1s,1s,5702,q_20_main_0_30fps_frame0030.png,q_20_main_0_30fps_frame0030,well,q_20
deepseek-ocr_1s,1s,5702,q_21_main_0_30fps_frame0013.png,q_21_main_0_30fps_frame0013,well,q_21
deepseek-ocr_1s,1s,5702,q_21_main_0_30fps_frame0028.png,q_21_main_0_30fps_frame0028,well,q_21
deepseek-ocr_1s,1s,5702,q_22_main_0_30fps_frame0015.png,q_22_main_0_30fps_frame0015,well,q_22
deepseek-ocr_1s,1s,5702,q_22_main_0_30fps_frame0030.png,q_22_main_0_30fps_frame0030,well,q_22
deepseek-ocr_1s,1s,5702,q_23_main_0_30fps_frame0013.png,q_23_main_0_30fps_frame0013,well,q_23
deepseek-ocr_1s,1s,5702,q_23_main_0_30fps_frame0028.png,q_23_main_0_30fps_frame0028,well,q_23
deepseek-ocr_1s,1s,5702,q_24_main_0_30fps_frame0014.png,q_24_main_0_30fps_frame0014,well,q_24
deepseek-ocr_1s,1s,5702,q_24_main_0_30fps_frame0029.png,q_24_main_0_30fps_frame0029,well,q_24
deepseek-ocr_1s,1s,5702,q_25_main_0_30fps_frame0014.png,q_25_main_0_30fps_frame0014,well,q_25
deepseek-ocr_1s,1s,5702,q_25_main_0_30fps_frame0029.png,q_25_main_0_30fps_frame0029,well,q_25
deepseek-ocr_1s,1s,5702,q_26_main_1_30fps_frame0013.png,q_26_main_1_30fps_frame0013,well,q_26
deepseek-ocr_1s,1s,5702,q_26_main_1_30fps_frame0028.png,q_26_main_1_30fps_frame0028,well,q_26
deepseek-ocr_1s,1s,5702,q_27_main_0_30fps_frame0014.png,q_27_main_0_30fps_frame0014,well,q_27
deepseek-ocr_1s,1s,5702,q_27_main_0_30fps_frame0029.png,q_27_main_0_30fps_frame0029,well,q_27
deepseek-ocr_1s,1s,5702,q_28_main_0_30fps_frame0014.png,q_28_main_0_30fps_frame0014,well,q_28
deepseek-ocr_1s,1s,5702,q_28_main_0_30fps_frame0029.png,q_28_main_0_30fps_frame0029,well,q_28
deepseek-ocr_1s,1s,5702,q_29_main_0_30fps_frame0014.png,q_29_main_0_30fps_frame0014,well,q_29
deepseek-ocr_1s,1s,5702,q_29_main_0_30fps_frame0029.png,q_29_main_0_30fps_frame0029,well,q_29
deepseek-ocr_1s,1s,5702,q_2_main_1_30fps_frame0015.png,q_2_main_1_30fps_frame0015,well,q_2
deepseek-ocr_1s,1s,5702,q_2_main_1_30fps_frame0030.png,q_2_main_1_30fps_frame0030,well,q_2
deepseek-ocr_1s,1s,5702,q_30_main_0_30fps_frame0014.png,q_30_main_0_30fps_frame0014,well,q_30
deepseek-ocr_1s,1s,5702,q_30_main_0_30fps_frame0029.png,q_30_main_0_30fps_frame0029,well,q_30
deepseek-ocr_1s,1s,5702,q_3_main_1_30fps_frame0014.png,q_3_main_1_30fps_frame0014,well,q_3
deepseek-ocr_1s,1s,5702,q_3_main_1_30fps_frame0029.png,q_3_main_1_30fps_frame0029,well,q_3
deepseek-ocr_1s,1s,5702,q_4_main_0_30fps_frame0015.png,q_4_main_0_30fps_frame0015,well,q_4
deepseek-ocr_1s,1s,5702,q_4_main_0_30fps_frame0030.png,q_4_main_0_30fps_frame0030,well,q_4
deepseek-ocr_1s,1s,5702,q_5_main_0_30fps_frame0030.png,q_5_main_0_30fps_frame0030,well,q_5
deepseek-ocr_1s,1s,5702,q_6_main_0_30fps_frame0015.png,q_6_main_0_30fps_frame0015,well,q_6
deepseek-ocr_1s,1s,5702,q_6_main_0_30fps_frame0030.png,q_6_main_0_30fps_frame0030,well,q_6
deepseek-ocr_1s,1s,5702,q_7_main_1_30fps_frame0014.png,q_7_main_1_30fps_frame0014,well,q_7
deepseek-ocr_1s,1s,5702,q_7_main_1_30fps_frame0029.png,q_7_main_1_30fps_frame0029,well,q_7
deepseek-ocr_1s,1s,5702,q_8_main_0_30fps_frame0015.png,q_8_main_0_30fps_frame0015,well,q_8
deepseek-ocr_1s,1s,5702,q_8_main_0_30fps_frame0030.png,q_8_main_0_30fps_frame0030,well,q_8
deepseek-ocr_1s,1s,5702,q_9_main_1_30fps_frame0014.png,q_9_main_1_30fps_frame0014,well,q_9
deepseek-ocr_1s,1s,5702,q_9_main_1_30fps_frame0029.png,q_9_main_1_30fps_frame0029,well,q_9
deepseek-ocr_1s,1s,6488,q_10_main_0_30fps_frame0015.png,q_10_main_0_30fps_frame0015,well,q_10
deepseek-ocr_1s,1s,6488,q_10_main_0_30fps_frame0030.png,q_10_main_0_30fps_frame0030,well,q_10
deepseek-ocr_1s,1s,6488,q_11_main_1_30fps_frame0015.png,q_11_main_1_30fps_frame0015,well,q_11
deepseek-ocr_1s,1s,6488,q_11_main_1_30fps_frame0030.png,q_11_main_1_30fps_frame0030,well,q_11
deepseek-ocr_1s,1s,6488,q_12_main_0_30fps_frame0014.png,q_12_main_0_30fps_frame0014,well,q_12
deepseek-ocr_1s,1s,6488,q_12_main_0_30fps_frame0029.png,q_12_main_0_30fps_frame0029,well,q_12
deepseek-ocr_1s,1s,6488,q_13_main_0_30fps_frame0015.png,q_13_main_0_30fps_frame0015,well,q_13
deepseek-ocr_1s,1s,6488,q_13_main_0_30fps_frame0030.png,q_13_main_0_30fps_frame0030,well,q_13
deepseek-ocr_1s,1s,6488,q_14_main_1_30fps_frame0014.png,q_14_main_1_30fps_frame0014,well,q_14
deepseek-ocr_1s,1s,6488,q_14_main_1_30fps_frame0029.png,q_14_main_1_30fps_frame0029,well,q_14
deepseek-ocr_1s,1s,6488,q_15_main_1_30fps_frame0015.png,q_15_main_1_30fps_frame0015,well,q_15
deepseek-ocr_1s,1s,6488,q_15_main_1_30fps_frame0030.png,q_15_main_1_30fps_frame0030,well,q_15
deepseek-ocr_1s,1s,6488,q_16_main_1_30fps_frame0015.png,q_16_main_1_30fps_frame0015,well,q_16
deepseek-ocr_1s,1s,6488,q_16_main_1_30fps_frame0030.png,q_16_main_1_30fps_frame0030,well,q_16
deepseek-ocr_1s,1s,6488,q_17_main_1_30fps_frame0015.png,q_17_main_1_30fps_frame0015,well,q_17
deepseek-ocr_1s,1s,6488,q_17_main_1_30fps_frame0030.png,q_17_main_1_30fps_frame0030,well,q_17
deepseek-ocr_1s,1s,6488,q_18_main_0_30fps_frame0014.png,q_18_main_0_30fps_frame0014,well,q_18
deepseek-ocr_1s,1s,6488,q_18_main_0_30fps_frame0029.png,q_18_main_0_30fps_frame0029,well,q_18
deepseek-ocr_1s,1s,6488,q_19_main_0_30fps_frame0015.png,q_19_main_0_30fps_frame0015,well,q_19
deepseek-ocr_1s,1s,6488,q_19_main_0_30fps_frame0030.png,q_19_main_0_30fps_frame0030,well,q_19
deepseek-ocr_1s,1s,6488,q_1_main_1_30fps_frame0014.png,q_1_main_1_30fps_frame0014,well,q_1
deepseek-ocr_1s,1s,6488,q_1_main_1_30fps_frame0029.png,q_1_main_1_30fps_frame0029,well,q_1
deepseek-ocr_1s,1s,6488,q_20_main_0_30fps_frame0015.png,q_20_main_0_30fps_frame0015,well,q_20
deepseek-ocr_1s,1s,6488,q_20_main_0_30fps_frame0030.png,q_20_main_0_30fps_frame0030,well,q_20
deepseek-ocr_1s,1s,6488,q_21_main_1_30fps_frame0015.png,q_21_main_1_30fps_frame0015,well,q_21
deepseek-ocr_1s,1s,6488,q_21_main_1_30fps_frame0030.png,q_21_main_1_30fps_frame0030,well,q_21
deepseek-ocr_1s,1s,6488,q_22_main_0_30fps_frame0014.png,q_22_main_0_30fps_frame0014,well,q_22
deepseek-ocr_1s,1s,6488,q_22_main_0_30fps_frame0029.png,q_22_main_0_30fps_frame0029,well,q_22
deepseek-ocr_1s,1s,6488,q_23_main_1_30fps_frame0015.png,q_23_main_1_30fps_frame0015,well,q_23
deepseek-ocr_1s,1s,6488,q_23_main_1_30fps_frame0030.png,q_23_main_1_30fps_frame0030,well,q_23
deepseek-ocr_1s,1s,6488,q_24_main_0_30fps_frame0015.png,q_24_main_0_30fps_frame0015,well,q_24
deepseek-ocr_1s,1s,6488,q_24_main_0_30fps_frame0030.png,q_24_main_0_30fps_frame0030,well,q_24
deepseek-ocr_1s,1s,6488,q_25_main_0_30fps_frame0015.png,q_25_main_0_30fps_frame0015,well,q_25
deepseek-ocr_1s,1s,6488,q_25_main_0_30fps_frame0030.png,q_25_main_0_30fps_frame0030,well,q_25
deepseek-ocr_1s,1s,6488,q_26_main_0_30fps_frame0014.png,q_26_main_0_30fps_frame0014,well,q_26
deepseek-ocr_1s,1s,6488,q_26_main_0_30fps_frame0029.png,q_26_main_0_30fps_frame0029,well,q_26
deepseek-ocr_1s,1s,6488,q_27_main_1_30fps_frame0014.png,q_27_main_1_30fps_frame0014,well,q_27
deepseek-ocr_1s,1s,6488,q_27_main_1_30fps_frame0029.png,q_27_main_1_30fps_frame0029,well,q_27
deepseek-ocr_1s,1s,6488,q_28_main_0_30fps_frame0014.png,q_28_main_0_30fps_frame0014,well,q_28
deepseek-ocr_1s,1s,6488,q_28_main_0_30fps_frame0029.png,q_28_main_0_30fps_frame0029,well,q_28
deepseek-ocr_1s,1s,6488,q_29_main_0_30fps_frame0014.png,q_29_main_0_30fps_frame0014,well,q_29
deepseek-ocr_1s,1s,6488,q_29_main_0_30fps_frame0029.png,q_29_main_0_30fps_frame0029,well,q_29
deepseek-ocr_1s,1s,6488,q_2_main_1_30fps_frame0015.png,q_2_main_1_30fps_frame0015,well,q_2
deepseek-ocr_1s,1s,6488,q_2_main_1_30fps_frame0030.png,q_2_main_1_30fps_frame0030,well,q_2
deepseek-ocr_1s,1s,6488,q_30_main_0_30fps_frame0015.png,q_30_main_0_30fps_frame0015,well,q_30
deepseek-ocr_1s,1s,6488,q_30_main_0_30fps_frame0030.png,q_30_main_0_30fps_frame0030,well,q_30
deepseek-ocr_1s,1s,6488,q_3_main_1_30fps_frame0015.png,q_3_main_1_30fps_frame0015,well,q_3
deepseek-ocr_1s,1s,6488,q_3_main_1_30fps_frame0030.png,q_3_main_1_30fps_frame0030,well,q_3
deepseek-ocr_1s,1s,6488,q_4_main_0_30fps_frame0014.png,q_4_main_0_30fps_frame0014,well,q_4
deepseek-ocr_1s,1s,6488,q_4_main_0_30fps_frame0029.png,q_4_main_0_30fps_frame0029,well,q_4
deepseek-ocr_1s,1s,6488,q_5_main_0_30fps_frame0015.png,q_5_main_0_30fps_frame0015,well,q_5
deepseek-ocr_1s,1s,6488,q_5_main_0_30fps_frame0030.png,q_5_main_0_30fps_frame0030,well,q_5
deepseek-ocr_1s,1s,6488,q_6_main_0_30fps_frame0015.png,q_6_main_0_30fps_frame0015,well,q_6
deepseek-ocr_1s,1s,6488,q_6_main_0_30fps_frame0030.png,q_6_main_0_30fps_frame0030,well,q_6
deepseek-ocr_1s,1s,6488,q_7_main_1_30fps_frame0015.png,q_7_main_1_30fps_frame0015,well,q_7
deepseek-ocr_1s,1s,6488,q_7_main_1_30fps_frame0030.png,q_7_main_1_30fps_frame0030,well,q_7
deepseek-ocr_1s,1s,6488,q_8_main_0_30fps_frame0015.png,q_8_main_0_30fps_frame0015,well,q_8
deepseek-ocr_1s,1s,6488,q_8_main_0_30fps_frame0030.png,q_8_main_0_30fps_frame0030,well,q_8
deepseek-ocr_1s,1s,6488,q_9_main_1_30fps_frame0014.png,q_9_main_1_30fps_frame0014,well,q_9
deepseek-ocr_1s,1s,6488,q_9_main_1_30fps_frame0029.png,q_9_main_1_30fps_frame0029,well,q_9
deepseek-ocr_1s,1s,7136,q_10_main_1_30fps_frame0015.png,q_10_main_1_30fps_frame0015,well,q_10
deepseek-ocr_1s,1s,7136,q_10_main_1_30fps_frame0030.png,q_10_main_1_30fps_frame0030,well,q_10
deepseek-ocr_1s,1s,7136,q_11_main_1_30fps_frame0014.png,q_11_main_1_30fps_frame0014,well,q_11
deepseek-ocr_1s,1s,7136,q_11_main_1_30fps_frame0029.png,q_11_main_1_30fps_frame0029,well,q_11
deepseek-ocr_1s,1s,7136,q_12_main_1_30fps_frame0015.png,q_12_main_1_30fps_frame0015,well,q_12
deepseek-ocr_1s,1s,7136,q_12_main_1_30fps_frame0030.png,q_12_main_1_30fps_frame0030,well,q_12
deepseek-ocr_1s,1s,7136,q_13_main_1_30fps_frame0014.png,q_13_main_1_30fps_frame0014,well,q_13
deepseek-ocr_1s,1s,7136,q_13_main_1_30fps_frame0029.png,q_13_main_1_30fps_frame0029,well,q_13
deepseek-ocr_1s,1s,7136,q_14_main_0_30fps_frame0014.png,q_14_main_0_30fps_frame0014,well,q_14
deepseek-ocr_1s,1s,7136,q_14_main_0_30fps_frame0029.png,q_14_main_0_30fps_frame0029,well,q_14
deepseek-ocr_1s,1s,7136,q_15_main_1_30fps_frame0014.png,q_15_main_1_30fps_frame0014,well,q_15
deepseek-ocr_1s,1s,7136,q_15_main_1_30fps_frame0029.png,q_15_main_1_30fps_frame0029,well,q_15
deepseek-ocr_1s,1s,7136,q_16_main_1_30fps_frame0015.png,q_16_main_1_30fps_frame0015,well,q_16
deepseek-ocr_1s,1s,7136,q_16_main_1_30fps_frame0030.png,q_16_main_1_30fps_frame0030,well,q_16
deepseek-ocr_1s,1s,7136,q_17_main_1_30fps_frame0014.png,q_17_main_1_30fps_frame0014,well,q_17
deepseek-ocr_1s,1s,7136,q_17_main_1_30fps_frame0029.png,q_17_main_1_30fps_frame0029,well,q_17
deepseek-ocr_1s,1s,7136,q_18_main_1_30fps_frame0015.png,q_18_main_1_30fps_frame0015,well,q_18
deepseek-ocr_1s,1s,7136,q_18_main_1_30fps_frame0030.png,q_18_main_1_30fps_frame0030,well,q_18
deepseek-ocr_1s,1s,7136,q_19_main_0_30fps_frame0015.png,q_19_main_0_30fps_frame0015,well,q_19
deepseek-ocr_1s,1s,7136,q_19_main_0_30fps_frame0030.png,q_19_main_0_30fps_frame0030,well,q_19
deepseek-ocr_1s,1s,7136,q_1_main_0_30fps_frame0013.png,q_1_main_0_30fps_frame0013,well,q_1
deepseek-ocr_1s,1s,7136,q_1_main_0_30fps_frame0028.png,q_1_main_0_30fps_frame0028,well,q_1
deepseek-ocr_1s,1s,7136,q_20_main_0_30fps_frame0015.png,q_20_main_0_30fps_frame0015,well,q_20
deepseek-ocr_1s,1s,7136,q_20_main_0_30fps_frame0030.png,q_20_main_0_30fps_frame0030,well,q_20
deepseek-ocr_1s,1s,7136,q_21_main_0_30fps_frame0014.png,q_21_main_0_30fps_frame0014,well,q_21
deepseek-ocr_1s,1s,7136,q_21_main_0_30fps_frame0029.png,q_21_main_0_30fps_frame0029,well,q_21
deepseek-ocr_1s,1s,7136,q_22_main_1_30fps_frame0014.png,q_22_main_1_30fps_frame0014,well,q_22
deepseek-ocr_1s,1s,7136,q_22_main_1_30fps_frame0029.png,q_22_main_1_30fps_frame0029,well,q_22
deepseek-ocr_1s,1s,7136,q_23_main_0_30fps_frame0015.png,q_23_main_0_30fps_frame0015,well,q_23
deepseek-ocr_1s,1s,7136,q_23_main_0_30fps_frame0030.png,q_23_main_0_30fps_frame0030,well,q_23
deepseek-ocr_1s,1s,7136,q_24_main_0_30fps_frame0015.png,q_24_main_0_30fps_frame0015,well,q_24
deepseek-ocr_1s,1s,7136,q_24_main_0_30fps_frame0030.png,q_24_main_0_30fps_frame0030,well,q_24
deepseek-ocr_1s,1s,7136,q_25_main_0_30fps_frame0015.png,q_25_main_0_30fps_frame0015,well,q_25
deepseek-ocr_1s,1s,7136,q_25_main_0_30fps_frame0030.png,q_25_main_0_30fps_frame0030,well,q_25
deepseek-ocr_1s,1s,7136,q_26_main_0_30fps_frame0014.png,q_26_main_0_30fps_frame0014,well,q_26
deepseek-ocr_1s,1s,7136,q_26_main_0_30fps_frame0029.png,q_26_main_0_30fps_frame0029,well,q_26
deepseek-ocr_1s,1s,7136,q_27_main_1_30fps_frame0014.png,q_27_main_1_30fps_frame0014,well,q_27
deepseek-ocr_1s,1s,7136,q_27_main_1_30fps_frame0029.png,q_27_main_1_30fps_frame0029,well,q_27
deepseek-ocr_1s,1s,7136,q_28_main_0_30fps_frame0015.png,q_28_main_0_30fps_frame0015,well,q_28
deepseek-ocr_1s,1s,7136,q_28_main_0_30fps_frame0030.png,q_28_main_0_30fps_frame0030,well,q_28
deepseek-ocr_1s,1s,7136,q_29_main_0_30fps_frame0014.png,q_29_main_0_30fps_frame0014,well,q_29
deepseek-ocr_1s,1s,7136,q_29_main_0_30fps_frame0029.png,q_29_main_0_30fps_frame0029,well,q_29
deepseek-ocr_1s,1s,7136,q_2_main_1_30fps_frame0014.png,q_2_main_1_30fps_frame0014,well,q_2
deepseek-ocr_1s,1s,7136,q_2_main_1_30fps_frame0029.png,q_2_main_1_30fps_frame0029,well,q_2
deepseek-ocr_1s,1s,7136,q_30_main_0_30fps_frame0014.png,q_30_main_0_30fps_frame0014,well,q_30
deepseek-ocr_1s,1s,7136,q_30_main_0_30fps_frame0029.png,q_30_main_0_30fps_frame0029,well,q_30
deepseek-ocr_1s,1s,7136,q_3_main_1_30fps_frame0015.png,q_3_main_1_30fps_frame0015,well,q_3
deepseek-ocr_1s,1s,7136,q_3_main_1_30fps_frame0030.png,q_3_main_1_30fps_frame0030,well,q_3
deepseek-ocr_1s,1s,7136,q_4_main_1_30fps_frame0014.png,q_4_main_1_30fps_frame0014,well,q_4
deepseek-ocr_1s,1s,7136,q_4_main_1_30fps_frame0029.png,q_4_main_1_30fps_frame0029,well,q_4
deepseek-ocr_1s,1s,7136,q_5_main_0_30fps_frame0015.png,q_5_main_0_30fps_frame0015,well,q_5
deepseek-ocr_1s,1s,7136,q_5_main_0_30fps_frame0030.png,q_5_main_0_30fps_frame0030,well,q_5
deepseek-ocr_1s,1s,7136,q_6_main_0_30fps_frame0015.png,q_6_main_0_30fps_frame0015,well,q_6
deepseek-ocr_1s,1s,7136,q_6_main_0_30fps_frame0030.png,q_6_main_0_30fps_frame0030,well,q_6
deepseek-ocr_1s,1s,7136,q_7_main_0_30fps_frame0015.png,q_7_main_0_30fps_frame0015,well,q_7
deepseek-ocr_1s,1s,7136,q_7_main_0_30fps_frame0030.png,q_7_main_0_30fps_frame0030,well,q_7
deepseek-ocr_1s,1s,7136,q_8_main_0_30fps_frame0015.png,q_8_main_0_30fps_frame0015,well,q_8
deepseek-ocr_1s,1s,7136,q_8_main_0_30fps_frame0030.png,q_8_main_0_30fps_frame0030,well,q_8
deepseek-ocr_1s,1s,7136,q_9_main_0_30fps_frame0015.png,q_9_main_0_30fps_frame0015,well,q_9
deepseek-ocr_1s,1s,7136,q_9_main_0_30fps_frame0030.png,q_9_main_0_30fps_frame0030,well,q_9
deepseek-ocr_1s,1s,7782,q_10_main_0_30fps_frame0014.png,q_10_main_0_30fps_frame0014,well,q_10
deepseek-ocr_1s,1s,7782,q_10_main_0_30fps_frame0029.png,q_10_main_0_30fps_frame0029,well,q_10
deepseek-ocr_1s,1s,7782,q_11_main_1_30fps_frame0012.png,q_11_main_1_30fps_frame0012,well,q_11
deepseek-ocr_1s,1s,7782,q_11_main_1_30fps_frame0027.png,q_11_main_1_30fps_frame0027,well,q_11
deepseek-ocr_1s,1s,7782,q_12_main_0_30fps_frame0014.png,q_12_main_0_30fps_frame0014,well,q_12
deepseek-ocr_1s,1s,7782,q_12_main_0_30fps_frame0029.png,q_12_main_0_30fps_frame0029,well,q_12
deepseek-ocr_1s,1s,7782,q_13_main_0_30fps_frame0015.png,q_13_main_0_30fps_frame0015,well,q_13
deepseek-ocr_1s,1s,7782,q_13_main_0_30fps_frame0030.png,q_13_main_0_30fps_frame0030,well,q_13
deepseek-ocr_1s,1s,7782,q_14_main_0_30fps_frame0015.png,q_14_main_0_30fps_frame0015,well,q_14
deepseek-ocr_1s,1s,7782,q_14_main_0_30fps_frame0030.png,q_14_main_0_30fps_frame0030,well,q_14
deepseek-ocr_1s,1s,7782,q_15_main_1_30fps_frame0012.png,q_15_main_1_30fps_frame0012,well,q_15
deepseek-ocr_1s,1s,7782,q_15_main_1_30fps_frame0027.png,q_15_main_1_30fps_frame0027,well,q_15
deepseek-ocr_1s,1s,7782,q_16_main_1_30fps_frame0014.png,q_16_main_1_30fps_frame0014,well,q_16
deepseek-ocr_1s,1s,7782,q_16_main_1_30fps_frame0029.png,q_16_main_1_30fps_frame0029,well,q_16
deepseek-ocr_1s,1s,7782,q_17_main_0_30fps_frame0014.png,q_17_main_0_30fps_frame0014,well,q_17
deepseek-ocr_1s,1s,7782,q_17_main_0_30fps_frame0029.png,q_17_main_0_30fps_frame0029,well,q_17
deepseek-ocr_1s,1s,7782,q_18_main_0_30fps_frame0014.png,q_18_main_0_30fps_frame0014,well,q_18
deepseek-ocr_1s,1s,7782,q_18_main_0_30fps_frame0029.png,q_18_main_0_30fps_frame0029,well,q_18
deepseek-ocr_1s,1s,7782,q_19_main_0_30fps_frame0015.png,q_19_main_0_30fps_frame0015,well,q_19
deepseek-ocr_1s,1s,7782,q_19_main_0_30fps_frame0030.png,q_19_main_0_30fps_frame0030,well,q_19
deepseek-ocr_1s,1s,7782,q_1_main_0_30fps_frame0015.png,q_1_main_0_30fps_frame0015,well,q_1
deepseek-ocr_1s,1s,7782,q_1_main_0_30fps_frame0030.png,q_1_main_0_30fps_frame0030,well,q_1
deepseek-ocr_1s,1s,7782,q_20_main_0_30fps_frame0015.png,q_20_main_0_30fps_frame0015,well,q_20
deepseek-ocr_1s,1s,7782,q_20_main_0_30fps_frame0030.png,q_20_main_0_30fps_frame0030,well,q_20
deepseek-ocr_1s,1s,7782,q_21_main_0_30fps_frame0014.png,q_21_main_0_30fps_frame0014,well,q_21
deepseek-ocr_1s,1s,7782,q_21_main_0_30fps_frame0029.png,q_21_main_0_30fps_frame0029,well,q_21
deepseek-ocr_1s,1s,7782,q_22_main_0_30fps_frame0014.png,q_22_main_0_30fps_frame0014,well,q_22
deepseek-ocr_1s,1s,7782,q_22_main_0_30fps_frame0029.png,q_22_main_0_30fps_frame0029,well,q_22
deepseek-ocr_1s,1s,7782,q_23_main_0_30fps_frame0014.png,q_23_main_0_30fps_frame0014,well,q_23
deepseek-ocr_1s,1s,7782,q_23_main_0_30fps_frame0029.png,q_23_main_0_30fps_frame0029,well,q_23
deepseek-ocr_1s,1s,7782,q_24_main_0_30fps_frame0014.png,q_24_main_0_30fps_frame0014,well,q_24
deepseek-ocr_1s,1s,7782,q_24_main_0_30fps_frame0029.png,q_24_main_0_30fps_frame0029,well,q_24
deepseek-ocr_1s,1s,7782,q_25_main_0_30fps_frame0014.png,q_25_main_0_30fps_frame0014,well,q_25
deepseek-ocr_1s,1s,7782,q_25_main_0_30fps_frame0029.png,q_25_main_0_30fps_frame0029,well,q_25
deepseek-ocr_1s,1s,7782,q_26_main_0_30fps_frame0013.png,q_26_main_0_30fps_frame0013,well,q_26
deepseek-ocr_1s,1s,7782,q_26_main_0_30fps_frame0028.png,q_26_main_0_30fps_frame0028,well,q_26
deepseek-ocr_1s,1s,7782,q_27_main_0_30fps_frame0015.png,q_27_main_0_30fps_frame0015,well,q_27
deepseek-ocr_1s,1s,7782,q_27_main_0_30fps_frame0030.png,q_27_main_0_30fps_frame0030,well,q_27
deepseek-ocr_1s,1s,7782,q_28_main_0_30fps_frame0014.png,q_28_main_0_30fps_frame0014,well,q_28
deepseek-ocr_1s,1s,7782,q_28_main_0_30fps_frame0029.png,q_28_main_0_30fps_frame0029,well,q_28
deepseek-ocr_1s,1s,7782,q_29_main_0_30fps_frame0014.png,q_29_main_0_30fps_frame0014,well,q_29
deepseek-ocr_1s,1s,7782,q_29_main_0_30fps_frame0029.png,q_29_main_0_30fps_frame0029,well,q_29
deepseek-ocr_1s,1s,7782,q_2_main_1_30fps_frame0014.png,q_2_main_1_30fps_frame0014,well,q_2
deepseek-ocr_1s,1s,7782,q_2_main_1_30fps_frame0029.png,q_2_main_1_30fps_frame0029,well,q_2
deepseek-ocr_1s,1s,7782,q_30_main_0_30fps_frame0014.png,q_30_main_0_30fps_frame0014,well,q_30
deepseek-ocr_1s,1s,7782,q_30_main_0_30fps_frame0029.png,q_30_main_0_30fps_frame0029,well,q_30
deepseek-ocr_1s,1s,7782,q_3_main_1_30fps_frame0014.png,q_3_main_1_30fps_frame0014,well,q_3
deepseek-ocr_1s,1s,7782,q_3_main_1_30fps_frame0029.png,q_3_main_1_30fps_frame0029,well,q_3
deepseek-ocr_1s,1s,7782,q_4_main_1_30fps_frame0015.png,q_4_main_1_30fps_frame0015,well,q_4
deepseek-ocr_1s,1s,7782,q_4_main_1_30fps_frame0030.png,q_4_main_1_30fps_frame0030,well,q_4
deepseek-ocr_1s,1s,7782,q_5_main_0_30fps_frame0014.png,q_5_main_0_30fps_frame0014,well,q_5
deepseek-ocr_1s,1s,7782,q_5_main_0_30fps_frame0029.png,q_5_main_0_30fps_frame0029,well,q_5
deepseek-ocr_1s,1s,7782,q_6_main_0_30fps_frame0014.png,q_6_main_0_30fps_frame0014,well,q_6
deepseek-ocr_1s,1s,7782,q_6_main_0_30fps_frame0029.png,q_6_main_0_30fps_frame0029,well,q_6
deepseek-ocr_1s,1s,7782,q_7_main_0_30fps_frame0014.png,q_7_main_0_30fps_frame0014,well,q_7
deepseek-ocr_1s,1s,7782,q_7_main_0_30fps_frame0029.png,q_7_main_0_30fps_frame0029,well,q_7
deepseek-ocr_1s,1s,7782,q_8_main_0_30fps_frame0014.png,q_8_main_0_30fps_frame0014,well,q_8
deepseek-ocr_1s,1s,7782,q_8_main_0_30fps_frame0029.png,q_8_main_0_30fps_frame0029,well,q_8
deepseek-ocr_1s,1s,7782,q_9_main_0_30fps_frame0014.png,q_9_main_0_30fps_frame0014,well,q_9
deepseek-ocr_1s,1s,7782,q_9_main_0_30fps_frame0029.png,q_9_main_0_30fps_frame0029,well,q_9
deepseek-ocr_1s,1s,7797,q_10_main_0_30fps_frame0014.png,q_10_main_0_30fps_frame0014,well,q_10
deepseek-ocr_1s,1s,7797,q_10_main_0_30fps_frame0029.png,q_10_main_0_30fps_frame0029,well,q_10
deepseek-ocr_1s,1s,7797,q_11_main_1_30fps_frame0015.png,q_11_main_1_30fps_frame0015,well,q_11
deepseek-ocr_1s,1s,7797,q_11_main_1_30fps_frame0030.png,q_11_main_1_30fps_frame0030,well,q_11
deepseek-ocr_1s,1s,7797,q_12_main_1_30fps_frame0015.png,q_12_main_1_30fps_frame0015,well,q_12
deepseek-ocr_1s,1s,7797,q_12_main_1_30fps_frame0030.png,q_12_main_1_30fps_frame0030,well,q_12
deepseek-ocr_1s,1s,7797,q_13_main_1_30fps_frame0015.png,q_13_main_1_30fps_frame0015,well,q_13
deepseek-ocr_1s,1s,7797,q_13_main_1_30fps_frame0030.png,q_13_main_1_30fps_frame0030,well,q_13
deepseek-ocr_1s,1s,7797,q_14_main_0_30fps_frame0013.png,q_14_main_0_30fps_frame0013,well,q_14
deepseek-ocr_1s,1s,7797,q_14_main_0_30fps_frame0028.png,q_14_main_0_30fps_frame0028,well,q_14
deepseek-ocr_1s,1s,7797,q_15_main_1_30fps_frame0014.png,q_15_main_1_30fps_frame0014,well,q_15
deepseek-ocr_1s,1s,7797,q_15_main_1_30fps_frame0029.png,q_15_main_1_30fps_frame0029,well,q_15
deepseek-ocr_1s,1s,7797,q_16_main_1_30fps_frame0014.png,q_16_main_1_30fps_frame0014,well,q_16
deepseek-ocr_1s,1s,7797,q_16_main_1_30fps_frame0029.png,q_16_main_1_30fps_frame0029,well,q_16
deepseek-ocr_1s,1s,7797,q_17_main_1_30fps_frame0014.png,q_17_main_1_30fps_frame0014,well,q_17
deepseek-ocr_1s,1s,7797,q_17_main_1_30fps_frame0029.png,q_17_main_1_30fps_frame0029,well,q_17
deepseek-ocr_1s,1s,7797,q_18_main_0_30fps_frame0015.png,q_18_main_0_30fps_frame0015,well,q_18
deepseek-ocr_1s,1s,7797,q_18_main_0_30fps_frame0030.png,q_18_main_0_30fps_frame0030,well,q_18
deepseek-ocr_1s,1s,7797,q_19_main_0_30fps_frame0015.png,q_19_main_0_30fps_frame0015,well,q_19
deepseek-ocr_1s,1s,7797,q_19_main_0_30fps_frame0030.png,q_19_main_0_30fps_frame0030,well,q_19
deepseek-ocr_1s,1s,7797,q_1_main_0_30fps_frame0014.png,q_1_main_0_30fps_frame0014,well,q_1
deepseek-ocr_1s,1s,7797,q_1_main_0_30fps_frame0029.png,q_1_main_0_30fps_frame0029,well,q_1
deepseek-ocr_1s,1s,7797,q_20_main_0_30fps_frame0014.png,q_20_main_0_30fps_frame0014,well,q_20
deepseek-ocr_1s,1s,7797,q_20_main_0_30fps_frame0029.png,q_20_main_0_30fps_frame0029,well,q_20
deepseek-ocr_1s,1s,7797,q_21_main_0_30fps_frame0014.png,q_21_main_0_30fps_frame0014,well,q_21
deepseek-ocr_1s,1s,7797,q_21_main_0_30fps_frame0029.png,q_21_main_0_30fps_frame0029,well,q_21
deepseek-ocr_1s,1s,7797,q_22_main_0_30fps_frame0013.png,q_22_main_0_30fps_frame0013,well,q_22
deepseek-ocr_1s,1s,7797,q_22_main_0_30fps_frame0028.png,q_22_main_0_30fps_frame0028,well,q_22
deepseek-ocr_1s,1s,7797,q_23_main_0_30fps_frame0014.png,q_23_main_0_30fps_frame0014,well,q_23
deepseek-ocr_1s,1s,7797,q_23_main_0_30fps_frame0029.png,q_23_main_0_30fps_frame0029,well,q_23
deepseek-ocr_1s,1s,7797,q_24_main_0_30fps_frame0014.png,q_24_main_0_30fps_frame0014,well,q_24
deepseek-ocr_1s,1s,7797,q_24_main_0_30fps_frame0029.png,q_24_main_0_30fps_frame0029,well,q_24
deepseek-ocr_1s,1s,7797,q_25_main_0_30fps_frame0015.png,q_25_main_0_30fps_frame0015,well,q_25
deepseek-ocr_1s,1s,7797,q_25_main_0_30fps_frame0030.png,q_25_main_0_30fps_frame0030,well,q_25
deepseek-ocr_1s,1s,7797,q_26_main_1_30fps_frame0014.png,q_26_main_1_30fps_frame0014,well,q_26
deepseek-ocr_1s,1s,7797,q_26_main_1_30fps_frame0029.png,q_26_main_1_30fps_frame0029,well,q_26
deepseek-ocr_1s,1s,7797,q_27_main_1_30fps_frame0015.png,q_27_main_1_30fps_frame0015,well,q_27
deepseek-ocr_1s,1s,7797,q_27_main_1_30fps_frame0030.png,q_27_main_1_30fps_frame0030,well,q_27
deepseek-ocr_1s,1s,7797,q_28_main_1_30fps_frame0014.png,q_28_main_1_30fps_frame0014,well,q_28
deepseek-ocr_1s,1s,7797,q_28_main_1_30fps_frame0029.png,q_28_main_1_30fps_frame0029,well,q_28
deepseek-ocr_1s,1s,7797,q_29_main_0_30fps_frame0014.png,q_29_main_0_30fps_frame0014,well,q_29
deepseek-ocr_1s,1s,7797,q_29_main_0_30fps_frame0029.png,q_29_main_0_30fps_frame0029,well,q_29
deepseek-ocr_1s,1s,7797,q_2_main_1_30fps_frame0014.png,q_2_main_1_30fps_frame0014,well,q_2
deepseek-ocr_1s,1s,7797,q_2_main_1_30fps_frame0029.png,q_2_main_1_30fps_frame0029,well,q_2
deepseek-ocr_1s,1s,7797,q_30_main_0_30fps_frame0014.png,q_30_main_0_30fps_frame0014,well,q_30
deepseek-ocr_1s,1s,7797,q_30_main_0_30fps_frame0029.png,q_30_main_0_30fps_frame0029,well,q_30
deepseek-ocr_1s,1s,7797,q_3_main_1_30fps_frame0015.png,q_3_main_1_30fps_frame0015,well,q_3
deepseek-ocr_1s,1s,7797,q_3_main_1_30fps_frame0030.png,q_3_main_1_30fps_frame0030,well,q_3
deepseek-ocr_1s,1s,7797,q_4_main_1_30fps_frame0014.png,q_4_main_1_30fps_frame0014,well,q_4
deepseek-ocr_1s,1s,7797,q_4_main_1_30fps_frame0029.png,q_4_main_1_30fps_frame0029,well,q_4
deepseek-ocr_1s,1s,7797,q_5_main_0_30fps_frame0015.png,q_5_main_0_30fps_frame0015,well,q_5
deepseek-ocr_1s,1s,7797,q_5_main_0_30fps_frame0030.png,q_5_main_0_30fps_frame0030,well,q_5
deepseek-ocr_1s,1s,7797,q_6_main_0_30fps_frame0015.png,q_6_main_0_30fps_frame0015,well,q_6
deepseek-ocr_1s,1s,7797,q_6_main_0_30fps_frame0030.png,q_6_main_0_30fps_frame0030,well,q_6
deepseek-ocr_1s,1s,7797,q_7_main_1_30fps_frame0015.png,q_7_main_1_30fps_frame0015,well,q_7
deepseek-ocr_1s,1s,7797,q_7_main_1_30fps_frame0030.png,q_7_main_1_30fps_frame0030,well,q_7
deepseek-ocr_1s,1s,7797,q_8_main_0_30fps_frame0014.png,q_8_main_0_30fps_frame0014,well,q_8
deepseek-ocr_1s,1s,7797,q_8_main_0_30fps_frame0029.png,q_8_main_0_30fps_frame0029,well,q_8
deepseek-ocr_1s,1s,7797,q_9_main_1_30fps_frame0014.png,q_9_main_1_30fps_frame0014,well,q_9
deepseek-ocr_1s,1s,7797,q_9_main_1_30fps_frame0029.png,q_9_main_1_30fps_frame0029,well,q_9
deepseek-ocr_1s,1s,8184,q_10_main_0_30fps_frame0015.png,q_10_main_0_30fps_frame0015,well,q_10
deepseek-ocr_1s,1s,8184,q_10_main_0_30fps_frame0030.png,q_10_main_0_30fps_frame0030,well,q_10
deepseek-ocr_1s,1s,8184,q_11_main_0_30fps_frame0014.png,q_11_main_0_30fps_frame0014,well,q_11
deepseek-ocr_1s,1s,8184,q_11_main_0_30fps_frame0029.png,q_11_main_0_30fps_frame0029,well,q_11
deepseek-ocr_1s,1s,8184,q_12_main_0_30fps_frame0015.png,q_12_main_0_30fps_frame0015,well,q_12
deepseek-ocr_1s,1s,8184,q_12_main_0_30fps_frame0030.png,q_12_main_0_30fps_frame0030,well,q_12
deepseek-ocr_1s,1s,8184,q_13_main_0_30fps_frame0015.png,q_13_main_0_30fps_frame0015,well,q_13
deepseek-ocr_1s,1s,8184,q_13_main_0_30fps_frame0030.png,q_13_main_0_30fps_frame0030,well,q_13
deepseek-ocr_1s,1s,8184,q_14_main_0_30fps_frame0014.png,q_14_main_0_30fps_frame0014,well,q_14
deepseek-ocr_1s,1s,8184,q_14_main_0_30fps_frame0029.png,q_14_main_0_30fps_frame0029,well,q_14
deepseek-ocr_1s,1s,8184,q_15_main_1_30fps_frame0014.png,q_15_main_1_30fps_frame0014,well,q_15
deepseek-ocr_1s,1s,8184,q_15_main_1_30fps_frame0029.png,q_15_main_1_30fps_frame0029,well,q_15
deepseek-ocr_1s,1s,8184,q_16_main_1_30fps_frame0015.png,q_16_main_1_30fps_frame0015,well,q_16
deepseek-ocr_1s,1s,8184,q_16_main_1_30fps_frame0030.png,q_16_main_1_30fps_frame0030,well,q_16
deepseek-ocr_1s,1s,8184,q_17_main_1_30fps_frame0014.png,q_17_main_1_30fps_frame0014,well,q_17
deepseek-ocr_1s,1s,8184,q_17_main_1_30fps_frame0029.png,q_17_main_1_30fps_frame0029,well,q_17
deepseek-ocr_1s,1s,8184,q_18_main_0_30fps_frame0015.png,q_18_main_0_30fps_frame0015,well,q_18
deepseek-ocr_1s,1s,8184,q_18_main_0_30fps_frame0030.png,q_18_main_0_30fps_frame0030,well,q_18
deepseek-ocr_1s,1s,8184,q_19_main_0_30fps_frame0015.png,q_19_main_0_30fps_frame0015,well,q_19
deepseek-ocr_1s,1s,8184,q_19_main_0_30fps_frame0030.png,q_19_main_0_30fps_frame0030,well,q_19
deepseek-ocr_1s,1s,8184,q_1_main_0_30fps_frame0014.png,q_1_main_0_30fps_frame0014,well,q_1
deepseek-ocr_1s,1s,8184,q_1_main_0_30fps_frame0029.png,q_1_main_0_30fps_frame0029,well,q_1
deepseek-ocr_1s,1s,8184,q_20_main_0_30fps_frame0014.png,q_20_main_0_30fps_frame0014,well,q_20
deepseek-ocr_1s,1s,8184,q_20_main_0_30fps_frame0029.png,q_20_main_0_30fps_frame0029,well,q_20
deepseek-ocr_1s,1s,8184,q_21_main_0_30fps_frame0014.png,q_21_main_0_30fps_frame0014,well,q_21
deepseek-ocr_1s,1s,8184,q_21_main_0_30fps_frame0029.png,q_21_main_0_30fps_frame0029,well,q_21
deepseek-ocr_1s,1s,8184,q_22_main_0_30fps_frame0014.png,q_22_main_0_30fps_frame0014,well,q_22
deepseek-ocr_1s,1s,8184,q_22_main_0_30fps_frame0029.png,q_22_main_0_30fps_frame0029,well,q_22
deepseek-ocr_1s,1s,8184,q_23_main_0_30fps_frame0015.png,q_23_main_0_30fps_frame0015,well,q_23
deepseek-ocr_1s,1s,8184,q_23_main_0_30fps_frame0030.png,q_23_main_0_30fps_frame0030,well,q_23
deepseek-ocr_1s,1s,8184,q_24_main_0_30fps_frame0015.png,q_24_main_0_30fps_frame0015,well,q_24
deepseek-ocr_1s,1s,8184,q_24_main_0_30fps_frame0030.png,q_24_main_0_30fps_frame0030,well,q_24
deepseek-ocr_1s,1s,8184,q_25_main_0_30fps_frame0015.png,q_25_main_0_30fps_frame0015,well,q_25
deepseek-ocr_1s,1s,8184,q_25_main_0_30fps_frame0030.png,q_25_main_0_30fps_frame0030,well,q_25
deepseek-ocr_1s,1s,8184,q_26_main_0_30fps_frame0015.png,q_26_main_0_30fps_frame0015,well,q_26
deepseek-ocr_1s,1s,8184,q_26_main_0_30fps_frame0030.png,q_26_main_0_30fps_frame0030,well,q_26
deepseek-ocr_1s,1s,8184,q_27_main_0_30fps_frame0014.png,q_27_main_0_30fps_frame0014,well,q_27
deepseek-ocr_1s,1s,8184,q_27_main_0_30fps_frame0029.png,q_27_main_0_30fps_frame0029,well,q_27
deepseek-ocr_1s,1s,8184,q_28_main_0_30fps_frame0014.png,q_28_main_0_30fps_frame0014,well,q_28
deepseek-ocr_1s,1s,8184,q_28_main_0_30fps_frame0029.png,q_28_main_0_30fps_frame0029,well,q_28
deepseek-ocr_1s,1s,8184,q_29_main_0_30fps_frame0014.png,q_29_main_0_30fps_frame0014,well,q_29
deepseek-ocr_1s,1s,8184,q_29_main_0_30fps_frame0029.png,q_29_main_0_30fps_frame0029,well,q_29
deepseek-ocr_1s,1s,8184,q_2_main_1_30fps_frame0015.png,q_2_main_1_30fps_frame0015,well,q_2
deepseek-ocr_1s,1s,8184,q_2_main_1_30fps_frame0030.png,q_2_main_1_30fps_frame0030,well,q_2
deepseek-ocr_1s,1s,8184,q_30_main_0_30fps_frame0014.png,q_30_main_0_30fps_frame0014,well,q_30
deepseek-ocr_1s,1s,8184,q_30_main_0_30fps_frame0029.png,q_30_main_0_30fps_frame0029,well,q_30
deepseek-ocr_1s,1s,8184,q_3_main_1_30fps_frame0015.png,q_3_main_1_30fps_frame0015,well,q_3
deepseek-ocr_1s,1s,8184,q_3_main_1_30fps_frame0030.png,q_3_main_1_30fps_frame0030,well,q_3
deepseek-ocr_1s,1s,8184,q_4_main_1_30fps_frame0015.png,q_4_main_1_30fps_frame0015,well,q_4
deepseek-ocr_1s,1s,8184,q_4_main_1_30fps_frame0030.png,q_4_main_1_30fps_frame0030,well,q_4
deepseek-ocr_1s,1s,8184,q_5_main_0_30fps_frame0015.png,q_5_main_0_30fps_frame0015,well,q_5
deepseek-ocr_1s,1s,8184,q_5_main_0_30fps_frame0030.png,q_5_main_0_30fps_frame0030,well,q_5
deepseek-ocr_1s,1s,8184,q_6_main_1_30fps_frame0015.png,q_6_main_1_30fps_frame0015,well,q_6
deepseek-ocr_1s,1s,8184,q_6_main_1_30fps_frame0030.png,q_6_main_1_30fps_frame0030,well,q_6
deepseek-ocr_1s,1s,8184,q_7_main_1_30fps_frame0015.png,q_7_main_1_30fps_frame0015,well,q_7
deepseek-ocr_1s,1s,8184,q_7_main_1_30fps_frame0030.png,q_7_main_1_30fps_frame0030,well,q_7
deepseek-ocr_1s,1s,8184,q_8_main_0_30fps_frame0015.png,q_8_main_0_30fps_frame0015,well,q_8
deepseek-ocr_1s,1s,8184,q_8_main_0_30fps_frame0030.png,q_8_main_0_30fps_frame0030,well,q_8
deepseek-ocr_1s,1s,8184,q_9_main_1_30fps_frame0014.png,q_9_main_1_30fps_frame0014,well,q_9
deepseek-ocr_1s,1s,8184,q_9_main_1_30fps_frame0029.png,q_9_main_1_30fps_frame0029,well,q_9
deepseek-ocr_1s,1s,8436,q_10_main_0_30fps_frame0015.png,q_10_main_0_30fps_frame0015,well,q_10
deepseek-ocr_1s,1s,8436,q_10_main_0_30fps_frame0030.png,q_10_main_0_30fps_frame0030,well,q_10
deepseek-ocr_1s,1s,8436,q_11_main_1_30fps_frame0015.png,q_11_main_1_30fps_frame0015,well,q_11
deepseek-ocr_1s,1s,8436,q_11_main_1_30fps_frame0030.png,q_11_main_1_30fps_frame0030,well,q_11
deepseek-ocr_1s,1s,8436,q_12_main_1_30fps_frame0014.png,q_12_main_1_30fps_frame0014,well,q_12
deepseek-ocr_1s,1s,8436,q_12_main_1_30fps_frame0029.png,q_12_main_1_30fps_frame0029,well,q_12
deepseek-ocr_1s,1s,8436,q_13_main_1_30fps_frame0015.png,q_13_main_1_30fps_frame0015,well,q_13
deepseek-ocr_1s,1s,8436,q_13_main_1_30fps_frame0030.png,q_13_main_1_30fps_frame0030,well,q_13
deepseek-ocr_1s,1s,8436,q_14_main_0_30fps_frame0014.png,q_14_main_0_30fps_frame0014,well,q_14
deepseek-ocr_1s,1s,8436,q_14_main_0_30fps_frame0029.png,q_14_main_0_30fps_frame0029,well,q_14
deepseek-ocr_1s,1s,8436,q_15_main_1_30fps_frame0014.png,q_15_main_1_30fps_frame0014,well,q_15
deepseek-ocr_1s,1s,8436,q_15_main_1_30fps_frame0029.png,q_15_main_1_30fps_frame0029,well,q_15
deepseek-ocr_1s,1s,8436,q_16_main_1_30fps_frame0015.png,q_16_main_1_30fps_frame0015,well,q_16
deepseek-ocr_1s,1s,8436,q_16_main_1_30fps_frame0030.png,q_16_main_1_30fps_frame0030,well,q_16
deepseek-ocr_1s,1s,8436,q_17_main_0_30fps_frame0015.png,q_17_main_0_30fps_frame0015,well,q_17
deepseek-ocr_1s,1s,8436,q_17_main_0_30fps_frame0030.png,q_17_main_0_30fps_frame0030,well,q_17
deepseek-ocr_1s,1s,8436,q_18_main_0_30fps_frame0015.png,q_18_main_0_30fps_frame0015,well,q_18
deepseek-ocr_1s,1s,8436,q_18_main_0_30fps_frame0030.png,q_18_main_0_30fps_frame0030,well,q_18
deepseek-ocr_1s,1s,8436,q_19_main_0_30fps_frame0015.png,q_19_main_0_30fps_frame0015,well,q_19
deepseek-ocr_1s,1s,8436,q_19_main_0_30fps_frame0030.png,q_19_main_0_30fps_frame0030,well,q_19
deepseek-ocr_1s,1s,8436,q_1_main_0_30fps_frame0014.png,q_1_main_0_30fps_frame0014,well,q_1
deepseek-ocr_1s,1s,8436,q_1_main_0_30fps_frame0029.png,q_1_main_0_30fps_frame0029,well,q_1
deepseek-ocr_1s,1s,8436,q_20_main_0_30fps_frame0014.png,q_20_main_0_30fps_frame0014,well,q_20
deepseek-ocr_1s,1s,8436,q_20_main_0_30fps_frame0029.png,q_20_main_0_30fps_frame0029,well,q_20
deepseek-ocr_1s,1s,8436,q_21_main_1_30fps_frame0015.png,q_21_main_1_30fps_frame0015,well,q_21
deepseek-ocr_1s,1s,8436,q_21_main_1_30fps_frame0030.png,q_21_main_1_30fps_frame0030,well,q_21
deepseek-ocr_1s,1s,8436,q_22_main_0_30fps_frame0014.png,q_22_main_0_30fps_frame0014,well,q_22
deepseek-ocr_1s,1s,8436,q_22_main_0_30fps_frame0029.png,q_22_main_0_30fps_frame0029,well,q_22
deepseek-ocr_1s,1s,8436,q_23_main_1_30fps_frame0015.png,q_23_main_1_30fps_frame0015,well,q_23
deepseek-ocr_1s,1s,8436,q_23_main_1_30fps_frame0030.png,q_23_main_1_30fps_frame0030,well,q_23
deepseek-ocr_1s,1s,8436,q_24_main_0_30fps_frame0015.png,q_24_main_0_30fps_frame0015,well,q_24
deepseek-ocr_1s,1s,8436,q_24_main_0_30fps_frame0030.png,q_24_main_0_30fps_frame0030,well,q_24
deepseek-ocr_1s,1s,8436,q_25_main_0_30fps_frame0015.png,q_25_main_0_30fps_frame0015,well,q_25
deepseek-ocr_1s,1s,8436,q_25_main_0_30fps_frame0030.png,q_25_main_0_30fps_frame0030,well,q_25
deepseek-ocr_1s,1s,8436,q_26_main_0_30fps_frame0015.png,q_26_main_0_30fps_frame0015,well,q_26
deepseek-ocr_1s,1s,8436,q_26_main_0_30fps_frame0030.png,q_26_main_0_30fps_frame0030,well,q_26
deepseek-ocr_1s,1s,8436,q_27_main_1_30fps_frame0014.png,q_27_main_1_30fps_frame0014,well,q_27
deepseek-ocr_1s,1s,8436,q_27_main_1_30fps_frame0029.png,q_27_main_1_30fps_frame0029,well,q_27
deepseek-ocr_1s,1s,8436,q_28_main_0_30fps_frame0014.png,q_28_main_0_30fps_frame0014,well,q_28
deepseek-ocr_1s,1s,8436,q_28_main_0_30fps_frame0029.png,q_28_main_0_30fps_frame0029,well,q_28
deepseek-ocr_1s,1s,8436,q_29_main_0_30fps_frame0015.png,q_29_main_0_30fps_frame0015,well,q_29
deepseek-ocr_1s,1s,8436,q_29_main_0_30fps_frame0030.png,q_29_main_0_30fps_frame0030,well,q_29
deepseek-ocr_1s,1s,8436,q_2_main_1_30fps_frame0015.png,q_2_main_1_30fps_frame0015,well,q_2
deepseek-ocr_1s,1s,8436,q_2_main_1_30fps_frame0030.png,q_2_main_1_30fps_frame0030,well,q_2
deepseek-ocr_1s,1s,8436,q_30_main_1_30fps_frame0014.png,q_30_main_1_30fps_frame0014,well,q_30
deepseek-ocr_1s,1s,8436,q_30_main_1_30fps_frame0029.png,q_30_main_1_30fps_frame0029,well,q_30
deepseek-ocr_1s,1s,8436,q_3_main_1_30fps_frame0015.png,q_3_main_1_30fps_frame0015,well,q_3
deepseek-ocr_1s,1s,8436,q_3_main_1_30fps_frame0030.png,q_3_main_1_30fps_frame0030,well,q_3
deepseek-ocr_1s,1s,8436,q_4_main_1_30fps_frame0013.png,q_4_main_1_30fps_frame0013,well,q_4
deepseek-ocr_1s,1s,8436,q_4_main_1_30fps_frame0028.png,q_4_main_1_30fps_frame0028,well,q_4
deepseek-ocr_1s,1s,8436,q_5_main_0_30fps_frame0014.png,q_5_main_0_30fps_frame0014,well,q_5
deepseek-ocr_1s,1s,8436,q_5_main_0_30fps_frame0029.png,q_5_main_0_30fps_frame0029,well,q_5
deepseek-ocr_1s,1s,8436,q_6_main_0_30fps_frame0015.png,q_6_main_0_30fps_frame0015,well,q_6
deepseek-ocr_1s,1s,8436,q_6_main_0_30fps_frame0030.png,q_6_main_0_30fps_frame0030,well,q_6
deepseek-ocr_1s,1s,8436,q_7_main_1_30fps_frame0015.png,q_7_main_1_30fps_frame0015,well,q_7
deepseek-ocr_1s,1s,8436,q_7_main_1_30fps_frame0030.png,q_7_main_1_30fps_frame0030,well,q_7
deepseek-ocr_1s,1s,8436,q_8_main_1_30fps_frame0014.png,q_8_main_1_30fps_frame0014,well,q_8
deepseek-ocr_1s,1s,8436,q_8_main_1_30fps_frame0029.png,q_8_main_1_30fps_frame0029,well,q_8
deepseek-ocr_1s,1s,8436,q_9_main_1_30fps_frame0014.png,q_9_main_1_30fps_frame0014,well,q_9
deepseek-ocr_1s,1s,8436,q_9_main_1_30fps_frame0029.png,q_9_main_1_30fps_frame0029,well,q_9
deepseek-ocr_1s,1s,8758,q_10_main_1_30fps_frame0015.png,q_10_main_1_30fps_frame0015,well,q_10
deepseek-ocr_1s,1s,8758,q_10_main_1_30fps_frame0030.png,q_10_main_1_30fps_frame0030,well,q_10
deepseek-ocr_1s,1s,8758,q_11_main_1_30fps_frame0013.png,q_11_main_1_30fps_frame0013,well,q_11
deepseek-ocr_1s,1s,8758,q_11_main_1_30fps_frame0028.png,q_11_main_1_30fps_frame0028,well,q_11
deepseek-ocr_1s,1s,8758,q_12_main_1_30fps_frame0015.png,q_12_main_1_30fps_frame0015,well,q_12
deepseek-ocr_1s,1s,8758,q_12_main_1_30fps_frame0030.png,q_12_main_1_30fps_frame0030,well,q_12
deepseek-ocr_1s,1s,8758,q_13_main_1_30fps_frame0015.png,q_13_main_1_30fps_frame0015,well,q_13
deepseek-ocr_1s,1s,8758,q_13_main_1_30fps_frame0030.png,q_13_main_1_30fps_frame0030,well,q_13
deepseek-ocr_1s,1s,8758,q_14_main_0_30fps_frame0014.png,q_14_main_0_30fps_frame0014,well,q_14
deepseek-ocr_1s,1s,8758,q_14_main_0_30fps_frame0029.png,q_14_main_0_30fps_frame0029,well,q_14
deepseek-ocr_1s,1s,8758,q_15_main_1_30fps_frame0014.png,q_15_main_1_30fps_frame0014,well,q_15
deepseek-ocr_1s,1s,8758,q_15_main_1_30fps_frame0029.png,q_15_main_1_30fps_frame0029,well,q_15
deepseek-ocr_1s,1s,8758,q_16_main_1_30fps_frame0014.png,q_16_main_1_30fps_frame0014,well,q_16
deepseek-ocr_1s,1s,8758,q_16_main_1_30fps_frame0029.png,q_16_main_1_30fps_frame0029,well,q_16
deepseek-ocr_1s,1s,8758,q_17_main_1_30fps_frame0014.png,q_17_main_1_30fps_frame0014,well,q_17
deepseek-ocr_1s,1s,8758,q_17_main_1_30fps_frame0029.png,q_17_main_1_30fps_frame0029,well,q_17
deepseek-ocr_1s,1s,8758,q_18_main_1_30fps_frame0015.png,q_18_main_1_30fps_frame0015,well,q_18
deepseek-ocr_1s,1s,8758,q_18_main_1_30fps_frame0030.png,q_18_main_1_30fps_frame0030,well,q_18
deepseek-ocr_1s,1s,8758,q_19_main_1_30fps_frame0013.png,q_19_main_1_30fps_frame0013,well,q_19
deepseek-ocr_1s,1s,8758,q_19_main_1_30fps_frame0028.png,q_19_main_1_30fps_frame0028,well,q_19
deepseek-ocr_1s,1s,8758,q_1_main_1_30fps_frame0015.png,q_1_main_1_30fps_frame0015,well,q_1
deepseek-ocr_1s,1s,8758,q_1_main_1_30fps_frame0030.png,q_1_main_1_30fps_frame0030,well,q_1
deepseek-ocr_1s,1s,8758,q_20_main_0_30fps_frame0013.png,q_20_main_0_30fps_frame0013,well,q_20
deepseek-ocr_1s,1s,8758,q_20_main_0_30fps_frame0028.png,q_20_main_0_30fps_frame0028,well,q_20
deepseek-ocr_1s,1s,8758,q_21_main_1_30fps_frame0015.png,q_21_main_1_30fps_frame0015,well,q_21
deepseek-ocr_1s,1s,8758,q_21_main_1_30fps_frame0030.png,q_21_main_1_30fps_frame0030,well,q_21
deepseek-ocr_1s,1s,8758,q_22_main_1_30fps_frame0014.png,q_22_main_1_30fps_frame0014,well,q_22
deepseek-ocr_1s,1s,8758,q_22_main_1_30fps_frame0029.png,q_22_main_1_30fps_frame0029,well,q_22
deepseek-ocr_1s,1s,8758,q_23_main_0_30fps_frame0014.png,q_23_main_0_30fps_frame0014,well,q_23
deepseek-ocr_1s,1s,8758,q_23_main_0_30fps_frame0029.png,q_23_main_0_30fps_frame0029,well,q_23
deepseek-ocr_1s,1s,8758,q_24_main_0_30fps_frame0014.png,q_24_main_0_30fps_frame0014,well,q_24
deepseek-ocr_1s,1s,8758,q_24_main_0_30fps_frame0029.png,q_24_main_0_30fps_frame0029,well,q_24
deepseek-ocr_1s,1s,8758,q_25_main_0_30fps_frame0014.png,q_25_main_0_30fps_frame0014,well,q_25
deepseek-ocr_1s,1s,8758,q_25_main_0_30fps_frame0029.png,q_25_main_0_30fps_frame0029,well,q_25
deepseek-ocr_1s,1s,8758,q_26_main_0_30fps_frame0014.png,q_26_main_0_30fps_frame0014,well,q_26
deepseek-ocr_1s,1s,8758,q_26_main_0_30fps_frame0029.png,q_26_main_0_30fps_frame0029,well,q_26
deepseek-ocr_1s,1s,8758,q_27_main_1_30fps_frame0015.png,q_27_main_1_30fps_frame0015,well,q_27
deepseek-ocr_1s,1s,8758,q_27_main_1_30fps_frame0030.png,q_27_main_1_30fps_frame0030,well,q_27
deepseek-ocr_1s,1s,8758,q_28_main_0_30fps_frame0015.png,q_28_main_0_30fps_frame0015,well,q_28
deepseek-ocr_1s,1s,8758,q_28_main_0_30fps_frame0030.png,q_28_main_0_30fps_frame0030,well,q_28
deepseek-ocr_1s,1s,8758,q_29_main_0_30fps_frame0015.png,q_29_main_0_30fps_frame0015,well,q_29
deepseek-ocr_1s,1s,8758,q_29_main_0_30fps_frame0030.png,q_29_main_0_30fps_frame0030,well,q_29
deepseek-ocr_1s,1s,8758,q_2_main_1_30fps_frame0013.png,q_2_main_1_30fps_frame0013,well,q_2
deepseek-ocr_1s,1s,8758,q_2_main_1_30fps_frame0028.png,q_2_main_1_30fps_frame0028,well,q_2
deepseek-ocr_1s,1s,8758,q_30_main_0_30fps_frame0015.png,q_30_main_0_30fps_frame0015,well,q_30
deepseek-ocr_1s,1s,8758,q_30_main_0_30fps_frame0030.png,q_30_main_0_30fps_frame0030,well,q_30
deepseek-ocr_1s,1s,8758,q_3_main_1_30fps_frame0015.png,q_3_main_1_30fps_frame0015,well,q_3
deepseek-ocr_1s,1s,8758,q_3_main_1_30fps_frame0030.png,q_3_main_1_30fps_frame0030,well,q_3
deepseek-ocr_1s,1s,8758,q_4_main_0_30fps_frame0014.png,q_4_main_0_30fps_frame0014,well,q_4
deepseek-ocr_1s,1s,8758,q_4_main_0_30fps_frame0029.png,q_4_main_0_30fps_frame0029,well,q_4
deepseek-ocr_1s,1s,8758,q_5_main_0_30fps_frame0015.png,q_5_main_0_30fps_frame0015,well,q_5
deepseek-ocr_1s,1s,8758,q_5_main_0_30fps_frame0030.png,q_5_main_0_30fps_frame0030,well,q_5
deepseek-ocr_1s,1s,8758,q_6_main_1_30fps_frame0014.png,q_6_main_1_30fps_frame0014,well,q_6
deepseek-ocr_1s,1s,8758,q_6_main_1_30fps_frame0029.png,q_6_main_1_30fps_frame0029,well,q_6
deepseek-ocr_1s,1s,8758,q_7_main_1_30fps_frame0015.png,q_7_main_1_30fps_frame0015,well,q_7
deepseek-ocr_1s,1s,8758,q_7_main_1_30fps_frame0030.png,q_7_main_1_30fps_frame0030,well,q_7
deepseek-ocr_1s,1s,8758,q_8_main_0_30fps_frame0015.png,q_8_main_0_30fps_frame0015,well,q_8
deepseek-ocr_1s,1s,8758,q_8_main_0_30fps_frame0030.png,q_8_main_0_30fps_frame0030,well,q_8
deepseek-ocr_1s,1s,8758,q_9_main_1_30fps_frame0014.png,q_9_main_1_30fps_frame0014,well,q_9
deepseek-ocr_1s,1s,8758,q_9_main_1_30fps_frame0029.png,q_9_main_1_30fps_frame0029,well,q_9
deepseek-ocr_1s,1s,8786,q_10_main_0_30fps_frame0014.png,q_10_main_0_30fps_frame0014,well,q_10
deepseek-ocr_1s,1s,8786,q_10_main_0_30fps_frame0029.png,q_10_main_0_30fps_frame0029,well,q_10
deepseek-ocr_1s,1s,8786,q_11_main_1_30fps_frame0014.png,q_11_main_1_30fps_frame0014,well,q_11
deepseek-ocr_1s,1s,8786,q_11_main_1_30fps_frame0029.png,q_11_main_1_30fps_frame0029,well,q_11
deepseek-ocr_1s,1s,8786,q_12_main_1_30fps_frame0014.png,q_12_main_1_30fps_frame0014,well,q_12
deepseek-ocr_1s,1s,8786,q_12_main_1_30fps_frame0029.png,q_12_main_1_30fps_frame0029,well,q_12
deepseek-ocr_1s,1s,8786,q_13_main_0_30fps_frame0013.png,q_13_main_0_30fps_frame0013,well,q_13
deepseek-ocr_1s,1s,8786,q_13_main_0_30fps_frame0028.png,q_13_main_0_30fps_frame0028,well,q_13
deepseek-ocr_1s,1s,8786,q_14_main_0_30fps_frame0014.png,q_14_main_0_30fps_frame0014,well,q_14
deepseek-ocr_1s,1s,8786,q_14_main_0_30fps_frame0029.png,q_14_main_0_30fps_frame0029,well,q_14
deepseek-ocr_1s,1s,8786,q_15_main_1_30fps_frame0014.png,q_15_main_1_30fps_frame0014,well,q_15
deepseek-ocr_1s,1s,8786,q_15_main_1_30fps_frame0029.png,q_15_main_1_30fps_frame0029,well,q_15
deepseek-ocr_1s,1s,8786,q_16_main_1_30fps_frame0015.png,q_16_main_1_30fps_frame0015,well,q_16
deepseek-ocr_1s,1s,8786,q_16_main_1_30fps_frame0030.png,q_16_main_1_30fps_frame0030,well,q_16
deepseek-ocr_1s,1s,8786,q_17_main_1_30fps_frame0014.png,q_17_main_1_30fps_frame0014,well,q_17
deepseek-ocr_1s,1s,8786,q_17_main_1_30fps_frame0029.png,q_17_main_1_30fps_frame0029,well,q_17
deepseek-ocr_1s,1s,8786,q_18_main_0_30fps_frame0014.png,q_18_main_0_30fps_frame0014,well,q_18
deepseek-ocr_1s,1s,8786,q_18_main_0_30fps_frame0029.png,q_18_main_0_30fps_frame0029,well,q_18
deepseek-ocr_1s,1s,8786,q_19_main_1_30fps_frame0014.png,q_19_main_1_30fps_frame0014,well,q_19
deepseek-ocr_1s,1s,8786,q_19_main_1_30fps_frame0029.png,q_19_main_1_30fps_frame0029,well,q_19
deepseek-ocr_1s,1s,8786,q_1_main_0_30fps_frame0014.png,q_1_main_0_30fps_frame0014,well,q_1
deepseek-ocr_1s,1s,8786,q_1_main_0_30fps_frame0029.png,q_1_main_0_30fps_frame0029,well,q_1
deepseek-ocr_1s,1s,8786,q_20_main_0_30fps_frame0013.png,q_20_main_0_30fps_frame0013,well,q_20
deepseek-ocr_1s,1s,8786,q_20_main_0_30fps_frame0028.png,q_20_main_0_30fps_frame0028,well,q_20
deepseek-ocr_1s,1s,8786,q_21_main_0_30fps_frame0014.png,q_21_main_0_30fps_frame0014,well,q_21
deepseek-ocr_1s,1s,8786,q_21_main_0_30fps_frame0029.png,q_21_main_0_30fps_frame0029,well,q_21
deepseek-ocr_1s,1s,8786,q_22_main_1_30fps_frame0014.png,q_22_main_1_30fps_frame0014,well,q_22
deepseek-ocr_1s,1s,8786,q_22_main_1_30fps_frame0029.png,q_22_main_1_30fps_frame0029,well,q_22
deepseek-ocr_1s,1s,8786,q_23_main_1_30fps_frame0014.png,q_23_main_1_30fps_frame0014,well,q_23
deepseek-ocr_1s,1s,8786,q_23_main_1_30fps_frame0029.png,q_23_main_1_30fps_frame0029,well,q_23
deepseek-ocr_1s,1s,8786,q_24_main_0_30fps_frame0014.png,q_24_main_0_30fps_frame0014,well,q_24
deepseek-ocr_1s,1s,8786,q_24_main_0_30fps_frame0029.png,q_24_main_0_30fps_frame0029,well,q_24
deepseek-ocr_1s,1s,8786,q_25_main_1_30fps_frame0014.png,q_25_main_1_30fps_frame0014,well,q_25
deepseek-ocr_1s,1s,8786,q_25_main_1_30fps_frame0029.png,q_25_main_1_30fps_frame0029,well,q_25
deepseek-ocr_1s,1s,8786,q_26_main_0_30fps_frame0014.png,q_26_main_0_30fps_frame0014,well,q_26
deepseek-ocr_1s,1s,8786,q_26_main_0_30fps_frame0029.png,q_26_main_0_30fps_frame0029,well,q_26
deepseek-ocr_1s,1s,8786,q_27_main_0_30fps_frame0014.png,q_27_main_0_30fps_frame0014,well,q_27
deepseek-ocr_1s,1s,8786,q_27_main_0_30fps_frame0029.png,q_27_main_0_30fps_frame0029,well,q_27
deepseek-ocr_1s,1s,8786,q_28_main_0_30fps_frame0014.png,q_28_main_0_30fps_frame0014,well,q_28
deepseek-ocr_1s,1s,8786,q_28_main_0_30fps_frame0029.png,q_28_main_0_30fps_frame0029,well,q_28
deepseek-ocr_1s,1s,8786,q_29_main_1_30fps_frame0015.png,q_29_main_1_30fps_frame0015,well,q_29
deepseek-ocr_1s,1s,8786,q_29_main_1_30fps_frame0030.png,q_29_main_1_30fps_frame0030,well,q_29
deepseek-ocr_1s,1s,8786,q_2_main_1_30fps_frame0014.png,q_2_main_1_30fps_frame0014,well,q_2
deepseek-ocr_1s,1s,8786,q_2_main_1_30fps_frame0029.png,q_2_main_1_30fps_frame0029,well,q_2
deepseek-ocr_1s,1s,8786,q_30_main_0_30fps_frame0014.png,q_30_main_0_30fps_frame0014,well,q_30
deepseek-ocr_1s,1s,8786,q_30_main_0_30fps_frame0029.png,q_30_main_0_30fps_frame0029,well,q_30
deepseek-ocr_1s,1s,8786,q_3_main_1_30fps_frame0015.png,q_3_main_1_30fps_frame0015,well,q_3
deepseek-ocr_1s,1s,8786,q_3_main_1_30fps_frame0030.png,q_3_main_1_30fps_frame0030,well,q_3
deepseek-ocr_1s,1s,8786,q_4_main_1_30fps_frame0013.png,q_4_main_1_30fps_frame0013,well,q_4
deepseek-ocr_1s,1s,8786,q_4_main_1_30fps_frame0028.png,q_4_main_1_30fps_frame0028,well,q_4
deepseek-ocr_1s,1s,8786,q_5_main_0_30fps_frame0015.png,q_5_main_0_30fps_frame0015,well,q_5
deepseek-ocr_1s,1s,8786,q_5_main_0_30fps_frame0030.png,q_5_main_0_30fps_frame0030,well,q_5
deepseek-ocr_1s,1s,8786,q_6_main_1_30fps_frame0015.png,q_6_main_1_30fps_frame0015,well,q_6
deepseek-ocr_1s,1s,8786,q_6_main_1_30fps_frame0030.png,q_6_main_1_30fps_frame0030,well,q_6
deepseek-ocr_1s,1s,8786,q_7_main_1_30fps_frame0014.png,q_7_main_1_30fps_frame0014,well,q_7
deepseek-ocr_1s,1s,8786,q_7_main_1_30fps_frame0029.png,q_7_main_1_30fps_frame0029,well,q_7
deepseek-ocr_1s,1s,8786,q_8_main_0_30fps_frame0015.png,q_8_main_0_30fps_frame0015,well,q_8
deepseek-ocr_1s,1s,8786,q_8_main_0_30fps_frame0030.png,q_8_main_0_30fps_frame0030,well,q_8
deepseek-ocr_1s,1s,8786,q_9_main_1_30fps_frame0014.png,q_9_main_1_30fps_frame0014,well,q_9
deepseek-ocr_1s,1s,8786,q_9_main_1_30fps_frame0029.png,q_9_main_1_30fps_frame0029,well,q_9
deepseek-ocr_1s,1s,9055,q_10_main_0_30fps_frame0014.png,q_10_main_0_30fps_frame0014,well,q_10
deepseek-ocr_1s,1s,9055,q_10_main_0_30fps_frame0029.png,q_10_main_0_30fps_frame0029,well,q_10
deepseek-ocr_1s,1s,9055,q_11_main_1_30fps_frame0013.png,q_11_main_1_30fps_frame0013,well,q_11
deepseek-ocr_1s,1s,9055,q_11_main_1_30fps_frame0028.png,q_11_main_1_30fps_frame0028,well,q_11
deepseek-ocr_1s,1s,9055,q_13_main_1_30fps_frame0015.png,q_13_main_1_30fps_frame0015,well,q_13
deepseek-ocr_1s,1s,9055,q_13_main_1_30fps_frame0030.png,q_13_main_1_30fps_frame0030,well,q_13
deepseek-ocr_1s,1s,9055,q_14_main_0_30fps_frame0015.png,q_14_main_0_30fps_frame0015,well,q_14
deepseek-ocr_1s,1s,9055,q_14_main_0_30fps_frame0030.png,q_14_main_0_30fps_frame0030,well,q_14
deepseek-ocr_1s,1s,9055,q_15_main_1_30fps_frame0013.png,q_15_main_1_30fps_frame0013,well,q_15
deepseek-ocr_1s,1s,9055,q_15_main_1_30fps_frame0028.png,q_15_main_1_30fps_frame0028,well,q_15
deepseek-ocr_1s,1s,9055,q_16_main_1_30fps_frame0015.png,q_16_main_1_30fps_frame0015,well,q_16
deepseek-ocr_1s,1s,9055,q_16_main_1_30fps_frame0030.png,q_16_main_1_30fps_frame0030,well,q_16
deepseek-ocr_1s,1s,9055,q_17_main_0_30fps_frame0014.png,q_17_main_0_30fps_frame0014,well,q_17
deepseek-ocr_1s,1s,9055,q_17_main_0_30fps_frame0029.png,q_17_main_0_30fps_frame0029,well,q_17
deepseek-ocr_1s,1s,9055,q_18_main_0_30fps_frame0014.png,q_18_main_0_30fps_frame0014,well,q_18
deepseek-ocr_1s,1s,9055,q_18_main_0_30fps_frame0029.png,q_18_main_0_30fps_frame0029,well,q_18
deepseek-ocr_1s,1s,9055,q_19_main_1_30fps_frame0015.png,q_19_main_1_30fps_frame0015,well,q_19
deepseek-ocr_1s,1s,9055,q_19_main_1_30fps_frame0030.png,q_19_main_1_30fps_frame0030,well,q_19
deepseek-ocr_1s,1s,9055,q_1_main_0_30fps_frame0014.png,q_1_main_0_30fps_frame0014,well,q_1
deepseek-ocr_1s,1s,9055,q_1_main_0_30fps_frame0029.png,q_1_main_0_30fps_frame0029,well,q_1
deepseek-ocr_1s,1s,9055,q_20_main_0_30fps_frame0014.png,q_20_main_0_30fps_frame0014,well,q_20
deepseek-ocr_1s,1s,9055,q_20_main_0_30fps_frame0029.png,q_20_main_0_30fps_frame0029,well,q_20
deepseek-ocr_1s,1s,9055,q_21_main_1_30fps_frame0015.png,q_21_main_1_30fps_frame0015,well,q_21
deepseek-ocr_1s,1s,9055,q_21_main_1_30fps_frame0030.png,q_21_main_1_30fps_frame0030,well,q_21
deepseek-ocr_1s,1s,9055,q_22_main_1_30fps_frame0014.png,q_22_main_1_30fps_frame0014,well,q_22
deepseek-ocr_1s,1s,9055,q_22_main_1_30fps_frame0029.png,q_22_main_1_30fps_frame0029,well,q_22
deepseek-ocr_1s,1s,9055,q_23_main_0_30fps_frame0014.png,q_23_main_0_30fps_frame0014,well,q_23
deepseek-ocr_1s,1s,9055,q_23_main_0_30fps_frame0029.png,q_23_main_0_30fps_frame0029,well,q_23
deepseek-ocr_1s,1s,9055,q_24_main_0_30fps_frame0014.png,q_24_main_0_30fps_frame0014,well,q_24
deepseek-ocr_1s,1s,9055,q_24_main_0_30fps_frame0029.png,q_24_main_0_30fps_frame0029,well,q_24
deepseek-ocr_1s,1s,9055,q_25_main_1_30fps_frame0015.png,q_25_main_1_30fps_frame0015,well,q_25
deepseek-ocr_1s,1s,9055,q_25_main_1_30fps_frame0030.png,q_25_main_1_30fps_frame0030,well,q_25
deepseek-ocr_1s,1s,9055,q_26_main_0_30fps_frame0014.png,q_26_main_0_30fps_frame0014,well,q_26
deepseek-ocr_1s,1s,9055,q_26_main_0_30fps_frame0029.png,q_26_main_0_30fps_frame0029,well,q_26
deepseek-ocr_1s,1s,9055,q_27_main_1_30fps_frame0014.png,q_27_main_1_30fps_frame0014,well,q_27
deepseek-ocr_1s,1s,9055,q_27_main_1_30fps_frame0029.png,q_27_main_1_30fps_frame0029,well,q_27
deepseek-ocr_1s,1s,9055,q_28_main_1_30fps_frame0015.png,q_28_main_1_30fps_frame0015,well,q_28
deepseek-ocr_1s,1s,9055,q_28_main_1_30fps_frame0030.png,q_28_main_1_30fps_frame0030,well,q_28
deepseek-ocr_1s,1s,9055,q_2_main_1_30fps_frame0015.png,q_2_main_1_30fps_frame0015,well,q_2
deepseek-ocr_1s,1s,9055,q_2_main_1_30fps_frame0030.png,q_2_main_1_30fps_frame0030,well,q_2
deepseek-ocr_1s,1s,9055,q_3_main_1_30fps_frame0014.png,q_3_main_1_30fps_frame0014,well,q_3
deepseek-ocr_1s,1s,9055,q_3_main_1_30fps_frame0029.png,q_3_main_1_30fps_frame0029,well,q_3
deepseek-ocr_1s,1s,9055,q_4_main_0_30fps_frame0015.png,q_4_main_0_30fps_frame0015,well,q_4
deepseek-ocr_1s,1s,9055,q_4_main_0_30fps_frame0030.png,q_4_main_0_30fps_frame0030,well,q_4
deepseek-ocr_1s,1s,9055,q_5_main_0_30fps_frame0014.png,q_5_main_0_30fps_frame0014,well,q_5
deepseek-ocr_1s,1s,9055,q_5_main_0_30fps_frame0029.png,q_5_main_0_30fps_frame0029,well,q_5
deepseek-ocr_1s,1s,9055,q_6_main_0_30fps_frame0015.png,q_6_main_0_30fps_frame0015,well,q_6
deepseek-ocr_1s,1s,9055,q_6_main_0_30fps_frame0030.png,q_6_main_0_30fps_frame0030,well,q_6
deepseek-ocr_1s,1s,9055,q_7_main_1_30fps_frame0015.png,q_7_main_1_30fps_frame0015,well,q_7
deepseek-ocr_1s,1s,9055,q_7_main_1_30fps_frame0030.png,q_7_main_1_30fps_frame0030,well,q_7
deepseek-ocr_1s,1s,9055,q_8_main_1_30fps_frame0014.png,q_8_main_1_30fps_frame0014,well,q_8
deepseek-ocr_1s,1s,9055,q_8_main_1_30fps_frame0029.png,q_8_main_1_30fps_frame0029,well,q_8
deepseek-ocr_1s,1s,9055,q_9_main_0_30fps_frame0014.png,q_9_main_0_30fps_frame0014,well,q_9
deepseek-ocr_1s,1s,9055,q_9_main_0_30fps_frame0029.png,q_9_main_0_30fps_frame0029,well,q_9
deepseek-ocr_1s,1s,9385,q_10_main_0_30fps_frame0014.png,q_10_main_0_30fps_frame0014,well,q_10
deepseek-ocr_1s,1s,9385,q_10_main_0_30fps_frame0029.png,q_10_main_0_30fps_frame0029,well,q_10
deepseek-ocr_1s,1s,9385,q_11_main_1_30fps_frame0015.png,q_11_main_1_30fps_frame0015,well,q_11
deepseek-ocr_1s,1s,9385,q_11_main_1_30fps_frame0030.png,q_11_main_1_30fps_frame0030,well,q_11
deepseek-ocr_1s,1s,9385,q_12_main_1_30fps_frame0015.png,q_12_main_1_30fps_frame0015,well,q_12
deepseek-ocr_1s,1s,9385,q_12_main_1_30fps_frame0030.png,q_12_main_1_30fps_frame0030,well,q_12
deepseek-ocr_1s,1s,9385,q_13_main_0_30fps_frame0015.png,q_13_main_0_30fps_frame0015,well,q_13
deepseek-ocr_1s,1s,9385,q_13_main_0_30fps_frame0030.png,q_13_main_0_30fps_frame0030,well,q_13
deepseek-ocr_1s,1s,9385,q_14_main_1_30fps_frame0015.png,q_14_main_1_30fps_frame0015,well,q_14
deepseek-ocr_1s,1s,9385,q_14_main_1_30fps_frame0030.png,q_14_main_1_30fps_frame0030,well,q_14
deepseek-ocr_1s,1s,9385,q_15_main_1_30fps_frame0015.png,q_15_main_1_30fps_frame0015,well,q_15
deepseek-ocr_1s,1s,9385,q_15_main_1_30fps_frame0030.png,q_15_main_1_30fps_frame0030,well,q_15
deepseek-ocr_1s,1s,9385,q_16_main_1_30fps_frame0015.png,q_16_main_1_30fps_frame0015,well,q_16
deepseek-ocr_1s,1s,9385,q_16_main_1_30fps_frame0030.png,q_16_main_1_30fps_frame0030,well,q_16
deepseek-ocr_1s,1s,9385,q_17_main_0_30fps_frame0015.png,q_17_main_0_30fps_frame0015,well,q_17
deepseek-ocr_1s,1s,9385,q_17_main_0_30fps_frame0030.png,q_17_main_0_30fps_frame0030,well,q_17
deepseek-ocr_1s,1s,9385,q_18_main_0_30fps_frame0014.png,q_18_main_0_30fps_frame0014,well,q_18
deepseek-ocr_1s,1s,9385,q_18_main_0_30fps_frame0029.png,q_18_main_0_30fps_frame0029,well,q_18
deepseek-ocr_1s,1s,9385,q_19_main_1_30fps_frame0015.png,q_19_main_1_30fps_frame0015,well,q_19
deepseek-ocr_1s,1s,9385,q_19_main_1_30fps_frame0030.png,q_19_main_1_30fps_frame0030,well,q_19
deepseek-ocr_1s,1s,9385,q_1_main_0_30fps_frame0015.png,q_1_main_0_30fps_frame0015,well,q_1
deepseek-ocr_1s,1s,9385,q_1_main_0_30fps_frame0030.png,q_1_main_0_30fps_frame0030,well,q_1
deepseek-ocr_1s,1s,9385,q_20_main_0_30fps_frame0015.png,q_20_main_0_30fps_frame0015,well,q_20
deepseek-ocr_1s,1s,9385,q_20_main_0_30fps_frame0030.png,q_20_main_0_30fps_frame0030,well,q_20
deepseek-ocr_1s,1s,9385,q_21_main_0_30fps_frame0014.png,q_21_main_0_30fps_frame0014,well,q_21
deepseek-ocr_1s,1s,9385,q_21_main_0_30fps_frame0029.png,q_21_main_0_30fps_frame0029,well,q_21
deepseek-ocr_1s,1s,9385,q_22_main_0_30fps_frame0015.png,q_22_main_0_30fps_frame0015,well,q_22
deepseek-ocr_1s,1s,9385,q_22_main_0_30fps_frame0030.png,q_22_main_0_30fps_frame0030,well,q_22
deepseek-ocr_1s,1s,9385,q_23_main_0_30fps_frame0015.png,q_23_main_0_30fps_frame0015,well,q_23
deepseek-ocr_1s,1s,9385,q_23_main_0_30fps_frame0030.png,q_23_main_0_30fps_frame0030,well,q_23
deepseek-ocr_1s,1s,9385,q_24_main_0_30fps_frame0014.png,q_24_main_0_30fps_frame0014,well,q_24
deepseek-ocr_1s,1s,9385,q_24_main_0_30fps_frame0029.png,q_24_main_0_30fps_frame0029,well,q_24
deepseek-ocr_1s,1s,9385,q_25_main_0_30fps_frame0014.png,q_25_main_0_30fps_frame0014,well,q_25
deepseek-ocr_1s,1s,9385,q_25_main_0_30fps_frame0029.png,q_25_main_0_30fps_frame0029,well,q_25
deepseek-ocr_1s,1s,9385,q_26_main_0_30fps_frame0014.png,q_26_main_0_30fps_frame0014,well,q_26
deepseek-ocr_1s,1s,9385,q_26_main_0_30fps_frame0029.png,q_26_main_0_30fps_frame0029,well,q_26
deepseek-ocr_1s,1s,9385,q_27_main_1_30fps_frame0015.png,q_27_main_1_30fps_frame0015,well,q_27
deepseek-ocr_1s,1s,9385,q_27_main_1_30fps_frame0030.png,q_27_main_1_30fps_frame0030,well,q_27
deepseek-ocr_1s,1s,9385,q_28_main_1_30fps_frame0015.png,q_28_main_1_30fps_frame0015,well,q_28
deepseek-ocr_1s,1s,9385,q_28_main_1_30fps_frame0030.png,q_28_main_1_30fps_frame0030,well,q_28
deepseek-ocr_1s,1s,9385,q_29_main_0_30fps_frame0014.png,q_29_main_0_30fps_frame0014,well,q_29
deepseek-ocr_1s,1s,9385,q_29_main_0_30fps_frame0029.png,q_29_main_0_30fps_frame0029,well,q_29
deepseek-ocr_1s,1s,9385,q_2_main_1_30fps_frame0014.png,q_2_main_1_30fps_frame0014,well,q_2
deepseek-ocr_1s,1s,9385,q_2_main_1_30fps_frame0029.png,q_2_main_1_30fps_frame0029,well,q_2
deepseek-ocr_1s,1s,9385,q_30_main_0_30fps_frame0015.png,q_30_main_0_30fps_frame0015,well,q_30
deepseek-ocr_1s,1s,9385,q_30_main_0_30fps_frame0030.png,q_30_main_0_30fps_frame0030,well,q_30
deepseek-ocr_1s,1s,9385,q_3_main_1_30fps_frame0015.png,q_3_main_1_30fps_frame0015,well,q_3
deepseek-ocr_1s,1s,9385,q_3_main_1_30fps_frame0030.png,q_3_main_1_30fps_frame0030,well,q_3
deepseek-ocr_1s,1s,9385,q_4_main_1_30fps_frame0015.png,q_4_main_1_30fps_frame0015,well,q_4
deepseek-ocr_1s,1s,9385,q_4_main_1_30fps_frame0030.png,q_4_main_1_30fps_frame0030,well,q_4
deepseek-ocr_1s,1s,9385,q_5_main_0_30fps_frame0015.png,q_5_main_0_30fps_frame0015,well,q_5
deepseek-ocr_1s,1s,9385,q_5_main_0_30fps_frame0030.png,q_5_main_0_30fps_frame0030,well,q_5
deepseek-ocr_1s,1s,9385,q_6_main_1_30fps_frame0015.png,q_6_main_1_30fps_frame0015,well,q_6
deepseek-ocr_1s,1s,9385,q_6_main_1_30fps_frame0030.png,q_6_main_1_30fps_frame0030,well,q_6
deepseek-ocr_1s,1s,9385,q_7_main_1_30fps_frame0015.png,q_7_main_1_30fps_frame0015,well,q_7
deepseek-ocr_1s,1s,9385,q_7_main_1_30fps_frame0030.png,q_7_main_1_30fps_frame0030,well,q_7
deepseek-ocr_1s,1s,9385,q_8_main_0_30fps_frame0015.png,q_8_main_0_30fps_frame0015,well,q_8
deepseek-ocr_1s,1s,9385,q_8_main_0_30fps_frame0030.png,q_8_main_0_30fps_frame0030,well,q_8
deepseek-ocr_1s,1s,9385,q_9_main_1_30fps_frame0015.png,q_9_main_1_30fps_frame0015,well,q_9
deepseek-ocr_1s,1s,9385,q_9_main_1_30fps_frame0030.png,q_9_main_1_30fps_frame0030,well,q_9
deepseek-ocr_1s,1s,9777,q_10_main_0_30fps_frame0015.png,q_10_main_0_30fps_frame0015,well,q_10
deepseek-ocr_1s,1s,9777,q_10_main_0_30fps_frame0030.png,q_10_main_0_30fps_frame0030,well,q_10
deepseek-ocr_1s,1s,9777,q_11_main_1_30fps_frame0014.png,q_11_main_1_30fps_frame0014,well,q_11
deepseek-ocr_1s,1s,9777,q_11_main_1_30fps_frame0029.png,q_11_main_1_30fps_frame0029,well,q_11
deepseek-ocr_1s,1s,9777,q_12_main_1_30fps_frame0014.png,q_12_main_1_30fps_frame0014,well,q_12
deepseek-ocr_1s,1s,9777,q_12_main_1_30fps_frame0029.png,q_12_main_1_30fps_frame0029,well,q_12
deepseek-ocr_1s,1s,9777,q_13_main_0_30fps_frame0015.png,q_13_main_0_30fps_frame0015,well,q_13
deepseek-ocr_1s,1s,9777,q_13_main_0_30fps_frame0030.png,q_13_main_0_30fps_frame0030,well,q_13
deepseek-ocr_1s,1s,9777,q_14_main_0_30fps_frame0014.png,q_14_main_0_30fps_frame0014,well,q_14
deepseek-ocr_1s,1s,9777,q_14_main_0_30fps_frame0029.png,q_14_main_0_30fps_frame0029,well,q_14
deepseek-ocr_1s,1s,9777,q_15_main_1_30fps_frame0014.png,q_15_main_1_30fps_frame0014,well,q_15
deepseek-ocr_1s,1s,9777,q_15_main_1_30fps_frame0029.png,q_15_main_1_30fps_frame0029,well,q_15
deepseek-ocr_1s,1s,9777,q_16_main_1_30fps_frame0014.png,q_16_main_1_30fps_frame0014,well,q_16
deepseek-ocr_1s,1s,9777,q_16_main_1_30fps_frame0029.png,q_16_main_1_30fps_frame0029,well,q_16
deepseek-ocr_1s,1s,9777,q_17_main_1_30fps_frame0012.png,q_17_main_1_30fps_frame0012,well,q_17
deepseek-ocr_1s,1s,9777,q_17_main_1_30fps_frame0027.png,q_17_main_1_30fps_frame0027,well,q_17
deepseek-ocr_1s,1s,9777,q_18_main_0_30fps_frame0014.png,q_18_main_0_30fps_frame0014,well,q_18
deepseek-ocr_1s,1s,9777,q_18_main_0_30fps_frame0029.png,q_18_main_0_30fps_frame0029,well,q_18
deepseek-ocr_1s,1s,9777,q_19_main_1_30fps_frame0014.png,q_19_main_1_30fps_frame0014,well,q_19
deepseek-ocr_1s,1s,9777,q_19_main_1_30fps_frame0029.png,q_19_main_1_30fps_frame0029,well,q_19
deepseek-ocr_1s,1s,9777,q_1_main_0_30fps_frame0015.png,q_1_main_0_30fps_frame0015,well,q_1
deepseek-ocr_1s,1s,9777,q_1_main_0_30fps_frame0030.png,q_1_main_0_30fps_frame0030,well,q_1
deepseek-ocr_1s,1s,9777,q_20_main_0_30fps_frame0015.png,q_20_main_0_30fps_frame0015,well,q_20
deepseek-ocr_1s,1s,9777,q_20_main_0_30fps_frame0030.png,q_20_main_0_30fps_frame0030,well,q_20
deepseek-ocr_1s,1s,9777,q_21_main_0_30fps_frame0015.png,q_21_main_0_30fps_frame0015,well,q_21
deepseek-ocr_1s,1s,9777,q_21_main_0_30fps_frame0030.png,q_21_main_0_30fps_frame0030,well,q_21
deepseek-ocr_1s,1s,9777,q_22_main_1_30fps_frame0015.png,q_22_main_1_30fps_frame0015,well,q_22
deepseek-ocr_1s,1s,9777,q_22_main_1_30fps_frame0030.png,q_22_main_1_30fps_frame0030,well,q_22
deepseek-ocr_1s,1s,9777,q_23_main_0_30fps_frame0014.png,q_23_main_0_30fps_frame0014,well,q_23
deepseek-ocr_1s,1s,9777,q_23_main_0_30fps_frame0029.png,q_23_main_0_30fps_frame0029,well,q_23
deepseek-ocr_1s,1s,9777,q_24_main_0_30fps_frame0015.png,q_24_main_0_30fps_frame0015,well,q_24
deepseek-ocr_1s,1s,9777,q_24_main_0_30fps_frame0030.png,q_24_main_0_30fps_frame0030,well,q_24
deepseek-ocr_1s,1s,9777,q_25_main_0_30fps_frame0014.png,q_25_main_0_30fps_frame0014,well,q_25
deepseek-ocr_1s,1s,9777,q_25_main_0_30fps_frame0029.png,q_25_main_0_30fps_frame0029,well,q_25
deepseek-ocr_1s,1s,9777,q_26_main_1_30fps_frame0015.png,q_26_main_1_30fps_frame0015,well,q_26
deepseek-ocr_1s,1s,9777,q_26_main_1_30fps_frame0030.png,q_26_main_1_30fps_frame0030,well,q_26
deepseek-ocr_1s,1s,9777,q_27_main_1_30fps_frame0014.png,q_27_main_1_30fps_frame0014,well,q_27
deepseek-ocr_1s,1s,9777,q_27_main_1_30fps_frame0029.png,q_27_main_1_30fps_frame0029,well,q_27
deepseek-ocr_1s,1s,9777,q_28_main_0_30fps_frame0014.png,q_28_main_0_30fps_frame0014,well,q_28
deepseek-ocr_1s,1s,9777,q_28_main_0_30fps_frame0029.png,q_28_main_0_30fps_frame0029,well,q_28
deepseek-ocr_1s,1s,9777,q_29_main_0_30fps_frame0014.png,q_29_main_0_30fps_frame0014,well,q_29
deepseek-ocr_1s,1s,9777,q_29_main_0_30fps_frame0029.png,q_29_main_0_30fps_frame0029,well,q_29
deepseek-ocr_1s,1s,9777,q_2_main_1_30fps_frame0014.png,q_2_main_1_30fps_frame0014,well,q_2
deepseek-ocr_1s,1s,9777,q_2_main_1_30fps_frame0029.png,q_2_main_1_30fps_frame0029,well,q_2
deepseek-ocr_1s,1s,9777,q_30_main_0_30fps_frame0015.png,q_30_main_0_30fps_frame0015,well,q_30
deepseek-ocr_1s,1s,9777,q_30_main_0_30fps_frame0030.png,q_30_main_0_30fps_frame0030,well,q_30
deepseek-ocr_1s,1s,9777,q_3_main_1_30fps_frame0014.png,q_3_main_1_30fps_frame0014,well,q_3
deepseek-ocr_1s,1s,9777,q_3_main_1_30fps_frame0029.png,q_3_main_1_30fps_frame0029,well,q_3
deepseek-ocr_1s,1s,9777,q_4_main_1_30fps_frame0015.png,q_4_main_1_30fps_frame0015,well,q_4
deepseek-ocr_1s,1s,9777,q_4_main_1_30fps_frame0030.png,q_4_main_1_30fps_frame0030,well,q_4
deepseek-ocr_1s,1s,9777,q_5_main_0_30fps_frame0014.png,q_5_main_0_30fps_frame0014,well,q_5
deepseek-ocr_1s,1s,9777,q_5_main_0_30fps_frame0029.png,q_5_main_0_30fps_frame0029,well,q_5
deepseek-ocr_1s,1s,9777,q_6_main_1_30fps_frame0014.png,q_6_main_1_30fps_frame0014,well,q_6
deepseek-ocr_1s,1s,9777,q_6_main_1_30fps_frame0029.png,q_6_main_1_30fps_frame0029,well,q_6
deepseek-ocr_1s,1s,9777,q_7_main_1_30fps_frame0014.png,q_7_main_1_30fps_frame0014,well,q_7
deepseek-ocr_1s,1s,9777,q_7_main_1_30fps_frame0029.png,q_7_main_1_30fps_frame0029,well,q_7
deepseek-ocr_1s,1s,9777,q_8_main_0_30fps_frame0014.png,q_8_main_0_30fps_frame0014,well,q_8
deepseek-ocr_1s,1s,9777,q_8_main_0_30fps_frame0029.png,q_8_main_0_30fps_frame0029,well,q_8
deepseek-ocr_1s,1s,9777,q_9_main_0_30fps_frame0014.png,q_9_main_0_30fps_frame0014,well,q_9
deepseek-ocr_1s,1s,9777,q_9_main_0_30fps_frame0029.png,q_9_main_0_30fps_frame0029,well,q_9
deepseek-ocr_1s,1s,9941,q_10_main_0_30fps_frame0014.png,q_10_main_0_30fps_frame0014,well,q_10
deepseek-ocr_1s,1s,9941,q_10_main_0_30fps_frame0029.png,q_10_main_0_30fps_frame0029,well,q_10
deepseek-ocr_1s,1s,9941,q_11_main_1_30fps_frame0013.png,q_11_main_1_30fps_frame0013,well,q_11
deepseek-ocr_1s,1s,9941,q_11_main_1_30fps_frame0028.png,q_11_main_1_30fps_frame0028,well,q_11
deepseek-ocr_1s,1s,9941,q_12_main_0_30fps_frame0014.png,q_12_main_0_30fps_frame0014,well,q_12
deepseek-ocr_1s,1s,9941,q_12_main_0_30fps_frame0029.png,q_12_main_0_30fps_frame0029,well,q_12
deepseek-ocr_1s,1s,9941,q_13_main_1_30fps_frame0014.png,q_13_main_1_30fps_frame0014,well,q_13
deepseek-ocr_1s,1s,9941,q_13_main_1_30fps_frame0029.png,q_13_main_1_30fps_frame0029,well,q_13
deepseek-ocr_1s,1s,9941,q_14_main_0_30fps_frame0014.png,q_14_main_0_30fps_frame0014,well,q_14
deepseek-ocr_1s,1s,9941,q_14_main_0_30fps_frame0029.png,q_14_main_0_30fps_frame0029,well,q_14
deepseek-ocr_1s,1s,9941,q_15_main_1_30fps_frame0014.png,q_15_main_1_30fps_frame0014,well,q_15
deepseek-ocr_1s,1s,9941,q_15_main_1_30fps_frame0029.png,q_15_main_1_30fps_frame0029,well,q_15
deepseek-ocr_1s,1s,9941,q_16_main_1_30fps_frame0015.png,q_16_main_1_30fps_frame0015,well,q_16
deepseek-ocr_1s,1s,9941,q_16_main_1_30fps_frame0030.png,q_16_main_1_30fps_frame0030,well,q_16
deepseek-ocr_1s,1s,9941,q_17_main_1_30fps_frame0014.png,q_17_main_1_30fps_frame0014,well,q_17
deepseek-ocr_1s,1s,9941,q_17_main_1_30fps_frame0029.png,q_17_main_1_30fps_frame0029,well,q_17
deepseek-ocr_1s,1s,9941,q_18_main_0_30fps_frame0014.png,q_18_main_0_30fps_frame0014,well,q_18
deepseek-ocr_1s,1s,9941,q_18_main_0_30fps_frame0029.png,q_18_main_0_30fps_frame0029,well,q_18
deepseek-ocr_1s,1s,9941,q_19_main_0_30fps_frame0015.png,q_19_main_0_30fps_frame0015,well,q_19
deepseek-ocr_1s,1s,9941,q_19_main_0_30fps_frame0030.png,q_19_main_0_30fps_frame0030,well,q_19
deepseek-ocr_1s,1s,9941,q_1_main_0_30fps_frame0013.png,q_1_main_0_30fps_frame0013,well,q_1
deepseek-ocr_1s,1s,9941,q_1_main_0_30fps_frame0028.png,q_1_main_0_30fps_frame0028,well,q_1
deepseek-ocr_1s,1s,9941,q_20_main_0_30fps_frame0015.png,q_20_main_0_30fps_frame0015,well,q_20
deepseek-ocr_1s,1s,9941,q_20_main_0_30fps_frame0030.png,q_20_main_0_30fps_frame0030,well,q_20
deepseek-ocr_1s,1s,9941,q_21_main_0_30fps_frame0013.png,q_21_main_0_30fps_frame0013,well,q_21
deepseek-ocr_1s,1s,9941,q_21_main_0_30fps_frame0028.png,q_21_main_0_30fps_frame0028,well,q_21
deepseek-ocr_1s,1s,9941,q_22_main_1_30fps_frame0015.png,q_22_main_1_30fps_frame0015,well,q_22
deepseek-ocr_1s,1s,9941,q_22_main_1_30fps_frame0030.png,q_22_main_1_30fps_frame0030,well,q_22
deepseek-ocr_1s,1s,9941,q_23_main_0_30fps_frame0015.png,q_23_main_0_30fps_frame0015,well,q_23
deepseek-ocr_1s,1s,9941,q_23_main_0_30fps_frame0030.png,q_23_main_0_30fps_frame0030,well,q_23
deepseek-ocr_1s,1s,9941,q_24_main_0_30fps_frame0013.png,q_24_main_0_30fps_frame0013,well,q_24
deepseek-ocr_1s,1s,9941,q_24_main_0_30fps_frame0028.png,q_24_main_0_30fps_frame0028,well,q_24
deepseek-ocr_1s,1s,9941,q_25_main_0_30fps_frame0014.png,q_25_main_0_30fps_frame0014,well,q_25
deepseek-ocr_1s,1s,9941,q_25_main_0_30fps_frame0029.png,q_25_main_0_30fps_frame0029,well,q_25
deepseek-ocr_1s,1s,9941,q_26_main_1_30fps_frame0013.png,q_26_main_1_30fps_frame0013,well,q_26
deepseek-ocr_1s,1s,9941,q_26_main_1_30fps_frame0028.png,q_26_main_1_30fps_frame0028,well,q_26
deepseek-ocr_1s,1s,9941,q_27_main_1_30fps_frame0012.png,q_27_main_1_30fps_frame0012,well,q_27
deepseek-ocr_1s,1s,9941,q_27_main_1_30fps_frame0027.png,q_27_main_1_30fps_frame0027,well,q_27
deepseek-ocr_1s,1s,9941,q_28_main_0_30fps_frame0014.png,q_28_main_0_30fps_frame0014,well,q_28
deepseek-ocr_1s,1s,9941,q_28_main_0_30fps_frame0029.png,q_28_main_0_30fps_frame0029,well,q_28
deepseek-ocr_1s,1s,9941,q_29_main_0_30fps_frame0014.png,q_29_main_0_30fps_frame0014,well,q_29
deepseek-ocr_1s,1s,9941,q_29_main_0_30fps_frame0029.png,q_29_main_0_30fps_frame0029,well,q_29
deepseek-ocr_1s,1s,9941,q_2_main_1_30fps_frame0014.png,q_2_main_1_30fps_frame0014,well,q_2
deepseek-ocr_1s,1s,9941,q_2_main_1_30fps_frame0029.png,q_2_main_1_30fps_frame0029,well,q_2
deepseek-ocr_1s,1s,9941,q_30_main_1_30fps_frame0013.png,q_30_main_1_30fps_frame0013,well,q_30
deepseek-ocr_1s,1s,9941,q_30_main_1_30fps_frame0028.png,q_30_main_1_30fps_frame0028,well,q_30
deepseek-ocr_1s,1s,9941,q_3_main_1_30fps_frame0013.png,q_3_main_1_30fps_frame0013,well,q_3
deepseek-ocr_1s,1s,9941,q_3_main_1_30fps_frame0028.png,q_3_main_1_30fps_frame0028,well,q_3
deepseek-ocr_1s,1s,9941,q_4_main_0_30fps_frame0014.png,q_4_main_0_30fps_frame0014,well,q_4
deepseek-ocr_1s,1s,9941,q_4_main_0_30fps_frame0029.png,q_4_main_0_30fps_frame0029,well,q_4
deepseek-ocr_1s,1s,9941,q_5_main_0_30fps_frame0014.png,q_5_main_0_30fps_frame0014,well,q_5
deepseek-ocr_1s,1s,9941,q_5_main_0_30fps_frame0029.png,q_5_main_0_30fps_frame0029,well,q_5
deepseek-ocr_1s,1s,9941,q_6_main_0_30fps_frame0015.png,q_6_main_0_30fps_frame0015,well,q_6
deepseek-ocr_1s,1s,9941,q_6_main_0_30fps_frame0030.png,q_6_main_0_30fps_frame0030,well,q_6
deepseek-ocr_1s,1s,9941,q_7_main_1_30fps_frame0014.png,q_7_main_1_30fps_frame0014,well,q_7
deepseek-ocr_1s,1s,9941,q_7_main_1_30fps_frame0029.png,q_7_main_1_30fps_frame0029,well,q_7
deepseek-ocr_1s,1s,9941,q_8_main_0_30fps_frame0015.png,q_8_main_0_30fps_frame0015,well,q_8
deepseek-ocr_1s,1s,9941,q_8_main_0_30fps_frame0030.png,q_8_main_0_30fps_frame0030,well,q_8
deepseek-ocr_1s,1s,9941,q_9_main_1_30fps_frame0014.png,q_9_main_1_30fps_frame0014,well,q_9
deepseek-ocr_1s,1s,9941,q_9_main_1_30fps_frame0029.png,q_9_main_1_30fps_frame0029,well,q_9
