model,prompt,framerate,video_name,frame,outcome_prediction
llavallama3,B,3,11_final.mp4,0,Well
llavallama3,B,3,11_final.mp4,3,Well
llavallama3,B,3,11_final.mp4,6,Poorly
llavallama3,B,3,11_final.mp4,9,Well
llavallama3,B,3,11_final.mp4,12,Well
llavallama3,B,3,11_final.mp4,15,Poorly
llavallama3,B,3,11_final.mp4,18,Well
llavallama3,B,3,11_final.mp4,21,Poorly
llavallama3,B,3,11_final.mp4,24,Well
llavallama3,B,3,11_final.mp4,27,Well
llavallama3,B,3,11_final.mp4,30,Well
llavallama3,B,3,11_final.mp4,33,Well
llavallama3,B,3,11_final.mp4,36,Well
llavallama3,B,3,11_final.mp4,39,Well
llavallama3,B,3,11_final.mp4,42,Well
llavallama3,B,3,11_final.mp4,45,Well
llavallama3,B,3,11_final.mp4,48,Well
llavallama3,B,3,11_final.mp4,51,Poorly
llavallama3,B,3,11_final.mp4,54,Well
llavallama3,B,3,11_final.mp4,57,Well
llavallama3,B,3,11_final.mp4,60,Well
llavallama3,B,3,11_final.mp4,63,Poorly
llavallama3,B,3,11_final.mp4,66,Poorly
llavallama3,B,3,11_final.mp4,69,Poorly
llavallama3,B,3,11_final.mp4,72,Poorly
llavallama3,B,3,11_final.mp4,75,Well
llavallama3,B,3,11_final.mp4,78,Poorly
llavallama3,B,3,11_final.mp4,81,Well
llavallama3,B,3,11_final.mp4,84,Well
llavallama3,B,3,11_final.mp4,87,Well
llavallama3,B,3,11_final.mp4,90,Well
llavallama3,B,3,11_final.mp4,93,Well
llavallama3,B,3,11_final.mp4,96,Well
llavallama3,B,3,11_final.mp4,99,Well
llavallama3,B,3,11_final.mp4,102,Well
llavallama3,B,3,11_final.mp4,105,Well
llavallama3,B,3,11_final.mp4,108,Poorly
llavallama3,B,3,11_final.mp4,111,Well
llavallama3,B,3,11_final.mp4,114,Poorly
llavallama3,B,3,11_final.mp4,117,Poorly
llavallama3,B,3,11_final.mp4,120,Well
llavallama3,B,3,11_final.mp4,123,Well
llavallama3,B,3,11_final.mp4,126,Well
llavallama3,B,3,11_final.mp4,129,Well
llavallama3,B,3,11_final.mp4,132,Well
llavallama3,B,3,11_final.mp4,135,Well
llavallama3,B,3,11_final.mp4,138,Well
llavallama3,B,3,11_final.mp4,141,Well
llavallama3,B,3,11_final.mp4,144,Well
llavallama3,B,3,11_final.mp4,147,Well
llavallama3,B,3,11_final.mp4,150,Well
llavallama3,B,3,11_final.mp4,153,Well
llavallama3,B,3,11_final.mp4,156,Well
llavallama3,B,3,11_final.mp4,159,Well
llavallama3,B,3,11_final.mp4,162,Well
llavallama3,B,3,11_final.mp4,165,Well
llavallama3,B,3,11_final.mp4,168,Well
llavallama3,B,3,11_final.mp4,171,Well
llavallama3,B,3,11_final.mp4,174,Well
llavallama3,B,3,11_final.mp4,177,Well
llavallama3,B,3,11_final.mp4,180,Poorly
llavallama3,B,3,11_final.mp4,183,Poorly
llavallama3,B,3,11_final.mp4,186,Well
llavallama3,B,3,11_final.mp4,189,Well
llavallama3,B,3,11_final.mp4,192,Well
llavallama3,B,3,11_final.mp4,195,Well
llavallama3,B,3,11_final.mp4,198,Well
llavallama3,B,3,11_final.mp4,201,Well
llavallama3,B,3,11_final.mp4,204,Well
llavallama3,B,3,11_final.mp4,207,Well
llavallama3,B,3,11_final.mp4,210,Well
llavallama3,B,3,11_final.mp4,213,Well
llavallama3,B,3,11_final.mp4,216,Well
llavallama3,B,3,11_final.mp4,219,Well
llavallama3,B,3,11_final.mp4,222,Poorly
llavallama3,B,3,11_final.mp4,225,Well
llavallama3,B,3,11_final.mp4,228,Well
llavallama3,B,3,11_final.mp4,231,Well
llavallama3,B,3,11_final.mp4,234,Well
llavallama3,B,3,11_final.mp4,237,Well
llavallama3,B,3,11_final.mp4,240,Well
llavallama3,B,3,11_final.mp4,243,Poorly
llavallama3,B,3,11_final.mp4,246,Well
llavallama3,B,3,11_final.mp4,249,Well
llavallama3,B,3,11_final.mp4,252,Well
llavallama3,B,3,11_final.mp4,255,Well
llavallama3,B,3,11_final.mp4,258,Well
llavallama3,B,3,11_final.mp4,261,Well
llavallama3,B,3,11_final.mp4,264,Well
llavallama3,B,3,11_final.mp4,267,Well
llavallama3,B,3,11_final.mp4,270,Well
llavallama3,B,3,11_final.mp4,273,Poorly
llavallama3,B,3,11_final.mp4,276,Poorly
llavallama3,B,3,11_final.mp4,279,Well
llavallama3,B,3,11_final.mp4,282,Well
llavallama3,B,3,11_final.mp4,285,Poorly
llavallama3,B,3,11_final.mp4,288,Well
llavallama3,B,3,11_final.mp4,291,Well
llavallama3,B,3,11_final.mp4,294,Well
llavallama3,B,3,11_final.mp4,297,Well
llavallama3,B,3,11_final.mp4,300,Poorly
llavallama3,B,3,11_final.mp4,303,Well
llavallama3,B,3,11_final.mp4,306,Well
llavallama3,B,3,11_final.mp4,309,Well
llavallama3,B,3,11_final.mp4,312,Poorly
llavallama3,B,3,11_final.mp4,315,Well
llavallama3,B,3,11_final.mp4,318,Well
llavallama3,B,3,11_final.mp4,321,Well
llavallama3,B,3,11_final.mp4,324,Well
llavallama3,B,3,11_final.mp4,327,Well
llavallama3,B,3,11_final.mp4,330,Well
llavallama3,B,3,11_final.mp4,333,Poorly
llavallama3,B,3,11_final.mp4,336,Poorly
llavallama3,B,3,11_final.mp4,339,Well
llavallama3,B,3,11_final.mp4,342,Poorly
llavallama3,B,3,11_final.mp4,345,Poorly
llavallama3,B,3,11_final.mp4,348,Poorly
llavallama3,B,3,11_final.mp4,351,Well
llavallama3,B,3,11_final.mp4,354,Well
llavallama3,B,3,11_final.mp4,357,Well
llavallama3,B,3,11_final.mp4,360,Well
llavallama3,B,3,11_final.mp4,363,Well
llavallama3,B,3,11_final.mp4,366,Well
llavallama3,B,3,11_final.mp4,369,Well
llavallama3,B,3,11_final.mp4,372,Well
llavallama3,B,3,11_final.mp4,375,Well
llavallama3,B,3,11_final.mp4,378,Well
llavallama3,B,3,11_final.mp4,381,Well
llavallama3,B,3,11_final.mp4,384,Poorly
llavallama3,B,3,11_final.mp4,387,Well
llavallama3,B,3,11_final.mp4,390,Well
llavallama3,B,3,11_final.mp4,393,Poorly
llavallama3,B,3,11_final.mp4,396,Well
llavallama3,B,3,11_final.mp4,399,Well
llavallama3,B,3,11_final.mp4,402,Well
llavallama3,B,3,11_final.mp4,405,Well
llavallama3,B,3,11_final.mp4,408,Well
llavallama3,B,3,11_final.mp4,411,Poorly
llavallama3,B,3,11_final.mp4,414,Well
llavallama3,B,3,11_final.mp4,417,Well
llavallama3,B,3,11_final.mp4,420,Well
llavallama3,B,3,11_final.mp4,423,Well
llavallama3,B,3,12_final.mp4,0,Well
llavallama3,B,3,12_final.mp4,3,Well
llavallama3,B,3,12_final.mp4,6,Well
llavallama3,B,3,12_final.mp4,9,Poorly
llavallama3,B,3,12_final.mp4,12,Well
llavallama3,B,3,12_final.mp4,15,Well
llavallama3,B,3,12_final.mp4,18,Well
llavallama3,B,3,12_final.mp4,21,Poorly
llavallama3,B,3,12_final.mp4,24,Well
llavallama3,B,3,12_final.mp4,27,Poorly
llavallama3,B,3,12_final.mp4,30,Well
llavallama3,B,3,12_final.mp4,33,Well
llavallama3,B,3,12_final.mp4,36,Well
llavallama3,B,3,12_final.mp4,39,Poorly
llavallama3,B,3,12_final.mp4,42,Poorly
llavallama3,B,3,12_final.mp4,45,Well
llavallama3,B,3,12_final.mp4,48,Poorly
llavallama3,B,3,12_final.mp4,51,Poorly
llavallama3,B,3,12_final.mp4,54,Poorly
llavallama3,B,3,12_final.mp4,57,Poorly
llavallama3,B,3,12_final.mp4,60,Poorly
llavallama3,B,3,12_final.mp4,63,Poorly
llavallama3,B,3,12_final.mp4,66,Poorly
llavallama3,B,3,12_final.mp4,69,Well
llavallama3,B,3,12_final.mp4,72,Poorly
llavallama3,B,3,12_final.mp4,75,Well
llavallama3,B,3,12_final.mp4,78,Poorly
llavallama3,B,3,12_final.mp4,81,Well
llavallama3,B,3,12_final.mp4,84,Well
llavallama3,B,3,12_final.mp4,87,Poorly
llavallama3,B,3,12_final.mp4,90,Well
llavallama3,B,3,12_final.mp4,93,Well
llavallama3,B,3,12_final.mp4,96,Poorly
llavallama3,B,3,12_final.mp4,99,Poorly
llavallama3,B,3,12_final.mp4,102,Poorly
llavallama3,B,3,12_final.mp4,105,Well
llavallama3,B,3,12_final.mp4,108,Well
llavallama3,B,3,12_final.mp4,111,Poorly
llavallama3,B,3,12_final.mp4,114,Poorly
llavallama3,B,3,12_final.mp4,117,Poorly
llavallama3,B,3,12_final.mp4,120,Poorly
llavallama3,B,3,12_final.mp4,123,Poorly
llavallama3,B,3,12_final.mp4,126,Well
llavallama3,B,3,12_final.mp4,129,Well
llavallama3,B,3,12_final.mp4,132,Well
llavallama3,B,3,12_final.mp4,135,Poorly
llavallama3,B,3,12_final.mp4,138,Poorly
llavallama3,B,3,12_final.mp4,141,Well
llavallama3,B,3,12_final.mp4,144,Well
llavallama3,B,3,12_final.mp4,147,Well
llavallama3,B,3,12_final.mp4,150,Poorly
llavallama3,B,3,12_final.mp4,153,Well
llavallama3,B,3,12_final.mp4,156,Poorly
llavallama3,B,3,12_final.mp4,159,Well
llavallama3,B,3,12_final.mp4,162,Well
llavallama3,B,3,12_final.mp4,165,Poorly
llavallama3,B,3,12_final.mp4,168,Poorly
llavallama3,B,3,12_final.mp4,171,Poorly
llavallama3,B,3,12_final.mp4,174,Well
llavallama3,B,3,12_final.mp4,177,Well
llavallama3,B,3,12_final.mp4,180,Well
llavallama3,B,3,12_final.mp4,183,Well
llavallama3,B,3,12_final.mp4,186,Well
llavallama3,B,3,12_final.mp4,189,Poorly
llavallama3,B,3,12_final.mp4,192,Well
llavallama3,B,3,12_final.mp4,195,Well
llavallama3,B,3,12_final.mp4,198,Poorly
llavallama3,B,3,12_final.mp4,201,Poorly
llavallama3,B,3,12_final.mp4,204,Well
llavallama3,B,3,12_final.mp4,207,Well
llavallama3,B,3,12_final.mp4,210,Well
llavallama3,B,3,12_final.mp4,213,Well
llavallama3,B,3,12_final.mp4,216,Poorly
llavallama3,B,3,14_final.mp4,0,Well
llavallama3,B,3,14_final.mp4,3,Well
llavallama3,B,3,14_final.mp4,6,Well
llavallama3,B,3,14_final.mp4,9,Well
llavallama3,B,3,14_final.mp4,12,Well
llavallama3,B,3,14_final.mp4,15,Poorly
llavallama3,B,3,14_final.mp4,18,Well
llavallama3,B,3,14_final.mp4,21,Well
llavallama3,B,3,14_final.mp4,24,Well
llavallama3,B,3,14_final.mp4,27,Well
llavallama3,B,3,14_final.mp4,30,Well
llavallama3,B,3,14_final.mp4,33,Well
llavallama3,B,3,14_final.mp4,36,Well
llavallama3,B,3,14_final.mp4,39,Well
llavallama3,B,3,14_final.mp4,42,Well
llavallama3,B,3,14_final.mp4,45,Well
llavallama3,B,3,14_final.mp4,48,Well
llavallama3,B,3,14_final.mp4,51,Well
llavallama3,B,3,14_final.mp4,54,Well
llavallama3,B,3,14_final.mp4,57,Well
llavallama3,B,3,14_final.mp4,60,Well
llavallama3,B,3,14_final.mp4,63,Well
llavallama3,B,3,14_final.mp4,66,Well
llavallama3,B,3,14_final.mp4,69,Well
llavallama3,B,3,14_final.mp4,72,Well
llavallama3,B,3,14_final.mp4,75,Well
llavallama3,B,3,14_final.mp4,78,Well
llavallama3,B,3,14_final.mp4,81,Well
llavallama3,B,3,14_final.mp4,84,Well
llavallama3,B,3,14_final.mp4,87,Well
llavallama3,B,3,14_final.mp4,90,Well
llavallama3,B,3,14_final.mp4,93,Well
llavallama3,B,3,14_final.mp4,96,Well
llavallama3,B,3,14_final.mp4,99,Well
llavallama3,B,3,14_final.mp4,102,Well
llavallama3,B,3,14_final.mp4,105,Well
llavallama3,B,3,14_final.mp4,108,Poorly
llavallama3,B,3,14_final.mp4,111,Well
llavallama3,B,3,14_final.mp4,114,Poorly
llavallama3,B,3,14_final.mp4,117,Well
llavallama3,B,3,14_final.mp4,120,Well
llavallama3,B,3,14_final.mp4,123,Well
llavallama3,B,3,14_final.mp4,126,Well
llavallama3,B,3,14_final.mp4,129,Well
llavallama3,B,3,14_final.mp4,132,Well
llavallama3,B,3,14_final.mp4,135,Well
llavallama3,B,3,14_final.mp4,138,Well
llavallama3,B,3,14_final.mp4,141,Well
llavallama3,B,3,14_final.mp4,144,Well
llavallama3,B,3,14_final.mp4,147,Well
llavallama3,B,3,14_final.mp4,150,Poorly
llavallama3,B,3,14_final.mp4,153,Well
llavallama3,B,3,14_final.mp4,156,Well
llavallama3,B,3,14_final.mp4,159,Well
llavallama3,B,3,14_final.mp4,162,Well
llavallama3,B,3,14_final.mp4,165,Well
llavallama3,B,3,14_final.mp4,168,Well
llavallama3,B,3,14_final.mp4,171,Well
llavallama3,B,3,14_final.mp4,174,Well
llavallama3,B,3,14_final.mp4,177,Well
llavallama3,B,3,14_final.mp4,180,Well
llavallama3,B,3,14_final.mp4,183,Well
llavallama3,B,3,14_final.mp4,186,Well
llavallama3,B,3,14_final.mp4,189,Well
llavallama3,B,3,14_final.mp4,192,Well
llavallama3,B,3,14_final.mp4,195,Well
llavallama3,B,3,14_final.mp4,198,Well
llavallama3,B,3,14_final.mp4,201,Well
llavallama3,B,3,14_final.mp4,204,Poorly
llavallama3,B,3,14_final.mp4,207,Well
llavallama3,B,3,14_final.mp4,210,Well
llavallama3,B,3,14_final.mp4,213,Well
llavallama3,B,3,14_final.mp4,216,Well
llavallama3,B,3,14_final.mp4,219,Well
llavallama3,B,3,14_final.mp4,222,Poorly
llavallama3,B,3,14_final.mp4,225,Well
llavallama3,B,3,14_final.mp4,228,Well
llavallama3,B,3,14_final.mp4,231,Well
llavallama3,B,3,14_final.mp4,234,Well
llavallama3,B,3,14_final.mp4,237,Well
llavallama3,B,3,14_final.mp4,240,Well
llavallama3,B,3,14_final.mp4,243,Well
llavallama3,B,3,14_final.mp4,246,Well
llavallama3,B,3,14_final.mp4,249,Well
llavallama3,B,3,14_final.mp4,252,Well
llavallama3,B,3,14_final.mp4,255,Well
llavallama3,B,3,14_final.mp4,258,Well
llavallama3,B,3,14_final.mp4,261,Well
llavallama3,B,3,14_final.mp4,264,Well
llavallama3,B,3,14_final.mp4,267,Poorly
llavallama3,B,3,14_final.mp4,270,Well
llavallama3,B,3,14_final.mp4,273,Well
llavallama3,B,3,14_final.mp4,276,Well
llavallama3,B,3,14_final.mp4,279,Poorly
llavallama3,B,3,14_final.mp4,282,Well
llavallama3,B,3,14_final.mp4,285,Poorly
llavallama3,B,3,14_final.mp4,288,Well
llavallama3,B,3,14_final.mp4,291,Well
llavallama3,B,3,14_final.mp4,294,Well
llavallama3,B,3,14_final.mp4,297,Well
llavallama3,B,3,14_final.mp4,300,Well
llavallama3,B,3,14_final.mp4,303,Well
llavallama3,B,3,14_final.mp4,306,Well
llavallama3,B,3,14_final.mp4,309,Poorly
llavallama3,B,3,14_final.mp4,312,Well
llavallama3,B,3,14_final.mp4,315,Well
llavallama3,B,3,14_final.mp4,318,Well
llavallama3,B,3,14_final.mp4,321,Well
llavallama3,B,3,14_final.mp4,324,Well
llavallama3,B,3,14_final.mp4,327,Well
llavallama3,B,3,14_final.mp4,330,Well
llavallama3,B,3,14_final.mp4,333,Poorly
llavallama3,B,3,14_final.mp4,336,Well
llavallama3,B,3,14_final.mp4,339,Well
llavallama3,B,3,14_final.mp4,342,Well
llavallama3,B,3,14_final.mp4,345,Well
llavallama3,B,3,14_final.mp4,348,Well
llavallama3,B,3,14_final.mp4,351,Well
llavallama3,B,3,14_final.mp4,354,Poorly
llavallama3,B,3,14_final.mp4,357,Poorly
llavallama3,B,3,14_final.mp4,360,Poorly
llavallama3,B,3,14_final.mp4,363,Poorly
llavallama3,B,3,14_final.mp4,366,Well
llavallama3,B,3,14_final.mp4,369,Poorly
llavallama3,B,3,14_final.mp4,372,Well
llavallama3,B,3,14_final.mp4,375,Poorly
llavallama3,B,3,14_final.mp4,378,Well
llavallama3,B,3,14_final.mp4,381,Poorly
llavallama3,B,3,14_final.mp4,384,Poorly
llavallama3,B,3,14_final.mp4,387,Well
llavallama3,B,3,15_final.mp4,0,Well
llavallama3,B,3,15_final.mp4,3,Well
llavallama3,B,3,15_final.mp4,6,Well
llavallama3,B,3,15_final.mp4,9,Well
llavallama3,B,3,15_final.mp4,12,Well
llavallama3,B,3,15_final.mp4,15,Well
llavallama3,B,3,15_final.mp4,18,Well
llavallama3,B,3,15_final.mp4,21,Well
llavallama3,B,3,15_final.mp4,24,Well
llavallama3,B,3,15_final.mp4,27,Poorly
llavallama3,B,3,15_final.mp4,30,Well
llavallama3,B,3,15_final.mp4,33,Well
llavallama3,B,3,15_final.mp4,36,Well
llavallama3,B,3,15_final.mp4,39,Well
llavallama3,B,3,15_final.mp4,42,Well
llavallama3,B,3,15_final.mp4,45,Well
llavallama3,B,3,15_final.mp4,48,Well
llavallama3,B,3,15_final.mp4,51,Well
llavallama3,B,3,15_final.mp4,54,Poorly
llavallama3,B,3,15_final.mp4,57,Well
llavallama3,B,3,15_final.mp4,60,Well
llavallama3,B,3,15_final.mp4,63,Well
llavallama3,B,3,15_final.mp4,66,Poorly
llavallama3,B,3,15_final.mp4,69,Poorly
llavallama3,B,3,15_final.mp4,72,Well
llavallama3,B,3,15_final.mp4,75,Well
llavallama3,B,3,15_final.mp4,78,Well
llavallama3,B,3,15_final.mp4,81,Well
llavallama3,B,3,15_final.mp4,84,Well
llavallama3,B,3,15_final.mp4,87,Poorly
llavallama3,B,3,15_final.mp4,90,Well
llavallama3,B,3,15_final.mp4,93,Well
llavallama3,B,3,15_final.mp4,96,Well
llavallama3,B,3,15_final.mp4,99,Well
llavallama3,B,3,15_final.mp4,102,Well
llavallama3,B,3,15_final.mp4,105,Well
llavallama3,B,3,15_final.mp4,108,Well
llavallama3,B,3,15_final.mp4,111,Well
llavallama3,B,3,15_final.mp4,114,Well
llavallama3,B,3,15_final.mp4,117,Well
llavallama3,B,3,15_final.mp4,120,Well
llavallama3,B,3,15_final.mp4,123,Well
llavallama3,B,3,15_final.mp4,126,Well
llavallama3,B,3,15_final.mp4,129,Well
llavallama3,B,3,15_final.mp4,132,Well
llavallama3,B,3,15_final.mp4,135,Well
llavallama3,B,3,15_final.mp4,138,Well
llavallama3,B,3,15_final.mp4,141,Well
llavallama3,B,3,15_final.mp4,144,Well
llavallama3,B,3,15_final.mp4,147,Well
llavallama3,B,3,15_final.mp4,150,Well
llavallama3,B,3,15_final.mp4,153,Well
llavallama3,B,3,15_final.mp4,156,Well
llavallama3,B,3,15_final.mp4,159,Well
llavallama3,B,3,15_final.mp4,162,Well
llavallama3,B,3,15_final.mp4,165,Poorly
llavallama3,B,3,15_final.mp4,168,Well
llavallama3,B,3,15_final.mp4,171,Well
llavallama3,B,3,15_final.mp4,174,Well
llavallama3,B,3,15_final.mp4,177,Well
llavallama3,B,3,15_final.mp4,180,Well
llavallama3,B,3,15_final.mp4,183,Well
llavallama3,B,3,15_final.mp4,186,Well
llavallama3,B,3,15_final.mp4,189,Well
llavallama3,B,3,15_final.mp4,192,Well
llavallama3,B,3,15_final.mp4,195,Well
llavallama3,B,3,15_final.mp4,198,Well
llavallama3,B,3,15_final.mp4,201,Well
llavallama3,B,3,15_final.mp4,204,Well
llavallama3,B,3,15_final.mp4,207,Well
llavallama3,B,3,15_final.mp4,210,Well
llavallama3,B,3,15_final.mp4,213,Well
llavallama3,B,3,15_final.mp4,216,Well
llavallama3,B,3,19_final.mp4,0,Well
llavallama3,B,3,19_final.mp4,3,Poorly
llavallama3,B,3,19_final.mp4,6,Well
llavallama3,B,3,19_final.mp4,9,Well
llavallama3,B,3,19_final.mp4,12,Well
llavallama3,B,3,19_final.mp4,15,Well
llavallama3,B,3,19_final.mp4,18,Well
llavallama3,B,3,19_final.mp4,21,Well
llavallama3,B,3,19_final.mp4,24,Well
llavallama3,B,3,19_final.mp4,27,Well
llavallama3,B,3,19_final.mp4,30,Poorly
llavallama3,B,3,19_final.mp4,33,Well
llavallama3,B,3,19_final.mp4,36,Well
llavallama3,B,3,19_final.mp4,39,Well
llavallama3,B,3,19_final.mp4,42,Well
llavallama3,B,3,19_final.mp4,45,Well
llavallama3,B,3,19_final.mp4,48,Well
llavallama3,B,3,19_final.mp4,51,Well
llavallama3,B,3,19_final.mp4,54,Well
llavallama3,B,3,19_final.mp4,57,Well
llavallama3,B,3,19_final.mp4,60,Well
llavallama3,B,3,19_final.mp4,63,Well
llavallama3,B,3,19_final.mp4,66,Well
llavallama3,B,3,19_final.mp4,69,Well
llavallama3,B,3,19_final.mp4,72,Well
llavallama3,B,3,19_final.mp4,75,Well
llavallama3,B,3,19_final.mp4,78,Well
llavallama3,B,3,19_final.mp4,81,Well
llavallama3,B,3,19_final.mp4,84,Well
llavallama3,B,3,19_final.mp4,87,Well
llavallama3,B,3,19_final.mp4,90,Well
llavallama3,B,3,19_final.mp4,93,Well
llavallama3,B,3,19_final.mp4,96,Well
llavallama3,B,3,19_final.mp4,99,Well
llavallama3,B,3,19_final.mp4,102,Poorly
llavallama3,B,3,19_final.mp4,105,Well
llavallama3,B,3,19_final.mp4,108,Well
llavallama3,B,3,19_final.mp4,111,Well
llavallama3,B,3,19_final.mp4,114,Well
llavallama3,B,3,19_final.mp4,117,Well
llavallama3,B,3,19_final.mp4,120,Well
llavallama3,B,3,19_final.mp4,123,Well
llavallama3,B,3,19_final.mp4,126,Well
llavallama3,B,3,19_final.mp4,129,Well
llavallama3,B,3,19_final.mp4,132,Well
llavallama3,B,3,19_final.mp4,135,Well
llavallama3,B,3,19_final.mp4,138,Well
llavallama3,B,3,19_final.mp4,141,Well
llavallama3,B,3,19_final.mp4,144,Well
llavallama3,B,3,19_final.mp4,147,Well
llavallama3,B,3,19_final.mp4,150,Poorly
llavallama3,B,3,19_final.mp4,153,Well
llavallama3,B,3,19_final.mp4,156,Well
llavallama3,B,3,19_final.mp4,159,Well
llavallama3,B,3,19_final.mp4,162,Poorly
llavallama3,B,3,19_final.mp4,165,Well
llavallama3,B,3,19_final.mp4,168,Well
llavallama3,B,3,19_final.mp4,171,Well
llavallama3,B,3,19_final.mp4,174,Well
llavallama3,B,3,19_final.mp4,177,Well
llavallama3,B,3,19_final.mp4,180,Well
llavallama3,B,3,19_final.mp4,183,Well
llavallama3,B,3,19_final.mp4,186,Well
llavallama3,B,3,19_final.mp4,189,Well
llavallama3,B,3,19_final.mp4,192,Well
llavallama3,B,3,19_final.mp4,195,Well
llavallama3,B,3,19_final.mp4,198,Well
llavallama3,B,3,19_final.mp4,201,Well
llavallama3,B,3,19_final.mp4,204,Well
llavallama3,B,3,19_final.mp4,207,Well
llavallama3,B,3,19_final.mp4,210,Well
llavallama3,B,3,19_final.mp4,213,Well
llavallama3,B,3,19_final.mp4,216,Well
llavallama3,B,3,19_final.mp4,219,Well
llavallama3,B,3,19_final.mp4,222,Well
llavallama3,B,3,19_final.mp4,225,Well
llavallama3,B,3,19_final.mp4,228,Well
llavallama3,B,3,19_final.mp4,231,Well
llavallama3,B,3,19_final.mp4,234,Well
llavallama3,B,3,19_final.mp4,237,Well
llavallama3,B,3,19_final.mp4,240,Well
llavallama3,B,3,19_final.mp4,243,Well
llavallama3,B,3,19_final.mp4,246,Well
llavallama3,B,3,19_final.mp4,249,Well
llavallama3,B,3,19_final.mp4,252,Well
llavallama3,B,3,19_final.mp4,255,Well
llavallama3,B,3,19_final.mp4,258,Well
llavallama3,B,3,19_final.mp4,261,Well
llavallama3,B,3,19_final.mp4,264,Well
llavallama3,B,3,19_final.mp4,267,Well
llavallama3,B,3,21_final.mp4,0,Poorly
llavallama3,B,3,21_final.mp4,3,Well
llavallama3,B,3,21_final.mp4,6,Well
llavallama3,B,3,21_final.mp4,9,Well
llavallama3,B,3,21_final.mp4,12,Well
llavallama3,B,3,21_final.mp4,15,Well
llavallama3,B,3,21_final.mp4,18,Well
llavallama3,B,3,21_final.mp4,21,Well
llavallama3,B,3,21_final.mp4,24,Well
llavallama3,B,3,21_final.mp4,27,Well
llavallama3,B,3,21_final.mp4,30,Well
llavallama3,B,3,21_final.mp4,33,Well
llavallama3,B,3,21_final.mp4,36,Well
llavallama3,B,3,21_final.mp4,39,Well
llavallama3,B,3,21_final.mp4,42,Well
llavallama3,B,3,21_final.mp4,45,Well
llavallama3,B,3,21_final.mp4,48,Well
llavallama3,B,3,21_final.mp4,51,Well
llavallama3,B,3,21_final.mp4,54,Well
llavallama3,B,3,21_final.mp4,57,Well
llavallama3,B,3,21_final.mp4,60,Well
llavallama3,B,3,21_final.mp4,63,Well
llavallama3,B,3,21_final.mp4,66,Well
llavallama3,B,3,21_final.mp4,69,Well
llavallama3,B,3,21_final.mp4,72,Well
llavallama3,B,3,21_final.mp4,75,Well
llavallama3,B,3,21_final.mp4,78,Well
llavallama3,B,3,21_final.mp4,81,Well
llavallama3,B,3,21_final.mp4,84,Well
llavallama3,B,3,21_final.mp4,87,Well
llavallama3,B,3,21_final.mp4,90,Well
llavallama3,B,3,21_final.mp4,93,Well
llavallama3,B,3,21_final.mp4,96,Well
llavallama3,B,3,21_final.mp4,99,Well
llavallama3,B,3,21_final.mp4,102,Well
llavallama3,B,3,21_final.mp4,105,Well
llavallama3,B,3,21_final.mp4,108,Well
llavallama3,B,3,21_final.mp4,111,Well
llavallama3,B,3,21_final.mp4,114,Well
llavallama3,B,3,21_final.mp4,117,Well
llavallama3,B,3,21_final.mp4,120,Well
llavallama3,B,3,21_final.mp4,123,Well
llavallama3,B,3,21_final.mp4,126,Well
llavallama3,B,3,21_final.mp4,129,Well
llavallama3,B,3,21_final.mp4,132,Well
llavallama3,B,3,21_final.mp4,135,Well
llavallama3,B,3,21_final.mp4,138,Well
llavallama3,B,3,21_final.mp4,141,Well
llavallama3,B,3,21_final.mp4,144,Well
llavallama3,B,3,21_final.mp4,147,Well
llavallama3,B,3,21_final.mp4,150,Well
llavallama3,B,3,21_final.mp4,153,Well
llavallama3,B,3,21_final.mp4,156,Well
llavallama3,B,3,21_final.mp4,159,Well
llavallama3,B,3,21_final.mp4,162,Well
llavallama3,B,3,21_final.mp4,165,Well
llavallama3,B,3,21_final.mp4,168,Well
llavallama3,B,3,21_final.mp4,171,Well
llavallama3,B,3,21_final.mp4,174,Well
llavallama3,B,3,21_final.mp4,177,Well
llavallama3,B,3,21_final.mp4,180,Well
llavallama3,B,3,21_final.mp4,183,Well
llavallama3,B,3,21_final.mp4,186,Well
llavallama3,B,3,21_final.mp4,189,Well
llavallama3,B,3,21_final.mp4,192,Well
llavallama3,B,3,21_final.mp4,195,Well
llavallama3,B,3,21_final.mp4,198,Well
llavallama3,B,3,21_final.mp4,201,Well
llavallama3,B,3,21_final.mp4,204,Well
llavallama3,B,3,21_final.mp4,207,Well
llavallama3,B,3,21_final.mp4,210,Well
llavallama3,B,3,21_final.mp4,213,Well
llavallama3,B,3,21_final.mp4,216,Well
llavallama3,B,3,21_final.mp4,219,Well
llavallama3,B,3,21_final.mp4,222,Well
llavallama3,B,3,21_final.mp4,225,Well
llavallama3,B,3,21_final.mp4,228,Well
llavallama3,B,3,21_final.mp4,231,Well
llavallama3,B,3,21_final.mp4,234,Well
llavallama3,B,3,21_final.mp4,237,Well
llavallama3,B,3,21_final.mp4,240,Well
llavallama3,B,3,21_final.mp4,243,Well
llavallama3,B,3,21_final.mp4,246,Well
llavallama3,B,3,21_final.mp4,249,Well
llavallama3,B,3,21_final.mp4,252,Well
llavallama3,B,3,21_final.mp4,255,Well
llavallama3,B,3,21_final.mp4,258,Well
llavallama3,B,3,21_final.mp4,261,Well
llavallama3,B,3,21_final.mp4,264,Well
llavallama3,B,3,21_final.mp4,267,Well
llavallama3,B,3,21_final.mp4,270,Well
llavallama3,B,3,21_final.mp4,273,Well
llavallama3,B,3,21_final.mp4,276,Well
llavallama3,B,3,21_final.mp4,279,Well
llavallama3,B,3,21_final.mp4,282,Well
llavallama3,B,3,21_final.mp4,285,Well
llavallama3,B,3,21_final.mp4,288,Well
llavallama3,B,3,21_final.mp4,291,Well
llavallama3,B,3,21_final.mp4,294,Well
llavallama3,B,3,21_final.mp4,297,Well
llavallama3,B,3,21_final.mp4,300,Well
llavallama3,B,3,21_final.mp4,303,Well
llavallama3,B,3,21_final.mp4,306,Well
llavallama3,B,3,21_final.mp4,309,Well
llavallama3,B,3,21_final.mp4,312,Well
llavallama3,B,3,21_final.mp4,315,Well
llavallama3,B,3,21_final.mp4,318,Well
llavallama3,B,3,21_final.mp4,321,Well
llavallama3,B,3,21_final.mp4,324,Well
llavallama3,B,3,21_final.mp4,327,Well
llavallama3,B,3,22_final.mp4,0,Well
llavallama3,B,3,22_final.mp4,3,Well
llavallama3,B,3,22_final.mp4,6,Well
llavallama3,B,3,22_final.mp4,9,Well
llavallama3,B,3,22_final.mp4,12,Well
llavallama3,B,3,22_final.mp4,15,Well
llavallama3,B,3,22_final.mp4,18,Well
llavallama3,B,3,22_final.mp4,21,Well
llavallama3,B,3,22_final.mp4,24,Well
llavallama3,B,3,22_final.mp4,27,Well
llavallama3,B,3,22_final.mp4,30,Well
llavallama3,B,3,22_final.mp4,33,Well
llavallama3,B,3,22_final.mp4,36,Well
llavallama3,B,3,22_final.mp4,39,Well
llavallama3,B,3,22_final.mp4,42,Well
llavallama3,B,3,22_final.mp4,45,Well
llavallama3,B,3,22_final.mp4,48,Well
llavallama3,B,3,22_final.mp4,51,Well
llavallama3,B,3,22_final.mp4,54,Well
llavallama3,B,3,22_final.mp4,57,Well
llavallama3,B,3,22_final.mp4,60,Well
llavallama3,B,3,22_final.mp4,63,Well
llavallama3,B,3,22_final.mp4,66,Well
llavallama3,B,3,22_final.mp4,69,Well
llavallama3,B,3,22_final.mp4,72,Well
llavallama3,B,3,22_final.mp4,75,Poorly
llavallama3,B,3,22_final.mp4,78,Well
llavallama3,B,3,22_final.mp4,81,Well
llavallama3,B,3,22_final.mp4,84,Well
llavallama3,B,3,22_final.mp4,87,Well
llavallama3,B,3,22_final.mp4,90,Well
llavallama3,B,3,22_final.mp4,93,Well
llavallama3,B,3,22_final.mp4,96,Well
llavallama3,B,3,22_final.mp4,99,Well
llavallama3,B,3,22_final.mp4,102,Well
llavallama3,B,3,22_final.mp4,105,Well
llavallama3,B,3,22_final.mp4,108,Well
llavallama3,B,3,22_final.mp4,111,Well
llavallama3,B,3,22_final.mp4,114,Well
llavallama3,B,3,22_final.mp4,117,Well
llavallama3,B,3,22_final.mp4,120,Well
llavallama3,B,3,22_final.mp4,123,Well
llavallama3,B,3,22_final.mp4,126,Well
llavallama3,B,3,22_final.mp4,129,Well
llavallama3,B,3,22_final.mp4,132,Well
llavallama3,B,3,22_final.mp4,135,Well
llavallama3,B,3,22_final.mp4,138,Well
llavallama3,B,3,22_final.mp4,141,Well
llavallama3,B,3,22_final.mp4,144,Well
llavallama3,B,3,22_final.mp4,147,Well
llavallama3,B,3,22_final.mp4,150,Well
llavallama3,B,3,22_final.mp4,153,Well
llavallama3,B,3,22_final.mp4,156,Well
llavallama3,B,3,22_final.mp4,159,Well
llavallama3,B,3,22_final.mp4,162,Well
llavallama3,B,3,22_final.mp4,165,Well
llavallama3,B,3,22_final.mp4,168,Well
llavallama3,B,3,22_final.mp4,171,Well
llavallama3,B,3,22_final.mp4,174,Well
llavallama3,B,3,22_final.mp4,177,Poorly
llavallama3,B,3,22_final.mp4,180,Well
llavallama3,B,3,22_final.mp4,183,Well
llavallama3,B,3,22_final.mp4,186,Well
llavallama3,B,3,22_final.mp4,189,Well
llavallama3,B,3,22_final.mp4,192,Well
llavallama3,B,3,22_final.mp4,195,Well
llavallama3,B,3,22_final.mp4,198,Well
llavallama3,B,3,22_final.mp4,201,Well
llavallama3,B,3,22_final.mp4,204,Well
llavallama3,B,3,24_final.mp4,0,Well
llavallama3,B,3,24_final.mp4,3,Well
llavallama3,B,3,24_final.mp4,6,Well
llavallama3,B,3,24_final.mp4,9,Well
llavallama3,B,3,24_final.mp4,12,Well
llavallama3,B,3,24_final.mp4,15,Well
llavallama3,B,3,24_final.mp4,18,Well
llavallama3,B,3,24_final.mp4,21,Well
llavallama3,B,3,24_final.mp4,24,Well
llavallama3,B,3,24_final.mp4,27,Well
llavallama3,B,3,24_final.mp4,30,Well
llavallama3,B,3,24_final.mp4,33,Well
llavallama3,B,3,24_final.mp4,36,Well
llavallama3,B,3,24_final.mp4,39,Well
llavallama3,B,3,24_final.mp4,42,Well
llavallama3,B,3,24_final.mp4,45,Well
llavallama3,B,3,24_final.mp4,48,Well
llavallama3,B,3,24_final.mp4,51,Well
llavallama3,B,3,24_final.mp4,54,Well
llavallama3,B,3,24_final.mp4,57,Well
llavallama3,B,3,24_final.mp4,60,Well
llavallama3,B,3,24_final.mp4,63,Well
llavallama3,B,3,24_final.mp4,66,Well
llavallama3,B,3,24_final.mp4,69,Well
llavallama3,B,3,24_final.mp4,72,Well
llavallama3,B,3,24_final.mp4,75,Well
llavallama3,B,3,24_final.mp4,78,Well
llavallama3,B,3,24_final.mp4,81,Well
llavallama3,B,3,24_final.mp4,84,Well
llavallama3,B,3,24_final.mp4,87,Well
llavallama3,B,3,24_final.mp4,90,Well
llavallama3,B,3,24_final.mp4,93,Well
llavallama3,B,3,24_final.mp4,96,Well
llavallama3,B,3,24_final.mp4,99,Well
llavallama3,B,3,24_final.mp4,102,Well
llavallama3,B,3,24_final.mp4,105,Poorly
llavallama3,B,3,24_final.mp4,108,Well
llavallama3,B,3,24_final.mp4,111,Poorly
llavallama3,B,3,24_final.mp4,114,Well
llavallama3,B,3,24_final.mp4,117,Well
llavallama3,B,3,24_final.mp4,120,Well
llavallama3,B,3,24_final.mp4,123,Well
llavallama3,B,3,24_final.mp4,126,Well
llavallama3,B,3,24_final.mp4,129,Well
llavallama3,B,3,24_final.mp4,132,Well
llavallama3,B,3,24_final.mp4,135,Well
llavallama3,B,3,24_final.mp4,138,Well
llavallama3,B,3,24_final.mp4,141,Well
llavallama3,B,3,24_final.mp4,144,Well
llavallama3,B,3,24_final.mp4,147,Well
llavallama3,B,3,24_final.mp4,150,Well
llavallama3,B,3,24_final.mp4,153,Well
llavallama3,B,3,24_final.mp4,156,Well
llavallama3,B,3,24_final.mp4,159,Well
llavallama3,B,3,24_final.mp4,162,Well
llavallama3,B,3,24_final.mp4,165,Well
llavallama3,B,3,24_final.mp4,168,Well
llavallama3,B,3,24_final.mp4,171,Well
llavallama3,B,3,24_final.mp4,174,Well
llavallama3,B,3,24_final.mp4,177,Well
llavallama3,B,3,24_final.mp4,180,Well
llavallama3,B,3,24_final.mp4,183,Well
llavallama3,B,3,24_final.mp4,186,Well
llavallama3,B,3,24_final.mp4,189,Well
llavallama3,B,3,24_final.mp4,192,Well
llavallama3,B,3,24_final.mp4,195,Well
llavallama3,B,3,24_final.mp4,198,Well
llavallama3,B,3,24_final.mp4,201,Well
llavallama3,B,3,24_final.mp4,204,Well
llavallama3,B,3,24_final.mp4,207,Well
llavallama3,B,3,24_final.mp4,210,Well
llavallama3,B,3,24_final.mp4,213,Well
llavallama3,B,3,24_final.mp4,216,Well
llavallama3,B,3,24_final.mp4,219,Well
llavallama3,B,3,24_final.mp4,222,Well
llavallama3,B,3,24_final.mp4,225,Well
llavallama3,B,3,24_final.mp4,228,Poorly
llavallama3,B,3,24_final.mp4,231,Well
llavallama3,B,3,24_final.mp4,234,Poorly
llavallama3,B,3,24_final.mp4,237,Well
llavallama3,B,3,24_final.mp4,240,Well
llavallama3,B,3,24_final.mp4,243,Well
llavallama3,B,3,24_final.mp4,246,Poorly
llavallama3,B,3,24_final.mp4,249,Poorly
llavallama3,B,3,24_final.mp4,252,Well
llavallama3,B,3,24_final.mp4,255,Poorly
llavallama3,B,3,24_final.mp4,258,Well
llavallama3,B,3,24_final.mp4,261,Well
llavallama3,B,3,24_final.mp4,264,Well
llavallama3,B,3,24_final.mp4,267,Well
llavallama3,B,3,24_final.mp4,270,Well
llavallama3,B,3,24_final.mp4,273,Well
llavallama3,B,3,24_final.mp4,276,Well
llavallama3,B,3,24_final.mp4,279,Well
llavallama3,B,3,24_final.mp4,282,Well
llavallama3,B,3,24_final.mp4,285,Well
llavallama3,B,3,24_final.mp4,288,Well
llavallama3,B,3,24_final.mp4,291,Well
llavallama3,B,3,24_final.mp4,294,Well
llavallama3,B,3,24_final.mp4,297,Well
llavallama3,B,3,24_final.mp4,300,Well
llavallama3,B,3,24_final.mp4,303,Well
llavallama3,B,3,24_final.mp4,306,Well
llavallama3,B,3,24_final.mp4,309,Well
llavallama3,B,3,24_final.mp4,312,Well
llavallama3,B,3,24_final.mp4,315,Well
llavallama3,B,3,24_final.mp4,318,Well
llavallama3,B,3,24_final.mp4,321,Well
llavallama3,B,3,24_final.mp4,324,Well
llavallama3,B,3,24_final.mp4,327,Well
llavallama3,B,3,24_final.mp4,330,Well
llavallama3,B,3,24_final.mp4,333,Well
llavallama3,B,3,24_final.mp4,336,Poorly
llavallama3,B,3,24_final.mp4,339,Well
llavallama3,B,3,24_final.mp4,342,Well
llavallama3,B,3,24_final.mp4,345,Well
llavallama3,B,3,24_final.mp4,348,Well
llavallama3,B,3,24_final.mp4,351,Well
llavallama3,B,3,24_final.mp4,354,Well
llavallama3,B,3,24_final.mp4,357,Well
llavallama3,B,3,24_final.mp4,360,Well
llavallama3,B,3,24_final.mp4,363,Well
llavallama3,B,3,24_final.mp4,366,Well
llavallama3,B,3,24_final.mp4,369,Well
llavallama3,B,3,24_final.mp4,372,Well
llavallama3,B,3,29_final.mp4,0,Well
llavallama3,B,3,29_final.mp4,3,Well
llavallama3,B,3,29_final.mp4,6,Well
llavallama3,B,3,29_final.mp4,9,Well
llavallama3,B,3,29_final.mp4,12,Well
llavallama3,B,3,29_final.mp4,15,Well
llavallama3,B,3,29_final.mp4,18,Poorly
llavallama3,B,3,29_final.mp4,21,Poorly
llavallama3,B,3,29_final.mp4,24,Well
llavallama3,B,3,29_final.mp4,27,Well
llavallama3,B,3,29_final.mp4,30,Well
llavallama3,B,3,29_final.mp4,33,Well
llavallama3,B,3,29_final.mp4,36,Well
llavallama3,B,3,29_final.mp4,39,Well
llavallama3,B,3,29_final.mp4,42,Poorly
llavallama3,B,3,29_final.mp4,45,Well
llavallama3,B,3,29_final.mp4,48,Well
llavallama3,B,3,29_final.mp4,51,Well
llavallama3,B,3,29_final.mp4,54,Well
llavallama3,B,3,29_final.mp4,57,Well
llavallama3,B,3,29_final.mp4,60,Well
llavallama3,B,3,29_final.mp4,63,Well
llavallama3,B,3,29_final.mp4,66,Well
llavallama3,B,3,29_final.mp4,69,Poorly
llavallama3,B,3,29_final.mp4,72,Poorly
llavallama3,B,3,29_final.mp4,75,Poorly
llavallama3,B,3,29_final.mp4,78,Well
llavallama3,B,3,29_final.mp4,81,Poorly
llavallama3,B,3,29_final.mp4,84,Well
llavallama3,B,3,29_final.mp4,87,Well
llavallama3,B,3,29_final.mp4,90,Poorly
llavallama3,B,3,29_final.mp4,93,Well
llavallama3,B,3,29_final.mp4,96,Poorly
llavallama3,B,3,29_final.mp4,99,Well
llavallama3,B,3,29_final.mp4,102,Poorly
llavallama3,B,3,29_final.mp4,105,Well
llavallama3,B,3,29_final.mp4,108,Well
llavallama3,B,3,29_final.mp4,111,Well
llavallama3,B,3,29_final.mp4,114,Well
llavallama3,B,3,29_final.mp4,117,Well
llavallama3,B,3,29_final.mp4,120,Well
llavallama3,B,3,29_final.mp4,123,Well
llavallama3,B,3,29_final.mp4,126,Well
llavallama3,B,3,29_final.mp4,129,Well
llavallama3,B,3,29_final.mp4,132,Well
llavallama3,B,3,29_final.mp4,135,Well
llavallama3,B,3,29_final.mp4,138,Well
llavallama3,B,3,29_final.mp4,141,Well
llavallama3,B,3,29_final.mp4,144,Well
llavallama3,B,3,29_final.mp4,147,Well
llavallama3,B,3,29_final.mp4,150,Well
llavallama3,B,3,29_final.mp4,153,Well
llavallama3,B,3,29_final.mp4,156,Well
llavallama3,B,3,29_final.mp4,159,Well
llavallama3,B,3,29_final.mp4,162,Well
llavallama3,B,3,29_final.mp4,165,Well
llavallama3,B,3,29_final.mp4,168,Well
llavallama3,B,3,29_final.mp4,171,Well
llavallama3,B,3,29_final.mp4,174,Well
llavallama3,B,3,29_final.mp4,177,Well
llavallama3,B,3,29_final.mp4,180,Well
llavallama3,B,3,29_final.mp4,183,Well
llavallama3,B,3,29_final.mp4,186,Well
llavallama3,B,3,29_final.mp4,189,Well
llavallama3,B,3,29_final.mp4,192,Well
llavallama3,B,3,29_final.mp4,195,Well
llavallama3,B,3,29_final.mp4,198,Well
llavallama3,B,3,29_final.mp4,201,Well
llavallama3,B,3,29_final.mp4,204,Well
llavallama3,B,3,29_final.mp4,207,Well
llavallama3,B,3,29_final.mp4,210,Well
llavallama3,B,3,29_final.mp4,213,Well
llavallama3,B,3,29_final.mp4,216,Well
llavallama3,B,3,30_final.mp4,0,Well
llavallama3,B,3,30_final.mp4,3,Well
llavallama3,B,3,30_final.mp4,6,Well
llavallama3,B,3,30_final.mp4,9,Well
llavallama3,B,3,30_final.mp4,12,Well
llavallama3,B,3,30_final.mp4,15,Well
llavallama3,B,3,30_final.mp4,18,Well
llavallama3,B,3,30_final.mp4,21,Well
llavallama3,B,3,30_final.mp4,24,Well
llavallama3,B,3,30_final.mp4,27,Well
llavallama3,B,3,30_final.mp4,30,Well
llavallama3,B,3,30_final.mp4,33,Well
llavallama3,B,3,30_final.mp4,36,Well
llavallama3,B,3,30_final.mp4,39,Well
llavallama3,B,3,30_final.mp4,42,Well
llavallama3,B,3,30_final.mp4,45,Well
llavallama3,B,3,30_final.mp4,48,Well
llavallama3,B,3,30_final.mp4,51,Well
llavallama3,B,3,30_final.mp4,54,Well
llavallama3,B,3,30_final.mp4,57,Well
llavallama3,B,3,30_final.mp4,60,Well
llavallama3,B,3,30_final.mp4,63,Well
llavallama3,B,3,30_final.mp4,66,Well
llavallama3,B,3,30_final.mp4,69,Well
llavallama3,B,3,30_final.mp4,72,Well
llavallama3,B,3,30_final.mp4,75,Well
llavallama3,B,3,30_final.mp4,78,Well
llavallama3,B,3,30_final.mp4,81,Well
llavallama3,B,3,30_final.mp4,84,Well
llavallama3,B,3,30_final.mp4,87,Well
llavallama3,B,3,30_final.mp4,90,Well
llavallama3,B,3,30_final.mp4,93,Well
llavallama3,B,3,30_final.mp4,96,Well
llavallama3,B,3,30_final.mp4,99,Well
llavallama3,B,3,30_final.mp4,102,Well
llavallama3,B,3,30_final.mp4,105,Well
llavallama3,B,3,30_final.mp4,108,Well
llavallama3,B,3,30_final.mp4,111,Well
llavallama3,B,3,30_final.mp4,114,Well
llavallama3,B,3,30_final.mp4,117,Well
llavallama3,B,3,30_final.mp4,120,Well
llavallama3,B,3,30_final.mp4,123,Well
llavallama3,B,3,30_final.mp4,126,Well
llavallama3,B,3,30_final.mp4,129,Well
llavallama3,B,3,30_final.mp4,132,Well
llavallama3,B,3,30_final.mp4,135,Well
llavallama3,B,3,30_final.mp4,138,Well
llavallama3,B,3,30_final.mp4,141,Well
llavallama3,B,3,30_final.mp4,144,Well
llavallama3,B,3,30_final.mp4,147,Well
llavallama3,B,3,30_final.mp4,150,Well
llavallama3,B,3,30_final.mp4,153,Well
llavallama3,B,3,30_final.mp4,156,Well
llavallama3,B,3,30_final.mp4,159,Well
llavallama3,B,3,30_final.mp4,162,Well
llavallama3,B,3,30_final.mp4,165,Well
llavallama3,B,3,30_final.mp4,168,Well
llavallama3,B,3,30_final.mp4,171,Well
llavallama3,B,3,30_final.mp4,174,Well
llavallama3,B,3,30_final.mp4,177,Well
llavallama3,B,3,30_final.mp4,180,Well
llavallama3,B,3,30_final.mp4,183,Well
llavallama3,B,3,30_final.mp4,186,Well
llavallama3,B,3,30_final.mp4,189,Well
llavallama3,B,3,30_final.mp4,192,Well
llavallama3,B,3,30_final.mp4,195,Well
llavallama3,B,3,30_final.mp4,198,Well
llavallama3,B,3,30_final.mp4,201,Well
llavallama3,B,3,30_final.mp4,204,Well
llavallama3,B,3,30_final.mp4,207,Well
llavallama3,B,3,30_final.mp4,210,Well
llavallama3,B,3,30_final.mp4,213,Well
llavallama3,B,3,30_final.mp4,216,Well
llavallama3,B,3,30_final.mp4,219,Well
llavallama3,B,3,30_final.mp4,222,Well
llavallama3,B,3,30_final.mp4,225,Well
llavallama3,B,3,30_final.mp4,228,Well
llavallama3,B,3,30_final.mp4,231,Well
llavallama3,B,3,30_final.mp4,234,Well
llavallama3,B,3,30_final.mp4,237,Well
llavallama3,B,3,30_final.mp4,240,Well
llavallama3,B,3,30_final.mp4,243,Well
llavallama3,B,3,30_final.mp4,246,Well
llavallama3,B,3,30_final.mp4,249,Well
llavallama3,B,3,30_final.mp4,252,Well
llavallama3,B,3,30_final.mp4,255,Well
llavallama3,B,3,30_final.mp4,258,Well
llavallama3,B,3,30_final.mp4,261,Well
llavallama3,B,3,30_final.mp4,264,Well
llavallama3,B,3,30_final.mp4,267,Well
llavallama3,B,3,30_final.mp4,270,Well
llavallama3,B,3,30_final.mp4,273,Well
llavallama3,B,3,30_final.mp4,276,Well
llavallama3,B,3,30_final.mp4,279,Well
llavallama3,B,3,30_final.mp4,282,Well
llavallama3,B,3,30_final.mp4,285,Well
llavallama3,B,3,30_final.mp4,288,Well
llavallama3,B,3,30_final.mp4,291,Well
llavallama3,B,3,30_final.mp4,294,Well
llavallama3,B,3,30_final.mp4,297,Well
llavallama3,B,3,30_final.mp4,300,Well
llavallama3,B,3,30_final.mp4,303,Well
llavallama3,B,3,30_final.mp4,306,Well
llavallama3,B,3,30_final.mp4,309,Well
llavallama3,B,3,30_final.mp4,312,Well
llavallama3,B,3,30_final.mp4,315,Well
llavallama3,B,3,30_final.mp4,318,Well
llavallama3,B,3,30_final.mp4,321,Well
llavallama3,B,3,30_final.mp4,324,Well
llavallama3,B,3,30_final.mp4,327,Well
llavallama3,B,3,30_final.mp4,330,Well
llavallama3,B,3,30_final.mp4,333,Well
llavallama3,B,3,30_final.mp4,336,Well
llavallama3,B,3,30_final.mp4,339,Well
llavallama3,B,3,30_final.mp4,342,Well
llavallama3,B,3,30_final.mp4,345,Well
llavallama3,B,3,30_final.mp4,348,Well
llavallama3,B,3,30_final.mp4,351,Well
llavallama3,B,3,30_final.mp4,354,Well
llavallama3,B,3,30_final.mp4,357,Well
llavallama3,B,3,30_final.mp4,360,Well
llavallama3,B,3,30_final.mp4,363,Well
llavallama3,B,3,30_final.mp4,366,Well
llavallama3,B,3,30_final.mp4,369,Well
llavallama3,B,3,30_final.mp4,372,Well
llavallama3,B,3,30_final.mp4,375,Well
llavallama3,B,3,31_final.mp4,0,Well
llavallama3,B,3,31_final.mp4,3,Well
llavallama3,B,3,31_final.mp4,6,Well
llavallama3,B,3,31_final.mp4,9,Well
llavallama3,B,3,31_final.mp4,12,Well
llavallama3,B,3,31_final.mp4,15,Well
llavallama3,B,3,31_final.mp4,18,Well
llavallama3,B,3,31_final.mp4,21,Well
llavallama3,B,3,31_final.mp4,24,Well
llavallama3,B,3,31_final.mp4,27,Well
llavallama3,B,3,31_final.mp4,30,Well
llavallama3,B,3,31_final.mp4,33,Well
llavallama3,B,3,31_final.mp4,36,Well
llavallama3,B,3,31_final.mp4,39,Well
llavallama3,B,3,31_final.mp4,42,Well
llavallama3,B,3,31_final.mp4,45,Well
llavallama3,B,3,31_final.mp4,48,Well
llavallama3,B,3,31_final.mp4,51,Well
llavallama3,B,3,31_final.mp4,54,Well
llavallama3,B,3,31_final.mp4,57,Well
llavallama3,B,3,31_final.mp4,60,Well
llavallama3,B,3,31_final.mp4,63,Well
llavallama3,B,3,31_final.mp4,66,Well
llavallama3,B,3,31_final.mp4,69,Well
llavallama3,B,3,31_final.mp4,72,Well
llavallama3,B,3,31_final.mp4,75,Well
llavallama3,B,3,31_final.mp4,78,Well
llavallama3,B,3,31_final.mp4,81,Well
llavallama3,B,3,31_final.mp4,84,Well
llavallama3,B,3,31_final.mp4,87,Well
llavallama3,B,3,31_final.mp4,90,Well
llavallama3,B,3,31_final.mp4,93,Well
llavallama3,B,3,31_final.mp4,96,Well
llavallama3,B,3,31_final.mp4,99,Well
llavallama3,B,3,31_final.mp4,102,Well
llavallama3,B,3,31_final.mp4,105,Well
llavallama3,B,3,31_final.mp4,108,Well
llavallama3,B,3,31_final.mp4,111,Well
llavallama3,B,3,31_final.mp4,114,Well
llavallama3,B,3,31_final.mp4,117,Well
llavallama3,B,3,31_final.mp4,120,Well
llavallama3,B,3,31_final.mp4,123,Well
llavallama3,B,3,31_final.mp4,126,Well
llavallama3,B,3,31_final.mp4,129,Well
llavallama3,B,3,31_final.mp4,132,Well
llavallama3,B,3,31_final.mp4,135,Well
llavallama3,B,3,31_final.mp4,138,Well
llavallama3,B,3,31_final.mp4,141,Well
llavallama3,B,3,31_final.mp4,144,Well
llavallama3,B,3,31_final.mp4,147,Well
llavallama3,B,3,31_final.mp4,150,Well
llavallama3,B,3,31_final.mp4,153,Well
llavallama3,B,3,31_final.mp4,156,Well
llavallama3,B,3,31_final.mp4,159,Well
llavallama3,B,3,31_final.mp4,162,Well
llavallama3,B,3,31_final.mp4,165,Well
llavallama3,B,3,31_final.mp4,168,Well
llavallama3,B,3,31_final.mp4,171,Well
llavallama3,B,3,31_final.mp4,174,Well
llavallama3,B,3,31_final.mp4,177,Well
llavallama3,B,3,31_final.mp4,180,Well
llavallama3,B,3,31_final.mp4,183,Well
llavallama3,B,3,31_final.mp4,186,Well
llavallama3,B,3,31_final.mp4,189,Well
llavallama3,B,3,31_final.mp4,192,Well
llavallama3,B,3,31_final.mp4,195,Well
llavallama3,B,3,31_final.mp4,198,Well
llavallama3,B,3,31_final.mp4,201,Well
llavallama3,B,3,31_final.mp4,204,Well
llavallama3,B,3,31_final.mp4,207,Well
llavallama3,B,3,31_final.mp4,210,Well
llavallama3,B,3,31_final.mp4,213,Well
llavallama3,B,3,31_final.mp4,216,Well
llavallama3,B,3,31_final.mp4,219,Well
llavallama3,B,3,31_final.mp4,222,Well
llavallama3,B,3,31_final.mp4,225,Well
llavallama3,B,3,31_final.mp4,228,Well
llavallama3,B,3,31_final.mp4,231,Well
llavallama3,B,3,31_final.mp4,234,Well
llavallama3,B,3,31_final.mp4,237,Well
llavallama3,B,3,31_final.mp4,240,Well
llavallama3,B,3,31_final.mp4,243,Well
llavallama3,B,3,31_final.mp4,246,Well
llavallama3,B,3,31_final.mp4,249,Well
llavallama3,B,3,31_final.mp4,252,Well
llavallama3,B,3,31_final.mp4,255,Well
llavallama3,B,3,31_final.mp4,258,Well
llavallama3,B,3,31_final.mp4,261,Well
llavallama3,B,3,31_final.mp4,264,Well
llavallama3,B,3,31_final.mp4,267,Well
llavallama3,B,3,31_final.mp4,270,Well
llavallama3,B,3,31_final.mp4,273,Well
llavallama3,B,3,31_final.mp4,276,Well
llavallama3,B,3,31_final.mp4,279,Well
llavallama3,B,3,31_final.mp4,282,Well
llavallama3,B,3,31_final.mp4,285,Well
llavallama3,B,3,31_final.mp4,288,Well
llavallama3,B,3,31_final.mp4,291,Well
llavallama3,B,3,31_final.mp4,294,Well
llavallama3,B,3,33_final.mp4,0,Well
llavallama3,B,3,33_final.mp4,3,Poorly
llavallama3,B,3,33_final.mp4,6,Well
llavallama3,B,3,33_final.mp4,9,Well
llavallama3,B,3,33_final.mp4,12,Well
llavallama3,B,3,33_final.mp4,15,Well
llavallama3,B,3,33_final.mp4,18,Well
llavallama3,B,3,33_final.mp4,21,Well
llavallama3,B,3,33_final.mp4,24,Well
llavallama3,B,3,33_final.mp4,27,Well
llavallama3,B,3,33_final.mp4,30,Well
llavallama3,B,3,33_final.mp4,33,Well
llavallama3,B,3,33_final.mp4,36,Well
llavallama3,B,3,33_final.mp4,39,Well
llavallama3,B,3,33_final.mp4,42,Well
llavallama3,B,3,33_final.mp4,45,Well
llavallama3,B,3,33_final.mp4,48,Well
llavallama3,B,3,33_final.mp4,51,Well
llavallama3,B,3,33_final.mp4,54,Well
llavallama3,B,3,33_final.mp4,57,Well
llavallama3,B,3,33_final.mp4,60,Poorly
llavallama3,B,3,33_final.mp4,63,Well
llavallama3,B,3,33_final.mp4,66,Well
llavallama3,B,3,33_final.mp4,69,Well
llavallama3,B,3,33_final.mp4,72,Well
llavallama3,B,3,33_final.mp4,75,Well
llavallama3,B,3,33_final.mp4,78,Well
llavallama3,B,3,33_final.mp4,81,Well
llavallama3,B,3,33_final.mp4,84,Well
llavallama3,B,3,33_final.mp4,87,Poorly
llavallama3,B,3,33_final.mp4,90,Well
llavallama3,B,3,33_final.mp4,93,Poorly
llavallama3,B,3,33_final.mp4,96,Well
llavallama3,B,3,33_final.mp4,99,Well
llavallama3,B,3,33_final.mp4,102,Well
llavallama3,B,3,33_final.mp4,105,Well
llavallama3,B,3,33_final.mp4,108,Poorly
llavallama3,B,3,33_final.mp4,111,Well
llavallama3,B,3,33_final.mp4,114,Well
llavallama3,B,3,33_final.mp4,117,Well
llavallama3,B,3,33_final.mp4,120,Well
llavallama3,B,3,33_final.mp4,123,Poorly
llavallama3,B,3,33_final.mp4,126,Well
llavallama3,B,3,33_final.mp4,129,Well
llavallama3,B,3,33_final.mp4,132,Well
llavallama3,B,3,33_final.mp4,135,Poorly
llavallama3,B,3,33_final.mp4,138,Well
llavallama3,B,3,33_final.mp4,141,Well
llavallama3,B,3,33_final.mp4,144,Well
llavallama3,B,3,33_final.mp4,147,Well
llavallama3,B,3,33_final.mp4,150,Well
llavallama3,B,3,33_final.mp4,153,Poorly
llavallama3,B,3,33_final.mp4,156,Well
llavallama3,B,3,33_final.mp4,159,Poorly
llavallama3,B,3,33_final.mp4,162,Well
llavallama3,B,3,33_final.mp4,165,Well
llavallama3,B,3,33_final.mp4,168,Well
llavallama3,B,3,33_final.mp4,171,Well
llavallama3,B,3,33_final.mp4,174,Well
llavallama3,B,3,33_final.mp4,177,Poorly
llavallama3,B,3,33_final.mp4,180,Well
llavallama3,B,3,33_final.mp4,183,Well
llavallama3,B,3,33_final.mp4,186,Poorly
llavallama3,B,3,33_final.mp4,189,Well
llavallama3,B,3,33_final.mp4,192,Well
llavallama3,B,3,33_final.mp4,195,Poorly
llavallama3,B,3,33_final.mp4,198,Well
llavallama3,B,3,33_final.mp4,201,Well
llavallama3,B,3,33_final.mp4,204,Poorly
llavallama3,B,3,33_final.mp4,207,Poorly
llavallama3,B,3,33_final.mp4,210,Well
llavallama3,B,3,33_final.mp4,213,Well
llavallama3,B,3,33_final.mp4,216,Well
llavallama3,B,3,33_final.mp4,219,Well
llavallama3,B,3,34_final.mp4,0,Well
llavallama3,B,3,34_final.mp4,3,Well
llavallama3,B,3,34_final.mp4,6,Poorly
llavallama3,B,3,34_final.mp4,9,Well
llavallama3,B,3,34_final.mp4,12,Well
llavallama3,B,3,34_final.mp4,15,Well
llavallama3,B,3,34_final.mp4,18,Well
llavallama3,B,3,34_final.mp4,21,Well
llavallama3,B,3,34_final.mp4,24,Well
llavallama3,B,3,34_final.mp4,27,Well
llavallama3,B,3,34_final.mp4,30,Well
llavallama3,B,3,34_final.mp4,33,Poorly
llavallama3,B,3,34_final.mp4,36,Poorly
llavallama3,B,3,34_final.mp4,39,Poorly
llavallama3,B,3,34_final.mp4,42,Poorly
llavallama3,B,3,34_final.mp4,45,Poorly
llavallama3,B,3,34_final.mp4,48,Poorly
llavallama3,B,3,34_final.mp4,51,Poorly
llavallama3,B,3,34_final.mp4,54,Poorly
llavallama3,B,3,34_final.mp4,57,Poorly
llavallama3,B,3,34_final.mp4,60,Poorly
llavallama3,B,3,34_final.mp4,63,Poorly
llavallama3,B,3,34_final.mp4,66,Poorly
llavallama3,B,3,34_final.mp4,69,Poorly
llavallama3,B,3,34_final.mp4,72,Poorly
llavallama3,B,3,34_final.mp4,75,Poorly
llavallama3,B,3,34_final.mp4,78,Poorly
llavallama3,B,3,34_final.mp4,81,Poorly
llavallama3,B,3,34_final.mp4,84,Poorly
llavallama3,B,3,34_final.mp4,87,Poorly
llavallama3,B,3,34_final.mp4,90,Poorly
llavallama3,B,3,34_final.mp4,93,Poorly
llavallama3,B,3,34_final.mp4,96,Poorly
llavallama3,B,3,34_final.mp4,99,Poorly
llavallama3,B,3,34_final.mp4,102,Poorly
llavallama3,B,3,34_final.mp4,105,Poorly
llavallama3,B,3,34_final.mp4,108,Poorly
llavallama3,B,3,34_final.mp4,111,Poorly
llavallama3,B,3,34_final.mp4,114,Poorly
llavallama3,B,3,34_final.mp4,117,Poorly
llavallama3,B,3,34_final.mp4,120,Poorly
llavallama3,B,3,34_final.mp4,123,Poorly
llavallama3,B,3,34_final.mp4,126,Poorly
llavallama3,B,3,34_final.mp4,129,Poorly
llavallama3,B,3,34_final.mp4,132,Poorly
llavallama3,B,3,34_final.mp4,135,Poorly
llavallama3,B,3,34_final.mp4,138,Poorly
llavallama3,B,3,34_final.mp4,141,Poorly
llavallama3,B,3,34_final.mp4,144,Poorly
llavallama3,B,3,34_final.mp4,147,Poorly
llavallama3,B,3,34_final.mp4,150,Poorly
llavallama3,B,3,34_final.mp4,153,Poorly
llavallama3,B,3,34_final.mp4,156,Poorly
llavallama3,B,3,34_final.mp4,159,Well
llavallama3,B,3,34_final.mp4,162,Poorly
llavallama3,B,3,34_final.mp4,165,Poorly
llavallama3,B,3,34_final.mp4,168,Poorly
llavallama3,B,3,34_final.mp4,171,Poorly
llavallama3,B,3,34_final.mp4,174,Poorly
llavallama3,B,3,34_final.mp4,177,Poorly
llavallama3,B,3,34_final.mp4,180,Poorly
llavallama3,B,3,34_final.mp4,183,Poorly
llavallama3,B,3,34_final.mp4,186,Poorly
llavallama3,B,3,34_final.mp4,189,Poorly
llavallama3,B,3,34_final.mp4,192,Poorly
llavallama3,B,3,34_final.mp4,195,Poorly
llavallama3,B,3,34_final.mp4,198,Poorly
llavallama3,B,3,34_final.mp4,201,Poorly
llavallama3,B,3,34_final.mp4,204,Poorly
llavallama3,B,3,34_final.mp4,207,Poorly
llavallama3,B,3,34_final.mp4,210,Poorly
llavallama3,B,3,40_final.mp4,0,Well
llavallama3,B,3,40_final.mp4,3,Well
llavallama3,B,3,40_final.mp4,6,Well
llavallama3,B,3,40_final.mp4,9,Well
llavallama3,B,3,40_final.mp4,12,Well
llavallama3,B,3,40_final.mp4,15,Well
llavallama3,B,3,40_final.mp4,18,Well
llavallama3,B,3,40_final.mp4,21,Well
llavallama3,B,3,40_final.mp4,24,Well
llavallama3,B,3,40_final.mp4,27,Well
llavallama3,B,3,40_final.mp4,30,Well
llavallama3,B,3,40_final.mp4,33,Well
llavallama3,B,3,40_final.mp4,36,Well
llavallama3,B,3,40_final.mp4,39,Well
llavallama3,B,3,40_final.mp4,42,Well
llavallama3,B,3,40_final.mp4,45,Well
llavallama3,B,3,40_final.mp4,48,Well
llavallama3,B,3,40_final.mp4,51,Well
llavallama3,B,3,40_final.mp4,54,Well
llavallama3,B,3,40_final.mp4,57,Well
llavallama3,B,3,40_final.mp4,60,Well
llavallama3,B,3,40_final.mp4,63,Well
llavallama3,B,3,40_final.mp4,66,Well
llavallama3,B,3,40_final.mp4,69,Well
llavallama3,B,3,40_final.mp4,72,Well
llavallama3,B,3,40_final.mp4,75,Well
llavallama3,B,3,40_final.mp4,78,Well
llavallama3,B,3,40_final.mp4,81,Well
llavallama3,B,3,40_final.mp4,84,Well
llavallama3,B,3,40_final.mp4,87,Well
llavallama3,B,3,40_final.mp4,90,Well
llavallama3,B,3,40_final.mp4,93,Well
llavallama3,B,3,40_final.mp4,96,Well
llavallama3,B,3,40_final.mp4,99,Well
llavallama3,B,3,40_final.mp4,102,Well
llavallama3,B,3,40_final.mp4,105,Well
llavallama3,B,3,40_final.mp4,108,Well
llavallama3,B,3,40_final.mp4,111,Well
llavallama3,B,3,40_final.mp4,114,Well
llavallama3,B,3,40_final.mp4,117,Well
llavallama3,B,3,40_final.mp4,120,Well
llavallama3,B,3,40_final.mp4,123,Well
llavallama3,B,3,40_final.mp4,126,Well
llavallama3,B,3,40_final.mp4,129,Well
llavallama3,B,3,40_final.mp4,132,Well
llavallama3,B,3,40_final.mp4,135,Well
llavallama3,B,3,40_final.mp4,138,Well
llavallama3,B,3,40_final.mp4,141,Well
llavallama3,B,3,40_final.mp4,144,Well
llavallama3,B,3,40_final.mp4,147,Well
llavallama3,B,3,40_final.mp4,150,Well
llavallama3,B,3,40_final.mp4,153,Well
llavallama3,B,3,40_final.mp4,156,Well
llavallama3,B,3,40_final.mp4,159,Well
llavallama3,B,3,40_final.mp4,162,Well
llavallama3,B,3,40_final.mp4,165,Well
llavallama3,B,3,40_final.mp4,168,Well
llavallama3,B,3,40_final.mp4,171,Well
llavallama3,B,3,40_final.mp4,174,Well
llavallama3,B,3,40_final.mp4,177,Well
llavallama3,B,3,40_final.mp4,180,Well
llavallama3,B,3,40_final.mp4,183,Well
llavallama3,B,3,40_final.mp4,186,Well
llavallama3,B,3,40_final.mp4,189,Well
llavallama3,B,3,40_final.mp4,192,Well
llavallama3,B,3,40_final.mp4,195,Well
llavallama3,B,3,40_final.mp4,198,Well
llavallama3,B,3,40_final.mp4,201,Well
llavallama3,B,3,40_final.mp4,204,Well
llavallama3,B,3,40_final.mp4,207,Well
llavallama3,B,3,40_final.mp4,210,Well
llavallama3,B,3,40_final.mp4,213,Well
llavallama3,B,3,40_final.mp4,216,Well
llavallama3,B,3,40_final.mp4,219,Well
llavallama3,B,3,40_final.mp4,222,Well
llavallama3,B,3,40_final.mp4,225,Well
llavallama3,B,3,40_final.mp4,228,Well
llavallama3,B,3,40_final.mp4,231,Well
llavallama3,B,3,40_final.mp4,234,Well
llavallama3,B,3,40_final.mp4,237,Well
llavallama3,B,3,40_final.mp4,240,Well
llavallama3,B,3,40_final.mp4,243,Well
llavallama3,B,3,40_final.mp4,246,Well
llavallama3,B,3,40_final.mp4,249,Well
llavallama3,B,3,41_final.mp4,0,Well
llavallama3,B,3,41_final.mp4,3,Well
llavallama3,B,3,41_final.mp4,6,Poorly
llavallama3,B,3,41_final.mp4,9,Poorly
llavallama3,B,3,41_final.mp4,12,Poorly
llavallama3,B,3,41_final.mp4,15,Well
llavallama3,B,3,41_final.mp4,18,Well
llavallama3,B,3,41_final.mp4,21,Poorly
llavallama3,B,3,41_final.mp4,24,Well
llavallama3,B,3,41_final.mp4,27,Poorly
llavallama3,B,3,41_final.mp4,30,Well
llavallama3,B,3,41_final.mp4,33,Well
llavallama3,B,3,41_final.mp4,36,Well
llavallama3,B,3,41_final.mp4,39,Poorly
llavallama3,B,3,41_final.mp4,42,Poorly
llavallama3,B,3,41_final.mp4,45,Well
llavallama3,B,3,41_final.mp4,48,Well
llavallama3,B,3,41_final.mp4,51,Poorly
llavallama3,B,3,41_final.mp4,54,Poorly
llavallama3,B,3,41_final.mp4,57,Poorly
llavallama3,B,3,41_final.mp4,60,Poorly
llavallama3,B,3,41_final.mp4,63,Well
llavallama3,B,3,41_final.mp4,66,Well
llavallama3,B,3,41_final.mp4,69,Well
llavallama3,B,3,41_final.mp4,72,Well
llavallama3,B,3,41_final.mp4,75,Well
llavallama3,B,3,41_final.mp4,78,Well
llavallama3,B,3,41_final.mp4,81,Well
llavallama3,B,3,41_final.mp4,84,Well
llavallama3,B,3,41_final.mp4,87,Well
llavallama3,B,3,41_final.mp4,90,Well
llavallama3,B,3,41_final.mp4,93,Well
llavallama3,B,3,41_final.mp4,96,Poorly
llavallama3,B,3,41_final.mp4,99,Well
llavallama3,B,3,41_final.mp4,102,Well
llavallama3,B,3,41_final.mp4,105,Well
llavallama3,B,3,41_final.mp4,108,Well
llavallama3,B,3,41_final.mp4,111,Well
llavallama3,B,3,41_final.mp4,114,Well
llavallama3,B,3,41_final.mp4,117,Well
llavallama3,B,3,41_final.mp4,120,Well
llavallama3,B,3,41_final.mp4,123,Well
llavallama3,B,3,41_final.mp4,126,Well
llavallama3,B,3,41_final.mp4,129,Well
llavallama3,B,3,41_final.mp4,132,Well
llavallama3,B,3,41_final.mp4,135,Poorly
llavallama3,B,3,41_final.mp4,138,Well
llavallama3,B,3,41_final.mp4,141,Well
llavallama3,B,3,41_final.mp4,144,Well
llavallama3,B,3,41_final.mp4,147,Well
llavallama3,B,3,41_final.mp4,150,Well
llavallama3,B,3,41_final.mp4,153,Well
llavallama3,B,3,41_final.mp4,156,Well
llavallama3,B,3,41_final.mp4,159,Well
llavallama3,B,3,41_final.mp4,162,Well
llavallama3,B,3,41_final.mp4,165,Poorly
llavallama3,B,3,41_final.mp4,168,Well
llavallama3,B,3,41_final.mp4,171,Well
llavallama3,B,3,41_final.mp4,174,Well
llavallama3,B,3,41_final.mp4,177,Well
llavallama3,B,3,41_final.mp4,180,Well
llavallama3,B,3,41_final.mp4,183,Well
llavallama3,B,3,41_final.mp4,186,Poorly
llavallama3,B,3,41_final.mp4,189,Well
llavallama3,B,3,41_final.mp4,192,Well
llavallama3,B,3,41_final.mp4,195,Well
llavallama3,B,3,41_final.mp4,198,Well
llavallama3,B,3,41_final.mp4,201,Well
llavallama3,B,3,41_final.mp4,204,Well
llavallama3,B,3,41_final.mp4,207,Well
llavallama3,B,3,41_final.mp4,210,Well
llavallama3,B,3,41_final.mp4,213,Well
llavallama3,B,3,41_final.mp4,216,Well
llavallama3,B,3,41_final.mp4,219,Well
llavallama3,B,3,41_final.mp4,222,Well
llavallama3,B,3,41_final.mp4,225,Well
llavallama3,B,3,41_final.mp4,228,Well
llavallama3,B,3,41_final.mp4,231,Well
llavallama3,B,3,41_final.mp4,234,Well
llavallama3,B,3,41_final.mp4,237,Well
llavallama3,B,3,41_final.mp4,240,Well
llavallama3,B,3,41_final.mp4,243,Well
llavallama3,B,3,41_final.mp4,246,Well
llavallama3,B,3,41_final.mp4,249,Well
llavallama3,B,3,41_final.mp4,252,Well
llavallama3,B,3,41_final.mp4,255,Poorly
llavallama3,B,3,41_final.mp4,258,Well
llavallama3,B,3,41_final.mp4,261,Well
llavallama3,B,3,41_final.mp4,264,Well
llavallama3,B,3,41_final.mp4,267,Well
llavallama3,B,3,41_final.mp4,270,Well
llavallama3,B,3,44_final.mp4,0,Poorly
llavallama3,B,3,44_final.mp4,3,Well
llavallama3,B,3,44_final.mp4,6,Well
llavallama3,B,3,44_final.mp4,9,Well
llavallama3,B,3,44_final.mp4,12,Poorly
llavallama3,B,3,44_final.mp4,15,Well
llavallama3,B,3,44_final.mp4,18,Well
llavallama3,B,3,44_final.mp4,21,Well
llavallama3,B,3,44_final.mp4,24,Well
llavallama3,B,3,44_final.mp4,27,Well
llavallama3,B,3,44_final.mp4,30,Well
llavallama3,B,3,44_final.mp4,33,Well
llavallama3,B,3,44_final.mp4,36,Well
llavallama3,B,3,44_final.mp4,39,Well
llavallama3,B,3,44_final.mp4,42,Well
llavallama3,B,3,44_final.mp4,45,Well
llavallama3,B,3,44_final.mp4,48,Well
llavallama3,B,3,44_final.mp4,51,Poorly
llavallama3,B,3,44_final.mp4,54,Well
llavallama3,B,3,44_final.mp4,57,Well
llavallama3,B,3,44_final.mp4,60,Well
llavallama3,B,3,44_final.mp4,63,Poorly
llavallama3,B,3,44_final.mp4,66,Well
llavallama3,B,3,44_final.mp4,69,Poorly
llavallama3,B,3,44_final.mp4,72,Well
llavallama3,B,3,44_final.mp4,75,Poorly
llavallama3,B,3,44_final.mp4,78,Well
llavallama3,B,3,44_final.mp4,81,Poorly
llavallama3,B,3,44_final.mp4,84,Poorly
llavallama3,B,3,44_final.mp4,87,Poorly
llavallama3,B,3,44_final.mp4,90,Well
llavallama3,B,3,44_final.mp4,93,Well
llavallama3,B,3,44_final.mp4,96,Well
llavallama3,B,3,44_final.mp4,99,Well
llavallama3,B,3,44_final.mp4,102,Poorly
llavallama3,B,3,44_final.mp4,105,Well
llavallama3,B,3,44_final.mp4,108,Poorly
llavallama3,B,3,44_final.mp4,111,Well
llavallama3,B,3,44_final.mp4,114,Well
llavallama3,B,3,44_final.mp4,117,Well
llavallama3,B,3,44_final.mp4,120,Poorly
llavallama3,B,3,44_final.mp4,123,Well
llavallama3,B,3,44_final.mp4,126,Well
llavallama3,B,3,44_final.mp4,129,Well
llavallama3,B,3,44_final.mp4,132,Well
llavallama3,B,3,44_final.mp4,135,Poorly
llavallama3,B,3,44_final.mp4,138,Poorly
llavallama3,B,3,44_final.mp4,141,Well
llavallama3,B,3,44_final.mp4,144,Poorly
llavallama3,B,3,44_final.mp4,147,Well
llavallama3,B,3,44_final.mp4,150,Well
llavallama3,B,3,44_final.mp4,153,Poorly
llavallama3,B,3,44_final.mp4,156,Poorly
llavallama3,B,3,44_final.mp4,159,Well
llavallama3,B,3,44_final.mp4,162,Poorly
llavallama3,B,3,44_final.mp4,165,Well
llavallama3,B,3,44_final.mp4,168,Poorly
llavallama3,B,3,44_final.mp4,171,Poorly
llavallama3,B,3,44_final.mp4,174,Well
llavallama3,B,3,44_final.mp4,177,Poorly
llavallama3,B,3,44_final.mp4,180,Poorly
llavallama3,B,3,44_final.mp4,183,Poorly
llavallama3,B,3,44_final.mp4,186,Well
llavallama3,B,3,44_final.mp4,189,Well
llavallama3,B,3,44_final.mp4,192,Poorly
llavallama3,B,3,44_final.mp4,195,Poorly
llavallama3,B,3,44_final.mp4,198,Poorly
llavallama3,B,3,44_final.mp4,201,Poorly
llavallama3,B,3,44_final.mp4,204,Well
llavallama3,B,3,44_final.mp4,207,Poorly
llavallama3,B,3,44_final.mp4,210,Well
llavallama3,B,3,44_final.mp4,213,Poorly
llavallama3,B,3,44_final.mp4,216,Poorly
llavallama3,B,3,44_final.mp4,219,Well
llavallama3,B,3,44_final.mp4,222,Poorly
llavallama3,B,3,44_final.mp4,225,Poorly
llavallama3,B,3,44_final.mp4,228,Poorly
llavallama3,B,3,46_final.mp4,0,Well
llavallama3,B,3,46_final.mp4,3,Well
llavallama3,B,3,46_final.mp4,6,Well
llavallama3,B,3,46_final.mp4,9,Poorly
llavallama3,B,3,46_final.mp4,12,Well
llavallama3,B,3,46_final.mp4,15,Well
llavallama3,B,3,46_final.mp4,18,Well
llavallama3,B,3,46_final.mp4,21,Well
llavallama3,B,3,46_final.mp4,24,Well
llavallama3,B,3,46_final.mp4,27,Well
llavallama3,B,3,46_final.mp4,30,Well
llavallama3,B,3,46_final.mp4,33,Well
llavallama3,B,3,46_final.mp4,36,Well
llavallama3,B,3,46_final.mp4,39,Well
llavallama3,B,3,46_final.mp4,42,Well
llavallama3,B,3,46_final.mp4,45,Well
llavallama3,B,3,46_final.mp4,48,Well
llavallama3,B,3,46_final.mp4,51,Well
llavallama3,B,3,46_final.mp4,54,Well
llavallama3,B,3,46_final.mp4,57,Well
llavallama3,B,3,46_final.mp4,60,Well
llavallama3,B,3,46_final.mp4,63,Well
llavallama3,B,3,46_final.mp4,66,Well
llavallama3,B,3,46_final.mp4,69,Poorly
llavallama3,B,3,46_final.mp4,72,Well
llavallama3,B,3,46_final.mp4,75,Well
llavallama3,B,3,46_final.mp4,78,Well
llavallama3,B,3,46_final.mp4,81,Well
llavallama3,B,3,46_final.mp4,84,Well
llavallama3,B,3,46_final.mp4,87,Well
llavallama3,B,3,46_final.mp4,90,Well
llavallama3,B,3,46_final.mp4,93,Well
llavallama3,B,3,46_final.mp4,96,Well
llavallama3,B,3,46_final.mp4,99,Well
llavallama3,B,3,46_final.mp4,102,Well
llavallama3,B,3,46_final.mp4,105,Well
llavallama3,B,3,46_final.mp4,108,Well
llavallama3,B,3,46_final.mp4,111,Well
llavallama3,B,3,46_final.mp4,114,Well
llavallama3,B,3,46_final.mp4,117,Well
llavallama3,B,3,46_final.mp4,120,Well
llavallama3,B,3,46_final.mp4,123,Well
llavallama3,B,3,46_final.mp4,126,Well
llavallama3,B,3,46_final.mp4,129,Well
llavallama3,B,3,46_final.mp4,132,Well
llavallama3,B,3,46_final.mp4,135,Well
llavallama3,B,3,46_final.mp4,138,Well
llavallama3,B,3,46_final.mp4,141,Well
llavallama3,B,3,46_final.mp4,144,Well
llavallama3,B,3,46_final.mp4,147,Well
llavallama3,B,3,46_final.mp4,150,Well
llavallama3,B,3,46_final.mp4,153,Poorly
llavallama3,B,3,46_final.mp4,156,Well
llavallama3,B,3,46_final.mp4,159,Well
llavallama3,B,3,46_final.mp4,162,Well
llavallama3,B,3,46_final.mp4,165,Well
llavallama3,B,3,46_final.mp4,168,Poorly
llavallama3,B,3,46_final.mp4,171,Well
llavallama3,B,3,46_final.mp4,174,Well
llavallama3,B,3,46_final.mp4,177,Poorly
llavallama3,B,3,46_final.mp4,180,Well
llavallama3,B,3,46_final.mp4,183,Well
llavallama3,B,3,46_final.mp4,186,Well
llavallama3,B,3,46_final.mp4,189,Well
llavallama3,B,3,46_final.mp4,192,Well
llavallama3,B,3,46_final.mp4,195,Well
llavallama3,B,3,46_final.mp4,198,Well
llavallama3,B,3,46_final.mp4,201,Well
llavallama3,B,3,46_final.mp4,204,Well
llavallama3,B,3,46_final.mp4,207,Well
llavallama3,B,3,46_final.mp4,210,Well
llavallama3,B,3,46_final.mp4,213,Well
llavallama3,B,3,46_final.mp4,216,Well
llavallama3,B,3,46_final.mp4,219,Well
llavallama3,B,3,46_final.mp4,222,Poorly
llavallama3,B,3,46_final.mp4,225,Well
llavallama3,B,3,46_final.mp4,228,Well
llavallama3,B,3,46_final.mp4,231,Well
llavallama3,B,3,46_final.mp4,234,Well
llavallama3,B,3,46_final.mp4,237,Well
llavallama3,B,3,46_final.mp4,240,Well
llavallama3,B,3,46_final.mp4,243,Well
llavallama3,B,3,46_final.mp4,246,Well
llavallama3,B,3,46_final.mp4,249,Well
llavallama3,B,3,46_final.mp4,252,Well
llavallama3,B,3,46_final.mp4,255,Well
llavallama3,B,3,46_final.mp4,258,Well
llavallama3,B,3,46_final.mp4,261,Well
llavallama3,B,3,46_final.mp4,264,Well
llavallama3,B,3,46_final.mp4,267,Poorly
llavallama3,B,3,46_final.mp4,270,Well
llavallama3,B,3,46_final.mp4,273,Well
llavallama3,B,3,46_final.mp4,276,Well
llavallama3,B,3,46_final.mp4,279,Well
llavallama3,B,3,46_final.mp4,282,Well
llavallama3,B,3,46_final.mp4,285,Poorly
llavallama3,B,3,46_final.mp4,288,Well
llavallama3,B,3,46_final.mp4,291,Well
llavallama3,B,3,46_final.mp4,294,Well
llavallama3,B,3,46_final.mp4,297,Well
llavallama3,B,3,48_final.mp4,0,Poorly
llavallama3,B,3,48_final.mp4,3,Well
llavallama3,B,3,48_final.mp4,6,Poorly
llavallama3,B,3,48_final.mp4,9,Well
llavallama3,B,3,48_final.mp4,12,Well
llavallama3,B,3,48_final.mp4,15,Poorly
llavallama3,B,3,48_final.mp4,18,Well
llavallama3,B,3,48_final.mp4,21,Well
llavallama3,B,3,48_final.mp4,24,Poorly
llavallama3,B,3,48_final.mp4,27,Well
llavallama3,B,3,48_final.mp4,30,Well
llavallama3,B,3,48_final.mp4,33,Poorly
llavallama3,B,3,48_final.mp4,36,Well
llavallama3,B,3,48_final.mp4,39,Well
llavallama3,B,3,48_final.mp4,42,Poorly
llavallama3,B,3,48_final.mp4,45,Well
llavallama3,B,3,48_final.mp4,48,Poorly
llavallama3,B,3,48_final.mp4,51,Well
llavallama3,B,3,48_final.mp4,54,Poorly
llavallama3,B,3,48_final.mp4,57,Well
llavallama3,B,3,48_final.mp4,60,Well
llavallama3,B,3,48_final.mp4,63,Poorly
llavallama3,B,3,48_final.mp4,66,Poorly
llavallama3,B,3,48_final.mp4,69,Well
llavallama3,B,3,48_final.mp4,72,Well
llavallama3,B,3,48_final.mp4,75,Well
llavallama3,B,3,48_final.mp4,78,Well
llavallama3,B,3,48_final.mp4,81,Well
llavallama3,B,3,48_final.mp4,84,Well
llavallama3,B,3,48_final.mp4,87,Well
llavallama3,B,3,48_final.mp4,90,Poorly
llavallama3,B,3,48_final.mp4,93,Well
llavallama3,B,3,48_final.mp4,96,Well
llavallama3,B,3,48_final.mp4,99,Poorly
llavallama3,B,3,48_final.mp4,102,Well
llavallama3,B,3,48_final.mp4,105,Well
llavallama3,B,3,48_final.mp4,108,Well
llavallama3,B,3,48_final.mp4,111,Well
llavallama3,B,3,48_final.mp4,114,Poorly
llavallama3,B,3,48_final.mp4,117,Well
llavallama3,B,3,48_final.mp4,120,Well
llavallama3,B,3,48_final.mp4,123,Well
llavallama3,B,3,48_final.mp4,126,Well
llavallama3,B,3,48_final.mp4,129,Well
llavallama3,B,3,48_final.mp4,132,Poorly
llavallama3,B,3,48_final.mp4,135,Well
llavallama3,B,3,48_final.mp4,138,Well
llavallama3,B,3,48_final.mp4,141,Well
llavallama3,B,3,48_final.mp4,144,Well
llavallama3,B,3,48_final.mp4,147,Poorly
llavallama3,B,3,48_final.mp4,150,Poorly
llavallama3,B,3,48_final.mp4,153,Poorly
llavallama3,B,3,48_final.mp4,156,Well
llavallama3,B,3,48_final.mp4,159,Well
llavallama3,B,3,48_final.mp4,162,Poorly
llavallama3,B,3,48_final.mp4,165,Well
llavallama3,B,3,48_final.mp4,168,Poorly
llavallama3,B,3,48_final.mp4,171,Poorly
llavallama3,B,3,48_final.mp4,174,Well
llavallama3,B,3,48_final.mp4,177,Well
llavallama3,B,3,48_final.mp4,180,Well
llavallama3,B,3,48_final.mp4,183,Well
llavallama3,B,3,48_final.mp4,186,Well
llavallama3,B,3,48_final.mp4,189,Poorly
llavallama3,B,3,48_final.mp4,192,Well
llavallama3,B,3,48_final.mp4,195,Poorly
llavallama3,B,3,48_final.mp4,198,Well
llavallama3,B,3,48_final.mp4,201,Poorly
llavallama3,B,3,48_final.mp4,204,Well
llavallama3,B,3,48_final.mp4,207,Poorly
llavallama3,B,3,48_final.mp4,210,Well
llavallama3,B,3,48_final.mp4,213,Well
llavallama3,B,3,48_final.mp4,216,Poorly
llavallama3,B,3,48_final.mp4,219,Poorly
llavallama3,B,3,48_final.mp4,222,Well
llavallama3,B,3,48_final.mp4,225,Well
llavallama3,B,3,48_final.mp4,228,Poorly
llavallama3,B,3,48_final.mp4,231,Well
llavallama3,B,3,48_final.mp4,234,Well
llavallama3,B,3,48_final.mp4,237,Well
llavallama3,B,3,48_final.mp4,240,Well
llavallama3,B,3,49_final.mp4,0,Well
llavallama3,B,3,49_final.mp4,3,Poorly
llavallama3,B,3,49_final.mp4,6,Poorly
llavallama3,B,3,49_final.mp4,9,Poorly
llavallama3,B,3,49_final.mp4,12,Poorly
llavallama3,B,3,49_final.mp4,15,Poorly
llavallama3,B,3,49_final.mp4,18,Well
llavallama3,B,3,49_final.mp4,21,Poorly
llavallama3,B,3,49_final.mp4,24,Poorly
llavallama3,B,3,49_final.mp4,27,Poorly
llavallama3,B,3,49_final.mp4,30,Well
llavallama3,B,3,49_final.mp4,33,Well
llavallama3,B,3,49_final.mp4,36,Poorly
llavallama3,B,3,49_final.mp4,39,Well
llavallama3,B,3,49_final.mp4,42,Poorly
llavallama3,B,3,49_final.mp4,45,Poorly
llavallama3,B,3,49_final.mp4,48,Poorly
llavallama3,B,3,49_final.mp4,51,Well
llavallama3,B,3,49_final.mp4,54,Poorly
llavallama3,B,3,49_final.mp4,57,Poorly
llavallama3,B,3,49_final.mp4,60,Poorly
llavallama3,B,3,49_final.mp4,63,Well
llavallama3,B,3,49_final.mp4,66,Poorly
llavallama3,B,3,49_final.mp4,69,Poorly
llavallama3,B,3,49_final.mp4,72,Well
llavallama3,B,3,49_final.mp4,75,Poorly
llavallama3,B,3,49_final.mp4,78,Well
llavallama3,B,3,49_final.mp4,81,Poorly
llavallama3,B,3,49_final.mp4,84,Poorly
llavallama3,B,3,49_final.mp4,87,Poorly
llavallama3,B,3,49_final.mp4,90,Poorly
llavallama3,B,3,49_final.mp4,93,Poorly
llavallama3,B,3,49_final.mp4,96,Poorly
llavallama3,B,3,49_final.mp4,99,Poorly
llavallama3,B,3,49_final.mp4,102,Poorly
llavallama3,B,3,49_final.mp4,105,Poorly
llavallama3,B,3,49_final.mp4,108,Poorly
llavallama3,B,3,49_final.mp4,111,Poorly
llavallama3,B,3,49_final.mp4,114,Poorly
llavallama3,B,3,49_final.mp4,117,Poorly
llavallama3,B,3,49_final.mp4,120,Poorly
llavallama3,B,3,49_final.mp4,123,Well
llavallama3,B,3,49_final.mp4,126,Poorly
llavallama3,B,3,49_final.mp4,129,Poorly
llavallama3,B,3,49_final.mp4,132,Poorly
llavallama3,B,3,49_final.mp4,135,Well
llavallama3,B,3,49_final.mp4,138,Poorly
llavallama3,B,3,49_final.mp4,141,Poorly
llavallama3,B,3,49_final.mp4,144,Poorly
llavallama3,B,3,49_final.mp4,147,Poorly
llavallama3,B,3,49_final.mp4,150,Poorly
llavallama3,B,3,49_final.mp4,153,Well
llavallama3,B,3,49_final.mp4,156,Poorly
llavallama3,B,3,49_final.mp4,159,Poorly
llavallama3,B,3,49_final.mp4,162,Well
llavallama3,B,3,49_final.mp4,165,Well
llavallama3,B,3,49_final.mp4,168,Poorly
llavallama3,B,3,49_final.mp4,171,Poorly
llavallama3,B,3,49_final.mp4,174,Well
llavallama3,B,3,49_final.mp4,177,Well
llavallama3,B,3,49_final.mp4,180,Poorly
llavallama3,B,3,49_final.mp4,183,Poorly
llavallama3,B,3,49_final.mp4,186,Well
llavallama3,B,3,49_final.mp4,189,Poorly
llavallama3,B,3,49_final.mp4,192,Poorly
llavallama3,B,3,49_final.mp4,195,Poorly
llavallama3,B,3,49_final.mp4,198,Poorly
llavallama3,B,3,49_final.mp4,201,Poorly
llavallama3,B,3,49_final.mp4,204,Poorly
llavallama3,B,3,49_final.mp4,207,Poorly
llavallama3,B,3,49_final.mp4,210,Poorly
llavallama3,B,3,49_final.mp4,213,Poorly
llavallama3,B,3,49_final.mp4,216,Poorly
llavallama3,B,3,49_final.mp4,219,Well
llavallama3,B,3,49_final.mp4,222,Poorly
llavallama3,B,3,49_final.mp4,225,Poorly
llavallama3,B,3,49_final.mp4,228,Poorly
llavallama3,B,3,49_final.mp4,231,Poorly
llavallama3,B,3,49_final.mp4,234,Poorly
llavallama3,B,3,49_final.mp4,237,Well
llavallama3,B,3,49_final.mp4,240,Poorly
llavallama3,B,3,49_final.mp4,243,Poorly
llavallama3,B,3,49_final.mp4,246,Poorly
llavallama3,B,3,49_final.mp4,249,Poorly
llavallama3,B,3,49_final.mp4,252,Poorly
llavallama3,B,3,49_final.mp4,255,Poorly
llavallama3,B,3,49_final.mp4,258,Poorly
llavallama3,B,3,49_final.mp4,261,Poorly
llavallama3,B,3,49_final.mp4,264,Poorly
llavallama3,B,3,49_final.mp4,267,Poorly
llavallama3,B,3,49_final.mp4,270,Poorly
llavallama3,B,3,49_final.mp4,273,Poorly
llavallama3,B,3,49_final.mp4,276,Well
llavallama3,B,3,49_final.mp4,279,Poorly
llavallama3,B,3,49_final.mp4,282,Poorly
llavallama3,B,3,49_final.mp4,285,Poorly
llavallama3,B,3,49_final.mp4,288,Poorly
llavallama3,B,3,49_final.mp4,291,Poorly
llavallama3,B,3,49_final.mp4,294,Poorly
llavallama3,B,3,49_final.mp4,297,Well
llavallama3,B,3,49_final.mp4,300,Poorly
llavallama3,B,3,49_final.mp4,303,Poorly
llavallama3,B,3,49_final.mp4,306,Well
llavallama3,B,3,49_final.mp4,309,Poorly
llavallama3,B,3,49_final.mp4,312,Well
llavallama3,B,3,49_final.mp4,315,Poorly
llavallama3,B,3,49_final.mp4,318,Poorly
llavallama3,B,3,49_final.mp4,321,Poorly
llavallama3,B,3,49_final.mp4,324,Poorly
llavallama3,B,3,49_final.mp4,327,Poorly
llavallama3,B,3,49_final.mp4,330,Poorly
llavallama3,B,3,49_final.mp4,333,Poorly
llavallama3,B,3,49_final.mp4,336,Poorly
llavallama3,B,3,49_final.mp4,339,Well
llavallama3,B,3,49_final.mp4,342,Well
llavallama3,B,3,49_final.mp4,345,Poorly
llavallama3,B,3,49_final.mp4,348,Poorly
llavallama3,B,3,50_final.mp4,0,Well
llavallama3,B,3,50_final.mp4,3,Poorly
llavallama3,B,3,50_final.mp4,6,Well
llavallama3,B,3,50_final.mp4,9,Well
llavallama3,B,3,50_final.mp4,12,Well
llavallama3,B,3,50_final.mp4,15,Well
llavallama3,B,3,50_final.mp4,18,Well
llavallama3,B,3,50_final.mp4,21,Well
llavallama3,B,3,50_final.mp4,24,Well
llavallama3,B,3,50_final.mp4,27,Well
llavallama3,B,3,50_final.mp4,30,Well
llavallama3,B,3,50_final.mp4,33,Well
llavallama3,B,3,50_final.mp4,36,Well
llavallama3,B,3,50_final.mp4,39,Well
llavallama3,B,3,50_final.mp4,42,Well
llavallama3,B,3,50_final.mp4,45,Well
llavallama3,B,3,50_final.mp4,48,Poorly
llavallama3,B,3,50_final.mp4,51,Well
llavallama3,B,3,50_final.mp4,54,Well
llavallama3,B,3,50_final.mp4,57,Well
llavallama3,B,3,50_final.mp4,60,Well
llavallama3,B,3,50_final.mp4,63,Well
llavallama3,B,3,50_final.mp4,66,Well
llavallama3,B,3,50_final.mp4,69,Well
llavallama3,B,3,50_final.mp4,72,Well
llavallama3,B,3,50_final.mp4,75,Well
llavallama3,B,3,50_final.mp4,78,Poorly
llavallama3,B,3,50_final.mp4,81,Well
llavallama3,B,3,50_final.mp4,84,Well
llavallama3,B,3,50_final.mp4,87,Well
llavallama3,B,3,50_final.mp4,90,Well
llavallama3,B,3,50_final.mp4,93,Well
llavallama3,B,3,50_final.mp4,96,Well
llavallama3,B,3,50_final.mp4,99,Well
llavallama3,B,3,50_final.mp4,102,Well
llavallama3,B,3,50_final.mp4,105,Well
llavallama3,B,3,50_final.mp4,108,Well
llavallama3,B,3,50_final.mp4,111,Well
llavallama3,B,3,50_final.mp4,114,Well
llavallama3,B,3,50_final.mp4,117,Well
llavallama3,B,3,50_final.mp4,120,Poorly
llavallama3,B,3,50_final.mp4,123,Well
llavallama3,B,3,50_final.mp4,126,Well
llavallama3,B,3,50_final.mp4,129,Well
llavallama3,B,3,50_final.mp4,132,Well
llavallama3,B,3,50_final.mp4,135,Well
llavallama3,B,3,50_final.mp4,138,Well
llavallama3,B,3,50_final.mp4,141,Well
llavallama3,B,3,50_final.mp4,144,Well
llavallama3,B,3,50_final.mp4,147,Well
llavallama3,B,3,50_final.mp4,150,Well
llavallama3,B,3,50_final.mp4,153,Well
llavallama3,B,3,50_final.mp4,156,Well
llavallama3,B,3,50_final.mp4,159,Well
llavallama3,B,3,50_final.mp4,162,Well
llavallama3,B,3,50_final.mp4,165,Well
llavallama3,B,3,50_final.mp4,168,Well
llavallama3,B,3,50_final.mp4,171,Well
llavallama3,B,3,50_final.mp4,174,Poorly
llavallama3,B,3,50_final.mp4,177,Well
llavallama3,B,3,50_final.mp4,180,Well
llavallama3,B,3,50_final.mp4,183,Well
llavallama3,B,3,50_final.mp4,186,Well
llavallama3,B,3,50_final.mp4,189,Well
llavallama3,B,3,50_final.mp4,192,Well
llavallama3,B,3,50_final.mp4,195,Well
llavallama3,B,3,50_final.mp4,198,Well
llavallama3,B,3,50_final.mp4,201,Well
llavallama3,B,3,50_final.mp4,204,Well
llavallama3,B,3,50_final.mp4,207,Well
llavallama3,B,3,50_final.mp4,210,Poorly
llavallama3,B,3,50_final.mp4,213,Well
llavallama3,B,3,50_final.mp4,216,Well
llavallama3,B,3,50_final.mp4,219,Well
llavallama3,B,3,50_final.mp4,222,Well
llavallama3,B,3,50_final.mp4,225,Well
llavallama3,B,3,50_final.mp4,228,Well
llavallama3,B,3,50_final.mp4,231,Poorly
llavallama3,B,3,50_final.mp4,234,Poorly
llavallama3,B,3,50_final.mp4,237,Poorly
llavallama3,B,3,50_final.mp4,240,Well
llavallama3,B,3,50_final.mp4,243,Poorly
llavallama3,B,3,50_final.mp4,246,Well
llavallama3,B,3,50_final.mp4,249,Well
llavallama3,B,3,50_final.mp4,252,Well
llavallama3,B,3,50_final.mp4,255,Well
llavallama3,B,3,50_final.mp4,258,Well
llavallama3,B,3,50_final.mp4,261,Well
llavallama3,B,3,50_final.mp4,264,Well
llavallama3,B,3,50_final.mp4,267,Well
llavallama3,B,3,52_final.mp4,0,Well
llavallama3,B,3,52_final.mp4,3,Well
llavallama3,B,3,52_final.mp4,6,Poorly
llavallama3,B,3,52_final.mp4,9,Well
llavallama3,B,3,52_final.mp4,12,Well
llavallama3,B,3,52_final.mp4,15,Poorly
llavallama3,B,3,52_final.mp4,18,Well
llavallama3,B,3,52_final.mp4,21,Well
llavallama3,B,3,52_final.mp4,24,Well
llavallama3,B,3,52_final.mp4,27,Poorly
llavallama3,B,3,52_final.mp4,30,Poorly
llavallama3,B,3,52_final.mp4,33,Well
llavallama3,B,3,52_final.mp4,36,Well
llavallama3,B,3,52_final.mp4,39,Poorly
llavallama3,B,3,52_final.mp4,42,Well
llavallama3,B,3,52_final.mp4,45,Well
llavallama3,B,3,52_final.mp4,48,Poorly
llavallama3,B,3,52_final.mp4,51,Poorly
llavallama3,B,3,52_final.mp4,54,Well
llavallama3,B,3,52_final.mp4,57,Poorly
llavallama3,B,3,52_final.mp4,60,Well
llavallama3,B,3,52_final.mp4,63,Well
llavallama3,B,3,52_final.mp4,66,Poorly
llavallama3,B,3,52_final.mp4,69,Well
llavallama3,B,3,52_final.mp4,72,Well
llavallama3,B,3,52_final.mp4,75,Well
llavallama3,B,3,52_final.mp4,78,Well
llavallama3,B,3,52_final.mp4,81,Well
llavallama3,B,3,52_final.mp4,84,Well
llavallama3,B,3,52_final.mp4,87,Well
llavallama3,B,3,52_final.mp4,90,Well
llavallama3,B,3,52_final.mp4,93,Well
llavallama3,B,3,52_final.mp4,96,Well
llavallama3,B,3,52_final.mp4,99,Well
llavallama3,B,3,52_final.mp4,102,Poorly
llavallama3,B,3,52_final.mp4,105,Well
llavallama3,B,3,52_final.mp4,108,Well
llavallama3,B,3,52_final.mp4,111,Well
llavallama3,B,3,52_final.mp4,114,Poorly
llavallama3,B,3,52_final.mp4,117,Well
llavallama3,B,3,52_final.mp4,120,Well
llavallama3,B,3,52_final.mp4,123,Well
llavallama3,B,3,52_final.mp4,126,Poorly
llavallama3,B,3,52_final.mp4,129,Well
llavallama3,B,3,52_final.mp4,132,Poorly
llavallama3,B,3,52_final.mp4,135,Well
llavallama3,B,3,52_final.mp4,138,Well
llavallama3,B,3,52_final.mp4,141,Well
llavallama3,B,3,52_final.mp4,144,Well
llavallama3,B,3,52_final.mp4,147,Well
llavallama3,B,3,52_final.mp4,150,Well
llavallama3,B,3,52_final.mp4,153,Poorly
llavallama3,B,3,52_final.mp4,156,Poorly
llavallama3,B,3,52_final.mp4,159,Poorly
llavallama3,B,3,52_final.mp4,162,Poorly
llavallama3,B,3,52_final.mp4,165,Poorly
llavallama3,B,3,52_final.mp4,168,Well
llavallama3,B,3,52_final.mp4,171,Well
llavallama3,B,3,52_final.mp4,174,Well
llavallama3,B,3,52_final.mp4,177,Well
llavallama3,B,3,52_final.mp4,180,Well
llavallama3,B,3,52_final.mp4,183,Poorly
llavallama3,B,3,52_final.mp4,186,Well
llavallama3,B,3,52_final.mp4,189,Poorly
llavallama3,B,3,52_final.mp4,192,Poorly
llavallama3,B,3,52_final.mp4,195,Well
llavallama3,B,3,52_final.mp4,198,Well
llavallama3,B,3,52_final.mp4,201,Poorly
llavallama3,B,3,52_final.mp4,204,Well
llavallama3,B,3,52_final.mp4,207,Well
llavallama3,B,3,52_final.mp4,210,Poorly
llavallama3,B,3,52_final.mp4,213,Well
llavallama3,B,3,52_final.mp4,216,Poorly
llavallama3,B,3,52_final.mp4,219,Well
llavallama3,B,3,52_final.mp4,222,Poorly
llavallama3,B,3,52_final.mp4,225,Well
llavallama3,B,3,52_final.mp4,228,Well
llavallama3,B,3,52_final.mp4,231,Poorly
llavallama3,B,3,52_final.mp4,234,Well
llavallama3,B,3,52_final.mp4,237,Well
llavallama3,B,3,52_final.mp4,240,Well
llavallama3,B,3,52_final.mp4,243,Well
llavallama3,B,3,52_final.mp4,246,Well
llavallama3,B,3,52_final.mp4,249,Well
llavallama3,B,3,52_final.mp4,252,Poorly
llavallama3,B,3,52_final.mp4,255,Well
llavallama3,B,3,52_final.mp4,258,Well
llavallama3,B,3,52_final.mp4,261,Well
llavallama3,B,3,52_final.mp4,264,Well
llavallama3,B,3,52_final.mp4,267,Well
llavallama3,B,3,52_final.mp4,270,Well
llavallama3,B,3,52_final.mp4,273,Well
llavallama3,B,3,52_final.mp4,276,Well
llavallama3,B,3,52_final.mp4,279,Well
llavallama3,B,3,52_final.mp4,282,Well
llavallama3,B,3,52_final.mp4,285,Poorly
llavallama3,B,3,52_final.mp4,288,Well
llavallama3,B,3,52_final.mp4,291,Well
llavallama3,B,3,52_final.mp4,294,Well
llavallama3,B,3,52_final.mp4,297,Well
llavallama3,B,3,52_final.mp4,300,Well
llavallama3,B,3,52_final.mp4,303,Well
llavallama3,B,3,52_final.mp4,306,Well
llavallama3,B,3,52_final.mp4,309,Well
llavallama3,B,3,52_final.mp4,312,Poorly
llavallama3,B,3,52_final.mp4,315,Well
llavallama3,B,3,52_final.mp4,318,Well
llavallama3,B,3,52_final.mp4,321,Well
llavallama3,B,3,52_final.mp4,324,Well
llavallama3,B,3,52_final.mp4,327,Well
llavallama3,B,3,52_final.mp4,330,Poorly
llavallama3,B,3,52_final.mp4,333,Poorly
llavallama3,B,3,52_final.mp4,336,Well
llavallama3,B,3,52_final.mp4,339,Well
llavallama3,B,3,52_final.mp4,342,Well
llavallama3,B,3,52_final.mp4,345,Well
llavallama3,B,3,52_final.mp4,348,Well
llavallama3,B,3,52_final.mp4,351,Well
llavallama3,B,3,52_final.mp4,354,Well
llavallama3,B,3,52_final.mp4,357,Well
llavallama3,B,3,52_final.mp4,360,Well
llavallama3,B,3,52_final.mp4,363,Well
llavallama3,B,3,52_final.mp4,366,Poorly
llavallama3,B,3,52_final.mp4,369,Well
llavallama3,B,3,52_final.mp4,372,Well
llavallama3,B,3,52_final.mp4,375,Well
llavallama3,B,3,52_final.mp4,378,Well
llavallama3,B,3,52_final.mp4,381,Well
llavallama3,B,3,52_final.mp4,384,Well
llavallama3,B,3,52_final.mp4,387,Well
llavallama3,B,3,52_final.mp4,390,Well
llavallama3,B,3,52_final.mp4,393,Well
llavallama3,B,3,52_final.mp4,396,Well
llavallama3,B,3,52_final.mp4,399,Well
llavallama3,B,3,52_final.mp4,402,Well
llavallama3,B,3,52_final.mp4,405,Well
llavallama3,B,3,52_final.mp4,408,Well
llavallama3,B,3,52_final.mp4,411,Poorly
llavallama3,B,3,52_final.mp4,414,Well
llavallama3,B,3,52_final.mp4,417,Well
llavallama3,B,3,52_final.mp4,420,Poorly
llavallama3,B,3,52_final.mp4,423,Well
llavallama3,B,3,52_final.mp4,426,Well
llavallama3,B,3,52_final.mp4,429,Well
llavallama3,B,3,52_final.mp4,432,Well
llavallama3,B,3,52_final.mp4,435,Well
llavallama3,B,3,52_final.mp4,438,Well
llavallama3,B,3,52_final.mp4,441,Well
llavallama3,B,3,52_final.mp4,444,Well
llavallama3,B,3,52_final.mp4,447,Well
llavallama3,B,3,52_final.mp4,450,Well
llavallama3,B,3,52_final.mp4,453,Well
llavallama3,B,3,52_final.mp4,456,Well
llavallama3,B,3,52_final.mp4,459,Well
llavallama3,B,3,52_final.mp4,462,Well
llavallama3,B,3,52_final.mp4,465,Well
llavallama3,B,3,52_final.mp4,468,Well
llavallama3,B,3,52_final.mp4,471,Well
llavallama3,B,3,52_final.mp4,474,Poorly
llavallama3,B,3,52_final.mp4,477,Well
llavallama3,B,3,52_final.mp4,480,Well
llavallama3,B,3,52_final.mp4,483,Well
llavallama3,B,3,52_final.mp4,486,Poorly
llavallama3,B,3,52_final.mp4,489,Well
llavallama3,B,3,52_final.mp4,492,Well
llavallama3,B,3,52_final.mp4,495,Well
llavallama3,B,3,52_final.mp4,498,Well
llavallama3,B,3,52_final.mp4,501,Poorly
llavallama3,B,3,52_final.mp4,504,Poorly
llavallama3,B,3,52_final.mp4,507,Well
llavallama3,B,3,52_final.mp4,510,Well
llavallama3,B,3,52_final.mp4,513,Well
llavallama3,B,3,52_final.mp4,516,Well
llavallama3,B,3,52_final.mp4,519,Well
llavallama3,B,3,52_final.mp4,522,Well
llavallama3,B,3,52_final.mp4,525,Well
llavallama3,B,3,52_final.mp4,528,Well
llavallama3,B,3,52_final.mp4,531,Well
llavallama3,B,3,52_final.mp4,534,Well
llavallama3,B,3,52_final.mp4,537,Poorly
llavallama3,B,3,52_final.mp4,540,Well
llavallama3,B,3,52_final.mp4,543,Poorly
llavallama3,B,3,52_final.mp4,546,Well
llavallama3,B,3,52_final.mp4,549,Well
llavallama3,B,3,52_final.mp4,552,Well
llavallama3,B,3,52_final.mp4,555,Poorly
llavallama3,B,3,52_final.mp4,558,Poorly
llavallama3,B,3,52_final.mp4,561,Well
llavallama3,B,3,52_final.mp4,564,Well
llavallama3,B,3,52_final.mp4,567,Well
llavallama3,B,3,52_final.mp4,570,Well
llavallama3,B,3,52_final.mp4,573,Poorly
llavallama3,B,3,52_final.mp4,576,Well
llavallama3,B,3,52_final.mp4,579,Well
llavallama3,B,3,52_final.mp4,582,Well
llavallama3,B,3,52_final.mp4,585,Well
llavallama3,B,3,52_final.mp4,588,Well
llavallama3,B,3,52_final.mp4,591,Well
llavallama3,B,3,52_final.mp4,594,Poorly
llavallama3,B,3,53_final.mp4,0,Well
llavallama3,B,3,53_final.mp4,3,Well
llavallama3,B,3,53_final.mp4,6,Well
llavallama3,B,3,53_final.mp4,9,Well
llavallama3,B,3,53_final.mp4,12,Well
llavallama3,B,3,53_final.mp4,15,Well
llavallama3,B,3,53_final.mp4,18,Well
llavallama3,B,3,53_final.mp4,21,Well
llavallama3,B,3,53_final.mp4,24,Well
llavallama3,B,3,53_final.mp4,27,Well
llavallama3,B,3,53_final.mp4,30,Well
llavallama3,B,3,53_final.mp4,33,Well
llavallama3,B,3,53_final.mp4,36,Well
llavallama3,B,3,53_final.mp4,39,Well
llavallama3,B,3,53_final.mp4,42,Well
llavallama3,B,3,53_final.mp4,45,Well
llavallama3,B,3,53_final.mp4,48,Well
llavallama3,B,3,53_final.mp4,51,Well
llavallama3,B,3,53_final.mp4,54,Well
llavallama3,B,3,53_final.mp4,57,Well
llavallama3,B,3,53_final.mp4,60,Well
llavallama3,B,3,53_final.mp4,63,Well
llavallama3,B,3,53_final.mp4,66,Well
llavallama3,B,3,53_final.mp4,69,Well
llavallama3,B,3,53_final.mp4,72,Well
llavallama3,B,3,53_final.mp4,75,Well
llavallama3,B,3,53_final.mp4,78,Well
llavallama3,B,3,53_final.mp4,81,Well
llavallama3,B,3,53_final.mp4,84,Well
llavallama3,B,3,53_final.mp4,87,Well
llavallama3,B,3,53_final.mp4,90,Well
llavallama3,B,3,53_final.mp4,93,Well
llavallama3,B,3,53_final.mp4,96,Well
llavallama3,B,3,53_final.mp4,99,Well
llavallama3,B,3,53_final.mp4,102,Well
llavallama3,B,3,53_final.mp4,105,Well
llavallama3,B,3,53_final.mp4,108,Well
llavallama3,B,3,53_final.mp4,111,Well
llavallama3,B,3,53_final.mp4,114,Well
llavallama3,B,3,53_final.mp4,117,Well
llavallama3,B,3,53_final.mp4,120,Poorly
llavallama3,B,3,53_final.mp4,123,Well
llavallama3,B,3,53_final.mp4,126,Well
llavallama3,B,3,53_final.mp4,129,Well
llavallama3,B,3,53_final.mp4,132,Well
llavallama3,B,3,53_final.mp4,135,Well
llavallama3,B,3,53_final.mp4,138,Well
llavallama3,B,3,53_final.mp4,141,Well
llavallama3,B,3,53_final.mp4,144,Poorly
llavallama3,B,3,53_final.mp4,147,Well
llavallama3,B,3,53_final.mp4,150,Well
llavallama3,B,3,53_final.mp4,153,Well
llavallama3,B,3,53_final.mp4,156,Well
llavallama3,B,3,53_final.mp4,159,Well
llavallama3,B,3,53_final.mp4,162,Well
llavallama3,B,3,53_final.mp4,165,Well
llavallama3,B,3,53_final.mp4,168,Well
llavallama3,B,3,53_final.mp4,171,Well
llavallama3,B,3,53_final.mp4,174,Well
llavallama3,B,3,53_final.mp4,177,Well
llavallama3,B,3,53_final.mp4,180,Well
llavallama3,B,3,53_final.mp4,183,Well
llavallama3,B,3,53_final.mp4,186,Well
llavallama3,B,3,53_final.mp4,189,Well
llavallama3,B,3,53_final.mp4,192,Well
llavallama3,B,3,53_final.mp4,195,Well
llavallama3,B,3,53_final.mp4,198,Well
llavallama3,B,3,53_final.mp4,201,Well
llavallama3,B,3,53_final.mp4,204,Well
llavallama3,B,3,53_final.mp4,207,Well
llavallama3,B,3,53_final.mp4,210,Well
llavallama3,B,3,53_final.mp4,213,Well
llavallama3,B,3,53_final.mp4,216,Poorly
llavallama3,B,3,53_final.mp4,219,Well
llavallama3,B,3,53_final.mp4,222,Well
llavallama3,B,3,53_final.mp4,225,Well
llavallama3,B,3,53_final.mp4,228,Well
llavallama3,B,3,53_final.mp4,231,Well
llavallama3,B,3,53_final.mp4,234,Well
llavallama3,B,3,53_final.mp4,237,Well
llavallama3,B,3,53_final.mp4,240,Well
llavallama3,B,3,53_final.mp4,243,Well
llavallama3,B,3,53_final.mp4,246,Well
llavallama3,B,3,53_final.mp4,249,Well
llavallama3,B,3,53_final.mp4,252,Well
llavallama3,B,3,53_final.mp4,255,Well
llavallama3,B,3,53_final.mp4,258,Well
llavallama3,B,3,53_final.mp4,261,Well
llavallama3,B,3,53_final.mp4,264,Well
llavallama3,B,3,53_final.mp4,267,Poorly
llavallama3,B,3,53_final.mp4,270,Well
llavallama3,B,3,53_final.mp4,273,Well
llavallama3,B,3,53_final.mp4,276,Well
llavallama3,B,3,53_final.mp4,279,Well
llavallama3,B,3,53_final.mp4,282,Well
llavallama3,B,3,53_final.mp4,285,Well
llavallama3,B,3,53_final.mp4,288,Well
llavallama3,B,3,53_final.mp4,291,Well
llavallama3,B,3,53_final.mp4,294,Poorly
llavallama3,B,3,53_final.mp4,297,Well
llavallama3,B,3,53_final.mp4,300,Well
llavallama3,B,3,53_final.mp4,303,Well
llavallama3,B,3,53_final.mp4,306,Well
llavallama3,B,3,53_final.mp4,309,Well
llavallama3,B,3,53_final.mp4,312,Well
llavallama3,B,3,53_final.mp4,315,Well
llavallama3,B,3,53_final.mp4,318,Well
llavallama3,B,3,53_final.mp4,321,Well
llavallama3,B,3,53_final.mp4,324,Well
llavallama3,B,3,53_final.mp4,327,Well
llavallama3,B,3,54_final.mp4,0,Well
llavallama3,B,3,54_final.mp4,3,Well
llavallama3,B,3,54_final.mp4,6,Well
llavallama3,B,3,54_final.mp4,9,Well
llavallama3,B,3,54_final.mp4,12,Well
llavallama3,B,3,54_final.mp4,15,Well
llavallama3,B,3,54_final.mp4,18,Well
llavallama3,B,3,54_final.mp4,21,Well
llavallama3,B,3,54_final.mp4,24,Well
llavallama3,B,3,54_final.mp4,27,Well
llavallama3,B,3,54_final.mp4,30,Well
llavallama3,B,3,54_final.mp4,33,Well
llavallama3,B,3,54_final.mp4,36,Well
llavallama3,B,3,54_final.mp4,39,Well
llavallama3,B,3,54_final.mp4,42,Well
llavallama3,B,3,54_final.mp4,45,Well
llavallama3,B,3,54_final.mp4,48,Well
llavallama3,B,3,54_final.mp4,51,Well
llavallama3,B,3,54_final.mp4,54,Well
llavallama3,B,3,54_final.mp4,57,Well
llavallama3,B,3,54_final.mp4,60,Well
llavallama3,B,3,54_final.mp4,63,Well
llavallama3,B,3,54_final.mp4,66,Well
llavallama3,B,3,54_final.mp4,69,Well
llavallama3,B,3,54_final.mp4,72,Well
llavallama3,B,3,54_final.mp4,75,Well
llavallama3,B,3,54_final.mp4,78,Poorly
llavallama3,B,3,54_final.mp4,81,Well
llavallama3,B,3,54_final.mp4,84,Well
llavallama3,B,3,54_final.mp4,87,Well
llavallama3,B,3,54_final.mp4,90,Well
llavallama3,B,3,54_final.mp4,93,Well
llavallama3,B,3,54_final.mp4,96,Well
llavallama3,B,3,54_final.mp4,99,Well
llavallama3,B,3,54_final.mp4,102,Well
llavallama3,B,3,54_final.mp4,105,Poorly
llavallama3,B,3,54_final.mp4,108,Well
llavallama3,B,3,54_final.mp4,111,Well
llavallama3,B,3,54_final.mp4,114,Well
llavallama3,B,3,54_final.mp4,117,Well
llavallama3,B,3,54_final.mp4,120,Well
llavallama3,B,3,54_final.mp4,123,Poorly
llavallama3,B,3,54_final.mp4,126,Well
llavallama3,B,3,54_final.mp4,129,Well
llavallama3,B,3,54_final.mp4,132,Well
llavallama3,B,3,54_final.mp4,135,Well
llavallama3,B,3,54_final.mp4,138,Well
llavallama3,B,3,54_final.mp4,141,Poorly
llavallama3,B,3,54_final.mp4,144,Well
llavallama3,B,3,54_final.mp4,147,Well
llavallama3,B,3,54_final.mp4,150,Well
llavallama3,B,3,54_final.mp4,153,Well
llavallama3,B,3,54_final.mp4,156,Well
llavallama3,B,3,54_final.mp4,159,Well
llavallama3,B,3,54_final.mp4,162,Well
llavallama3,B,3,54_final.mp4,165,Well
llavallama3,B,3,54_final.mp4,168,Well
llavallama3,B,3,54_final.mp4,171,Well
llavallama3,B,3,54_final.mp4,174,Well
llavallama3,B,3,54_final.mp4,177,Well
llavallama3,B,3,54_final.mp4,180,Well
llavallama3,B,3,54_final.mp4,183,Well
llavallama3,B,3,54_final.mp4,186,Well
llavallama3,B,3,54_final.mp4,189,Well
llavallama3,B,3,54_final.mp4,192,Well
llavallama3,B,3,54_final.mp4,195,Well
llavallama3,B,3,54_final.mp4,198,Well
llavallama3,B,3,54_final.mp4,201,Well
llavallama3,B,3,54_final.mp4,204,Well
llavallama3,B,3,54_final.mp4,207,Well
llavallama3,B,3,54_final.mp4,210,Well
llavallama3,B,3,54_final.mp4,213,Well
llavallama3,B,3,54_final.mp4,216,Well
llavallama3,B,3,54_final.mp4,219,Well
llavallama3,B,3,54_final.mp4,222,Well
llavallama3,B,3,54_final.mp4,225,Well
llavallama3,B,3,54_final.mp4,228,Poorly
llavallama3,B,3,54_final.mp4,231,Well
llavallama3,B,3,54_final.mp4,234,Well
llavallama3,B,3,54_final.mp4,237,Well
llavallama3,B,3,54_final.mp4,240,Well
llavallama3,B,3,54_final.mp4,243,Well
llavallama3,B,3,54_final.mp4,246,Well
llavallama3,B,3,54_final.mp4,249,Well
llavallama3,B,3,54_final.mp4,252,Well
llavallama3,B,3,54_final.mp4,255,Well
llavallama3,B,3,54_final.mp4,258,Well
llavallama3,B,3,55_final.mp4,0,Well
llavallama3,B,3,55_final.mp4,3,Well
llavallama3,B,3,55_final.mp4,6,Well
llavallama3,B,3,55_final.mp4,9,Well
llavallama3,B,3,55_final.mp4,12,Well
llavallama3,B,3,55_final.mp4,15,Well
llavallama3,B,3,55_final.mp4,18,Well
llavallama3,B,3,55_final.mp4,21,Well
llavallama3,B,3,55_final.mp4,24,Well
llavallama3,B,3,55_final.mp4,27,Well
llavallama3,B,3,55_final.mp4,30,Well
llavallama3,B,3,55_final.mp4,33,Well
llavallama3,B,3,55_final.mp4,36,Well
llavallama3,B,3,55_final.mp4,39,Well
llavallama3,B,3,55_final.mp4,42,Well
llavallama3,B,3,55_final.mp4,45,Well
llavallama3,B,3,55_final.mp4,48,Well
llavallama3,B,3,55_final.mp4,51,Well
llavallama3,B,3,55_final.mp4,54,Well
llavallama3,B,3,55_final.mp4,57,Well
llavallama3,B,3,55_final.mp4,60,Well
llavallama3,B,3,55_final.mp4,63,Poorly
llavallama3,B,3,55_final.mp4,66,Well
llavallama3,B,3,55_final.mp4,69,Well
llavallama3,B,3,55_final.mp4,72,Well
llavallama3,B,3,55_final.mp4,75,Well
llavallama3,B,3,55_final.mp4,78,Well
llavallama3,B,3,55_final.mp4,81,Well
llavallama3,B,3,55_final.mp4,84,Well
llavallama3,B,3,55_final.mp4,87,Well
llavallama3,B,3,55_final.mp4,90,Well
llavallama3,B,3,55_final.mp4,93,Well
llavallama3,B,3,55_final.mp4,96,Well
llavallama3,B,3,55_final.mp4,99,Well
llavallama3,B,3,55_final.mp4,102,Well
llavallama3,B,3,55_final.mp4,105,Well
llavallama3,B,3,55_final.mp4,108,Poorly
llavallama3,B,3,55_final.mp4,111,Well
llavallama3,B,3,55_final.mp4,114,Poorly
llavallama3,B,3,55_final.mp4,117,Well
llavallama3,B,3,55_final.mp4,120,Well
llavallama3,B,3,55_final.mp4,123,Poorly
llavallama3,B,3,55_final.mp4,126,Well
llavallama3,B,3,55_final.mp4,129,Well
llavallama3,B,3,55_final.mp4,132,Well
llavallama3,B,3,55_final.mp4,135,Well
llavallama3,B,3,55_final.mp4,138,Well
llavallama3,B,3,55_final.mp4,141,Well
llavallama3,B,3,55_final.mp4,144,Well
llavallama3,B,3,55_final.mp4,147,Well
llavallama3,B,3,55_final.mp4,150,Well
llavallama3,B,3,55_final.mp4,153,Well
llavallama3,B,3,55_final.mp4,156,Well
llavallama3,B,3,55_final.mp4,159,Well
llavallama3,B,3,55_final.mp4,162,Well
llavallama3,B,3,55_final.mp4,165,Well
llavallama3,B,3,55_final.mp4,168,Well
llavallama3,B,3,55_final.mp4,171,Well
llavallama3,B,3,55_final.mp4,174,Well
llavallama3,B,3,55_final.mp4,177,Well
llavallama3,B,3,55_final.mp4,180,Well
llavallama3,B,3,55_final.mp4,183,Well
llavallama3,B,3,55_final.mp4,186,Well
llavallama3,B,3,55_final.mp4,189,Well
llavallama3,B,3,55_final.mp4,192,Well
llavallama3,B,3,55_final.mp4,195,Well
llavallama3,B,3,55_final.mp4,198,Well
llavallama3,B,3,55_final.mp4,201,Well
llavallama3,B,3,55_final.mp4,204,Well
llavallama3,B,3,55_final.mp4,207,Well
llavallama3,B,3,55_final.mp4,210,Well
llavallama3,B,3,55_final.mp4,213,Well
llavallama3,B,3,55_final.mp4,216,Well
llavallama3,B,3,55_final.mp4,219,Well
llavallama3,B,3,55_final.mp4,222,Well
llavallama3,B,3,55_final.mp4,225,Well
llavallama3,B,3,55_final.mp4,228,Well
llavallama3,B,3,55_final.mp4,231,Well
llavallama3,B,3,55_final.mp4,234,Well
llavallama3,B,3,55_final.mp4,237,Well
llavallama3,B,3,55_final.mp4,240,Well
llavallama3,B,3,55_final.mp4,243,Well
llavallama3,B,3,55_final.mp4,246,Well
llavallama3,B,3,55_final.mp4,249,Well
llavallama3,B,3,55_final.mp4,252,Well
llavallama3,B,3,55_final.mp4,255,Well
llavallama3,B,3,55_final.mp4,258,Well
llavallama3,B,3,55_final.mp4,261,Well
llavallama3,B,3,55_final.mp4,264,Poorly
llavallama3,B,3,55_final.mp4,267,Well
llavallama3,B,3,57_final.mp4,0,Well
llavallama3,B,3,57_final.mp4,3,Well
llavallama3,B,3,57_final.mp4,6,Poorly
llavallama3,B,3,57_final.mp4,9,Well
llavallama3,B,3,57_final.mp4,12,Well
llavallama3,B,3,57_final.mp4,15,Well
llavallama3,B,3,57_final.mp4,18,Well
llavallama3,B,3,57_final.mp4,21,Well
llavallama3,B,3,57_final.mp4,24,Well
llavallama3,B,3,57_final.mp4,27,Poorly
llavallama3,B,3,57_final.mp4,30,Well
llavallama3,B,3,57_final.mp4,33,Well
llavallama3,B,3,57_final.mp4,36,Well
llavallama3,B,3,57_final.mp4,39,Poorly
llavallama3,B,3,57_final.mp4,42,Well
llavallama3,B,3,57_final.mp4,45,Well
llavallama3,B,3,57_final.mp4,48,Poorly
llavallama3,B,3,57_final.mp4,51,Well
llavallama3,B,3,57_final.mp4,54,Well
llavallama3,B,3,57_final.mp4,57,Well
llavallama3,B,3,57_final.mp4,60,Poorly
llavallama3,B,3,57_final.mp4,63,Well
llavallama3,B,3,57_final.mp4,66,Poorly
llavallama3,B,3,57_final.mp4,69,Well
llavallama3,B,3,57_final.mp4,72,Poorly
llavallama3,B,3,57_final.mp4,75,Poorly
llavallama3,B,3,57_final.mp4,78,Well
llavallama3,B,3,57_final.mp4,81,Well
llavallama3,B,3,57_final.mp4,84,Well
llavallama3,B,3,57_final.mp4,87,Poorly
llavallama3,B,3,57_final.mp4,90,Well
llavallama3,B,3,57_final.mp4,93,Well
llavallama3,B,3,57_final.mp4,96,Well
llavallama3,B,3,57_final.mp4,99,Well
llavallama3,B,3,57_final.mp4,102,Poorly
llavallama3,B,3,57_final.mp4,105,Poorly
llavallama3,B,3,57_final.mp4,108,Well
llavallama3,B,3,57_final.mp4,111,Well
llavallama3,B,3,57_final.mp4,114,Well
llavallama3,B,3,57_final.mp4,117,Poorly
llavallama3,B,3,57_final.mp4,120,Well
llavallama3,B,3,57_final.mp4,123,Poorly
llavallama3,B,3,57_final.mp4,126,Poorly
llavallama3,B,3,57_final.mp4,129,Poorly
llavallama3,B,3,57_final.mp4,132,Well
llavallama3,B,3,57_final.mp4,135,Well
llavallama3,B,3,57_final.mp4,138,Poorly
llavallama3,B,3,57_final.mp4,141,Poorly
llavallama3,B,3,57_final.mp4,144,Poorly
llavallama3,B,3,57_final.mp4,147,Poorly
llavallama3,B,3,57_final.mp4,150,Poorly
llavallama3,B,3,57_final.mp4,153,Well
llavallama3,B,3,57_final.mp4,156,Poorly
llavallama3,B,3,57_final.mp4,159,Well
llavallama3,B,3,57_final.mp4,162,Well
llavallama3,B,3,57_final.mp4,165,Well
llavallama3,B,3,57_final.mp4,168,Poorly
llavallama3,B,3,57_final.mp4,171,Poorly
llavallama3,B,3,57_final.mp4,174,Well
llavallama3,B,3,57_final.mp4,177,Well
llavallama3,B,3,57_final.mp4,180,Poorly
llavallama3,B,3,57_final.mp4,183,Well
llavallama3,B,3,57_final.mp4,186,Well
llavallama3,B,3,57_final.mp4,189,Poorly
llavallama3,B,3,57_final.mp4,192,Well
llavallama3,B,3,57_final.mp4,195,Well
llavallama3,B,3,57_final.mp4,198,Well
llavallama3,B,3,57_final.mp4,201,Well
llavallama3,B,3,57_final.mp4,204,Well
llavallama3,B,3,57_final.mp4,207,Well
llavallama3,B,3,57_final.mp4,210,Well
llavallama3,B,3,57_final.mp4,213,Well
llavallama3,B,3,57_final.mp4,216,Well
llavallama3,B,3,57_final.mp4,219,Well
llavallama3,B,3,57_final.mp4,222,Well
llavallama3,B,3,57_final.mp4,225,Well
llavallama3,B,3,57_final.mp4,228,Well
llavallama3,B,3,57_final.mp4,231,Well
llavallama3,B,3,57_final.mp4,234,Poorly
llavallama3,B,3,57_final.mp4,237,Poorly
llavallama3,B,3,57_final.mp4,240,Well
llavallama3,B,3,57_final.mp4,243,Well
llavallama3,B,3,57_final.mp4,246,Well
llavallama3,B,3,57_final.mp4,249,Well
llavallama3,B,3,57_final.mp4,252,Well
llavallama3,B,3,57_final.mp4,255,Poorly
llavallama3,B,3,57_final.mp4,258,Poorly
llavallama3,B,3,57_final.mp4,261,Well
llavallama3,B,3,57_final.mp4,264,Well
llavallama3,B,3,57_final.mp4,267,Well
llavallama3,B,3,57_final.mp4,270,Well
llavallama3,B,3,57_final.mp4,273,Well
llavallama3,B,3,59_final.mp4,0,Well
llavallama3,B,3,59_final.mp4,3,Well
llavallama3,B,3,59_final.mp4,6,Well
llavallama3,B,3,59_final.mp4,9,Well
llavallama3,B,3,59_final.mp4,12,Well
llavallama3,B,3,59_final.mp4,15,Well
llavallama3,B,3,59_final.mp4,18,Well
llavallama3,B,3,59_final.mp4,21,Well
llavallama3,B,3,59_final.mp4,24,Well
llavallama3,B,3,59_final.mp4,27,Well
llavallama3,B,3,59_final.mp4,30,Well
llavallama3,B,3,59_final.mp4,33,Well
llavallama3,B,3,59_final.mp4,36,Well
llavallama3,B,3,59_final.mp4,39,Well
llavallama3,B,3,59_final.mp4,42,Well
llavallama3,B,3,59_final.mp4,45,Well
llavallama3,B,3,59_final.mp4,48,Well
llavallama3,B,3,59_final.mp4,51,Well
llavallama3,B,3,59_final.mp4,54,Well
llavallama3,B,3,59_final.mp4,57,Well
llavallama3,B,3,59_final.mp4,60,Well
llavallama3,B,3,59_final.mp4,63,Well
llavallama3,B,3,59_final.mp4,66,Well
llavallama3,B,3,59_final.mp4,69,Well
llavallama3,B,3,59_final.mp4,72,Well
llavallama3,B,3,59_final.mp4,75,Well
llavallama3,B,3,59_final.mp4,78,Well
llavallama3,B,3,59_final.mp4,81,Poorly
llavallama3,B,3,59_final.mp4,84,Well
llavallama3,B,3,59_final.mp4,87,Well
llavallama3,B,3,59_final.mp4,90,Well
llavallama3,B,3,59_final.mp4,93,Well
llavallama3,B,3,59_final.mp4,96,Well
llavallama3,B,3,59_final.mp4,99,Poorly
llavallama3,B,3,59_final.mp4,102,Well
llavallama3,B,3,59_final.mp4,105,Well
llavallama3,B,3,59_final.mp4,108,Well
llavallama3,B,3,59_final.mp4,111,Well
llavallama3,B,3,59_final.mp4,114,Well
llavallama3,B,3,59_final.mp4,117,Poorly
llavallama3,B,3,59_final.mp4,120,Poorly
llavallama3,B,3,59_final.mp4,123,Well
llavallama3,B,3,59_final.mp4,126,Poorly
llavallama3,B,3,59_final.mp4,129,Poorly
llavallama3,B,3,59_final.mp4,132,Well
llavallama3,B,3,59_final.mp4,135,Well
llavallama3,B,3,59_final.mp4,138,Well
llavallama3,B,3,59_final.mp4,141,Well
llavallama3,B,3,59_final.mp4,144,Well
llavallama3,B,3,59_final.mp4,147,Well
llavallama3,B,3,59_final.mp4,150,Well
llavallama3,B,3,59_final.mp4,153,Well
llavallama3,B,3,59_final.mp4,156,Well
llavallama3,B,3,59_final.mp4,159,Well
llavallama3,B,3,59_final.mp4,162,Well
llavallama3,B,3,59_final.mp4,165,Well
llavallama3,B,3,59_final.mp4,168,Well
llavallama3,B,3,59_final.mp4,171,Well
llavallama3,B,3,59_final.mp4,174,Well
llavallama3,B,3,59_final.mp4,177,Well
llavallama3,B,3,59_final.mp4,180,Well
llavallama3,B,3,59_final.mp4,183,Well
llavallama3,B,3,59_final.mp4,186,Well
llavallama3,B,3,59_final.mp4,189,Poorly
llavallama3,B,3,59_final.mp4,192,Well
llavallama3,B,3,59_final.mp4,195,Well
llavallama3,B,3,59_final.mp4,198,Well
llavallama3,B,3,59_final.mp4,201,Well
llavallama3,B,3,59_final.mp4,204,Well
llavallama3,B,3,59_final.mp4,207,Well
llavallama3,B,3,59_final.mp4,210,Well
llavallama3,B,3,59_final.mp4,213,Poorly
llavallama3,B,3,59_final.mp4,216,Well
llavallama3,B,3,59_final.mp4,219,Well
llavallama3,B,3,59_final.mp4,222,Well
llavallama3,B,3,59_final.mp4,225,Well
llavallama3,B,3,59_final.mp4,228,Well
llavallama3,B,3,59_final.mp4,231,Well
llavallama3,B,3,59_final.mp4,234,Well
llavallama3,B,3,59_final.mp4,237,Well
llavallama3,B,3,59_final.mp4,240,Well
llavallama3,B,3,59_final.mp4,243,Well
llavallama3,B,3,59_final.mp4,246,Well
llavallama3,B,3,59_final.mp4,249,Well
llavallama3,B,3,59_final.mp4,252,Well
llavallama3,B,3,59_final.mp4,255,Well
llavallama3,B,3,59_final.mp4,258,Well
llavallama3,B,3,59_final.mp4,261,Well
llavallama3,B,3,59_final.mp4,264,Well
llavallama3,B,3,59_final.mp4,267,Well
llavallama3,B,3,60_final.mp4,0,Well
llavallama3,B,3,60_final.mp4,3,Well
llavallama3,B,3,60_final.mp4,6,Well
llavallama3,B,3,60_final.mp4,9,Well
llavallama3,B,3,60_final.mp4,12,Well
llavallama3,B,3,60_final.mp4,15,Well
llavallama3,B,3,60_final.mp4,18,Well
llavallama3,B,3,60_final.mp4,21,Well
llavallama3,B,3,60_final.mp4,24,Well
llavallama3,B,3,60_final.mp4,27,Well
llavallama3,B,3,60_final.mp4,30,Well
llavallama3,B,3,60_final.mp4,33,Well
llavallama3,B,3,60_final.mp4,36,Well
llavallama3,B,3,60_final.mp4,39,Well
llavallama3,B,3,60_final.mp4,42,Well
llavallama3,B,3,60_final.mp4,45,Well
llavallama3,B,3,60_final.mp4,48,Well
llavallama3,B,3,60_final.mp4,51,Well
llavallama3,B,3,60_final.mp4,54,Well
llavallama3,B,3,60_final.mp4,57,Well
llavallama3,B,3,60_final.mp4,60,Well
llavallama3,B,3,60_final.mp4,63,Well
llavallama3,B,3,60_final.mp4,66,Well
llavallama3,B,3,60_final.mp4,69,Well
llavallama3,B,3,60_final.mp4,72,Well
llavallama3,B,3,60_final.mp4,75,Well
llavallama3,B,3,60_final.mp4,78,Well
llavallama3,B,3,60_final.mp4,81,Well
llavallama3,B,3,60_final.mp4,84,Well
llavallama3,B,3,60_final.mp4,87,Well
llavallama3,B,3,60_final.mp4,90,Well
llavallama3,B,3,60_final.mp4,93,Well
llavallama3,B,3,60_final.mp4,96,Well
llavallama3,B,3,60_final.mp4,99,Well
llavallama3,B,3,60_final.mp4,102,Well
llavallama3,B,3,60_final.mp4,105,Well
llavallama3,B,3,60_final.mp4,108,Well
llavallama3,B,3,60_final.mp4,111,Well
llavallama3,B,3,60_final.mp4,114,Well
llavallama3,B,3,60_final.mp4,117,Well
llavallama3,B,3,60_final.mp4,120,Well
llavallama3,B,3,60_final.mp4,123,Well
llavallama3,B,3,60_final.mp4,126,Well
llavallama3,B,3,60_final.mp4,129,Well
llavallama3,B,3,60_final.mp4,132,Well
llavallama3,B,3,60_final.mp4,135,Well
llavallama3,B,3,60_final.mp4,138,Well
llavallama3,B,3,60_final.mp4,141,Well
llavallama3,B,3,60_final.mp4,144,Well
llavallama3,B,3,60_final.mp4,147,Well
llavallama3,B,3,60_final.mp4,150,Well
llavallama3,B,3,60_final.mp4,153,Well
llavallama3,B,3,60_final.mp4,156,Well
llavallama3,B,3,60_final.mp4,159,Well
llavallama3,B,3,60_final.mp4,162,Well
llavallama3,B,3,60_final.mp4,165,Well
llavallama3,B,3,60_final.mp4,168,Well
llavallama3,B,3,60_final.mp4,171,Well
llavallama3,B,3,60_final.mp4,174,Well
llavallama3,B,3,60_final.mp4,177,Well
llavallama3,B,3,60_final.mp4,180,Well
llavallama3,B,3,60_final.mp4,183,Well
llavallama3,B,3,60_final.mp4,186,Well
llavallama3,B,3,60_final.mp4,189,Well
llavallama3,B,3,60_final.mp4,192,Well
llavallama3,B,3,60_final.mp4,195,Well
llavallama3,B,3,60_final.mp4,198,Well
llavallama3,B,3,60_final.mp4,201,Well
llavallama3,B,3,60_final.mp4,204,Well
llavallama3,B,3,60_final.mp4,207,Well
llavallama3,B,3,60_final.mp4,210,Well
llavallama3,B,3,60_final.mp4,213,Well
llavallama3,B,3,60_final.mp4,216,Well
llavallama3,B,3,60_final.mp4,219,Well
llavallama3,B,3,60_final.mp4,222,Well
llavallama3,B,3,60_final.mp4,225,Well
llavallama3,B,3,60_final.mp4,228,Well
llavallama3,B,3,60_final.mp4,231,Well
llavallama3,B,3,60_final.mp4,234,Well
llavallama3,B,3,60_final.mp4,237,Well
llavallama3,B,3,60_final.mp4,240,Well
llavallama3,B,3,60_final.mp4,243,Well
llavallama3,B,3,60_final.mp4,246,Well
llavallama3,B,3,60_final.mp4,249,Well
llavallama3,B,3,60_final.mp4,252,Well
llavallama3,B,3,60_final.mp4,255,Well
llavallama3,B,3,60_final.mp4,258,Well
llavallama3,B,3,60_final.mp4,261,Well
llavallama3,B,3,60_final.mp4,264,Well
llavallama3,B,3,60_final.mp4,267,Well
llavallama3,B,3,6_final.mp4,0,Well
llavallama3,B,3,6_final.mp4,3,Well
llavallama3,B,3,6_final.mp4,6,Well
llavallama3,B,3,6_final.mp4,9,Well
llavallama3,B,3,6_final.mp4,12,Well
llavallama3,B,3,6_final.mp4,15,Well
llavallama3,B,3,6_final.mp4,18,Well
llavallama3,B,3,6_final.mp4,21,Well
llavallama3,B,3,6_final.mp4,24,Poorly
llavallama3,B,3,6_final.mp4,27,Well
llavallama3,B,3,6_final.mp4,30,Well
llavallama3,B,3,6_final.mp4,33,Well
llavallama3,B,3,6_final.mp4,36,Well
llavallama3,B,3,6_final.mp4,39,Well
llavallama3,B,3,6_final.mp4,42,Well
llavallama3,B,3,6_final.mp4,45,Well
llavallama3,B,3,6_final.mp4,48,Well
llavallama3,B,3,6_final.mp4,51,Well
llavallama3,B,3,6_final.mp4,54,Well
llavallama3,B,3,6_final.mp4,57,Well
llavallama3,B,3,6_final.mp4,60,Well
llavallama3,B,3,6_final.mp4,63,Well
llavallama3,B,3,6_final.mp4,66,Well
llavallama3,B,3,6_final.mp4,69,Well
llavallama3,B,3,6_final.mp4,72,Well
llavallama3,B,3,6_final.mp4,75,Well
llavallama3,B,3,6_final.mp4,78,Well
llavallama3,B,3,6_final.mp4,81,Well
llavallama3,B,3,6_final.mp4,84,Well
llavallama3,B,3,6_final.mp4,87,Well
llavallama3,B,3,6_final.mp4,90,Well
llavallama3,B,3,6_final.mp4,93,Well
llavallama3,B,3,6_final.mp4,96,Well
llavallama3,B,3,6_final.mp4,99,Well
llavallama3,B,3,6_final.mp4,102,Well
llavallama3,B,3,6_final.mp4,105,Well
llavallama3,B,3,6_final.mp4,108,Well
llavallama3,B,3,6_final.mp4,111,Well
llavallama3,B,3,6_final.mp4,114,Well
llavallama3,B,3,6_final.mp4,117,Well
llavallama3,B,3,6_final.mp4,120,Poorly
llavallama3,B,3,6_final.mp4,123,Well
llavallama3,B,3,6_final.mp4,126,Well
llavallama3,B,3,6_final.mp4,129,Well
llavallama3,B,3,6_final.mp4,132,Well
llavallama3,B,3,6_final.mp4,135,Well
llavallama3,B,3,6_final.mp4,138,Well
llavallama3,B,3,6_final.mp4,141,Well
llavallama3,B,3,6_final.mp4,144,Well
llavallama3,B,3,6_final.mp4,147,Well
llavallama3,B,3,6_final.mp4,150,Well
llavallama3,B,3,6_final.mp4,153,Well
llavallama3,B,3,6_final.mp4,156,Well
llavallama3,B,3,6_final.mp4,159,Well
llavallama3,B,3,6_final.mp4,162,Well
llavallama3,B,3,6_final.mp4,165,Well
llavallama3,B,3,6_final.mp4,168,Well
llavallama3,B,3,6_final.mp4,171,Well
llavallama3,B,3,6_final.mp4,174,Well
llavallama3,B,3,6_final.mp4,177,Well
llavallama3,B,3,6_final.mp4,180,Well
llavallama3,B,3,6_final.mp4,183,Well
llavallama3,B,3,7_final.mp4,0,Well
llavallama3,B,3,7_final.mp4,3,Poorly
llavallama3,B,3,7_final.mp4,6,Well
llavallama3,B,3,7_final.mp4,9,Poorly
llavallama3,B,3,7_final.mp4,12,Well
llavallama3,B,3,7_final.mp4,15,Well
llavallama3,B,3,7_final.mp4,18,Well
llavallama3,B,3,7_final.mp4,21,Poorly
llavallama3,B,3,7_final.mp4,24,Well
llavallama3,B,3,7_final.mp4,27,Well
llavallama3,B,3,7_final.mp4,30,Well
llavallama3,B,3,7_final.mp4,33,Well
llavallama3,B,3,7_final.mp4,36,Well
llavallama3,B,3,7_final.mp4,39,Well
llavallama3,B,3,7_final.mp4,42,Well
llavallama3,B,3,7_final.mp4,45,Well
llavallama3,B,3,7_final.mp4,48,Well
llavallama3,B,3,7_final.mp4,51,Poorly
llavallama3,B,3,7_final.mp4,54,Poorly
llavallama3,B,3,7_final.mp4,57,Poorly
llavallama3,B,3,7_final.mp4,60,Well
llavallama3,B,3,7_final.mp4,63,Poorly
llavallama3,B,3,7_final.mp4,66,Well
llavallama3,B,3,7_final.mp4,69,Well
llavallama3,B,3,7_final.mp4,72,Poorly
llavallama3,B,3,7_final.mp4,75,Poorly
llavallama3,B,3,7_final.mp4,78,Well
llavallama3,B,3,7_final.mp4,81,Well
llavallama3,B,3,7_final.mp4,84,Well
llavallama3,B,3,7_final.mp4,87,Well
llavallama3,B,3,7_final.mp4,90,Well
llavallama3,B,3,7_final.mp4,93,Well
llavallama3,B,3,7_final.mp4,96,Poorly
llavallama3,B,3,7_final.mp4,99,Well
llavallama3,B,3,7_final.mp4,102,Well
llavallama3,B,3,7_final.mp4,105,Well
llavallama3,B,3,7_final.mp4,108,Well
llavallama3,B,3,7_final.mp4,111,Well
llavallama3,B,3,7_final.mp4,114,Well
llavallama3,B,3,7_final.mp4,117,Well
llavallama3,B,3,7_final.mp4,120,Well
llavallama3,B,3,7_final.mp4,123,Well
llavallama3,B,3,7_final.mp4,126,Well
llavallama3,B,3,7_final.mp4,129,Well
llavallama3,B,3,7_final.mp4,132,Well
llavallama3,B,3,7_final.mp4,135,Well
llavallama3,B,3,7_final.mp4,138,Well
llavallama3,B,3,7_final.mp4,141,Well
llavallama3,B,3,7_final.mp4,144,Well
llavallama3,B,3,7_final.mp4,147,Well
llavallama3,B,3,7_final.mp4,150,Well
llavallama3,B,3,7_final.mp4,153,Well
llavallama3,B,3,7_final.mp4,156,Well
llavallama3,B,3,7_final.mp4,159,Well
llavallama3,B,3,7_final.mp4,162,Well
llavallama3,B,3,7_final.mp4,165,Well
llavallama3,B,3,7_final.mp4,168,Well
llavallama3,B,3,7_final.mp4,171,Well
llavallama3,B,3,7_final.mp4,174,Well
llavallama3,B,3,7_final.mp4,177,Well
llavallama3,B,3,7_final.mp4,180,Well
llavallama3,B,3,7_final.mp4,183,Well
llavallama3,B,3,7_final.mp4,186,Well
llavallama3,B,3,7_final.mp4,189,Well
llavallama3,B,3,7_final.mp4,192,Well
llavallama3,B,3,7_final.mp4,195,Well
llavallama3,B,3,7_final.mp4,198,Well
llavallama3,B,3,7_final.mp4,201,Well
llavallama3,B,3,7_final.mp4,204,Well
llavallama3,B,3,7_final.mp4,207,Well
llavallama3,B,3,7_final.mp4,210,Well
llavallama3,B,3,7_final.mp4,213,Well
llavallama3,B,3,7_final.mp4,216,Well
llavallama3,B,3,7_final.mp4,219,Poorly
llavallama3,B,3,7_final.mp4,222,Well
llavallama3,B,3,7_final.mp4,225,Poorly
llavallama3,B,3,7_final.mp4,228,Well
llavallama3,B,3,7_final.mp4,231,Well
llavallama3,B,3,7_final.mp4,234,Well
llavallama3,B,3,7_final.mp4,237,Well
llavallama3,B,3,7_final.mp4,240,Well
llavallama3,B,3,7_final.mp4,243,Well
llavallama3,B,3,9_final.mp4,0,Well
llavallama3,B,3,9_final.mp4,3,Poorly
llavallama3,B,3,9_final.mp4,6,Poorly
llavallama3,B,3,9_final.mp4,9,Well
llavallama3,B,3,9_final.mp4,12,Poorly
llavallama3,B,3,9_final.mp4,15,Poorly
llavallama3,B,3,9_final.mp4,18,Poorly
llavallama3,B,3,9_final.mp4,21,Poorly
llavallama3,B,3,9_final.mp4,24,Poorly
llavallama3,B,3,9_final.mp4,27,Well
llavallama3,B,3,9_final.mp4,30,Poorly
llavallama3,B,3,9_final.mp4,33,Poorly
llavallama3,B,3,9_final.mp4,36,Poorly
llavallama3,B,3,9_final.mp4,39,Poorly
llavallama3,B,3,9_final.mp4,42,Poorly
llavallama3,B,3,9_final.mp4,45,Poorly
llavallama3,B,3,9_final.mp4,48,Poorly
llavallama3,B,3,9_final.mp4,51,Poorly
llavallama3,B,3,9_final.mp4,54,Poorly
llavallama3,B,3,9_final.mp4,57,Poorly
llavallama3,B,3,9_final.mp4,60,Poorly
llavallama3,B,3,9_final.mp4,63,Poorly
llavallama3,B,3,9_final.mp4,66,Poorly
llavallama3,B,3,9_final.mp4,69,Poorly
llavallama3,B,3,9_final.mp4,72,Well
llavallama3,B,3,9_final.mp4,75,Well
llavallama3,B,3,9_final.mp4,78,Poorly
llavallama3,B,3,9_final.mp4,81,Well
llavallama3,B,3,9_final.mp4,84,Well
llavallama3,B,3,9_final.mp4,87,Poorly
llavallama3,B,3,9_final.mp4,90,Poorly
llavallama3,B,3,9_final.mp4,93,Well
llavallama3,B,3,9_final.mp4,96,Poorly
llavallama3,B,3,9_final.mp4,99,Poorly
llavallama3,B,3,9_final.mp4,102,Well
llavallama3,B,3,9_final.mp4,105,Poorly
llavallama3,B,3,9_final.mp4,108,Well
llavallama3,B,3,9_final.mp4,111,Well
llavallama3,B,3,9_final.mp4,114,Poorly
llavallama3,B,3,9_final.mp4,117,Well
llavallama3,B,3,9_final.mp4,120,Poorly
llavallama3,B,3,9_final.mp4,123,Poorly
llavallama3,B,3,9_final.mp4,126,Poorly
llavallama3,B,3,9_final.mp4,129,Well
llavallama3,B,3,9_final.mp4,132,Well
llavallama3,B,3,9_final.mp4,135,Well
llavallama3,B,3,9_final.mp4,138,Well
llavallama3,B,3,9_final.mp4,141,Poorly
llavallama3,B,3,9_final.mp4,144,Well
llavallama3,B,3,9_final.mp4,147,Poorly
llavallama3,B,3,9_final.mp4,150,Well
llavallama3,B,3,9_final.mp4,153,Poorly
llavallama3,B,3,9_final.mp4,156,Poorly
llavallama3,B,3,9_final.mp4,159,Well
llavallama3,B,3,9_final.mp4,162,Poorly
llavallama3,B,3,9_final.mp4,165,Poorly
llavallama3,B,3,9_final.mp4,168,Well
llavallama3,B,3,9_final.mp4,171,Poorly
llavallama3,B,3,9_final.mp4,174,Poorly
llavallama3,B,3,9_final.mp4,177,Poorly
llavallama3,B,3,9_final.mp4,180,Well
llavallama3,B,3,9_final.mp4,183,Poorly
llavallama3,B,3,9_final.mp4,186,Poorly
llavallama3,B,3,9_final.mp4,189,Well
llavallama3,B,3,9_final.mp4,192,Well
llavallama3,B,3,9_final.mp4,195,Well
llavallama3,B,3,9_final.mp4,198,Well
llavallama3,B,3,9_final.mp4,201,Poorly
llavallama3,B,3,9_final.mp4,204,Well
llavallama3,B,3,9_final.mp4,207,Poorly
llavallama3,B,3,9_final.mp4,210,Well
llavallama3,B,3,9_final.mp4,213,Well
llavallama3,B,3,9_final.mp4,216,Well
llavallama3,B,3,9_final.mp4,219,Well
llavallama3,B,3,9_final.mp4,222,Well
llavallama3,B,3,9_final.mp4,225,Poorly
llavallama3,B,3,9_final.mp4,228,Well
llavallama3,B,3,9_final.mp4,231,Well
llavallama3,B,3,9_final.mp4,234,Poorly
llavallama3,B,3,9_final.mp4,237,Poorly
llavallama3,B,3,9_final.mp4,240,Poorly
llavallama3,B,3,9_final.mp4,243,Poorly
llavallama3,B,3,9_final.mp4,246,Poorly
llavallama3,B,3,9_final.mp4,249,Poorly
llavallama3,B,3,9_final.mp4,252,Well
llavallama3,B,3,9_final.mp4,255,Well
llavallama3,B,3,9_final.mp4,258,Well
llavallama3,B,3,9_final.mp4,261,Well
llavallama3,B,3,9_final.mp4,264,Well
llavallama3,B,3,9_final.mp4,267,Well
llavallama3,B,3,9_final.mp4,270,Well
llavallama3,B,3,9_final.mp4,273,Poorly
llavallama3,B,3,9_final.mp4,276,Poorly
llavallama3,B,3,9_final.mp4,279,Well
llavallama3,B,3,9_final.mp4,282,Well
llavallama3,B,3,9_final.mp4,285,Well
llavallama3,B,3,9_final.mp4,288,Well
llavallama3,B,3,9_final.mp4,291,Well
llavallama3,B,3,9_final.mp4,294,Poorly
deepseek_ocr,B,3,11_final.mp4,0,Well
deepseek_ocr,B,3,11_final.mp4,3,Well
deepseek_ocr,B,3,11_final.mp4,6,Well
deepseek_ocr,B,3,11_final.mp4,9,Well
deepseek_ocr,B,3,11_final.mp4,12,Well
deepseek_ocr,B,3,11_final.mp4,15,Well
deepseek_ocr,B,3,11_final.mp4,18,Well
deepseek_ocr,B,3,11_final.mp4,21,Well
deepseek_ocr,B,3,11_final.mp4,24,Well
deepseek_ocr,B,3,11_final.mp4,27,Well
deepseek_ocr,B,3,11_final.mp4,30,Well
deepseek_ocr,B,3,11_final.mp4,33,Well
deepseek_ocr,B,3,11_final.mp4,36,Well
deepseek_ocr,B,3,11_final.mp4,39,Well
deepseek_ocr,B,3,11_final.mp4,42,Well
deepseek_ocr,B,3,11_final.mp4,45,Well
deepseek_ocr,B,3,11_final.mp4,48,Well
deepseek_ocr,B,3,11_final.mp4,51,Well
deepseek_ocr,B,3,11_final.mp4,54,Well
deepseek_ocr,B,3,11_final.mp4,57,Well
deepseek_ocr,B,3,11_final.mp4,60,Well
deepseek_ocr,B,3,11_final.mp4,63,Well
deepseek_ocr,B,3,11_final.mp4,66,Well
deepseek_ocr,B,3,11_final.mp4,69,Well
deepseek_ocr,B,3,11_final.mp4,72,Well
deepseek_ocr,B,3,11_final.mp4,75,Well
deepseek_ocr,B,3,11_final.mp4,78,Well
deepseek_ocr,B,3,11_final.mp4,81,Well
deepseek_ocr,B,3,11_final.mp4,84,Well
deepseek_ocr,B,3,11_final.mp4,87,Well
deepseek_ocr,B,3,11_final.mp4,90,Well
deepseek_ocr,B,3,11_final.mp4,93,Well
deepseek_ocr,B,3,11_final.mp4,96,Well
deepseek_ocr,B,3,11_final.mp4,99,Well
deepseek_ocr,B,3,11_final.mp4,102,Well
deepseek_ocr,B,3,11_final.mp4,105,Well
deepseek_ocr,B,3,11_final.mp4,108,Well
deepseek_ocr,B,3,11_final.mp4,111,Well
deepseek_ocr,B,3,11_final.mp4,114,Well
deepseek_ocr,B,3,11_final.mp4,117,Well
deepseek_ocr,B,3,11_final.mp4,120,well
deepseek_ocr,B,3,11_final.mp4,123,Well
deepseek_ocr,B,3,11_final.mp4,126,Well
deepseek_ocr,B,3,11_final.mp4,129,well
deepseek_ocr,B,3,11_final.mp4,132,Well
deepseek_ocr,B,3,11_final.mp4,135,Well
deepseek_ocr,B,3,11_final.mp4,138,Well
deepseek_ocr,B,3,11_final.mp4,141,Well
deepseek_ocr,B,3,11_final.mp4,144,Well
deepseek_ocr,B,3,11_final.mp4,147,Well
deepseek_ocr,B,3,11_final.mp4,150,Well
deepseek_ocr,B,3,11_final.mp4,153,well
deepseek_ocr,B,3,11_final.mp4,156,Well
deepseek_ocr,B,3,11_final.mp4,159,Well
deepseek_ocr,B,3,11_final.mp4,162,Well
deepseek_ocr,B,3,11_final.mp4,165,well
deepseek_ocr,B,3,11_final.mp4,168,Well
deepseek_ocr,B,3,11_final.mp4,171,Well
deepseek_ocr,B,3,11_final.mp4,174,Well
deepseek_ocr,B,3,11_final.mp4,177,Well
deepseek_ocr,B,3,11_final.mp4,180,Well
deepseek_ocr,B,3,11_final.mp4,183,Well
deepseek_ocr,B,3,11_final.mp4,186,Well
deepseek_ocr,B,3,11_final.mp4,189,Well
deepseek_ocr,B,3,11_final.mp4,192,Well
deepseek_ocr,B,3,11_final.mp4,195,Well
deepseek_ocr,B,3,11_final.mp4,198,Well
deepseek_ocr,B,3,11_final.mp4,201,Well
deepseek_ocr,B,3,11_final.mp4,204,Well
deepseek_ocr,B,3,11_final.mp4,207,Well
deepseek_ocr,B,3,11_final.mp4,210,Well
deepseek_ocr,B,3,11_final.mp4,213,Well
deepseek_ocr,B,3,11_final.mp4,216,Well
deepseek_ocr,B,3,11_final.mp4,219,Well
deepseek_ocr,B,3,11_final.mp4,222,Well
deepseek_ocr,B,3,11_final.mp4,225,Well
deepseek_ocr,B,3,11_final.mp4,228,well
deepseek_ocr,B,3,11_final.mp4,231,well
deepseek_ocr,B,3,11_final.mp4,234,Well
deepseek_ocr,B,3,11_final.mp4,237,Well
deepseek_ocr,B,3,11_final.mp4,240,Well
deepseek_ocr,B,3,11_final.mp4,243,Well
deepseek_ocr,B,3,11_final.mp4,246,Well
deepseek_ocr,B,3,11_final.mp4,249,Well
deepseek_ocr,B,3,11_final.mp4,252,Well
deepseek_ocr,B,3,11_final.mp4,255,Well
deepseek_ocr,B,3,11_final.mp4,258,Well
deepseek_ocr,B,3,11_final.mp4,261,Well
deepseek_ocr,B,3,11_final.mp4,264,Well
deepseek_ocr,B,3,11_final.mp4,267,Well
deepseek_ocr,B,3,11_final.mp4,270,Well
deepseek_ocr,B,3,11_final.mp4,273,Well
deepseek_ocr,B,3,11_final.mp4,276,Well
deepseek_ocr,B,3,11_final.mp4,279,Well
deepseek_ocr,B,3,11_final.mp4,282,Well
deepseek_ocr,B,3,11_final.mp4,285,Well
deepseek_ocr,B,3,11_final.mp4,288,Well
deepseek_ocr,B,3,11_final.mp4,291,Well
deepseek_ocr,B,3,11_final.mp4,294,Well
deepseek_ocr,B,3,11_final.mp4,297,Well
deepseek_ocr,B,3,11_final.mp4,300,Well
deepseek_ocr,B,3,11_final.mp4,303,Well
deepseek_ocr,B,3,11_final.mp4,306,Well
deepseek_ocr,B,3,11_final.mp4,309,Well
deepseek_ocr,B,3,11_final.mp4,312,Well
deepseek_ocr,B,3,11_final.mp4,315,Well
deepseek_ocr,B,3,11_final.mp4,318,Well
deepseek_ocr,B,3,11_final.mp4,321,Well
deepseek_ocr,B,3,11_final.mp4,324,Well
deepseek_ocr,B,3,11_final.mp4,327,Well
deepseek_ocr,B,3,11_final.mp4,330,Well
deepseek_ocr,B,3,11_final.mp4,333,Well
deepseek_ocr,B,3,11_final.mp4,336,Well
deepseek_ocr,B,3,11_final.mp4,339,Well
deepseek_ocr,B,3,11_final.mp4,342,Well
deepseek_ocr,B,3,11_final.mp4,345,Well
deepseek_ocr,B,3,11_final.mp4,348,Well
deepseek_ocr,B,3,11_final.mp4,351,Well
deepseek_ocr,B,3,11_final.mp4,354,Well
deepseek_ocr,B,3,11_final.mp4,357,Well
deepseek_ocr,B,3,11_final.mp4,360,Well
deepseek_ocr,B,3,11_final.mp4,363,Well
deepseek_ocr,B,3,11_final.mp4,366,Well
deepseek_ocr,B,3,11_final.mp4,369,Well
deepseek_ocr,B,3,11_final.mp4,372,Well
deepseek_ocr,B,3,11_final.mp4,375,Well
deepseek_ocr,B,3,11_final.mp4,378,Well
deepseek_ocr,B,3,11_final.mp4,381,Well
deepseek_ocr,B,3,11_final.mp4,384,Well
deepseek_ocr,B,3,11_final.mp4,387,Well
deepseek_ocr,B,3,11_final.mp4,390,Well
deepseek_ocr,B,3,11_final.mp4,393,Well
deepseek_ocr,B,3,11_final.mp4,396,Well
deepseek_ocr,B,3,11_final.mp4,399,Well
deepseek_ocr,B,3,11_final.mp4,402,Well
deepseek_ocr,B,3,11_final.mp4,405,Well
deepseek_ocr,B,3,11_final.mp4,408,Well
deepseek_ocr,B,3,11_final.mp4,411,Well
deepseek_ocr,B,3,11_final.mp4,414,Well
deepseek_ocr,B,3,11_final.mp4,417,Well
deepseek_ocr,B,3,11_final.mp4,420,Well
deepseek_ocr,B,3,11_final.mp4,423,Well
deepseek_ocr,B,3,12_final.mp4,0,Well
deepseek_ocr,B,3,12_final.mp4,3,Well
deepseek_ocr,B,3,12_final.mp4,6,Well
deepseek_ocr,B,3,12_final.mp4,9,Well
deepseek_ocr,B,3,12_final.mp4,12,Well
deepseek_ocr,B,3,12_final.mp4,15,Well
deepseek_ocr,B,3,12_final.mp4,18,Well
deepseek_ocr,B,3,12_final.mp4,21,Well
deepseek_ocr,B,3,12_final.mp4,24,Well
deepseek_ocr,B,3,12_final.mp4,27,Well
deepseek_ocr,B,3,12_final.mp4,30,Well
deepseek_ocr,B,3,12_final.mp4,33,Well
deepseek_ocr,B,3,12_final.mp4,36,Well
deepseek_ocr,B,3,12_final.mp4,39,Well
deepseek_ocr,B,3,12_final.mp4,42,Well
deepseek_ocr,B,3,12_final.mp4,45,Well
deepseek_ocr,B,3,12_final.mp4,48,Well
deepseek_ocr,B,3,12_final.mp4,51,Well
deepseek_ocr,B,3,12_final.mp4,54,Well
deepseek_ocr,B,3,12_final.mp4,57,Well
deepseek_ocr,B,3,12_final.mp4,60,Well
deepseek_ocr,B,3,12_final.mp4,63,Well
deepseek_ocr,B,3,12_final.mp4,66,Well
deepseek_ocr,B,3,12_final.mp4,69,Well
deepseek_ocr,B,3,12_final.mp4,72,Well
deepseek_ocr,B,3,12_final.mp4,75,Well
deepseek_ocr,B,3,12_final.mp4,78,Well
deepseek_ocr,B,3,12_final.mp4,81,Well
deepseek_ocr,B,3,12_final.mp4,84,Well
deepseek_ocr,B,3,12_final.mp4,87,Well
deepseek_ocr,B,3,12_final.mp4,90,Well
deepseek_ocr,B,3,12_final.mp4,93,Well
deepseek_ocr,B,3,12_final.mp4,96,Well
deepseek_ocr,B,3,12_final.mp4,99,Well
deepseek_ocr,B,3,12_final.mp4,102,Well
deepseek_ocr,B,3,12_final.mp4,105,Well
deepseek_ocr,B,3,12_final.mp4,108,Well
deepseek_ocr,B,3,12_final.mp4,111,Well
deepseek_ocr,B,3,12_final.mp4,114,Well
deepseek_ocr,B,3,12_final.mp4,117,Well
deepseek_ocr,B,3,12_final.mp4,120,Well
deepseek_ocr,B,3,12_final.mp4,123,Well
deepseek_ocr,B,3,12_final.mp4,126,Well
deepseek_ocr,B,3,12_final.mp4,129,Well
deepseek_ocr,B,3,12_final.mp4,132,Well
deepseek_ocr,B,3,12_final.mp4,135,Well
deepseek_ocr,B,3,12_final.mp4,138,Well
deepseek_ocr,B,3,12_final.mp4,141,Well
deepseek_ocr,B,3,12_final.mp4,144,Well
deepseek_ocr,B,3,12_final.mp4,147,Well
deepseek_ocr,B,3,12_final.mp4,150,Well
deepseek_ocr,B,3,12_final.mp4,153,Well
deepseek_ocr,B,3,12_final.mp4,156,Well
deepseek_ocr,B,3,12_final.mp4,159,Well
deepseek_ocr,B,3,12_final.mp4,162,Well
deepseek_ocr,B,3,12_final.mp4,165,Well
deepseek_ocr,B,3,12_final.mp4,168,Well
deepseek_ocr,B,3,12_final.mp4,171,Well
deepseek_ocr,B,3,12_final.mp4,174,Well
deepseek_ocr,B,3,12_final.mp4,177,Well
deepseek_ocr,B,3,12_final.mp4,180,Well
deepseek_ocr,B,3,12_final.mp4,183,Well
deepseek_ocr,B,3,12_final.mp4,186,Well
deepseek_ocr,B,3,12_final.mp4,189,Well
deepseek_ocr,B,3,12_final.mp4,192,Well
deepseek_ocr,B,3,12_final.mp4,195,Well
deepseek_ocr,B,3,12_final.mp4,198,Well
deepseek_ocr,B,3,12_final.mp4,201,Well
deepseek_ocr,B,3,12_final.mp4,204,Well
deepseek_ocr,B,3,12_final.mp4,207,Well
deepseek_ocr,B,3,12_final.mp4,210,Well
deepseek_ocr,B,3,12_final.mp4,213,Well
deepseek_ocr,B,3,12_final.mp4,216,Well
deepseek_ocr,B,3,14_final.mp4,0,Well
deepseek_ocr,B,3,14_final.mp4,3,Well
deepseek_ocr,B,3,14_final.mp4,6,Well
deepseek_ocr,B,3,14_final.mp4,9,Well
deepseek_ocr,B,3,14_final.mp4,12,Well
deepseek_ocr,B,3,14_final.mp4,15,Well
deepseek_ocr,B,3,14_final.mp4,18,Well
deepseek_ocr,B,3,14_final.mp4,21,Well
deepseek_ocr,B,3,14_final.mp4,24,Well
deepseek_ocr,B,3,14_final.mp4,27,Well
deepseek_ocr,B,3,14_final.mp4,30,Well
deepseek_ocr,B,3,14_final.mp4,33,Well
deepseek_ocr,B,3,14_final.mp4,36,Well
deepseek_ocr,B,3,14_final.mp4,39,Well
deepseek_ocr,B,3,14_final.mp4,42,Well
deepseek_ocr,B,3,14_final.mp4,45,Well
deepseek_ocr,B,3,14_final.mp4,48,Well
deepseek_ocr,B,3,14_final.mp4,51,Well
deepseek_ocr,B,3,14_final.mp4,54,Well
deepseek_ocr,B,3,14_final.mp4,57,Well
deepseek_ocr,B,3,14_final.mp4,60,Well
deepseek_ocr,B,3,14_final.mp4,63,Well
deepseek_ocr,B,3,14_final.mp4,66,Well
deepseek_ocr,B,3,14_final.mp4,69,Well
deepseek_ocr,B,3,14_final.mp4,72,Well
deepseek_ocr,B,3,14_final.mp4,75,Well
deepseek_ocr,B,3,14_final.mp4,78,Well
deepseek_ocr,B,3,14_final.mp4,81,Well
deepseek_ocr,B,3,14_final.mp4,84,Well
deepseek_ocr,B,3,14_final.mp4,87,Well
deepseek_ocr,B,3,14_final.mp4,90,Well
deepseek_ocr,B,3,14_final.mp4,93,Well
deepseek_ocr,B,3,14_final.mp4,96,Well
deepseek_ocr,B,3,14_final.mp4,99,Well
deepseek_ocr,B,3,14_final.mp4,102,Well
deepseek_ocr,B,3,14_final.mp4,105,Well
deepseek_ocr,B,3,14_final.mp4,108,Well
deepseek_ocr,B,3,14_final.mp4,111,Well
deepseek_ocr,B,3,14_final.mp4,114,Well
deepseek_ocr,B,3,14_final.mp4,117,Well
deepseek_ocr,B,3,14_final.mp4,120,Well
deepseek_ocr,B,3,14_final.mp4,123,Well
deepseek_ocr,B,3,14_final.mp4,126,Well
deepseek_ocr,B,3,14_final.mp4,129,Well
deepseek_ocr,B,3,14_final.mp4,132,Well
deepseek_ocr,B,3,14_final.mp4,135,Well
deepseek_ocr,B,3,14_final.mp4,138,Well
deepseek_ocr,B,3,14_final.mp4,141,Well
deepseek_ocr,B,3,14_final.mp4,144,Well
deepseek_ocr,B,3,14_final.mp4,147,Well
deepseek_ocr,B,3,14_final.mp4,150,Well
deepseek_ocr,B,3,14_final.mp4,153,Well
deepseek_ocr,B,3,14_final.mp4,156,Well
deepseek_ocr,B,3,14_final.mp4,159,Well
deepseek_ocr,B,3,14_final.mp4,162,Well
deepseek_ocr,B,3,14_final.mp4,165,Well
deepseek_ocr,B,3,14_final.mp4,168,Well
deepseek_ocr,B,3,14_final.mp4,171,Well
deepseek_ocr,B,3,14_final.mp4,174,Well
deepseek_ocr,B,3,14_final.mp4,177,Well
deepseek_ocr,B,3,14_final.mp4,180,Well
deepseek_ocr,B,3,14_final.mp4,183,Well
deepseek_ocr,B,3,14_final.mp4,186,Well
deepseek_ocr,B,3,14_final.mp4,189,Well
deepseek_ocr,B,3,14_final.mp4,192,Well
deepseek_ocr,B,3,14_final.mp4,195,Well
deepseek_ocr,B,3,14_final.mp4,198,Well
deepseek_ocr,B,3,14_final.mp4,201,Well
deepseek_ocr,B,3,14_final.mp4,204,Well
deepseek_ocr,B,3,14_final.mp4,207,Well
deepseek_ocr,B,3,14_final.mp4,210,Well
deepseek_ocr,B,3,14_final.mp4,213,Well
deepseek_ocr,B,3,14_final.mp4,216,Well
deepseek_ocr,B,3,14_final.mp4,219,Well
deepseek_ocr,B,3,14_final.mp4,222,Well
deepseek_ocr,B,3,14_final.mp4,225,Well
deepseek_ocr,B,3,14_final.mp4,228,Well
deepseek_ocr,B,3,14_final.mp4,231,Well
deepseek_ocr,B,3,14_final.mp4,234,Well
deepseek_ocr,B,3,14_final.mp4,237,Well
deepseek_ocr,B,3,14_final.mp4,240,Well
deepseek_ocr,B,3,14_final.mp4,243,Well
deepseek_ocr,B,3,14_final.mp4,246,well
deepseek_ocr,B,3,14_final.mp4,249,Well
deepseek_ocr,B,3,14_final.mp4,252,well
deepseek_ocr,B,3,14_final.mp4,255,Well
deepseek_ocr,B,3,14_final.mp4,258,Well
deepseek_ocr,B,3,14_final.mp4,261,Well
deepseek_ocr,B,3,14_final.mp4,264,Well
deepseek_ocr,B,3,14_final.mp4,267,Well
deepseek_ocr,B,3,14_final.mp4,270,Well
deepseek_ocr,B,3,14_final.mp4,273,Well
deepseek_ocr,B,3,14_final.mp4,276,Well
deepseek_ocr,B,3,14_final.mp4,279,Well
deepseek_ocr,B,3,14_final.mp4,282,Well
deepseek_ocr,B,3,14_final.mp4,285,Well
deepseek_ocr,B,3,14_final.mp4,288,Well
deepseek_ocr,B,3,14_final.mp4,291,Well
deepseek_ocr,B,3,14_final.mp4,294,Well
deepseek_ocr,B,3,14_final.mp4,297,Well
deepseek_ocr,B,3,14_final.mp4,300,Well
deepseek_ocr,B,3,14_final.mp4,303,Well
deepseek_ocr,B,3,14_final.mp4,306,Well
deepseek_ocr,B,3,14_final.mp4,309,Well
deepseek_ocr,B,3,14_final.mp4,312,Well
deepseek_ocr,B,3,14_final.mp4,315,Well
deepseek_ocr,B,3,14_final.mp4,318,Well
deepseek_ocr,B,3,14_final.mp4,321,Well
deepseek_ocr,B,3,14_final.mp4,324,Well
deepseek_ocr,B,3,14_final.mp4,327,Well
deepseek_ocr,B,3,14_final.mp4,330,Well
deepseek_ocr,B,3,14_final.mp4,333,Well
deepseek_ocr,B,3,14_final.mp4,336,Well
deepseek_ocr,B,3,14_final.mp4,339,Well
deepseek_ocr,B,3,14_final.mp4,342,Well
deepseek_ocr,B,3,14_final.mp4,345,Well
deepseek_ocr,B,3,14_final.mp4,348,Well
deepseek_ocr,B,3,14_final.mp4,351,Well
deepseek_ocr,B,3,14_final.mp4,354,Well
deepseek_ocr,B,3,14_final.mp4,357,Well
deepseek_ocr,B,3,14_final.mp4,360,Well
deepseek_ocr,B,3,14_final.mp4,363,Well
deepseek_ocr,B,3,14_final.mp4,366,Well
deepseek_ocr,B,3,14_final.mp4,369,Well
deepseek_ocr,B,3,14_final.mp4,372,Well
deepseek_ocr,B,3,14_final.mp4,375,Well
deepseek_ocr,B,3,14_final.mp4,378,Well
deepseek_ocr,B,3,14_final.mp4,381,Well
deepseek_ocr,B,3,14_final.mp4,384,Well
deepseek_ocr,B,3,14_final.mp4,387,Well
deepseek_ocr,B,3,15_final.mp4,0,Well
deepseek_ocr,B,3,15_final.mp4,3,Well
deepseek_ocr,B,3,15_final.mp4,6,Well
deepseek_ocr,B,3,15_final.mp4,9,Well
deepseek_ocr,B,3,15_final.mp4,12,Well
deepseek_ocr,B,3,15_final.mp4,15,Well
deepseek_ocr,B,3,15_final.mp4,18,Well
deepseek_ocr,B,3,15_final.mp4,21,Well
deepseek_ocr,B,3,15_final.mp4,24,Well
deepseek_ocr,B,3,15_final.mp4,27,Well
deepseek_ocr,B,3,15_final.mp4,30,Well
deepseek_ocr,B,3,15_final.mp4,33,Well
deepseek_ocr,B,3,15_final.mp4,36,Well
deepseek_ocr,B,3,15_final.mp4,39,Well
deepseek_ocr,B,3,15_final.mp4,42,Well
deepseek_ocr,B,3,15_final.mp4,45,Well
deepseek_ocr,B,3,15_final.mp4,48,Well
deepseek_ocr,B,3,15_final.mp4,51,Well
deepseek_ocr,B,3,15_final.mp4,54,Well
deepseek_ocr,B,3,15_final.mp4,57,Well
deepseek_ocr,B,3,15_final.mp4,60,Well
deepseek_ocr,B,3,15_final.mp4,63,Well
deepseek_ocr,B,3,15_final.mp4,66,well
deepseek_ocr,B,3,15_final.mp4,69,Well
deepseek_ocr,B,3,15_final.mp4,72,Well
deepseek_ocr,B,3,15_final.mp4,75,Well
deepseek_ocr,B,3,15_final.mp4,78,Well
deepseek_ocr,B,3,15_final.mp4,81,Well
deepseek_ocr,B,3,15_final.mp4,84,Well
deepseek_ocr,B,3,15_final.mp4,87,Well
deepseek_ocr,B,3,15_final.mp4,90,Well
deepseek_ocr,B,3,15_final.mp4,93,Well
deepseek_ocr,B,3,15_final.mp4,96,Well
deepseek_ocr,B,3,15_final.mp4,99,well
deepseek_ocr,B,3,15_final.mp4,102,Well
deepseek_ocr,B,3,15_final.mp4,105,Well
deepseek_ocr,B,3,15_final.mp4,108,Well
deepseek_ocr,B,3,15_final.mp4,111,Well
deepseek_ocr,B,3,15_final.mp4,114,Well
deepseek_ocr,B,3,15_final.mp4,117,Well
deepseek_ocr,B,3,15_final.mp4,120,Well
deepseek_ocr,B,3,15_final.mp4,123,Well
deepseek_ocr,B,3,15_final.mp4,126,Well
deepseek_ocr,B,3,15_final.mp4,129,Well
deepseek_ocr,B,3,15_final.mp4,132,Well
deepseek_ocr,B,3,15_final.mp4,135,Well
deepseek_ocr,B,3,15_final.mp4,138,Well
deepseek_ocr,B,3,15_final.mp4,141,Well
deepseek_ocr,B,3,15_final.mp4,144,Well
deepseek_ocr,B,3,15_final.mp4,147,Well
deepseek_ocr,B,3,15_final.mp4,150,Well
deepseek_ocr,B,3,15_final.mp4,153,Well
deepseek_ocr,B,3,15_final.mp4,156,Well
deepseek_ocr,B,3,15_final.mp4,159,Well
deepseek_ocr,B,3,15_final.mp4,162,Well
deepseek_ocr,B,3,15_final.mp4,165,Well
deepseek_ocr,B,3,15_final.mp4,168,Well
deepseek_ocr,B,3,15_final.mp4,171,Well
deepseek_ocr,B,3,15_final.mp4,174,Well
deepseek_ocr,B,3,15_final.mp4,177,Well
deepseek_ocr,B,3,15_final.mp4,180,Well
deepseek_ocr,B,3,15_final.mp4,183,Well
deepseek_ocr,B,3,15_final.mp4,186,Well
deepseek_ocr,B,3,15_final.mp4,189,Well
deepseek_ocr,B,3,15_final.mp4,192,Well
deepseek_ocr,B,3,15_final.mp4,195,Well
deepseek_ocr,B,3,15_final.mp4,198,Well
deepseek_ocr,B,3,15_final.mp4,201,Well
deepseek_ocr,B,3,15_final.mp4,204,Well
deepseek_ocr,B,3,15_final.mp4,207,Well
deepseek_ocr,B,3,15_final.mp4,210,Well
deepseek_ocr,B,3,15_final.mp4,213,Well
deepseek_ocr,B,3,15_final.mp4,216,Well
deepseek_ocr,B,3,19_final.mp4,0,Well
deepseek_ocr,B,3,19_final.mp4,3,Well
deepseek_ocr,B,3,19_final.mp4,6,Well
deepseek_ocr,B,3,19_final.mp4,9,Well
deepseek_ocr,B,3,19_final.mp4,12,well
deepseek_ocr,B,3,19_final.mp4,15,Well
deepseek_ocr,B,3,19_final.mp4,18,Well
deepseek_ocr,B,3,19_final.mp4,21,Well
deepseek_ocr,B,3,19_final.mp4,24,Well
deepseek_ocr,B,3,19_final.mp4,27,Well
deepseek_ocr,B,3,19_final.mp4,30,Well
deepseek_ocr,B,3,19_final.mp4,33,Well
deepseek_ocr,B,3,19_final.mp4,36,Well
deepseek_ocr,B,3,19_final.mp4,39,Well
deepseek_ocr,B,3,19_final.mp4,42,Well
deepseek_ocr,B,3,19_final.mp4,45,Well
deepseek_ocr,B,3,19_final.mp4,48,Well
deepseek_ocr,B,3,19_final.mp4,51,Well
deepseek_ocr,B,3,19_final.mp4,54,Well
deepseek_ocr,B,3,19_final.mp4,57,Well
deepseek_ocr,B,3,19_final.mp4,60,Well
deepseek_ocr,B,3,19_final.mp4,63,Well
deepseek_ocr,B,3,19_final.mp4,66,Well
deepseek_ocr,B,3,19_final.mp4,69,Well
deepseek_ocr,B,3,19_final.mp4,72,Well
deepseek_ocr,B,3,19_final.mp4,75,Well
deepseek_ocr,B,3,19_final.mp4,78,Well
deepseek_ocr,B,3,19_final.mp4,81,Well
deepseek_ocr,B,3,19_final.mp4,84,Well
deepseek_ocr,B,3,19_final.mp4,87,Well
deepseek_ocr,B,3,19_final.mp4,90,Well
deepseek_ocr,B,3,19_final.mp4,93,Well
deepseek_ocr,B,3,19_final.mp4,96,Well
deepseek_ocr,B,3,19_final.mp4,99,Well
deepseek_ocr,B,3,19_final.mp4,102,Well
deepseek_ocr,B,3,19_final.mp4,105,Well
deepseek_ocr,B,3,19_final.mp4,108,Well
deepseek_ocr,B,3,19_final.mp4,111,Well
deepseek_ocr,B,3,19_final.mp4,114,Well
deepseek_ocr,B,3,19_final.mp4,117,well
deepseek_ocr,B,3,19_final.mp4,120,well
deepseek_ocr,B,3,19_final.mp4,123,Well
deepseek_ocr,B,3,19_final.mp4,126,Well
deepseek_ocr,B,3,19_final.mp4,129,Well
deepseek_ocr,B,3,19_final.mp4,132,Well
deepseek_ocr,B,3,19_final.mp4,135,Well
deepseek_ocr,B,3,19_final.mp4,138,Well
deepseek_ocr,B,3,19_final.mp4,141,Well
deepseek_ocr,B,3,19_final.mp4,144,Well
deepseek_ocr,B,3,19_final.mp4,147,Well
deepseek_ocr,B,3,19_final.mp4,150,Well
deepseek_ocr,B,3,19_final.mp4,153,Well
deepseek_ocr,B,3,19_final.mp4,156,Well
deepseek_ocr,B,3,19_final.mp4,159,Well
deepseek_ocr,B,3,19_final.mp4,162,Well
deepseek_ocr,B,3,19_final.mp4,165,Well
deepseek_ocr,B,3,19_final.mp4,168,Well
deepseek_ocr,B,3,19_final.mp4,171,Well
deepseek_ocr,B,3,19_final.mp4,174,well
deepseek_ocr,B,3,19_final.mp4,177,Well
deepseek_ocr,B,3,19_final.mp4,180,Well
deepseek_ocr,B,3,19_final.mp4,183,Well
deepseek_ocr,B,3,19_final.mp4,186,Well
deepseek_ocr,B,3,19_final.mp4,189,Well
deepseek_ocr,B,3,19_final.mp4,192,Well
deepseek_ocr,B,3,19_final.mp4,195,Well
deepseek_ocr,B,3,19_final.mp4,198,Well
deepseek_ocr,B,3,19_final.mp4,201,Well
deepseek_ocr,B,3,19_final.mp4,204,Well
deepseek_ocr,B,3,19_final.mp4,207,Well
deepseek_ocr,B,3,19_final.mp4,210,Well
deepseek_ocr,B,3,19_final.mp4,213,Well
deepseek_ocr,B,3,19_final.mp4,216,Well
deepseek_ocr,B,3,19_final.mp4,219,Well
deepseek_ocr,B,3,19_final.mp4,222,Well
deepseek_ocr,B,3,19_final.mp4,225,Well
deepseek_ocr,B,3,19_final.mp4,228,Well
deepseek_ocr,B,3,19_final.mp4,231,Well
deepseek_ocr,B,3,19_final.mp4,234,Well
deepseek_ocr,B,3,19_final.mp4,237,Well
deepseek_ocr,B,3,19_final.mp4,240,Well
deepseek_ocr,B,3,19_final.mp4,243,Well
deepseek_ocr,B,3,19_final.mp4,246,Well
deepseek_ocr,B,3,19_final.mp4,249,Well
deepseek_ocr,B,3,19_final.mp4,252,Well
deepseek_ocr,B,3,19_final.mp4,255,Well
deepseek_ocr,B,3,19_final.mp4,258,Well
deepseek_ocr,B,3,19_final.mp4,261,Well
deepseek_ocr,B,3,19_final.mp4,264,Well
deepseek_ocr,B,3,19_final.mp4,267,Well
deepseek_ocr,B,3,21_final.mp4,0,Well
deepseek_ocr,B,3,21_final.mp4,3,Well
deepseek_ocr,B,3,21_final.mp4,6,Well
deepseek_ocr,B,3,21_final.mp4,9,Well
deepseek_ocr,B,3,21_final.mp4,12,Well
deepseek_ocr,B,3,21_final.mp4,15,Well
deepseek_ocr,B,3,21_final.mp4,18,Well
deepseek_ocr,B,3,21_final.mp4,21,Well
deepseek_ocr,B,3,21_final.mp4,24,Well
deepseek_ocr,B,3,21_final.mp4,27,Well
deepseek_ocr,B,3,21_final.mp4,30,Well
deepseek_ocr,B,3,21_final.mp4,33,Well
deepseek_ocr,B,3,21_final.mp4,36,Well
deepseek_ocr,B,3,21_final.mp4,39,Well
deepseek_ocr,B,3,21_final.mp4,42,Well
deepseek_ocr,B,3,21_final.mp4,45,Well
deepseek_ocr,B,3,21_final.mp4,48,Well
deepseek_ocr,B,3,21_final.mp4,51,Well
deepseek_ocr,B,3,21_final.mp4,54,Well
deepseek_ocr,B,3,21_final.mp4,57,Well
deepseek_ocr,B,3,21_final.mp4,60,Well
deepseek_ocr,B,3,21_final.mp4,63,Well
deepseek_ocr,B,3,21_final.mp4,66,Well
deepseek_ocr,B,3,21_final.mp4,69,Well
deepseek_ocr,B,3,21_final.mp4,72,Well
deepseek_ocr,B,3,21_final.mp4,75,Well
deepseek_ocr,B,3,21_final.mp4,78,Well
deepseek_ocr,B,3,21_final.mp4,81,Well
deepseek_ocr,B,3,21_final.mp4,84,Well
deepseek_ocr,B,3,21_final.mp4,87,Well
deepseek_ocr,B,3,21_final.mp4,90,Well
deepseek_ocr,B,3,21_final.mp4,93,Well
deepseek_ocr,B,3,21_final.mp4,96,Well
deepseek_ocr,B,3,21_final.mp4,99,Well
deepseek_ocr,B,3,21_final.mp4,102,Well
deepseek_ocr,B,3,21_final.mp4,105,Well
deepseek_ocr,B,3,21_final.mp4,108,Well
deepseek_ocr,B,3,21_final.mp4,111,Well
deepseek_ocr,B,3,21_final.mp4,114,Well
deepseek_ocr,B,3,21_final.mp4,117,Well
deepseek_ocr,B,3,21_final.mp4,120,Well
deepseek_ocr,B,3,21_final.mp4,123,Well
deepseek_ocr,B,3,21_final.mp4,126,Well
deepseek_ocr,B,3,21_final.mp4,129,Well
deepseek_ocr,B,3,21_final.mp4,132,Well
deepseek_ocr,B,3,21_final.mp4,135,Well
deepseek_ocr,B,3,21_final.mp4,138,Well
deepseek_ocr,B,3,21_final.mp4,141,Well
deepseek_ocr,B,3,21_final.mp4,144,Well
deepseek_ocr,B,3,21_final.mp4,147,Well
deepseek_ocr,B,3,21_final.mp4,150,Well
deepseek_ocr,B,3,21_final.mp4,153,Well
deepseek_ocr,B,3,21_final.mp4,156,Well
deepseek_ocr,B,3,21_final.mp4,159,Well
deepseek_ocr,B,3,21_final.mp4,162,Well
deepseek_ocr,B,3,21_final.mp4,165,Well
deepseek_ocr,B,3,21_final.mp4,168,Well
deepseek_ocr,B,3,21_final.mp4,171,Well
deepseek_ocr,B,3,21_final.mp4,174,Well
deepseek_ocr,B,3,21_final.mp4,177,Well
deepseek_ocr,B,3,21_final.mp4,180,Well
deepseek_ocr,B,3,21_final.mp4,183,Well
deepseek_ocr,B,3,21_final.mp4,186,Well
deepseek_ocr,B,3,21_final.mp4,189,Well
deepseek_ocr,B,3,21_final.mp4,192,Well
deepseek_ocr,B,3,21_final.mp4,195,Well
deepseek_ocr,B,3,21_final.mp4,198,Well
deepseek_ocr,B,3,21_final.mp4,201,Well
deepseek_ocr,B,3,21_final.mp4,204,Well
deepseek_ocr,B,3,21_final.mp4,207,Well
deepseek_ocr,B,3,21_final.mp4,210,Well
deepseek_ocr,B,3,21_final.mp4,213,Well
deepseek_ocr,B,3,21_final.mp4,216,Well
deepseek_ocr,B,3,21_final.mp4,219,Well
deepseek_ocr,B,3,21_final.mp4,222,Well
deepseek_ocr,B,3,21_final.mp4,225,Well
deepseek_ocr,B,3,21_final.mp4,228,Well
deepseek_ocr,B,3,21_final.mp4,231,Well
deepseek_ocr,B,3,21_final.mp4,234,Well
deepseek_ocr,B,3,21_final.mp4,237,Well
deepseek_ocr,B,3,21_final.mp4,240,Well
deepseek_ocr,B,3,21_final.mp4,243,Well
deepseek_ocr,B,3,21_final.mp4,246,Well
deepseek_ocr,B,3,21_final.mp4,249,Well
deepseek_ocr,B,3,21_final.mp4,252,Well
deepseek_ocr,B,3,21_final.mp4,255,Well
deepseek_ocr,B,3,21_final.mp4,258,Well
deepseek_ocr,B,3,21_final.mp4,261,Well
deepseek_ocr,B,3,21_final.mp4,264,Well
deepseek_ocr,B,3,21_final.mp4,267,Well
deepseek_ocr,B,3,21_final.mp4,270,Well
deepseek_ocr,B,3,21_final.mp4,273,Well
deepseek_ocr,B,3,21_final.mp4,276,Well
deepseek_ocr,B,3,21_final.mp4,279,Well
deepseek_ocr,B,3,21_final.mp4,282,Well
deepseek_ocr,B,3,21_final.mp4,285,Well
deepseek_ocr,B,3,21_final.mp4,288,Well
deepseek_ocr,B,3,21_final.mp4,291,Well
deepseek_ocr,B,3,21_final.mp4,294,Well
deepseek_ocr,B,3,21_final.mp4,297,Well
deepseek_ocr,B,3,21_final.mp4,300,Well
deepseek_ocr,B,3,21_final.mp4,303,Well
deepseek_ocr,B,3,21_final.mp4,306,Well
deepseek_ocr,B,3,21_final.mp4,309,Well
deepseek_ocr,B,3,21_final.mp4,312,Well
deepseek_ocr,B,3,21_final.mp4,315,Well
deepseek_ocr,B,3,21_final.mp4,318,Well
deepseek_ocr,B,3,21_final.mp4,321,Well
deepseek_ocr,B,3,21_final.mp4,324,Well
deepseek_ocr,B,3,21_final.mp4,327,Well
deepseek_ocr,B,3,22_final.mp4,0,Well
deepseek_ocr,B,3,22_final.mp4,3,Well
deepseek_ocr,B,3,22_final.mp4,6,Well
deepseek_ocr,B,3,22_final.mp4,9,Well
deepseek_ocr,B,3,22_final.mp4,12,Well
deepseek_ocr,B,3,22_final.mp4,15,Well
deepseek_ocr,B,3,22_final.mp4,18,Well
deepseek_ocr,B,3,22_final.mp4,21,Well
deepseek_ocr,B,3,22_final.mp4,24,Well
deepseek_ocr,B,3,22_final.mp4,27,Well
deepseek_ocr,B,3,22_final.mp4,30,Well
deepseek_ocr,B,3,22_final.mp4,33,Well
deepseek_ocr,B,3,22_final.mp4,36,Well
deepseek_ocr,B,3,22_final.mp4,39,Well
deepseek_ocr,B,3,22_final.mp4,42,Well
deepseek_ocr,B,3,22_final.mp4,45,Well
deepseek_ocr,B,3,22_final.mp4,48,Well
deepseek_ocr,B,3,22_final.mp4,51,Well
deepseek_ocr,B,3,22_final.mp4,54,Well
deepseek_ocr,B,3,22_final.mp4,57,Well
deepseek_ocr,B,3,22_final.mp4,60,Well
deepseek_ocr,B,3,22_final.mp4,63,Well
deepseek_ocr,B,3,22_final.mp4,66,Well
deepseek_ocr,B,3,22_final.mp4,69,Well
deepseek_ocr,B,3,22_final.mp4,72,Well
deepseek_ocr,B,3,22_final.mp4,75,Well
deepseek_ocr,B,3,22_final.mp4,78,Well
deepseek_ocr,B,3,22_final.mp4,81,Well
deepseek_ocr,B,3,22_final.mp4,84,Well
deepseek_ocr,B,3,22_final.mp4,87,Well
deepseek_ocr,B,3,22_final.mp4,90,Well
deepseek_ocr,B,3,22_final.mp4,93,Well
deepseek_ocr,B,3,22_final.mp4,96,Well
deepseek_ocr,B,3,22_final.mp4,99,Well
deepseek_ocr,B,3,22_final.mp4,102,Well
deepseek_ocr,B,3,22_final.mp4,105,Well
deepseek_ocr,B,3,22_final.mp4,108,Well
deepseek_ocr,B,3,22_final.mp4,111,Well
deepseek_ocr,B,3,22_final.mp4,114,Well
deepseek_ocr,B,3,22_final.mp4,117,Well
deepseek_ocr,B,3,22_final.mp4,120,Well
deepseek_ocr,B,3,22_final.mp4,123,Well
deepseek_ocr,B,3,22_final.mp4,126,Well
deepseek_ocr,B,3,22_final.mp4,129,Well
deepseek_ocr,B,3,22_final.mp4,132,Well
deepseek_ocr,B,3,22_final.mp4,135,Well
deepseek_ocr,B,3,22_final.mp4,138,Well
deepseek_ocr,B,3,22_final.mp4,141,Well
deepseek_ocr,B,3,22_final.mp4,144,Well
deepseek_ocr,B,3,22_final.mp4,147,Well
deepseek_ocr,B,3,22_final.mp4,150,Well
deepseek_ocr,B,3,22_final.mp4,153,Well
deepseek_ocr,B,3,22_final.mp4,156,Well
deepseek_ocr,B,3,22_final.mp4,159,Well
deepseek_ocr,B,3,22_final.mp4,162,Well
deepseek_ocr,B,3,22_final.mp4,165,Well
deepseek_ocr,B,3,22_final.mp4,168,Well
deepseek_ocr,B,3,22_final.mp4,171,Well
deepseek_ocr,B,3,22_final.mp4,174,Well
deepseek_ocr,B,3,22_final.mp4,177,Well
deepseek_ocr,B,3,22_final.mp4,180,Well
deepseek_ocr,B,3,22_final.mp4,183,Well
deepseek_ocr,B,3,22_final.mp4,186,Well
deepseek_ocr,B,3,22_final.mp4,189,Well
deepseek_ocr,B,3,22_final.mp4,192,Well
deepseek_ocr,B,3,22_final.mp4,195,Well
deepseek_ocr,B,3,22_final.mp4,198,Well
deepseek_ocr,B,3,22_final.mp4,201,Well
deepseek_ocr,B,3,22_final.mp4,204,Well
deepseek_ocr,B,3,24_final.mp4,0,Well
deepseek_ocr,B,3,24_final.mp4,3,Well
deepseek_ocr,B,3,24_final.mp4,6,Well
deepseek_ocr,B,3,24_final.mp4,9,Well
deepseek_ocr,B,3,24_final.mp4,12,Well
deepseek_ocr,B,3,24_final.mp4,15,Well
deepseek_ocr,B,3,24_final.mp4,18,Well
deepseek_ocr,B,3,24_final.mp4,21,Well
deepseek_ocr,B,3,24_final.mp4,24,Well
deepseek_ocr,B,3,24_final.mp4,27,Well
deepseek_ocr,B,3,24_final.mp4,30,Well
deepseek_ocr,B,3,24_final.mp4,33,Well
deepseek_ocr,B,3,24_final.mp4,36,Well
deepseek_ocr,B,3,24_final.mp4,39,Well
deepseek_ocr,B,3,24_final.mp4,42,Well
deepseek_ocr,B,3,24_final.mp4,45,Well
deepseek_ocr,B,3,24_final.mp4,48,Well
deepseek_ocr,B,3,24_final.mp4,51,Well
deepseek_ocr,B,3,24_final.mp4,54,Well
deepseek_ocr,B,3,24_final.mp4,57,Well
deepseek_ocr,B,3,24_final.mp4,60,Well
deepseek_ocr,B,3,24_final.mp4,63,Well
deepseek_ocr,B,3,24_final.mp4,66,Well
deepseek_ocr,B,3,24_final.mp4,69,Well
deepseek_ocr,B,3,24_final.mp4,72,Well
deepseek_ocr,B,3,24_final.mp4,75,Well
deepseek_ocr,B,3,24_final.mp4,78,Well
deepseek_ocr,B,3,24_final.mp4,81,Well
deepseek_ocr,B,3,24_final.mp4,84,Well
deepseek_ocr,B,3,24_final.mp4,87,Well
deepseek_ocr,B,3,24_final.mp4,90,Well
deepseek_ocr,B,3,24_final.mp4,93,Well
deepseek_ocr,B,3,24_final.mp4,96,Well
deepseek_ocr,B,3,24_final.mp4,99,Well
deepseek_ocr,B,3,24_final.mp4,102,Well
deepseek_ocr,B,3,24_final.mp4,105,Well
deepseek_ocr,B,3,24_final.mp4,108,Well
deepseek_ocr,B,3,24_final.mp4,111,Well
deepseek_ocr,B,3,24_final.mp4,114,Well
deepseek_ocr,B,3,24_final.mp4,117,Well
deepseek_ocr,B,3,24_final.mp4,120,Well
deepseek_ocr,B,3,24_final.mp4,123,Well
deepseek_ocr,B,3,24_final.mp4,126,Well
deepseek_ocr,B,3,24_final.mp4,129,Well
deepseek_ocr,B,3,24_final.mp4,132,Well
deepseek_ocr,B,3,24_final.mp4,135,Well
deepseek_ocr,B,3,24_final.mp4,138,Well
deepseek_ocr,B,3,24_final.mp4,141,Well
deepseek_ocr,B,3,24_final.mp4,144,Well
deepseek_ocr,B,3,24_final.mp4,147,Well
deepseek_ocr,B,3,24_final.mp4,150,Well
deepseek_ocr,B,3,24_final.mp4,153,Well
deepseek_ocr,B,3,24_final.mp4,156,Well
deepseek_ocr,B,3,24_final.mp4,159,Well
deepseek_ocr,B,3,24_final.mp4,162,Well
deepseek_ocr,B,3,24_final.mp4,165,Well
deepseek_ocr,B,3,24_final.mp4,168,Well
deepseek_ocr,B,3,24_final.mp4,171,Well
deepseek_ocr,B,3,24_final.mp4,174,Well
deepseek_ocr,B,3,24_final.mp4,177,Well
deepseek_ocr,B,3,24_final.mp4,180,Well
deepseek_ocr,B,3,24_final.mp4,183,Well
deepseek_ocr,B,3,24_final.mp4,186,Well
deepseek_ocr,B,3,24_final.mp4,189,Well
deepseek_ocr,B,3,24_final.mp4,192,Well
deepseek_ocr,B,3,24_final.mp4,195,Well
deepseek_ocr,B,3,24_final.mp4,198,Well
deepseek_ocr,B,3,24_final.mp4,201,Well
deepseek_ocr,B,3,24_final.mp4,204,Well
deepseek_ocr,B,3,24_final.mp4,207,Well
deepseek_ocr,B,3,24_final.mp4,210,Well
deepseek_ocr,B,3,24_final.mp4,213,Well
deepseek_ocr,B,3,24_final.mp4,216,Well
deepseek_ocr,B,3,24_final.mp4,219,Well
deepseek_ocr,B,3,24_final.mp4,222,Well
deepseek_ocr,B,3,24_final.mp4,225,Well
deepseek_ocr,B,3,24_final.mp4,228,Well
deepseek_ocr,B,3,24_final.mp4,231,Well
deepseek_ocr,B,3,24_final.mp4,234,Well
deepseek_ocr,B,3,24_final.mp4,237,Well
deepseek_ocr,B,3,24_final.mp4,240,Well
deepseek_ocr,B,3,24_final.mp4,243,Well
deepseek_ocr,B,3,24_final.mp4,246,Well
deepseek_ocr,B,3,24_final.mp4,249,Well
deepseek_ocr,B,3,24_final.mp4,252,Well
deepseek_ocr,B,3,24_final.mp4,255,Well
deepseek_ocr,B,3,24_final.mp4,258,Well
deepseek_ocr,B,3,24_final.mp4,261,Well
deepseek_ocr,B,3,24_final.mp4,264,Well
deepseek_ocr,B,3,24_final.mp4,267,Well
deepseek_ocr,B,3,24_final.mp4,270,Well
deepseek_ocr,B,3,24_final.mp4,273,Well
deepseek_ocr,B,3,24_final.mp4,276,Well
deepseek_ocr,B,3,24_final.mp4,279,Well
deepseek_ocr,B,3,24_final.mp4,282,Well
deepseek_ocr,B,3,24_final.mp4,285,Well
deepseek_ocr,B,3,24_final.mp4,288,Well
deepseek_ocr,B,3,24_final.mp4,291,Well
deepseek_ocr,B,3,24_final.mp4,294,Well
deepseek_ocr,B,3,24_final.mp4,297,Well
deepseek_ocr,B,3,24_final.mp4,300,Well
deepseek_ocr,B,3,24_final.mp4,303,Well
deepseek_ocr,B,3,24_final.mp4,306,Well
deepseek_ocr,B,3,24_final.mp4,309,Well
deepseek_ocr,B,3,24_final.mp4,312,Well
deepseek_ocr,B,3,24_final.mp4,315,Well
deepseek_ocr,B,3,24_final.mp4,318,Well
deepseek_ocr,B,3,24_final.mp4,321,Well
deepseek_ocr,B,3,24_final.mp4,324,Well
deepseek_ocr,B,3,24_final.mp4,327,Well
deepseek_ocr,B,3,24_final.mp4,330,Well
deepseek_ocr,B,3,24_final.mp4,333,Well
deepseek_ocr,B,3,24_final.mp4,336,Well
deepseek_ocr,B,3,24_final.mp4,339,Well
deepseek_ocr,B,3,24_final.mp4,342,Well
deepseek_ocr,B,3,24_final.mp4,345,Well
deepseek_ocr,B,3,24_final.mp4,348,Well
deepseek_ocr,B,3,24_final.mp4,351,Well
deepseek_ocr,B,3,24_final.mp4,354,Well
deepseek_ocr,B,3,24_final.mp4,357,Well
deepseek_ocr,B,3,24_final.mp4,360,Well
deepseek_ocr,B,3,24_final.mp4,363,Well
deepseek_ocr,B,3,24_final.mp4,366,Well
deepseek_ocr,B,3,24_final.mp4,369,Well
deepseek_ocr,B,3,24_final.mp4,372,Well
deepseek_ocr,B,3,29_final.mp4,0,Well
deepseek_ocr,B,3,29_final.mp4,3,Well
deepseek_ocr,B,3,29_final.mp4,6,Well
deepseek_ocr,B,3,29_final.mp4,9,Well
deepseek_ocr,B,3,29_final.mp4,12,Well
deepseek_ocr,B,3,29_final.mp4,15,Well
deepseek_ocr,B,3,29_final.mp4,18,Well
deepseek_ocr,B,3,29_final.mp4,21,Well
deepseek_ocr,B,3,29_final.mp4,24,Well
deepseek_ocr,B,3,29_final.mp4,27,Well
deepseek_ocr,B,3,29_final.mp4,30,Well
deepseek_ocr,B,3,29_final.mp4,33,Well
deepseek_ocr,B,3,29_final.mp4,36,Well
deepseek_ocr,B,3,29_final.mp4,39,Well
deepseek_ocr,B,3,29_final.mp4,42,Well
deepseek_ocr,B,3,29_final.mp4,45,Well
deepseek_ocr,B,3,29_final.mp4,48,Well
deepseek_ocr,B,3,29_final.mp4,51,Well
deepseek_ocr,B,3,29_final.mp4,54,Well
deepseek_ocr,B,3,29_final.mp4,57,Well
deepseek_ocr,B,3,29_final.mp4,60,Well
deepseek_ocr,B,3,29_final.mp4,63,Well
deepseek_ocr,B,3,29_final.mp4,66,Well
deepseek_ocr,B,3,29_final.mp4,69,Well
deepseek_ocr,B,3,29_final.mp4,72,Well
deepseek_ocr,B,3,29_final.mp4,75,Well
deepseek_ocr,B,3,29_final.mp4,78,Well
deepseek_ocr,B,3,29_final.mp4,81,Well
deepseek_ocr,B,3,29_final.mp4,84,Well
deepseek_ocr,B,3,29_final.mp4,87,Well
deepseek_ocr,B,3,29_final.mp4,90,Well
deepseek_ocr,B,3,29_final.mp4,93,Well
deepseek_ocr,B,3,29_final.mp4,96,Well
deepseek_ocr,B,3,29_final.mp4,99,Well
deepseek_ocr,B,3,29_final.mp4,102,Well
deepseek_ocr,B,3,29_final.mp4,105,Well
deepseek_ocr,B,3,29_final.mp4,108,Well
deepseek_ocr,B,3,29_final.mp4,111,Well
deepseek_ocr,B,3,29_final.mp4,114,Well
deepseek_ocr,B,3,29_final.mp4,117,Well
deepseek_ocr,B,3,29_final.mp4,120,Well
deepseek_ocr,B,3,29_final.mp4,123,Well
deepseek_ocr,B,3,29_final.mp4,126,Well
deepseek_ocr,B,3,29_final.mp4,129,Well
deepseek_ocr,B,3,29_final.mp4,132,Well
deepseek_ocr,B,3,29_final.mp4,135,Well
deepseek_ocr,B,3,29_final.mp4,138,Well
deepseek_ocr,B,3,29_final.mp4,141,Well
deepseek_ocr,B,3,29_final.mp4,144,Well
deepseek_ocr,B,3,29_final.mp4,147,Well
deepseek_ocr,B,3,29_final.mp4,150,Well
deepseek_ocr,B,3,29_final.mp4,153,Well
deepseek_ocr,B,3,29_final.mp4,156,Well
deepseek_ocr,B,3,29_final.mp4,159,Well
deepseek_ocr,B,3,29_final.mp4,162,Well
deepseek_ocr,B,3,29_final.mp4,165,Well
deepseek_ocr,B,3,29_final.mp4,168,Well
deepseek_ocr,B,3,29_final.mp4,171,Well
deepseek_ocr,B,3,29_final.mp4,174,Well
deepseek_ocr,B,3,29_final.mp4,177,Well
deepseek_ocr,B,3,29_final.mp4,180,Well
deepseek_ocr,B,3,29_final.mp4,183,Well
deepseek_ocr,B,3,29_final.mp4,186,Well
deepseek_ocr,B,3,29_final.mp4,189,Well
deepseek_ocr,B,3,29_final.mp4,192,Well
deepseek_ocr,B,3,29_final.mp4,195,Well
deepseek_ocr,B,3,29_final.mp4,198,Well
deepseek_ocr,B,3,29_final.mp4,201,Well
deepseek_ocr,B,3,29_final.mp4,204,Well
deepseek_ocr,B,3,29_final.mp4,207,Well
deepseek_ocr,B,3,29_final.mp4,210,Well
deepseek_ocr,B,3,29_final.mp4,213,Well
deepseek_ocr,B,3,29_final.mp4,216,Well
deepseek_ocr,B,3,30_final.mp4,0,Well
deepseek_ocr,B,3,30_final.mp4,3,Well
deepseek_ocr,B,3,30_final.mp4,6,Well
deepseek_ocr,B,3,30_final.mp4,9,Well
deepseek_ocr,B,3,30_final.mp4,12,Well
deepseek_ocr,B,3,30_final.mp4,15,Well
deepseek_ocr,B,3,30_final.mp4,18,Well
deepseek_ocr,B,3,30_final.mp4,21,Well
deepseek_ocr,B,3,30_final.mp4,24,Well
deepseek_ocr,B,3,30_final.mp4,27,Well
deepseek_ocr,B,3,30_final.mp4,30,Well
deepseek_ocr,B,3,30_final.mp4,33,Well
deepseek_ocr,B,3,30_final.mp4,36,Well
deepseek_ocr,B,3,30_final.mp4,39,Well
deepseek_ocr,B,3,30_final.mp4,42,Well
deepseek_ocr,B,3,30_final.mp4,45,Well
deepseek_ocr,B,3,30_final.mp4,48,Well
deepseek_ocr,B,3,30_final.mp4,51,Well
deepseek_ocr,B,3,30_final.mp4,54,Well
deepseek_ocr,B,3,30_final.mp4,57,Well
deepseek_ocr,B,3,30_final.mp4,60,Well
deepseek_ocr,B,3,30_final.mp4,63,Well
deepseek_ocr,B,3,30_final.mp4,66,Well
deepseek_ocr,B,3,30_final.mp4,69,Well
deepseek_ocr,B,3,30_final.mp4,72,Well
deepseek_ocr,B,3,30_final.mp4,75,Well
deepseek_ocr,B,3,30_final.mp4,78,Well
deepseek_ocr,B,3,30_final.mp4,81,Well
deepseek_ocr,B,3,30_final.mp4,84,Well
deepseek_ocr,B,3,30_final.mp4,87,Well
deepseek_ocr,B,3,30_final.mp4,90,Well
deepseek_ocr,B,3,30_final.mp4,93,Well
deepseek_ocr,B,3,30_final.mp4,96,Well
deepseek_ocr,B,3,30_final.mp4,99,Well
deepseek_ocr,B,3,30_final.mp4,102,Well
deepseek_ocr,B,3,30_final.mp4,105,Well
deepseek_ocr,B,3,30_final.mp4,108,Well
deepseek_ocr,B,3,30_final.mp4,111,Well
deepseek_ocr,B,3,30_final.mp4,114,Well
deepseek_ocr,B,3,30_final.mp4,117,Well
deepseek_ocr,B,3,30_final.mp4,120,Well
deepseek_ocr,B,3,30_final.mp4,123,Well
deepseek_ocr,B,3,30_final.mp4,126,Well
deepseek_ocr,B,3,30_final.mp4,129,Well
deepseek_ocr,B,3,30_final.mp4,132,Well
deepseek_ocr,B,3,30_final.mp4,135,Well
deepseek_ocr,B,3,30_final.mp4,138,Well
deepseek_ocr,B,3,30_final.mp4,141,Well
deepseek_ocr,B,3,30_final.mp4,144,Well
deepseek_ocr,B,3,30_final.mp4,147,Well
deepseek_ocr,B,3,30_final.mp4,150,Well
deepseek_ocr,B,3,30_final.mp4,153,Well
deepseek_ocr,B,3,30_final.mp4,156,Well
deepseek_ocr,B,3,30_final.mp4,159,Well
deepseek_ocr,B,3,30_final.mp4,162,Well
deepseek_ocr,B,3,30_final.mp4,165,Well
deepseek_ocr,B,3,30_final.mp4,168,Well
deepseek_ocr,B,3,30_final.mp4,171,Well
deepseek_ocr,B,3,30_final.mp4,174,Well
deepseek_ocr,B,3,30_final.mp4,177,Well
deepseek_ocr,B,3,30_final.mp4,180,Well
deepseek_ocr,B,3,30_final.mp4,183,Well
deepseek_ocr,B,3,30_final.mp4,186,Well
deepseek_ocr,B,3,30_final.mp4,189,Well
deepseek_ocr,B,3,30_final.mp4,192,Well
deepseek_ocr,B,3,30_final.mp4,195,Well
deepseek_ocr,B,3,30_final.mp4,198,Well
deepseek_ocr,B,3,30_final.mp4,201,Well
deepseek_ocr,B,3,30_final.mp4,204,Well
deepseek_ocr,B,3,30_final.mp4,207,Well
deepseek_ocr,B,3,30_final.mp4,210,Well
deepseek_ocr,B,3,30_final.mp4,213,Well
deepseek_ocr,B,3,30_final.mp4,216,Well
deepseek_ocr,B,3,30_final.mp4,219,Well
deepseek_ocr,B,3,30_final.mp4,222,Well
deepseek_ocr,B,3,30_final.mp4,225,Well
deepseek_ocr,B,3,30_final.mp4,228,Well
deepseek_ocr,B,3,30_final.mp4,231,Well
deepseek_ocr,B,3,30_final.mp4,234,Well
deepseek_ocr,B,3,30_final.mp4,237,Well
deepseek_ocr,B,3,30_final.mp4,240,Well
deepseek_ocr,B,3,30_final.mp4,243,Well
deepseek_ocr,B,3,30_final.mp4,246,Well
deepseek_ocr,B,3,30_final.mp4,249,Well
deepseek_ocr,B,3,30_final.mp4,252,Well
deepseek_ocr,B,3,30_final.mp4,255,Well
deepseek_ocr,B,3,30_final.mp4,258,Well
deepseek_ocr,B,3,30_final.mp4,261,Well
deepseek_ocr,B,3,30_final.mp4,264,Well
deepseek_ocr,B,3,30_final.mp4,267,Well
deepseek_ocr,B,3,30_final.mp4,270,Well
deepseek_ocr,B,3,30_final.mp4,273,Well
deepseek_ocr,B,3,30_final.mp4,276,Well
deepseek_ocr,B,3,30_final.mp4,279,well
deepseek_ocr,B,3,30_final.mp4,282,Well
deepseek_ocr,B,3,30_final.mp4,285,Well
deepseek_ocr,B,3,30_final.mp4,288,Well
deepseek_ocr,B,3,30_final.mp4,291,Well
deepseek_ocr,B,3,30_final.mp4,294,Well
deepseek_ocr,B,3,30_final.mp4,297,Well
deepseek_ocr,B,3,30_final.mp4,300,Well
deepseek_ocr,B,3,30_final.mp4,303,Well
deepseek_ocr,B,3,30_final.mp4,306,Well
deepseek_ocr,B,3,30_final.mp4,309,Well
deepseek_ocr,B,3,30_final.mp4,312,Well
deepseek_ocr,B,3,30_final.mp4,315,Well
deepseek_ocr,B,3,30_final.mp4,318,Well
deepseek_ocr,B,3,30_final.mp4,321,Well
deepseek_ocr,B,3,30_final.mp4,324,Well
deepseek_ocr,B,3,30_final.mp4,327,Well
deepseek_ocr,B,3,30_final.mp4,330,Well
deepseek_ocr,B,3,30_final.mp4,333,Well
deepseek_ocr,B,3,30_final.mp4,336,Well
deepseek_ocr,B,3,30_final.mp4,339,Well
deepseek_ocr,B,3,30_final.mp4,342,Well
deepseek_ocr,B,3,30_final.mp4,345,Well
deepseek_ocr,B,3,30_final.mp4,348,Well
deepseek_ocr,B,3,30_final.mp4,351,Well
deepseek_ocr,B,3,30_final.mp4,354,Well
deepseek_ocr,B,3,30_final.mp4,357,Well
deepseek_ocr,B,3,30_final.mp4,360,Well
deepseek_ocr,B,3,30_final.mp4,363,Well
deepseek_ocr,B,3,30_final.mp4,366,Well
deepseek_ocr,B,3,30_final.mp4,369,Well
deepseek_ocr,B,3,30_final.mp4,372,Well
deepseek_ocr,B,3,30_final.mp4,375,Well
deepseek_ocr,B,3,31_final.mp4,0,Well
deepseek_ocr,B,3,31_final.mp4,3,Well
deepseek_ocr,B,3,31_final.mp4,6,Well
deepseek_ocr,B,3,31_final.mp4,9,well
deepseek_ocr,B,3,31_final.mp4,12,Well
deepseek_ocr,B,3,31_final.mp4,15,Well
deepseek_ocr,B,3,31_final.mp4,18,well
deepseek_ocr,B,3,31_final.mp4,21,Well
deepseek_ocr,B,3,31_final.mp4,24,Well
deepseek_ocr,B,3,31_final.mp4,27,Well
deepseek_ocr,B,3,31_final.mp4,30,well
deepseek_ocr,B,3,31_final.mp4,33,well
deepseek_ocr,B,3,31_final.mp4,36,Well
deepseek_ocr,B,3,31_final.mp4,39,Well
deepseek_ocr,B,3,31_final.mp4,42,Well
deepseek_ocr,B,3,31_final.mp4,45,Well
deepseek_ocr,B,3,31_final.mp4,48,Well
deepseek_ocr,B,3,31_final.mp4,51,well
deepseek_ocr,B,3,31_final.mp4,54,well
deepseek_ocr,B,3,31_final.mp4,57,Well
deepseek_ocr,B,3,31_final.mp4,60,well
deepseek_ocr,B,3,31_final.mp4,63,Well
deepseek_ocr,B,3,31_final.mp4,66,well
deepseek_ocr,B,3,31_final.mp4,69,Well
deepseek_ocr,B,3,31_final.mp4,72,well
deepseek_ocr,B,3,31_final.mp4,75,Well
deepseek_ocr,B,3,31_final.mp4,78,Well
deepseek_ocr,B,3,31_final.mp4,81,Well
deepseek_ocr,B,3,31_final.mp4,84,Well
deepseek_ocr,B,3,31_final.mp4,87,Well
deepseek_ocr,B,3,31_final.mp4,90,Well
deepseek_ocr,B,3,31_final.mp4,93,well
deepseek_ocr,B,3,31_final.mp4,96,Well
deepseek_ocr,B,3,31_final.mp4,99,Well
deepseek_ocr,B,3,31_final.mp4,102,Well
deepseek_ocr,B,3,31_final.mp4,105,Well
deepseek_ocr,B,3,31_final.mp4,108,well
deepseek_ocr,B,3,31_final.mp4,111,Well
deepseek_ocr,B,3,31_final.mp4,114,Well
deepseek_ocr,B,3,31_final.mp4,117,Well
deepseek_ocr,B,3,31_final.mp4,120,Well
deepseek_ocr,B,3,31_final.mp4,123,well
deepseek_ocr,B,3,31_final.mp4,126,Well
deepseek_ocr,B,3,31_final.mp4,129,Well
deepseek_ocr,B,3,31_final.mp4,132,Well
deepseek_ocr,B,3,31_final.mp4,135,well
deepseek_ocr,B,3,31_final.mp4,138,Well
deepseek_ocr,B,3,31_final.mp4,141,well
deepseek_ocr,B,3,31_final.mp4,144,Well
deepseek_ocr,B,3,31_final.mp4,147,Well
deepseek_ocr,B,3,31_final.mp4,150,Well
deepseek_ocr,B,3,31_final.mp4,153,Well
deepseek_ocr,B,3,31_final.mp4,156,Well
deepseek_ocr,B,3,31_final.mp4,159,Well
deepseek_ocr,B,3,31_final.mp4,162,Well
deepseek_ocr,B,3,31_final.mp4,165,Well
deepseek_ocr,B,3,31_final.mp4,168,Well
deepseek_ocr,B,3,31_final.mp4,171,Well
deepseek_ocr,B,3,31_final.mp4,174,well
deepseek_ocr,B,3,31_final.mp4,177,Well
deepseek_ocr,B,3,31_final.mp4,180,Well
deepseek_ocr,B,3,31_final.mp4,183,Well
deepseek_ocr,B,3,31_final.mp4,186,Well
deepseek_ocr,B,3,31_final.mp4,189,Well
deepseek_ocr,B,3,31_final.mp4,192,Well
deepseek_ocr,B,3,31_final.mp4,195,Well
deepseek_ocr,B,3,31_final.mp4,198,well
deepseek_ocr,B,3,31_final.mp4,201,Well
deepseek_ocr,B,3,31_final.mp4,204,Well
deepseek_ocr,B,3,31_final.mp4,207,Well
deepseek_ocr,B,3,31_final.mp4,210,Well
deepseek_ocr,B,3,31_final.mp4,213,well
deepseek_ocr,B,3,31_final.mp4,216,Well
deepseek_ocr,B,3,31_final.mp4,219,Well
deepseek_ocr,B,3,31_final.mp4,222,Well
deepseek_ocr,B,3,31_final.mp4,225,Well
deepseek_ocr,B,3,31_final.mp4,228,Well
deepseek_ocr,B,3,31_final.mp4,231,well
deepseek_ocr,B,3,31_final.mp4,234,Well
deepseek_ocr,B,3,31_final.mp4,237,Well
deepseek_ocr,B,3,31_final.mp4,240,Well
deepseek_ocr,B,3,31_final.mp4,243,well
deepseek_ocr,B,3,31_final.mp4,246,Well
deepseek_ocr,B,3,31_final.mp4,249,Well
deepseek_ocr,B,3,31_final.mp4,252,Well
deepseek_ocr,B,3,31_final.mp4,255,Well
deepseek_ocr,B,3,31_final.mp4,258,Well
deepseek_ocr,B,3,31_final.mp4,261,Well
deepseek_ocr,B,3,31_final.mp4,264,Well
deepseek_ocr,B,3,31_final.mp4,267,Well
deepseek_ocr,B,3,31_final.mp4,270,Well
deepseek_ocr,B,3,31_final.mp4,273,Well
deepseek_ocr,B,3,31_final.mp4,276,Well
deepseek_ocr,B,3,31_final.mp4,279,Well
deepseek_ocr,B,3,31_final.mp4,282,well
deepseek_ocr,B,3,31_final.mp4,285,well
deepseek_ocr,B,3,31_final.mp4,288,Well
deepseek_ocr,B,3,31_final.mp4,291,Well
deepseek_ocr,B,3,31_final.mp4,294,well
deepseek_ocr,B,3,33_final.mp4,0,Well
deepseek_ocr,B,3,33_final.mp4,3,Well
deepseek_ocr,B,3,33_final.mp4,6,Well
deepseek_ocr,B,3,33_final.mp4,9,Well
deepseek_ocr,B,3,33_final.mp4,12,Well
deepseek_ocr,B,3,33_final.mp4,15,Well
deepseek_ocr,B,3,33_final.mp4,18,Well
deepseek_ocr,B,3,33_final.mp4,21,Well
deepseek_ocr,B,3,33_final.mp4,24,Well
deepseek_ocr,B,3,33_final.mp4,27,Well
deepseek_ocr,B,3,33_final.mp4,30,Well
deepseek_ocr,B,3,33_final.mp4,33,Well
deepseek_ocr,B,3,33_final.mp4,36,Well
deepseek_ocr,B,3,33_final.mp4,39,Well
deepseek_ocr,B,3,33_final.mp4,42,Well
deepseek_ocr,B,3,33_final.mp4,45,Well
deepseek_ocr,B,3,33_final.mp4,48,Well
deepseek_ocr,B,3,33_final.mp4,51,Well
deepseek_ocr,B,3,33_final.mp4,54,Well
deepseek_ocr,B,3,33_final.mp4,57,Well
deepseek_ocr,B,3,33_final.mp4,60,Well
deepseek_ocr,B,3,33_final.mp4,63,Well
deepseek_ocr,B,3,33_final.mp4,66,Well
deepseek_ocr,B,3,33_final.mp4,69,Well
deepseek_ocr,B,3,33_final.mp4,72,Well
deepseek_ocr,B,3,33_final.mp4,75,Well
deepseek_ocr,B,3,33_final.mp4,78,Well
deepseek_ocr,B,3,33_final.mp4,81,Well
deepseek_ocr,B,3,33_final.mp4,84,Well
deepseek_ocr,B,3,33_final.mp4,87,Well
deepseek_ocr,B,3,33_final.mp4,90,Well
deepseek_ocr,B,3,33_final.mp4,93,Well
deepseek_ocr,B,3,33_final.mp4,96,Well
deepseek_ocr,B,3,33_final.mp4,99,Well
deepseek_ocr,B,3,33_final.mp4,102,Well
deepseek_ocr,B,3,33_final.mp4,105,Well
deepseek_ocr,B,3,33_final.mp4,108,Well
deepseek_ocr,B,3,33_final.mp4,111,Well
deepseek_ocr,B,3,33_final.mp4,114,Well
deepseek_ocr,B,3,33_final.mp4,117,Well
deepseek_ocr,B,3,33_final.mp4,120,Well
deepseek_ocr,B,3,33_final.mp4,123,Well
deepseek_ocr,B,3,33_final.mp4,126,Well
deepseek_ocr,B,3,33_final.mp4,129,Well
deepseek_ocr,B,3,33_final.mp4,132,Well
deepseek_ocr,B,3,33_final.mp4,135,Well
deepseek_ocr,B,3,33_final.mp4,138,Well
deepseek_ocr,B,3,33_final.mp4,141,Well
deepseek_ocr,B,3,33_final.mp4,144,Well
deepseek_ocr,B,3,33_final.mp4,147,Well
deepseek_ocr,B,3,33_final.mp4,150,Well
deepseek_ocr,B,3,33_final.mp4,153,Well
deepseek_ocr,B,3,33_final.mp4,156,Well
deepseek_ocr,B,3,33_final.mp4,159,Well
deepseek_ocr,B,3,33_final.mp4,162,Well
deepseek_ocr,B,3,33_final.mp4,165,Well
deepseek_ocr,B,3,33_final.mp4,168,Well
deepseek_ocr,B,3,33_final.mp4,171,Well
deepseek_ocr,B,3,33_final.mp4,174,Well
deepseek_ocr,B,3,33_final.mp4,177,Well
deepseek_ocr,B,3,33_final.mp4,180,Well
deepseek_ocr,B,3,33_final.mp4,183,Well
deepseek_ocr,B,3,33_final.mp4,186,Well
deepseek_ocr,B,3,33_final.mp4,189,Well
deepseek_ocr,B,3,33_final.mp4,192,Well
deepseek_ocr,B,3,33_final.mp4,195,Well
deepseek_ocr,B,3,33_final.mp4,198,Well
deepseek_ocr,B,3,33_final.mp4,201,Well
deepseek_ocr,B,3,33_final.mp4,204,Well
deepseek_ocr,B,3,33_final.mp4,207,Well
deepseek_ocr,B,3,33_final.mp4,210,Well
deepseek_ocr,B,3,33_final.mp4,213,Well
deepseek_ocr,B,3,33_final.mp4,216,Well
deepseek_ocr,B,3,33_final.mp4,219,Well
deepseek_ocr,B,3,34_final.mp4,0,Well
deepseek_ocr,B,3,34_final.mp4,3,Well
deepseek_ocr,B,3,34_final.mp4,6,Well
deepseek_ocr,B,3,34_final.mp4,9,Well
deepseek_ocr,B,3,34_final.mp4,12,Well
deepseek_ocr,B,3,34_final.mp4,15,Well
deepseek_ocr,B,3,34_final.mp4,18,Well
deepseek_ocr,B,3,34_final.mp4,21,Well
deepseek_ocr,B,3,34_final.mp4,24,Well
deepseek_ocr,B,3,34_final.mp4,27,Well
deepseek_ocr,B,3,34_final.mp4,30,Well
deepseek_ocr,B,3,34_final.mp4,33,Well
deepseek_ocr,B,3,34_final.mp4,36,Well
deepseek_ocr,B,3,34_final.mp4,39,Well
deepseek_ocr,B,3,34_final.mp4,42,Well
deepseek_ocr,B,3,34_final.mp4,45,Well
deepseek_ocr,B,3,34_final.mp4,48,Well
deepseek_ocr,B,3,34_final.mp4,51,Well
deepseek_ocr,B,3,34_final.mp4,54,Well
deepseek_ocr,B,3,34_final.mp4,57,Well
deepseek_ocr,B,3,34_final.mp4,60,Well
deepseek_ocr,B,3,34_final.mp4,63,Well
deepseek_ocr,B,3,34_final.mp4,66,Well
deepseek_ocr,B,3,34_final.mp4,69,Well
deepseek_ocr,B,3,34_final.mp4,72,Well
deepseek_ocr,B,3,34_final.mp4,75,Well
deepseek_ocr,B,3,34_final.mp4,78,Well
deepseek_ocr,B,3,34_final.mp4,81,Well
deepseek_ocr,B,3,34_final.mp4,84,Well
deepseek_ocr,B,3,34_final.mp4,87,Well
deepseek_ocr,B,3,34_final.mp4,90,Well
deepseek_ocr,B,3,34_final.mp4,93,Well
deepseek_ocr,B,3,34_final.mp4,96,Well
deepseek_ocr,B,3,34_final.mp4,99,Well
deepseek_ocr,B,3,34_final.mp4,102,Well
deepseek_ocr,B,3,34_final.mp4,105,Well
deepseek_ocr,B,3,34_final.mp4,108,Well
deepseek_ocr,B,3,34_final.mp4,111,Well
deepseek_ocr,B,3,34_final.mp4,114,Well
deepseek_ocr,B,3,34_final.mp4,117,Well
deepseek_ocr,B,3,34_final.mp4,120,Well
deepseek_ocr,B,3,34_final.mp4,123,Well
deepseek_ocr,B,3,34_final.mp4,126,Well
deepseek_ocr,B,3,34_final.mp4,129,Well
deepseek_ocr,B,3,34_final.mp4,132,Well
deepseek_ocr,B,3,34_final.mp4,135,Well
deepseek_ocr,B,3,34_final.mp4,138,Well
deepseek_ocr,B,3,34_final.mp4,141,Well
deepseek_ocr,B,3,34_final.mp4,144,Well
deepseek_ocr,B,3,34_final.mp4,147,Well
deepseek_ocr,B,3,34_final.mp4,150,Well
deepseek_ocr,B,3,34_final.mp4,153,Well
deepseek_ocr,B,3,34_final.mp4,156,Well
deepseek_ocr,B,3,34_final.mp4,159,Well
deepseek_ocr,B,3,34_final.mp4,162,Well
deepseek_ocr,B,3,34_final.mp4,165,Well
deepseek_ocr,B,3,34_final.mp4,168,Well
deepseek_ocr,B,3,34_final.mp4,171,Well
deepseek_ocr,B,3,34_final.mp4,174,Well
deepseek_ocr,B,3,34_final.mp4,177,Well
deepseek_ocr,B,3,34_final.mp4,180,Well
deepseek_ocr,B,3,34_final.mp4,183,Well
deepseek_ocr,B,3,34_final.mp4,186,Well
deepseek_ocr,B,3,34_final.mp4,189,Well
deepseek_ocr,B,3,34_final.mp4,192,Well
deepseek_ocr,B,3,34_final.mp4,195,Well
deepseek_ocr,B,3,34_final.mp4,198,Well
deepseek_ocr,B,3,34_final.mp4,201,Well
deepseek_ocr,B,3,34_final.mp4,204,Well
deepseek_ocr,B,3,34_final.mp4,207,Well
deepseek_ocr,B,3,34_final.mp4,210,Well
deepseek_ocr,B,3,40_final.mp4,0,Well
deepseek_ocr,B,3,40_final.mp4,3,Well
deepseek_ocr,B,3,40_final.mp4,6,Well
deepseek_ocr,B,3,40_final.mp4,9,Well
deepseek_ocr,B,3,40_final.mp4,12,Well
deepseek_ocr,B,3,40_final.mp4,15,Well
deepseek_ocr,B,3,40_final.mp4,18,Well
deepseek_ocr,B,3,40_final.mp4,21,Well
deepseek_ocr,B,3,40_final.mp4,24,Well
deepseek_ocr,B,3,40_final.mp4,27,Well
deepseek_ocr,B,3,40_final.mp4,30,Well
deepseek_ocr,B,3,40_final.mp4,33,Well
deepseek_ocr,B,3,40_final.mp4,36,Well
deepseek_ocr,B,3,40_final.mp4,39,Well
deepseek_ocr,B,3,40_final.mp4,42,Well
deepseek_ocr,B,3,40_final.mp4,45,Well
deepseek_ocr,B,3,40_final.mp4,48,Well
deepseek_ocr,B,3,40_final.mp4,51,Well
deepseek_ocr,B,3,40_final.mp4,54,Well
deepseek_ocr,B,3,40_final.mp4,57,Well
deepseek_ocr,B,3,40_final.mp4,60,Well
deepseek_ocr,B,3,40_final.mp4,63,Well
deepseek_ocr,B,3,40_final.mp4,66,Well
deepseek_ocr,B,3,40_final.mp4,69,Well
deepseek_ocr,B,3,40_final.mp4,72,Well
deepseek_ocr,B,3,40_final.mp4,75,Well
deepseek_ocr,B,3,40_final.mp4,78,Well
deepseek_ocr,B,3,40_final.mp4,81,Well
deepseek_ocr,B,3,40_final.mp4,84,Well
deepseek_ocr,B,3,40_final.mp4,87,Well
deepseek_ocr,B,3,40_final.mp4,90,Well
deepseek_ocr,B,3,40_final.mp4,93,Well
deepseek_ocr,B,3,40_final.mp4,96,Well
deepseek_ocr,B,3,40_final.mp4,99,Well
deepseek_ocr,B,3,40_final.mp4,102,Well
deepseek_ocr,B,3,40_final.mp4,105,Well
deepseek_ocr,B,3,40_final.mp4,108,Well
deepseek_ocr,B,3,40_final.mp4,111,Well
deepseek_ocr,B,3,40_final.mp4,114,Well
deepseek_ocr,B,3,40_final.mp4,117,Well
deepseek_ocr,B,3,40_final.mp4,120,Well
deepseek_ocr,B,3,40_final.mp4,123,Well
deepseek_ocr,B,3,40_final.mp4,126,Well
deepseek_ocr,B,3,40_final.mp4,129,Well
deepseek_ocr,B,3,40_final.mp4,132,Well
deepseek_ocr,B,3,40_final.mp4,135,Well
deepseek_ocr,B,3,40_final.mp4,138,Well
deepseek_ocr,B,3,40_final.mp4,141,Well
deepseek_ocr,B,3,40_final.mp4,144,Well
deepseek_ocr,B,3,40_final.mp4,147,Well
deepseek_ocr,B,3,40_final.mp4,150,Well
deepseek_ocr,B,3,40_final.mp4,153,Well
deepseek_ocr,B,3,40_final.mp4,156,Well
deepseek_ocr,B,3,40_final.mp4,159,Well
deepseek_ocr,B,3,40_final.mp4,162,Well
deepseek_ocr,B,3,40_final.mp4,165,Well
deepseek_ocr,B,3,40_final.mp4,168,Well
deepseek_ocr,B,3,40_final.mp4,171,Well
deepseek_ocr,B,3,40_final.mp4,174,Well
deepseek_ocr,B,3,40_final.mp4,177,Well
deepseek_ocr,B,3,40_final.mp4,180,Well
deepseek_ocr,B,3,40_final.mp4,183,Well
deepseek_ocr,B,3,40_final.mp4,186,Well
deepseek_ocr,B,3,40_final.mp4,189,Well
deepseek_ocr,B,3,40_final.mp4,192,Well
deepseek_ocr,B,3,40_final.mp4,195,Well
deepseek_ocr,B,3,40_final.mp4,198,Well
deepseek_ocr,B,3,40_final.mp4,201,Well
deepseek_ocr,B,3,40_final.mp4,204,Well
deepseek_ocr,B,3,40_final.mp4,207,Well
deepseek_ocr,B,3,40_final.mp4,210,Well
deepseek_ocr,B,3,40_final.mp4,213,Well
deepseek_ocr,B,3,40_final.mp4,216,Well
deepseek_ocr,B,3,40_final.mp4,219,Well
deepseek_ocr,B,3,40_final.mp4,222,Well
deepseek_ocr,B,3,40_final.mp4,225,Well
deepseek_ocr,B,3,40_final.mp4,228,Well
deepseek_ocr,B,3,40_final.mp4,231,Well
deepseek_ocr,B,3,40_final.mp4,234,Well
deepseek_ocr,B,3,40_final.mp4,237,Well
deepseek_ocr,B,3,40_final.mp4,240,Well
deepseek_ocr,B,3,40_final.mp4,243,Well
deepseek_ocr,B,3,40_final.mp4,246,Well
deepseek_ocr,B,3,40_final.mp4,249,Well
deepseek_ocr,B,3,41_final.mp4,0,Well
deepseek_ocr,B,3,41_final.mp4,3,Well
deepseek_ocr,B,3,41_final.mp4,6,Well
deepseek_ocr,B,3,41_final.mp4,9,Well
deepseek_ocr,B,3,41_final.mp4,12,Well
deepseek_ocr,B,3,41_final.mp4,15,Well
deepseek_ocr,B,3,41_final.mp4,18,Well
deepseek_ocr,B,3,41_final.mp4,21,Well
deepseek_ocr,B,3,41_final.mp4,24,Well
deepseek_ocr,B,3,41_final.mp4,27,Well
deepseek_ocr,B,3,41_final.mp4,30,Well
deepseek_ocr,B,3,41_final.mp4,33,Well
deepseek_ocr,B,3,41_final.mp4,36,Well
deepseek_ocr,B,3,41_final.mp4,39,Well
deepseek_ocr,B,3,41_final.mp4,42,Well
deepseek_ocr,B,3,41_final.mp4,45,Well
deepseek_ocr,B,3,41_final.mp4,48,Well
deepseek_ocr,B,3,41_final.mp4,51,Well
deepseek_ocr,B,3,41_final.mp4,54,Well
deepseek_ocr,B,3,41_final.mp4,57,Well
deepseek_ocr,B,3,41_final.mp4,60,Well
deepseek_ocr,B,3,41_final.mp4,63,Well
deepseek_ocr,B,3,41_final.mp4,66,Well
deepseek_ocr,B,3,41_final.mp4,69,Well
deepseek_ocr,B,3,41_final.mp4,72,Well
deepseek_ocr,B,3,41_final.mp4,75,Well
deepseek_ocr,B,3,41_final.mp4,78,Well
deepseek_ocr,B,3,41_final.mp4,81,Well
deepseek_ocr,B,3,41_final.mp4,84,Well
deepseek_ocr,B,3,41_final.mp4,87,Well
deepseek_ocr,B,3,41_final.mp4,90,Well
deepseek_ocr,B,3,41_final.mp4,93,Well
deepseek_ocr,B,3,41_final.mp4,96,Well
deepseek_ocr,B,3,41_final.mp4,99,Well
deepseek_ocr,B,3,41_final.mp4,102,Well
deepseek_ocr,B,3,41_final.mp4,105,Well
deepseek_ocr,B,3,41_final.mp4,108,Well
deepseek_ocr,B,3,41_final.mp4,111,Well
deepseek_ocr,B,3,41_final.mp4,114,Well
deepseek_ocr,B,3,41_final.mp4,117,Well
deepseek_ocr,B,3,41_final.mp4,120,Well
deepseek_ocr,B,3,41_final.mp4,123,Well
deepseek_ocr,B,3,41_final.mp4,126,Well
deepseek_ocr,B,3,41_final.mp4,129,Well
deepseek_ocr,B,3,41_final.mp4,132,Well
deepseek_ocr,B,3,41_final.mp4,135,Well
deepseek_ocr,B,3,41_final.mp4,138,Well
deepseek_ocr,B,3,41_final.mp4,141,Well
deepseek_ocr,B,3,41_final.mp4,144,Well
deepseek_ocr,B,3,41_final.mp4,147,Well
deepseek_ocr,B,3,41_final.mp4,150,Well
deepseek_ocr,B,3,41_final.mp4,153,Well
deepseek_ocr,B,3,41_final.mp4,156,Well
deepseek_ocr,B,3,41_final.mp4,159,Well
deepseek_ocr,B,3,41_final.mp4,162,Well
deepseek_ocr,B,3,41_final.mp4,165,Well
deepseek_ocr,B,3,41_final.mp4,168,Well
deepseek_ocr,B,3,41_final.mp4,171,Well
deepseek_ocr,B,3,41_final.mp4,174,Well
deepseek_ocr,B,3,41_final.mp4,177,Well
deepseek_ocr,B,3,41_final.mp4,180,Well
deepseek_ocr,B,3,41_final.mp4,183,Well
deepseek_ocr,B,3,41_final.mp4,186,Well
deepseek_ocr,B,3,41_final.mp4,189,Well
deepseek_ocr,B,3,41_final.mp4,192,Well
deepseek_ocr,B,3,41_final.mp4,195,Well
deepseek_ocr,B,3,41_final.mp4,198,Well
deepseek_ocr,B,3,41_final.mp4,201,Well
deepseek_ocr,B,3,41_final.mp4,204,Well
deepseek_ocr,B,3,41_final.mp4,207,Well
deepseek_ocr,B,3,41_final.mp4,210,Well
deepseek_ocr,B,3,41_final.mp4,213,Well
deepseek_ocr,B,3,41_final.mp4,216,Well
deepseek_ocr,B,3,41_final.mp4,219,Well
deepseek_ocr,B,3,41_final.mp4,222,Well
deepseek_ocr,B,3,41_final.mp4,225,Well
deepseek_ocr,B,3,41_final.mp4,228,Well
deepseek_ocr,B,3,41_final.mp4,231,Well
deepseek_ocr,B,3,41_final.mp4,234,Well
deepseek_ocr,B,3,41_final.mp4,237,Well
deepseek_ocr,B,3,41_final.mp4,240,Well
deepseek_ocr,B,3,41_final.mp4,243,Well
deepseek_ocr,B,3,41_final.mp4,246,Well
deepseek_ocr,B,3,41_final.mp4,249,Well
deepseek_ocr,B,3,41_final.mp4,252,Well
deepseek_ocr,B,3,41_final.mp4,255,Well
deepseek_ocr,B,3,41_final.mp4,258,Well
deepseek_ocr,B,3,41_final.mp4,261,Well
deepseek_ocr,B,3,41_final.mp4,264,Well
deepseek_ocr,B,3,41_final.mp4,267,Well
deepseek_ocr,B,3,41_final.mp4,270,Well
deepseek_ocr,B,3,44_final.mp4,0,Well
deepseek_ocr,B,3,44_final.mp4,3,Well
deepseek_ocr,B,3,44_final.mp4,6,Well
deepseek_ocr,B,3,44_final.mp4,9,Well
deepseek_ocr,B,3,44_final.mp4,12,Well
deepseek_ocr,B,3,44_final.mp4,15,Well
deepseek_ocr,B,3,44_final.mp4,18,Well
deepseek_ocr,B,3,44_final.mp4,21,Well
deepseek_ocr,B,3,44_final.mp4,24,Well
deepseek_ocr,B,3,44_final.mp4,27,Well
deepseek_ocr,B,3,44_final.mp4,30,Well
deepseek_ocr,B,3,44_final.mp4,33,Well
deepseek_ocr,B,3,44_final.mp4,36,Well
deepseek_ocr,B,3,44_final.mp4,39,Well
deepseek_ocr,B,3,44_final.mp4,42,Well
deepseek_ocr,B,3,44_final.mp4,45,Well
deepseek_ocr,B,3,44_final.mp4,48,Well
deepseek_ocr,B,3,44_final.mp4,51,Well
deepseek_ocr,B,3,44_final.mp4,54,Well
deepseek_ocr,B,3,44_final.mp4,57,Well
deepseek_ocr,B,3,44_final.mp4,60,Well
deepseek_ocr,B,3,44_final.mp4,63,Well
deepseek_ocr,B,3,44_final.mp4,66,Well
deepseek_ocr,B,3,44_final.mp4,69,Well
deepseek_ocr,B,3,44_final.mp4,72,Well
deepseek_ocr,B,3,44_final.mp4,75,Well
deepseek_ocr,B,3,44_final.mp4,78,Well
deepseek_ocr,B,3,44_final.mp4,81,Well
deepseek_ocr,B,3,44_final.mp4,84,Well
deepseek_ocr,B,3,44_final.mp4,87,Well
deepseek_ocr,B,3,44_final.mp4,90,Well
deepseek_ocr,B,3,44_final.mp4,93,Well
deepseek_ocr,B,3,44_final.mp4,96,Well
deepseek_ocr,B,3,44_final.mp4,99,Well
deepseek_ocr,B,3,44_final.mp4,102,Well
deepseek_ocr,B,3,44_final.mp4,105,Well
deepseek_ocr,B,3,44_final.mp4,108,Well
deepseek_ocr,B,3,44_final.mp4,111,Well
deepseek_ocr,B,3,44_final.mp4,114,Well
deepseek_ocr,B,3,44_final.mp4,117,Well
deepseek_ocr,B,3,44_final.mp4,120,Well
deepseek_ocr,B,3,44_final.mp4,123,Well
deepseek_ocr,B,3,44_final.mp4,126,Well
deepseek_ocr,B,3,44_final.mp4,129,Well
deepseek_ocr,B,3,44_final.mp4,132,Well
deepseek_ocr,B,3,44_final.mp4,135,Well
deepseek_ocr,B,3,44_final.mp4,138,Well
deepseek_ocr,B,3,44_final.mp4,141,Well
deepseek_ocr,B,3,44_final.mp4,144,Well
deepseek_ocr,B,3,44_final.mp4,147,Well
deepseek_ocr,B,3,44_final.mp4,150,Well
deepseek_ocr,B,3,44_final.mp4,153,Well
deepseek_ocr,B,3,44_final.mp4,156,Well
deepseek_ocr,B,3,44_final.mp4,159,Well
deepseek_ocr,B,3,44_final.mp4,162,Well
deepseek_ocr,B,3,44_final.mp4,165,Well
deepseek_ocr,B,3,44_final.mp4,168,Well
deepseek_ocr,B,3,44_final.mp4,171,Well
deepseek_ocr,B,3,44_final.mp4,174,Well
deepseek_ocr,B,3,44_final.mp4,177,Well
deepseek_ocr,B,3,44_final.mp4,180,Well
deepseek_ocr,B,3,44_final.mp4,183,Well
deepseek_ocr,B,3,44_final.mp4,186,Well
deepseek_ocr,B,3,44_final.mp4,189,Well
deepseek_ocr,B,3,44_final.mp4,192,Well
deepseek_ocr,B,3,44_final.mp4,195,Well
deepseek_ocr,B,3,44_final.mp4,198,Well
deepseek_ocr,B,3,44_final.mp4,201,Well
deepseek_ocr,B,3,44_final.mp4,204,Well
deepseek_ocr,B,3,44_final.mp4,207,Well
deepseek_ocr,B,3,44_final.mp4,210,Well
deepseek_ocr,B,3,44_final.mp4,213,Well
deepseek_ocr,B,3,44_final.mp4,216,Well
deepseek_ocr,B,3,44_final.mp4,219,Well
deepseek_ocr,B,3,44_final.mp4,222,Well
deepseek_ocr,B,3,44_final.mp4,225,Well
deepseek_ocr,B,3,44_final.mp4,228,Well
deepseek_ocr,B,3,46_final.mp4,0,Poorly
deepseek_ocr,B,3,46_final.mp4,3,Well
deepseek_ocr,B,3,46_final.mp4,6,Well
deepseek_ocr,B,3,46_final.mp4,9,Well
deepseek_ocr,B,3,46_final.mp4,12,Well
deepseek_ocr,B,3,46_final.mp4,15,Well
deepseek_ocr,B,3,46_final.mp4,18,Well
deepseek_ocr,B,3,46_final.mp4,21,Poorly
deepseek_ocr,B,3,46_final.mp4,24,Poorly
deepseek_ocr,B,3,46_final.mp4,27,Poorly
deepseek_ocr,B,3,46_final.mp4,30,Well
deepseek_ocr,B,3,46_final.mp4,33,Well
deepseek_ocr,B,3,46_final.mp4,36,Well
deepseek_ocr,B,3,46_final.mp4,39,Well
deepseek_ocr,B,3,46_final.mp4,42,Well
deepseek_ocr,B,3,46_final.mp4,45,Well
deepseek_ocr,B,3,46_final.mp4,48,Well
deepseek_ocr,B,3,46_final.mp4,51,well
deepseek_ocr,B,3,46_final.mp4,54,Well
deepseek_ocr,B,3,46_final.mp4,57,Poorly
deepseek_ocr,B,3,46_final.mp4,60,Well
deepseek_ocr,B,3,46_final.mp4,63,Well
deepseek_ocr,B,3,46_final.mp4,66,well
deepseek_ocr,B,3,46_final.mp4,69,well
deepseek_ocr,B,3,46_final.mp4,72,Well
deepseek_ocr,B,3,46_final.mp4,75,Poorly
deepseek_ocr,B,3,46_final.mp4,78,Well
deepseek_ocr,B,3,46_final.mp4,81,Well
deepseek_ocr,B,3,46_final.mp4,84,Well
deepseek_ocr,B,3,46_final.mp4,87,Well
deepseek_ocr,B,3,46_final.mp4,90,Poorly
deepseek_ocr,B,3,46_final.mp4,93,Well
deepseek_ocr,B,3,46_final.mp4,96,Well
deepseek_ocr,B,3,46_final.mp4,99,Well
deepseek_ocr,B,3,46_final.mp4,102,Well
deepseek_ocr,B,3,46_final.mp4,105,Well
deepseek_ocr,B,3,46_final.mp4,108,Well
deepseek_ocr,B,3,46_final.mp4,111,Well
deepseek_ocr,B,3,46_final.mp4,114,Poorly
deepseek_ocr,B,3,46_final.mp4,117,Well
deepseek_ocr,B,3,46_final.mp4,120,Well
deepseek_ocr,B,3,46_final.mp4,123,Poorly
deepseek_ocr,B,3,46_final.mp4,126,Well
deepseek_ocr,B,3,46_final.mp4,129,Well
deepseek_ocr,B,3,46_final.mp4,132,Poorly
deepseek_ocr,B,3,46_final.mp4,135,Well
deepseek_ocr,B,3,46_final.mp4,138,Well
deepseek_ocr,B,3,46_final.mp4,141,Well
deepseek_ocr,B,3,46_final.mp4,144,Well
deepseek_ocr,B,3,46_final.mp4,147,Well
deepseek_ocr,B,3,46_final.mp4,150,Well
deepseek_ocr,B,3,46_final.mp4,153,Well
deepseek_ocr,B,3,46_final.mp4,156,Well
deepseek_ocr,B,3,46_final.mp4,159,well
deepseek_ocr,B,3,46_final.mp4,162,well
deepseek_ocr,B,3,46_final.mp4,165,well
deepseek_ocr,B,3,46_final.mp4,168,well
deepseek_ocr,B,3,46_final.mp4,171,Well
deepseek_ocr,B,3,46_final.mp4,174,well
deepseek_ocr,B,3,46_final.mp4,177,well
deepseek_ocr,B,3,46_final.mp4,180,Well
deepseek_ocr,B,3,46_final.mp4,183,Well
deepseek_ocr,B,3,46_final.mp4,186,well
deepseek_ocr,B,3,46_final.mp4,189,Well
deepseek_ocr,B,3,46_final.mp4,192,Well
deepseek_ocr,B,3,46_final.mp4,195,Well
deepseek_ocr,B,3,46_final.mp4,198,Well
deepseek_ocr,B,3,46_final.mp4,201,Well
deepseek_ocr,B,3,46_final.mp4,204,Poorly
deepseek_ocr,B,3,46_final.mp4,207,Well
deepseek_ocr,B,3,46_final.mp4,210,Well
deepseek_ocr,B,3,46_final.mp4,213,Well
deepseek_ocr,B,3,46_final.mp4,216,Well
deepseek_ocr,B,3,46_final.mp4,219,Well
deepseek_ocr,B,3,46_final.mp4,222,Well
deepseek_ocr,B,3,46_final.mp4,225,Well
deepseek_ocr,B,3,46_final.mp4,228,Well
deepseek_ocr,B,3,46_final.mp4,231,Well
deepseek_ocr,B,3,46_final.mp4,234,Well
deepseek_ocr,B,3,46_final.mp4,237,Well
deepseek_ocr,B,3,46_final.mp4,240,Well
deepseek_ocr,B,3,46_final.mp4,243,Well
deepseek_ocr,B,3,46_final.mp4,246,Well
deepseek_ocr,B,3,46_final.mp4,249,Well
deepseek_ocr,B,3,46_final.mp4,252,Poorly
deepseek_ocr,B,3,46_final.mp4,255,Well
deepseek_ocr,B,3,46_final.mp4,258,Well
deepseek_ocr,B,3,46_final.mp4,261,Well
deepseek_ocr,B,3,46_final.mp4,264,Poorly
deepseek_ocr,B,3,46_final.mp4,267,Well
deepseek_ocr,B,3,46_final.mp4,270,Well
deepseek_ocr,B,3,46_final.mp4,273,Well
deepseek_ocr,B,3,46_final.mp4,276,Well
deepseek_ocr,B,3,46_final.mp4,279,Poorly
deepseek_ocr,B,3,46_final.mp4,282,Well
deepseek_ocr,B,3,46_final.mp4,285,Well
deepseek_ocr,B,3,46_final.mp4,288,Well
deepseek_ocr,B,3,46_final.mp4,291,Well
deepseek_ocr,B,3,46_final.mp4,294,Poorly
deepseek_ocr,B,3,46_final.mp4,297,Well
deepseek_ocr,B,3,48_final.mp4,0,Well
deepseek_ocr,B,3,48_final.mp4,3,Well
deepseek_ocr,B,3,48_final.mp4,6,Well
deepseek_ocr,B,3,48_final.mp4,9,Well
deepseek_ocr,B,3,48_final.mp4,12,Well
deepseek_ocr,B,3,48_final.mp4,15,Well
deepseek_ocr,B,3,48_final.mp4,18,Well
deepseek_ocr,B,3,48_final.mp4,21,Well
deepseek_ocr,B,3,48_final.mp4,24,Well
deepseek_ocr,B,3,48_final.mp4,27,Well
deepseek_ocr,B,3,48_final.mp4,30,Well
deepseek_ocr,B,3,48_final.mp4,33,Well
deepseek_ocr,B,3,48_final.mp4,36,Well
deepseek_ocr,B,3,48_final.mp4,39,Well
deepseek_ocr,B,3,48_final.mp4,42,Well
deepseek_ocr,B,3,48_final.mp4,45,Well
deepseek_ocr,B,3,48_final.mp4,48,Well
deepseek_ocr,B,3,48_final.mp4,51,Well
deepseek_ocr,B,3,48_final.mp4,54,Well
deepseek_ocr,B,3,48_final.mp4,57,Well
deepseek_ocr,B,3,48_final.mp4,60,Well
deepseek_ocr,B,3,48_final.mp4,63,Well
deepseek_ocr,B,3,48_final.mp4,66,Well
deepseek_ocr,B,3,48_final.mp4,69,Well
deepseek_ocr,B,3,48_final.mp4,72,Well
deepseek_ocr,B,3,48_final.mp4,75,Well
deepseek_ocr,B,3,48_final.mp4,78,Well
deepseek_ocr,B,3,48_final.mp4,81,Well
deepseek_ocr,B,3,48_final.mp4,84,Well
deepseek_ocr,B,3,48_final.mp4,87,Well
deepseek_ocr,B,3,48_final.mp4,90,Well
deepseek_ocr,B,3,48_final.mp4,93,Well
deepseek_ocr,B,3,48_final.mp4,96,Well
deepseek_ocr,B,3,48_final.mp4,99,Well
deepseek_ocr,B,3,48_final.mp4,102,Well
deepseek_ocr,B,3,48_final.mp4,105,Well
deepseek_ocr,B,3,48_final.mp4,108,Well
deepseek_ocr,B,3,48_final.mp4,111,Well
deepseek_ocr,B,3,48_final.mp4,114,Well
deepseek_ocr,B,3,48_final.mp4,117,Well
deepseek_ocr,B,3,48_final.mp4,120,Well
deepseek_ocr,B,3,48_final.mp4,123,Well
deepseek_ocr,B,3,48_final.mp4,126,Well
deepseek_ocr,B,3,48_final.mp4,129,Well
deepseek_ocr,B,3,48_final.mp4,132,Well
deepseek_ocr,B,3,48_final.mp4,135,Well
deepseek_ocr,B,3,48_final.mp4,138,Well
deepseek_ocr,B,3,48_final.mp4,141,Well
deepseek_ocr,B,3,48_final.mp4,144,Well
deepseek_ocr,B,3,48_final.mp4,147,Well
deepseek_ocr,B,3,48_final.mp4,150,Well
deepseek_ocr,B,3,48_final.mp4,153,Well
deepseek_ocr,B,3,48_final.mp4,156,Well
deepseek_ocr,B,3,48_final.mp4,159,Well
deepseek_ocr,B,3,48_final.mp4,162,Well
deepseek_ocr,B,3,48_final.mp4,165,Well
deepseek_ocr,B,3,48_final.mp4,168,Well
deepseek_ocr,B,3,48_final.mp4,171,Well
deepseek_ocr,B,3,48_final.mp4,174,Well
deepseek_ocr,B,3,48_final.mp4,177,Well
deepseek_ocr,B,3,48_final.mp4,180,Well
deepseek_ocr,B,3,48_final.mp4,183,Well
deepseek_ocr,B,3,48_final.mp4,186,Well
deepseek_ocr,B,3,48_final.mp4,189,Well
deepseek_ocr,B,3,48_final.mp4,192,Well
deepseek_ocr,B,3,48_final.mp4,195,Well
deepseek_ocr,B,3,48_final.mp4,198,Well
deepseek_ocr,B,3,48_final.mp4,201,Well
deepseek_ocr,B,3,48_final.mp4,204,Well
deepseek_ocr,B,3,48_final.mp4,207,Well
deepseek_ocr,B,3,48_final.mp4,210,Well
deepseek_ocr,B,3,48_final.mp4,213,Well
deepseek_ocr,B,3,48_final.mp4,216,Well
deepseek_ocr,B,3,48_final.mp4,219,Well
deepseek_ocr,B,3,48_final.mp4,222,Well
deepseek_ocr,B,3,48_final.mp4,225,Well
deepseek_ocr,B,3,48_final.mp4,228,Well
deepseek_ocr,B,3,48_final.mp4,231,Well
deepseek_ocr,B,3,48_final.mp4,234,Well
deepseek_ocr,B,3,48_final.mp4,237,Well
deepseek_ocr,B,3,48_final.mp4,240,Well
deepseek_ocr,B,3,49_final.mp4,0,Well
deepseek_ocr,B,3,49_final.mp4,3,Well
deepseek_ocr,B,3,49_final.mp4,6,Well
deepseek_ocr,B,3,49_final.mp4,9,Well
deepseek_ocr,B,3,49_final.mp4,12,Well
deepseek_ocr,B,3,49_final.mp4,15,Well
deepseek_ocr,B,3,49_final.mp4,18,Well
deepseek_ocr,B,3,49_final.mp4,21,Well
deepseek_ocr,B,3,49_final.mp4,24,Well
deepseek_ocr,B,3,49_final.mp4,27,Well
deepseek_ocr,B,3,49_final.mp4,30,Well
deepseek_ocr,B,3,49_final.mp4,33,Well
deepseek_ocr,B,3,49_final.mp4,36,Well
deepseek_ocr,B,3,49_final.mp4,39,Well
deepseek_ocr,B,3,49_final.mp4,42,Well
deepseek_ocr,B,3,49_final.mp4,45,Well
deepseek_ocr,B,3,49_final.mp4,48,well
deepseek_ocr,B,3,49_final.mp4,51,well
deepseek_ocr,B,3,49_final.mp4,54,Well
deepseek_ocr,B,3,49_final.mp4,57,Well
deepseek_ocr,B,3,49_final.mp4,60,Well
deepseek_ocr,B,3,49_final.mp4,63,Well
deepseek_ocr,B,3,49_final.mp4,66,Well
deepseek_ocr,B,3,49_final.mp4,69,Well
deepseek_ocr,B,3,49_final.mp4,72,Well
deepseek_ocr,B,3,49_final.mp4,75,Well
deepseek_ocr,B,3,49_final.mp4,78,Well
deepseek_ocr,B,3,49_final.mp4,81,Well
deepseek_ocr,B,3,49_final.mp4,84,Well
deepseek_ocr,B,3,49_final.mp4,87,Well
deepseek_ocr,B,3,49_final.mp4,90,Well
deepseek_ocr,B,3,49_final.mp4,93,Well
deepseek_ocr,B,3,49_final.mp4,96,Well
deepseek_ocr,B,3,49_final.mp4,99,Well
deepseek_ocr,B,3,49_final.mp4,102,Well
deepseek_ocr,B,3,49_final.mp4,105,Well
deepseek_ocr,B,3,49_final.mp4,108,Well
deepseek_ocr,B,3,49_final.mp4,111,Well
deepseek_ocr,B,3,49_final.mp4,114,Well
deepseek_ocr,B,3,49_final.mp4,117,Well
deepseek_ocr,B,3,49_final.mp4,120,Well
deepseek_ocr,B,3,49_final.mp4,123,Well
deepseek_ocr,B,3,49_final.mp4,126,Well
deepseek_ocr,B,3,49_final.mp4,129,Well
deepseek_ocr,B,3,49_final.mp4,132,Well
deepseek_ocr,B,3,49_final.mp4,135,Well
deepseek_ocr,B,3,49_final.mp4,138,Well
deepseek_ocr,B,3,49_final.mp4,141,Well
deepseek_ocr,B,3,49_final.mp4,144,Well
deepseek_ocr,B,3,49_final.mp4,147,Well
deepseek_ocr,B,3,49_final.mp4,150,Well
deepseek_ocr,B,3,49_final.mp4,153,Well
deepseek_ocr,B,3,49_final.mp4,156,Well
deepseek_ocr,B,3,49_final.mp4,159,Well
deepseek_ocr,B,3,49_final.mp4,162,Well
deepseek_ocr,B,3,49_final.mp4,165,Well
deepseek_ocr,B,3,49_final.mp4,168,Well
deepseek_ocr,B,3,49_final.mp4,171,Well
deepseek_ocr,B,3,49_final.mp4,174,Well
deepseek_ocr,B,3,49_final.mp4,177,Well
deepseek_ocr,B,3,49_final.mp4,180,Well
deepseek_ocr,B,3,49_final.mp4,183,Well
deepseek_ocr,B,3,49_final.mp4,186,Well
deepseek_ocr,B,3,49_final.mp4,189,Well
deepseek_ocr,B,3,49_final.mp4,192,Well
deepseek_ocr,B,3,49_final.mp4,195,Well
deepseek_ocr,B,3,49_final.mp4,198,Well
deepseek_ocr,B,3,49_final.mp4,201,Well
deepseek_ocr,B,3,49_final.mp4,204,Well
deepseek_ocr,B,3,49_final.mp4,207,Well
deepseek_ocr,B,3,49_final.mp4,210,Well
deepseek_ocr,B,3,49_final.mp4,213,Well
deepseek_ocr,B,3,49_final.mp4,216,Well
deepseek_ocr,B,3,49_final.mp4,219,Well
deepseek_ocr,B,3,49_final.mp4,222,Well
deepseek_ocr,B,3,49_final.mp4,225,Well
deepseek_ocr,B,3,49_final.mp4,228,Well
deepseek_ocr,B,3,49_final.mp4,231,Well
deepseek_ocr,B,3,49_final.mp4,234,Well
deepseek_ocr,B,3,49_final.mp4,237,Well
deepseek_ocr,B,3,49_final.mp4,240,Well
deepseek_ocr,B,3,49_final.mp4,243,Well
deepseek_ocr,B,3,49_final.mp4,246,Well
deepseek_ocr,B,3,49_final.mp4,249,Well
deepseek_ocr,B,3,49_final.mp4,252,Well
deepseek_ocr,B,3,49_final.mp4,255,Well
deepseek_ocr,B,3,49_final.mp4,258,Well
deepseek_ocr,B,3,49_final.mp4,261,Well
deepseek_ocr,B,3,49_final.mp4,264,Well
deepseek_ocr,B,3,49_final.mp4,267,Well
deepseek_ocr,B,3,49_final.mp4,270,Well
deepseek_ocr,B,3,49_final.mp4,273,Well
deepseek_ocr,B,3,49_final.mp4,276,Well
deepseek_ocr,B,3,49_final.mp4,279,Well
deepseek_ocr,B,3,49_final.mp4,282,Well
deepseek_ocr,B,3,49_final.mp4,285,Well
deepseek_ocr,B,3,49_final.mp4,288,Well
deepseek_ocr,B,3,49_final.mp4,291,Well
deepseek_ocr,B,3,49_final.mp4,294,Well
deepseek_ocr,B,3,49_final.mp4,297,Well
deepseek_ocr,B,3,49_final.mp4,300,Well
deepseek_ocr,B,3,49_final.mp4,303,Well
deepseek_ocr,B,3,49_final.mp4,306,Well
deepseek_ocr,B,3,49_final.mp4,309,Well
deepseek_ocr,B,3,49_final.mp4,312,Well
deepseek_ocr,B,3,49_final.mp4,315,Well
deepseek_ocr,B,3,49_final.mp4,318,Well
deepseek_ocr,B,3,49_final.mp4,321,Well
deepseek_ocr,B,3,49_final.mp4,324,Well
deepseek_ocr,B,3,49_final.mp4,327,Well
deepseek_ocr,B,3,49_final.mp4,330,Well
deepseek_ocr,B,3,49_final.mp4,333,Well
deepseek_ocr,B,3,49_final.mp4,336,Well
deepseek_ocr,B,3,49_final.mp4,339,Well
deepseek_ocr,B,3,49_final.mp4,342,Well
deepseek_ocr,B,3,49_final.mp4,345,Well
deepseek_ocr,B,3,49_final.mp4,348,Well
deepseek_ocr,B,3,50_final.mp4,0,Well
deepseek_ocr,B,3,50_final.mp4,3,Well
deepseek_ocr,B,3,50_final.mp4,6,Well
deepseek_ocr,B,3,50_final.mp4,9,Well
deepseek_ocr,B,3,50_final.mp4,12,Well
deepseek_ocr,B,3,50_final.mp4,15,Well
deepseek_ocr,B,3,50_final.mp4,18,Well
deepseek_ocr,B,3,50_final.mp4,21,Well
deepseek_ocr,B,3,50_final.mp4,24,Well
deepseek_ocr,B,3,50_final.mp4,27,Well
deepseek_ocr,B,3,50_final.mp4,30,Well
deepseek_ocr,B,3,50_final.mp4,33,Well
deepseek_ocr,B,3,50_final.mp4,36,Well
deepseek_ocr,B,3,50_final.mp4,39,Well
deepseek_ocr,B,3,50_final.mp4,42,Well
deepseek_ocr,B,3,50_final.mp4,45,Well
deepseek_ocr,B,3,50_final.mp4,48,Well
deepseek_ocr,B,3,50_final.mp4,51,Well
deepseek_ocr,B,3,50_final.mp4,54,Well
deepseek_ocr,B,3,50_final.mp4,57,Well
deepseek_ocr,B,3,50_final.mp4,60,Well
deepseek_ocr,B,3,50_final.mp4,63,Well
deepseek_ocr,B,3,50_final.mp4,66,Well
deepseek_ocr,B,3,50_final.mp4,69,Well
deepseek_ocr,B,3,50_final.mp4,72,Well
deepseek_ocr,B,3,50_final.mp4,75,Well
deepseek_ocr,B,3,50_final.mp4,78,Well
deepseek_ocr,B,3,50_final.mp4,81,Well
deepseek_ocr,B,3,50_final.mp4,84,Well
deepseek_ocr,B,3,50_final.mp4,87,Well
deepseek_ocr,B,3,50_final.mp4,90,Well
deepseek_ocr,B,3,50_final.mp4,93,Well
deepseek_ocr,B,3,50_final.mp4,96,Well
deepseek_ocr,B,3,50_final.mp4,99,Well
deepseek_ocr,B,3,50_final.mp4,102,Well
deepseek_ocr,B,3,50_final.mp4,105,Well
deepseek_ocr,B,3,50_final.mp4,108,Well
deepseek_ocr,B,3,50_final.mp4,111,Well
deepseek_ocr,B,3,50_final.mp4,114,Well
deepseek_ocr,B,3,50_final.mp4,117,Well
deepseek_ocr,B,3,50_final.mp4,120,Well
deepseek_ocr,B,3,50_final.mp4,123,Well
deepseek_ocr,B,3,50_final.mp4,126,Well
deepseek_ocr,B,3,50_final.mp4,129,Well
deepseek_ocr,B,3,50_final.mp4,132,Well
deepseek_ocr,B,3,50_final.mp4,135,Well
deepseek_ocr,B,3,50_final.mp4,138,Well
deepseek_ocr,B,3,50_final.mp4,141,Well
deepseek_ocr,B,3,50_final.mp4,144,Well
deepseek_ocr,B,3,50_final.mp4,147,Well
deepseek_ocr,B,3,50_final.mp4,150,Well
deepseek_ocr,B,3,50_final.mp4,153,Well
deepseek_ocr,B,3,50_final.mp4,156,Well
deepseek_ocr,B,3,50_final.mp4,159,Well
deepseek_ocr,B,3,50_final.mp4,162,Well
deepseek_ocr,B,3,50_final.mp4,165,Well
deepseek_ocr,B,3,50_final.mp4,168,Well
deepseek_ocr,B,3,50_final.mp4,171,Well
deepseek_ocr,B,3,50_final.mp4,174,Well
deepseek_ocr,B,3,50_final.mp4,177,Well
deepseek_ocr,B,3,50_final.mp4,180,Well
deepseek_ocr,B,3,50_final.mp4,183,Well
deepseek_ocr,B,3,50_final.mp4,186,Well
deepseek_ocr,B,3,50_final.mp4,189,Well
deepseek_ocr,B,3,50_final.mp4,192,Well
deepseek_ocr,B,3,50_final.mp4,195,Well
deepseek_ocr,B,3,50_final.mp4,198,Well
deepseek_ocr,B,3,50_final.mp4,201,Well
deepseek_ocr,B,3,50_final.mp4,204,Well
deepseek_ocr,B,3,50_final.mp4,207,Well
deepseek_ocr,B,3,50_final.mp4,210,Well
deepseek_ocr,B,3,50_final.mp4,213,Well
deepseek_ocr,B,3,50_final.mp4,216,Well
deepseek_ocr,B,3,50_final.mp4,219,Well
deepseek_ocr,B,3,50_final.mp4,222,Well
deepseek_ocr,B,3,50_final.mp4,225,Well
deepseek_ocr,B,3,50_final.mp4,228,Well
deepseek_ocr,B,3,50_final.mp4,231,Well
deepseek_ocr,B,3,50_final.mp4,234,Well
deepseek_ocr,B,3,50_final.mp4,237,Well
deepseek_ocr,B,3,50_final.mp4,240,Well
deepseek_ocr,B,3,50_final.mp4,243,Well
deepseek_ocr,B,3,50_final.mp4,246,Well
deepseek_ocr,B,3,50_final.mp4,249,Well
deepseek_ocr,B,3,50_final.mp4,252,Well
deepseek_ocr,B,3,50_final.mp4,255,Well
deepseek_ocr,B,3,50_final.mp4,258,Well
deepseek_ocr,B,3,50_final.mp4,261,Well
deepseek_ocr,B,3,50_final.mp4,264,Well
deepseek_ocr,B,3,50_final.mp4,267,Well
deepseek_ocr,B,3,52_final.mp4,0,Well
deepseek_ocr,B,3,52_final.mp4,3,Well
deepseek_ocr,B,3,52_final.mp4,6,Well
deepseek_ocr,B,3,52_final.mp4,9,Well
deepseek_ocr,B,3,52_final.mp4,12,Well
deepseek_ocr,B,3,52_final.mp4,15,Well
deepseek_ocr,B,3,52_final.mp4,18,Well
deepseek_ocr,B,3,52_final.mp4,21,Well
deepseek_ocr,B,3,52_final.mp4,24,Well
deepseek_ocr,B,3,52_final.mp4,27,Well
deepseek_ocr,B,3,52_final.mp4,30,Well
deepseek_ocr,B,3,52_final.mp4,33,Well
deepseek_ocr,B,3,52_final.mp4,36,Well
deepseek_ocr,B,3,52_final.mp4,39,Well
deepseek_ocr,B,3,52_final.mp4,42,Well
deepseek_ocr,B,3,52_final.mp4,45,Well
deepseek_ocr,B,3,52_final.mp4,48,Well
deepseek_ocr,B,3,52_final.mp4,51,Well
deepseek_ocr,B,3,52_final.mp4,54,Well
deepseek_ocr,B,3,52_final.mp4,57,Well
deepseek_ocr,B,3,52_final.mp4,60,Well
deepseek_ocr,B,3,52_final.mp4,63,well
deepseek_ocr,B,3,52_final.mp4,66,Well
deepseek_ocr,B,3,52_final.mp4,69,Well
deepseek_ocr,B,3,52_final.mp4,72,Well
deepseek_ocr,B,3,52_final.mp4,75,Well
deepseek_ocr,B,3,52_final.mp4,78,Well
deepseek_ocr,B,3,52_final.mp4,81,Well
deepseek_ocr,B,3,52_final.mp4,84,Well
deepseek_ocr,B,3,52_final.mp4,87,Well
deepseek_ocr,B,3,52_final.mp4,90,Well
deepseek_ocr,B,3,52_final.mp4,93,Well
deepseek_ocr,B,3,52_final.mp4,96,Well
deepseek_ocr,B,3,52_final.mp4,99,Well
deepseek_ocr,B,3,52_final.mp4,102,Well
deepseek_ocr,B,3,52_final.mp4,105,Well
deepseek_ocr,B,3,52_final.mp4,108,Well
deepseek_ocr,B,3,52_final.mp4,111,Well
deepseek_ocr,B,3,52_final.mp4,114,Well
deepseek_ocr,B,3,52_final.mp4,117,Well
deepseek_ocr,B,3,52_final.mp4,120,Well
deepseek_ocr,B,3,52_final.mp4,123,Well
deepseek_ocr,B,3,52_final.mp4,126,Well
deepseek_ocr,B,3,52_final.mp4,129,Well
deepseek_ocr,B,3,52_final.mp4,132,Well
deepseek_ocr,B,3,52_final.mp4,135,Well
deepseek_ocr,B,3,52_final.mp4,138,Well
deepseek_ocr,B,3,52_final.mp4,141,Well
deepseek_ocr,B,3,52_final.mp4,144,Well
deepseek_ocr,B,3,52_final.mp4,147,Well
deepseek_ocr,B,3,52_final.mp4,150,Well
deepseek_ocr,B,3,52_final.mp4,153,Well
deepseek_ocr,B,3,52_final.mp4,156,Well
deepseek_ocr,B,3,52_final.mp4,159,Well
deepseek_ocr,B,3,52_final.mp4,162,Well
deepseek_ocr,B,3,52_final.mp4,165,Well
deepseek_ocr,B,3,52_final.mp4,168,Well
deepseek_ocr,B,3,52_final.mp4,171,Well
deepseek_ocr,B,3,52_final.mp4,174,Well
deepseek_ocr,B,3,52_final.mp4,177,Well
deepseek_ocr,B,3,52_final.mp4,180,Well
deepseek_ocr,B,3,52_final.mp4,183,Well
deepseek_ocr,B,3,52_final.mp4,186,Well
deepseek_ocr,B,3,52_final.mp4,189,Well
deepseek_ocr,B,3,52_final.mp4,192,Well
deepseek_ocr,B,3,52_final.mp4,195,Well
deepseek_ocr,B,3,52_final.mp4,198,Well
deepseek_ocr,B,3,52_final.mp4,201,Well
deepseek_ocr,B,3,52_final.mp4,204,Well
deepseek_ocr,B,3,52_final.mp4,207,Well
deepseek_ocr,B,3,52_final.mp4,210,Well
deepseek_ocr,B,3,52_final.mp4,213,Well
deepseek_ocr,B,3,52_final.mp4,216,Well
deepseek_ocr,B,3,52_final.mp4,219,Well
deepseek_ocr,B,3,52_final.mp4,222,Well
deepseek_ocr,B,3,52_final.mp4,225,Well
deepseek_ocr,B,3,52_final.mp4,228,Well
deepseek_ocr,B,3,52_final.mp4,231,Well
deepseek_ocr,B,3,52_final.mp4,234,Well
deepseek_ocr,B,3,52_final.mp4,237,Well
deepseek_ocr,B,3,52_final.mp4,240,Well
deepseek_ocr,B,3,52_final.mp4,243,Well
deepseek_ocr,B,3,52_final.mp4,246,Well
deepseek_ocr,B,3,52_final.mp4,249,Well
deepseek_ocr,B,3,52_final.mp4,252,Well
deepseek_ocr,B,3,52_final.mp4,255,Well
deepseek_ocr,B,3,52_final.mp4,258,Well
deepseek_ocr,B,3,52_final.mp4,261,Well
deepseek_ocr,B,3,52_final.mp4,264,Well
deepseek_ocr,B,3,52_final.mp4,267,Well
deepseek_ocr,B,3,52_final.mp4,270,Well
deepseek_ocr,B,3,52_final.mp4,273,Well
deepseek_ocr,B,3,52_final.mp4,276,Well
deepseek_ocr,B,3,52_final.mp4,279,Well
deepseek_ocr,B,3,52_final.mp4,282,Well
deepseek_ocr,B,3,52_final.mp4,285,Well
deepseek_ocr,B,3,52_final.mp4,288,Well
deepseek_ocr,B,3,52_final.mp4,291,Well
deepseek_ocr,B,3,52_final.mp4,294,Well
deepseek_ocr,B,3,52_final.mp4,297,Well
deepseek_ocr,B,3,52_final.mp4,300,Well
deepseek_ocr,B,3,52_final.mp4,303,Well
deepseek_ocr,B,3,52_final.mp4,306,Well
deepseek_ocr,B,3,52_final.mp4,309,Well
deepseek_ocr,B,3,52_final.mp4,312,Well
deepseek_ocr,B,3,52_final.mp4,315,Well
deepseek_ocr,B,3,52_final.mp4,318,Well
deepseek_ocr,B,3,52_final.mp4,321,Well
deepseek_ocr,B,3,52_final.mp4,324,Well
deepseek_ocr,B,3,52_final.mp4,327,Well
deepseek_ocr,B,3,52_final.mp4,330,Well
deepseek_ocr,B,3,52_final.mp4,333,Well
deepseek_ocr,B,3,52_final.mp4,336,Well
deepseek_ocr,B,3,52_final.mp4,339,Well
deepseek_ocr,B,3,52_final.mp4,342,Well
deepseek_ocr,B,3,52_final.mp4,345,Well
deepseek_ocr,B,3,52_final.mp4,348,Well
deepseek_ocr,B,3,52_final.mp4,351,Well
deepseek_ocr,B,3,52_final.mp4,354,Well
deepseek_ocr,B,3,52_final.mp4,357,Well
deepseek_ocr,B,3,52_final.mp4,360,Well
deepseek_ocr,B,3,52_final.mp4,363,Well
deepseek_ocr,B,3,52_final.mp4,366,Well
deepseek_ocr,B,3,52_final.mp4,369,Well
deepseek_ocr,B,3,52_final.mp4,372,Well
deepseek_ocr,B,3,52_final.mp4,375,Well
deepseek_ocr,B,3,52_final.mp4,378,Well
deepseek_ocr,B,3,52_final.mp4,381,Well
deepseek_ocr,B,3,52_final.mp4,384,Well
deepseek_ocr,B,3,52_final.mp4,387,Well
deepseek_ocr,B,3,52_final.mp4,390,Well
deepseek_ocr,B,3,52_final.mp4,393,Well
deepseek_ocr,B,3,52_final.mp4,396,Well
deepseek_ocr,B,3,52_final.mp4,399,Well
deepseek_ocr,B,3,52_final.mp4,402,Well
deepseek_ocr,B,3,52_final.mp4,405,Well
deepseek_ocr,B,3,52_final.mp4,408,Well
deepseek_ocr,B,3,52_final.mp4,411,Well
deepseek_ocr,B,3,52_final.mp4,414,Well
deepseek_ocr,B,3,52_final.mp4,417,Well
deepseek_ocr,B,3,52_final.mp4,420,Well
deepseek_ocr,B,3,52_final.mp4,423,Well
deepseek_ocr,B,3,52_final.mp4,426,Well
deepseek_ocr,B,3,52_final.mp4,429,Well
deepseek_ocr,B,3,52_final.mp4,432,Well
deepseek_ocr,B,3,52_final.mp4,435,Well
deepseek_ocr,B,3,52_final.mp4,438,Well
deepseek_ocr,B,3,52_final.mp4,441,Well
deepseek_ocr,B,3,52_final.mp4,444,Well
deepseek_ocr,B,3,52_final.mp4,447,Well
deepseek_ocr,B,3,52_final.mp4,450,Well
deepseek_ocr,B,3,52_final.mp4,453,Well
deepseek_ocr,B,3,52_final.mp4,456,Well
deepseek_ocr,B,3,52_final.mp4,459,Well
deepseek_ocr,B,3,52_final.mp4,462,Well
deepseek_ocr,B,3,52_final.mp4,465,Well
deepseek_ocr,B,3,52_final.mp4,468,Well
deepseek_ocr,B,3,52_final.mp4,471,Well
deepseek_ocr,B,3,52_final.mp4,474,Well
deepseek_ocr,B,3,52_final.mp4,477,Well
deepseek_ocr,B,3,52_final.mp4,480,Well
deepseek_ocr,B,3,52_final.mp4,483,Well
deepseek_ocr,B,3,52_final.mp4,486,Well
deepseek_ocr,B,3,52_final.mp4,489,Well
deepseek_ocr,B,3,52_final.mp4,492,Well
deepseek_ocr,B,3,52_final.mp4,495,Well
deepseek_ocr,B,3,52_final.mp4,498,Well
deepseek_ocr,B,3,52_final.mp4,501,Well
deepseek_ocr,B,3,52_final.mp4,504,Well
deepseek_ocr,B,3,52_final.mp4,507,Well
deepseek_ocr,B,3,52_final.mp4,510,Well
deepseek_ocr,B,3,52_final.mp4,513,Well
deepseek_ocr,B,3,52_final.mp4,516,Well
deepseek_ocr,B,3,52_final.mp4,519,Well
deepseek_ocr,B,3,52_final.mp4,522,Well
deepseek_ocr,B,3,52_final.mp4,525,Well
deepseek_ocr,B,3,52_final.mp4,528,Well
deepseek_ocr,B,3,52_final.mp4,531,Well
deepseek_ocr,B,3,52_final.mp4,534,Well
deepseek_ocr,B,3,52_final.mp4,537,Well
deepseek_ocr,B,3,52_final.mp4,540,Well
deepseek_ocr,B,3,52_final.mp4,543,Well
deepseek_ocr,B,3,52_final.mp4,546,Well
deepseek_ocr,B,3,52_final.mp4,549,Well
deepseek_ocr,B,3,52_final.mp4,552,Well
deepseek_ocr,B,3,52_final.mp4,555,Well
deepseek_ocr,B,3,52_final.mp4,558,Well
deepseek_ocr,B,3,52_final.mp4,561,Well
deepseek_ocr,B,3,52_final.mp4,564,Well
deepseek_ocr,B,3,52_final.mp4,567,Well
deepseek_ocr,B,3,52_final.mp4,570,Well
deepseek_ocr,B,3,52_final.mp4,573,Well
deepseek_ocr,B,3,52_final.mp4,576,Well
deepseek_ocr,B,3,52_final.mp4,579,Well
deepseek_ocr,B,3,52_final.mp4,582,Well
deepseek_ocr,B,3,52_final.mp4,585,Well
deepseek_ocr,B,3,52_final.mp4,588,Well
deepseek_ocr,B,3,52_final.mp4,591,Well
deepseek_ocr,B,3,52_final.mp4,594,Well
deepseek_ocr,B,3,53_final.mp4,0,Well
deepseek_ocr,B,3,53_final.mp4,3,Well
deepseek_ocr,B,3,53_final.mp4,6,Well
deepseek_ocr,B,3,53_final.mp4,9,Well
deepseek_ocr,B,3,53_final.mp4,12,Well
deepseek_ocr,B,3,53_final.mp4,15,Well
deepseek_ocr,B,3,53_final.mp4,18,Well
deepseek_ocr,B,3,53_final.mp4,21,Well
deepseek_ocr,B,3,53_final.mp4,24,Well
deepseek_ocr,B,3,53_final.mp4,27,Well
deepseek_ocr,B,3,53_final.mp4,30,Well
deepseek_ocr,B,3,53_final.mp4,33,Well
deepseek_ocr,B,3,53_final.mp4,36,Well
deepseek_ocr,B,3,53_final.mp4,39,Well
deepseek_ocr,B,3,53_final.mp4,42,Well
deepseek_ocr,B,3,53_final.mp4,45,Well
deepseek_ocr,B,3,53_final.mp4,48,Well
deepseek_ocr,B,3,53_final.mp4,51,Well
deepseek_ocr,B,3,53_final.mp4,54,Well
deepseek_ocr,B,3,53_final.mp4,57,Well
deepseek_ocr,B,3,53_final.mp4,60,Well
deepseek_ocr,B,3,53_final.mp4,63,Well
deepseek_ocr,B,3,53_final.mp4,66,Well
deepseek_ocr,B,3,53_final.mp4,69,Well
deepseek_ocr,B,3,53_final.mp4,72,Well
deepseek_ocr,B,3,53_final.mp4,75,Well
deepseek_ocr,B,3,53_final.mp4,78,Well
deepseek_ocr,B,3,53_final.mp4,81,Well
deepseek_ocr,B,3,53_final.mp4,84,Well
deepseek_ocr,B,3,53_final.mp4,87,Well
deepseek_ocr,B,3,53_final.mp4,90,Well
deepseek_ocr,B,3,53_final.mp4,93,Well
deepseek_ocr,B,3,53_final.mp4,96,Well
deepseek_ocr,B,3,53_final.mp4,99,Well
deepseek_ocr,B,3,53_final.mp4,102,Well
deepseek_ocr,B,3,53_final.mp4,105,Well
deepseek_ocr,B,3,53_final.mp4,108,Well
deepseek_ocr,B,3,53_final.mp4,111,Well
deepseek_ocr,B,3,53_final.mp4,114,Well
deepseek_ocr,B,3,53_final.mp4,117,Well
deepseek_ocr,B,3,53_final.mp4,120,Well
deepseek_ocr,B,3,53_final.mp4,123,Well
deepseek_ocr,B,3,53_final.mp4,126,Well
deepseek_ocr,B,3,53_final.mp4,129,Well
deepseek_ocr,B,3,53_final.mp4,132,Well
deepseek_ocr,B,3,53_final.mp4,135,Well
deepseek_ocr,B,3,53_final.mp4,138,Well
deepseek_ocr,B,3,53_final.mp4,141,Well
deepseek_ocr,B,3,53_final.mp4,144,Well
deepseek_ocr,B,3,53_final.mp4,147,Well
deepseek_ocr,B,3,53_final.mp4,150,well
deepseek_ocr,B,3,53_final.mp4,153,well
deepseek_ocr,B,3,53_final.mp4,156,Well
deepseek_ocr,B,3,53_final.mp4,159,Well
deepseek_ocr,B,3,53_final.mp4,162,Well
deepseek_ocr,B,3,53_final.mp4,165,Well
deepseek_ocr,B,3,53_final.mp4,168,Well
deepseek_ocr,B,3,53_final.mp4,171,Well
deepseek_ocr,B,3,53_final.mp4,174,Well
deepseek_ocr,B,3,53_final.mp4,177,Well
deepseek_ocr,B,3,53_final.mp4,180,Well
deepseek_ocr,B,3,53_final.mp4,183,well
deepseek_ocr,B,3,53_final.mp4,186,Well
deepseek_ocr,B,3,53_final.mp4,189,Well
deepseek_ocr,B,3,53_final.mp4,192,Well
deepseek_ocr,B,3,53_final.mp4,195,Well
deepseek_ocr,B,3,53_final.mp4,198,Well
deepseek_ocr,B,3,53_final.mp4,201,Well
deepseek_ocr,B,3,53_final.mp4,204,Well
deepseek_ocr,B,3,53_final.mp4,207,Well
deepseek_ocr,B,3,53_final.mp4,210,Well
deepseek_ocr,B,3,53_final.mp4,213,Well
deepseek_ocr,B,3,53_final.mp4,216,Well
deepseek_ocr,B,3,53_final.mp4,219,Well
deepseek_ocr,B,3,53_final.mp4,222,Well
deepseek_ocr,B,3,53_final.mp4,225,well
deepseek_ocr,B,3,53_final.mp4,228,Well
deepseek_ocr,B,3,53_final.mp4,231,Well
deepseek_ocr,B,3,53_final.mp4,234,Well
deepseek_ocr,B,3,53_final.mp4,237,Well
deepseek_ocr,B,3,53_final.mp4,240,Well
deepseek_ocr,B,3,53_final.mp4,243,Well
deepseek_ocr,B,3,53_final.mp4,246,Well
deepseek_ocr,B,3,53_final.mp4,249,Well
deepseek_ocr,B,3,53_final.mp4,252,Well
deepseek_ocr,B,3,53_final.mp4,255,Well
deepseek_ocr,B,3,53_final.mp4,258,Well
deepseek_ocr,B,3,53_final.mp4,261,Well
deepseek_ocr,B,3,53_final.mp4,264,Well
deepseek_ocr,B,3,53_final.mp4,267,Well
deepseek_ocr,B,3,53_final.mp4,270,Well
deepseek_ocr,B,3,53_final.mp4,273,Well
deepseek_ocr,B,3,53_final.mp4,276,Well
deepseek_ocr,B,3,53_final.mp4,279,Well
deepseek_ocr,B,3,53_final.mp4,282,Well
deepseek_ocr,B,3,53_final.mp4,285,Well
deepseek_ocr,B,3,53_final.mp4,288,Well
deepseek_ocr,B,3,53_final.mp4,291,Well
deepseek_ocr,B,3,53_final.mp4,294,Well
deepseek_ocr,B,3,53_final.mp4,297,Well
deepseek_ocr,B,3,53_final.mp4,300,Well
deepseek_ocr,B,3,53_final.mp4,303,Well
deepseek_ocr,B,3,53_final.mp4,306,Well
deepseek_ocr,B,3,53_final.mp4,309,Well
deepseek_ocr,B,3,53_final.mp4,312,Well
deepseek_ocr,B,3,53_final.mp4,315,Well
deepseek_ocr,B,3,53_final.mp4,318,Well
deepseek_ocr,B,3,53_final.mp4,321,Well
deepseek_ocr,B,3,53_final.mp4,324,Well
deepseek_ocr,B,3,53_final.mp4,327,Well
deepseek_ocr,B,3,54_final.mp4,0,Well
deepseek_ocr,B,3,54_final.mp4,3,Well
deepseek_ocr,B,3,54_final.mp4,6,Well
deepseek_ocr,B,3,54_final.mp4,9,Well
deepseek_ocr,B,3,54_final.mp4,12,Well
deepseek_ocr,B,3,54_final.mp4,15,Well
deepseek_ocr,B,3,54_final.mp4,18,Well
deepseek_ocr,B,3,54_final.mp4,21,Well
deepseek_ocr,B,3,54_final.mp4,24,Well
deepseek_ocr,B,3,54_final.mp4,27,Well
deepseek_ocr,B,3,54_final.mp4,30,Well
deepseek_ocr,B,3,54_final.mp4,33,Well
deepseek_ocr,B,3,54_final.mp4,36,Well
deepseek_ocr,B,3,54_final.mp4,39,Well
deepseek_ocr,B,3,54_final.mp4,42,Well
deepseek_ocr,B,3,54_final.mp4,45,Well
deepseek_ocr,B,3,54_final.mp4,48,Well
deepseek_ocr,B,3,54_final.mp4,51,Well
deepseek_ocr,B,3,54_final.mp4,54,Well
deepseek_ocr,B,3,54_final.mp4,57,Well
deepseek_ocr,B,3,54_final.mp4,60,Well
deepseek_ocr,B,3,54_final.mp4,63,Well
deepseek_ocr,B,3,54_final.mp4,66,Well
deepseek_ocr,B,3,54_final.mp4,69,Well
deepseek_ocr,B,3,54_final.mp4,72,Well
deepseek_ocr,B,3,54_final.mp4,75,Well
deepseek_ocr,B,3,54_final.mp4,78,Well
deepseek_ocr,B,3,54_final.mp4,81,well
deepseek_ocr,B,3,54_final.mp4,84,Well
deepseek_ocr,B,3,54_final.mp4,87,Well
deepseek_ocr,B,3,54_final.mp4,90,Well
deepseek_ocr,B,3,54_final.mp4,93,Well
deepseek_ocr,B,3,54_final.mp4,96,Well
deepseek_ocr,B,3,54_final.mp4,99,Well
deepseek_ocr,B,3,54_final.mp4,102,Well
deepseek_ocr,B,3,54_final.mp4,105,Well
deepseek_ocr,B,3,54_final.mp4,108,Well
deepseek_ocr,B,3,54_final.mp4,111,Well
deepseek_ocr,B,3,54_final.mp4,114,Well
deepseek_ocr,B,3,54_final.mp4,117,Well
deepseek_ocr,B,3,54_final.mp4,120,Well
deepseek_ocr,B,3,54_final.mp4,123,Well
deepseek_ocr,B,3,54_final.mp4,126,Well
deepseek_ocr,B,3,54_final.mp4,129,Well
deepseek_ocr,B,3,54_final.mp4,132,Well
deepseek_ocr,B,3,54_final.mp4,135,Well
deepseek_ocr,B,3,54_final.mp4,138,Well
deepseek_ocr,B,3,54_final.mp4,141,Well
deepseek_ocr,B,3,54_final.mp4,144,Well
deepseek_ocr,B,3,54_final.mp4,147,Well
deepseek_ocr,B,3,54_final.mp4,150,Well
deepseek_ocr,B,3,54_final.mp4,153,Well
deepseek_ocr,B,3,54_final.mp4,156,Well
deepseek_ocr,B,3,54_final.mp4,159,Well
deepseek_ocr,B,3,54_final.mp4,162,Well
deepseek_ocr,B,3,54_final.mp4,165,Well
deepseek_ocr,B,3,54_final.mp4,168,Well
deepseek_ocr,B,3,54_final.mp4,171,Well
deepseek_ocr,B,3,54_final.mp4,174,Well
deepseek_ocr,B,3,54_final.mp4,177,Well
deepseek_ocr,B,3,54_final.mp4,180,Well
deepseek_ocr,B,3,54_final.mp4,183,Well
deepseek_ocr,B,3,54_final.mp4,186,Well
deepseek_ocr,B,3,54_final.mp4,189,Well
deepseek_ocr,B,3,54_final.mp4,192,Well
deepseek_ocr,B,3,54_final.mp4,195,Well
deepseek_ocr,B,3,54_final.mp4,198,Well
deepseek_ocr,B,3,54_final.mp4,201,Well
deepseek_ocr,B,3,54_final.mp4,204,Well
deepseek_ocr,B,3,54_final.mp4,207,Well
deepseek_ocr,B,3,54_final.mp4,210,Well
deepseek_ocr,B,3,54_final.mp4,213,Well
deepseek_ocr,B,3,54_final.mp4,216,Well
deepseek_ocr,B,3,54_final.mp4,219,Well
deepseek_ocr,B,3,54_final.mp4,222,Well
deepseek_ocr,B,3,54_final.mp4,225,Well
deepseek_ocr,B,3,54_final.mp4,228,Well
deepseek_ocr,B,3,54_final.mp4,231,Well
deepseek_ocr,B,3,54_final.mp4,234,Well
deepseek_ocr,B,3,54_final.mp4,237,Well
deepseek_ocr,B,3,54_final.mp4,240,Well
deepseek_ocr,B,3,54_final.mp4,243,Well
deepseek_ocr,B,3,54_final.mp4,246,Well
deepseek_ocr,B,3,54_final.mp4,249,Well
deepseek_ocr,B,3,54_final.mp4,252,Well
deepseek_ocr,B,3,54_final.mp4,255,Well
deepseek_ocr,B,3,54_final.mp4,258,Well
deepseek_ocr,B,3,55_final.mp4,0,Well
deepseek_ocr,B,3,55_final.mp4,3,Well
deepseek_ocr,B,3,55_final.mp4,6,Well
deepseek_ocr,B,3,55_final.mp4,9,Well
deepseek_ocr,B,3,55_final.mp4,12,Well
deepseek_ocr,B,3,55_final.mp4,15,Well
deepseek_ocr,B,3,55_final.mp4,18,Well
deepseek_ocr,B,3,55_final.mp4,21,Well
deepseek_ocr,B,3,55_final.mp4,24,Well
deepseek_ocr,B,3,55_final.mp4,27,Well
deepseek_ocr,B,3,55_final.mp4,30,Well
deepseek_ocr,B,3,55_final.mp4,33,Well
deepseek_ocr,B,3,55_final.mp4,36,Well
deepseek_ocr,B,3,55_final.mp4,39,Well
deepseek_ocr,B,3,55_final.mp4,42,Well
deepseek_ocr,B,3,55_final.mp4,45,Well
deepseek_ocr,B,3,55_final.mp4,48,Well
deepseek_ocr,B,3,55_final.mp4,51,Well
deepseek_ocr,B,3,55_final.mp4,54,Well
deepseek_ocr,B,3,55_final.mp4,57,Well
deepseek_ocr,B,3,55_final.mp4,60,Well
deepseek_ocr,B,3,55_final.mp4,63,Well
deepseek_ocr,B,3,55_final.mp4,66,Well
deepseek_ocr,B,3,55_final.mp4,69,Well
deepseek_ocr,B,3,55_final.mp4,72,Well
deepseek_ocr,B,3,55_final.mp4,75,Well
deepseek_ocr,B,3,55_final.mp4,78,Well
deepseek_ocr,B,3,55_final.mp4,81,Well
deepseek_ocr,B,3,55_final.mp4,84,Well
deepseek_ocr,B,3,55_final.mp4,87,Well
deepseek_ocr,B,3,55_final.mp4,90,Well
deepseek_ocr,B,3,55_final.mp4,93,Well
deepseek_ocr,B,3,55_final.mp4,96,Well
deepseek_ocr,B,3,55_final.mp4,99,Well
deepseek_ocr,B,3,55_final.mp4,102,Well
deepseek_ocr,B,3,55_final.mp4,105,Well
deepseek_ocr,B,3,55_final.mp4,108,Well
deepseek_ocr,B,3,55_final.mp4,111,Well
deepseek_ocr,B,3,55_final.mp4,114,Well
deepseek_ocr,B,3,55_final.mp4,117,Well
deepseek_ocr,B,3,55_final.mp4,120,Well
deepseek_ocr,B,3,55_final.mp4,123,Well
deepseek_ocr,B,3,55_final.mp4,126,Well
deepseek_ocr,B,3,55_final.mp4,129,Well
deepseek_ocr,B,3,55_final.mp4,132,Well
deepseek_ocr,B,3,55_final.mp4,135,Well
deepseek_ocr,B,3,55_final.mp4,138,Well
deepseek_ocr,B,3,55_final.mp4,141,Well
deepseek_ocr,B,3,55_final.mp4,144,Well
deepseek_ocr,B,3,55_final.mp4,147,Well
deepseek_ocr,B,3,55_final.mp4,150,Well
deepseek_ocr,B,3,55_final.mp4,153,Well
deepseek_ocr,B,3,55_final.mp4,156,Well
deepseek_ocr,B,3,55_final.mp4,159,Well
deepseek_ocr,B,3,55_final.mp4,162,Well
deepseek_ocr,B,3,55_final.mp4,165,Well
deepseek_ocr,B,3,55_final.mp4,168,Well
deepseek_ocr,B,3,55_final.mp4,171,Well
deepseek_ocr,B,3,55_final.mp4,174,Well
deepseek_ocr,B,3,55_final.mp4,177,Well
deepseek_ocr,B,3,55_final.mp4,180,Well
deepseek_ocr,B,3,55_final.mp4,183,Well
deepseek_ocr,B,3,55_final.mp4,186,Well
deepseek_ocr,B,3,55_final.mp4,189,Well
deepseek_ocr,B,3,55_final.mp4,192,Well
deepseek_ocr,B,3,55_final.mp4,195,Well
deepseek_ocr,B,3,55_final.mp4,198,Well
deepseek_ocr,B,3,55_final.mp4,201,Well
deepseek_ocr,B,3,55_final.mp4,204,Well
deepseek_ocr,B,3,55_final.mp4,207,Well
deepseek_ocr,B,3,55_final.mp4,210,Well
deepseek_ocr,B,3,55_final.mp4,213,Well
deepseek_ocr,B,3,55_final.mp4,216,Well
deepseek_ocr,B,3,55_final.mp4,219,Well
deepseek_ocr,B,3,55_final.mp4,222,Well
deepseek_ocr,B,3,55_final.mp4,225,Well
deepseek_ocr,B,3,55_final.mp4,228,Well
deepseek_ocr,B,3,55_final.mp4,231,Well
deepseek_ocr,B,3,55_final.mp4,234,Well
deepseek_ocr,B,3,55_final.mp4,237,Well
deepseek_ocr,B,3,55_final.mp4,240,Well
deepseek_ocr,B,3,55_final.mp4,243,Well
deepseek_ocr,B,3,55_final.mp4,246,Well
deepseek_ocr,B,3,55_final.mp4,249,Well
deepseek_ocr,B,3,55_final.mp4,252,Well
deepseek_ocr,B,3,55_final.mp4,255,Well
deepseek_ocr,B,3,55_final.mp4,258,Well
deepseek_ocr,B,3,55_final.mp4,261,Well
deepseek_ocr,B,3,55_final.mp4,264,Well
deepseek_ocr,B,3,55_final.mp4,267,Well
deepseek_ocr,B,3,57_final.mp4,0,Well
deepseek_ocr,B,3,57_final.mp4,3,Well
deepseek_ocr,B,3,57_final.mp4,6,Well
deepseek_ocr,B,3,57_final.mp4,9,Well
deepseek_ocr,B,3,57_final.mp4,12,Well
deepseek_ocr,B,3,57_final.mp4,15,Well
deepseek_ocr,B,3,57_final.mp4,18,Well
deepseek_ocr,B,3,57_final.mp4,21,Well
deepseek_ocr,B,3,57_final.mp4,24,Well
deepseek_ocr,B,3,57_final.mp4,27,Well
deepseek_ocr,B,3,57_final.mp4,30,Well
deepseek_ocr,B,3,57_final.mp4,33,Well
deepseek_ocr,B,3,57_final.mp4,36,Well
deepseek_ocr,B,3,57_final.mp4,39,Well
deepseek_ocr,B,3,57_final.mp4,42,Well
deepseek_ocr,B,3,57_final.mp4,45,Well
deepseek_ocr,B,3,57_final.mp4,48,Well
deepseek_ocr,B,3,57_final.mp4,51,Well
deepseek_ocr,B,3,57_final.mp4,54,Well
deepseek_ocr,B,3,57_final.mp4,57,Well
deepseek_ocr,B,3,57_final.mp4,60,Well
deepseek_ocr,B,3,57_final.mp4,63,Well
deepseek_ocr,B,3,57_final.mp4,66,Well
deepseek_ocr,B,3,57_final.mp4,69,Well
deepseek_ocr,B,3,57_final.mp4,72,Well
deepseek_ocr,B,3,57_final.mp4,75,Well
deepseek_ocr,B,3,57_final.mp4,78,Well
deepseek_ocr,B,3,57_final.mp4,81,Well
deepseek_ocr,B,3,57_final.mp4,84,Well
deepseek_ocr,B,3,57_final.mp4,87,Well
deepseek_ocr,B,3,57_final.mp4,90,Well
deepseek_ocr,B,3,57_final.mp4,93,Well
deepseek_ocr,B,3,57_final.mp4,96,Well
deepseek_ocr,B,3,57_final.mp4,99,Well
deepseek_ocr,B,3,57_final.mp4,102,Well
deepseek_ocr,B,3,57_final.mp4,105,Well
deepseek_ocr,B,3,57_final.mp4,108,Well
deepseek_ocr,B,3,57_final.mp4,111,Well
deepseek_ocr,B,3,57_final.mp4,114,Well
deepseek_ocr,B,3,57_final.mp4,117,Well
deepseek_ocr,B,3,57_final.mp4,120,Well
deepseek_ocr,B,3,57_final.mp4,123,Well
deepseek_ocr,B,3,57_final.mp4,126,Well
deepseek_ocr,B,3,57_final.mp4,129,Well
deepseek_ocr,B,3,57_final.mp4,132,Well
deepseek_ocr,B,3,57_final.mp4,135,Well
deepseek_ocr,B,3,57_final.mp4,138,Well
deepseek_ocr,B,3,57_final.mp4,141,Well
deepseek_ocr,B,3,57_final.mp4,144,Well
deepseek_ocr,B,3,57_final.mp4,147,Well
deepseek_ocr,B,3,57_final.mp4,150,Well
deepseek_ocr,B,3,57_final.mp4,153,Well
deepseek_ocr,B,3,57_final.mp4,156,Well
deepseek_ocr,B,3,57_final.mp4,159,Well
deepseek_ocr,B,3,57_final.mp4,162,Well
deepseek_ocr,B,3,57_final.mp4,165,Well
deepseek_ocr,B,3,57_final.mp4,168,Well
deepseek_ocr,B,3,57_final.mp4,171,Well
deepseek_ocr,B,3,57_final.mp4,174,Well
deepseek_ocr,B,3,57_final.mp4,177,Well
deepseek_ocr,B,3,57_final.mp4,180,Well
deepseek_ocr,B,3,57_final.mp4,183,Well
deepseek_ocr,B,3,57_final.mp4,186,Well
deepseek_ocr,B,3,57_final.mp4,189,Well
deepseek_ocr,B,3,57_final.mp4,192,Well
deepseek_ocr,B,3,57_final.mp4,195,Well
deepseek_ocr,B,3,57_final.mp4,198,Well
deepseek_ocr,B,3,57_final.mp4,201,Well
deepseek_ocr,B,3,57_final.mp4,204,Well
deepseek_ocr,B,3,57_final.mp4,207,Well
deepseek_ocr,B,3,57_final.mp4,210,well
deepseek_ocr,B,3,57_final.mp4,213,Well
deepseek_ocr,B,3,57_final.mp4,216,Well
deepseek_ocr,B,3,57_final.mp4,219,Well
deepseek_ocr,B,3,57_final.mp4,222,well
deepseek_ocr,B,3,57_final.mp4,225,Well
deepseek_ocr,B,3,57_final.mp4,228,Well
deepseek_ocr,B,3,57_final.mp4,231,Well
deepseek_ocr,B,3,57_final.mp4,234,Well
deepseek_ocr,B,3,57_final.mp4,237,Well
deepseek_ocr,B,3,57_final.mp4,240,Well
deepseek_ocr,B,3,57_final.mp4,243,Well
deepseek_ocr,B,3,57_final.mp4,246,Well
deepseek_ocr,B,3,57_final.mp4,249,Well
deepseek_ocr,B,3,57_final.mp4,252,well
deepseek_ocr,B,3,57_final.mp4,255,Well
deepseek_ocr,B,3,57_final.mp4,258,Well
deepseek_ocr,B,3,57_final.mp4,261,Well
deepseek_ocr,B,3,57_final.mp4,264,Well
deepseek_ocr,B,3,57_final.mp4,267,Well
deepseek_ocr,B,3,57_final.mp4,270,Well
deepseek_ocr,B,3,57_final.mp4,273,Well
deepseek_ocr,B,3,59_final.mp4,0,Well
deepseek_ocr,B,3,59_final.mp4,3,Well
deepseek_ocr,B,3,59_final.mp4,6,Well
deepseek_ocr,B,3,59_final.mp4,9,Well
deepseek_ocr,B,3,59_final.mp4,12,Well
deepseek_ocr,B,3,59_final.mp4,15,Well
deepseek_ocr,B,3,59_final.mp4,18,Well
deepseek_ocr,B,3,59_final.mp4,21,Well
deepseek_ocr,B,3,59_final.mp4,24,Well
deepseek_ocr,B,3,59_final.mp4,27,Well
deepseek_ocr,B,3,59_final.mp4,30,Well
deepseek_ocr,B,3,59_final.mp4,33,Well
deepseek_ocr,B,3,59_final.mp4,36,Well
deepseek_ocr,B,3,59_final.mp4,39,Well
deepseek_ocr,B,3,59_final.mp4,42,Well
deepseek_ocr,B,3,59_final.mp4,45,Well
deepseek_ocr,B,3,59_final.mp4,48,Well
deepseek_ocr,B,3,59_final.mp4,51,Well
deepseek_ocr,B,3,59_final.mp4,54,Well
deepseek_ocr,B,3,59_final.mp4,57,Well
deepseek_ocr,B,3,59_final.mp4,60,Well
deepseek_ocr,B,3,59_final.mp4,63,Well
deepseek_ocr,B,3,59_final.mp4,66,Well
deepseek_ocr,B,3,59_final.mp4,69,Well
deepseek_ocr,B,3,59_final.mp4,72,Well
deepseek_ocr,B,3,59_final.mp4,75,Well
deepseek_ocr,B,3,59_final.mp4,78,Well
deepseek_ocr,B,3,59_final.mp4,81,Well
deepseek_ocr,B,3,59_final.mp4,84,Well
deepseek_ocr,B,3,59_final.mp4,87,Well
deepseek_ocr,B,3,59_final.mp4,90,Well
deepseek_ocr,B,3,59_final.mp4,93,Well
deepseek_ocr,B,3,59_final.mp4,96,Well
deepseek_ocr,B,3,59_final.mp4,99,Well
deepseek_ocr,B,3,59_final.mp4,102,Well
deepseek_ocr,B,3,59_final.mp4,105,Well
deepseek_ocr,B,3,59_final.mp4,108,Well
deepseek_ocr,B,3,59_final.mp4,111,Well
deepseek_ocr,B,3,59_final.mp4,114,Well
deepseek_ocr,B,3,59_final.mp4,117,Well
deepseek_ocr,B,3,59_final.mp4,120,Well
deepseek_ocr,B,3,59_final.mp4,123,Well
deepseek_ocr,B,3,59_final.mp4,126,Well
deepseek_ocr,B,3,59_final.mp4,129,Well
deepseek_ocr,B,3,59_final.mp4,132,Well
deepseek_ocr,B,3,59_final.mp4,135,Well
deepseek_ocr,B,3,59_final.mp4,138,Well
deepseek_ocr,B,3,59_final.mp4,141,Well
deepseek_ocr,B,3,59_final.mp4,144,Well
deepseek_ocr,B,3,59_final.mp4,147,Well
deepseek_ocr,B,3,59_final.mp4,150,Well
deepseek_ocr,B,3,59_final.mp4,153,Well
deepseek_ocr,B,3,59_final.mp4,156,Well
deepseek_ocr,B,3,59_final.mp4,159,Well
deepseek_ocr,B,3,59_final.mp4,162,Well
deepseek_ocr,B,3,59_final.mp4,165,Well
deepseek_ocr,B,3,59_final.mp4,168,Well
deepseek_ocr,B,3,59_final.mp4,171,Well
deepseek_ocr,B,3,59_final.mp4,174,Well
deepseek_ocr,B,3,59_final.mp4,177,Well
deepseek_ocr,B,3,59_final.mp4,180,Well
deepseek_ocr,B,3,59_final.mp4,183,Well
deepseek_ocr,B,3,59_final.mp4,186,Well
deepseek_ocr,B,3,59_final.mp4,189,Well
deepseek_ocr,B,3,59_final.mp4,192,Well
deepseek_ocr,B,3,59_final.mp4,195,well
deepseek_ocr,B,3,59_final.mp4,198,Well
deepseek_ocr,B,3,59_final.mp4,201,Well
deepseek_ocr,B,3,59_final.mp4,204,Well
deepseek_ocr,B,3,59_final.mp4,207,well
deepseek_ocr,B,3,59_final.mp4,210,Well
deepseek_ocr,B,3,59_final.mp4,213,Well
deepseek_ocr,B,3,59_final.mp4,216,Well
deepseek_ocr,B,3,59_final.mp4,219,Well
deepseek_ocr,B,3,59_final.mp4,222,Well
deepseek_ocr,B,3,59_final.mp4,225,Well
deepseek_ocr,B,3,59_final.mp4,228,well
deepseek_ocr,B,3,59_final.mp4,231,well
deepseek_ocr,B,3,59_final.mp4,234,Well
deepseek_ocr,B,3,59_final.mp4,237,Well
deepseek_ocr,B,3,59_final.mp4,240,Well
deepseek_ocr,B,3,59_final.mp4,243,Well
deepseek_ocr,B,3,59_final.mp4,246,Well
deepseek_ocr,B,3,59_final.mp4,249,Well
deepseek_ocr,B,3,59_final.mp4,252,well
deepseek_ocr,B,3,59_final.mp4,255,well
deepseek_ocr,B,3,59_final.mp4,258,well
deepseek_ocr,B,3,59_final.mp4,261,Well
deepseek_ocr,B,3,59_final.mp4,264,well
deepseek_ocr,B,3,59_final.mp4,267,Well
deepseek_ocr,B,3,60_final.mp4,0,Well
deepseek_ocr,B,3,60_final.mp4,3,Well
deepseek_ocr,B,3,60_final.mp4,6,Well
deepseek_ocr,B,3,60_final.mp4,9,Well
deepseek_ocr,B,3,60_final.mp4,12,Well
deepseek_ocr,B,3,60_final.mp4,15,Well
deepseek_ocr,B,3,60_final.mp4,18,Well
deepseek_ocr,B,3,60_final.mp4,21,Well
deepseek_ocr,B,3,60_final.mp4,24,Well
deepseek_ocr,B,3,60_final.mp4,27,Well
deepseek_ocr,B,3,60_final.mp4,30,Well
deepseek_ocr,B,3,60_final.mp4,33,Well
deepseek_ocr,B,3,60_final.mp4,36,Well
deepseek_ocr,B,3,60_final.mp4,39,Well
deepseek_ocr,B,3,60_final.mp4,42,Well
deepseek_ocr,B,3,60_final.mp4,45,Well
deepseek_ocr,B,3,60_final.mp4,48,Well
deepseek_ocr,B,3,60_final.mp4,51,Well
deepseek_ocr,B,3,60_final.mp4,54,Well
deepseek_ocr,B,3,60_final.mp4,57,Well
deepseek_ocr,B,3,60_final.mp4,60,Well
deepseek_ocr,B,3,60_final.mp4,63,Well
deepseek_ocr,B,3,60_final.mp4,66,Well
deepseek_ocr,B,3,60_final.mp4,69,Well
deepseek_ocr,B,3,60_final.mp4,72,Well
deepseek_ocr,B,3,60_final.mp4,75,Well
deepseek_ocr,B,3,60_final.mp4,78,Well
deepseek_ocr,B,3,60_final.mp4,81,Well
deepseek_ocr,B,3,60_final.mp4,84,Well
deepseek_ocr,B,3,60_final.mp4,87,Well
deepseek_ocr,B,3,60_final.mp4,90,Well
deepseek_ocr,B,3,60_final.mp4,93,Well
deepseek_ocr,B,3,60_final.mp4,96,Well
deepseek_ocr,B,3,60_final.mp4,99,Well
deepseek_ocr,B,3,60_final.mp4,102,Well
deepseek_ocr,B,3,60_final.mp4,105,Well
deepseek_ocr,B,3,60_final.mp4,108,Well
deepseek_ocr,B,3,60_final.mp4,111,Well
deepseek_ocr,B,3,60_final.mp4,114,Well
deepseek_ocr,B,3,60_final.mp4,117,Well
deepseek_ocr,B,3,60_final.mp4,120,Well
deepseek_ocr,B,3,60_final.mp4,123,Well
deepseek_ocr,B,3,60_final.mp4,126,Well
deepseek_ocr,B,3,60_final.mp4,129,Well
deepseek_ocr,B,3,60_final.mp4,132,Well
deepseek_ocr,B,3,60_final.mp4,135,Well
deepseek_ocr,B,3,60_final.mp4,138,Well
deepseek_ocr,B,3,60_final.mp4,141,Well
deepseek_ocr,B,3,60_final.mp4,144,Well
deepseek_ocr,B,3,60_final.mp4,147,Well
deepseek_ocr,B,3,60_final.mp4,150,Well
deepseek_ocr,B,3,60_final.mp4,153,Well
deepseek_ocr,B,3,60_final.mp4,156,Well
deepseek_ocr,B,3,60_final.mp4,159,Well
deepseek_ocr,B,3,60_final.mp4,162,well
deepseek_ocr,B,3,60_final.mp4,165,Well
deepseek_ocr,B,3,60_final.mp4,168,Well
deepseek_ocr,B,3,60_final.mp4,171,Well
deepseek_ocr,B,3,60_final.mp4,174,Well
deepseek_ocr,B,3,60_final.mp4,177,Well
deepseek_ocr,B,3,60_final.mp4,180,Well
deepseek_ocr,B,3,60_final.mp4,183,Well
deepseek_ocr,B,3,60_final.mp4,186,Well
deepseek_ocr,B,3,60_final.mp4,189,Well
deepseek_ocr,B,3,60_final.mp4,192,Well
deepseek_ocr,B,3,60_final.mp4,195,Well
deepseek_ocr,B,3,60_final.mp4,198,Well
deepseek_ocr,B,3,60_final.mp4,201,Well
deepseek_ocr,B,3,60_final.mp4,204,Well
deepseek_ocr,B,3,60_final.mp4,207,Well
deepseek_ocr,B,3,60_final.mp4,210,Well
deepseek_ocr,B,3,60_final.mp4,213,Well
deepseek_ocr,B,3,60_final.mp4,216,Well
deepseek_ocr,B,3,60_final.mp4,219,Well
deepseek_ocr,B,3,60_final.mp4,222,Well
deepseek_ocr,B,3,60_final.mp4,225,Well
deepseek_ocr,B,3,60_final.mp4,228,Well
deepseek_ocr,B,3,60_final.mp4,231,Well
deepseek_ocr,B,3,60_final.mp4,234,Well
deepseek_ocr,B,3,60_final.mp4,237,Well
deepseek_ocr,B,3,60_final.mp4,240,Well
deepseek_ocr,B,3,60_final.mp4,243,Well
deepseek_ocr,B,3,60_final.mp4,246,Well
deepseek_ocr,B,3,60_final.mp4,249,Well
deepseek_ocr,B,3,60_final.mp4,252,Well
deepseek_ocr,B,3,60_final.mp4,255,Well
deepseek_ocr,B,3,60_final.mp4,258,Well
deepseek_ocr,B,3,60_final.mp4,261,Well
deepseek_ocr,B,3,60_final.mp4,264,Well
deepseek_ocr,B,3,60_final.mp4,267,Well
deepseek_ocr,B,3,6_final.mp4,0,Well
deepseek_ocr,B,3,6_final.mp4,3,Well
deepseek_ocr,B,3,6_final.mp4,6,Well
deepseek_ocr,B,3,6_final.mp4,9,Well
deepseek_ocr,B,3,6_final.mp4,12,Well
deepseek_ocr,B,3,6_final.mp4,15,Well
deepseek_ocr,B,3,6_final.mp4,18,Well
deepseek_ocr,B,3,6_final.mp4,21,Well
deepseek_ocr,B,3,6_final.mp4,24,Well
deepseek_ocr,B,3,6_final.mp4,27,Well
deepseek_ocr,B,3,6_final.mp4,30,Well
deepseek_ocr,B,3,6_final.mp4,33,Well
deepseek_ocr,B,3,6_final.mp4,36,Well
deepseek_ocr,B,3,6_final.mp4,39,Well
deepseek_ocr,B,3,6_final.mp4,42,Well
deepseek_ocr,B,3,6_final.mp4,45,Well
deepseek_ocr,B,3,6_final.mp4,48,Well
deepseek_ocr,B,3,6_final.mp4,51,Well
deepseek_ocr,B,3,6_final.mp4,54,Well
deepseek_ocr,B,3,6_final.mp4,57,Well
deepseek_ocr,B,3,6_final.mp4,60,Well
deepseek_ocr,B,3,6_final.mp4,63,Well
deepseek_ocr,B,3,6_final.mp4,66,Well
deepseek_ocr,B,3,6_final.mp4,69,well
deepseek_ocr,B,3,6_final.mp4,72,Well
deepseek_ocr,B,3,6_final.mp4,75,Well
deepseek_ocr,B,3,6_final.mp4,78,Well
deepseek_ocr,B,3,6_final.mp4,81,Well
deepseek_ocr,B,3,6_final.mp4,84,Well
deepseek_ocr,B,3,6_final.mp4,87,Well
deepseek_ocr,B,3,6_final.mp4,90,Well
deepseek_ocr,B,3,6_final.mp4,93,Well
deepseek_ocr,B,3,6_final.mp4,96,Well
deepseek_ocr,B,3,6_final.mp4,99,Well
deepseek_ocr,B,3,6_final.mp4,102,Well
deepseek_ocr,B,3,6_final.mp4,105,Well
deepseek_ocr,B,3,6_final.mp4,108,Well
deepseek_ocr,B,3,6_final.mp4,111,Well
deepseek_ocr,B,3,6_final.mp4,114,Well
deepseek_ocr,B,3,6_final.mp4,117,Well
deepseek_ocr,B,3,6_final.mp4,120,Well
deepseek_ocr,B,3,6_final.mp4,123,Well
deepseek_ocr,B,3,6_final.mp4,126,Well
deepseek_ocr,B,3,6_final.mp4,129,Well
deepseek_ocr,B,3,6_final.mp4,132,Well
deepseek_ocr,B,3,6_final.mp4,135,Well
deepseek_ocr,B,3,6_final.mp4,138,Well
deepseek_ocr,B,3,6_final.mp4,141,Well
deepseek_ocr,B,3,6_final.mp4,144,Well
deepseek_ocr,B,3,6_final.mp4,147,Well
deepseek_ocr,B,3,6_final.mp4,150,Well
deepseek_ocr,B,3,6_final.mp4,153,Well
deepseek_ocr,B,3,6_final.mp4,156,Well
deepseek_ocr,B,3,6_final.mp4,159,Well
deepseek_ocr,B,3,6_final.mp4,162,Well
deepseek_ocr,B,3,6_final.mp4,165,Well
deepseek_ocr,B,3,6_final.mp4,168,Well
deepseek_ocr,B,3,6_final.mp4,171,Well
deepseek_ocr,B,3,6_final.mp4,174,Well
deepseek_ocr,B,3,6_final.mp4,177,Well
deepseek_ocr,B,3,6_final.mp4,180,Well
deepseek_ocr,B,3,6_final.mp4,183,Well
deepseek_ocr,B,3,7_final.mp4,0,Well
deepseek_ocr,B,3,7_final.mp4,3,Well
deepseek_ocr,B,3,7_final.mp4,6,Well
deepseek_ocr,B,3,7_final.mp4,9,Well
deepseek_ocr,B,3,7_final.mp4,12,well
deepseek_ocr,B,3,7_final.mp4,15,Well
deepseek_ocr,B,3,7_final.mp4,18,well
deepseek_ocr,B,3,7_final.mp4,21,Well
deepseek_ocr,B,3,7_final.mp4,24,well
deepseek_ocr,B,3,7_final.mp4,27,Well
deepseek_ocr,B,3,7_final.mp4,30,well
deepseek_ocr,B,3,7_final.mp4,33,well
deepseek_ocr,B,3,7_final.mp4,36,well
deepseek_ocr,B,3,7_final.mp4,39,Well
deepseek_ocr,B,3,7_final.mp4,42,well
deepseek_ocr,B,3,7_final.mp4,45,Well
deepseek_ocr,B,3,7_final.mp4,48,Well
deepseek_ocr,B,3,7_final.mp4,51,well
deepseek_ocr,B,3,7_final.mp4,54,Well
deepseek_ocr,B,3,7_final.mp4,57,well
deepseek_ocr,B,3,7_final.mp4,60,well
deepseek_ocr,B,3,7_final.mp4,63,well
deepseek_ocr,B,3,7_final.mp4,66,Well
deepseek_ocr,B,3,7_final.mp4,69,Well
deepseek_ocr,B,3,7_final.mp4,72,Well
deepseek_ocr,B,3,7_final.mp4,75,well
deepseek_ocr,B,3,7_final.mp4,78,well
deepseek_ocr,B,3,7_final.mp4,81,Well
deepseek_ocr,B,3,7_final.mp4,84,Well
deepseek_ocr,B,3,7_final.mp4,87,Well
deepseek_ocr,B,3,7_final.mp4,90,Well
deepseek_ocr,B,3,7_final.mp4,93,well
deepseek_ocr,B,3,7_final.mp4,96,well
deepseek_ocr,B,3,7_final.mp4,99,well
deepseek_ocr,B,3,7_final.mp4,102,well
deepseek_ocr,B,3,7_final.mp4,105,well
deepseek_ocr,B,3,7_final.mp4,108,well
deepseek_ocr,B,3,7_final.mp4,111,Well
deepseek_ocr,B,3,7_final.mp4,114,Well
deepseek_ocr,B,3,7_final.mp4,117,Well
deepseek_ocr,B,3,7_final.mp4,120,Well
deepseek_ocr,B,3,7_final.mp4,123,Well
deepseek_ocr,B,3,7_final.mp4,126,well
deepseek_ocr,B,3,7_final.mp4,129,Well
deepseek_ocr,B,3,7_final.mp4,132,well
deepseek_ocr,B,3,7_final.mp4,135,Well
deepseek_ocr,B,3,7_final.mp4,138,Well
deepseek_ocr,B,3,7_final.mp4,141,Well
deepseek_ocr,B,3,7_final.mp4,144,Well
deepseek_ocr,B,3,7_final.mp4,147,Well
deepseek_ocr,B,3,7_final.mp4,150,Well
deepseek_ocr,B,3,7_final.mp4,153,well
deepseek_ocr,B,3,7_final.mp4,156,well
deepseek_ocr,B,3,7_final.mp4,159,Well
deepseek_ocr,B,3,7_final.mp4,162,Well
deepseek_ocr,B,3,7_final.mp4,165,Well
deepseek_ocr,B,3,7_final.mp4,168,Well
deepseek_ocr,B,3,7_final.mp4,171,Well
deepseek_ocr,B,3,7_final.mp4,174,Well
deepseek_ocr,B,3,7_final.mp4,177,Well
deepseek_ocr,B,3,7_final.mp4,180,Well
deepseek_ocr,B,3,7_final.mp4,183,well
deepseek_ocr,B,3,7_final.mp4,186,Well
deepseek_ocr,B,3,7_final.mp4,189,well
deepseek_ocr,B,3,7_final.mp4,192,Well
deepseek_ocr,B,3,7_final.mp4,195,Well
deepseek_ocr,B,3,7_final.mp4,198,Well
deepseek_ocr,B,3,7_final.mp4,201,Well
deepseek_ocr,B,3,7_final.mp4,204,Well
deepseek_ocr,B,3,7_final.mp4,207,well
deepseek_ocr,B,3,7_final.mp4,210,Well
deepseek_ocr,B,3,7_final.mp4,213,Well
deepseek_ocr,B,3,7_final.mp4,216,Well
deepseek_ocr,B,3,7_final.mp4,219,Well
deepseek_ocr,B,3,7_final.mp4,222,well
deepseek_ocr,B,3,7_final.mp4,225,Well
deepseek_ocr,B,3,7_final.mp4,228,Well
deepseek_ocr,B,3,7_final.mp4,231,Well
deepseek_ocr,B,3,7_final.mp4,234,Well
deepseek_ocr,B,3,7_final.mp4,237,Well
deepseek_ocr,B,3,7_final.mp4,240,Well
deepseek_ocr,B,3,7_final.mp4,243,Well
deepseek_ocr,B,3,9_final.mp4,0,Well
deepseek_ocr,B,3,9_final.mp4,3,Well
deepseek_ocr,B,3,9_final.mp4,6,Well
deepseek_ocr,B,3,9_final.mp4,9,Well
deepseek_ocr,B,3,9_final.mp4,12,Well
deepseek_ocr,B,3,9_final.mp4,15,Well
deepseek_ocr,B,3,9_final.mp4,18,Well
deepseek_ocr,B,3,9_final.mp4,21,Well
deepseek_ocr,B,3,9_final.mp4,24,Well
deepseek_ocr,B,3,9_final.mp4,27,Well
deepseek_ocr,B,3,9_final.mp4,30,Well
deepseek_ocr,B,3,9_final.mp4,33,Well
deepseek_ocr,B,3,9_final.mp4,36,Well
deepseek_ocr,B,3,9_final.mp4,39,Well
deepseek_ocr,B,3,9_final.mp4,42,Well
deepseek_ocr,B,3,9_final.mp4,45,Well
deepseek_ocr,B,3,9_final.mp4,48,Well
deepseek_ocr,B,3,9_final.mp4,51,Well
deepseek_ocr,B,3,9_final.mp4,54,Well
deepseek_ocr,B,3,9_final.mp4,57,Well
deepseek_ocr,B,3,9_final.mp4,60,Well
deepseek_ocr,B,3,9_final.mp4,63,Well
deepseek_ocr,B,3,9_final.mp4,66,Well
deepseek_ocr,B,3,9_final.mp4,69,Well
deepseek_ocr,B,3,9_final.mp4,72,Well
deepseek_ocr,B,3,9_final.mp4,75,Well
deepseek_ocr,B,3,9_final.mp4,78,Well
deepseek_ocr,B,3,9_final.mp4,81,Well
deepseek_ocr,B,3,9_final.mp4,84,Well
deepseek_ocr,B,3,9_final.mp4,87,Well
deepseek_ocr,B,3,9_final.mp4,90,Well
deepseek_ocr,B,3,9_final.mp4,93,Well
deepseek_ocr,B,3,9_final.mp4,96,Well
deepseek_ocr,B,3,9_final.mp4,99,Well
deepseek_ocr,B,3,9_final.mp4,102,Well
deepseek_ocr,B,3,9_final.mp4,105,Well
deepseek_ocr,B,3,9_final.mp4,108,Well
deepseek_ocr,B,3,9_final.mp4,111,Well
deepseek_ocr,B,3,9_final.mp4,114,Well
deepseek_ocr,B,3,9_final.mp4,117,Well
deepseek_ocr,B,3,9_final.mp4,120,Well
deepseek_ocr,B,3,9_final.mp4,123,Well
deepseek_ocr,B,3,9_final.mp4,126,Well
deepseek_ocr,B,3,9_final.mp4,129,Well
deepseek_ocr,B,3,9_final.mp4,132,Well
deepseek_ocr,B,3,9_final.mp4,135,Well
deepseek_ocr,B,3,9_final.mp4,138,Well
deepseek_ocr,B,3,9_final.mp4,141,Well
deepseek_ocr,B,3,9_final.mp4,144,Well
deepseek_ocr,B,3,9_final.mp4,147,Well
deepseek_ocr,B,3,9_final.mp4,150,Well
deepseek_ocr,B,3,9_final.mp4,153,Well
deepseek_ocr,B,3,9_final.mp4,156,Well
deepseek_ocr,B,3,9_final.mp4,159,Well
deepseek_ocr,B,3,9_final.mp4,162,Well
deepseek_ocr,B,3,9_final.mp4,165,Well
deepseek_ocr,B,3,9_final.mp4,168,Well
deepseek_ocr,B,3,9_final.mp4,171,Well
deepseek_ocr,B,3,9_final.mp4,174,Well
deepseek_ocr,B,3,9_final.mp4,177,Well
deepseek_ocr,B,3,9_final.mp4,180,Well
deepseek_ocr,B,3,9_final.mp4,183,Well
deepseek_ocr,B,3,9_final.mp4,186,Well
deepseek_ocr,B,3,9_final.mp4,189,Well
deepseek_ocr,B,3,9_final.mp4,192,Well
deepseek_ocr,B,3,9_final.mp4,195,Well
deepseek_ocr,B,3,9_final.mp4,198,Well
deepseek_ocr,B,3,9_final.mp4,201,Well
deepseek_ocr,B,3,9_final.mp4,204,Well
deepseek_ocr,B,3,9_final.mp4,207,Well
deepseek_ocr,B,3,9_final.mp4,210,Well
deepseek_ocr,B,3,9_final.mp4,213,Well
deepseek_ocr,B,3,9_final.mp4,216,Well
deepseek_ocr,B,3,9_final.mp4,219,Well
deepseek_ocr,B,3,9_final.mp4,222,Well
deepseek_ocr,B,3,9_final.mp4,225,Well
deepseek_ocr,B,3,9_final.mp4,228,Well
deepseek_ocr,B,3,9_final.mp4,231,Well
deepseek_ocr,B,3,9_final.mp4,234,Well
deepseek_ocr,B,3,9_final.mp4,237,Well
deepseek_ocr,B,3,9_final.mp4,240,Well
deepseek_ocr,B,3,9_final.mp4,243,Well
deepseek_ocr,B,3,9_final.mp4,246,Well
deepseek_ocr,B,3,9_final.mp4,249,Well
deepseek_ocr,B,3,9_final.mp4,252,Well
deepseek_ocr,B,3,9_final.mp4,255,Well
deepseek_ocr,B,3,9_final.mp4,258,Well
deepseek_ocr,B,3,9_final.mp4,261,Well
deepseek_ocr,B,3,9_final.mp4,264,Well
deepseek_ocr,B,3,9_final.mp4,267,Well
deepseek_ocr,B,3,9_final.mp4,270,Well
deepseek_ocr,B,3,9_final.mp4,273,Well
deepseek_ocr,B,3,9_final.mp4,276,Well
deepseek_ocr,B,3,9_final.mp4,279,Well
deepseek_ocr,B,3,9_final.mp4,282,Well
deepseek_ocr,B,3,9_final.mp4,285,Well
deepseek_ocr,B,3,9_final.mp4,288,Well
deepseek_ocr,B,3,9_final.mp4,291,Well
deepseek_ocr,B,3,9_final.mp4,294,Well
gemma3,B,3,11_final.mp4,0,Poorly
gemma3,B,3,11_final.mp4,3,Poorly
gemma3,B,3,11_final.mp4,6,Poorly
gemma3,B,3,11_final.mp4,9,Poorly
gemma3,B,3,11_final.mp4,12,Poorly
gemma3,B,3,11_final.mp4,15,Poorly
gemma3,B,3,11_final.mp4,18,Poorly
gemma3,B,3,11_final.mp4,21,Poorly
gemma3,B,3,11_final.mp4,24,Poorly
gemma3,B,3,11_final.mp4,27,Poorly
gemma3,B,3,11_final.mp4,30,Poorly
gemma3,B,3,11_final.mp4,33,Poorly
gemma3,B,3,11_final.mp4,36,Poorly
gemma3,B,3,11_final.mp4,39,Poorly
gemma3,B,3,11_final.mp4,42,Poorly
gemma3,B,3,11_final.mp4,45,Poorly
gemma3,B,3,11_final.mp4,48,Poorly
gemma3,B,3,11_final.mp4,51,Poorly
gemma3,B,3,11_final.mp4,54,Poorly
gemma3,B,3,11_final.mp4,57,Poorly
gemma3,B,3,11_final.mp4,60,Poorly
gemma3,B,3,11_final.mp4,63,Poorly
gemma3,B,3,11_final.mp4,66,Poorly
gemma3,B,3,11_final.mp4,69,Poorly
gemma3,B,3,11_final.mp4,72,Poorly
gemma3,B,3,11_final.mp4,75,Poorly
gemma3,B,3,11_final.mp4,78,Poorly
gemma3,B,3,11_final.mp4,81,Poorly
gemma3,B,3,11_final.mp4,84,Poorly
gemma3,B,3,11_final.mp4,87,Poorly
gemma3,B,3,11_final.mp4,90,Poorly
gemma3,B,3,11_final.mp4,93,Poorly
gemma3,B,3,11_final.mp4,96,Poorly
gemma3,B,3,11_final.mp4,99,Poorly
gemma3,B,3,11_final.mp4,102,Poorly
gemma3,B,3,11_final.mp4,105,Poorly
gemma3,B,3,11_final.mp4,108,Poorly
gemma3,B,3,11_final.mp4,111,Poorly
gemma3,B,3,11_final.mp4,114,Poorly
gemma3,B,3,11_final.mp4,117,Poorly
gemma3,B,3,11_final.mp4,120,Poorly
gemma3,B,3,11_final.mp4,123,Poorly
gemma3,B,3,11_final.mp4,126,Poorly
gemma3,B,3,11_final.mp4,129,Poorly
gemma3,B,3,11_final.mp4,132,Poorly
gemma3,B,3,11_final.mp4,135,Poorly
gemma3,B,3,11_final.mp4,138,Poorly
gemma3,B,3,11_final.mp4,141,Poorly
gemma3,B,3,11_final.mp4,144,Poorly
gemma3,B,3,11_final.mp4,147,Poorly
gemma3,B,3,11_final.mp4,150,Poorly
gemma3,B,3,11_final.mp4,153,Poorly
gemma3,B,3,11_final.mp4,156,Poorly
gemma3,B,3,11_final.mp4,159,Poorly
gemma3,B,3,11_final.mp4,162,Poorly
gemma3,B,3,11_final.mp4,165,Poorly
gemma3,B,3,11_final.mp4,168,Poorly
gemma3,B,3,11_final.mp4,171,Poorly
gemma3,B,3,11_final.mp4,174,Poorly
gemma3,B,3,11_final.mp4,177,Poorly
gemma3,B,3,11_final.mp4,180,Poorly
gemma3,B,3,11_final.mp4,183,Poorly
gemma3,B,3,11_final.mp4,186,Poorly
gemma3,B,3,11_final.mp4,189,Poorly
gemma3,B,3,11_final.mp4,192,Poorly
gemma3,B,3,11_final.mp4,195,Poorly
gemma3,B,3,11_final.mp4,198,Poorly
gemma3,B,3,11_final.mp4,201,Poorly
gemma3,B,3,11_final.mp4,204,Poorly
gemma3,B,3,11_final.mp4,207,Poorly
gemma3,B,3,11_final.mp4,210,Poorly
gemma3,B,3,11_final.mp4,213,Poorly
gemma3,B,3,11_final.mp4,216,Poorly
gemma3,B,3,11_final.mp4,219,Poorly
gemma3,B,3,11_final.mp4,222,Poorly
gemma3,B,3,11_final.mp4,225,Poorly
gemma3,B,3,11_final.mp4,228,Poorly
gemma3,B,3,11_final.mp4,231,Poorly
gemma3,B,3,11_final.mp4,234,Poorly
gemma3,B,3,11_final.mp4,237,Poorly
gemma3,B,3,11_final.mp4,240,Poorly
gemma3,B,3,11_final.mp4,243,Poorly
gemma3,B,3,11_final.mp4,246,Poorly
gemma3,B,3,11_final.mp4,249,Poorly
gemma3,B,3,11_final.mp4,252,Poorly
gemma3,B,3,11_final.mp4,255,Poorly
gemma3,B,3,11_final.mp4,258,Poorly
gemma3,B,3,11_final.mp4,261,Poorly
gemma3,B,3,11_final.mp4,264,Poorly
gemma3,B,3,11_final.mp4,267,Poorly
gemma3,B,3,11_final.mp4,270,Poorly
gemma3,B,3,11_final.mp4,273,Poorly
gemma3,B,3,11_final.mp4,276,Poorly
gemma3,B,3,11_final.mp4,279,Poorly
gemma3,B,3,11_final.mp4,282,Poorly
gemma3,B,3,11_final.mp4,285,Poorly
gemma3,B,3,11_final.mp4,288,Poorly
gemma3,B,3,11_final.mp4,291,Poorly
gemma3,B,3,11_final.mp4,294,Poorly
gemma3,B,3,11_final.mp4,297,Poorly
gemma3,B,3,11_final.mp4,300,Poorly
gemma3,B,3,11_final.mp4,303,Poorly
gemma3,B,3,11_final.mp4,306,Poorly
gemma3,B,3,11_final.mp4,309,Poorly
gemma3,B,3,11_final.mp4,312,Poorly
gemma3,B,3,11_final.mp4,315,Poorly
gemma3,B,3,11_final.mp4,318,Poorly
gemma3,B,3,11_final.mp4,321,Poorly
gemma3,B,3,11_final.mp4,324,Poorly
gemma3,B,3,11_final.mp4,327,Poorly
gemma3,B,3,11_final.mp4,330,Poorly
gemma3,B,3,11_final.mp4,333,Poorly
gemma3,B,3,11_final.mp4,336,Poorly
gemma3,B,3,11_final.mp4,339,Poorly
gemma3,B,3,11_final.mp4,342,Poorly
gemma3,B,3,11_final.mp4,345,Poorly
gemma3,B,3,11_final.mp4,348,Poorly
gemma3,B,3,11_final.mp4,351,Poorly
gemma3,B,3,11_final.mp4,354,Poorly
gemma3,B,3,11_final.mp4,357,Poorly
gemma3,B,3,11_final.mp4,360,Poorly
gemma3,B,3,11_final.mp4,363,Poorly
gemma3,B,3,11_final.mp4,366,Poorly
gemma3,B,3,11_final.mp4,369,Poorly
gemma3,B,3,11_final.mp4,372,Poorly
gemma3,B,3,11_final.mp4,375,Poorly
gemma3,B,3,11_final.mp4,378,Poorly
gemma3,B,3,11_final.mp4,381,Poorly
gemma3,B,3,11_final.mp4,384,Poorly
gemma3,B,3,11_final.mp4,387,Poorly
gemma3,B,3,11_final.mp4,390,Poorly
gemma3,B,3,11_final.mp4,393,Poorly
gemma3,B,3,11_final.mp4,396,Poorly
gemma3,B,3,11_final.mp4,399,Poorly
gemma3,B,3,11_final.mp4,402,Poorly
gemma3,B,3,11_final.mp4,405,Poorly
gemma3,B,3,11_final.mp4,408,Poorly
gemma3,B,3,11_final.mp4,411,Poorly
gemma3,B,3,11_final.mp4,414,Poorly
gemma3,B,3,11_final.mp4,417,Poorly
gemma3,B,3,11_final.mp4,420,Poorly
gemma3,B,3,11_final.mp4,423,Poorly
gemma3,B,3,12_final.mp4,0,Poorly
gemma3,B,3,12_final.mp4,3,Poorly
gemma3,B,3,12_final.mp4,6,Poorly
gemma3,B,3,12_final.mp4,9,Poorly
gemma3,B,3,12_final.mp4,12,Poorly
gemma3,B,3,12_final.mp4,15,Poorly
gemma3,B,3,12_final.mp4,18,Poorly
gemma3,B,3,12_final.mp4,21,Poorly
gemma3,B,3,12_final.mp4,24,Poorly
gemma3,B,3,12_final.mp4,27,Poorly
gemma3,B,3,12_final.mp4,30,Poorly
gemma3,B,3,12_final.mp4,33,Poorly
gemma3,B,3,12_final.mp4,36,Poorly
gemma3,B,3,12_final.mp4,39,Poorly
gemma3,B,3,12_final.mp4,42,Poorly
gemma3,B,3,12_final.mp4,45,Poorly
gemma3,B,3,12_final.mp4,48,Poorly
gemma3,B,3,12_final.mp4,51,Poorly
gemma3,B,3,12_final.mp4,54,Poorly
gemma3,B,3,12_final.mp4,57,Poorly
gemma3,B,3,12_final.mp4,60,Poorly
gemma3,B,3,12_final.mp4,63,Poorly
gemma3,B,3,12_final.mp4,66,Poorly
gemma3,B,3,12_final.mp4,69,Poorly
gemma3,B,3,12_final.mp4,72,Poorly
gemma3,B,3,12_final.mp4,75,Poorly
gemma3,B,3,12_final.mp4,78,Poorly
gemma3,B,3,12_final.mp4,81,Poorly
gemma3,B,3,12_final.mp4,84,Poorly
gemma3,B,3,12_final.mp4,87,Poorly
gemma3,B,3,12_final.mp4,90,Poorly
gemma3,B,3,12_final.mp4,93,Poorly
gemma3,B,3,12_final.mp4,96,Poorly
gemma3,B,3,12_final.mp4,99,Poorly
gemma3,B,3,12_final.mp4,102,Poorly
gemma3,B,3,12_final.mp4,105,Poorly
gemma3,B,3,12_final.mp4,108,Poorly
gemma3,B,3,12_final.mp4,111,Poorly
gemma3,B,3,12_final.mp4,114,Poorly
gemma3,B,3,12_final.mp4,117,Poorly
gemma3,B,3,12_final.mp4,120,Poorly
gemma3,B,3,12_final.mp4,123,Poorly
gemma3,B,3,12_final.mp4,126,Poorly
gemma3,B,3,12_final.mp4,129,Poorly
gemma3,B,3,12_final.mp4,132,Poorly
gemma3,B,3,12_final.mp4,135,Poorly
gemma3,B,3,12_final.mp4,138,Poorly
gemma3,B,3,12_final.mp4,141,Poorly
gemma3,B,3,12_final.mp4,144,Poorly
gemma3,B,3,12_final.mp4,147,Poorly
gemma3,B,3,12_final.mp4,150,Poorly
gemma3,B,3,12_final.mp4,153,Poorly
gemma3,B,3,12_final.mp4,156,Poorly
gemma3,B,3,12_final.mp4,159,Poorly
gemma3,B,3,12_final.mp4,162,Poorly
gemma3,B,3,12_final.mp4,165,Poorly
gemma3,B,3,12_final.mp4,168,Poorly
gemma3,B,3,12_final.mp4,171,Poorly
gemma3,B,3,12_final.mp4,174,Poorly
gemma3,B,3,12_final.mp4,177,Poorly
gemma3,B,3,12_final.mp4,180,Poorly
gemma3,B,3,12_final.mp4,183,Poorly
gemma3,B,3,12_final.mp4,186,Poorly
gemma3,B,3,12_final.mp4,189,Poorly
gemma3,B,3,12_final.mp4,192,Poorly
gemma3,B,3,12_final.mp4,195,Poorly
gemma3,B,3,12_final.mp4,198,Poorly
gemma3,B,3,12_final.mp4,201,Poorly
gemma3,B,3,12_final.mp4,204,Poorly
gemma3,B,3,12_final.mp4,207,Poorly
gemma3,B,3,12_final.mp4,210,Poorly
gemma3,B,3,12_final.mp4,213,Poorly
gemma3,B,3,12_final.mp4,216,Poorly
gemma3,B,3,14_final.mp4,0,Poorly
gemma3,B,3,14_final.mp4,3,Poorly
gemma3,B,3,14_final.mp4,6,Poorly
gemma3,B,3,14_final.mp4,9,Poorly
gemma3,B,3,14_final.mp4,12,Poorly
gemma3,B,3,14_final.mp4,15,Poorly
gemma3,B,3,14_final.mp4,18,Poorly
gemma3,B,3,14_final.mp4,21,Poorly
gemma3,B,3,14_final.mp4,24,Poorly
gemma3,B,3,14_final.mp4,27,Poorly
gemma3,B,3,14_final.mp4,30,Poorly
gemma3,B,3,14_final.mp4,33,Poorly
gemma3,B,3,14_final.mp4,36,Poorly
gemma3,B,3,14_final.mp4,39,Poorly
gemma3,B,3,14_final.mp4,45,Poorly
gemma3,B,3,14_final.mp4,48,Poorly
gemma3,B,3,14_final.mp4,51,Poorly
gemma3,B,3,14_final.mp4,54,Poorly
gemma3,B,3,14_final.mp4,57,Poorly
gemma3,B,3,14_final.mp4,60,Poorly
gemma3,B,3,14_final.mp4,63,Poorly
gemma3,B,3,14_final.mp4,75,Poorly
gemma3,B,3,14_final.mp4,78,Poorly
gemma3,B,3,14_final.mp4,81,Poorly
gemma3,B,3,14_final.mp4,84,Poorly
gemma3,B,3,14_final.mp4,87,Poorly
gemma3,B,3,14_final.mp4,90,Poorly
gemma3,B,3,14_final.mp4,93,Poorly
gemma3,B,3,14_final.mp4,96,Poorly
gemma3,B,3,14_final.mp4,99,Poorly
gemma3,B,3,14_final.mp4,102,Poorly
gemma3,B,3,14_final.mp4,105,Poorly
gemma3,B,3,14_final.mp4,108,Poorly
gemma3,B,3,14_final.mp4,111,Poorly
gemma3,B,3,14_final.mp4,114,Poorly
gemma3,B,3,14_final.mp4,117,Poorly
gemma3,B,3,14_final.mp4,120,Poorly
gemma3,B,3,14_final.mp4,123,Poorly
gemma3,B,3,14_final.mp4,126,Poorly
gemma3,B,3,14_final.mp4,129,Poorly
gemma3,B,3,14_final.mp4,138,Poorly
gemma3,B,3,14_final.mp4,141,Poorly
gemma3,B,3,14_final.mp4,150,Poorly
gemma3,B,3,14_final.mp4,153,Poorly
gemma3,B,3,14_final.mp4,156,Poorly
gemma3,B,3,14_final.mp4,162,Poorly
gemma3,B,3,14_final.mp4,165,Poorly
gemma3,B,3,14_final.mp4,168,Poorly
gemma3,B,3,14_final.mp4,171,Poorly
gemma3,B,3,14_final.mp4,174,Poorly
gemma3,B,3,14_final.mp4,177,Poorly
gemma3,B,3,14_final.mp4,180,Poorly
gemma3,B,3,14_final.mp4,183,Poorly
gemma3,B,3,14_final.mp4,186,Poorly
gemma3,B,3,14_final.mp4,189,Poorly
gemma3,B,3,14_final.mp4,192,Poorly
gemma3,B,3,14_final.mp4,195,Poorly
gemma3,B,3,14_final.mp4,198,Poorly
gemma3,B,3,14_final.mp4,201,Poorly
gemma3,B,3,14_final.mp4,204,Poorly
gemma3,B,3,14_final.mp4,207,Poorly
gemma3,B,3,14_final.mp4,210,Poorly
gemma3,B,3,14_final.mp4,213,Poorly
gemma3,B,3,14_final.mp4,216,Poorly
gemma3,B,3,14_final.mp4,219,Poorly
gemma3,B,3,14_final.mp4,222,Poorly
gemma3,B,3,14_final.mp4,225,Poorly
gemma3,B,3,14_final.mp4,228,Poorly
gemma3,B,3,14_final.mp4,231,Poorly
gemma3,B,3,14_final.mp4,234,Poorly
gemma3,B,3,14_final.mp4,237,Poorly
gemma3,B,3,14_final.mp4,240,Poorly
gemma3,B,3,14_final.mp4,243,Poorly
gemma3,B,3,14_final.mp4,246,Poorly
gemma3,B,3,14_final.mp4,249,Poorly
gemma3,B,3,14_final.mp4,252,Poorly
gemma3,B,3,14_final.mp4,255,Poorly
gemma3,B,3,14_final.mp4,258,Poorly
gemma3,B,3,14_final.mp4,261,Poorly
gemma3,B,3,14_final.mp4,264,Poorly
gemma3,B,3,14_final.mp4,267,Poorly
gemma3,B,3,14_final.mp4,270,Poorly
gemma3,B,3,14_final.mp4,273,Poorly
gemma3,B,3,14_final.mp4,276,Poorly
gemma3,B,3,14_final.mp4,279,Poorly
gemma3,B,3,14_final.mp4,285,Poorly
gemma3,B,3,14_final.mp4,288,Poorly
gemma3,B,3,14_final.mp4,291,Poorly
gemma3,B,3,14_final.mp4,294,Poorly
gemma3,B,3,14_final.mp4,297,Poorly
gemma3,B,3,14_final.mp4,300,Poorly
gemma3,B,3,14_final.mp4,303,Poorly
gemma3,B,3,14_final.mp4,306,Poorly
gemma3,B,3,14_final.mp4,309,Poorly
gemma3,B,3,14_final.mp4,312,Poorly
gemma3,B,3,14_final.mp4,315,Poorly
gemma3,B,3,14_final.mp4,318,Poorly
gemma3,B,3,14_final.mp4,321,Poorly
gemma3,B,3,14_final.mp4,324,Poorly
gemma3,B,3,14_final.mp4,327,Poorly
gemma3,B,3,14_final.mp4,330,Poorly
gemma3,B,3,14_final.mp4,333,Poorly
gemma3,B,3,14_final.mp4,336,Poorly
gemma3,B,3,14_final.mp4,339,Poorly
gemma3,B,3,14_final.mp4,342,Poorly
gemma3,B,3,14_final.mp4,345,Poorly
gemma3,B,3,14_final.mp4,348,Poorly
gemma3,B,3,14_final.mp4,351,Poorly
gemma3,B,3,14_final.mp4,354,Poorly
gemma3,B,3,14_final.mp4,357,Poorly
gemma3,B,3,14_final.mp4,360,Poorly
gemma3,B,3,14_final.mp4,363,Poorly
gemma3,B,3,14_final.mp4,366,Poorly
gemma3,B,3,14_final.mp4,369,Poorly
gemma3,B,3,14_final.mp4,372,Poorly
gemma3,B,3,14_final.mp4,375,Poorly
gemma3,B,3,14_final.mp4,378,Poorly
gemma3,B,3,14_final.mp4,381,Poorly
gemma3,B,3,14_final.mp4,384,Poorly
gemma3,B,3,14_final.mp4,387,Poorly
gemma3,B,3,15_final.mp4,0,Poorly
gemma3,B,3,15_final.mp4,3,Poorly
gemma3,B,3,15_final.mp4,6,Poorly
gemma3,B,3,15_final.mp4,9,Poorly
gemma3,B,3,15_final.mp4,12,Poorly
gemma3,B,3,15_final.mp4,15,Poorly
gemma3,B,3,15_final.mp4,18,Poorly
gemma3,B,3,15_final.mp4,21,Poorly
gemma3,B,3,15_final.mp4,24,Poorly
gemma3,B,3,15_final.mp4,27,Poorly
gemma3,B,3,15_final.mp4,30,Poorly
gemma3,B,3,15_final.mp4,33,Poorly
gemma3,B,3,15_final.mp4,36,Poorly
gemma3,B,3,15_final.mp4,39,Poorly
gemma3,B,3,15_final.mp4,42,Poorly
gemma3,B,3,15_final.mp4,45,Poorly
gemma3,B,3,15_final.mp4,48,Poorly
gemma3,B,3,15_final.mp4,51,Poorly
gemma3,B,3,15_final.mp4,54,Poorly
gemma3,B,3,15_final.mp4,57,Poorly
gemma3,B,3,15_final.mp4,60,Poorly
gemma3,B,3,15_final.mp4,63,Poorly
gemma3,B,3,15_final.mp4,66,Poorly
gemma3,B,3,15_final.mp4,69,Poorly
gemma3,B,3,15_final.mp4,72,Well
gemma3,B,3,15_final.mp4,75,Poorly
gemma3,B,3,15_final.mp4,78,Poorly
gemma3,B,3,15_final.mp4,81,Poorly
gemma3,B,3,15_final.mp4,84,Poorly
gemma3,B,3,15_final.mp4,87,Poorly
gemma3,B,3,15_final.mp4,90,Poorly
gemma3,B,3,15_final.mp4,93,Poorly
gemma3,B,3,15_final.mp4,96,Poorly
gemma3,B,3,15_final.mp4,99,Poorly
gemma3,B,3,15_final.mp4,102,Poorly
gemma3,B,3,15_final.mp4,105,Poorly
gemma3,B,3,15_final.mp4,108,Poorly
gemma3,B,3,15_final.mp4,111,Poorly
gemma3,B,3,15_final.mp4,114,Poorly
gemma3,B,3,15_final.mp4,117,Poorly
gemma3,B,3,15_final.mp4,120,Poorly
gemma3,B,3,15_final.mp4,123,Poorly
gemma3,B,3,15_final.mp4,126,Poorly
gemma3,B,3,15_final.mp4,129,Poorly
gemma3,B,3,15_final.mp4,132,Poorly
gemma3,B,3,15_final.mp4,135,Poorly
gemma3,B,3,15_final.mp4,138,Poorly
gemma3,B,3,15_final.mp4,141,Poorly
gemma3,B,3,15_final.mp4,144,Poorly
gemma3,B,3,15_final.mp4,147,Poorly
gemma3,B,3,15_final.mp4,150,Poorly
gemma3,B,3,15_final.mp4,153,Poorly
gemma3,B,3,15_final.mp4,156,Poorly
gemma3,B,3,15_final.mp4,159,Poorly
gemma3,B,3,15_final.mp4,162,Poorly
gemma3,B,3,15_final.mp4,165,Poorly
gemma3,B,3,15_final.mp4,168,Poorly
gemma3,B,3,15_final.mp4,171,Poorly
gemma3,B,3,15_final.mp4,174,Poorly
gemma3,B,3,15_final.mp4,177,Poorly
gemma3,B,3,15_final.mp4,180,Poorly
gemma3,B,3,15_final.mp4,183,Poorly
gemma3,B,3,15_final.mp4,186,Poorly
gemma3,B,3,15_final.mp4,189,Poorly
gemma3,B,3,15_final.mp4,192,Poorly
gemma3,B,3,15_final.mp4,195,Poorly
gemma3,B,3,15_final.mp4,198,Poorly
gemma3,B,3,15_final.mp4,201,Poorly
gemma3,B,3,15_final.mp4,204,Poorly
gemma3,B,3,15_final.mp4,207,Poorly
gemma3,B,3,15_final.mp4,210,Poorly
gemma3,B,3,15_final.mp4,213,Poorly
gemma3,B,3,15_final.mp4,216,Poorly
gemma3,B,3,19_final.mp4,0,Poorly
gemma3,B,3,19_final.mp4,3,Poorly
gemma3,B,3,19_final.mp4,6,Poorly
gemma3,B,3,19_final.mp4,9,Poorly
gemma3,B,3,19_final.mp4,12,Poorly
gemma3,B,3,19_final.mp4,15,Poorly
gemma3,B,3,19_final.mp4,18,Poorly
gemma3,B,3,19_final.mp4,21,Poorly
gemma3,B,3,19_final.mp4,24,Poorly
gemma3,B,3,19_final.mp4,27,Poorly
gemma3,B,3,19_final.mp4,30,Poorly
gemma3,B,3,19_final.mp4,33,Poorly
gemma3,B,3,19_final.mp4,36,Poorly
gemma3,B,3,19_final.mp4,39,Poorly
gemma3,B,3,19_final.mp4,42,Poorly
gemma3,B,3,19_final.mp4,45,Poorly
gemma3,B,3,19_final.mp4,48,Poorly
gemma3,B,3,19_final.mp4,51,Poorly
gemma3,B,3,19_final.mp4,54,Poorly
gemma3,B,3,19_final.mp4,57,Poorly
gemma3,B,3,19_final.mp4,60,Poorly
gemma3,B,3,19_final.mp4,63,Poorly
gemma3,B,3,19_final.mp4,66,Poorly
gemma3,B,3,19_final.mp4,69,Poorly
gemma3,B,3,19_final.mp4,72,Poorly
gemma3,B,3,19_final.mp4,75,Poorly
gemma3,B,3,19_final.mp4,78,Poorly
gemma3,B,3,19_final.mp4,81,Poorly
gemma3,B,3,19_final.mp4,84,Poorly
gemma3,B,3,19_final.mp4,87,Poorly
gemma3,B,3,19_final.mp4,90,Poorly
gemma3,B,3,19_final.mp4,93,Poorly
gemma3,B,3,19_final.mp4,96,Poorly
gemma3,B,3,19_final.mp4,99,Poorly
gemma3,B,3,19_final.mp4,102,Poorly
gemma3,B,3,19_final.mp4,105,Poorly
gemma3,B,3,19_final.mp4,108,Poorly
gemma3,B,3,19_final.mp4,111,Poorly
gemma3,B,3,19_final.mp4,114,Poorly
gemma3,B,3,19_final.mp4,117,Poorly
gemma3,B,3,19_final.mp4,120,Poorly
gemma3,B,3,19_final.mp4,123,Poorly
gemma3,B,3,19_final.mp4,126,Poorly
gemma3,B,3,19_final.mp4,129,Poorly
gemma3,B,3,19_final.mp4,132,Poorly
gemma3,B,3,19_final.mp4,135,Poorly
gemma3,B,3,19_final.mp4,138,Poorly
gemma3,B,3,19_final.mp4,141,Well
gemma3,B,3,19_final.mp4,144,Poorly
gemma3,B,3,19_final.mp4,147,Poorly
gemma3,B,3,19_final.mp4,150,Poorly
gemma3,B,3,19_final.mp4,153,Poorly
gemma3,B,3,19_final.mp4,156,Poorly
gemma3,B,3,19_final.mp4,159,Poorly
gemma3,B,3,19_final.mp4,162,Poorly
gemma3,B,3,19_final.mp4,165,Poorly
gemma3,B,3,19_final.mp4,168,Poorly
gemma3,B,3,19_final.mp4,171,Poorly
gemma3,B,3,19_final.mp4,174,Poorly
gemma3,B,3,19_final.mp4,177,Poorly
gemma3,B,3,19_final.mp4,180,Poorly
gemma3,B,3,19_final.mp4,183,Poorly
gemma3,B,3,19_final.mp4,186,Poorly
gemma3,B,3,19_final.mp4,189,Poorly
gemma3,B,3,19_final.mp4,192,Poorly
gemma3,B,3,19_final.mp4,195,Poorly
gemma3,B,3,19_final.mp4,198,Poorly
gemma3,B,3,19_final.mp4,201,Poorly
gemma3,B,3,19_final.mp4,204,Poorly
gemma3,B,3,19_final.mp4,207,Poorly
gemma3,B,3,19_final.mp4,210,Poorly
gemma3,B,3,19_final.mp4,213,Poorly
gemma3,B,3,19_final.mp4,216,Poorly
gemma3,B,3,19_final.mp4,219,Poorly
gemma3,B,3,19_final.mp4,222,Poorly
gemma3,B,3,19_final.mp4,225,Poorly
gemma3,B,3,19_final.mp4,228,Poorly
gemma3,B,3,19_final.mp4,231,Poorly
gemma3,B,3,19_final.mp4,234,Poorly
gemma3,B,3,19_final.mp4,237,Poorly
gemma3,B,3,19_final.mp4,240,Poorly
gemma3,B,3,19_final.mp4,243,Poorly
gemma3,B,3,19_final.mp4,246,Poorly
gemma3,B,3,19_final.mp4,249,Poorly
gemma3,B,3,19_final.mp4,252,Poorly
gemma3,B,3,19_final.mp4,255,Poorly
gemma3,B,3,19_final.mp4,258,Poorly
gemma3,B,3,19_final.mp4,261,Poorly
gemma3,B,3,19_final.mp4,264,Poorly
gemma3,B,3,19_final.mp4,267,Poorly
gemma3,B,3,21_final.mp4,0,Poorly
gemma3,B,3,21_final.mp4,9,Poorly
gemma3,B,3,21_final.mp4,12,Poorly
gemma3,B,3,21_final.mp4,15,Poorly
gemma3,B,3,21_final.mp4,18,Poorly
gemma3,B,3,21_final.mp4,21,Poorly
gemma3,B,3,21_final.mp4,24,Poorly
gemma3,B,3,21_final.mp4,27,Poorly
gemma3,B,3,21_final.mp4,30,Poorly
gemma3,B,3,21_final.mp4,33,Poorly
gemma3,B,3,21_final.mp4,36,Poorly
gemma3,B,3,21_final.mp4,39,Poorly
gemma3,B,3,21_final.mp4,42,Poorly
gemma3,B,3,21_final.mp4,45,Poorly
gemma3,B,3,21_final.mp4,48,Poorly
gemma3,B,3,21_final.mp4,51,Poorly
gemma3,B,3,21_final.mp4,54,Poorly
gemma3,B,3,21_final.mp4,57,Poorly
gemma3,B,3,21_final.mp4,60,Poorly
gemma3,B,3,21_final.mp4,63,Poorly
gemma3,B,3,21_final.mp4,66,Poorly
gemma3,B,3,21_final.mp4,69,Poorly
gemma3,B,3,21_final.mp4,72,Poorly
gemma3,B,3,21_final.mp4,75,Poorly
gemma3,B,3,21_final.mp4,78,Poorly
gemma3,B,3,21_final.mp4,81,Poorly
gemma3,B,3,21_final.mp4,84,Poorly
gemma3,B,3,21_final.mp4,87,Poorly
gemma3,B,3,21_final.mp4,90,Poorly
gemma3,B,3,21_final.mp4,93,Poorly
gemma3,B,3,21_final.mp4,96,Poorly
gemma3,B,3,21_final.mp4,99,Poorly
gemma3,B,3,21_final.mp4,102,Poorly
gemma3,B,3,21_final.mp4,105,Poorly
gemma3,B,3,21_final.mp4,108,Poorly
gemma3,B,3,21_final.mp4,111,Poorly
gemma3,B,3,21_final.mp4,114,Poorly
gemma3,B,3,21_final.mp4,117,Poorly
gemma3,B,3,21_final.mp4,120,Poorly
gemma3,B,3,21_final.mp4,123,Poorly
gemma3,B,3,21_final.mp4,126,Poorly
gemma3,B,3,21_final.mp4,129,Poorly
gemma3,B,3,21_final.mp4,132,Poorly
gemma3,B,3,21_final.mp4,135,Poorly
gemma3,B,3,21_final.mp4,138,Poorly
gemma3,B,3,21_final.mp4,141,Poorly
gemma3,B,3,21_final.mp4,144,Poorly
gemma3,B,3,21_final.mp4,147,Poorly
gemma3,B,3,21_final.mp4,150,Poorly
gemma3,B,3,21_final.mp4,153,Poorly
gemma3,B,3,21_final.mp4,156,Poorly
gemma3,B,3,21_final.mp4,159,Well
gemma3,B,3,21_final.mp4,162,Poorly
gemma3,B,3,21_final.mp4,165,Well
gemma3,B,3,21_final.mp4,168,Poorly
gemma3,B,3,21_final.mp4,171,Poorly
gemma3,B,3,21_final.mp4,174,Poorly
gemma3,B,3,21_final.mp4,177,Poorly
gemma3,B,3,21_final.mp4,180,Poorly
gemma3,B,3,21_final.mp4,183,Poorly
gemma3,B,3,21_final.mp4,186,Poorly
gemma3,B,3,21_final.mp4,189,Poorly
gemma3,B,3,21_final.mp4,192,Poorly
gemma3,B,3,21_final.mp4,195,Poorly
gemma3,B,3,21_final.mp4,198,Poorly
gemma3,B,3,21_final.mp4,201,Poorly
gemma3,B,3,21_final.mp4,204,Poorly
gemma3,B,3,21_final.mp4,207,Poorly
gemma3,B,3,21_final.mp4,210,Poorly
gemma3,B,3,21_final.mp4,213,Poorly
gemma3,B,3,21_final.mp4,216,Well
gemma3,B,3,21_final.mp4,219,Poorly
gemma3,B,3,21_final.mp4,222,Poorly
gemma3,B,3,21_final.mp4,225,Well
gemma3,B,3,21_final.mp4,228,Poorly
gemma3,B,3,21_final.mp4,231,Poorly
gemma3,B,3,21_final.mp4,234,Poorly
gemma3,B,3,21_final.mp4,237,Well
gemma3,B,3,21_final.mp4,240,Well
gemma3,B,3,21_final.mp4,243,Well
gemma3,B,3,21_final.mp4,246,Well
gemma3,B,3,21_final.mp4,249,Poorly
gemma3,B,3,21_final.mp4,252,Poorly
gemma3,B,3,21_final.mp4,255,Poorly
gemma3,B,3,21_final.mp4,258,Poorly
gemma3,B,3,21_final.mp4,261,Poorly
gemma3,B,3,21_final.mp4,264,Poorly
gemma3,B,3,21_final.mp4,267,Poorly
gemma3,B,3,21_final.mp4,270,Poorly
gemma3,B,3,21_final.mp4,273,Poorly
gemma3,B,3,21_final.mp4,276,Poorly
gemma3,B,3,21_final.mp4,279,Poorly
gemma3,B,3,21_final.mp4,282,Poorly
gemma3,B,3,21_final.mp4,285,Poorly
gemma3,B,3,21_final.mp4,288,Poorly
gemma3,B,3,21_final.mp4,291,Poorly
gemma3,B,3,21_final.mp4,294,Poorly
gemma3,B,3,21_final.mp4,297,Poorly
gemma3,B,3,21_final.mp4,300,Well
gemma3,B,3,21_final.mp4,303,Poorly
gemma3,B,3,21_final.mp4,306,Poorly
gemma3,B,3,21_final.mp4,309,Poorly
gemma3,B,3,21_final.mp4,312,Poorly
gemma3,B,3,21_final.mp4,315,Poorly
gemma3,B,3,21_final.mp4,318,Poorly
gemma3,B,3,21_final.mp4,321,Poorly
gemma3,B,3,21_final.mp4,324,Poorly
gemma3,B,3,21_final.mp4,327,Poorly
gemma3,B,3,22_final.mp4,0,Poorly
gemma3,B,3,22_final.mp4,3,Poorly
gemma3,B,3,22_final.mp4,6,Poorly
gemma3,B,3,22_final.mp4,9,Poorly
gemma3,B,3,22_final.mp4,12,Poorly
gemma3,B,3,22_final.mp4,15,Poorly
gemma3,B,3,22_final.mp4,18,Poorly
gemma3,B,3,22_final.mp4,21,Poorly
gemma3,B,3,22_final.mp4,24,Poorly
gemma3,B,3,22_final.mp4,27,Poorly
gemma3,B,3,22_final.mp4,30,Poorly
gemma3,B,3,22_final.mp4,33,Poorly
gemma3,B,3,22_final.mp4,36,Poorly
gemma3,B,3,22_final.mp4,39,Poorly
gemma3,B,3,22_final.mp4,42,Poorly
gemma3,B,3,22_final.mp4,45,Poorly
gemma3,B,3,22_final.mp4,48,Poorly
gemma3,B,3,22_final.mp4,51,Poorly
gemma3,B,3,22_final.mp4,54,Poorly
gemma3,B,3,22_final.mp4,57,Poorly
gemma3,B,3,22_final.mp4,60,Poorly
gemma3,B,3,22_final.mp4,63,Poorly
gemma3,B,3,22_final.mp4,66,Poorly
gemma3,B,3,22_final.mp4,69,Poorly
gemma3,B,3,22_final.mp4,72,Poorly
gemma3,B,3,22_final.mp4,75,Poorly
gemma3,B,3,22_final.mp4,78,Poorly
gemma3,B,3,22_final.mp4,81,Poorly
gemma3,B,3,22_final.mp4,84,Poorly
gemma3,B,3,22_final.mp4,87,Poorly
gemma3,B,3,22_final.mp4,90,Poorly
gemma3,B,3,22_final.mp4,93,Poorly
gemma3,B,3,22_final.mp4,96,Poorly
gemma3,B,3,22_final.mp4,99,Poorly
gemma3,B,3,22_final.mp4,102,Poorly
gemma3,B,3,22_final.mp4,105,Poorly
gemma3,B,3,22_final.mp4,108,Poorly
gemma3,B,3,22_final.mp4,111,Poorly
gemma3,B,3,22_final.mp4,114,Poorly
gemma3,B,3,22_final.mp4,117,Poorly
gemma3,B,3,22_final.mp4,120,Poorly
gemma3,B,3,22_final.mp4,123,Poorly
gemma3,B,3,22_final.mp4,126,Poorly
gemma3,B,3,22_final.mp4,129,Poorly
gemma3,B,3,22_final.mp4,132,Poorly
gemma3,B,3,22_final.mp4,135,Poorly
gemma3,B,3,22_final.mp4,138,Poorly
gemma3,B,3,22_final.mp4,141,Poorly
gemma3,B,3,22_final.mp4,144,Poorly
gemma3,B,3,22_final.mp4,147,Poorly
gemma3,B,3,22_final.mp4,150,Poorly
gemma3,B,3,22_final.mp4,153,Poorly
gemma3,B,3,22_final.mp4,156,Poorly
gemma3,B,3,22_final.mp4,159,Poorly
gemma3,B,3,22_final.mp4,162,Poorly
gemma3,B,3,22_final.mp4,165,Poorly
gemma3,B,3,22_final.mp4,168,Poorly
gemma3,B,3,22_final.mp4,171,Poorly
gemma3,B,3,22_final.mp4,174,Poorly
gemma3,B,3,22_final.mp4,177,Poorly
gemma3,B,3,22_final.mp4,180,Poorly
gemma3,B,3,22_final.mp4,183,Poorly
gemma3,B,3,22_final.mp4,186,Poorly
gemma3,B,3,22_final.mp4,189,Poorly
gemma3,B,3,22_final.mp4,192,Poorly
gemma3,B,3,22_final.mp4,195,Poorly
gemma3,B,3,22_final.mp4,198,Poorly
gemma3,B,3,22_final.mp4,201,Poorly
gemma3,B,3,22_final.mp4,204,Poorly
gemma3,B,3,24_final.mp4,0,Poorly
gemma3,B,3,24_final.mp4,3,Poorly
gemma3,B,3,24_final.mp4,6,Poorly
gemma3,B,3,24_final.mp4,9,Poorly
gemma3,B,3,24_final.mp4,12,Poorly
gemma3,B,3,24_final.mp4,15,Poorly
gemma3,B,3,24_final.mp4,18,Poorly
gemma3,B,3,24_final.mp4,21,Poorly
gemma3,B,3,24_final.mp4,24,Poorly
gemma3,B,3,24_final.mp4,27,Poorly
gemma3,B,3,24_final.mp4,30,Poorly
gemma3,B,3,24_final.mp4,33,Poorly
gemma3,B,3,24_final.mp4,36,Poorly
gemma3,B,3,24_final.mp4,39,Poorly
gemma3,B,3,24_final.mp4,42,Poorly
gemma3,B,3,24_final.mp4,45,Poorly
gemma3,B,3,24_final.mp4,48,Poorly
gemma3,B,3,24_final.mp4,51,Poorly
gemma3,B,3,24_final.mp4,54,Poorly
gemma3,B,3,24_final.mp4,57,Poorly
gemma3,B,3,24_final.mp4,60,Poorly
gemma3,B,3,24_final.mp4,63,Poorly
gemma3,B,3,24_final.mp4,66,Poorly
gemma3,B,3,24_final.mp4,69,Poorly
gemma3,B,3,24_final.mp4,72,Poorly
gemma3,B,3,24_final.mp4,75,Poorly
gemma3,B,3,24_final.mp4,78,Poorly
gemma3,B,3,24_final.mp4,81,Poorly
gemma3,B,3,24_final.mp4,84,Poorly
gemma3,B,3,24_final.mp4,87,Poorly
gemma3,B,3,24_final.mp4,90,Poorly
gemma3,B,3,24_final.mp4,93,Poorly
gemma3,B,3,24_final.mp4,96,Poorly
gemma3,B,3,24_final.mp4,99,Poorly
gemma3,B,3,24_final.mp4,102,Poorly
gemma3,B,3,24_final.mp4,105,Poorly
gemma3,B,3,24_final.mp4,108,Poorly
gemma3,B,3,24_final.mp4,111,Poorly
gemma3,B,3,24_final.mp4,114,Poorly
gemma3,B,3,24_final.mp4,117,Poorly
gemma3,B,3,24_final.mp4,120,Poorly
gemma3,B,3,24_final.mp4,123,Poorly
gemma3,B,3,24_final.mp4,126,Poorly
gemma3,B,3,24_final.mp4,129,Poorly
gemma3,B,3,24_final.mp4,132,Poorly
gemma3,B,3,24_final.mp4,135,Poorly
gemma3,B,3,24_final.mp4,138,Poorly
gemma3,B,3,24_final.mp4,141,Poorly
gemma3,B,3,24_final.mp4,144,Poorly
gemma3,B,3,24_final.mp4,147,Poorly
gemma3,B,3,24_final.mp4,150,Poorly
gemma3,B,3,24_final.mp4,153,Poorly
gemma3,B,3,24_final.mp4,156,Poorly
gemma3,B,3,24_final.mp4,159,Poorly
gemma3,B,3,24_final.mp4,162,Poorly
gemma3,B,3,24_final.mp4,165,Poorly
gemma3,B,3,24_final.mp4,168,Poorly
gemma3,B,3,24_final.mp4,171,Poorly
gemma3,B,3,24_final.mp4,174,Poorly
gemma3,B,3,24_final.mp4,177,Poorly
gemma3,B,3,24_final.mp4,180,Poorly
gemma3,B,3,24_final.mp4,183,Poorly
gemma3,B,3,24_final.mp4,186,Poorly
gemma3,B,3,24_final.mp4,189,Poorly
gemma3,B,3,24_final.mp4,192,Poorly
gemma3,B,3,24_final.mp4,195,Poorly
gemma3,B,3,24_final.mp4,198,Poorly
gemma3,B,3,24_final.mp4,201,Poorly
gemma3,B,3,24_final.mp4,204,Poorly
gemma3,B,3,24_final.mp4,207,Poorly
gemma3,B,3,24_final.mp4,210,Poorly
gemma3,B,3,24_final.mp4,213,Poorly
gemma3,B,3,24_final.mp4,216,Poorly
gemma3,B,3,24_final.mp4,219,Poorly
gemma3,B,3,24_final.mp4,222,Poorly
gemma3,B,3,24_final.mp4,225,Poorly
gemma3,B,3,24_final.mp4,228,Poorly
gemma3,B,3,24_final.mp4,231,Poorly
gemma3,B,3,24_final.mp4,234,Poorly
gemma3,B,3,24_final.mp4,237,Poorly
gemma3,B,3,24_final.mp4,240,Poorly
gemma3,B,3,24_final.mp4,243,Poorly
gemma3,B,3,24_final.mp4,246,Poorly
gemma3,B,3,24_final.mp4,249,Poorly
gemma3,B,3,24_final.mp4,252,Poorly
gemma3,B,3,24_final.mp4,255,Poorly
gemma3,B,3,24_final.mp4,258,Poorly
gemma3,B,3,24_final.mp4,261,Poorly
gemma3,B,3,24_final.mp4,264,Poorly
gemma3,B,3,24_final.mp4,267,Poorly
gemma3,B,3,24_final.mp4,270,Poorly
gemma3,B,3,24_final.mp4,273,Poorly
gemma3,B,3,24_final.mp4,276,Poorly
gemma3,B,3,24_final.mp4,279,Poorly
gemma3,B,3,24_final.mp4,282,Poorly
gemma3,B,3,24_final.mp4,285,Poorly
gemma3,B,3,24_final.mp4,288,Poorly
gemma3,B,3,24_final.mp4,291,Poorly
gemma3,B,3,24_final.mp4,294,Poorly
gemma3,B,3,24_final.mp4,297,Poorly
gemma3,B,3,24_final.mp4,300,Poorly
gemma3,B,3,24_final.mp4,303,Poorly
gemma3,B,3,24_final.mp4,306,Poorly
gemma3,B,3,24_final.mp4,309,Poorly
gemma3,B,3,24_final.mp4,312,Poorly
gemma3,B,3,24_final.mp4,315,Poorly
gemma3,B,3,24_final.mp4,318,Poorly
gemma3,B,3,24_final.mp4,321,Poorly
gemma3,B,3,24_final.mp4,324,Poorly
gemma3,B,3,24_final.mp4,327,Poorly
gemma3,B,3,24_final.mp4,330,Poorly
gemma3,B,3,24_final.mp4,333,Poorly
gemma3,B,3,24_final.mp4,336,Poorly
gemma3,B,3,24_final.mp4,339,Poorly
gemma3,B,3,24_final.mp4,342,Poorly
gemma3,B,3,24_final.mp4,345,Poorly
gemma3,B,3,24_final.mp4,348,Poorly
gemma3,B,3,24_final.mp4,351,Poorly
gemma3,B,3,24_final.mp4,354,Poorly
gemma3,B,3,24_final.mp4,357,Poorly
gemma3,B,3,24_final.mp4,360,Poorly
gemma3,B,3,24_final.mp4,363,Poorly
gemma3,B,3,24_final.mp4,366,Poorly
gemma3,B,3,24_final.mp4,369,Poorly
gemma3,B,3,24_final.mp4,372,Poorly
gemma3,B,3,29_final.mp4,0,Poorly
gemma3,B,3,29_final.mp4,3,Poorly
gemma3,B,3,29_final.mp4,6,Poorly
gemma3,B,3,29_final.mp4,9,Poorly
gemma3,B,3,29_final.mp4,12,Poorly
gemma3,B,3,29_final.mp4,15,Poorly
gemma3,B,3,29_final.mp4,18,Poorly
gemma3,B,3,29_final.mp4,21,Poorly
gemma3,B,3,29_final.mp4,24,Poorly
gemma3,B,3,29_final.mp4,27,Poorly
gemma3,B,3,29_final.mp4,30,Poorly
gemma3,B,3,29_final.mp4,33,Poorly
gemma3,B,3,29_final.mp4,36,Poorly
gemma3,B,3,29_final.mp4,39,Poorly
gemma3,B,3,29_final.mp4,42,Poorly
gemma3,B,3,29_final.mp4,45,Poorly
gemma3,B,3,29_final.mp4,48,Poorly
gemma3,B,3,29_final.mp4,51,Poorly
gemma3,B,3,29_final.mp4,54,Poorly
gemma3,B,3,29_final.mp4,57,Poorly
gemma3,B,3,29_final.mp4,60,Poorly
gemma3,B,3,29_final.mp4,63,Poorly
gemma3,B,3,29_final.mp4,66,Poorly
gemma3,B,3,29_final.mp4,69,Poorly
gemma3,B,3,29_final.mp4,72,Poorly
gemma3,B,3,29_final.mp4,75,Poorly
gemma3,B,3,29_final.mp4,78,Poorly
gemma3,B,3,29_final.mp4,81,Poorly
gemma3,B,3,29_final.mp4,84,Poorly
gemma3,B,3,29_final.mp4,87,Poorly
gemma3,B,3,29_final.mp4,90,Poorly
gemma3,B,3,29_final.mp4,93,Poorly
gemma3,B,3,29_final.mp4,96,Poorly
gemma3,B,3,29_final.mp4,99,Poorly
gemma3,B,3,29_final.mp4,102,Poorly
gemma3,B,3,29_final.mp4,105,Poorly
gemma3,B,3,29_final.mp4,108,Poorly
gemma3,B,3,29_final.mp4,111,Poorly
gemma3,B,3,29_final.mp4,114,Poorly
gemma3,B,3,29_final.mp4,117,Poorly
gemma3,B,3,29_final.mp4,120,Poorly
gemma3,B,3,29_final.mp4,123,Poorly
gemma3,B,3,29_final.mp4,126,Poorly
gemma3,B,3,29_final.mp4,129,Poorly
gemma3,B,3,29_final.mp4,132,Poorly
gemma3,B,3,29_final.mp4,135,Poorly
gemma3,B,3,29_final.mp4,138,Poorly
gemma3,B,3,29_final.mp4,141,Poorly
gemma3,B,3,29_final.mp4,144,Poorly
gemma3,B,3,29_final.mp4,147,Poorly
gemma3,B,3,29_final.mp4,150,Poorly
gemma3,B,3,29_final.mp4,153,Poorly
gemma3,B,3,29_final.mp4,156,Poorly
gemma3,B,3,29_final.mp4,159,Poorly
gemma3,B,3,29_final.mp4,162,Poorly
gemma3,B,3,29_final.mp4,165,Poorly
gemma3,B,3,29_final.mp4,168,Poorly
gemma3,B,3,29_final.mp4,171,Poorly
gemma3,B,3,29_final.mp4,174,Poorly
gemma3,B,3,29_final.mp4,177,Poorly
gemma3,B,3,29_final.mp4,180,Poorly
gemma3,B,3,29_final.mp4,183,Poorly
gemma3,B,3,29_final.mp4,186,Poorly
gemma3,B,3,29_final.mp4,189,Poorly
gemma3,B,3,29_final.mp4,192,Poorly
gemma3,B,3,29_final.mp4,195,Poorly
gemma3,B,3,29_final.mp4,198,Poorly
gemma3,B,3,29_final.mp4,201,Poorly
gemma3,B,3,29_final.mp4,204,Poorly
gemma3,B,3,29_final.mp4,207,Poorly
gemma3,B,3,29_final.mp4,210,Poorly
gemma3,B,3,29_final.mp4,213,Poorly
gemma3,B,3,29_final.mp4,216,Poorly
gemma3,B,3,30_final.mp4,0,Poorly
gemma3,B,3,30_final.mp4,3,Poorly
gemma3,B,3,30_final.mp4,6,Poorly
gemma3,B,3,30_final.mp4,9,Poorly
gemma3,B,3,30_final.mp4,12,Poorly
gemma3,B,3,30_final.mp4,15,Poorly
gemma3,B,3,30_final.mp4,18,Poorly
gemma3,B,3,30_final.mp4,21,Well
gemma3,B,3,30_final.mp4,24,Poorly
gemma3,B,3,30_final.mp4,27,Poorly
gemma3,B,3,30_final.mp4,30,Poorly
gemma3,B,3,30_final.mp4,33,Poorly
gemma3,B,3,30_final.mp4,36,Poorly
gemma3,B,3,30_final.mp4,39,Poorly
gemma3,B,3,30_final.mp4,42,Poorly
gemma3,B,3,30_final.mp4,45,Poorly
gemma3,B,3,30_final.mp4,48,Poorly
gemma3,B,3,30_final.mp4,51,Poorly
gemma3,B,3,30_final.mp4,54,Poorly
gemma3,B,3,30_final.mp4,57,Poorly
gemma3,B,3,30_final.mp4,60,Poorly
gemma3,B,3,30_final.mp4,63,Poorly
gemma3,B,3,30_final.mp4,66,Poorly
gemma3,B,3,30_final.mp4,69,Poorly
gemma3,B,3,30_final.mp4,72,Poorly
gemma3,B,3,30_final.mp4,75,Poorly
gemma3,B,3,30_final.mp4,78,Poorly
gemma3,B,3,30_final.mp4,81,Poorly
gemma3,B,3,30_final.mp4,84,Poorly
gemma3,B,3,30_final.mp4,87,Poorly
gemma3,B,3,30_final.mp4,90,Poorly
gemma3,B,3,30_final.mp4,93,Poorly
gemma3,B,3,30_final.mp4,96,Poorly
gemma3,B,3,30_final.mp4,99,Poorly
gemma3,B,3,30_final.mp4,102,Poorly
gemma3,B,3,30_final.mp4,105,Poorly
gemma3,B,3,30_final.mp4,108,Poorly
gemma3,B,3,30_final.mp4,111,Poorly
gemma3,B,3,30_final.mp4,114,Poorly
gemma3,B,3,30_final.mp4,117,Poorly
gemma3,B,3,30_final.mp4,120,Poorly
gemma3,B,3,30_final.mp4,123,Poorly
gemma3,B,3,30_final.mp4,126,Poorly
gemma3,B,3,30_final.mp4,129,Poorly
gemma3,B,3,30_final.mp4,132,Poorly
gemma3,B,3,30_final.mp4,135,Poorly
gemma3,B,3,30_final.mp4,138,Poorly
gemma3,B,3,30_final.mp4,141,Poorly
gemma3,B,3,30_final.mp4,144,Poorly
gemma3,B,3,30_final.mp4,147,Poorly
gemma3,B,3,30_final.mp4,150,Poorly
gemma3,B,3,30_final.mp4,153,Poorly
gemma3,B,3,30_final.mp4,156,Poorly
gemma3,B,3,30_final.mp4,159,Poorly
gemma3,B,3,30_final.mp4,162,Poorly
gemma3,B,3,30_final.mp4,165,Poorly
gemma3,B,3,30_final.mp4,168,Well
gemma3,B,3,30_final.mp4,171,Poorly
gemma3,B,3,30_final.mp4,174,Poorly
gemma3,B,3,30_final.mp4,177,Poorly
gemma3,B,3,30_final.mp4,180,Poorly
gemma3,B,3,30_final.mp4,183,Poorly
gemma3,B,3,30_final.mp4,186,Well
gemma3,B,3,30_final.mp4,189,Well
gemma3,B,3,30_final.mp4,192,Poorly
gemma3,B,3,30_final.mp4,195,Poorly
gemma3,B,3,30_final.mp4,198,Poorly
gemma3,B,3,30_final.mp4,201,Poorly
gemma3,B,3,30_final.mp4,204,Poorly
gemma3,B,3,30_final.mp4,207,Poorly
gemma3,B,3,30_final.mp4,210,Poorly
gemma3,B,3,30_final.mp4,213,Poorly
gemma3,B,3,30_final.mp4,216,Poorly
gemma3,B,3,30_final.mp4,219,Poorly
gemma3,B,3,30_final.mp4,222,Poorly
gemma3,B,3,30_final.mp4,225,Poorly
gemma3,B,3,30_final.mp4,228,Poorly
gemma3,B,3,30_final.mp4,231,Poorly
gemma3,B,3,30_final.mp4,234,Poorly
gemma3,B,3,30_final.mp4,237,Poorly
gemma3,B,3,30_final.mp4,240,Poorly
gemma3,B,3,30_final.mp4,243,Well
gemma3,B,3,30_final.mp4,246,Well
gemma3,B,3,30_final.mp4,249,Poorly
gemma3,B,3,30_final.mp4,252,Poorly
gemma3,B,3,30_final.mp4,255,Poorly
gemma3,B,3,30_final.mp4,258,Poorly
gemma3,B,3,30_final.mp4,261,Poorly
gemma3,B,3,30_final.mp4,264,Poorly
gemma3,B,3,30_final.mp4,267,Poorly
gemma3,B,3,30_final.mp4,270,Poorly
gemma3,B,3,30_final.mp4,273,Poorly
gemma3,B,3,30_final.mp4,276,Poorly
gemma3,B,3,30_final.mp4,279,Poorly
gemma3,B,3,30_final.mp4,282,Poorly
gemma3,B,3,30_final.mp4,285,Poorly
gemma3,B,3,30_final.mp4,288,Poorly
gemma3,B,3,30_final.mp4,291,Poorly
gemma3,B,3,30_final.mp4,294,Well
gemma3,B,3,30_final.mp4,297,Well
gemma3,B,3,30_final.mp4,300,Well
gemma3,B,3,30_final.mp4,303,Well
gemma3,B,3,30_final.mp4,306,Well
gemma3,B,3,30_final.mp4,309,Well
gemma3,B,3,30_final.mp4,312,Well
gemma3,B,3,30_final.mp4,315,Well
gemma3,B,3,30_final.mp4,318,Well
gemma3,B,3,30_final.mp4,321,Well
gemma3,B,3,30_final.mp4,324,Well
gemma3,B,3,30_final.mp4,327,Well
gemma3,B,3,30_final.mp4,330,Well
gemma3,B,3,30_final.mp4,333,Well
gemma3,B,3,30_final.mp4,336,Well
gemma3,B,3,30_final.mp4,339,Well
gemma3,B,3,30_final.mp4,342,Well
gemma3,B,3,30_final.mp4,345,Well
gemma3,B,3,30_final.mp4,348,Well
gemma3,B,3,30_final.mp4,351,Well
gemma3,B,3,30_final.mp4,354,Well
gemma3,B,3,30_final.mp4,357,Well
gemma3,B,3,30_final.mp4,360,Well
gemma3,B,3,30_final.mp4,363,Well
gemma3,B,3,30_final.mp4,366,Well
gemma3,B,3,30_final.mp4,369,Well
gemma3,B,3,30_final.mp4,372,Well
gemma3,B,3,30_final.mp4,375,Well
gemma3,B,3,31_final.mp4,0,Poorly
gemma3,B,3,31_final.mp4,3,Poorly
gemma3,B,3,31_final.mp4,6,Poorly
gemma3,B,3,31_final.mp4,9,Poorly
gemma3,B,3,31_final.mp4,12,Poorly
gemma3,B,3,31_final.mp4,15,Poorly
gemma3,B,3,31_final.mp4,18,Poorly
gemma3,B,3,31_final.mp4,21,Poorly
gemma3,B,3,31_final.mp4,24,Poorly
gemma3,B,3,31_final.mp4,27,Poorly
gemma3,B,3,31_final.mp4,30,Poorly
gemma3,B,3,31_final.mp4,33,Poorly
gemma3,B,3,31_final.mp4,36,Poorly
gemma3,B,3,31_final.mp4,39,Poorly
gemma3,B,3,31_final.mp4,42,Poorly
gemma3,B,3,31_final.mp4,45,Poorly
gemma3,B,3,31_final.mp4,48,Poorly
gemma3,B,3,31_final.mp4,51,Poorly
gemma3,B,3,31_final.mp4,54,Poorly
gemma3,B,3,31_final.mp4,57,Poorly
gemma3,B,3,31_final.mp4,60,Poorly
gemma3,B,3,31_final.mp4,63,Poorly
gemma3,B,3,31_final.mp4,66,Poorly
gemma3,B,3,31_final.mp4,69,Poorly
gemma3,B,3,31_final.mp4,72,Poorly
gemma3,B,3,31_final.mp4,75,Poorly
gemma3,B,3,31_final.mp4,78,Poorly
gemma3,B,3,31_final.mp4,81,Poorly
gemma3,B,3,31_final.mp4,84,Poorly
gemma3,B,3,31_final.mp4,87,Poorly
gemma3,B,3,31_final.mp4,90,Poorly
gemma3,B,3,31_final.mp4,93,Poorly
gemma3,B,3,31_final.mp4,96,Poorly
gemma3,B,3,31_final.mp4,99,Poorly
gemma3,B,3,31_final.mp4,102,Well
gemma3,B,3,31_final.mp4,105,Poorly
gemma3,B,3,31_final.mp4,108,Poorly
gemma3,B,3,31_final.mp4,111,Poorly
gemma3,B,3,31_final.mp4,114,Poorly
gemma3,B,3,31_final.mp4,117,Poorly
gemma3,B,3,31_final.mp4,120,Poorly
gemma3,B,3,31_final.mp4,123,Poorly
gemma3,B,3,31_final.mp4,126,Poorly
gemma3,B,3,31_final.mp4,129,Poorly
gemma3,B,3,31_final.mp4,132,Poorly
gemma3,B,3,31_final.mp4,135,Poorly
gemma3,B,3,31_final.mp4,138,Poorly
gemma3,B,3,31_final.mp4,141,Poorly
gemma3,B,3,31_final.mp4,144,Poorly
gemma3,B,3,31_final.mp4,147,Poorly
gemma3,B,3,31_final.mp4,150,Poorly
gemma3,B,3,31_final.mp4,153,Poorly
gemma3,B,3,31_final.mp4,156,Poorly
gemma3,B,3,31_final.mp4,159,Poorly
gemma3,B,3,31_final.mp4,162,Poorly
gemma3,B,3,31_final.mp4,165,Poorly
gemma3,B,3,31_final.mp4,168,Poorly
gemma3,B,3,31_final.mp4,171,Poorly
gemma3,B,3,31_final.mp4,174,Poorly
gemma3,B,3,31_final.mp4,177,Poorly
gemma3,B,3,31_final.mp4,180,Poorly
gemma3,B,3,31_final.mp4,183,Poorly
gemma3,B,3,31_final.mp4,186,Poorly
gemma3,B,3,31_final.mp4,189,Poorly
gemma3,B,3,31_final.mp4,192,Poorly
gemma3,B,3,31_final.mp4,195,Poorly
gemma3,B,3,31_final.mp4,198,Poorly
gemma3,B,3,31_final.mp4,201,Poorly
gemma3,B,3,31_final.mp4,204,Poorly
gemma3,B,3,31_final.mp4,207,Poorly
gemma3,B,3,31_final.mp4,210,Poorly
gemma3,B,3,31_final.mp4,213,Poorly
gemma3,B,3,31_final.mp4,216,Poorly
gemma3,B,3,31_final.mp4,219,Poorly
gemma3,B,3,31_final.mp4,222,Poorly
gemma3,B,3,31_final.mp4,225,Poorly
gemma3,B,3,31_final.mp4,228,Poorly
gemma3,B,3,31_final.mp4,231,Poorly
gemma3,B,3,31_final.mp4,234,Poorly
gemma3,B,3,31_final.mp4,237,Poorly
gemma3,B,3,31_final.mp4,240,Poorly
gemma3,B,3,31_final.mp4,243,Poorly
gemma3,B,3,31_final.mp4,246,Poorly
gemma3,B,3,31_final.mp4,249,Poorly
gemma3,B,3,31_final.mp4,252,Poorly
gemma3,B,3,31_final.mp4,255,Poorly
gemma3,B,3,31_final.mp4,258,Poorly
gemma3,B,3,31_final.mp4,261,Poorly
gemma3,B,3,31_final.mp4,264,Poorly
gemma3,B,3,31_final.mp4,267,Poorly
gemma3,B,3,31_final.mp4,270,Poorly
gemma3,B,3,31_final.mp4,273,Poorly
gemma3,B,3,31_final.mp4,276,Poorly
gemma3,B,3,31_final.mp4,279,Poorly
gemma3,B,3,31_final.mp4,282,Poorly
gemma3,B,3,31_final.mp4,285,Poorly
gemma3,B,3,31_final.mp4,288,Poorly
gemma3,B,3,31_final.mp4,291,Poorly
gemma3,B,3,31_final.mp4,294,Poorly
gemma3,B,3,33_final.mp4,0,Poorly
gemma3,B,3,33_final.mp4,3,Poorly
gemma3,B,3,33_final.mp4,6,Poorly
gemma3,B,3,33_final.mp4,9,Poorly
gemma3,B,3,33_final.mp4,12,Poorly
gemma3,B,3,33_final.mp4,15,Poorly
gemma3,B,3,33_final.mp4,18,Poorly
gemma3,B,3,33_final.mp4,21,Poorly
gemma3,B,3,33_final.mp4,24,Poorly
gemma3,B,3,33_final.mp4,27,Poorly
gemma3,B,3,33_final.mp4,30,Poorly
gemma3,B,3,33_final.mp4,33,Poorly
gemma3,B,3,33_final.mp4,36,Poorly
gemma3,B,3,33_final.mp4,39,Poorly
gemma3,B,3,33_final.mp4,42,Poorly
gemma3,B,3,33_final.mp4,45,Poorly
gemma3,B,3,33_final.mp4,48,Poorly
gemma3,B,3,33_final.mp4,51,Poorly
gemma3,B,3,33_final.mp4,54,Poorly
gemma3,B,3,33_final.mp4,57,Poorly
gemma3,B,3,33_final.mp4,60,Poorly
gemma3,B,3,33_final.mp4,63,Poorly
gemma3,B,3,33_final.mp4,66,Poorly
gemma3,B,3,33_final.mp4,69,Poorly
gemma3,B,3,33_final.mp4,72,Poorly
gemma3,B,3,33_final.mp4,75,Poorly
gemma3,B,3,33_final.mp4,78,Poorly
gemma3,B,3,33_final.mp4,81,Poorly
gemma3,B,3,33_final.mp4,84,Poorly
gemma3,B,3,33_final.mp4,87,Poorly
gemma3,B,3,33_final.mp4,90,Poorly
gemma3,B,3,33_final.mp4,93,Poorly
gemma3,B,3,33_final.mp4,96,Poorly
gemma3,B,3,33_final.mp4,99,Poorly
gemma3,B,3,33_final.mp4,102,Poorly
gemma3,B,3,33_final.mp4,105,Poorly
gemma3,B,3,33_final.mp4,108,Poorly
gemma3,B,3,33_final.mp4,111,Poorly
gemma3,B,3,33_final.mp4,114,Poorly
gemma3,B,3,33_final.mp4,117,Poorly
gemma3,B,3,33_final.mp4,120,Poorly
gemma3,B,3,33_final.mp4,123,Poorly
gemma3,B,3,33_final.mp4,126,Poorly
gemma3,B,3,33_final.mp4,129,Poorly
gemma3,B,3,33_final.mp4,132,Poorly
gemma3,B,3,33_final.mp4,135,Poorly
gemma3,B,3,33_final.mp4,138,Poorly
gemma3,B,3,33_final.mp4,141,Poorly
gemma3,B,3,33_final.mp4,144,Poorly
gemma3,B,3,33_final.mp4,147,Poorly
gemma3,B,3,33_final.mp4,150,Poorly
gemma3,B,3,33_final.mp4,153,Poorly
gemma3,B,3,33_final.mp4,156,Poorly
gemma3,B,3,33_final.mp4,159,Poorly
gemma3,B,3,33_final.mp4,162,Poorly
gemma3,B,3,33_final.mp4,165,Poorly
gemma3,B,3,33_final.mp4,168,Poorly
gemma3,B,3,33_final.mp4,171,Poorly
gemma3,B,3,33_final.mp4,174,Poorly
gemma3,B,3,33_final.mp4,177,Poorly
gemma3,B,3,33_final.mp4,180,Poorly
gemma3,B,3,33_final.mp4,183,Poorly
gemma3,B,3,33_final.mp4,186,Poorly
gemma3,B,3,33_final.mp4,189,Poorly
gemma3,B,3,33_final.mp4,192,Poorly
gemma3,B,3,33_final.mp4,195,Poorly
gemma3,B,3,33_final.mp4,198,Poorly
gemma3,B,3,33_final.mp4,201,Poorly
gemma3,B,3,33_final.mp4,204,Poorly
gemma3,B,3,33_final.mp4,207,Poorly
gemma3,B,3,33_final.mp4,210,Poorly
gemma3,B,3,33_final.mp4,213,Poorly
gemma3,B,3,33_final.mp4,216,Poorly
gemma3,B,3,33_final.mp4,219,Poorly
gemma3,B,3,34_final.mp4,0,Poorly
gemma3,B,3,34_final.mp4,3,Poorly
gemma3,B,3,34_final.mp4,6,Poorly
gemma3,B,3,34_final.mp4,9,Poorly
gemma3,B,3,34_final.mp4,12,Poorly
gemma3,B,3,34_final.mp4,15,Poorly
gemma3,B,3,34_final.mp4,18,Poorly
gemma3,B,3,34_final.mp4,21,Poorly
gemma3,B,3,34_final.mp4,24,Poorly
gemma3,B,3,34_final.mp4,27,Poorly
gemma3,B,3,34_final.mp4,30,Poorly
gemma3,B,3,34_final.mp4,33,Poorly
gemma3,B,3,34_final.mp4,36,Poorly
gemma3,B,3,34_final.mp4,39,Poorly
gemma3,B,3,34_final.mp4,42,Poorly
gemma3,B,3,34_final.mp4,45,Poorly
gemma3,B,3,34_final.mp4,48,Poorly
gemma3,B,3,34_final.mp4,51,Poorly
gemma3,B,3,34_final.mp4,54,Poorly
gemma3,B,3,34_final.mp4,57,Poorly
gemma3,B,3,34_final.mp4,60,Poorly
gemma3,B,3,34_final.mp4,63,Poorly
gemma3,B,3,34_final.mp4,66,Poorly
gemma3,B,3,34_final.mp4,69,Poorly
gemma3,B,3,34_final.mp4,72,Poorly
gemma3,B,3,34_final.mp4,75,Poorly
gemma3,B,3,34_final.mp4,78,Poorly
gemma3,B,3,34_final.mp4,81,Poorly
gemma3,B,3,34_final.mp4,84,Poorly
gemma3,B,3,34_final.mp4,87,Poorly
gemma3,B,3,34_final.mp4,90,Poorly
gemma3,B,3,34_final.mp4,93,Poorly
gemma3,B,3,34_final.mp4,96,Poorly
gemma3,B,3,34_final.mp4,99,Poorly
gemma3,B,3,34_final.mp4,102,Poorly
gemma3,B,3,34_final.mp4,105,Poorly
gemma3,B,3,34_final.mp4,108,Poorly
gemma3,B,3,34_final.mp4,111,Poorly
gemma3,B,3,34_final.mp4,114,Poorly
gemma3,B,3,34_final.mp4,117,Poorly
gemma3,B,3,34_final.mp4,120,Poorly
gemma3,B,3,34_final.mp4,123,Poorly
gemma3,B,3,34_final.mp4,126,Poorly
gemma3,B,3,34_final.mp4,129,Poorly
gemma3,B,3,34_final.mp4,132,Poorly
gemma3,B,3,34_final.mp4,135,Poorly
gemma3,B,3,34_final.mp4,138,Poorly
gemma3,B,3,34_final.mp4,141,Poorly
gemma3,B,3,34_final.mp4,144,Poorly
gemma3,B,3,34_final.mp4,147,Poorly
gemma3,B,3,34_final.mp4,150,Poorly
gemma3,B,3,34_final.mp4,153,Poorly
gemma3,B,3,34_final.mp4,156,Poorly
gemma3,B,3,34_final.mp4,159,Poorly
gemma3,B,3,34_final.mp4,162,Poorly
gemma3,B,3,34_final.mp4,165,Poorly
gemma3,B,3,34_final.mp4,168,Poorly
gemma3,B,3,34_final.mp4,171,Poorly
gemma3,B,3,34_final.mp4,174,Poorly
gemma3,B,3,34_final.mp4,177,Poorly
gemma3,B,3,34_final.mp4,180,Poorly
gemma3,B,3,34_final.mp4,183,Poorly
gemma3,B,3,34_final.mp4,186,Poorly
gemma3,B,3,34_final.mp4,189,Poorly
gemma3,B,3,34_final.mp4,192,Poorly
gemma3,B,3,34_final.mp4,195,Poorly
gemma3,B,3,34_final.mp4,198,Poorly
gemma3,B,3,34_final.mp4,201,Poorly
gemma3,B,3,34_final.mp4,204,Poorly
gemma3,B,3,34_final.mp4,207,Poorly
gemma3,B,3,34_final.mp4,210,Poorly
gemma3,B,3,40_final.mp4,0,Poorly
gemma3,B,3,40_final.mp4,3,Poorly
gemma3,B,3,40_final.mp4,6,Poorly
gemma3,B,3,40_final.mp4,9,Poorly
gemma3,B,3,40_final.mp4,12,Poorly
gemma3,B,3,40_final.mp4,15,Poorly
gemma3,B,3,40_final.mp4,18,Poorly
gemma3,B,3,40_final.mp4,21,Poorly
gemma3,B,3,40_final.mp4,24,Poorly
gemma3,B,3,40_final.mp4,27,Poorly
gemma3,B,3,40_final.mp4,30,Poorly
gemma3,B,3,40_final.mp4,33,Poorly
gemma3,B,3,40_final.mp4,36,Poorly
gemma3,B,3,40_final.mp4,39,Poorly
gemma3,B,3,40_final.mp4,42,Poorly
gemma3,B,3,40_final.mp4,45,Poorly
gemma3,B,3,40_final.mp4,48,Poorly
gemma3,B,3,40_final.mp4,51,Poorly
gemma3,B,3,40_final.mp4,54,Poorly
gemma3,B,3,40_final.mp4,57,Poorly
gemma3,B,3,40_final.mp4,60,Poorly
gemma3,B,3,40_final.mp4,63,Poorly
gemma3,B,3,40_final.mp4,66,Poorly
gemma3,B,3,40_final.mp4,69,Poorly
gemma3,B,3,40_final.mp4,72,Poorly
gemma3,B,3,40_final.mp4,75,Poorly
gemma3,B,3,40_final.mp4,78,Poorly
gemma3,B,3,40_final.mp4,81,Poorly
gemma3,B,3,40_final.mp4,84,Poorly
gemma3,B,3,40_final.mp4,87,Poorly
gemma3,B,3,40_final.mp4,90,Poorly
gemma3,B,3,40_final.mp4,93,Poorly
gemma3,B,3,40_final.mp4,96,Poorly
gemma3,B,3,40_final.mp4,99,Poorly
gemma3,B,3,40_final.mp4,102,Poorly
gemma3,B,3,40_final.mp4,105,Poorly
gemma3,B,3,40_final.mp4,108,Poorly
gemma3,B,3,40_final.mp4,111,Poorly
gemma3,B,3,40_final.mp4,114,Poorly
gemma3,B,3,40_final.mp4,117,Poorly
gemma3,B,3,40_final.mp4,120,Poorly
gemma3,B,3,40_final.mp4,123,Poorly
gemma3,B,3,40_final.mp4,126,Poorly
gemma3,B,3,40_final.mp4,129,Poorly
gemma3,B,3,40_final.mp4,132,Poorly
gemma3,B,3,40_final.mp4,135,Poorly
gemma3,B,3,40_final.mp4,138,Poorly
gemma3,B,3,40_final.mp4,141,Poorly
gemma3,B,3,40_final.mp4,144,Poorly
gemma3,B,3,40_final.mp4,147,Poorly
gemma3,B,3,40_final.mp4,150,Poorly
gemma3,B,3,40_final.mp4,153,Poorly
gemma3,B,3,40_final.mp4,156,Poorly
gemma3,B,3,40_final.mp4,159,Poorly
gemma3,B,3,40_final.mp4,162,Poorly
gemma3,B,3,40_final.mp4,165,Poorly
gemma3,B,3,40_final.mp4,168,Poorly
gemma3,B,3,40_final.mp4,171,Poorly
gemma3,B,3,40_final.mp4,174,Poorly
gemma3,B,3,40_final.mp4,177,Poorly
gemma3,B,3,40_final.mp4,180,Poorly
gemma3,B,3,40_final.mp4,183,Poorly
gemma3,B,3,40_final.mp4,186,Poorly
gemma3,B,3,40_final.mp4,189,Poorly
gemma3,B,3,40_final.mp4,192,Poorly
gemma3,B,3,40_final.mp4,195,Poorly
gemma3,B,3,40_final.mp4,198,Poorly
gemma3,B,3,40_final.mp4,201,Poorly
gemma3,B,3,40_final.mp4,204,Poorly
gemma3,B,3,40_final.mp4,207,Poorly
gemma3,B,3,40_final.mp4,210,Poorly
gemma3,B,3,40_final.mp4,213,Poorly
gemma3,B,3,40_final.mp4,216,Poorly
gemma3,B,3,40_final.mp4,219,Poorly
gemma3,B,3,40_final.mp4,222,Poorly
gemma3,B,3,40_final.mp4,225,Poorly
gemma3,B,3,40_final.mp4,228,Poorly
gemma3,B,3,40_final.mp4,231,Poorly
gemma3,B,3,40_final.mp4,234,Poorly
gemma3,B,3,40_final.mp4,237,Poorly
gemma3,B,3,40_final.mp4,240,Poorly
gemma3,B,3,40_final.mp4,243,Poorly
gemma3,B,3,40_final.mp4,246,Poorly
gemma3,B,3,40_final.mp4,249,Poorly
gemma3,B,3,41_final.mp4,0,Poorly
gemma3,B,3,41_final.mp4,3,Poorly
gemma3,B,3,41_final.mp4,6,Poorly
gemma3,B,3,41_final.mp4,9,Poorly
gemma3,B,3,41_final.mp4,12,Poorly
gemma3,B,3,41_final.mp4,15,Poorly
gemma3,B,3,41_final.mp4,18,Poorly
gemma3,B,3,41_final.mp4,21,Poorly
gemma3,B,3,41_final.mp4,24,Poorly
gemma3,B,3,41_final.mp4,27,Poorly
gemma3,B,3,41_final.mp4,30,Poorly
gemma3,B,3,41_final.mp4,33,Poorly
gemma3,B,3,41_final.mp4,36,Poorly
gemma3,B,3,41_final.mp4,39,Poorly
gemma3,B,3,41_final.mp4,42,Poorly
gemma3,B,3,41_final.mp4,45,Poorly
gemma3,B,3,41_final.mp4,48,Poorly
gemma3,B,3,41_final.mp4,51,Poorly
gemma3,B,3,41_final.mp4,54,Poorly
gemma3,B,3,41_final.mp4,57,Poorly
gemma3,B,3,41_final.mp4,60,Poorly
gemma3,B,3,41_final.mp4,63,Poorly
gemma3,B,3,41_final.mp4,66,Poorly
gemma3,B,3,41_final.mp4,69,Poorly
gemma3,B,3,41_final.mp4,72,Poorly
gemma3,B,3,41_final.mp4,75,Poorly
gemma3,B,3,41_final.mp4,78,Poorly
gemma3,B,3,41_final.mp4,81,Poorly
gemma3,B,3,41_final.mp4,84,Poorly
gemma3,B,3,41_final.mp4,87,Poorly
gemma3,B,3,41_final.mp4,90,Poorly
gemma3,B,3,41_final.mp4,93,Poorly
gemma3,B,3,41_final.mp4,96,Poorly
gemma3,B,3,41_final.mp4,99,Poorly
gemma3,B,3,41_final.mp4,102,Poorly
gemma3,B,3,41_final.mp4,105,Poorly
gemma3,B,3,41_final.mp4,108,Poorly
gemma3,B,3,41_final.mp4,111,Poorly
gemma3,B,3,41_final.mp4,114,Poorly
gemma3,B,3,41_final.mp4,117,Poorly
gemma3,B,3,41_final.mp4,120,Poorly
gemma3,B,3,41_final.mp4,123,Poorly
gemma3,B,3,41_final.mp4,126,Poorly
gemma3,B,3,41_final.mp4,129,Poorly
gemma3,B,3,41_final.mp4,132,Poorly
gemma3,B,3,41_final.mp4,135,Poorly
gemma3,B,3,41_final.mp4,138,Poorly
gemma3,B,3,41_final.mp4,141,Poorly
gemma3,B,3,41_final.mp4,144,Poorly
gemma3,B,3,41_final.mp4,147,Poorly
gemma3,B,3,41_final.mp4,150,Poorly
gemma3,B,3,41_final.mp4,153,Poorly
gemma3,B,3,41_final.mp4,156,Poorly
gemma3,B,3,41_final.mp4,159,Poorly
gemma3,B,3,41_final.mp4,162,Poorly
gemma3,B,3,41_final.mp4,165,Poorly
gemma3,B,3,41_final.mp4,168,Poorly
gemma3,B,3,41_final.mp4,171,Poorly
gemma3,B,3,41_final.mp4,174,Poorly
gemma3,B,3,41_final.mp4,177,Poorly
gemma3,B,3,41_final.mp4,180,Poorly
gemma3,B,3,41_final.mp4,183,Poorly
gemma3,B,3,41_final.mp4,186,Poorly
gemma3,B,3,41_final.mp4,189,Poorly
gemma3,B,3,41_final.mp4,192,Poorly
gemma3,B,3,41_final.mp4,195,Poorly
gemma3,B,3,41_final.mp4,198,Poorly
gemma3,B,3,41_final.mp4,201,Poorly
gemma3,B,3,41_final.mp4,204,Poorly
gemma3,B,3,41_final.mp4,207,Poorly
gemma3,B,3,41_final.mp4,210,Poorly
gemma3,B,3,41_final.mp4,213,Poorly
gemma3,B,3,41_final.mp4,216,Poorly
gemma3,B,3,41_final.mp4,219,Poorly
gemma3,B,3,41_final.mp4,222,Poorly
gemma3,B,3,41_final.mp4,225,Poorly
gemma3,B,3,41_final.mp4,228,Poorly
gemma3,B,3,41_final.mp4,231,Poorly
gemma3,B,3,41_final.mp4,234,Poorly
gemma3,B,3,41_final.mp4,237,Poorly
gemma3,B,3,41_final.mp4,240,Poorly
gemma3,B,3,41_final.mp4,243,Poorly
gemma3,B,3,41_final.mp4,246,Poorly
gemma3,B,3,41_final.mp4,249,Poorly
gemma3,B,3,41_final.mp4,252,Poorly
gemma3,B,3,41_final.mp4,255,Poorly
gemma3,B,3,41_final.mp4,258,Poorly
gemma3,B,3,41_final.mp4,261,Poorly
gemma3,B,3,41_final.mp4,264,Poorly
gemma3,B,3,41_final.mp4,267,Poorly
gemma3,B,3,41_final.mp4,270,Poorly
gemma3,B,3,44_final.mp4,0,Poorly
gemma3,B,3,44_final.mp4,3,Poorly
gemma3,B,3,44_final.mp4,6,Poorly
gemma3,B,3,44_final.mp4,9,Poorly
gemma3,B,3,44_final.mp4,12,Poorly
gemma3,B,3,44_final.mp4,15,Poorly
gemma3,B,3,44_final.mp4,18,Poorly
gemma3,B,3,44_final.mp4,21,Poorly
gemma3,B,3,44_final.mp4,24,Poorly
gemma3,B,3,44_final.mp4,27,Poorly
gemma3,B,3,44_final.mp4,30,Poorly
gemma3,B,3,44_final.mp4,33,Poorly
gemma3,B,3,44_final.mp4,36,Poorly
gemma3,B,3,44_final.mp4,39,Poorly
gemma3,B,3,44_final.mp4,42,Poorly
gemma3,B,3,44_final.mp4,45,Poorly
gemma3,B,3,44_final.mp4,48,Poorly
gemma3,B,3,44_final.mp4,51,Poorly
gemma3,B,3,44_final.mp4,54,Poorly
gemma3,B,3,44_final.mp4,57,Poorly
gemma3,B,3,44_final.mp4,60,Poorly
gemma3,B,3,44_final.mp4,63,Poorly
gemma3,B,3,44_final.mp4,66,Poorly
gemma3,B,3,44_final.mp4,69,Poorly
gemma3,B,3,44_final.mp4,72,Poorly
gemma3,B,3,44_final.mp4,75,Poorly
gemma3,B,3,44_final.mp4,78,Poorly
gemma3,B,3,44_final.mp4,81,Poorly
gemma3,B,3,44_final.mp4,84,Poorly
gemma3,B,3,44_final.mp4,87,Poorly
gemma3,B,3,44_final.mp4,90,Poorly
gemma3,B,3,44_final.mp4,93,Poorly
gemma3,B,3,44_final.mp4,96,Poorly
gemma3,B,3,44_final.mp4,99,Poorly
gemma3,B,3,44_final.mp4,102,Poorly
gemma3,B,3,44_final.mp4,105,Poorly
gemma3,B,3,44_final.mp4,108,Poorly
gemma3,B,3,44_final.mp4,111,Poorly
gemma3,B,3,44_final.mp4,114,Poorly
gemma3,B,3,44_final.mp4,117,Poorly
gemma3,B,3,44_final.mp4,120,Poorly
gemma3,B,3,44_final.mp4,123,Poorly
gemma3,B,3,44_final.mp4,126,Poorly
gemma3,B,3,44_final.mp4,129,Poorly
gemma3,B,3,44_final.mp4,132,Poorly
gemma3,B,3,44_final.mp4,135,Poorly
gemma3,B,3,44_final.mp4,138,Poorly
gemma3,B,3,44_final.mp4,141,Poorly
gemma3,B,3,44_final.mp4,144,Poorly
gemma3,B,3,44_final.mp4,147,Poorly
gemma3,B,3,44_final.mp4,150,Poorly
gemma3,B,3,44_final.mp4,153,Poorly
gemma3,B,3,44_final.mp4,156,Poorly
gemma3,B,3,44_final.mp4,159,Poorly
gemma3,B,3,44_final.mp4,162,Poorly
gemma3,B,3,44_final.mp4,165,Poorly
gemma3,B,3,44_final.mp4,168,Poorly
gemma3,B,3,44_final.mp4,171,Poorly
gemma3,B,3,44_final.mp4,174,Poorly
gemma3,B,3,44_final.mp4,177,Poorly
gemma3,B,3,44_final.mp4,180,Poorly
gemma3,B,3,44_final.mp4,183,Poorly
gemma3,B,3,44_final.mp4,186,Poorly
gemma3,B,3,44_final.mp4,189,Poorly
gemma3,B,3,44_final.mp4,192,Poorly
gemma3,B,3,44_final.mp4,195,Poorly
gemma3,B,3,44_final.mp4,198,Poorly
gemma3,B,3,44_final.mp4,201,Poorly
gemma3,B,3,44_final.mp4,204,Poorly
gemma3,B,3,44_final.mp4,207,Poorly
gemma3,B,3,44_final.mp4,210,Poorly
gemma3,B,3,44_final.mp4,213,Poorly
gemma3,B,3,44_final.mp4,216,Poorly
gemma3,B,3,44_final.mp4,219,Poorly
gemma3,B,3,44_final.mp4,222,Poorly
gemma3,B,3,44_final.mp4,225,Poorly
gemma3,B,3,44_final.mp4,228,Poorly
gemma3,B,3,46_final.mp4,0,Poorly
gemma3,B,3,46_final.mp4,3,Poorly
gemma3,B,3,46_final.mp4,6,Poorly
gemma3,B,3,46_final.mp4,9,Poorly
gemma3,B,3,46_final.mp4,12,Poorly
gemma3,B,3,46_final.mp4,15,Poorly
gemma3,B,3,46_final.mp4,18,Poorly
gemma3,B,3,46_final.mp4,21,Poorly
gemma3,B,3,46_final.mp4,24,Poorly
gemma3,B,3,46_final.mp4,27,Poorly
gemma3,B,3,46_final.mp4,30,Poorly
gemma3,B,3,46_final.mp4,33,Poorly
gemma3,B,3,46_final.mp4,36,Well
gemma3,B,3,46_final.mp4,39,Poorly
gemma3,B,3,46_final.mp4,42,Poorly
gemma3,B,3,46_final.mp4,45,Poorly
gemma3,B,3,46_final.mp4,48,Poorly
gemma3,B,3,46_final.mp4,51,Poorly
gemma3,B,3,46_final.mp4,54,Well
gemma3,B,3,46_final.mp4,57,Poorly
gemma3,B,3,46_final.mp4,60,Poorly
gemma3,B,3,46_final.mp4,63,Poorly
gemma3,B,3,46_final.mp4,66,Poorly
gemma3,B,3,46_final.mp4,69,Poorly
gemma3,B,3,46_final.mp4,72,Poorly
gemma3,B,3,46_final.mp4,75,Well
gemma3,B,3,46_final.mp4,78,Poorly
gemma3,B,3,46_final.mp4,81,Poorly
gemma3,B,3,46_final.mp4,84,Poorly
gemma3,B,3,46_final.mp4,87,Poorly
gemma3,B,3,46_final.mp4,90,Poorly
gemma3,B,3,46_final.mp4,93,Poorly
gemma3,B,3,46_final.mp4,96,Poorly
gemma3,B,3,46_final.mp4,99,Poorly
gemma3,B,3,46_final.mp4,102,Poorly
gemma3,B,3,46_final.mp4,105,Poorly
gemma3,B,3,46_final.mp4,108,Poorly
gemma3,B,3,46_final.mp4,111,Poorly
gemma3,B,3,46_final.mp4,114,Poorly
gemma3,B,3,46_final.mp4,117,Poorly
gemma3,B,3,46_final.mp4,120,Poorly
gemma3,B,3,46_final.mp4,123,Poorly
gemma3,B,3,46_final.mp4,126,Poorly
gemma3,B,3,46_final.mp4,129,Poorly
gemma3,B,3,46_final.mp4,132,Poorly
gemma3,B,3,46_final.mp4,135,Poorly
gemma3,B,3,46_final.mp4,138,Poorly
gemma3,B,3,46_final.mp4,141,Poorly
gemma3,B,3,46_final.mp4,144,Poorly
gemma3,B,3,46_final.mp4,147,Poorly
gemma3,B,3,46_final.mp4,150,Poorly
gemma3,B,3,46_final.mp4,153,Poorly
gemma3,B,3,46_final.mp4,156,Poorly
gemma3,B,3,46_final.mp4,159,Poorly
gemma3,B,3,46_final.mp4,162,Poorly
gemma3,B,3,46_final.mp4,165,Poorly
gemma3,B,3,46_final.mp4,168,Poorly
gemma3,B,3,46_final.mp4,171,Poorly
gemma3,B,3,46_final.mp4,174,Poorly
gemma3,B,3,46_final.mp4,177,Poorly
gemma3,B,3,46_final.mp4,180,Poorly
gemma3,B,3,46_final.mp4,183,Poorly
gemma3,B,3,46_final.mp4,186,Poorly
gemma3,B,3,46_final.mp4,189,Poorly
gemma3,B,3,46_final.mp4,192,Poorly
gemma3,B,3,46_final.mp4,195,Poorly
gemma3,B,3,46_final.mp4,198,Poorly
gemma3,B,3,46_final.mp4,201,Poorly
gemma3,B,3,46_final.mp4,204,Poorly
gemma3,B,3,46_final.mp4,207,Poorly
gemma3,B,3,46_final.mp4,210,Poorly
gemma3,B,3,46_final.mp4,213,Poorly
gemma3,B,3,46_final.mp4,216,Poorly
gemma3,B,3,46_final.mp4,219,Poorly
gemma3,B,3,46_final.mp4,222,Poorly
gemma3,B,3,46_final.mp4,225,Poorly
gemma3,B,3,46_final.mp4,228,Poorly
gemma3,B,3,46_final.mp4,231,Poorly
gemma3,B,3,46_final.mp4,234,Poorly
gemma3,B,3,46_final.mp4,237,Poorly
gemma3,B,3,46_final.mp4,240,Poorly
gemma3,B,3,46_final.mp4,243,Poorly
gemma3,B,3,46_final.mp4,246,Poorly
gemma3,B,3,46_final.mp4,249,Poorly
gemma3,B,3,46_final.mp4,252,Poorly
gemma3,B,3,46_final.mp4,255,Poorly
gemma3,B,3,46_final.mp4,258,Poorly
gemma3,B,3,46_final.mp4,261,Poorly
gemma3,B,3,46_final.mp4,264,Poorly
gemma3,B,3,46_final.mp4,267,Poorly
gemma3,B,3,46_final.mp4,270,Poorly
gemma3,B,3,46_final.mp4,273,Poorly
gemma3,B,3,46_final.mp4,276,Poorly
gemma3,B,3,46_final.mp4,279,Poorly
gemma3,B,3,46_final.mp4,282,Poorly
gemma3,B,3,46_final.mp4,285,Poorly
gemma3,B,3,46_final.mp4,288,Poorly
gemma3,B,3,46_final.mp4,291,Poorly
gemma3,B,3,46_final.mp4,294,Poorly
gemma3,B,3,46_final.mp4,297,Poorly
gemma3,B,3,48_final.mp4,0,Poorly
gemma3,B,3,48_final.mp4,3,Poorly
gemma3,B,3,48_final.mp4,6,Poorly
gemma3,B,3,48_final.mp4,9,Poorly
gemma3,B,3,48_final.mp4,12,Poorly
gemma3,B,3,48_final.mp4,15,Poorly
gemma3,B,3,48_final.mp4,18,Poorly
gemma3,B,3,48_final.mp4,21,Poorly
gemma3,B,3,48_final.mp4,24,Poorly
gemma3,B,3,48_final.mp4,27,Poorly
gemma3,B,3,48_final.mp4,30,Poorly
gemma3,B,3,48_final.mp4,33,Poorly
gemma3,B,3,48_final.mp4,36,Poorly
gemma3,B,3,48_final.mp4,39,Poorly
gemma3,B,3,48_final.mp4,42,Poorly
gemma3,B,3,48_final.mp4,45,Poorly
gemma3,B,3,48_final.mp4,48,Poorly
gemma3,B,3,48_final.mp4,51,Poorly
gemma3,B,3,48_final.mp4,54,Poorly
gemma3,B,3,48_final.mp4,57,Poorly
gemma3,B,3,48_final.mp4,60,Poorly
gemma3,B,3,48_final.mp4,63,Poorly
gemma3,B,3,48_final.mp4,66,Poorly
gemma3,B,3,48_final.mp4,69,Poorly
gemma3,B,3,48_final.mp4,72,Poorly
gemma3,B,3,48_final.mp4,75,Poorly
gemma3,B,3,48_final.mp4,78,Poorly
gemma3,B,3,48_final.mp4,81,Poorly
gemma3,B,3,48_final.mp4,84,Poorly
gemma3,B,3,48_final.mp4,87,Poorly
gemma3,B,3,48_final.mp4,90,Poorly
gemma3,B,3,48_final.mp4,93,Poorly
gemma3,B,3,48_final.mp4,96,Poorly
gemma3,B,3,48_final.mp4,99,Poorly
gemma3,B,3,48_final.mp4,102,Poorly
gemma3,B,3,48_final.mp4,105,Poorly
gemma3,B,3,48_final.mp4,108,Poorly
gemma3,B,3,48_final.mp4,111,Poorly
gemma3,B,3,48_final.mp4,114,Poorly
gemma3,B,3,48_final.mp4,117,Poorly
gemma3,B,3,48_final.mp4,120,Poorly
gemma3,B,3,48_final.mp4,123,Poorly
gemma3,B,3,48_final.mp4,126,Poorly
gemma3,B,3,48_final.mp4,129,Poorly
gemma3,B,3,48_final.mp4,132,Poorly
gemma3,B,3,48_final.mp4,135,Poorly
gemma3,B,3,48_final.mp4,138,Poorly
gemma3,B,3,48_final.mp4,141,Poorly
gemma3,B,3,48_final.mp4,144,Poorly
gemma3,B,3,48_final.mp4,147,Poorly
gemma3,B,3,48_final.mp4,150,Poorly
gemma3,B,3,48_final.mp4,153,Poorly
gemma3,B,3,48_final.mp4,156,Poorly
gemma3,B,3,48_final.mp4,159,Poorly
gemma3,B,3,48_final.mp4,162,Poorly
gemma3,B,3,48_final.mp4,165,Poorly
gemma3,B,3,48_final.mp4,168,Poorly
gemma3,B,3,48_final.mp4,171,Poorly
gemma3,B,3,48_final.mp4,174,Poorly
gemma3,B,3,48_final.mp4,177,Poorly
gemma3,B,3,48_final.mp4,180,Poorly
gemma3,B,3,48_final.mp4,183,Poorly
gemma3,B,3,48_final.mp4,186,Poorly
gemma3,B,3,48_final.mp4,189,Poorly
gemma3,B,3,48_final.mp4,192,Poorly
gemma3,B,3,48_final.mp4,195,Poorly
gemma3,B,3,48_final.mp4,198,Poorly
gemma3,B,3,48_final.mp4,201,Poorly
gemma3,B,3,48_final.mp4,204,Poorly
gemma3,B,3,48_final.mp4,207,Poorly
gemma3,B,3,48_final.mp4,210,Poorly
gemma3,B,3,48_final.mp4,213,Poorly
gemma3,B,3,48_final.mp4,216,Poorly
gemma3,B,3,48_final.mp4,219,Poorly
gemma3,B,3,48_final.mp4,222,Poorly
gemma3,B,3,48_final.mp4,225,Poorly
gemma3,B,3,48_final.mp4,228,Poorly
gemma3,B,3,48_final.mp4,231,Poorly
gemma3,B,3,48_final.mp4,234,Poorly
gemma3,B,3,48_final.mp4,237,Poorly
gemma3,B,3,48_final.mp4,240,Poorly
gemma3,B,3,49_final.mp4,0,Poorly
gemma3,B,3,49_final.mp4,3,Poorly
gemma3,B,3,49_final.mp4,6,Poorly
gemma3,B,3,49_final.mp4,9,Poorly
gemma3,B,3,49_final.mp4,12,Poorly
gemma3,B,3,49_final.mp4,15,Poorly
gemma3,B,3,49_final.mp4,18,Poorly
gemma3,B,3,49_final.mp4,21,Poorly
gemma3,B,3,49_final.mp4,24,Poorly
gemma3,B,3,49_final.mp4,27,Poorly
gemma3,B,3,49_final.mp4,30,Poorly
gemma3,B,3,49_final.mp4,33,Poorly
gemma3,B,3,49_final.mp4,36,Poorly
gemma3,B,3,49_final.mp4,39,Poorly
gemma3,B,3,49_final.mp4,42,Poorly
gemma3,B,3,49_final.mp4,45,Poorly
gemma3,B,3,49_final.mp4,48,Poorly
gemma3,B,3,49_final.mp4,51,Poorly
gemma3,B,3,49_final.mp4,54,Poorly
gemma3,B,3,49_final.mp4,57,Poorly
gemma3,B,3,49_final.mp4,60,Poorly
gemma3,B,3,49_final.mp4,63,Poorly
gemma3,B,3,49_final.mp4,66,Poorly
gemma3,B,3,49_final.mp4,69,Poorly
gemma3,B,3,49_final.mp4,72,Poorly
gemma3,B,3,49_final.mp4,75,Poorly
gemma3,B,3,49_final.mp4,78,Poorly
gemma3,B,3,49_final.mp4,81,Poorly
gemma3,B,3,49_final.mp4,84,Poorly
gemma3,B,3,49_final.mp4,87,Poorly
gemma3,B,3,49_final.mp4,90,Poorly
gemma3,B,3,49_final.mp4,93,Poorly
gemma3,B,3,49_final.mp4,96,Poorly
gemma3,B,3,49_final.mp4,99,Poorly
gemma3,B,3,49_final.mp4,102,Poorly
gemma3,B,3,49_final.mp4,105,Poorly
gemma3,B,3,49_final.mp4,108,Poorly
gemma3,B,3,49_final.mp4,111,Poorly
gemma3,B,3,49_final.mp4,114,Poorly
gemma3,B,3,49_final.mp4,117,Poorly
gemma3,B,3,49_final.mp4,120,Poorly
gemma3,B,3,49_final.mp4,123,Poorly
gemma3,B,3,49_final.mp4,126,Poorly
gemma3,B,3,49_final.mp4,129,Poorly
gemma3,B,3,49_final.mp4,132,Poorly
gemma3,B,3,49_final.mp4,135,Poorly
gemma3,B,3,49_final.mp4,138,Poorly
gemma3,B,3,49_final.mp4,141,Poorly
gemma3,B,3,49_final.mp4,144,Poorly
gemma3,B,3,49_final.mp4,147,Poorly
gemma3,B,3,49_final.mp4,150,Poorly
gemma3,B,3,49_final.mp4,153,Poorly
gemma3,B,3,49_final.mp4,156,Poorly
gemma3,B,3,49_final.mp4,159,Poorly
gemma3,B,3,49_final.mp4,162,Poorly
gemma3,B,3,49_final.mp4,165,Poorly
gemma3,B,3,49_final.mp4,168,Poorly
gemma3,B,3,49_final.mp4,171,Poorly
gemma3,B,3,49_final.mp4,174,Poorly
gemma3,B,3,49_final.mp4,177,Poorly
gemma3,B,3,49_final.mp4,180,Poorly
gemma3,B,3,49_final.mp4,183,Poorly
gemma3,B,3,49_final.mp4,186,Poorly
gemma3,B,3,49_final.mp4,189,Poorly
gemma3,B,3,49_final.mp4,192,Poorly
gemma3,B,3,49_final.mp4,195,Poorly
gemma3,B,3,49_final.mp4,198,Poorly
gemma3,B,3,49_final.mp4,201,Poorly
gemma3,B,3,49_final.mp4,204,Poorly
gemma3,B,3,49_final.mp4,207,Poorly
gemma3,B,3,49_final.mp4,210,Poorly
gemma3,B,3,49_final.mp4,213,Poorly
gemma3,B,3,49_final.mp4,216,Poorly
gemma3,B,3,49_final.mp4,219,Poorly
gemma3,B,3,49_final.mp4,222,Poorly
gemma3,B,3,49_final.mp4,225,Poorly
gemma3,B,3,49_final.mp4,228,Poorly
gemma3,B,3,49_final.mp4,231,Poorly
gemma3,B,3,49_final.mp4,234,Poorly
gemma3,B,3,49_final.mp4,237,Poorly
gemma3,B,3,49_final.mp4,240,Poorly
gemma3,B,3,49_final.mp4,243,Poorly
gemma3,B,3,49_final.mp4,246,Poorly
gemma3,B,3,49_final.mp4,249,Poorly
gemma3,B,3,49_final.mp4,252,Poorly
gemma3,B,3,49_final.mp4,255,Poorly
gemma3,B,3,49_final.mp4,258,Poorly
gemma3,B,3,49_final.mp4,261,Poorly
gemma3,B,3,49_final.mp4,264,Poorly
gemma3,B,3,49_final.mp4,267,Poorly
gemma3,B,3,49_final.mp4,270,Poorly
gemma3,B,3,49_final.mp4,273,Poorly
gemma3,B,3,49_final.mp4,276,Poorly
gemma3,B,3,49_final.mp4,279,Poorly
gemma3,B,3,49_final.mp4,282,Poorly
gemma3,B,3,49_final.mp4,285,Poorly
gemma3,B,3,49_final.mp4,288,Poorly
gemma3,B,3,49_final.mp4,291,Poorly
gemma3,B,3,49_final.mp4,294,Poorly
gemma3,B,3,49_final.mp4,297,Poorly
gemma3,B,3,49_final.mp4,300,Poorly
gemma3,B,3,49_final.mp4,303,Poorly
gemma3,B,3,49_final.mp4,306,Poorly
gemma3,B,3,49_final.mp4,309,Poorly
gemma3,B,3,49_final.mp4,312,Poorly
gemma3,B,3,49_final.mp4,315,Poorly
gemma3,B,3,49_final.mp4,318,Poorly
gemma3,B,3,49_final.mp4,321,Poorly
gemma3,B,3,49_final.mp4,324,Poorly
gemma3,B,3,49_final.mp4,327,Poorly
gemma3,B,3,49_final.mp4,330,Poorly
gemma3,B,3,49_final.mp4,333,Poorly
gemma3,B,3,49_final.mp4,336,Poorly
gemma3,B,3,49_final.mp4,339,Poorly
gemma3,B,3,49_final.mp4,342,Poorly
gemma3,B,3,49_final.mp4,345,Poorly
gemma3,B,3,49_final.mp4,348,Poorly
gemma3,B,3,50_final.mp4,0,Poorly
gemma3,B,3,50_final.mp4,3,Poorly
gemma3,B,3,50_final.mp4,6,Poorly
gemma3,B,3,50_final.mp4,9,Poorly
gemma3,B,3,50_final.mp4,12,Poorly
gemma3,B,3,50_final.mp4,15,Poorly
gemma3,B,3,50_final.mp4,18,Poorly
gemma3,B,3,50_final.mp4,21,Poorly
gemma3,B,3,50_final.mp4,24,Poorly
gemma3,B,3,50_final.mp4,27,Poorly
gemma3,B,3,50_final.mp4,30,Poorly
gemma3,B,3,50_final.mp4,33,Poorly
gemma3,B,3,50_final.mp4,36,Poorly
gemma3,B,3,50_final.mp4,39,Poorly
gemma3,B,3,50_final.mp4,42,Poorly
gemma3,B,3,50_final.mp4,45,Poorly
gemma3,B,3,50_final.mp4,48,Poorly
gemma3,B,3,50_final.mp4,51,Poorly
gemma3,B,3,50_final.mp4,54,Poorly
gemma3,B,3,50_final.mp4,57,Poorly
gemma3,B,3,50_final.mp4,60,Poorly
gemma3,B,3,50_final.mp4,63,Poorly
gemma3,B,3,50_final.mp4,66,Poorly
gemma3,B,3,50_final.mp4,69,Poorly
gemma3,B,3,50_final.mp4,72,Poorly
gemma3,B,3,50_final.mp4,75,Poorly
gemma3,B,3,50_final.mp4,78,Poorly
gemma3,B,3,50_final.mp4,81,Poorly
gemma3,B,3,50_final.mp4,84,Poorly
gemma3,B,3,50_final.mp4,87,Poorly
gemma3,B,3,50_final.mp4,90,Poorly
gemma3,B,3,50_final.mp4,93,Poorly
gemma3,B,3,50_final.mp4,96,Poorly
gemma3,B,3,50_final.mp4,99,Poorly
gemma3,B,3,50_final.mp4,102,Poorly
gemma3,B,3,50_final.mp4,105,Poorly
gemma3,B,3,50_final.mp4,108,Poorly
gemma3,B,3,50_final.mp4,111,Poorly
gemma3,B,3,50_final.mp4,114,Poorly
gemma3,B,3,50_final.mp4,117,Poorly
gemma3,B,3,50_final.mp4,120,Poorly
gemma3,B,3,50_final.mp4,123,Poorly
gemma3,B,3,50_final.mp4,126,Poorly
gemma3,B,3,50_final.mp4,129,Poorly
gemma3,B,3,50_final.mp4,132,Poorly
gemma3,B,3,50_final.mp4,135,Poorly
gemma3,B,3,50_final.mp4,138,Poorly
gemma3,B,3,50_final.mp4,141,Poorly
gemma3,B,3,50_final.mp4,144,Poorly
gemma3,B,3,50_final.mp4,147,Poorly
gemma3,B,3,50_final.mp4,150,Poorly
gemma3,B,3,50_final.mp4,153,Poorly
gemma3,B,3,50_final.mp4,156,Poorly
gemma3,B,3,50_final.mp4,159,Poorly
gemma3,B,3,50_final.mp4,162,Poorly
gemma3,B,3,50_final.mp4,165,Poorly
gemma3,B,3,50_final.mp4,168,Poorly
gemma3,B,3,50_final.mp4,171,Poorly
gemma3,B,3,50_final.mp4,174,Poorly
gemma3,B,3,50_final.mp4,177,Poorly
gemma3,B,3,50_final.mp4,180,Poorly
gemma3,B,3,50_final.mp4,183,Poorly
gemma3,B,3,50_final.mp4,186,Poorly
gemma3,B,3,50_final.mp4,189,Poorly
gemma3,B,3,50_final.mp4,192,Poorly
gemma3,B,3,50_final.mp4,195,Poorly
gemma3,B,3,50_final.mp4,198,Poorly
gemma3,B,3,50_final.mp4,201,Poorly
gemma3,B,3,50_final.mp4,204,Poorly
gemma3,B,3,50_final.mp4,207,Poorly
gemma3,B,3,50_final.mp4,210,Poorly
gemma3,B,3,50_final.mp4,213,Poorly
gemma3,B,3,50_final.mp4,216,Poorly
gemma3,B,3,50_final.mp4,219,Poorly
gemma3,B,3,50_final.mp4,222,Poorly
gemma3,B,3,50_final.mp4,225,Poorly
gemma3,B,3,50_final.mp4,228,Poorly
gemma3,B,3,50_final.mp4,231,Poorly
gemma3,B,3,50_final.mp4,234,Poorly
gemma3,B,3,50_final.mp4,237,Poorly
gemma3,B,3,50_final.mp4,240,Poorly
gemma3,B,3,50_final.mp4,243,Poorly
gemma3,B,3,50_final.mp4,246,Poorly
gemma3,B,3,50_final.mp4,249,Poorly
gemma3,B,3,50_final.mp4,252,Poorly
gemma3,B,3,50_final.mp4,255,Poorly
gemma3,B,3,50_final.mp4,258,Poorly
gemma3,B,3,50_final.mp4,261,Poorly
gemma3,B,3,50_final.mp4,264,Poorly
gemma3,B,3,50_final.mp4,267,Poorly
gemma3,B,3,52_final.mp4,0,Poorly
gemma3,B,3,52_final.mp4,3,Poorly
gemma3,B,3,52_final.mp4,6,Poorly
gemma3,B,3,52_final.mp4,9,Poorly
gemma3,B,3,52_final.mp4,12,Poorly
gemma3,B,3,52_final.mp4,15,Poorly
gemma3,B,3,52_final.mp4,18,Poorly
gemma3,B,3,52_final.mp4,21,Poorly
gemma3,B,3,52_final.mp4,24,Poorly
gemma3,B,3,52_final.mp4,27,Poorly
gemma3,B,3,52_final.mp4,30,Poorly
gemma3,B,3,52_final.mp4,33,Poorly
gemma3,B,3,52_final.mp4,36,Poorly
gemma3,B,3,52_final.mp4,39,Poorly
gemma3,B,3,52_final.mp4,45,Poorly
gemma3,B,3,52_final.mp4,48,Poorly
gemma3,B,3,52_final.mp4,51,Poorly
gemma3,B,3,52_final.mp4,54,Poorly
gemma3,B,3,52_final.mp4,57,Poorly
gemma3,B,3,52_final.mp4,60,Poorly
gemma3,B,3,52_final.mp4,63,Poorly
gemma3,B,3,52_final.mp4,66,Poorly
gemma3,B,3,52_final.mp4,69,Poorly
gemma3,B,3,52_final.mp4,72,Poorly
gemma3,B,3,52_final.mp4,75,Poorly
gemma3,B,3,52_final.mp4,78,Poorly
gemma3,B,3,52_final.mp4,81,Poorly
gemma3,B,3,52_final.mp4,84,Poorly
gemma3,B,3,52_final.mp4,87,Poorly
gemma3,B,3,52_final.mp4,90,Poorly
gemma3,B,3,52_final.mp4,93,Poorly
gemma3,B,3,52_final.mp4,96,Poorly
gemma3,B,3,52_final.mp4,99,Poorly
gemma3,B,3,52_final.mp4,102,Poorly
gemma3,B,3,52_final.mp4,105,Poorly
gemma3,B,3,52_final.mp4,108,Poorly
gemma3,B,3,52_final.mp4,111,Poorly
gemma3,B,3,52_final.mp4,114,Poorly
gemma3,B,3,52_final.mp4,117,Poorly
gemma3,B,3,52_final.mp4,120,Poorly
gemma3,B,3,52_final.mp4,123,Poorly
gemma3,B,3,52_final.mp4,126,Poorly
gemma3,B,3,52_final.mp4,129,Poorly
gemma3,B,3,52_final.mp4,132,Poorly
gemma3,B,3,52_final.mp4,135,Poorly
gemma3,B,3,52_final.mp4,138,Poorly
gemma3,B,3,52_final.mp4,141,Poorly
gemma3,B,3,52_final.mp4,144,Poorly
gemma3,B,3,52_final.mp4,147,Poorly
gemma3,B,3,52_final.mp4,150,Poorly
gemma3,B,3,52_final.mp4,153,Poorly
gemma3,B,3,52_final.mp4,156,Poorly
gemma3,B,3,52_final.mp4,159,Poorly
gemma3,B,3,52_final.mp4,162,Poorly
gemma3,B,3,52_final.mp4,165,Poorly
gemma3,B,3,52_final.mp4,168,Poorly
gemma3,B,3,52_final.mp4,171,Poorly
gemma3,B,3,52_final.mp4,174,Poorly
gemma3,B,3,52_final.mp4,177,Poorly
gemma3,B,3,52_final.mp4,180,Poorly
gemma3,B,3,52_final.mp4,183,Poorly
gemma3,B,3,52_final.mp4,186,Poorly
gemma3,B,3,52_final.mp4,189,Poorly
gemma3,B,3,52_final.mp4,192,Poorly
gemma3,B,3,52_final.mp4,195,Poorly
gemma3,B,3,52_final.mp4,198,Poorly
gemma3,B,3,52_final.mp4,201,Poorly
gemma3,B,3,52_final.mp4,204,Poorly
gemma3,B,3,52_final.mp4,207,Poorly
gemma3,B,3,52_final.mp4,210,Poorly
gemma3,B,3,52_final.mp4,213,Poorly
gemma3,B,3,52_final.mp4,216,Poorly
gemma3,B,3,52_final.mp4,219,Poorly
gemma3,B,3,52_final.mp4,222,Poorly
gemma3,B,3,52_final.mp4,225,Poorly
gemma3,B,3,52_final.mp4,228,Poorly
gemma3,B,3,52_final.mp4,231,Poorly
gemma3,B,3,52_final.mp4,234,Poorly
gemma3,B,3,52_final.mp4,237,Poorly
gemma3,B,3,52_final.mp4,240,Poorly
gemma3,B,3,52_final.mp4,243,Poorly
gemma3,B,3,52_final.mp4,246,Poorly
gemma3,B,3,52_final.mp4,249,Poorly
gemma3,B,3,52_final.mp4,252,Poorly
gemma3,B,3,52_final.mp4,255,Poorly
gemma3,B,3,52_final.mp4,258,Poorly
gemma3,B,3,52_final.mp4,261,Poorly
gemma3,B,3,52_final.mp4,264,Poorly
gemma3,B,3,52_final.mp4,267,Poorly
gemma3,B,3,52_final.mp4,270,Poorly
gemma3,B,3,52_final.mp4,273,Poorly
gemma3,B,3,52_final.mp4,276,Poorly
gemma3,B,3,52_final.mp4,279,Poorly
gemma3,B,3,52_final.mp4,282,Poorly
gemma3,B,3,52_final.mp4,285,Poorly
gemma3,B,3,52_final.mp4,288,Poorly
gemma3,B,3,52_final.mp4,291,Poorly
gemma3,B,3,52_final.mp4,294,Poorly
gemma3,B,3,52_final.mp4,297,Poorly
gemma3,B,3,52_final.mp4,300,Poorly
gemma3,B,3,52_final.mp4,303,Poorly
gemma3,B,3,52_final.mp4,306,Poorly
gemma3,B,3,52_final.mp4,309,Poorly
gemma3,B,3,52_final.mp4,312,Poorly
gemma3,B,3,52_final.mp4,315,Poorly
gemma3,B,3,52_final.mp4,318,Poorly
gemma3,B,3,52_final.mp4,321,Poorly
gemma3,B,3,52_final.mp4,324,Poorly
gemma3,B,3,52_final.mp4,327,Poorly
gemma3,B,3,52_final.mp4,330,Poorly
gemma3,B,3,52_final.mp4,333,Poorly
gemma3,B,3,52_final.mp4,336,Poorly
gemma3,B,3,52_final.mp4,339,Poorly
gemma3,B,3,52_final.mp4,342,Poorly
gemma3,B,3,52_final.mp4,345,Poorly
gemma3,B,3,52_final.mp4,348,Poorly
gemma3,B,3,52_final.mp4,351,Poorly
gemma3,B,3,52_final.mp4,354,Poorly
gemma3,B,3,52_final.mp4,357,Poorly
gemma3,B,3,52_final.mp4,360,Poorly
gemma3,B,3,52_final.mp4,363,Poorly
gemma3,B,3,52_final.mp4,366,Poorly
gemma3,B,3,52_final.mp4,369,Poorly
gemma3,B,3,52_final.mp4,372,Poorly
gemma3,B,3,52_final.mp4,375,Poorly
gemma3,B,3,52_final.mp4,378,Poorly
gemma3,B,3,52_final.mp4,381,Poorly
gemma3,B,3,52_final.mp4,384,Poorly
gemma3,B,3,52_final.mp4,387,Poorly
gemma3,B,3,52_final.mp4,390,Poorly
gemma3,B,3,52_final.mp4,393,Poorly
gemma3,B,3,52_final.mp4,396,Poorly
gemma3,B,3,52_final.mp4,399,Poorly
gemma3,B,3,52_final.mp4,402,Poorly
gemma3,B,3,52_final.mp4,405,Poorly
gemma3,B,3,52_final.mp4,408,Poorly
gemma3,B,3,52_final.mp4,411,Poorly
gemma3,B,3,52_final.mp4,414,Poorly
gemma3,B,3,52_final.mp4,417,Poorly
gemma3,B,3,52_final.mp4,420,Poorly
gemma3,B,3,52_final.mp4,423,Poorly
gemma3,B,3,52_final.mp4,426,Poorly
gemma3,B,3,52_final.mp4,429,Poorly
gemma3,B,3,52_final.mp4,432,Poorly
gemma3,B,3,52_final.mp4,435,Poorly
gemma3,B,3,52_final.mp4,438,Poorly
gemma3,B,3,52_final.mp4,441,Poorly
gemma3,B,3,52_final.mp4,444,Poorly
gemma3,B,3,52_final.mp4,447,Poorly
gemma3,B,3,52_final.mp4,450,Poorly
gemma3,B,3,52_final.mp4,453,Poorly
gemma3,B,3,52_final.mp4,456,Poorly
gemma3,B,3,52_final.mp4,459,Poorly
gemma3,B,3,52_final.mp4,462,Poorly
gemma3,B,3,52_final.mp4,465,Poorly
gemma3,B,3,52_final.mp4,468,Poorly
gemma3,B,3,52_final.mp4,471,Poorly
gemma3,B,3,52_final.mp4,474,Poorly
gemma3,B,3,52_final.mp4,477,Poorly
gemma3,B,3,52_final.mp4,480,Poorly
gemma3,B,3,52_final.mp4,483,Poorly
gemma3,B,3,52_final.mp4,486,Poorly
gemma3,B,3,52_final.mp4,489,Poorly
gemma3,B,3,52_final.mp4,492,Poorly
gemma3,B,3,52_final.mp4,495,Poorly
gemma3,B,3,52_final.mp4,498,Poorly
gemma3,B,3,52_final.mp4,501,Poorly
gemma3,B,3,52_final.mp4,504,Poorly
gemma3,B,3,52_final.mp4,507,Poorly
gemma3,B,3,52_final.mp4,510,Poorly
gemma3,B,3,52_final.mp4,513,Poorly
gemma3,B,3,52_final.mp4,516,Poorly
gemma3,B,3,52_final.mp4,519,Poorly
gemma3,B,3,52_final.mp4,522,Poorly
gemma3,B,3,52_final.mp4,525,Poorly
gemma3,B,3,52_final.mp4,528,Poorly
gemma3,B,3,52_final.mp4,531,Poorly
gemma3,B,3,52_final.mp4,534,Poorly
gemma3,B,3,52_final.mp4,537,Poorly
gemma3,B,3,52_final.mp4,540,Poorly
gemma3,B,3,52_final.mp4,543,Poorly
gemma3,B,3,52_final.mp4,546,Poorly
gemma3,B,3,52_final.mp4,549,Poorly
gemma3,B,3,52_final.mp4,552,Poorly
gemma3,B,3,52_final.mp4,555,Poorly
gemma3,B,3,52_final.mp4,558,Poorly
gemma3,B,3,52_final.mp4,561,Poorly
gemma3,B,3,52_final.mp4,564,Poorly
gemma3,B,3,52_final.mp4,567,Poorly
gemma3,B,3,52_final.mp4,570,Poorly
gemma3,B,3,52_final.mp4,573,Poorly
gemma3,B,3,52_final.mp4,576,Poorly
gemma3,B,3,52_final.mp4,579,Poorly
gemma3,B,3,52_final.mp4,582,Poorly
gemma3,B,3,52_final.mp4,585,Poorly
gemma3,B,3,52_final.mp4,588,Poorly
gemma3,B,3,52_final.mp4,591,Poorly
gemma3,B,3,52_final.mp4,594,Poorly
gemma3,B,3,53_final.mp4,0,Poorly
gemma3,B,3,53_final.mp4,3,Poorly
gemma3,B,3,53_final.mp4,6,Poorly
gemma3,B,3,53_final.mp4,9,Poorly
gemma3,B,3,53_final.mp4,12,Poorly
gemma3,B,3,53_final.mp4,15,Poorly
gemma3,B,3,53_final.mp4,18,Poorly
gemma3,B,3,53_final.mp4,21,Poorly
gemma3,B,3,53_final.mp4,24,Poorly
gemma3,B,3,53_final.mp4,27,Poorly
gemma3,B,3,53_final.mp4,30,Poorly
gemma3,B,3,53_final.mp4,33,Poorly
gemma3,B,3,53_final.mp4,36,Poorly
gemma3,B,3,53_final.mp4,39,Poorly
gemma3,B,3,53_final.mp4,42,Poorly
gemma3,B,3,53_final.mp4,45,Poorly
gemma3,B,3,53_final.mp4,48,Poorly
gemma3,B,3,53_final.mp4,51,Poorly
gemma3,B,3,53_final.mp4,54,Poorly
gemma3,B,3,53_final.mp4,57,Poorly
gemma3,B,3,53_final.mp4,60,Poorly
gemma3,B,3,53_final.mp4,63,Poorly
gemma3,B,3,53_final.mp4,66,Poorly
gemma3,B,3,53_final.mp4,69,Poorly
gemma3,B,3,53_final.mp4,72,Poorly
gemma3,B,3,53_final.mp4,75,Poorly
gemma3,B,3,53_final.mp4,78,Poorly
gemma3,B,3,53_final.mp4,81,Poorly
gemma3,B,3,53_final.mp4,84,Poorly
gemma3,B,3,53_final.mp4,87,Poorly
gemma3,B,3,53_final.mp4,90,Poorly
gemma3,B,3,53_final.mp4,93,Poorly
gemma3,B,3,53_final.mp4,96,Poorly
gemma3,B,3,53_final.mp4,99,Poorly
gemma3,B,3,53_final.mp4,102,Poorly
gemma3,B,3,53_final.mp4,105,Poorly
gemma3,B,3,53_final.mp4,108,Poorly
gemma3,B,3,53_final.mp4,111,Poorly
gemma3,B,3,53_final.mp4,114,Poorly
gemma3,B,3,53_final.mp4,117,Poorly
gemma3,B,3,53_final.mp4,120,Poorly
gemma3,B,3,53_final.mp4,123,Poorly
gemma3,B,3,53_final.mp4,126,Poorly
gemma3,B,3,53_final.mp4,129,Poorly
gemma3,B,3,53_final.mp4,132,Poorly
gemma3,B,3,53_final.mp4,135,Poorly
gemma3,B,3,53_final.mp4,138,Poorly
gemma3,B,3,53_final.mp4,141,Poorly
gemma3,B,3,53_final.mp4,144,Poorly
gemma3,B,3,53_final.mp4,147,Poorly
gemma3,B,3,53_final.mp4,150,Poorly
gemma3,B,3,53_final.mp4,153,Poorly
gemma3,B,3,53_final.mp4,156,Poorly
gemma3,B,3,53_final.mp4,159,Poorly
gemma3,B,3,53_final.mp4,162,Poorly
gemma3,B,3,53_final.mp4,165,Poorly
gemma3,B,3,53_final.mp4,168,Poorly
gemma3,B,3,53_final.mp4,171,Poorly
gemma3,B,3,53_final.mp4,174,Poorly
gemma3,B,3,53_final.mp4,177,Poorly
gemma3,B,3,53_final.mp4,180,Poorly
gemma3,B,3,53_final.mp4,183,Poorly
gemma3,B,3,53_final.mp4,186,Poorly
gemma3,B,3,53_final.mp4,189,Poorly
gemma3,B,3,53_final.mp4,192,Poorly
gemma3,B,3,53_final.mp4,195,Poorly
gemma3,B,3,53_final.mp4,198,Poorly
gemma3,B,3,53_final.mp4,201,Poorly
gemma3,B,3,53_final.mp4,204,Poorly
gemma3,B,3,53_final.mp4,207,Poorly
gemma3,B,3,53_final.mp4,210,Poorly
gemma3,B,3,53_final.mp4,213,Poorly
gemma3,B,3,53_final.mp4,216,Poorly
gemma3,B,3,53_final.mp4,219,Poorly
gemma3,B,3,53_final.mp4,222,Poorly
gemma3,B,3,53_final.mp4,225,Poorly
gemma3,B,3,53_final.mp4,228,Poorly
gemma3,B,3,53_final.mp4,231,Poorly
gemma3,B,3,53_final.mp4,234,Poorly
gemma3,B,3,53_final.mp4,237,Poorly
gemma3,B,3,53_final.mp4,240,Poorly
gemma3,B,3,53_final.mp4,243,Poorly
gemma3,B,3,53_final.mp4,246,Poorly
gemma3,B,3,53_final.mp4,249,Poorly
gemma3,B,3,53_final.mp4,252,Poorly
gemma3,B,3,53_final.mp4,255,Poorly
gemma3,B,3,53_final.mp4,258,Poorly
gemma3,B,3,53_final.mp4,261,Poorly
gemma3,B,3,53_final.mp4,264,Poorly
gemma3,B,3,53_final.mp4,267,Poorly
gemma3,B,3,53_final.mp4,270,Poorly
gemma3,B,3,53_final.mp4,273,Poorly
gemma3,B,3,53_final.mp4,276,Poorly
gemma3,B,3,53_final.mp4,279,Poorly
gemma3,B,3,53_final.mp4,282,Poorly
gemma3,B,3,53_final.mp4,285,Poorly
gemma3,B,3,53_final.mp4,288,Poorly
gemma3,B,3,53_final.mp4,291,Poorly
gemma3,B,3,53_final.mp4,294,Poorly
gemma3,B,3,53_final.mp4,297,Poorly
gemma3,B,3,53_final.mp4,300,Poorly
gemma3,B,3,53_final.mp4,303,Poorly
gemma3,B,3,53_final.mp4,306,Poorly
gemma3,B,3,53_final.mp4,309,Poorly
gemma3,B,3,53_final.mp4,312,Poorly
gemma3,B,3,53_final.mp4,315,Poorly
gemma3,B,3,53_final.mp4,318,Poorly
gemma3,B,3,53_final.mp4,321,Poorly
gemma3,B,3,53_final.mp4,324,Poorly
gemma3,B,3,53_final.mp4,327,Poorly
gemma3,B,3,54_final.mp4,0,Poorly
gemma3,B,3,54_final.mp4,3,Poorly
gemma3,B,3,54_final.mp4,6,Poorly
gemma3,B,3,54_final.mp4,9,Poorly
gemma3,B,3,54_final.mp4,12,Poorly
gemma3,B,3,54_final.mp4,15,Poorly
gemma3,B,3,54_final.mp4,18,Poorly
gemma3,B,3,54_final.mp4,21,Poorly
gemma3,B,3,54_final.mp4,24,Poorly
gemma3,B,3,54_final.mp4,27,Poorly
gemma3,B,3,54_final.mp4,30,Poorly
gemma3,B,3,54_final.mp4,33,Poorly
gemma3,B,3,54_final.mp4,36,Poorly
gemma3,B,3,54_final.mp4,39,Poorly
gemma3,B,3,54_final.mp4,42,Poorly
gemma3,B,3,54_final.mp4,45,Poorly
gemma3,B,3,54_final.mp4,48,Poorly
gemma3,B,3,54_final.mp4,51,Poorly
gemma3,B,3,54_final.mp4,54,Poorly
gemma3,B,3,54_final.mp4,57,Poorly
gemma3,B,3,54_final.mp4,60,Poorly
gemma3,B,3,54_final.mp4,63,Poorly
gemma3,B,3,54_final.mp4,66,Poorly
gemma3,B,3,54_final.mp4,69,Poorly
gemma3,B,3,54_final.mp4,72,Poorly
gemma3,B,3,54_final.mp4,75,Poorly
gemma3,B,3,54_final.mp4,78,Poorly
gemma3,B,3,54_final.mp4,81,Poorly
gemma3,B,3,54_final.mp4,84,Poorly
gemma3,B,3,54_final.mp4,87,Poorly
gemma3,B,3,54_final.mp4,90,Poorly
gemma3,B,3,54_final.mp4,93,Poorly
gemma3,B,3,54_final.mp4,96,Poorly
gemma3,B,3,54_final.mp4,99,Poorly
gemma3,B,3,54_final.mp4,102,Poorly
gemma3,B,3,54_final.mp4,105,Poorly
gemma3,B,3,54_final.mp4,108,Poorly
gemma3,B,3,54_final.mp4,111,Poorly
gemma3,B,3,54_final.mp4,114,Poorly
gemma3,B,3,54_final.mp4,117,Poorly
gemma3,B,3,54_final.mp4,120,Poorly
gemma3,B,3,54_final.mp4,123,Poorly
gemma3,B,3,54_final.mp4,126,Poorly
gemma3,B,3,54_final.mp4,129,Poorly
gemma3,B,3,54_final.mp4,132,Poorly
gemma3,B,3,54_final.mp4,135,Poorly
gemma3,B,3,54_final.mp4,138,Poorly
gemma3,B,3,54_final.mp4,141,Poorly
gemma3,B,3,54_final.mp4,144,Poorly
gemma3,B,3,54_final.mp4,147,Poorly
gemma3,B,3,54_final.mp4,150,Poorly
gemma3,B,3,54_final.mp4,153,Poorly
gemma3,B,3,54_final.mp4,156,Poorly
gemma3,B,3,54_final.mp4,159,Poorly
gemma3,B,3,54_final.mp4,162,Poorly
gemma3,B,3,54_final.mp4,165,Poorly
gemma3,B,3,54_final.mp4,168,Poorly
gemma3,B,3,54_final.mp4,171,Poorly
gemma3,B,3,54_final.mp4,174,Poorly
gemma3,B,3,54_final.mp4,177,Poorly
gemma3,B,3,54_final.mp4,180,Poorly
gemma3,B,3,54_final.mp4,183,Poorly
gemma3,B,3,54_final.mp4,186,Poorly
gemma3,B,3,54_final.mp4,189,Poorly
gemma3,B,3,54_final.mp4,192,Poorly
gemma3,B,3,54_final.mp4,195,Poorly
gemma3,B,3,54_final.mp4,198,Poorly
gemma3,B,3,54_final.mp4,201,Poorly
gemma3,B,3,54_final.mp4,204,Poorly
gemma3,B,3,54_final.mp4,207,Poorly
gemma3,B,3,54_final.mp4,210,Poorly
gemma3,B,3,54_final.mp4,213,Poorly
gemma3,B,3,54_final.mp4,216,Poorly
gemma3,B,3,54_final.mp4,219,Poorly
gemma3,B,3,54_final.mp4,222,Poorly
gemma3,B,3,54_final.mp4,225,Poorly
gemma3,B,3,54_final.mp4,228,Poorly
gemma3,B,3,54_final.mp4,231,Poorly
gemma3,B,3,54_final.mp4,234,Poorly
gemma3,B,3,54_final.mp4,237,Poorly
gemma3,B,3,54_final.mp4,240,Poorly
gemma3,B,3,54_final.mp4,243,Poorly
gemma3,B,3,54_final.mp4,246,Poorly
gemma3,B,3,54_final.mp4,249,Poorly
gemma3,B,3,54_final.mp4,252,Poorly
gemma3,B,3,54_final.mp4,255,Poorly
gemma3,B,3,54_final.mp4,258,Poorly
gemma3,B,3,55_final.mp4,0,Poorly
gemma3,B,3,55_final.mp4,3,Poorly
gemma3,B,3,55_final.mp4,6,Poorly
gemma3,B,3,55_final.mp4,9,Poorly
gemma3,B,3,55_final.mp4,12,Poorly
gemma3,B,3,55_final.mp4,15,Poorly
gemma3,B,3,55_final.mp4,18,Poorly
gemma3,B,3,55_final.mp4,21,Poorly
gemma3,B,3,55_final.mp4,24,Poorly
gemma3,B,3,55_final.mp4,27,Poorly
gemma3,B,3,55_final.mp4,30,Poorly
gemma3,B,3,55_final.mp4,33,Poorly
gemma3,B,3,55_final.mp4,36,Poorly
gemma3,B,3,55_final.mp4,39,Poorly
gemma3,B,3,55_final.mp4,42,Poorly
gemma3,B,3,55_final.mp4,45,Poorly
gemma3,B,3,55_final.mp4,48,Poorly
gemma3,B,3,55_final.mp4,51,Poorly
gemma3,B,3,55_final.mp4,54,Poorly
gemma3,B,3,55_final.mp4,57,Poorly
gemma3,B,3,55_final.mp4,60,Poorly
gemma3,B,3,55_final.mp4,63,Poorly
gemma3,B,3,55_final.mp4,66,Poorly
gemma3,B,3,55_final.mp4,69,Poorly
gemma3,B,3,55_final.mp4,72,Poorly
gemma3,B,3,55_final.mp4,75,Poorly
gemma3,B,3,55_final.mp4,78,Poorly
gemma3,B,3,55_final.mp4,81,Poorly
gemma3,B,3,55_final.mp4,84,Poorly
gemma3,B,3,55_final.mp4,87,Poorly
gemma3,B,3,55_final.mp4,90,Poorly
gemma3,B,3,55_final.mp4,93,Poorly
gemma3,B,3,55_final.mp4,96,Poorly
gemma3,B,3,55_final.mp4,99,Poorly
gemma3,B,3,55_final.mp4,102,Poorly
gemma3,B,3,55_final.mp4,105,Poorly
gemma3,B,3,55_final.mp4,108,Poorly
gemma3,B,3,55_final.mp4,111,Poorly
gemma3,B,3,55_final.mp4,114,Poorly
gemma3,B,3,55_final.mp4,117,Poorly
gemma3,B,3,55_final.mp4,120,Poorly
gemma3,B,3,55_final.mp4,123,Poorly
gemma3,B,3,55_final.mp4,126,Poorly
gemma3,B,3,55_final.mp4,129,Poorly
gemma3,B,3,55_final.mp4,132,Poorly
gemma3,B,3,55_final.mp4,135,Poorly
gemma3,B,3,55_final.mp4,138,Poorly
gemma3,B,3,55_final.mp4,141,Poorly
gemma3,B,3,55_final.mp4,144,Poorly
gemma3,B,3,55_final.mp4,147,Poorly
gemma3,B,3,55_final.mp4,150,Poorly
gemma3,B,3,55_final.mp4,153,Poorly
gemma3,B,3,55_final.mp4,156,Poorly
gemma3,B,3,55_final.mp4,159,Poorly
gemma3,B,3,55_final.mp4,162,Poorly
gemma3,B,3,55_final.mp4,165,Poorly
gemma3,B,3,55_final.mp4,168,Poorly
gemma3,B,3,55_final.mp4,171,Poorly
gemma3,B,3,55_final.mp4,174,Poorly
gemma3,B,3,55_final.mp4,177,Poorly
gemma3,B,3,55_final.mp4,180,Poorly
gemma3,B,3,55_final.mp4,183,Poorly
gemma3,B,3,55_final.mp4,186,Poorly
gemma3,B,3,55_final.mp4,189,Poorly
gemma3,B,3,55_final.mp4,192,Poorly
gemma3,B,3,55_final.mp4,195,Poorly
gemma3,B,3,55_final.mp4,198,Poorly
gemma3,B,3,55_final.mp4,201,Poorly
gemma3,B,3,55_final.mp4,204,Poorly
gemma3,B,3,55_final.mp4,207,Poorly
gemma3,B,3,55_final.mp4,210,Poorly
gemma3,B,3,55_final.mp4,213,Poorly
gemma3,B,3,55_final.mp4,216,Poorly
gemma3,B,3,55_final.mp4,219,Poorly
gemma3,B,3,55_final.mp4,222,Poorly
gemma3,B,3,55_final.mp4,225,Poorly
gemma3,B,3,55_final.mp4,228,Poorly
gemma3,B,3,55_final.mp4,231,Poorly
gemma3,B,3,55_final.mp4,234,Poorly
gemma3,B,3,55_final.mp4,237,Poorly
gemma3,B,3,55_final.mp4,240,Poorly
gemma3,B,3,55_final.mp4,243,Poorly
gemma3,B,3,55_final.mp4,246,Poorly
gemma3,B,3,55_final.mp4,249,Poorly
gemma3,B,3,55_final.mp4,252,Poorly
gemma3,B,3,55_final.mp4,255,Poorly
gemma3,B,3,55_final.mp4,258,Poorly
gemma3,B,3,55_final.mp4,261,Poorly
gemma3,B,3,55_final.mp4,264,Poorly
gemma3,B,3,55_final.mp4,267,Poorly
gemma3,B,3,57_final.mp4,0,Poorly
gemma3,B,3,57_final.mp4,3,Poorly
gemma3,B,3,57_final.mp4,6,Poorly
gemma3,B,3,57_final.mp4,9,Poorly
gemma3,B,3,57_final.mp4,12,Poorly
gemma3,B,3,57_final.mp4,15,Poorly
gemma3,B,3,57_final.mp4,18,Poorly
gemma3,B,3,57_final.mp4,21,Poorly
gemma3,B,3,57_final.mp4,24,Poorly
gemma3,B,3,57_final.mp4,27,Poorly
gemma3,B,3,57_final.mp4,30,Poorly
gemma3,B,3,57_final.mp4,33,Poorly
gemma3,B,3,57_final.mp4,36,Poorly
gemma3,B,3,57_final.mp4,39,Poorly
gemma3,B,3,57_final.mp4,42,Poorly
gemma3,B,3,57_final.mp4,45,Poorly
gemma3,B,3,57_final.mp4,48,Poorly
gemma3,B,3,57_final.mp4,51,Poorly
gemma3,B,3,57_final.mp4,54,Poorly
gemma3,B,3,57_final.mp4,57,Poorly
gemma3,B,3,57_final.mp4,60,Poorly
gemma3,B,3,57_final.mp4,63,Poorly
gemma3,B,3,57_final.mp4,66,Poorly
gemma3,B,3,57_final.mp4,69,Poorly
gemma3,B,3,57_final.mp4,72,Poorly
gemma3,B,3,57_final.mp4,75,Poorly
gemma3,B,3,57_final.mp4,78,Poorly
gemma3,B,3,57_final.mp4,81,Poorly
gemma3,B,3,57_final.mp4,84,Poorly
gemma3,B,3,57_final.mp4,87,Poorly
gemma3,B,3,57_final.mp4,90,Poorly
gemma3,B,3,57_final.mp4,93,Poorly
gemma3,B,3,57_final.mp4,96,Poorly
gemma3,B,3,57_final.mp4,99,Poorly
gemma3,B,3,57_final.mp4,102,Poorly
gemma3,B,3,57_final.mp4,105,Poorly
gemma3,B,3,57_final.mp4,108,Poorly
gemma3,B,3,57_final.mp4,111,Poorly
gemma3,B,3,57_final.mp4,114,Poorly
gemma3,B,3,57_final.mp4,117,Poorly
gemma3,B,3,57_final.mp4,120,Poorly
gemma3,B,3,57_final.mp4,123,Poorly
gemma3,B,3,57_final.mp4,126,Poorly
gemma3,B,3,57_final.mp4,129,Poorly
gemma3,B,3,57_final.mp4,132,Poorly
gemma3,B,3,57_final.mp4,135,Poorly
gemma3,B,3,57_final.mp4,138,Poorly
gemma3,B,3,57_final.mp4,141,Poorly
gemma3,B,3,57_final.mp4,144,Poorly
gemma3,B,3,57_final.mp4,147,Poorly
gemma3,B,3,57_final.mp4,150,Poorly
gemma3,B,3,57_final.mp4,153,Poorly
gemma3,B,3,57_final.mp4,156,Poorly
gemma3,B,3,57_final.mp4,159,Poorly
gemma3,B,3,57_final.mp4,162,Poorly
gemma3,B,3,57_final.mp4,165,Poorly
gemma3,B,3,57_final.mp4,168,Poorly
gemma3,B,3,57_final.mp4,171,Poorly
gemma3,B,3,57_final.mp4,174,Poorly
gemma3,B,3,57_final.mp4,177,Poorly
gemma3,B,3,57_final.mp4,180,Poorly
gemma3,B,3,57_final.mp4,183,Poorly
gemma3,B,3,57_final.mp4,186,Poorly
gemma3,B,3,57_final.mp4,189,Poorly
gemma3,B,3,57_final.mp4,192,Poorly
gemma3,B,3,57_final.mp4,195,Poorly
gemma3,B,3,57_final.mp4,198,Poorly
gemma3,B,3,57_final.mp4,201,Poorly
gemma3,B,3,57_final.mp4,204,Poorly
gemma3,B,3,57_final.mp4,207,Poorly
gemma3,B,3,57_final.mp4,210,Poorly
gemma3,B,3,57_final.mp4,213,Poorly
gemma3,B,3,57_final.mp4,216,Poorly
gemma3,B,3,57_final.mp4,219,Poorly
gemma3,B,3,57_final.mp4,222,Poorly
gemma3,B,3,57_final.mp4,225,Poorly
gemma3,B,3,57_final.mp4,228,Poorly
gemma3,B,3,57_final.mp4,231,Poorly
gemma3,B,3,57_final.mp4,234,Poorly
gemma3,B,3,57_final.mp4,237,Poorly
gemma3,B,3,57_final.mp4,240,Poorly
gemma3,B,3,57_final.mp4,243,Poorly
gemma3,B,3,57_final.mp4,246,Poorly
gemma3,B,3,57_final.mp4,249,Poorly
gemma3,B,3,57_final.mp4,252,Poorly
gemma3,B,3,57_final.mp4,255,Poorly
gemma3,B,3,57_final.mp4,258,Poorly
gemma3,B,3,57_final.mp4,261,Poorly
gemma3,B,3,57_final.mp4,264,Poorly
gemma3,B,3,57_final.mp4,267,Poorly
gemma3,B,3,57_final.mp4,270,Poorly
gemma3,B,3,57_final.mp4,273,Poorly
gemma3,B,3,59_final.mp4,0,Poorly
gemma3,B,3,59_final.mp4,3,Poorly
gemma3,B,3,59_final.mp4,6,Poorly
gemma3,B,3,59_final.mp4,9,Poorly
gemma3,B,3,59_final.mp4,12,Poorly
gemma3,B,3,59_final.mp4,15,Poorly
gemma3,B,3,59_final.mp4,18,Poorly
gemma3,B,3,59_final.mp4,21,Poorly
gemma3,B,3,59_final.mp4,24,Poorly
gemma3,B,3,59_final.mp4,27,Poorly
gemma3,B,3,59_final.mp4,30,Poorly
gemma3,B,3,59_final.mp4,33,Poorly
gemma3,B,3,59_final.mp4,36,Poorly
gemma3,B,3,59_final.mp4,39,Poorly
gemma3,B,3,59_final.mp4,42,Well
gemma3,B,3,59_final.mp4,45,Poorly
gemma3,B,3,59_final.mp4,48,Well
gemma3,B,3,59_final.mp4,51,Well
gemma3,B,3,59_final.mp4,54,Well
gemma3,B,3,59_final.mp4,57,Poorly
gemma3,B,3,59_final.mp4,60,Well
gemma3,B,3,59_final.mp4,63,Well
gemma3,B,3,59_final.mp4,66,Well
gemma3,B,3,59_final.mp4,69,Poorly
gemma3,B,3,59_final.mp4,72,Poorly
gemma3,B,3,59_final.mp4,75,Poorly
gemma3,B,3,59_final.mp4,78,Poorly
gemma3,B,3,59_final.mp4,81,Poorly
gemma3,B,3,59_final.mp4,84,Poorly
gemma3,B,3,59_final.mp4,87,Poorly
gemma3,B,3,59_final.mp4,90,Poorly
gemma3,B,3,59_final.mp4,93,Poorly
gemma3,B,3,59_final.mp4,96,Poorly
gemma3,B,3,59_final.mp4,99,Poorly
gemma3,B,3,59_final.mp4,102,Poorly
gemma3,B,3,59_final.mp4,105,Poorly
gemma3,B,3,59_final.mp4,108,Poorly
gemma3,B,3,59_final.mp4,111,Poorly
gemma3,B,3,59_final.mp4,114,Poorly
gemma3,B,3,59_final.mp4,117,Poorly
gemma3,B,3,59_final.mp4,120,Poorly
gemma3,B,3,59_final.mp4,123,Poorly
gemma3,B,3,59_final.mp4,126,Poorly
gemma3,B,3,59_final.mp4,129,Poorly
gemma3,B,3,59_final.mp4,132,Well
gemma3,B,3,59_final.mp4,135,Well
gemma3,B,3,59_final.mp4,138,Poorly
gemma3,B,3,59_final.mp4,141,Poorly
gemma3,B,3,59_final.mp4,144,Poorly
gemma3,B,3,59_final.mp4,147,Poorly
gemma3,B,3,59_final.mp4,150,Poorly
gemma3,B,3,59_final.mp4,153,Poorly
gemma3,B,3,59_final.mp4,156,Poorly
gemma3,B,3,59_final.mp4,159,Poorly
gemma3,B,3,59_final.mp4,162,Poorly
gemma3,B,3,59_final.mp4,165,Poorly
gemma3,B,3,59_final.mp4,168,Poorly
gemma3,B,3,59_final.mp4,171,Poorly
gemma3,B,3,59_final.mp4,174,Poorly
gemma3,B,3,59_final.mp4,177,Poorly
gemma3,B,3,59_final.mp4,180,Poorly
gemma3,B,3,59_final.mp4,183,Poorly
gemma3,B,3,59_final.mp4,186,Well
gemma3,B,3,59_final.mp4,189,Poorly
gemma3,B,3,59_final.mp4,192,Well
gemma3,B,3,59_final.mp4,195,Poorly
gemma3,B,3,59_final.mp4,198,Poorly
gemma3,B,3,59_final.mp4,201,Well
gemma3,B,3,59_final.mp4,204,Poorly
gemma3,B,3,59_final.mp4,207,Well
gemma3,B,3,59_final.mp4,210,Well
gemma3,B,3,59_final.mp4,213,Well
gemma3,B,3,59_final.mp4,216,Well
gemma3,B,3,59_final.mp4,219,Poorly
gemma3,B,3,59_final.mp4,222,Well
gemma3,B,3,59_final.mp4,225,Well
gemma3,B,3,59_final.mp4,228,Well
gemma3,B,3,59_final.mp4,231,Well
gemma3,B,3,59_final.mp4,234,Poorly
gemma3,B,3,59_final.mp4,237,Poorly
gemma3,B,3,59_final.mp4,240,Poorly
gemma3,B,3,59_final.mp4,243,Well
gemma3,B,3,59_final.mp4,246,Well
gemma3,B,3,59_final.mp4,249,Well
gemma3,B,3,59_final.mp4,252,Well
gemma3,B,3,59_final.mp4,255,Well
gemma3,B,3,59_final.mp4,258,Well
gemma3,B,3,59_final.mp4,261,Well
gemma3,B,3,59_final.mp4,264,Well
gemma3,B,3,59_final.mp4,267,Well
gemma3,B,3,60_final.mp4,0,Poorly
gemma3,B,3,60_final.mp4,3,Poorly
gemma3,B,3,60_final.mp4,6,Poorly
gemma3,B,3,60_final.mp4,9,Poorly
gemma3,B,3,60_final.mp4,12,Well
gemma3,B,3,60_final.mp4,15,Poorly
gemma3,B,3,60_final.mp4,18,Poorly
gemma3,B,3,60_final.mp4,21,Poorly
gemma3,B,3,60_final.mp4,24,Poorly
gemma3,B,3,60_final.mp4,27,Poorly
gemma3,B,3,60_final.mp4,30,Poorly
gemma3,B,3,60_final.mp4,33,Poorly
gemma3,B,3,60_final.mp4,36,Poorly
gemma3,B,3,60_final.mp4,39,Poorly
gemma3,B,3,60_final.mp4,42,Poorly
gemma3,B,3,60_final.mp4,45,Poorly
gemma3,B,3,60_final.mp4,48,Poorly
gemma3,B,3,60_final.mp4,51,Poorly
gemma3,B,3,60_final.mp4,54,Poorly
gemma3,B,3,60_final.mp4,57,Poorly
gemma3,B,3,60_final.mp4,60,Poorly
gemma3,B,3,60_final.mp4,63,Poorly
gemma3,B,3,60_final.mp4,66,Poorly
gemma3,B,3,60_final.mp4,69,Poorly
gemma3,B,3,60_final.mp4,72,Poorly
gemma3,B,3,60_final.mp4,75,Poorly
gemma3,B,3,60_final.mp4,78,Poorly
gemma3,B,3,60_final.mp4,81,Poorly
gemma3,B,3,60_final.mp4,84,Poorly
gemma3,B,3,60_final.mp4,87,Poorly
gemma3,B,3,60_final.mp4,90,Poorly
gemma3,B,3,60_final.mp4,93,Poorly
gemma3,B,3,60_final.mp4,96,Poorly
gemma3,B,3,60_final.mp4,99,Poorly
gemma3,B,3,60_final.mp4,102,Poorly
gemma3,B,3,60_final.mp4,105,Poorly
gemma3,B,3,60_final.mp4,108,Poorly
gemma3,B,3,60_final.mp4,111,Poorly
gemma3,B,3,60_final.mp4,114,Poorly
gemma3,B,3,60_final.mp4,117,Poorly
gemma3,B,3,60_final.mp4,120,Poorly
gemma3,B,3,60_final.mp4,123,Poorly
gemma3,B,3,60_final.mp4,126,Poorly
gemma3,B,3,60_final.mp4,129,Poorly
gemma3,B,3,60_final.mp4,132,Poorly
gemma3,B,3,60_final.mp4,135,Poorly
gemma3,B,3,60_final.mp4,138,Poorly
gemma3,B,3,60_final.mp4,141,Poorly
gemma3,B,3,60_final.mp4,144,Poorly
gemma3,B,3,60_final.mp4,147,Poorly
gemma3,B,3,60_final.mp4,150,Poorly
gemma3,B,3,60_final.mp4,153,Poorly
gemma3,B,3,60_final.mp4,156,Poorly
gemma3,B,3,60_final.mp4,159,Poorly
gemma3,B,3,60_final.mp4,162,Poorly
gemma3,B,3,60_final.mp4,165,Poorly
gemma3,B,3,60_final.mp4,168,Poorly
gemma3,B,3,60_final.mp4,171,Poorly
gemma3,B,3,60_final.mp4,174,Poorly
gemma3,B,3,60_final.mp4,177,Poorly
gemma3,B,3,60_final.mp4,180,Poorly
gemma3,B,3,60_final.mp4,183,Poorly
gemma3,B,3,60_final.mp4,186,Poorly
gemma3,B,3,60_final.mp4,189,Poorly
gemma3,B,3,60_final.mp4,192,Poorly
gemma3,B,3,60_final.mp4,195,Poorly
gemma3,B,3,60_final.mp4,198,Poorly
gemma3,B,3,60_final.mp4,201,Poorly
gemma3,B,3,60_final.mp4,204,Poorly
gemma3,B,3,60_final.mp4,207,Poorly
gemma3,B,3,60_final.mp4,210,Poorly
gemma3,B,3,60_final.mp4,213,Poorly
gemma3,B,3,60_final.mp4,216,Poorly
gemma3,B,3,60_final.mp4,219,Poorly
gemma3,B,3,60_final.mp4,222,Poorly
gemma3,B,3,60_final.mp4,225,Poorly
gemma3,B,3,60_final.mp4,228,Poorly
gemma3,B,3,60_final.mp4,231,Poorly
gemma3,B,3,60_final.mp4,234,Poorly
gemma3,B,3,60_final.mp4,237,Poorly
gemma3,B,3,60_final.mp4,240,Poorly
gemma3,B,3,60_final.mp4,243,Poorly
gemma3,B,3,60_final.mp4,246,Poorly
gemma3,B,3,60_final.mp4,249,Poorly
gemma3,B,3,60_final.mp4,252,Poorly
gemma3,B,3,60_final.mp4,255,Poorly
gemma3,B,3,60_final.mp4,258,Poorly
gemma3,B,3,60_final.mp4,261,Poorly
gemma3,B,3,60_final.mp4,264,Poorly
gemma3,B,3,60_final.mp4,267,Poorly
gemma3,B,3,6_final.mp4,0,Poorly
gemma3,B,3,6_final.mp4,3,Poorly
gemma3,B,3,6_final.mp4,6,Poorly
gemma3,B,3,6_final.mp4,9,Poorly
gemma3,B,3,6_final.mp4,12,Poorly
gemma3,B,3,6_final.mp4,15,Poorly
gemma3,B,3,6_final.mp4,18,Poorly
gemma3,B,3,6_final.mp4,21,Poorly
gemma3,B,3,6_final.mp4,24,Poorly
gemma3,B,3,6_final.mp4,27,Poorly
gemma3,B,3,6_final.mp4,30,Poorly
gemma3,B,3,6_final.mp4,33,Poorly
gemma3,B,3,6_final.mp4,36,Poorly
gemma3,B,3,6_final.mp4,39,Poorly
gemma3,B,3,6_final.mp4,42,Poorly
gemma3,B,3,6_final.mp4,45,Poorly
gemma3,B,3,6_final.mp4,48,Poorly
gemma3,B,3,6_final.mp4,51,Poorly
gemma3,B,3,6_final.mp4,54,Poorly
gemma3,B,3,6_final.mp4,57,Poorly
gemma3,B,3,6_final.mp4,60,Poorly
gemma3,B,3,6_final.mp4,63,Poorly
gemma3,B,3,6_final.mp4,66,Poorly
gemma3,B,3,6_final.mp4,69,Poorly
gemma3,B,3,6_final.mp4,72,Poorly
gemma3,B,3,6_final.mp4,75,Poorly
gemma3,B,3,6_final.mp4,78,Poorly
gemma3,B,3,6_final.mp4,81,Poorly
gemma3,B,3,6_final.mp4,84,Poorly
gemma3,B,3,6_final.mp4,87,Poorly
gemma3,B,3,6_final.mp4,90,Poorly
gemma3,B,3,6_final.mp4,93,Poorly
gemma3,B,3,6_final.mp4,96,Poorly
gemma3,B,3,6_final.mp4,99,Poorly
gemma3,B,3,6_final.mp4,102,Poorly
gemma3,B,3,6_final.mp4,105,Poorly
gemma3,B,3,6_final.mp4,108,Poorly
gemma3,B,3,6_final.mp4,111,Poorly
gemma3,B,3,6_final.mp4,114,Poorly
gemma3,B,3,6_final.mp4,117,Poorly
gemma3,B,3,6_final.mp4,120,Poorly
gemma3,B,3,6_final.mp4,123,Poorly
gemma3,B,3,6_final.mp4,126,Poorly
gemma3,B,3,6_final.mp4,129,Poorly
gemma3,B,3,6_final.mp4,132,Poorly
gemma3,B,3,6_final.mp4,135,Poorly
gemma3,B,3,6_final.mp4,138,Poorly
gemma3,B,3,6_final.mp4,141,Poorly
gemma3,B,3,6_final.mp4,144,Poorly
gemma3,B,3,6_final.mp4,147,Poorly
gemma3,B,3,6_final.mp4,150,Poorly
gemma3,B,3,6_final.mp4,153,Poorly
gemma3,B,3,6_final.mp4,156,Poorly
gemma3,B,3,6_final.mp4,159,Poorly
gemma3,B,3,6_final.mp4,162,Poorly
gemma3,B,3,6_final.mp4,165,Poorly
gemma3,B,3,6_final.mp4,168,Poorly
gemma3,B,3,6_final.mp4,171,Poorly
gemma3,B,3,6_final.mp4,174,Poorly
gemma3,B,3,6_final.mp4,177,Poorly
gemma3,B,3,6_final.mp4,180,Poorly
gemma3,B,3,6_final.mp4,183,Poorly
gemma3,B,3,7_final.mp4,0,Poorly
gemma3,B,3,7_final.mp4,3,Poorly
gemma3,B,3,7_final.mp4,6,Poorly
gemma3,B,3,7_final.mp4,9,Poorly
gemma3,B,3,7_final.mp4,12,Poorly
gemma3,B,3,7_final.mp4,15,Poorly
gemma3,B,3,7_final.mp4,18,Poorly
gemma3,B,3,7_final.mp4,21,Poorly
gemma3,B,3,7_final.mp4,24,Poorly
gemma3,B,3,7_final.mp4,27,Poorly
gemma3,B,3,7_final.mp4,30,Poorly
gemma3,B,3,7_final.mp4,33,Poorly
gemma3,B,3,7_final.mp4,36,Poorly
gemma3,B,3,7_final.mp4,39,Poorly
gemma3,B,3,7_final.mp4,42,Poorly
gemma3,B,3,7_final.mp4,45,Poorly
gemma3,B,3,7_final.mp4,48,Poorly
gemma3,B,3,7_final.mp4,51,Poorly
gemma3,B,3,7_final.mp4,54,Poorly
gemma3,B,3,7_final.mp4,57,Poorly
gemma3,B,3,7_final.mp4,60,Poorly
gemma3,B,3,7_final.mp4,63,Poorly
gemma3,B,3,7_final.mp4,66,Poorly
gemma3,B,3,7_final.mp4,69,Poorly
gemma3,B,3,7_final.mp4,72,Poorly
gemma3,B,3,7_final.mp4,75,Poorly
gemma3,B,3,7_final.mp4,78,Poorly
gemma3,B,3,7_final.mp4,81,Poorly
gemma3,B,3,7_final.mp4,84,Poorly
gemma3,B,3,7_final.mp4,87,Poorly
gemma3,B,3,7_final.mp4,90,Poorly
gemma3,B,3,7_final.mp4,93,Poorly
gemma3,B,3,7_final.mp4,96,Poorly
gemma3,B,3,7_final.mp4,99,Poorly
gemma3,B,3,7_final.mp4,102,Poorly
gemma3,B,3,7_final.mp4,105,Poorly
gemma3,B,3,7_final.mp4,108,Poorly
gemma3,B,3,7_final.mp4,111,Poorly
gemma3,B,3,7_final.mp4,114,Poorly
gemma3,B,3,7_final.mp4,117,Poorly
gemma3,B,3,7_final.mp4,120,Poorly
gemma3,B,3,7_final.mp4,123,Poorly
gemma3,B,3,7_final.mp4,126,Poorly
gemma3,B,3,7_final.mp4,129,Poorly
gemma3,B,3,7_final.mp4,132,Poorly
gemma3,B,3,7_final.mp4,135,Poorly
gemma3,B,3,7_final.mp4,138,Poorly
gemma3,B,3,7_final.mp4,141,Poorly
gemma3,B,3,7_final.mp4,144,Poorly
gemma3,B,3,7_final.mp4,147,Poorly
gemma3,B,3,7_final.mp4,150,Poorly
gemma3,B,3,7_final.mp4,153,Poorly
gemma3,B,3,7_final.mp4,156,Poorly
gemma3,B,3,7_final.mp4,159,Poorly
gemma3,B,3,7_final.mp4,162,Poorly
gemma3,B,3,7_final.mp4,165,Poorly
gemma3,B,3,7_final.mp4,168,Poorly
gemma3,B,3,7_final.mp4,171,Poorly
gemma3,B,3,7_final.mp4,174,Poorly
gemma3,B,3,7_final.mp4,177,Poorly
gemma3,B,3,7_final.mp4,180,Poorly
gemma3,B,3,7_final.mp4,183,Poorly
gemma3,B,3,7_final.mp4,186,Poorly
gemma3,B,3,7_final.mp4,189,Poorly
gemma3,B,3,7_final.mp4,192,Poorly
gemma3,B,3,7_final.mp4,195,Poorly
gemma3,B,3,7_final.mp4,198,Poorly
gemma3,B,3,7_final.mp4,201,Poorly
gemma3,B,3,7_final.mp4,204,Poorly
gemma3,B,3,7_final.mp4,207,Poorly
gemma3,B,3,7_final.mp4,210,Poorly
gemma3,B,3,7_final.mp4,213,Poorly
gemma3,B,3,7_final.mp4,216,Poorly
gemma3,B,3,7_final.mp4,219,Poorly
gemma3,B,3,7_final.mp4,222,Poorly
gemma3,B,3,7_final.mp4,225,Poorly
gemma3,B,3,7_final.mp4,228,Poorly
gemma3,B,3,7_final.mp4,231,Poorly
gemma3,B,3,7_final.mp4,234,Poorly
gemma3,B,3,7_final.mp4,237,Poorly
gemma3,B,3,7_final.mp4,240,Poorly
gemma3,B,3,7_final.mp4,243,Poorly
gemma3,B,3,9_final.mp4,0,Poorly
gemma3,B,3,9_final.mp4,3,Poorly
gemma3,B,3,9_final.mp4,6,Poorly
gemma3,B,3,9_final.mp4,9,Poorly
gemma3,B,3,9_final.mp4,12,Poorly
gemma3,B,3,9_final.mp4,15,Poorly
gemma3,B,3,9_final.mp4,18,Poorly
gemma3,B,3,9_final.mp4,21,Poorly
gemma3,B,3,9_final.mp4,24,Poorly
gemma3,B,3,9_final.mp4,27,Poorly
gemma3,B,3,9_final.mp4,30,Poorly
gemma3,B,3,9_final.mp4,33,Poorly
gemma3,B,3,9_final.mp4,36,Poorly
gemma3,B,3,9_final.mp4,39,Poorly
gemma3,B,3,9_final.mp4,42,Poorly
gemma3,B,3,9_final.mp4,45,Poorly
gemma3,B,3,9_final.mp4,48,Poorly
gemma3,B,3,9_final.mp4,51,Poorly
gemma3,B,3,9_final.mp4,54,Poorly
gemma3,B,3,9_final.mp4,57,Poorly
gemma3,B,3,9_final.mp4,60,Poorly
gemma3,B,3,9_final.mp4,63,Poorly
gemma3,B,3,9_final.mp4,66,Poorly
gemma3,B,3,9_final.mp4,69,Poorly
gemma3,B,3,9_final.mp4,72,Poorly
gemma3,B,3,9_final.mp4,75,Poorly
gemma3,B,3,9_final.mp4,78,Poorly
gemma3,B,3,9_final.mp4,81,Poorly
gemma3,B,3,9_final.mp4,84,Poorly
gemma3,B,3,9_final.mp4,87,Poorly
gemma3,B,3,9_final.mp4,90,Poorly
gemma3,B,3,9_final.mp4,93,Poorly
gemma3,B,3,9_final.mp4,96,Poorly
gemma3,B,3,9_final.mp4,99,Poorly
gemma3,B,3,9_final.mp4,102,Poorly
gemma3,B,3,9_final.mp4,105,Poorly
gemma3,B,3,9_final.mp4,108,Poorly
gemma3,B,3,9_final.mp4,111,Poorly
gemma3,B,3,9_final.mp4,114,Poorly
gemma3,B,3,9_final.mp4,117,Poorly
gemma3,B,3,9_final.mp4,120,Poorly
gemma3,B,3,9_final.mp4,123,Poorly
gemma3,B,3,9_final.mp4,126,Poorly
gemma3,B,3,9_final.mp4,129,Poorly
gemma3,B,3,9_final.mp4,132,Poorly
gemma3,B,3,9_final.mp4,135,Poorly
gemma3,B,3,9_final.mp4,138,Poorly
gemma3,B,3,9_final.mp4,141,Poorly
gemma3,B,3,9_final.mp4,144,Poorly
gemma3,B,3,9_final.mp4,147,Poorly
gemma3,B,3,9_final.mp4,150,Poorly
gemma3,B,3,9_final.mp4,153,Poorly
gemma3,B,3,9_final.mp4,156,Poorly
gemma3,B,3,9_final.mp4,159,Poorly
gemma3,B,3,9_final.mp4,162,Poorly
gemma3,B,3,9_final.mp4,165,Poorly
gemma3,B,3,9_final.mp4,168,Poorly
gemma3,B,3,9_final.mp4,171,Poorly
gemma3,B,3,9_final.mp4,174,Poorly
gemma3,B,3,9_final.mp4,177,Poorly
gemma3,B,3,9_final.mp4,180,Poorly
gemma3,B,3,9_final.mp4,183,Poorly
gemma3,B,3,9_final.mp4,186,Poorly
gemma3,B,3,9_final.mp4,189,Poorly
gemma3,B,3,9_final.mp4,192,Poorly
gemma3,B,3,9_final.mp4,195,Poorly
gemma3,B,3,9_final.mp4,198,Poorly
gemma3,B,3,9_final.mp4,201,Poorly
gemma3,B,3,9_final.mp4,204,Poorly
gemma3,B,3,9_final.mp4,207,Poorly
gemma3,B,3,9_final.mp4,210,Poorly
gemma3,B,3,9_final.mp4,213,Poorly
gemma3,B,3,9_final.mp4,216,Poorly
gemma3,B,3,9_final.mp4,219,Poorly
gemma3,B,3,9_final.mp4,222,Poorly
gemma3,B,3,9_final.mp4,225,Poorly
gemma3,B,3,9_final.mp4,228,Poorly
gemma3,B,3,9_final.mp4,231,Poorly
gemma3,B,3,9_final.mp4,234,Poorly
gemma3,B,3,9_final.mp4,237,Poorly
gemma3,B,3,9_final.mp4,240,Poorly
gemma3,B,3,9_final.mp4,243,Poorly
gemma3,B,3,9_final.mp4,246,Poorly
gemma3,B,3,9_final.mp4,249,Poorly
gemma3,B,3,9_final.mp4,252,Poorly
gemma3,B,3,9_final.mp4,255,Poorly
gemma3,B,3,9_final.mp4,258,Poorly
gemma3,B,3,9_final.mp4,261,Poorly
gemma3,B,3,9_final.mp4,264,Poorly
gemma3,B,3,9_final.mp4,267,Poorly
gemma3,B,3,9_final.mp4,270,Poorly
gemma3,B,3,9_final.mp4,273,Poorly
gemma3,B,3,9_final.mp4,276,Poorly
gemma3,B,3,9_final.mp4,279,Poorly
gemma3,B,3,9_final.mp4,282,Poorly
gemma3,B,3,9_final.mp4,285,Poorly
gemma3,B,3,9_final.mp4,288,Poorly
gemma3,B,3,9_final.mp4,291,Poorly
gemma3,B,3,9_final.mp4,294,Poorly
llavallama3,A,3,11_final.mp4,0,Poorly
llavallama3,A,3,11_final.mp4,3,Well
llavallama3,A,3,11_final.mp4,6,Well
llavallama3,A,3,11_final.mp4,9,Well
llavallama3,A,3,11_final.mp4,12,Well
llavallama3,A,3,11_final.mp4,15,Poorly
llavallama3,A,3,11_final.mp4,18,Well
llavallama3,A,3,11_final.mp4,21,Poorly
llavallama3,A,3,11_final.mp4,24,Well
llavallama3,A,3,11_final.mp4,27,Well
llavallama3,A,3,11_final.mp4,30,Well
llavallama3,A,3,11_final.mp4,33,Well
llavallama3,A,3,11_final.mp4,36,Poorly
llavallama3,A,3,11_final.mp4,39,Well
llavallama3,A,3,11_final.mp4,42,Poorly
llavallama3,A,3,11_final.mp4,45,Poorly
llavallama3,A,3,11_final.mp4,48,Well
llavallama3,A,3,11_final.mp4,51,Poorly
llavallama3,A,3,11_final.mp4,54,Well
llavallama3,A,3,11_final.mp4,57,Poorly
llavallama3,A,3,11_final.mp4,60,Well
llavallama3,A,3,11_final.mp4,63,Well
llavallama3,A,3,11_final.mp4,66,Well
llavallama3,A,3,11_final.mp4,69,Well
llavallama3,A,3,11_final.mp4,72,Well
llavallama3,A,3,11_final.mp4,75,Well
llavallama3,A,3,11_final.mp4,78,Well
llavallama3,A,3,11_final.mp4,81,Well
llavallama3,A,3,11_final.mp4,84,Well
llavallama3,A,3,11_final.mp4,87,Well
llavallama3,A,3,11_final.mp4,90,Well
llavallama3,A,3,11_final.mp4,93,Well
llavallama3,A,3,11_final.mp4,96,Well
llavallama3,A,3,11_final.mp4,99,Well
llavallama3,A,3,11_final.mp4,102,Well
llavallama3,A,3,11_final.mp4,105,Well
llavallama3,A,3,11_final.mp4,108,Well
llavallama3,A,3,11_final.mp4,111,Well
llavallama3,A,3,11_final.mp4,114,Poorly
llavallama3,A,3,11_final.mp4,117,Well
llavallama3,A,3,11_final.mp4,120,Well
llavallama3,A,3,11_final.mp4,123,Well
llavallama3,A,3,11_final.mp4,126,Well
llavallama3,A,3,11_final.mp4,129,Well
llavallama3,A,3,11_final.mp4,132,Well
llavallama3,A,3,11_final.mp4,135,Well
llavallama3,A,3,11_final.mp4,138,Well
llavallama3,A,3,11_final.mp4,141,Well
llavallama3,A,3,11_final.mp4,144,Well
llavallama3,A,3,11_final.mp4,147,Well
llavallama3,A,3,11_final.mp4,150,Well
llavallama3,A,3,11_final.mp4,153,Well
llavallama3,A,3,11_final.mp4,156,Well
llavallama3,A,3,11_final.mp4,159,Poorly
llavallama3,A,3,11_final.mp4,162,Well
llavallama3,A,3,11_final.mp4,165,Well
llavallama3,A,3,11_final.mp4,168,Well
llavallama3,A,3,11_final.mp4,171,Well
llavallama3,A,3,11_final.mp4,174,Well
llavallama3,A,3,11_final.mp4,177,Well
llavallama3,A,3,11_final.mp4,180,Well
llavallama3,A,3,11_final.mp4,183,Poorly
llavallama3,A,3,11_final.mp4,186,Well
llavallama3,A,3,11_final.mp4,189,Well
llavallama3,A,3,11_final.mp4,192,Poorly
llavallama3,A,3,11_final.mp4,195,Poorly
llavallama3,A,3,11_final.mp4,198,Poorly
llavallama3,A,3,11_final.mp4,201,Well
llavallama3,A,3,11_final.mp4,204,Poorly
llavallama3,A,3,11_final.mp4,207,Well
llavallama3,A,3,11_final.mp4,210,Well
llavallama3,A,3,11_final.mp4,213,Well
llavallama3,A,3,11_final.mp4,216,Poorly
llavallama3,A,3,11_final.mp4,219,Poorly
llavallama3,A,3,11_final.mp4,222,Well
llavallama3,A,3,11_final.mp4,225,Well
llavallama3,A,3,11_final.mp4,228,Poorly
llavallama3,A,3,11_final.mp4,231,Well
llavallama3,A,3,11_final.mp4,234,Well
llavallama3,A,3,11_final.mp4,237,Well
llavallama3,A,3,11_final.mp4,240,Poorly
llavallama3,A,3,11_final.mp4,243,Poorly
llavallama3,A,3,11_final.mp4,246,Well
llavallama3,A,3,11_final.mp4,249,Well
llavallama3,A,3,11_final.mp4,252,Well
llavallama3,A,3,11_final.mp4,255,Well
llavallama3,A,3,11_final.mp4,258,Well
llavallama3,A,3,11_final.mp4,261,Well
llavallama3,A,3,11_final.mp4,264,Well
llavallama3,A,3,11_final.mp4,267,Well
llavallama3,A,3,11_final.mp4,270,Well
llavallama3,A,3,11_final.mp4,273,Well
llavallama3,A,3,11_final.mp4,276,Well
llavallama3,A,3,11_final.mp4,279,Well
llavallama3,A,3,11_final.mp4,282,Well
llavallama3,A,3,11_final.mp4,285,Well
llavallama3,A,3,11_final.mp4,288,Poorly
llavallama3,A,3,11_final.mp4,291,Well
llavallama3,A,3,11_final.mp4,294,Poorly
llavallama3,A,3,11_final.mp4,297,Well
llavallama3,A,3,11_final.mp4,300,Poorly
llavallama3,A,3,11_final.mp4,303,Well
llavallama3,A,3,11_final.mp4,306,Well
llavallama3,A,3,11_final.mp4,309,Well
llavallama3,A,3,11_final.mp4,312,Well
llavallama3,A,3,11_final.mp4,315,Well
llavallama3,A,3,11_final.mp4,318,Poorly
llavallama3,A,3,11_final.mp4,321,Well
llavallama3,A,3,11_final.mp4,324,Well
llavallama3,A,3,11_final.mp4,327,Well
llavallama3,A,3,11_final.mp4,330,Well
llavallama3,A,3,11_final.mp4,333,Well
llavallama3,A,3,11_final.mp4,336,Well
llavallama3,A,3,11_final.mp4,339,Well
llavallama3,A,3,11_final.mp4,342,Well
llavallama3,A,3,11_final.mp4,345,Poorly
llavallama3,A,3,11_final.mp4,348,Poorly
llavallama3,A,3,11_final.mp4,351,Well
llavallama3,A,3,11_final.mp4,354,Poorly
llavallama3,A,3,11_final.mp4,357,Well
llavallama3,A,3,11_final.mp4,360,Well
llavallama3,A,3,11_final.mp4,363,Well
llavallama3,A,3,11_final.mp4,366,Well
llavallama3,A,3,11_final.mp4,369,Well
llavallama3,A,3,11_final.mp4,372,Poorly
llavallama3,A,3,11_final.mp4,375,Well
llavallama3,A,3,11_final.mp4,378,Poorly
llavallama3,A,3,11_final.mp4,381,Well
llavallama3,A,3,11_final.mp4,384,Well
llavallama3,A,3,11_final.mp4,387,Poorly
llavallama3,A,3,11_final.mp4,390,Poorly
llavallama3,A,3,11_final.mp4,393,Well
llavallama3,A,3,11_final.mp4,396,Well
llavallama3,A,3,11_final.mp4,399,Well
llavallama3,A,3,11_final.mp4,402,Well
llavallama3,A,3,11_final.mp4,405,Well
llavallama3,A,3,11_final.mp4,408,Well
llavallama3,A,3,11_final.mp4,411,Well
llavallama3,A,3,11_final.mp4,414,Poorly
llavallama3,A,3,11_final.mp4,417,Well
llavallama3,A,3,11_final.mp4,420,Well
llavallama3,A,3,11_final.mp4,423,Well
llavallama3,A,3,12_final.mp4,0,Poorly
llavallama3,A,3,12_final.mp4,3,Poorly
llavallama3,A,3,12_final.mp4,6,Well
llavallama3,A,3,12_final.mp4,9,Poorly
llavallama3,A,3,12_final.mp4,12,Poorly
llavallama3,A,3,12_final.mp4,15,Well
llavallama3,A,3,12_final.mp4,18,Poorly
llavallama3,A,3,12_final.mp4,21,Poorly
llavallama3,A,3,12_final.mp4,24,Well
llavallama3,A,3,12_final.mp4,27,Poorly
llavallama3,A,3,12_final.mp4,30,Poorly
llavallama3,A,3,12_final.mp4,33,Poorly
llavallama3,A,3,12_final.mp4,36,Well
llavallama3,A,3,12_final.mp4,39,Poorly
llavallama3,A,3,12_final.mp4,42,Poorly
llavallama3,A,3,12_final.mp4,45,Poorly
llavallama3,A,3,12_final.mp4,48,Poorly
llavallama3,A,3,12_final.mp4,51,Poorly
llavallama3,A,3,12_final.mp4,54,Poorly
llavallama3,A,3,12_final.mp4,57,Well
llavallama3,A,3,12_final.mp4,60,Poorly
llavallama3,A,3,12_final.mp4,63,Poorly
llavallama3,A,3,12_final.mp4,66,Poorly
llavallama3,A,3,12_final.mp4,69,Poorly
llavallama3,A,3,12_final.mp4,72,Well
llavallama3,A,3,12_final.mp4,75,Poorly
llavallama3,A,3,12_final.mp4,78,Poorly
llavallama3,A,3,12_final.mp4,81,Well
llavallama3,A,3,12_final.mp4,84,Poorly
llavallama3,A,3,12_final.mp4,87,Poorly
llavallama3,A,3,12_final.mp4,90,Poorly
llavallama3,A,3,12_final.mp4,93,Poorly
llavallama3,A,3,12_final.mp4,96,Poorly
llavallama3,A,3,12_final.mp4,99,Well
llavallama3,A,3,12_final.mp4,102,Well
llavallama3,A,3,12_final.mp4,105,Poorly
llavallama3,A,3,12_final.mp4,108,Poorly
llavallama3,A,3,12_final.mp4,111,Well
llavallama3,A,3,12_final.mp4,114,Poorly
llavallama3,A,3,12_final.mp4,117,Well
llavallama3,A,3,12_final.mp4,120,Poorly
llavallama3,A,3,12_final.mp4,123,Poorly
llavallama3,A,3,12_final.mp4,126,Well
llavallama3,A,3,12_final.mp4,129,Well
llavallama3,A,3,12_final.mp4,132,Well
llavallama3,A,3,12_final.mp4,135,Well
llavallama3,A,3,12_final.mp4,138,Well
llavallama3,A,3,12_final.mp4,141,Well
llavallama3,A,3,12_final.mp4,144,Well
llavallama3,A,3,12_final.mp4,147,Poorly
llavallama3,A,3,12_final.mp4,150,Well
llavallama3,A,3,12_final.mp4,153,Poorly
llavallama3,A,3,12_final.mp4,156,Well
llavallama3,A,3,12_final.mp4,159,Poorly
llavallama3,A,3,12_final.mp4,162,Well
llavallama3,A,3,12_final.mp4,165,Well
llavallama3,A,3,12_final.mp4,168,Poorly
llavallama3,A,3,12_final.mp4,171,Well
llavallama3,A,3,12_final.mp4,174,Well
llavallama3,A,3,12_final.mp4,177,Well
llavallama3,A,3,12_final.mp4,180,Poorly
llavallama3,A,3,12_final.mp4,183,Well
llavallama3,A,3,12_final.mp4,186,Poorly
llavallama3,A,3,12_final.mp4,189,Well
llavallama3,A,3,12_final.mp4,192,Well
llavallama3,A,3,12_final.mp4,195,Poorly
llavallama3,A,3,12_final.mp4,198,Poorly
llavallama3,A,3,12_final.mp4,201,Well
llavallama3,A,3,12_final.mp4,204,Poorly
llavallama3,A,3,12_final.mp4,207,Well
llavallama3,A,3,12_final.mp4,210,Poorly
llavallama3,A,3,12_final.mp4,213,Poorly
llavallama3,A,3,12_final.mp4,216,Well
llavallama3,A,3,14_final.mp4,0,Well
llavallama3,A,3,14_final.mp4,3,Well
llavallama3,A,3,14_final.mp4,6,Well
llavallama3,A,3,14_final.mp4,9,Well
llavallama3,A,3,14_final.mp4,12,Well
llavallama3,A,3,14_final.mp4,15,Well
llavallama3,A,3,14_final.mp4,18,Well
llavallama3,A,3,14_final.mp4,21,Well
llavallama3,A,3,14_final.mp4,24,Well
llavallama3,A,3,14_final.mp4,27,Well
llavallama3,A,3,14_final.mp4,30,Well
llavallama3,A,3,14_final.mp4,33,Well
llavallama3,A,3,14_final.mp4,36,Well
llavallama3,A,3,14_final.mp4,39,Well
llavallama3,A,3,14_final.mp4,42,Well
llavallama3,A,3,14_final.mp4,45,Well
llavallama3,A,3,14_final.mp4,48,Well
llavallama3,A,3,14_final.mp4,51,Well
llavallama3,A,3,14_final.mp4,54,Well
llavallama3,A,3,14_final.mp4,57,Well
llavallama3,A,3,14_final.mp4,60,Well
llavallama3,A,3,14_final.mp4,63,Well
llavallama3,A,3,14_final.mp4,66,Well
llavallama3,A,3,14_final.mp4,69,Well
llavallama3,A,3,14_final.mp4,72,Well
llavallama3,A,3,14_final.mp4,75,Well
llavallama3,A,3,14_final.mp4,78,Poorly
llavallama3,A,3,14_final.mp4,81,Poorly
llavallama3,A,3,14_final.mp4,84,Poorly
llavallama3,A,3,14_final.mp4,87,Well
llavallama3,A,3,14_final.mp4,90,Well
llavallama3,A,3,14_final.mp4,93,Well
llavallama3,A,3,14_final.mp4,96,Well
llavallama3,A,3,14_final.mp4,99,Well
llavallama3,A,3,14_final.mp4,102,Well
llavallama3,A,3,14_final.mp4,105,Well
llavallama3,A,3,14_final.mp4,108,Well
llavallama3,A,3,14_final.mp4,111,Well
llavallama3,A,3,14_final.mp4,114,Well
llavallama3,A,3,14_final.mp4,117,Well
llavallama3,A,3,14_final.mp4,120,Well
llavallama3,A,3,14_final.mp4,123,Well
llavallama3,A,3,14_final.mp4,126,Poorly
llavallama3,A,3,14_final.mp4,129,Well
llavallama3,A,3,14_final.mp4,132,Well
llavallama3,A,3,14_final.mp4,135,Well
llavallama3,A,3,14_final.mp4,138,Well
llavallama3,A,3,14_final.mp4,141,Well
llavallama3,A,3,14_final.mp4,144,Well
llavallama3,A,3,14_final.mp4,147,Well
llavallama3,A,3,14_final.mp4,150,Well
llavallama3,A,3,14_final.mp4,153,Well
llavallama3,A,3,14_final.mp4,156,Well
llavallama3,A,3,14_final.mp4,159,Well
llavallama3,A,3,14_final.mp4,162,Well
llavallama3,A,3,14_final.mp4,165,Well
llavallama3,A,3,14_final.mp4,168,Well
llavallama3,A,3,14_final.mp4,171,Well
llavallama3,A,3,14_final.mp4,174,Well
llavallama3,A,3,14_final.mp4,177,Well
llavallama3,A,3,14_final.mp4,180,Well
llavallama3,A,3,14_final.mp4,183,Well
llavallama3,A,3,14_final.mp4,186,Well
llavallama3,A,3,14_final.mp4,189,Well
llavallama3,A,3,14_final.mp4,192,Well
llavallama3,A,3,14_final.mp4,195,Well
llavallama3,A,3,14_final.mp4,198,Well
llavallama3,A,3,14_final.mp4,201,Well
llavallama3,A,3,14_final.mp4,204,Well
llavallama3,A,3,14_final.mp4,207,Well
llavallama3,A,3,14_final.mp4,210,Well
llavallama3,A,3,14_final.mp4,213,Well
llavallama3,A,3,14_final.mp4,216,Well
llavallama3,A,3,14_final.mp4,219,Well
llavallama3,A,3,14_final.mp4,222,Well
llavallama3,A,3,14_final.mp4,225,Well
llavallama3,A,3,14_final.mp4,228,Well
llavallama3,A,3,14_final.mp4,231,Well
llavallama3,A,3,14_final.mp4,234,Well
llavallama3,A,3,14_final.mp4,237,Well
llavallama3,A,3,14_final.mp4,240,Well
llavallama3,A,3,14_final.mp4,243,Well
llavallama3,A,3,14_final.mp4,246,Well
llavallama3,A,3,14_final.mp4,249,Well
llavallama3,A,3,14_final.mp4,252,Well
llavallama3,A,3,14_final.mp4,255,Well
llavallama3,A,3,14_final.mp4,258,Well
llavallama3,A,3,14_final.mp4,261,Well
llavallama3,A,3,14_final.mp4,264,Well
llavallama3,A,3,14_final.mp4,267,Well
llavallama3,A,3,14_final.mp4,270,Poorly
llavallama3,A,3,14_final.mp4,273,Well
llavallama3,A,3,14_final.mp4,276,Well
llavallama3,A,3,14_final.mp4,279,Poorly
llavallama3,A,3,14_final.mp4,282,Poorly
llavallama3,A,3,14_final.mp4,285,Well
llavallama3,A,3,14_final.mp4,288,Well
llavallama3,A,3,14_final.mp4,291,Poorly
llavallama3,A,3,14_final.mp4,294,Well
llavallama3,A,3,14_final.mp4,297,Well
llavallama3,A,3,14_final.mp4,300,Well
llavallama3,A,3,14_final.mp4,303,Well
llavallama3,A,3,14_final.mp4,306,Well
llavallama3,A,3,14_final.mp4,309,Poorly
llavallama3,A,3,14_final.mp4,312,Well
llavallama3,A,3,14_final.mp4,315,Well
llavallama3,A,3,14_final.mp4,318,Poorly
llavallama3,A,3,14_final.mp4,321,Well
llavallama3,A,3,14_final.mp4,324,Poorly
llavallama3,A,3,14_final.mp4,327,Well
llavallama3,A,3,14_final.mp4,330,Well
llavallama3,A,3,14_final.mp4,333,Well
llavallama3,A,3,14_final.mp4,336,Poorly
llavallama3,A,3,14_final.mp4,339,Well
llavallama3,A,3,14_final.mp4,342,Well
llavallama3,A,3,14_final.mp4,345,Well
llavallama3,A,3,14_final.mp4,348,Well
llavallama3,A,3,14_final.mp4,351,Poorly
llavallama3,A,3,14_final.mp4,354,Well
llavallama3,A,3,14_final.mp4,357,Poorly
llavallama3,A,3,14_final.mp4,360,Poorly
llavallama3,A,3,14_final.mp4,363,Well
llavallama3,A,3,14_final.mp4,366,Poorly
llavallama3,A,3,14_final.mp4,369,Well
llavallama3,A,3,14_final.mp4,372,Well
llavallama3,A,3,14_final.mp4,375,Well
llavallama3,A,3,14_final.mp4,378,Poorly
llavallama3,A,3,14_final.mp4,381,Well
llavallama3,A,3,14_final.mp4,384,Well
llavallama3,A,3,14_final.mp4,387,Well
llavallama3,A,3,15_final.mp4,0,Well
llavallama3,A,3,15_final.mp4,3,Poorly
llavallama3,A,3,15_final.mp4,6,Well
llavallama3,A,3,15_final.mp4,9,Poorly
llavallama3,A,3,15_final.mp4,12,Well
llavallama3,A,3,15_final.mp4,15,Well
llavallama3,A,3,15_final.mp4,18,Poorly
llavallama3,A,3,15_final.mp4,21,Well
llavallama3,A,3,15_final.mp4,24,Poorly
llavallama3,A,3,15_final.mp4,27,Well
llavallama3,A,3,15_final.mp4,30,Well
llavallama3,A,3,15_final.mp4,33,Well
llavallama3,A,3,15_final.mp4,36,Well
llavallama3,A,3,15_final.mp4,39,Well
llavallama3,A,3,15_final.mp4,42,Well
llavallama3,A,3,15_final.mp4,45,Well
llavallama3,A,3,15_final.mp4,48,Well
llavallama3,A,3,15_final.mp4,51,Well
llavallama3,A,3,15_final.mp4,54,Poorly
llavallama3,A,3,15_final.mp4,57,Well
llavallama3,A,3,15_final.mp4,60,Well
llavallama3,A,3,15_final.mp4,63,Well
llavallama3,A,3,15_final.mp4,66,Well
llavallama3,A,3,15_final.mp4,69,Poorly
llavallama3,A,3,15_final.mp4,72,Well
llavallama3,A,3,15_final.mp4,75,Well
llavallama3,A,3,15_final.mp4,78,Well
llavallama3,A,3,15_final.mp4,81,Well
llavallama3,A,3,15_final.mp4,84,Well
llavallama3,A,3,15_final.mp4,87,Well
llavallama3,A,3,15_final.mp4,90,Well
llavallama3,A,3,15_final.mp4,93,Well
llavallama3,A,3,15_final.mp4,96,Well
llavallama3,A,3,15_final.mp4,99,Well
llavallama3,A,3,15_final.mp4,102,Poorly
llavallama3,A,3,15_final.mp4,105,Well
llavallama3,A,3,15_final.mp4,108,Well
llavallama3,A,3,15_final.mp4,111,Well
llavallama3,A,3,15_final.mp4,114,Poorly
llavallama3,A,3,15_final.mp4,117,Poorly
llavallama3,A,3,15_final.mp4,120,Well
llavallama3,A,3,15_final.mp4,123,Poorly
llavallama3,A,3,15_final.mp4,126,Well
llavallama3,A,3,15_final.mp4,129,Well
llavallama3,A,3,15_final.mp4,132,Well
llavallama3,A,3,15_final.mp4,135,Well
llavallama3,A,3,15_final.mp4,138,Well
llavallama3,A,3,15_final.mp4,141,Well
llavallama3,A,3,15_final.mp4,144,Well
llavallama3,A,3,15_final.mp4,147,Well
llavallama3,A,3,15_final.mp4,150,Well
llavallama3,A,3,15_final.mp4,153,Well
llavallama3,A,3,15_final.mp4,156,Well
llavallama3,A,3,15_final.mp4,159,Well
llavallama3,A,3,15_final.mp4,162,Well
llavallama3,A,3,15_final.mp4,165,Well
llavallama3,A,3,15_final.mp4,168,Well
llavallama3,A,3,15_final.mp4,171,Well
llavallama3,A,3,15_final.mp4,174,Well
llavallama3,A,3,15_final.mp4,177,Well
llavallama3,A,3,15_final.mp4,180,Well
llavallama3,A,3,15_final.mp4,183,Well
llavallama3,A,3,15_final.mp4,186,Well
llavallama3,A,3,15_final.mp4,189,Well
llavallama3,A,3,15_final.mp4,192,Well
llavallama3,A,3,15_final.mp4,195,Well
llavallama3,A,3,15_final.mp4,198,Well
llavallama3,A,3,15_final.mp4,201,Well
llavallama3,A,3,15_final.mp4,204,Well
llavallama3,A,3,15_final.mp4,207,Well
llavallama3,A,3,15_final.mp4,210,Well
llavallama3,A,3,15_final.mp4,213,Well
llavallama3,A,3,15_final.mp4,216,Well
llavallama3,A,3,19_final.mp4,0,Well
llavallama3,A,3,19_final.mp4,3,Well
llavallama3,A,3,19_final.mp4,6,Well
llavallama3,A,3,19_final.mp4,9,Well
llavallama3,A,3,19_final.mp4,12,Well
llavallama3,A,3,19_final.mp4,15,Well
llavallama3,A,3,19_final.mp4,18,Well
llavallama3,A,3,19_final.mp4,21,Well
llavallama3,A,3,19_final.mp4,24,Well
llavallama3,A,3,19_final.mp4,27,Poorly
llavallama3,A,3,19_final.mp4,30,Poorly
llavallama3,A,3,19_final.mp4,33,Well
llavallama3,A,3,19_final.mp4,36,Well
llavallama3,A,3,19_final.mp4,39,Well
llavallama3,A,3,19_final.mp4,42,Well
llavallama3,A,3,19_final.mp4,45,Well
llavallama3,A,3,19_final.mp4,48,Well
llavallama3,A,3,19_final.mp4,51,Well
llavallama3,A,3,19_final.mp4,54,Well
llavallama3,A,3,19_final.mp4,57,Well
llavallama3,A,3,19_final.mp4,60,Well
llavallama3,A,3,19_final.mp4,63,Well
llavallama3,A,3,19_final.mp4,66,Well
llavallama3,A,3,19_final.mp4,69,Well
llavallama3,A,3,19_final.mp4,72,Well
llavallama3,A,3,19_final.mp4,75,Well
llavallama3,A,3,19_final.mp4,78,Well
llavallama3,A,3,19_final.mp4,81,Well
llavallama3,A,3,19_final.mp4,84,Well
llavallama3,A,3,19_final.mp4,87,Well
llavallama3,A,3,19_final.mp4,90,Well
llavallama3,A,3,19_final.mp4,93,Well
llavallama3,A,3,19_final.mp4,96,Well
llavallama3,A,3,19_final.mp4,99,Well
llavallama3,A,3,19_final.mp4,102,Well
llavallama3,A,3,19_final.mp4,105,Well
llavallama3,A,3,19_final.mp4,108,Well
llavallama3,A,3,19_final.mp4,111,Well
llavallama3,A,3,19_final.mp4,114,Well
llavallama3,A,3,19_final.mp4,117,Well
llavallama3,A,3,19_final.mp4,120,Well
llavallama3,A,3,19_final.mp4,123,Well
llavallama3,A,3,19_final.mp4,126,Well
llavallama3,A,3,19_final.mp4,129,Well
llavallama3,A,3,19_final.mp4,132,Well
llavallama3,A,3,19_final.mp4,135,Well
llavallama3,A,3,19_final.mp4,138,Well
llavallama3,A,3,19_final.mp4,141,Well
llavallama3,A,3,19_final.mp4,144,Well
llavallama3,A,3,19_final.mp4,147,Well
llavallama3,A,3,19_final.mp4,150,Well
llavallama3,A,3,19_final.mp4,153,Well
llavallama3,A,3,19_final.mp4,156,Poorly
llavallama3,A,3,19_final.mp4,159,Well
llavallama3,A,3,19_final.mp4,162,Well
llavallama3,A,3,19_final.mp4,165,Poorly
llavallama3,A,3,19_final.mp4,168,Well
llavallama3,A,3,19_final.mp4,171,Poorly
llavallama3,A,3,19_final.mp4,174,Well
llavallama3,A,3,19_final.mp4,177,Well
llavallama3,A,3,19_final.mp4,180,Well
llavallama3,A,3,19_final.mp4,183,Well
llavallama3,A,3,19_final.mp4,186,Well
llavallama3,A,3,19_final.mp4,189,Well
llavallama3,A,3,19_final.mp4,192,Well
llavallama3,A,3,19_final.mp4,195,Well
llavallama3,A,3,19_final.mp4,198,Poorly
llavallama3,A,3,19_final.mp4,201,Well
llavallama3,A,3,19_final.mp4,204,Well
llavallama3,A,3,19_final.mp4,207,Well
llavallama3,A,3,19_final.mp4,210,Well
llavallama3,A,3,19_final.mp4,213,Well
llavallama3,A,3,19_final.mp4,216,Well
llavallama3,A,3,19_final.mp4,219,Well
llavallama3,A,3,19_final.mp4,222,Well
llavallama3,A,3,19_final.mp4,225,Well
llavallama3,A,3,19_final.mp4,228,Poorly
llavallama3,A,3,19_final.mp4,231,Well
llavallama3,A,3,19_final.mp4,234,Well
llavallama3,A,3,19_final.mp4,237,Well
llavallama3,A,3,19_final.mp4,240,Well
llavallama3,A,3,19_final.mp4,243,Well
llavallama3,A,3,19_final.mp4,246,Well
llavallama3,A,3,19_final.mp4,249,Well
llavallama3,A,3,19_final.mp4,252,Well
llavallama3,A,3,19_final.mp4,255,Well
llavallama3,A,3,19_final.mp4,258,Well
llavallama3,A,3,19_final.mp4,261,Well
llavallama3,A,3,19_final.mp4,264,Well
llavallama3,A,3,19_final.mp4,267,Well
llavallama3,A,3,21_final.mp4,0,Well
llavallama3,A,3,21_final.mp4,3,Well
llavallama3,A,3,21_final.mp4,6,Well
llavallama3,A,3,21_final.mp4,9,Well
llavallama3,A,3,21_final.mp4,12,Well
llavallama3,A,3,21_final.mp4,15,Well
llavallama3,A,3,21_final.mp4,18,Well
llavallama3,A,3,21_final.mp4,21,Well
llavallama3,A,3,21_final.mp4,24,Well
llavallama3,A,3,21_final.mp4,27,Well
llavallama3,A,3,21_final.mp4,30,Well
llavallama3,A,3,21_final.mp4,33,Well
llavallama3,A,3,21_final.mp4,36,Well
llavallama3,A,3,21_final.mp4,39,Well
llavallama3,A,3,21_final.mp4,42,Well
llavallama3,A,3,21_final.mp4,45,Well
llavallama3,A,3,21_final.mp4,48,Well
llavallama3,A,3,21_final.mp4,51,Well
llavallama3,A,3,21_final.mp4,54,Well
llavallama3,A,3,21_final.mp4,57,Well
llavallama3,A,3,21_final.mp4,60,Well
llavallama3,A,3,21_final.mp4,63,Well
llavallama3,A,3,21_final.mp4,66,Well
llavallama3,A,3,21_final.mp4,69,Well
llavallama3,A,3,21_final.mp4,72,Well
llavallama3,A,3,21_final.mp4,75,Well
llavallama3,A,3,21_final.mp4,78,Well
llavallama3,A,3,21_final.mp4,81,Well
llavallama3,A,3,21_final.mp4,84,Well
llavallama3,A,3,21_final.mp4,87,Well
llavallama3,A,3,21_final.mp4,90,Well
llavallama3,A,3,21_final.mp4,93,Well
llavallama3,A,3,21_final.mp4,96,Well
llavallama3,A,3,21_final.mp4,99,Well
llavallama3,A,3,21_final.mp4,102,Well
llavallama3,A,3,21_final.mp4,105,Well
llavallama3,A,3,21_final.mp4,108,Well
llavallama3,A,3,21_final.mp4,111,Well
llavallama3,A,3,21_final.mp4,114,Well
llavallama3,A,3,21_final.mp4,117,Well
llavallama3,A,3,21_final.mp4,120,Well
llavallama3,A,3,21_final.mp4,123,Well
llavallama3,A,3,21_final.mp4,126,Well
llavallama3,A,3,21_final.mp4,129,Well
llavallama3,A,3,21_final.mp4,132,Well
llavallama3,A,3,21_final.mp4,135,Well
llavallama3,A,3,21_final.mp4,138,Well
llavallama3,A,3,21_final.mp4,141,Well
llavallama3,A,3,21_final.mp4,144,Well
llavallama3,A,3,21_final.mp4,147,Well
llavallama3,A,3,21_final.mp4,150,Well
llavallama3,A,3,21_final.mp4,153,Well
llavallama3,A,3,21_final.mp4,156,Well
llavallama3,A,3,21_final.mp4,159,Well
llavallama3,A,3,21_final.mp4,162,Well
llavallama3,A,3,21_final.mp4,165,Well
llavallama3,A,3,21_final.mp4,168,Well
llavallama3,A,3,21_final.mp4,171,Well
llavallama3,A,3,21_final.mp4,174,Well
llavallama3,A,3,21_final.mp4,177,Well
llavallama3,A,3,21_final.mp4,180,Poorly
llavallama3,A,3,21_final.mp4,183,Well
llavallama3,A,3,21_final.mp4,186,Well
llavallama3,A,3,21_final.mp4,189,Well
llavallama3,A,3,21_final.mp4,192,Well
llavallama3,A,3,21_final.mp4,195,Well
llavallama3,A,3,21_final.mp4,198,Well
llavallama3,A,3,21_final.mp4,201,Well
llavallama3,A,3,21_final.mp4,204,Well
llavallama3,A,3,21_final.mp4,207,Well
llavallama3,A,3,21_final.mp4,210,Well
llavallama3,A,3,21_final.mp4,213,Well
llavallama3,A,3,21_final.mp4,216,Well
llavallama3,A,3,21_final.mp4,219,Well
llavallama3,A,3,21_final.mp4,222,Well
llavallama3,A,3,21_final.mp4,225,Well
llavallama3,A,3,21_final.mp4,228,Well
llavallama3,A,3,21_final.mp4,231,Well
llavallama3,A,3,21_final.mp4,234,Well
llavallama3,A,3,21_final.mp4,237,Well
llavallama3,A,3,21_final.mp4,240,Well
llavallama3,A,3,21_final.mp4,243,Well
llavallama3,A,3,21_final.mp4,246,Well
llavallama3,A,3,21_final.mp4,249,Well
llavallama3,A,3,21_final.mp4,252,Well
llavallama3,A,3,21_final.mp4,255,Well
llavallama3,A,3,21_final.mp4,258,Well
llavallama3,A,3,21_final.mp4,261,Well
llavallama3,A,3,21_final.mp4,264,Well
llavallama3,A,3,21_final.mp4,267,Well
llavallama3,A,3,21_final.mp4,270,Well
llavallama3,A,3,21_final.mp4,273,Well
llavallama3,A,3,21_final.mp4,276,Well
llavallama3,A,3,21_final.mp4,279,Well
llavallama3,A,3,21_final.mp4,282,Well
llavallama3,A,3,21_final.mp4,285,Well
llavallama3,A,3,21_final.mp4,288,Well
llavallama3,A,3,21_final.mp4,291,Well
llavallama3,A,3,21_final.mp4,294,Well
llavallama3,A,3,21_final.mp4,297,Well
llavallama3,A,3,21_final.mp4,300,Well
llavallama3,A,3,21_final.mp4,303,Well
llavallama3,A,3,21_final.mp4,306,Well
llavallama3,A,3,21_final.mp4,309,Well
llavallama3,A,3,21_final.mp4,312,Well
llavallama3,A,3,21_final.mp4,315,Well
llavallama3,A,3,21_final.mp4,318,Well
llavallama3,A,3,21_final.mp4,321,Well
llavallama3,A,3,21_final.mp4,324,Well
llavallama3,A,3,21_final.mp4,327,Well
llavallama3,A,3,22_final.mp4,0,Well
llavallama3,A,3,22_final.mp4,3,Well
llavallama3,A,3,22_final.mp4,6,Well
llavallama3,A,3,22_final.mp4,9,Well
llavallama3,A,3,22_final.mp4,12,Well
llavallama3,A,3,22_final.mp4,15,Well
llavallama3,A,3,22_final.mp4,18,Well
llavallama3,A,3,22_final.mp4,21,Well
llavallama3,A,3,22_final.mp4,24,Well
llavallama3,A,3,22_final.mp4,27,Well
llavallama3,A,3,22_final.mp4,30,Well
llavallama3,A,3,22_final.mp4,33,Well
llavallama3,A,3,22_final.mp4,36,Well
llavallama3,A,3,22_final.mp4,39,Well
llavallama3,A,3,22_final.mp4,42,Well
llavallama3,A,3,22_final.mp4,45,Well
llavallama3,A,3,22_final.mp4,48,Well
llavallama3,A,3,22_final.mp4,51,Well
llavallama3,A,3,22_final.mp4,54,Well
llavallama3,A,3,22_final.mp4,57,Well
llavallama3,A,3,22_final.mp4,60,Well
llavallama3,A,3,22_final.mp4,63,Well
llavallama3,A,3,22_final.mp4,66,Well
llavallama3,A,3,22_final.mp4,69,Well
llavallama3,A,3,22_final.mp4,72,Well
llavallama3,A,3,22_final.mp4,75,Well
llavallama3,A,3,22_final.mp4,78,Well
llavallama3,A,3,22_final.mp4,81,Well
llavallama3,A,3,22_final.mp4,84,Well
llavallama3,A,3,22_final.mp4,87,Well
llavallama3,A,3,22_final.mp4,90,Poorly
llavallama3,A,3,22_final.mp4,93,Well
llavallama3,A,3,22_final.mp4,96,Well
llavallama3,A,3,22_final.mp4,99,Well
llavallama3,A,3,22_final.mp4,102,Well
llavallama3,A,3,22_final.mp4,105,Well
llavallama3,A,3,22_final.mp4,108,Well
llavallama3,A,3,22_final.mp4,111,Well
llavallama3,A,3,22_final.mp4,114,Well
llavallama3,A,3,22_final.mp4,117,Well
llavallama3,A,3,22_final.mp4,120,Well
llavallama3,A,3,22_final.mp4,123,Well
llavallama3,A,3,22_final.mp4,126,Well
llavallama3,A,3,22_final.mp4,129,Well
llavallama3,A,3,22_final.mp4,132,Well
llavallama3,A,3,22_final.mp4,135,Well
llavallama3,A,3,22_final.mp4,138,Well
llavallama3,A,3,22_final.mp4,141,Well
llavallama3,A,3,22_final.mp4,144,Poorly
llavallama3,A,3,22_final.mp4,147,Well
llavallama3,A,3,22_final.mp4,150,Well
llavallama3,A,3,22_final.mp4,153,Well
llavallama3,A,3,22_final.mp4,156,Well
llavallama3,A,3,22_final.mp4,159,Well
llavallama3,A,3,22_final.mp4,162,Well
llavallama3,A,3,22_final.mp4,165,Well
llavallama3,A,3,22_final.mp4,168,Well
llavallama3,A,3,22_final.mp4,171,Well
llavallama3,A,3,22_final.mp4,174,Well
llavallama3,A,3,22_final.mp4,177,Well
llavallama3,A,3,22_final.mp4,180,Well
llavallama3,A,3,22_final.mp4,183,Well
llavallama3,A,3,22_final.mp4,186,Well
llavallama3,A,3,22_final.mp4,189,Well
llavallama3,A,3,22_final.mp4,192,Well
llavallama3,A,3,22_final.mp4,195,Well
llavallama3,A,3,22_final.mp4,198,Well
llavallama3,A,3,22_final.mp4,201,Well
llavallama3,A,3,22_final.mp4,204,Well
llavallama3,A,3,24_final.mp4,0,Well
llavallama3,A,3,24_final.mp4,3,Well
llavallama3,A,3,24_final.mp4,6,Well
llavallama3,A,3,24_final.mp4,9,Well
llavallama3,A,3,24_final.mp4,12,Well
llavallama3,A,3,24_final.mp4,15,Well
llavallama3,A,3,24_final.mp4,18,Well
llavallama3,A,3,24_final.mp4,21,Well
llavallama3,A,3,24_final.mp4,24,Well
llavallama3,A,3,24_final.mp4,27,Well
llavallama3,A,3,24_final.mp4,30,Well
llavallama3,A,3,24_final.mp4,33,Well
llavallama3,A,3,24_final.mp4,36,Well
llavallama3,A,3,24_final.mp4,39,Well
llavallama3,A,3,24_final.mp4,42,Well
llavallama3,A,3,24_final.mp4,45,Well
llavallama3,A,3,24_final.mp4,48,Well
llavallama3,A,3,24_final.mp4,51,Poorly
llavallama3,A,3,24_final.mp4,54,Well
llavallama3,A,3,24_final.mp4,57,Well
llavallama3,A,3,24_final.mp4,60,Well
llavallama3,A,3,24_final.mp4,63,Well
llavallama3,A,3,24_final.mp4,66,Well
llavallama3,A,3,24_final.mp4,69,Well
llavallama3,A,3,24_final.mp4,72,Well
llavallama3,A,3,24_final.mp4,75,Well
llavallama3,A,3,24_final.mp4,78,Well
llavallama3,A,3,24_final.mp4,81,Well
llavallama3,A,3,24_final.mp4,84,Poorly
llavallama3,A,3,24_final.mp4,87,Well
llavallama3,A,3,24_final.mp4,90,Well
llavallama3,A,3,24_final.mp4,93,Well
llavallama3,A,3,24_final.mp4,96,Well
llavallama3,A,3,24_final.mp4,99,Well
llavallama3,A,3,24_final.mp4,102,Well
llavallama3,A,3,24_final.mp4,105,Well
llavallama3,A,3,24_final.mp4,108,Well
llavallama3,A,3,24_final.mp4,111,Well
llavallama3,A,3,24_final.mp4,114,Well
llavallama3,A,3,24_final.mp4,117,Well
llavallama3,A,3,24_final.mp4,120,Well
llavallama3,A,3,24_final.mp4,123,Well
llavallama3,A,3,24_final.mp4,126,Well
llavallama3,A,3,24_final.mp4,129,Well
llavallama3,A,3,24_final.mp4,132,Well
llavallama3,A,3,24_final.mp4,135,Well
llavallama3,A,3,24_final.mp4,138,Well
llavallama3,A,3,24_final.mp4,141,Well
llavallama3,A,3,24_final.mp4,144,Well
llavallama3,A,3,24_final.mp4,147,Well
llavallama3,A,3,24_final.mp4,150,Well
llavallama3,A,3,24_final.mp4,153,Well
llavallama3,A,3,24_final.mp4,156,Well
llavallama3,A,3,24_final.mp4,159,Well
llavallama3,A,3,24_final.mp4,162,Well
llavallama3,A,3,24_final.mp4,165,Well
llavallama3,A,3,24_final.mp4,168,Well
llavallama3,A,3,24_final.mp4,171,Well
llavallama3,A,3,24_final.mp4,174,Well
llavallama3,A,3,24_final.mp4,177,Well
llavallama3,A,3,24_final.mp4,180,Well
llavallama3,A,3,24_final.mp4,183,Well
llavallama3,A,3,24_final.mp4,186,Well
llavallama3,A,3,24_final.mp4,189,Well
llavallama3,A,3,24_final.mp4,192,Well
llavallama3,A,3,24_final.mp4,195,Well
llavallama3,A,3,24_final.mp4,198,Well
llavallama3,A,3,24_final.mp4,201,Well
llavallama3,A,3,24_final.mp4,204,Well
llavallama3,A,3,24_final.mp4,207,Well
llavallama3,A,3,24_final.mp4,210,Well
llavallama3,A,3,24_final.mp4,213,Well
llavallama3,A,3,24_final.mp4,216,Well
llavallama3,A,3,24_final.mp4,219,Well
llavallama3,A,3,24_final.mp4,222,Poorly
llavallama3,A,3,24_final.mp4,225,Well
llavallama3,A,3,24_final.mp4,228,Well
llavallama3,A,3,24_final.mp4,231,Well
llavallama3,A,3,24_final.mp4,234,Well
llavallama3,A,3,24_final.mp4,237,Well
llavallama3,A,3,24_final.mp4,240,Well
llavallama3,A,3,24_final.mp4,243,Poorly
llavallama3,A,3,24_final.mp4,246,Poorly
llavallama3,A,3,24_final.mp4,249,Well
llavallama3,A,3,24_final.mp4,252,Poorly
llavallama3,A,3,24_final.mp4,255,Well
llavallama3,A,3,24_final.mp4,258,Poorly
llavallama3,A,3,24_final.mp4,261,Well
llavallama3,A,3,24_final.mp4,264,Well
llavallama3,A,3,24_final.mp4,267,Well
llavallama3,A,3,24_final.mp4,270,Well
llavallama3,A,3,24_final.mp4,273,Well
llavallama3,A,3,24_final.mp4,276,Well
llavallama3,A,3,24_final.mp4,279,Well
llavallama3,A,3,24_final.mp4,282,Well
llavallama3,A,3,24_final.mp4,285,Well
llavallama3,A,3,24_final.mp4,288,Well
llavallama3,A,3,24_final.mp4,291,Well
llavallama3,A,3,24_final.mp4,294,Well
llavallama3,A,3,24_final.mp4,297,Well
llavallama3,A,3,24_final.mp4,300,Well
llavallama3,A,3,24_final.mp4,303,Well
llavallama3,A,3,24_final.mp4,306,Well
llavallama3,A,3,24_final.mp4,309,Well
llavallama3,A,3,24_final.mp4,312,Well
llavallama3,A,3,24_final.mp4,315,Well
llavallama3,A,3,24_final.mp4,318,Well
llavallama3,A,3,24_final.mp4,321,Well
llavallama3,A,3,24_final.mp4,324,Well
llavallama3,A,3,24_final.mp4,327,Poorly
llavallama3,A,3,24_final.mp4,330,Well
llavallama3,A,3,24_final.mp4,333,Well
llavallama3,A,3,24_final.mp4,336,Well
llavallama3,A,3,24_final.mp4,339,Well
llavallama3,A,3,24_final.mp4,342,Well
llavallama3,A,3,24_final.mp4,345,Well
llavallama3,A,3,24_final.mp4,348,Poorly
llavallama3,A,3,24_final.mp4,351,Well
llavallama3,A,3,24_final.mp4,354,Well
llavallama3,A,3,24_final.mp4,357,Well
llavallama3,A,3,24_final.mp4,360,Well
llavallama3,A,3,24_final.mp4,363,Well
llavallama3,A,3,24_final.mp4,366,Well
llavallama3,A,3,24_final.mp4,369,Well
llavallama3,A,3,24_final.mp4,372,Well
llavallama3,A,3,29_final.mp4,0,Well
llavallama3,A,3,29_final.mp4,3,Well
llavallama3,A,3,29_final.mp4,6,Well
llavallama3,A,3,29_final.mp4,9,Poorly
llavallama3,A,3,29_final.mp4,12,Well
llavallama3,A,3,29_final.mp4,15,Well
llavallama3,A,3,29_final.mp4,18,Poorly
llavallama3,A,3,29_final.mp4,21,Well
llavallama3,A,3,29_final.mp4,24,Well
llavallama3,A,3,29_final.mp4,27,Well
llavallama3,A,3,29_final.mp4,30,Well
llavallama3,A,3,29_final.mp4,33,Well
llavallama3,A,3,29_final.mp4,36,Well
llavallama3,A,3,29_final.mp4,39,Well
llavallama3,A,3,29_final.mp4,42,Well
llavallama3,A,3,29_final.mp4,45,Well
llavallama3,A,3,29_final.mp4,48,Well
llavallama3,A,3,29_final.mp4,51,Poorly
llavallama3,A,3,29_final.mp4,54,Well
llavallama3,A,3,29_final.mp4,57,Well
llavallama3,A,3,29_final.mp4,60,Poorly
llavallama3,A,3,29_final.mp4,63,Well
llavallama3,A,3,29_final.mp4,66,Poorly
llavallama3,A,3,29_final.mp4,69,Poorly
llavallama3,A,3,29_final.mp4,72,Poorly
llavallama3,A,3,29_final.mp4,75,Poorly
llavallama3,A,3,29_final.mp4,78,Well
llavallama3,A,3,29_final.mp4,81,Poorly
llavallama3,A,3,29_final.mp4,84,Poorly
llavallama3,A,3,29_final.mp4,87,Poorly
llavallama3,A,3,29_final.mp4,90,Poorly
llavallama3,A,3,29_final.mp4,93,Well
llavallama3,A,3,29_final.mp4,96,Well
llavallama3,A,3,29_final.mp4,99,Poorly
llavallama3,A,3,29_final.mp4,102,Well
llavallama3,A,3,29_final.mp4,105,Well
llavallama3,A,3,29_final.mp4,108,Well
llavallama3,A,3,29_final.mp4,111,Well
llavallama3,A,3,29_final.mp4,114,Well
llavallama3,A,3,29_final.mp4,117,Well
llavallama3,A,3,29_final.mp4,120,Well
llavallama3,A,3,29_final.mp4,123,Well
llavallama3,A,3,29_final.mp4,126,Well
llavallama3,A,3,29_final.mp4,129,Well
llavallama3,A,3,29_final.mp4,132,Well
llavallama3,A,3,29_final.mp4,135,Well
llavallama3,A,3,29_final.mp4,138,Well
llavallama3,A,3,29_final.mp4,141,Poorly
llavallama3,A,3,29_final.mp4,144,Well
llavallama3,A,3,29_final.mp4,147,Well
llavallama3,A,3,29_final.mp4,150,Well
llavallama3,A,3,29_final.mp4,153,Well
llavallama3,A,3,29_final.mp4,156,Well
llavallama3,A,3,29_final.mp4,159,Well
llavallama3,A,3,29_final.mp4,162,Well
llavallama3,A,3,29_final.mp4,165,Well
llavallama3,A,3,29_final.mp4,168,Well
llavallama3,A,3,29_final.mp4,171,Well
llavallama3,A,3,29_final.mp4,174,Well
llavallama3,A,3,29_final.mp4,177,Well
llavallama3,A,3,29_final.mp4,180,Well
llavallama3,A,3,29_final.mp4,183,Well
llavallama3,A,3,29_final.mp4,186,Well
llavallama3,A,3,29_final.mp4,189,Well
llavallama3,A,3,29_final.mp4,192,Well
llavallama3,A,3,29_final.mp4,195,Well
llavallama3,A,3,29_final.mp4,198,Well
llavallama3,A,3,29_final.mp4,201,Well
llavallama3,A,3,29_final.mp4,204,Well
llavallama3,A,3,29_final.mp4,207,Well
llavallama3,A,3,29_final.mp4,210,Well
llavallama3,A,3,29_final.mp4,213,Well
llavallama3,A,3,29_final.mp4,216,Well
llavallama3,A,3,30_final.mp4,0,Well
llavallama3,A,3,30_final.mp4,3,Well
llavallama3,A,3,30_final.mp4,6,Well
llavallama3,A,3,30_final.mp4,9,Well
llavallama3,A,3,30_final.mp4,12,Well
llavallama3,A,3,30_final.mp4,15,Well
llavallama3,A,3,30_final.mp4,18,Well
llavallama3,A,3,30_final.mp4,21,Well
llavallama3,A,3,30_final.mp4,24,Well
llavallama3,A,3,30_final.mp4,27,Well
llavallama3,A,3,30_final.mp4,30,Well
llavallama3,A,3,30_final.mp4,33,Well
llavallama3,A,3,30_final.mp4,36,Well
llavallama3,A,3,30_final.mp4,39,Well
llavallama3,A,3,30_final.mp4,42,Well
llavallama3,A,3,30_final.mp4,45,Well
llavallama3,A,3,30_final.mp4,48,Well
llavallama3,A,3,30_final.mp4,51,Well
llavallama3,A,3,30_final.mp4,54,Well
llavallama3,A,3,30_final.mp4,57,Well
llavallama3,A,3,30_final.mp4,60,Well
llavallama3,A,3,30_final.mp4,63,Well
llavallama3,A,3,30_final.mp4,66,Well
llavallama3,A,3,30_final.mp4,69,Well
llavallama3,A,3,30_final.mp4,72,Well
llavallama3,A,3,30_final.mp4,75,Well
llavallama3,A,3,30_final.mp4,78,Well
llavallama3,A,3,30_final.mp4,81,Well
llavallama3,A,3,30_final.mp4,84,Well
llavallama3,A,3,30_final.mp4,87,Well
llavallama3,A,3,30_final.mp4,90,Well
llavallama3,A,3,30_final.mp4,93,Well
llavallama3,A,3,30_final.mp4,96,Well
llavallama3,A,3,30_final.mp4,99,Well
llavallama3,A,3,30_final.mp4,102,Well
llavallama3,A,3,30_final.mp4,105,Well
llavallama3,A,3,30_final.mp4,108,Well
llavallama3,A,3,30_final.mp4,111,Well
llavallama3,A,3,30_final.mp4,114,Well
llavallama3,A,3,30_final.mp4,117,Well
llavallama3,A,3,30_final.mp4,120,Well
llavallama3,A,3,30_final.mp4,123,Well
llavallama3,A,3,30_final.mp4,126,Well
llavallama3,A,3,30_final.mp4,129,Well
llavallama3,A,3,30_final.mp4,132,Well
llavallama3,A,3,30_final.mp4,135,Well
llavallama3,A,3,30_final.mp4,138,Well
llavallama3,A,3,30_final.mp4,141,Well
llavallama3,A,3,30_final.mp4,144,Well
llavallama3,A,3,30_final.mp4,147,Well
llavallama3,A,3,30_final.mp4,150,Well
llavallama3,A,3,30_final.mp4,153,Well
llavallama3,A,3,30_final.mp4,156,Well
llavallama3,A,3,30_final.mp4,159,Well
llavallama3,A,3,30_final.mp4,162,Well
llavallama3,A,3,30_final.mp4,165,Well
llavallama3,A,3,30_final.mp4,168,Well
llavallama3,A,3,30_final.mp4,171,Well
llavallama3,A,3,30_final.mp4,174,Well
llavallama3,A,3,30_final.mp4,177,Well
llavallama3,A,3,30_final.mp4,180,Well
llavallama3,A,3,30_final.mp4,183,Well
llavallama3,A,3,30_final.mp4,186,Well
llavallama3,A,3,30_final.mp4,189,Well
llavallama3,A,3,30_final.mp4,192,Well
llavallama3,A,3,30_final.mp4,195,Well
llavallama3,A,3,30_final.mp4,198,Well
llavallama3,A,3,30_final.mp4,201,Well
llavallama3,A,3,30_final.mp4,204,Well
llavallama3,A,3,30_final.mp4,207,Well
llavallama3,A,3,30_final.mp4,210,Well
llavallama3,A,3,30_final.mp4,213,Well
llavallama3,A,3,30_final.mp4,216,Well
llavallama3,A,3,30_final.mp4,219,Well
llavallama3,A,3,30_final.mp4,222,Well
llavallama3,A,3,30_final.mp4,225,Well
llavallama3,A,3,30_final.mp4,228,Well
llavallama3,A,3,30_final.mp4,231,Well
llavallama3,A,3,30_final.mp4,234,Well
llavallama3,A,3,30_final.mp4,237,Well
llavallama3,A,3,30_final.mp4,240,Well
llavallama3,A,3,30_final.mp4,243,Well
llavallama3,A,3,30_final.mp4,246,Well
llavallama3,A,3,30_final.mp4,249,Well
llavallama3,A,3,30_final.mp4,252,Well
llavallama3,A,3,30_final.mp4,255,Well
llavallama3,A,3,30_final.mp4,258,Well
llavallama3,A,3,30_final.mp4,261,Well
llavallama3,A,3,30_final.mp4,264,Well
llavallama3,A,3,30_final.mp4,267,Well
llavallama3,A,3,30_final.mp4,270,Well
llavallama3,A,3,30_final.mp4,273,Well
llavallama3,A,3,30_final.mp4,276,Well
llavallama3,A,3,30_final.mp4,279,Well
llavallama3,A,3,30_final.mp4,282,Well
llavallama3,A,3,30_final.mp4,285,Well
llavallama3,A,3,30_final.mp4,288,Well
llavallama3,A,3,30_final.mp4,291,Well
llavallama3,A,3,30_final.mp4,294,Well
llavallama3,A,3,30_final.mp4,297,Well
llavallama3,A,3,30_final.mp4,300,Well
llavallama3,A,3,30_final.mp4,303,Well
llavallama3,A,3,30_final.mp4,306,Well
llavallama3,A,3,30_final.mp4,309,Well
llavallama3,A,3,30_final.mp4,312,Well
llavallama3,A,3,30_final.mp4,315,Well
llavallama3,A,3,30_final.mp4,318,Well
llavallama3,A,3,30_final.mp4,321,Well
llavallama3,A,3,30_final.mp4,324,Well
llavallama3,A,3,30_final.mp4,327,Well
llavallama3,A,3,30_final.mp4,330,Well
llavallama3,A,3,30_final.mp4,333,Well
llavallama3,A,3,30_final.mp4,336,Well
llavallama3,A,3,30_final.mp4,339,Well
llavallama3,A,3,30_final.mp4,342,Well
llavallama3,A,3,30_final.mp4,345,Well
llavallama3,A,3,30_final.mp4,348,Well
llavallama3,A,3,30_final.mp4,351,Well
llavallama3,A,3,30_final.mp4,354,Well
llavallama3,A,3,30_final.mp4,357,Well
llavallama3,A,3,30_final.mp4,360,Well
llavallama3,A,3,30_final.mp4,363,Well
llavallama3,A,3,30_final.mp4,366,Well
llavallama3,A,3,30_final.mp4,369,Well
llavallama3,A,3,30_final.mp4,372,Well
llavallama3,A,3,30_final.mp4,375,Well
llavallama3,A,3,31_final.mp4,0,Well
llavallama3,A,3,31_final.mp4,3,Well
llavallama3,A,3,31_final.mp4,6,Well
llavallama3,A,3,31_final.mp4,9,Well
llavallama3,A,3,31_final.mp4,12,Well
llavallama3,A,3,31_final.mp4,15,Well
llavallama3,A,3,31_final.mp4,18,Well
llavallama3,A,3,31_final.mp4,21,Well
llavallama3,A,3,31_final.mp4,24,Well
llavallama3,A,3,31_final.mp4,27,Well
llavallama3,A,3,31_final.mp4,30,Well
llavallama3,A,3,31_final.mp4,33,Well
llavallama3,A,3,31_final.mp4,36,Well
llavallama3,A,3,31_final.mp4,39,Well
llavallama3,A,3,31_final.mp4,42,Well
llavallama3,A,3,31_final.mp4,45,Well
llavallama3,A,3,31_final.mp4,48,Well
llavallama3,A,3,31_final.mp4,51,Well
llavallama3,A,3,31_final.mp4,54,Well
llavallama3,A,3,31_final.mp4,57,Well
llavallama3,A,3,31_final.mp4,60,Well
llavallama3,A,3,31_final.mp4,63,Well
llavallama3,A,3,31_final.mp4,66,Well
llavallama3,A,3,31_final.mp4,69,Well
llavallama3,A,3,31_final.mp4,72,Well
llavallama3,A,3,31_final.mp4,75,Well
llavallama3,A,3,31_final.mp4,78,Well
llavallama3,A,3,31_final.mp4,81,Well
llavallama3,A,3,31_final.mp4,84,Well
llavallama3,A,3,31_final.mp4,87,Well
llavallama3,A,3,31_final.mp4,90,Well
llavallama3,A,3,31_final.mp4,93,Well
llavallama3,A,3,31_final.mp4,96,Well
llavallama3,A,3,31_final.mp4,99,Well
llavallama3,A,3,31_final.mp4,102,Well
llavallama3,A,3,31_final.mp4,105,Well
llavallama3,A,3,31_final.mp4,108,Well
llavallama3,A,3,31_final.mp4,111,Well
llavallama3,A,3,31_final.mp4,114,Well
llavallama3,A,3,31_final.mp4,117,Well
llavallama3,A,3,31_final.mp4,120,Well
llavallama3,A,3,31_final.mp4,123,Well
llavallama3,A,3,31_final.mp4,126,Well
llavallama3,A,3,31_final.mp4,129,Well
llavallama3,A,3,31_final.mp4,132,Well
llavallama3,A,3,31_final.mp4,135,Well
llavallama3,A,3,31_final.mp4,138,Well
llavallama3,A,3,31_final.mp4,141,Well
llavallama3,A,3,31_final.mp4,144,Well
llavallama3,A,3,31_final.mp4,147,Well
llavallama3,A,3,31_final.mp4,150,Well
llavallama3,A,3,31_final.mp4,153,Well
llavallama3,A,3,31_final.mp4,156,Well
llavallama3,A,3,31_final.mp4,159,Well
llavallama3,A,3,31_final.mp4,162,Well
llavallama3,A,3,31_final.mp4,165,Well
llavallama3,A,3,31_final.mp4,168,Well
llavallama3,A,3,31_final.mp4,171,Well
llavallama3,A,3,31_final.mp4,174,Well
llavallama3,A,3,31_final.mp4,177,Well
llavallama3,A,3,31_final.mp4,180,Well
llavallama3,A,3,31_final.mp4,183,Well
llavallama3,A,3,31_final.mp4,186,Well
llavallama3,A,3,31_final.mp4,189,Well
llavallama3,A,3,31_final.mp4,192,Well
llavallama3,A,3,31_final.mp4,195,Well
llavallama3,A,3,31_final.mp4,198,Well
llavallama3,A,3,31_final.mp4,201,Well
llavallama3,A,3,31_final.mp4,204,Well
llavallama3,A,3,31_final.mp4,207,Well
llavallama3,A,3,31_final.mp4,210,Well
llavallama3,A,3,31_final.mp4,213,Well
llavallama3,A,3,31_final.mp4,216,Well
llavallama3,A,3,31_final.mp4,219,Well
llavallama3,A,3,31_final.mp4,222,Well
llavallama3,A,3,31_final.mp4,225,Well
llavallama3,A,3,31_final.mp4,228,Well
llavallama3,A,3,31_final.mp4,231,Well
llavallama3,A,3,31_final.mp4,234,Well
llavallama3,A,3,31_final.mp4,237,Well
llavallama3,A,3,31_final.mp4,240,Well
llavallama3,A,3,31_final.mp4,243,Well
llavallama3,A,3,31_final.mp4,246,Well
llavallama3,A,3,31_final.mp4,249,Well
llavallama3,A,3,31_final.mp4,252,Well
llavallama3,A,3,31_final.mp4,255,Well
llavallama3,A,3,31_final.mp4,258,Well
llavallama3,A,3,31_final.mp4,261,Well
llavallama3,A,3,31_final.mp4,264,Well
llavallama3,A,3,31_final.mp4,267,Well
llavallama3,A,3,31_final.mp4,270,Well
llavallama3,A,3,31_final.mp4,273,Well
llavallama3,A,3,31_final.mp4,276,Well
llavallama3,A,3,31_final.mp4,279,Well
llavallama3,A,3,31_final.mp4,282,Well
llavallama3,A,3,31_final.mp4,285,Well
llavallama3,A,3,31_final.mp4,288,Well
llavallama3,A,3,31_final.mp4,291,Well
llavallama3,A,3,31_final.mp4,294,Well
llavallama3,A,3,33_final.mp4,0,Well
llavallama3,A,3,33_final.mp4,3,Well
llavallama3,A,3,33_final.mp4,6,Well
llavallama3,A,3,33_final.mp4,9,Well
llavallama3,A,3,33_final.mp4,12,Well
llavallama3,A,3,33_final.mp4,15,Well
llavallama3,A,3,33_final.mp4,18,Well
llavallama3,A,3,33_final.mp4,21,Well
llavallama3,A,3,33_final.mp4,24,Well
llavallama3,A,3,33_final.mp4,27,Well
llavallama3,A,3,33_final.mp4,30,Well
llavallama3,A,3,33_final.mp4,33,Well
llavallama3,A,3,33_final.mp4,36,Well
llavallama3,A,3,33_final.mp4,39,Well
llavallama3,A,3,33_final.mp4,42,Well
llavallama3,A,3,33_final.mp4,45,Well
llavallama3,A,3,33_final.mp4,48,Well
llavallama3,A,3,33_final.mp4,51,Well
llavallama3,A,3,33_final.mp4,54,Well
llavallama3,A,3,33_final.mp4,57,Well
llavallama3,A,3,33_final.mp4,60,Well
llavallama3,A,3,33_final.mp4,63,Well
llavallama3,A,3,33_final.mp4,66,Well
llavallama3,A,3,33_final.mp4,69,Well
llavallama3,A,3,33_final.mp4,72,Well
llavallama3,A,3,33_final.mp4,75,Well
llavallama3,A,3,33_final.mp4,78,Well
llavallama3,A,3,33_final.mp4,81,Well
llavallama3,A,3,33_final.mp4,84,Well
llavallama3,A,3,33_final.mp4,87,Well
llavallama3,A,3,33_final.mp4,90,Poorly
llavallama3,A,3,33_final.mp4,93,Well
llavallama3,A,3,33_final.mp4,96,Well
llavallama3,A,3,33_final.mp4,99,Well
llavallama3,A,3,33_final.mp4,102,Well
llavallama3,A,3,33_final.mp4,105,Well
llavallama3,A,3,33_final.mp4,108,Well
llavallama3,A,3,33_final.mp4,111,Well
llavallama3,A,3,33_final.mp4,114,Poorly
llavallama3,A,3,33_final.mp4,117,Well
llavallama3,A,3,33_final.mp4,120,Well
llavallama3,A,3,33_final.mp4,123,Well
llavallama3,A,3,33_final.mp4,126,Well
llavallama3,A,3,33_final.mp4,129,Poorly
llavallama3,A,3,33_final.mp4,132,Well
llavallama3,A,3,33_final.mp4,135,Well
llavallama3,A,3,33_final.mp4,138,Well
llavallama3,A,3,33_final.mp4,141,Well
llavallama3,A,3,33_final.mp4,144,Well
llavallama3,A,3,33_final.mp4,147,Well
llavallama3,A,3,33_final.mp4,150,Well
llavallama3,A,3,33_final.mp4,153,Well
llavallama3,A,3,33_final.mp4,156,Poorly
llavallama3,A,3,33_final.mp4,159,Poorly
llavallama3,A,3,33_final.mp4,162,Well
llavallama3,A,3,33_final.mp4,165,Well
llavallama3,A,3,33_final.mp4,168,Poorly
llavallama3,A,3,33_final.mp4,171,Well
llavallama3,A,3,33_final.mp4,174,Well
llavallama3,A,3,33_final.mp4,177,Poorly
llavallama3,A,3,33_final.mp4,180,Well
llavallama3,A,3,33_final.mp4,183,Well
llavallama3,A,3,33_final.mp4,186,Poorly
llavallama3,A,3,33_final.mp4,189,Poorly
llavallama3,A,3,33_final.mp4,192,Well
llavallama3,A,3,33_final.mp4,195,Well
llavallama3,A,3,33_final.mp4,198,Poorly
llavallama3,A,3,33_final.mp4,201,Poorly
llavallama3,A,3,33_final.mp4,204,Poorly
llavallama3,A,3,33_final.mp4,207,Well
llavallama3,A,3,33_final.mp4,210,Poorly
llavallama3,A,3,33_final.mp4,213,Well
llavallama3,A,3,33_final.mp4,216,Well
llavallama3,A,3,33_final.mp4,219,Poorly
llavallama3,A,3,34_final.mp4,0,Well
llavallama3,A,3,34_final.mp4,3,Well
llavallama3,A,3,34_final.mp4,6,Well
llavallama3,A,3,34_final.mp4,9,Well
llavallama3,A,3,34_final.mp4,12,Well
llavallama3,A,3,34_final.mp4,15,Well
llavallama3,A,3,34_final.mp4,18,Well
llavallama3,A,3,34_final.mp4,21,Well
llavallama3,A,3,34_final.mp4,24,Well
llavallama3,A,3,34_final.mp4,27,Well
llavallama3,A,3,34_final.mp4,30,Well
llavallama3,A,3,34_final.mp4,33,Poorly
llavallama3,A,3,34_final.mp4,36,Poorly
llavallama3,A,3,34_final.mp4,39,Poorly
llavallama3,A,3,34_final.mp4,42,Poorly
llavallama3,A,3,34_final.mp4,45,Poorly
llavallama3,A,3,34_final.mp4,48,Poorly
llavallama3,A,3,34_final.mp4,51,Poorly
llavallama3,A,3,34_final.mp4,54,Poorly
llavallama3,A,3,34_final.mp4,57,Poorly
llavallama3,A,3,34_final.mp4,60,Poorly
llavallama3,A,3,34_final.mp4,63,Poorly
llavallama3,A,3,34_final.mp4,66,Poorly
llavallama3,A,3,34_final.mp4,69,Poorly
llavallama3,A,3,34_final.mp4,72,Poorly
llavallama3,A,3,34_final.mp4,75,Poorly
llavallama3,A,3,34_final.mp4,78,Poorly
llavallama3,A,3,34_final.mp4,81,Poorly
llavallama3,A,3,34_final.mp4,84,Poorly
llavallama3,A,3,34_final.mp4,87,Poorly
llavallama3,A,3,34_final.mp4,90,Poorly
llavallama3,A,3,34_final.mp4,93,Poorly
llavallama3,A,3,34_final.mp4,96,Poorly
llavallama3,A,3,34_final.mp4,99,Poorly
llavallama3,A,3,34_final.mp4,102,Poorly
llavallama3,A,3,34_final.mp4,105,Poorly
llavallama3,A,3,34_final.mp4,108,Poorly
llavallama3,A,3,34_final.mp4,111,Poorly
llavallama3,A,3,34_final.mp4,114,Poorly
llavallama3,A,3,34_final.mp4,117,Poorly
llavallama3,A,3,34_final.mp4,120,Poorly
llavallama3,A,3,34_final.mp4,123,Poorly
llavallama3,A,3,34_final.mp4,126,Poorly
llavallama3,A,3,34_final.mp4,129,Poorly
llavallama3,A,3,34_final.mp4,132,Poorly
llavallama3,A,3,34_final.mp4,135,Poorly
llavallama3,A,3,34_final.mp4,138,Poorly
llavallama3,A,3,34_final.mp4,141,Poorly
llavallama3,A,3,34_final.mp4,144,Poorly
llavallama3,A,3,34_final.mp4,147,Poorly
llavallama3,A,3,34_final.mp4,150,Poorly
llavallama3,A,3,34_final.mp4,153,Poorly
llavallama3,A,3,34_final.mp4,156,Poorly
llavallama3,A,3,34_final.mp4,159,Poorly
llavallama3,A,3,34_final.mp4,162,Poorly
llavallama3,A,3,34_final.mp4,165,Poorly
llavallama3,A,3,34_final.mp4,168,Poorly
llavallama3,A,3,34_final.mp4,171,Poorly
llavallama3,A,3,34_final.mp4,174,Poorly
llavallama3,A,3,34_final.mp4,177,Poorly
llavallama3,A,3,34_final.mp4,180,Poorly
llavallama3,A,3,34_final.mp4,183,Poorly
llavallama3,A,3,34_final.mp4,186,Poorly
llavallama3,A,3,34_final.mp4,189,Poorly
llavallama3,A,3,34_final.mp4,192,Poorly
llavallama3,A,3,34_final.mp4,195,Poorly
llavallama3,A,3,34_final.mp4,198,Poorly
llavallama3,A,3,34_final.mp4,201,Poorly
llavallama3,A,3,34_final.mp4,204,Poorly
llavallama3,A,3,34_final.mp4,207,Poorly
llavallama3,A,3,34_final.mp4,210,Poorly
llavallama3,A,3,40_final.mp4,0,Well
llavallama3,A,3,40_final.mp4,3,Well
llavallama3,A,3,40_final.mp4,6,Well
llavallama3,A,3,40_final.mp4,9,Well
llavallama3,A,3,40_final.mp4,12,Well
llavallama3,A,3,40_final.mp4,15,Well
llavallama3,A,3,40_final.mp4,18,Well
llavallama3,A,3,40_final.mp4,21,Well
llavallama3,A,3,40_final.mp4,24,Well
llavallama3,A,3,40_final.mp4,27,Well
llavallama3,A,3,40_final.mp4,30,Well
llavallama3,A,3,40_final.mp4,33,Well
llavallama3,A,3,40_final.mp4,36,Well
llavallama3,A,3,40_final.mp4,39,Well
llavallama3,A,3,40_final.mp4,42,Well
llavallama3,A,3,40_final.mp4,45,Well
llavallama3,A,3,40_final.mp4,48,Well
llavallama3,A,3,40_final.mp4,51,Well
llavallama3,A,3,40_final.mp4,54,Well
llavallama3,A,3,40_final.mp4,57,Well
llavallama3,A,3,40_final.mp4,60,Well
llavallama3,A,3,40_final.mp4,63,Well
llavallama3,A,3,40_final.mp4,66,Well
llavallama3,A,3,40_final.mp4,69,Well
llavallama3,A,3,40_final.mp4,72,Well
llavallama3,A,3,40_final.mp4,75,Well
llavallama3,A,3,40_final.mp4,78,Well
llavallama3,A,3,40_final.mp4,81,Well
llavallama3,A,3,40_final.mp4,84,Well
llavallama3,A,3,40_final.mp4,87,Well
llavallama3,A,3,40_final.mp4,90,Well
llavallama3,A,3,40_final.mp4,93,Well
llavallama3,A,3,40_final.mp4,96,Well
llavallama3,A,3,40_final.mp4,99,Well
llavallama3,A,3,40_final.mp4,102,Well
llavallama3,A,3,40_final.mp4,105,Well
llavallama3,A,3,40_final.mp4,108,Well
llavallama3,A,3,40_final.mp4,111,Well
llavallama3,A,3,40_final.mp4,114,Well
llavallama3,A,3,40_final.mp4,117,Well
llavallama3,A,3,40_final.mp4,120,Well
llavallama3,A,3,40_final.mp4,123,Well
llavallama3,A,3,40_final.mp4,126,Well
llavallama3,A,3,40_final.mp4,129,Well
llavallama3,A,3,40_final.mp4,132,Well
llavallama3,A,3,40_final.mp4,135,Well
llavallama3,A,3,40_final.mp4,138,Well
llavallama3,A,3,40_final.mp4,141,Well
llavallama3,A,3,40_final.mp4,144,Well
llavallama3,A,3,40_final.mp4,147,Well
llavallama3,A,3,40_final.mp4,150,Well
llavallama3,A,3,40_final.mp4,153,Well
llavallama3,A,3,40_final.mp4,156,Well
llavallama3,A,3,40_final.mp4,159,Well
llavallama3,A,3,40_final.mp4,162,Well
llavallama3,A,3,40_final.mp4,165,Well
llavallama3,A,3,40_final.mp4,168,Well
llavallama3,A,3,40_final.mp4,171,Well
llavallama3,A,3,40_final.mp4,174,Well
llavallama3,A,3,40_final.mp4,177,Well
llavallama3,A,3,40_final.mp4,180,Well
llavallama3,A,3,40_final.mp4,183,Well
llavallama3,A,3,40_final.mp4,186,Well
llavallama3,A,3,40_final.mp4,189,Well
llavallama3,A,3,40_final.mp4,192,Well
llavallama3,A,3,40_final.mp4,195,Well
llavallama3,A,3,40_final.mp4,198,Well
llavallama3,A,3,40_final.mp4,201,Well
llavallama3,A,3,40_final.mp4,204,Well
llavallama3,A,3,40_final.mp4,207,Well
llavallama3,A,3,40_final.mp4,210,Well
llavallama3,A,3,40_final.mp4,213,Well
llavallama3,A,3,40_final.mp4,216,Well
llavallama3,A,3,40_final.mp4,219,Well
llavallama3,A,3,40_final.mp4,222,Well
llavallama3,A,3,40_final.mp4,225,Well
llavallama3,A,3,40_final.mp4,228,Well
llavallama3,A,3,40_final.mp4,231,Well
llavallama3,A,3,40_final.mp4,234,Well
llavallama3,A,3,40_final.mp4,237,Well
llavallama3,A,3,40_final.mp4,240,Well
llavallama3,A,3,40_final.mp4,243,Well
llavallama3,A,3,40_final.mp4,246,Well
llavallama3,A,3,40_final.mp4,249,Well
llavallama3,A,3,41_final.mp4,0,Poorly
llavallama3,A,3,41_final.mp4,3,Well
llavallama3,A,3,41_final.mp4,6,Poorly
llavallama3,A,3,41_final.mp4,9,Poorly
llavallama3,A,3,41_final.mp4,12,Poorly
llavallama3,A,3,41_final.mp4,15,Well
llavallama3,A,3,41_final.mp4,18,Poorly
llavallama3,A,3,41_final.mp4,21,Poorly
llavallama3,A,3,41_final.mp4,24,Poorly
llavallama3,A,3,41_final.mp4,27,Poorly
llavallama3,A,3,41_final.mp4,30,Poorly
llavallama3,A,3,41_final.mp4,33,Poorly
llavallama3,A,3,41_final.mp4,36,Poorly
llavallama3,A,3,41_final.mp4,39,Poorly
llavallama3,A,3,41_final.mp4,42,Poorly
llavallama3,A,3,41_final.mp4,45,Well
llavallama3,A,3,41_final.mp4,48,Poorly
llavallama3,A,3,41_final.mp4,51,Poorly
llavallama3,A,3,41_final.mp4,54,Poorly
llavallama3,A,3,41_final.mp4,57,Poorly
llavallama3,A,3,41_final.mp4,60,Well
llavallama3,A,3,41_final.mp4,63,Poorly
llavallama3,A,3,41_final.mp4,66,Poorly
llavallama3,A,3,41_final.mp4,69,Well
llavallama3,A,3,41_final.mp4,72,Well
llavallama3,A,3,41_final.mp4,75,Well
llavallama3,A,3,41_final.mp4,78,Well
llavallama3,A,3,41_final.mp4,81,Poorly
llavallama3,A,3,41_final.mp4,84,Well
llavallama3,A,3,41_final.mp4,87,Well
llavallama3,A,3,41_final.mp4,90,Well
llavallama3,A,3,41_final.mp4,93,Poorly
llavallama3,A,3,41_final.mp4,96,Well
llavallama3,A,3,41_final.mp4,99,Poorly
llavallama3,A,3,41_final.mp4,102,Poorly
llavallama3,A,3,41_final.mp4,105,Well
llavallama3,A,3,41_final.mp4,108,Poorly
llavallama3,A,3,41_final.mp4,111,Well
llavallama3,A,3,41_final.mp4,114,Poorly
llavallama3,A,3,41_final.mp4,117,Poorly
llavallama3,A,3,41_final.mp4,120,Well
llavallama3,A,3,41_final.mp4,123,Well
llavallama3,A,3,41_final.mp4,126,Poorly
llavallama3,A,3,41_final.mp4,129,Well
llavallama3,A,3,41_final.mp4,132,Well
llavallama3,A,3,41_final.mp4,135,Well
llavallama3,A,3,41_final.mp4,138,Well
llavallama3,A,3,41_final.mp4,141,Poorly
llavallama3,A,3,41_final.mp4,144,Well
llavallama3,A,3,41_final.mp4,147,Well
llavallama3,A,3,41_final.mp4,150,Well
llavallama3,A,3,41_final.mp4,153,Poorly
llavallama3,A,3,41_final.mp4,156,Well
llavallama3,A,3,41_final.mp4,159,Poorly
llavallama3,A,3,41_final.mp4,162,Well
llavallama3,A,3,41_final.mp4,165,Well
llavallama3,A,3,41_final.mp4,168,Well
llavallama3,A,3,41_final.mp4,171,Well
llavallama3,A,3,41_final.mp4,174,Poorly
llavallama3,A,3,41_final.mp4,177,Poorly
llavallama3,A,3,41_final.mp4,180,Well
llavallama3,A,3,41_final.mp4,183,Well
llavallama3,A,3,41_final.mp4,186,Well
llavallama3,A,3,41_final.mp4,189,Well
llavallama3,A,3,41_final.mp4,192,Well
llavallama3,A,3,41_final.mp4,195,Well
llavallama3,A,3,41_final.mp4,198,Well
llavallama3,A,3,41_final.mp4,201,Well
llavallama3,A,3,41_final.mp4,204,Well
llavallama3,A,3,41_final.mp4,207,Well
llavallama3,A,3,41_final.mp4,210,Well
llavallama3,A,3,41_final.mp4,213,Well
llavallama3,A,3,41_final.mp4,216,Well
llavallama3,A,3,41_final.mp4,219,Well
llavallama3,A,3,41_final.mp4,222,Well
llavallama3,A,3,41_final.mp4,225,Well
llavallama3,A,3,41_final.mp4,228,Well
llavallama3,A,3,41_final.mp4,231,Well
llavallama3,A,3,41_final.mp4,234,Well
llavallama3,A,3,41_final.mp4,237,Well
llavallama3,A,3,41_final.mp4,240,Well
llavallama3,A,3,41_final.mp4,243,Well
llavallama3,A,3,41_final.mp4,246,Well
llavallama3,A,3,41_final.mp4,249,Well
llavallama3,A,3,41_final.mp4,252,Well
llavallama3,A,3,41_final.mp4,255,Well
llavallama3,A,3,41_final.mp4,258,Well
llavallama3,A,3,41_final.mp4,261,Well
llavallama3,A,3,41_final.mp4,264,Well
llavallama3,A,3,41_final.mp4,267,Well
llavallama3,A,3,41_final.mp4,270,Well
llavallama3,A,3,44_final.mp4,0,Well
llavallama3,A,3,44_final.mp4,3,Well
llavallama3,A,3,44_final.mp4,6,Poorly
llavallama3,A,3,44_final.mp4,9,Well
llavallama3,A,3,44_final.mp4,12,Well
llavallama3,A,3,44_final.mp4,15,Well
llavallama3,A,3,44_final.mp4,18,Poorly
llavallama3,A,3,44_final.mp4,21,Poorly
llavallama3,A,3,44_final.mp4,24,Well
llavallama3,A,3,44_final.mp4,27,Well
llavallama3,A,3,44_final.mp4,30,Well
llavallama3,A,3,44_final.mp4,33,Well
llavallama3,A,3,44_final.mp4,36,Well
llavallama3,A,3,44_final.mp4,39,Well
llavallama3,A,3,44_final.mp4,42,Well
llavallama3,A,3,44_final.mp4,45,Well
llavallama3,A,3,44_final.mp4,48,Well
llavallama3,A,3,44_final.mp4,51,Well
llavallama3,A,3,44_final.mp4,54,Well
llavallama3,A,3,44_final.mp4,57,Well
llavallama3,A,3,44_final.mp4,60,Poorly
llavallama3,A,3,44_final.mp4,63,Well
llavallama3,A,3,44_final.mp4,66,Well
llavallama3,A,3,44_final.mp4,69,Well
llavallama3,A,3,44_final.mp4,72,Poorly
llavallama3,A,3,44_final.mp4,75,Well
llavallama3,A,3,44_final.mp4,78,Poorly
llavallama3,A,3,44_final.mp4,81,Poorly
llavallama3,A,3,44_final.mp4,84,Well
llavallama3,A,3,44_final.mp4,87,Poorly
llavallama3,A,3,44_final.mp4,90,Poorly
llavallama3,A,3,44_final.mp4,93,Poorly
llavallama3,A,3,44_final.mp4,96,Well
llavallama3,A,3,44_final.mp4,99,Poorly
llavallama3,A,3,44_final.mp4,102,Poorly
llavallama3,A,3,44_final.mp4,105,Well
llavallama3,A,3,44_final.mp4,108,Well
llavallama3,A,3,44_final.mp4,111,Well
llavallama3,A,3,44_final.mp4,114,Well
llavallama3,A,3,44_final.mp4,117,Well
llavallama3,A,3,44_final.mp4,120,Well
llavallama3,A,3,44_final.mp4,123,Poorly
llavallama3,A,3,44_final.mp4,126,Poorly
llavallama3,A,3,44_final.mp4,129,Poorly
llavallama3,A,3,44_final.mp4,132,Poorly
llavallama3,A,3,44_final.mp4,135,Poorly
llavallama3,A,3,44_final.mp4,138,Poorly
llavallama3,A,3,44_final.mp4,141,Poorly
llavallama3,A,3,44_final.mp4,144,Poorly
llavallama3,A,3,44_final.mp4,147,Poorly
llavallama3,A,3,44_final.mp4,150,Poorly
llavallama3,A,3,44_final.mp4,153,Poorly
llavallama3,A,3,44_final.mp4,156,Poorly
llavallama3,A,3,44_final.mp4,159,Well
llavallama3,A,3,44_final.mp4,162,Poorly
llavallama3,A,3,44_final.mp4,165,Poorly
llavallama3,A,3,44_final.mp4,168,Poorly
llavallama3,A,3,44_final.mp4,171,Poorly
llavallama3,A,3,44_final.mp4,174,Poorly
llavallama3,A,3,44_final.mp4,177,Poorly
llavallama3,A,3,44_final.mp4,180,Well
llavallama3,A,3,44_final.mp4,183,Poorly
llavallama3,A,3,44_final.mp4,186,Poorly
llavallama3,A,3,44_final.mp4,189,Well
llavallama3,A,3,44_final.mp4,192,Well
llavallama3,A,3,44_final.mp4,195,Poorly
llavallama3,A,3,44_final.mp4,198,Well
llavallama3,A,3,44_final.mp4,201,Poorly
llavallama3,A,3,44_final.mp4,204,Well
llavallama3,A,3,44_final.mp4,207,Poorly
llavallama3,A,3,44_final.mp4,210,Poorly
llavallama3,A,3,44_final.mp4,213,Well
llavallama3,A,3,44_final.mp4,216,Well
llavallama3,A,3,44_final.mp4,219,Well
llavallama3,A,3,44_final.mp4,222,Poorly
llavallama3,A,3,44_final.mp4,225,Poorly
llavallama3,A,3,44_final.mp4,228,Well
llavallama3,A,3,46_final.mp4,0,Well
llavallama3,A,3,46_final.mp4,3,Well
llavallama3,A,3,46_final.mp4,6,Well
llavallama3,A,3,46_final.mp4,9,Well
llavallama3,A,3,46_final.mp4,12,Well
llavallama3,A,3,46_final.mp4,15,Well
llavallama3,A,3,46_final.mp4,18,Well
llavallama3,A,3,46_final.mp4,21,Well
llavallama3,A,3,46_final.mp4,24,Well
llavallama3,A,3,46_final.mp4,27,Well
llavallama3,A,3,46_final.mp4,30,Well
llavallama3,A,3,46_final.mp4,33,Well
llavallama3,A,3,46_final.mp4,36,Well
llavallama3,A,3,46_final.mp4,39,Well
llavallama3,A,3,46_final.mp4,42,Well
llavallama3,A,3,46_final.mp4,45,Well
llavallama3,A,3,46_final.mp4,48,Well
llavallama3,A,3,46_final.mp4,51,Well
llavallama3,A,3,46_final.mp4,54,Poorly
llavallama3,A,3,46_final.mp4,57,Well
llavallama3,A,3,46_final.mp4,60,Well
llavallama3,A,3,46_final.mp4,63,Well
llavallama3,A,3,46_final.mp4,66,Well
llavallama3,A,3,46_final.mp4,69,Well
llavallama3,A,3,46_final.mp4,72,Well
llavallama3,A,3,46_final.mp4,75,Well
llavallama3,A,3,46_final.mp4,78,Well
llavallama3,A,3,46_final.mp4,81,Well
llavallama3,A,3,46_final.mp4,84,Well
llavallama3,A,3,46_final.mp4,87,Well
llavallama3,A,3,46_final.mp4,90,Well
llavallama3,A,3,46_final.mp4,93,Well
llavallama3,A,3,46_final.mp4,96,Well
llavallama3,A,3,46_final.mp4,99,Well
llavallama3,A,3,46_final.mp4,102,Well
llavallama3,A,3,46_final.mp4,105,Well
llavallama3,A,3,46_final.mp4,108,Well
llavallama3,A,3,46_final.mp4,111,Well
llavallama3,A,3,46_final.mp4,114,Well
llavallama3,A,3,46_final.mp4,117,Poorly
llavallama3,A,3,46_final.mp4,120,Well
llavallama3,A,3,46_final.mp4,123,Well
llavallama3,A,3,46_final.mp4,126,Well
llavallama3,A,3,46_final.mp4,129,Well
llavallama3,A,3,46_final.mp4,132,Well
llavallama3,A,3,46_final.mp4,135,Well
llavallama3,A,3,46_final.mp4,138,Well
llavallama3,A,3,46_final.mp4,141,Well
llavallama3,A,3,46_final.mp4,144,Well
llavallama3,A,3,46_final.mp4,147,Well
llavallama3,A,3,46_final.mp4,150,Poorly
llavallama3,A,3,46_final.mp4,153,Well
llavallama3,A,3,46_final.mp4,156,Well
llavallama3,A,3,46_final.mp4,159,Well
llavallama3,A,3,46_final.mp4,162,Well
llavallama3,A,3,46_final.mp4,165,Well
llavallama3,A,3,46_final.mp4,168,Poorly
llavallama3,A,3,46_final.mp4,171,Well
llavallama3,A,3,46_final.mp4,174,Well
llavallama3,A,3,46_final.mp4,177,Well
llavallama3,A,3,46_final.mp4,180,Well
llavallama3,A,3,46_final.mp4,183,Well
llavallama3,A,3,46_final.mp4,186,Well
llavallama3,A,3,46_final.mp4,189,Poorly
llavallama3,A,3,46_final.mp4,192,Well
llavallama3,A,3,46_final.mp4,195,Well
llavallama3,A,3,46_final.mp4,198,Well
llavallama3,A,3,46_final.mp4,201,Well
llavallama3,A,3,46_final.mp4,204,Well
llavallama3,A,3,46_final.mp4,207,Poorly
llavallama3,A,3,46_final.mp4,210,Well
llavallama3,A,3,46_final.mp4,213,Well
llavallama3,A,3,46_final.mp4,216,Well
llavallama3,A,3,46_final.mp4,219,Well
llavallama3,A,3,46_final.mp4,222,Well
llavallama3,A,3,46_final.mp4,225,Well
llavallama3,A,3,46_final.mp4,228,Well
llavallama3,A,3,46_final.mp4,231,Well
llavallama3,A,3,46_final.mp4,234,Well
llavallama3,A,3,46_final.mp4,237,Well
llavallama3,A,3,46_final.mp4,240,Well
llavallama3,A,3,46_final.mp4,243,Well
llavallama3,A,3,46_final.mp4,246,Poorly
llavallama3,A,3,46_final.mp4,249,Well
llavallama3,A,3,46_final.mp4,252,Well
llavallama3,A,3,46_final.mp4,255,Well
llavallama3,A,3,46_final.mp4,258,Well
llavallama3,A,3,46_final.mp4,261,Well
llavallama3,A,3,46_final.mp4,264,Well
llavallama3,A,3,46_final.mp4,267,Well
llavallama3,A,3,46_final.mp4,270,Well
llavallama3,A,3,46_final.mp4,273,Well
llavallama3,A,3,46_final.mp4,276,Well
llavallama3,A,3,46_final.mp4,279,Well
llavallama3,A,3,46_final.mp4,282,Poorly
llavallama3,A,3,46_final.mp4,285,Well
llavallama3,A,3,46_final.mp4,288,Well
llavallama3,A,3,46_final.mp4,291,Poorly
llavallama3,A,3,46_final.mp4,294,Well
llavallama3,A,3,46_final.mp4,297,Well
deepseek_ocr,A,3,11_final.mp4,0,Well
deepseek_ocr,A,3,11_final.mp4,3,Well
deepseek_ocr,A,3,11_final.mp4,6,Well
deepseek_ocr,A,3,11_final.mp4,9,Well
deepseek_ocr,A,3,11_final.mp4,12,Well
deepseek_ocr,A,3,11_final.mp4,15,Well
deepseek_ocr,A,3,11_final.mp4,18,Well
deepseek_ocr,A,3,11_final.mp4,21,Well
deepseek_ocr,A,3,11_final.mp4,24,Well
deepseek_ocr,A,3,11_final.mp4,27,Well
deepseek_ocr,A,3,11_final.mp4,30,Well
deepseek_ocr,A,3,11_final.mp4,33,Well
deepseek_ocr,A,3,11_final.mp4,36,Well
deepseek_ocr,A,3,11_final.mp4,39,Well
deepseek_ocr,A,3,11_final.mp4,42,Well
deepseek_ocr,A,3,11_final.mp4,45,Well
deepseek_ocr,A,3,11_final.mp4,48,Well
deepseek_ocr,A,3,11_final.mp4,51,Well
deepseek_ocr,A,3,11_final.mp4,54,Well
deepseek_ocr,A,3,11_final.mp4,57,Well
deepseek_ocr,A,3,11_final.mp4,60,Well
deepseek_ocr,A,3,11_final.mp4,63,Well
deepseek_ocr,A,3,11_final.mp4,66,Well
deepseek_ocr,A,3,11_final.mp4,69,Well
deepseek_ocr,A,3,11_final.mp4,72,Well
deepseek_ocr,A,3,11_final.mp4,75,Well
deepseek_ocr,A,3,11_final.mp4,78,Well
deepseek_ocr,A,3,11_final.mp4,81,Well
deepseek_ocr,A,3,11_final.mp4,84,Well
deepseek_ocr,A,3,11_final.mp4,87,Well
deepseek_ocr,A,3,11_final.mp4,90,Well
deepseek_ocr,A,3,11_final.mp4,93,Well
deepseek_ocr,A,3,11_final.mp4,96,Well
deepseek_ocr,A,3,11_final.mp4,99,Well
deepseek_ocr,A,3,11_final.mp4,102,Well
deepseek_ocr,A,3,11_final.mp4,105,Well
deepseek_ocr,A,3,11_final.mp4,108,Well
deepseek_ocr,A,3,11_final.mp4,111,Well
deepseek_ocr,A,3,11_final.mp4,114,Well
deepseek_ocr,A,3,11_final.mp4,117,Well
deepseek_ocr,A,3,11_final.mp4,120,Well
deepseek_ocr,A,3,11_final.mp4,123,Well
deepseek_ocr,A,3,11_final.mp4,126,Well
deepseek_ocr,A,3,11_final.mp4,129,Well
deepseek_ocr,A,3,11_final.mp4,132,Well
deepseek_ocr,A,3,11_final.mp4,135,Well
deepseek_ocr,A,3,11_final.mp4,138,Well
deepseek_ocr,A,3,11_final.mp4,141,Well
deepseek_ocr,A,3,11_final.mp4,144,Well
deepseek_ocr,A,3,11_final.mp4,147,Well
deepseek_ocr,A,3,11_final.mp4,150,Well
deepseek_ocr,A,3,11_final.mp4,153,Well
deepseek_ocr,A,3,11_final.mp4,156,Well
deepseek_ocr,A,3,11_final.mp4,159,Well
deepseek_ocr,A,3,11_final.mp4,162,Well
deepseek_ocr,A,3,11_final.mp4,165,Well
deepseek_ocr,A,3,11_final.mp4,168,Well
deepseek_ocr,A,3,11_final.mp4,171,Well
deepseek_ocr,A,3,11_final.mp4,174,Well
deepseek_ocr,A,3,11_final.mp4,177,Well
deepseek_ocr,A,3,11_final.mp4,180,Well
deepseek_ocr,A,3,11_final.mp4,183,Well
deepseek_ocr,A,3,11_final.mp4,186,Well
deepseek_ocr,A,3,11_final.mp4,189,Well
deepseek_ocr,A,3,11_final.mp4,192,Well
deepseek_ocr,A,3,11_final.mp4,195,Well
deepseek_ocr,A,3,11_final.mp4,198,Well
deepseek_ocr,A,3,11_final.mp4,201,Well
deepseek_ocr,A,3,11_final.mp4,204,Well
deepseek_ocr,A,3,11_final.mp4,207,Well
deepseek_ocr,A,3,11_final.mp4,210,Well
deepseek_ocr,A,3,11_final.mp4,213,Well
deepseek_ocr,A,3,11_final.mp4,216,Well
deepseek_ocr,A,3,11_final.mp4,219,Well
deepseek_ocr,A,3,11_final.mp4,222,Well
deepseek_ocr,A,3,11_final.mp4,225,Well
deepseek_ocr,A,3,11_final.mp4,228,Well
deepseek_ocr,A,3,11_final.mp4,231,Well
deepseek_ocr,A,3,11_final.mp4,234,Well
deepseek_ocr,A,3,11_final.mp4,237,Well
deepseek_ocr,A,3,11_final.mp4,240,Well
deepseek_ocr,A,3,11_final.mp4,243,Well
deepseek_ocr,A,3,11_final.mp4,246,Well
deepseek_ocr,A,3,11_final.mp4,249,Well
deepseek_ocr,A,3,11_final.mp4,252,Well
deepseek_ocr,A,3,11_final.mp4,255,Well
deepseek_ocr,A,3,11_final.mp4,258,Well
deepseek_ocr,A,3,11_final.mp4,261,Well
deepseek_ocr,A,3,11_final.mp4,264,Well
deepseek_ocr,A,3,11_final.mp4,267,Well
deepseek_ocr,A,3,11_final.mp4,270,Well
deepseek_ocr,A,3,11_final.mp4,273,Well
deepseek_ocr,A,3,11_final.mp4,276,Well
deepseek_ocr,A,3,11_final.mp4,279,Well
deepseek_ocr,A,3,11_final.mp4,282,Well
deepseek_ocr,A,3,11_final.mp4,285,Well
deepseek_ocr,A,3,11_final.mp4,288,Well
deepseek_ocr,A,3,11_final.mp4,291,Well
deepseek_ocr,A,3,11_final.mp4,294,Well
deepseek_ocr,A,3,11_final.mp4,297,Well
deepseek_ocr,A,3,11_final.mp4,300,Well
deepseek_ocr,A,3,11_final.mp4,303,Well
deepseek_ocr,A,3,11_final.mp4,306,Well
deepseek_ocr,A,3,11_final.mp4,309,Well
deepseek_ocr,A,3,11_final.mp4,312,Well
deepseek_ocr,A,3,11_final.mp4,315,Well
deepseek_ocr,A,3,11_final.mp4,318,Well
deepseek_ocr,A,3,11_final.mp4,321,Well
deepseek_ocr,A,3,11_final.mp4,324,Well
deepseek_ocr,A,3,11_final.mp4,327,Well
deepseek_ocr,A,3,11_final.mp4,330,Well
deepseek_ocr,A,3,11_final.mp4,333,Well
deepseek_ocr,A,3,11_final.mp4,336,Well
deepseek_ocr,A,3,11_final.mp4,339,Well
deepseek_ocr,A,3,11_final.mp4,342,Well
deepseek_ocr,A,3,11_final.mp4,345,Well
deepseek_ocr,A,3,11_final.mp4,348,Well
deepseek_ocr,A,3,11_final.mp4,351,Well
deepseek_ocr,A,3,11_final.mp4,354,Well
deepseek_ocr,A,3,11_final.mp4,357,Well
deepseek_ocr,A,3,11_final.mp4,360,Well
deepseek_ocr,A,3,11_final.mp4,363,Well
deepseek_ocr,A,3,11_final.mp4,366,Well
deepseek_ocr,A,3,11_final.mp4,369,Well
deepseek_ocr,A,3,11_final.mp4,372,Well
deepseek_ocr,A,3,11_final.mp4,375,Well
deepseek_ocr,A,3,11_final.mp4,378,Well
deepseek_ocr,A,3,11_final.mp4,381,Well
deepseek_ocr,A,3,11_final.mp4,384,Well
deepseek_ocr,A,3,11_final.mp4,387,Well
deepseek_ocr,A,3,11_final.mp4,390,Well
deepseek_ocr,A,3,11_final.mp4,393,Well
deepseek_ocr,A,3,11_final.mp4,396,Well
deepseek_ocr,A,3,11_final.mp4,399,Well
deepseek_ocr,A,3,11_final.mp4,402,Well
deepseek_ocr,A,3,11_final.mp4,405,Well
deepseek_ocr,A,3,11_final.mp4,408,Well
deepseek_ocr,A,3,11_final.mp4,411,Well
deepseek_ocr,A,3,11_final.mp4,414,Well
deepseek_ocr,A,3,11_final.mp4,417,Well
deepseek_ocr,A,3,11_final.mp4,420,Well
deepseek_ocr,A,3,11_final.mp4,423,Well
deepseek_ocr,A,3,12_final.mp4,0,Well
deepseek_ocr,A,3,12_final.mp4,3,Well
deepseek_ocr,A,3,12_final.mp4,6,Well
deepseek_ocr,A,3,12_final.mp4,9,Well
deepseek_ocr,A,3,12_final.mp4,12,Well
deepseek_ocr,A,3,12_final.mp4,15,Well
deepseek_ocr,A,3,12_final.mp4,18,Well
deepseek_ocr,A,3,12_final.mp4,21,Well
deepseek_ocr,A,3,12_final.mp4,24,Well
deepseek_ocr,A,3,12_final.mp4,27,Well
deepseek_ocr,A,3,12_final.mp4,30,Well
deepseek_ocr,A,3,12_final.mp4,33,Well
deepseek_ocr,A,3,12_final.mp4,36,Well
deepseek_ocr,A,3,12_final.mp4,39,Well
deepseek_ocr,A,3,12_final.mp4,42,Well
deepseek_ocr,A,3,12_final.mp4,45,Well
deepseek_ocr,A,3,12_final.mp4,48,Well
deepseek_ocr,A,3,12_final.mp4,51,Well
deepseek_ocr,A,3,12_final.mp4,54,Well
deepseek_ocr,A,3,12_final.mp4,57,Poorly
deepseek_ocr,A,3,12_final.mp4,60,Poorly
deepseek_ocr,A,3,12_final.mp4,63,Poorly
deepseek_ocr,A,3,12_final.mp4,66,Well
deepseek_ocr,A,3,12_final.mp4,69,Poorly
deepseek_ocr,A,3,12_final.mp4,72,Poorly
deepseek_ocr,A,3,12_final.mp4,75,Well
deepseek_ocr,A,3,12_final.mp4,78,Poorly
deepseek_ocr,A,3,12_final.mp4,81,Well
deepseek_ocr,A,3,12_final.mp4,84,Well
deepseek_ocr,A,3,12_final.mp4,87,Well
deepseek_ocr,A,3,12_final.mp4,90,Well
deepseek_ocr,A,3,12_final.mp4,93,Well
deepseek_ocr,A,3,12_final.mp4,96,Well
deepseek_ocr,A,3,12_final.mp4,99,Well
deepseek_ocr,A,3,12_final.mp4,102,Well
deepseek_ocr,A,3,12_final.mp4,105,Well
deepseek_ocr,A,3,12_final.mp4,108,Well
deepseek_ocr,A,3,12_final.mp4,111,Well
deepseek_ocr,A,3,12_final.mp4,114,Well
deepseek_ocr,A,3,12_final.mp4,117,Well
deepseek_ocr,A,3,12_final.mp4,120,Well
deepseek_ocr,A,3,12_final.mp4,123,Well
deepseek_ocr,A,3,12_final.mp4,126,Well
deepseek_ocr,A,3,12_final.mp4,129,Well
deepseek_ocr,A,3,12_final.mp4,132,Well
deepseek_ocr,A,3,12_final.mp4,135,Well
deepseek_ocr,A,3,12_final.mp4,138,Well
deepseek_ocr,A,3,12_final.mp4,141,Well
deepseek_ocr,A,3,12_final.mp4,144,Well
deepseek_ocr,A,3,12_final.mp4,147,Well
deepseek_ocr,A,3,12_final.mp4,150,Well
deepseek_ocr,A,3,12_final.mp4,153,Well
deepseek_ocr,A,3,12_final.mp4,156,Well
deepseek_ocr,A,3,12_final.mp4,159,Well
deepseek_ocr,A,3,12_final.mp4,162,Well
deepseek_ocr,A,3,12_final.mp4,165,Well
deepseek_ocr,A,3,12_final.mp4,168,Well
deepseek_ocr,A,3,12_final.mp4,171,Well
deepseek_ocr,A,3,12_final.mp4,174,Well
deepseek_ocr,A,3,12_final.mp4,177,Well
deepseek_ocr,A,3,12_final.mp4,180,Well
deepseek_ocr,A,3,12_final.mp4,183,Well
deepseek_ocr,A,3,12_final.mp4,186,Well
deepseek_ocr,A,3,12_final.mp4,189,Well
deepseek_ocr,A,3,12_final.mp4,192,Well
deepseek_ocr,A,3,12_final.mp4,195,Well
deepseek_ocr,A,3,12_final.mp4,198,Well
deepseek_ocr,A,3,12_final.mp4,201,Well
deepseek_ocr,A,3,12_final.mp4,204,Well
deepseek_ocr,A,3,12_final.mp4,207,Well
deepseek_ocr,A,3,12_final.mp4,210,Well
deepseek_ocr,A,3,12_final.mp4,213,Well
deepseek_ocr,A,3,12_final.mp4,216,Well
deepseek_ocr,A,3,14_final.mp4,0,Well
deepseek_ocr,A,3,14_final.mp4,3,Poorly
deepseek_ocr,A,3,14_final.mp4,6,Well
deepseek_ocr,A,3,14_final.mp4,9,Well
deepseek_ocr,A,3,14_final.mp4,12,Well
deepseek_ocr,A,3,14_final.mp4,15,Poorly
deepseek_ocr,A,3,14_final.mp4,18,Well
deepseek_ocr,A,3,14_final.mp4,21,Well
deepseek_ocr,A,3,14_final.mp4,24,Well
deepseek_ocr,A,3,14_final.mp4,27,Poorly
deepseek_ocr,A,3,14_final.mp4,30,Well
deepseek_ocr,A,3,14_final.mp4,33,Poorly
deepseek_ocr,A,3,14_final.mp4,36,Poorly
deepseek_ocr,A,3,14_final.mp4,39,Well
deepseek_ocr,A,3,14_final.mp4,42,Well
deepseek_ocr,A,3,14_final.mp4,45,Well
deepseek_ocr,A,3,14_final.mp4,48,Well
deepseek_ocr,A,3,14_final.mp4,51,Well
deepseek_ocr,A,3,14_final.mp4,54,Well
deepseek_ocr,A,3,14_final.mp4,57,Poorly
deepseek_ocr,A,3,14_final.mp4,60,Well
deepseek_ocr,A,3,14_final.mp4,63,Well
deepseek_ocr,A,3,14_final.mp4,66,Poorly
deepseek_ocr,A,3,14_final.mp4,69,Well
deepseek_ocr,A,3,14_final.mp4,72,Well
deepseek_ocr,A,3,14_final.mp4,75,Well
deepseek_ocr,A,3,14_final.mp4,78,Well
deepseek_ocr,A,3,14_final.mp4,81,Well
deepseek_ocr,A,3,14_final.mp4,84,Poorly
deepseek_ocr,A,3,14_final.mp4,87,Well
deepseek_ocr,A,3,14_final.mp4,90,Poorly
deepseek_ocr,A,3,14_final.mp4,93,Poorly
deepseek_ocr,A,3,14_final.mp4,96,Well
deepseek_ocr,A,3,14_final.mp4,99,Well
deepseek_ocr,A,3,14_final.mp4,102,Poorly
deepseek_ocr,A,3,14_final.mp4,105,Poorly
deepseek_ocr,A,3,14_final.mp4,108,Poorly
deepseek_ocr,A,3,14_final.mp4,111,Poorly
deepseek_ocr,A,3,14_final.mp4,114,Well
deepseek_ocr,A,3,14_final.mp4,117,Well
deepseek_ocr,A,3,14_final.mp4,120,Well
deepseek_ocr,A,3,14_final.mp4,123,Poorly
deepseek_ocr,A,3,14_final.mp4,126,Well
deepseek_ocr,A,3,14_final.mp4,129,Well
deepseek_ocr,A,3,14_final.mp4,132,Well
deepseek_ocr,A,3,14_final.mp4,135,Well
deepseek_ocr,A,3,14_final.mp4,138,Poorly
deepseek_ocr,A,3,14_final.mp4,141,Well
deepseek_ocr,A,3,14_final.mp4,144,Well
deepseek_ocr,A,3,14_final.mp4,147,Well
deepseek_ocr,A,3,14_final.mp4,150,Well
deepseek_ocr,A,3,14_final.mp4,153,Poorly
deepseek_ocr,A,3,14_final.mp4,156,Well
deepseek_ocr,A,3,14_final.mp4,159,Poorly
deepseek_ocr,A,3,14_final.mp4,162,Well
deepseek_ocr,A,3,14_final.mp4,165,Well
deepseek_ocr,A,3,14_final.mp4,168,Poorly
deepseek_ocr,A,3,14_final.mp4,171,Well
deepseek_ocr,A,3,14_final.mp4,174,Well
deepseek_ocr,A,3,14_final.mp4,177,Poorly
deepseek_ocr,A,3,14_final.mp4,180,Well
deepseek_ocr,A,3,14_final.mp4,183,Well
deepseek_ocr,A,3,14_final.mp4,186,Well
deepseek_ocr,A,3,14_final.mp4,189,Well
deepseek_ocr,A,3,14_final.mp4,192,Well
deepseek_ocr,A,3,14_final.mp4,195,Well
deepseek_ocr,A,3,14_final.mp4,198,Well
deepseek_ocr,A,3,14_final.mp4,201,Well
deepseek_ocr,A,3,14_final.mp4,204,Well
deepseek_ocr,A,3,14_final.mp4,207,Well
deepseek_ocr,A,3,14_final.mp4,210,Poorly
deepseek_ocr,A,3,14_final.mp4,213,Well
deepseek_ocr,A,3,14_final.mp4,216,Poorly
deepseek_ocr,A,3,14_final.mp4,219,Well
deepseek_ocr,A,3,14_final.mp4,222,Well
deepseek_ocr,A,3,14_final.mp4,225,Well
deepseek_ocr,A,3,14_final.mp4,228,Well
deepseek_ocr,A,3,14_final.mp4,231,Well
deepseek_ocr,A,3,14_final.mp4,234,Well
deepseek_ocr,A,3,14_final.mp4,237,Well
deepseek_ocr,A,3,14_final.mp4,240,Poorly
deepseek_ocr,A,3,14_final.mp4,243,Well
deepseek_ocr,A,3,14_final.mp4,246,Well
deepseek_ocr,A,3,14_final.mp4,249,Well
deepseek_ocr,A,3,14_final.mp4,252,Well
deepseek_ocr,A,3,14_final.mp4,255,Well
deepseek_ocr,A,3,14_final.mp4,258,Well
deepseek_ocr,A,3,14_final.mp4,261,Well
deepseek_ocr,A,3,14_final.mp4,264,Well
deepseek_ocr,A,3,14_final.mp4,267,Poorly
deepseek_ocr,A,3,14_final.mp4,270,Poorly
deepseek_ocr,A,3,14_final.mp4,273,Well
deepseek_ocr,A,3,14_final.mp4,276,Well
deepseek_ocr,A,3,14_final.mp4,279,Well
deepseek_ocr,A,3,14_final.mp4,282,Well
deepseek_ocr,A,3,14_final.mp4,285,Poorly
deepseek_ocr,A,3,14_final.mp4,288,Poorly
deepseek_ocr,A,3,14_final.mp4,291,Well
deepseek_ocr,A,3,14_final.mp4,294,Poorly
deepseek_ocr,A,3,14_final.mp4,297,Well
deepseek_ocr,A,3,14_final.mp4,300,Well
deepseek_ocr,A,3,14_final.mp4,303,Well
deepseek_ocr,A,3,14_final.mp4,306,Well
deepseek_ocr,A,3,14_final.mp4,309,Well
deepseek_ocr,A,3,14_final.mp4,312,Well
deepseek_ocr,A,3,14_final.mp4,315,Well
deepseek_ocr,A,3,14_final.mp4,318,Well
deepseek_ocr,A,3,14_final.mp4,321,Well
deepseek_ocr,A,3,14_final.mp4,324,Well
deepseek_ocr,A,3,14_final.mp4,327,Well
deepseek_ocr,A,3,14_final.mp4,330,Well
deepseek_ocr,A,3,14_final.mp4,333,Well
deepseek_ocr,A,3,14_final.mp4,336,Well
deepseek_ocr,A,3,14_final.mp4,339,Well
deepseek_ocr,A,3,14_final.mp4,342,Well
deepseek_ocr,A,3,14_final.mp4,345,Well
deepseek_ocr,A,3,14_final.mp4,348,Well
deepseek_ocr,A,3,14_final.mp4,351,Well
deepseek_ocr,A,3,14_final.mp4,354,Well
deepseek_ocr,A,3,14_final.mp4,357,Well
deepseek_ocr,A,3,14_final.mp4,360,Well
deepseek_ocr,A,3,14_final.mp4,363,Well
deepseek_ocr,A,3,14_final.mp4,366,Well
deepseek_ocr,A,3,14_final.mp4,369,Well
deepseek_ocr,A,3,14_final.mp4,372,Well
deepseek_ocr,A,3,14_final.mp4,375,Well
deepseek_ocr,A,3,14_final.mp4,378,Well
deepseek_ocr,A,3,14_final.mp4,381,Well
deepseek_ocr,A,3,14_final.mp4,384,Well
deepseek_ocr,A,3,14_final.mp4,387,Well
deepseek_ocr,A,3,15_final.mp4,0,Well
deepseek_ocr,A,3,15_final.mp4,3,Well
deepseek_ocr,A,3,15_final.mp4,6,Well
deepseek_ocr,A,3,15_final.mp4,9,Well
deepseek_ocr,A,3,15_final.mp4,12,Well
deepseek_ocr,A,3,15_final.mp4,15,Well
deepseek_ocr,A,3,15_final.mp4,18,Well
deepseek_ocr,A,3,15_final.mp4,21,Well
deepseek_ocr,A,3,15_final.mp4,24,Well
deepseek_ocr,A,3,15_final.mp4,27,Poorly
deepseek_ocr,A,3,15_final.mp4,30,Well
deepseek_ocr,A,3,15_final.mp4,33,Poorly
deepseek_ocr,A,3,15_final.mp4,36,Poorly
deepseek_ocr,A,3,15_final.mp4,39,Well
deepseek_ocr,A,3,15_final.mp4,42,Poorly
deepseek_ocr,A,3,15_final.mp4,45,Well
deepseek_ocr,A,3,15_final.mp4,48,Well
deepseek_ocr,A,3,15_final.mp4,51,Poorly
deepseek_ocr,A,3,15_final.mp4,54,Poorly
deepseek_ocr,A,3,15_final.mp4,57,Poorly
deepseek_ocr,A,3,15_final.mp4,60,Poorly
deepseek_ocr,A,3,15_final.mp4,63,Poorly
deepseek_ocr,A,3,15_final.mp4,66,Poorly
deepseek_ocr,A,3,15_final.mp4,69,Well
deepseek_ocr,A,3,15_final.mp4,72,Poorly
deepseek_ocr,A,3,15_final.mp4,75,Well
deepseek_ocr,A,3,15_final.mp4,78,Poorly
deepseek_ocr,A,3,15_final.mp4,81,Poorly
deepseek_ocr,A,3,15_final.mp4,84,Well
deepseek_ocr,A,3,15_final.mp4,87,Well
deepseek_ocr,A,3,15_final.mp4,90,Poorly
deepseek_ocr,A,3,15_final.mp4,93,Poorly
deepseek_ocr,A,3,15_final.mp4,96,Well
deepseek_ocr,A,3,15_final.mp4,99,Poorly
deepseek_ocr,A,3,15_final.mp4,102,Well
deepseek_ocr,A,3,15_final.mp4,105,Poorly
deepseek_ocr,A,3,15_final.mp4,108,Well
deepseek_ocr,A,3,15_final.mp4,111,Well
deepseek_ocr,A,3,15_final.mp4,114,Well
deepseek_ocr,A,3,15_final.mp4,117,Well
deepseek_ocr,A,3,15_final.mp4,120,Well
deepseek_ocr,A,3,15_final.mp4,123,Poorly
deepseek_ocr,A,3,15_final.mp4,126,Well
deepseek_ocr,A,3,15_final.mp4,129,Well
deepseek_ocr,A,3,15_final.mp4,132,Well
deepseek_ocr,A,3,15_final.mp4,135,Well
deepseek_ocr,A,3,15_final.mp4,138,Well
deepseek_ocr,A,3,15_final.mp4,141,Well
deepseek_ocr,A,3,15_final.mp4,144,Poorly
deepseek_ocr,A,3,15_final.mp4,147,Well
deepseek_ocr,A,3,15_final.mp4,150,Well
deepseek_ocr,A,3,15_final.mp4,153,Well
deepseek_ocr,A,3,15_final.mp4,156,Well
deepseek_ocr,A,3,15_final.mp4,159,Well
deepseek_ocr,A,3,15_final.mp4,162,Well
deepseek_ocr,A,3,15_final.mp4,165,Poorly
deepseek_ocr,A,3,15_final.mp4,168,Poorly
deepseek_ocr,A,3,15_final.mp4,171,Well
deepseek_ocr,A,3,15_final.mp4,174,Well
deepseek_ocr,A,3,15_final.mp4,177,Well
deepseek_ocr,A,3,15_final.mp4,180,Well
deepseek_ocr,A,3,15_final.mp4,183,Well
deepseek_ocr,A,3,15_final.mp4,186,Well
deepseek_ocr,A,3,15_final.mp4,189,Well
deepseek_ocr,A,3,15_final.mp4,192,Well
deepseek_ocr,A,3,15_final.mp4,195,Well
deepseek_ocr,A,3,15_final.mp4,198,Poorly
deepseek_ocr,A,3,15_final.mp4,201,Well
deepseek_ocr,A,3,15_final.mp4,204,Well
deepseek_ocr,A,3,15_final.mp4,207,Well
deepseek_ocr,A,3,15_final.mp4,210,Well
deepseek_ocr,A,3,15_final.mp4,213,Well
deepseek_ocr,A,3,15_final.mp4,216,Well
deepseek_ocr,A,3,19_final.mp4,0,Poorly
deepseek_ocr,A,3,19_final.mp4,3,Well
deepseek_ocr,A,3,19_final.mp4,6,Well
deepseek_ocr,A,3,19_final.mp4,9,Poorly
deepseek_ocr,A,3,19_final.mp4,12,Poorly
deepseek_ocr,A,3,19_final.mp4,15,Well
deepseek_ocr,A,3,19_final.mp4,18,Poorly
deepseek_ocr,A,3,19_final.mp4,21,Well
deepseek_ocr,A,3,19_final.mp4,24,Well
deepseek_ocr,A,3,19_final.mp4,27,Poorly
deepseek_ocr,A,3,19_final.mp4,30,Poorly
deepseek_ocr,A,3,19_final.mp4,33,Poorly
deepseek_ocr,A,3,19_final.mp4,36,Well
deepseek_ocr,A,3,19_final.mp4,39,Well
deepseek_ocr,A,3,19_final.mp4,42,Poorly
deepseek_ocr,A,3,19_final.mp4,45,Well
deepseek_ocr,A,3,19_final.mp4,48,Well
deepseek_ocr,A,3,19_final.mp4,51,Poorly
deepseek_ocr,A,3,19_final.mp4,54,Poorly
deepseek_ocr,A,3,19_final.mp4,57,Well
deepseek_ocr,A,3,19_final.mp4,60,Well
deepseek_ocr,A,3,19_final.mp4,63,Well
deepseek_ocr,A,3,19_final.mp4,66,Poorly
deepseek_ocr,A,3,19_final.mp4,69,Poorly
deepseek_ocr,A,3,19_final.mp4,72,Well
deepseek_ocr,A,3,19_final.mp4,75,Poorly
deepseek_ocr,A,3,19_final.mp4,78,Well
deepseek_ocr,A,3,19_final.mp4,81,Poorly
deepseek_ocr,A,3,19_final.mp4,84,Poorly
deepseek_ocr,A,3,19_final.mp4,87,Poorly
deepseek_ocr,A,3,19_final.mp4,90,Poorly
deepseek_ocr,A,3,19_final.mp4,93,Well
deepseek_ocr,A,3,19_final.mp4,96,Well
deepseek_ocr,A,3,19_final.mp4,99,Well
deepseek_ocr,A,3,19_final.mp4,102,Poorly
deepseek_ocr,A,3,19_final.mp4,105,Poorly
deepseek_ocr,A,3,19_final.mp4,108,Poorly
deepseek_ocr,A,3,19_final.mp4,111,Well
deepseek_ocr,A,3,19_final.mp4,114,Well
deepseek_ocr,A,3,19_final.mp4,117,Poorly
deepseek_ocr,A,3,19_final.mp4,120,Poorly
deepseek_ocr,A,3,19_final.mp4,123,Poorly
deepseek_ocr,A,3,19_final.mp4,126,Poorly
deepseek_ocr,A,3,19_final.mp4,129,Well
deepseek_ocr,A,3,19_final.mp4,132,Poorly
deepseek_ocr,A,3,19_final.mp4,135,Poorly
deepseek_ocr,A,3,19_final.mp4,138,Well
deepseek_ocr,A,3,19_final.mp4,141,Poorly
deepseek_ocr,A,3,19_final.mp4,144,Well
deepseek_ocr,A,3,19_final.mp4,147,Well
deepseek_ocr,A,3,19_final.mp4,150,Poorly
deepseek_ocr,A,3,19_final.mp4,153,Well
deepseek_ocr,A,3,19_final.mp4,156,Well
deepseek_ocr,A,3,19_final.mp4,159,Well
deepseek_ocr,A,3,19_final.mp4,162,Well
deepseek_ocr,A,3,19_final.mp4,165,Poorly
deepseek_ocr,A,3,19_final.mp4,168,Poorly
deepseek_ocr,A,3,19_final.mp4,171,Well
deepseek_ocr,A,3,19_final.mp4,174,Well
deepseek_ocr,A,3,19_final.mp4,177,Well
deepseek_ocr,A,3,19_final.mp4,180,Well
deepseek_ocr,A,3,19_final.mp4,183,Well
deepseek_ocr,A,3,19_final.mp4,186,Well
deepseek_ocr,A,3,19_final.mp4,189,Well
deepseek_ocr,A,3,19_final.mp4,192,Well
deepseek_ocr,A,3,19_final.mp4,195,Well
deepseek_ocr,A,3,19_final.mp4,198,Well
deepseek_ocr,A,3,19_final.mp4,201,Well
deepseek_ocr,A,3,19_final.mp4,204,Well
deepseek_ocr,A,3,19_final.mp4,207,Well
deepseek_ocr,A,3,19_final.mp4,210,Well
deepseek_ocr,A,3,19_final.mp4,213,Well
deepseek_ocr,A,3,19_final.mp4,216,Well
deepseek_ocr,A,3,19_final.mp4,219,Well
deepseek_ocr,A,3,19_final.mp4,222,Well
deepseek_ocr,A,3,19_final.mp4,225,Well
deepseek_ocr,A,3,19_final.mp4,228,Well
deepseek_ocr,A,3,19_final.mp4,231,Well
deepseek_ocr,A,3,19_final.mp4,234,Well
deepseek_ocr,A,3,19_final.mp4,237,Well
deepseek_ocr,A,3,19_final.mp4,240,Well
deepseek_ocr,A,3,19_final.mp4,243,Well
deepseek_ocr,A,3,19_final.mp4,246,Well
deepseek_ocr,A,3,19_final.mp4,249,Well
deepseek_ocr,A,3,19_final.mp4,252,Well
deepseek_ocr,A,3,19_final.mp4,255,Well
deepseek_ocr,A,3,19_final.mp4,258,Well
deepseek_ocr,A,3,19_final.mp4,261,Well
deepseek_ocr,A,3,19_final.mp4,264,Well
deepseek_ocr,A,3,19_final.mp4,267,Well
deepseek_ocr,A,3,21_final.mp4,0,Well
deepseek_ocr,A,3,21_final.mp4,3,Well
deepseek_ocr,A,3,21_final.mp4,6,Well
deepseek_ocr,A,3,21_final.mp4,9,Well
deepseek_ocr,A,3,21_final.mp4,12,Well
deepseek_ocr,A,3,21_final.mp4,15,Well
deepseek_ocr,A,3,21_final.mp4,18,Well
deepseek_ocr,A,3,21_final.mp4,21,Well
deepseek_ocr,A,3,21_final.mp4,24,Well
deepseek_ocr,A,3,21_final.mp4,27,Well
deepseek_ocr,A,3,21_final.mp4,30,Well
deepseek_ocr,A,3,21_final.mp4,33,Well
deepseek_ocr,A,3,21_final.mp4,36,Well
deepseek_ocr,A,3,21_final.mp4,39,Well
deepseek_ocr,A,3,21_final.mp4,42,Well
deepseek_ocr,A,3,21_final.mp4,45,Well
deepseek_ocr,A,3,21_final.mp4,48,Well
deepseek_ocr,A,3,21_final.mp4,51,Well
deepseek_ocr,A,3,21_final.mp4,54,Well
deepseek_ocr,A,3,21_final.mp4,57,Well
deepseek_ocr,A,3,21_final.mp4,60,Well
deepseek_ocr,A,3,21_final.mp4,63,Well
deepseek_ocr,A,3,21_final.mp4,66,Well
deepseek_ocr,A,3,21_final.mp4,69,Well
deepseek_ocr,A,3,21_final.mp4,72,Well
deepseek_ocr,A,3,21_final.mp4,75,Well
deepseek_ocr,A,3,21_final.mp4,78,Well
deepseek_ocr,A,3,21_final.mp4,81,Well
deepseek_ocr,A,3,21_final.mp4,84,Well
deepseek_ocr,A,3,21_final.mp4,87,Well
deepseek_ocr,A,3,21_final.mp4,90,Well
deepseek_ocr,A,3,21_final.mp4,93,Well
deepseek_ocr,A,3,21_final.mp4,96,Well
deepseek_ocr,A,3,21_final.mp4,99,Well
deepseek_ocr,A,3,21_final.mp4,102,Well
deepseek_ocr,A,3,21_final.mp4,105,Well
deepseek_ocr,A,3,21_final.mp4,108,Well
deepseek_ocr,A,3,21_final.mp4,111,Well
deepseek_ocr,A,3,21_final.mp4,114,Well
deepseek_ocr,A,3,21_final.mp4,117,Well
deepseek_ocr,A,3,21_final.mp4,120,Well
deepseek_ocr,A,3,21_final.mp4,123,Well
deepseek_ocr,A,3,21_final.mp4,126,Well
deepseek_ocr,A,3,21_final.mp4,129,Well
deepseek_ocr,A,3,21_final.mp4,132,Well
deepseek_ocr,A,3,21_final.mp4,135,Well
deepseek_ocr,A,3,21_final.mp4,138,Well
deepseek_ocr,A,3,21_final.mp4,141,Well
deepseek_ocr,A,3,21_final.mp4,144,Well
deepseek_ocr,A,3,21_final.mp4,147,Well
deepseek_ocr,A,3,21_final.mp4,150,Well
deepseek_ocr,A,3,21_final.mp4,153,Well
deepseek_ocr,A,3,21_final.mp4,156,Well
deepseek_ocr,A,3,21_final.mp4,159,Well
deepseek_ocr,A,3,21_final.mp4,162,Well
deepseek_ocr,A,3,21_final.mp4,165,Well
deepseek_ocr,A,3,21_final.mp4,168,Well
deepseek_ocr,A,3,21_final.mp4,171,Well
deepseek_ocr,A,3,21_final.mp4,174,Well
deepseek_ocr,A,3,21_final.mp4,177,Well
deepseek_ocr,A,3,21_final.mp4,180,Well
deepseek_ocr,A,3,21_final.mp4,183,Well
deepseek_ocr,A,3,21_final.mp4,186,Well
deepseek_ocr,A,3,21_final.mp4,189,Well
deepseek_ocr,A,3,21_final.mp4,192,Well
deepseek_ocr,A,3,21_final.mp4,195,Well
deepseek_ocr,A,3,21_final.mp4,198,Well
deepseek_ocr,A,3,21_final.mp4,201,Well
deepseek_ocr,A,3,21_final.mp4,204,Well
deepseek_ocr,A,3,21_final.mp4,207,Well
deepseek_ocr,A,3,21_final.mp4,210,Well
deepseek_ocr,A,3,21_final.mp4,213,Well
deepseek_ocr,A,3,21_final.mp4,216,Well
deepseek_ocr,A,3,21_final.mp4,219,Well
deepseek_ocr,A,3,21_final.mp4,222,Well
deepseek_ocr,A,3,21_final.mp4,225,Well
deepseek_ocr,A,3,21_final.mp4,228,Well
deepseek_ocr,A,3,21_final.mp4,231,Well
deepseek_ocr,A,3,21_final.mp4,234,Well
deepseek_ocr,A,3,21_final.mp4,237,Well
deepseek_ocr,A,3,21_final.mp4,240,Well
deepseek_ocr,A,3,21_final.mp4,243,Well
deepseek_ocr,A,3,21_final.mp4,246,Well
deepseek_ocr,A,3,21_final.mp4,249,Well
deepseek_ocr,A,3,21_final.mp4,252,Well
deepseek_ocr,A,3,21_final.mp4,255,Well
deepseek_ocr,A,3,21_final.mp4,258,Well
deepseek_ocr,A,3,21_final.mp4,261,Well
deepseek_ocr,A,3,21_final.mp4,264,Well
deepseek_ocr,A,3,21_final.mp4,267,Well
deepseek_ocr,A,3,21_final.mp4,270,Well
deepseek_ocr,A,3,21_final.mp4,273,Well
deepseek_ocr,A,3,21_final.mp4,276,Well
deepseek_ocr,A,3,21_final.mp4,279,Well
deepseek_ocr,A,3,21_final.mp4,282,Well
deepseek_ocr,A,3,21_final.mp4,285,Well
deepseek_ocr,A,3,21_final.mp4,288,Well
deepseek_ocr,A,3,21_final.mp4,291,Well
deepseek_ocr,A,3,21_final.mp4,294,Well
deepseek_ocr,A,3,21_final.mp4,297,Well
deepseek_ocr,A,3,21_final.mp4,300,Well
deepseek_ocr,A,3,21_final.mp4,303,Well
deepseek_ocr,A,3,21_final.mp4,306,Well
deepseek_ocr,A,3,21_final.mp4,309,Well
deepseek_ocr,A,3,21_final.mp4,312,Well
deepseek_ocr,A,3,21_final.mp4,315,Well
deepseek_ocr,A,3,21_final.mp4,318,Well
deepseek_ocr,A,3,21_final.mp4,321,Well
deepseek_ocr,A,3,21_final.mp4,324,Well
deepseek_ocr,A,3,21_final.mp4,327,Well
deepseek_ocr,A,3,22_final.mp4,0,Well
deepseek_ocr,A,3,22_final.mp4,3,Well
deepseek_ocr,A,3,22_final.mp4,6,Well
deepseek_ocr,A,3,22_final.mp4,9,Well
deepseek_ocr,A,3,22_final.mp4,12,Well
deepseek_ocr,A,3,22_final.mp4,15,Well
deepseek_ocr,A,3,22_final.mp4,18,Well
deepseek_ocr,A,3,22_final.mp4,21,Well
deepseek_ocr,A,3,22_final.mp4,24,Well
deepseek_ocr,A,3,22_final.mp4,27,Well
deepseek_ocr,A,3,22_final.mp4,30,Well
deepseek_ocr,A,3,22_final.mp4,33,Well
deepseek_ocr,A,3,22_final.mp4,36,Well
deepseek_ocr,A,3,22_final.mp4,39,Well
deepseek_ocr,A,3,22_final.mp4,42,Well
deepseek_ocr,A,3,22_final.mp4,45,Well
deepseek_ocr,A,3,22_final.mp4,48,Well
deepseek_ocr,A,3,22_final.mp4,51,Well
deepseek_ocr,A,3,22_final.mp4,54,Well
deepseek_ocr,A,3,22_final.mp4,57,Well
deepseek_ocr,A,3,22_final.mp4,60,Well
deepseek_ocr,A,3,22_final.mp4,63,Well
deepseek_ocr,A,3,22_final.mp4,66,Well
deepseek_ocr,A,3,22_final.mp4,69,Well
deepseek_ocr,A,3,22_final.mp4,72,Well
deepseek_ocr,A,3,22_final.mp4,75,Well
deepseek_ocr,A,3,22_final.mp4,78,Well
deepseek_ocr,A,3,22_final.mp4,81,Well
deepseek_ocr,A,3,22_final.mp4,84,Well
deepseek_ocr,A,3,22_final.mp4,87,Well
deepseek_ocr,A,3,22_final.mp4,90,Well
deepseek_ocr,A,3,22_final.mp4,93,Well
deepseek_ocr,A,3,22_final.mp4,96,Well
deepseek_ocr,A,3,22_final.mp4,99,Well
deepseek_ocr,A,3,22_final.mp4,102,Well
deepseek_ocr,A,3,22_final.mp4,105,Well
deepseek_ocr,A,3,22_final.mp4,108,Well
deepseek_ocr,A,3,22_final.mp4,111,Well
deepseek_ocr,A,3,22_final.mp4,114,Well
deepseek_ocr,A,3,22_final.mp4,117,Well
deepseek_ocr,A,3,22_final.mp4,120,Well
deepseek_ocr,A,3,22_final.mp4,123,Well
deepseek_ocr,A,3,22_final.mp4,126,Well
deepseek_ocr,A,3,22_final.mp4,129,Well
deepseek_ocr,A,3,22_final.mp4,132,Well
deepseek_ocr,A,3,22_final.mp4,135,Well
deepseek_ocr,A,3,22_final.mp4,138,Well
deepseek_ocr,A,3,22_final.mp4,141,Well
deepseek_ocr,A,3,22_final.mp4,144,Well
deepseek_ocr,A,3,22_final.mp4,147,Well
deepseek_ocr,A,3,22_final.mp4,150,Well
deepseek_ocr,A,3,22_final.mp4,153,Well
deepseek_ocr,A,3,22_final.mp4,156,Well
deepseek_ocr,A,3,22_final.mp4,159,Well
deepseek_ocr,A,3,22_final.mp4,162,Well
deepseek_ocr,A,3,22_final.mp4,165,Well
deepseek_ocr,A,3,22_final.mp4,168,Well
deepseek_ocr,A,3,22_final.mp4,171,Well
deepseek_ocr,A,3,22_final.mp4,174,Well
deepseek_ocr,A,3,22_final.mp4,177,Well
deepseek_ocr,A,3,22_final.mp4,180,Well
deepseek_ocr,A,3,22_final.mp4,183,Well
deepseek_ocr,A,3,22_final.mp4,186,Well
deepseek_ocr,A,3,22_final.mp4,189,Well
deepseek_ocr,A,3,22_final.mp4,192,Well
deepseek_ocr,A,3,22_final.mp4,195,Well
deepseek_ocr,A,3,22_final.mp4,198,Well
deepseek_ocr,A,3,22_final.mp4,201,Well
deepseek_ocr,A,3,22_final.mp4,204,Well
deepseek_ocr,A,3,24_final.mp4,0,Well
deepseek_ocr,A,3,24_final.mp4,3,Well
deepseek_ocr,A,3,24_final.mp4,6,Well
deepseek_ocr,A,3,24_final.mp4,9,Well
deepseek_ocr,A,3,24_final.mp4,12,Well
deepseek_ocr,A,3,24_final.mp4,15,Well
deepseek_ocr,A,3,24_final.mp4,18,Well
deepseek_ocr,A,3,24_final.mp4,21,Well
deepseek_ocr,A,3,24_final.mp4,24,Well
deepseek_ocr,A,3,24_final.mp4,27,Well
deepseek_ocr,A,3,24_final.mp4,30,Well
deepseek_ocr,A,3,24_final.mp4,33,Well
deepseek_ocr,A,3,24_final.mp4,36,Well
deepseek_ocr,A,3,24_final.mp4,39,Well
deepseek_ocr,A,3,24_final.mp4,42,Well
deepseek_ocr,A,3,24_final.mp4,45,Well
deepseek_ocr,A,3,24_final.mp4,48,Well
deepseek_ocr,A,3,24_final.mp4,51,Well
deepseek_ocr,A,3,24_final.mp4,54,Well
deepseek_ocr,A,3,24_final.mp4,57,Well
deepseek_ocr,A,3,24_final.mp4,60,Well
deepseek_ocr,A,3,24_final.mp4,63,Well
deepseek_ocr,A,3,24_final.mp4,66,Well
deepseek_ocr,A,3,24_final.mp4,69,Well
deepseek_ocr,A,3,24_final.mp4,72,Well
deepseek_ocr,A,3,24_final.mp4,75,Well
deepseek_ocr,A,3,24_final.mp4,78,Well
deepseek_ocr,A,3,24_final.mp4,81,Well
deepseek_ocr,A,3,24_final.mp4,84,Well
deepseek_ocr,A,3,24_final.mp4,87,Well
deepseek_ocr,A,3,24_final.mp4,90,Well
deepseek_ocr,A,3,24_final.mp4,93,Well
deepseek_ocr,A,3,24_final.mp4,96,Well
deepseek_ocr,A,3,24_final.mp4,99,Well
deepseek_ocr,A,3,24_final.mp4,102,Well
deepseek_ocr,A,3,24_final.mp4,105,Well
deepseek_ocr,A,3,24_final.mp4,108,Well
deepseek_ocr,A,3,24_final.mp4,111,Well
deepseek_ocr,A,3,24_final.mp4,114,Well
deepseek_ocr,A,3,24_final.mp4,117,Well
deepseek_ocr,A,3,24_final.mp4,120,Well
deepseek_ocr,A,3,24_final.mp4,123,Well
deepseek_ocr,A,3,24_final.mp4,126,Well
deepseek_ocr,A,3,24_final.mp4,129,Well
deepseek_ocr,A,3,24_final.mp4,132,Well
deepseek_ocr,A,3,24_final.mp4,135,Well
deepseek_ocr,A,3,24_final.mp4,138,Well
deepseek_ocr,A,3,24_final.mp4,141,Well
deepseek_ocr,A,3,24_final.mp4,144,Well
deepseek_ocr,A,3,24_final.mp4,147,Well
deepseek_ocr,A,3,24_final.mp4,150,Well
deepseek_ocr,A,3,24_final.mp4,153,Well
deepseek_ocr,A,3,24_final.mp4,156,Well
deepseek_ocr,A,3,24_final.mp4,159,Well
deepseek_ocr,A,3,24_final.mp4,162,Well
deepseek_ocr,A,3,24_final.mp4,165,Well
deepseek_ocr,A,3,24_final.mp4,168,Well
deepseek_ocr,A,3,24_final.mp4,171,Well
deepseek_ocr,A,3,24_final.mp4,174,Well
deepseek_ocr,A,3,24_final.mp4,177,Well
deepseek_ocr,A,3,24_final.mp4,180,Well
deepseek_ocr,A,3,24_final.mp4,183,Well
deepseek_ocr,A,3,24_final.mp4,186,Well
deepseek_ocr,A,3,24_final.mp4,189,Well
deepseek_ocr,A,3,24_final.mp4,192,Well
deepseek_ocr,A,3,24_final.mp4,195,Well
deepseek_ocr,A,3,24_final.mp4,198,Well
deepseek_ocr,A,3,24_final.mp4,201,Well
deepseek_ocr,A,3,24_final.mp4,204,Well
deepseek_ocr,A,3,24_final.mp4,207,Well
deepseek_ocr,A,3,24_final.mp4,210,Well
deepseek_ocr,A,3,24_final.mp4,213,Well
deepseek_ocr,A,3,24_final.mp4,216,Well
deepseek_ocr,A,3,24_final.mp4,219,Well
deepseek_ocr,A,3,24_final.mp4,222,Well
deepseek_ocr,A,3,24_final.mp4,225,Well
deepseek_ocr,A,3,24_final.mp4,228,Well
deepseek_ocr,A,3,24_final.mp4,231,Well
deepseek_ocr,A,3,24_final.mp4,234,Well
deepseek_ocr,A,3,24_final.mp4,237,Well
deepseek_ocr,A,3,24_final.mp4,240,Well
deepseek_ocr,A,3,24_final.mp4,243,Well
deepseek_ocr,A,3,24_final.mp4,246,Well
deepseek_ocr,A,3,24_final.mp4,249,Well
deepseek_ocr,A,3,24_final.mp4,252,Well
deepseek_ocr,A,3,24_final.mp4,255,Well
deepseek_ocr,A,3,24_final.mp4,258,Well
deepseek_ocr,A,3,24_final.mp4,261,Well
deepseek_ocr,A,3,24_final.mp4,264,Well
deepseek_ocr,A,3,24_final.mp4,267,Well
deepseek_ocr,A,3,24_final.mp4,270,Well
deepseek_ocr,A,3,24_final.mp4,273,Well
deepseek_ocr,A,3,24_final.mp4,276,Well
deepseek_ocr,A,3,24_final.mp4,279,Well
deepseek_ocr,A,3,24_final.mp4,282,Well
deepseek_ocr,A,3,24_final.mp4,285,Well
deepseek_ocr,A,3,24_final.mp4,288,Well
deepseek_ocr,A,3,24_final.mp4,291,Well
deepseek_ocr,A,3,24_final.mp4,294,Well
deepseek_ocr,A,3,24_final.mp4,297,Well
deepseek_ocr,A,3,24_final.mp4,300,Well
deepseek_ocr,A,3,24_final.mp4,303,Well
deepseek_ocr,A,3,24_final.mp4,306,Well
deepseek_ocr,A,3,24_final.mp4,309,Well
deepseek_ocr,A,3,24_final.mp4,312,Well
deepseek_ocr,A,3,24_final.mp4,315,Well
deepseek_ocr,A,3,24_final.mp4,318,Well
deepseek_ocr,A,3,24_final.mp4,321,Well
deepseek_ocr,A,3,24_final.mp4,324,Well
deepseek_ocr,A,3,24_final.mp4,327,Well
deepseek_ocr,A,3,24_final.mp4,330,Well
deepseek_ocr,A,3,24_final.mp4,333,Well
deepseek_ocr,A,3,24_final.mp4,336,Well
deepseek_ocr,A,3,24_final.mp4,339,Well
deepseek_ocr,A,3,24_final.mp4,342,Well
deepseek_ocr,A,3,24_final.mp4,345,Well
deepseek_ocr,A,3,24_final.mp4,348,Well
deepseek_ocr,A,3,24_final.mp4,351,Well
deepseek_ocr,A,3,24_final.mp4,354,Well
deepseek_ocr,A,3,24_final.mp4,357,Well
deepseek_ocr,A,3,24_final.mp4,360,Well
deepseek_ocr,A,3,24_final.mp4,363,Well
deepseek_ocr,A,3,24_final.mp4,366,Well
deepseek_ocr,A,3,24_final.mp4,369,Well
deepseek_ocr,A,3,24_final.mp4,372,Well
deepseek_ocr,A,3,29_final.mp4,0,Well
deepseek_ocr,A,3,29_final.mp4,3,Well
deepseek_ocr,A,3,29_final.mp4,6,Well
deepseek_ocr,A,3,29_final.mp4,9,Well
deepseek_ocr,A,3,29_final.mp4,12,Well
deepseek_ocr,A,3,29_final.mp4,15,Well
deepseek_ocr,A,3,29_final.mp4,18,Well
deepseek_ocr,A,3,29_final.mp4,21,Well
deepseek_ocr,A,3,29_final.mp4,24,Well
deepseek_ocr,A,3,29_final.mp4,27,Well
deepseek_ocr,A,3,29_final.mp4,30,Well
deepseek_ocr,A,3,29_final.mp4,33,Well
deepseek_ocr,A,3,29_final.mp4,36,Well
deepseek_ocr,A,3,29_final.mp4,39,Well
deepseek_ocr,A,3,29_final.mp4,42,Well
deepseek_ocr,A,3,29_final.mp4,45,Well
deepseek_ocr,A,3,29_final.mp4,48,Well
deepseek_ocr,A,3,29_final.mp4,51,Well
deepseek_ocr,A,3,29_final.mp4,54,Well
deepseek_ocr,A,3,29_final.mp4,57,Well
deepseek_ocr,A,3,29_final.mp4,60,Well
deepseek_ocr,A,3,29_final.mp4,63,Well
deepseek_ocr,A,3,29_final.mp4,66,Well
deepseek_ocr,A,3,29_final.mp4,69,Well
deepseek_ocr,A,3,29_final.mp4,72,Well
deepseek_ocr,A,3,29_final.mp4,75,Well
deepseek_ocr,A,3,29_final.mp4,78,Well
deepseek_ocr,A,3,29_final.mp4,81,Well
deepseek_ocr,A,3,29_final.mp4,84,Well
deepseek_ocr,A,3,29_final.mp4,87,Well
deepseek_ocr,A,3,29_final.mp4,90,Well
deepseek_ocr,A,3,29_final.mp4,93,Well
deepseek_ocr,A,3,29_final.mp4,96,Well
deepseek_ocr,A,3,29_final.mp4,99,Well
deepseek_ocr,A,3,29_final.mp4,102,Well
deepseek_ocr,A,3,29_final.mp4,105,Well
deepseek_ocr,A,3,29_final.mp4,108,Well
deepseek_ocr,A,3,29_final.mp4,111,Well
deepseek_ocr,A,3,29_final.mp4,114,Well
deepseek_ocr,A,3,29_final.mp4,117,Well
deepseek_ocr,A,3,29_final.mp4,120,Well
deepseek_ocr,A,3,29_final.mp4,123,Well
deepseek_ocr,A,3,29_final.mp4,126,Well
deepseek_ocr,A,3,29_final.mp4,129,Well
deepseek_ocr,A,3,29_final.mp4,132,Well
deepseek_ocr,A,3,29_final.mp4,135,Well
deepseek_ocr,A,3,29_final.mp4,138,Well
deepseek_ocr,A,3,29_final.mp4,141,Well
deepseek_ocr,A,3,29_final.mp4,144,Well
deepseek_ocr,A,3,29_final.mp4,147,Well
deepseek_ocr,A,3,29_final.mp4,150,Well
deepseek_ocr,A,3,29_final.mp4,153,Well
deepseek_ocr,A,3,29_final.mp4,156,Well
deepseek_ocr,A,3,29_final.mp4,159,Well
deepseek_ocr,A,3,29_final.mp4,162,Well
deepseek_ocr,A,3,29_final.mp4,165,Well
deepseek_ocr,A,3,29_final.mp4,168,Well
deepseek_ocr,A,3,29_final.mp4,171,Well
deepseek_ocr,A,3,29_final.mp4,174,Well
deepseek_ocr,A,3,29_final.mp4,177,Well
deepseek_ocr,A,3,29_final.mp4,180,Well
deepseek_ocr,A,3,29_final.mp4,183,Well
deepseek_ocr,A,3,29_final.mp4,186,Well
deepseek_ocr,A,3,29_final.mp4,189,Well
deepseek_ocr,A,3,29_final.mp4,192,Well
deepseek_ocr,A,3,29_final.mp4,195,Well
deepseek_ocr,A,3,29_final.mp4,198,Well
deepseek_ocr,A,3,29_final.mp4,201,Well
deepseek_ocr,A,3,29_final.mp4,204,Well
deepseek_ocr,A,3,29_final.mp4,207,Well
deepseek_ocr,A,3,29_final.mp4,210,Well
deepseek_ocr,A,3,29_final.mp4,213,Well
deepseek_ocr,A,3,29_final.mp4,216,Well
deepseek_ocr,A,3,30_final.mp4,0,Well
deepseek_ocr,A,3,30_final.mp4,3,Well
deepseek_ocr,A,3,30_final.mp4,6,Well
deepseek_ocr,A,3,30_final.mp4,9,Well
deepseek_ocr,A,3,30_final.mp4,12,Well
deepseek_ocr,A,3,30_final.mp4,15,Well
deepseek_ocr,A,3,30_final.mp4,18,Well
deepseek_ocr,A,3,30_final.mp4,21,Well
deepseek_ocr,A,3,30_final.mp4,24,Well
deepseek_ocr,A,3,30_final.mp4,27,Well
deepseek_ocr,A,3,30_final.mp4,30,Well
deepseek_ocr,A,3,30_final.mp4,33,Well
deepseek_ocr,A,3,30_final.mp4,36,Well
deepseek_ocr,A,3,30_final.mp4,39,Well
deepseek_ocr,A,3,30_final.mp4,42,Well
deepseek_ocr,A,3,30_final.mp4,45,Well
deepseek_ocr,A,3,30_final.mp4,48,Well
deepseek_ocr,A,3,30_final.mp4,51,Well
deepseek_ocr,A,3,30_final.mp4,54,Well
deepseek_ocr,A,3,30_final.mp4,57,Well
deepseek_ocr,A,3,30_final.mp4,60,Well
deepseek_ocr,A,3,30_final.mp4,63,Well
deepseek_ocr,A,3,30_final.mp4,66,Well
deepseek_ocr,A,3,30_final.mp4,69,Well
deepseek_ocr,A,3,30_final.mp4,72,Well
deepseek_ocr,A,3,30_final.mp4,75,Well
deepseek_ocr,A,3,30_final.mp4,78,Well
deepseek_ocr,A,3,30_final.mp4,81,Well
deepseek_ocr,A,3,30_final.mp4,84,Well
deepseek_ocr,A,3,30_final.mp4,87,Well
deepseek_ocr,A,3,30_final.mp4,90,Well
deepseek_ocr,A,3,30_final.mp4,93,Well
deepseek_ocr,A,3,30_final.mp4,96,Well
deepseek_ocr,A,3,30_final.mp4,99,Well
deepseek_ocr,A,3,30_final.mp4,102,Well
deepseek_ocr,A,3,30_final.mp4,105,Well
deepseek_ocr,A,3,30_final.mp4,108,Well
deepseek_ocr,A,3,30_final.mp4,111,Well
deepseek_ocr,A,3,30_final.mp4,114,Well
deepseek_ocr,A,3,30_final.mp4,117,Well
deepseek_ocr,A,3,30_final.mp4,120,Well
deepseek_ocr,A,3,30_final.mp4,123,Well
deepseek_ocr,A,3,30_final.mp4,126,Well
deepseek_ocr,A,3,30_final.mp4,129,Well
deepseek_ocr,A,3,30_final.mp4,132,Well
deepseek_ocr,A,3,30_final.mp4,135,Well
deepseek_ocr,A,3,30_final.mp4,138,Well
deepseek_ocr,A,3,30_final.mp4,141,Well
deepseek_ocr,A,3,30_final.mp4,144,Well
deepseek_ocr,A,3,30_final.mp4,147,Well
deepseek_ocr,A,3,30_final.mp4,150,Well
deepseek_ocr,A,3,30_final.mp4,153,Well
deepseek_ocr,A,3,30_final.mp4,156,Well
deepseek_ocr,A,3,30_final.mp4,159,Well
deepseek_ocr,A,3,30_final.mp4,162,Well
deepseek_ocr,A,3,30_final.mp4,165,Well
deepseek_ocr,A,3,30_final.mp4,168,Well
deepseek_ocr,A,3,30_final.mp4,171,Well
deepseek_ocr,A,3,30_final.mp4,174,Well
deepseek_ocr,A,3,30_final.mp4,177,Well
deepseek_ocr,A,3,30_final.mp4,180,Well
deepseek_ocr,A,3,30_final.mp4,183,Well
deepseek_ocr,A,3,30_final.mp4,186,Well
deepseek_ocr,A,3,30_final.mp4,189,Well
deepseek_ocr,A,3,30_final.mp4,192,Well
deepseek_ocr,A,3,30_final.mp4,195,Well
deepseek_ocr,A,3,30_final.mp4,198,Well
deepseek_ocr,A,3,30_final.mp4,201,Well
deepseek_ocr,A,3,30_final.mp4,204,Well
deepseek_ocr,A,3,30_final.mp4,207,Well
deepseek_ocr,A,3,30_final.mp4,210,Well
deepseek_ocr,A,3,30_final.mp4,213,Well
deepseek_ocr,A,3,30_final.mp4,216,Well
deepseek_ocr,A,3,30_final.mp4,219,Well
deepseek_ocr,A,3,30_final.mp4,222,Well
deepseek_ocr,A,3,30_final.mp4,225,Well
deepseek_ocr,A,3,30_final.mp4,228,Well
deepseek_ocr,A,3,30_final.mp4,231,Well
deepseek_ocr,A,3,30_final.mp4,234,Well
deepseek_ocr,A,3,30_final.mp4,237,Well
deepseek_ocr,A,3,30_final.mp4,240,Well
deepseek_ocr,A,3,30_final.mp4,243,well
deepseek_ocr,A,3,30_final.mp4,246,Well
deepseek_ocr,A,3,30_final.mp4,249,Well
deepseek_ocr,A,3,30_final.mp4,252,Well
deepseek_ocr,A,3,30_final.mp4,255,Well
deepseek_ocr,A,3,30_final.mp4,258,Well
deepseek_ocr,A,3,30_final.mp4,261,Well
deepseek_ocr,A,3,30_final.mp4,264,Well
deepseek_ocr,A,3,30_final.mp4,267,Well
deepseek_ocr,A,3,30_final.mp4,270,well
deepseek_ocr,A,3,30_final.mp4,273,Well
deepseek_ocr,A,3,30_final.mp4,276,Well
deepseek_ocr,A,3,30_final.mp4,279,well
deepseek_ocr,A,3,30_final.mp4,282,Well
deepseek_ocr,A,3,30_final.mp4,285,Well
deepseek_ocr,A,3,30_final.mp4,288,Well
deepseek_ocr,A,3,30_final.mp4,291,Well
deepseek_ocr,A,3,30_final.mp4,294,Well
deepseek_ocr,A,3,30_final.mp4,297,Well
deepseek_ocr,A,3,30_final.mp4,300,Well
deepseek_ocr,A,3,30_final.mp4,303,Well
deepseek_ocr,A,3,30_final.mp4,306,Well
deepseek_ocr,A,3,30_final.mp4,309,Well
deepseek_ocr,A,3,30_final.mp4,312,Well
deepseek_ocr,A,3,30_final.mp4,315,Well
deepseek_ocr,A,3,30_final.mp4,318,Well
deepseek_ocr,A,3,30_final.mp4,321,Well
deepseek_ocr,A,3,30_final.mp4,324,Well
deepseek_ocr,A,3,30_final.mp4,327,Well
deepseek_ocr,A,3,30_final.mp4,330,Well
deepseek_ocr,A,3,30_final.mp4,333,Well
deepseek_ocr,A,3,30_final.mp4,336,Well
deepseek_ocr,A,3,30_final.mp4,339,Well
deepseek_ocr,A,3,30_final.mp4,342,Well
deepseek_ocr,A,3,30_final.mp4,345,Well
deepseek_ocr,A,3,30_final.mp4,348,Well
deepseek_ocr,A,3,30_final.mp4,351,Well
deepseek_ocr,A,3,30_final.mp4,354,Well
deepseek_ocr,A,3,30_final.mp4,357,Well
deepseek_ocr,A,3,30_final.mp4,360,Well
deepseek_ocr,A,3,30_final.mp4,363,Well
deepseek_ocr,A,3,30_final.mp4,366,Well
deepseek_ocr,A,3,30_final.mp4,369,Well
deepseek_ocr,A,3,30_final.mp4,372,well
deepseek_ocr,A,3,30_final.mp4,375,Well
deepseek_ocr,A,3,31_final.mp4,0,Well
deepseek_ocr,A,3,31_final.mp4,3,Well
deepseek_ocr,A,3,31_final.mp4,6,Well
deepseek_ocr,A,3,31_final.mp4,9,Well
deepseek_ocr,A,3,31_final.mp4,12,Well
deepseek_ocr,A,3,31_final.mp4,15,Well
deepseek_ocr,A,3,31_final.mp4,18,Well
deepseek_ocr,A,3,31_final.mp4,21,Well
deepseek_ocr,A,3,31_final.mp4,24,Well
deepseek_ocr,A,3,31_final.mp4,27,Well
deepseek_ocr,A,3,31_final.mp4,30,Well
deepseek_ocr,A,3,31_final.mp4,33,Well
deepseek_ocr,A,3,31_final.mp4,36,well
deepseek_ocr,A,3,31_final.mp4,39,Well
deepseek_ocr,A,3,31_final.mp4,42,Well
deepseek_ocr,A,3,31_final.mp4,45,Well
deepseek_ocr,A,3,31_final.mp4,48,Well
deepseek_ocr,A,3,31_final.mp4,51,Well
deepseek_ocr,A,3,31_final.mp4,54,Well
deepseek_ocr,A,3,31_final.mp4,57,Well
deepseek_ocr,A,3,31_final.mp4,60,well
deepseek_ocr,A,3,31_final.mp4,63,Well
deepseek_ocr,A,3,31_final.mp4,66,well
deepseek_ocr,A,3,31_final.mp4,69,Well
deepseek_ocr,A,3,31_final.mp4,72,Well
deepseek_ocr,A,3,31_final.mp4,75,Well
deepseek_ocr,A,3,31_final.mp4,78,Well
deepseek_ocr,A,3,31_final.mp4,81,Well
deepseek_ocr,A,3,31_final.mp4,84,Well
deepseek_ocr,A,3,31_final.mp4,87,Well
deepseek_ocr,A,3,31_final.mp4,90,Well
deepseek_ocr,A,3,31_final.mp4,93,Well
deepseek_ocr,A,3,31_final.mp4,96,Well
deepseek_ocr,A,3,31_final.mp4,99,Well
deepseek_ocr,A,3,31_final.mp4,102,Well
deepseek_ocr,A,3,31_final.mp4,105,well
deepseek_ocr,A,3,31_final.mp4,108,well
deepseek_ocr,A,3,31_final.mp4,111,Well
deepseek_ocr,A,3,31_final.mp4,114,Well
deepseek_ocr,A,3,31_final.mp4,117,Well
deepseek_ocr,A,3,31_final.mp4,120,Well
deepseek_ocr,A,3,31_final.mp4,123,Well
deepseek_ocr,A,3,31_final.mp4,126,Well
deepseek_ocr,A,3,31_final.mp4,129,Well
deepseek_ocr,A,3,31_final.mp4,132,Well
deepseek_ocr,A,3,31_final.mp4,135,Well
deepseek_ocr,A,3,31_final.mp4,138,Well
deepseek_ocr,A,3,31_final.mp4,141,Well
deepseek_ocr,A,3,31_final.mp4,144,Well
deepseek_ocr,A,3,31_final.mp4,147,Well
deepseek_ocr,A,3,31_final.mp4,150,Well
deepseek_ocr,A,3,31_final.mp4,153,Well
deepseek_ocr,A,3,31_final.mp4,156,Well
deepseek_ocr,A,3,31_final.mp4,159,Well
deepseek_ocr,A,3,31_final.mp4,162,Well
deepseek_ocr,A,3,31_final.mp4,165,well
deepseek_ocr,A,3,31_final.mp4,168,Well
deepseek_ocr,A,3,31_final.mp4,171,Well
deepseek_ocr,A,3,31_final.mp4,174,Well
deepseek_ocr,A,3,31_final.mp4,177,Well
deepseek_ocr,A,3,31_final.mp4,180,Well
deepseek_ocr,A,3,31_final.mp4,183,Well
deepseek_ocr,A,3,31_final.mp4,186,Well
deepseek_ocr,A,3,31_final.mp4,189,Well
deepseek_ocr,A,3,31_final.mp4,192,Well
deepseek_ocr,A,3,31_final.mp4,195,Well
deepseek_ocr,A,3,31_final.mp4,198,Well
deepseek_ocr,A,3,31_final.mp4,201,Well
deepseek_ocr,A,3,31_final.mp4,204,Well
deepseek_ocr,A,3,31_final.mp4,207,Well
deepseek_ocr,A,3,31_final.mp4,210,well
deepseek_ocr,A,3,31_final.mp4,213,Well
deepseek_ocr,A,3,31_final.mp4,216,Well
deepseek_ocr,A,3,31_final.mp4,219,Well
deepseek_ocr,A,3,31_final.mp4,222,Well
deepseek_ocr,A,3,31_final.mp4,225,well
deepseek_ocr,A,3,31_final.mp4,228,Well
deepseek_ocr,A,3,31_final.mp4,231,Well
deepseek_ocr,A,3,31_final.mp4,234,well
deepseek_ocr,A,3,31_final.mp4,237,Well
deepseek_ocr,A,3,31_final.mp4,240,Well
deepseek_ocr,A,3,31_final.mp4,243,Well
deepseek_ocr,A,3,31_final.mp4,246,Well
deepseek_ocr,A,3,31_final.mp4,249,Well
deepseek_ocr,A,3,31_final.mp4,252,Well
deepseek_ocr,A,3,31_final.mp4,255,Well
deepseek_ocr,A,3,31_final.mp4,258,Well
deepseek_ocr,A,3,31_final.mp4,261,Well
deepseek_ocr,A,3,31_final.mp4,264,well
deepseek_ocr,A,3,31_final.mp4,267,Well
deepseek_ocr,A,3,31_final.mp4,270,Well
deepseek_ocr,A,3,31_final.mp4,273,Well
deepseek_ocr,A,3,31_final.mp4,276,Well
deepseek_ocr,A,3,31_final.mp4,279,Well
deepseek_ocr,A,3,31_final.mp4,282,Well
deepseek_ocr,A,3,31_final.mp4,285,well
deepseek_ocr,A,3,31_final.mp4,288,well
deepseek_ocr,A,3,31_final.mp4,291,Well
deepseek_ocr,A,3,31_final.mp4,294,Well
deepseek_ocr,A,3,33_final.mp4,0,Well
deepseek_ocr,A,3,33_final.mp4,3,Well
deepseek_ocr,A,3,33_final.mp4,6,Well
deepseek_ocr,A,3,33_final.mp4,9,Well
deepseek_ocr,A,3,33_final.mp4,12,Well
deepseek_ocr,A,3,33_final.mp4,15,Well
deepseek_ocr,A,3,33_final.mp4,18,Well
deepseek_ocr,A,3,33_final.mp4,21,Well
deepseek_ocr,A,3,33_final.mp4,24,Well
deepseek_ocr,A,3,33_final.mp4,27,Well
deepseek_ocr,A,3,33_final.mp4,30,Well
deepseek_ocr,A,3,33_final.mp4,33,Well
deepseek_ocr,A,3,33_final.mp4,36,Well
deepseek_ocr,A,3,33_final.mp4,39,Well
deepseek_ocr,A,3,33_final.mp4,42,Well
deepseek_ocr,A,3,33_final.mp4,45,Well
deepseek_ocr,A,3,33_final.mp4,48,Well
deepseek_ocr,A,3,33_final.mp4,51,Well
deepseek_ocr,A,3,33_final.mp4,54,Well
deepseek_ocr,A,3,33_final.mp4,57,Well
deepseek_ocr,A,3,33_final.mp4,60,Well
deepseek_ocr,A,3,33_final.mp4,63,Well
deepseek_ocr,A,3,33_final.mp4,66,Well
deepseek_ocr,A,3,33_final.mp4,69,Well
deepseek_ocr,A,3,33_final.mp4,72,Well
deepseek_ocr,A,3,33_final.mp4,75,Well
deepseek_ocr,A,3,33_final.mp4,78,Well
deepseek_ocr,A,3,33_final.mp4,81,Well
deepseek_ocr,A,3,33_final.mp4,84,Well
deepseek_ocr,A,3,33_final.mp4,87,Well
deepseek_ocr,A,3,33_final.mp4,90,Well
deepseek_ocr,A,3,33_final.mp4,93,Well
deepseek_ocr,A,3,33_final.mp4,96,Well
deepseek_ocr,A,3,33_final.mp4,99,Well
deepseek_ocr,A,3,33_final.mp4,102,Well
deepseek_ocr,A,3,33_final.mp4,105,Well
deepseek_ocr,A,3,33_final.mp4,108,Well
deepseek_ocr,A,3,33_final.mp4,111,Well
deepseek_ocr,A,3,33_final.mp4,114,Well
deepseek_ocr,A,3,33_final.mp4,117,Well
deepseek_ocr,A,3,33_final.mp4,120,Well
deepseek_ocr,A,3,33_final.mp4,123,Well
deepseek_ocr,A,3,33_final.mp4,126,Well
deepseek_ocr,A,3,33_final.mp4,129,Well
deepseek_ocr,A,3,33_final.mp4,132,Well
deepseek_ocr,A,3,33_final.mp4,135,Well
deepseek_ocr,A,3,33_final.mp4,138,Well
deepseek_ocr,A,3,33_final.mp4,141,Well
deepseek_ocr,A,3,33_final.mp4,144,Well
deepseek_ocr,A,3,33_final.mp4,147,Well
deepseek_ocr,A,3,33_final.mp4,150,Well
deepseek_ocr,A,3,33_final.mp4,153,Well
deepseek_ocr,A,3,33_final.mp4,156,Well
deepseek_ocr,A,3,33_final.mp4,159,Well
deepseek_ocr,A,3,33_final.mp4,162,Well
deepseek_ocr,A,3,33_final.mp4,165,Well
deepseek_ocr,A,3,33_final.mp4,168,Well
deepseek_ocr,A,3,33_final.mp4,171,Well
deepseek_ocr,A,3,33_final.mp4,174,Well
deepseek_ocr,A,3,33_final.mp4,177,Well
deepseek_ocr,A,3,33_final.mp4,180,Well
deepseek_ocr,A,3,33_final.mp4,183,Well
deepseek_ocr,A,3,33_final.mp4,186,Well
deepseek_ocr,A,3,33_final.mp4,189,Well
deepseek_ocr,A,3,33_final.mp4,192,Well
deepseek_ocr,A,3,33_final.mp4,195,Well
deepseek_ocr,A,3,33_final.mp4,198,Well
deepseek_ocr,A,3,33_final.mp4,201,Well
deepseek_ocr,A,3,33_final.mp4,204,Well
deepseek_ocr,A,3,33_final.mp4,207,Well
deepseek_ocr,A,3,33_final.mp4,210,Well
deepseek_ocr,A,3,33_final.mp4,213,Well
deepseek_ocr,A,3,33_final.mp4,216,Well
deepseek_ocr,A,3,33_final.mp4,219,Well
deepseek_ocr,A,3,34_final.mp4,0,Well
deepseek_ocr,A,3,34_final.mp4,3,Well
deepseek_ocr,A,3,34_final.mp4,6,Well
deepseek_ocr,A,3,34_final.mp4,9,Well
deepseek_ocr,A,3,34_final.mp4,12,Well
deepseek_ocr,A,3,34_final.mp4,15,Well
deepseek_ocr,A,3,34_final.mp4,18,Well
deepseek_ocr,A,3,34_final.mp4,21,Well
deepseek_ocr,A,3,34_final.mp4,24,Well
deepseek_ocr,A,3,34_final.mp4,27,Well
deepseek_ocr,A,3,34_final.mp4,30,Well
deepseek_ocr,A,3,34_final.mp4,33,Well
deepseek_ocr,A,3,34_final.mp4,36,Well
deepseek_ocr,A,3,34_final.mp4,39,Well
deepseek_ocr,A,3,34_final.mp4,42,Well
deepseek_ocr,A,3,34_final.mp4,45,Well
deepseek_ocr,A,3,34_final.mp4,48,Well
deepseek_ocr,A,3,34_final.mp4,51,Well
deepseek_ocr,A,3,34_final.mp4,54,Well
deepseek_ocr,A,3,34_final.mp4,57,Well
deepseek_ocr,A,3,34_final.mp4,60,Well
deepseek_ocr,A,3,34_final.mp4,63,Well
deepseek_ocr,A,3,34_final.mp4,66,Well
deepseek_ocr,A,3,34_final.mp4,69,Well
deepseek_ocr,A,3,34_final.mp4,72,Well
deepseek_ocr,A,3,34_final.mp4,75,Well
deepseek_ocr,A,3,34_final.mp4,78,Well
deepseek_ocr,A,3,34_final.mp4,81,Well
deepseek_ocr,A,3,34_final.mp4,84,Well
deepseek_ocr,A,3,34_final.mp4,87,Well
deepseek_ocr,A,3,34_final.mp4,90,Well
deepseek_ocr,A,3,34_final.mp4,93,Well
deepseek_ocr,A,3,34_final.mp4,96,Well
deepseek_ocr,A,3,34_final.mp4,99,Well
deepseek_ocr,A,3,34_final.mp4,102,Well
deepseek_ocr,A,3,34_final.mp4,105,Well
deepseek_ocr,A,3,34_final.mp4,108,Well
deepseek_ocr,A,3,34_final.mp4,111,Well
deepseek_ocr,A,3,34_final.mp4,114,Well
deepseek_ocr,A,3,34_final.mp4,117,Well
deepseek_ocr,A,3,34_final.mp4,120,Well
deepseek_ocr,A,3,34_final.mp4,123,Well
deepseek_ocr,A,3,34_final.mp4,126,Well
deepseek_ocr,A,3,34_final.mp4,129,Well
deepseek_ocr,A,3,34_final.mp4,132,Well
deepseek_ocr,A,3,34_final.mp4,135,Well
deepseek_ocr,A,3,34_final.mp4,138,Well
deepseek_ocr,A,3,34_final.mp4,141,Well
deepseek_ocr,A,3,34_final.mp4,144,Well
deepseek_ocr,A,3,34_final.mp4,147,Well
deepseek_ocr,A,3,34_final.mp4,150,Well
deepseek_ocr,A,3,34_final.mp4,153,Well
deepseek_ocr,A,3,34_final.mp4,156,Well
deepseek_ocr,A,3,34_final.mp4,159,Well
deepseek_ocr,A,3,34_final.mp4,162,Well
deepseek_ocr,A,3,34_final.mp4,165,Well
deepseek_ocr,A,3,34_final.mp4,168,Well
deepseek_ocr,A,3,34_final.mp4,171,Well
deepseek_ocr,A,3,34_final.mp4,174,Well
deepseek_ocr,A,3,34_final.mp4,177,Well
deepseek_ocr,A,3,34_final.mp4,180,Well
deepseek_ocr,A,3,34_final.mp4,183,Well
deepseek_ocr,A,3,34_final.mp4,186,Well
deepseek_ocr,A,3,34_final.mp4,189,Well
deepseek_ocr,A,3,34_final.mp4,192,Well
deepseek_ocr,A,3,34_final.mp4,195,Well
deepseek_ocr,A,3,34_final.mp4,198,Well
deepseek_ocr,A,3,34_final.mp4,201,Well
deepseek_ocr,A,3,34_final.mp4,204,Well
deepseek_ocr,A,3,34_final.mp4,207,Well
deepseek_ocr,A,3,34_final.mp4,210,Well
deepseek_ocr,A,3,40_final.mp4,0,Well
deepseek_ocr,A,3,40_final.mp4,3,Well
deepseek_ocr,A,3,40_final.mp4,6,Well
deepseek_ocr,A,3,40_final.mp4,9,Well
deepseek_ocr,A,3,40_final.mp4,12,Well
deepseek_ocr,A,3,40_final.mp4,15,Well
deepseek_ocr,A,3,40_final.mp4,18,Well
deepseek_ocr,A,3,40_final.mp4,21,Well
deepseek_ocr,A,3,40_final.mp4,24,Well
deepseek_ocr,A,3,40_final.mp4,27,Well
deepseek_ocr,A,3,40_final.mp4,30,Well
deepseek_ocr,A,3,40_final.mp4,33,Well
deepseek_ocr,A,3,40_final.mp4,36,Well
deepseek_ocr,A,3,40_final.mp4,39,Well
deepseek_ocr,A,3,40_final.mp4,42,Well
deepseek_ocr,A,3,40_final.mp4,45,Well
deepseek_ocr,A,3,40_final.mp4,48,Well
deepseek_ocr,A,3,40_final.mp4,51,Well
deepseek_ocr,A,3,40_final.mp4,54,Well
deepseek_ocr,A,3,40_final.mp4,57,Well
deepseek_ocr,A,3,40_final.mp4,60,Well
deepseek_ocr,A,3,40_final.mp4,63,Well
deepseek_ocr,A,3,40_final.mp4,66,Well
deepseek_ocr,A,3,40_final.mp4,69,Well
deepseek_ocr,A,3,40_final.mp4,72,Well
deepseek_ocr,A,3,40_final.mp4,75,Well
deepseek_ocr,A,3,40_final.mp4,78,Well
deepseek_ocr,A,3,40_final.mp4,81,Well
deepseek_ocr,A,3,40_final.mp4,84,Well
deepseek_ocr,A,3,40_final.mp4,87,Well
deepseek_ocr,A,3,40_final.mp4,90,Well
deepseek_ocr,A,3,40_final.mp4,93,Well
deepseek_ocr,A,3,40_final.mp4,96,Well
deepseek_ocr,A,3,40_final.mp4,99,Well
deepseek_ocr,A,3,40_final.mp4,102,Well
deepseek_ocr,A,3,40_final.mp4,105,Well
deepseek_ocr,A,3,40_final.mp4,108,Well
deepseek_ocr,A,3,40_final.mp4,111,Well
deepseek_ocr,A,3,40_final.mp4,114,Well
deepseek_ocr,A,3,40_final.mp4,117,Well
deepseek_ocr,A,3,40_final.mp4,120,Well
deepseek_ocr,A,3,40_final.mp4,123,Well
deepseek_ocr,A,3,40_final.mp4,126,Well
deepseek_ocr,A,3,40_final.mp4,129,Well
deepseek_ocr,A,3,40_final.mp4,132,Well
deepseek_ocr,A,3,40_final.mp4,135,Well
deepseek_ocr,A,3,40_final.mp4,138,Well
deepseek_ocr,A,3,40_final.mp4,141,Well
deepseek_ocr,A,3,40_final.mp4,144,Well
deepseek_ocr,A,3,40_final.mp4,147,Well
deepseek_ocr,A,3,40_final.mp4,150,Well
deepseek_ocr,A,3,40_final.mp4,153,Well
deepseek_ocr,A,3,40_final.mp4,156,Well
deepseek_ocr,A,3,40_final.mp4,159,Well
deepseek_ocr,A,3,40_final.mp4,162,Well
deepseek_ocr,A,3,40_final.mp4,165,Well
deepseek_ocr,A,3,40_final.mp4,168,Well
deepseek_ocr,A,3,40_final.mp4,171,Well
deepseek_ocr,A,3,40_final.mp4,174,Well
deepseek_ocr,A,3,40_final.mp4,177,Well
deepseek_ocr,A,3,40_final.mp4,180,Well
deepseek_ocr,A,3,40_final.mp4,183,Well
deepseek_ocr,A,3,40_final.mp4,186,Well
deepseek_ocr,A,3,40_final.mp4,189,Well
deepseek_ocr,A,3,40_final.mp4,192,Well
deepseek_ocr,A,3,40_final.mp4,195,Well
deepseek_ocr,A,3,40_final.mp4,198,Well
deepseek_ocr,A,3,40_final.mp4,201,Well
deepseek_ocr,A,3,40_final.mp4,204,Well
deepseek_ocr,A,3,40_final.mp4,207,Well
deepseek_ocr,A,3,40_final.mp4,210,Well
deepseek_ocr,A,3,40_final.mp4,213,Well
deepseek_ocr,A,3,40_final.mp4,216,Well
deepseek_ocr,A,3,40_final.mp4,219,Well
deepseek_ocr,A,3,40_final.mp4,222,Well
deepseek_ocr,A,3,40_final.mp4,225,Well
deepseek_ocr,A,3,40_final.mp4,228,Well
deepseek_ocr,A,3,40_final.mp4,231,Well
deepseek_ocr,A,3,40_final.mp4,234,Well
deepseek_ocr,A,3,40_final.mp4,237,Well
deepseek_ocr,A,3,40_final.mp4,240,Well
deepseek_ocr,A,3,40_final.mp4,243,Well
deepseek_ocr,A,3,40_final.mp4,246,Well
deepseek_ocr,A,3,40_final.mp4,249,Well
deepseek_ocr,A,3,41_final.mp4,0,Well
deepseek_ocr,A,3,41_final.mp4,3,Well
deepseek_ocr,A,3,41_final.mp4,6,Well
deepseek_ocr,A,3,41_final.mp4,9,Well
deepseek_ocr,A,3,41_final.mp4,12,Well
deepseek_ocr,A,3,41_final.mp4,15,Well
deepseek_ocr,A,3,41_final.mp4,18,Well
deepseek_ocr,A,3,41_final.mp4,21,Well
deepseek_ocr,A,3,41_final.mp4,24,Well
deepseek_ocr,A,3,41_final.mp4,27,Well
deepseek_ocr,A,3,41_final.mp4,30,Well
deepseek_ocr,A,3,41_final.mp4,33,Well
deepseek_ocr,A,3,41_final.mp4,36,Well
deepseek_ocr,A,3,41_final.mp4,39,Well
deepseek_ocr,A,3,41_final.mp4,42,Well
deepseek_ocr,A,3,41_final.mp4,45,Well
deepseek_ocr,A,3,41_final.mp4,48,Well
deepseek_ocr,A,3,41_final.mp4,51,Well
deepseek_ocr,A,3,41_final.mp4,54,Well
deepseek_ocr,A,3,41_final.mp4,57,Well
deepseek_ocr,A,3,41_final.mp4,60,Well
deepseek_ocr,A,3,41_final.mp4,63,Well
deepseek_ocr,A,3,41_final.mp4,66,Well
deepseek_ocr,A,3,41_final.mp4,69,Well
deepseek_ocr,A,3,41_final.mp4,72,Well
deepseek_ocr,A,3,41_final.mp4,75,Well
deepseek_ocr,A,3,41_final.mp4,78,Well
deepseek_ocr,A,3,41_final.mp4,81,Well
deepseek_ocr,A,3,41_final.mp4,84,Well
deepseek_ocr,A,3,41_final.mp4,87,Well
deepseek_ocr,A,3,41_final.mp4,90,Well
deepseek_ocr,A,3,41_final.mp4,93,Well
deepseek_ocr,A,3,41_final.mp4,96,Well
deepseek_ocr,A,3,41_final.mp4,99,Well
deepseek_ocr,A,3,41_final.mp4,102,Well
deepseek_ocr,A,3,41_final.mp4,105,Well
deepseek_ocr,A,3,41_final.mp4,108,Well
deepseek_ocr,A,3,41_final.mp4,111,Well
deepseek_ocr,A,3,41_final.mp4,114,Well
deepseek_ocr,A,3,41_final.mp4,117,Well
deepseek_ocr,A,3,41_final.mp4,120,Well
deepseek_ocr,A,3,41_final.mp4,123,Well
deepseek_ocr,A,3,41_final.mp4,126,Well
deepseek_ocr,A,3,41_final.mp4,129,Well
deepseek_ocr,A,3,41_final.mp4,132,Well
deepseek_ocr,A,3,41_final.mp4,135,Well
deepseek_ocr,A,3,41_final.mp4,138,Well
deepseek_ocr,A,3,41_final.mp4,141,Well
deepseek_ocr,A,3,41_final.mp4,144,Well
deepseek_ocr,A,3,41_final.mp4,147,Well
deepseek_ocr,A,3,41_final.mp4,150,Well
deepseek_ocr,A,3,41_final.mp4,153,Well
deepseek_ocr,A,3,41_final.mp4,156,Well
deepseek_ocr,A,3,41_final.mp4,159,Well
deepseek_ocr,A,3,41_final.mp4,162,Well
deepseek_ocr,A,3,41_final.mp4,165,Well
deepseek_ocr,A,3,41_final.mp4,168,Well
deepseek_ocr,A,3,41_final.mp4,171,Well
deepseek_ocr,A,3,41_final.mp4,174,Well
deepseek_ocr,A,3,41_final.mp4,177,Well
deepseek_ocr,A,3,41_final.mp4,180,Well
deepseek_ocr,A,3,41_final.mp4,183,Well
deepseek_ocr,A,3,41_final.mp4,186,Well
deepseek_ocr,A,3,41_final.mp4,189,Well
deepseek_ocr,A,3,41_final.mp4,192,Well
deepseek_ocr,A,3,41_final.mp4,195,Well
deepseek_ocr,A,3,41_final.mp4,198,Well
deepseek_ocr,A,3,41_final.mp4,201,Well
deepseek_ocr,A,3,41_final.mp4,204,Well
deepseek_ocr,A,3,41_final.mp4,207,Well
deepseek_ocr,A,3,41_final.mp4,210,Well
deepseek_ocr,A,3,41_final.mp4,213,Well
deepseek_ocr,A,3,41_final.mp4,216,Well
deepseek_ocr,A,3,41_final.mp4,219,Well
deepseek_ocr,A,3,41_final.mp4,222,Well
deepseek_ocr,A,3,41_final.mp4,225,Well
deepseek_ocr,A,3,41_final.mp4,228,Well
deepseek_ocr,A,3,41_final.mp4,231,Well
deepseek_ocr,A,3,41_final.mp4,234,Well
deepseek_ocr,A,3,41_final.mp4,237,Well
deepseek_ocr,A,3,41_final.mp4,240,Well
deepseek_ocr,A,3,41_final.mp4,243,Well
deepseek_ocr,A,3,41_final.mp4,246,Well
deepseek_ocr,A,3,41_final.mp4,249,Well
deepseek_ocr,A,3,41_final.mp4,252,Well
deepseek_ocr,A,3,41_final.mp4,255,Well
deepseek_ocr,A,3,41_final.mp4,258,Well
deepseek_ocr,A,3,41_final.mp4,261,Well
deepseek_ocr,A,3,41_final.mp4,264,Well
deepseek_ocr,A,3,41_final.mp4,267,Well
deepseek_ocr,A,3,41_final.mp4,270,Well
deepseek_ocr,A,3,44_final.mp4,0,Well
deepseek_ocr,A,3,44_final.mp4,3,Well
deepseek_ocr,A,3,44_final.mp4,6,Well
deepseek_ocr,A,3,44_final.mp4,9,Well
deepseek_ocr,A,3,44_final.mp4,12,Well
deepseek_ocr,A,3,44_final.mp4,15,Well
deepseek_ocr,A,3,44_final.mp4,18,Well
deepseek_ocr,A,3,44_final.mp4,21,Well
deepseek_ocr,A,3,44_final.mp4,24,Well
deepseek_ocr,A,3,44_final.mp4,27,Well
deepseek_ocr,A,3,44_final.mp4,30,Well
deepseek_ocr,A,3,44_final.mp4,33,Well
deepseek_ocr,A,3,44_final.mp4,36,Well
deepseek_ocr,A,3,44_final.mp4,39,Well
deepseek_ocr,A,3,44_final.mp4,42,Well
deepseek_ocr,A,3,44_final.mp4,45,Well
deepseek_ocr,A,3,44_final.mp4,48,Well
deepseek_ocr,A,3,44_final.mp4,51,Well
deepseek_ocr,A,3,44_final.mp4,54,Well
deepseek_ocr,A,3,44_final.mp4,57,Well
deepseek_ocr,A,3,44_final.mp4,60,Well
deepseek_ocr,A,3,44_final.mp4,63,Well
deepseek_ocr,A,3,44_final.mp4,66,Well
deepseek_ocr,A,3,44_final.mp4,69,Well
deepseek_ocr,A,3,44_final.mp4,72,Well
deepseek_ocr,A,3,44_final.mp4,75,Well
deepseek_ocr,A,3,44_final.mp4,78,Well
deepseek_ocr,A,3,44_final.mp4,81,Well
deepseek_ocr,A,3,44_final.mp4,84,Well
deepseek_ocr,A,3,44_final.mp4,87,Well
deepseek_ocr,A,3,44_final.mp4,90,Well
deepseek_ocr,A,3,44_final.mp4,93,Well
deepseek_ocr,A,3,44_final.mp4,96,Well
deepseek_ocr,A,3,44_final.mp4,99,Well
deepseek_ocr,A,3,44_final.mp4,102,Well
deepseek_ocr,A,3,44_final.mp4,105,Well
deepseek_ocr,A,3,44_final.mp4,108,Well
deepseek_ocr,A,3,44_final.mp4,111,Well
deepseek_ocr,A,3,44_final.mp4,114,Well
deepseek_ocr,A,3,44_final.mp4,117,Well
deepseek_ocr,A,3,44_final.mp4,120,Well
deepseek_ocr,A,3,44_final.mp4,123,Well
deepseek_ocr,A,3,44_final.mp4,126,Well
deepseek_ocr,A,3,44_final.mp4,129,Well
deepseek_ocr,A,3,44_final.mp4,132,Well
deepseek_ocr,A,3,44_final.mp4,135,Well
deepseek_ocr,A,3,44_final.mp4,138,Well
deepseek_ocr,A,3,44_final.mp4,141,Well
deepseek_ocr,A,3,44_final.mp4,144,Well
deepseek_ocr,A,3,44_final.mp4,147,Well
deepseek_ocr,A,3,44_final.mp4,150,Well
deepseek_ocr,A,3,44_final.mp4,153,Well
deepseek_ocr,A,3,44_final.mp4,156,Well
deepseek_ocr,A,3,44_final.mp4,159,Well
deepseek_ocr,A,3,44_final.mp4,162,Well
deepseek_ocr,A,3,44_final.mp4,165,Well
deepseek_ocr,A,3,44_final.mp4,168,Well
deepseek_ocr,A,3,44_final.mp4,171,Well
deepseek_ocr,A,3,44_final.mp4,174,Well
deepseek_ocr,A,3,44_final.mp4,177,Well
deepseek_ocr,A,3,44_final.mp4,180,Well
deepseek_ocr,A,3,44_final.mp4,183,Well
deepseek_ocr,A,3,44_final.mp4,186,Well
deepseek_ocr,A,3,44_final.mp4,189,Well
deepseek_ocr,A,3,44_final.mp4,192,Well
deepseek_ocr,A,3,44_final.mp4,195,Well
deepseek_ocr,A,3,44_final.mp4,198,Well
deepseek_ocr,A,3,44_final.mp4,201,Well
deepseek_ocr,A,3,44_final.mp4,204,Well
deepseek_ocr,A,3,44_final.mp4,207,Well
deepseek_ocr,A,3,44_final.mp4,210,Well
deepseek_ocr,A,3,44_final.mp4,213,Well
deepseek_ocr,A,3,44_final.mp4,216,Well
deepseek_ocr,A,3,44_final.mp4,219,Well
deepseek_ocr,A,3,44_final.mp4,222,Well
deepseek_ocr,A,3,44_final.mp4,225,Well
deepseek_ocr,A,3,44_final.mp4,228,Well
deepseek_ocr,A,3,46_final.mp4,0,Poorly
deepseek_ocr,A,3,46_final.mp4,3,Well
deepseek_ocr,A,3,46_final.mp4,6,Well
deepseek_ocr,A,3,46_final.mp4,9,Well
deepseek_ocr,A,3,46_final.mp4,12,Poorly
deepseek_ocr,A,3,46_final.mp4,15,Well
deepseek_ocr,A,3,46_final.mp4,18,Well
deepseek_ocr,A,3,46_final.mp4,21,Well
deepseek_ocr,A,3,46_final.mp4,24,Well
deepseek_ocr,A,3,46_final.mp4,27,well
deepseek_ocr,A,3,46_final.mp4,30,Well
deepseek_ocr,A,3,46_final.mp4,33,well
deepseek_ocr,A,3,46_final.mp4,36,Well
deepseek_ocr,A,3,46_final.mp4,39,Well
deepseek_ocr,A,3,46_final.mp4,42,Well
deepseek_ocr,A,3,46_final.mp4,45,Well
deepseek_ocr,A,3,46_final.mp4,48,Well
deepseek_ocr,A,3,46_final.mp4,51,Well
deepseek_ocr,A,3,46_final.mp4,54,Well
deepseek_ocr,A,3,46_final.mp4,57,well
deepseek_ocr,A,3,46_final.mp4,60,Poorly
deepseek_ocr,A,3,46_final.mp4,63,Well
deepseek_ocr,A,3,46_final.mp4,66,Well
deepseek_ocr,A,3,46_final.mp4,69,well
deepseek_ocr,A,3,46_final.mp4,72,Well
deepseek_ocr,A,3,46_final.mp4,75,well
deepseek_ocr,A,3,46_final.mp4,78,Well
deepseek_ocr,A,3,46_final.mp4,81,Well
deepseek_ocr,A,3,46_final.mp4,84,Well
deepseek_ocr,A,3,46_final.mp4,87,Poorly
deepseek_ocr,A,3,46_final.mp4,90,Poorly
deepseek_ocr,A,3,46_final.mp4,93,well
deepseek_ocr,A,3,46_final.mp4,96,Poorly
deepseek_ocr,A,3,46_final.mp4,99,Well
deepseek_ocr,A,3,46_final.mp4,102,Well
deepseek_ocr,A,3,46_final.mp4,105,Well
deepseek_ocr,A,3,46_final.mp4,108,Well
deepseek_ocr,A,3,46_final.mp4,111,Poorly
deepseek_ocr,A,3,46_final.mp4,114,Poorly
deepseek_ocr,A,3,46_final.mp4,117,Well
deepseek_ocr,A,3,46_final.mp4,120,Poorly
deepseek_ocr,A,3,46_final.mp4,123,Well
deepseek_ocr,A,3,46_final.mp4,126,Well
deepseek_ocr,A,3,46_final.mp4,129,Well
deepseek_ocr,A,3,46_final.mp4,132,Poorly
deepseek_ocr,A,3,46_final.mp4,135,Well
deepseek_ocr,A,3,46_final.mp4,138,Well
deepseek_ocr,A,3,46_final.mp4,141,Well
deepseek_ocr,A,3,46_final.mp4,144,Well
deepseek_ocr,A,3,46_final.mp4,147,Well
deepseek_ocr,A,3,46_final.mp4,150,Poorly
deepseek_ocr,A,3,46_final.mp4,153,Well
deepseek_ocr,A,3,46_final.mp4,156,Well
deepseek_ocr,A,3,46_final.mp4,159,well
deepseek_ocr,A,3,46_final.mp4,162,well
deepseek_ocr,A,3,46_final.mp4,165,Well
deepseek_ocr,A,3,46_final.mp4,168,well
deepseek_ocr,A,3,46_final.mp4,171,Well
deepseek_ocr,A,3,46_final.mp4,174,Well
deepseek_ocr,A,3,46_final.mp4,177,Poorly
deepseek_ocr,A,3,46_final.mp4,180,Well
deepseek_ocr,A,3,46_final.mp4,183,Well
deepseek_ocr,A,3,46_final.mp4,186,Well
deepseek_ocr,A,3,46_final.mp4,189,Well
deepseek_ocr,A,3,46_final.mp4,192,Well
deepseek_ocr,A,3,46_final.mp4,195,well
deepseek_ocr,A,3,46_final.mp4,198,Poorly
deepseek_ocr,A,3,46_final.mp4,201,Well
deepseek_ocr,A,3,46_final.mp4,204,Well
deepseek_ocr,A,3,46_final.mp4,207,Well
deepseek_ocr,A,3,46_final.mp4,210,Well
deepseek_ocr,A,3,46_final.mp4,213,Well
deepseek_ocr,A,3,46_final.mp4,216,Well
deepseek_ocr,A,3,46_final.mp4,219,Well
deepseek_ocr,A,3,46_final.mp4,222,Well
deepseek_ocr,A,3,46_final.mp4,225,Well
deepseek_ocr,A,3,46_final.mp4,228,Well
deepseek_ocr,A,3,46_final.mp4,231,Well
deepseek_ocr,A,3,46_final.mp4,234,Well
deepseek_ocr,A,3,46_final.mp4,237,Well
deepseek_ocr,A,3,46_final.mp4,240,Well
deepseek_ocr,A,3,46_final.mp4,243,Well
deepseek_ocr,A,3,46_final.mp4,246,Well
deepseek_ocr,A,3,46_final.mp4,249,Well
deepseek_ocr,A,3,46_final.mp4,252,Well
deepseek_ocr,A,3,46_final.mp4,255,Well
deepseek_ocr,A,3,46_final.mp4,258,Well
deepseek_ocr,A,3,46_final.mp4,261,Poorly
deepseek_ocr,A,3,46_final.mp4,264,Well
deepseek_ocr,A,3,46_final.mp4,267,Well
deepseek_ocr,A,3,46_final.mp4,270,Poorly
deepseek_ocr,A,3,46_final.mp4,273,Poorly
deepseek_ocr,A,3,46_final.mp4,276,Well
deepseek_ocr,A,3,46_final.mp4,279,Well
deepseek_ocr,A,3,46_final.mp4,282,Poorly
deepseek_ocr,A,3,46_final.mp4,285,Well
deepseek_ocr,A,3,46_final.mp4,288,Well
deepseek_ocr,A,3,46_final.mp4,291,Well
deepseek_ocr,A,3,46_final.mp4,294,Well
deepseek_ocr,A,3,46_final.mp4,297,Well
deepseek_ocr,A,3,48_final.mp4,0,Well
deepseek_ocr,A,3,48_final.mp4,3,Well
deepseek_ocr,A,3,48_final.mp4,6,Well
deepseek_ocr,A,3,48_final.mp4,9,Well
deepseek_ocr,A,3,48_final.mp4,12,Well
deepseek_ocr,A,3,48_final.mp4,15,Well
deepseek_ocr,A,3,48_final.mp4,18,Well
deepseek_ocr,A,3,48_final.mp4,21,Well
deepseek_ocr,A,3,48_final.mp4,24,Well
deepseek_ocr,A,3,48_final.mp4,27,Well
deepseek_ocr,A,3,48_final.mp4,30,Well
deepseek_ocr,A,3,48_final.mp4,33,Well
deepseek_ocr,A,3,48_final.mp4,36,Well
deepseek_ocr,A,3,48_final.mp4,39,Well
deepseek_ocr,A,3,48_final.mp4,42,Well
deepseek_ocr,A,3,48_final.mp4,45,Well
deepseek_ocr,A,3,48_final.mp4,48,Well
deepseek_ocr,A,3,48_final.mp4,51,Well
deepseek_ocr,A,3,48_final.mp4,54,Well
deepseek_ocr,A,3,48_final.mp4,57,Well
deepseek_ocr,A,3,48_final.mp4,60,Well
deepseek_ocr,A,3,48_final.mp4,63,Well
deepseek_ocr,A,3,48_final.mp4,66,Well
deepseek_ocr,A,3,48_final.mp4,69,Well
deepseek_ocr,A,3,48_final.mp4,72,Well
deepseek_ocr,A,3,48_final.mp4,75,Well
deepseek_ocr,A,3,48_final.mp4,78,Well
deepseek_ocr,A,3,48_final.mp4,81,Well
deepseek_ocr,A,3,48_final.mp4,84,Well
deepseek_ocr,A,3,48_final.mp4,87,Well
deepseek_ocr,A,3,48_final.mp4,90,Well
deepseek_ocr,A,3,48_final.mp4,93,Well
deepseek_ocr,A,3,48_final.mp4,96,Well
deepseek_ocr,A,3,48_final.mp4,99,Well
deepseek_ocr,A,3,48_final.mp4,102,Well
deepseek_ocr,A,3,48_final.mp4,105,Well
deepseek_ocr,A,3,48_final.mp4,108,Well
deepseek_ocr,A,3,48_final.mp4,111,Well
deepseek_ocr,A,3,48_final.mp4,114,Well
deepseek_ocr,A,3,48_final.mp4,117,Well
deepseek_ocr,A,3,48_final.mp4,120,Well
deepseek_ocr,A,3,48_final.mp4,123,Well
deepseek_ocr,A,3,48_final.mp4,126,Well
deepseek_ocr,A,3,48_final.mp4,129,Well
deepseek_ocr,A,3,48_final.mp4,132,Well
deepseek_ocr,A,3,48_final.mp4,135,Well
deepseek_ocr,A,3,48_final.mp4,138,Well
deepseek_ocr,A,3,48_final.mp4,141,Well
deepseek_ocr,A,3,48_final.mp4,144,Well
deepseek_ocr,A,3,48_final.mp4,147,Well
deepseek_ocr,A,3,48_final.mp4,150,Well
deepseek_ocr,A,3,48_final.mp4,153,Well
deepseek_ocr,A,3,48_final.mp4,156,Well
deepseek_ocr,A,3,48_final.mp4,159,Well
deepseek_ocr,A,3,48_final.mp4,162,Well
deepseek_ocr,A,3,48_final.mp4,165,Well
deepseek_ocr,A,3,48_final.mp4,168,Well
deepseek_ocr,A,3,48_final.mp4,171,Well
deepseek_ocr,A,3,48_final.mp4,174,Well
deepseek_ocr,A,3,48_final.mp4,177,Well
deepseek_ocr,A,3,48_final.mp4,180,Well
deepseek_ocr,A,3,48_final.mp4,183,Well
deepseek_ocr,A,3,48_final.mp4,186,Well
deepseek_ocr,A,3,48_final.mp4,189,Well
deepseek_ocr,A,3,48_final.mp4,192,Well
deepseek_ocr,A,3,48_final.mp4,195,Well
deepseek_ocr,A,3,48_final.mp4,198,Well
deepseek_ocr,A,3,48_final.mp4,201,Well
deepseek_ocr,A,3,48_final.mp4,204,Well
deepseek_ocr,A,3,48_final.mp4,207,Well
deepseek_ocr,A,3,48_final.mp4,210,Well
deepseek_ocr,A,3,48_final.mp4,213,Well
deepseek_ocr,A,3,48_final.mp4,216,Well
deepseek_ocr,A,3,48_final.mp4,219,Well
deepseek_ocr,A,3,48_final.mp4,222,Well
deepseek_ocr,A,3,48_final.mp4,225,Well
deepseek_ocr,A,3,48_final.mp4,228,Well
deepseek_ocr,A,3,48_final.mp4,231,Well
deepseek_ocr,A,3,48_final.mp4,234,Well
deepseek_ocr,A,3,48_final.mp4,237,Well
deepseek_ocr,A,3,48_final.mp4,240,Well
deepseek_ocr,A,3,49_final.mp4,0,Well
deepseek_ocr,A,3,49_final.mp4,3,Well
deepseek_ocr,A,3,49_final.mp4,6,Well
deepseek_ocr,A,3,49_final.mp4,9,Well
deepseek_ocr,A,3,49_final.mp4,12,Well
deepseek_ocr,A,3,49_final.mp4,15,Well
deepseek_ocr,A,3,49_final.mp4,18,Well
deepseek_ocr,A,3,49_final.mp4,21,Well
deepseek_ocr,A,3,49_final.mp4,24,Well
deepseek_ocr,A,3,49_final.mp4,27,Well
deepseek_ocr,A,3,49_final.mp4,30,Well
deepseek_ocr,A,3,49_final.mp4,33,Well
deepseek_ocr,A,3,49_final.mp4,36,Well
deepseek_ocr,A,3,49_final.mp4,39,Well
deepseek_ocr,A,3,49_final.mp4,42,Well
deepseek_ocr,A,3,49_final.mp4,45,Well
deepseek_ocr,A,3,49_final.mp4,48,Well
deepseek_ocr,A,3,49_final.mp4,51,Well
deepseek_ocr,A,3,49_final.mp4,54,Well
deepseek_ocr,A,3,49_final.mp4,57,Well
deepseek_ocr,A,3,49_final.mp4,60,Well
deepseek_ocr,A,3,49_final.mp4,63,Well
deepseek_ocr,A,3,49_final.mp4,66,Well
deepseek_ocr,A,3,49_final.mp4,69,Well
deepseek_ocr,A,3,49_final.mp4,72,Well
deepseek_ocr,A,3,49_final.mp4,75,Well
deepseek_ocr,A,3,49_final.mp4,78,Well
deepseek_ocr,A,3,49_final.mp4,81,Well
deepseek_ocr,A,3,49_final.mp4,84,Well
deepseek_ocr,A,3,49_final.mp4,87,Well
deepseek_ocr,A,3,49_final.mp4,90,Well
deepseek_ocr,A,3,49_final.mp4,93,Well
deepseek_ocr,A,3,49_final.mp4,96,Well
deepseek_ocr,A,3,49_final.mp4,99,Well
deepseek_ocr,A,3,49_final.mp4,102,Well
deepseek_ocr,A,3,49_final.mp4,105,Well
deepseek_ocr,A,3,49_final.mp4,108,Well
deepseek_ocr,A,3,49_final.mp4,111,Well
deepseek_ocr,A,3,49_final.mp4,114,Well
deepseek_ocr,A,3,49_final.mp4,117,Well
deepseek_ocr,A,3,49_final.mp4,120,Well
deepseek_ocr,A,3,49_final.mp4,123,Well
deepseek_ocr,A,3,49_final.mp4,126,Well
deepseek_ocr,A,3,49_final.mp4,129,Well
deepseek_ocr,A,3,49_final.mp4,132,Well
deepseek_ocr,A,3,49_final.mp4,135,Well
deepseek_ocr,A,3,49_final.mp4,138,Well
deepseek_ocr,A,3,49_final.mp4,141,Well
deepseek_ocr,A,3,49_final.mp4,144,Well
deepseek_ocr,A,3,49_final.mp4,147,Well
deepseek_ocr,A,3,49_final.mp4,150,Well
deepseek_ocr,A,3,49_final.mp4,153,Well
deepseek_ocr,A,3,49_final.mp4,156,Well
deepseek_ocr,A,3,49_final.mp4,159,Well
deepseek_ocr,A,3,49_final.mp4,162,Well
deepseek_ocr,A,3,49_final.mp4,165,Well
deepseek_ocr,A,3,49_final.mp4,168,Well
deepseek_ocr,A,3,49_final.mp4,171,Well
deepseek_ocr,A,3,49_final.mp4,174,Well
deepseek_ocr,A,3,49_final.mp4,177,Well
deepseek_ocr,A,3,49_final.mp4,180,Well
deepseek_ocr,A,3,49_final.mp4,183,Well
deepseek_ocr,A,3,49_final.mp4,186,Well
deepseek_ocr,A,3,49_final.mp4,189,Well
deepseek_ocr,A,3,49_final.mp4,192,Well
deepseek_ocr,A,3,49_final.mp4,195,Well
deepseek_ocr,A,3,49_final.mp4,198,Well
deepseek_ocr,A,3,49_final.mp4,201,Well
deepseek_ocr,A,3,49_final.mp4,204,Well
deepseek_ocr,A,3,49_final.mp4,207,Well
deepseek_ocr,A,3,49_final.mp4,210,Well
deepseek_ocr,A,3,49_final.mp4,213,Well
deepseek_ocr,A,3,49_final.mp4,216,Well
deepseek_ocr,A,3,49_final.mp4,219,Well
deepseek_ocr,A,3,49_final.mp4,222,Well
deepseek_ocr,A,3,49_final.mp4,225,Well
deepseek_ocr,A,3,49_final.mp4,228,Well
deepseek_ocr,A,3,49_final.mp4,231,Well
deepseek_ocr,A,3,49_final.mp4,234,Well
deepseek_ocr,A,3,49_final.mp4,237,Well
deepseek_ocr,A,3,49_final.mp4,240,Well
deepseek_ocr,A,3,49_final.mp4,243,Well
deepseek_ocr,A,3,49_final.mp4,246,Well
deepseek_ocr,A,3,49_final.mp4,249,Well
deepseek_ocr,A,3,49_final.mp4,252,Well
deepseek_ocr,A,3,49_final.mp4,255,Well
deepseek_ocr,A,3,49_final.mp4,258,Well
deepseek_ocr,A,3,49_final.mp4,261,Well
deepseek_ocr,A,3,49_final.mp4,264,Well
deepseek_ocr,A,3,49_final.mp4,267,Well
deepseek_ocr,A,3,49_final.mp4,270,Well
deepseek_ocr,A,3,49_final.mp4,273,Well
deepseek_ocr,A,3,49_final.mp4,276,Well
deepseek_ocr,A,3,49_final.mp4,279,Well
deepseek_ocr,A,3,49_final.mp4,282,Well
deepseek_ocr,A,3,49_final.mp4,285,Well
deepseek_ocr,A,3,49_final.mp4,288,Well
deepseek_ocr,A,3,49_final.mp4,291,Well
deepseek_ocr,A,3,49_final.mp4,294,Well
deepseek_ocr,A,3,49_final.mp4,297,Well
deepseek_ocr,A,3,49_final.mp4,300,Well
deepseek_ocr,A,3,49_final.mp4,303,Well
deepseek_ocr,A,3,49_final.mp4,306,Well
deepseek_ocr,A,3,49_final.mp4,309,Well
deepseek_ocr,A,3,49_final.mp4,312,Well
deepseek_ocr,A,3,49_final.mp4,315,Well
deepseek_ocr,A,3,49_final.mp4,318,Well
deepseek_ocr,A,3,49_final.mp4,321,Well
deepseek_ocr,A,3,49_final.mp4,324,Well
deepseek_ocr,A,3,49_final.mp4,327,Well
deepseek_ocr,A,3,49_final.mp4,330,Well
deepseek_ocr,A,3,49_final.mp4,333,Well
deepseek_ocr,A,3,49_final.mp4,336,Well
deepseek_ocr,A,3,49_final.mp4,339,Well
deepseek_ocr,A,3,49_final.mp4,342,Well
deepseek_ocr,A,3,49_final.mp4,345,Well
deepseek_ocr,A,3,49_final.mp4,348,Well
deepseek_ocr,A,3,50_final.mp4,0,Well
deepseek_ocr,A,3,50_final.mp4,3,Well
deepseek_ocr,A,3,50_final.mp4,6,Well
deepseek_ocr,A,3,50_final.mp4,9,Well
deepseek_ocr,A,3,50_final.mp4,12,Well
deepseek_ocr,A,3,50_final.mp4,15,Well
deepseek_ocr,A,3,50_final.mp4,18,Well
deepseek_ocr,A,3,50_final.mp4,21,Well
deepseek_ocr,A,3,50_final.mp4,24,Well
deepseek_ocr,A,3,50_final.mp4,27,Well
deepseek_ocr,A,3,50_final.mp4,30,Well
deepseek_ocr,A,3,50_final.mp4,33,Well
deepseek_ocr,A,3,50_final.mp4,36,Well
deepseek_ocr,A,3,50_final.mp4,39,Well
deepseek_ocr,A,3,50_final.mp4,42,Well
deepseek_ocr,A,3,50_final.mp4,45,Well
deepseek_ocr,A,3,50_final.mp4,48,Well
deepseek_ocr,A,3,50_final.mp4,51,Well
deepseek_ocr,A,3,50_final.mp4,54,Well
deepseek_ocr,A,3,50_final.mp4,57,Well
deepseek_ocr,A,3,50_final.mp4,60,Well
deepseek_ocr,A,3,50_final.mp4,63,Well
deepseek_ocr,A,3,50_final.mp4,66,Well
deepseek_ocr,A,3,50_final.mp4,69,Well
deepseek_ocr,A,3,50_final.mp4,72,Well
deepseek_ocr,A,3,50_final.mp4,75,Well
deepseek_ocr,A,3,50_final.mp4,78,Well
deepseek_ocr,A,3,50_final.mp4,81,Well
deepseek_ocr,A,3,50_final.mp4,84,Well
deepseek_ocr,A,3,50_final.mp4,87,Well
deepseek_ocr,A,3,50_final.mp4,90,Well
deepseek_ocr,A,3,50_final.mp4,93,Well
deepseek_ocr,A,3,50_final.mp4,96,Well
deepseek_ocr,A,3,50_final.mp4,99,Well
deepseek_ocr,A,3,50_final.mp4,102,Well
deepseek_ocr,A,3,50_final.mp4,105,Well
deepseek_ocr,A,3,50_final.mp4,108,Well
deepseek_ocr,A,3,50_final.mp4,111,Well
deepseek_ocr,A,3,50_final.mp4,114,Well
deepseek_ocr,A,3,50_final.mp4,117,Well
deepseek_ocr,A,3,50_final.mp4,120,Well
deepseek_ocr,A,3,50_final.mp4,123,Well
deepseek_ocr,A,3,50_final.mp4,126,Well
deepseek_ocr,A,3,50_final.mp4,129,Well
deepseek_ocr,A,3,50_final.mp4,132,Well
deepseek_ocr,A,3,50_final.mp4,135,Well
deepseek_ocr,A,3,50_final.mp4,138,Well
deepseek_ocr,A,3,50_final.mp4,141,Well
deepseek_ocr,A,3,50_final.mp4,144,Well
deepseek_ocr,A,3,50_final.mp4,147,Well
deepseek_ocr,A,3,50_final.mp4,150,Well
deepseek_ocr,A,3,50_final.mp4,153,Well
deepseek_ocr,A,3,50_final.mp4,156,Well
deepseek_ocr,A,3,50_final.mp4,159,Well
deepseek_ocr,A,3,50_final.mp4,162,Well
deepseek_ocr,A,3,50_final.mp4,165,Well
deepseek_ocr,A,3,50_final.mp4,168,Well
deepseek_ocr,A,3,50_final.mp4,171,Well
deepseek_ocr,A,3,50_final.mp4,174,Well
deepseek_ocr,A,3,50_final.mp4,177,Well
deepseek_ocr,A,3,50_final.mp4,180,Well
deepseek_ocr,A,3,50_final.mp4,183,Well
deepseek_ocr,A,3,50_final.mp4,186,Well
deepseek_ocr,A,3,50_final.mp4,189,Well
deepseek_ocr,A,3,50_final.mp4,192,Well
deepseek_ocr,A,3,50_final.mp4,195,Well
deepseek_ocr,A,3,50_final.mp4,198,Well
deepseek_ocr,A,3,50_final.mp4,201,Well
deepseek_ocr,A,3,50_final.mp4,204,Well
deepseek_ocr,A,3,50_final.mp4,207,Well
deepseek_ocr,A,3,50_final.mp4,210,Well
deepseek_ocr,A,3,50_final.mp4,213,Well
deepseek_ocr,A,3,50_final.mp4,216,Well
deepseek_ocr,A,3,50_final.mp4,219,Well
deepseek_ocr,A,3,50_final.mp4,222,Well
deepseek_ocr,A,3,50_final.mp4,225,Well
deepseek_ocr,A,3,50_final.mp4,228,Well
deepseek_ocr,A,3,50_final.mp4,231,Well
deepseek_ocr,A,3,50_final.mp4,234,Well
deepseek_ocr,A,3,50_final.mp4,237,Well
deepseek_ocr,A,3,50_final.mp4,240,Well
deepseek_ocr,A,3,50_final.mp4,243,Well
deepseek_ocr,A,3,50_final.mp4,246,Well
deepseek_ocr,A,3,50_final.mp4,249,Well
deepseek_ocr,A,3,50_final.mp4,252,Well
deepseek_ocr,A,3,50_final.mp4,255,Well
deepseek_ocr,A,3,50_final.mp4,258,Well
deepseek_ocr,A,3,50_final.mp4,261,Well
deepseek_ocr,A,3,50_final.mp4,264,Well
deepseek_ocr,A,3,50_final.mp4,267,Well
deepseek_ocr,A,3,52_final.mp4,0,Well
deepseek_ocr,A,3,52_final.mp4,3,Well
deepseek_ocr,A,3,52_final.mp4,6,Well
deepseek_ocr,A,3,52_final.mp4,9,Well
deepseek_ocr,A,3,52_final.mp4,12,Well
deepseek_ocr,A,3,52_final.mp4,15,Well
deepseek_ocr,A,3,52_final.mp4,18,Well
deepseek_ocr,A,3,52_final.mp4,21,Well
deepseek_ocr,A,3,52_final.mp4,24,Well
deepseek_ocr,A,3,52_final.mp4,27,Well
deepseek_ocr,A,3,52_final.mp4,30,Well
deepseek_ocr,A,3,52_final.mp4,33,Well
deepseek_ocr,A,3,52_final.mp4,36,Well
deepseek_ocr,A,3,52_final.mp4,39,Well
deepseek_ocr,A,3,52_final.mp4,42,Well
deepseek_ocr,A,3,52_final.mp4,45,Well
deepseek_ocr,A,3,52_final.mp4,48,Well
deepseek_ocr,A,3,52_final.mp4,51,Well
deepseek_ocr,A,3,52_final.mp4,54,Well
deepseek_ocr,A,3,52_final.mp4,57,Well
deepseek_ocr,A,3,52_final.mp4,60,Well
deepseek_ocr,A,3,52_final.mp4,63,Well
deepseek_ocr,A,3,52_final.mp4,66,Well
deepseek_ocr,A,3,52_final.mp4,69,Well
deepseek_ocr,A,3,52_final.mp4,72,Well
deepseek_ocr,A,3,52_final.mp4,75,Well
deepseek_ocr,A,3,52_final.mp4,78,Well
deepseek_ocr,A,3,52_final.mp4,81,Well
deepseek_ocr,A,3,52_final.mp4,84,Well
deepseek_ocr,A,3,52_final.mp4,87,Well
deepseek_ocr,A,3,52_final.mp4,90,Well
deepseek_ocr,A,3,52_final.mp4,93,Well
deepseek_ocr,A,3,52_final.mp4,96,Well
deepseek_ocr,A,3,52_final.mp4,99,Well
deepseek_ocr,A,3,52_final.mp4,102,Well
deepseek_ocr,A,3,52_final.mp4,105,Well
deepseek_ocr,A,3,52_final.mp4,108,Well
deepseek_ocr,A,3,52_final.mp4,111,Well
deepseek_ocr,A,3,52_final.mp4,114,Well
deepseek_ocr,A,3,52_final.mp4,117,Well
deepseek_ocr,A,3,52_final.mp4,120,Well
deepseek_ocr,A,3,52_final.mp4,123,Well
deepseek_ocr,A,3,52_final.mp4,126,Well
deepseek_ocr,A,3,52_final.mp4,129,Well
deepseek_ocr,A,3,52_final.mp4,132,Well
deepseek_ocr,A,3,52_final.mp4,135,Well
deepseek_ocr,A,3,52_final.mp4,138,Well
deepseek_ocr,A,3,52_final.mp4,141,Well
deepseek_ocr,A,3,52_final.mp4,144,Well
deepseek_ocr,A,3,52_final.mp4,147,Well
deepseek_ocr,A,3,52_final.mp4,150,Well
deepseek_ocr,A,3,52_final.mp4,153,Well
deepseek_ocr,A,3,52_final.mp4,156,Well
deepseek_ocr,A,3,52_final.mp4,159,Well
deepseek_ocr,A,3,52_final.mp4,162,Well
deepseek_ocr,A,3,52_final.mp4,165,Well
deepseek_ocr,A,3,52_final.mp4,168,Well
deepseek_ocr,A,3,52_final.mp4,171,Well
deepseek_ocr,A,3,52_final.mp4,174,Well
deepseek_ocr,A,3,52_final.mp4,177,Well
deepseek_ocr,A,3,52_final.mp4,180,Well
deepseek_ocr,A,3,52_final.mp4,183,Well
deepseek_ocr,A,3,52_final.mp4,186,Well
deepseek_ocr,A,3,52_final.mp4,189,Well
deepseek_ocr,A,3,52_final.mp4,192,Well
deepseek_ocr,A,3,52_final.mp4,195,Well
deepseek_ocr,A,3,52_final.mp4,198,Well
deepseek_ocr,A,3,52_final.mp4,201,Well
deepseek_ocr,A,3,52_final.mp4,204,Well
deepseek_ocr,A,3,52_final.mp4,207,Well
deepseek_ocr,A,3,52_final.mp4,210,Well
deepseek_ocr,A,3,52_final.mp4,213,Well
deepseek_ocr,A,3,52_final.mp4,216,Well
deepseek_ocr,A,3,52_final.mp4,219,Well
deepseek_ocr,A,3,52_final.mp4,222,Well
deepseek_ocr,A,3,52_final.mp4,225,Well
deepseek_ocr,A,3,52_final.mp4,228,Well
deepseek_ocr,A,3,52_final.mp4,231,Well
deepseek_ocr,A,3,52_final.mp4,234,Well
deepseek_ocr,A,3,52_final.mp4,237,Well
deepseek_ocr,A,3,52_final.mp4,240,Well
deepseek_ocr,A,3,52_final.mp4,243,Well
deepseek_ocr,A,3,52_final.mp4,246,Well
deepseek_ocr,A,3,52_final.mp4,249,Well
deepseek_ocr,A,3,52_final.mp4,252,Well
deepseek_ocr,A,3,52_final.mp4,255,Well
deepseek_ocr,A,3,52_final.mp4,258,Well
deepseek_ocr,A,3,52_final.mp4,261,Well
deepseek_ocr,A,3,52_final.mp4,264,Well
deepseek_ocr,A,3,52_final.mp4,267,Well
deepseek_ocr,A,3,52_final.mp4,270,Well
deepseek_ocr,A,3,52_final.mp4,273,Well
deepseek_ocr,A,3,52_final.mp4,276,Well
deepseek_ocr,A,3,52_final.mp4,279,Well
deepseek_ocr,A,3,52_final.mp4,282,Well
deepseek_ocr,A,3,52_final.mp4,285,Well
deepseek_ocr,A,3,52_final.mp4,288,Well
deepseek_ocr,A,3,52_final.mp4,291,Well
deepseek_ocr,A,3,52_final.mp4,294,Well
deepseek_ocr,A,3,52_final.mp4,297,Well
deepseek_ocr,A,3,52_final.mp4,300,Well
deepseek_ocr,A,3,52_final.mp4,303,Well
deepseek_ocr,A,3,52_final.mp4,306,Well
deepseek_ocr,A,3,52_final.mp4,309,Well
deepseek_ocr,A,3,52_final.mp4,312,Well
deepseek_ocr,A,3,52_final.mp4,315,Well
deepseek_ocr,A,3,52_final.mp4,318,Well
deepseek_ocr,A,3,52_final.mp4,321,Well
deepseek_ocr,A,3,52_final.mp4,324,Well
deepseek_ocr,A,3,52_final.mp4,327,Well
deepseek_ocr,A,3,52_final.mp4,330,Well
deepseek_ocr,A,3,52_final.mp4,333,Well
deepseek_ocr,A,3,52_final.mp4,336,Well
deepseek_ocr,A,3,52_final.mp4,339,Well
deepseek_ocr,A,3,52_final.mp4,342,Well
deepseek_ocr,A,3,52_final.mp4,345,Well
deepseek_ocr,A,3,52_final.mp4,348,Well
deepseek_ocr,A,3,52_final.mp4,351,Well
deepseek_ocr,A,3,52_final.mp4,354,Well
deepseek_ocr,A,3,52_final.mp4,357,Well
deepseek_ocr,A,3,52_final.mp4,360,Well
deepseek_ocr,A,3,52_final.mp4,363,Well
deepseek_ocr,A,3,52_final.mp4,366,Well
deepseek_ocr,A,3,52_final.mp4,369,Well
deepseek_ocr,A,3,52_final.mp4,372,Well
deepseek_ocr,A,3,52_final.mp4,375,Well
deepseek_ocr,A,3,52_final.mp4,378,Well
deepseek_ocr,A,3,52_final.mp4,381,Well
deepseek_ocr,A,3,52_final.mp4,384,Well
deepseek_ocr,A,3,52_final.mp4,387,Well
deepseek_ocr,A,3,52_final.mp4,390,Well
deepseek_ocr,A,3,52_final.mp4,393,Well
deepseek_ocr,A,3,52_final.mp4,396,Well
deepseek_ocr,A,3,52_final.mp4,399,Well
deepseek_ocr,A,3,52_final.mp4,402,Well
deepseek_ocr,A,3,52_final.mp4,405,Well
deepseek_ocr,A,3,52_final.mp4,408,Well
deepseek_ocr,A,3,52_final.mp4,411,Well
deepseek_ocr,A,3,52_final.mp4,414,Well
deepseek_ocr,A,3,52_final.mp4,417,Well
deepseek_ocr,A,3,52_final.mp4,420,Well
deepseek_ocr,A,3,52_final.mp4,423,Well
deepseek_ocr,A,3,52_final.mp4,426,Well
deepseek_ocr,A,3,52_final.mp4,429,Well
deepseek_ocr,A,3,52_final.mp4,432,Well
deepseek_ocr,A,3,52_final.mp4,435,Well
deepseek_ocr,A,3,52_final.mp4,438,Well
deepseek_ocr,A,3,52_final.mp4,441,Well
deepseek_ocr,A,3,52_final.mp4,444,Well
deepseek_ocr,A,3,52_final.mp4,447,Well
deepseek_ocr,A,3,52_final.mp4,450,Well
deepseek_ocr,A,3,52_final.mp4,453,Well
deepseek_ocr,A,3,52_final.mp4,456,Well
deepseek_ocr,A,3,52_final.mp4,459,Well
deepseek_ocr,A,3,52_final.mp4,462,Well
deepseek_ocr,A,3,52_final.mp4,465,Well
deepseek_ocr,A,3,52_final.mp4,468,Well
deepseek_ocr,A,3,52_final.mp4,471,Well
deepseek_ocr,A,3,52_final.mp4,474,Well
deepseek_ocr,A,3,52_final.mp4,477,Well
deepseek_ocr,A,3,52_final.mp4,480,Well
deepseek_ocr,A,3,52_final.mp4,483,Well
deepseek_ocr,A,3,52_final.mp4,486,Well
deepseek_ocr,A,3,52_final.mp4,489,Well
deepseek_ocr,A,3,52_final.mp4,492,Well
deepseek_ocr,A,3,52_final.mp4,495,Well
deepseek_ocr,A,3,52_final.mp4,498,Well
deepseek_ocr,A,3,52_final.mp4,501,Well
deepseek_ocr,A,3,52_final.mp4,504,Well
deepseek_ocr,A,3,52_final.mp4,507,Well
deepseek_ocr,A,3,52_final.mp4,510,Well
deepseek_ocr,A,3,52_final.mp4,513,Well
deepseek_ocr,A,3,52_final.mp4,516,Well
deepseek_ocr,A,3,52_final.mp4,519,Well
deepseek_ocr,A,3,52_final.mp4,522,Well
deepseek_ocr,A,3,52_final.mp4,525,Well
deepseek_ocr,A,3,52_final.mp4,528,Well
deepseek_ocr,A,3,52_final.mp4,531,Well
deepseek_ocr,A,3,52_final.mp4,534,Well
deepseek_ocr,A,3,52_final.mp4,537,Well
deepseek_ocr,A,3,52_final.mp4,540,Well
deepseek_ocr,A,3,52_final.mp4,543,Well
deepseek_ocr,A,3,52_final.mp4,546,Well
deepseek_ocr,A,3,52_final.mp4,549,Well
deepseek_ocr,A,3,52_final.mp4,552,Well
deepseek_ocr,A,3,52_final.mp4,555,Well
deepseek_ocr,A,3,52_final.mp4,558,Well
deepseek_ocr,A,3,52_final.mp4,561,Well
deepseek_ocr,A,3,52_final.mp4,564,Well
deepseek_ocr,A,3,52_final.mp4,567,Well
deepseek_ocr,A,3,52_final.mp4,570,Well
deepseek_ocr,A,3,52_final.mp4,573,Well
deepseek_ocr,A,3,52_final.mp4,576,Well
deepseek_ocr,A,3,52_final.mp4,579,Well
deepseek_ocr,A,3,52_final.mp4,582,Well
deepseek_ocr,A,3,52_final.mp4,585,Well
deepseek_ocr,A,3,52_final.mp4,588,Well
deepseek_ocr,A,3,52_final.mp4,591,Well
deepseek_ocr,A,3,52_final.mp4,594,Well
deepseek_ocr,A,3,53_final.mp4,0,Well
deepseek_ocr,A,3,53_final.mp4,3,Well
deepseek_ocr,A,3,53_final.mp4,6,Well
deepseek_ocr,A,3,53_final.mp4,9,Well
deepseek_ocr,A,3,53_final.mp4,12,Well
deepseek_ocr,A,3,53_final.mp4,15,Well
deepseek_ocr,A,3,53_final.mp4,18,Well
deepseek_ocr,A,3,53_final.mp4,21,Well
deepseek_ocr,A,3,53_final.mp4,24,well
deepseek_ocr,A,3,53_final.mp4,27,Well
deepseek_ocr,A,3,53_final.mp4,30,Well
deepseek_ocr,A,3,53_final.mp4,33,Well
deepseek_ocr,A,3,53_final.mp4,36,Well
deepseek_ocr,A,3,53_final.mp4,39,Well
deepseek_ocr,A,3,53_final.mp4,42,Well
deepseek_ocr,A,3,53_final.mp4,45,Well
deepseek_ocr,A,3,53_final.mp4,48,Well
deepseek_ocr,A,3,53_final.mp4,51,Well
deepseek_ocr,A,3,53_final.mp4,54,Well
deepseek_ocr,A,3,53_final.mp4,57,Well
deepseek_ocr,A,3,53_final.mp4,60,Well
deepseek_ocr,A,3,53_final.mp4,63,Well
deepseek_ocr,A,3,53_final.mp4,66,Well
deepseek_ocr,A,3,53_final.mp4,69,Well
deepseek_ocr,A,3,53_final.mp4,72,Well
deepseek_ocr,A,3,53_final.mp4,75,Well
deepseek_ocr,A,3,53_final.mp4,78,Well
deepseek_ocr,A,3,53_final.mp4,81,Well
deepseek_ocr,A,3,53_final.mp4,84,Well
deepseek_ocr,A,3,53_final.mp4,87,Well
deepseek_ocr,A,3,53_final.mp4,90,Well
deepseek_ocr,A,3,53_final.mp4,93,Well
deepseek_ocr,A,3,53_final.mp4,96,Well
deepseek_ocr,A,3,53_final.mp4,99,Well
deepseek_ocr,A,3,53_final.mp4,102,Well
deepseek_ocr,A,3,53_final.mp4,105,Well
deepseek_ocr,A,3,53_final.mp4,108,Well
deepseek_ocr,A,3,53_final.mp4,111,Well
deepseek_ocr,A,3,53_final.mp4,114,Well
deepseek_ocr,A,3,53_final.mp4,117,Well
deepseek_ocr,A,3,53_final.mp4,120,Well
deepseek_ocr,A,3,53_final.mp4,123,Well
deepseek_ocr,A,3,53_final.mp4,126,Well
deepseek_ocr,A,3,53_final.mp4,129,Well
deepseek_ocr,A,3,53_final.mp4,132,Well
deepseek_ocr,A,3,53_final.mp4,135,Well
deepseek_ocr,A,3,53_final.mp4,138,Well
deepseek_ocr,A,3,53_final.mp4,141,Well
deepseek_ocr,A,3,53_final.mp4,144,Well
deepseek_ocr,A,3,53_final.mp4,147,Well
deepseek_ocr,A,3,53_final.mp4,150,Well
deepseek_ocr,A,3,53_final.mp4,153,Well
deepseek_ocr,A,3,53_final.mp4,156,Well
deepseek_ocr,A,3,53_final.mp4,159,Well
deepseek_ocr,A,3,53_final.mp4,162,Well
deepseek_ocr,A,3,53_final.mp4,165,Well
deepseek_ocr,A,3,53_final.mp4,168,Well
deepseek_ocr,A,3,53_final.mp4,171,Well
deepseek_ocr,A,3,53_final.mp4,174,Well
deepseek_ocr,A,3,53_final.mp4,177,Well
deepseek_ocr,A,3,53_final.mp4,180,Well
deepseek_ocr,A,3,53_final.mp4,183,Well
deepseek_ocr,A,3,53_final.mp4,186,Well
deepseek_ocr,A,3,53_final.mp4,189,Well
deepseek_ocr,A,3,53_final.mp4,192,Well
deepseek_ocr,A,3,53_final.mp4,195,Well
deepseek_ocr,A,3,53_final.mp4,198,Well
deepseek_ocr,A,3,53_final.mp4,201,Well
deepseek_ocr,A,3,53_final.mp4,204,Well
deepseek_ocr,A,3,53_final.mp4,207,Well
deepseek_ocr,A,3,53_final.mp4,210,Well
deepseek_ocr,A,3,53_final.mp4,213,Well
deepseek_ocr,A,3,53_final.mp4,216,Well
deepseek_ocr,A,3,53_final.mp4,219,Well
deepseek_ocr,A,3,53_final.mp4,222,Well
deepseek_ocr,A,3,53_final.mp4,225,Well
deepseek_ocr,A,3,53_final.mp4,228,Well
deepseek_ocr,A,3,53_final.mp4,231,Well
deepseek_ocr,A,3,53_final.mp4,234,Well
deepseek_ocr,A,3,53_final.mp4,237,Well
deepseek_ocr,A,3,53_final.mp4,240,Well
deepseek_ocr,A,3,53_final.mp4,243,Well
deepseek_ocr,A,3,53_final.mp4,246,Well
deepseek_ocr,A,3,53_final.mp4,249,Well
deepseek_ocr,A,3,53_final.mp4,252,Well
deepseek_ocr,A,3,53_final.mp4,255,Well
deepseek_ocr,A,3,53_final.mp4,258,Well
deepseek_ocr,A,3,53_final.mp4,261,Well
deepseek_ocr,A,3,53_final.mp4,264,Well
deepseek_ocr,A,3,53_final.mp4,267,Well
deepseek_ocr,A,3,53_final.mp4,270,Well
deepseek_ocr,A,3,53_final.mp4,273,Well
deepseek_ocr,A,3,53_final.mp4,276,Well
deepseek_ocr,A,3,53_final.mp4,279,Well
deepseek_ocr,A,3,53_final.mp4,282,Well
deepseek_ocr,A,3,53_final.mp4,285,Well
deepseek_ocr,A,3,53_final.mp4,288,Well
deepseek_ocr,A,3,53_final.mp4,291,Well
deepseek_ocr,A,3,53_final.mp4,294,Well
deepseek_ocr,A,3,53_final.mp4,297,Well
deepseek_ocr,A,3,53_final.mp4,300,Well
deepseek_ocr,A,3,53_final.mp4,303,Well
deepseek_ocr,A,3,53_final.mp4,306,Well
deepseek_ocr,A,3,53_final.mp4,309,Well
deepseek_ocr,A,3,53_final.mp4,312,Well
deepseek_ocr,A,3,53_final.mp4,315,Well
deepseek_ocr,A,3,53_final.mp4,318,Well
deepseek_ocr,A,3,53_final.mp4,321,Well
deepseek_ocr,A,3,53_final.mp4,324,Well
deepseek_ocr,A,3,53_final.mp4,327,Well
deepseek_ocr,A,3,54_final.mp4,0,Well
deepseek_ocr,A,3,54_final.mp4,3,Well
deepseek_ocr,A,3,54_final.mp4,6,Well
deepseek_ocr,A,3,54_final.mp4,9,Well
deepseek_ocr,A,3,54_final.mp4,12,Well
deepseek_ocr,A,3,54_final.mp4,15,Well
deepseek_ocr,A,3,54_final.mp4,18,Well
deepseek_ocr,A,3,54_final.mp4,21,Well
deepseek_ocr,A,3,54_final.mp4,24,Well
deepseek_ocr,A,3,54_final.mp4,27,Well
deepseek_ocr,A,3,54_final.mp4,30,Well
deepseek_ocr,A,3,54_final.mp4,33,Well
deepseek_ocr,A,3,54_final.mp4,36,Well
deepseek_ocr,A,3,54_final.mp4,39,Well
deepseek_ocr,A,3,54_final.mp4,42,Well
deepseek_ocr,A,3,54_final.mp4,45,Well
deepseek_ocr,A,3,54_final.mp4,48,Well
deepseek_ocr,A,3,54_final.mp4,51,Well
deepseek_ocr,A,3,54_final.mp4,54,Well
deepseek_ocr,A,3,54_final.mp4,57,Well
deepseek_ocr,A,3,54_final.mp4,60,Well
deepseek_ocr,A,3,54_final.mp4,63,Well
deepseek_ocr,A,3,54_final.mp4,66,Well
deepseek_ocr,A,3,54_final.mp4,69,Well
deepseek_ocr,A,3,54_final.mp4,72,Well
deepseek_ocr,A,3,54_final.mp4,75,Well
deepseek_ocr,A,3,54_final.mp4,78,Well
deepseek_ocr,A,3,54_final.mp4,81,well
deepseek_ocr,A,3,54_final.mp4,84,Well
deepseek_ocr,A,3,54_final.mp4,87,Well
deepseek_ocr,A,3,54_final.mp4,90,Well
deepseek_ocr,A,3,54_final.mp4,93,Well
deepseek_ocr,A,3,54_final.mp4,96,Well
deepseek_ocr,A,3,54_final.mp4,99,Well
deepseek_ocr,A,3,54_final.mp4,102,Well
deepseek_ocr,A,3,54_final.mp4,105,Well
deepseek_ocr,A,3,54_final.mp4,108,Well
deepseek_ocr,A,3,54_final.mp4,111,Well
deepseek_ocr,A,3,54_final.mp4,114,Well
deepseek_ocr,A,3,54_final.mp4,117,Well
deepseek_ocr,A,3,54_final.mp4,120,Well
deepseek_ocr,A,3,54_final.mp4,123,Well
deepseek_ocr,A,3,54_final.mp4,126,Well
deepseek_ocr,A,3,54_final.mp4,129,Well
deepseek_ocr,A,3,54_final.mp4,132,Well
deepseek_ocr,A,3,54_final.mp4,135,Well
deepseek_ocr,A,3,54_final.mp4,138,Well
deepseek_ocr,A,3,54_final.mp4,141,Well
deepseek_ocr,A,3,54_final.mp4,144,Well
deepseek_ocr,A,3,54_final.mp4,147,Well
deepseek_ocr,A,3,54_final.mp4,150,Well
deepseek_ocr,A,3,54_final.mp4,153,Well
deepseek_ocr,A,3,54_final.mp4,156,Well
deepseek_ocr,A,3,54_final.mp4,159,Well
deepseek_ocr,A,3,54_final.mp4,162,Well
deepseek_ocr,A,3,54_final.mp4,165,Well
deepseek_ocr,A,3,54_final.mp4,168,Well
deepseek_ocr,A,3,54_final.mp4,171,Well
deepseek_ocr,A,3,54_final.mp4,174,Well
deepseek_ocr,A,3,54_final.mp4,177,Well
deepseek_ocr,A,3,54_final.mp4,180,Well
deepseek_ocr,A,3,54_final.mp4,183,Well
deepseek_ocr,A,3,54_final.mp4,186,Well
deepseek_ocr,A,3,54_final.mp4,189,Well
deepseek_ocr,A,3,54_final.mp4,192,Well
deepseek_ocr,A,3,54_final.mp4,195,Well
deepseek_ocr,A,3,54_final.mp4,198,Well
deepseek_ocr,A,3,54_final.mp4,201,Well
deepseek_ocr,A,3,54_final.mp4,204,Well
deepseek_ocr,A,3,54_final.mp4,207,Well
deepseek_ocr,A,3,54_final.mp4,210,Well
deepseek_ocr,A,3,54_final.mp4,213,Well
deepseek_ocr,A,3,54_final.mp4,216,Well
deepseek_ocr,A,3,54_final.mp4,219,Well
deepseek_ocr,A,3,54_final.mp4,222,Well
deepseek_ocr,A,3,54_final.mp4,225,Well
deepseek_ocr,A,3,54_final.mp4,228,Well
deepseek_ocr,A,3,54_final.mp4,231,Well
deepseek_ocr,A,3,54_final.mp4,234,Well
deepseek_ocr,A,3,54_final.mp4,237,Well
deepseek_ocr,A,3,54_final.mp4,240,Well
deepseek_ocr,A,3,54_final.mp4,243,Well
deepseek_ocr,A,3,54_final.mp4,246,Well
deepseek_ocr,A,3,54_final.mp4,249,Well
deepseek_ocr,A,3,54_final.mp4,252,Well
deepseek_ocr,A,3,54_final.mp4,255,Well
deepseek_ocr,A,3,54_final.mp4,258,Well
deepseek_ocr,A,3,55_final.mp4,0,Well
deepseek_ocr,A,3,55_final.mp4,3,Well
deepseek_ocr,A,3,55_final.mp4,6,Well
deepseek_ocr,A,3,55_final.mp4,9,Well
deepseek_ocr,A,3,55_final.mp4,12,Well
deepseek_ocr,A,3,55_final.mp4,15,Well
deepseek_ocr,A,3,55_final.mp4,18,Well
deepseek_ocr,A,3,55_final.mp4,21,Well
deepseek_ocr,A,3,55_final.mp4,24,Well
deepseek_ocr,A,3,55_final.mp4,27,Well
deepseek_ocr,A,3,55_final.mp4,30,Well
deepseek_ocr,A,3,55_final.mp4,33,Well
deepseek_ocr,A,3,55_final.mp4,36,Well
deepseek_ocr,A,3,55_final.mp4,39,Well
deepseek_ocr,A,3,55_final.mp4,42,Well
deepseek_ocr,A,3,55_final.mp4,45,Well
deepseek_ocr,A,3,55_final.mp4,48,Well
deepseek_ocr,A,3,55_final.mp4,51,Well
deepseek_ocr,A,3,55_final.mp4,54,Well
deepseek_ocr,A,3,55_final.mp4,57,Well
deepseek_ocr,A,3,55_final.mp4,60,Well
deepseek_ocr,A,3,55_final.mp4,63,Well
deepseek_ocr,A,3,55_final.mp4,66,Well
deepseek_ocr,A,3,55_final.mp4,69,Well
deepseek_ocr,A,3,55_final.mp4,72,Well
deepseek_ocr,A,3,55_final.mp4,75,Well
deepseek_ocr,A,3,55_final.mp4,78,Well
deepseek_ocr,A,3,55_final.mp4,81,Well
deepseek_ocr,A,3,55_final.mp4,84,Well
deepseek_ocr,A,3,55_final.mp4,87,Well
deepseek_ocr,A,3,55_final.mp4,90,Well
deepseek_ocr,A,3,55_final.mp4,93,Well
deepseek_ocr,A,3,55_final.mp4,96,Well
deepseek_ocr,A,3,55_final.mp4,99,Well
deepseek_ocr,A,3,55_final.mp4,102,Well
deepseek_ocr,A,3,55_final.mp4,105,Well
deepseek_ocr,A,3,55_final.mp4,108,Well
deepseek_ocr,A,3,55_final.mp4,111,Well
deepseek_ocr,A,3,55_final.mp4,114,Well
deepseek_ocr,A,3,55_final.mp4,117,Well
deepseek_ocr,A,3,55_final.mp4,120,Well
deepseek_ocr,A,3,55_final.mp4,123,Well
deepseek_ocr,A,3,55_final.mp4,126,Well
deepseek_ocr,A,3,55_final.mp4,129,Well
deepseek_ocr,A,3,55_final.mp4,132,Well
deepseek_ocr,A,3,55_final.mp4,135,Well
deepseek_ocr,A,3,55_final.mp4,138,Well
deepseek_ocr,A,3,55_final.mp4,141,Well
deepseek_ocr,A,3,55_final.mp4,144,Well
deepseek_ocr,A,3,55_final.mp4,147,Well
deepseek_ocr,A,3,55_final.mp4,150,Well
deepseek_ocr,A,3,55_final.mp4,153,Well
deepseek_ocr,A,3,55_final.mp4,156,Well
deepseek_ocr,A,3,55_final.mp4,159,Well
deepseek_ocr,A,3,55_final.mp4,162,Well
deepseek_ocr,A,3,55_final.mp4,165,Well
deepseek_ocr,A,3,55_final.mp4,168,Well
deepseek_ocr,A,3,55_final.mp4,171,Well
deepseek_ocr,A,3,55_final.mp4,174,Well
deepseek_ocr,A,3,55_final.mp4,177,Well
deepseek_ocr,A,3,55_final.mp4,180,Well
deepseek_ocr,A,3,55_final.mp4,183,Well
deepseek_ocr,A,3,55_final.mp4,186,Well
deepseek_ocr,A,3,55_final.mp4,189,Well
deepseek_ocr,A,3,55_final.mp4,192,Well
deepseek_ocr,A,3,55_final.mp4,195,Well
deepseek_ocr,A,3,55_final.mp4,198,Well
deepseek_ocr,A,3,55_final.mp4,201,Well
deepseek_ocr,A,3,55_final.mp4,204,Well
deepseek_ocr,A,3,55_final.mp4,207,Well
deepseek_ocr,A,3,55_final.mp4,210,Well
deepseek_ocr,A,3,55_final.mp4,213,Well
deepseek_ocr,A,3,55_final.mp4,216,Well
deepseek_ocr,A,3,55_final.mp4,219,Well
deepseek_ocr,A,3,55_final.mp4,222,Well
deepseek_ocr,A,3,55_final.mp4,225,Well
deepseek_ocr,A,3,55_final.mp4,228,Well
deepseek_ocr,A,3,55_final.mp4,231,Well
deepseek_ocr,A,3,55_final.mp4,234,Well
deepseek_ocr,A,3,55_final.mp4,237,Well
deepseek_ocr,A,3,55_final.mp4,240,Well
deepseek_ocr,A,3,55_final.mp4,243,Well
deepseek_ocr,A,3,55_final.mp4,246,Well
deepseek_ocr,A,3,55_final.mp4,249,Well
deepseek_ocr,A,3,55_final.mp4,252,Well
deepseek_ocr,A,3,55_final.mp4,255,Well
deepseek_ocr,A,3,55_final.mp4,258,Well
deepseek_ocr,A,3,55_final.mp4,261,Well
deepseek_ocr,A,3,55_final.mp4,264,Well
deepseek_ocr,A,3,55_final.mp4,267,Well
deepseek_ocr,A,3,57_final.mp4,0,Well
deepseek_ocr,A,3,57_final.mp4,3,Well
deepseek_ocr,A,3,57_final.mp4,6,Well
deepseek_ocr,A,3,57_final.mp4,9,Well
deepseek_ocr,A,3,57_final.mp4,12,Well
deepseek_ocr,A,3,57_final.mp4,15,Well
deepseek_ocr,A,3,57_final.mp4,18,Well
deepseek_ocr,A,3,57_final.mp4,21,Well
deepseek_ocr,A,3,57_final.mp4,24,Well
deepseek_ocr,A,3,57_final.mp4,27,Well
deepseek_ocr,A,3,57_final.mp4,30,Well
deepseek_ocr,A,3,57_final.mp4,33,Well
deepseek_ocr,A,3,57_final.mp4,36,Well
deepseek_ocr,A,3,57_final.mp4,39,Well
deepseek_ocr,A,3,57_final.mp4,42,Well
deepseek_ocr,A,3,57_final.mp4,45,Well
deepseek_ocr,A,3,57_final.mp4,48,Well
deepseek_ocr,A,3,57_final.mp4,51,Well
deepseek_ocr,A,3,57_final.mp4,54,Well
deepseek_ocr,A,3,57_final.mp4,57,Well
deepseek_ocr,A,3,57_final.mp4,60,Well
deepseek_ocr,A,3,57_final.mp4,63,Well
deepseek_ocr,A,3,57_final.mp4,66,Well
deepseek_ocr,A,3,57_final.mp4,69,Well
deepseek_ocr,A,3,57_final.mp4,72,Well
deepseek_ocr,A,3,57_final.mp4,75,Well
deepseek_ocr,A,3,57_final.mp4,78,Well
deepseek_ocr,A,3,57_final.mp4,81,Well
deepseek_ocr,A,3,57_final.mp4,84,Well
deepseek_ocr,A,3,57_final.mp4,87,Well
deepseek_ocr,A,3,57_final.mp4,90,Well
deepseek_ocr,A,3,57_final.mp4,93,Well
deepseek_ocr,A,3,57_final.mp4,96,Well
deepseek_ocr,A,3,57_final.mp4,99,Well
deepseek_ocr,A,3,57_final.mp4,102,Well
deepseek_ocr,A,3,57_final.mp4,105,Well
deepseek_ocr,A,3,57_final.mp4,108,Well
deepseek_ocr,A,3,57_final.mp4,111,Well
deepseek_ocr,A,3,57_final.mp4,114,Well
deepseek_ocr,A,3,57_final.mp4,117,Well
deepseek_ocr,A,3,57_final.mp4,120,Well
deepseek_ocr,A,3,57_final.mp4,123,Well
deepseek_ocr,A,3,57_final.mp4,126,Well
deepseek_ocr,A,3,57_final.mp4,129,Well
deepseek_ocr,A,3,57_final.mp4,132,Well
deepseek_ocr,A,3,57_final.mp4,135,Well
deepseek_ocr,A,3,57_final.mp4,138,Well
deepseek_ocr,A,3,57_final.mp4,141,Well
deepseek_ocr,A,3,57_final.mp4,144,Well
deepseek_ocr,A,3,57_final.mp4,147,Well
deepseek_ocr,A,3,57_final.mp4,150,Well
deepseek_ocr,A,3,57_final.mp4,153,Well
deepseek_ocr,A,3,57_final.mp4,156,Well
deepseek_ocr,A,3,57_final.mp4,159,Well
deepseek_ocr,A,3,57_final.mp4,162,Well
deepseek_ocr,A,3,57_final.mp4,165,Well
deepseek_ocr,A,3,57_final.mp4,168,Well
deepseek_ocr,A,3,57_final.mp4,171,Well
deepseek_ocr,A,3,57_final.mp4,174,Well
deepseek_ocr,A,3,57_final.mp4,177,well
deepseek_ocr,A,3,57_final.mp4,180,Well
deepseek_ocr,A,3,57_final.mp4,183,Well
deepseek_ocr,A,3,57_final.mp4,186,Well
deepseek_ocr,A,3,57_final.mp4,189,Well
deepseek_ocr,A,3,57_final.mp4,192,Well
deepseek_ocr,A,3,57_final.mp4,195,Well
deepseek_ocr,A,3,57_final.mp4,198,Well
deepseek_ocr,A,3,57_final.mp4,201,well
deepseek_ocr,A,3,57_final.mp4,204,Well
deepseek_ocr,A,3,57_final.mp4,207,Well
deepseek_ocr,A,3,57_final.mp4,210,Well
deepseek_ocr,A,3,57_final.mp4,213,Well
deepseek_ocr,A,3,57_final.mp4,216,Well
deepseek_ocr,A,3,57_final.mp4,219,Well
deepseek_ocr,A,3,57_final.mp4,222,Well
deepseek_ocr,A,3,57_final.mp4,225,Well
deepseek_ocr,A,3,57_final.mp4,228,Well
deepseek_ocr,A,3,57_final.mp4,231,Well
deepseek_ocr,A,3,57_final.mp4,234,Well
deepseek_ocr,A,3,57_final.mp4,237,well
deepseek_ocr,A,3,57_final.mp4,240,Well
deepseek_ocr,A,3,57_final.mp4,243,Well
deepseek_ocr,A,3,57_final.mp4,246,Well
deepseek_ocr,A,3,57_final.mp4,249,Well
deepseek_ocr,A,3,57_final.mp4,252,Well
deepseek_ocr,A,3,57_final.mp4,255,Well
deepseek_ocr,A,3,57_final.mp4,258,Well
deepseek_ocr,A,3,57_final.mp4,261,Well
deepseek_ocr,A,3,57_final.mp4,264,Well
deepseek_ocr,A,3,57_final.mp4,267,well
deepseek_ocr,A,3,57_final.mp4,270,Well
deepseek_ocr,A,3,57_final.mp4,273,Well
deepseek_ocr,A,3,59_final.mp4,0,Well
deepseek_ocr,A,3,59_final.mp4,3,Well
deepseek_ocr,A,3,59_final.mp4,6,Well
deepseek_ocr,A,3,59_final.mp4,9,Well
deepseek_ocr,A,3,59_final.mp4,12,Well
deepseek_ocr,A,3,59_final.mp4,15,Well
deepseek_ocr,A,3,59_final.mp4,18,Well
deepseek_ocr,A,3,59_final.mp4,21,Well
deepseek_ocr,A,3,59_final.mp4,24,Well
deepseek_ocr,A,3,59_final.mp4,27,Well
deepseek_ocr,A,3,59_final.mp4,30,Well
deepseek_ocr,A,3,59_final.mp4,33,Well
deepseek_ocr,A,3,59_final.mp4,36,Well
deepseek_ocr,A,3,59_final.mp4,39,Well
deepseek_ocr,A,3,59_final.mp4,42,Well
deepseek_ocr,A,3,59_final.mp4,45,Well
deepseek_ocr,A,3,59_final.mp4,48,Well
deepseek_ocr,A,3,59_final.mp4,51,Well
deepseek_ocr,A,3,59_final.mp4,54,Well
deepseek_ocr,A,3,59_final.mp4,57,Well
deepseek_ocr,A,3,59_final.mp4,60,Well
deepseek_ocr,A,3,59_final.mp4,63,Well
deepseek_ocr,A,3,59_final.mp4,66,Well
deepseek_ocr,A,3,59_final.mp4,69,Well
deepseek_ocr,A,3,59_final.mp4,72,Well
deepseek_ocr,A,3,59_final.mp4,75,Well
deepseek_ocr,A,3,59_final.mp4,78,Well
deepseek_ocr,A,3,59_final.mp4,81,Well
deepseek_ocr,A,3,59_final.mp4,84,Well
deepseek_ocr,A,3,59_final.mp4,87,Well
deepseek_ocr,A,3,59_final.mp4,90,Well
deepseek_ocr,A,3,59_final.mp4,93,Well
deepseek_ocr,A,3,59_final.mp4,96,Well
deepseek_ocr,A,3,59_final.mp4,99,Well
deepseek_ocr,A,3,59_final.mp4,102,Well
deepseek_ocr,A,3,59_final.mp4,105,Well
deepseek_ocr,A,3,59_final.mp4,108,Well
deepseek_ocr,A,3,59_final.mp4,111,Well
deepseek_ocr,A,3,59_final.mp4,114,Well
deepseek_ocr,A,3,59_final.mp4,117,Well
deepseek_ocr,A,3,59_final.mp4,120,Well
deepseek_ocr,A,3,59_final.mp4,123,Well
deepseek_ocr,A,3,59_final.mp4,126,Well
deepseek_ocr,A,3,59_final.mp4,129,Well
deepseek_ocr,A,3,59_final.mp4,132,Well
deepseek_ocr,A,3,59_final.mp4,135,Well
deepseek_ocr,A,3,59_final.mp4,138,Well
deepseek_ocr,A,3,59_final.mp4,141,Well
deepseek_ocr,A,3,59_final.mp4,144,Well
deepseek_ocr,A,3,59_final.mp4,147,Well
deepseek_ocr,A,3,59_final.mp4,150,Well
deepseek_ocr,A,3,59_final.mp4,153,Well
deepseek_ocr,A,3,59_final.mp4,156,Well
deepseek_ocr,A,3,59_final.mp4,159,Well
deepseek_ocr,A,3,59_final.mp4,162,Well
deepseek_ocr,A,3,59_final.mp4,165,Well
deepseek_ocr,A,3,59_final.mp4,168,Well
deepseek_ocr,A,3,59_final.mp4,171,Well
deepseek_ocr,A,3,59_final.mp4,174,Well
deepseek_ocr,A,3,59_final.mp4,177,Well
deepseek_ocr,A,3,59_final.mp4,180,Well
deepseek_ocr,A,3,59_final.mp4,183,Well
deepseek_ocr,A,3,59_final.mp4,186,well
deepseek_ocr,A,3,59_final.mp4,189,Well
deepseek_ocr,A,3,59_final.mp4,192,Well
deepseek_ocr,A,3,59_final.mp4,195,well
deepseek_ocr,A,3,59_final.mp4,198,Well
deepseek_ocr,A,3,59_final.mp4,201,Well
deepseek_ocr,A,3,59_final.mp4,204,Well
deepseek_ocr,A,3,59_final.mp4,207,well
deepseek_ocr,A,3,59_final.mp4,210,Well
deepseek_ocr,A,3,59_final.mp4,213,Well
deepseek_ocr,A,3,59_final.mp4,216,Well
deepseek_ocr,A,3,59_final.mp4,219,Well
deepseek_ocr,A,3,59_final.mp4,222,Well
deepseek_ocr,A,3,59_final.mp4,225,Well
deepseek_ocr,A,3,59_final.mp4,228,Well
deepseek_ocr,A,3,59_final.mp4,231,Well
deepseek_ocr,A,3,59_final.mp4,234,well
deepseek_ocr,A,3,59_final.mp4,237,Well
deepseek_ocr,A,3,59_final.mp4,240,Well
deepseek_ocr,A,3,59_final.mp4,243,Well
deepseek_ocr,A,3,59_final.mp4,246,well
deepseek_ocr,A,3,59_final.mp4,249,Well
deepseek_ocr,A,3,59_final.mp4,252,well
deepseek_ocr,A,3,59_final.mp4,255,well
deepseek_ocr,A,3,59_final.mp4,258,Well
deepseek_ocr,A,3,59_final.mp4,261,well
deepseek_ocr,A,3,59_final.mp4,264,Well
deepseek_ocr,A,3,59_final.mp4,267,well
deepseek_ocr,A,3,60_final.mp4,0,Well
deepseek_ocr,A,3,60_final.mp4,3,Well
deepseek_ocr,A,3,60_final.mp4,6,Well
deepseek_ocr,A,3,60_final.mp4,9,Well
deepseek_ocr,A,3,60_final.mp4,12,Well
deepseek_ocr,A,3,60_final.mp4,15,Well
deepseek_ocr,A,3,60_final.mp4,18,Well
deepseek_ocr,A,3,60_final.mp4,21,Well
deepseek_ocr,A,3,60_final.mp4,24,Well
deepseek_ocr,A,3,60_final.mp4,27,Well
deepseek_ocr,A,3,60_final.mp4,30,Well
deepseek_ocr,A,3,60_final.mp4,33,Well
deepseek_ocr,A,3,60_final.mp4,36,Well
deepseek_ocr,A,3,60_final.mp4,39,Well
deepseek_ocr,A,3,60_final.mp4,42,Well
deepseek_ocr,A,3,60_final.mp4,45,Well
deepseek_ocr,A,3,60_final.mp4,48,Well
deepseek_ocr,A,3,60_final.mp4,51,Well
deepseek_ocr,A,3,60_final.mp4,54,Well
deepseek_ocr,A,3,60_final.mp4,57,Well
deepseek_ocr,A,3,60_final.mp4,60,Well
deepseek_ocr,A,3,60_final.mp4,63,Well
deepseek_ocr,A,3,60_final.mp4,66,Well
deepseek_ocr,A,3,60_final.mp4,69,Well
deepseek_ocr,A,3,60_final.mp4,72,Well
deepseek_ocr,A,3,60_final.mp4,75,Well
deepseek_ocr,A,3,60_final.mp4,78,Well
deepseek_ocr,A,3,60_final.mp4,81,Well
deepseek_ocr,A,3,60_final.mp4,84,Well
deepseek_ocr,A,3,60_final.mp4,87,Well
deepseek_ocr,A,3,60_final.mp4,90,Well
deepseek_ocr,A,3,60_final.mp4,93,Well
deepseek_ocr,A,3,60_final.mp4,96,Well
deepseek_ocr,A,3,60_final.mp4,99,Well
deepseek_ocr,A,3,60_final.mp4,102,Well
deepseek_ocr,A,3,60_final.mp4,105,Well
deepseek_ocr,A,3,60_final.mp4,108,Well
deepseek_ocr,A,3,60_final.mp4,111,Well
deepseek_ocr,A,3,60_final.mp4,114,Well
deepseek_ocr,A,3,60_final.mp4,117,Well
deepseek_ocr,A,3,60_final.mp4,120,Well
deepseek_ocr,A,3,60_final.mp4,123,Well
deepseek_ocr,A,3,60_final.mp4,126,Well
deepseek_ocr,A,3,60_final.mp4,129,Well
deepseek_ocr,A,3,60_final.mp4,132,Well
deepseek_ocr,A,3,60_final.mp4,135,Well
deepseek_ocr,A,3,60_final.mp4,138,Well
deepseek_ocr,A,3,60_final.mp4,141,Well
deepseek_ocr,A,3,60_final.mp4,144,Well
deepseek_ocr,A,3,60_final.mp4,147,Well
deepseek_ocr,A,3,60_final.mp4,150,Well
deepseek_ocr,A,3,60_final.mp4,153,Well
deepseek_ocr,A,3,60_final.mp4,156,Well
deepseek_ocr,A,3,60_final.mp4,159,Well
deepseek_ocr,A,3,60_final.mp4,162,Well
deepseek_ocr,A,3,60_final.mp4,165,Well
deepseek_ocr,A,3,60_final.mp4,168,Well
deepseek_ocr,A,3,60_final.mp4,171,Well
deepseek_ocr,A,3,60_final.mp4,174,Well
deepseek_ocr,A,3,60_final.mp4,177,Well
deepseek_ocr,A,3,60_final.mp4,180,Well
deepseek_ocr,A,3,60_final.mp4,183,Well
deepseek_ocr,A,3,60_final.mp4,186,Well
deepseek_ocr,A,3,60_final.mp4,189,Well
deepseek_ocr,A,3,60_final.mp4,192,Well
deepseek_ocr,A,3,60_final.mp4,195,Well
deepseek_ocr,A,3,60_final.mp4,198,Well
deepseek_ocr,A,3,60_final.mp4,201,Well
deepseek_ocr,A,3,60_final.mp4,204,Well
deepseek_ocr,A,3,60_final.mp4,207,Well
deepseek_ocr,A,3,60_final.mp4,210,Well
deepseek_ocr,A,3,60_final.mp4,213,Well
deepseek_ocr,A,3,60_final.mp4,216,Well
deepseek_ocr,A,3,60_final.mp4,219,Well
deepseek_ocr,A,3,60_final.mp4,222,Well
deepseek_ocr,A,3,60_final.mp4,225,Well
deepseek_ocr,A,3,60_final.mp4,228,Well
deepseek_ocr,A,3,60_final.mp4,231,Well
deepseek_ocr,A,3,60_final.mp4,234,Well
deepseek_ocr,A,3,60_final.mp4,237,Well
deepseek_ocr,A,3,60_final.mp4,240,Well
deepseek_ocr,A,3,60_final.mp4,243,Well
deepseek_ocr,A,3,60_final.mp4,246,Well
deepseek_ocr,A,3,60_final.mp4,249,Well
deepseek_ocr,A,3,60_final.mp4,252,Well
deepseek_ocr,A,3,60_final.mp4,255,Well
deepseek_ocr,A,3,60_final.mp4,258,Well
deepseek_ocr,A,3,60_final.mp4,261,Well
deepseek_ocr,A,3,60_final.mp4,264,Well
deepseek_ocr,A,3,60_final.mp4,267,Well
deepseek_ocr,A,3,6_final.mp4,0,Well
deepseek_ocr,A,3,6_final.mp4,3,Well
deepseek_ocr,A,3,6_final.mp4,6,Well
deepseek_ocr,A,3,6_final.mp4,9,Well
deepseek_ocr,A,3,6_final.mp4,12,Well
deepseek_ocr,A,3,6_final.mp4,15,Well
deepseek_ocr,A,3,6_final.mp4,18,Well
deepseek_ocr,A,3,6_final.mp4,21,Well
deepseek_ocr,A,3,6_final.mp4,24,Well
deepseek_ocr,A,3,6_final.mp4,27,Well
deepseek_ocr,A,3,6_final.mp4,30,Well
deepseek_ocr,A,3,6_final.mp4,33,Well
deepseek_ocr,A,3,6_final.mp4,36,Well
deepseek_ocr,A,3,6_final.mp4,39,Well
deepseek_ocr,A,3,6_final.mp4,42,Well
deepseek_ocr,A,3,6_final.mp4,45,Well
deepseek_ocr,A,3,6_final.mp4,48,Well
deepseek_ocr,A,3,6_final.mp4,51,Well
deepseek_ocr,A,3,6_final.mp4,54,Well
deepseek_ocr,A,3,6_final.mp4,57,Well
deepseek_ocr,A,3,6_final.mp4,60,Well
deepseek_ocr,A,3,6_final.mp4,63,Well
deepseek_ocr,A,3,6_final.mp4,66,Well
deepseek_ocr,A,3,6_final.mp4,69,Well
deepseek_ocr,A,3,6_final.mp4,72,Well
deepseek_ocr,A,3,6_final.mp4,75,Well
deepseek_ocr,A,3,6_final.mp4,78,Well
deepseek_ocr,A,3,6_final.mp4,81,Well
deepseek_ocr,A,3,6_final.mp4,84,Well
deepseek_ocr,A,3,6_final.mp4,87,Well
deepseek_ocr,A,3,6_final.mp4,90,Well
deepseek_ocr,A,3,6_final.mp4,93,Well
deepseek_ocr,A,3,6_final.mp4,96,Well
deepseek_ocr,A,3,6_final.mp4,99,Well
deepseek_ocr,A,3,6_final.mp4,102,Well
deepseek_ocr,A,3,6_final.mp4,105,Well
deepseek_ocr,A,3,6_final.mp4,108,Well
deepseek_ocr,A,3,6_final.mp4,111,Well
deepseek_ocr,A,3,6_final.mp4,114,Well
deepseek_ocr,A,3,6_final.mp4,117,Well
deepseek_ocr,A,3,6_final.mp4,120,Well
deepseek_ocr,A,3,6_final.mp4,123,Well
deepseek_ocr,A,3,6_final.mp4,126,Well
deepseek_ocr,A,3,6_final.mp4,129,Well
deepseek_ocr,A,3,6_final.mp4,132,Well
deepseek_ocr,A,3,6_final.mp4,135,Well
deepseek_ocr,A,3,6_final.mp4,138,Well
deepseek_ocr,A,3,6_final.mp4,141,Well
deepseek_ocr,A,3,6_final.mp4,144,Well
deepseek_ocr,A,3,6_final.mp4,147,Well
deepseek_ocr,A,3,6_final.mp4,150,Well
deepseek_ocr,A,3,6_final.mp4,153,Well
deepseek_ocr,A,3,6_final.mp4,156,Well
deepseek_ocr,A,3,6_final.mp4,159,Well
deepseek_ocr,A,3,6_final.mp4,162,Well
deepseek_ocr,A,3,6_final.mp4,165,Well
deepseek_ocr,A,3,6_final.mp4,168,Well
deepseek_ocr,A,3,6_final.mp4,171,Well
deepseek_ocr,A,3,6_final.mp4,174,Well
deepseek_ocr,A,3,6_final.mp4,177,Well
deepseek_ocr,A,3,6_final.mp4,180,Well
deepseek_ocr,A,3,6_final.mp4,183,Well
deepseek_ocr,A,3,7_final.mp4,0,Well
deepseek_ocr,A,3,7_final.mp4,3,Well
deepseek_ocr,A,3,7_final.mp4,6,Well
deepseek_ocr,A,3,7_final.mp4,9,well
deepseek_ocr,A,3,7_final.mp4,12,well
deepseek_ocr,A,3,7_final.mp4,15,Well
deepseek_ocr,A,3,7_final.mp4,18,well
deepseek_ocr,A,3,7_final.mp4,21,Well
deepseek_ocr,A,3,7_final.mp4,24,Well
deepseek_ocr,A,3,7_final.mp4,27,Well
deepseek_ocr,A,3,7_final.mp4,30,Well
deepseek_ocr,A,3,7_final.mp4,33,well
deepseek_ocr,A,3,7_final.mp4,36,well
deepseek_ocr,A,3,7_final.mp4,39,well
deepseek_ocr,A,3,7_final.mp4,42,Well
deepseek_ocr,A,3,7_final.mp4,45,Well
deepseek_ocr,A,3,7_final.mp4,48,Well
deepseek_ocr,A,3,7_final.mp4,51,Well
deepseek_ocr,A,3,7_final.mp4,54,Well
deepseek_ocr,A,3,7_final.mp4,57,well
deepseek_ocr,A,3,7_final.mp4,60,well
deepseek_ocr,A,3,7_final.mp4,63,Well
deepseek_ocr,A,3,7_final.mp4,66,Well
deepseek_ocr,A,3,7_final.mp4,69,Well
deepseek_ocr,A,3,7_final.mp4,72,well
deepseek_ocr,A,3,7_final.mp4,75,Well
deepseek_ocr,A,3,7_final.mp4,78,Well
deepseek_ocr,A,3,7_final.mp4,81,Well
deepseek_ocr,A,3,7_final.mp4,84,well
deepseek_ocr,A,3,7_final.mp4,87,Well
deepseek_ocr,A,3,7_final.mp4,90,Well
deepseek_ocr,A,3,7_final.mp4,93,well
deepseek_ocr,A,3,7_final.mp4,96,well
deepseek_ocr,A,3,7_final.mp4,99,Well
deepseek_ocr,A,3,7_final.mp4,102,Well
deepseek_ocr,A,3,7_final.mp4,105,Well
deepseek_ocr,A,3,7_final.mp4,108,well
deepseek_ocr,A,3,7_final.mp4,111,Well
deepseek_ocr,A,3,7_final.mp4,114,Well
deepseek_ocr,A,3,7_final.mp4,117,Well
deepseek_ocr,A,3,7_final.mp4,120,Well
deepseek_ocr,A,3,7_final.mp4,123,Well
deepseek_ocr,A,3,7_final.mp4,126,Well
deepseek_ocr,A,3,7_final.mp4,129,Well
deepseek_ocr,A,3,7_final.mp4,132,Well
deepseek_ocr,A,3,7_final.mp4,135,well
deepseek_ocr,A,3,7_final.mp4,138,Well
deepseek_ocr,A,3,7_final.mp4,141,Well
deepseek_ocr,A,3,7_final.mp4,144,Well
deepseek_ocr,A,3,7_final.mp4,147,Well
deepseek_ocr,A,3,7_final.mp4,150,Well
deepseek_ocr,A,3,7_final.mp4,153,Well
deepseek_ocr,A,3,7_final.mp4,156,Well
deepseek_ocr,A,3,7_final.mp4,159,well
deepseek_ocr,A,3,7_final.mp4,162,Well
deepseek_ocr,A,3,7_final.mp4,165,Well
deepseek_ocr,A,3,7_final.mp4,168,Well
deepseek_ocr,A,3,7_final.mp4,171,Well
deepseek_ocr,A,3,7_final.mp4,174,Well
deepseek_ocr,A,3,7_final.mp4,177,Well
deepseek_ocr,A,3,7_final.mp4,180,Well
deepseek_ocr,A,3,7_final.mp4,183,Well
deepseek_ocr,A,3,7_final.mp4,186,Well
deepseek_ocr,A,3,7_final.mp4,189,well
deepseek_ocr,A,3,7_final.mp4,192,Well
deepseek_ocr,A,3,7_final.mp4,195,Well
deepseek_ocr,A,3,7_final.mp4,198,well
deepseek_ocr,A,3,7_final.mp4,201,Well
deepseek_ocr,A,3,7_final.mp4,204,Well
deepseek_ocr,A,3,7_final.mp4,207,Well
deepseek_ocr,A,3,7_final.mp4,210,Well
deepseek_ocr,A,3,7_final.mp4,213,Well
deepseek_ocr,A,3,7_final.mp4,216,well
deepseek_ocr,A,3,7_final.mp4,219,well
deepseek_ocr,A,3,7_final.mp4,222,Well
deepseek_ocr,A,3,7_final.mp4,225,Well
deepseek_ocr,A,3,7_final.mp4,228,Well
deepseek_ocr,A,3,7_final.mp4,231,Well
deepseek_ocr,A,3,7_final.mp4,234,Well
deepseek_ocr,A,3,7_final.mp4,237,well
deepseek_ocr,A,3,7_final.mp4,240,Well
deepseek_ocr,A,3,7_final.mp4,243,Well
deepseek_ocr,A,3,9_final.mp4,0,Well
deepseek_ocr,A,3,9_final.mp4,3,Well
deepseek_ocr,A,3,9_final.mp4,6,Well
deepseek_ocr,A,3,9_final.mp4,9,Well
deepseek_ocr,A,3,9_final.mp4,12,Well
deepseek_ocr,A,3,9_final.mp4,15,Well
deepseek_ocr,A,3,9_final.mp4,18,Well
deepseek_ocr,A,3,9_final.mp4,21,Well
deepseek_ocr,A,3,9_final.mp4,24,Well
deepseek_ocr,A,3,9_final.mp4,27,Well
deepseek_ocr,A,3,9_final.mp4,30,Well
deepseek_ocr,A,3,9_final.mp4,33,Well
deepseek_ocr,A,3,9_final.mp4,36,Well
deepseek_ocr,A,3,9_final.mp4,39,Well
deepseek_ocr,A,3,9_final.mp4,42,Well
deepseek_ocr,A,3,9_final.mp4,45,Well
deepseek_ocr,A,3,9_final.mp4,48,Well
deepseek_ocr,A,3,9_final.mp4,51,Well
deepseek_ocr,A,3,9_final.mp4,54,Well
deepseek_ocr,A,3,9_final.mp4,57,Well
deepseek_ocr,A,3,9_final.mp4,60,Well
deepseek_ocr,A,3,9_final.mp4,63,Well
deepseek_ocr,A,3,9_final.mp4,66,Well
deepseek_ocr,A,3,9_final.mp4,69,Well
deepseek_ocr,A,3,9_final.mp4,72,Well
deepseek_ocr,A,3,9_final.mp4,75,Well
deepseek_ocr,A,3,9_final.mp4,78,Well
deepseek_ocr,A,3,9_final.mp4,81,Well
deepseek_ocr,A,3,9_final.mp4,84,Well
deepseek_ocr,A,3,9_final.mp4,87,Well
deepseek_ocr,A,3,9_final.mp4,90,Well
deepseek_ocr,A,3,9_final.mp4,93,Well
deepseek_ocr,A,3,9_final.mp4,96,Well
deepseek_ocr,A,3,9_final.mp4,99,Well
deepseek_ocr,A,3,9_final.mp4,102,Well
deepseek_ocr,A,3,9_final.mp4,105,Well
deepseek_ocr,A,3,9_final.mp4,108,Well
deepseek_ocr,A,3,9_final.mp4,111,Well
deepseek_ocr,A,3,9_final.mp4,114,Well
deepseek_ocr,A,3,9_final.mp4,117,Well
deepseek_ocr,A,3,9_final.mp4,120,Well
deepseek_ocr,A,3,9_final.mp4,123,Well
deepseek_ocr,A,3,9_final.mp4,126,Well
deepseek_ocr,A,3,9_final.mp4,129,Well
deepseek_ocr,A,3,9_final.mp4,132,Well
deepseek_ocr,A,3,9_final.mp4,135,Well
deepseek_ocr,A,3,9_final.mp4,138,Well
deepseek_ocr,A,3,9_final.mp4,141,Well
deepseek_ocr,A,3,9_final.mp4,144,Well
deepseek_ocr,A,3,9_final.mp4,147,Well
deepseek_ocr,A,3,9_final.mp4,150,Well
deepseek_ocr,A,3,9_final.mp4,153,Well
deepseek_ocr,A,3,9_final.mp4,156,Well
deepseek_ocr,A,3,9_final.mp4,159,Well
deepseek_ocr,A,3,9_final.mp4,162,Well
deepseek_ocr,A,3,9_final.mp4,165,Well
deepseek_ocr,A,3,9_final.mp4,168,Well
deepseek_ocr,A,3,9_final.mp4,171,Well
deepseek_ocr,A,3,9_final.mp4,174,Well
deepseek_ocr,A,3,9_final.mp4,177,Well
deepseek_ocr,A,3,9_final.mp4,180,Well
deepseek_ocr,A,3,9_final.mp4,183,Well
deepseek_ocr,A,3,9_final.mp4,186,Well
deepseek_ocr,A,3,9_final.mp4,189,Well
deepseek_ocr,A,3,9_final.mp4,192,Well
deepseek_ocr,A,3,9_final.mp4,195,Well
deepseek_ocr,A,3,9_final.mp4,198,Well
deepseek_ocr,A,3,9_final.mp4,201,Well
deepseek_ocr,A,3,9_final.mp4,204,Well
deepseek_ocr,A,3,9_final.mp4,207,Well
deepseek_ocr,A,3,9_final.mp4,210,Well
deepseek_ocr,A,3,9_final.mp4,213,Well
deepseek_ocr,A,3,9_final.mp4,216,Well
deepseek_ocr,A,3,9_final.mp4,219,Well
deepseek_ocr,A,3,9_final.mp4,222,Well
deepseek_ocr,A,3,9_final.mp4,225,Well
deepseek_ocr,A,3,9_final.mp4,228,Well
deepseek_ocr,A,3,9_final.mp4,231,Well
deepseek_ocr,A,3,9_final.mp4,234,Well
deepseek_ocr,A,3,9_final.mp4,237,Well
deepseek_ocr,A,3,9_final.mp4,240,Well
deepseek_ocr,A,3,9_final.mp4,243,Well
deepseek_ocr,A,3,9_final.mp4,246,Well
deepseek_ocr,A,3,9_final.mp4,249,Well
deepseek_ocr,A,3,9_final.mp4,252,Well
deepseek_ocr,A,3,9_final.mp4,255,Well
deepseek_ocr,A,3,9_final.mp4,258,Well
deepseek_ocr,A,3,9_final.mp4,261,Well
deepseek_ocr,A,3,9_final.mp4,264,Well
deepseek_ocr,A,3,9_final.mp4,267,Well
deepseek_ocr,A,3,9_final.mp4,270,Well
deepseek_ocr,A,3,9_final.mp4,273,Well
deepseek_ocr,A,3,9_final.mp4,276,Well
deepseek_ocr,A,3,9_final.mp4,279,Well
deepseek_ocr,A,3,9_final.mp4,282,Well
deepseek_ocr,A,3,9_final.mp4,285,Well
deepseek_ocr,A,3,9_final.mp4,288,Well
deepseek_ocr,A,3,9_final.mp4,291,Well
deepseek_ocr,A,3,9_final.mp4,294,Well
gemma3,A,3,11_final.mp4,0,Poorly
gemma3,A,3,11_final.mp4,3,Poorly
gemma3,A,3,11_final.mp4,6,Poorly
gemma3,A,3,11_final.mp4,9,Poorly
gemma3,A,3,11_final.mp4,12,Poorly
gemma3,A,3,11_final.mp4,15,Poorly
gemma3,A,3,11_final.mp4,18,Poorly
gemma3,A,3,11_final.mp4,21,Poorly
gemma3,A,3,11_final.mp4,24,Poorly
gemma3,A,3,11_final.mp4,27,Poorly
gemma3,A,3,11_final.mp4,30,Poorly
gemma3,A,3,11_final.mp4,33,Poorly
gemma3,A,3,11_final.mp4,36,Poorly
gemma3,A,3,11_final.mp4,39,Poorly
gemma3,A,3,11_final.mp4,42,Poorly
gemma3,A,3,11_final.mp4,45,Poorly
gemma3,A,3,11_final.mp4,48,Poorly
gemma3,A,3,11_final.mp4,51,Poorly
gemma3,A,3,11_final.mp4,54,Poorly
gemma3,A,3,11_final.mp4,57,Poorly
gemma3,A,3,11_final.mp4,60,Poorly
gemma3,A,3,11_final.mp4,63,Poorly
gemma3,A,3,11_final.mp4,66,Poorly
gemma3,A,3,11_final.mp4,69,Poorly
gemma3,A,3,11_final.mp4,72,Poorly
gemma3,A,3,11_final.mp4,75,Poorly
gemma3,A,3,11_final.mp4,78,Poorly
gemma3,A,3,11_final.mp4,81,Poorly
gemma3,A,3,11_final.mp4,84,Poorly
gemma3,A,3,11_final.mp4,87,Poorly
gemma3,A,3,11_final.mp4,90,Poorly
gemma3,A,3,11_final.mp4,93,Poorly
gemma3,A,3,11_final.mp4,96,Poorly
gemma3,A,3,11_final.mp4,99,Poorly
gemma3,A,3,11_final.mp4,102,Poorly
gemma3,A,3,11_final.mp4,105,Poorly
gemma3,A,3,11_final.mp4,108,Poorly
gemma3,A,3,11_final.mp4,111,Poorly
gemma3,A,3,11_final.mp4,114,Poorly
gemma3,A,3,11_final.mp4,117,Poorly
gemma3,A,3,11_final.mp4,120,Poorly
gemma3,A,3,11_final.mp4,123,Poorly
gemma3,A,3,11_final.mp4,126,Poorly
gemma3,A,3,11_final.mp4,129,Poorly
gemma3,A,3,11_final.mp4,132,Poorly
gemma3,A,3,11_final.mp4,135,Poorly
gemma3,A,3,11_final.mp4,138,Poorly
gemma3,A,3,11_final.mp4,141,Poorly
gemma3,A,3,11_final.mp4,144,Poorly
gemma3,A,3,11_final.mp4,147,Poorly
gemma3,A,3,11_final.mp4,150,Poorly
gemma3,A,3,11_final.mp4,153,Poorly
gemma3,A,3,11_final.mp4,156,Poorly
gemma3,A,3,11_final.mp4,159,Poorly
gemma3,A,3,11_final.mp4,162,Poorly
gemma3,A,3,11_final.mp4,165,Poorly
gemma3,A,3,11_final.mp4,168,Poorly
gemma3,A,3,11_final.mp4,171,Poorly
gemma3,A,3,11_final.mp4,174,Poorly
gemma3,A,3,11_final.mp4,177,Poorly
gemma3,A,3,11_final.mp4,180,Poorly
gemma3,A,3,11_final.mp4,183,Poorly
gemma3,A,3,11_final.mp4,186,Poorly
gemma3,A,3,11_final.mp4,189,Poorly
gemma3,A,3,11_final.mp4,192,Poorly
gemma3,A,3,11_final.mp4,195,Poorly
gemma3,A,3,11_final.mp4,198,Poorly
gemma3,A,3,11_final.mp4,201,Poorly
gemma3,A,3,11_final.mp4,204,Poorly
gemma3,A,3,11_final.mp4,207,Poorly
gemma3,A,3,11_final.mp4,210,Poorly
gemma3,A,3,11_final.mp4,213,Poorly
gemma3,A,3,11_final.mp4,216,Poorly
gemma3,A,3,11_final.mp4,219,Poorly
gemma3,A,3,11_final.mp4,222,Poorly
gemma3,A,3,11_final.mp4,225,Poorly
gemma3,A,3,11_final.mp4,228,Poorly
gemma3,A,3,11_final.mp4,231,Poorly
gemma3,A,3,11_final.mp4,234,Poorly
gemma3,A,3,11_final.mp4,237,Poorly
gemma3,A,3,11_final.mp4,240,Poorly
gemma3,A,3,11_final.mp4,243,Poorly
gemma3,A,3,11_final.mp4,246,Poorly
gemma3,A,3,11_final.mp4,249,Poorly
gemma3,A,3,11_final.mp4,252,Poorly
gemma3,A,3,11_final.mp4,255,Poorly
gemma3,A,3,11_final.mp4,258,Poorly
gemma3,A,3,11_final.mp4,261,Poorly
gemma3,A,3,11_final.mp4,264,Poorly
gemma3,A,3,11_final.mp4,267,Poorly
gemma3,A,3,11_final.mp4,270,Poorly
gemma3,A,3,11_final.mp4,273,Poorly
gemma3,A,3,11_final.mp4,276,Poorly
gemma3,A,3,11_final.mp4,279,Poorly
gemma3,A,3,11_final.mp4,282,Poorly
gemma3,A,3,11_final.mp4,285,Poorly
gemma3,A,3,11_final.mp4,288,Poorly
gemma3,A,3,11_final.mp4,291,Poorly
gemma3,A,3,11_final.mp4,294,Poorly
gemma3,A,3,11_final.mp4,297,Poorly
gemma3,A,3,11_final.mp4,300,Poorly
gemma3,A,3,11_final.mp4,303,Poorly
gemma3,A,3,11_final.mp4,306,Poorly
gemma3,A,3,11_final.mp4,309,Poorly
gemma3,A,3,11_final.mp4,312,Poorly
gemma3,A,3,11_final.mp4,315,Poorly
gemma3,A,3,11_final.mp4,318,Poorly
gemma3,A,3,11_final.mp4,321,Poorly
gemma3,A,3,11_final.mp4,324,Poorly
gemma3,A,3,11_final.mp4,327,Poorly
gemma3,A,3,11_final.mp4,330,Poorly
gemma3,A,3,11_final.mp4,333,Poorly
gemma3,A,3,11_final.mp4,336,Poorly
gemma3,A,3,11_final.mp4,339,Poorly
gemma3,A,3,11_final.mp4,342,Poorly
gemma3,A,3,11_final.mp4,345,Poorly
gemma3,A,3,11_final.mp4,348,Poorly
gemma3,A,3,11_final.mp4,351,Poorly
gemma3,A,3,11_final.mp4,354,Poorly
gemma3,A,3,11_final.mp4,357,Poorly
gemma3,A,3,11_final.mp4,360,Poorly
gemma3,A,3,11_final.mp4,363,Poorly
gemma3,A,3,11_final.mp4,366,Poorly
gemma3,A,3,11_final.mp4,369,Poorly
gemma3,A,3,11_final.mp4,372,Poorly
gemma3,A,3,11_final.mp4,375,Poorly
gemma3,A,3,11_final.mp4,378,Poorly
gemma3,A,3,11_final.mp4,381,Poorly
gemma3,A,3,11_final.mp4,384,Poorly
gemma3,A,3,11_final.mp4,387,Poorly
gemma3,A,3,11_final.mp4,390,Poorly
gemma3,A,3,11_final.mp4,393,Poorly
gemma3,A,3,11_final.mp4,396,Poorly
gemma3,A,3,11_final.mp4,399,Poorly
gemma3,A,3,11_final.mp4,402,Poorly
gemma3,A,3,11_final.mp4,405,Poorly
gemma3,A,3,11_final.mp4,408,Poorly
gemma3,A,3,11_final.mp4,411,Poorly
gemma3,A,3,11_final.mp4,414,Poorly
gemma3,A,3,11_final.mp4,417,Poorly
gemma3,A,3,11_final.mp4,420,Poorly
gemma3,A,3,11_final.mp4,423,Poorly
gemma3,A,3,12_final.mp4,0,Poorly
gemma3,A,3,12_final.mp4,3,Poorly
gemma3,A,3,12_final.mp4,6,Poorly
gemma3,A,3,12_final.mp4,9,Poorly
gemma3,A,3,12_final.mp4,12,Poorly
gemma3,A,3,12_final.mp4,15,Poorly
gemma3,A,3,12_final.mp4,18,Poorly
gemma3,A,3,12_final.mp4,21,Poorly
gemma3,A,3,12_final.mp4,24,Poorly
gemma3,A,3,12_final.mp4,27,Poorly
gemma3,A,3,12_final.mp4,30,Poorly
gemma3,A,3,12_final.mp4,33,Poorly
gemma3,A,3,12_final.mp4,36,Poorly
gemma3,A,3,12_final.mp4,39,Poorly
gemma3,A,3,12_final.mp4,42,Poorly
gemma3,A,3,12_final.mp4,45,Poorly
gemma3,A,3,12_final.mp4,48,Poorly
gemma3,A,3,12_final.mp4,51,Poorly
gemma3,A,3,12_final.mp4,54,Poorly
gemma3,A,3,12_final.mp4,57,Poorly
gemma3,A,3,12_final.mp4,60,Poorly
gemma3,A,3,12_final.mp4,63,Poorly
gemma3,A,3,12_final.mp4,66,Poorly
gemma3,A,3,12_final.mp4,69,Poorly
gemma3,A,3,12_final.mp4,72,Poorly
gemma3,A,3,12_final.mp4,75,Poorly
gemma3,A,3,12_final.mp4,78,Poorly
gemma3,A,3,12_final.mp4,81,Poorly
gemma3,A,3,12_final.mp4,84,Poorly
gemma3,A,3,12_final.mp4,87,Poorly
gemma3,A,3,12_final.mp4,90,Poorly
gemma3,A,3,12_final.mp4,93,Poorly
gemma3,A,3,12_final.mp4,96,Poorly
gemma3,A,3,12_final.mp4,99,Poorly
gemma3,A,3,12_final.mp4,102,Poorly
gemma3,A,3,12_final.mp4,105,Poorly
gemma3,A,3,12_final.mp4,108,Poorly
gemma3,A,3,12_final.mp4,111,Poorly
gemma3,A,3,12_final.mp4,114,Poorly
gemma3,A,3,12_final.mp4,117,Poorly
gemma3,A,3,12_final.mp4,120,Poorly
gemma3,A,3,12_final.mp4,123,Poorly
gemma3,A,3,12_final.mp4,126,Poorly
gemma3,A,3,12_final.mp4,129,Poorly
gemma3,A,3,12_final.mp4,132,Poorly
gemma3,A,3,12_final.mp4,135,Poorly
gemma3,A,3,12_final.mp4,138,Poorly
gemma3,A,3,12_final.mp4,141,Poorly
gemma3,A,3,12_final.mp4,144,Poorly
gemma3,A,3,12_final.mp4,147,Poorly
gemma3,A,3,12_final.mp4,150,Poorly
gemma3,A,3,12_final.mp4,153,Poorly
gemma3,A,3,12_final.mp4,156,Poorly
gemma3,A,3,12_final.mp4,159,Poorly
gemma3,A,3,12_final.mp4,162,Poorly
gemma3,A,3,12_final.mp4,165,Poorly
gemma3,A,3,12_final.mp4,168,Poorly
gemma3,A,3,12_final.mp4,171,Poorly
gemma3,A,3,12_final.mp4,174,Poorly
gemma3,A,3,12_final.mp4,177,Poorly
gemma3,A,3,12_final.mp4,180,Poorly
gemma3,A,3,12_final.mp4,183,Poorly
gemma3,A,3,12_final.mp4,186,Poorly
gemma3,A,3,12_final.mp4,189,Poorly
gemma3,A,3,12_final.mp4,192,Poorly
gemma3,A,3,12_final.mp4,195,Poorly
gemma3,A,3,12_final.mp4,198,Poorly
gemma3,A,3,12_final.mp4,201,Poorly
gemma3,A,3,12_final.mp4,204,Poorly
gemma3,A,3,12_final.mp4,207,Poorly
gemma3,A,3,12_final.mp4,210,Poorly
gemma3,A,3,12_final.mp4,213,Poorly
gemma3,A,3,12_final.mp4,216,Poorly
gemma3,A,3,14_final.mp4,0,Poorly
gemma3,A,3,14_final.mp4,3,Poorly
gemma3,A,3,14_final.mp4,6,Poorly
gemma3,A,3,14_final.mp4,9,Poorly
gemma3,A,3,14_final.mp4,12,Poorly
gemma3,A,3,14_final.mp4,15,Poorly
gemma3,A,3,14_final.mp4,18,Poorly
gemma3,A,3,14_final.mp4,21,Poorly
gemma3,A,3,14_final.mp4,24,Poorly
gemma3,A,3,14_final.mp4,27,Poorly
gemma3,A,3,14_final.mp4,30,Poorly
gemma3,A,3,14_final.mp4,33,Poorly
gemma3,A,3,14_final.mp4,36,Poorly
gemma3,A,3,14_final.mp4,39,Poorly
gemma3,A,3,14_final.mp4,42,Poorly
gemma3,A,3,14_final.mp4,45,Poorly
gemma3,A,3,14_final.mp4,48,Poorly
gemma3,A,3,14_final.mp4,51,Poorly
gemma3,A,3,14_final.mp4,54,Poorly
gemma3,A,3,14_final.mp4,57,Poorly
gemma3,A,3,14_final.mp4,60,Poorly
gemma3,A,3,14_final.mp4,63,Poorly
gemma3,A,3,14_final.mp4,66,Poorly
gemma3,A,3,14_final.mp4,69,Poorly
gemma3,A,3,14_final.mp4,72,Poorly
gemma3,A,3,14_final.mp4,75,Poorly
gemma3,A,3,14_final.mp4,78,Poorly
gemma3,A,3,14_final.mp4,81,Poorly
gemma3,A,3,14_final.mp4,84,Poorly
gemma3,A,3,14_final.mp4,87,Poorly
gemma3,A,3,14_final.mp4,90,Poorly
gemma3,A,3,14_final.mp4,93,Poorly
gemma3,A,3,14_final.mp4,96,Poorly
gemma3,A,3,14_final.mp4,99,Poorly
gemma3,A,3,14_final.mp4,102,Poorly
gemma3,A,3,14_final.mp4,105,Poorly
gemma3,A,3,14_final.mp4,108,Poorly
gemma3,A,3,14_final.mp4,111,Poorly
gemma3,A,3,14_final.mp4,114,Poorly
gemma3,A,3,14_final.mp4,117,Poorly
gemma3,A,3,14_final.mp4,120,Poorly
gemma3,A,3,14_final.mp4,123,Poorly
gemma3,A,3,14_final.mp4,126,Poorly
gemma3,A,3,14_final.mp4,129,Poorly
gemma3,A,3,14_final.mp4,132,Poorly
gemma3,A,3,14_final.mp4,135,Poorly
gemma3,A,3,14_final.mp4,138,Poorly
gemma3,A,3,14_final.mp4,141,Poorly
gemma3,A,3,14_final.mp4,144,Poorly
gemma3,A,3,14_final.mp4,147,Poorly
gemma3,A,3,14_final.mp4,150,Poorly
gemma3,A,3,14_final.mp4,153,Poorly
gemma3,A,3,14_final.mp4,156,Poorly
gemma3,A,3,14_final.mp4,159,Poorly
gemma3,A,3,14_final.mp4,162,Poorly
gemma3,A,3,14_final.mp4,165,Poorly
gemma3,A,3,14_final.mp4,168,Poorly
gemma3,A,3,14_final.mp4,171,Poorly
gemma3,A,3,14_final.mp4,174,Poorly
gemma3,A,3,14_final.mp4,177,Poorly
gemma3,A,3,14_final.mp4,180,Poorly
gemma3,A,3,14_final.mp4,183,Poorly
gemma3,A,3,14_final.mp4,186,Poorly
gemma3,A,3,14_final.mp4,189,Poorly
gemma3,A,3,14_final.mp4,192,Poorly
gemma3,A,3,14_final.mp4,195,Poorly
gemma3,A,3,14_final.mp4,198,Poorly
gemma3,A,3,14_final.mp4,201,Poorly
gemma3,A,3,14_final.mp4,204,Poorly
gemma3,A,3,14_final.mp4,207,Poorly
gemma3,A,3,14_final.mp4,210,Poorly
gemma3,A,3,14_final.mp4,213,Poorly
gemma3,A,3,14_final.mp4,216,Poorly
gemma3,A,3,14_final.mp4,219,Poorly
gemma3,A,3,14_final.mp4,222,Poorly
gemma3,A,3,14_final.mp4,225,Poorly
gemma3,A,3,14_final.mp4,228,Poorly
gemma3,A,3,14_final.mp4,231,Poorly
gemma3,A,3,14_final.mp4,234,Poorly
gemma3,A,3,14_final.mp4,237,Poorly
gemma3,A,3,14_final.mp4,240,Poorly
gemma3,A,3,14_final.mp4,243,Poorly
gemma3,A,3,14_final.mp4,246,Poorly
gemma3,A,3,14_final.mp4,249,Poorly
gemma3,A,3,14_final.mp4,252,Poorly
gemma3,A,3,14_final.mp4,255,Poorly
gemma3,A,3,14_final.mp4,258,Poorly
gemma3,A,3,14_final.mp4,261,Poorly
gemma3,A,3,14_final.mp4,264,Poorly
gemma3,A,3,14_final.mp4,267,Poorly
gemma3,A,3,14_final.mp4,270,Poorly
gemma3,A,3,14_final.mp4,273,Poorly
gemma3,A,3,14_final.mp4,276,Poorly
gemma3,A,3,14_final.mp4,279,Poorly
gemma3,A,3,14_final.mp4,282,Poorly
gemma3,A,3,14_final.mp4,285,Poorly
gemma3,A,3,14_final.mp4,288,Poorly
gemma3,A,3,14_final.mp4,291,Poorly
gemma3,A,3,14_final.mp4,294,Poorly
gemma3,A,3,14_final.mp4,297,Poorly
gemma3,A,3,14_final.mp4,300,Poorly
gemma3,A,3,14_final.mp4,303,Poorly
gemma3,A,3,14_final.mp4,306,Poorly
gemma3,A,3,14_final.mp4,309,Poorly
gemma3,A,3,14_final.mp4,312,Poorly
gemma3,A,3,14_final.mp4,315,Poorly
gemma3,A,3,14_final.mp4,318,Poorly
gemma3,A,3,14_final.mp4,321,Poorly
gemma3,A,3,14_final.mp4,324,Poorly
gemma3,A,3,14_final.mp4,327,Poorly
gemma3,A,3,14_final.mp4,330,Poorly
gemma3,A,3,14_final.mp4,333,Poorly
gemma3,A,3,14_final.mp4,336,Poorly
gemma3,A,3,14_final.mp4,339,Poorly
gemma3,A,3,14_final.mp4,342,Poorly
gemma3,A,3,14_final.mp4,345,Poorly
gemma3,A,3,14_final.mp4,348,Poorly
gemma3,A,3,14_final.mp4,351,Poorly
gemma3,A,3,14_final.mp4,354,Poorly
gemma3,A,3,14_final.mp4,357,Poorly
gemma3,A,3,14_final.mp4,360,Poorly
gemma3,A,3,14_final.mp4,363,Poorly
gemma3,A,3,14_final.mp4,366,Poorly
gemma3,A,3,14_final.mp4,369,Poorly
gemma3,A,3,14_final.mp4,372,Poorly
gemma3,A,3,14_final.mp4,375,Poorly
gemma3,A,3,14_final.mp4,378,Poorly
gemma3,A,3,14_final.mp4,381,Poorly
gemma3,A,3,14_final.mp4,384,Poorly
gemma3,A,3,14_final.mp4,387,Poorly
gemma3,A,3,15_final.mp4,0,Poorly
gemma3,A,3,15_final.mp4,3,Poorly
gemma3,A,3,15_final.mp4,6,Poorly
gemma3,A,3,15_final.mp4,9,Poorly
gemma3,A,3,15_final.mp4,12,Poorly
gemma3,A,3,15_final.mp4,15,Poorly
gemma3,A,3,15_final.mp4,18,Poorly
gemma3,A,3,15_final.mp4,21,Poorly
gemma3,A,3,15_final.mp4,24,Poorly
gemma3,A,3,15_final.mp4,27,Poorly
gemma3,A,3,15_final.mp4,30,Poorly
gemma3,A,3,15_final.mp4,33,Poorly
gemma3,A,3,15_final.mp4,36,Poorly
gemma3,A,3,15_final.mp4,39,Poorly
gemma3,A,3,15_final.mp4,42,Poorly
gemma3,A,3,15_final.mp4,45,Poorly
gemma3,A,3,15_final.mp4,48,Poorly
gemma3,A,3,15_final.mp4,51,Poorly
gemma3,A,3,15_final.mp4,54,Poorly
gemma3,A,3,15_final.mp4,57,Well
gemma3,A,3,15_final.mp4,60,Poorly
gemma3,A,3,15_final.mp4,63,Poorly
gemma3,A,3,15_final.mp4,66,Poorly
gemma3,A,3,15_final.mp4,69,Poorly
gemma3,A,3,15_final.mp4,72,Well
gemma3,A,3,15_final.mp4,75,Poorly
gemma3,A,3,15_final.mp4,78,Poorly
gemma3,A,3,15_final.mp4,81,Poorly
gemma3,A,3,15_final.mp4,84,Poorly
gemma3,A,3,15_final.mp4,87,Poorly
gemma3,A,3,15_final.mp4,90,Poorly
gemma3,A,3,15_final.mp4,93,Poorly
gemma3,A,3,15_final.mp4,96,Poorly
gemma3,A,3,15_final.mp4,99,Poorly
gemma3,A,3,15_final.mp4,102,Poorly
gemma3,A,3,15_final.mp4,105,Poorly
gemma3,A,3,15_final.mp4,108,Poorly
gemma3,A,3,15_final.mp4,111,Poorly
gemma3,A,3,15_final.mp4,114,Poorly
gemma3,A,3,15_final.mp4,117,Poorly
gemma3,A,3,15_final.mp4,120,Poorly
gemma3,A,3,15_final.mp4,123,Poorly
gemma3,A,3,15_final.mp4,126,Poorly
gemma3,A,3,15_final.mp4,129,Poorly
gemma3,A,3,15_final.mp4,132,Poorly
gemma3,A,3,15_final.mp4,135,Poorly
gemma3,A,3,15_final.mp4,138,Poorly
gemma3,A,3,15_final.mp4,141,Poorly
gemma3,A,3,15_final.mp4,144,Poorly
gemma3,A,3,15_final.mp4,147,Poorly
gemma3,A,3,15_final.mp4,150,Poorly
gemma3,A,3,15_final.mp4,153,Poorly
gemma3,A,3,15_final.mp4,156,Poorly
gemma3,A,3,15_final.mp4,159,Poorly
gemma3,A,3,15_final.mp4,162,Poorly
gemma3,A,3,15_final.mp4,165,Poorly
gemma3,A,3,15_final.mp4,168,Poorly
gemma3,A,3,15_final.mp4,171,Poorly
gemma3,A,3,15_final.mp4,174,Poorly
gemma3,A,3,15_final.mp4,177,Poorly
gemma3,A,3,15_final.mp4,180,Poorly
gemma3,A,3,15_final.mp4,183,Poorly
gemma3,A,3,15_final.mp4,186,Poorly
gemma3,A,3,15_final.mp4,189,Poorly
gemma3,A,3,15_final.mp4,192,Poorly
gemma3,A,3,15_final.mp4,195,Poorly
gemma3,A,3,15_final.mp4,198,Poorly
gemma3,A,3,15_final.mp4,201,Poorly
gemma3,A,3,15_final.mp4,204,Poorly
gemma3,A,3,15_final.mp4,207,Poorly
gemma3,A,3,15_final.mp4,210,Poorly
gemma3,A,3,15_final.mp4,213,Poorly
gemma3,A,3,15_final.mp4,216,Poorly
gemma3,A,3,19_final.mp4,0,Poorly
gemma3,A,3,19_final.mp4,3,Poorly
gemma3,A,3,19_final.mp4,6,Poorly
gemma3,A,3,19_final.mp4,9,Poorly
gemma3,A,3,19_final.mp4,12,Poorly
gemma3,A,3,19_final.mp4,15,Poorly
gemma3,A,3,19_final.mp4,18,Poorly
gemma3,A,3,19_final.mp4,21,Poorly
gemma3,A,3,19_final.mp4,24,Poorly
gemma3,A,3,19_final.mp4,27,Poorly
gemma3,A,3,19_final.mp4,30,Poorly
gemma3,A,3,19_final.mp4,33,Poorly
gemma3,A,3,19_final.mp4,36,Poorly
gemma3,A,3,19_final.mp4,39,Poorly
gemma3,A,3,19_final.mp4,42,Poorly
gemma3,A,3,19_final.mp4,45,Poorly
gemma3,A,3,19_final.mp4,48,Poorly
gemma3,A,3,19_final.mp4,51,Poorly
gemma3,A,3,19_final.mp4,54,Poorly
gemma3,A,3,19_final.mp4,57,Poorly
gemma3,A,3,19_final.mp4,60,Poorly
gemma3,A,3,19_final.mp4,63,Poorly
gemma3,A,3,19_final.mp4,66,Poorly
gemma3,A,3,19_final.mp4,69,Poorly
gemma3,A,3,19_final.mp4,72,Poorly
gemma3,A,3,19_final.mp4,75,Poorly
gemma3,A,3,19_final.mp4,78,Poorly
gemma3,A,3,19_final.mp4,81,Poorly
gemma3,A,3,19_final.mp4,84,Well
gemma3,A,3,19_final.mp4,87,Poorly
gemma3,A,3,19_final.mp4,90,Poorly
gemma3,A,3,19_final.mp4,93,Poorly
gemma3,A,3,19_final.mp4,96,Poorly
gemma3,A,3,19_final.mp4,99,Poorly
gemma3,A,3,19_final.mp4,102,Poorly
gemma3,A,3,19_final.mp4,105,Poorly
gemma3,A,3,19_final.mp4,108,Poorly
gemma3,A,3,19_final.mp4,111,Poorly
gemma3,A,3,19_final.mp4,114,Poorly
gemma3,A,3,19_final.mp4,117,Poorly
gemma3,A,3,19_final.mp4,120,Poorly
gemma3,A,3,19_final.mp4,123,Poorly
gemma3,A,3,19_final.mp4,126,Poorly
gemma3,A,3,19_final.mp4,129,Poorly
gemma3,A,3,19_final.mp4,132,Poorly
gemma3,A,3,19_final.mp4,135,Poorly
gemma3,A,3,19_final.mp4,138,Poorly
gemma3,A,3,19_final.mp4,141,Poorly
gemma3,A,3,19_final.mp4,144,Poorly
gemma3,A,3,19_final.mp4,147,Poorly
gemma3,A,3,19_final.mp4,150,Poorly
gemma3,A,3,19_final.mp4,153,Poorly
gemma3,A,3,19_final.mp4,156,Well
gemma3,A,3,19_final.mp4,159,Poorly
gemma3,A,3,19_final.mp4,162,Poorly
gemma3,A,3,19_final.mp4,165,Poorly
gemma3,A,3,19_final.mp4,168,Poorly
gemma3,A,3,19_final.mp4,171,Poorly
gemma3,A,3,19_final.mp4,174,Poorly
gemma3,A,3,19_final.mp4,177,Poorly
gemma3,A,3,19_final.mp4,180,Poorly
gemma3,A,3,19_final.mp4,183,Poorly
gemma3,A,3,19_final.mp4,186,Poorly
gemma3,A,3,19_final.mp4,189,Poorly
gemma3,A,3,19_final.mp4,192,Poorly
gemma3,A,3,19_final.mp4,195,Poorly
gemma3,A,3,19_final.mp4,198,Poorly
gemma3,A,3,19_final.mp4,201,Poorly
gemma3,A,3,19_final.mp4,204,Poorly
gemma3,A,3,19_final.mp4,207,Poorly
gemma3,A,3,19_final.mp4,210,Poorly
gemma3,A,3,19_final.mp4,213,Poorly
gemma3,A,3,19_final.mp4,216,Poorly
gemma3,A,3,19_final.mp4,219,Poorly
gemma3,A,3,19_final.mp4,222,Poorly
gemma3,A,3,19_final.mp4,225,Poorly
gemma3,A,3,19_final.mp4,228,Poorly
gemma3,A,3,19_final.mp4,231,Poorly
gemma3,A,3,19_final.mp4,234,Poorly
gemma3,A,3,19_final.mp4,237,Poorly
gemma3,A,3,19_final.mp4,240,Poorly
gemma3,A,3,19_final.mp4,243,Poorly
gemma3,A,3,19_final.mp4,246,Poorly
gemma3,A,3,19_final.mp4,249,Poorly
gemma3,A,3,19_final.mp4,252,Poorly
gemma3,A,3,19_final.mp4,255,Poorly
gemma3,A,3,19_final.mp4,258,Poorly
gemma3,A,3,19_final.mp4,261,Poorly
gemma3,A,3,19_final.mp4,264,Poorly
gemma3,A,3,19_final.mp4,267,Poorly
gemma3,A,3,21_final.mp4,0,Poorly
gemma3,A,3,21_final.mp4,3,Poorly
gemma3,A,3,21_final.mp4,6,Poorly
gemma3,A,3,21_final.mp4,9,Poorly
gemma3,A,3,21_final.mp4,12,Poorly
gemma3,A,3,21_final.mp4,15,Poorly
gemma3,A,3,21_final.mp4,18,Poorly
gemma3,A,3,21_final.mp4,21,Poorly
gemma3,A,3,21_final.mp4,24,Poorly
gemma3,A,3,21_final.mp4,27,Poorly
gemma3,A,3,21_final.mp4,30,Poorly
gemma3,A,3,21_final.mp4,33,Poorly
gemma3,A,3,21_final.mp4,36,Poorly
gemma3,A,3,21_final.mp4,39,Poorly
gemma3,A,3,21_final.mp4,42,Poorly
gemma3,A,3,21_final.mp4,45,Poorly
gemma3,A,3,21_final.mp4,48,Poorly
gemma3,A,3,21_final.mp4,51,Poorly
gemma3,A,3,21_final.mp4,54,Poorly
gemma3,A,3,21_final.mp4,57,Poorly
gemma3,A,3,21_final.mp4,60,Poorly
gemma3,A,3,21_final.mp4,63,Poorly
gemma3,A,3,21_final.mp4,66,Poorly
gemma3,A,3,21_final.mp4,69,Well
gemma3,A,3,21_final.mp4,72,Poorly
gemma3,A,3,21_final.mp4,75,Poorly
gemma3,A,3,21_final.mp4,78,Poorly
gemma3,A,3,21_final.mp4,81,Poorly
gemma3,A,3,21_final.mp4,84,Poorly
gemma3,A,3,21_final.mp4,87,Poorly
gemma3,A,3,21_final.mp4,90,Poorly
gemma3,A,3,21_final.mp4,93,Poorly
gemma3,A,3,21_final.mp4,96,Well
gemma3,A,3,21_final.mp4,99,Poorly
gemma3,A,3,21_final.mp4,102,Poorly
gemma3,A,3,21_final.mp4,105,Poorly
gemma3,A,3,21_final.mp4,108,Poorly
gemma3,A,3,21_final.mp4,111,Poorly
gemma3,A,3,21_final.mp4,114,Poorly
gemma3,A,3,21_final.mp4,117,Poorly
gemma3,A,3,21_final.mp4,120,Poorly
gemma3,A,3,21_final.mp4,123,Poorly
gemma3,A,3,21_final.mp4,126,Poorly
gemma3,A,3,21_final.mp4,129,Poorly
gemma3,A,3,21_final.mp4,132,Poorly
gemma3,A,3,21_final.mp4,135,Poorly
gemma3,A,3,21_final.mp4,138,Poorly
gemma3,A,3,21_final.mp4,141,Poorly
gemma3,A,3,21_final.mp4,144,Poorly
gemma3,A,3,21_final.mp4,147,Poorly
gemma3,A,3,21_final.mp4,150,Poorly
gemma3,A,3,21_final.mp4,153,Poorly
gemma3,A,3,21_final.mp4,156,Poorly
gemma3,A,3,21_final.mp4,159,Well
gemma3,A,3,21_final.mp4,162,Poorly
gemma3,A,3,21_final.mp4,165,Poorly
gemma3,A,3,21_final.mp4,168,Poorly
gemma3,A,3,21_final.mp4,171,Poorly
gemma3,A,3,21_final.mp4,174,Poorly
gemma3,A,3,21_final.mp4,177,Poorly
gemma3,A,3,21_final.mp4,180,Poorly
gemma3,A,3,21_final.mp4,183,Poorly
gemma3,A,3,21_final.mp4,186,Poorly
gemma3,A,3,21_final.mp4,189,Poorly
gemma3,A,3,21_final.mp4,192,Poorly
gemma3,A,3,21_final.mp4,195,Well
gemma3,A,3,21_final.mp4,198,Poorly
gemma3,A,3,21_final.mp4,201,Poorly
gemma3,A,3,21_final.mp4,204,Well
gemma3,A,3,21_final.mp4,207,Poorly
gemma3,A,3,21_final.mp4,210,Poorly
gemma3,A,3,21_final.mp4,213,Poorly
gemma3,A,3,21_final.mp4,216,Well
gemma3,A,3,21_final.mp4,219,Poorly
gemma3,A,3,21_final.mp4,222,Poorly
gemma3,A,3,21_final.mp4,225,Well
gemma3,A,3,21_final.mp4,228,Poorly
gemma3,A,3,21_final.mp4,231,Poorly
gemma3,A,3,21_final.mp4,234,Well
gemma3,A,3,21_final.mp4,237,Poorly
gemma3,A,3,21_final.mp4,240,Poorly
gemma3,A,3,21_final.mp4,243,Well
gemma3,A,3,21_final.mp4,246,Poorly
gemma3,A,3,21_final.mp4,249,Poorly
gemma3,A,3,21_final.mp4,252,Well
gemma3,A,3,21_final.mp4,255,Well
gemma3,A,3,21_final.mp4,258,Well
gemma3,A,3,21_final.mp4,261,Well
gemma3,A,3,21_final.mp4,264,Well
gemma3,A,3,21_final.mp4,267,Well
gemma3,A,3,21_final.mp4,270,Well
gemma3,A,3,21_final.mp4,273,Well
gemma3,A,3,21_final.mp4,276,Well
gemma3,A,3,21_final.mp4,279,Well
gemma3,A,3,21_final.mp4,282,Well
gemma3,A,3,21_final.mp4,285,Well
gemma3,A,3,21_final.mp4,288,Well
gemma3,A,3,21_final.mp4,291,Well
gemma3,A,3,21_final.mp4,294,Well
gemma3,A,3,21_final.mp4,297,Well
gemma3,A,3,21_final.mp4,300,Well
gemma3,A,3,21_final.mp4,303,Well
gemma3,A,3,21_final.mp4,306,Well
gemma3,A,3,21_final.mp4,309,Well
gemma3,A,3,21_final.mp4,312,Well
gemma3,A,3,21_final.mp4,315,Well
gemma3,A,3,21_final.mp4,318,Well
gemma3,A,3,21_final.mp4,321,Well
gemma3,A,3,21_final.mp4,324,Well
gemma3,A,3,21_final.mp4,327,Well
gemma3,A,3,22_final.mp4,0,Poorly
gemma3,A,3,22_final.mp4,3,Poorly
gemma3,A,3,22_final.mp4,6,Poorly
gemma3,A,3,22_final.mp4,9,Poorly
gemma3,A,3,22_final.mp4,12,Poorly
gemma3,A,3,22_final.mp4,15,Poorly
gemma3,A,3,22_final.mp4,18,Poorly
gemma3,A,3,22_final.mp4,21,Poorly
gemma3,A,3,22_final.mp4,24,Poorly
gemma3,A,3,22_final.mp4,27,Poorly
gemma3,A,3,22_final.mp4,30,Poorly
gemma3,A,3,22_final.mp4,33,Poorly
gemma3,A,3,22_final.mp4,36,Poorly
gemma3,A,3,22_final.mp4,39,Poorly
gemma3,A,3,22_final.mp4,42,Poorly
gemma3,A,3,22_final.mp4,45,Poorly
gemma3,A,3,22_final.mp4,48,Poorly
gemma3,A,3,22_final.mp4,51,Poorly
gemma3,A,3,22_final.mp4,54,Poorly
gemma3,A,3,22_final.mp4,57,Poorly
gemma3,A,3,22_final.mp4,60,Poorly
gemma3,A,3,22_final.mp4,63,Poorly
gemma3,A,3,22_final.mp4,66,Poorly
gemma3,A,3,22_final.mp4,69,Poorly
gemma3,A,3,22_final.mp4,72,Poorly
gemma3,A,3,22_final.mp4,75,Poorly
gemma3,A,3,22_final.mp4,78,Poorly
gemma3,A,3,22_final.mp4,81,Poorly
gemma3,A,3,22_final.mp4,84,Poorly
gemma3,A,3,22_final.mp4,87,Poorly
gemma3,A,3,22_final.mp4,90,Poorly
gemma3,A,3,22_final.mp4,93,Poorly
gemma3,A,3,22_final.mp4,96,Poorly
gemma3,A,3,22_final.mp4,99,Poorly
gemma3,A,3,22_final.mp4,102,Poorly
gemma3,A,3,22_final.mp4,105,Poorly
gemma3,A,3,22_final.mp4,108,Poorly
gemma3,A,3,22_final.mp4,111,Poorly
gemma3,A,3,22_final.mp4,114,Poorly
gemma3,A,3,22_final.mp4,117,Poorly
gemma3,A,3,22_final.mp4,120,Poorly
gemma3,A,3,22_final.mp4,123,Poorly
gemma3,A,3,22_final.mp4,126,Poorly
gemma3,A,3,22_final.mp4,129,Poorly
gemma3,A,3,22_final.mp4,132,Poorly
gemma3,A,3,22_final.mp4,135,Poorly
gemma3,A,3,22_final.mp4,138,Poorly
gemma3,A,3,22_final.mp4,141,Poorly
gemma3,A,3,22_final.mp4,144,Poorly
gemma3,A,3,22_final.mp4,147,Poorly
gemma3,A,3,22_final.mp4,150,Poorly
gemma3,A,3,22_final.mp4,153,Poorly
gemma3,A,3,22_final.mp4,156,Poorly
gemma3,A,3,22_final.mp4,159,Poorly
gemma3,A,3,22_final.mp4,162,Poorly
gemma3,A,3,22_final.mp4,165,Poorly
gemma3,A,3,22_final.mp4,168,Poorly
gemma3,A,3,22_final.mp4,171,Poorly
gemma3,A,3,22_final.mp4,174,Poorly
gemma3,A,3,22_final.mp4,177,Poorly
gemma3,A,3,22_final.mp4,180,Poorly
gemma3,A,3,22_final.mp4,183,Poorly
gemma3,A,3,22_final.mp4,186,Poorly
gemma3,A,3,22_final.mp4,189,Poorly
gemma3,A,3,22_final.mp4,192,Poorly
gemma3,A,3,22_final.mp4,195,Poorly
gemma3,A,3,22_final.mp4,198,Poorly
gemma3,A,3,22_final.mp4,201,Poorly
gemma3,A,3,22_final.mp4,204,Poorly
gemma3,A,3,24_final.mp4,0,Poorly
gemma3,A,3,24_final.mp4,3,Poorly
gemma3,A,3,24_final.mp4,6,Poorly
gemma3,A,3,24_final.mp4,9,Poorly
gemma3,A,3,24_final.mp4,12,Poorly
gemma3,A,3,24_final.mp4,15,Poorly
gemma3,A,3,24_final.mp4,18,Poorly
gemma3,A,3,24_final.mp4,21,Poorly
gemma3,A,3,24_final.mp4,24,Poorly
gemma3,A,3,24_final.mp4,27,Poorly
gemma3,A,3,24_final.mp4,30,Poorly
gemma3,A,3,24_final.mp4,33,Poorly
gemma3,A,3,24_final.mp4,36,Poorly
gemma3,A,3,24_final.mp4,39,Poorly
gemma3,A,3,24_final.mp4,42,Poorly
gemma3,A,3,24_final.mp4,45,Poorly
gemma3,A,3,24_final.mp4,48,Poorly
gemma3,A,3,24_final.mp4,51,Poorly
gemma3,A,3,24_final.mp4,54,Poorly
gemma3,A,3,24_final.mp4,57,Poorly
gemma3,A,3,24_final.mp4,60,Poorly
gemma3,A,3,24_final.mp4,63,Poorly
gemma3,A,3,24_final.mp4,66,Poorly
gemma3,A,3,24_final.mp4,69,Poorly
gemma3,A,3,24_final.mp4,72,Poorly
gemma3,A,3,24_final.mp4,75,Poorly
gemma3,A,3,24_final.mp4,78,Poorly
gemma3,A,3,24_final.mp4,81,Poorly
gemma3,A,3,24_final.mp4,84,Poorly
gemma3,A,3,24_final.mp4,87,Poorly
gemma3,A,3,24_final.mp4,90,Poorly
gemma3,A,3,24_final.mp4,93,Poorly
gemma3,A,3,24_final.mp4,96,Poorly
gemma3,A,3,24_final.mp4,99,Poorly
gemma3,A,3,24_final.mp4,102,Poorly
gemma3,A,3,24_final.mp4,105,Poorly
gemma3,A,3,24_final.mp4,108,Poorly
gemma3,A,3,24_final.mp4,111,Poorly
gemma3,A,3,24_final.mp4,114,Poorly
gemma3,A,3,24_final.mp4,117,Poorly
gemma3,A,3,24_final.mp4,120,Poorly
gemma3,A,3,24_final.mp4,123,Poorly
gemma3,A,3,24_final.mp4,126,Poorly
gemma3,A,3,24_final.mp4,129,Poorly
gemma3,A,3,24_final.mp4,132,Poorly
gemma3,A,3,24_final.mp4,135,Poorly
gemma3,A,3,24_final.mp4,138,Poorly
gemma3,A,3,24_final.mp4,141,Poorly
gemma3,A,3,24_final.mp4,144,Poorly
gemma3,A,3,24_final.mp4,147,Poorly
gemma3,A,3,24_final.mp4,150,Poorly
gemma3,A,3,24_final.mp4,153,Poorly
gemma3,A,3,24_final.mp4,156,Poorly
gemma3,A,3,24_final.mp4,159,Poorly
gemma3,A,3,24_final.mp4,162,Poorly
gemma3,A,3,24_final.mp4,165,Poorly
gemma3,A,3,24_final.mp4,168,Poorly
gemma3,A,3,24_final.mp4,171,Poorly
gemma3,A,3,24_final.mp4,174,Poorly
gemma3,A,3,24_final.mp4,177,Poorly
gemma3,A,3,24_final.mp4,180,Poorly
gemma3,A,3,24_final.mp4,183,Poorly
gemma3,A,3,24_final.mp4,186,Poorly
gemma3,A,3,24_final.mp4,189,Poorly
gemma3,A,3,24_final.mp4,192,Poorly
gemma3,A,3,24_final.mp4,195,Poorly
gemma3,A,3,24_final.mp4,198,Poorly
gemma3,A,3,24_final.mp4,201,Poorly
gemma3,A,3,24_final.mp4,204,Poorly
gemma3,A,3,24_final.mp4,207,Poorly
gemma3,A,3,24_final.mp4,210,Poorly
gemma3,A,3,24_final.mp4,213,Poorly
gemma3,A,3,24_final.mp4,216,Poorly
gemma3,A,3,24_final.mp4,219,Poorly
gemma3,A,3,24_final.mp4,222,Poorly
gemma3,A,3,24_final.mp4,225,Poorly
gemma3,A,3,24_final.mp4,228,Poorly
gemma3,A,3,24_final.mp4,231,Poorly
gemma3,A,3,24_final.mp4,234,Poorly
gemma3,A,3,24_final.mp4,237,Poorly
gemma3,A,3,24_final.mp4,240,Poorly
gemma3,A,3,24_final.mp4,243,Poorly
gemma3,A,3,24_final.mp4,246,Poorly
gemma3,A,3,24_final.mp4,249,Poorly
gemma3,A,3,24_final.mp4,252,Poorly
gemma3,A,3,24_final.mp4,255,Poorly
gemma3,A,3,24_final.mp4,258,Poorly
gemma3,A,3,24_final.mp4,261,Poorly
gemma3,A,3,24_final.mp4,264,Poorly
gemma3,A,3,24_final.mp4,267,Poorly
gemma3,A,3,24_final.mp4,270,Poorly
gemma3,A,3,24_final.mp4,273,Poorly
gemma3,A,3,24_final.mp4,276,Poorly
gemma3,A,3,24_final.mp4,279,Poorly
gemma3,A,3,24_final.mp4,282,Poorly
gemma3,A,3,24_final.mp4,285,Poorly
gemma3,A,3,24_final.mp4,288,Poorly
gemma3,A,3,24_final.mp4,291,Poorly
gemma3,A,3,24_final.mp4,294,Poorly
gemma3,A,3,24_final.mp4,297,Poorly
gemma3,A,3,24_final.mp4,300,Poorly
gemma3,A,3,24_final.mp4,303,Poorly
gemma3,A,3,24_final.mp4,306,Poorly
gemma3,A,3,24_final.mp4,309,Poorly
gemma3,A,3,24_final.mp4,312,Poorly
gemma3,A,3,24_final.mp4,315,Poorly
gemma3,A,3,24_final.mp4,318,Poorly
gemma3,A,3,24_final.mp4,321,Poorly
gemma3,A,3,24_final.mp4,324,Poorly
gemma3,A,3,24_final.mp4,327,Poorly
gemma3,A,3,24_final.mp4,330,Poorly
gemma3,A,3,24_final.mp4,333,Poorly
gemma3,A,3,24_final.mp4,336,Poorly
gemma3,A,3,24_final.mp4,339,Poorly
gemma3,A,3,24_final.mp4,342,Poorly
gemma3,A,3,24_final.mp4,345,Poorly
gemma3,A,3,24_final.mp4,348,Poorly
gemma3,A,3,24_final.mp4,351,Poorly
gemma3,A,3,24_final.mp4,354,Poorly
gemma3,A,3,24_final.mp4,357,Poorly
gemma3,A,3,24_final.mp4,360,Poorly
gemma3,A,3,24_final.mp4,363,Poorly
gemma3,A,3,24_final.mp4,366,Poorly
gemma3,A,3,24_final.mp4,369,Poorly
gemma3,A,3,24_final.mp4,372,Poorly
gemma3,A,3,29_final.mp4,0,Poorly
gemma3,A,3,29_final.mp4,3,Poorly
gemma3,A,3,29_final.mp4,6,Poorly
gemma3,A,3,29_final.mp4,9,Poorly
gemma3,A,3,29_final.mp4,12,Poorly
gemma3,A,3,29_final.mp4,15,Poorly
gemma3,A,3,29_final.mp4,18,Poorly
gemma3,A,3,29_final.mp4,21,Poorly
gemma3,A,3,29_final.mp4,24,Poorly
gemma3,A,3,29_final.mp4,27,Poorly
gemma3,A,3,29_final.mp4,30,Poorly
gemma3,A,3,29_final.mp4,33,Poorly
gemma3,A,3,29_final.mp4,36,Poorly
gemma3,A,3,29_final.mp4,39,Poorly
gemma3,A,3,29_final.mp4,42,Poorly
gemma3,A,3,29_final.mp4,45,Poorly
gemma3,A,3,29_final.mp4,48,Poorly
gemma3,A,3,29_final.mp4,51,Poorly
gemma3,A,3,29_final.mp4,54,Poorly
gemma3,A,3,29_final.mp4,57,Poorly
gemma3,A,3,29_final.mp4,60,Poorly
gemma3,A,3,29_final.mp4,63,Poorly
gemma3,A,3,29_final.mp4,66,Poorly
gemma3,A,3,29_final.mp4,69,Poorly
gemma3,A,3,29_final.mp4,72,Poorly
gemma3,A,3,29_final.mp4,75,Poorly
gemma3,A,3,29_final.mp4,78,Poorly
gemma3,A,3,29_final.mp4,81,Poorly
gemma3,A,3,29_final.mp4,84,Poorly
gemma3,A,3,29_final.mp4,87,Poorly
gemma3,A,3,29_final.mp4,90,Poorly
gemma3,A,3,29_final.mp4,93,Poorly
gemma3,A,3,29_final.mp4,96,Poorly
gemma3,A,3,29_final.mp4,99,Poorly
gemma3,A,3,29_final.mp4,102,Poorly
gemma3,A,3,29_final.mp4,105,Poorly
gemma3,A,3,29_final.mp4,108,Poorly
gemma3,A,3,29_final.mp4,111,Poorly
gemma3,A,3,29_final.mp4,114,Poorly
gemma3,A,3,29_final.mp4,117,Poorly
gemma3,A,3,29_final.mp4,120,Poorly
gemma3,A,3,29_final.mp4,123,Poorly
gemma3,A,3,29_final.mp4,126,Poorly
gemma3,A,3,29_final.mp4,129,Poorly
gemma3,A,3,29_final.mp4,132,Poorly
gemma3,A,3,29_final.mp4,135,Poorly
gemma3,A,3,29_final.mp4,138,Poorly
gemma3,A,3,29_final.mp4,141,Poorly
gemma3,A,3,29_final.mp4,144,Poorly
gemma3,A,3,29_final.mp4,147,Poorly
gemma3,A,3,29_final.mp4,150,Poorly
gemma3,A,3,29_final.mp4,153,Poorly
gemma3,A,3,29_final.mp4,156,Poorly
gemma3,A,3,29_final.mp4,159,Poorly
gemma3,A,3,29_final.mp4,162,Poorly
gemma3,A,3,29_final.mp4,165,Poorly
gemma3,A,3,29_final.mp4,168,Poorly
gemma3,A,3,29_final.mp4,171,Poorly
gemma3,A,3,29_final.mp4,174,Poorly
gemma3,A,3,29_final.mp4,177,Poorly
gemma3,A,3,29_final.mp4,180,Poorly
gemma3,A,3,29_final.mp4,183,Poorly
gemma3,A,3,29_final.mp4,186,Poorly
gemma3,A,3,29_final.mp4,189,Poorly
gemma3,A,3,29_final.mp4,192,Poorly
gemma3,A,3,29_final.mp4,195,Poorly
gemma3,A,3,29_final.mp4,198,Poorly
gemma3,A,3,29_final.mp4,201,Poorly
gemma3,A,3,29_final.mp4,204,Poorly
gemma3,A,3,29_final.mp4,207,Poorly
gemma3,A,3,29_final.mp4,210,Poorly
gemma3,A,3,29_final.mp4,213,Poorly
gemma3,A,3,29_final.mp4,216,Poorly
gemma3,A,3,30_final.mp4,0,Poorly
gemma3,A,3,30_final.mp4,3,Poorly
gemma3,A,3,30_final.mp4,6,Poorly
gemma3,A,3,30_final.mp4,9,Poorly
gemma3,A,3,30_final.mp4,12,Poorly
gemma3,A,3,30_final.mp4,15,Poorly
gemma3,A,3,30_final.mp4,18,Poorly
gemma3,A,3,30_final.mp4,21,Well
gemma3,A,3,30_final.mp4,24,Poorly
gemma3,A,3,30_final.mp4,27,Poorly
gemma3,A,3,30_final.mp4,30,Poorly
gemma3,A,3,30_final.mp4,33,Poorly
gemma3,A,3,30_final.mp4,36,Poorly
gemma3,A,3,30_final.mp4,39,Poorly
gemma3,A,3,30_final.mp4,42,Poorly
gemma3,A,3,30_final.mp4,45,Poorly
gemma3,A,3,30_final.mp4,48,Poorly
gemma3,A,3,30_final.mp4,51,Poorly
gemma3,A,3,30_final.mp4,54,Poorly
gemma3,A,3,30_final.mp4,57,Poorly
gemma3,A,3,30_final.mp4,60,Poorly
gemma3,A,3,30_final.mp4,63,Poorly
gemma3,A,3,30_final.mp4,66,Poorly
gemma3,A,3,30_final.mp4,69,Poorly
gemma3,A,3,30_final.mp4,72,Poorly
gemma3,A,3,30_final.mp4,75,Poorly
gemma3,A,3,30_final.mp4,78,Poorly
gemma3,A,3,30_final.mp4,81,Poorly
gemma3,A,3,30_final.mp4,84,Poorly
gemma3,A,3,30_final.mp4,87,Poorly
gemma3,A,3,30_final.mp4,90,Poorly
gemma3,A,3,30_final.mp4,93,Poorly
gemma3,A,3,30_final.mp4,96,Poorly
gemma3,A,3,30_final.mp4,99,Poorly
gemma3,A,3,30_final.mp4,102,Poorly
gemma3,A,3,30_final.mp4,105,Poorly
gemma3,A,3,30_final.mp4,108,Poorly
gemma3,A,3,30_final.mp4,111,Poorly
gemma3,A,3,30_final.mp4,114,Poorly
gemma3,A,3,30_final.mp4,117,Poorly
gemma3,A,3,30_final.mp4,120,Poorly
gemma3,A,3,30_final.mp4,123,Poorly
gemma3,A,3,30_final.mp4,126,Poorly
gemma3,A,3,30_final.mp4,129,Poorly
gemma3,A,3,30_final.mp4,132,Poorly
gemma3,A,3,30_final.mp4,135,Poorly
gemma3,A,3,30_final.mp4,138,Poorly
gemma3,A,3,30_final.mp4,141,Poorly
gemma3,A,3,30_final.mp4,144,Poorly
gemma3,A,3,30_final.mp4,147,Poorly
gemma3,A,3,30_final.mp4,150,Poorly
gemma3,A,3,30_final.mp4,153,Poorly
gemma3,A,3,30_final.mp4,156,Poorly
gemma3,A,3,30_final.mp4,159,Poorly
gemma3,A,3,30_final.mp4,162,Poorly
gemma3,A,3,30_final.mp4,165,Poorly
gemma3,A,3,30_final.mp4,168,Well
gemma3,A,3,30_final.mp4,171,Poorly
gemma3,A,3,30_final.mp4,174,Poorly
gemma3,A,3,30_final.mp4,177,Poorly
gemma3,A,3,30_final.mp4,180,Poorly
gemma3,A,3,30_final.mp4,183,Poorly
gemma3,A,3,30_final.mp4,186,Well
gemma3,A,3,30_final.mp4,189,Poorly
gemma3,A,3,30_final.mp4,192,Poorly
gemma3,A,3,30_final.mp4,195,Poorly
gemma3,A,3,30_final.mp4,198,Poorly
gemma3,A,3,30_final.mp4,201,Poorly
gemma3,A,3,30_final.mp4,204,Poorly
gemma3,A,3,30_final.mp4,207,Poorly
gemma3,A,3,30_final.mp4,210,Poorly
gemma3,A,3,30_final.mp4,213,Poorly
gemma3,A,3,30_final.mp4,216,Poorly
gemma3,A,3,30_final.mp4,219,Poorly
gemma3,A,3,30_final.mp4,222,Poorly
gemma3,A,3,30_final.mp4,225,Poorly
gemma3,A,3,30_final.mp4,228,Poorly
gemma3,A,3,30_final.mp4,231,Poorly
gemma3,A,3,30_final.mp4,234,Poorly
gemma3,A,3,30_final.mp4,237,Poorly
gemma3,A,3,30_final.mp4,240,Well
gemma3,A,3,30_final.mp4,243,Well
gemma3,A,3,30_final.mp4,246,Well
gemma3,A,3,30_final.mp4,249,Poorly
gemma3,A,3,30_final.mp4,252,Poorly
gemma3,A,3,30_final.mp4,255,Poorly
gemma3,A,3,30_final.mp4,258,Poorly
gemma3,A,3,30_final.mp4,261,Poorly
gemma3,A,3,30_final.mp4,264,Poorly
gemma3,A,3,30_final.mp4,267,Poorly
gemma3,A,3,30_final.mp4,270,Poorly
gemma3,A,3,30_final.mp4,273,Poorly
gemma3,A,3,30_final.mp4,276,Poorly
gemma3,A,3,30_final.mp4,279,Poorly
gemma3,A,3,30_final.mp4,282,Poorly
gemma3,A,3,30_final.mp4,285,Poorly
gemma3,A,3,30_final.mp4,288,Poorly
gemma3,A,3,30_final.mp4,291,Poorly
gemma3,A,3,30_final.mp4,294,Well
gemma3,A,3,30_final.mp4,297,Well
gemma3,A,3,30_final.mp4,300,Well
gemma3,A,3,30_final.mp4,303,Well
gemma3,A,3,30_final.mp4,306,Well
gemma3,A,3,30_final.mp4,309,Well
gemma3,A,3,30_final.mp4,312,Well
gemma3,A,3,30_final.mp4,315,Well
gemma3,A,3,30_final.mp4,318,Well
gemma3,A,3,30_final.mp4,321,Well
gemma3,A,3,30_final.mp4,324,Well
gemma3,A,3,30_final.mp4,327,Well
gemma3,A,3,30_final.mp4,330,Well
gemma3,A,3,30_final.mp4,333,Well
gemma3,A,3,30_final.mp4,336,Well
gemma3,A,3,30_final.mp4,339,Well
gemma3,A,3,30_final.mp4,342,Well
gemma3,A,3,30_final.mp4,345,Well
gemma3,A,3,30_final.mp4,348,Well
gemma3,A,3,30_final.mp4,351,Well
gemma3,A,3,30_final.mp4,354,Well
gemma3,A,3,30_final.mp4,357,Well
gemma3,A,3,30_final.mp4,360,Well
gemma3,A,3,30_final.mp4,363,Well
gemma3,A,3,30_final.mp4,366,Well
gemma3,A,3,30_final.mp4,369,Well
gemma3,A,3,30_final.mp4,372,Well
gemma3,A,3,30_final.mp4,375,Well
gemma3,A,3,31_final.mp4,0,Poorly
gemma3,A,3,31_final.mp4,3,Poorly
gemma3,A,3,31_final.mp4,6,Poorly
gemma3,A,3,31_final.mp4,9,Poorly
gemma3,A,3,31_final.mp4,12,Poorly
gemma3,A,3,31_final.mp4,15,Poorly
gemma3,A,3,31_final.mp4,18,Poorly
gemma3,A,3,31_final.mp4,21,Poorly
gemma3,A,3,31_final.mp4,24,Poorly
gemma3,A,3,31_final.mp4,27,Poorly
gemma3,A,3,31_final.mp4,30,Poorly
gemma3,A,3,31_final.mp4,33,Poorly
gemma3,A,3,31_final.mp4,36,Poorly
gemma3,A,3,31_final.mp4,39,Poorly
gemma3,A,3,31_final.mp4,42,Poorly
gemma3,A,3,31_final.mp4,45,Poorly
gemma3,A,3,31_final.mp4,48,Poorly
gemma3,A,3,31_final.mp4,51,Poorly
gemma3,A,3,31_final.mp4,54,Poorly
gemma3,A,3,31_final.mp4,57,Poorly
gemma3,A,3,31_final.mp4,60,Poorly
gemma3,A,3,31_final.mp4,63,Poorly
gemma3,A,3,31_final.mp4,66,Poorly
gemma3,A,3,31_final.mp4,69,Poorly
gemma3,A,3,31_final.mp4,72,Poorly
gemma3,A,3,31_final.mp4,75,Poorly
gemma3,A,3,31_final.mp4,78,Poorly
gemma3,A,3,31_final.mp4,81,Poorly
gemma3,A,3,31_final.mp4,84,Poorly
gemma3,A,3,31_final.mp4,87,Poorly
gemma3,A,3,31_final.mp4,90,Poorly
gemma3,A,3,31_final.mp4,93,Poorly
gemma3,A,3,31_final.mp4,96,Poorly
gemma3,A,3,31_final.mp4,99,Poorly
gemma3,A,3,31_final.mp4,102,Well
gemma3,A,3,31_final.mp4,105,Poorly
gemma3,A,3,31_final.mp4,108,Poorly
gemma3,A,3,31_final.mp4,111,Poorly
gemma3,A,3,31_final.mp4,114,Poorly
gemma3,A,3,31_final.mp4,117,Poorly
gemma3,A,3,31_final.mp4,120,Poorly
gemma3,A,3,31_final.mp4,123,Poorly
gemma3,A,3,31_final.mp4,126,Poorly
gemma3,A,3,31_final.mp4,129,Poorly
gemma3,A,3,31_final.mp4,132,Poorly
gemma3,A,3,31_final.mp4,135,Poorly
gemma3,A,3,31_final.mp4,138,Poorly
gemma3,A,3,31_final.mp4,141,Poorly
gemma3,A,3,31_final.mp4,144,Poorly
gemma3,A,3,31_final.mp4,147,Poorly
gemma3,A,3,31_final.mp4,150,Poorly
gemma3,A,3,31_final.mp4,153,Poorly
gemma3,A,3,31_final.mp4,156,Poorly
gemma3,A,3,31_final.mp4,159,Poorly
gemma3,A,3,31_final.mp4,162,Poorly
gemma3,A,3,31_final.mp4,165,Poorly
gemma3,A,3,31_final.mp4,168,Poorly
gemma3,A,3,31_final.mp4,171,Poorly
gemma3,A,3,31_final.mp4,174,Poorly
gemma3,A,3,31_final.mp4,177,Poorly
gemma3,A,3,31_final.mp4,180,Poorly
gemma3,A,3,31_final.mp4,183,Poorly
gemma3,A,3,31_final.mp4,186,Poorly
gemma3,A,3,31_final.mp4,189,Poorly
gemma3,A,3,31_final.mp4,192,Poorly
gemma3,A,3,31_final.mp4,195,Poorly
gemma3,A,3,31_final.mp4,198,Poorly
gemma3,A,3,31_final.mp4,201,Poorly
gemma3,A,3,31_final.mp4,204,Poorly
gemma3,A,3,31_final.mp4,207,Poorly
gemma3,A,3,31_final.mp4,210,Poorly
gemma3,A,3,31_final.mp4,213,Poorly
gemma3,A,3,31_final.mp4,216,Poorly
gemma3,A,3,31_final.mp4,219,Poorly
gemma3,A,3,31_final.mp4,222,Poorly
gemma3,A,3,31_final.mp4,225,Poorly
gemma3,A,3,31_final.mp4,228,Poorly
gemma3,A,3,31_final.mp4,231,Poorly
gemma3,A,3,31_final.mp4,234,Poorly
gemma3,A,3,31_final.mp4,237,Poorly
gemma3,A,3,31_final.mp4,240,Poorly
gemma3,A,3,31_final.mp4,243,Poorly
gemma3,A,3,31_final.mp4,246,Poorly
gemma3,A,3,31_final.mp4,249,Poorly
gemma3,A,3,31_final.mp4,252,Poorly
gemma3,A,3,31_final.mp4,255,Poorly
gemma3,A,3,31_final.mp4,258,Poorly
gemma3,A,3,31_final.mp4,261,Poorly
gemma3,A,3,31_final.mp4,264,Poorly
gemma3,A,3,31_final.mp4,267,Poorly
gemma3,A,3,31_final.mp4,270,Poorly
gemma3,A,3,31_final.mp4,273,Poorly
gemma3,A,3,31_final.mp4,276,Poorly
gemma3,A,3,31_final.mp4,279,Poorly
gemma3,A,3,31_final.mp4,282,Poorly
gemma3,A,3,31_final.mp4,285,Poorly
gemma3,A,3,31_final.mp4,288,Poorly
gemma3,A,3,31_final.mp4,291,Poorly
gemma3,A,3,31_final.mp4,294,Poorly
gemma3,A,3,33_final.mp4,0,Poorly
gemma3,A,3,33_final.mp4,3,Poorly
gemma3,A,3,33_final.mp4,6,Poorly
gemma3,A,3,33_final.mp4,9,Poorly
gemma3,A,3,33_final.mp4,12,Poorly
gemma3,A,3,33_final.mp4,15,Poorly
gemma3,A,3,33_final.mp4,18,Poorly
gemma3,A,3,33_final.mp4,21,Poorly
gemma3,A,3,33_final.mp4,24,Poorly
gemma3,A,3,33_final.mp4,27,Poorly
gemma3,A,3,33_final.mp4,30,Poorly
gemma3,A,3,33_final.mp4,33,Poorly
gemma3,A,3,33_final.mp4,36,Poorly
gemma3,A,3,33_final.mp4,39,Poorly
gemma3,A,3,33_final.mp4,42,Poorly
gemma3,A,3,33_final.mp4,45,Poorly
gemma3,A,3,33_final.mp4,48,Poorly
gemma3,A,3,33_final.mp4,51,Poorly
gemma3,A,3,33_final.mp4,54,Poorly
gemma3,A,3,33_final.mp4,57,Poorly
gemma3,A,3,33_final.mp4,60,Poorly
gemma3,A,3,33_final.mp4,63,Poorly
gemma3,A,3,33_final.mp4,66,Poorly
gemma3,A,3,33_final.mp4,69,Poorly
gemma3,A,3,33_final.mp4,72,Poorly
gemma3,A,3,33_final.mp4,75,Poorly
gemma3,A,3,33_final.mp4,78,Poorly
gemma3,A,3,33_final.mp4,81,Poorly
gemma3,A,3,33_final.mp4,84,Poorly
gemma3,A,3,33_final.mp4,87,Poorly
gemma3,A,3,33_final.mp4,90,Poorly
gemma3,A,3,33_final.mp4,93,Poorly
gemma3,A,3,33_final.mp4,96,Poorly
gemma3,A,3,33_final.mp4,99,Poorly
gemma3,A,3,33_final.mp4,102,Poorly
gemma3,A,3,33_final.mp4,105,Poorly
gemma3,A,3,33_final.mp4,108,Poorly
gemma3,A,3,33_final.mp4,111,Poorly
gemma3,A,3,33_final.mp4,114,Poorly
gemma3,A,3,33_final.mp4,117,Poorly
gemma3,A,3,33_final.mp4,120,Poorly
gemma3,A,3,33_final.mp4,123,Poorly
gemma3,A,3,33_final.mp4,126,Poorly
gemma3,A,3,33_final.mp4,129,Poorly
gemma3,A,3,33_final.mp4,132,Poorly
gemma3,A,3,33_final.mp4,135,Poorly
gemma3,A,3,33_final.mp4,138,Poorly
gemma3,A,3,33_final.mp4,141,Poorly
gemma3,A,3,33_final.mp4,144,Poorly
gemma3,A,3,33_final.mp4,147,Poorly
gemma3,A,3,33_final.mp4,150,Poorly
gemma3,A,3,33_final.mp4,153,Poorly
gemma3,A,3,33_final.mp4,156,Poorly
gemma3,A,3,33_final.mp4,159,Poorly
gemma3,A,3,33_final.mp4,162,Poorly
gemma3,A,3,33_final.mp4,165,Poorly
gemma3,A,3,33_final.mp4,168,Poorly
gemma3,A,3,33_final.mp4,171,Poorly
gemma3,A,3,33_final.mp4,174,Poorly
gemma3,A,3,33_final.mp4,177,Poorly
gemma3,A,3,33_final.mp4,180,Poorly
gemma3,A,3,33_final.mp4,183,Poorly
gemma3,A,3,33_final.mp4,186,Poorly
gemma3,A,3,33_final.mp4,189,Poorly
gemma3,A,3,33_final.mp4,192,Poorly
gemma3,A,3,33_final.mp4,195,Poorly
gemma3,A,3,33_final.mp4,198,Poorly
gemma3,A,3,33_final.mp4,201,Poorly
gemma3,A,3,33_final.mp4,204,Poorly
gemma3,A,3,33_final.mp4,207,Poorly
gemma3,A,3,33_final.mp4,210,Poorly
gemma3,A,3,33_final.mp4,213,Poorly
gemma3,A,3,33_final.mp4,216,Poorly
gemma3,A,3,33_final.mp4,219,Poorly
gemma3,A,3,34_final.mp4,0,Poorly
gemma3,A,3,34_final.mp4,3,Poorly
gemma3,A,3,34_final.mp4,6,Poorly
gemma3,A,3,34_final.mp4,9,Poorly
gemma3,A,3,34_final.mp4,12,Poorly
gemma3,A,3,34_final.mp4,15,Poorly
gemma3,A,3,34_final.mp4,18,Poorly
gemma3,A,3,34_final.mp4,21,Poorly
gemma3,A,3,34_final.mp4,24,Poorly
gemma3,A,3,34_final.mp4,27,Poorly
gemma3,A,3,34_final.mp4,30,Poorly
gemma3,A,3,34_final.mp4,33,Poorly
gemma3,A,3,34_final.mp4,36,Poorly
gemma3,A,3,34_final.mp4,39,Poorly
gemma3,A,3,34_final.mp4,42,Poorly
gemma3,A,3,34_final.mp4,45,Poorly
gemma3,A,3,34_final.mp4,48,Poorly
gemma3,A,3,34_final.mp4,51,Poorly
gemma3,A,3,34_final.mp4,54,Poorly
gemma3,A,3,34_final.mp4,57,Poorly
gemma3,A,3,34_final.mp4,60,Poorly
gemma3,A,3,34_final.mp4,63,Poorly
gemma3,A,3,34_final.mp4,66,Poorly
gemma3,A,3,34_final.mp4,69,Poorly
gemma3,A,3,34_final.mp4,72,Poorly
gemma3,A,3,34_final.mp4,75,Poorly
gemma3,A,3,34_final.mp4,78,Poorly
gemma3,A,3,34_final.mp4,81,Poorly
gemma3,A,3,34_final.mp4,84,Poorly
gemma3,A,3,34_final.mp4,87,Poorly
gemma3,A,3,34_final.mp4,90,Poorly
gemma3,A,3,34_final.mp4,93,Poorly
gemma3,A,3,34_final.mp4,96,Poorly
gemma3,A,3,34_final.mp4,99,Poorly
gemma3,A,3,34_final.mp4,102,Poorly
gemma3,A,3,34_final.mp4,105,Poorly
gemma3,A,3,34_final.mp4,108,Poorly
gemma3,A,3,34_final.mp4,111,Poorly
gemma3,A,3,34_final.mp4,114,Poorly
gemma3,A,3,34_final.mp4,117,Poorly
gemma3,A,3,34_final.mp4,120,Poorly
gemma3,A,3,34_final.mp4,123,Poorly
gemma3,A,3,34_final.mp4,126,Poorly
gemma3,A,3,34_final.mp4,129,Poorly
gemma3,A,3,34_final.mp4,132,Poorly
gemma3,A,3,34_final.mp4,135,Poorly
gemma3,A,3,34_final.mp4,138,Poorly
gemma3,A,3,34_final.mp4,141,Poorly
gemma3,A,3,34_final.mp4,144,Poorly
gemma3,A,3,34_final.mp4,147,Poorly
gemma3,A,3,34_final.mp4,150,Poorly
gemma3,A,3,34_final.mp4,153,Poorly
gemma3,A,3,34_final.mp4,156,Poorly
gemma3,A,3,34_final.mp4,159,Poorly
gemma3,A,3,34_final.mp4,162,Poorly
gemma3,A,3,34_final.mp4,165,Poorly
gemma3,A,3,34_final.mp4,168,Poorly
gemma3,A,3,34_final.mp4,171,Poorly
gemma3,A,3,34_final.mp4,174,Poorly
gemma3,A,3,34_final.mp4,177,Poorly
gemma3,A,3,34_final.mp4,180,Poorly
gemma3,A,3,34_final.mp4,183,Poorly
gemma3,A,3,34_final.mp4,186,Poorly
gemma3,A,3,34_final.mp4,189,Poorly
gemma3,A,3,34_final.mp4,192,Poorly
gemma3,A,3,34_final.mp4,195,Poorly
gemma3,A,3,34_final.mp4,198,Poorly
gemma3,A,3,34_final.mp4,201,Poorly
gemma3,A,3,34_final.mp4,204,Poorly
gemma3,A,3,34_final.mp4,207,Poorly
gemma3,A,3,34_final.mp4,210,Poorly
gemma3,A,3,40_final.mp4,0,Poorly
gemma3,A,3,40_final.mp4,3,Poorly
gemma3,A,3,40_final.mp4,6,Poorly
gemma3,A,3,40_final.mp4,9,Poorly
gemma3,A,3,40_final.mp4,12,Poorly
gemma3,A,3,40_final.mp4,15,Poorly
gemma3,A,3,40_final.mp4,18,Poorly
gemma3,A,3,40_final.mp4,21,Poorly
gemma3,A,3,40_final.mp4,24,Poorly
gemma3,A,3,40_final.mp4,27,Poorly
gemma3,A,3,40_final.mp4,30,Poorly
gemma3,A,3,40_final.mp4,33,Poorly
gemma3,A,3,40_final.mp4,36,Poorly
gemma3,A,3,40_final.mp4,39,Poorly
gemma3,A,3,40_final.mp4,42,Poorly
gemma3,A,3,40_final.mp4,45,Poorly
gemma3,A,3,40_final.mp4,48,Poorly
gemma3,A,3,40_final.mp4,51,Poorly
gemma3,A,3,40_final.mp4,54,Poorly
gemma3,A,3,40_final.mp4,57,Poorly
gemma3,A,3,40_final.mp4,60,Poorly
gemma3,A,3,40_final.mp4,63,Poorly
gemma3,A,3,40_final.mp4,66,Poorly
gemma3,A,3,40_final.mp4,69,Poorly
gemma3,A,3,40_final.mp4,72,Poorly
gemma3,A,3,40_final.mp4,75,Poorly
gemma3,A,3,40_final.mp4,78,Poorly
gemma3,A,3,40_final.mp4,81,Poorly
gemma3,A,3,40_final.mp4,84,Poorly
gemma3,A,3,40_final.mp4,87,Poorly
gemma3,A,3,40_final.mp4,90,Poorly
gemma3,A,3,40_final.mp4,93,Poorly
gemma3,A,3,40_final.mp4,96,Poorly
gemma3,A,3,40_final.mp4,99,Poorly
gemma3,A,3,40_final.mp4,102,Poorly
gemma3,A,3,40_final.mp4,105,Poorly
gemma3,A,3,40_final.mp4,108,Poorly
gemma3,A,3,40_final.mp4,111,Poorly
gemma3,A,3,40_final.mp4,114,Poorly
gemma3,A,3,40_final.mp4,117,Poorly
gemma3,A,3,40_final.mp4,120,Poorly
gemma3,A,3,40_final.mp4,123,Poorly
gemma3,A,3,40_final.mp4,126,Poorly
gemma3,A,3,40_final.mp4,129,Poorly
gemma3,A,3,40_final.mp4,132,Poorly
gemma3,A,3,40_final.mp4,135,Poorly
gemma3,A,3,40_final.mp4,138,Poorly
gemma3,A,3,40_final.mp4,141,Poorly
gemma3,A,3,40_final.mp4,144,Poorly
gemma3,A,3,40_final.mp4,147,Poorly
gemma3,A,3,40_final.mp4,150,Poorly
gemma3,A,3,40_final.mp4,153,Poorly
gemma3,A,3,40_final.mp4,156,Poorly
gemma3,A,3,40_final.mp4,159,Poorly
gemma3,A,3,40_final.mp4,162,Poorly
gemma3,A,3,40_final.mp4,165,Poorly
gemma3,A,3,40_final.mp4,168,Poorly
gemma3,A,3,40_final.mp4,171,Poorly
gemma3,A,3,40_final.mp4,174,Poorly
gemma3,A,3,40_final.mp4,177,Poorly
gemma3,A,3,40_final.mp4,180,Poorly
gemma3,A,3,40_final.mp4,183,Poorly
gemma3,A,3,40_final.mp4,186,Poorly
gemma3,A,3,40_final.mp4,189,Poorly
gemma3,A,3,40_final.mp4,192,Poorly
gemma3,A,3,40_final.mp4,195,Poorly
gemma3,A,3,40_final.mp4,198,Poorly
gemma3,A,3,40_final.mp4,201,Poorly
gemma3,A,3,40_final.mp4,204,Poorly
gemma3,A,3,40_final.mp4,207,Poorly
gemma3,A,3,40_final.mp4,210,Poorly
gemma3,A,3,40_final.mp4,213,Poorly
gemma3,A,3,40_final.mp4,216,Poorly
gemma3,A,3,40_final.mp4,219,Poorly
gemma3,A,3,40_final.mp4,222,Poorly
gemma3,A,3,40_final.mp4,225,Poorly
gemma3,A,3,40_final.mp4,228,Poorly
gemma3,A,3,40_final.mp4,231,Poorly
gemma3,A,3,40_final.mp4,234,Poorly
gemma3,A,3,40_final.mp4,237,Poorly
gemma3,A,3,40_final.mp4,240,Poorly
gemma3,A,3,40_final.mp4,243,Poorly
gemma3,A,3,40_final.mp4,246,Poorly
gemma3,A,3,40_final.mp4,249,Poorly
gemma3,A,3,41_final.mp4,0,Poorly
gemma3,A,3,41_final.mp4,3,Poorly
gemma3,A,3,41_final.mp4,6,Poorly
gemma3,A,3,41_final.mp4,9,Poorly
gemma3,A,3,41_final.mp4,12,Poorly
gemma3,A,3,41_final.mp4,15,Poorly
gemma3,A,3,41_final.mp4,18,Poorly
gemma3,A,3,41_final.mp4,21,Poorly
gemma3,A,3,41_final.mp4,24,Poorly
gemma3,A,3,41_final.mp4,27,Poorly
gemma3,A,3,41_final.mp4,30,Poorly
gemma3,A,3,41_final.mp4,33,Poorly
gemma3,A,3,41_final.mp4,36,Poorly
gemma3,A,3,41_final.mp4,39,Poorly
gemma3,A,3,41_final.mp4,42,Poorly
gemma3,A,3,41_final.mp4,45,Poorly
gemma3,A,3,41_final.mp4,48,Poorly
gemma3,A,3,41_final.mp4,51,Poorly
gemma3,A,3,41_final.mp4,54,Poorly
gemma3,A,3,41_final.mp4,57,Poorly
gemma3,A,3,41_final.mp4,60,Poorly
gemma3,A,3,41_final.mp4,63,Poorly
gemma3,A,3,41_final.mp4,66,Poorly
gemma3,A,3,41_final.mp4,69,Poorly
gemma3,A,3,41_final.mp4,72,Poorly
gemma3,A,3,41_final.mp4,75,Poorly
gemma3,A,3,41_final.mp4,78,Poorly
gemma3,A,3,41_final.mp4,81,Poorly
gemma3,A,3,41_final.mp4,84,Poorly
gemma3,A,3,41_final.mp4,87,Poorly
gemma3,A,3,41_final.mp4,90,Poorly
gemma3,A,3,41_final.mp4,93,Poorly
gemma3,A,3,41_final.mp4,96,Poorly
gemma3,A,3,41_final.mp4,99,Poorly
gemma3,A,3,41_final.mp4,102,Poorly
gemma3,A,3,41_final.mp4,105,Poorly
gemma3,A,3,41_final.mp4,108,Poorly
gemma3,A,3,41_final.mp4,111,Poorly
gemma3,A,3,41_final.mp4,114,Poorly
gemma3,A,3,41_final.mp4,117,Poorly
gemma3,A,3,41_final.mp4,120,Poorly
gemma3,A,3,41_final.mp4,123,Poorly
gemma3,A,3,41_final.mp4,126,Poorly
gemma3,A,3,41_final.mp4,129,Poorly
gemma3,A,3,41_final.mp4,132,Poorly
gemma3,A,3,41_final.mp4,135,Poorly
gemma3,A,3,41_final.mp4,138,Poorly
gemma3,A,3,41_final.mp4,141,Poorly
gemma3,A,3,41_final.mp4,144,Poorly
gemma3,A,3,41_final.mp4,147,Poorly
gemma3,A,3,41_final.mp4,150,Poorly
gemma3,A,3,41_final.mp4,153,Poorly
gemma3,A,3,41_final.mp4,156,Poorly
gemma3,A,3,41_final.mp4,159,Poorly
gemma3,A,3,41_final.mp4,162,Poorly
gemma3,A,3,41_final.mp4,165,Poorly
gemma3,A,3,41_final.mp4,168,Poorly
gemma3,A,3,41_final.mp4,171,Poorly
gemma3,A,3,41_final.mp4,174,Poorly
gemma3,A,3,41_final.mp4,177,Poorly
gemma3,A,3,41_final.mp4,180,Poorly
gemma3,A,3,41_final.mp4,183,Poorly
gemma3,A,3,41_final.mp4,186,Poorly
gemma3,A,3,41_final.mp4,189,Poorly
gemma3,A,3,41_final.mp4,192,Poorly
gemma3,A,3,41_final.mp4,195,Poorly
gemma3,A,3,41_final.mp4,198,Poorly
gemma3,A,3,41_final.mp4,201,Poorly
gemma3,A,3,41_final.mp4,204,Poorly
gemma3,A,3,41_final.mp4,207,Poorly
gemma3,A,3,41_final.mp4,210,Poorly
gemma3,A,3,41_final.mp4,213,Poorly
gemma3,A,3,41_final.mp4,216,Poorly
gemma3,A,3,41_final.mp4,219,Poorly
gemma3,A,3,41_final.mp4,222,Poorly
gemma3,A,3,41_final.mp4,225,Poorly
gemma3,A,3,41_final.mp4,228,Poorly
gemma3,A,3,41_final.mp4,231,Poorly
gemma3,A,3,41_final.mp4,234,Poorly
gemma3,A,3,41_final.mp4,237,Poorly
gemma3,A,3,41_final.mp4,240,Poorly
gemma3,A,3,41_final.mp4,243,Poorly
gemma3,A,3,41_final.mp4,246,Poorly
gemma3,A,3,41_final.mp4,249,Poorly
gemma3,A,3,41_final.mp4,252,Poorly
gemma3,A,3,41_final.mp4,255,Poorly
gemma3,A,3,41_final.mp4,258,Poorly
gemma3,A,3,41_final.mp4,261,Poorly
gemma3,A,3,41_final.mp4,264,Poorly
gemma3,A,3,41_final.mp4,267,Poorly
gemma3,A,3,41_final.mp4,270,Poorly
gemma3,A,3,44_final.mp4,0,Poorly
gemma3,A,3,44_final.mp4,3,Poorly
gemma3,A,3,44_final.mp4,6,Poorly
gemma3,A,3,44_final.mp4,9,Poorly
gemma3,A,3,44_final.mp4,12,Poorly
gemma3,A,3,44_final.mp4,15,Poorly
gemma3,A,3,44_final.mp4,18,Poorly
gemma3,A,3,44_final.mp4,21,Poorly
gemma3,A,3,44_final.mp4,24,Poorly
gemma3,A,3,44_final.mp4,27,Poorly
gemma3,A,3,44_final.mp4,30,Poorly
gemma3,A,3,44_final.mp4,33,Poorly
gemma3,A,3,44_final.mp4,36,Poorly
gemma3,A,3,44_final.mp4,39,Poorly
gemma3,A,3,44_final.mp4,42,Poorly
gemma3,A,3,44_final.mp4,45,Poorly
gemma3,A,3,44_final.mp4,48,Poorly
gemma3,A,3,44_final.mp4,51,Poorly
gemma3,A,3,44_final.mp4,54,Poorly
gemma3,A,3,44_final.mp4,57,Poorly
gemma3,A,3,44_final.mp4,60,Poorly
gemma3,A,3,44_final.mp4,63,Poorly
gemma3,A,3,44_final.mp4,66,Poorly
gemma3,A,3,44_final.mp4,69,Poorly
gemma3,A,3,44_final.mp4,72,Poorly
gemma3,A,3,44_final.mp4,75,Poorly
gemma3,A,3,44_final.mp4,78,Poorly
gemma3,A,3,44_final.mp4,81,Poorly
gemma3,A,3,44_final.mp4,84,Poorly
gemma3,A,3,44_final.mp4,87,Poorly
gemma3,A,3,44_final.mp4,90,Poorly
gemma3,A,3,44_final.mp4,93,Poorly
gemma3,A,3,44_final.mp4,96,Poorly
gemma3,A,3,44_final.mp4,99,Poorly
gemma3,A,3,44_final.mp4,102,Poorly
gemma3,A,3,44_final.mp4,105,Poorly
gemma3,A,3,44_final.mp4,108,Poorly
gemma3,A,3,44_final.mp4,111,Poorly
gemma3,A,3,44_final.mp4,114,Poorly
gemma3,A,3,44_final.mp4,117,Poorly
gemma3,A,3,44_final.mp4,120,Poorly
gemma3,A,3,44_final.mp4,123,Poorly
gemma3,A,3,44_final.mp4,126,Poorly
gemma3,A,3,44_final.mp4,129,Poorly
gemma3,A,3,44_final.mp4,132,Poorly
gemma3,A,3,44_final.mp4,135,Poorly
gemma3,A,3,44_final.mp4,138,Poorly
gemma3,A,3,44_final.mp4,141,Poorly
gemma3,A,3,44_final.mp4,144,Poorly
gemma3,A,3,44_final.mp4,147,Poorly
gemma3,A,3,44_final.mp4,150,Poorly
gemma3,A,3,44_final.mp4,153,Poorly
gemma3,A,3,44_final.mp4,156,Poorly
gemma3,A,3,44_final.mp4,159,Poorly
gemma3,A,3,44_final.mp4,162,Poorly
gemma3,A,3,44_final.mp4,165,Poorly
gemma3,A,3,44_final.mp4,168,Poorly
gemma3,A,3,44_final.mp4,171,Poorly
gemma3,A,3,44_final.mp4,174,Poorly
gemma3,A,3,44_final.mp4,177,Poorly
gemma3,A,3,44_final.mp4,180,Poorly
gemma3,A,3,44_final.mp4,183,Poorly
gemma3,A,3,44_final.mp4,186,Poorly
gemma3,A,3,44_final.mp4,189,Poorly
gemma3,A,3,44_final.mp4,192,Poorly
gemma3,A,3,44_final.mp4,195,Poorly
gemma3,A,3,44_final.mp4,198,Poorly
gemma3,A,3,44_final.mp4,201,Poorly
gemma3,A,3,44_final.mp4,204,Poorly
gemma3,A,3,44_final.mp4,207,Poorly
gemma3,A,3,44_final.mp4,210,Poorly
gemma3,A,3,44_final.mp4,213,Poorly
gemma3,A,3,44_final.mp4,216,Poorly
gemma3,A,3,44_final.mp4,219,Poorly
gemma3,A,3,44_final.mp4,222,Poorly
gemma3,A,3,44_final.mp4,225,Poorly
gemma3,A,3,44_final.mp4,228,Poorly
gemma3,A,3,46_final.mp4,0,Poorly
gemma3,A,3,46_final.mp4,3,Poorly
gemma3,A,3,46_final.mp4,6,Poorly
gemma3,A,3,46_final.mp4,9,Poorly
gemma3,A,3,46_final.mp4,12,Poorly
gemma3,A,3,46_final.mp4,15,Poorly
gemma3,A,3,46_final.mp4,18,Poorly
gemma3,A,3,46_final.mp4,21,Poorly
gemma3,A,3,46_final.mp4,24,Poorly
gemma3,A,3,46_final.mp4,27,Poorly
gemma3,A,3,46_final.mp4,30,Poorly
gemma3,A,3,46_final.mp4,33,Poorly
gemma3,A,3,46_final.mp4,36,Well
gemma3,A,3,46_final.mp4,39,Poorly
gemma3,A,3,46_final.mp4,42,Poorly
gemma3,A,3,46_final.mp4,45,Poorly
gemma3,A,3,46_final.mp4,48,Poorly
gemma3,A,3,46_final.mp4,51,Poorly
gemma3,A,3,46_final.mp4,54,Well
gemma3,A,3,46_final.mp4,57,Poorly
gemma3,A,3,46_final.mp4,60,Poorly
gemma3,A,3,46_final.mp4,63,Poorly
gemma3,A,3,46_final.mp4,66,Poorly
gemma3,A,3,46_final.mp4,69,Poorly
gemma3,A,3,46_final.mp4,72,Poorly
gemma3,A,3,46_final.mp4,75,Well
gemma3,A,3,46_final.mp4,78,Poorly
gemma3,A,3,46_final.mp4,81,Poorly
gemma3,A,3,46_final.mp4,84,Poorly
gemma3,A,3,46_final.mp4,87,Poorly
gemma3,A,3,46_final.mp4,90,Poorly
gemma3,A,3,46_final.mp4,93,Poorly
gemma3,A,3,46_final.mp4,96,Poorly
gemma3,A,3,46_final.mp4,99,Poorly
gemma3,A,3,46_final.mp4,102,Poorly
gemma3,A,3,46_final.mp4,105,Poorly
gemma3,A,3,46_final.mp4,108,Poorly
gemma3,A,3,46_final.mp4,111,Poorly
gemma3,A,3,46_final.mp4,114,Poorly
gemma3,A,3,46_final.mp4,117,Poorly
gemma3,A,3,46_final.mp4,120,Poorly
gemma3,A,3,46_final.mp4,123,Poorly
gemma3,A,3,46_final.mp4,126,Poorly
gemma3,A,3,46_final.mp4,129,Poorly
gemma3,A,3,46_final.mp4,132,Poorly
gemma3,A,3,46_final.mp4,135,Poorly
gemma3,A,3,46_final.mp4,138,Poorly
gemma3,A,3,46_final.mp4,141,Poorly
gemma3,A,3,46_final.mp4,144,Poorly
gemma3,A,3,46_final.mp4,147,Poorly
gemma3,A,3,46_final.mp4,150,Poorly
gemma3,A,3,46_final.mp4,153,Poorly
gemma3,A,3,46_final.mp4,156,Poorly
gemma3,A,3,46_final.mp4,159,Poorly
gemma3,A,3,46_final.mp4,162,Poorly
gemma3,A,3,46_final.mp4,165,Poorly
gemma3,A,3,46_final.mp4,168,Poorly
gemma3,A,3,46_final.mp4,171,Poorly
gemma3,A,3,46_final.mp4,174,Poorly
gemma3,A,3,46_final.mp4,177,Poorly
gemma3,A,3,46_final.mp4,180,Poorly
gemma3,A,3,46_final.mp4,183,Poorly
gemma3,A,3,46_final.mp4,186,Poorly
gemma3,A,3,46_final.mp4,189,Poorly
gemma3,A,3,46_final.mp4,192,Poorly
gemma3,A,3,46_final.mp4,195,Poorly
gemma3,A,3,46_final.mp4,198,Poorly
gemma3,A,3,46_final.mp4,201,Poorly
gemma3,A,3,46_final.mp4,204,Poorly
gemma3,A,3,46_final.mp4,207,Poorly
gemma3,A,3,46_final.mp4,210,Poorly
gemma3,A,3,46_final.mp4,213,Poorly
gemma3,A,3,46_final.mp4,216,Poorly
gemma3,A,3,46_final.mp4,219,Poorly
gemma3,A,3,46_final.mp4,222,Poorly
gemma3,A,3,46_final.mp4,225,Poorly
gemma3,A,3,46_final.mp4,228,Poorly
gemma3,A,3,46_final.mp4,231,Poorly
gemma3,A,3,46_final.mp4,234,Poorly
gemma3,A,3,46_final.mp4,237,Poorly
gemma3,A,3,46_final.mp4,240,Poorly
gemma3,A,3,46_final.mp4,243,Poorly
gemma3,A,3,46_final.mp4,246,Poorly
gemma3,A,3,46_final.mp4,249,Poorly
gemma3,A,3,46_final.mp4,252,Poorly
gemma3,A,3,46_final.mp4,255,Poorly
gemma3,A,3,46_final.mp4,258,Poorly
gemma3,A,3,46_final.mp4,261,Poorly
gemma3,A,3,46_final.mp4,264,Poorly
gemma3,A,3,46_final.mp4,267,Poorly
gemma3,A,3,46_final.mp4,270,Poorly
gemma3,A,3,46_final.mp4,273,Poorly
gemma3,A,3,46_final.mp4,276,Poorly
gemma3,A,3,46_final.mp4,279,Poorly
gemma3,A,3,46_final.mp4,282,Poorly
gemma3,A,3,46_final.mp4,285,Poorly
gemma3,A,3,46_final.mp4,288,Poorly
gemma3,A,3,46_final.mp4,291,Poorly
gemma3,A,3,46_final.mp4,294,Poorly
gemma3,A,3,46_final.mp4,297,Poorly
gemma3,A,3,48_final.mp4,0,Poorly
gemma3,A,3,48_final.mp4,3,Poorly
gemma3,A,3,48_final.mp4,6,Poorly
gemma3,A,3,48_final.mp4,9,Poorly
gemma3,A,3,48_final.mp4,12,Poorly
gemma3,A,3,48_final.mp4,15,Poorly
gemma3,A,3,48_final.mp4,18,Poorly
gemma3,A,3,48_final.mp4,21,Poorly
gemma3,A,3,48_final.mp4,24,Poorly
gemma3,A,3,48_final.mp4,27,Poorly
gemma3,A,3,48_final.mp4,30,Poorly
gemma3,A,3,48_final.mp4,33,Poorly
gemma3,A,3,48_final.mp4,36,Poorly
gemma3,A,3,48_final.mp4,39,Poorly
gemma3,A,3,48_final.mp4,42,Poorly
gemma3,A,3,48_final.mp4,45,Poorly
gemma3,A,3,48_final.mp4,48,Poorly
gemma3,A,3,48_final.mp4,51,Poorly
gemma3,A,3,48_final.mp4,54,Poorly
gemma3,A,3,48_final.mp4,57,Poorly
gemma3,A,3,48_final.mp4,60,Poorly
gemma3,A,3,48_final.mp4,63,Poorly
gemma3,A,3,48_final.mp4,66,Poorly
gemma3,A,3,48_final.mp4,69,Poorly
gemma3,A,3,48_final.mp4,72,Poorly
gemma3,A,3,48_final.mp4,75,Poorly
gemma3,A,3,48_final.mp4,78,Poorly
gemma3,A,3,48_final.mp4,81,Poorly
gemma3,A,3,48_final.mp4,84,Poorly
gemma3,A,3,48_final.mp4,87,Poorly
gemma3,A,3,48_final.mp4,90,Poorly
gemma3,A,3,48_final.mp4,93,Poorly
gemma3,A,3,48_final.mp4,96,Poorly
gemma3,A,3,48_final.mp4,99,Poorly
gemma3,A,3,48_final.mp4,102,Poorly
gemma3,A,3,48_final.mp4,105,Poorly
gemma3,A,3,48_final.mp4,108,Poorly
gemma3,A,3,48_final.mp4,111,Poorly
gemma3,A,3,48_final.mp4,114,Poorly
gemma3,A,3,48_final.mp4,117,Poorly
gemma3,A,3,48_final.mp4,120,Poorly
gemma3,A,3,48_final.mp4,123,Poorly
gemma3,A,3,48_final.mp4,126,Poorly
gemma3,A,3,48_final.mp4,129,Poorly
gemma3,A,3,48_final.mp4,132,Poorly
gemma3,A,3,48_final.mp4,135,Poorly
gemma3,A,3,48_final.mp4,138,Poorly
gemma3,A,3,48_final.mp4,141,Poorly
gemma3,A,3,48_final.mp4,144,Poorly
gemma3,A,3,48_final.mp4,147,Poorly
gemma3,A,3,48_final.mp4,150,Poorly
gemma3,A,3,48_final.mp4,153,Poorly
gemma3,A,3,48_final.mp4,156,Poorly
gemma3,A,3,48_final.mp4,159,Poorly
gemma3,A,3,48_final.mp4,162,Poorly
gemma3,A,3,48_final.mp4,165,Poorly
gemma3,A,3,48_final.mp4,168,Poorly
gemma3,A,3,48_final.mp4,171,Poorly
gemma3,A,3,48_final.mp4,174,Poorly
gemma3,A,3,48_final.mp4,177,Poorly
gemma3,A,3,48_final.mp4,180,Poorly
gemma3,A,3,48_final.mp4,183,Poorly
gemma3,A,3,48_final.mp4,186,Poorly
gemma3,A,3,48_final.mp4,189,Poorly
gemma3,A,3,48_final.mp4,192,Poorly
gemma3,A,3,48_final.mp4,195,Poorly
gemma3,A,3,48_final.mp4,198,Poorly
gemma3,A,3,48_final.mp4,201,Poorly
gemma3,A,3,48_final.mp4,204,Poorly
gemma3,A,3,48_final.mp4,207,Poorly
gemma3,A,3,48_final.mp4,210,Poorly
gemma3,A,3,48_final.mp4,213,Poorly
gemma3,A,3,48_final.mp4,216,Poorly
gemma3,A,3,48_final.mp4,219,Poorly
gemma3,A,3,48_final.mp4,222,Poorly
gemma3,A,3,48_final.mp4,225,Poorly
gemma3,A,3,48_final.mp4,228,Poorly
gemma3,A,3,48_final.mp4,231,Poorly
gemma3,A,3,48_final.mp4,234,Poorly
gemma3,A,3,48_final.mp4,237,Poorly
gemma3,A,3,48_final.mp4,240,Poorly
gemma3,A,3,49_final.mp4,0,Poorly
gemma3,A,3,49_final.mp4,3,Poorly
gemma3,A,3,49_final.mp4,6,Poorly
gemma3,A,3,49_final.mp4,9,Poorly
gemma3,A,3,49_final.mp4,12,Poorly
gemma3,A,3,49_final.mp4,15,Poorly
gemma3,A,3,49_final.mp4,18,Poorly
gemma3,A,3,49_final.mp4,21,Poorly
gemma3,A,3,49_final.mp4,24,Poorly
gemma3,A,3,49_final.mp4,27,Poorly
gemma3,A,3,49_final.mp4,30,Poorly
gemma3,A,3,49_final.mp4,33,Poorly
gemma3,A,3,49_final.mp4,36,Poorly
gemma3,A,3,49_final.mp4,39,Poorly
gemma3,A,3,49_final.mp4,42,Poorly
gemma3,A,3,49_final.mp4,45,Poorly
gemma3,A,3,49_final.mp4,48,Poorly
gemma3,A,3,49_final.mp4,51,Poorly
gemma3,A,3,49_final.mp4,54,Poorly
gemma3,A,3,49_final.mp4,57,Poorly
gemma3,A,3,49_final.mp4,60,Poorly
gemma3,A,3,49_final.mp4,63,Poorly
gemma3,A,3,49_final.mp4,66,Poorly
gemma3,A,3,49_final.mp4,69,Poorly
gemma3,A,3,49_final.mp4,72,Poorly
gemma3,A,3,49_final.mp4,75,Poorly
gemma3,A,3,49_final.mp4,78,Poorly
gemma3,A,3,49_final.mp4,81,Poorly
gemma3,A,3,49_final.mp4,84,Poorly
gemma3,A,3,49_final.mp4,87,Poorly
gemma3,A,3,49_final.mp4,90,Poorly
gemma3,A,3,49_final.mp4,93,Poorly
gemma3,A,3,49_final.mp4,96,Poorly
gemma3,A,3,49_final.mp4,99,Poorly
gemma3,A,3,49_final.mp4,102,Poorly
gemma3,A,3,49_final.mp4,105,Poorly
gemma3,A,3,49_final.mp4,108,Poorly
gemma3,A,3,49_final.mp4,111,Poorly
gemma3,A,3,49_final.mp4,114,Poorly
gemma3,A,3,49_final.mp4,117,Poorly
gemma3,A,3,49_final.mp4,120,Poorly
gemma3,A,3,49_final.mp4,123,Poorly
gemma3,A,3,49_final.mp4,126,Poorly
gemma3,A,3,49_final.mp4,129,Poorly
gemma3,A,3,49_final.mp4,132,Poorly
gemma3,A,3,49_final.mp4,135,Poorly
gemma3,A,3,49_final.mp4,138,Poorly
gemma3,A,3,49_final.mp4,141,Poorly
gemma3,A,3,49_final.mp4,144,Poorly
gemma3,A,3,49_final.mp4,147,Poorly
gemma3,A,3,49_final.mp4,150,Poorly
gemma3,A,3,49_final.mp4,153,Poorly
gemma3,A,3,49_final.mp4,156,Poorly
gemma3,A,3,49_final.mp4,159,Poorly
gemma3,A,3,49_final.mp4,162,Poorly
gemma3,A,3,49_final.mp4,165,Poorly
gemma3,A,3,49_final.mp4,168,Poorly
gemma3,A,3,49_final.mp4,171,Poorly
gemma3,A,3,49_final.mp4,174,Poorly
gemma3,A,3,49_final.mp4,177,Poorly
gemma3,A,3,49_final.mp4,180,Poorly
gemma3,A,3,49_final.mp4,183,Poorly
gemma3,A,3,49_final.mp4,186,Poorly
gemma3,A,3,49_final.mp4,189,Poorly
gemma3,A,3,49_final.mp4,192,Poorly
gemma3,A,3,49_final.mp4,195,Poorly
gemma3,A,3,49_final.mp4,198,Poorly
gemma3,A,3,49_final.mp4,201,Poorly
gemma3,A,3,49_final.mp4,204,Poorly
gemma3,A,3,49_final.mp4,207,Poorly
gemma3,A,3,49_final.mp4,210,Poorly
gemma3,A,3,49_final.mp4,213,Poorly
gemma3,A,3,49_final.mp4,216,Poorly
gemma3,A,3,49_final.mp4,219,Poorly
gemma3,A,3,49_final.mp4,222,Poorly
gemma3,A,3,49_final.mp4,225,Poorly
gemma3,A,3,49_final.mp4,228,Poorly
gemma3,A,3,49_final.mp4,231,Poorly
gemma3,A,3,49_final.mp4,234,Poorly
gemma3,A,3,49_final.mp4,237,Poorly
gemma3,A,3,49_final.mp4,240,Poorly
gemma3,A,3,49_final.mp4,243,Poorly
gemma3,A,3,49_final.mp4,246,Poorly
gemma3,A,3,49_final.mp4,249,Poorly
gemma3,A,3,49_final.mp4,252,Poorly
gemma3,A,3,49_final.mp4,255,Poorly
gemma3,A,3,49_final.mp4,258,Poorly
gemma3,A,3,49_final.mp4,261,Poorly
gemma3,A,3,49_final.mp4,264,Poorly
gemma3,A,3,49_final.mp4,267,Poorly
gemma3,A,3,49_final.mp4,270,Poorly
gemma3,A,3,49_final.mp4,273,Poorly
gemma3,A,3,49_final.mp4,276,Poorly
gemma3,A,3,49_final.mp4,279,Poorly
gemma3,A,3,49_final.mp4,282,Poorly
gemma3,A,3,49_final.mp4,285,Poorly
gemma3,A,3,49_final.mp4,288,Poorly
gemma3,A,3,49_final.mp4,291,Poorly
gemma3,A,3,49_final.mp4,294,Poorly
gemma3,A,3,49_final.mp4,297,Poorly
gemma3,A,3,49_final.mp4,300,Poorly
gemma3,A,3,49_final.mp4,303,Poorly
gemma3,A,3,49_final.mp4,306,Poorly
gemma3,A,3,49_final.mp4,309,Poorly
gemma3,A,3,49_final.mp4,312,Poorly
gemma3,A,3,49_final.mp4,315,Poorly
gemma3,A,3,49_final.mp4,318,Poorly
gemma3,A,3,49_final.mp4,321,Poorly
gemma3,A,3,49_final.mp4,324,Poorly
gemma3,A,3,49_final.mp4,327,Poorly
gemma3,A,3,49_final.mp4,330,Poorly
gemma3,A,3,49_final.mp4,333,Poorly
gemma3,A,3,49_final.mp4,336,Poorly
gemma3,A,3,49_final.mp4,339,Poorly
gemma3,A,3,49_final.mp4,342,Poorly
gemma3,A,3,49_final.mp4,345,Poorly
gemma3,A,3,49_final.mp4,348,Poorly
gemma3,A,3,50_final.mp4,0,Poorly
gemma3,A,3,50_final.mp4,3,Poorly
gemma3,A,3,50_final.mp4,6,Poorly
gemma3,A,3,50_final.mp4,9,Poorly
gemma3,A,3,50_final.mp4,12,Poorly
gemma3,A,3,50_final.mp4,15,Poorly
gemma3,A,3,50_final.mp4,18,Poorly
gemma3,A,3,50_final.mp4,21,Poorly
gemma3,A,3,50_final.mp4,24,Poorly
gemma3,A,3,50_final.mp4,27,Poorly
gemma3,A,3,50_final.mp4,30,Poorly
gemma3,A,3,50_final.mp4,33,Poorly
gemma3,A,3,50_final.mp4,36,Poorly
gemma3,A,3,50_final.mp4,39,Poorly
gemma3,A,3,50_final.mp4,42,Poorly
gemma3,A,3,50_final.mp4,45,Poorly
gemma3,A,3,50_final.mp4,48,Poorly
gemma3,A,3,50_final.mp4,51,Poorly
gemma3,A,3,50_final.mp4,54,Poorly
gemma3,A,3,50_final.mp4,57,Poorly
gemma3,A,3,50_final.mp4,60,Poorly
gemma3,A,3,50_final.mp4,63,Poorly
gemma3,A,3,50_final.mp4,66,Poorly
gemma3,A,3,50_final.mp4,69,Poorly
gemma3,A,3,50_final.mp4,72,Poorly
gemma3,A,3,50_final.mp4,75,Poorly
gemma3,A,3,50_final.mp4,78,Poorly
gemma3,A,3,50_final.mp4,81,Poorly
gemma3,A,3,50_final.mp4,84,Poorly
gemma3,A,3,50_final.mp4,87,Poorly
gemma3,A,3,50_final.mp4,90,Poorly
gemma3,A,3,50_final.mp4,93,Poorly
gemma3,A,3,50_final.mp4,96,Poorly
gemma3,A,3,50_final.mp4,99,Poorly
gemma3,A,3,50_final.mp4,102,Poorly
gemma3,A,3,50_final.mp4,105,Poorly
gemma3,A,3,50_final.mp4,108,Poorly
gemma3,A,3,50_final.mp4,111,Poorly
gemma3,A,3,50_final.mp4,114,Poorly
gemma3,A,3,50_final.mp4,117,Poorly
gemma3,A,3,50_final.mp4,120,Poorly
gemma3,A,3,50_final.mp4,123,Poorly
gemma3,A,3,50_final.mp4,126,Poorly
gemma3,A,3,50_final.mp4,129,Poorly
gemma3,A,3,50_final.mp4,132,Poorly
gemma3,A,3,50_final.mp4,135,Poorly
gemma3,A,3,50_final.mp4,138,Poorly
gemma3,A,3,50_final.mp4,141,Poorly
gemma3,A,3,50_final.mp4,144,Poorly
gemma3,A,3,50_final.mp4,147,Poorly
gemma3,A,3,50_final.mp4,150,Poorly
gemma3,A,3,50_final.mp4,153,Poorly
gemma3,A,3,50_final.mp4,156,Poorly
gemma3,A,3,50_final.mp4,159,Poorly
gemma3,A,3,50_final.mp4,162,Poorly
gemma3,A,3,50_final.mp4,165,Poorly
gemma3,A,3,50_final.mp4,168,Poorly
gemma3,A,3,50_final.mp4,171,Poorly
gemma3,A,3,50_final.mp4,174,Poorly
gemma3,A,3,50_final.mp4,177,Poorly
gemma3,A,3,50_final.mp4,180,Poorly
gemma3,A,3,50_final.mp4,183,Poorly
gemma3,A,3,50_final.mp4,186,Poorly
gemma3,A,3,50_final.mp4,189,Poorly
gemma3,A,3,50_final.mp4,192,Poorly
gemma3,A,3,50_final.mp4,195,Poorly
gemma3,A,3,50_final.mp4,198,Poorly
gemma3,A,3,50_final.mp4,201,Poorly
gemma3,A,3,50_final.mp4,204,Poorly
gemma3,A,3,50_final.mp4,207,Poorly
gemma3,A,3,50_final.mp4,210,Poorly
gemma3,A,3,50_final.mp4,213,Poorly
gemma3,A,3,50_final.mp4,216,Poorly
gemma3,A,3,50_final.mp4,219,Poorly
gemma3,A,3,50_final.mp4,222,Poorly
gemma3,A,3,50_final.mp4,225,Poorly
gemma3,A,3,50_final.mp4,228,Poorly
gemma3,A,3,50_final.mp4,231,Poorly
gemma3,A,3,50_final.mp4,234,Poorly
gemma3,A,3,50_final.mp4,237,Poorly
gemma3,A,3,50_final.mp4,240,Poorly
gemma3,A,3,50_final.mp4,243,Poorly
gemma3,A,3,50_final.mp4,246,Poorly
gemma3,A,3,50_final.mp4,249,Poorly
gemma3,A,3,50_final.mp4,252,Poorly
gemma3,A,3,50_final.mp4,255,Poorly
gemma3,A,3,50_final.mp4,258,Poorly
gemma3,A,3,50_final.mp4,261,Poorly
gemma3,A,3,50_final.mp4,264,Poorly
gemma3,A,3,50_final.mp4,267,Poorly
gemma3,A,3,52_final.mp4,0,Poorly
gemma3,A,3,52_final.mp4,3,Poorly
gemma3,A,3,52_final.mp4,6,Poorly
gemma3,A,3,52_final.mp4,9,Poorly
gemma3,A,3,52_final.mp4,12,Poorly
gemma3,A,3,52_final.mp4,15,Poorly
gemma3,A,3,52_final.mp4,18,Poorly
gemma3,A,3,52_final.mp4,21,Poorly
gemma3,A,3,52_final.mp4,24,Poorly
gemma3,A,3,52_final.mp4,27,Poorly
gemma3,A,3,52_final.mp4,30,Poorly
gemma3,A,3,52_final.mp4,33,Poorly
gemma3,A,3,52_final.mp4,36,Poorly
gemma3,A,3,52_final.mp4,39,Poorly
gemma3,A,3,52_final.mp4,42,Poorly
gemma3,A,3,52_final.mp4,45,Poorly
gemma3,A,3,52_final.mp4,48,Poorly
gemma3,A,3,52_final.mp4,51,Poorly
gemma3,A,3,52_final.mp4,54,Poorly
gemma3,A,3,52_final.mp4,57,Poorly
gemma3,A,3,52_final.mp4,60,Poorly
gemma3,A,3,52_final.mp4,63,Poorly
gemma3,A,3,52_final.mp4,66,Poorly
gemma3,A,3,52_final.mp4,69,Poorly
gemma3,A,3,52_final.mp4,72,Poorly
gemma3,A,3,52_final.mp4,75,Poorly
gemma3,A,3,52_final.mp4,78,Poorly
gemma3,A,3,52_final.mp4,81,Poorly
gemma3,A,3,52_final.mp4,84,Poorly
gemma3,A,3,52_final.mp4,87,Poorly
gemma3,A,3,52_final.mp4,90,Poorly
gemma3,A,3,52_final.mp4,93,Poorly
gemma3,A,3,52_final.mp4,96,Poorly
gemma3,A,3,52_final.mp4,99,Poorly
gemma3,A,3,52_final.mp4,102,Poorly
gemma3,A,3,52_final.mp4,105,Poorly
gemma3,A,3,52_final.mp4,108,Poorly
gemma3,A,3,52_final.mp4,111,Poorly
gemma3,A,3,52_final.mp4,114,Poorly
gemma3,A,3,52_final.mp4,117,Poorly
gemma3,A,3,52_final.mp4,120,Poorly
gemma3,A,3,52_final.mp4,123,Poorly
gemma3,A,3,52_final.mp4,126,Poorly
gemma3,A,3,52_final.mp4,129,Poorly
gemma3,A,3,52_final.mp4,132,Poorly
gemma3,A,3,52_final.mp4,135,Poorly
gemma3,A,3,52_final.mp4,138,Poorly
gemma3,A,3,52_final.mp4,141,Poorly
gemma3,A,3,52_final.mp4,144,Poorly
gemma3,A,3,52_final.mp4,147,Poorly
gemma3,A,3,52_final.mp4,150,Poorly
gemma3,A,3,52_final.mp4,153,Poorly
gemma3,A,3,52_final.mp4,156,Poorly
gemma3,A,3,52_final.mp4,159,Poorly
gemma3,A,3,52_final.mp4,162,Poorly
gemma3,A,3,52_final.mp4,165,Poorly
gemma3,A,3,52_final.mp4,168,Poorly
gemma3,A,3,52_final.mp4,171,Poorly
gemma3,A,3,52_final.mp4,174,Poorly
gemma3,A,3,52_final.mp4,177,Poorly
gemma3,A,3,52_final.mp4,180,Poorly
gemma3,A,3,52_final.mp4,183,Poorly
gemma3,A,3,52_final.mp4,186,Poorly
gemma3,A,3,52_final.mp4,189,Poorly
gemma3,A,3,52_final.mp4,192,Poorly
gemma3,A,3,52_final.mp4,195,Poorly
gemma3,A,3,52_final.mp4,198,Poorly
gemma3,A,3,52_final.mp4,201,Poorly
gemma3,A,3,52_final.mp4,204,Poorly
gemma3,A,3,52_final.mp4,207,Poorly
gemma3,A,3,52_final.mp4,210,Poorly
gemma3,A,3,52_final.mp4,213,Poorly
gemma3,A,3,52_final.mp4,216,Poorly
gemma3,A,3,52_final.mp4,219,Poorly
gemma3,A,3,52_final.mp4,222,Poorly
gemma3,A,3,52_final.mp4,225,Poorly
gemma3,A,3,52_final.mp4,228,Poorly
gemma3,A,3,52_final.mp4,231,Poorly
gemma3,A,3,52_final.mp4,234,Poorly
gemma3,A,3,52_final.mp4,237,Poorly
gemma3,A,3,52_final.mp4,240,Poorly
gemma3,A,3,52_final.mp4,243,Poorly
gemma3,A,3,52_final.mp4,246,Poorly
gemma3,A,3,52_final.mp4,249,Poorly
gemma3,A,3,52_final.mp4,252,Poorly
gemma3,A,3,52_final.mp4,255,Poorly
gemma3,A,3,52_final.mp4,258,Poorly
gemma3,A,3,52_final.mp4,261,Poorly
gemma3,A,3,52_final.mp4,264,Poorly
gemma3,A,3,52_final.mp4,267,Poorly
gemma3,A,3,52_final.mp4,270,Poorly
gemma3,A,3,52_final.mp4,273,Poorly
gemma3,A,3,52_final.mp4,276,Poorly
gemma3,A,3,52_final.mp4,279,Poorly
gemma3,A,3,52_final.mp4,282,Poorly
gemma3,A,3,52_final.mp4,285,Poorly
gemma3,A,3,52_final.mp4,288,Poorly
gemma3,A,3,52_final.mp4,291,Poorly
gemma3,A,3,52_final.mp4,294,Poorly
gemma3,A,3,52_final.mp4,297,Poorly
gemma3,A,3,52_final.mp4,300,Poorly
gemma3,A,3,52_final.mp4,303,Poorly
gemma3,A,3,52_final.mp4,306,Poorly
gemma3,A,3,52_final.mp4,309,Poorly
gemma3,A,3,52_final.mp4,312,Poorly
gemma3,A,3,52_final.mp4,315,Poorly
gemma3,A,3,52_final.mp4,318,Poorly
gemma3,A,3,52_final.mp4,321,Poorly
gemma3,A,3,52_final.mp4,324,Poorly
gemma3,A,3,52_final.mp4,327,Poorly
gemma3,A,3,52_final.mp4,330,Poorly
gemma3,A,3,52_final.mp4,333,Poorly
gemma3,A,3,52_final.mp4,336,Poorly
gemma3,A,3,52_final.mp4,339,Poorly
gemma3,A,3,52_final.mp4,342,Poorly
gemma3,A,3,52_final.mp4,345,Poorly
gemma3,A,3,52_final.mp4,348,Poorly
gemma3,A,3,52_final.mp4,351,Poorly
gemma3,A,3,52_final.mp4,354,Poorly
gemma3,A,3,52_final.mp4,357,Poorly
gemma3,A,3,52_final.mp4,360,Poorly
gemma3,A,3,52_final.mp4,363,Poorly
gemma3,A,3,52_final.mp4,366,Poorly
gemma3,A,3,52_final.mp4,369,Poorly
gemma3,A,3,52_final.mp4,372,Poorly
gemma3,A,3,52_final.mp4,375,Poorly
gemma3,A,3,52_final.mp4,378,Poorly
gemma3,A,3,52_final.mp4,381,Poorly
gemma3,A,3,52_final.mp4,384,Poorly
gemma3,A,3,52_final.mp4,387,Poorly
gemma3,A,3,52_final.mp4,390,Poorly
gemma3,A,3,52_final.mp4,393,Poorly
gemma3,A,3,52_final.mp4,396,Poorly
gemma3,A,3,52_final.mp4,399,Poorly
gemma3,A,3,52_final.mp4,402,Poorly
gemma3,A,3,52_final.mp4,405,Poorly
gemma3,A,3,52_final.mp4,408,Poorly
gemma3,A,3,52_final.mp4,411,Poorly
gemma3,A,3,52_final.mp4,414,Poorly
gemma3,A,3,52_final.mp4,417,Poorly
gemma3,A,3,52_final.mp4,420,Poorly
gemma3,A,3,52_final.mp4,423,Poorly
gemma3,A,3,52_final.mp4,426,Poorly
gemma3,A,3,52_final.mp4,429,Poorly
gemma3,A,3,52_final.mp4,432,Poorly
gemma3,A,3,52_final.mp4,435,Poorly
gemma3,A,3,52_final.mp4,438,Poorly
gemma3,A,3,52_final.mp4,441,Poorly
gemma3,A,3,52_final.mp4,444,Poorly
gemma3,A,3,52_final.mp4,447,Poorly
gemma3,A,3,52_final.mp4,450,Poorly
gemma3,A,3,52_final.mp4,453,Poorly
gemma3,A,3,52_final.mp4,456,Poorly
gemma3,A,3,52_final.mp4,459,Poorly
gemma3,A,3,52_final.mp4,462,Poorly
gemma3,A,3,52_final.mp4,465,Poorly
gemma3,A,3,52_final.mp4,468,Poorly
gemma3,A,3,52_final.mp4,471,Poorly
gemma3,A,3,52_final.mp4,474,Poorly
gemma3,A,3,52_final.mp4,477,Poorly
gemma3,A,3,52_final.mp4,480,Poorly
gemma3,A,3,52_final.mp4,483,Poorly
gemma3,A,3,52_final.mp4,486,Poorly
gemma3,A,3,52_final.mp4,489,Poorly
gemma3,A,3,52_final.mp4,492,Poorly
gemma3,A,3,52_final.mp4,495,Poorly
gemma3,A,3,52_final.mp4,498,Poorly
gemma3,A,3,52_final.mp4,501,Poorly
gemma3,A,3,52_final.mp4,504,Poorly
gemma3,A,3,52_final.mp4,507,Poorly
gemma3,A,3,52_final.mp4,510,Poorly
gemma3,A,3,52_final.mp4,513,Poorly
gemma3,A,3,52_final.mp4,516,Poorly
gemma3,A,3,52_final.mp4,519,Poorly
gemma3,A,3,52_final.mp4,522,Poorly
gemma3,A,3,52_final.mp4,525,Poorly
gemma3,A,3,52_final.mp4,528,Poorly
gemma3,A,3,52_final.mp4,531,Poorly
gemma3,A,3,52_final.mp4,534,Poorly
gemma3,A,3,52_final.mp4,537,Poorly
gemma3,A,3,52_final.mp4,540,Poorly
gemma3,A,3,52_final.mp4,543,Poorly
gemma3,A,3,52_final.mp4,546,Poorly
gemma3,A,3,52_final.mp4,549,Poorly
gemma3,A,3,52_final.mp4,552,Poorly
gemma3,A,3,52_final.mp4,555,Poorly
gemma3,A,3,52_final.mp4,558,Poorly
gemma3,A,3,52_final.mp4,561,Poorly
gemma3,A,3,52_final.mp4,564,Poorly
gemma3,A,3,52_final.mp4,567,Poorly
gemma3,A,3,52_final.mp4,570,Poorly
gemma3,A,3,52_final.mp4,573,Poorly
gemma3,A,3,52_final.mp4,576,Poorly
gemma3,A,3,52_final.mp4,579,Poorly
gemma3,A,3,52_final.mp4,582,Poorly
gemma3,A,3,52_final.mp4,585,Poorly
gemma3,A,3,52_final.mp4,588,Poorly
gemma3,A,3,52_final.mp4,591,Poorly
gemma3,A,3,52_final.mp4,594,Poorly
gemma3,A,3,53_final.mp4,0,Poorly
gemma3,A,3,53_final.mp4,3,Poorly
gemma3,A,3,53_final.mp4,6,Poorly
gemma3,A,3,53_final.mp4,9,Poorly
gemma3,A,3,53_final.mp4,12,Poorly
gemma3,A,3,53_final.mp4,15,Poorly
gemma3,A,3,53_final.mp4,18,Poorly
gemma3,A,3,53_final.mp4,21,Poorly
gemma3,A,3,53_final.mp4,24,Poorly
gemma3,A,3,53_final.mp4,27,Poorly
gemma3,A,3,53_final.mp4,30,Poorly
gemma3,A,3,53_final.mp4,33,Poorly
gemma3,A,3,53_final.mp4,36,Poorly
gemma3,A,3,53_final.mp4,39,Poorly
gemma3,A,3,53_final.mp4,42,Poorly
gemma3,A,3,53_final.mp4,45,Poorly
gemma3,A,3,53_final.mp4,48,Poorly
gemma3,A,3,53_final.mp4,51,Poorly
gemma3,A,3,53_final.mp4,54,Poorly
gemma3,A,3,53_final.mp4,57,Poorly
gemma3,A,3,53_final.mp4,60,Poorly
gemma3,A,3,53_final.mp4,63,Poorly
gemma3,A,3,53_final.mp4,66,Poorly
gemma3,A,3,53_final.mp4,69,Poorly
gemma3,A,3,53_final.mp4,72,Poorly
gemma3,A,3,53_final.mp4,75,Poorly
gemma3,A,3,53_final.mp4,78,Poorly
gemma3,A,3,53_final.mp4,81,Poorly
gemma3,A,3,53_final.mp4,84,Poorly
gemma3,A,3,53_final.mp4,87,Poorly
gemma3,A,3,53_final.mp4,90,Poorly
gemma3,A,3,53_final.mp4,93,Poorly
gemma3,A,3,53_final.mp4,96,Poorly
gemma3,A,3,53_final.mp4,99,Poorly
gemma3,A,3,53_final.mp4,102,Poorly
gemma3,A,3,53_final.mp4,105,Poorly
gemma3,A,3,53_final.mp4,108,Poorly
gemma3,A,3,53_final.mp4,111,Poorly
gemma3,A,3,53_final.mp4,114,Poorly
gemma3,A,3,53_final.mp4,117,Poorly
gemma3,A,3,53_final.mp4,120,Poorly
gemma3,A,3,53_final.mp4,123,Poorly
gemma3,A,3,53_final.mp4,126,Poorly
gemma3,A,3,53_final.mp4,129,Poorly
gemma3,A,3,53_final.mp4,132,Poorly
gemma3,A,3,53_final.mp4,135,Poorly
gemma3,A,3,53_final.mp4,138,Poorly
gemma3,A,3,53_final.mp4,141,Poorly
gemma3,A,3,53_final.mp4,144,Poorly
gemma3,A,3,53_final.mp4,147,Poorly
gemma3,A,3,53_final.mp4,150,Poorly
gemma3,A,3,53_final.mp4,153,Poorly
gemma3,A,3,53_final.mp4,156,Poorly
gemma3,A,3,53_final.mp4,159,Poorly
gemma3,A,3,53_final.mp4,162,Poorly
gemma3,A,3,53_final.mp4,165,Poorly
gemma3,A,3,53_final.mp4,168,Poorly
gemma3,A,3,53_final.mp4,171,Poorly
gemma3,A,3,53_final.mp4,174,Poorly
gemma3,A,3,53_final.mp4,177,Poorly
gemma3,A,3,53_final.mp4,180,Poorly
gemma3,A,3,53_final.mp4,183,Poorly
gemma3,A,3,53_final.mp4,186,Poorly
gemma3,A,3,53_final.mp4,189,Poorly
gemma3,A,3,53_final.mp4,192,Poorly
gemma3,A,3,53_final.mp4,195,Poorly
gemma3,A,3,53_final.mp4,198,Poorly
gemma3,A,3,53_final.mp4,201,Poorly
gemma3,A,3,53_final.mp4,204,Poorly
gemma3,A,3,53_final.mp4,207,Poorly
gemma3,A,3,53_final.mp4,210,Poorly
gemma3,A,3,53_final.mp4,213,Poorly
gemma3,A,3,53_final.mp4,216,Poorly
gemma3,A,3,53_final.mp4,219,Poorly
gemma3,A,3,53_final.mp4,222,Poorly
gemma3,A,3,53_final.mp4,225,Poorly
gemma3,A,3,53_final.mp4,228,Poorly
gemma3,A,3,53_final.mp4,231,Poorly
gemma3,A,3,53_final.mp4,234,Poorly
gemma3,A,3,53_final.mp4,237,Poorly
gemma3,A,3,53_final.mp4,240,Poorly
gemma3,A,3,53_final.mp4,243,Poorly
gemma3,A,3,53_final.mp4,246,Poorly
gemma3,A,3,53_final.mp4,249,Poorly
gemma3,A,3,53_final.mp4,252,Poorly
gemma3,A,3,53_final.mp4,255,Poorly
gemma3,A,3,53_final.mp4,258,Poorly
gemma3,A,3,53_final.mp4,261,Poorly
gemma3,A,3,53_final.mp4,264,Poorly
gemma3,A,3,53_final.mp4,267,Poorly
gemma3,A,3,53_final.mp4,270,Poorly
gemma3,A,3,53_final.mp4,273,Poorly
gemma3,A,3,53_final.mp4,276,Poorly
gemma3,A,3,53_final.mp4,279,Poorly
gemma3,A,3,53_final.mp4,282,Poorly
gemma3,A,3,53_final.mp4,285,Poorly
gemma3,A,3,53_final.mp4,288,Poorly
gemma3,A,3,53_final.mp4,291,Poorly
gemma3,A,3,53_final.mp4,294,Poorly
gemma3,A,3,53_final.mp4,297,Poorly
gemma3,A,3,53_final.mp4,300,Poorly
gemma3,A,3,53_final.mp4,303,Poorly
gemma3,A,3,53_final.mp4,306,Poorly
gemma3,A,3,53_final.mp4,309,Poorly
gemma3,A,3,53_final.mp4,312,Poorly
gemma3,A,3,53_final.mp4,315,Poorly
gemma3,A,3,53_final.mp4,318,Poorly
gemma3,A,3,53_final.mp4,321,Poorly
gemma3,A,3,53_final.mp4,324,Poorly
gemma3,A,3,53_final.mp4,327,Poorly
gemma3,A,3,54_final.mp4,0,Poorly
gemma3,A,3,54_final.mp4,3,Poorly
gemma3,A,3,54_final.mp4,6,Poorly
gemma3,A,3,54_final.mp4,9,Poorly
gemma3,A,3,54_final.mp4,12,Poorly
gemma3,A,3,54_final.mp4,15,Poorly
gemma3,A,3,54_final.mp4,18,Poorly
gemma3,A,3,54_final.mp4,21,Poorly
gemma3,A,3,54_final.mp4,24,Poorly
gemma3,A,3,54_final.mp4,27,Poorly
gemma3,A,3,54_final.mp4,30,Poorly
gemma3,A,3,54_final.mp4,33,Poorly
gemma3,A,3,54_final.mp4,36,Poorly
gemma3,A,3,54_final.mp4,39,Poorly
gemma3,A,3,54_final.mp4,42,Poorly
gemma3,A,3,54_final.mp4,45,Poorly
gemma3,A,3,54_final.mp4,48,Poorly
gemma3,A,3,54_final.mp4,51,Poorly
gemma3,A,3,54_final.mp4,54,Poorly
gemma3,A,3,54_final.mp4,57,Poorly
gemma3,A,3,54_final.mp4,60,Poorly
gemma3,A,3,54_final.mp4,63,Poorly
gemma3,A,3,54_final.mp4,66,Poorly
gemma3,A,3,54_final.mp4,69,Poorly
gemma3,A,3,54_final.mp4,72,Poorly
gemma3,A,3,54_final.mp4,75,Poorly
gemma3,A,3,54_final.mp4,78,Poorly
gemma3,A,3,54_final.mp4,81,Poorly
gemma3,A,3,54_final.mp4,84,Poorly
gemma3,A,3,54_final.mp4,87,Poorly
gemma3,A,3,54_final.mp4,90,Poorly
gemma3,A,3,54_final.mp4,93,Poorly
gemma3,A,3,54_final.mp4,96,Poorly
gemma3,A,3,54_final.mp4,99,Poorly
gemma3,A,3,54_final.mp4,102,Poorly
gemma3,A,3,54_final.mp4,105,Poorly
gemma3,A,3,54_final.mp4,108,Poorly
gemma3,A,3,54_final.mp4,111,Poorly
gemma3,A,3,54_final.mp4,114,Poorly
gemma3,A,3,54_final.mp4,117,Poorly
gemma3,A,3,54_final.mp4,120,Poorly
gemma3,A,3,54_final.mp4,123,Poorly
gemma3,A,3,54_final.mp4,126,Poorly
gemma3,A,3,54_final.mp4,129,Poorly
gemma3,A,3,54_final.mp4,132,Poorly
gemma3,A,3,54_final.mp4,135,Poorly
gemma3,A,3,54_final.mp4,138,Poorly
gemma3,A,3,54_final.mp4,141,Poorly
gemma3,A,3,54_final.mp4,144,Poorly
gemma3,A,3,54_final.mp4,147,Poorly
gemma3,A,3,54_final.mp4,150,Poorly
gemma3,A,3,54_final.mp4,153,Poorly
gemma3,A,3,54_final.mp4,156,Poorly
gemma3,A,3,54_final.mp4,159,Poorly
gemma3,A,3,54_final.mp4,162,Poorly
gemma3,A,3,54_final.mp4,165,Poorly
gemma3,A,3,54_final.mp4,168,Poorly
gemma3,A,3,54_final.mp4,171,Poorly
gemma3,A,3,54_final.mp4,174,Poorly
gemma3,A,3,54_final.mp4,177,Poorly
gemma3,A,3,54_final.mp4,180,Poorly
gemma3,A,3,54_final.mp4,183,Poorly
gemma3,A,3,54_final.mp4,186,Poorly
gemma3,A,3,54_final.mp4,189,Poorly
gemma3,A,3,54_final.mp4,192,Poorly
gemma3,A,3,54_final.mp4,195,Poorly
gemma3,A,3,54_final.mp4,198,Poorly
gemma3,A,3,54_final.mp4,201,Poorly
gemma3,A,3,54_final.mp4,204,Poorly
gemma3,A,3,54_final.mp4,207,Poorly
gemma3,A,3,54_final.mp4,210,Poorly
gemma3,A,3,54_final.mp4,213,Poorly
gemma3,A,3,54_final.mp4,216,Poorly
gemma3,A,3,54_final.mp4,219,Poorly
gemma3,A,3,54_final.mp4,222,Poorly
gemma3,A,3,54_final.mp4,225,Poorly
gemma3,A,3,54_final.mp4,228,Poorly
gemma3,A,3,54_final.mp4,231,Poorly
gemma3,A,3,54_final.mp4,234,Poorly
gemma3,A,3,54_final.mp4,237,Poorly
gemma3,A,3,54_final.mp4,240,Poorly
gemma3,A,3,54_final.mp4,243,Poorly
gemma3,A,3,54_final.mp4,246,Poorly
gemma3,A,3,54_final.mp4,249,Poorly
gemma3,A,3,54_final.mp4,252,Poorly
gemma3,A,3,54_final.mp4,255,Poorly
gemma3,A,3,54_final.mp4,258,Poorly
gemma3,A,3,55_final.mp4,0,Poorly
gemma3,A,3,55_final.mp4,3,Poorly
gemma3,A,3,55_final.mp4,6,Poorly
gemma3,A,3,55_final.mp4,9,Poorly
gemma3,A,3,55_final.mp4,12,Poorly
gemma3,A,3,55_final.mp4,15,Poorly
gemma3,A,3,55_final.mp4,18,Poorly
gemma3,A,3,55_final.mp4,21,Poorly
gemma3,A,3,55_final.mp4,24,Poorly
gemma3,A,3,55_final.mp4,27,Poorly
gemma3,A,3,55_final.mp4,30,Poorly
gemma3,A,3,55_final.mp4,33,Poorly
gemma3,A,3,55_final.mp4,36,Poorly
gemma3,A,3,55_final.mp4,39,Poorly
gemma3,A,3,55_final.mp4,42,Poorly
gemma3,A,3,55_final.mp4,45,Poorly
gemma3,A,3,55_final.mp4,48,Poorly
gemma3,A,3,55_final.mp4,51,Poorly
gemma3,A,3,55_final.mp4,54,Poorly
gemma3,A,3,55_final.mp4,57,Poorly
gemma3,A,3,55_final.mp4,60,Poorly
gemma3,A,3,55_final.mp4,63,Poorly
gemma3,A,3,55_final.mp4,66,Poorly
gemma3,A,3,55_final.mp4,69,Poorly
gemma3,A,3,55_final.mp4,72,Poorly
gemma3,A,3,55_final.mp4,75,Poorly
gemma3,A,3,55_final.mp4,78,Poorly
gemma3,A,3,55_final.mp4,81,Poorly
gemma3,A,3,55_final.mp4,84,Poorly
gemma3,A,3,55_final.mp4,87,Poorly
gemma3,A,3,55_final.mp4,90,Poorly
gemma3,A,3,55_final.mp4,93,Poorly
gemma3,A,3,55_final.mp4,96,Poorly
gemma3,A,3,55_final.mp4,99,Poorly
gemma3,A,3,55_final.mp4,102,Poorly
gemma3,A,3,55_final.mp4,105,Poorly
gemma3,A,3,55_final.mp4,108,Poorly
gemma3,A,3,55_final.mp4,111,Poorly
gemma3,A,3,55_final.mp4,114,Poorly
gemma3,A,3,55_final.mp4,117,Poorly
gemma3,A,3,55_final.mp4,120,Poorly
gemma3,A,3,55_final.mp4,123,Poorly
gemma3,A,3,55_final.mp4,126,Poorly
gemma3,A,3,55_final.mp4,129,Poorly
gemma3,A,3,55_final.mp4,132,Poorly
gemma3,A,3,55_final.mp4,135,Poorly
gemma3,A,3,55_final.mp4,138,Poorly
gemma3,A,3,55_final.mp4,141,Poorly
gemma3,A,3,55_final.mp4,144,Poorly
gemma3,A,3,55_final.mp4,147,Poorly
gemma3,A,3,55_final.mp4,150,Poorly
gemma3,A,3,55_final.mp4,153,Poorly
gemma3,A,3,55_final.mp4,156,Poorly
gemma3,A,3,55_final.mp4,159,Poorly
gemma3,A,3,55_final.mp4,162,Poorly
gemma3,A,3,55_final.mp4,165,Poorly
gemma3,A,3,55_final.mp4,168,Poorly
gemma3,A,3,55_final.mp4,171,Poorly
gemma3,A,3,55_final.mp4,174,Poorly
gemma3,A,3,55_final.mp4,177,Poorly
gemma3,A,3,55_final.mp4,180,Poorly
gemma3,A,3,55_final.mp4,183,Poorly
gemma3,A,3,55_final.mp4,186,Poorly
gemma3,A,3,55_final.mp4,189,Poorly
gemma3,A,3,55_final.mp4,192,Poorly
gemma3,A,3,55_final.mp4,195,Poorly
gemma3,A,3,55_final.mp4,198,Poorly
gemma3,A,3,55_final.mp4,201,Poorly
gemma3,A,3,55_final.mp4,204,Poorly
gemma3,A,3,55_final.mp4,207,Poorly
gemma3,A,3,55_final.mp4,210,Poorly
gemma3,A,3,55_final.mp4,213,Poorly
gemma3,A,3,55_final.mp4,216,Poorly
gemma3,A,3,55_final.mp4,219,Poorly
gemma3,A,3,55_final.mp4,222,Poorly
gemma3,A,3,55_final.mp4,225,Poorly
gemma3,A,3,55_final.mp4,228,Poorly
gemma3,A,3,55_final.mp4,231,Poorly
gemma3,A,3,55_final.mp4,234,Poorly
gemma3,A,3,55_final.mp4,237,Poorly
gemma3,A,3,55_final.mp4,240,Poorly
gemma3,A,3,55_final.mp4,243,Poorly
gemma3,A,3,55_final.mp4,246,Poorly
gemma3,A,3,55_final.mp4,249,Poorly
gemma3,A,3,55_final.mp4,252,Poorly
gemma3,A,3,55_final.mp4,255,Poorly
gemma3,A,3,55_final.mp4,258,Poorly
gemma3,A,3,55_final.mp4,261,Poorly
gemma3,A,3,55_final.mp4,264,Poorly
gemma3,A,3,55_final.mp4,267,Poorly
gemma3,A,3,57_final.mp4,0,Poorly
gemma3,A,3,57_final.mp4,3,Poorly
gemma3,A,3,57_final.mp4,6,Poorly
gemma3,A,3,57_final.mp4,9,Poorly
gemma3,A,3,57_final.mp4,12,Poorly
gemma3,A,3,57_final.mp4,15,Poorly
gemma3,A,3,57_final.mp4,18,Poorly
gemma3,A,3,57_final.mp4,21,Poorly
gemma3,A,3,57_final.mp4,24,Poorly
gemma3,A,3,57_final.mp4,27,Poorly
gemma3,A,3,57_final.mp4,30,Poorly
gemma3,A,3,57_final.mp4,33,Poorly
gemma3,A,3,57_final.mp4,36,Poorly
gemma3,A,3,57_final.mp4,39,Poorly
gemma3,A,3,57_final.mp4,42,Poorly
gemma3,A,3,57_final.mp4,45,Poorly
gemma3,A,3,57_final.mp4,48,Poorly
gemma3,A,3,57_final.mp4,51,Poorly
gemma3,A,3,57_final.mp4,54,Poorly
gemma3,A,3,57_final.mp4,57,Poorly
gemma3,A,3,57_final.mp4,60,Poorly
gemma3,A,3,57_final.mp4,63,Poorly
gemma3,A,3,57_final.mp4,66,Poorly
gemma3,A,3,57_final.mp4,69,Poorly
gemma3,A,3,57_final.mp4,72,Poorly
gemma3,A,3,57_final.mp4,75,Poorly
gemma3,A,3,57_final.mp4,78,Poorly
gemma3,A,3,57_final.mp4,81,Poorly
gemma3,A,3,57_final.mp4,84,Poorly
gemma3,A,3,57_final.mp4,87,Poorly
gemma3,A,3,57_final.mp4,90,Poorly
gemma3,A,3,57_final.mp4,93,Poorly
gemma3,A,3,57_final.mp4,96,Poorly
gemma3,A,3,57_final.mp4,99,Poorly
gemma3,A,3,57_final.mp4,102,Poorly
gemma3,A,3,57_final.mp4,105,Poorly
gemma3,A,3,57_final.mp4,108,Poorly
gemma3,A,3,57_final.mp4,111,Poorly
gemma3,A,3,57_final.mp4,114,Poorly
gemma3,A,3,57_final.mp4,117,Poorly
gemma3,A,3,57_final.mp4,120,Poorly
gemma3,A,3,57_final.mp4,123,Poorly
gemma3,A,3,57_final.mp4,126,Poorly
gemma3,A,3,57_final.mp4,129,Poorly
gemma3,A,3,57_final.mp4,132,Poorly
gemma3,A,3,57_final.mp4,135,Poorly
gemma3,A,3,57_final.mp4,138,Poorly
gemma3,A,3,57_final.mp4,141,Poorly
gemma3,A,3,57_final.mp4,144,Poorly
gemma3,A,3,57_final.mp4,147,Poorly
gemma3,A,3,57_final.mp4,150,Poorly
gemma3,A,3,57_final.mp4,153,Poorly
gemma3,A,3,57_final.mp4,156,Poorly
gemma3,A,3,57_final.mp4,159,Poorly
gemma3,A,3,57_final.mp4,162,Poorly
gemma3,A,3,57_final.mp4,165,Poorly
gemma3,A,3,57_final.mp4,168,Poorly
gemma3,A,3,57_final.mp4,171,Poorly
gemma3,A,3,57_final.mp4,174,Poorly
gemma3,A,3,57_final.mp4,177,Poorly
gemma3,A,3,57_final.mp4,180,Poorly
gemma3,A,3,57_final.mp4,183,Poorly
gemma3,A,3,57_final.mp4,186,Poorly
gemma3,A,3,57_final.mp4,189,Poorly
gemma3,A,3,57_final.mp4,192,Poorly
gemma3,A,3,57_final.mp4,195,Poorly
gemma3,A,3,57_final.mp4,198,Poorly
gemma3,A,3,57_final.mp4,201,Poorly
gemma3,A,3,57_final.mp4,204,Poorly
gemma3,A,3,57_final.mp4,207,Poorly
gemma3,A,3,57_final.mp4,210,Poorly
gemma3,A,3,57_final.mp4,213,Poorly
gemma3,A,3,57_final.mp4,216,Poorly
gemma3,A,3,57_final.mp4,219,Poorly
gemma3,A,3,57_final.mp4,222,Poorly
gemma3,A,3,57_final.mp4,225,Poorly
gemma3,A,3,57_final.mp4,228,Poorly
gemma3,A,3,57_final.mp4,231,Poorly
gemma3,A,3,57_final.mp4,234,Poorly
gemma3,A,3,57_final.mp4,237,Poorly
gemma3,A,3,57_final.mp4,240,Poorly
gemma3,A,3,57_final.mp4,243,Poorly
gemma3,A,3,57_final.mp4,246,Poorly
gemma3,A,3,57_final.mp4,249,Poorly
gemma3,A,3,57_final.mp4,252,Poorly
gemma3,A,3,57_final.mp4,255,Poorly
gemma3,A,3,57_final.mp4,258,Poorly
gemma3,A,3,57_final.mp4,261,Poorly
gemma3,A,3,57_final.mp4,264,Poorly
gemma3,A,3,57_final.mp4,267,Poorly
gemma3,A,3,57_final.mp4,270,Poorly
gemma3,A,3,57_final.mp4,273,Poorly
gemma3,A,3,59_final.mp4,0,Poorly
gemma3,A,3,59_final.mp4,3,Poorly
gemma3,A,3,59_final.mp4,6,Poorly
gemma3,A,3,59_final.mp4,9,Poorly
gemma3,A,3,59_final.mp4,12,Poorly
gemma3,A,3,59_final.mp4,15,Poorly
gemma3,A,3,59_final.mp4,18,Poorly
gemma3,A,3,59_final.mp4,21,Poorly
gemma3,A,3,59_final.mp4,24,Poorly
gemma3,A,3,59_final.mp4,27,Poorly
gemma3,A,3,59_final.mp4,30,Poorly
gemma3,A,3,59_final.mp4,33,Poorly
gemma3,A,3,59_final.mp4,36,Poorly
gemma3,A,3,59_final.mp4,39,Poorly
gemma3,A,3,59_final.mp4,42,Well
gemma3,A,3,59_final.mp4,45,Poorly
gemma3,A,3,59_final.mp4,48,Well
gemma3,A,3,59_final.mp4,51,Well
gemma3,A,3,59_final.mp4,54,Well
gemma3,A,3,59_final.mp4,57,Poorly
gemma3,A,3,59_final.mp4,60,Well
gemma3,A,3,59_final.mp4,63,Well
gemma3,A,3,59_final.mp4,66,Well
gemma3,A,3,59_final.mp4,69,Poorly
gemma3,A,3,59_final.mp4,72,Poorly
gemma3,A,3,59_final.mp4,75,Poorly
gemma3,A,3,59_final.mp4,78,Poorly
gemma3,A,3,59_final.mp4,81,Poorly
gemma3,A,3,59_final.mp4,84,Poorly
gemma3,A,3,59_final.mp4,87,Poorly
gemma3,A,3,59_final.mp4,90,Poorly
gemma3,A,3,59_final.mp4,93,Poorly
gemma3,A,3,59_final.mp4,96,Poorly
gemma3,A,3,59_final.mp4,99,Poorly
gemma3,A,3,59_final.mp4,102,Poorly
gemma3,A,3,59_final.mp4,105,Poorly
gemma3,A,3,59_final.mp4,108,Poorly
gemma3,A,3,59_final.mp4,111,Poorly
gemma3,A,3,59_final.mp4,114,Poorly
gemma3,A,3,59_final.mp4,117,Poorly
gemma3,A,3,59_final.mp4,120,Poorly
gemma3,A,3,59_final.mp4,123,Poorly
gemma3,A,3,59_final.mp4,126,Poorly
gemma3,A,3,59_final.mp4,129,Poorly
gemma3,A,3,59_final.mp4,132,Well
gemma3,A,3,59_final.mp4,135,Well
gemma3,A,3,59_final.mp4,138,Poorly
gemma3,A,3,59_final.mp4,141,Poorly
gemma3,A,3,59_final.mp4,144,Poorly
gemma3,A,3,59_final.mp4,147,Poorly
gemma3,A,3,59_final.mp4,150,Poorly
gemma3,A,3,59_final.mp4,153,Poorly
gemma3,A,3,59_final.mp4,156,Poorly
gemma3,A,3,59_final.mp4,159,Poorly
gemma3,A,3,59_final.mp4,162,Poorly
gemma3,A,3,59_final.mp4,165,Poorly
gemma3,A,3,59_final.mp4,168,Poorly
gemma3,A,3,59_final.mp4,171,Poorly
gemma3,A,3,59_final.mp4,174,Poorly
gemma3,A,3,59_final.mp4,177,Poorly
gemma3,A,3,59_final.mp4,180,Poorly
gemma3,A,3,59_final.mp4,183,Poorly
gemma3,A,3,59_final.mp4,186,Well
gemma3,A,3,59_final.mp4,189,Poorly
gemma3,A,3,59_final.mp4,192,Well
gemma3,A,3,59_final.mp4,195,Poorly
gemma3,A,3,59_final.mp4,198,Poorly
gemma3,A,3,59_final.mp4,201,Well
gemma3,A,3,59_final.mp4,204,Poorly
gemma3,A,3,59_final.mp4,207,Well
gemma3,A,3,59_final.mp4,210,Well
gemma3,A,3,59_final.mp4,213,Well
gemma3,A,3,59_final.mp4,216,Well
gemma3,A,3,59_final.mp4,219,Poorly
gemma3,A,3,59_final.mp4,222,Well
gemma3,A,3,59_final.mp4,225,Well
gemma3,A,3,59_final.mp4,228,Well
gemma3,A,3,59_final.mp4,231,Well
gemma3,A,3,59_final.mp4,234,Poorly
gemma3,A,3,59_final.mp4,237,Poorly
gemma3,A,3,59_final.mp4,240,Poorly
gemma3,A,3,59_final.mp4,243,Well
gemma3,A,3,59_final.mp4,246,Well
gemma3,A,3,59_final.mp4,249,Well
gemma3,A,3,59_final.mp4,252,Well
gemma3,A,3,59_final.mp4,255,Well
gemma3,A,3,59_final.mp4,258,Well
gemma3,A,3,59_final.mp4,261,Well
gemma3,A,3,59_final.mp4,264,Well
gemma3,A,3,59_final.mp4,267,Well
gemma3,A,3,60_final.mp4,0,Poorly
gemma3,A,3,60_final.mp4,3,Poorly
gemma3,A,3,60_final.mp4,6,Poorly
gemma3,A,3,60_final.mp4,9,Poorly
gemma3,A,3,60_final.mp4,12,Well
gemma3,A,3,60_final.mp4,15,Poorly
gemma3,A,3,60_final.mp4,18,Poorly
gemma3,A,3,60_final.mp4,21,Poorly
gemma3,A,3,60_final.mp4,24,Poorly
gemma3,A,3,60_final.mp4,27,Poorly
gemma3,A,3,60_final.mp4,30,Poorly
gemma3,A,3,60_final.mp4,33,Poorly
gemma3,A,3,60_final.mp4,36,Poorly
gemma3,A,3,60_final.mp4,39,Poorly
gemma3,A,3,60_final.mp4,42,Poorly
gemma3,A,3,60_final.mp4,45,Poorly
gemma3,A,3,60_final.mp4,48,Poorly
gemma3,A,3,60_final.mp4,51,Poorly
gemma3,A,3,60_final.mp4,54,Poorly
gemma3,A,3,60_final.mp4,57,Poorly
gemma3,A,3,60_final.mp4,60,Poorly
gemma3,A,3,60_final.mp4,63,Poorly
gemma3,A,3,60_final.mp4,66,Poorly
gemma3,A,3,60_final.mp4,69,Poorly
gemma3,A,3,60_final.mp4,72,Poorly
gemma3,A,3,60_final.mp4,75,Poorly
gemma3,A,3,60_final.mp4,78,Poorly
gemma3,A,3,60_final.mp4,81,Poorly
gemma3,A,3,60_final.mp4,84,Poorly
gemma3,A,3,60_final.mp4,87,Poorly
gemma3,A,3,60_final.mp4,90,Poorly
gemma3,A,3,60_final.mp4,93,Poorly
gemma3,A,3,60_final.mp4,96,Poorly
gemma3,A,3,60_final.mp4,99,Poorly
gemma3,A,3,60_final.mp4,102,Poorly
gemma3,A,3,60_final.mp4,105,Poorly
gemma3,A,3,60_final.mp4,108,Poorly
gemma3,A,3,60_final.mp4,111,Poorly
gemma3,A,3,60_final.mp4,114,Poorly
gemma3,A,3,60_final.mp4,117,Poorly
gemma3,A,3,60_final.mp4,120,Poorly
gemma3,A,3,60_final.mp4,123,Poorly
gemma3,A,3,60_final.mp4,126,Poorly
gemma3,A,3,60_final.mp4,129,Poorly
gemma3,A,3,60_final.mp4,132,Poorly
gemma3,A,3,60_final.mp4,135,Poorly
gemma3,A,3,60_final.mp4,138,Poorly
gemma3,A,3,60_final.mp4,141,Poorly
gemma3,A,3,60_final.mp4,144,Poorly
gemma3,A,3,60_final.mp4,147,Poorly
gemma3,A,3,60_final.mp4,150,Poorly
gemma3,A,3,60_final.mp4,153,Poorly
gemma3,A,3,60_final.mp4,156,Poorly
gemma3,A,3,60_final.mp4,159,Poorly
gemma3,A,3,60_final.mp4,162,Poorly
gemma3,A,3,60_final.mp4,165,Poorly
gemma3,A,3,60_final.mp4,168,Poorly
gemma3,A,3,60_final.mp4,171,Poorly
gemma3,A,3,60_final.mp4,174,Poorly
gemma3,A,3,60_final.mp4,177,Poorly
gemma3,A,3,60_final.mp4,180,Poorly
gemma3,A,3,60_final.mp4,183,Poorly
gemma3,A,3,60_final.mp4,186,Poorly
gemma3,A,3,60_final.mp4,189,Poorly
gemma3,A,3,60_final.mp4,192,Poorly
gemma3,A,3,60_final.mp4,195,Poorly
gemma3,A,3,60_final.mp4,198,Poorly
gemma3,A,3,60_final.mp4,201,Poorly
gemma3,A,3,60_final.mp4,204,Poorly
gemma3,A,3,60_final.mp4,207,Poorly
gemma3,A,3,60_final.mp4,210,Poorly
gemma3,A,3,60_final.mp4,213,Poorly
gemma3,A,3,60_final.mp4,216,Poorly
gemma3,A,3,60_final.mp4,219,Poorly
gemma3,A,3,60_final.mp4,222,Poorly
gemma3,A,3,60_final.mp4,225,Poorly
gemma3,A,3,60_final.mp4,228,Poorly
gemma3,A,3,60_final.mp4,231,Poorly
gemma3,A,3,60_final.mp4,234,Poorly
gemma3,A,3,60_final.mp4,237,Poorly
gemma3,A,3,60_final.mp4,240,Poorly
gemma3,A,3,60_final.mp4,243,Poorly
gemma3,A,3,60_final.mp4,246,Poorly
gemma3,A,3,60_final.mp4,249,Poorly
gemma3,A,3,60_final.mp4,252,Poorly
gemma3,A,3,60_final.mp4,255,Poorly
gemma3,A,3,60_final.mp4,258,Poorly
gemma3,A,3,60_final.mp4,261,Poorly
gemma3,A,3,60_final.mp4,264,Poorly
gemma3,A,3,60_final.mp4,267,Poorly
gemma3,A,3,6_final.mp4,0,Poorly
gemma3,A,3,6_final.mp4,3,Poorly
gemma3,A,3,6_final.mp4,6,Poorly
gemma3,A,3,6_final.mp4,9,Poorly
gemma3,A,3,6_final.mp4,12,Poorly
gemma3,A,3,6_final.mp4,15,Poorly
gemma3,A,3,6_final.mp4,18,Poorly
gemma3,A,3,6_final.mp4,21,Poorly
gemma3,A,3,6_final.mp4,24,Poorly
gemma3,A,3,6_final.mp4,27,Poorly
gemma3,A,3,6_final.mp4,30,Poorly
gemma3,A,3,6_final.mp4,33,Poorly
gemma3,A,3,6_final.mp4,36,Poorly
gemma3,A,3,6_final.mp4,39,Poorly
gemma3,A,3,6_final.mp4,42,Poorly
gemma3,A,3,6_final.mp4,45,Poorly
gemma3,A,3,6_final.mp4,48,Poorly
gemma3,A,3,6_final.mp4,51,Poorly
gemma3,A,3,6_final.mp4,54,Poorly
gemma3,A,3,6_final.mp4,57,Poorly
gemma3,A,3,6_final.mp4,60,Poorly
gemma3,A,3,6_final.mp4,63,Poorly
gemma3,A,3,6_final.mp4,66,Poorly
gemma3,A,3,6_final.mp4,69,Poorly
gemma3,A,3,6_final.mp4,72,Poorly
gemma3,A,3,6_final.mp4,75,Poorly
gemma3,A,3,6_final.mp4,78,Poorly
gemma3,A,3,6_final.mp4,81,Poorly
gemma3,A,3,6_final.mp4,84,Poorly
gemma3,A,3,6_final.mp4,87,Poorly
gemma3,A,3,6_final.mp4,90,Poorly
gemma3,A,3,6_final.mp4,93,Poorly
gemma3,A,3,6_final.mp4,96,Poorly
gemma3,A,3,6_final.mp4,99,Poorly
gemma3,A,3,6_final.mp4,102,Poorly
gemma3,A,3,6_final.mp4,105,Poorly
gemma3,A,3,6_final.mp4,108,Poorly
gemma3,A,3,6_final.mp4,111,Poorly
gemma3,A,3,6_final.mp4,114,Poorly
gemma3,A,3,6_final.mp4,117,Poorly
gemma3,A,3,6_final.mp4,120,Poorly
gemma3,A,3,6_final.mp4,123,Poorly
gemma3,A,3,6_final.mp4,126,Poorly
gemma3,A,3,6_final.mp4,129,Poorly
gemma3,A,3,6_final.mp4,132,Poorly
gemma3,A,3,6_final.mp4,135,Poorly
gemma3,A,3,6_final.mp4,138,Poorly
gemma3,A,3,6_final.mp4,141,Poorly
gemma3,A,3,6_final.mp4,144,Poorly
gemma3,A,3,6_final.mp4,147,Poorly
gemma3,A,3,6_final.mp4,150,Poorly
gemma3,A,3,6_final.mp4,153,Poorly
gemma3,A,3,6_final.mp4,156,Poorly
gemma3,A,3,6_final.mp4,159,Poorly
gemma3,A,3,6_final.mp4,162,Poorly
gemma3,A,3,6_final.mp4,165,Poorly
gemma3,A,3,6_final.mp4,168,Poorly
gemma3,A,3,6_final.mp4,171,Poorly
gemma3,A,3,6_final.mp4,174,Poorly
gemma3,A,3,6_final.mp4,177,Poorly
gemma3,A,3,6_final.mp4,180,Poorly
gemma3,A,3,6_final.mp4,183,Poorly
gemma3,A,3,7_final.mp4,0,Poorly
gemma3,A,3,7_final.mp4,3,Poorly
gemma3,A,3,7_final.mp4,6,Poorly
gemma3,A,3,7_final.mp4,9,Poorly
gemma3,A,3,7_final.mp4,12,Poorly
gemma3,A,3,7_final.mp4,15,Poorly
gemma3,A,3,7_final.mp4,18,Poorly
gemma3,A,3,7_final.mp4,21,Poorly
gemma3,A,3,7_final.mp4,24,Poorly
gemma3,A,3,7_final.mp4,27,Poorly
gemma3,A,3,7_final.mp4,30,Poorly
gemma3,A,3,7_final.mp4,33,Poorly
gemma3,A,3,7_final.mp4,36,Poorly
gemma3,A,3,7_final.mp4,39,Poorly
gemma3,A,3,7_final.mp4,42,Poorly
gemma3,A,3,7_final.mp4,45,Poorly
gemma3,A,3,7_final.mp4,48,Poorly
gemma3,A,3,7_final.mp4,51,Poorly
gemma3,A,3,7_final.mp4,54,Poorly
gemma3,A,3,7_final.mp4,57,Poorly
gemma3,A,3,7_final.mp4,60,Poorly
gemma3,A,3,7_final.mp4,63,Poorly
gemma3,A,3,7_final.mp4,66,Poorly
gemma3,A,3,7_final.mp4,69,Poorly
gemma3,A,3,7_final.mp4,72,Poorly
gemma3,A,3,7_final.mp4,75,Poorly
gemma3,A,3,7_final.mp4,78,Poorly
gemma3,A,3,7_final.mp4,81,Poorly
gemma3,A,3,7_final.mp4,84,Poorly
gemma3,A,3,7_final.mp4,87,Poorly
gemma3,A,3,7_final.mp4,90,Poorly
gemma3,A,3,7_final.mp4,93,Poorly
gemma3,A,3,7_final.mp4,96,Poorly
gemma3,A,3,7_final.mp4,99,Poorly
gemma3,A,3,7_final.mp4,102,Poorly
gemma3,A,3,7_final.mp4,105,Poorly
gemma3,A,3,7_final.mp4,108,Poorly
gemma3,A,3,7_final.mp4,111,Poorly
gemma3,A,3,7_final.mp4,114,Poorly
gemma3,A,3,7_final.mp4,117,Poorly
gemma3,A,3,7_final.mp4,120,Poorly
gemma3,A,3,7_final.mp4,123,Poorly
gemma3,A,3,7_final.mp4,126,Poorly
gemma3,A,3,7_final.mp4,129,Poorly
gemma3,A,3,7_final.mp4,132,Poorly
gemma3,A,3,7_final.mp4,135,Poorly
gemma3,A,3,7_final.mp4,138,Poorly
gemma3,A,3,7_final.mp4,141,Poorly
gemma3,A,3,7_final.mp4,144,Poorly
gemma3,A,3,7_final.mp4,147,Poorly
gemma3,A,3,7_final.mp4,150,Poorly
gemma3,A,3,7_final.mp4,153,Poorly
gemma3,A,3,7_final.mp4,156,Poorly
gemma3,A,3,7_final.mp4,159,Poorly
gemma3,A,3,7_final.mp4,162,Poorly
gemma3,A,3,7_final.mp4,165,Poorly
gemma3,A,3,7_final.mp4,168,Poorly
gemma3,A,3,7_final.mp4,171,Poorly
gemma3,A,3,7_final.mp4,174,Poorly
gemma3,A,3,7_final.mp4,177,Poorly
gemma3,A,3,7_final.mp4,180,Poorly
gemma3,A,3,7_final.mp4,183,Poorly
gemma3,A,3,7_final.mp4,186,Poorly
gemma3,A,3,7_final.mp4,189,Poorly
gemma3,A,3,7_final.mp4,192,Poorly
gemma3,A,3,7_final.mp4,195,Poorly
gemma3,A,3,7_final.mp4,198,Poorly
gemma3,A,3,7_final.mp4,201,Poorly
gemma3,A,3,7_final.mp4,204,Poorly
gemma3,A,3,7_final.mp4,207,Poorly
gemma3,A,3,7_final.mp4,210,Poorly
gemma3,A,3,7_final.mp4,213,Poorly
gemma3,A,3,7_final.mp4,216,Poorly
gemma3,A,3,7_final.mp4,219,Poorly
gemma3,A,3,7_final.mp4,222,Poorly
gemma3,A,3,7_final.mp4,225,Poorly
gemma3,A,3,7_final.mp4,228,Poorly
gemma3,A,3,7_final.mp4,231,Poorly
gemma3,A,3,7_final.mp4,234,Poorly
gemma3,A,3,7_final.mp4,237,Poorly
gemma3,A,3,7_final.mp4,240,Poorly
gemma3,A,3,7_final.mp4,243,Poorly
gemma3,A,3,9_final.mp4,0,Poorly
gemma3,A,3,9_final.mp4,3,Poorly
gemma3,A,3,9_final.mp4,6,Poorly
gemma3,A,3,9_final.mp4,9,Poorly
gemma3,A,3,9_final.mp4,12,Poorly
gemma3,A,3,9_final.mp4,15,Poorly
gemma3,A,3,9_final.mp4,18,Poorly
gemma3,A,3,9_final.mp4,21,Poorly
gemma3,A,3,9_final.mp4,24,Poorly
gemma3,A,3,9_final.mp4,27,Poorly
gemma3,A,3,9_final.mp4,30,Poorly
gemma3,A,3,9_final.mp4,33,Poorly
gemma3,A,3,9_final.mp4,36,Poorly
gemma3,A,3,9_final.mp4,39,Poorly
gemma3,A,3,9_final.mp4,42,Poorly
gemma3,A,3,9_final.mp4,45,Poorly
gemma3,A,3,9_final.mp4,48,Poorly
gemma3,A,3,9_final.mp4,51,Poorly
gemma3,A,3,9_final.mp4,54,Poorly
gemma3,A,3,9_final.mp4,57,Poorly
gemma3,A,3,9_final.mp4,60,Poorly
gemma3,A,3,9_final.mp4,63,Poorly
gemma3,A,3,9_final.mp4,66,Poorly
gemma3,A,3,9_final.mp4,69,Poorly
gemma3,A,3,9_final.mp4,72,Poorly
gemma3,A,3,9_final.mp4,75,Poorly
gemma3,A,3,9_final.mp4,78,Poorly
gemma3,A,3,9_final.mp4,81,Poorly
gemma3,A,3,9_final.mp4,84,Poorly
gemma3,A,3,9_final.mp4,87,Poorly
gemma3,A,3,9_final.mp4,90,Poorly
gemma3,A,3,9_final.mp4,93,Poorly
gemma3,A,3,9_final.mp4,96,Poorly
gemma3,A,3,9_final.mp4,99,Poorly
gemma3,A,3,9_final.mp4,102,Poorly
gemma3,A,3,9_final.mp4,105,Poorly
gemma3,A,3,9_final.mp4,108,Poorly
gemma3,A,3,9_final.mp4,111,Poorly
gemma3,A,3,9_final.mp4,114,Poorly
gemma3,A,3,9_final.mp4,117,Poorly
gemma3,A,3,9_final.mp4,120,Poorly
gemma3,A,3,9_final.mp4,123,Poorly
gemma3,A,3,9_final.mp4,126,Poorly
gemma3,A,3,9_final.mp4,129,Poorly
gemma3,A,3,9_final.mp4,132,Poorly
gemma3,A,3,9_final.mp4,135,Poorly
gemma3,A,3,9_final.mp4,138,Poorly
gemma3,A,3,9_final.mp4,141,Poorly
gemma3,A,3,9_final.mp4,144,Poorly
gemma3,A,3,9_final.mp4,147,Poorly
gemma3,A,3,9_final.mp4,150,Poorly
gemma3,A,3,9_final.mp4,153,Poorly
gemma3,A,3,9_final.mp4,156,Poorly
gemma3,A,3,9_final.mp4,159,Poorly
gemma3,A,3,9_final.mp4,162,Poorly
gemma3,A,3,9_final.mp4,165,Poorly
gemma3,A,3,9_final.mp4,168,Poorly
gemma3,A,3,9_final.mp4,171,Poorly
gemma3,A,3,9_final.mp4,174,Poorly
gemma3,A,3,9_final.mp4,177,Poorly
gemma3,A,3,9_final.mp4,180,Poorly
gemma3,A,3,9_final.mp4,183,Poorly
gemma3,A,3,9_final.mp4,186,Poorly
gemma3,A,3,9_final.mp4,189,Poorly
gemma3,A,3,9_final.mp4,192,Poorly
gemma3,A,3,9_final.mp4,195,Poorly
gemma3,A,3,9_final.mp4,198,Poorly
gemma3,A,3,9_final.mp4,201,Poorly
gemma3,A,3,9_final.mp4,204,Poorly
gemma3,A,3,9_final.mp4,207,Poorly
gemma3,A,3,9_final.mp4,210,Poorly
gemma3,A,3,9_final.mp4,213,Poorly
gemma3,A,3,9_final.mp4,216,Poorly
gemma3,A,3,9_final.mp4,219,Poorly
gemma3,A,3,9_final.mp4,222,Poorly
gemma3,A,3,9_final.mp4,225,Poorly
gemma3,A,3,9_final.mp4,228,Poorly
gemma3,A,3,9_final.mp4,231,Poorly
gemma3,A,3,9_final.mp4,234,Poorly
gemma3,A,3,9_final.mp4,237,Poorly
gemma3,A,3,9_final.mp4,240,Poorly
gemma3,A,3,9_final.mp4,243,Poorly
gemma3,A,3,9_final.mp4,246,Poorly
gemma3,A,3,9_final.mp4,249,Poorly
gemma3,A,3,9_final.mp4,252,Poorly
gemma3,A,3,9_final.mp4,255,Poorly
gemma3,A,3,9_final.mp4,258,Poorly
gemma3,A,3,9_final.mp4,261,Poorly
gemma3,A,3,9_final.mp4,264,Poorly
gemma3,A,3,9_final.mp4,267,Poorly
gemma3,A,3,9_final.mp4,270,Poorly
gemma3,A,3,9_final.mp4,273,Poorly
gemma3,A,3,9_final.mp4,276,Poorly
gemma3,A,3,9_final.mp4,279,Poorly
gemma3,A,3,9_final.mp4,282,Poorly
gemma3,A,3,9_final.mp4,285,Poorly
gemma3,A,3,9_final.mp4,288,Poorly
gemma3,A,3,9_final.mp4,291,Poorly
gemma3,A,3,9_final.mp4,294,Poorly
