nohup: ignoring input
Starting frame analysis with deepseek-ocr:3b...
Frames folder: ../../../data/new_reactions/image_dataset_3s/
Output CSV: ./results/results_deepseek-ocr_3s.csv
Prompt: Given the human reaction shown in the image, do you think the situation observed by that human ends well or poorly? (Use only one word -- well or poorly -- to answer)
Found 30 participants
Total frames: 3312

==================================================
Processing participant 1/30

Processing participant: 1048
Found 96 frames
Analyzing frame 1/96: q_10_main_0_30fps_frame0015.png
Prompt: Given the human reaction shown in the image, do you think the situation observed by that human ends well or poorly? (Use only one word -- well or poorly -- to answer)
Image size: 19344 bytes
Response status code: 200
{'model': 'deepseek-ocr:3b', 'created_at': '2025-11-29T02:10:38.304917509Z', 'message': {'role': 'assistant', 'content': 'Well'}, 'done': True, 'done_reason': 'stop', 'total_duration': 306849164867, 'load_duration': 305627430129, 'prompt_eval_count': 520, 'prompt_eval_duration': 416333585, 'eval_count': 2, 'eval_duration': 4328618}
Response: Well
Analyzing frame 2/96: q_10_main_0_30fps_frame0030.png
Prompt: Given the human reaction shown in the image, do you think the situation observed by that human ends well or poorly? (Use only one word -- well or poorly -- to answer)
Image size: 19352 bytes
Response status code: 200
{'model': 'deepseek-ocr:3b', 'created_at': '2025-11-29T02:15:41.88968623Z', 'message': {'role': 'assistant', 'content': 'Well'}, 'done': True, 'done_reason': 'stop', 'total_duration': 302525233597, 'load_duration': 301337000030, 'prompt_eval_count': 520, 'prompt_eval_duration': 428352824, 'eval_count': 2, 'eval_duration': 4165529}
Response: Well
Analyzing frame 3/96: q_10_main_0_30fps_frame0045.png
Prompt: Given the human reaction shown in the image, do you think the situation observed by that human ends well or poorly? (Use only one word -- well or poorly -- to answer)
Image size: 19300 bytes
Response status code: 200
{'model': 'deepseek-ocr:3b', 'created_at': '2025-11-29T02:21:06.107154121Z', 'message': {'role': 'assistant', 'content': 'Well'}, 'done': True, 'done_reason': 'stop', 'total_duration': 323147524979, 'load_duration': 321972129346, 'prompt_eval_count': 520, 'prompt_eval_duration': 421972789, 'eval_count': 2, 'eval_duration': 4160452}
Response: Well
Analyzing frame 4/96: q_10_main_0_30fps_frame0060.png
Prompt: Given the human reaction shown in the image, do you think the situation observed by that human ends well or poorly? (Use only one word -- well or poorly -- to answer)
Image size: 19284 bytes
Response status code: 200
{'model': 'deepseek-ocr:3b', 'created_at': '2025-11-29T02:25:49.20175271Z', 'message': {'role': 'assistant', 'content': 'Well'}, 'done': True, 'done_reason': 'stop', 'total_duration': 282021451382, 'load_duration': 280799602784, 'prompt_eval_count': 520, 'prompt_eval_duration': 424121760, 'eval_count': 2, 'eval_duration': 4334604}
Response: Well
Analyzing frame 5/96: q_10_main_0_30fps_frame0075.png
Prompt: Given the human reaction shown in the image, do you think the situation observed by that human ends well or poorly? (Use only one word -- well or poorly -- to answer)
Image size: 19344 bytes
Response status code: 200
{'model': 'deepseek-ocr:3b', 'created_at': '2025-11-29T02:30:32.942314122Z', 'message': {'role': 'assistant', 'content': 'Well'}, 'done': True, 'done_reason': 'stop', 'total_duration': 282674351264, 'load_duration': 281461049517, 'prompt_eval_count': 520, 'prompt_eval_duration': 416597975, 'eval_count': 2, 'eval_duration': 4149157}
Response: Well
Analyzing frame 6/96: q_10_main_0_30fps_frame0090.png
Prompt: Given the human reaction shown in the image, do you think the situation observed by that human ends well or poorly? (Use only one word -- well or poorly -- to answer)
Image size: 19320 bytes
Response status code: 200
{'model': 'deepseek-ocr:3b', 'created_at': '2025-11-29T02:35:25.112015437Z', 'message': {'role': 'assistant', 'content': 'Well'}, 'done': True, 'done_reason': 'stop', 'total_duration': 291133533965, 'load_duration': 289951365826, 'prompt_eval_count': 520, 'prompt_eval_duration': 420083989, 'eval_count': 2, 'eval_duration': 4163866}
Response: Well
Analyzing frame 7/96: q_12_main_1_30fps_frame0015.png
Prompt: Given the human reaction shown in the image, do you think the situation observed by that human ends well or poorly? (Use only one word -- well or poorly -- to answer)
Image size: 19052 bytes
Response status code: 200
{'model': 'deepseek-ocr:3b', 'created_at': '2025-11-29T02:40:07.642336492Z', 'message': {'role': 'assistant', 'content': 'Well'}, 'done': True, 'done_reason': 'stop', 'total_duration': 281467156466, 'load_duration': 280326528399, 'prompt_eval_count': 520, 'prompt_eval_duration': 416351747, 'eval_count': 2, 'eval_duration': 4300433}
Response: Well
Analyzing frame 8/96: q_12_main_1_30fps_frame0030.png
Prompt: Given the human reaction shown in the image, do you think the situation observed by that human ends well or poorly? (Use only one word -- well or poorly -- to answer)
Image size: 19096 bytes
Response status code: 200
{'model': 'deepseek-ocr:3b', 'created_at': '2025-11-29T02:45:07.328126943Z', 'message': {'role': 'assistant', 'content': 'Well'}, 'done': True, 'done_reason': 'stop', 'total_duration': 298633850910, 'load_duration': 297465494143, 'prompt_eval_count': 520, 'prompt_eval_duration': 420431305, 'eval_count': 2, 'eval_duration': 4190163}
Response: Well
Analyzing frame 9/96: q_12_main_1_30fps_frame0045.png
Prompt: Given the human reaction shown in the image, do you think the situation observed by that human ends well or poorly? (Use only one word -- well or poorly -- to answer)
Image size: 19104 bytes
Response status code: 200
{'model': 'deepseek-ocr:3b', 'created_at': '2025-11-29T02:50:02.06098885Z', 'message': {'role': 'assistant', 'content': 'Well'}, 'done': True, 'done_reason': 'stop', 'total_duration': 293671429077, 'load_duration': 292524661095, 'prompt_eval_count': 520, 'prompt_eval_duration': 421099234, 'eval_count': 2, 'eval_duration': 4160824}
Response: Well
Analyzing frame 10/96: q_12_main_1_30fps_frame0060.png
Prompt: Given the human reaction shown in the image, do you think the situation observed by that human ends well or poorly? (Use only one word -- well or poorly -- to answer)
Image size: 19060 bytes
Response status code: 200
{'model': 'deepseek-ocr:3b', 'created_at': '2025-11-29T02:54:55.573866419Z', 'message': {'role': 'assistant', 'content': 'Well'}, 'done': True, 'done_reason': 'stop', 'total_duration': 292462008998, 'load_duration': 291252520092, 'prompt_eval_count': 520, 'prompt_eval_duration': 417643248, 'eval_count': 2, 'eval_duration': 4247473}
Response: Well
Analyzing frame 11/96: q_12_main_1_30fps_frame0075.png
Prompt: Given the human reaction shown in the image, do you think the situation observed by that human ends well or poorly? (Use only one word -- well or poorly -- to answer)
Image size: 19088 bytes
Response status code: 200
{'model': 'deepseek-ocr:3b', 'created_at': '2025-11-29T02:59:51.720548865Z', 'message': {'role': 'assistant', 'content': 'Well'}, 'done': True, 'done_reason': 'stop', 'total_duration': 295095337654, 'load_duration': 293913126779, 'prompt_eval_count': 520, 'prompt_eval_duration': 417984701, 'eval_count': 2, 'eval_duration': 6213909}
Response: Well
Analyzing frame 12/96: q_12_main_1_30fps_frame0090.png
Prompt: Given the human reaction shown in the image, do you think the situation observed by that human ends well or poorly? (Use only one word -- well or poorly -- to answer)
Image size: 19084 bytes
Response status code: 200
{'model': 'deepseek-ocr:3b', 'created_at': '2025-11-29T03:04:32.996972298Z', 'message': {'role': 'assistant', 'content': 'Well'}, 'done': True, 'done_reason': 'stop', 'total_duration': 280218472774, 'load_duration': 278995398394, 'prompt_eval_count': 520, 'prompt_eval_duration': 419873202, 'eval_count': 2, 'eval_duration': 4168238}
Response: Well
Analyzing frame 13/96: q_14_main_0_30fps_frame0014.png
Prompt: Given the human reaction shown in the image, do you think the situation observed by that human ends well or poorly? (Use only one word -- well or poorly -- to answer)
Image size: 19060 bytes
Response status code: 200
{'model': 'deepseek-ocr:3b', 'created_at': '2025-11-29T03:09:29.66388371Z', 'message': {'role': 'assistant', 'content': 'Well'}, 'done': True, 'done_reason': 'stop', 'total_duration': 295585605129, 'load_duration': 294449736019, 'prompt_eval_count': 520, 'prompt_eval_duration': 416248155, 'eval_count': 2, 'eval_duration': 4191655}
Response: Well
Analyzing frame 14/96: q_14_main_0_30fps_frame0029.png
Prompt: Given the human reaction shown in the image, do you think the situation observed by that human ends well or poorly? (Use only one word -- well or poorly -- to answer)
Image size: 18948 bytes
Response status code: 200
{'model': 'deepseek-ocr:3b', 'created_at': '2025-11-29T03:14:32.51760614Z', 'message': {'role': 'assistant', 'content': 'Well'}, 'done': True, 'done_reason': 'stop', 'total_duration': 301792785291, 'load_duration': 300601102167, 'prompt_eval_count': 520, 'prompt_eval_duration': 421684468, 'eval_count': 2, 'eval_duration': 4311125}
Response: Well
Analyzing frame 15/96: q_14_main_0_30fps_frame0044.png
Prompt: Given the human reaction shown in the image, do you think the situation observed by that human ends well or poorly? (Use only one word -- well or poorly -- to answer)
Image size: 18908 bytes
Response status code: 200
{'model': 'deepseek-ocr:3b', 'created_at': '2025-11-29T03:19:25.315311639Z', 'message': {'role': 'assistant', 'content': 'Well'}, 'done': True, 'done_reason': 'stop', 'total_duration': 291743919008, 'load_duration': 290545179045, 'prompt_eval_count': 520, 'prompt_eval_duration': 423694440, 'eval_count': 2, 'eval_duration': 4171036}
Response: Well
Analyzing frame 16/96: q_14_main_0_30fps_frame0059.png
Prompt: Given the human reaction shown in the image, do you think the situation observed by that human ends well or poorly? (Use only one word -- well or poorly -- to answer)
Image size: 18952 bytes
Response status code: 200
{'model': 'deepseek-ocr:3b', 'created_at': '2025-11-29T03:24:05.366994251Z', 'message': {'role': 'assistant', 'content': 'Well'}, 'done': True, 'done_reason': 'stop', 'total_duration': 278992291663, 'load_duration': 277808804310, 'prompt_eval_count': 520, 'prompt_eval_duration': 419475201, 'eval_count': 2, 'eval_duration': 4169211}
Response: Well
Analyzing frame 17/96: q_14_main_0_30fps_frame0074.png
Prompt: Given the human reaction shown in the image, do you think the situation observed by that human ends well or poorly? (Use only one word -- well or poorly -- to answer)
Image size: 18744 bytes
Response status code: 200
{'model': 'deepseek-ocr:3b', 'created_at': '2025-11-29T03:29:09.50089047Z', 'message': {'role': 'assistant', 'content': 'Well'}, 'done': True, 'done_reason': 'stop', 'total_duration': 303073843643, 'load_duration': 301880915630, 'prompt_eval_count': 520, 'prompt_eval_duration': 420565102, 'eval_count': 2, 'eval_duration': 4162732}
Response: Well
Analyzing frame 18/96: q_14_main_0_30fps_frame0089.png
Prompt: Given the human reaction shown in the image, do you think the situation observed by that human ends well or poorly? (Use only one word -- well or poorly -- to answer)
Image size: 18720 bytes
Response status code: 200
{'model': 'deepseek-ocr:3b', 'created_at': '2025-11-29T03:34:01.104479372Z', 'message': {'role': 'assistant', 'content': 'Well'}, 'done': True, 'done_reason': 'stop', 'total_duration': 290543030141, 'load_duration': 289357906629, 'prompt_eval_count': 520, 'prompt_eval_duration': 423995365, 'eval_count': 2, 'eval_duration': 4290089}
Response: Well
Analyzing frame 19/96: q_15_main_1_30fps_frame0013.png
Prompt: Given the human reaction shown in the image, do you think the situation observed by that human ends well or poorly? (Use only one word -- well or poorly -- to answer)
Image size: 19108 bytes
Response status code: 200
{'model': 'deepseek-ocr:3b', 'created_at': '2025-11-29T03:39:10.78912492Z', 'message': {'role': 'assistant', 'content': 'Well'}, 'done': True, 'done_reason': 'stop', 'total_duration': 308638561709, 'load_duration': 307480751897, 'prompt_eval_count': 520, 'prompt_eval_duration': 422500113, 'eval_count': 2, 'eval_duration': 4268543}
Response: Well
Analyzing frame 20/96: q_15_main_1_30fps_frame0028.png
Prompt: Given the human reaction shown in the image, do you think the situation observed by that human ends well or poorly? (Use only one word -- well or poorly -- to answer)
Image size: 19148 bytes
Response status code: 200
{'model': 'deepseek-ocr:3b', 'created_at': '2025-11-29T03:43:53.902284258Z', 'message': {'role': 'assistant', 'content': 'Well'}, 'done': True, 'done_reason': 'stop', 'total_duration': 282059338018, 'load_duration': 280839131260, 'prompt_eval_count': 520, 'prompt_eval_duration': 418059771, 'eval_count': 2, 'eval_duration': 4196511}
Response: Well
Analyzing frame 21/96: q_15_main_1_30fps_frame0043.png
Prompt: Given the human reaction shown in the image, do you think the situation observed by that human ends well or poorly? (Use only one word -- well or poorly -- to answer)
Image size: 19164 bytes
Response status code: 200
{'model': 'deepseek-ocr:3b', 'created_at': '2025-11-29T03:48:59.528671276Z', 'message': {'role': 'assistant', 'content': 'Well'}, 'done': True, 'done_reason': 'stop', 'total_duration': 304568902540, 'load_duration': 303406517529, 'prompt_eval_count': 520, 'prompt_eval_duration': 415806733, 'eval_count': 2, 'eval_duration': 4174081}
Response: Well
Analyzing frame 22/96: q_15_main_1_30fps_frame0058.png
Prompt: Given the human reaction shown in the image, do you think the situation observed by that human ends well or poorly? (Use only one word -- well or poorly -- to answer)
Image size: 19012 bytes
Response status code: 200
{'model': 'deepseek-ocr:3b', 'created_at': '2025-11-29T03:53:40.040812656Z', 'message': {'role': 'assistant', 'content': 'Well'}, 'done': True, 'done_reason': 'stop', 'total_duration': 279454181269, 'load_duration': 278273801163, 'prompt_eval_count': 520, 'prompt_eval_duration': 421038886, 'eval_count': 2, 'eval_duration': 4298394}
Response: Well
Analyzing frame 23/96: q_15_main_1_30fps_frame0073.png
Prompt: Given the human reaction shown in the image, do you think the situation observed by that human ends well or poorly? (Use only one word -- well or poorly -- to answer)
Image size: 18984 bytes
Response status code: 200
{'model': 'deepseek-ocr:3b', 'created_at': '2025-11-29T03:58:59.313612644Z', 'message': {'role': 'assistant', 'content': 'Well'}, 'done': True, 'done_reason': 'stop', 'total_duration': 318209519360, 'load_duration': 317042586478, 'prompt_eval_count': 520, 'prompt_eval_duration': 425052907, 'eval_count': 2, 'eval_duration': 4311379}
Response: Well
Analyzing frame 24/96: q_15_main_1_30fps_frame0088.png
Prompt: Given the human reaction shown in the image, do you think the situation observed by that human ends well or poorly? (Use only one word -- well or poorly -- to answer)
Image size: 18976 bytes
Response status code: 200
{'model': 'deepseek-ocr:3b', 'created_at': '2025-11-29T04:03:39.510671326Z', 'message': {'role': 'assistant', 'content': 'Well'}, 'done': True, 'done_reason': 'stop', 'total_duration': 279150051587, 'load_duration': 277939417529, 'prompt_eval_count': 520, 'prompt_eval_duration': 425412965, 'eval_count': 2, 'eval_duration': 4187582}
Response: Well
Analyzing frame 25/96: q_17_main_1_30fps_frame0013.png
Prompt: Given the human reaction shown in the image, do you think the situation observed by that human ends well or poorly? (Use only one word -- well or poorly -- to answer)
Image size: 19356 bytes
Response status code: 200
{'model': 'deepseek-ocr:3b', 'created_at': '2025-11-29T04:08:28.646825324Z', 'message': {'role': 'assistant', 'content': 'Well'}, 'done': True, 'done_reason': 'stop', 'total_duration': 288085628948, 'load_duration': 286866000910, 'prompt_eval_count': 520, 'prompt_eval_duration': 420347941, 'eval_count': 2, 'eval_duration': 5965481}
Response: Well
Analyzing frame 26/96: q_17_main_1_30fps_frame0028.png
Prompt: Given the human reaction shown in the image, do you think the situation observed by that human ends well or poorly? (Use only one word -- well or poorly -- to answer)
Image size: 19416 bytes
Response status code: 200
{'model': 'deepseek-ocr:3b', 'created_at': '2025-11-29T04:13:22.12532029Z', 'message': {'role': 'assistant', 'content': 'Well'}, 'done': True, 'done_reason': 'stop', 'total_duration': 292401576989, 'load_duration': 291222624390, 'prompt_eval_count': 520, 'prompt_eval_duration': 418662615, 'eval_count': 2, 'eval_duration': 4181736}
Response: Well
Analyzing frame 27/96: q_17_main_1_30fps_frame0043.png
Prompt: Given the human reaction shown in the image, do you think the situation observed by that human ends well or poorly? (Use only one word -- well or poorly -- to answer)
Image size: 19392 bytes
Response status code: 200
{'model': 'deepseek-ocr:3b', 'created_at': '2025-11-29T04:17:54.361838463Z', 'message': {'role': 'assistant', 'content': 'Well'}, 'done': True, 'done_reason': 'stop', 'total_duration': 271171947011, 'load_duration': 270007916144, 'prompt_eval_count': 520, 'prompt_eval_duration': 418646102, 'eval_count': 2, 'eval_duration': 4294643}
Response: Well
Analyzing frame 28/96: q_17_main_1_30fps_frame0058.png
Prompt: Given the human reaction shown in the image, do you think the situation observed by that human ends well or poorly? (Use only one word -- well or poorly -- to answer)
Image size: 19432 bytes
Response status code: 200
{'model': 'deepseek-ocr:3b', 'created_at': '2025-11-29T04:23:01.369590781Z', 'message': {'role': 'assistant', 'content': 'Well'}, 'done': True, 'done_reason': 'stop', 'total_duration': 305959221737, 'load_duration': 304764408359, 'prompt_eval_count': 520, 'prompt_eval_duration': 420810624, 'eval_count': 2, 'eval_duration': 4165789}
Response: Well
Analyzing frame 29/96: q_17_main_1_30fps_frame0073.png
Prompt: Given the human reaction shown in the image, do you think the situation observed by that human ends well or poorly? (Use only one word -- well or poorly -- to answer)
Image size: 19424 bytes
Response status code: 200
{'model': 'deepseek-ocr:3b', 'created_at': '2025-11-29T04:28:03.604427123Z', 'message': {'role': 'assistant', 'content': 'Well'}, 'done': True, 'done_reason': 'stop', 'total_duration': 301184005959, 'load_duration': 300003899355, 'prompt_eval_count': 520, 'prompt_eval_duration': 421594901, 'eval_count': 2, 'eval_duration': 4173173}
Response: Well
Analyzing frame 30/96: q_17_main_1_30fps_frame0088.png
Prompt: Given the human reaction shown in the image, do you think the situation observed by that human ends well or poorly? (Use only one word -- well or poorly -- to answer)
Image size: 19352 bytes
Response status code: 200
{'model': 'deepseek-ocr:3b', 'created_at': '2025-11-29T04:32:50.604940489Z', 'message': {'role': 'assistant', 'content': 'Well'}, 'done': True, 'done_reason': 'stop', 'total_duration': 285933668608, 'load_duration': 284720969641, 'prompt_eval_count': 520, 'prompt_eval_duration': 418088996, 'eval_count': 2, 'eval_duration': 4165664}
Response: Well
Analyzing frame 31/96: q_20_main_0_30fps_frame0014.png
Prompt: Given the human reaction shown in the image, do you think the situation observed by that human ends well or poorly? (Use only one word -- well or poorly -- to answer)
Image size: 19088 bytes
Response status code: 200
{'model': 'deepseek-ocr:3b', 'created_at': '2025-11-29T04:37:51.685729751Z', 'message': {'role': 'assistant', 'content': 'Well'}, 'done': True, 'done_reason': 'stop', 'total_duration': 300014745315, 'load_duration': 298808597244, 'prompt_eval_count': 520, 'prompt_eval_duration': 420303871, 'eval_count': 2, 'eval_duration': 4222332}
Response: Well
Analyzing frame 32/96: q_20_main_0_30fps_frame0029.png
Prompt: Given the human reaction shown in the image, do you think the situation observed by that human ends well or poorly? (Use only one word -- well or poorly -- to answer)
Image size: 18976 bytes
Response status code: 200
{'model': 'deepseek-ocr:3b', 'created_at': '2025-11-29T04:42:58.164210505Z', 'message': {'role': 'assistant', 'content': 'Well'}, 'done': True, 'done_reason': 'stop', 'total_duration': 305421320843, 'load_duration': 304234579290, 'prompt_eval_count': 520, 'prompt_eval_duration': 416657366, 'eval_count': 2, 'eval_duration': 4168016}
Response: Well
Analyzing frame 33/96: q_20_main_0_30fps_frame0044.png
Prompt: Given the human reaction shown in the image, do you think the situation observed by that human ends well or poorly? (Use only one word -- well or poorly -- to answer)
Image size: 19024 bytes
Response status code: 200
{'model': 'deepseek-ocr:3b', 'created_at': '2025-11-29T04:47:44.692458057Z', 'message': {'role': 'assistant', 'content': 'Well'}, 'done': True, 'done_reason': 'stop', 'total_duration': 285490274461, 'load_duration': 284281038361, 'prompt_eval_count': 520, 'prompt_eval_duration': 415762408, 'eval_count': 2, 'eval_duration': 4152751}
Response: Well
Analyzing frame 34/96: q_20_main_0_30fps_frame0059.png
Prompt: Given the human reaction shown in the image, do you think the situation observed by that human ends well or poorly? (Use only one word -- well or poorly -- to answer)
Image size: 18984 bytes
Response status code: 200
{'model': 'deepseek-ocr:3b', 'created_at': '2025-11-29T04:52:28.182127063Z', 'message': {'role': 'assistant', 'content': 'Well'}, 'done': True, 'done_reason': 'stop', 'total_duration': 282430293568, 'load_duration': 281230337880, 'prompt_eval_count': 520, 'prompt_eval_duration': 420143351, 'eval_count': 2, 'eval_duration': 4284836}
Response: Well
Analyzing frame 35/96: q_20_main_0_30fps_frame0074.png
Prompt: Given the human reaction shown in the image, do you think the situation observed by that human ends well or poorly? (Use only one word -- well or poorly -- to answer)
Image size: 18548 bytes
Response status code: 200
{'model': 'deepseek-ocr:3b', 'created_at': '2025-11-29T04:57:46.564152998Z', 'message': {'role': 'assistant', 'content': 'Well'}, 'done': True, 'done_reason': 'stop', 'total_duration': 317320528674, 'load_duration': 316173930137, 'prompt_eval_count': 520, 'prompt_eval_duration': 417744500, 'eval_count': 2, 'eval_duration': 4157060}
Response: Well
Analyzing frame 36/96: q_20_main_0_30fps_frame0089.png
Prompt: Given the human reaction shown in the image, do you think the situation observed by that human ends well or poorly? (Use only one word -- well or poorly -- to answer)
Image size: 18828 bytes
Response status code: 200
{'model': 'deepseek-ocr:3b', 'created_at': '2025-11-29T05:02:39.949555238Z', 'message': {'role': 'assistant', 'content': 'Well'}, 'done': True, 'done_reason': 'stop', 'total_duration': 292331047592, 'load_duration': 291129687277, 'prompt_eval_count': 520, 'prompt_eval_duration': 419974385, 'eval_count': 2, 'eval_duration': 4314812}
Response: Well
Analyzing frame 37/96: q_23_main_0_30fps_frame0014.png
Prompt: Given the human reaction shown in the image, do you think the situation observed by that human ends well or poorly? (Use only one word -- well or poorly -- to answer)
Image size: 19164 bytes
Response status code: 200
{'model': 'deepseek-ocr:3b', 'created_at': '2025-11-29T05:07:55.085543972Z', 'message': {'role': 'assistant', 'content': 'Well'}, 'done': True, 'done_reason': 'stop', 'total_duration': 314078241966, 'load_duration': 312892647845, 'prompt_eval_count': 520, 'prompt_eval_duration': 428005287, 'eval_count': 2, 'eval_duration': 4170655}
Response: Well
Analyzing frame 38/96: q_23_main_0_30fps_frame0029.png
Prompt: Given the human reaction shown in the image, do you think the situation observed by that human ends well or poorly? (Use only one word -- well or poorly -- to answer)
Image size: 19188 bytes
Response status code: 200
{'model': 'deepseek-ocr:3b', 'created_at': '2025-11-29T05:12:43.135948349Z', 'message': {'role': 'assistant', 'content': 'Well'}, 'done': True, 'done_reason': 'stop', 'total_duration': 286982999699, 'load_duration': 285803992226, 'prompt_eval_count': 520, 'prompt_eval_duration': 422461479, 'eval_count': 2, 'eval_duration': 4169220}
Response: Well
Analyzing frame 39/96: q_23_main_0_30fps_frame0044.png
Prompt: Given the human reaction shown in the image, do you think the situation observed by that human ends well or poorly? (Use only one word -- well or poorly -- to answer)
Image size: 19236 bytes
Response status code: 200
{'model': 'deepseek-ocr:3b', 'created_at': '2025-11-29T05:17:18.300884507Z', 'message': {'role': 'assistant', 'content': 'Well'}, 'done': True, 'done_reason': 'stop', 'total_duration': 274074717277, 'load_duration': 272914116146, 'prompt_eval_count': 520, 'prompt_eval_duration': 416338900, 'eval_count': 2, 'eval_duration': 4155453}
Response: Well
Analyzing frame 40/96: q_23_main_0_30fps_frame0059.png
Prompt: Given the human reaction shown in the image, do you think the situation observed by that human ends well or poorly? (Use only one word -- well or poorly -- to answer)
Image size: 19156 bytes
Response status code: 200
{'model': 'deepseek-ocr:3b', 'created_at': '2025-11-29T05:21:45.730070359Z', 'message': {'role': 'assistant', 'content': 'Well'}, 'done': True, 'done_reason': 'stop', 'total_duration': 266375637743, 'load_duration': 265222634415, 'prompt_eval_count': 520, 'prompt_eval_duration': 416435223, 'eval_count': 2, 'eval_duration': 4299101}
Response: Well
Analyzing frame 41/96: q_23_main_0_30fps_frame0074.png
Prompt: Given the human reaction shown in the image, do you think the situation observed by that human ends well or poorly? (Use only one word -- well or poorly -- to answer)
Image size: 19168 bytes
Response status code: 200
{'model': 'deepseek-ocr:3b', 'created_at': '2025-11-29T05:26:25.308748217Z', 'message': {'role': 'assistant', 'content': 'Well'}, 'done': True, 'done_reason': 'stop', 'total_duration': 278524972276, 'load_duration': 277321420629, 'prompt_eval_count': 520, 'prompt_eval_duration': 420779884, 'eval_count': 2, 'eval_duration': 4173215}
Response: Well
Analyzing frame 42/96: q_23_main_0_30fps_frame0089.png
Prompt: Given the human reaction shown in the image, do you think the situation observed by that human ends well or poorly? (Use only one word -- well or poorly -- to answer)
Image size: 19120 bytes
Response status code: 200
{'model': 'deepseek-ocr:3b', 'created_at': '2025-11-29T05:31:14.895858782Z', 'message': {'role': 'assistant', 'content': 'Well'}, 'done': True, 'done_reason': 'stop', 'total_duration': 288527872715, 'load_duration': 287347228689, 'prompt_eval_count': 520, 'prompt_eval_duration': 421003396, 'eval_count': 2, 'eval_duration': 4329619}
Response: Well
Analyzing frame 43/96: q_24_main_0_30fps_frame0014.png
Prompt: Given the human reaction shown in the image, do you think the situation observed by that human ends well or poorly? (Use only one word -- well or poorly -- to answer)
Image size: 19344 bytes
Response status code: 200
{'model': 'deepseek-ocr:3b', 'created_at': '2025-11-29T05:36:01.812823717Z', 'message': {'role': 'assistant', 'content': 'Well'}, 'done': True, 'done_reason': 'stop', 'total_duration': 285855892314, 'load_duration': 284613266582, 'prompt_eval_count': 520, 'prompt_eval_duration': 417981505, 'eval_count': 2, 'eval_duration': 4161998}
Response: Well
Analyzing frame 44/96: q_24_main_0_30fps_frame0029.png
Prompt: Given the human reaction shown in the image, do you think the situation observed by that human ends well or poorly? (Use only one word -- well or poorly -- to answer)
Image size: 19340 bytes
Response status code: 200
{'model': 'deepseek-ocr:3b', 'created_at': '2025-11-29T05:40:44.685254759Z', 'message': {'role': 'assistant', 'content': 'Well'}, 'done': True, 'done_reason': 'stop', 'total_duration': 281830771914, 'load_duration': 280625733395, 'prompt_eval_count': 520, 'prompt_eval_duration': 419092047, 'eval_count': 2, 'eval_duration': 4163408}
Response: Well
Analyzing frame 45/96: q_24_main_0_30fps_frame0044.png
Prompt: Given the human reaction shown in the image, do you think the situation observed by that human ends well or poorly? (Use only one word -- well or poorly -- to answer)
Image size: 19344 bytes
Response status code: 200
{'model': 'deepseek-ocr:3b', 'created_at': '2025-11-29T05:45:32.79966103Z', 'message': {'role': 'assistant', 'content': 'Well'}, 'done': True, 'done_reason': 'stop', 'total_duration': 287050658529, 'load_duration': 285912049663, 'prompt_eval_count': 520, 'prompt_eval_duration': 419707241, 'eval_count': 2, 'eval_duration': 4217842}
Response: Well
Analyzing frame 46/96: q_24_main_0_30fps_frame0059.png
Prompt: Given the human reaction shown in the image, do you think the situation observed by that human ends well or poorly? (Use only one word -- well or poorly -- to answer)
Image size: 19316 bytes
Response status code: 200
{'model': 'deepseek-ocr:3b', 'created_at': '2025-11-29T05:50:02.161051039Z', 'message': {'role': 'assistant', 'content': 'Well'}, 'done': True, 'done_reason': 'stop', 'total_duration': 268307790403, 'load_duration': 267086671212, 'prompt_eval_count': 520, 'prompt_eval_duration': 418238907, 'eval_count': 2, 'eval_duration': 4163428}
Response: Well
Analyzing frame 47/96: q_24_main_0_30fps_frame0074.png
Prompt: Given the human reaction shown in the image, do you think the situation observed by that human ends well or poorly? (Use only one word -- well or poorly -- to answer)
Image size: 19304 bytes
Response status code: 200
{'model': 'deepseek-ocr:3b', 'created_at': '2025-11-29T05:55:19.784165143Z', 'message': {'role': 'assistant', 'content': 'Well'}, 'done': True, 'done_reason': 'stop', 'total_duration': 316558327449, 'load_duration': 315353454294, 'prompt_eval_count': 520, 'prompt_eval_duration': 424445599, 'eval_count': 2, 'eval_duration': 4297666}
Response: Well
Analyzing frame 48/96: q_24_main_0_30fps_frame0089.png
Prompt: Given the human reaction shown in the image, do you think the situation observed by that human ends well or poorly? (Use only one word -- well or poorly -- to answer)
Image size: 19348 bytes
Response status code: 200
{'model': 'deepseek-ocr:3b', 'created_at': '2025-11-29T06:00:01.730756641Z', 'message': {'role': 'assistant', 'content': 'Well'}, 'done': True, 'done_reason': 'stop', 'total_duration': 280886567192, 'load_duration': 279687673029, 'prompt_eval_count': 520, 'prompt_eval_duration': 415153493, 'eval_count': 2, 'eval_duration': 4144723}
Response: Well
Analyzing frame 49/96: q_25_main_0_30fps_frame0014.png
Prompt: Given the human reaction shown in the image, do you think the situation observed by that human ends well or poorly? (Use only one word -- well or poorly -- to answer)
Image size: 19364 bytes
Response status code: 200
{'model': 'deepseek-ocr:3b', 'created_at': '2025-11-29T06:05:07.247007283Z', 'message': {'role': 'assistant', 'content': 'Well'}, 'done': True, 'done_reason': 'stop', 'total_duration': 304463900053, 'load_duration': 303276855149, 'prompt_eval_count': 520, 'prompt_eval_duration': 420600277, 'eval_count': 2, 'eval_duration': 4160182}
Response: Well
Analyzing frame 50/96: q_25_main_0_30fps_frame0029.png
Prompt: Given the human reaction shown in the image, do you think the situation observed by that human ends well or poorly? (Use only one word -- well or poorly -- to answer)
Image size: 19360 bytes
Response status code: 200
{'model': 'deepseek-ocr:3b', 'created_at': '2025-11-29T06:10:02.21614342Z', 'message': {'role': 'assistant', 'content': 'Well'}, 'done': True, 'done_reason': 'stop', 'total_duration': 293916963367, 'load_duration': 292746254996, 'prompt_eval_count': 520, 'prompt_eval_duration': 422468199, 'eval_count': 2, 'eval_duration': 4510996}
Response: Well
Analyzing frame 51/96: q_25_main_0_30fps_frame0044.png
Prompt: Given the human reaction shown in the image, do you think the situation observed by that human ends well or poorly? (Use only one word -- well or poorly -- to answer)
Image size: 19472 bytes
Response status code: 200
{'model': 'deepseek-ocr:3b', 'created_at': '2025-11-29T06:14:48.936380671Z', 'message': {'role': 'assistant', 'content': 'Well'}, 'done': True, 'done_reason': 'stop', 'total_duration': 285662833964, 'load_duration': 284454487618, 'prompt_eval_count': 520, 'prompt_eval_duration': 419486657, 'eval_count': 2, 'eval_duration': 4169807}
Response: Well
Analyzing frame 52/96: q_25_main_0_30fps_frame0059.png
Prompt: Given the human reaction shown in the image, do you think the situation observed by that human ends well or poorly? (Use only one word -- well or poorly -- to answer)
Image size: 19236 bytes
Response status code: 200
{'model': 'deepseek-ocr:3b', 'created_at': '2025-11-29T06:19:37.627224101Z', 'message': {'role': 'assistant', 'content': 'Well'}, 'done': True, 'done_reason': 'stop', 'total_duration': 287596620422, 'load_duration': 286432713984, 'prompt_eval_count': 520, 'prompt_eval_duration': 420873024, 'eval_count': 2, 'eval_duration': 4320245}
Response: Well
Analyzing frame 53/96: q_25_main_0_30fps_frame0074.png
Prompt: Given the human reaction shown in the image, do you think the situation observed by that human ends well or poorly? (Use only one word -- well or poorly -- to answer)
Image size: 19304 bytes
Response status code: 200
{'model': 'deepseek-ocr:3b', 'created_at': '2025-11-29T06:24:37.840406185Z', 'message': {'role': 'assistant', 'content': 'Well'}, 'done': True, 'done_reason': 'stop', 'total_duration': 299154745291, 'load_duration': 297988040208, 'prompt_eval_count': 520, 'prompt_eval_duration': 418697199, 'eval_count': 2, 'eval_duration': 4302307}
Response: Well
Analyzing frame 54/96: q_25_main_0_30fps_frame0089.png
Prompt: Given the human reaction shown in the image, do you think the situation observed by that human ends well or poorly? (Use only one word -- well or poorly -- to answer)
Image size: 19256 bytes
Response status code: 200
{'model': 'deepseek-ocr:3b', 'created_at': '2025-11-29T06:29:17.12780042Z', 'message': {'role': 'assistant', 'content': 'Well'}, 'done': True, 'done_reason': 'stop', 'total_duration': 278220270307, 'load_duration': 277021628513, 'prompt_eval_count': 520, 'prompt_eval_duration': 423071282, 'eval_count': 2, 'eval_duration': 4344803}
Response: Well
Analyzing frame 55/96: q_29_main_0_30fps_frame0015.png
Prompt: Given the human reaction shown in the image, do you think the situation observed by that human ends well or poorly? (Use only one word -- well or poorly -- to answer)
Image size: 19000 bytes
Response status code: 200
{'model': 'deepseek-ocr:3b', 'created_at': '2025-11-29T06:34:15.926585703Z', 'message': {'role': 'assistant', 'content': 'Well'}, 'done': True, 'done_reason': 'stop', 'total_duration': 297736162822, 'load_duration': 296559901422, 'prompt_eval_count': 520, 'prompt_eval_duration': 415492219, 'eval_count': 2, 'eval_duration': 4167048}
Response: Well
Analyzing frame 56/96: q_29_main_0_30fps_frame0030.png
Prompt: Given the human reaction shown in the image, do you think the situation observed by that human ends well or poorly? (Use only one word -- well or poorly -- to answer)
Image size: 18940 bytes
Response status code: 200
{'model': 'deepseek-ocr:3b', 'created_at': '2025-11-29T06:39:07.147110239Z', 'message': {'role': 'assistant', 'content': 'Well'}, 'done': True, 'done_reason': 'stop', 'total_duration': 290161153452, 'load_duration': 288899231181, 'prompt_eval_count': 520, 'prompt_eval_duration': 478596156, 'eval_count': 2, 'eval_duration': 4404057}
Response: Well
Analyzing frame 57/96: q_29_main_0_30fps_frame0045.png
Prompt: Given the human reaction shown in the image, do you think the situation observed by that human ends well or poorly? (Use only one word -- well or poorly -- to answer)
Image size: 18896 bytes
Response status code: 200
{'model': 'deepseek-ocr:3b', 'created_at': '2025-11-29T06:44:03.269159368Z', 'message': {'role': 'assistant', 'content': 'Well'}, 'done': True, 'done_reason': 'stop', 'total_duration': 295041316906, 'load_duration': 293870753764, 'prompt_eval_count': 520, 'prompt_eval_duration': 419264519, 'eval_count': 2, 'eval_duration': 4151984}
Response: Well
Analyzing frame 58/96: q_29_main_0_30fps_frame0060.png
Prompt: Given the human reaction shown in the image, do you think the situation observed by that human ends well or poorly? (Use only one word -- well or poorly -- to answer)
Image size: 18908 bytes
Response status code: 200
{'model': 'deepseek-ocr:3b', 'created_at': '2025-11-29T06:48:54.795217765Z', 'message': {'role': 'assistant', 'content': 'Well'}, 'done': True, 'done_reason': 'stop', 'total_duration': 290470188457, 'load_duration': 289326981421, 'prompt_eval_count': 520, 'prompt_eval_duration': 422134104, 'eval_count': 2, 'eval_duration': 4154663}
Response: Well
Analyzing frame 59/96: q_29_main_0_30fps_frame0075.png
Prompt: Given the human reaction shown in the image, do you think the situation observed by that human ends well or poorly? (Use only one word -- well or poorly -- to answer)
Image size: 18972 bytes
Response status code: 200
{'model': 'deepseek-ocr:3b', 'created_at': '2025-11-29T06:53:54.247322044Z', 'message': {'role': 'assistant', 'content': 'Well'}, 'done': True, 'done_reason': 'stop', 'total_duration': 298398807715, 'load_duration': 297243542918, 'prompt_eval_count': 520, 'prompt_eval_duration': 418864823, 'eval_count': 2, 'eval_duration': 4151415}
Response: Well
Analyzing frame 60/96: q_29_main_0_30fps_frame0090.png
Prompt: Given the human reaction shown in the image, do you think the situation observed by that human ends well or poorly? (Use only one word -- well or poorly -- to answer)
Image size: 18920 bytes
Response status code: 200
{'model': 'deepseek-ocr:3b', 'created_at': '2025-11-29T06:58:46.781207237Z', 'message': {'role': 'assistant', 'content': 'Well'}, 'done': True, 'done_reason': 'stop', 'total_duration': 291464480609, 'load_duration': 290281542173, 'prompt_eval_count': 520, 'prompt_eval_duration': 416777747, 'eval_count': 2, 'eval_duration': 4449653}
Response: Well
Analyzing frame 61/96: q_2_main_1_30fps_frame0014.png
Prompt: Given the human reaction shown in the image, do you think the situation observed by that human ends well or poorly? (Use only one word -- well or poorly -- to answer)
Image size: 18884 bytes
Response status code: 200
{'model': 'deepseek-ocr:3b', 'created_at': '2025-11-29T07:03:37.095279592Z', 'message': {'role': 'assistant', 'content': 'Well'}, 'done': True, 'done_reason': 'stop', 'total_duration': 289258537637, 'load_duration': 288078313673, 'prompt_eval_count': 520, 'prompt_eval_duration': 418570492, 'eval_count': 2, 'eval_duration': 4185082}
Response: Well
Analyzing frame 62/96: q_2_main_1_30fps_frame0029.png
Prompt: Given the human reaction shown in the image, do you think the situation observed by that human ends well or poorly? (Use only one word -- well or poorly -- to answer)
Image size: 18780 bytes
Response status code: 200
{'model': 'deepseek-ocr:3b', 'created_at': '2025-11-29T07:08:03.260479339Z', 'message': {'role': 'assistant', 'content': 'Well'}, 'done': True, 'done_reason': 'stop', 'total_duration': 265107231801, 'load_duration': 263930577021, 'prompt_eval_count': 520, 'prompt_eval_duration': 425152188, 'eval_count': 2, 'eval_duration': 4198098}
Response: Well
Analyzing frame 63/96: q_2_main_1_30fps_frame0044.png
Prompt: Given the human reaction shown in the image, do you think the situation observed by that human ends well or poorly? (Use only one word -- well or poorly -- to answer)
Image size: 18764 bytes
Response status code: 200
{'model': 'deepseek-ocr:3b', 'created_at': '2025-11-29T07:12:45.465792303Z', 'message': {'role': 'assistant', 'content': 'Well'}, 'done': True, 'done_reason': 'stop', 'total_duration': 281139297185, 'load_duration': 279945754145, 'prompt_eval_count': 520, 'prompt_eval_duration': 416664061, 'eval_count': 2, 'eval_duration': 4460837}
Response: Well
Analyzing frame 64/96: q_2_main_1_30fps_frame0059.png
Prompt: Given the human reaction shown in the image, do you think the situation observed by that human ends well or poorly? (Use only one word -- well or poorly -- to answer)
Image size: 18800 bytes
Response status code: 200
{'model': 'deepseek-ocr:3b', 'created_at': '2025-11-29T07:17:43.471048892Z', 'message': {'role': 'assistant', 'content': 'Well'}, 'done': True, 'done_reason': 'stop', 'total_duration': 296939429708, 'load_duration': 295788309862, 'prompt_eval_count': 520, 'prompt_eval_duration': 418119176, 'eval_count': 2, 'eval_duration': 4122352}
Response: Well
Analyzing frame 65/96: q_2_main_1_30fps_frame0074.png
Prompt: Given the human reaction shown in the image, do you think the situation observed by that human ends well or poorly? (Use only one word -- well or poorly -- to answer)
Image size: 18744 bytes
Response status code: 200
{'model': 'deepseek-ocr:3b', 'created_at': '2025-11-29T07:22:10.308021693Z', 'message': {'role': 'assistant', 'content': 'Well'}, 'done': True, 'done_reason': 'stop', 'total_duration': 265713907751, 'load_duration': 264535756170, 'prompt_eval_count': 520, 'prompt_eval_duration': 416422318, 'eval_count': 2, 'eval_duration': 4276642}
Response: Well
Analyzing frame 66/96: q_2_main_1_30fps_frame0089.png
Prompt: Given the human reaction shown in the image, do you think the situation observed by that human ends well or poorly? (Use only one word -- well or poorly -- to answer)
Image size: 18784 bytes
Response status code: 200
{'model': 'deepseek-ocr:3b', 'created_at': '2025-11-29T07:27:13.988307606Z', 'message': {'role': 'assistant', 'content': 'Well'}, 'done': True, 'done_reason': 'stop', 'total_duration': 302627125939, 'load_duration': 301440674472, 'prompt_eval_count': 520, 'prompt_eval_duration': 425485096, 'eval_count': 2, 'eval_duration': 4294549}
Response: Well
Analyzing frame 67/96: q_30_main_0_30fps_frame0014.png
Prompt: Given the human reaction shown in the image, do you think the situation observed by that human ends well or poorly? (Use only one word -- well or poorly -- to answer)
Image size: 19344 bytes
Response status code: 200
{'model': 'deepseek-ocr:3b', 'created_at': '2025-11-29T07:32:16.360889757Z', 'message': {'role': 'assistant', 'content': 'Well'}, 'done': True, 'done_reason': 'stop', 'total_duration': 301312856701, 'load_duration': 300159921694, 'prompt_eval_count': 520, 'prompt_eval_duration': 415256216, 'eval_count': 2, 'eval_duration': 4186936}
Response: Well
Analyzing frame 68/96: q_30_main_0_30fps_frame0029.png
Prompt: Given the human reaction shown in the image, do you think the situation observed by that human ends well or poorly? (Use only one word -- well or poorly -- to answer)
Image size: 19264 bytes
Response status code: 200
{'model': 'deepseek-ocr:3b', 'created_at': '2025-11-29T07:37:17.861262935Z', 'message': {'role': 'assistant', 'content': 'Well'}, 'done': True, 'done_reason': 'stop', 'total_duration': 300440084009, 'load_duration': 299210261929, 'prompt_eval_count': 520, 'prompt_eval_duration': 421997359, 'eval_count': 2, 'eval_duration': 4167851}
Response: Well
Analyzing frame 69/96: q_30_main_0_30fps_frame0044.png
Prompt: Given the human reaction shown in the image, do you think the situation observed by that human ends well or poorly? (Use only one word -- well or poorly -- to answer)
Image size: 19296 bytes
Response status code: 200
{'model': 'deepseek-ocr:3b', 'created_at': '2025-11-29T07:42:58.082277768Z', 'message': {'role': 'assistant', 'content': 'Well'}, 'done': True, 'done_reason': 'stop', 'total_duration': 339157223278, 'load_duration': 337944203359, 'prompt_eval_count': 520, 'prompt_eval_duration': 419850127, 'eval_count': 2, 'eval_duration': 4217098}
Response: Well
Analyzing frame 70/96: q_30_main_0_30fps_frame0059.png
Prompt: Given the human reaction shown in the image, do you think the situation observed by that human ends well or poorly? (Use only one word -- well or poorly -- to answer)
Image size: 19320 bytes
Response status code: 200
{'model': 'deepseek-ocr:3b', 'created_at': '2025-11-29T07:47:48.154986791Z', 'message': {'role': 'assistant', 'content': 'Well'}, 'done': True, 'done_reason': 'stop', 'total_duration': 289019435668, 'load_duration': 287852226080, 'prompt_eval_count': 520, 'prompt_eval_duration': 420119606, 'eval_count': 2, 'eval_duration': 4172345}
Response: Well
Analyzing frame 71/96: q_30_main_0_30fps_frame0074.png
Prompt: Given the human reaction shown in the image, do you think the situation observed by that human ends well or poorly? (Use only one word -- well or poorly -- to answer)
Image size: 19348 bytes
Response status code: 200
{'model': 'deepseek-ocr:3b', 'created_at': '2025-11-29T07:52:55.327260965Z', 'message': {'role': 'assistant', 'content': 'Well'}, 'done': True, 'done_reason': 'stop', 'total_duration': 306093457849, 'load_duration': 304888156598, 'prompt_eval_count': 520, 'prompt_eval_duration': 422678087, 'eval_count': 2, 'eval_duration': 4152858}
Response: Well
Analyzing frame 72/96: q_30_main_0_30fps_frame0089.png
Prompt: Given the human reaction shown in the image, do you think the situation observed by that human ends well or poorly? (Use only one word -- well or poorly -- to answer)
Image size: 19324 bytes
Response status code: 200
{'model': 'deepseek-ocr:3b', 'created_at': '2025-11-29T07:57:38.672347179Z', 'message': {'role': 'assistant', 'content': 'Well'}, 'done': True, 'done_reason': 'stop', 'total_duration': 282270057958, 'load_duration': 281109351173, 'prompt_eval_count': 520, 'prompt_eval_duration': 415423690, 'eval_count': 2, 'eval_duration': 4291915}
Response: Well
Analyzing frame 73/96: q_4_main_1_30fps_frame0014.png
Prompt: Given the human reaction shown in the image, do you think the situation observed by that human ends well or poorly? (Use only one word -- well or poorly -- to answer)
Image size: 19384 bytes
Response status code: 200
{'model': 'deepseek-ocr:3b', 'created_at': '2025-11-29T08:02:34.23917377Z', 'message': {'role': 'assistant', 'content': 'Well'}, 'done': True, 'done_reason': 'stop', 'total_duration': 294498521904, 'load_duration': 293342550887, 'prompt_eval_count': 520, 'prompt_eval_duration': 426412408, 'eval_count': 2, 'eval_duration': 4288592}
Response: Well
Analyzing frame 74/96: q_4_main_1_30fps_frame0029.png
Prompt: Given the human reaction shown in the image, do you think the situation observed by that human ends well or poorly? (Use only one word -- well or poorly -- to answer)
Image size: 19396 bytes
Response status code: 200
{'model': 'deepseek-ocr:3b', 'created_at': '2025-11-29T08:07:44.733455893Z', 'message': {'role': 'assistant', 'content': 'Well'}, 'done': True, 'done_reason': 'stop', 'total_duration': 309426915274, 'load_duration': 308284846506, 'prompt_eval_count': 520, 'prompt_eval_duration': 417716442, 'eval_count': 2, 'eval_duration': 4177739}
Response: Well
Analyzing frame 75/96: q_4_main_1_30fps_frame0044.png
Prompt: Given the human reaction shown in the image, do you think the situation observed by that human ends well or poorly? (Use only one word -- well or poorly -- to answer)
Image size: 19428 bytes
Response status code: 200
{'model': 'deepseek-ocr:3b', 'created_at': '2025-11-29T08:12:31.927067742Z', 'message': {'role': 'assistant', 'content': 'Well'}, 'done': True, 'done_reason': 'stop', 'total_duration': 286120765924, 'load_duration': 284930627842, 'prompt_eval_count': 520, 'prompt_eval_duration': 417571671, 'eval_count': 2, 'eval_duration': 4293860}
Response: Well
Analyzing frame 76/96: q_4_main_1_30fps_frame0059.png
Prompt: Given the human reaction shown in the image, do you think the situation observed by that human ends well or poorly? (Use only one word -- well or poorly -- to answer)
Image size: 19476 bytes
Response status code: 200
{'model': 'deepseek-ocr:3b', 'created_at': '2025-11-29T08:17:52.63236066Z', 'message': {'role': 'assistant', 'content': 'Well'}, 'done': True, 'done_reason': 'stop', 'total_duration': 319646859771, 'load_duration': 318503370326, 'prompt_eval_count': 520, 'prompt_eval_duration': 417471479, 'eval_count': 2, 'eval_duration': 4165257}
Response: Well
Analyzing frame 77/96: q_4_main_1_30fps_frame0074.png
Prompt: Given the human reaction shown in the image, do you think the situation observed by that human ends well or poorly? (Use only one word -- well or poorly -- to answer)
Image size: 19424 bytes
Response status code: 200
{'model': 'deepseek-ocr:3b', 'created_at': '2025-11-29T08:22:45.400835352Z', 'message': {'role': 'assistant', 'content': 'Well'}, 'done': True, 'done_reason': 'stop', 'total_duration': 291705397648, 'load_duration': 290535047944, 'prompt_eval_count': 520, 'prompt_eval_duration': 420245266, 'eval_count': 2, 'eval_duration': 4294017}
Response: Well
Analyzing frame 78/96: q_4_main_1_30fps_frame0089.png
Prompt: Given the human reaction shown in the image, do you think the situation observed by that human ends well or poorly? (Use only one word -- well or poorly -- to answer)
Image size: 19440 bytes
Response status code: 200
{'model': 'deepseek-ocr:3b', 'created_at': '2025-11-29T08:28:08.493902638Z', 'message': {'role': 'assistant', 'content': 'Well'}, 'done': True, 'done_reason': 'stop', 'total_duration': 321989216306, 'load_duration': 320785176270, 'prompt_eval_count': 520, 'prompt_eval_duration': 416303734, 'eval_count': 2, 'eval_duration': 4308120}
Response: Well
Analyzing frame 79/96: q_6_main_1_30fps_frame0015.png
Prompt: Given the human reaction shown in the image, do you think the situation observed by that human ends well or poorly? (Use only one word -- well or poorly -- to answer)
Image size: 19356 bytes
Response status code: 200
{'model': 'deepseek-ocr:3b', 'created_at': '2025-11-29T08:32:36.80932684Z', 'message': {'role': 'assistant', 'content': 'Well'}, 'done': True, 'done_reason': 'stop', 'total_duration': 267243187342, 'load_duration': 266098089105, 'prompt_eval_count': 520, 'prompt_eval_duration': 424810554, 'eval_count': 2, 'eval_duration': 4480096}
Response: Well
Analyzing frame 80/96: q_6_main_1_30fps_frame0030.png
Prompt: Given the human reaction shown in the image, do you think the situation observed by that human ends well or poorly? (Use only one word -- well or poorly -- to answer)
Image size: 19376 bytes
Response status code: 200
{'model': 'deepseek-ocr:3b', 'created_at': '2025-11-29T08:37:19.538655763Z', 'message': {'role': 'assistant', 'content': 'Well'}, 'done': True, 'done_reason': 'stop', 'total_duration': 281654306466, 'load_duration': 280461213046, 'prompt_eval_count': 520, 'prompt_eval_duration': 423075848, 'eval_count': 2, 'eval_duration': 4315559}
Response: Well
Analyzing frame 81/96: q_6_main_1_30fps_frame0045.png
Prompt: Given the human reaction shown in the image, do you think the situation observed by that human ends well or poorly? (Use only one word -- well or poorly -- to answer)
Image size: 19380 bytes
Response status code: 200
{'model': 'deepseek-ocr:3b', 'created_at': '2025-11-29T08:42:28.278679542Z', 'message': {'role': 'assistant', 'content': 'Well'}, 'done': True, 'done_reason': 'stop', 'total_duration': 307668754706, 'load_duration': 306508464594, 'prompt_eval_count': 520, 'prompt_eval_duration': 428444122, 'eval_count': 2, 'eval_duration': 4328609}
Response: Well
Analyzing frame 82/96: q_6_main_1_30fps_frame0060.png
Prompt: Given the human reaction shown in the image, do you think the situation observed by that human ends well or poorly? (Use only one word -- well or poorly -- to answer)
Image size: 19340 bytes
Response status code: 200
{'model': 'deepseek-ocr:3b', 'created_at': '2025-11-29T08:47:34.205650097Z', 'message': {'role': 'assistant', 'content': 'Well'}, 'done': True, 'done_reason': 'stop', 'total_duration': 304858604897, 'load_duration': 303634257400, 'prompt_eval_count': 520, 'prompt_eval_duration': 414692376, 'eval_count': 2, 'eval_duration': 4183310}
Response: Well
Analyzing frame 83/96: q_6_main_1_30fps_frame0075.png
Prompt: Given the human reaction shown in the image, do you think the situation observed by that human ends well or poorly? (Use only one word -- well or poorly -- to answer)
Image size: 19384 bytes
Response status code: 200
{'model': 'deepseek-ocr:3b', 'created_at': '2025-11-29T08:52:25.078871019Z', 'message': {'role': 'assistant', 'content': 'Well'}, 'done': True, 'done_reason': 'stop', 'total_duration': 289794397031, 'load_duration': 288578765554, 'prompt_eval_count': 520, 'prompt_eval_duration': 424618858, 'eval_count': 2, 'eval_duration': 4298788}
Response: Well
Analyzing frame 84/96: q_6_main_1_30fps_frame0090.png
Prompt: Given the human reaction shown in the image, do you think the situation observed by that human ends well or poorly? (Use only one word -- well or poorly -- to answer)
Image size: 19260 bytes
Response status code: 200
{'model': 'deepseek-ocr:3b', 'created_at': '2025-11-29T08:57:09.516587861Z', 'message': {'role': 'assistant', 'content': 'Well'}, 'done': True, 'done_reason': 'stop', 'total_duration': 283360287324, 'load_duration': 282187688134, 'prompt_eval_count': 520, 'prompt_eval_duration': 419745714, 'eval_count': 2, 'eval_duration': 4173846}
Response: Well
Analyzing frame 85/96: q_warmup_3_main_1_30fps_frame0013.png
Prompt: Given the human reaction shown in the image, do you think the situation observed by that human ends well or poorly? (Use only one word -- well or poorly -- to answer)
Image size: 19156 bytes
Response status code: 200
{'model': 'deepseek-ocr:3b', 'created_at': '2025-11-29T09:02:10.556227623Z', 'message': {'role': 'assistant', 'content': 'Well'}, 'done': True, 'done_reason': 'stop', 'total_duration': 299974909236, 'load_duration': 298749210181, 'prompt_eval_count': 520, 'prompt_eval_duration': 417363331, 'eval_count': 2, 'eval_duration': 4183847}
Response: Well
Analyzing frame 86/96: q_warmup_3_main_1_30fps_frame0028.png
Prompt: Given the human reaction shown in the image, do you think the situation observed by that human ends well or poorly? (Use only one word -- well or poorly -- to answer)
Image size: 19180 bytes
Response status code: 200
{'model': 'deepseek-ocr:3b', 'created_at': '2025-11-29T09:07:31.872498715Z', 'message': {'role': 'assistant', 'content': 'Well'}, 'done': True, 'done_reason': 'stop', 'total_duration': 320230557563, 'load_duration': 319071003923, 'prompt_eval_count': 520, 'prompt_eval_duration': 416641294, 'eval_count': 2, 'eval_duration': 4309714}
Response: Well
Analyzing frame 87/96: q_warmup_3_main_1_30fps_frame0043.png
Prompt: Given the human reaction shown in the image, do you think the situation observed by that human ends well or poorly? (Use only one word -- well or poorly -- to answer)
Image size: 19188 bytes
Response status code: 200
{'model': 'deepseek-ocr:3b', 'created_at': '2025-11-29T09:12:40.61815492Z', 'message': {'role': 'assistant', 'content': 'Well'}, 'done': True, 'done_reason': 'stop', 'total_duration': 307678259924, 'load_duration': 306558980830, 'prompt_eval_count': 520, 'prompt_eval_duration': 420909611, 'eval_count': 2, 'eval_duration': 4156081}
Response: Well
Analyzing frame 88/96: q_warmup_3_main_1_30fps_frame0058.png
Prompt: Given the human reaction shown in the image, do you think the situation observed by that human ends well or poorly? (Use only one word -- well or poorly -- to answer)
Image size: 19188 bytes
Response status code: 200
{'model': 'deepseek-ocr:3b', 'created_at': '2025-11-29T09:17:35.737661416Z', 'message': {'role': 'assistant', 'content': 'Well'}, 'done': True, 'done_reason': 'stop', 'total_duration': 294047515510, 'load_duration': 292882249482, 'prompt_eval_count': 520, 'prompt_eval_duration': 427209505, 'eval_count': 2, 'eval_duration': 4262503}
Response: Well
Analyzing frame 89/96: q_warmup_3_main_1_30fps_frame0073.png
Prompt: Given the human reaction shown in the image, do you think the situation observed by that human ends well or poorly? (Use only one word -- well or poorly -- to answer)
Image size: 19256 bytes
Response status code: 200
{'model': 'deepseek-ocr:3b', 'created_at': '2025-11-29T09:22:49.581906476Z', 'message': {'role': 'assistant', 'content': 'Well'}, 'done': True, 'done_reason': 'stop', 'total_duration': 312775233356, 'load_duration': 311612551900, 'prompt_eval_count': 520, 'prompt_eval_duration': 416320079, 'eval_count': 2, 'eval_duration': 4269672}
Response: Well
Analyzing frame 90/96: q_warmup_3_main_1_30fps_frame0088.png
Prompt: Given the human reaction shown in the image, do you think the situation observed by that human ends well or poorly? (Use only one word -- well or poorly -- to answer)
Image size: 19200 bytes
Response status code: 200
{'model': 'deepseek-ocr:3b', 'created_at': '2025-11-29T09:28:01.92429527Z', 'message': {'role': 'assistant', 'content': 'Well'}, 'done': True, 'done_reason': 'stop', 'total_duration': 311256133727, 'load_duration': 310081021084, 'prompt_eval_count': 520, 'prompt_eval_duration': 422812179, 'eval_count': 2, 'eval_duration': 4182472}
Response: Well
Analyzing frame 91/96: q_warmup_5_main_0_30fps_frame0015.png
Prompt: Given the human reaction shown in the image, do you think the situation observed by that human ends well or poorly? (Use only one word -- well or poorly -- to answer)
Image size: 19052 bytes
Response status code: 200
{'model': 'deepseek-ocr:3b', 'created_at': '2025-11-29T09:32:37.104359723Z', 'message': {'role': 'assistant', 'content': 'Well'}, 'done': True, 'done_reason': 'stop', 'total_duration': 274068979088, 'load_duration': 272917628319, 'prompt_eval_count': 520, 'prompt_eval_duration': 425572550, 'eval_count': 2, 'eval_duration': 4180711}
Response: Well
Analyzing frame 92/96: q_warmup_5_main_0_30fps_frame0030.png
Prompt: Given the human reaction shown in the image, do you think the situation observed by that human ends well or poorly? (Use only one word -- well or poorly -- to answer)
Image size: 19052 bytes
Response status code: 200
{'model': 'deepseek-ocr:3b', 'created_at': '2025-11-29T09:37:55.890359259Z', 'message': {'role': 'assistant', 'content': 'Well'}, 'done': True, 'done_reason': 'stop', 'total_duration': 317714557043, 'load_duration': 316560090532, 'prompt_eval_count': 520, 'prompt_eval_duration': 420428529, 'eval_count': 2, 'eval_duration': 4162137}
Response: Well
Analyzing frame 93/96: q_warmup_5_main_0_30fps_frame0045.png
Prompt: Given the human reaction shown in the image, do you think the situation observed by that human ends well or poorly? (Use only one word -- well or poorly -- to answer)
Image size: 19120 bytes
Response status code: 200
{'model': 'deepseek-ocr:3b', 'created_at': '2025-11-29T09:42:35.048479274Z', 'message': {'role': 'assistant', 'content': 'Well'}, 'done': True, 'done_reason': 'stop', 'total_duration': 278088596190, 'load_duration': 276923542280, 'prompt_eval_count': 520, 'prompt_eval_duration': 420675199, 'eval_count': 2, 'eval_duration': 4213105}
Response: Well
Analyzing frame 94/96: q_warmup_5_main_0_30fps_frame0060.png
Prompt: Given the human reaction shown in the image, do you think the situation observed by that human ends well or poorly? (Use only one word -- well or poorly -- to answer)
Image size: 19008 bytes
Response status code: 200
{'model': 'deepseek-ocr:3b', 'created_at': '2025-11-29T09:48:25.487220674Z', 'message': {'role': 'assistant', 'content': 'Well'}, 'done': True, 'done_reason': 'stop', 'total_duration': 349386526129, 'load_duration': 348178580333, 'prompt_eval_count': 520, 'prompt_eval_duration': 420445518, 'eval_count': 2, 'eval_duration': 4308254}
Response: Well
Analyzing frame 95/96: q_warmup_5_main_0_30fps_frame0075.png
Prompt: Given the human reaction shown in the image, do you think the situation observed by that human ends well or poorly? (Use only one word -- well or poorly -- to answer)
Image size: 18964 bytes
Response status code: 200
{'model': 'deepseek-ocr:3b', 'created_at': '2025-11-29T09:53:34.183282759Z', 'message': {'role': 'assistant', 'content': 'Well'}, 'done': True, 'done_reason': 'stop', 'total_duration': 307637868438, 'load_duration': 306454975968, 'prompt_eval_count': 520, 'prompt_eval_duration': 421468282, 'eval_count': 2, 'eval_duration': 4182285}
Response: Well
Analyzing frame 96/96: q_warmup_5_main_0_30fps_frame0090.png
Prompt: Given the human reaction shown in the image, do you think the situation observed by that human ends well or poorly? (Use only one word -- well or poorly -- to answer)
Image size: 19008 bytes
Response status code: 200
{'model': 'deepseek-ocr:3b', 'created_at': '2025-11-29T09:58:57.268063269Z', 'message': {'role': 'assistant', 'content': 'Well'}, 'done': True, 'done_reason': 'stop', 'total_duration': 322022433148, 'load_duration': 320790246951, 'prompt_eval_count': 520, 'prompt_eval_duration': 419345750, 'eval_count': 2, 'eval_duration': 4295010}
Response: Well
Processed 96 frames for participant 1048

Results saved to ./results/results_deepseek-ocr_3s.csv
Total frames processed: 96

==================================================
Processing participant 2/30

Processing participant: 1251
Found 102 frames
Analyzing frame 1/102: q_10_main_0_30fps_frame0015.png
Prompt: Given the human reaction shown in the image, do you think the situation observed by that human ends well or poorly? (Use only one word -- well or poorly -- to answer)
Image size: 14248 bytes
Response status code: 200
{'model': 'deepseek-ocr:3b', 'created_at': '2025-11-29T10:04:15.740349384Z', 'message': {'role': 'assistant', 'content': 'Well'}, 'done': True, 'done_reason': 'stop', 'total_duration': 317386124299, 'load_duration': 316243840680, 'prompt_eval_count': 520, 'prompt_eval_duration': 418145525, 'eval_count': 2, 'eval_duration': 4180942}
Response: Well
Analyzing frame 2/102: q_10_main_0_30fps_frame0030.png
Prompt: Given the human reaction shown in the image, do you think the situation observed by that human ends well or poorly? (Use only one word -- well or poorly -- to answer)
Image size: 14204 bytes
Response status code: 200
{'model': 'deepseek-ocr:3b', 'created_at': '2025-11-29T10:09:06.199433656Z', 'message': {'role': 'assistant', 'content': ' Well'}, 'done': True, 'done_reason': 'stop', 'total_duration': 289403117942, 'load_duration': 288220031061, 'prompt_eval_count': 520, 'prompt_eval_duration': 421346607, 'eval_count': 2, 'eval_duration': 4163363}
Response: Well
Analyzing frame 3/102: q_10_main_0_30fps_frame0045.png
Prompt: Given the human reaction shown in the image, do you think the situation observed by that human ends well or poorly? (Use only one word -- well or poorly -- to answer)
Image size: 12864 bytes
Response status code: 200
{'model': 'deepseek-ocr:3b', 'created_at': '2025-11-29T10:13:52.100482278Z', 'message': {'role': 'assistant', 'content': 'Well'}, 'done': True, 'done_reason': 'stop', 'total_duration': 284846846874, 'load_duration': 283660660480, 'prompt_eval_count': 520, 'prompt_eval_duration': 429810032, 'eval_count': 2, 'eval_duration': 4162996}
Response: Well
Analyzing frame 4/102: q_10_main_0_30fps_frame0060.png
Prompt: Given the human reaction shown in the image, do you think the situation observed by that human ends well or poorly? (Use only one word -- well or poorly -- to answer)
Image size: 12900 bytes
Response status code: 200
{'model': 'deepseek-ocr:3b', 'created_at': '2025-11-29T10:19:06.535561425Z', 'message': {'role': 'assistant', 'content': 'Well'}, 'done': True, 'done_reason': 'stop', 'total_duration': 313370734449, 'load_duration': 312159352952, 'prompt_eval_count': 520, 'prompt_eval_duration': 421548692, 'eval_count': 2, 'eval_duration': 4173760}
Response: Well
Analyzing frame 5/102: q_10_main_0_30fps_frame0075.png
Prompt: Given the human reaction shown in the image, do you think the situation observed by that human ends well or poorly? (Use only one word -- well or poorly -- to answer)
Image size: 12840 bytes
Response status code: 200
{'model': 'deepseek-ocr:3b', 'created_at': '2025-11-29T10:24:42.29869272Z', 'message': {'role': 'assistant', 'content': 'Well'}, 'done': True, 'done_reason': 'stop', 'total_duration': 334701301120, 'load_duration': 333518587648, 'prompt_eval_count': 520, 'prompt_eval_duration': 417507241, 'eval_count': 2, 'eval_duration': 4203846}
Response: Well
Analyzing frame 6/102: q_10_main_0_30fps_frame0090.png
Prompt: Given the human reaction shown in the image, do you think the situation observed by that human ends well or poorly? (Use only one word -- well or poorly -- to answer)
Image size: 13348 bytes
Response status code: 200
{'model': 'deepseek-ocr:3b', 'created_at': '2025-11-29T10:29:53.136448351Z', 'message': {'role': 'assistant', 'content': 'Well'}, 'done': True, 'done_reason': 'stop', 'total_duration': 309776658077, 'load_duration': 308580647947, 'prompt_eval_count': 520, 'prompt_eval_duration': 417453318, 'eval_count': 2, 'eval_duration': 4160379}
Response: Well
Analyzing frame 7/102: q_11_main_1_30fps_frame0014.png
Prompt: Given the human reaction shown in the image, do you think the situation observed by that human ends well or poorly? (Use only one word -- well or poorly -- to answer)
Image size: 13824 bytes
Response status code: 200
{'model': 'deepseek-ocr:3b', 'created_at': '2025-11-29T10:34:59.950385004Z', 'message': {'role': 'assistant', 'content': ' Well'}, 'done': True, 'done_reason': 'stop', 'total_duration': 305755720161, 'load_duration': 304574560999, 'prompt_eval_count': 520, 'prompt_eval_duration': 416680254, 'eval_count': 2, 'eval_duration': 4168009}
Response: Well
Analyzing frame 8/102: q_11_main_1_30fps_frame0029.png
Prompt: Given the human reaction shown in the image, do you think the situation observed by that human ends well or poorly? (Use only one word -- well or poorly -- to answer)
Image size: 13856 bytes
Response status code: 200
{'model': 'deepseek-ocr:3b', 'created_at': '2025-11-29T10:40:13.498848631Z', 'message': {'role': 'assistant', 'content': ' Well'}, 'done': True, 'done_reason': 'stop', 'total_duration': 312449712333, 'load_duration': 311300041790, 'prompt_eval_count': 520, 'prompt_eval_duration': 418698758, 'eval_count': 2, 'eval_duration': 4164125}
Response: Well
Analyzing frame 9/102: q_11_main_1_30fps_frame0044.png
Prompt: Given the human reaction shown in the image, do you think the situation observed by that human ends well or poorly? (Use only one word -- well or poorly -- to answer)
Image size: 13868 bytes
Response status code: 200
{'model': 'deepseek-ocr:3b', 'created_at': '2025-11-29T10:45:55.814826221Z', 'message': {'role': 'assistant', 'content': 'Well'}, 'done': True, 'done_reason': 'stop', 'total_duration': 341261225347, 'load_duration': 340104327399, 'prompt_eval_count': 520, 'prompt_eval_duration': 419098040, 'eval_count': 2, 'eval_duration': 4301453}
Response: Well
Analyzing frame 10/102: q_11_main_1_30fps_frame0059.png
Prompt: Given the human reaction shown in the image, do you think the situation observed by that human ends well or poorly? (Use only one word -- well or poorly -- to answer)
Image size: 11276 bytes
Response status code: 200
{'model': 'deepseek-ocr:3b', 'created_at': '2025-11-29T10:50:42.000496993Z', 'message': {'role': 'assistant', 'content': 'Well'}, 'done': True, 'done_reason': 'stop', 'total_duration': 285133170247, 'load_duration': 283904522567, 'prompt_eval_count': 520, 'prompt_eval_duration': 417640020, 'eval_count': 2, 'eval_duration': 4293639}
Response: Well
Analyzing frame 11/102: q_11_main_1_30fps_frame0074.png
Prompt: Given the human reaction shown in the image, do you think the situation observed by that human ends well or poorly? (Use only one word -- well or poorly -- to answer)
Image size: 12580 bytes
Response status code: 200
{'model': 'deepseek-ocr:3b', 'created_at': '2025-11-29T10:55:33.65214663Z', 'message': {'role': 'assistant', 'content': 'Well'}, 'done': True, 'done_reason': 'stop', 'total_duration': 290599224576, 'load_duration': 289429592931, 'prompt_eval_count': 520, 'prompt_eval_duration': 415517733, 'eval_count': 2, 'eval_duration': 7329105}
Response: Well
Analyzing frame 12/102: q_11_main_1_30fps_frame0089.png
Prompt: Given the human reaction shown in the image, do you think the situation observed by that human ends well or poorly? (Use only one word -- well or poorly -- to answer)
Image size: 12780 bytes
Response status code: 200
{'model': 'deepseek-ocr:3b', 'created_at': '2025-11-29T11:00:48.425529876Z', 'message': {'role': 'assistant', 'content': 'Well'}, 'done': True, 'done_reason': 'stop', 'total_duration': 313713164179, 'load_duration': 312522886956, 'prompt_eval_count': 520, 'prompt_eval_duration': 414909858, 'eval_count': 2, 'eval_duration': 4159128}
Response: Well
Analyzing frame 13/102: q_12_main_1_30fps_frame0015.png
Prompt: Given the human reaction shown in the image, do you think the situation observed by that human ends well or poorly? (Use only one word -- well or poorly -- to answer)
Image size: 13612 bytes
Response status code: 200
{'model': 'deepseek-ocr:3b', 'created_at': '2025-11-29T11:06:04.5714174Z', 'message': {'role': 'assistant', 'content': ' Well'}, 'done': True, 'done_reason': 'stop', 'total_duration': 315091750050, 'load_duration': 313888948515, 'prompt_eval_count': 520, 'prompt_eval_duration': 418204660, 'eval_count': 2, 'eval_duration': 4166737}
Response: Well
Analyzing frame 14/102: q_12_main_1_30fps_frame0030.png
Prompt: Given the human reaction shown in the image, do you think the situation observed by that human ends well or poorly? (Use only one word -- well or poorly -- to answer)
Image size: 11500 bytes
Response status code: 200
{'model': 'deepseek-ocr:3b', 'created_at': '2025-11-29T11:11:21.714781969Z', 'message': {'role': 'assistant', 'content': 'Well'}, 'done': True, 'done_reason': 'stop', 'total_duration': 316084624656, 'load_duration': 314908780112, 'prompt_eval_count': 520, 'prompt_eval_duration': 427571000, 'eval_count': 2, 'eval_duration': 4159674}
Response: Well
Analyzing frame 15/102: q_12_main_1_30fps_frame0045.png
Prompt: Given the human reaction shown in the image, do you think the situation observed by that human ends well or poorly? (Use only one word -- well or poorly -- to answer)
Image size: 10152 bytes
Response status code: 200
{'model': 'deepseek-ocr:3b', 'created_at': '2025-11-29T11:16:43.536162691Z', 'message': {'role': 'assistant', 'content': 'Well'}, 'done': True, 'done_reason': 'stop', 'total_duration': 320747254167, 'load_duration': 319603484095, 'prompt_eval_count': 520, 'prompt_eval_duration': 427256223, 'eval_count': 2, 'eval_duration': 4173754}
Response: Well
Analyzing frame 16/102: q_12_main_1_30fps_frame0060.png
Prompt: Given the human reaction shown in the image, do you think the situation observed by that human ends well or poorly? (Use only one word -- well or poorly -- to answer)
Image size: 12684 bytes
Response status code: 200
{'model': 'deepseek-ocr:3b', 'created_at': '2025-11-29T11:22:16.306161475Z', 'message': {'role': 'assistant', 'content': 'Well'}, 'done': True, 'done_reason': 'stop', 'total_duration': 331717458892, 'load_duration': 330603225790, 'prompt_eval_count': 520, 'prompt_eval_duration': 417415251, 'eval_count': 2, 'eval_duration': 4197561}
Response: Well
Analyzing frame 17/102: q_12_main_1_30fps_frame0075.png
Prompt: Given the human reaction shown in the image, do you think the situation observed by that human ends well or poorly? (Use only one word -- well or poorly -- to answer)
Image size: 13140 bytes
Response status code: 200
{'model': 'deepseek-ocr:3b', 'created_at': '2025-11-29T11:27:15.890424767Z', 'message': {'role': 'assistant', 'content': 'Well'}, 'done': True, 'done_reason': 'stop', 'total_duration': 298520864587, 'load_duration': 297364931750, 'prompt_eval_count': 520, 'prompt_eval_duration': 419471160, 'eval_count': 2, 'eval_duration': 4156146}
Response: Well
Analyzing frame 18/102: q_12_main_1_30fps_frame0090.png
Prompt: Given the human reaction shown in the image, do you think the situation observed by that human ends well or poorly? (Use only one word -- well or poorly -- to answer)
Image size: 13220 bytes
Response status code: 200
{'model': 'deepseek-ocr:3b', 'created_at': '2025-11-29T11:31:54.817286519Z', 'message': {'role': 'assistant', 'content': 'Well'}, 'done': True, 'done_reason': 'stop', 'total_duration': 277865746514, 'load_duration': 276704058738, 'prompt_eval_count': 520, 'prompt_eval_duration': 425984493, 'eval_count': 2, 'eval_duration': 4320977}
Response: Well
Analyzing frame 19/102: q_1_main_0_30fps_frame0015.png
Prompt: Given the human reaction shown in the image, do you think the situation observed by that human ends well or poorly? (Use only one word -- well or poorly -- to answer)
Image size: 12104 bytes
Response status code: 200
{'model': 'deepseek-ocr:3b', 'created_at': '2025-11-29T11:37:13.236544981Z', 'message': {'role': 'assistant', 'content': ' Well'}, 'done': True, 'done_reason': 'stop', 'total_duration': 317358237591, 'load_duration': 316192245764, 'prompt_eval_count': 520, 'prompt_eval_duration': 421757889, 'eval_count': 2, 'eval_duration': 4167643}
Response: Well
Analyzing frame 20/102: q_1_main_0_30fps_frame0030.png
Prompt: Given the human reaction shown in the image, do you think the situation observed by that human ends well or poorly? (Use only one word -- well or poorly -- to answer)
Image size: 12116 bytes
Response status code: 200
{'model': 'deepseek-ocr:3b', 'created_at': '2025-11-29T11:42:27.015528545Z', 'message': {'role': 'assistant', 'content': ' Well'}, 'done': True, 'done_reason': 'stop', 'total_duration': 312710157478, 'load_duration': 311489634769, 'prompt_eval_count': 520, 'prompt_eval_duration': 420858667, 'eval_count': 2, 'eval_duration': 4187086}
Response: Well
Analyzing frame 21/102: q_1_main_0_30fps_frame0045.png
Prompt: Given the human reaction shown in the image, do you think the situation observed by that human ends well or poorly? (Use only one word -- well or poorly -- to answer)
Image size: 11432 bytes
Response status code: 200
{'model': 'deepseek-ocr:3b', 'created_at': '2025-11-29T11:47:40.387655073Z', 'message': {'role': 'assistant', 'content': 'Well'}, 'done': True, 'done_reason': 'stop', 'total_duration': 312281571649, 'load_duration': 311042330349, 'prompt_eval_count': 520, 'prompt_eval_duration': 462701316, 'eval_count': 2, 'eval_duration': 4173544}
Response: Well
Analyzing frame 22/102: q_1_main_0_30fps_frame0060.png
Prompt: Given the human reaction shown in the image, do you think the situation observed by that human ends well or poorly? (Use only one word -- well or poorly -- to answer)
Image size: 10008 bytes
Response status code: 200
{'model': 'deepseek-ocr:3b', 'created_at': '2025-11-29T11:52:48.669838572Z', 'message': {'role': 'assistant', 'content': 'Well'}, 'done': True, 'done_reason': 'stop', 'total_duration': 307223733706, 'load_duration': 306045941369, 'prompt_eval_count': 520, 'prompt_eval_duration': 420677365, 'eval_count': 2, 'eval_duration': 4193890}
Response: Well
Analyzing frame 23/102: q_1_main_0_30fps_frame0075.png
Prompt: Given the human reaction shown in the image, do you think the situation observed by that human ends well or poorly? (Use only one word -- well or poorly -- to answer)
Image size: 10792 bytes
Response status code: 200
{'model': 'deepseek-ocr:3b', 'created_at': '2025-11-29T11:58:01.660721586Z', 'message': {'role': 'assistant', 'content': 'Well'}, 'done': True, 'done_reason': 'stop', 'total_duration': 311922397060, 'load_duration': 310739774692, 'prompt_eval_count': 520, 'prompt_eval_duration': 418980056, 'eval_count': 2, 'eval_duration': 4150374}
Response: Well
Analyzing frame 24/102: q_1_main_0_30fps_frame0090.png
Prompt: Given the human reaction shown in the image, do you think the situation observed by that human ends well or poorly? (Use only one word -- well or poorly -- to answer)
Image size: 11400 bytes
Response status code: 200
{'model': 'deepseek-ocr:3b', 'created_at': '2025-11-29T12:03:45.888794075Z', 'message': {'role': 'assistant', 'content': ' Well'}, 'done': True, 'done_reason': 'stop', 'total_duration': 343171801381, 'load_duration': 341984355034, 'prompt_eval_count': 520, 'prompt_eval_duration': 417371242, 'eval_count': 2, 'eval_duration': 4273347}
Response: Well
Analyzing frame 25/102: q_21_main_0_30fps_frame0015.png
Prompt: Given the human reaction shown in the image, do you think the situation observed by that human ends well or poorly? (Use only one word -- well or poorly -- to answer)
Image size: 14028 bytes
Response status code: 200
{'model': 'deepseek-ocr:3b', 'created_at': '2025-11-29T12:08:28.720569456Z', 'message': {'role': 'assistant', 'content': ' Well'}, 'done': True, 'done_reason': 'stop', 'total_duration': 281768396112, 'load_duration': 280563685553, 'prompt_eval_count': 520, 'prompt_eval_duration': 422093345, 'eval_count': 2, 'eval_duration': 4159097}
Response: Well
Analyzing frame 26/102: q_21_main_0_30fps_frame0030.png
Prompt: Given the human reaction shown in the image, do you think the situation observed by that human ends well or poorly? (Use only one word -- well or poorly -- to answer)
Image size: 14044 bytes
Response status code: 200
{'model': 'deepseek-ocr:3b', 'created_at': '2025-11-29T12:13:22.942332438Z', 'message': {'role': 'assistant', 'content': ' Well'}, 'done': True, 'done_reason': 'stop', 'total_duration': 293165055442, 'load_duration': 291985206852, 'prompt_eval_count': 520, 'prompt_eval_duration': 422714442, 'eval_count': 2, 'eval_duration': 4166163}
Response: Well
Analyzing frame 27/102: q_21_main_0_30fps_frame0045.png
Prompt: Given the human reaction shown in the image, do you think the situation observed by that human ends well or poorly? (Use only one word -- well or poorly -- to answer)
Image size: 14052 bytes
Response status code: 200
{'model': 'deepseek-ocr:3b', 'created_at': '2025-11-29T12:18:24.778236626Z', 'message': {'role': 'assistant', 'content': 'Well'}, 'done': True, 'done_reason': 'stop', 'total_duration': 300775723555, 'load_duration': 299595055471, 'prompt_eval_count': 520, 'prompt_eval_duration': 422929874, 'eval_count': 2, 'eval_duration': 4165491}
Response: Well
Analyzing frame 28/102: q_21_main_0_30fps_frame0060.png
Prompt: Given the human reaction shown in the image, do you think the situation observed by that human ends well or poorly? (Use only one word -- well or poorly -- to answer)
Image size: 14000 bytes
Response status code: 200
{'model': 'deepseek-ocr:3b', 'created_at': '2025-11-29T12:23:36.123454323Z', 'message': {'role': 'assistant', 'content': ' Well'}, 'done': True, 'done_reason': 'stop', 'total_duration': 310280674880, 'load_duration': 309089102021, 'prompt_eval_count': 520, 'prompt_eval_duration': 426188660, 'eval_count': 2, 'eval_duration': 4164406}
Response: Well
Analyzing frame 29/102: q_21_main_0_30fps_frame0075.png
Prompt: Given the human reaction shown in the image, do you think the situation observed by that human ends well or poorly? (Use only one word -- well or poorly -- to answer)
Image size: 14104 bytes
Response status code: 200
{'model': 'deepseek-ocr:3b', 'created_at': '2025-11-29T12:28:43.88052014Z', 'message': {'role': 'assistant', 'content': 'Well'}, 'done': True, 'done_reason': 'stop', 'total_duration': 306694189781, 'load_duration': 305543560550, 'prompt_eval_count': 520, 'prompt_eval_duration': 421406060, 'eval_count': 2, 'eval_duration': 4301873}
Response: Well
Analyzing frame 30/102: q_21_main_0_30fps_frame0090.png
Prompt: Given the human reaction shown in the image, do you think the situation observed by that human ends well or poorly? (Use only one word -- well or poorly -- to answer)
Image size: 14060 bytes
Response status code: 200
{'model': 'deepseek-ocr:3b', 'created_at': '2025-11-29T12:34:05.913767671Z', 'message': {'role': 'assistant', 'content': ' Well'}, 'done': True, 'done_reason': 'stop', 'total_duration': 320950737044, 'load_duration': 319746531419, 'prompt_eval_count': 520, 'prompt_eval_duration': 420630368, 'eval_count': 2, 'eval_duration': 4215289}
Response: Well
Analyzing frame 31/102: q_22_main_0_30fps_frame0015.png
Prompt: Given the human reaction shown in the image, do you think the situation observed by that human ends well or poorly? (Use only one word -- well or poorly -- to answer)
Image size: 12140 bytes
Response status code: 200
{'model': 'deepseek-ocr:3b', 'created_at': '2025-11-29T12:39:17.747870091Z', 'message': {'role': 'assistant', 'content': 'Well'}, 'done': True, 'done_reason': 'stop', 'total_duration': 310776371253, 'load_duration': 309580166114, 'prompt_eval_count': 520, 'prompt_eval_duration': 424084708, 'eval_count': 2, 'eval_duration': 4171205}
Response: Well
Analyzing frame 32/102: q_22_main_0_30fps_frame0030.png
Prompt: Given the human reaction shown in the image, do you think the situation observed by that human ends well or poorly? (Use only one word -- well or poorly -- to answer)
Image size: 10808 bytes
Response status code: 200
{'model': 'deepseek-ocr:3b', 'created_at': '2025-11-29T12:44:56.694893785Z', 'message': {'role': 'assistant', 'content': 'Well'}, 'done': True, 'done_reason': 'stop', 'total_duration': 337900335254, 'load_duration': 336707758329, 'prompt_eval_count': 520, 'prompt_eval_duration': 420987551, 'eval_count': 2, 'eval_duration': 4183776}
Response: Well
Analyzing frame 33/102: q_22_main_0_30fps_frame0045.png
Prompt: Given the human reaction shown in the image, do you think the situation observed by that human ends well or poorly? (Use only one word -- well or poorly -- to answer)
Image size: 9704 bytes
Response status code: 200
{'model': 'deepseek-ocr:3b', 'created_at': '2025-11-29T12:49:51.617192942Z', 'message': {'role': 'assistant', 'content': 'Well'}, 'done': True, 'done_reason': 'stop', 'total_duration': 293874016468, 'load_duration': 292673611588, 'prompt_eval_count': 520, 'prompt_eval_duration': 429983932, 'eval_count': 2, 'eval_duration': 4289793}
Response: Well
Analyzing frame 34/102: q_22_main_0_30fps_frame0060.png
Prompt: Given the human reaction shown in the image, do you think the situation observed by that human ends well or poorly? (Use only one word -- well or poorly -- to answer)
Image size: 11484 bytes
Response status code: 200
{'model': 'deepseek-ocr:3b', 'created_at': '2025-11-29T12:54:53.193034555Z', 'message': {'role': 'assistant', 'content': 'Well'}, 'done': True, 'done_reason': 'stop', 'total_duration': 300495632763, 'load_duration': 299298868309, 'prompt_eval_count': 520, 'prompt_eval_duration': 419846887, 'eval_count': 2, 'eval_duration': 4166914}
Response: Well
Analyzing frame 35/102: q_22_main_0_30fps_frame0075.png
Prompt: Given the human reaction shown in the image, do you think the situation observed by that human ends well or poorly? (Use only one word -- well or poorly -- to answer)
Image size: 12164 bytes
Response status code: 200
{'model': 'deepseek-ocr:3b', 'created_at': '2025-11-29T13:00:17.893105227Z', 'message': {'role': 'assistant', 'content': 'Well'}, 'done': True, 'done_reason': 'stop', 'total_duration': 323642072482, 'load_duration': 322476240325, 'prompt_eval_count': 520, 'prompt_eval_duration': 422971397, 'eval_count': 2, 'eval_duration': 4154112}
Response: Well
Analyzing frame 36/102: q_22_main_0_30fps_frame0090.png
Prompt: Given the human reaction shown in the image, do you think the situation observed by that human ends well or poorly? (Use only one word -- well or poorly -- to answer)
Image size: 12372 bytes
Response status code: 200
{'model': 'deepseek-ocr:3b', 'created_at': '2025-11-29T13:05:53.884562079Z', 'message': {'role': 'assistant', 'content': 'Well'}, 'done': True, 'done_reason': 'stop', 'total_duration': 334928264848, 'load_duration': 333782880403, 'prompt_eval_count': 520, 'prompt_eval_duration': 416492355, 'eval_count': 2, 'eval_duration': 4197189}
Response: Well
Analyzing frame 37/102: q_26_main_1_30fps_frame0014.png
Prompt: Given the human reaction shown in the image, do you think the situation observed by that human ends well or poorly? (Use only one word -- well or poorly -- to answer)
Image size: 13820 bytes
Response status code: 200
{'model': 'deepseek-ocr:3b', 'created_at': '2025-11-29T13:10:45.897615245Z', 'message': {'role': 'assistant', 'content': 'Well'}, 'done': True, 'done_reason': 'stop', 'total_duration': 290948170669, 'load_duration': 289794700000, 'prompt_eval_count': 520, 'prompt_eval_duration': 426776969, 'eval_count': 2, 'eval_duration': 4191363}
Response: Well
Analyzing frame 38/102: q_26_main_1_30fps_frame0029.png
Prompt: Given the human reaction shown in the image, do you think the situation observed by that human ends well or poorly? (Use only one word -- well or poorly -- to answer)
Image size: 13816 bytes
Response status code: 200
{'model': 'deepseek-ocr:3b', 'created_at': '2025-11-29T13:15:35.087918193Z', 'message': {'role': 'assistant', 'content': 'Well'}, 'done': True, 'done_reason': 'stop', 'total_duration': 288132512221, 'load_duration': 286940464817, 'prompt_eval_count': 520, 'prompt_eval_duration': 422053326, 'eval_count': 2, 'eval_duration': 4178468}
Response: Well
Analyzing frame 39/102: q_26_main_1_30fps_frame0044.png
Prompt: Given the human reaction shown in the image, do you think the situation observed by that human ends well or poorly? (Use only one word -- well or poorly -- to answer)
Image size: 13504 bytes
Response status code: 200
{'model': 'deepseek-ocr:3b', 'created_at': '2025-11-29T13:20:59.991187015Z', 'message': {'role': 'assistant', 'content': 'Well'}, 'done': True, 'done_reason': 'stop', 'total_duration': 323846467323, 'load_duration': 322590452229, 'prompt_eval_count': 520, 'prompt_eval_duration': 475855429, 'eval_count': 2, 'eval_duration': 4313606}
Response: Well
Analyzing frame 40/102: q_26_main_1_30fps_frame0059.png
Prompt: Given the human reaction shown in the image, do you think the situation observed by that human ends well or poorly? (Use only one word -- well or poorly -- to answer)
Image size: 11852 bytes
Response status code: 200
{'model': 'deepseek-ocr:3b', 'created_at': '2025-11-29T13:26:13.550695201Z', 'message': {'role': 'assistant', 'content': 'Well'}, 'done': True, 'done_reason': 'stop', 'total_duration': 312500134072, 'load_duration': 311306726538, 'prompt_eval_count': 520, 'prompt_eval_duration': 438053646, 'eval_count': 2, 'eval_duration': 4196779}
Response: Well
Analyzing frame 41/102: q_26_main_1_30fps_frame0074.png
Prompt: Given the human reaction shown in the image, do you think the situation observed by that human ends well or poorly? (Use only one word -- well or poorly -- to answer)
Image size: 12980 bytes
Response status code: 200
{'model': 'deepseek-ocr:3b', 'created_at': '2025-11-29T13:31:43.584552144Z', 'message': {'role': 'assistant', 'content': ' Well'}, 'done': True, 'done_reason': 'stop', 'total_duration': 328968546634, 'load_duration': 327760139552, 'prompt_eval_count': 520, 'prompt_eval_duration': 421278805, 'eval_count': 2, 'eval_duration': 4167348}
Response: Well
Analyzing frame 42/102: q_26_main_1_30fps_frame0089.png
Prompt: Given the human reaction shown in the image, do you think the situation observed by that human ends well or poorly? (Use only one word -- well or poorly -- to answer)
Image size: 13220 bytes
Response status code: 200
{'model': 'deepseek-ocr:3b', 'created_at': '2025-11-29T13:36:48.017983519Z', 'message': {'role': 'assistant', 'content': 'Well'}, 'done': True, 'done_reason': 'stop', 'total_duration': 303381724984, 'load_duration': 302216044442, 'prompt_eval_count': 520, 'prompt_eval_duration': 421328388, 'eval_count': 2, 'eval_duration': 4251876}
Response: Well
Analyzing frame 43/102: q_29_main_0_30fps_frame0014.png
Prompt: Given the human reaction shown in the image, do you think the situation observed by that human ends well or poorly? (Use only one word -- well or poorly -- to answer)
Image size: 12076 bytes
Response status code: 200
{'model': 'deepseek-ocr:3b', 'created_at': '2025-11-29T13:42:06.432835336Z', 'message': {'role': 'assistant', 'content': 'Well'}, 'done': True, 'done_reason': 'stop', 'total_duration': 317362912737, 'load_duration': 316142035608, 'prompt_eval_count': 520, 'prompt_eval_duration': 416304199, 'eval_count': 2, 'eval_duration': 4185779}
Response: Well
Analyzing frame 44/102: q_29_main_0_30fps_frame0029.png
Prompt: Given the human reaction shown in the image, do you think the situation observed by that human ends well or poorly? (Use only one word -- well or poorly -- to answer)
Image size: 11076 bytes
Response status code: 200
{'model': 'deepseek-ocr:3b', 'created_at': '2025-11-29T13:47:42.182366929Z', 'message': {'role': 'assistant', 'content': 'Well'}, 'done': True, 'done_reason': 'stop', 'total_duration': 334688925642, 'load_duration': 333509717841, 'prompt_eval_count': 520, 'prompt_eval_duration': 429712383, 'eval_count': 2, 'eval_duration': 4190216}
Response: Well
Analyzing frame 45/102: q_29_main_0_30fps_frame0044.png
Prompt: Given the human reaction shown in the image, do you think the situation observed by that human ends well or poorly? (Use only one word -- well or poorly -- to answer)
Image size: 11432 bytes
Response status code: 200
{'model': 'deepseek-ocr:3b', 'created_at': '2025-11-29T13:52:42.542249701Z', 'message': {'role': 'assistant', 'content': ' Well'}, 'done': True, 'done_reason': 'stop', 'total_duration': 299289083208, 'load_duration': 298093423038, 'prompt_eval_count': 520, 'prompt_eval_duration': 416931865, 'eval_count': 2, 'eval_duration': 4149922}
Response: Well
Analyzing frame 46/102: q_29_main_0_30fps_frame0059.png
Prompt: Given the human reaction shown in the image, do you think the situation observed by that human ends well or poorly? (Use only one word -- well or poorly -- to answer)
Image size: 11624 bytes
Response status code: 200
{'model': 'deepseek-ocr:3b', 'created_at': '2025-11-29T13:57:41.588090177Z', 'message': {'role': 'assistant', 'content': 'Well'}, 'done': True, 'done_reason': 'stop', 'total_duration': 297989398420, 'load_duration': 296764554619, 'prompt_eval_count': 520, 'prompt_eval_duration': 429986933, 'eval_count': 2, 'eval_duration': 4146014}
Response: Well
Analyzing frame 47/102: q_29_main_0_30fps_frame0074.png
Prompt: Given the human reaction shown in the image, do you think the situation observed by that human ends well or poorly? (Use only one word -- well or poorly -- to answer)
Image size: 11956 bytes
Response status code: 200
{'model': 'deepseek-ocr:3b', 'created_at': '2025-11-29T14:03:04.586033015Z', 'message': {'role': 'assistant', 'content': 'Well'}, 'done': True, 'done_reason': 'stop', 'total_duration': 321908224073, 'load_duration': 320716557339, 'prompt_eval_count': 520, 'prompt_eval_duration': 420831514, 'eval_count': 2, 'eval_duration': 4198224}
Response: Well
Analyzing frame 48/102: q_29_main_0_30fps_frame0089.png
Prompt: Given the human reaction shown in the image, do you think the situation observed by that human ends well or poorly? (Use only one word -- well or poorly -- to answer)
Image size: 11564 bytes
Response status code: 200
{'model': 'deepseek-ocr:3b', 'created_at': '2025-11-29T14:08:51.683133318Z', 'message': {'role': 'assistant', 'content': 'Well'}, 'done': True, 'done_reason': 'stop', 'total_duration': 346041196701, 'load_duration': 344823179338, 'prompt_eval_count': 520, 'prompt_eval_duration': 419464480, 'eval_count': 2, 'eval_duration': 4181034}
Response: Well
Analyzing frame 49/102: q_2_main_1_30fps_frame0015.png
Prompt: Given the human reaction shown in the image, do you think the situation observed by that human ends well or poorly? (Use only one word -- well or poorly -- to answer)
Image size: 12432 bytes
Response status code: 200
{'model': 'deepseek-ocr:3b', 'created_at': '2025-11-29T14:14:14.897707252Z', 'message': {'role': 'assistant', 'content': 'Well'}, 'done': True, 'done_reason': 'stop', 'total_duration': 322158911561, 'load_duration': 320937261255, 'prompt_eval_count': 520, 'prompt_eval_duration': 422808276, 'eval_count': 2, 'eval_duration': 4155857}
Response: Well
Analyzing frame 50/102: q_2_main_1_30fps_frame0030.png
Prompt: Given the human reaction shown in the image, do you think the situation observed by that human ends well or poorly? (Use only one word -- well or poorly -- to answer)
Image size: 12200 bytes
Response status code: 200
{'model': 'deepseek-ocr:3b', 'created_at': '2025-11-29T14:19:44.798480573Z', 'message': {'role': 'assistant', 'content': ' Well'}, 'done': True, 'done_reason': 'stop', 'total_duration': 328854192369, 'load_duration': 327654512021, 'prompt_eval_count': 520, 'prompt_eval_duration': 422190817, 'eval_count': 2, 'eval_duration': 4211944}
Response: Well
Analyzing frame 51/102: q_2_main_1_30fps_frame0045.png
Prompt: Given the human reaction shown in the image, do you think the situation observed by that human ends well or poorly? (Use only one word -- well or poorly -- to answer)
Image size: 12064 bytes
Response status code: 200
{'model': 'deepseek-ocr:3b', 'created_at': '2025-11-29T14:25:17.140758094Z', 'message': {'role': 'assistant', 'content': 'Well'}, 'done': True, 'done_reason': 'stop', 'total_duration': 331283860441, 'load_duration': 330098229185, 'prompt_eval_count': 520, 'prompt_eval_duration': 425072751, 'eval_count': 2, 'eval_duration': 4190405}
Response: Well
Analyzing frame 52/102: q_2_main_1_30fps_frame0060.png
Prompt: Given the human reaction shown in the image, do you think the situation observed by that human ends well or poorly? (Use only one word -- well or poorly -- to answer)
Image size: 12348 bytes
Response status code: 200
{'model': 'deepseek-ocr:3b', 'created_at': '2025-11-29T14:30:09.677133567Z', 'message': {'role': 'assistant', 'content': 'Well'}, 'done': True, 'done_reason': 'stop', 'total_duration': 291468459278, 'load_duration': 290334542081, 'prompt_eval_count': 520, 'prompt_eval_duration': 424520238, 'eval_count': 2, 'eval_duration': 4184416}
Response: Well
Analyzing frame 53/102: q_2_main_1_30fps_frame0075.png
Prompt: Given the human reaction shown in the image, do you think the situation observed by that human ends well or poorly? (Use only one word -- well or poorly -- to answer)
Image size: 12260 bytes
Response status code: 200
{'model': 'deepseek-ocr:3b', 'created_at': '2025-11-29T14:35:27.871827544Z', 'message': {'role': 'assistant', 'content': 'Well'}, 'done': True, 'done_reason': 'stop', 'total_duration': 317140638089, 'load_duration': 315988429931, 'prompt_eval_count': 520, 'prompt_eval_duration': 421488923, 'eval_count': 2, 'eval_duration': 4169541}
Response: Well
Analyzing frame 54/102: q_2_main_1_30fps_frame0090.png
Prompt: Given the human reaction shown in the image, do you think the situation observed by that human ends well or poorly? (Use only one word -- well or poorly -- to answer)
Image size: 12200 bytes
Response status code: 200
{'model': 'deepseek-ocr:3b', 'created_at': '2025-11-29T14:40:50.729777348Z', 'message': {'role': 'assistant', 'content': 'Well'}, 'done': True, 'done_reason': 'stop', 'total_duration': 321801552830, 'load_duration': 320584806072, 'prompt_eval_count': 520, 'prompt_eval_duration': 417410422, 'eval_count': 2, 'eval_duration': 4162880}
Response: Well
Analyzing frame 55/102: q_30_main_0_30fps_frame0014.png
Prompt: Given the human reaction shown in the image, do you think the situation observed by that human ends well or poorly? (Use only one word -- well or poorly -- to answer)
Image size: 13796 bytes
Response status code: 200
{'model': 'deepseek-ocr:3b', 'created_at': '2025-11-29T14:46:21.017103015Z', 'message': {'role': 'assistant', 'content': 'Well'}, 'done': True, 'done_reason': 'stop', 'total_duration': 329233083120, 'load_duration': 328034263665, 'prompt_eval_count': 520, 'prompt_eval_duration': 421861714, 'eval_count': 2, 'eval_duration': 4172839}
Response: Well
Analyzing frame 56/102: q_30_main_0_30fps_frame0029.png
Prompt: Given the human reaction shown in the image, do you think the situation observed by that human ends well or poorly? (Use only one word -- well or poorly -- to answer)
Image size: 12276 bytes
Response status code: 200
{'model': 'deepseek-ocr:3b', 'created_at': '2025-11-29T14:51:38.021141328Z', 'message': {'role': 'assistant', 'content': 'Well'}, 'done': True, 'done_reason': 'stop', 'total_duration': 315951872014, 'load_duration': 314744828912, 'prompt_eval_count': 520, 'prompt_eval_duration': 420768395, 'eval_count': 2, 'eval_duration': 4188754}
Response: Well
Analyzing frame 57/102: q_30_main_0_30fps_frame0044.png
Prompt: Given the human reaction shown in the image, do you think the situation observed by that human ends well or poorly? (Use only one word -- well or poorly -- to answer)
Image size: 11072 bytes
Response status code: 200
{'model': 'deepseek-ocr:3b', 'created_at': '2025-11-29T14:57:08.447246276Z', 'message': {'role': 'assistant', 'content': 'Well'}, 'done': True, 'done_reason': 'stop', 'total_duration': 329370805201, 'load_duration': 328174470547, 'prompt_eval_count': 520, 'prompt_eval_duration': 419839513, 'eval_count': 2, 'eval_duration': 4176076}
Response: Well
Analyzing frame 58/102: q_30_main_0_30fps_frame0059.png
Prompt: Given the human reaction shown in the image, do you think the situation observed by that human ends well or poorly? (Use only one word -- well or poorly -- to answer)
Image size: 13164 bytes
Response status code: 200
{'model': 'deepseek-ocr:3b', 'created_at': '2025-11-29T15:02:30.337272041Z', 'message': {'role': 'assistant', 'content': 'Well'}, 'done': True, 'done_reason': 'stop', 'total_duration': 320819079946, 'load_duration': 319644008197, 'prompt_eval_count': 520, 'prompt_eval_duration': 422435711, 'eval_count': 2, 'eval_duration': 4190036}
Response: Well
Analyzing frame 59/102: q_30_main_0_30fps_frame0074.png
Prompt: Given the human reaction shown in the image, do you think the situation observed by that human ends well or poorly? (Use only one word -- well or poorly -- to answer)
Image size: 13340 bytes
Response status code: 200
{'model': 'deepseek-ocr:3b', 'created_at': '2025-11-29T15:08:12.586434267Z', 'message': {'role': 'assistant', 'content': 'Well'}, 'done': True, 'done_reason': 'stop', 'total_duration': 341184283101, 'load_duration': 339965159917, 'prompt_eval_count': 520, 'prompt_eval_duration': 423957019, 'eval_count': 2, 'eval_duration': 4176544}
Response: Well
Analyzing frame 60/102: q_30_main_0_30fps_frame0089.png
Prompt: Given the human reaction shown in the image, do you think the situation observed by that human ends well or poorly? (Use only one word -- well or poorly -- to answer)
Image size: 13708 bytes
Response status code: 200
{'model': 'deepseek-ocr:3b', 'created_at': '2025-11-29T15:13:37.740756652Z', 'message': {'role': 'assistant', 'content': 'Well'}, 'done': True, 'done_reason': 'stop', 'total_duration': 324048783512, 'load_duration': 322903163498, 'prompt_eval_count': 520, 'prompt_eval_duration': 420721794, 'eval_count': 2, 'eval_duration': 4506817}
Response: Well
Analyzing frame 61/102: q_3_main_0_30fps_frame0014.png
Prompt: Given the human reaction shown in the image, do you think the situation observed by that human ends well or poorly? (Use only one word -- well or poorly -- to answer)
Image size: 12336 bytes
Response status code: 200
{'model': 'deepseek-ocr:3b', 'created_at': '2025-11-29T15:19:29.207940093Z', 'message': {'role': 'assistant', 'content': 'Well'}, 'done': True, 'done_reason': 'stop', 'total_duration': 350418254898, 'load_duration': 349213491345, 'prompt_eval_count': 520, 'prompt_eval_duration': 422625872, 'eval_count': 2, 'eval_duration': 4165846}
Response: Well
Analyzing frame 62/102: q_3_main_0_30fps_frame0029.png
Prompt: Given the human reaction shown in the image, do you think the situation observed by that human ends well or poorly? (Use only one word -- well or poorly -- to answer)
Image size: 12424 bytes
Response status code: 200
{'model': 'deepseek-ocr:3b', 'created_at': '2025-11-29T15:24:21.025875435Z', 'message': {'role': 'assistant', 'content': 'Well'}, 'done': True, 'done_reason': 'stop', 'total_duration': 290762655755, 'load_duration': 289593345028, 'prompt_eval_count': 520, 'prompt_eval_duration': 416407428, 'eval_count': 2, 'eval_duration': 4198193}
Response: Well
Analyzing frame 63/102: q_3_main_0_30fps_frame0044.png
Prompt: Given the human reaction shown in the image, do you think the situation observed by that human ends well or poorly? (Use only one word -- well or poorly -- to answer)
Image size: 12392 bytes
Response status code: 200
{'model': 'deepseek-ocr:3b', 'created_at': '2025-11-29T15:29:28.2952086Z', 'message': {'role': 'assistant', 'content': 'Well'}, 'done': True, 'done_reason': 'stop', 'total_duration': 306210982498, 'load_duration': 305027313341, 'prompt_eval_count': 520, 'prompt_eval_duration': 422472189, 'eval_count': 2, 'eval_duration': 4184432}
Response: Well
Analyzing frame 64/102: q_3_main_0_30fps_frame0059.png
Prompt: Given the human reaction shown in the image, do you think the situation observed by that human ends well or poorly? (Use only one word -- well or poorly -- to answer)
Image size: 12352 bytes
Response status code: 200
{'model': 'deepseek-ocr:3b', 'created_at': '2025-11-29T15:34:34.018476386Z', 'message': {'role': 'assistant', 'content': 'Well'}, 'done': True, 'done_reason': 'stop', 'total_duration': 304674252637, 'load_duration': 303492068860, 'prompt_eval_count': 520, 'prompt_eval_duration': 415040456, 'eval_count': 2, 'eval_duration': 4179620}
Response: Well
Analyzing frame 65/102: q_3_main_0_30fps_frame0074.png
Prompt: Given the human reaction shown in the image, do you think the situation observed by that human ends well or poorly? (Use only one word -- well or poorly -- to answer)
Image size: 12480 bytes
Response status code: 200
{'model': 'deepseek-ocr:3b', 'created_at': '2025-11-29T15:39:42.246375619Z', 'message': {'role': 'assistant', 'content': ' Well'}, 'done': True, 'done_reason': 'stop', 'total_duration': 307175096697, 'load_duration': 305995824580, 'prompt_eval_count': 520, 'prompt_eval_duration': 419041957, 'eval_count': 2, 'eval_duration': 4327061}
Response: Well
Analyzing frame 66/102: q_3_main_0_30fps_frame0089.png
Prompt: Given the human reaction shown in the image, do you think the situation observed by that human ends well or poorly? (Use only one word -- well or poorly -- to answer)
Image size: 12316 bytes
Response status code: 200
{'model': 'deepseek-ocr:3b', 'created_at': '2025-11-29T15:45:13.198787672Z', 'message': {'role': 'assistant', 'content': 'Well'}, 'done': True, 'done_reason': 'stop', 'total_duration': 329892777147, 'load_duration': 328657514842, 'prompt_eval_count': 520, 'prompt_eval_duration': 419278544, 'eval_count': 2, 'eval_duration': 4349307}
Response: Well
Analyzing frame 67/102: q_5_main_0_30fps_frame0014.png
Prompt: Given the human reaction shown in the image, do you think the situation observed by that human ends well or poorly? (Use only one word -- well or poorly -- to answer)
Image size: 12160 bytes
Response status code: 200
{'model': 'deepseek-ocr:3b', 'created_at': '2025-11-29T15:50:02.033421877Z', 'message': {'role': 'assistant', 'content': 'Well'}, 'done': True, 'done_reason': 'stop', 'total_duration': 287784794312, 'load_duration': 286560034834, 'prompt_eval_count': 520, 'prompt_eval_duration': 418796835, 'eval_count': 2, 'eval_duration': 4203006}
Response: Well
Analyzing frame 68/102: q_5_main_0_30fps_frame0029.png
Prompt: Given the human reaction shown in the image, do you think the situation observed by that human ends well or poorly? (Use only one word -- well or poorly -- to answer)
Image size: 10680 bytes
Response status code: 200
{'model': 'deepseek-ocr:3b', 'created_at': '2025-11-29T15:55:14.04309736Z', 'message': {'role': 'assistant', 'content': 'Well'}, 'done': True, 'done_reason': 'stop', 'total_duration': 310953543769, 'load_duration': 309769606194, 'prompt_eval_count': 520, 'prompt_eval_duration': 420309523, 'eval_count': 2, 'eval_duration': 4184507}
Response: Well
Analyzing frame 69/102: q_5_main_0_30fps_frame0044.png
Prompt: Given the human reaction shown in the image, do you think the situation observed by that human ends well or poorly? (Use only one word -- well or poorly -- to answer)
Image size: 10360 bytes
Response status code: 200
{'model': 'deepseek-ocr:3b', 'created_at': '2025-11-29T16:00:51.069745593Z', 'message': {'role': 'assistant', 'content': 'Well'}, 'done': True, 'done_reason': 'stop', 'total_duration': 335963853285, 'load_duration': 334835266465, 'prompt_eval_count': 520, 'prompt_eval_duration': 419648840, 'eval_count': 2, 'eval_duration': 4336178}
Response: Well
Analyzing frame 70/102: q_5_main_0_30fps_frame0059.png
Prompt: Given the human reaction shown in the image, do you think the situation observed by that human ends well or poorly? (Use only one word -- well or poorly -- to answer)
Image size: 12052 bytes
Response status code: 200
{'model': 'deepseek-ocr:3b', 'created_at': '2025-11-29T16:05:57.860606098Z', 'message': {'role': 'assistant', 'content': 'Well'}, 'done': True, 'done_reason': 'stop', 'total_duration': 305756015132, 'load_duration': 304612440268, 'prompt_eval_count': 520, 'prompt_eval_duration': 418312668, 'eval_count': 2, 'eval_duration': 4417596}
Response: Well
Analyzing frame 71/102: q_5_main_0_30fps_frame0074.png
Prompt: Given the human reaction shown in the image, do you think the situation observed by that human ends well or poorly? (Use only one word -- well or poorly -- to answer)
Image size: 12552 bytes
Response status code: 200
{'model': 'deepseek-ocr:3b', 'created_at': '2025-11-29T16:10:44.404870625Z', 'message': {'role': 'assistant', 'content': 'Well'}, 'done': True, 'done_reason': 'stop', 'total_duration': 285496270430, 'load_duration': 284292584491, 'prompt_eval_count': 520, 'prompt_eval_duration': 415437349, 'eval_count': 2, 'eval_duration': 4191640}
Response: Well
Analyzing frame 72/102: q_5_main_0_30fps_frame0089.png
Prompt: Given the human reaction shown in the image, do you think the situation observed by that human ends well or poorly? (Use only one word -- well or poorly -- to answer)
Image size: 12452 bytes
Response status code: 200
{'model': 'deepseek-ocr:3b', 'created_at': '2025-11-29T16:15:45.118909265Z', 'message': {'role': 'assistant', 'content': 'Well'}, 'done': True, 'done_reason': 'stop', 'total_duration': 299661214008, 'load_duration': 298496709480, 'prompt_eval_count': 520, 'prompt_eval_duration': 422113544, 'eval_count': 2, 'eval_duration': 4186699}
Response: Well
Analyzing frame 73/102: q_6_main_1_30fps_frame0014.png
Prompt: Given the human reaction shown in the image, do you think the situation observed by that human ends well or poorly? (Use only one word -- well or poorly -- to answer)
Image size: 13492 bytes
Response status code: 200
{'model': 'deepseek-ocr:3b', 'created_at': '2025-11-29T16:20:59.583990187Z', 'message': {'role': 'assistant', 'content': 'Well'}, 'done': True, 'done_reason': 'stop', 'total_duration': 313385456470, 'load_duration': 312164712762, 'prompt_eval_count': 520, 'prompt_eval_duration': 420454064, 'eval_count': 2, 'eval_duration': 4186821}
Response: Well
Analyzing frame 74/102: q_6_main_1_30fps_frame0029.png
Prompt: Given the human reaction shown in the image, do you think the situation observed by that human ends well or poorly? (Use only one word -- well or poorly -- to answer)
Image size: 13408 bytes
Response status code: 200
{'model': 'deepseek-ocr:3b', 'created_at': '2025-11-29T16:26:30.286246222Z', 'message': {'role': 'assistant', 'content': 'Well'}, 'done': True, 'done_reason': 'stop', 'total_duration': 329627453831, 'load_duration': 328448366497, 'prompt_eval_count': 520, 'prompt_eval_duration': 419998808, 'eval_count': 2, 'eval_duration': 4204521}
Response: Well
Analyzing frame 75/102: q_6_main_1_30fps_frame0044.png
Prompt: Given the human reaction shown in the image, do you think the situation observed by that human ends well or poorly? (Use only one word -- well or poorly -- to answer)
Image size: 13612 bytes
Response status code: 200
{'model': 'deepseek-ocr:3b', 'created_at': '2025-11-29T16:31:48.986883153Z', 'message': {'role': 'assistant', 'content': 'Well'}, 'done': True, 'done_reason': 'stop', 'total_duration': 317649876768, 'load_duration': 316482030861, 'prompt_eval_count': 520, 'prompt_eval_duration': 419311762, 'eval_count': 2, 'eval_duration': 4247283}
Response: Well
Analyzing frame 76/102: q_6_main_1_30fps_frame0059.png
Prompt: Given the human reaction shown in the image, do you think the situation observed by that human ends well or poorly? (Use only one word -- well or poorly -- to answer)
Image size: 13480 bytes
Response status code: 200
{'model': 'deepseek-ocr:3b', 'created_at': '2025-11-29T16:36:47.443692481Z', 'message': {'role': 'assistant', 'content': 'Well'}, 'done': True, 'done_reason': 'stop', 'total_duration': 297402616621, 'load_duration': 296234295162, 'prompt_eval_count': 520, 'prompt_eval_duration': 422308823, 'eval_count': 2, 'eval_duration': 4207515}
Response: Well
Analyzing frame 77/102: q_6_main_1_30fps_frame0074.png
Prompt: Given the human reaction shown in the image, do you think the situation observed by that human ends well or poorly? (Use only one word -- well or poorly -- to answer)
Image size: 13484 bytes
Response status code: 200
{'model': 'deepseek-ocr:3b', 'created_at': '2025-11-29T16:42:14.045993601Z', 'message': {'role': 'assistant', 'content': 'Well'}, 'done': True, 'done_reason': 'stop', 'total_duration': 325550513511, 'load_duration': 324389602593, 'prompt_eval_count': 520, 'prompt_eval_duration': 416761810, 'eval_count': 2, 'eval_duration': 4145528}
Response: Well
Analyzing frame 78/102: q_6_main_1_30fps_frame0089.png
Prompt: Given the human reaction shown in the image, do you think the situation observed by that human ends well or poorly? (Use only one word -- well or poorly -- to answer)
Image size: 13544 bytes
Response status code: 200
{'model': 'deepseek-ocr:3b', 'created_at': '2025-11-29T16:46:53.082782023Z', 'message': {'role': 'assistant', 'content': 'Well'}, 'done': True, 'done_reason': 'stop', 'total_duration': 277982152510, 'load_duration': 276797712867, 'prompt_eval_count': 520, 'prompt_eval_duration': 419634840, 'eval_count': 2, 'eval_duration': 4182468}
Response: Well
Analyzing frame 79/102: q_7_main_1_30fps_frame0015.png
Prompt: Given the human reaction shown in the image, do you think the situation observed by that human ends well or poorly? (Use only one word -- well or poorly -- to answer)
Image size: 11928 bytes
Response status code: 200
{'model': 'deepseek-ocr:3b', 'created_at': '2025-11-29T16:52:07.902367177Z', 'message': {'role': 'assistant', 'content': ' Well'}, 'done': True, 'done_reason': 'stop', 'total_duration': 313768993807, 'load_duration': 312602515510, 'prompt_eval_count': 520, 'prompt_eval_duration': 422584910, 'eval_count': 2, 'eval_duration': 4343478}
Response: Well
Analyzing frame 80/102: q_7_main_1_30fps_frame0030.png
Prompt: Given the human reaction shown in the image, do you think the situation observed by that human ends well or poorly? (Use only one word -- well or poorly -- to answer)
Image size: 10980 bytes
Response status code: 200
{'model': 'deepseek-ocr:3b', 'created_at': '2025-11-29T16:57:13.005972762Z', 'message': {'role': 'assistant', 'content': 'Well'}, 'done': True, 'done_reason': 'stop', 'total_duration': 304046769608, 'load_duration': 302875962669, 'prompt_eval_count': 520, 'prompt_eval_duration': 420677891, 'eval_count': 2, 'eval_duration': 4191439}
Response: Well
Analyzing frame 81/102: q_7_main_1_30fps_frame0045.png
Prompt: Given the human reaction shown in the image, do you think the situation observed by that human ends well or poorly? (Use only one word -- well or poorly -- to answer)
Image size: 10456 bytes
Response status code: 200
{'model': 'deepseek-ocr:3b', 'created_at': '2025-11-29T17:02:17.052571535Z', 'message': {'role': 'assistant', 'content': 'Well'}, 'done': True, 'done_reason': 'stop', 'total_duration': 302992524549, 'load_duration': 301813160228, 'prompt_eval_count': 520, 'prompt_eval_duration': 426770973, 'eval_count': 2, 'eval_duration': 4151930}
Response: Well
Analyzing frame 82/102: q_7_main_1_30fps_frame0060.png
Prompt: Given the human reaction shown in the image, do you think the situation observed by that human ends well or poorly? (Use only one word -- well or poorly -- to answer)
Image size: 11768 bytes
Response status code: 200
{'model': 'deepseek-ocr:3b', 'created_at': '2025-11-29T17:06:46.105177661Z', 'message': {'role': 'assistant', 'content': 'Well'}, 'done': True, 'done_reason': 'stop', 'total_duration': 267992469023, 'load_duration': 266798529546, 'prompt_eval_count': 520, 'prompt_eval_duration': 429219534, 'eval_count': 2, 'eval_duration': 4178720}
Response: Well
Analyzing frame 83/102: q_7_main_1_30fps_frame0075.png
Prompt: Given the human reaction shown in the image, do you think the situation observed by that human ends well or poorly? (Use only one word -- well or poorly -- to answer)
Image size: 12508 bytes
Response status code: 200
{'model': 'deepseek-ocr:3b', 'created_at': '2025-11-29T17:12:06.259391382Z', 'message': {'role': 'assistant', 'content': 'Well'}, 'done': True, 'done_reason': 'stop', 'total_duration': 319102764449, 'load_duration': 317926508159, 'prompt_eval_count': 520, 'prompt_eval_duration': 420422691, 'eval_count': 2, 'eval_duration': 4169091}
Response: Well
Analyzing frame 84/102: q_7_main_1_30fps_frame0090.png
Prompt: Given the human reaction shown in the image, do you think the situation observed by that human ends well or poorly? (Use only one word -- well or poorly -- to answer)
Image size: 12548 bytes
Response status code: 200
{'model': 'deepseek-ocr:3b', 'created_at': '2025-11-29T17:17:17.129297186Z', 'message': {'role': 'assistant', 'content': 'Well'}, 'done': True, 'done_reason': 'stop', 'total_duration': 309816047094, 'load_duration': 308653470369, 'prompt_eval_count': 520, 'prompt_eval_duration': 416292460, 'eval_count': 2, 'eval_duration': 4180037}
Response: Well
Analyzing frame 85/102: q_8_main_0_30fps_frame0014.png
Prompt: Given the human reaction shown in the image, do you think the situation observed by that human ends well or poorly? (Use only one word -- well or poorly -- to answer)
Image size: 12972 bytes
Response status code: 200
{'model': 'deepseek-ocr:3b', 'created_at': '2025-11-29T17:21:57.198741951Z', 'message': {'role': 'assistant', 'content': 'Well'}, 'done': True, 'done_reason': 'stop', 'total_duration': 279019452823, 'load_duration': 277867089671, 'prompt_eval_count': 520, 'prompt_eval_duration': 422458000, 'eval_count': 2, 'eval_duration': 4198233}
Response: Well
Analyzing frame 86/102: q_8_main_0_30fps_frame0029.png
Prompt: Given the human reaction shown in the image, do you think the situation observed by that human ends well or poorly? (Use only one word -- well or poorly -- to answer)
Image size: 12988 bytes
Response status code: 200
{'model': 'deepseek-ocr:3b', 'created_at': '2025-11-29T17:27:06.20789936Z', 'message': {'role': 'assistant', 'content': 'Well'}, 'done': True, 'done_reason': 'stop', 'total_duration': 307927957663, 'load_duration': 306793496596, 'prompt_eval_count': 520, 'prompt_eval_duration': 420974790, 'eval_count': 2, 'eval_duration': 4161738}
Response: Well
Analyzing frame 87/102: q_8_main_0_30fps_frame0044.png
Prompt: Given the human reaction shown in the image, do you think the situation observed by that human ends well or poorly? (Use only one word -- well or poorly -- to answer)
Image size: 12956 bytes
Response status code: 200
{'model': 'deepseek-ocr:3b', 'created_at': '2025-11-29T17:31:19.461076947Z', 'message': {'role': 'assistant', 'content': ' Well'}, 'done': True, 'done_reason': 'stop', 'total_duration': 252203680826, 'load_duration': 251018714759, 'prompt_eval_count': 520, 'prompt_eval_duration': 419034007, 'eval_count': 2, 'eval_duration': 4294537}
Response: Well
Analyzing frame 88/102: q_8_main_0_30fps_frame0059.png
Prompt: Given the human reaction shown in the image, do you think the situation observed by that human ends well or poorly? (Use only one word -- well or poorly -- to answer)
Image size: 12940 bytes
Response status code: 200
{'model': 'deepseek-ocr:3b', 'created_at': '2025-11-29T17:36:47.965618247Z', 'message': {'role': 'assistant', 'content': ' Well'}, 'done': True, 'done_reason': 'stop', 'total_duration': 327460687121, 'load_duration': 326279503164, 'prompt_eval_count': 520, 'prompt_eval_duration': 417798275, 'eval_count': 2, 'eval_duration': 4169354}
Response: Well
Analyzing frame 89/102: q_8_main_0_30fps_frame0074.png
Prompt: Given the human reaction shown in the image, do you think the situation observed by that human ends well or poorly? (Use only one word -- well or poorly -- to answer)
Image size: 12924 bytes
Response status code: 200
{'model': 'deepseek-ocr:3b', 'created_at': '2025-11-29T17:42:33.861340003Z', 'message': {'role': 'assistant', 'content': 'Well'}, 'done': True, 'done_reason': 'stop', 'total_duration': 344833762431, 'load_duration': 343631042288, 'prompt_eval_count': 520, 'prompt_eval_duration': 418265857, 'eval_count': 2, 'eval_duration': 4161037}
Response: Well
Analyzing frame 90/102: q_8_main_0_30fps_frame0089.png
Prompt: Given the human reaction shown in the image, do you think the situation observed by that human ends well or poorly? (Use only one word -- well or poorly -- to answer)
Image size: 12864 bytes
Response status code: 200
{'model': 'deepseek-ocr:3b', 'created_at': '2025-11-29T17:48:14.200164846Z', 'message': {'role': 'assistant', 'content': 'Well'}, 'done': True, 'done_reason': 'stop', 'total_duration': 339283319132, 'load_duration': 338088387566, 'prompt_eval_count': 520, 'prompt_eval_duration': 419418024, 'eval_count': 2, 'eval_duration': 4311321}
Response: Well
Analyzing frame 91/102: q_warmup_3_main_1_30fps_frame0015.png
Prompt: Given the human reaction shown in the image, do you think the situation observed by that human ends well or poorly? (Use only one word -- well or poorly -- to answer)
Image size: 13264 bytes
Response status code: 200
{'model': 'deepseek-ocr:3b', 'created_at': '2025-11-29T17:53:36.6768408Z', 'message': {'role': 'assistant', 'content': 'Well'}, 'done': True, 'done_reason': 'stop', 'total_duration': 321408415616, 'load_duration': 320288932213, 'prompt_eval_count': 520, 'prompt_eval_duration': 428029615, 'eval_count': 2, 'eval_duration': 4300947}
Response: Well
Analyzing frame 92/102: q_warmup_3_main_1_30fps_frame0030.png
Prompt: Given the human reaction shown in the image, do you think the situation observed by that human ends well or poorly? (Use only one word -- well or poorly -- to answer)
Image size: 12832 bytes
Response status code: 200
{'model': 'deepseek-ocr:3b', 'created_at': '2025-11-29T17:58:30.811873128Z', 'message': {'role': 'assistant', 'content': 'Well'}, 'done': True, 'done_reason': 'stop', 'total_duration': 293070032598, 'load_duration': 291834323162, 'prompt_eval_count': 520, 'prompt_eval_duration': 422748953, 'eval_count': 2, 'eval_duration': 4174876}
Response: Well
Analyzing frame 93/102: q_warmup_3_main_1_30fps_frame0045.png
Prompt: Given the human reaction shown in the image, do you think the situation observed by that human ends well or poorly? (Use only one word -- well or poorly -- to answer)
Image size: 12768 bytes
Response status code: 200
{'model': 'deepseek-ocr:3b', 'created_at': '2025-11-29T18:03:31.013776195Z', 'message': {'role': 'assistant', 'content': 'Well'}, 'done': True, 'done_reason': 'stop', 'total_duration': 299151658520, 'load_duration': 297931356862, 'prompt_eval_count': 520, 'prompt_eval_duration': 417788414, 'eval_count': 2, 'eval_duration': 4170900}
Response: Well
Analyzing frame 94/102: q_warmup_3_main_1_30fps_frame0060.png
Prompt: Given the human reaction shown in the image, do you think the situation observed by that human ends well or poorly? (Use only one word -- well or poorly -- to answer)
Image size: 13092 bytes
Response status code: 200
{'model': 'deepseek-ocr:3b', 'created_at': '2025-11-29T18:08:53.648120696Z', 'message': {'role': 'assistant', 'content': 'Well'}, 'done': True, 'done_reason': 'stop', 'total_duration': 321583389045, 'load_duration': 320382513140, 'prompt_eval_count': 520, 'prompt_eval_duration': 424710330, 'eval_count': 2, 'eval_duration': 4181321}
Response: Well
Analyzing frame 95/102: q_warmup_3_main_1_30fps_frame0075.png
Prompt: Given the human reaction shown in the image, do you think the situation observed by that human ends well or poorly? (Use only one word -- well or poorly -- to answer)
Image size: 13356 bytes
Response status code: 200
{'model': 'deepseek-ocr:3b', 'created_at': '2025-11-29T18:14:01.660424707Z', 'message': {'role': 'assistant', 'content': 'Well'}, 'done': True, 'done_reason': 'stop', 'total_duration': 306957229058, 'load_duration': 305753320232, 'prompt_eval_count': 520, 'prompt_eval_duration': 419664824, 'eval_count': 2, 'eval_duration': 4179629}
Response: Well
Analyzing frame 96/102: q_warmup_3_main_1_30fps_frame0090.png
Prompt: Given the human reaction shown in the image, do you think the situation observed by that human ends well or poorly? (Use only one word -- well or poorly -- to answer)
Image size: 13100 bytes
Response status code: 200
{'model': 'deepseek-ocr:3b', 'created_at': '2025-11-29T18:19:35.382972757Z', 'message': {'role': 'assistant', 'content': 'Well'}, 'done': True, 'done_reason': 'stop', 'total_duration': 332680041815, 'load_duration': 331482571469, 'prompt_eval_count': 520, 'prompt_eval_duration': 416860770, 'eval_count': 2, 'eval_duration': 4148061}
Response: Well
Analyzing frame 97/102: q_warmup_4_main_0_30fps_frame0015.png
Prompt: Given the human reaction shown in the image, do you think the situation observed by that human ends well or poorly? (Use only one word -- well or poorly -- to answer)
Image size: 12952 bytes
Response status code: 200
{'model': 'deepseek-ocr:3b', 'created_at': '2025-11-29T18:25:04.661073946Z', 'message': {'role': 'assistant', 'content': 'Well'}, 'done': True, 'done_reason': 'stop', 'total_duration': 328229233807, 'load_duration': 327036389411, 'prompt_eval_count': 520, 'prompt_eval_duration': 425203556, 'eval_count': 2, 'eval_duration': 4332739}
Response: Well
Analyzing frame 98/102: q_warmup_4_main_0_30fps_frame0030.png
Prompt: Given the human reaction shown in the image, do you think the situation observed by that human ends well or poorly? (Use only one word -- well or poorly -- to answer)
Image size: 12636 bytes
Response status code: 200
{'model': 'deepseek-ocr:3b', 'created_at': '2025-11-29T18:30:35.0614045Z', 'message': {'role': 'assistant', 'content': ' Well'}, 'done': True, 'done_reason': 'stop', 'total_duration': 329349756817, 'load_duration': 328104977255, 'prompt_eval_count': 520, 'prompt_eval_duration': 422891597, 'eval_count': 2, 'eval_duration': 4182907}
Response: Well
Analyzing frame 99/102: q_warmup_4_main_0_30fps_frame0045.png
Prompt: Given the human reaction shown in the image, do you think the situation observed by that human ends well or poorly? (Use only one word -- well or poorly -- to answer)
Image size: 12812 bytes
Response status code: 200
{'model': 'deepseek-ocr:3b', 'created_at': '2025-11-29T18:35:59.188447655Z', 'message': {'role': 'assistant', 'content': 'Well'}, 'done': True, 'done_reason': 'stop', 'total_duration': 323067542961, 'load_duration': 321875631713, 'prompt_eval_count': 520, 'prompt_eval_duration': 421274795, 'eval_count': 2, 'eval_duration': 4185697}
Response: Well
Analyzing frame 100/102: q_warmup_4_main_0_30fps_frame0060.png
Prompt: Given the human reaction shown in the image, do you think the situation observed by that human ends well or poorly? (Use only one word -- well or poorly -- to answer)
Image size: 12508 bytes
Response status code: 200
{'model': 'deepseek-ocr:3b', 'created_at': '2025-11-29T18:41:26.872801429Z', 'message': {'role': 'assistant', 'content': 'Well'}, 'done': True, 'done_reason': 'stop', 'total_duration': 326629702052, 'load_duration': 325469629861, 'prompt_eval_count': 520, 'prompt_eval_duration': 426533548, 'eval_count': 2, 'eval_duration': 4297414}
Response: Well
Analyzing frame 101/102: q_warmup_4_main_0_30fps_frame0075.png
Prompt: Given the human reaction shown in the image, do you think the situation observed by that human ends well or poorly? (Use only one word -- well or poorly -- to answer)
Image size: 13052 bytes
Response status code: 200
{'model': 'deepseek-ocr:3b', 'created_at': '2025-11-29T18:46:30.95526045Z', 'message': {'role': 'assistant', 'content': 'Well'}, 'done': True, 'done_reason': 'stop', 'total_duration': 303035546184, 'load_duration': 301840975299, 'prompt_eval_count': 520, 'prompt_eval_duration': 418174587, 'eval_count': 2, 'eval_duration': 4212888}
Response: Well
Analyzing frame 102/102: q_warmup_4_main_0_30fps_frame0090.png
Prompt: Given the human reaction shown in the image, do you think the situation observed by that human ends well or poorly? (Use only one word -- well or poorly -- to answer)
Image size: 13236 bytes
Response status code: 200
{'model': 'deepseek-ocr:3b', 'created_at': '2025-11-29T18:52:08.978872496Z', 'message': {'role': 'assistant', 'content': 'Well'}, 'done': True, 'done_reason': 'stop', 'total_duration': 336969737548, 'load_duration': 335793326071, 'prompt_eval_count': 520, 'prompt_eval_duration': 423563152, 'eval_count': 2, 'eval_duration': 4176252}
Response: Well
Processed 102 frames for participant 1251

Results saved to ./results/results_deepseek-ocr_3s.csv
Total frames processed: 198

==================================================
Processing participant 3/30

Processing participant: 1483
Found 96 frames
Analyzing frame 1/96: q_11_main_1_30fps_frame0013.png
Prompt: Given the human reaction shown in the image, do you think the situation observed by that human ends well or poorly? (Use only one word -- well or poorly -- to answer)
Image size: 10180 bytes
Response status code: 200
{'model': 'deepseek-ocr:3b', 'created_at': '2025-11-29T18:57:07.732171436Z', 'message': {'role': 'assistant', 'content': ' Well'}, 'done': True, 'done_reason': 'stop', 'total_duration': 297629565982, 'load_duration': 296443666950, 'prompt_eval_count': 520, 'prompt_eval_duration': 417739532, 'eval_count': 2, 'eval_duration': 4164715}
Response: Well
Analyzing frame 2/96: q_11_main_1_30fps_frame0028.png
Prompt: Given the human reaction shown in the image, do you think the situation observed by that human ends well or poorly? (Use only one word -- well or poorly -- to answer)
Image size: 10152 bytes
Response status code: 200
{'model': 'deepseek-ocr:3b', 'created_at': '2025-11-29T19:02:31.779982612Z', 'message': {'role': 'assistant', 'content': 'Well'}, 'done': True, 'done_reason': 'stop', 'total_duration': 322992132715, 'load_duration': 321809671114, 'prompt_eval_count': 520, 'prompt_eval_duration': 422532673, 'eval_count': 2, 'eval_duration': 4171682}
Response: Well
Analyzing frame 3/96: q_11_main_1_30fps_frame0043.png
Prompt: Given the human reaction shown in the image, do you think the situation observed by that human ends well or poorly? (Use only one word -- well or poorly -- to answer)
Image size: 10064 bytes
Response status code: 200
{'model': 'deepseek-ocr:3b', 'created_at': '2025-11-29T19:08:13.442862252Z', 'message': {'role': 'assistant', 'content': ' Well'}, 'done': True, 'done_reason': 'stop', 'total_duration': 340597334080, 'load_duration': 339466966575, 'prompt_eval_count': 520, 'prompt_eval_duration': 425540389, 'eval_count': 2, 'eval_duration': 4206611}
Response: Well
Analyzing frame 4/96: q_11_main_1_30fps_frame0058.png
Prompt: Given the human reaction shown in the image, do you think the situation observed by that human ends well or poorly? (Use only one word -- well or poorly -- to answer)
Image size: 10100 bytes
Response status code: 200
{'model': 'deepseek-ocr:3b', 'created_at': '2025-11-29T19:13:37.235162878Z', 'message': {'role': 'assistant', 'content': 'Well'}, 'done': True, 'done_reason': 'stop', 'total_duration': 322732779968, 'load_duration': 321545352029, 'prompt_eval_count': 520, 'prompt_eval_duration': 428954971, 'eval_count': 2, 'eval_duration': 4243656}
Response: Well
Analyzing frame 5/96: q_11_main_1_30fps_frame0073.png
Prompt: Given the human reaction shown in the image, do you think the situation observed by that human ends well or poorly? (Use only one word -- well or poorly -- to answer)
Image size: 10124 bytes
Response status code: 200
{'model': 'deepseek-ocr:3b', 'created_at': '2025-11-29T19:18:58.695734296Z', 'message': {'role': 'assistant', 'content': 'Well'}, 'done': True, 'done_reason': 'stop', 'total_duration': 320395610177, 'load_duration': 319230147090, 'prompt_eval_count': 520, 'prompt_eval_duration': 423241305, 'eval_count': 2, 'eval_duration': 4175471}
Response: Well
Analyzing frame 6/96: q_11_main_1_30fps_frame0088.png
Prompt: Given the human reaction shown in the image, do you think the situation observed by that human ends well or poorly? (Use only one word -- well or poorly -- to answer)
Image size: 10036 bytes
Response status code: 200
{'model': 'deepseek-ocr:3b', 'created_at': '2025-11-29T19:24:25.331126699Z', 'message': {'role': 'assistant', 'content': ' Well'}, 'done': True, 'done_reason': 'stop', 'total_duration': 325578970499, 'load_duration': 324377056131, 'prompt_eval_count': 520, 'prompt_eval_duration': 433518012, 'eval_count': 2, 'eval_duration': 5736067}
Response: Well
Analyzing frame 7/96: q_12_main_1_30fps_frame0014.png
Prompt: Given the human reaction shown in the image, do you think the situation observed by that human ends well or poorly? (Use only one word -- well or poorly -- to answer)
Image size: 8692 bytes
Response status code: 200
{'model': 'deepseek-ocr:3b', 'created_at': '2025-11-29T19:29:59.397063976Z', 'message': {'role': 'assistant', 'content': 'Well'}, 'done': True, 'done_reason': 'stop', 'total_duration': 333009372687, 'load_duration': 331820307894, 'prompt_eval_count': 520, 'prompt_eval_duration': 432925832, 'eval_count': 2, 'eval_duration': 4166727}
Response: Well
Analyzing frame 8/96: q_12_main_1_30fps_frame0029.png
Prompt: Given the human reaction shown in the image, do you think the situation observed by that human ends well or poorly? (Use only one word -- well or poorly -- to answer)
Image size: 8696 bytes
Response status code: 200
{'model': 'deepseek-ocr:3b', 'created_at': '2025-11-29T19:35:29.726018757Z', 'message': {'role': 'assistant', 'content': 'Well'}, 'done': True, 'done_reason': 'stop', 'total_duration': 329278655897, 'load_duration': 328069579302, 'prompt_eval_count': 520, 'prompt_eval_duration': 443746911, 'eval_count': 2, 'eval_duration': 4171850}
Response: Well
Analyzing frame 9/96: q_12_main_1_30fps_frame0044.png
Prompt: Given the human reaction shown in the image, do you think the situation observed by that human ends well or poorly? (Use only one word -- well or poorly -- to answer)
Image size: 8708 bytes
Response status code: 200
{'model': 'deepseek-ocr:3b', 'created_at': '2025-11-29T19:41:02.389837296Z', 'message': {'role': 'assistant', 'content': 'Well'}, 'done': True, 'done_reason': 'stop', 'total_duration': 331589851887, 'load_duration': 330357151006, 'prompt_eval_count': 520, 'prompt_eval_duration': 420750082, 'eval_count': 2, 'eval_duration': 4155516}
Response: Well
Analyzing frame 10/96: q_12_main_1_30fps_frame0059.png
Prompt: Given the human reaction shown in the image, do you think the situation observed by that human ends well or poorly? (Use only one word -- well or poorly -- to answer)
Image size: 8640 bytes
Response status code: 200
{'model': 'deepseek-ocr:3b', 'created_at': '2025-11-29T19:46:21.358683111Z', 'message': {'role': 'assistant', 'content': 'Well'}, 'done': True, 'done_reason': 'stop', 'total_duration': 317914652363, 'load_duration': 316759863962, 'prompt_eval_count': 520, 'prompt_eval_duration': 425067625, 'eval_count': 2, 'eval_duration': 4184834}
Response: Well
Analyzing frame 11/96: q_12_main_1_30fps_frame0074.png
Prompt: Given the human reaction shown in the image, do you think the situation observed by that human ends well or poorly? (Use only one word -- well or poorly -- to answer)
Image size: 8688 bytes
Response status code: 200
{'model': 'deepseek-ocr:3b', 'created_at': '2025-11-29T19:51:09.151664923Z', 'message': {'role': 'assistant', 'content': 'Well'}, 'done': True, 'done_reason': 'stop', 'total_duration': 286744983685, 'load_duration': 285580220752, 'prompt_eval_count': 520, 'prompt_eval_duration': 425349257, 'eval_count': 2, 'eval_duration': 4203416}
Response: Well
Analyzing frame 12/96: q_12_main_1_30fps_frame0089.png
Prompt: Given the human reaction shown in the image, do you think the situation observed by that human ends well or poorly? (Use only one word -- well or poorly -- to answer)
Image size: 8600 bytes
Response status code: 200
{'model': 'deepseek-ocr:3b', 'created_at': '2025-11-29T19:56:14.089624966Z', 'message': {'role': 'assistant', 'content': 'Well'}, 'done': True, 'done_reason': 'stop', 'total_duration': 303876130176, 'load_duration': 302667660536, 'prompt_eval_count': 520, 'prompt_eval_duration': 437548508, 'eval_count': 2, 'eval_duration': 4315644}
Response: Well
Analyzing frame 13/96: q_14_main_0_30fps_frame0015.png
Prompt: Given the human reaction shown in the image, do you think the situation observed by that human ends well or poorly? (Use only one word -- well or poorly -- to answer)
Image size: 9080 bytes
Response status code: 200
{'model': 'deepseek-ocr:3b', 'created_at': '2025-11-29T20:01:25.427134144Z', 'message': {'role': 'assistant', 'content': 'Well'}, 'done': True, 'done_reason': 'stop', 'total_duration': 310285825407, 'load_duration': 309095901921, 'prompt_eval_count': 520, 'prompt_eval_duration': 425109685, 'eval_count': 2, 'eval_duration': 4209541}
Response: Well
Analyzing frame 14/96: q_14_main_0_30fps_frame0030.png
Prompt: Given the human reaction shown in the image, do you think the situation observed by that human ends well or poorly? (Use only one word -- well or poorly -- to answer)
Image size: 8988 bytes
Response status code: 200
{'model': 'deepseek-ocr:3b', 'created_at': '2025-11-29T20:06:09.163239014Z', 'message': {'role': 'assistant', 'content': 'Well'}, 'done': True, 'done_reason': 'stop', 'total_duration': 282690243073, 'load_duration': 281494222306, 'prompt_eval_count': 520, 'prompt_eval_duration': 420896407, 'eval_count': 2, 'eval_duration': 4151651}
Response: Well
Analyzing frame 15/96: q_14_main_0_30fps_frame0045.png
Prompt: Given the human reaction shown in the image, do you think the situation observed by that human ends well or poorly? (Use only one word -- well or poorly -- to answer)
Image size: 9008 bytes
Response status code: 200
{'model': 'deepseek-ocr:3b', 'created_at': '2025-11-29T20:11:06.054678928Z', 'message': {'role': 'assistant', 'content': 'Well'}, 'done': True, 'done_reason': 'stop', 'total_duration': 295837914033, 'load_duration': 294663116079, 'prompt_eval_count': 520, 'prompt_eval_duration': 420484575, 'eval_count': 2, 'eval_duration': 4166376}
Response: Well
Analyzing frame 16/96: q_14_main_0_30fps_frame0060.png
Prompt: Given the human reaction shown in the image, do you think the situation observed by that human ends well or poorly? (Use only one word -- well or poorly -- to answer)
Image size: 8956 bytes
Response status code: 200
{'model': 'deepseek-ocr:3b', 'created_at': '2025-11-29T20:15:58.964232227Z', 'message': {'role': 'assistant', 'content': 'Well'}, 'done': True, 'done_reason': 'stop', 'total_duration': 291861994192, 'load_duration': 290624720168, 'prompt_eval_count': 520, 'prompt_eval_duration': 425334530, 'eval_count': 2, 'eval_duration': 4170465}
Response: Well
Analyzing frame 17/96: q_14_main_0_30fps_frame0075.png
Prompt: Given the human reaction shown in the image, do you think the situation observed by that human ends well or poorly? (Use only one word -- well or poorly -- to answer)
Image size: 9004 bytes
Response status code: 200
{'model': 'deepseek-ocr:3b', 'created_at': '2025-11-29T20:20:50.460215564Z', 'message': {'role': 'assistant', 'content': 'Well'}, 'done': True, 'done_reason': 'stop', 'total_duration': 290444148304, 'load_duration': 289229957801, 'prompt_eval_count': 520, 'prompt_eval_duration': 425739672, 'eval_count': 2, 'eval_duration': 4191640}
Response: Well
Analyzing frame 18/96: q_14_main_0_30fps_frame0090.png
Prompt: Given the human reaction shown in the image, do you think the situation observed by that human ends well or poorly? (Use only one word -- well or poorly -- to answer)
Image size: 8960 bytes
Response status code: 200
{'model': 'deepseek-ocr:3b', 'created_at': '2025-11-29T20:26:27.161418388Z', 'message': {'role': 'assistant', 'content': 'Well'}, 'done': True, 'done_reason': 'stop', 'total_duration': 335650308395, 'load_duration': 334502452709, 'prompt_eval_count': 520, 'prompt_eval_duration': 420837053, 'eval_count': 2, 'eval_duration': 4196776}
Response: Well
Analyzing frame 19/96: q_16_main_1_30fps_frame0014.png
Prompt: Given the human reaction shown in the image, do you think the situation observed by that human ends well or poorly? (Use only one word -- well or poorly -- to answer)
Image size: 8800 bytes
Response status code: 200
{'model': 'deepseek-ocr:3b', 'created_at': '2025-11-29T20:31:20.449374746Z', 'message': {'role': 'assistant', 'content': 'Well'}, 'done': True, 'done_reason': 'stop', 'total_duration': 292229806039, 'load_duration': 291011356553, 'prompt_eval_count': 520, 'prompt_eval_duration': 420263880, 'eval_count': 2, 'eval_duration': 4168457}
Response: Well
Analyzing frame 20/96: q_16_main_1_30fps_frame0029.png
Prompt: Given the human reaction shown in the image, do you think the situation observed by that human ends well or poorly? (Use only one word -- well or poorly -- to answer)
Image size: 8796 bytes
Response status code: 200
{'model': 'deepseek-ocr:3b', 'created_at': '2025-11-29T20:36:24.855646725Z', 'message': {'role': 'assistant', 'content': 'Well'}, 'done': True, 'done_reason': 'stop', 'total_duration': 303355759944, 'load_duration': 302173397007, 'prompt_eval_count': 520, 'prompt_eval_duration': 420623356, 'eval_count': 2, 'eval_duration': 4287754}
Response: Well
Analyzing frame 21/96: q_16_main_1_30fps_frame0044.png
Prompt: Given the human reaction shown in the image, do you think the situation observed by that human ends well or poorly? (Use only one word -- well or poorly -- to answer)
Image size: 8760 bytes
Response status code: 200
{'model': 'deepseek-ocr:3b', 'created_at': '2025-11-29T20:41:00.035622138Z', 'message': {'role': 'assistant', 'content': 'Well'}, 'done': True, 'done_reason': 'stop', 'total_duration': 274125049821, 'load_duration': 273000596077, 'prompt_eval_count': 520, 'prompt_eval_duration': 419219408, 'eval_count': 2, 'eval_duration': 4185683}
Response: Well
Analyzing frame 22/96: q_16_main_1_30fps_frame0059.png
Prompt: Given the human reaction shown in the image, do you think the situation observed by that human ends well or poorly? (Use only one word -- well or poorly -- to answer)
Image size: 8664 bytes
Response status code: 200
{'model': 'deepseek-ocr:3b', 'created_at': '2025-11-29T20:46:37.253090972Z', 'message': {'role': 'assistant', 'content': 'Well'}, 'done': True, 'done_reason': 'stop', 'total_duration': 336117844023, 'load_duration': 334913080114, 'prompt_eval_count': 520, 'prompt_eval_duration': 425548485, 'eval_count': 2, 'eval_duration': 4162387}
Response: Well
Analyzing frame 23/96: q_16_main_1_30fps_frame0074.png
Prompt: Given the human reaction shown in the image, do you think the situation observed by that human ends well or poorly? (Use only one word -- well or poorly -- to answer)
Image size: 8484 bytes
Response status code: 200
{'model': 'deepseek-ocr:3b', 'created_at': '2025-11-29T20:51:24.233314097Z', 'message': {'role': 'assistant', 'content': 'Well'}, 'done': True, 'done_reason': 'stop', 'total_duration': 285929388977, 'load_duration': 284757233623, 'prompt_eval_count': 520, 'prompt_eval_duration': 424712063, 'eval_count': 2, 'eval_duration': 4235112}
Response: Well
Analyzing frame 24/96: q_16_main_1_30fps_frame0089.png
Prompt: Given the human reaction shown in the image, do you think the situation observed by that human ends well or poorly? (Use only one word -- well or poorly -- to answer)
Image size: 8696 bytes
Response status code: 200
{'model': 'deepseek-ocr:3b', 'created_at': '2025-11-29T20:56:17.025278101Z', 'message': {'role': 'assistant', 'content': 'Well'}, 'done': True, 'done_reason': 'stop', 'total_duration': 291738923476, 'load_duration': 290578780353, 'prompt_eval_count': 520, 'prompt_eval_duration': 419665561, 'eval_count': 2, 'eval_duration': 4191436}
Response: Well
Analyzing frame 25/96: q_18_main_0_30fps_frame0014.png
Prompt: Given the human reaction shown in the image, do you think the situation observed by that human ends well or poorly? (Use only one word -- well or poorly -- to answer)
Image size: 8760 bytes
Response status code: 200
{'model': 'deepseek-ocr:3b', 'created_at': '2025-11-29T21:01:41.641249048Z', 'message': {'role': 'assistant', 'content': 'Well'}, 'done': True, 'done_reason': 'stop', 'total_duration': 323552274607, 'load_duration': 322335159735, 'prompt_eval_count': 520, 'prompt_eval_duration': 422058188, 'eval_count': 2, 'eval_duration': 4194316}
Response: Well
Analyzing frame 26/96: q_18_main_0_30fps_frame0029.png
Prompt: Given the human reaction shown in the image, do you think the situation observed by that human ends well or poorly? (Use only one word -- well or poorly -- to answer)
Image size: 8624 bytes
Response status code: 200
{'model': 'deepseek-ocr:3b', 'created_at': '2025-11-29T21:06:45.819948668Z', 'message': {'role': 'assistant', 'content': 'Well'}, 'done': True, 'done_reason': 'stop', 'total_duration': 303127797643, 'load_duration': 301956988561, 'prompt_eval_count': 520, 'prompt_eval_duration': 427914407, 'eval_count': 2, 'eval_duration': 4158455}
Response: Well
Analyzing frame 27/96: q_18_main_0_30fps_frame0044.png
Prompt: Given the human reaction shown in the image, do you think the situation observed by that human ends well or poorly? (Use only one word -- well or poorly -- to answer)
Image size: 8972 bytes
Response status code: 200
{'model': 'deepseek-ocr:3b', 'created_at': '2025-11-29T21:12:02.662582601Z', 'message': {'role': 'assistant', 'content': 'Well'}, 'done': True, 'done_reason': 'stop', 'total_duration': 315783725341, 'load_duration': 314570472172, 'prompt_eval_count': 520, 'prompt_eval_duration': 422823446, 'eval_count': 2, 'eval_duration': 4223940}
Response: Well
Analyzing frame 28/96: q_18_main_0_30fps_frame0059.png
Prompt: Given the human reaction shown in the image, do you think the situation observed by that human ends well or poorly? (Use only one word -- well or poorly -- to answer)
Image size: 8840 bytes
Response status code: 200
{'model': 'deepseek-ocr:3b', 'created_at': '2025-11-29T21:16:58.323284295Z', 'message': {'role': 'assistant', 'content': 'Well'}, 'done': True, 'done_reason': 'stop', 'total_duration': 294602538741, 'load_duration': 293442090806, 'prompt_eval_count': 520, 'prompt_eval_duration': 418182488, 'eval_count': 2, 'eval_duration': 6054374}
Response: Well
Analyzing frame 29/96: q_18_main_0_30fps_frame0074.png
Prompt: Given the human reaction shown in the image, do you think the situation observed by that human ends well or poorly? (Use only one word -- well or poorly -- to answer)
Image size: 9016 bytes
Response status code: 200
{'model': 'deepseek-ocr:3b', 'created_at': '2025-11-29T21:21:59.68658402Z', 'message': {'role': 'assistant', 'content': 'Well'}, 'done': True, 'done_reason': 'stop', 'total_duration': 300304528958, 'load_duration': 299092305512, 'prompt_eval_count': 520, 'prompt_eval_duration': 428924012, 'eval_count': 2, 'eval_duration': 4298940}
Response: Well
Analyzing frame 30/96: q_18_main_0_30fps_frame0089.png
Prompt: Given the human reaction shown in the image, do you think the situation observed by that human ends well or poorly? (Use only one word -- well or poorly -- to answer)
Image size: 8900 bytes
Response status code: 200
{'model': 'deepseek-ocr:3b', 'created_at': '2025-11-29T21:26:40.152218729Z', 'message': {'role': 'assistant', 'content': 'Well'}, 'done': True, 'done_reason': 'stop', 'total_duration': 279408854071, 'load_duration': 278214874381, 'prompt_eval_count': 520, 'prompt_eval_duration': 425454072, 'eval_count': 2, 'eval_duration': 4176897}
Response: Well
Analyzing frame 31/96: q_21_main_1_30fps_frame0014.png
Prompt: Given the human reaction shown in the image, do you think the situation observed by that human ends well or poorly? (Use only one word -- well or poorly -- to answer)
Image size: 8696 bytes
Response status code: 200
{'model': 'deepseek-ocr:3b', 'created_at': '2025-11-29T21:32:04.332357453Z', 'message': {'role': 'assistant', 'content': 'Well'}, 'done': True, 'done_reason': 'stop', 'total_duration': 323125213654, 'load_duration': 321858202896, 'prompt_eval_count': 520, 'prompt_eval_duration': 417442006, 'eval_count': 2, 'eval_duration': 4165891}
Response: Well
Analyzing frame 32/96: q_21_main_1_30fps_frame0029.png
Prompt: Given the human reaction shown in the image, do you think the situation observed by that human ends well or poorly? (Use only one word -- well or poorly -- to answer)
Image size: 8680 bytes
Response status code: 200
{'model': 'deepseek-ocr:3b', 'created_at': '2025-11-29T21:37:01.314301751Z', 'message': {'role': 'assistant', 'content': 'Well'}, 'done': True, 'done_reason': 'stop', 'total_duration': 295934165953, 'load_duration': 294758734811, 'prompt_eval_count': 520, 'prompt_eval_duration': 422597556, 'eval_count': 2, 'eval_duration': 4165647}
Response: Well
Analyzing frame 33/96: q_21_main_1_30fps_frame0044.png
Prompt: Given the human reaction shown in the image, do you think the situation observed by that human ends well or poorly? (Use only one word -- well or poorly -- to answer)
Image size: 8632 bytes
Response status code: 200
{'model': 'deepseek-ocr:3b', 'created_at': '2025-11-29T21:42:34.736468207Z', 'message': {'role': 'assistant', 'content': 'Well'}, 'done': True, 'done_reason': 'stop', 'total_duration': 332372504760, 'load_duration': 331222395297, 'prompt_eval_count': 520, 'prompt_eval_duration': 418387452, 'eval_count': 2, 'eval_duration': 4152042}
Response: Well
Analyzing frame 34/96: q_21_main_1_30fps_frame0059.png
Prompt: Given the human reaction shown in the image, do you think the situation observed by that human ends well or poorly? (Use only one word -- well or poorly -- to answer)
Image size: 8548 bytes
Response status code: 200
{'model': 'deepseek-ocr:3b', 'created_at': '2025-11-29T21:47:29.046456542Z', 'message': {'role': 'assistant', 'content': 'Well'}, 'done': True, 'done_reason': 'stop', 'total_duration': 293245928731, 'load_duration': 292091179681, 'prompt_eval_count': 520, 'prompt_eval_duration': 423184359, 'eval_count': 2, 'eval_duration': 4212776}
Response: Well
Analyzing frame 35/96: q_21_main_1_30fps_frame0074.png
Prompt: Given the human reaction shown in the image, do you think the situation observed by that human ends well or poorly? (Use only one word -- well or poorly -- to answer)
Image size: 8536 bytes
Response status code: 200
{'model': 'deepseek-ocr:3b', 'created_at': '2025-11-29T21:52:52.783622583Z', 'message': {'role': 'assistant', 'content': 'Well'}, 'done': True, 'done_reason': 'stop', 'total_duration': 322655759682, 'load_duration': 321432552509, 'prompt_eval_count': 520, 'prompt_eval_duration': 432198048, 'eval_count': 2, 'eval_duration': 4280406}
Response: Well
Analyzing frame 36/96: q_21_main_1_30fps_frame0089.png
Prompt: Given the human reaction shown in the image, do you think the situation observed by that human ends well or poorly? (Use only one word -- well or poorly -- to answer)
Image size: 8492 bytes
Response status code: 200
{'model': 'deepseek-ocr:3b', 'created_at': '2025-11-29T21:57:44.149017332Z', 'message': {'role': 'assistant', 'content': 'Well'}, 'done': True, 'done_reason': 'stop', 'total_duration': 290308460608, 'load_duration': 289093143601, 'prompt_eval_count': 520, 'prompt_eval_duration': 422042433, 'eval_count': 2, 'eval_duration': 4179213}
Response: Well
Analyzing frame 37/96: q_24_main_0_30fps_frame0014.png
Prompt: Given the human reaction shown in the image, do you think the situation observed by that human ends well or poorly? (Use only one word -- well or poorly -- to answer)
Image size: 8736 bytes
Response status code: 200
{'model': 'deepseek-ocr:3b', 'created_at': '2025-11-29T22:03:14.416904748Z', 'message': {'role': 'assistant', 'content': 'Well'}, 'done': True, 'done_reason': 'stop', 'total_duration': 329215432080, 'load_duration': 328024509287, 'prompt_eval_count': 520, 'prompt_eval_duration': 420730995, 'eval_count': 2, 'eval_duration': 4358057}
Response: Well
Analyzing frame 38/96: q_24_main_0_30fps_frame0029.png
Prompt: Given the human reaction shown in the image, do you think the situation observed by that human ends well or poorly? (Use only one word -- well or poorly -- to answer)
Image size: 8800 bytes
Response status code: 200
{'model': 'deepseek-ocr:3b', 'created_at': '2025-11-29T22:08:05.538954661Z', 'message': {'role': 'assistant', 'content': 'Well'}, 'done': True, 'done_reason': 'stop', 'total_duration': 290073875178, 'load_duration': 288884574476, 'prompt_eval_count': 520, 'prompt_eval_duration': 417406949, 'eval_count': 2, 'eval_duration': 4311492}
Response: Well
Analyzing frame 39/96: q_24_main_0_30fps_frame0044.png
Prompt: Given the human reaction shown in the image, do you think the situation observed by that human ends well or poorly? (Use only one word -- well or poorly -- to answer)
Image size: 8712 bytes
Response status code: 200
{'model': 'deepseek-ocr:3b', 'created_at': '2025-11-29T22:13:24.256829449Z', 'message': {'role': 'assistant', 'content': 'Well'}, 'done': True, 'done_reason': 'stop', 'total_duration': 317661861922, 'load_duration': 316507013836, 'prompt_eval_count': 520, 'prompt_eval_duration': 418361275, 'eval_count': 2, 'eval_duration': 4179397}
Response: Well
Analyzing frame 40/96: q_24_main_0_30fps_frame0059.png
Prompt: Given the human reaction shown in the image, do you think the situation observed by that human ends well or poorly? (Use only one word -- well or poorly -- to answer)
Image size: 8824 bytes
Response status code: 200
{'model': 'deepseek-ocr:3b', 'created_at': '2025-11-29T22:18:18.666539331Z', 'message': {'role': 'assistant', 'content': 'Well'}, 'done': True, 'done_reason': 'stop', 'total_duration': 293356803114, 'load_duration': 292162636764, 'prompt_eval_count': 520, 'prompt_eval_duration': 418295113, 'eval_count': 2, 'eval_duration': 4157686}
Response: Well
Analyzing frame 41/96: q_24_main_0_30fps_frame0074.png
Prompt: Given the human reaction shown in the image, do you think the situation observed by that human ends well or poorly? (Use only one word -- well or poorly -- to answer)
Image size: 8632 bytes
Response status code: 200
{'model': 'deepseek-ocr:3b', 'created_at': '2025-11-29T22:23:49.093024417Z', 'message': {'role': 'assistant', 'content': 'Well'}, 'done': True, 'done_reason': 'stop', 'total_duration': 329371663313, 'load_duration': 328160656283, 'prompt_eval_count': 520, 'prompt_eval_duration': 419614908, 'eval_count': 2, 'eval_duration': 4152180}
Response: Well
Analyzing frame 42/96: q_24_main_0_30fps_frame0089.png
Prompt: Given the human reaction shown in the image, do you think the situation observed by that human ends well or poorly? (Use only one word -- well or poorly -- to answer)
Image size: 8596 bytes
Response status code: 200
{'model': 'deepseek-ocr:3b', 'created_at': '2025-11-29T22:29:04.88893381Z', 'message': {'role': 'assistant', 'content': 'Well'}, 'done': True, 'done_reason': 'stop', 'total_duration': 314738511414, 'load_duration': 313575560027, 'prompt_eval_count': 520, 'prompt_eval_duration': 425184309, 'eval_count': 2, 'eval_duration': 4184013}
Response: Well
Analyzing frame 43/96: q_25_main_0_30fps_frame0015.png
Prompt: Given the human reaction shown in the image, do you think the situation observed by that human ends well or poorly? (Use only one word -- well or poorly -- to answer)
Image size: 8752 bytes
Response status code: 200
{'model': 'deepseek-ocr:3b', 'created_at': '2025-11-29T22:33:54.113250466Z', 'message': {'role': 'assistant', 'content': 'Well'}, 'done': True, 'done_reason': 'stop', 'total_duration': 288181671002, 'load_duration': 286962200268, 'prompt_eval_count': 520, 'prompt_eval_duration': 421243845, 'eval_count': 2, 'eval_duration': 4227069}
Response: Well
Analyzing frame 44/96: q_25_main_0_30fps_frame0030.png
Prompt: Given the human reaction shown in the image, do you think the situation observed by that human ends well or poorly? (Use only one word -- well or poorly -- to answer)
Image size: 8820 bytes
Response status code: 200
{'model': 'deepseek-ocr:3b', 'created_at': '2025-11-29T22:39:01.816929343Z', 'message': {'role': 'assistant', 'content': 'Well'}, 'done': True, 'done_reason': 'stop', 'total_duration': 306657000868, 'load_duration': 305438056687, 'prompt_eval_count': 520, 'prompt_eval_duration': 426046162, 'eval_count': 2, 'eval_duration': 4163627}
Response: Well
Analyzing frame 45/96: q_25_main_0_30fps_frame0045.png
Prompt: Given the human reaction shown in the image, do you think the situation observed by that human ends well or poorly? (Use only one word -- well or poorly -- to answer)
Image size: 8700 bytes
Response status code: 200
{'model': 'deepseek-ocr:3b', 'created_at': '2025-11-29T22:44:17.036084319Z', 'message': {'role': 'assistant', 'content': 'Well'}, 'done': True, 'done_reason': 'stop', 'total_duration': 314163631991, 'load_duration': 312969123372, 'prompt_eval_count': 520, 'prompt_eval_duration': 419209657, 'eval_count': 2, 'eval_duration': 4154068}
Response: Well
Analyzing frame 46/96: q_25_main_0_30fps_frame0060.png
Prompt: Given the human reaction shown in the image, do you think the situation observed by that human ends well or poorly? (Use only one word -- well or poorly -- to answer)
Image size: 8692 bytes
Response status code: 200
{'model': 'deepseek-ocr:3b', 'created_at': '2025-11-29T22:49:06.947813849Z', 'message': {'role': 'assistant', 'content': 'Well'}, 'done': True, 'done_reason': 'stop', 'total_duration': 288862285039, 'load_duration': 287719921579, 'prompt_eval_count': 520, 'prompt_eval_duration': 421819252, 'eval_count': 2, 'eval_duration': 4308621}
Response: Well
Analyzing frame 47/96: q_25_main_0_30fps_frame0075.png
Prompt: Given the human reaction shown in the image, do you think the situation observed by that human ends well or poorly? (Use only one word -- well or poorly -- to answer)
Image size: 8552 bytes
Response status code: 200
{'model': 'deepseek-ocr:3b', 'created_at': '2025-11-29T22:54:24.313246978Z', 'message': {'role': 'assistant', 'content': 'Well'}, 'done': True, 'done_reason': 'stop', 'total_duration': 316314011063, 'load_duration': 315125966146, 'prompt_eval_count': 520, 'prompt_eval_duration': 420380465, 'eval_count': 2, 'eval_duration': 4156739}
Response: Well
Analyzing frame 48/96: q_25_main_0_30fps_frame0090.png
Prompt: Given the human reaction shown in the image, do you think the situation observed by that human ends well or poorly? (Use only one word -- well or poorly -- to answer)
Image size: 8560 bytes
Response status code: 200
{'model': 'deepseek-ocr:3b', 'created_at': '2025-11-29T22:59:17.151454371Z', 'message': {'role': 'assistant', 'content': 'Well'}, 'done': True, 'done_reason': 'stop', 'total_duration': 291762745121, 'load_duration': 290567200207, 'prompt_eval_count': 520, 'prompt_eval_duration': 422602151, 'eval_count': 2, 'eval_duration': 4193538}
Response: Well
Analyzing frame 49/96: q_27_main_1_30fps_frame0015.png
Prompt: Given the human reaction shown in the image, do you think the situation observed by that human ends well or poorly? (Use only one word -- well or poorly -- to answer)
Image size: 8596 bytes
Response status code: 200
{'model': 'deepseek-ocr:3b', 'created_at': '2025-11-29T23:04:11.483676471Z', 'message': {'role': 'assistant', 'content': 'Well'}, 'done': True, 'done_reason': 'stop', 'total_duration': 293283085507, 'load_duration': 292043508155, 'prompt_eval_count': 520, 'prompt_eval_duration': 420264391, 'eval_count': 2, 'eval_duration': 4160060}
Response: Well
Analyzing frame 50/96: q_27_main_1_30fps_frame0030.png
Prompt: Given the human reaction shown in the image, do you think the situation observed by that human ends well or poorly? (Use only one word -- well or poorly -- to answer)
Image size: 8588 bytes
Response status code: 200
{'model': 'deepseek-ocr:3b', 'created_at': '2025-11-29T23:08:57.696850471Z', 'message': {'role': 'assistant', 'content': 'Well'}, 'done': True, 'done_reason': 'stop', 'total_duration': 285167281369, 'load_duration': 283961785236, 'prompt_eval_count': 520, 'prompt_eval_duration': 420937155, 'eval_count': 2, 'eval_duration': 4316744}
Response: Well
Analyzing frame 51/96: q_27_main_1_30fps_frame0045.png
Prompt: Given the human reaction shown in the image, do you think the situation observed by that human ends well or poorly? (Use only one word -- well or poorly -- to answer)
Image size: 8540 bytes
Response status code: 200
{'model': 'deepseek-ocr:3b', 'created_at': '2025-11-29T23:14:04.354307484Z', 'message': {'role': 'assistant', 'content': 'Well'}, 'done': True, 'done_reason': 'stop', 'total_duration': 305600199414, 'load_duration': 304407845635, 'prompt_eval_count': 520, 'prompt_eval_duration': 419432389, 'eval_count': 2, 'eval_duration': 4306746}
Response: Well
Analyzing frame 52/96: q_27_main_1_30fps_frame0060.png
Prompt: Given the human reaction shown in the image, do you think the situation observed by that human ends well or poorly? (Use only one word -- well or poorly -- to answer)
Image size: 8648 bytes
Response status code: 200
{'model': 'deepseek-ocr:3b', 'created_at': '2025-11-29T23:19:16.805501435Z', 'message': {'role': 'assistant', 'content': 'Well'}, 'done': True, 'done_reason': 'stop', 'total_duration': 311401165763, 'load_duration': 310213919624, 'prompt_eval_count': 520, 'prompt_eval_duration': 420467300, 'eval_count': 2, 'eval_duration': 4187489}
Response: Well
Analyzing frame 53/96: q_27_main_1_30fps_frame0075.png
Prompt: Given the human reaction shown in the image, do you think the situation observed by that human ends well or poorly? (Use only one word -- well or poorly -- to answer)
Image size: 8520 bytes
Response status code: 200
{'model': 'deepseek-ocr:3b', 'created_at': '2025-11-29T23:24:39.753748641Z', 'message': {'role': 'assistant', 'content': 'Well'}, 'done': True, 'done_reason': 'stop', 'total_duration': 321899508643, 'load_duration': 320740290213, 'prompt_eval_count': 520, 'prompt_eval_duration': 418716149, 'eval_count': 2, 'eval_duration': 4170004}
Response: Well
Analyzing frame 54/96: q_27_main_1_30fps_frame0090.png
Prompt: Given the human reaction shown in the image, do you think the situation observed by that human ends well or poorly? (Use only one word -- well or poorly -- to answer)
Image size: 8508 bytes
Response status code: 200
{'model': 'deepseek-ocr:3b', 'created_at': '2025-11-29T23:29:48.373845072Z', 'message': {'role': 'assistant', 'content': 'Well'}, 'done': True, 'done_reason': 'stop', 'total_duration': 307572121175, 'load_duration': 306343455121, 'prompt_eval_count': 520, 'prompt_eval_duration': 417501954, 'eval_count': 2, 'eval_duration': 4164824}
Response: Well
Analyzing frame 55/96: q_29_main_0_30fps_frame0014.png
Prompt: Given the human reaction shown in the image, do you think the situation observed by that human ends well or poorly? (Use only one word -- well or poorly -- to answer)
Image size: 8688 bytes
Response status code: 200
{'model': 'deepseek-ocr:3b', 'created_at': '2025-11-29T23:34:40.892213337Z', 'message': {'role': 'assistant', 'content': 'Well'}, 'done': True, 'done_reason': 'stop', 'total_duration': 291475835439, 'load_duration': 290271050148, 'prompt_eval_count': 520, 'prompt_eval_duration': 426027065, 'eval_count': 2, 'eval_duration': 4136362}
Response: Well
Analyzing frame 56/96: q_29_main_0_30fps_frame0029.png
Prompt: Given the human reaction shown in the image, do you think the situation observed by that human ends well or poorly? (Use only one word -- well or poorly -- to answer)
Image size: 8736 bytes
Response status code: 200
{'model': 'deepseek-ocr:3b', 'created_at': '2025-11-29T23:39:35.770970784Z', 'message': {'role': 'assistant', 'content': 'Well'}, 'done': True, 'done_reason': 'stop', 'total_duration': 293832151037, 'load_duration': 292646803849, 'prompt_eval_count': 520, 'prompt_eval_duration': 420810929, 'eval_count': 2, 'eval_duration': 4155457}
Response: Well
Analyzing frame 57/96: q_29_main_0_30fps_frame0044.png
Prompt: Given the human reaction shown in the image, do you think the situation observed by that human ends well or poorly? (Use only one word -- well or poorly -- to answer)
Image size: 8696 bytes
Response status code: 200
{'model': 'deepseek-ocr:3b', 'created_at': '2025-11-29T23:44:30.705429615Z', 'message': {'role': 'assistant', 'content': 'Well'}, 'done': True, 'done_reason': 'stop', 'total_duration': 293882952872, 'load_duration': 292758241676, 'prompt_eval_count': 520, 'prompt_eval_duration': 429946299, 'eval_count': 2, 'eval_duration': 4173858}
Response: Well
Analyzing frame 58/96: q_29_main_0_30fps_frame0059.png
Prompt: Given the human reaction shown in the image, do you think the situation observed by that human ends well or poorly? (Use only one word -- well or poorly -- to answer)
Image size: 8676 bytes
Response status code: 200
{'model': 'deepseek-ocr:3b', 'created_at': '2025-11-29T23:49:47.946380354Z', 'message': {'role': 'assistant', 'content': 'Well'}, 'done': True, 'done_reason': 'stop', 'total_duration': 316189898851, 'load_duration': 314980260941, 'prompt_eval_count': 520, 'prompt_eval_duration': 418794698, 'eval_count': 2, 'eval_duration': 4157567}
Response: Well
Analyzing frame 59/96: q_29_main_0_30fps_frame0074.png
Prompt: Given the human reaction shown in the image, do you think the situation observed by that human ends well or poorly? (Use only one word -- well or poorly -- to answer)
Image size: 8724 bytes
Response status code: 200
{'model': 'deepseek-ocr:3b', 'created_at': '2025-11-29T23:55:00.068002816Z', 'message': {'role': 'assistant', 'content': 'Well'}, 'done': True, 'done_reason': 'stop', 'total_duration': 311074297941, 'load_duration': 309888097100, 'prompt_eval_count': 520, 'prompt_eval_duration': 420749948, 'eval_count': 2, 'eval_duration': 4301905}
Response: Well
Analyzing frame 60/96: q_29_main_0_30fps_frame0089.png
Prompt: Given the human reaction shown in the image, do you think the situation observed by that human ends well or poorly? (Use only one word -- well or poorly -- to answer)
Image size: 8688 bytes
Response status code: 200
{'model': 'deepseek-ocr:3b', 'created_at': '2025-11-30T00:00:31.626229627Z', 'message': {'role': 'assistant', 'content': 'Well'}, 'done': True, 'done_reason': 'stop', 'total_duration': 330507439657, 'load_duration': 329348180055, 'prompt_eval_count': 520, 'prompt_eval_duration': 420455356, 'eval_count': 2, 'eval_duration': 4329354}
Response: Well
Analyzing frame 61/96: q_3_main_0_30fps_frame0013.png
Prompt: Given the human reaction shown in the image, do you think the situation observed by that human ends well or poorly? (Use only one word -- well or poorly -- to answer)
Image size: 9128 bytes
Response status code: 200
{'model': 'deepseek-ocr:3b', 'created_at': '2025-11-30T00:05:59.117095649Z', 'message': {'role': 'assistant', 'content': 'Well'}, 'done': True, 'done_reason': 'stop', 'total_duration': 326421972583, 'load_duration': 325255782314, 'prompt_eval_count': 520, 'prompt_eval_duration': 433880014, 'eval_count': 2, 'eval_duration': 4163622}
Response: Well
Analyzing frame 62/96: q_3_main_0_30fps_frame0028.png
Prompt: Given the human reaction shown in the image, do you think the situation observed by that human ends well or poorly? (Use only one word -- well or poorly -- to answer)
Image size: 9236 bytes
Response status code: 200
{'model': 'deepseek-ocr:3b', 'created_at': '2025-11-30T00:11:35.460403709Z', 'message': {'role': 'assistant', 'content': 'Well'}, 'done': True, 'done_reason': 'stop', 'total_duration': 335294207224, 'load_duration': 334134774549, 'prompt_eval_count': 520, 'prompt_eval_duration': 419988636, 'eval_count': 2, 'eval_duration': 4167170}
Response: Well
Analyzing frame 63/96: q_3_main_0_30fps_frame0043.png
Prompt: Given the human reaction shown in the image, do you think the situation observed by that human ends well or poorly? (Use only one word -- well or poorly -- to answer)
Image size: 9032 bytes
Response status code: 200
{'model': 'deepseek-ocr:3b', 'created_at': '2025-11-30T00:16:49.006727244Z', 'message': {'role': 'assistant', 'content': 'Well'}, 'done': True, 'done_reason': 'stop', 'total_duration': 312497152140, 'load_duration': 311336449180, 'prompt_eval_count': 520, 'prompt_eval_duration': 426980191, 'eval_count': 2, 'eval_duration': 4301521}
Response: Well
Analyzing frame 64/96: q_3_main_0_30fps_frame0058.png
Prompt: Given the human reaction shown in the image, do you think the situation observed by that human ends well or poorly? (Use only one word -- well or poorly -- to answer)
Image size: 8872 bytes
Response status code: 200
{'model': 'deepseek-ocr:3b', 'created_at': '2025-11-30T00:22:19.72134658Z', 'message': {'role': 'assistant', 'content': 'Well'}, 'done': True, 'done_reason': 'stop', 'total_duration': 329662204308, 'load_duration': 328455727246, 'prompt_eval_count': 520, 'prompt_eval_duration': 425067757, 'eval_count': 2, 'eval_duration': 4199697}
Response: Well
Analyzing frame 65/96: q_3_main_0_30fps_frame0073.png
Prompt: Given the human reaction shown in the image, do you think the situation observed by that human ends well or poorly? (Use only one word -- well or poorly -- to answer)
Image size: 8848 bytes
Response status code: 200
{'model': 'deepseek-ocr:3b', 'created_at': '2025-11-30T00:27:36.347204859Z', 'message': {'role': 'assistant', 'content': 'Well'}, 'done': True, 'done_reason': 'stop', 'total_duration': 315568810914, 'load_duration': 314428401716, 'prompt_eval_count': 520, 'prompt_eval_duration': 418674985, 'eval_count': 2, 'eval_duration': 4162021}
Response: Well
Analyzing frame 66/96: q_3_main_0_30fps_frame0088.png
Prompt: Given the human reaction shown in the image, do you think the situation observed by that human ends well or poorly? (Use only one word -- well or poorly -- to answer)
Image size: 8824 bytes
Response status code: 200
{'model': 'deepseek-ocr:3b', 'created_at': '2025-11-30T00:32:44.302558853Z', 'message': {'role': 'assistant', 'content': 'Well'}, 'done': True, 'done_reason': 'stop', 'total_duration': 306901036217, 'load_duration': 305667677759, 'prompt_eval_count': 520, 'prompt_eval_duration': 418189499, 'eval_count': 2, 'eval_duration': 4298571}
Response: Well
Analyzing frame 67/96: q_5_main_0_30fps_frame0013.png
Prompt: Given the human reaction shown in the image, do you think the situation observed by that human ends well or poorly? (Use only one word -- well or poorly -- to answer)
Image size: 9044 bytes
Response status code: 200
{'model': 'deepseek-ocr:3b', 'created_at': '2025-11-30T00:38:01.641293054Z', 'message': {'role': 'assistant', 'content': 'Well'}, 'done': True, 'done_reason': 'stop', 'total_duration': 316298550045, 'load_duration': 315151422252, 'prompt_eval_count': 520, 'prompt_eval_duration': 421345881, 'eval_count': 2, 'eval_duration': 4171347}
Response: Well
Analyzing frame 68/96: q_5_main_0_30fps_frame0028.png
Prompt: Given the human reaction shown in the image, do you think the situation observed by that human ends well or poorly? (Use only one word -- well or poorly -- to answer)
Image size: 8944 bytes
Response status code: 200
{'model': 'deepseek-ocr:3b', 'created_at': '2025-11-30T00:43:16.580432537Z', 'message': {'role': 'assistant', 'content': 'Well'}, 'done': True, 'done_reason': 'stop', 'total_duration': 313869918979, 'load_duration': 312715474760, 'prompt_eval_count': 520, 'prompt_eval_duration': 430555465, 'eval_count': 2, 'eval_duration': 4161750}
Response: Well
Analyzing frame 69/96: q_5_main_0_30fps_frame0043.png
Prompt: Given the human reaction shown in the image, do you think the situation observed by that human ends well or poorly? (Use only one word -- well or poorly -- to answer)
Image size: 9000 bytes
Response status code: 200
{'model': 'deepseek-ocr:3b', 'created_at': '2025-11-30T00:47:51.845812378Z', 'message': {'role': 'assistant', 'content': 'Well'}, 'done': True, 'done_reason': 'stop', 'total_duration': 274216145136, 'load_duration': 273074255895, 'prompt_eval_count': 520, 'prompt_eval_duration': 422588444, 'eval_count': 2, 'eval_duration': 4169212}
Response: Well
Analyzing frame 70/96: q_5_main_0_30fps_frame0058.png
Prompt: Given the human reaction shown in the image, do you think the situation observed by that human ends well or poorly? (Use only one word -- well or poorly -- to answer)
Image size: 8884 bytes
Response status code: 200
{'model': 'deepseek-ocr:3b', 'created_at': '2025-11-30T00:52:24.760617515Z', 'message': {'role': 'assistant', 'content': 'Well'}, 'done': True, 'done_reason': 'stop', 'total_duration': 271860115110, 'load_duration': 270678655757, 'prompt_eval_count': 520, 'prompt_eval_duration': 421012837, 'eval_count': 2, 'eval_duration': 4183884}
Response: Well
Analyzing frame 71/96: q_5_main_0_30fps_frame0073.png
Prompt: Given the human reaction shown in the image, do you think the situation observed by that human ends well or poorly? (Use only one word -- well or poorly -- to answer)
Image size: 8808 bytes
Response status code: 200
{'model': 'deepseek-ocr:3b', 'created_at': '2025-11-30T00:57:16.115775378Z', 'message': {'role': 'assistant', 'content': 'Well'}, 'done': True, 'done_reason': 'stop', 'total_duration': 290299173243, 'load_duration': 289156684624, 'prompt_eval_count': 520, 'prompt_eval_duration': 420055415, 'eval_count': 2, 'eval_duration': 4150194}
Response: Well
Analyzing frame 72/96: q_5_main_0_30fps_frame0088.png
Prompt: Given the human reaction shown in the image, do you think the situation observed by that human ends well or poorly? (Use only one word -- well or poorly -- to answer)
Image size: 8848 bytes
Response status code: 200
{'model': 'deepseek-ocr:3b', 'created_at': '2025-11-30T01:02:09.556538571Z', 'message': {'role': 'assistant', 'content': 'Well'}, 'done': True, 'done_reason': 'stop', 'total_duration': 292393315802, 'load_duration': 291156996505, 'prompt_eval_count': 520, 'prompt_eval_duration': 418198915, 'eval_count': 2, 'eval_duration': 4160778}
Response: Well
Analyzing frame 73/96: q_7_main_1_30fps_frame0014.png
Prompt: Given the human reaction shown in the image, do you think the situation observed by that human ends well or poorly? (Use only one word -- well or poorly -- to answer)
Image size: 8672 bytes
Response status code: 200
{'model': 'deepseek-ocr:3b', 'created_at': '2025-11-30T01:06:40.457759716Z', 'message': {'role': 'assistant', 'content': 'Well'}, 'done': True, 'done_reason': 'stop', 'total_duration': 269849791619, 'load_duration': 268672722185, 'prompt_eval_count': 520, 'prompt_eval_duration': 422579199, 'eval_count': 2, 'eval_duration': 4171293}
Response: Well
Analyzing frame 74/96: q_7_main_1_30fps_frame0029.png
Prompt: Given the human reaction shown in the image, do you think the situation observed by that human ends well or poorly? (Use only one word -- well or poorly -- to answer)
Image size: 8692 bytes
Response status code: 200
{'model': 'deepseek-ocr:3b', 'created_at': '2025-11-30T01:11:16.451029395Z', 'message': {'role': 'assistant', 'content': 'Well'}, 'done': True, 'done_reason': 'stop', 'total_duration': 274915282088, 'load_duration': 273727346679, 'prompt_eval_count': 520, 'prompt_eval_duration': 422489267, 'eval_count': 2, 'eval_duration': 4291715}
Response: Well
Analyzing frame 75/96: q_7_main_1_30fps_frame0044.png
Prompt: Given the human reaction shown in the image, do you think the situation observed by that human ends well or poorly? (Use only one word -- well or poorly -- to answer)
Image size: 8676 bytes
Response status code: 200
{'model': 'deepseek-ocr:3b', 'created_at': '2025-11-30T01:16:02.553741373Z', 'message': {'role': 'assistant', 'content': 'Well'}, 'done': True, 'done_reason': 'stop', 'total_duration': 285041190353, 'load_duration': 283859701269, 'prompt_eval_count': 520, 'prompt_eval_duration': 422732763, 'eval_count': 2, 'eval_duration': 4208205}
Response: Well
Analyzing frame 76/96: q_7_main_1_30fps_frame0059.png
Prompt: Given the human reaction shown in the image, do you think the situation observed by that human ends well or poorly? (Use only one word -- well or poorly -- to answer)
Image size: 8696 bytes
Response status code: 200
{'model': 'deepseek-ocr:3b', 'created_at': '2025-11-30T01:21:07.622837891Z', 'message': {'role': 'assistant', 'content': 'Well'}, 'done': True, 'done_reason': 'stop', 'total_duration': 304011549852, 'load_duration': 302878226967, 'prompt_eval_count': 520, 'prompt_eval_duration': 418239667, 'eval_count': 2, 'eval_duration': 4151523}
Response: Well
Analyzing frame 77/96: q_7_main_1_30fps_frame0074.png
Prompt: Given the human reaction shown in the image, do you think the situation observed by that human ends well or poorly? (Use only one word -- well or poorly -- to answer)
Image size: 8612 bytes
Response status code: 200
{'model': 'deepseek-ocr:3b', 'created_at': '2025-11-30T01:25:52.184135192Z', 'message': {'role': 'assistant', 'content': 'Well'}, 'done': True, 'done_reason': 'stop', 'total_duration': 283506550649, 'load_duration': 282336772285, 'prompt_eval_count': 520, 'prompt_eval_duration': 429656060, 'eval_count': 2, 'eval_duration': 4147406}
Response: Well
Analyzing frame 78/96: q_7_main_1_30fps_frame0089.png
Prompt: Given the human reaction shown in the image, do you think the situation observed by that human ends well or poorly? (Use only one word -- well or poorly -- to answer)
Image size: 8624 bytes
Response status code: 200
{'model': 'deepseek-ocr:3b', 'created_at': '2025-11-30T01:30:57.21774011Z', 'message': {'role': 'assistant', 'content': 'Well'}, 'done': True, 'done_reason': 'stop', 'total_duration': 303984028678, 'load_duration': 302749846200, 'prompt_eval_count': 520, 'prompt_eval_duration': 416517766, 'eval_count': 2, 'eval_duration': 4166458}
Response: Well
Analyzing frame 79/96: q_8_main_0_30fps_frame0015.png
Prompt: Given the human reaction shown in the image, do you think the situation observed by that human ends well or poorly? (Use only one word -- well or poorly -- to answer)
Image size: 9056 bytes
Response status code: 200
{'model': 'deepseek-ocr:3b', 'created_at': '2025-11-30T01:35:48.554672672Z', 'message': {'role': 'assistant', 'content': 'Well'}, 'done': True, 'done_reason': 'stop', 'total_duration': 290267247628, 'load_duration': 289078122557, 'prompt_eval_count': 520, 'prompt_eval_duration': 420564694, 'eval_count': 2, 'eval_duration': 4284149}
Response: Well
Analyzing frame 80/96: q_8_main_0_30fps_frame0030.png
Prompt: Given the human reaction shown in the image, do you think the situation observed by that human ends well or poorly? (Use only one word -- well or poorly -- to answer)
Image size: 9064 bytes
Response status code: 200
{'model': 'deepseek-ocr:3b', 'created_at': '2025-11-30T01:40:35.147603914Z', 'message': {'role': 'assistant', 'content': 'Well'}, 'done': True, 'done_reason': 'stop', 'total_duration': 285540719035, 'load_duration': 284348950294, 'prompt_eval_count': 520, 'prompt_eval_duration': 420740239, 'eval_count': 2, 'eval_duration': 4293187}
Response: Well
Analyzing frame 81/96: q_8_main_0_30fps_frame0045.png
Prompt: Given the human reaction shown in the image, do you think the situation observed by that human ends well or poorly? (Use only one word -- well or poorly -- to answer)
Image size: 9052 bytes
Response status code: 200
{'model': 'deepseek-ocr:3b', 'created_at': '2025-11-30T01:45:14.516690015Z', 'message': {'role': 'assistant', 'content': 'Well'}, 'done': True, 'done_reason': 'stop', 'total_duration': 278313026130, 'load_duration': 277167841778, 'prompt_eval_count': 520, 'prompt_eval_duration': 420327580, 'eval_count': 2, 'eval_duration': 4173757}
Response: Well
Analyzing frame 82/96: q_8_main_0_30fps_frame0060.png
Prompt: Given the human reaction shown in the image, do you think the situation observed by that human ends well or poorly? (Use only one word -- well or poorly -- to answer)
Image size: 9036 bytes
Response status code: 200
{'model': 'deepseek-ocr:3b', 'created_at': '2025-11-30T01:50:01.984667832Z', 'message': {'role': 'assistant', 'content': 'Well'}, 'done': True, 'done_reason': 'stop', 'total_duration': 286414392507, 'load_duration': 285258618206, 'prompt_eval_count': 520, 'prompt_eval_duration': 420848978, 'eval_count': 2, 'eval_duration': 4163476}
Response: Well
Analyzing frame 83/96: q_8_main_0_30fps_frame0075.png
Prompt: Given the human reaction shown in the image, do you think the situation observed by that human ends well or poorly? (Use only one word -- well or poorly -- to answer)
Image size: 8916 bytes
Response status code: 200
{'model': 'deepseek-ocr:3b', 'created_at': '2025-11-30T01:54:49.735904582Z', 'message': {'role': 'assistant', 'content': 'Well'}, 'done': True, 'done_reason': 'stop', 'total_duration': 286692537468, 'load_duration': 285526572401, 'prompt_eval_count': 520, 'prompt_eval_duration': 416888793, 'eval_count': 2, 'eval_duration': 4249858}
Response: Well
Analyzing frame 84/96: q_8_main_0_30fps_frame0090.png
Prompt: Given the human reaction shown in the image, do you think the situation observed by that human ends well or poorly? (Use only one word -- well or poorly -- to answer)
Image size: 8892 bytes
Response status code: 200
{'model': 'deepseek-ocr:3b', 'created_at': '2025-11-30T01:59:58.74108675Z', 'message': {'role': 'assistant', 'content': 'Well'}, 'done': True, 'done_reason': 'stop', 'total_duration': 307940936411, 'load_duration': 306753049645, 'prompt_eval_count': 520, 'prompt_eval_duration': 418896277, 'eval_count': 2, 'eval_duration': 4161225}
Response: Well
Analyzing frame 85/96: q_9_main_0_30fps_frame0014.png
Prompt: Given the human reaction shown in the image, do you think the situation observed by that human ends well or poorly? (Use only one word -- well or poorly -- to answer)
Image size: 8848 bytes
Response status code: 200
{'model': 'deepseek-ocr:3b', 'created_at': '2025-11-30T02:04:49.468732111Z', 'message': {'role': 'assistant', 'content': 'Well'}, 'done': True, 'done_reason': 'stop', 'total_duration': 289678103105, 'load_duration': 288474762860, 'prompt_eval_count': 520, 'prompt_eval_duration': 416547957, 'eval_count': 2, 'eval_duration': 4163141}
Response: Well
Analyzing frame 86/96: q_9_main_0_30fps_frame0029.png
Prompt: Given the human reaction shown in the image, do you think the situation observed by that human ends well or poorly? (Use only one word -- well or poorly -- to answer)
Image size: 8928 bytes
Response status code: 200
{'model': 'deepseek-ocr:3b', 'created_at': '2025-11-30T02:09:48.629841771Z', 'message': {'role': 'assistant', 'content': 'Well'}, 'done': True, 'done_reason': 'stop', 'total_duration': 298117135892, 'load_duration': 296920396100, 'prompt_eval_count': 520, 'prompt_eval_duration': 431883188, 'eval_count': 2, 'eval_duration': 4175224}
Response: Well
Analyzing frame 87/96: q_9_main_0_30fps_frame0044.png
Prompt: Given the human reaction shown in the image, do you think the situation observed by that human ends well or poorly? (Use only one word -- well or poorly -- to answer)
Image size: 8808 bytes
Response status code: 200
{'model': 'deepseek-ocr:3b', 'created_at': '2025-11-30T02:14:25.338525731Z', 'message': {'role': 'assistant', 'content': 'Well'}, 'done': True, 'done_reason': 'stop', 'total_duration': 275630750933, 'load_duration': 274458555689, 'prompt_eval_count': 520, 'prompt_eval_duration': 418764337, 'eval_count': 2, 'eval_duration': 4157779}
Response: Well
Analyzing frame 88/96: q_9_main_0_30fps_frame0059.png
Prompt: Given the human reaction shown in the image, do you think the situation observed by that human ends well or poorly? (Use only one word -- well or poorly -- to answer)
Image size: 8868 bytes
Response status code: 200
{'model': 'deepseek-ocr:3b', 'created_at': '2025-11-30T02:19:30.26367739Z', 'message': {'role': 'assistant', 'content': 'Well'}, 'done': True, 'done_reason': 'stop', 'total_duration': 303869410103, 'load_duration': 302647793524, 'prompt_eval_count': 520, 'prompt_eval_duration': 417340390, 'eval_count': 2, 'eval_duration': 4171042}
Response: Well
Analyzing frame 89/96: q_9_main_0_30fps_frame0074.png
Prompt: Given the human reaction shown in the image, do you think the situation observed by that human ends well or poorly? (Use only one word -- well or poorly -- to answer)
Image size: 8840 bytes
Response status code: 200
{'model': 'deepseek-ocr:3b', 'created_at': '2025-11-30T02:24:30.948986598Z', 'message': {'role': 'assistant', 'content': 'Well'}, 'done': True, 'done_reason': 'stop', 'total_duration': 299630835603, 'load_duration': 298463092279, 'prompt_eval_count': 520, 'prompt_eval_duration': 423084106, 'eval_count': 2, 'eval_duration': 4163160}
Response: Well
Analyzing frame 90/96: q_9_main_0_30fps_frame0089.png
Prompt: Given the human reaction shown in the image, do you think the situation observed by that human ends well or poorly? (Use only one word -- well or poorly -- to answer)
Image size: 8764 bytes
Response status code: 200
{'model': 'deepseek-ocr:3b', 'created_at': '2025-11-30T02:29:27.7351655Z', 'message': {'role': 'assistant', 'content': 'Well'}, 'done': True, 'done_reason': 'stop', 'total_duration': 295738447389, 'load_duration': 294577241185, 'prompt_eval_count': 520, 'prompt_eval_duration': 420633034, 'eval_count': 2, 'eval_duration': 4170188}
Response: Well
Analyzing frame 91/96: q_warmup_3_main_1_30fps_frame0014.png
Prompt: Given the human reaction shown in the image, do you think the situation observed by that human ends well or poorly? (Use only one word -- well or poorly -- to answer)
Image size: 8520 bytes
Response status code: 200
{'model': 'deepseek-ocr:3b', 'created_at': '2025-11-30T02:34:12.029929192Z', 'message': {'role': 'assistant', 'content': 'Well'}, 'done': True, 'done_reason': 'stop', 'total_duration': 283239509343, 'load_duration': 282045101821, 'prompt_eval_count': 520, 'prompt_eval_duration': 423821117, 'eval_count': 2, 'eval_duration': 4157513}
Response: Well
Analyzing frame 92/96: q_warmup_3_main_1_30fps_frame0029.png
Prompt: Given the human reaction shown in the image, do you think the situation observed by that human ends well or poorly? (Use only one word -- well or poorly -- to answer)
Image size: 8528 bytes
Response status code: 200
{'model': 'deepseek-ocr:3b', 'created_at': '2025-11-30T02:39:15.008631556Z', 'message': {'role': 'assistant', 'content': 'Well'}, 'done': True, 'done_reason': 'stop', 'total_duration': 301926670816, 'load_duration': 300688914202, 'prompt_eval_count': 520, 'prompt_eval_duration': 423670961, 'eval_count': 2, 'eval_duration': 4160204}
Response: Well
Analyzing frame 93/96: q_warmup_3_main_1_30fps_frame0044.png
Prompt: Given the human reaction shown in the image, do you think the situation observed by that human ends well or poorly? (Use only one word -- well or poorly -- to answer)
Image size: 8552 bytes
Response status code: 200
{'model': 'deepseek-ocr:3b', 'created_at': '2025-11-30T02:44:07.410019776Z', 'message': {'role': 'assistant', 'content': 'Well'}, 'done': True, 'done_reason': 'stop', 'total_duration': 291351528261, 'load_duration': 290146907276, 'prompt_eval_count': 520, 'prompt_eval_duration': 421549946, 'eval_count': 2, 'eval_duration': 4162632}
Response: Well
Analyzing frame 94/96: q_warmup_3_main_1_30fps_frame0059.png
Prompt: Given the human reaction shown in the image, do you think the situation observed by that human ends well or poorly? (Use only one word -- well or poorly -- to answer)
Image size: 8488 bytes
Response status code: 200
{'model': 'deepseek-ocr:3b', 'created_at': '2025-11-30T02:49:20.602423459Z', 'message': {'role': 'assistant', 'content': 'Well'}, 'done': True, 'done_reason': 'stop', 'total_duration': 312130567192, 'load_duration': 310943691128, 'prompt_eval_count': 520, 'prompt_eval_duration': 422604600, 'eval_count': 2, 'eval_duration': 4179935}
Response: Well
Analyzing frame 95/96: q_warmup_3_main_1_30fps_frame0074.png
Prompt: Given the human reaction shown in the image, do you think the situation observed by that human ends well or poorly? (Use only one word -- well or poorly -- to answer)
Image size: 8512 bytes
Response status code: 200
{'model': 'deepseek-ocr:3b', 'created_at': '2025-11-30T02:54:05.821827823Z', 'message': {'role': 'assistant', 'content': 'Well'}, 'done': True, 'done_reason': 'stop', 'total_duration': 284167112475, 'load_duration': 282924271606, 'prompt_eval_count': 520, 'prompt_eval_duration': 422116586, 'eval_count': 2, 'eval_duration': 4292485}
Response: Well
Analyzing frame 96/96: q_warmup_3_main_1_30fps_frame0089.png
Prompt: Given the human reaction shown in the image, do you think the situation observed by that human ends well or poorly? (Use only one word -- well or poorly -- to answer)
Image size: 8588 bytes
Response status code: 200
{'model': 'deepseek-ocr:3b', 'created_at': '2025-11-30T02:59:05.647130513Z', 'message': {'role': 'assistant', 'content': 'Well'}, 'done': True, 'done_reason': 'stop', 'total_duration': 298776833085, 'load_duration': 297633993707, 'prompt_eval_count': 520, 'prompt_eval_duration': 419479661, 'eval_count': 2, 'eval_duration': 4188356}
Response: Well
Processed 96 frames for participant 1483

Results saved to ./results/results_deepseek-ocr_3s.csv
Total frames processed: 294

==================================================
Processing participant 4/30

Processing participant: 1676
Found 108 frames
Analyzing frame 1/108: q_10_main_0_30fps_frame0015.png
Prompt: Given the human reaction shown in the image, do you think the situation observed by that human ends well or poorly? (Use only one word -- well or poorly -- to answer)
Image size: 12664 bytes
Response status code: 200
{'model': 'deepseek-ocr:3b', 'created_at': '2025-11-30T03:03:55.976153469Z', 'message': {'role': 'assistant', 'content': 'Well'}, 'done': True, 'done_reason': 'stop', 'total_duration': 289226086192, 'load_duration': 288052470958, 'prompt_eval_count': 520, 'prompt_eval_duration': 420437792, 'eval_count': 2, 'eval_duration': 4169273}
Response: Well
Analyzing frame 2/108: q_10_main_0_30fps_frame0030.png
Prompt: Given the human reaction shown in the image, do you think the situation observed by that human ends well or poorly? (Use only one word -- well or poorly -- to answer)
Image size: 12652 bytes
Response status code: 200
{'model': 'deepseek-ocr:3b', 'created_at': '2025-11-30T03:08:41.154710163Z', 'message': {'role': 'assistant', 'content': 'Well'}, 'done': True, 'done_reason': 'stop', 'total_duration': 284126971045, 'load_duration': 282936268121, 'prompt_eval_count': 520, 'prompt_eval_duration': 420085449, 'eval_count': 2, 'eval_duration': 4167234}
Response: Well
Analyzing frame 3/108: q_10_main_0_30fps_frame0045.png
Prompt: Given the human reaction shown in the image, do you think the situation observed by that human ends well or poorly? (Use only one word -- well or poorly -- to answer)
Image size: 12632 bytes
Response status code: 200
{'model': 'deepseek-ocr:3b', 'created_at': '2025-11-30T03:14:12.604490586Z', 'message': {'role': 'assistant', 'content': 'Well'}, 'done': True, 'done_reason': 'stop', 'total_duration': 330368023199, 'load_duration': 329188597543, 'prompt_eval_count': 520, 'prompt_eval_duration': 429914005, 'eval_count': 2, 'eval_duration': 4281761}
Response: Well
Analyzing frame 4/108: q_10_main_0_30fps_frame0060.png
Prompt: Given the human reaction shown in the image, do you think the situation observed by that human ends well or poorly? (Use only one word -- well or poorly -- to answer)
Image size: 12644 bytes
Response status code: 200
{'model': 'deepseek-ocr:3b', 'created_at': '2025-11-30T03:19:14.741503309Z', 'message': {'role': 'assistant', 'content': 'Well'}, 'done': True, 'done_reason': 'stop', 'total_duration': 301076410298, 'load_duration': 299951274308, 'prompt_eval_count': 520, 'prompt_eval_duration': 411337613, 'eval_count': 2, 'eval_duration': 4161876}
Response: Well
Analyzing frame 5/108: q_10_main_0_30fps_frame0075.png
Prompt: Given the human reaction shown in the image, do you think the situation observed by that human ends well or poorly? (Use only one word -- well or poorly -- to answer)
Image size: 12860 bytes
Response status code: 200
{'model': 'deepseek-ocr:3b', 'created_at': '2025-11-30T03:24:06.411488952Z', 'message': {'role': 'assistant', 'content': 'Well'}, 'done': True, 'done_reason': 'stop', 'total_duration': 290592459856, 'load_duration': 289443315128, 'prompt_eval_count': 520, 'prompt_eval_duration': 419203842, 'eval_count': 2, 'eval_duration': 4175703}
Response: Well
Analyzing frame 6/108: q_10_main_0_30fps_frame0090.png
Prompt: Given the human reaction shown in the image, do you think the situation observed by that human ends well or poorly? (Use only one word -- well or poorly -- to answer)
Image size: 12844 bytes
Response status code: 200
{'model': 'deepseek-ocr:3b', 'created_at': '2025-11-30T03:29:01.394546092Z', 'message': {'role': 'assistant', 'content': 'Well'}, 'done': True, 'done_reason': 'stop', 'total_duration': 293923371990, 'load_duration': 292785286844, 'prompt_eval_count': 520, 'prompt_eval_duration': 420389169, 'eval_count': 2, 'eval_duration': 4187985}
Response: Well
Analyzing frame 7/108: q_11_main_1_30fps_frame0014.png
Prompt: Given the human reaction shown in the image, do you think the situation observed by that human ends well or poorly? (Use only one word -- well or poorly -- to answer)
Image size: 14108 bytes
Response status code: 200
{'model': 'deepseek-ocr:3b', 'created_at': '2025-11-30T03:34:15.307961844Z', 'message': {'role': 'assistant', 'content': 'Well'}, 'done': True, 'done_reason': 'stop', 'total_duration': 312839335176, 'load_duration': 311667307648, 'prompt_eval_count': 520, 'prompt_eval_duration': 419338005, 'eval_count': 2, 'eval_duration': 4167087}
Response: Well
Analyzing frame 8/108: q_11_main_1_30fps_frame0029.png
Prompt: Given the human reaction shown in the image, do you think the situation observed by that human ends well or poorly? (Use only one word -- well or poorly -- to answer)
Image size: 14176 bytes
Response status code: 200
{'model': 'deepseek-ocr:3b', 'created_at': '2025-11-30T03:39:19.010929966Z', 'message': {'role': 'assistant', 'content': 'Well'}, 'done': True, 'done_reason': 'stop', 'total_duration': 302651384974, 'load_duration': 301477130362, 'prompt_eval_count': 520, 'prompt_eval_duration': 419748106, 'eval_count': 2, 'eval_duration': 4174742}
Response: Well
Analyzing frame 9/108: q_11_main_1_30fps_frame0044.png
Prompt: Given the human reaction shown in the image, do you think the situation observed by that human ends well or poorly? (Use only one word -- well or poorly -- to answer)
Image size: 14152 bytes
Response status code: 200
{'model': 'deepseek-ocr:3b', 'created_at': '2025-11-30T03:44:00.668162642Z', 'message': {'role': 'assistant', 'content': 'Well'}, 'done': True, 'done_reason': 'stop', 'total_duration': 280597636870, 'load_duration': 279363682875, 'prompt_eval_count': 520, 'prompt_eval_duration': 420083138, 'eval_count': 2, 'eval_duration': 4177405}
Response: Well
Analyzing frame 10/108: q_11_main_1_30fps_frame0059.png
Prompt: Given the human reaction shown in the image, do you think the situation observed by that human ends well or poorly? (Use only one word -- well or poorly -- to answer)
Image size: 14028 bytes
Response status code: 200
{'model': 'deepseek-ocr:3b', 'created_at': '2025-11-30T03:49:08.650132463Z', 'message': {'role': 'assistant', 'content': 'Well'}, 'done': True, 'done_reason': 'stop', 'total_duration': 306912437854, 'load_duration': 305717526310, 'prompt_eval_count': 520, 'prompt_eval_duration': 419675342, 'eval_count': 2, 'eval_duration': 4182318}
Response: Well
Analyzing frame 11/108: q_11_main_1_30fps_frame0074.png
Prompt: Given the human reaction shown in the image, do you think the situation observed by that human ends well or poorly? (Use only one word -- well or poorly -- to answer)
Image size: 13964 bytes
Response status code: 200
{'model': 'deepseek-ocr:3b', 'created_at': '2025-11-30T03:54:10.404354578Z', 'message': {'role': 'assistant', 'content': 'Well'}, 'done': True, 'done_reason': 'stop', 'total_duration': 300690444265, 'load_duration': 299546831308, 'prompt_eval_count': 520, 'prompt_eval_duration': 422712462, 'eval_count': 2, 'eval_duration': 4163669}
Response: Well
Analyzing frame 12/108: q_11_main_1_30fps_frame0089.png
Prompt: Given the human reaction shown in the image, do you think the situation observed by that human ends well or poorly? (Use only one word -- well or poorly -- to answer)
Image size: 13848 bytes
Response: Error analyzing image: HTTPConnectionPool(host='localhost', port=11434): Read timed out. (read timeout=600)
Analyzing frame 13/108: q_12_main_1_30fps_frame0014.png
Prompt: Given the human reaction shown in the image, do you think the situation observed by that human ends well or poorly? (Use only one word -- well or poorly -- to answer)
Image size: 12372 bytes
Response: Error analyzing image: HTTPConnectionPool(host='localhost', port=11434): Read timed out. (read timeout=600)
Analyzing frame 14/108: q_12_main_1_30fps_frame0029.png
Prompt: Given the human reaction shown in the image, do you think the situation observed by that human ends well or poorly? (Use only one word -- well or poorly -- to answer)
Image size: 12524 bytes
Response: Error analyzing image: HTTPConnectionPool(host='localhost', port=11434): Read timed out. (read timeout=600)
Analyzing frame 15/108: q_12_main_1_30fps_frame0044.png
Prompt: Given the human reaction shown in the image, do you think the situation observed by that human ends well or poorly? (Use only one word -- well or poorly -- to answer)
Image size: 12724 bytes
Response: Error analyzing image: HTTPConnectionPool(host='localhost', port=11434): Read timed out. (read timeout=600)
Analyzing frame 16/108: q_12_main_1_30fps_frame0059.png
Prompt: Given the human reaction shown in the image, do you think the situation observed by that human ends well or poorly? (Use only one word -- well or poorly -- to answer)
Image size: 12724 bytes
Response: Error analyzing image: HTTPConnectionPool(host='localhost', port=11434): Read timed out. (read timeout=600)
Analyzing frame 17/108: q_12_main_1_30fps_frame0074.png
Prompt: Given the human reaction shown in the image, do you think the situation observed by that human ends well or poorly? (Use only one word -- well or poorly -- to answer)
Image size: 12832 bytes
Response: Error analyzing image: HTTPConnectionPool(host='localhost', port=11434): Read timed out. (read timeout=600)
Analyzing frame 18/108: q_12_main_1_30fps_frame0089.png
Prompt: Given the human reaction shown in the image, do you think the situation observed by that human ends well or poorly? (Use only one word -- well or poorly -- to answer)
Image size: 12800 bytes
Response: Error analyzing image: HTTPConnectionPool(host='localhost', port=11434): Read timed out. (read timeout=600)
Analyzing frame 19/108: q_15_main_1_30fps_frame0015.png
Prompt: Given the human reaction shown in the image, do you think the situation observed by that human ends well or poorly? (Use only one word -- well or poorly -- to answer)
Image size: 12104 bytes
Response: Error analyzing image: HTTPConnectionPool(host='localhost', port=11434): Read timed out. (read timeout=600)
Analyzing frame 20/108: q_15_main_1_30fps_frame0030.png
Prompt: Given the human reaction shown in the image, do you think the situation observed by that human ends well or poorly? (Use only one word -- well or poorly -- to answer)
Image size: 11692 bytes
Response: Error analyzing image: HTTPConnectionPool(host='localhost', port=11434): Read timed out. (read timeout=600)
Analyzing frame 21/108: q_15_main_1_30fps_frame0045.png
Prompt: Given the human reaction shown in the image, do you think the situation observed by that human ends well or poorly? (Use only one word -- well or poorly -- to answer)
Image size: 11904 bytes
Response: Error analyzing image: HTTPConnectionPool(host='localhost', port=11434): Read timed out. (read timeout=600)
Analyzing frame 22/108: q_15_main_1_30fps_frame0060.png
Prompt: Given the human reaction shown in the image, do you think the situation observed by that human ends well or poorly? (Use only one word -- well or poorly -- to answer)
Image size: 12120 bytes
Response: Error analyzing image: HTTPConnectionPool(host='localhost', port=11434): Read timed out. (read timeout=600)
Analyzing frame 23/108: q_15_main_1_30fps_frame0075.png
Prompt: Given the human reaction shown in the image, do you think the situation observed by that human ends well or poorly? (Use only one word -- well or poorly -- to answer)
Image size: 12128 bytes
Response: Error analyzing image: HTTPConnectionPool(host='localhost', port=11434): Read timed out. (read timeout=600)
Analyzing frame 24/108: q_15_main_1_30fps_frame0090.png
Prompt: Given the human reaction shown in the image, do you think the situation observed by that human ends well or poorly? (Use only one word -- well or poorly -- to answer)
Image size: 12080 bytes
Response: Error analyzing image: HTTPConnectionPool(host='localhost', port=11434): Read timed out. (read timeout=600)
Analyzing frame 25/108: q_16_main_1_30fps_frame0015.png
Prompt: Given the human reaction shown in the image, do you think the situation observed by that human ends well or poorly? (Use only one word -- well or poorly -- to answer)
Image size: 12628 bytes
Response: Error analyzing image: HTTPConnectionPool(host='localhost', port=11434): Read timed out. (read timeout=600)
Analyzing frame 26/108: q_16_main_1_30fps_frame0030.png
Prompt: Given the human reaction shown in the image, do you think the situation observed by that human ends well or poorly? (Use only one word -- well or poorly -- to answer)
Image size: 12420 bytes
Response: Error analyzing image: HTTPConnectionPool(host='localhost', port=11434): Read timed out. (read timeout=600)
Analyzing frame 27/108: q_16_main_1_30fps_frame0045.png
Prompt: Given the human reaction shown in the image, do you think the situation observed by that human ends well or poorly? (Use only one word -- well or poorly -- to answer)
Image size: 12548 bytes
Response: Error analyzing image: HTTPConnectionPool(host='localhost', port=11434): Read timed out. (read timeout=600)
Analyzing frame 28/108: q_16_main_1_30fps_frame0060.png
Prompt: Given the human reaction shown in the image, do you think the situation observed by that human ends well or poorly? (Use only one word -- well or poorly -- to answer)
Image size: 12588 bytes
Response: Error analyzing image: HTTPConnectionPool(host='localhost', port=11434): Read timed out. (read timeout=600)
Analyzing frame 29/108: q_16_main_1_30fps_frame0075.png
Prompt: Given the human reaction shown in the image, do you think the situation observed by that human ends well or poorly? (Use only one word -- well or poorly -- to answer)
Image size: 12484 bytes
Response: Error analyzing image: HTTPConnectionPool(host='localhost', port=11434): Read timed out. (read timeout=600)
Analyzing frame 30/108: q_16_main_1_30fps_frame0090.png
Prompt: Given the human reaction shown in the image, do you think the situation observed by that human ends well or poorly? (Use only one word -- well or poorly -- to answer)
Image size: 12448 bytes
Response: Error analyzing image: HTTPConnectionPool(host='localhost', port=11434): Read timed out. (read timeout=600)
Analyzing frame 31/108: q_17_main_0_30fps_frame0015.png
Prompt: Given the human reaction shown in the image, do you think the situation observed by that human ends well or poorly? (Use only one word -- well or poorly -- to answer)
Image size: 12448 bytes
Response: Error analyzing image: HTTPConnectionPool(host='localhost', port=11434): Read timed out. (read timeout=600)
Analyzing frame 32/108: q_17_main_0_30fps_frame0030.png
Prompt: Given the human reaction shown in the image, do you think the situation observed by that human ends well or poorly? (Use only one word -- well or poorly -- to answer)
Image size: 11980 bytes
Response: Error analyzing image: HTTPConnectionPool(host='localhost', port=11434): Read timed out. (read timeout=600)
Analyzing frame 33/108: q_17_main_0_30fps_frame0045.png
Prompt: Given the human reaction shown in the image, do you think the situation observed by that human ends well or poorly? (Use only one word -- well or poorly -- to answer)
Image size: 12100 bytes
Response: Error analyzing image: HTTPConnectionPool(host='localhost', port=11434): Read timed out. (read timeout=600)
Analyzing frame 34/108: q_17_main_0_30fps_frame0060.png
Prompt: Given the human reaction shown in the image, do you think the situation observed by that human ends well or poorly? (Use only one word -- well or poorly -- to answer)
Image size: 12056 bytes
Response: Error analyzing image: HTTPConnectionPool(host='localhost', port=11434): Read timed out. (read timeout=600)
Analyzing frame 35/108: q_17_main_0_30fps_frame0075.png
Prompt: Given the human reaction shown in the image, do you think the situation observed by that human ends well or poorly? (Use only one word -- well or poorly -- to answer)
Image size: 12268 bytes
Response: Error analyzing image: HTTPConnectionPool(host='localhost', port=11434): Read timed out. (read timeout=600)
Analyzing frame 36/108: q_17_main_0_30fps_frame0090.png
Prompt: Given the human reaction shown in the image, do you think the situation observed by that human ends well or poorly? (Use only one word -- well or poorly -- to answer)
Image size: 12312 bytes
Response: Error analyzing image: HTTPConnectionPool(host='localhost', port=11434): Read timed out. (read timeout=600)
Analyzing frame 37/108: q_18_main_0_30fps_frame0015.png
Prompt: Given the human reaction shown in the image, do you think the situation observed by that human ends well or poorly? (Use only one word -- well or poorly -- to answer)
Image size: 12400 bytes
Response: Error analyzing image: HTTPConnectionPool(host='localhost', port=11434): Read timed out. (read timeout=600)
Analyzing frame 38/108: q_18_main_0_30fps_frame0030.png
Prompt: Given the human reaction shown in the image, do you think the situation observed by that human ends well or poorly? (Use only one word -- well or poorly -- to answer)
Image size: 12560 bytes
Response: Error analyzing image: HTTPConnectionPool(host='localhost', port=11434): Read timed out. (read timeout=600)
Analyzing frame 39/108: q_18_main_0_30fps_frame0045.png
Prompt: Given the human reaction shown in the image, do you think the situation observed by that human ends well or poorly? (Use only one word -- well or poorly -- to answer)
Image size: 12572 bytes
Response: Error analyzing image: HTTPConnectionPool(host='localhost', port=11434): Read timed out. (read timeout=600)
Analyzing frame 40/108: q_18_main_0_30fps_frame0060.png
Prompt: Given the human reaction shown in the image, do you think the situation observed by that human ends well or poorly? (Use only one word -- well or poorly -- to answer)
Image size: 12716 bytes
Response: Error analyzing image: HTTPConnectionPool(host='localhost', port=11434): Read timed out. (read timeout=600)
Analyzing frame 41/108: q_18_main_0_30fps_frame0075.png
Prompt: Given the human reaction shown in the image, do you think the situation observed by that human ends well or poorly? (Use only one word -- well or poorly -- to answer)
Image size: 12804 bytes
Response: Error analyzing image: HTTPConnectionPool(host='localhost', port=11434): Read timed out. (read timeout=600)
Analyzing frame 42/108: q_18_main_0_30fps_frame0090.png
Prompt: Given the human reaction shown in the image, do you think the situation observed by that human ends well or poorly? (Use only one word -- well or poorly -- to answer)
Image size: 12704 bytes
Response status code: 200
{'model': 'deepseek-ocr:3b', 'created_at': '2025-11-30T09:04:20.047095709Z', 'message': {'role': 'assistant', 'content': 'Well'}, 'done': True, 'done_reason': 'stop', 'total_duration': 574859173160, 'load_duration': 573675216528, 'prompt_eval_count': 520, 'prompt_eval_duration': 425539075, 'eval_count': 2, 'eval_duration': 4325995}
Response: Well
Analyzing frame 43/108: q_1_main_0_30fps_frame0015.png
Prompt: Given the human reaction shown in the image, do you think the situation observed by that human ends well or poorly? (Use only one word -- well or poorly -- to answer)
Image size: 12020 bytes
Response: Error analyzing image: HTTPConnectionPool(host='localhost', port=11434): Read timed out. (read timeout=600)
Analyzing frame 44/108: q_1_main_0_30fps_frame0030.png
Prompt: Given the human reaction shown in the image, do you think the situation observed by that human ends well or poorly? (Use only one word -- well or poorly -- to answer)
Image size: 11952 bytes
Response: Error analyzing image: HTTPConnectionPool(host='localhost', port=11434): Read timed out. (read timeout=600)
Analyzing frame 45/108: q_1_main_0_30fps_frame0045.png
Prompt: Given the human reaction shown in the image, do you think the situation observed by that human ends well or poorly? (Use only one word -- well or poorly -- to answer)
Image size: 11952 bytes
Response: Error analyzing image: HTTPConnectionPool(host='localhost', port=11434): Read timed out. (read timeout=600)
Analyzing frame 46/108: q_1_main_0_30fps_frame0060.png
Prompt: Given the human reaction shown in the image, do you think the situation observed by that human ends well or poorly? (Use only one word -- well or poorly -- to answer)
Image size: 11916 bytes
Response: Error analyzing image: HTTPConnectionPool(host='localhost', port=11434): Read timed out. (read timeout=600)
Analyzing frame 47/108: q_1_main_0_30fps_frame0075.png
Prompt: Given the human reaction shown in the image, do you think the situation observed by that human ends well or poorly? (Use only one word -- well or poorly -- to answer)
Image size: 12044 bytes
Response: Error analyzing image: HTTPConnectionPool(host='localhost', port=11434): Read timed out. (read timeout=600)
Analyzing frame 48/108: q_1_main_0_30fps_frame0090.png
Prompt: Given the human reaction shown in the image, do you think the situation observed by that human ends well or poorly? (Use only one word -- well or poorly -- to answer)
Image size: 12120 bytes
Response: Error analyzing image: HTTPConnectionPool(host='localhost', port=11434): Read timed out. (read timeout=600)
Analyzing frame 49/108: q_21_main_0_30fps_frame0015.png
Prompt: Given the human reaction shown in the image, do you think the situation observed by that human ends well or poorly? (Use only one word -- well or poorly -- to answer)
Image size: 12176 bytes
Response: Error analyzing image: HTTPConnectionPool(host='localhost', port=11434): Read timed out. (read timeout=600)
Analyzing frame 50/108: q_21_main_0_30fps_frame0030.png
Prompt: Given the human reaction shown in the image, do you think the situation observed by that human ends well or poorly? (Use only one word -- well or poorly -- to answer)
Image size: 12168 bytes
Response: Error analyzing image: HTTPConnectionPool(host='localhost', port=11434): Read timed out. (read timeout=600)
Analyzing frame 51/108: q_21_main_0_30fps_frame0045.png
Prompt: Given the human reaction shown in the image, do you think the situation observed by that human ends well or poorly? (Use only one word -- well or poorly -- to answer)
Image size: 12160 bytes
Response: Error analyzing image: HTTPConnectionPool(host='localhost', port=11434): Read timed out. (read timeout=600)
Analyzing frame 52/108: q_21_main_0_30fps_frame0060.png
Prompt: Given the human reaction shown in the image, do you think the situation observed by that human ends well or poorly? (Use only one word -- well or poorly -- to answer)
Image size: 12056 bytes
Response: Error analyzing image: HTTPConnectionPool(host='localhost', port=11434): Read timed out. (read timeout=600)
Analyzing frame 53/108: q_21_main_0_30fps_frame0075.png
Prompt: Given the human reaction shown in the image, do you think the situation observed by that human ends well or poorly? (Use only one word -- well or poorly -- to answer)
Image size: 12148 bytes
Response: Error analyzing image: HTTPConnectionPool(host='localhost', port=11434): Read timed out. (read timeout=600)
Analyzing frame 54/108: q_21_main_0_30fps_frame0090.png
Prompt: Given the human reaction shown in the image, do you think the situation observed by that human ends well or poorly? (Use only one word -- well or poorly -- to answer)
Image size: 12060 bytes
Response: Error analyzing image: HTTPConnectionPool(host='localhost', port=11434): Read timed out. (read timeout=600)
Analyzing frame 55/108: q_23_main_0_30fps_frame0015.png
Prompt: Given the human reaction shown in the image, do you think the situation observed by that human ends well or poorly? (Use only one word -- well or poorly -- to answer)
Image size: 12820 bytes
Response: Error analyzing image: HTTPConnectionPool(host='localhost', port=11434): Read timed out. (read timeout=600)
Analyzing frame 56/108: q_23_main_0_30fps_frame0030.png
Prompt: Given the human reaction shown in the image, do you think the situation observed by that human ends well or poorly? (Use only one word -- well or poorly -- to answer)
Image size: 12836 bytes
Response: Error analyzing image: HTTPConnectionPool(host='localhost', port=11434): Read timed out. (read timeout=600)
Analyzing frame 57/108: q_23_main_0_30fps_frame0045.png
Prompt: Given the human reaction shown in the image, do you think the situation observed by that human ends well or poorly? (Use only one word -- well or poorly -- to answer)
Image size: 12876 bytes
Response: Error analyzing image: HTTPConnectionPool(host='localhost', port=11434): Read timed out. (read timeout=600)
Analyzing frame 58/108: q_23_main_0_30fps_frame0060.png
Prompt: Given the human reaction shown in the image, do you think the situation observed by that human ends well or poorly? (Use only one word -- well or poorly -- to answer)
Image size: 12824 bytes
Response: Error analyzing image: HTTPConnectionPool(host='localhost', port=11434): Read timed out. (read timeout=600)
Analyzing frame 59/108: q_23_main_0_30fps_frame0075.png
Prompt: Given the human reaction shown in the image, do you think the situation observed by that human ends well or poorly? (Use only one word -- well or poorly -- to answer)
Image size: 12912 bytes
Response: Error analyzing image: HTTPConnectionPool(host='localhost', port=11434): Read timed out. (read timeout=600)
Analyzing frame 60/108: q_23_main_0_30fps_frame0090.png
Prompt: Given the human reaction shown in the image, do you think the situation observed by that human ends well or poorly? (Use only one word -- well or poorly -- to answer)
Image size: 12816 bytes
Response: Error analyzing image: HTTPConnectionPool(host='localhost', port=11434): Read timed out. (read timeout=600)
Analyzing frame 61/108: q_24_main_0_30fps_frame0015.png
Prompt: Given the human reaction shown in the image, do you think the situation observed by that human ends well or poorly? (Use only one word -- well or poorly -- to answer)
Image size: 12536 bytes
Response: Error analyzing image: HTTPConnectionPool(host='localhost', port=11434): Read timed out. (read timeout=600)
Analyzing frame 62/108: q_24_main_0_30fps_frame0030.png
Prompt: Given the human reaction shown in the image, do you think the situation observed by that human ends well or poorly? (Use only one word -- well or poorly -- to answer)
Image size: 12612 bytes
Response: Error analyzing image: HTTPConnectionPool(host='localhost', port=11434): Read timed out. (read timeout=600)
Analyzing frame 63/108: q_24_main_0_30fps_frame0045.png
Prompt: Given the human reaction shown in the image, do you think the situation observed by that human ends well or poorly? (Use only one word -- well or poorly -- to answer)
Image size: 12456 bytes
Response: Error analyzing image: HTTPConnectionPool(host='localhost', port=11434): Read timed out. (read timeout=600)
Analyzing frame 64/108: q_24_main_0_30fps_frame0060.png
Prompt: Given the human reaction shown in the image, do you think the situation observed by that human ends well or poorly? (Use only one word -- well or poorly -- to answer)
Image size: 12536 bytes
Response: Error analyzing image: HTTPConnectionPool(host='localhost', port=11434): Read timed out. (read timeout=600)
Analyzing frame 65/108: q_24_main_0_30fps_frame0075.png
Prompt: Given the human reaction shown in the image, do you think the situation observed by that human ends well or poorly? (Use only one word -- well or poorly -- to answer)
Image size: 12424 bytes
Response: Error analyzing image: HTTPConnectionPool(host='localhost', port=11434): Read timed out. (read timeout=600)
Analyzing frame 66/108: q_24_main_0_30fps_frame0090.png
Prompt: Given the human reaction shown in the image, do you think the situation observed by that human ends well or poorly? (Use only one word -- well or poorly -- to answer)
Image size: 12364 bytes
Response: Error analyzing image: HTTPConnectionPool(host='localhost', port=11434): Read timed out. (read timeout=600)
Analyzing frame 67/108: q_26_main_0_30fps_frame0014.png
Prompt: Given the human reaction shown in the image, do you think the situation observed by that human ends well or poorly? (Use only one word -- well or poorly -- to answer)
Image size: 13040 bytes
Response: Error analyzing image: HTTPConnectionPool(host='localhost', port=11434): Read timed out. (read timeout=600)
Analyzing frame 68/108: q_26_main_0_30fps_frame0029.png
Prompt: Given the human reaction shown in the image, do you think the situation observed by that human ends well or poorly? (Use only one word -- well or poorly -- to answer)
Image size: 12936 bytes
Response: Error analyzing image: HTTPConnectionPool(host='localhost', port=11434): Read timed out. (read timeout=600)
Analyzing frame 69/108: q_26_main_0_30fps_frame0044.png
Prompt: Given the human reaction shown in the image, do you think the situation observed by that human ends well or poorly? (Use only one word -- well or poorly -- to answer)
Image size: 12868 bytes
Response: Error analyzing image: HTTPConnectionPool(host='localhost', port=11434): Read timed out. (read timeout=600)
Analyzing frame 70/108: q_26_main_0_30fps_frame0059.png
Prompt: Given the human reaction shown in the image, do you think the situation observed by that human ends well or poorly? (Use only one word -- well or poorly -- to answer)
Image size: 12920 bytes
Response: Error analyzing image: HTTPConnectionPool(host='localhost', port=11434): Read timed out. (read timeout=600)
Analyzing frame 71/108: q_26_main_0_30fps_frame0074.png
Prompt: Given the human reaction shown in the image, do you think the situation observed by that human ends well or poorly? (Use only one word -- well or poorly -- to answer)
Image size: 13020 bytes
Response: Error analyzing image: HTTPConnectionPool(host='localhost', port=11434): Read timed out. (read timeout=600)
Analyzing frame 72/108: q_26_main_0_30fps_frame0089.png
Prompt: Given the human reaction shown in the image, do you think the situation observed by that human ends well or poorly? (Use only one word -- well or poorly -- to answer)
Image size: 13000 bytes
Response: Error analyzing image: HTTPConnectionPool(host='localhost', port=11434): Read timed out. (read timeout=600)
Analyzing frame 73/108: q_2_main_1_30fps_frame0015.png
Prompt: Given the human reaction shown in the image, do you think the situation observed by that human ends well or poorly? (Use only one word -- well or poorly -- to answer)
Image size: 12796 bytes
Response: Error analyzing image: HTTPConnectionPool(host='localhost', port=11434): Read timed out. (read timeout=600)
Analyzing frame 74/108: q_2_main_1_30fps_frame0030.png
Prompt: Given the human reaction shown in the image, do you think the situation observed by that human ends well or poorly? (Use only one word -- well or poorly -- to answer)
Image size: 12544 bytes
Response: Error analyzing image: HTTPConnectionPool(host='localhost', port=11434): Read timed out. (read timeout=600)
Analyzing frame 75/108: q_2_main_1_30fps_frame0045.png
Prompt: Given the human reaction shown in the image, do you think the situation observed by that human ends well or poorly? (Use only one word -- well or poorly -- to answer)
Image size: 12764 bytes
Response: Error analyzing image: HTTPConnectionPool(host='localhost', port=11434): Read timed out. (read timeout=600)
Analyzing frame 76/108: q_2_main_1_30fps_frame0060.png
Prompt: Given the human reaction shown in the image, do you think the situation observed by that human ends well or poorly? (Use only one word -- well or poorly -- to answer)
Image size: 12728 bytes
Response: Error analyzing image: HTTPConnectionPool(host='localhost', port=11434): Read timed out. (read timeout=600)
Analyzing frame 77/108: q_2_main_1_30fps_frame0075.png
Prompt: Given the human reaction shown in the image, do you think the situation observed by that human ends well or poorly? (Use only one word -- well or poorly -- to answer)
Image size: 12828 bytes
Response: Error analyzing image: HTTPConnectionPool(host='localhost', port=11434): Read timed out. (read timeout=600)
Analyzing frame 78/108: q_2_main_1_30fps_frame0090.png
Prompt: Given the human reaction shown in the image, do you think the situation observed by that human ends well or poorly? (Use only one word -- well or poorly -- to answer)
Image size: 12792 bytes
Response status code: 200
{'model': 'deepseek-ocr:3b', 'created_at': '2025-11-30T15:04:19.454248519Z', 'message': {'role': 'assistant', 'content': 'Well'}, 'done': True, 'done_reason': 'stop', 'total_duration': 558680509936, 'load_duration': 557526394554, 'prompt_eval_count': 520, 'prompt_eval_duration': 420775598, 'eval_count': 2, 'eval_duration': 4175902}
Response: Well
Analyzing frame 79/108: q_30_main_0_30fps_frame0015.png
Prompt: Given the human reaction shown in the image, do you think the situation observed by that human ends well or poorly? (Use only one word -- well or poorly -- to answer)
Image size: 13044 bytes
Response status code: 200
{'model': 'deepseek-ocr:3b', 'created_at': '2025-11-30T15:10:47.95525679Z', 'message': {'role': 'assistant', 'content': 'Well'}, 'done': True, 'done_reason': 'stop', 'total_duration': 387443492771, 'load_duration': 386231339555, 'prompt_eval_count': 520, 'prompt_eval_duration': 422362663, 'eval_count': 2, 'eval_duration': 4148815}
Response: Well
Analyzing frame 80/108: q_30_main_0_30fps_frame0030.png
Prompt: Given the human reaction shown in the image, do you think the situation observed by that human ends well or poorly? (Use only one word -- well or poorly -- to answer)
Image size: 12944 bytes
Response status code: 200
{'model': 'deepseek-ocr:3b', 'created_at': '2025-11-30T15:17:40.629521983Z', 'message': {'role': 'assistant', 'content': 'Well'}, 'done': True, 'done_reason': 'stop', 'total_duration': 411622166403, 'load_duration': 410411920995, 'prompt_eval_count': 520, 'prompt_eval_duration': 417296912, 'eval_count': 2, 'eval_duration': 4187195}
Response: Well
Analyzing frame 81/108: q_30_main_0_30fps_frame0045.png
Prompt: Given the human reaction shown in the image, do you think the situation observed by that human ends well or poorly? (Use only one word -- well or poorly -- to answer)
Image size: 13028 bytes
Response status code: 200
{'model': 'deepseek-ocr:3b', 'created_at': '2025-11-30T15:24:06.565826335Z', 'message': {'role': 'assistant', 'content': 'Well'}, 'done': True, 'done_reason': 'stop', 'total_duration': 384877358332, 'load_duration': 383696964305, 'prompt_eval_count': 520, 'prompt_eval_duration': 420350627, 'eval_count': 2, 'eval_duration': 4188580}
Response: Well
Analyzing frame 82/108: q_30_main_0_30fps_frame0060.png
Prompt: Given the human reaction shown in the image, do you think the situation observed by that human ends well or poorly? (Use only one word -- well or poorly -- to answer)
Image size: 12936 bytes
Response status code: 200
{'model': 'deepseek-ocr:3b', 'created_at': '2025-11-30T15:31:05.969051715Z', 'message': {'role': 'assistant', 'content': 'Well'}, 'done': True, 'done_reason': 'stop', 'total_duration': 418325092208, 'load_duration': 417091889737, 'prompt_eval_count': 520, 'prompt_eval_duration': 419295428, 'eval_count': 2, 'eval_duration': 4187068}
Response: Well
Analyzing frame 83/108: q_30_main_0_30fps_frame0075.png
Prompt: Given the human reaction shown in the image, do you think the situation observed by that human ends well or poorly? (Use only one word -- well or poorly -- to answer)
Image size: 12988 bytes
Response status code: 200
{'model': 'deepseek-ocr:3b', 'created_at': '2025-11-30T15:37:52.402417981Z', 'message': {'role': 'assistant', 'content': 'Well'}, 'done': True, 'done_reason': 'stop', 'total_duration': 405356013560, 'load_duration': 404131022668, 'prompt_eval_count': 520, 'prompt_eval_duration': 427036946, 'eval_count': 2, 'eval_duration': 4185184}
Response: Well
Analyzing frame 84/108: q_30_main_0_30fps_frame0090.png
Prompt: Given the human reaction shown in the image, do you think the situation observed by that human ends well or poorly? (Use only one word -- well or poorly -- to answer)
Image size: 12984 bytes
Response status code: 200
{'model': 'deepseek-ocr:3b', 'created_at': '2025-11-30T15:44:40.251200931Z', 'message': {'role': 'assistant', 'content': 'Well'}, 'done': True, 'done_reason': 'stop', 'total_duration': 406795966907, 'load_duration': 405567510287, 'prompt_eval_count': 520, 'prompt_eval_duration': 425717018, 'eval_count': 2, 'eval_duration': 4305521}
Response: Well
Analyzing frame 85/108: q_3_main_1_30fps_frame0015.png
Prompt: Given the human reaction shown in the image, do you think the situation observed by that human ends well or poorly? (Use only one word -- well or poorly -- to answer)
Image size: 13076 bytes
Response status code: 200
{'model': 'deepseek-ocr:3b', 'created_at': '2025-11-30T15:51:26.6221281Z', 'message': {'role': 'assistant', 'content': 'Well'}, 'done': True, 'done_reason': 'stop', 'total_duration': 405317045899, 'load_duration': 404132224904, 'prompt_eval_count': 520, 'prompt_eval_duration': 418981621, 'eval_count': 2, 'eval_duration': 4172599}
Response: Well
Analyzing frame 86/108: q_3_main_1_30fps_frame0030.png
Prompt: Given the human reaction shown in the image, do you think the situation observed by that human ends well or poorly? (Use only one word -- well or poorly -- to answer)
Image size: 13016 bytes
Response status code: 200
{'model': 'deepseek-ocr:3b', 'created_at': '2025-11-30T15:58:12.172410475Z', 'message': {'role': 'assistant', 'content': 'Well'}, 'done': True, 'done_reason': 'stop', 'total_duration': 404492799751, 'load_duration': 403314099769, 'prompt_eval_count': 520, 'prompt_eval_duration': 419817262, 'eval_count': 2, 'eval_duration': 4165103}
Response: Well
Analyzing frame 87/108: q_3_main_1_30fps_frame0045.png
Prompt: Given the human reaction shown in the image, do you think the situation observed by that human ends well or poorly? (Use only one word -- well or poorly -- to answer)
Image size: 13000 bytes
Response status code: 200
{'model': 'deepseek-ocr:3b', 'created_at': '2025-11-30T16:05:53.607940841Z', 'message': {'role': 'assistant', 'content': 'Well'}, 'done': True, 'done_reason': 'stop', 'total_duration': 460371953584, 'load_duration': 459202491069, 'prompt_eval_count': 520, 'prompt_eval_duration': 422702449, 'eval_count': 2, 'eval_duration': 4300488}
Response: Well
Analyzing frame 88/108: q_3_main_1_30fps_frame0060.png
Prompt: Given the human reaction shown in the image, do you think the situation observed by that human ends well or poorly? (Use only one word -- well or poorly -- to answer)
Image size: 12956 bytes
Response status code: 200
{'model': 'deepseek-ocr:3b', 'created_at': '2025-11-30T16:12:47.167774664Z', 'message': {'role': 'assistant', 'content': 'Well'}, 'done': True, 'done_reason': 'stop', 'total_duration': 412502920800, 'load_duration': 411340304133, 'prompt_eval_count': 520, 'prompt_eval_duration': 430198439, 'eval_count': 2, 'eval_duration': 4176331}
Response: Well
Analyzing frame 89/108: q_3_main_1_30fps_frame0075.png
Prompt: Given the human reaction shown in the image, do you think the situation observed by that human ends well or poorly? (Use only one word -- well or poorly -- to answer)
Image size: 13048 bytes
Response status code: 200
{'model': 'deepseek-ocr:3b', 'created_at': '2025-11-30T16:19:22.499234047Z', 'message': {'role': 'assistant', 'content': 'Well'}, 'done': True, 'done_reason': 'stop', 'total_duration': 394281594294, 'load_duration': 393130657586, 'prompt_eval_count': 520, 'prompt_eval_duration': 420415265, 'eval_count': 2, 'eval_duration': 4184482}
Response: Well
Analyzing frame 90/108: q_3_main_1_30fps_frame0090.png
Prompt: Given the human reaction shown in the image, do you think the situation observed by that human ends well or poorly? (Use only one word -- well or poorly -- to answer)
Image size: 12952 bytes
Response status code: 200
{'model': 'deepseek-ocr:3b', 'created_at': '2025-11-30T16:27:10.195322098Z', 'message': {'role': 'assistant', 'content': 'Well'}, 'done': True, 'done_reason': 'stop', 'total_duration': 466641867804, 'load_duration': 465515769507, 'prompt_eval_count': 520, 'prompt_eval_duration': 423774909, 'eval_count': 2, 'eval_duration': 4165384}
Response: Well
Analyzing frame 91/108: q_4_main_0_30fps_frame0015.png
Prompt: Given the human reaction shown in the image, do you think the situation observed by that human ends well or poorly? (Use only one word -- well or poorly -- to answer)
Image size: 12160 bytes
Response status code: 200
{'model': 'deepseek-ocr:3b', 'created_at': '2025-11-30T16:34:26.423535716Z', 'message': {'role': 'assistant', 'content': 'Well'}, 'done': True, 'done_reason': 'stop', 'total_duration': 435170441773, 'load_duration': 433974384399, 'prompt_eval_count': 520, 'prompt_eval_duration': 418219359, 'eval_count': 2, 'eval_duration': 4183014}
Response: Well
Analyzing frame 92/108: q_4_main_0_30fps_frame0030.png
Prompt: Given the human reaction shown in the image, do you think the situation observed by that human ends well or poorly? (Use only one word -- well or poorly -- to answer)
Image size: 11972 bytes
Response status code: 200
{'model': 'deepseek-ocr:3b', 'created_at': '2025-11-30T16:41:41.314109268Z', 'message': {'role': 'assistant', 'content': 'Well'}, 'done': True, 'done_reason': 'stop', 'total_duration': 433848178110, 'load_duration': 432646621637, 'prompt_eval_count': 520, 'prompt_eval_duration': 421463546, 'eval_count': 2, 'eval_duration': 4620597}
Response: Well
Analyzing frame 93/108: q_4_main_0_30fps_frame0045.png
Prompt: Given the human reaction shown in the image, do you think the situation observed by that human ends well or poorly? (Use only one word -- well or poorly -- to answer)
Image size: 11720 bytes
Response status code: 200
{'model': 'deepseek-ocr:3b', 'created_at': '2025-11-30T16:48:28.00642146Z', 'message': {'role': 'assistant', 'content': 'Well'}, 'done': True, 'done_reason': 'stop', 'total_duration': 405638583547, 'load_duration': 404433500008, 'prompt_eval_count': 520, 'prompt_eval_duration': 422568463, 'eval_count': 2, 'eval_duration': 4445035}
Response: Well
Analyzing frame 94/108: q_4_main_0_30fps_frame0060.png
