nohup: ignoring input
Starting frame analysis with deepseek-ocr:3b...
Frames folder: ../../../data/new_reactions/image_dataset_3s/
Output CSV: ./results/results_deepseek-ocr_3s.csv
Prompt: Given the human reaction shown in the image, do you think the situation observed by that human ends well or poorly? (Use only one word -- well or poorly -- to answer)
Parsing CSV file: ./results/results_deepseek-ocr_3s.csv
Found 3414 already processed frames in CSV
Loaded 3414 existing results

============================================================
FRAME-LEVEL RESUME STATISTICS:
============================================================
Total participants in folder: 30
Total frames in folder: 3690
Already processed frames: 3414
Participants with unprocessed frames: 28
Frames remaining to process: 1422
============================================================


==================================================
Processing participant 1/28: 1483

Processing participant: 1483
Found 42 unprocessed frames for this participant
Analyzing frame 1/42: q_10_main_1_30fps_frame0013.png
Prompt: Given the human reaction shown in the image, do you think the situation observed by that human ends well or poorly? (Use only one word -- well or poorly -- to answer)
Image size: 9264 bytes
Response status code: 200
{'model': 'deepseek-ocr:3b', 'created_at': '2025-12-08T05:12:21.770076086Z', 'message': {'role': 'assistant', 'content': ' Well'}, 'done': True, 'done_reason': 'stop', 'total_duration': 7168885511, 'load_duration': 6005252623, 'prompt_eval_count': 520, 'prompt_eval_duration': 435563551, 'eval_count': 2, 'eval_duration': 4194726}
Response: Well
Analyzing frame 2/42: q_10_main_1_30fps_frame0028.png
Prompt: Given the human reaction shown in the image, do you think the situation observed by that human ends well or poorly? (Use only one word -- well or poorly -- to answer)
Image size: 9348 bytes
Response status code: 200
{'model': 'deepseek-ocr:3b', 'created_at': '2025-12-08T05:12:31.382997123Z', 'message': {'role': 'assistant', 'content': ' Well'}, 'done': True, 'done_reason': 'stop', 'total_duration': 8595683314, 'load_duration': 7441277101, 'prompt_eval_count': 520, 'prompt_eval_duration': 421553458, 'eval_count': 2, 'eval_duration': 4195155}
Response: Well
Analyzing frame 3/42: q_10_main_1_30fps_frame0043.png
Prompt: Given the human reaction shown in the image, do you think the situation observed by that human ends well or poorly? (Use only one word -- well or poorly -- to answer)
Image size: 8700 bytes
Response status code: 200
{'model': 'deepseek-ocr:3b', 'created_at': '2025-12-08T05:12:41.262778524Z', 'message': {'role': 'assistant', 'content': 'Well'}, 'done': True, 'done_reason': 'stop', 'total_duration': 8864408179, 'load_duration': 7643015101, 'prompt_eval_count': 520, 'prompt_eval_duration': 426866432, 'eval_count': 2, 'eval_duration': 4215906}
Response: Well
Analyzing frame 4/42: q_10_main_1_30fps_frame0058.png
Prompt: Given the human reaction shown in the image, do you think the situation observed by that human ends well or poorly? (Use only one word -- well or poorly -- to answer)
Image size: 7524 bytes
Response status code: 200
{'model': 'deepseek-ocr:3b', 'created_at': '2025-12-08T05:12:50.931728683Z', 'message': {'role': 'assistant', 'content': 'Well'}, 'done': True, 'done_reason': 'stop', 'total_duration': 8653672951, 'load_duration': 7414434051, 'prompt_eval_count': 520, 'prompt_eval_duration': 431049716, 'eval_count': 2, 'eval_duration': 4223190}
Response: Well
Analyzing frame 5/42: q_10_main_1_30fps_frame0073.png
Prompt: Given the human reaction shown in the image, do you think the situation observed by that human ends well or poorly? (Use only one word -- well or poorly -- to answer)
Image size: 7236 bytes
Response status code: 200
{'model': 'deepseek-ocr:3b', 'created_at': '2025-12-08T05:13:01.209379947Z', 'message': {'role': 'assistant', 'content': 'Well'}, 'done': True, 'done_reason': 'stop', 'total_duration': 9253915525, 'load_duration': 7970710868, 'prompt_eval_count': 520, 'prompt_eval_duration': 426531589, 'eval_count': 2, 'eval_duration': 4182035}
Response: Well
Analyzing frame 6/42: q_10_main_1_30fps_frame0088.png
Prompt: Given the human reaction shown in the image, do you think the situation observed by that human ends well or poorly? (Use only one word -- well or poorly -- to answer)
Image size: 7312 bytes
Response status code: 200
{'model': 'deepseek-ocr:3b', 'created_at': '2025-12-08T05:13:10.872718948Z', 'message': {'role': 'assistant', 'content': 'Well'}, 'done': True, 'done_reason': 'stop', 'total_duration': 8638185876, 'load_duration': 7478774477, 'prompt_eval_count': 520, 'prompt_eval_duration': 433147536, 'eval_count': 2, 'eval_duration': 4202895}
Response: Well
Analyzing frame 7/42: q_13_main_0_30fps_frame0015.png
Prompt: Given the human reaction shown in the image, do you think the situation observed by that human ends well or poorly? (Use only one word -- well or poorly -- to answer)
Image size: 9012 bytes
Response status code: 200
{'model': 'deepseek-ocr:3b', 'created_at': '2025-12-08T05:13:20.77483292Z', 'message': {'role': 'assistant', 'content': 'Well'}, 'done': True, 'done_reason': 'stop', 'total_duration': 8873746388, 'load_duration': 7685821786, 'prompt_eval_count': 520, 'prompt_eval_duration': 431554057, 'eval_count': 2, 'eval_duration': 4159759}
Response: Well
Analyzing frame 8/42: q_13_main_0_30fps_frame0030.png
Prompt: Given the human reaction shown in the image, do you think the situation observed by that human ends well or poorly? (Use only one word -- well or poorly -- to answer)
Image size: 9036 bytes
Response status code: 200
{'model': 'deepseek-ocr:3b', 'created_at': '2025-12-08T05:13:30.425636833Z', 'message': {'role': 'assistant', 'content': 'Well'}, 'done': True, 'done_reason': 'stop', 'total_duration': 8635171078, 'load_duration': 7478190393, 'prompt_eval_count': 520, 'prompt_eval_duration': 425690476, 'eval_count': 2, 'eval_duration': 4194004}
Response: Well
Analyzing frame 9/42: q_13_main_0_30fps_frame0045.png
Prompt: Given the human reaction shown in the image, do you think the situation observed by that human ends well or poorly? (Use only one word -- well or poorly -- to answer)
Image size: 8936 bytes
Response status code: 200
{'model': 'deepseek-ocr:3b', 'created_at': '2025-12-08T05:13:40.469985918Z', 'message': {'role': 'assistant', 'content': 'Well'}, 'done': True, 'done_reason': 'stop', 'total_duration': 9027588329, 'load_duration': 7870955583, 'prompt_eval_count': 520, 'prompt_eval_duration': 426404258, 'eval_count': 2, 'eval_duration': 4209223}
Response: Well
Analyzing frame 10/42: q_13_main_0_30fps_frame0060.png
Prompt: Given the human reaction shown in the image, do you think the situation observed by that human ends well or poorly? (Use only one word -- well or poorly -- to answer)
Image size: 8904 bytes
Response status code: 200
{'model': 'deepseek-ocr:3b', 'created_at': '2025-12-08T05:13:50.742796719Z', 'message': {'role': 'assistant', 'content': 'Well'}, 'done': True, 'done_reason': 'stop', 'total_duration': 9256442906, 'load_duration': 8118134493, 'prompt_eval_count': 520, 'prompt_eval_duration': 418604691, 'eval_count': 2, 'eval_duration': 4240194}
Response: Well
Analyzing frame 11/42: q_13_main_0_30fps_frame0075.png
Prompt: Given the human reaction shown in the image, do you think the situation observed by that human ends well or poorly? (Use only one word -- well or poorly -- to answer)
Image size: 8936 bytes
Response status code: 200
{'model': 'deepseek-ocr:3b', 'created_at': '2025-12-08T05:14:00.797019765Z', 'message': {'role': 'assistant', 'content': 'Well'}, 'done': True, 'done_reason': 'stop', 'total_duration': 9038466369, 'load_duration': 7823984931, 'prompt_eval_count': 520, 'prompt_eval_duration': 426630526, 'eval_count': 2, 'eval_duration': 4181369}
Response: Well
Analyzing frame 12/42: q_13_main_0_30fps_frame0090.png
Prompt: Given the human reaction shown in the image, do you think the situation observed by that human ends well or poorly? (Use only one word -- well or poorly -- to answer)
Image size: 8836 bytes
Response status code: 200
{'model': 'deepseek-ocr:3b', 'created_at': '2025-12-08T05:14:11.052345515Z', 'message': {'role': 'assistant', 'content': 'Well'}, 'done': True, 'done_reason': 'stop', 'total_duration': 9228472623, 'load_duration': 8057220815, 'prompt_eval_count': 520, 'prompt_eval_duration': 424424485, 'eval_count': 2, 'eval_duration': 4357201}
Response: Well
Analyzing frame 13/42: q_23_main_0_30fps_frame0014.png
Prompt: Given the human reaction shown in the image, do you think the situation observed by that human ends well or poorly? (Use only one word -- well or poorly -- to answer)
Image size: 8936 bytes
Response status code: 200
{'model': 'deepseek-ocr:3b', 'created_at': '2025-12-08T05:14:20.70485027Z', 'message': {'role': 'assistant', 'content': 'Well'}, 'done': True, 'done_reason': 'stop', 'total_duration': 8638955022, 'load_duration': 7383702186, 'prompt_eval_count': 520, 'prompt_eval_duration': 448768585, 'eval_count': 2, 'eval_duration': 4412315}
Response: Well
Analyzing frame 14/42: q_23_main_0_30fps_frame0029.png
Prompt: Given the human reaction shown in the image, do you think the situation observed by that human ends well or poorly? (Use only one word -- well or poorly -- to answer)
Image size: 8996 bytes
Response status code: 200
{'model': 'deepseek-ocr:3b', 'created_at': '2025-12-08T05:14:30.792273663Z', 'message': {'role': 'assistant', 'content': 'Well'}, 'done': True, 'done_reason': 'stop', 'total_duration': 9059373010, 'load_duration': 7894679390, 'prompt_eval_count': 520, 'prompt_eval_duration': 434998519, 'eval_count': 2, 'eval_duration': 4182895}
Response: Well
Analyzing frame 15/42: q_23_main_0_30fps_frame0044.png
Prompt: Given the human reaction shown in the image, do you think the situation observed by that human ends well or poorly? (Use only one word -- well or poorly -- to answer)
Image size: 8984 bytes
Response status code: 200
{'model': 'deepseek-ocr:3b', 'created_at': '2025-12-08T05:14:40.595414344Z', 'message': {'role': 'assistant', 'content': 'Well'}, 'done': True, 'done_reason': 'stop', 'total_duration': 8774671261, 'load_duration': 7613275140, 'prompt_eval_count': 520, 'prompt_eval_duration': 420728375, 'eval_count': 2, 'eval_duration': 4187273}
Response: Well
Analyzing frame 16/42: q_23_main_0_30fps_frame0059.png
Prompt: Given the human reaction shown in the image, do you think the situation observed by that human ends well or poorly? (Use only one word -- well or poorly -- to answer)
Image size: 9068 bytes
Response status code: 200
{'model': 'deepseek-ocr:3b', 'created_at': '2025-12-08T05:14:50.881485725Z', 'message': {'role': 'assistant', 'content': 'Well'}, 'done': True, 'done_reason': 'stop', 'total_duration': 9270221824, 'load_duration': 8046033215, 'prompt_eval_count': 520, 'prompt_eval_duration': 425330874, 'eval_count': 2, 'eval_duration': 4173308}
Response: Well
Analyzing frame 17/42: q_23_main_0_30fps_frame0074.png
Prompt: Given the human reaction shown in the image, do you think the situation observed by that human ends well or poorly? (Use only one word -- well or poorly -- to answer)
Image size: 8960 bytes
Response status code: 200
{'model': 'deepseek-ocr:3b', 'created_at': '2025-12-08T05:15:00.594784633Z', 'message': {'role': 'assistant', 'content': 'Well'}, 'done': True, 'done_reason': 'stop', 'total_duration': 8686767192, 'load_duration': 7501520795, 'prompt_eval_count': 520, 'prompt_eval_duration': 429150131, 'eval_count': 2, 'eval_duration': 4328544}
Response: Well
Analyzing frame 18/42: q_23_main_0_30fps_frame0089.png
Prompt: Given the human reaction shown in the image, do you think the situation observed by that human ends well or poorly? (Use only one word -- well or poorly -- to answer)
Image size: 8976 bytes
Response status code: 200
{'model': 'deepseek-ocr:3b', 'created_at': '2025-12-08T05:15:10.64582409Z', 'message': {'role': 'assistant', 'content': 'Well'}, 'done': True, 'done_reason': 'stop', 'total_duration': 9025077871, 'load_duration': 7854514305, 'prompt_eval_count': 520, 'prompt_eval_duration': 423833064, 'eval_count': 2, 'eval_duration': 4214418}
Response: Well
Analyzing frame 19/42: q_2_main_1_30fps_frame0014.png
Prompt: Given the human reaction shown in the image, do you think the situation observed by that human ends well or poorly? (Use only one word -- well or poorly -- to answer)
Image size: 8952 bytes
Response status code: 200
{'model': 'deepseek-ocr:3b', 'created_at': '2025-12-08T05:15:20.712883157Z', 'message': {'role': 'assistant', 'content': ' Well'}, 'done': True, 'done_reason': 'stop', 'total_duration': 9040771284, 'load_duration': 7841502120, 'prompt_eval_count': 520, 'prompt_eval_duration': 423655609, 'eval_count': 2, 'eval_duration': 4201934}
Response: Well
Analyzing frame 20/42: q_2_main_1_30fps_frame0029.png
Prompt: Given the human reaction shown in the image, do you think the situation observed by that human ends well or poorly? (Use only one word -- well or poorly -- to answer)
Image size: 9072 bytes
Response status code: 200
{'model': 'deepseek-ocr:3b', 'created_at': '2025-12-08T05:15:30.714934965Z', 'message': {'role': 'assistant', 'content': 'Well'}, 'done': True, 'done_reason': 'stop', 'total_duration': 8975625797, 'load_duration': 7782309751, 'prompt_eval_count': 520, 'prompt_eval_duration': 422556709, 'eval_count': 2, 'eval_duration': 4395308}
Response: Well
Analyzing frame 21/42: q_2_main_1_30fps_frame0044.png
Prompt: Given the human reaction shown in the image, do you think the situation observed by that human ends well or poorly? (Use only one word -- well or poorly -- to answer)
Image size: 8932 bytes
Response status code: 200
{'model': 'deepseek-ocr:3b', 'created_at': '2025-12-08T05:15:41.037795805Z', 'message': {'role': 'assistant', 'content': 'Well'}, 'done': True, 'done_reason': 'stop', 'total_duration': 9296421982, 'load_duration': 8153501357, 'prompt_eval_count': 520, 'prompt_eval_duration': 429487147, 'eval_count': 2, 'eval_duration': 4199554}
Response: Well
Analyzing frame 22/42: q_2_main_1_30fps_frame0059.png
Prompt: Given the human reaction shown in the image, do you think the situation observed by that human ends well or poorly? (Use only one word -- well or poorly -- to answer)
Image size: 8972 bytes
Response status code: 200
{'model': 'deepseek-ocr:3b', 'created_at': '2025-12-08T05:15:51.447994631Z', 'message': {'role': 'assistant', 'content': 'Well'}, 'done': True, 'done_reason': 'stop', 'total_duration': 9383604397, 'load_duration': 8132571395, 'prompt_eval_count': 520, 'prompt_eval_duration': 421671060, 'eval_count': 2, 'eval_duration': 4337735}
Response: Well
Analyzing frame 23/42: q_2_main_1_30fps_frame0074.png
Prompt: Given the human reaction shown in the image, do you think the situation observed by that human ends well or poorly? (Use only one word -- well or poorly -- to answer)
Image size: 8912 bytes
Response status code: 200
{'model': 'deepseek-ocr:3b', 'created_at': '2025-12-08T05:16:01.858644471Z', 'message': {'role': 'assistant', 'content': 'Well'}, 'done': True, 'done_reason': 'stop', 'total_duration': 9387754774, 'load_duration': 8207476098, 'prompt_eval_count': 520, 'prompt_eval_duration': 424303315, 'eval_count': 2, 'eval_duration': 4189091}
Response: Well
Analyzing frame 24/42: q_2_main_1_30fps_frame0089.png
Prompt: Given the human reaction shown in the image, do you think the situation observed by that human ends well or poorly? (Use only one word -- well or poorly -- to answer)
Image size: 8848 bytes
Response status code: 200
{'model': 'deepseek-ocr:3b', 'created_at': '2025-12-08T05:16:11.768387311Z', 'message': {'role': 'assistant', 'content': 'Well'}, 'done': True, 'done_reason': 'stop', 'total_duration': 8883147129, 'load_duration': 7638215444, 'prompt_eval_count': 520, 'prompt_eval_duration': 448451726, 'eval_count': 2, 'eval_duration': 4447935}
Response: Well
Analyzing frame 25/42: q_4_main_0_30fps_frame0015.png
Prompt: Given the human reaction shown in the image, do you think the situation observed by that human ends well or poorly? (Use only one word -- well or poorly -- to answer)
Image size: 8632 bytes
Response status code: 200
{'model': 'deepseek-ocr:3b', 'created_at': '2025-12-08T05:16:21.682029267Z', 'message': {'role': 'assistant', 'content': 'Well'}, 'done': True, 'done_reason': 'stop', 'total_duration': 8886893272, 'load_duration': 7719004449, 'prompt_eval_count': 520, 'prompt_eval_duration': 425776779, 'eval_count': 2, 'eval_duration': 4197049}
Response: Well
Analyzing frame 26/42: q_4_main_0_30fps_frame0030.png
Prompt: Given the human reaction shown in the image, do you think the situation observed by that human ends well or poorly? (Use only one word -- well or poorly -- to answer)
Image size: 8560 bytes
Response status code: 200
{'model': 'deepseek-ocr:3b', 'created_at': '2025-12-08T05:16:31.374940579Z', 'message': {'role': 'assistant', 'content': 'Well'}, 'done': True, 'done_reason': 'stop', 'total_duration': 8667675527, 'load_duration': 7511566757, 'prompt_eval_count': 520, 'prompt_eval_duration': 417065100, 'eval_count': 2, 'eval_duration': 4366657}
Response: Well
Analyzing frame 27/42: q_4_main_0_30fps_frame0045.png
Prompt: Given the human reaction shown in the image, do you think the situation observed by that human ends well or poorly? (Use only one word -- well or poorly -- to answer)
Image size: 8600 bytes
Response status code: 200
{'model': 'deepseek-ocr:3b', 'created_at': '2025-12-08T05:16:41.701661513Z', 'message': {'role': 'assistant', 'content': 'Well'}, 'done': True, 'done_reason': 'stop', 'total_duration': 9302134159, 'load_duration': 8046653161, 'prompt_eval_count': 520, 'prompt_eval_duration': 478317528, 'eval_count': 2, 'eval_duration': 4183426}
Response: Well
Analyzing frame 28/42: q_4_main_0_30fps_frame0060.png
Prompt: Given the human reaction shown in the image, do you think the situation observed by that human ends well or poorly? (Use only one word -- well or poorly -- to answer)
Image size: 8640 bytes
Response status code: 200
{'model': 'deepseek-ocr:3b', 'created_at': '2025-12-08T05:16:51.411302599Z', 'message': {'role': 'assistant', 'content': 'Well'}, 'done': True, 'done_reason': 'stop', 'total_duration': 8683035169, 'load_duration': 7485171443, 'prompt_eval_count': 520, 'prompt_eval_duration': 429092191, 'eval_count': 2, 'eval_duration': 4214631}
Response: Well
Analyzing frame 29/42: q_4_main_0_30fps_frame0075.png
Prompt: Given the human reaction shown in the image, do you think the situation observed by that human ends well or poorly? (Use only one word -- well or poorly -- to answer)
Image size: 8576 bytes
Response status code: 200
{'model': 'deepseek-ocr:3b', 'created_at': '2025-12-08T05:17:01.042501975Z', 'message': {'role': 'assistant', 'content': 'Well'}, 'done': True, 'done_reason': 'stop', 'total_duration': 8606970260, 'load_duration': 7410250003, 'prompt_eval_count': 520, 'prompt_eval_duration': 419683360, 'eval_count': 2, 'eval_duration': 4225113}
Response: Well
Analyzing frame 30/42: q_4_main_0_30fps_frame0090.png
Prompt: Given the human reaction shown in the image, do you think the situation observed by that human ends well or poorly? (Use only one word -- well or poorly -- to answer)
Image size: 8504 bytes
Response status code: 200
{'model': 'deepseek-ocr:3b', 'created_at': '2025-12-08T05:17:11.361140541Z', 'message': {'role': 'assistant', 'content': 'Well'}, 'done': True, 'done_reason': 'stop', 'total_duration': 9292063131, 'load_duration': 8070792136, 'prompt_eval_count': 520, 'prompt_eval_duration': 425446164, 'eval_count': 2, 'eval_duration': 4207667}
Response: Well
Analyzing frame 31/42: q_6_main_1_30fps_frame0015.png
Prompt: Given the human reaction shown in the image, do you think the situation observed by that human ends well or poorly? (Use only one word -- well or poorly -- to answer)
Image size: 9128 bytes
Response status code: 200
{'model': 'deepseek-ocr:3b', 'created_at': '2025-12-08T05:17:21.36280576Z', 'message': {'role': 'assistant', 'content': 'Well'}, 'done': True, 'done_reason': 'stop', 'total_duration': 8975097593, 'load_duration': 7744026911, 'prompt_eval_count': 520, 'prompt_eval_duration': 423070070, 'eval_count': 2, 'eval_duration': 4185657}
Response: Well
Analyzing frame 32/42: q_6_main_1_30fps_frame0030.png
Prompt: Given the human reaction shown in the image, do you think the situation observed by that human ends well or poorly? (Use only one word -- well or poorly -- to answer)
Image size: 8900 bytes
Response status code: 200
{'model': 'deepseek-ocr:3b', 'created_at': '2025-12-08T05:17:31.41084689Z', 'message': {'role': 'assistant', 'content': 'Well'}, 'done': True, 'done_reason': 'stop', 'total_duration': 9022499764, 'load_duration': 7833482757, 'prompt_eval_count': 520, 'prompt_eval_duration': 423576805, 'eval_count': 2, 'eval_duration': 4235453}
Response: Well
Analyzing frame 33/42: q_6_main_1_30fps_frame0045.png
Prompt: Given the human reaction shown in the image, do you think the situation observed by that human ends well or poorly? (Use only one word -- well or poorly -- to answer)
Image size: 8940 bytes
Response status code: 200
{'model': 'deepseek-ocr:3b', 'created_at': '2025-12-08T05:17:41.228517478Z', 'message': {'role': 'assistant', 'content': 'Well'}, 'done': True, 'done_reason': 'stop', 'total_duration': 8793161716, 'load_duration': 7606299423, 'prompt_eval_count': 520, 'prompt_eval_duration': 423829620, 'eval_count': 2, 'eval_duration': 4209722}
Response: Well
Analyzing frame 34/42: q_6_main_1_30fps_frame0060.png
Prompt: Given the human reaction shown in the image, do you think the situation observed by that human ends well or poorly? (Use only one word -- well or poorly -- to answer)
Image size: 8912 bytes
Response status code: 200
{'model': 'deepseek-ocr:3b', 'created_at': '2025-12-08T05:17:51.395154828Z', 'message': {'role': 'assistant', 'content': 'Well'}, 'done': True, 'done_reason': 'stop', 'total_duration': 9143338854, 'load_duration': 7949678318, 'prompt_eval_count': 520, 'prompt_eval_duration': 423090088, 'eval_count': 2, 'eval_duration': 4304162}
Response: Well
Analyzing frame 35/42: q_6_main_1_30fps_frame0075.png
Prompt: Given the human reaction shown in the image, do you think the situation observed by that human ends well or poorly? (Use only one word -- well or poorly -- to answer)
Image size: 8904 bytes
Response status code: 200
{'model': 'deepseek-ocr:3b', 'created_at': '2025-12-08T05:18:01.096759716Z', 'message': {'role': 'assistant', 'content': 'Well'}, 'done': True, 'done_reason': 'stop', 'total_duration': 8676868994, 'load_duration': 7473948915, 'prompt_eval_count': 520, 'prompt_eval_duration': 444749314, 'eval_count': 2, 'eval_duration': 4851655}
Response: Well
Analyzing frame 36/42: q_6_main_1_30fps_frame0090.png
Prompt: Given the human reaction shown in the image, do you think the situation observed by that human ends well or poorly? (Use only one word -- well or poorly -- to answer)
Image size: 8884 bytes
Response status code: 200
{'model': 'deepseek-ocr:3b', 'created_at': '2025-12-08T05:18:11.107242386Z', 'message': {'role': 'assistant', 'content': 'Well'}, 'done': True, 'done_reason': 'stop', 'total_duration': 8982922155, 'load_duration': 7828171180, 'prompt_eval_count': 520, 'prompt_eval_duration': 422733929, 'eval_count': 2, 'eval_duration': 4244701}
Response: Well
Analyzing frame 37/42: q_warmup_4_main_0_30fps_frame0014.png
Prompt: Given the human reaction shown in the image, do you think the situation observed by that human ends well or poorly? (Use only one word -- well or poorly -- to answer)
Image size: 8948 bytes
Response status code: 200
{'model': 'deepseek-ocr:3b', 'created_at': '2025-12-08T05:18:21.142065826Z', 'message': {'role': 'assistant', 'content': 'Well'}, 'done': True, 'done_reason': 'stop', 'total_duration': 9010592350, 'load_duration': 7829057802, 'prompt_eval_count': 520, 'prompt_eval_duration': 429593012, 'eval_count': 2, 'eval_duration': 4249927}
Response: Well
Analyzing frame 38/42: q_warmup_4_main_0_30fps_frame0029.png
Prompt: Given the human reaction shown in the image, do you think the situation observed by that human ends well or poorly? (Use only one word -- well or poorly -- to answer)
Image size: 8928 bytes
Response status code: 200
{'model': 'deepseek-ocr:3b', 'created_at': '2025-12-08T05:18:31.210610467Z', 'message': {'role': 'assistant', 'content': 'Well'}, 'done': True, 'done_reason': 'stop', 'total_duration': 9041721092, 'load_duration': 7860384829, 'prompt_eval_count': 520, 'prompt_eval_duration': 422080466, 'eval_count': 2, 'eval_duration': 4216941}
Response: Well
Analyzing frame 39/42: q_warmup_4_main_0_30fps_frame0044.png
Prompt: Given the human reaction shown in the image, do you think the situation observed by that human ends well or poorly? (Use only one word -- well or poorly -- to answer)
Image size: 8976 bytes
Response status code: 200
{'model': 'deepseek-ocr:3b', 'created_at': '2025-12-08T05:18:41.184834501Z', 'message': {'role': 'assistant', 'content': 'Well'}, 'done': True, 'done_reason': 'stop', 'total_duration': 8949117222, 'load_duration': 7796969213, 'prompt_eval_count': 520, 'prompt_eval_duration': 417871894, 'eval_count': 2, 'eval_duration': 4292978}
Response: Well
Analyzing frame 40/42: q_warmup_4_main_0_30fps_frame0059.png
Prompt: Given the human reaction shown in the image, do you think the situation observed by that human ends well or poorly? (Use only one word -- well or poorly -- to answer)
Image size: 8868 bytes
Response status code: 200
{'model': 'deepseek-ocr:3b', 'created_at': '2025-12-08T05:18:51.326266525Z', 'message': {'role': 'assistant', 'content': 'Well'}, 'done': True, 'done_reason': 'stop', 'total_duration': 9113307859, 'load_duration': 7874756765, 'prompt_eval_count': 520, 'prompt_eval_duration': 423859610, 'eval_count': 2, 'eval_duration': 4199245}
Response: Well
Analyzing frame 41/42: q_warmup_4_main_0_30fps_frame0074.png
Prompt: Given the human reaction shown in the image, do you think the situation observed by that human ends well or poorly? (Use only one word -- well or poorly -- to answer)
Image size: 8972 bytes
Response status code: 200
{'model': 'deepseek-ocr:3b', 'created_at': '2025-12-08T05:19:01.398119938Z', 'message': {'role': 'assistant', 'content': 'Well'}, 'done': True, 'done_reason': 'stop', 'total_duration': 9044753764, 'load_duration': 7910166005, 'prompt_eval_count': 520, 'prompt_eval_duration': 418180024, 'eval_count': 2, 'eval_duration': 4246860}
Response: Well
Analyzing frame 42/42: q_warmup_4_main_0_30fps_frame0089.png
Prompt: Given the human reaction shown in the image, do you think the situation observed by that human ends well or poorly? (Use only one word -- well or poorly -- to answer)
Image size: 8796 bytes
Response status code: 200
{'model': 'deepseek-ocr:3b', 'created_at': '2025-12-08T05:19:11.740729121Z', 'message': {'role': 'assistant', 'content': 'Well'}, 'done': True, 'done_reason': 'stop', 'total_duration': 9309967270, 'load_duration': 8144971306, 'prompt_eval_count': 520, 'prompt_eval_duration': 429380025, 'eval_count': 2, 'eval_duration': 4188407}
Response: Well
Processed 42 frames for participant 1483

Results saved to ./results/results_deepseek-ocr_3s.csv
Total frames in CSV: 3456

==================================================
Processing participant 2/28: 1676

Processing participant: 1676
Found 60 unprocessed frames for this participant
Analyzing frame 1/60: q_13_main_0_30fps_frame0014.png
Prompt: Given the human reaction shown in the image, do you think the situation observed by that human ends well or poorly? (Use only one word -- well or poorly -- to answer)
Image size: 11508 bytes
Response status code: 200
{'model': 'deepseek-ocr:3b', 'created_at': '2025-12-08T05:19:21.570951459Z', 'message': {'role': 'assistant', 'content': 'Well'}, 'done': True, 'done_reason': 'stop', 'total_duration': 8788256576, 'load_duration': 7610164459, 'prompt_eval_count': 520, 'prompt_eval_duration': 427829410, 'eval_count': 2, 'eval_duration': 4196713}
Response: Well
Analyzing frame 2/60: q_13_main_0_30fps_frame0029.png
Prompt: Given the human reaction shown in the image, do you think the situation observed by that human ends well or poorly? (Use only one word -- well or poorly -- to answer)
Image size: 11068 bytes
Response status code: 200
{'model': 'deepseek-ocr:3b', 'created_at': '2025-12-08T05:19:31.717644705Z', 'message': {'role': 'assistant', 'content': 'Well'}, 'done': True, 'done_reason': 'stop', 'total_duration': 9122111658, 'load_duration': 7915319960, 'prompt_eval_count': 520, 'prompt_eval_duration': 448998207, 'eval_count': 2, 'eval_duration': 4420395}
Response: Well
Analyzing frame 3/60: q_13_main_0_30fps_frame0044.png
Prompt: Given the human reaction shown in the image, do you think the situation observed by that human ends well or poorly? (Use only one word -- well or poorly -- to answer)
Image size: 11168 bytes
Response status code: 200
{'model': 'deepseek-ocr:3b', 'created_at': '2025-12-08T05:19:41.342164839Z', 'message': {'role': 'assistant', 'content': 'Well'}, 'done': True, 'done_reason': 'stop', 'total_duration': 8593684351, 'load_duration': 7429085347, 'prompt_eval_count': 520, 'prompt_eval_duration': 422958776, 'eval_count': 2, 'eval_duration': 4346236}
Response: Well
Analyzing frame 4/60: q_13_main_0_30fps_frame0059.png
Prompt: Given the human reaction shown in the image, do you think the situation observed by that human ends well or poorly? (Use only one word -- well or poorly -- to answer)
Image size: 11504 bytes
Response status code: 200
{'model': 'deepseek-ocr:3b', 'created_at': '2025-12-08T05:19:51.11637048Z', 'message': {'role': 'assistant', 'content': 'Well'}, 'done': True, 'done_reason': 'stop', 'total_duration': 8742522611, 'load_duration': 7580517124, 'prompt_eval_count': 520, 'prompt_eval_duration': 419286503, 'eval_count': 2, 'eval_duration': 4273516}
Response: Well
Analyzing frame 5/60: q_13_main_0_30fps_frame0074.png
Prompt: Given the human reaction shown in the image, do you think the situation observed by that human ends well or poorly? (Use only one word -- well or poorly -- to answer)
Image size: 11668 bytes
Response status code: 200
{'model': 'deepseek-ocr:3b', 'created_at': '2025-12-08T05:20:01.222493025Z', 'message': {'role': 'assistant', 'content': 'Well'}, 'done': True, 'done_reason': 'stop', 'total_duration': 9078015506, 'load_duration': 7891997516, 'prompt_eval_count': 520, 'prompt_eval_duration': 421079001, 'eval_count': 2, 'eval_duration': 4429788}
Response: Well
Analyzing frame 6/60: q_13_main_0_30fps_frame0089.png
Prompt: Given the human reaction shown in the image, do you think the situation observed by that human ends well or poorly? (Use only one word -- well or poorly -- to answer)
Image size: 11740 bytes
Response status code: 200
{'model': 'deepseek-ocr:3b', 'created_at': '2025-12-08T05:20:11.240851456Z', 'message': {'role': 'assistant', 'content': 'Well'}, 'done': True, 'done_reason': 'stop', 'total_duration': 8992151570, 'load_duration': 7808751006, 'prompt_eval_count': 520, 'prompt_eval_duration': 423963839, 'eval_count': 2, 'eval_duration': 4340225}
Response: Well
Analyzing frame 7/60: q_19_main_0_30fps_frame0014.png
Prompt: Given the human reaction shown in the image, do you think the situation observed by that human ends well or poorly? (Use only one word -- well or poorly -- to answer)
Image size: 12312 bytes
Response status code: 200
{'model': 'deepseek-ocr:3b', 'created_at': '2025-12-08T05:20:21.05983678Z', 'message': {'role': 'assistant', 'content': 'Well'}, 'done': True, 'done_reason': 'stop', 'total_duration': 8790692461, 'load_duration': 7596295122, 'prompt_eval_count': 520, 'prompt_eval_duration': 423704676, 'eval_count': 2, 'eval_duration': 4211315}
Response: Well
Analyzing frame 8/60: q_19_main_0_30fps_frame0029.png
Prompt: Given the human reaction shown in the image, do you think the situation observed by that human ends well or poorly? (Use only one word -- well or poorly -- to answer)
Image size: 12284 bytes
Response status code: 200
{'model': 'deepseek-ocr:3b', 'created_at': '2025-12-08T05:20:30.980479719Z', 'message': {'role': 'assistant', 'content': 'Well'}, 'done': True, 'done_reason': 'stop', 'total_duration': 8891359240, 'load_duration': 7724905447, 'prompt_eval_count': 520, 'prompt_eval_duration': 424854183, 'eval_count': 2, 'eval_duration': 4254937}
Response: Well
nohup: ignoring input
Starting frame analysis with deepseek-ocr:3b...
Frames folder: ../../../data/new_reactions/image_dataset_3s/
Output CSV: ./results/results_deepseek-ocr_3s.csv
Prompt: Given the human reaction shown in the image, do you think the situation observed by that human ends well or poorly? (Use only one word -- well or poorly -- to answer)
Parsing CSV file: ./results/results_deepseek-ocr_3s.csv
Found 3456 already processed frames in CSV
Loaded 3456 existing results

============================================================
FRAME-LEVEL RESUME STATISTICS:
============================================================
Total participants in folder: 30
Total frames in folder: 3690
Already processed frames: 3456
Participants with unprocessed frames: 27
Frames remaining to process: 1380
============================================================


==================================================
Processing participant 1/27: 1676

Processing participant: 1676
Found 60 unprocessed frames for this participant
Analyzing frame 1/60: q_13_main_0_30fps_frame0014.png
Prompt: Given the human reaction shown in the image, do you think the situation observed by that human ends well or poorly? (Use only one word -- well or poorly -- to answer)
Image size: 11508 bytes
Response status code: 200
{'model': 'deepseek-ocr:3b', 'created_at': '2025-12-08T05:27:45.148110303Z', 'message': {'role': 'assistant', 'content': 'Well'}, 'done': True, 'done_reason': 'stop', 'total_duration': 7581357680, 'load_duration': 6391990773, 'prompt_eval_count': 520, 'prompt_eval_duration': 423257311, 'eval_count': 2, 'eval_duration': 4393647}
Response: Well
Analyzing frame 2/60: q_13_main_0_30fps_frame0029.png
Prompt: Given the human reaction shown in the image, do you think the situation observed by that human ends well or poorly? (Use only one word -- well or poorly -- to answer)
Image size: 11068 bytes
Response status code: 200
{'model': 'deepseek-ocr:3b', 'created_at': '2025-12-08T05:27:55.027647171Z', 'message': {'role': 'assistant', 'content': 'Well'}, 'done': True, 'done_reason': 'stop', 'total_duration': 8854946548, 'load_duration': 7669557447, 'prompt_eval_count': 520, 'prompt_eval_duration': 422252823, 'eval_count': 2, 'eval_duration': 4187015}
Response: Well
Analyzing frame 3/60: q_13_main_0_30fps_frame0044.png
Prompt: Given the human reaction shown in the image, do you think the situation observed by that human ends well or poorly? (Use only one word -- well or poorly -- to answer)
Image size: 11168 bytes
Response status code: 200
{'model': 'deepseek-ocr:3b', 'created_at': '2025-12-08T05:28:05.262159892Z', 'message': {'role': 'assistant', 'content': 'Well'}, 'done': True, 'done_reason': 'stop', 'total_duration': 9219965339, 'load_duration': 7939501825, 'prompt_eval_count': 520, 'prompt_eval_duration': 515027038, 'eval_count': 2, 'eval_duration': 4254660}
Response: Well
Analyzing frame 4/60: q_13_main_0_30fps_frame0059.png
Prompt: Given the human reaction shown in the image, do you think the situation observed by that human ends well or poorly? (Use only one word -- well or poorly -- to answer)
Image size: 11504 bytes
Response status code: 200
{'model': 'deepseek-ocr:3b', 'created_at': '2025-12-08T05:28:15.205605688Z', 'message': {'role': 'assistant', 'content': 'Well'}, 'done': True, 'done_reason': 'stop', 'total_duration': 8916394563, 'load_duration': 7711774403, 'prompt_eval_count': 520, 'prompt_eval_duration': 423177735, 'eval_count': 2, 'eval_duration': 4197405}
Response: Well
Analyzing frame 5/60: q_13_main_0_30fps_frame0074.png
Prompt: Given the human reaction shown in the image, do you think the situation observed by that human ends well or poorly? (Use only one word -- well or poorly -- to answer)
Image size: 11668 bytes
Response status code: 200
{'model': 'deepseek-ocr:3b', 'created_at': '2025-12-08T05:28:24.821244314Z', 'message': {'role': 'assistant', 'content': 'Well'}, 'done': True, 'done_reason': 'stop', 'total_duration': 8588943938, 'load_duration': 7374709620, 'prompt_eval_count': 520, 'prompt_eval_duration': 447012804, 'eval_count': 2, 'eval_duration': 4405062}
Response: Well
Analyzing frame 6/60: q_13_main_0_30fps_frame0089.png
Prompt: Given the human reaction shown in the image, do you think the situation observed by that human ends well or poorly? (Use only one word -- well or poorly -- to answer)
Image size: 11740 bytes
Response status code: 200
{'model': 'deepseek-ocr:3b', 'created_at': '2025-12-08T05:28:34.818939203Z', 'message': {'role': 'assistant', 'content': 'Well'}, 'done': True, 'done_reason': 'stop', 'total_duration': 8971210964, 'load_duration': 7795553063, 'prompt_eval_count': 520, 'prompt_eval_duration': 420093670, 'eval_count': 2, 'eval_duration': 4304474}
Response: Well
Analyzing frame 7/60: q_19_main_0_30fps_frame0014.png
Prompt: Given the human reaction shown in the image, do you think the situation observed by that human ends well or poorly? (Use only one word -- well or poorly -- to answer)
Image size: 12312 bytes
Response status code: 200
{'model': 'deepseek-ocr:3b', 'created_at': '2025-12-08T05:28:44.73621926Z', 'message': {'role': 'assistant', 'content': 'Well'}, 'done': True, 'done_reason': 'stop', 'total_duration': 8892198549, 'load_duration': 7640523182, 'prompt_eval_count': 520, 'prompt_eval_duration': 448121837, 'eval_count': 2, 'eval_duration': 4439408}
Response: Well
Analyzing frame 8/60: q_19_main_0_30fps_frame0029.png
Prompt: Given the human reaction shown in the image, do you think the situation observed by that human ends well or poorly? (Use only one word -- well or poorly -- to answer)
Image size: 12284 bytes
Response status code: 200
{'model': 'deepseek-ocr:3b', 'created_at': '2025-12-08T05:28:54.583697139Z', 'message': {'role': 'assistant', 'content': 'Well'}, 'done': True, 'done_reason': 'stop', 'total_duration': 8827962795, 'load_duration': 7648879527, 'prompt_eval_count': 520, 'prompt_eval_duration': 427256999, 'eval_count': 2, 'eval_duration': 4205409}
Response: Well
Analyzing frame 9/60: q_19_main_0_30fps_frame0044.png
Prompt: Given the human reaction shown in the image, do you think the situation observed by that human ends well or poorly? (Use only one word -- well or poorly -- to answer)
Image size: 12256 bytes
Response status code: 200
{'model': 'deepseek-ocr:3b', 'created_at': '2025-12-08T05:29:04.35905486Z', 'message': {'role': 'assistant', 'content': 'Well'}, 'done': True, 'done_reason': 'stop', 'total_duration': 8750474652, 'load_duration': 7582774440, 'prompt_eval_count': 520, 'prompt_eval_duration': 419773674, 'eval_count': 2, 'eval_duration': 4310108}
Response: Well
Analyzing frame 10/60: q_19_main_0_30fps_frame0059.png
Prompt: Given the human reaction shown in the image, do you think the situation observed by that human ends well or poorly? (Use only one word -- well or poorly -- to answer)
Image size: 12148 bytes
Response status code: 200
{'model': 'deepseek-ocr:3b', 'created_at': '2025-12-08T05:29:14.228067498Z', 'message': {'role': 'assistant', 'content': 'Well'}, 'done': True, 'done_reason': 'stop', 'total_duration': 8842392476, 'load_duration': 7702445747, 'prompt_eval_count': 520, 'prompt_eval_duration': 419122026, 'eval_count': 2, 'eval_duration': 4316172}
Response: Well
Analyzing frame 11/60: q_19_main_0_30fps_frame0074.png
Prompt: Given the human reaction shown in the image, do you think the situation observed by that human ends well or poorly? (Use only one word -- well or poorly -- to answer)
Image size: 12120 bytes
Response status code: 200
{'model': 'deepseek-ocr:3b', 'created_at': '2025-12-08T05:29:24.225503693Z', 'message': {'role': 'assistant', 'content': 'Well'}, 'done': True, 'done_reason': 'stop', 'total_duration': 8971193353, 'load_duration': 7780199417, 'prompt_eval_count': 520, 'prompt_eval_duration': 421237334, 'eval_count': 2, 'eval_duration': 4199621}
Response: Well
Analyzing frame 12/60: q_19_main_0_30fps_frame0089.png
Prompt: Given the human reaction shown in the image, do you think the situation observed by that human ends well or poorly? (Use only one word -- well or poorly -- to answer)
Image size: 12108 bytes
Response status code: 200
{'model': 'deepseek-ocr:3b', 'created_at': '2025-12-08T05:29:34.082146478Z', 'message': {'role': 'assistant', 'content': 'Well'}, 'done': True, 'done_reason': 'stop', 'total_duration': 8828572013, 'load_duration': 7643176872, 'prompt_eval_count': 520, 'prompt_eval_duration': 440171822, 'eval_count': 2, 'eval_duration': 4166574}
Response: Well
Analyzing frame 13/60: q_20_main_0_30fps_frame0015.png
Prompt: Given the human reaction shown in the image, do you think the situation observed by that human ends well or poorly? (Use only one word -- well or poorly -- to answer)
Image size: 13916 bytes
Response status code: 200
{'model': 'deepseek-ocr:3b', 'created_at': '2025-12-08T05:29:44.069047255Z', 'message': {'role': 'assistant', 'content': 'Well'}, 'done': True, 'done_reason': 'stop', 'total_duration': 8958505893, 'load_duration': 7770456793, 'prompt_eval_count': 520, 'prompt_eval_duration': 431973687, 'eval_count': 2, 'eval_duration': 4296013}
Response: Well
Analyzing frame 14/60: q_20_main_0_30fps_frame0030.png
Prompt: Given the human reaction shown in the image, do you think the situation observed by that human ends well or poorly? (Use only one word -- well or poorly -- to answer)
Image size: 13976 bytes
Response status code: 200
{'model': 'deepseek-ocr:3b', 'created_at': '2025-12-08T05:29:54.536983893Z', 'message': {'role': 'assistant', 'content': 'Well'}, 'done': True, 'done_reason': 'stop', 'total_duration': 9437639065, 'load_duration': 8243300662, 'prompt_eval_count': 520, 'prompt_eval_duration': 432716368, 'eval_count': 2, 'eval_duration': 4181557}
Response: Well
Analyzing frame 15/60: q_20_main_0_30fps_frame0045.png
Prompt: Given the human reaction shown in the image, do you think the situation observed by that human ends well or poorly? (Use only one word -- well or poorly -- to answer)
Image size: 13952 bytes
Response status code: 200
{'model': 'deepseek-ocr:3b', 'created_at': '2025-12-08T05:30:04.378553746Z', 'message': {'role': 'assistant', 'content': 'Well'}, 'done': True, 'done_reason': 'stop', 'total_duration': 8811984959, 'load_duration': 7625257289, 'prompt_eval_count': 520, 'prompt_eval_duration': 428445741, 'eval_count': 2, 'eval_duration': 4161325}
Response: Well
Analyzing frame 16/60: q_20_main_0_30fps_frame0060.png
Prompt: Given the human reaction shown in the image, do you think the situation observed by that human ends well or poorly? (Use only one word -- well or poorly -- to answer)
Image size: 13916 bytes
Response status code: 200
{'model': 'deepseek-ocr:3b', 'created_at': '2025-12-08T05:30:14.411458708Z', 'message': {'role': 'assistant', 'content': 'Well'}, 'done': True, 'done_reason': 'stop', 'total_duration': 9003924200, 'load_duration': 7826082750, 'prompt_eval_count': 520, 'prompt_eval_duration': 418160903, 'eval_count': 2, 'eval_duration': 4163702}
Response: Well
Analyzing frame 17/60: q_20_main_0_30fps_frame0075.png
Prompt: Given the human reaction shown in the image, do you think the situation observed by that human ends well or poorly? (Use only one word -- well or poorly -- to answer)
Image size: 13696 bytes
Response status code: 200
{'model': 'deepseek-ocr:3b', 'created_at': '2025-12-08T05:30:24.401755514Z', 'message': {'role': 'assistant', 'content': 'Well'}, 'done': True, 'done_reason': 'stop', 'total_duration': 8961776942, 'load_duration': 7803810828, 'prompt_eval_count': 520, 'prompt_eval_duration': 417335554, 'eval_count': 2, 'eval_duration': 4220388}
Response: Well
Analyzing frame 18/60: q_20_main_0_30fps_frame0090.png
Prompt: Given the human reaction shown in the image, do you think the situation observed by that human ends well or poorly? (Use only one word -- well or poorly -- to answer)
Image size: 13804 bytes
Response status code: 200
{'model': 'deepseek-ocr:3b', 'created_at': '2025-12-08T05:30:34.626806226Z', 'message': {'role': 'assistant', 'content': 'Well'}, 'done': True, 'done_reason': 'stop', 'total_duration': 9195900865, 'load_duration': 8008611374, 'prompt_eval_count': 520, 'prompt_eval_duration': 419235090, 'eval_count': 2, 'eval_duration': 4187181}
Response: Well
Analyzing frame 19/60: q_25_main_0_30fps_frame0015.png
Prompt: Given the human reaction shown in the image, do you think the situation observed by that human ends well or poorly? (Use only one word -- well or poorly -- to answer)
Image size: 13148 bytes
Response status code: 200
{'model': 'deepseek-ocr:3b', 'created_at': '2025-12-08T05:30:44.706691328Z', 'message': {'role': 'assistant', 'content': 'Well'}, 'done': True, 'done_reason': 'stop', 'total_duration': 9065152209, 'load_duration': 7818954449, 'prompt_eval_count': 520, 'prompt_eval_duration': 471384892, 'eval_count': 2, 'eval_duration': 4183822}
Response: Well
Analyzing frame 20/60: q_25_main_0_30fps_frame0030.png
Prompt: Given the human reaction shown in the image, do you think the situation observed by that human ends well or poorly? (Use only one word -- well or poorly -- to answer)
Image size: 13044 bytes
Response status code: 200
{'model': 'deepseek-ocr:3b', 'created_at': '2025-12-08T05:30:54.686912948Z', 'message': {'role': 'assistant', 'content': 'Well'}, 'done': True, 'done_reason': 'stop', 'total_duration': 8950050393, 'load_duration': 7811155547, 'prompt_eval_count': 520, 'prompt_eval_duration': 426523214, 'eval_count': 2, 'eval_duration': 4183027}
Response: Well
Analyzing frame 21/60: q_25_main_0_30fps_frame0045.png
Prompt: Given the human reaction shown in the image, do you think the situation observed by that human ends well or poorly? (Use only one word -- well or poorly -- to answer)
Image size: 12956 bytes
Response status code: 200
{'model': 'deepseek-ocr:3b', 'created_at': '2025-12-08T05:31:04.809857246Z', 'message': {'role': 'assistant', 'content': 'Well'}, 'done': True, 'done_reason': 'stop', 'total_duration': 9095017837, 'load_duration': 7928601165, 'prompt_eval_count': 520, 'prompt_eval_duration': 428428775, 'eval_count': 2, 'eval_duration': 4208342}
Response: Well
Analyzing frame 22/60: q_25_main_0_30fps_frame0060.png
Prompt: Given the human reaction shown in the image, do you think the situation observed by that human ends well or poorly? (Use only one word -- well or poorly -- to answer)
Image size: 12924 bytes
Response status code: 200
{'model': 'deepseek-ocr:3b', 'created_at': '2025-12-08T05:31:14.413608778Z', 'message': {'role': 'assistant', 'content': 'Well'}, 'done': True, 'done_reason': 'stop', 'total_duration': 8584678279, 'load_duration': 7331727287, 'prompt_eval_count': 520, 'prompt_eval_duration': 418936225, 'eval_count': 2, 'eval_duration': 4211316}
Response: Well
Analyzing frame 23/60: q_25_main_0_30fps_frame0075.png
Prompt: Given the human reaction shown in the image, do you think the situation observed by that human ends well or poorly? (Use only one word -- well or poorly -- to answer)
Image size: 12996 bytes
Response status code: 200
{'model': 'deepseek-ocr:3b', 'created_at': '2025-12-08T05:31:24.335074646Z', 'message': {'role': 'assistant', 'content': 'Well'}, 'done': True, 'done_reason': 'stop', 'total_duration': 8892633577, 'load_duration': 7716823160, 'prompt_eval_count': 520, 'prompt_eval_duration': 418437079, 'eval_count': 2, 'eval_duration': 4197061}
Response: Well
Analyzing frame 24/60: q_25_main_0_30fps_frame0090.png
Prompt: Given the human reaction shown in the image, do you think the situation observed by that human ends well or poorly? (Use only one word -- well or poorly -- to answer)
Image size: 12956 bytes
Response status code: 200
{'model': 'deepseek-ocr:3b', 'created_at': '2025-12-08T05:31:34.41599799Z', 'message': {'role': 'assistant', 'content': 'Well'}, 'done': True, 'done_reason': 'stop', 'total_duration': 9053678769, 'load_duration': 7861495602, 'prompt_eval_count': 520, 'prompt_eval_duration': 425187607, 'eval_count': 2, 'eval_duration': 4304032}
Response: Well
Analyzing frame 25/60: q_27_main_1_30fps_frame0014.png
Prompt: Given the human reaction shown in the image, do you think the situation observed by that human ends well or poorly? (Use only one word -- well or poorly -- to answer)
Image size: 12996 bytes
Response status code: 200
{'model': 'deepseek-ocr:3b', 'created_at': '2025-12-08T05:31:44.336761982Z', 'message': {'role': 'assistant', 'content': 'Well'}, 'done': True, 'done_reason': 'stop', 'total_duration': 8894756012, 'load_duration': 7730608185, 'prompt_eval_count': 520, 'prompt_eval_duration': 422574744, 'eval_count': 2, 'eval_duration': 4196173}
Response: Well
Analyzing frame 26/60: q_27_main_1_30fps_frame0029.png
Prompt: Given the human reaction shown in the image, do you think the situation observed by that human ends well or poorly? (Use only one word -- well or poorly -- to answer)
Image size: 12948 bytes
Response status code: 200
{'model': 'deepseek-ocr:3b', 'created_at': '2025-12-08T05:31:54.294753168Z', 'message': {'role': 'assistant', 'content': 'Well'}, 'done': True, 'done_reason': 'stop', 'total_duration': 8935074122, 'load_duration': 7676719987, 'prompt_eval_count': 520, 'prompt_eval_duration': 444547305, 'eval_count': 2, 'eval_duration': 4438862}
Response: Well
Analyzing frame 27/60: q_27_main_1_30fps_frame0044.png
Prompt: Given the human reaction shown in the image, do you think the situation observed by that human ends well or poorly? (Use only one word -- well or poorly -- to answer)
Image size: 13060 bytes
Response status code: 200
{'model': 'deepseek-ocr:3b', 'created_at': '2025-12-08T05:32:04.296165251Z', 'message': {'role': 'assistant', 'content': 'Well'}, 'done': True, 'done_reason': 'stop', 'total_duration': 8970301588, 'load_duration': 7752122631, 'prompt_eval_count': 520, 'prompt_eval_duration': 437191523, 'eval_count': 2, 'eval_duration': 4210012}
Response: Well
Analyzing frame 28/60: q_27_main_1_30fps_frame0059.png
Prompt: Given the human reaction shown in the image, do you think the situation observed by that human ends well or poorly? (Use only one word -- well or poorly -- to answer)
Image size: 13088 bytes
Response status code: 200
{'model': 'deepseek-ocr:3b', 'created_at': '2025-12-08T05:32:14.591519453Z', 'message': {'role': 'assistant', 'content': 'Well'}, 'done': True, 'done_reason': 'stop', 'total_duration': 9264144429, 'load_duration': 8013050783, 'prompt_eval_count': 520, 'prompt_eval_duration': 466173018, 'eval_count': 2, 'eval_duration': 4239278}
Response: Well
Analyzing frame 29/60: q_27_main_1_30fps_frame0074.png
Prompt: Given the human reaction shown in the image, do you think the situation observed by that human ends well or poorly? (Use only one word -- well or poorly -- to answer)
Image size: 13028 bytes
Response status code: 200
{'model': 'deepseek-ocr:3b', 'created_at': '2025-12-08T05:32:24.417701309Z', 'message': {'role': 'assistant', 'content': 'Well'}, 'done': True, 'done_reason': 'stop', 'total_duration': 8799532892, 'load_duration': 7613865687, 'prompt_eval_count': 520, 'prompt_eval_duration': 428738590, 'eval_count': 2, 'eval_duration': 4203566}
Response: Well
Analyzing frame 30/60: q_27_main_1_30fps_frame0089.png
Prompt: Given the human reaction shown in the image, do you think the situation observed by that human ends well or poorly? (Use only one word -- well or poorly -- to answer)
Image size: 12984 bytes
Response status code: 200
{'model': 'deepseek-ocr:3b', 'created_at': '2025-12-08T05:32:34.379019036Z', 'message': {'role': 'assistant', 'content': 'Well'}, 'done': True, 'done_reason': 'stop', 'total_duration': 8932030778, 'load_duration': 7716313546, 'prompt_eval_count': 520, 'prompt_eval_duration': 423783832, 'eval_count': 2, 'eval_duration': 4343677}
Response: Well
Analyzing frame 31/60: q_28_main_0_30fps_frame0014.png
Prompt: Given the human reaction shown in the image, do you think the situation observed by that human ends well or poorly? (Use only one word -- well or poorly -- to answer)
Image size: 12276 bytes
Response status code: 200
{'model': 'deepseek-ocr:3b', 'created_at': '2025-12-08T05:32:44.337159031Z', 'message': {'role': 'assistant', 'content': 'Well'}, 'done': True, 'done_reason': 'stop', 'total_duration': 8930123167, 'load_duration': 7756634457, 'prompt_eval_count': 520, 'prompt_eval_duration': 419899944, 'eval_count': 2, 'eval_duration': 4551657}
Response: Well
Analyzing frame 32/60: q_28_main_0_30fps_frame0029.png
Prompt: Given the human reaction shown in the image, do you think the situation observed by that human ends well or poorly? (Use only one word -- well or poorly -- to answer)
Image size: 12364 bytes
Response status code: 200
{'model': 'deepseek-ocr:3b', 'created_at': '2025-12-08T05:32:53.6996059Z', 'message': {'role': 'assistant', 'content': 'Well'}, 'done': True, 'done_reason': 'stop', 'total_duration': 8333027306, 'load_duration': 7158153354, 'prompt_eval_count': 520, 'prompt_eval_duration': 424364721, 'eval_count': 2, 'eval_duration': 4221240}
Response: Well
Analyzing frame 33/60: q_28_main_0_30fps_frame0044.png
Prompt: Given the human reaction shown in the image, do you think the situation observed by that human ends well or poorly? (Use only one word -- well or poorly -- to answer)
Image size: 12372 bytes
Response status code: 200
{'model': 'deepseek-ocr:3b', 'created_at': '2025-12-08T05:33:03.605638173Z', 'message': {'role': 'assistant', 'content': 'Well'}, 'done': True, 'done_reason': 'stop', 'total_duration': 8880576981, 'load_duration': 7648121817, 'prompt_eval_count': 520, 'prompt_eval_duration': 450920753, 'eval_count': 2, 'eval_duration': 4454504}
Response: Well
Analyzing frame 34/60: q_28_main_0_30fps_frame0059.png
Prompt: Given the human reaction shown in the image, do you think the situation observed by that human ends well or poorly? (Use only one word -- well or poorly -- to answer)
Image size: 12192 bytes
Response status code: 200
{'model': 'deepseek-ocr:3b', 'created_at': '2025-12-08T05:33:13.006420029Z', 'message': {'role': 'assistant', 'content': 'Well'}, 'done': True, 'done_reason': 'stop', 'total_duration': 8372598922, 'load_duration': 7251769669, 'prompt_eval_count': 520, 'prompt_eval_duration': 417564664, 'eval_count': 2, 'eval_duration': 4286273}
Response: Well
Analyzing frame 35/60: q_28_main_0_30fps_frame0074.png
Prompt: Given the human reaction shown in the image, do you think the situation observed by that human ends well or poorly? (Use only one word -- well or poorly -- to answer)
Image size: 12132 bytes
Response status code: 200
{'model': 'deepseek-ocr:3b', 'created_at': '2025-12-08T05:33:22.714135726Z', 'message': {'role': 'assistant', 'content': 'Well'}, 'done': True, 'done_reason': 'stop', 'total_duration': 8680910174, 'load_duration': 7544817880, 'prompt_eval_count': 520, 'prompt_eval_duration': 426546700, 'eval_count': 2, 'eval_duration': 4187866}
Response: Well
Analyzing frame 36/60: q_28_main_0_30fps_frame0089.png
Prompt: Given the human reaction shown in the image, do you think the situation observed by that human ends well or poorly? (Use only one word -- well or poorly -- to answer)
Image size: 12084 bytes
Response status code: 200
{'model': 'deepseek-ocr:3b', 'created_at': '2025-12-08T05:33:32.839803181Z', 'message': {'role': 'assistant', 'content': 'Well'}, 'done': True, 'done_reason': 'stop', 'total_duration': 9097775448, 'load_duration': 7928138812, 'prompt_eval_count': 520, 'prompt_eval_duration': 426359406, 'eval_count': 2, 'eval_duration': 4359339}
Response: Well
Analyzing frame 37/60: q_6_main_0_30fps_frame0014.png
Prompt: Given the human reaction shown in the image, do you think the situation observed by that human ends well or poorly? (Use only one word -- well or poorly -- to answer)
Image size: 12148 bytes
Response status code: 200
{'model': 'deepseek-ocr:3b', 'created_at': '2025-12-08T05:33:43.397884779Z', 'message': {'role': 'assistant', 'content': 'Well'}, 'done': True, 'done_reason': 'stop', 'total_duration': 9532831494, 'load_duration': 8333534631, 'prompt_eval_count': 520, 'prompt_eval_duration': 429660042, 'eval_count': 2, 'eval_duration': 4254957}
Response: Well
Analyzing frame 38/60: q_6_main_0_30fps_frame0029.png
Prompt: Given the human reaction shown in the image, do you think the situation observed by that human ends well or poorly? (Use only one word -- well or poorly -- to answer)
Image size: 12212 bytes
Response status code: 200
{'model': 'deepseek-ocr:3b', 'created_at': '2025-12-08T05:33:53.241454631Z', 'message': {'role': 'assistant', 'content': 'Well'}, 'done': True, 'done_reason': 'stop', 'total_duration': 8816080789, 'load_duration': 7626920122, 'prompt_eval_count': 520, 'prompt_eval_duration': 421565037, 'eval_count': 2, 'eval_duration': 4243969}
Response: Well
Analyzing frame 39/60: q_6_main_0_30fps_frame0044.png
Prompt: Given the human reaction shown in the image, do you think the situation observed by that human ends well or poorly? (Use only one word -- well or poorly -- to answer)
Image size: 12312 bytes
Response status code: 200
{'model': 'deepseek-ocr:3b', 'created_at': '2025-12-08T05:34:03.103513832Z', 'message': {'role': 'assistant', 'content': 'Well'}, 'done': True, 'done_reason': 'stop', 'total_duration': 8844572617, 'load_duration': 7553571752, 'prompt_eval_count': 520, 'prompt_eval_duration': 480209172, 'eval_count': 2, 'eval_duration': 4178338}
Response: Well
Analyzing frame 40/60: q_6_main_0_30fps_frame0059.png
Prompt: Given the human reaction shown in the image, do you think the situation observed by that human ends well or poorly? (Use only one word -- well or poorly -- to answer)
Image size: 12276 bytes
Response status code: 200
{'model': 'deepseek-ocr:3b', 'created_at': '2025-12-08T05:34:12.763676666Z', 'message': {'role': 'assistant', 'content': 'Well'}, 'done': True, 'done_reason': 'stop', 'total_duration': 8631411199, 'load_duration': 7484632595, 'prompt_eval_count': 520, 'prompt_eval_duration': 426368528, 'eval_count': 2, 'eval_duration': 4218536}
Response: Well
Analyzing frame 41/60: q_6_main_0_30fps_frame0074.png
Prompt: Given the human reaction shown in the image, do you think the situation observed by that human ends well or poorly? (Use only one word -- well or poorly -- to answer)
Image size: 12344 bytes
Response status code: 200
{'model': 'deepseek-ocr:3b', 'created_at': '2025-12-08T05:34:23.039219949Z', 'message': {'role': 'assistant', 'content': 'Well'}, 'done': True, 'done_reason': 'stop', 'total_duration': 9248638217, 'load_duration': 8072063943, 'prompt_eval_count': 520, 'prompt_eval_duration': 437977268, 'eval_count': 2, 'eval_duration': 4231698}
Response: Well
Analyzing frame 42/60: q_6_main_0_30fps_frame0089.png
Prompt: Given the human reaction shown in the image, do you think the situation observed by that human ends well or poorly? (Use only one word -- well or poorly -- to answer)
Image size: 12312 bytes
Response status code: 200
{'model': 'deepseek-ocr:3b', 'created_at': '2025-12-08T05:34:33.181681572Z', 'message': {'role': 'assistant', 'content': 'Well'}, 'done': True, 'done_reason': 'stop', 'total_duration': 9116777888, 'load_duration': 7893746731, 'prompt_eval_count': 520, 'prompt_eval_duration': 424050049, 'eval_count': 2, 'eval_duration': 4335198}
Response: Well
Analyzing frame 43/60: q_8_main_0_30fps_frame0015.png
Prompt: Given the human reaction shown in the image, do you think the situation observed by that human ends well or poorly? (Use only one word -- well or poorly -- to answer)
Image size: 13148 bytes
Response status code: 200
{'model': 'deepseek-ocr:3b', 'created_at': '2025-12-08T05:34:42.99753902Z', 'message': {'role': 'assistant', 'content': 'Well'}, 'done': True, 'done_reason': 'stop', 'total_duration': 8788229047, 'load_duration': 7631116383, 'prompt_eval_count': 520, 'prompt_eval_duration': 423749457, 'eval_count': 2, 'eval_duration': 4242645}
Response: Well
Analyzing frame 44/60: q_8_main_0_30fps_frame0030.png
Prompt: Given the human reaction shown in the image, do you think the situation observed by that human ends well or poorly? (Use only one word -- well or poorly -- to answer)
Image size: 13152 bytes
Response status code: 200
{'model': 'deepseek-ocr:3b', 'created_at': '2025-12-08T05:34:53.263828003Z', 'message': {'role': 'assistant', 'content': 'Well'}, 'done': True, 'done_reason': 'stop', 'total_duration': 9238063874, 'load_duration': 7984680845, 'prompt_eval_count': 520, 'prompt_eval_duration': 422013171, 'eval_count': 2, 'eval_duration': 4232278}
Response: Well
Analyzing frame 45/60: q_8_main_0_30fps_frame0045.png
Prompt: Given the human reaction shown in the image, do you think the situation observed by that human ends well or poorly? (Use only one word -- well or poorly -- to answer)
Image size: 12996 bytes
Response status code: 200
{'model': 'deepseek-ocr:3b', 'created_at': '2025-12-08T05:35:03.481009235Z', 'message': {'role': 'assistant', 'content': 'Well'}, 'done': True, 'done_reason': 'stop', 'total_duration': 9191362590, 'load_duration': 7991486647, 'prompt_eval_count': 520, 'prompt_eval_duration': 431425700, 'eval_count': 2, 'eval_duration': 4169363}
Response: Well
Analyzing frame 46/60: q_8_main_0_30fps_frame0060.png
Prompt: Given the human reaction shown in the image, do you think the situation observed by that human ends well or poorly? (Use only one word -- well or poorly -- to answer)
Image size: 12992 bytes
Response status code: 200
{'model': 'deepseek-ocr:3b', 'created_at': '2025-12-08T05:35:13.305823538Z', 'message': {'role': 'assistant', 'content': 'Well'}, 'done': True, 'done_reason': 'stop', 'total_duration': 8810580837, 'load_duration': 7610243851, 'prompt_eval_count': 520, 'prompt_eval_duration': 424766839, 'eval_count': 2, 'eval_duration': 4377229}
Response: Well
Analyzing frame 47/60: q_8_main_0_30fps_frame0075.png
Prompt: Given the human reaction shown in the image, do you think the situation observed by that human ends well or poorly? (Use only one word -- well or poorly -- to answer)
Image size: 13004 bytes
Response status code: 200
{'model': 'deepseek-ocr:3b', 'created_at': '2025-12-08T05:35:23.140066709Z', 'message': {'role': 'assistant', 'content': 'Well'}, 'done': True, 'done_reason': 'stop', 'total_duration': 8806525520, 'load_duration': 7621452438, 'prompt_eval_count': 520, 'prompt_eval_duration': 414320635, 'eval_count': 2, 'eval_duration': 4380326}
Response: Well
Analyzing frame 48/60: q_8_main_0_30fps_frame0090.png
Prompt: Given the human reaction shown in the image, do you think the situation observed by that human ends well or poorly? (Use only one word -- well or poorly -- to answer)
Image size: 12976 bytes
Response status code: 200
{'model': 'deepseek-ocr:3b', 'created_at': '2025-12-08T05:35:33.455876377Z', 'message': {'role': 'assistant', 'content': 'Well'}, 'done': True, 'done_reason': 'stop', 'total_duration': 9259663412, 'load_duration': 8122494124, 'prompt_eval_count': 520, 'prompt_eval_duration': 414515439, 'eval_count': 2, 'eval_duration': 4536169}
Response: Well
Analyzing frame 49/60: q_9_main_1_30fps_frame0015.png
Prompt: Given the human reaction shown in the image, do you think the situation observed by that human ends well or poorly? (Use only one word -- well or poorly -- to answer)
Image size: 13052 bytes
Response status code: 200
{'model': 'deepseek-ocr:3b', 'created_at': '2025-12-08T05:35:43.786186197Z', 'message': {'role': 'assistant', 'content': 'Well'}, 'done': True, 'done_reason': 'stop', 'total_duration': 9299965334, 'load_duration': 8114886208, 'prompt_eval_count': 520, 'prompt_eval_duration': 419160478, 'eval_count': 2, 'eval_duration': 4376857}
Response: Well
Analyzing frame 50/60: q_9_main_1_30fps_frame0030.png
Prompt: Given the human reaction shown in the image, do you think the situation observed by that human ends well or poorly? (Use only one word -- well or poorly -- to answer)
Image size: 12916 bytes
Response status code: 200
{'model': 'deepseek-ocr:3b', 'created_at': '2025-12-08T05:35:53.793229472Z', 'message': {'role': 'assistant', 'content': 'Well'}, 'done': True, 'done_reason': 'stop', 'total_duration': 8959521919, 'load_duration': 7841051691, 'prompt_eval_count': 520, 'prompt_eval_duration': 419551054, 'eval_count': 2, 'eval_duration': 4668272}
Response: Well
Analyzing frame 51/60: q_9_main_1_30fps_frame0045.png
Prompt: Given the human reaction shown in the image, do you think the situation observed by that human ends well or poorly? (Use only one word -- well or poorly -- to answer)
Image size: 12916 bytes
Response status code: 200
{'model': 'deepseek-ocr:3b', 'created_at': '2025-12-08T05:36:03.582996635Z', 'message': {'role': 'assistant', 'content': 'Well'}, 'done': True, 'done_reason': 'stop', 'total_duration': 8759598269, 'load_duration': 7592945117, 'prompt_eval_count': 520, 'prompt_eval_duration': 428699974, 'eval_count': 2, 'eval_duration': 4193738}
Response: Well
Analyzing frame 52/60: q_9_main_1_30fps_frame0060.png
Prompt: Given the human reaction shown in the image, do you think the situation observed by that human ends well or poorly? (Use only one word -- well or poorly -- to answer)
Image size: 12840 bytes
Response status code: 200
{'model': 'deepseek-ocr:3b', 'created_at': '2025-12-08T05:36:13.653803615Z', 'message': {'role': 'assistant', 'content': 'Well'}, 'done': True, 'done_reason': 'stop', 'total_duration': 9030840614, 'load_duration': 7795086989, 'prompt_eval_count': 520, 'prompt_eval_duration': 436834028, 'eval_count': 2, 'eval_duration': 4205216}
Response: Well
Analyzing frame 53/60: q_9_main_1_30fps_frame0075.png
Prompt: Given the human reaction shown in the image, do you think the situation observed by that human ends well or poorly? (Use only one word -- well or poorly -- to answer)
Image size: 12464 bytes
Response status code: 200
{'model': 'deepseek-ocr:3b', 'created_at': '2025-12-08T05:36:23.680464272Z', 'message': {'role': 'assistant', 'content': 'Well'}, 'done': True, 'done_reason': 'stop', 'total_duration': 8997262085, 'load_duration': 7874050602, 'prompt_eval_count': 520, 'prompt_eval_duration': 423029300, 'eval_count': 2, 'eval_duration': 4203569}
Response: Well
Analyzing frame 54/60: q_9_main_1_30fps_frame0090.png
Prompt: Given the human reaction shown in the image, do you think the situation observed by that human ends well or poorly? (Use only one word -- well or poorly -- to answer)
Image size: 12596 bytes
Response status code: 200
{'model': 'deepseek-ocr:3b', 'created_at': '2025-12-08T05:36:34.175378141Z', 'message': {'role': 'assistant', 'content': 'Well'}, 'done': True, 'done_reason': 'stop', 'total_duration': 9459894752, 'load_duration': 8257401087, 'prompt_eval_count': 520, 'prompt_eval_duration': 438406121, 'eval_count': 2, 'eval_duration': 4324306}
Response: Well
Analyzing frame 55/60: q_warmup_3_main_0_30fps_frame0014.png
Prompt: Given the human reaction shown in the image, do you think the situation observed by that human ends well or poorly? (Use only one word -- well or poorly -- to answer)
Image size: 12712 bytes
Response status code: 200
{'model': 'deepseek-ocr:3b', 'created_at': '2025-12-08T05:36:44.560221983Z', 'message': {'role': 'assistant', 'content': 'Well'}, 'done': True, 'done_reason': 'stop', 'total_duration': 9343366768, 'load_duration': 7727177826, 'prompt_eval_count': 520, 'prompt_eval_duration': 413806705, 'eval_count': 2, 'eval_duration': 4216117}
Response: Well
Analyzing frame 56/60: q_warmup_3_main_0_30fps_frame0029.png
Prompt: Given the human reaction shown in the image, do you think the situation observed by that human ends well or poorly? (Use only one word -- well or poorly -- to answer)
Image size: 12752 bytes
Response status code: 200
{'model': 'deepseek-ocr:3b', 'created_at': '2025-12-08T05:36:55.477563971Z', 'message': {'role': 'assistant', 'content': 'Well'}, 'done': True, 'done_reason': 'stop', 'total_duration': 9887618343, 'load_duration': 8620904692, 'prompt_eval_count': 520, 'prompt_eval_duration': 418520049, 'eval_count': 2, 'eval_duration': 4209971}
Response: Well
Analyzing frame 57/60: q_warmup_3_main_0_30fps_frame0044.png
Prompt: Given the human reaction shown in the image, do you think the situation observed by that human ends well or poorly? (Use only one word -- well or poorly -- to answer)
Image size: 11612 bytes
Response status code: 200
{'model': 'deepseek-ocr:3b', 'created_at': '2025-12-08T05:37:05.14632155Z', 'message': {'role': 'assistant', 'content': 'Well'}, 'done': True, 'done_reason': 'stop', 'total_duration': 8627930822, 'load_duration': 7491843424, 'prompt_eval_count': 520, 'prompt_eval_duration': 433786747, 'eval_count': 2, 'eval_duration': 4300962}
Response: Well
Analyzing frame 58/60: q_warmup_3_main_0_30fps_frame0059.png
Prompt: Given the human reaction shown in the image, do you think the situation observed by that human ends well or poorly? (Use only one word -- well or poorly -- to answer)
Image size: 12460 bytes
Response status code: 200
{'model': 'deepseek-ocr:3b', 'created_at': '2025-12-08T05:37:15.046644394Z', 'message': {'role': 'assistant', 'content': 'Well'}, 'done': True, 'done_reason': 'stop', 'total_duration': 8871491581, 'load_duration': 7705375159, 'prompt_eval_count': 520, 'prompt_eval_duration': 420370235, 'eval_count': 2, 'eval_duration': 4596468}
Response: Well
Analyzing frame 59/60: q_warmup_3_main_0_30fps_frame0074.png
Prompt: Given the human reaction shown in the image, do you think the situation observed by that human ends well or poorly? (Use only one word -- well or poorly -- to answer)
Image size: 12820 bytes
Response status code: 200
{'model': 'deepseek-ocr:3b', 'created_at': '2025-12-08T05:37:24.83736559Z', 'message': {'role': 'assistant', 'content': 'Well'}, 'done': True, 'done_reason': 'stop', 'total_duration': 8745227100, 'load_duration': 7570467767, 'prompt_eval_count': 520, 'prompt_eval_duration': 424147741, 'eval_count': 2, 'eval_duration': 4345573}
Response: Well
Analyzing frame 60/60: q_warmup_3_main_0_30fps_frame0089.png
Prompt: Given the human reaction shown in the image, do you think the situation observed by that human ends well or poorly? (Use only one word -- well or poorly -- to answer)
Image size: 12844 bytes
Response status code: 200
{'model': 'deepseek-ocr:3b', 'created_at': '2025-12-08T05:37:34.575690018Z', 'message': {'role': 'assistant', 'content': 'Well'}, 'done': True, 'done_reason': 'stop', 'total_duration': 8708721909, 'load_duration': 7444793891, 'prompt_eval_count': 520, 'prompt_eval_duration': 425343679, 'eval_count': 2, 'eval_duration': 4422600}
Response: Well
Processed 60 frames for participant 1676

Results saved to ./results/results_deepseek-ocr_3s.csv
Total frames in CSV: 3516

==================================================
Processing participant 2/27: 2103

Processing participant: 2103
Found 42 unprocessed frames for this participant
Analyzing frame 1/42: q_10_main_1_30fps_frame0015.png
Prompt: Given the human reaction shown in the image, do you think the situation observed by that human ends well or poorly? (Use only one word -- well or poorly -- to answer)
Image size: 11500 bytes
Response status code: 200
{'model': 'deepseek-ocr:3b', 'created_at': '2025-12-08T05:37:44.414943746Z', 'message': {'role': 'assistant', 'content': 'Well'}, 'done': True, 'done_reason': 'stop', 'total_duration': 8754993959, 'load_duration': 7549597783, 'prompt_eval_count': 520, 'prompt_eval_duration': 423030823, 'eval_count': 2, 'eval_duration': 4212694}
Response: Well
Analyzing frame 2/42: q_10_main_1_30fps_frame0030.png
Prompt: Given the human reaction shown in the image, do you think the situation observed by that human ends well or poorly? (Use only one word -- well or poorly -- to answer)
Image size: 11340 bytes
Response status code: 200
{'model': 'deepseek-ocr:3b', 'created_at': '2025-12-08T05:37:54.880046476Z', 'message': {'role': 'assistant', 'content': 'Well'}, 'done': True, 'done_reason': 'stop', 'total_duration': 9438675909, 'load_duration': 8254300171, 'prompt_eval_count': 520, 'prompt_eval_duration': 440932244, 'eval_count': 2, 'eval_duration': 4194973}
Response: Well
Analyzing frame 3/42: q_10_main_1_30fps_frame0045.png
Prompt: Given the human reaction shown in the image, do you think the situation observed by that human ends well or poorly? (Use only one word -- well or poorly -- to answer)
Image size: 11404 bytes
Response status code: 200
{'model': 'deepseek-ocr:3b', 'created_at': '2025-12-08T05:38:04.605137008Z', 'message': {'role': 'assistant', 'content': 'Well'}, 'done': True, 'done_reason': 'stop', 'total_duration': 8680742219, 'load_duration': 7495393134, 'prompt_eval_count': 520, 'prompt_eval_duration': 424079682, 'eval_count': 2, 'eval_duration': 4205534}
Response: Well
Analyzing frame 4/42: q_10_main_1_30fps_frame0060.png
Prompt: Given the human reaction shown in the image, do you think the situation observed by that human ends well or poorly? (Use only one word -- well or poorly -- to answer)
Image size: 11396 bytes
Response status code: 200
{'model': 'deepseek-ocr:3b', 'created_at': '2025-12-08T05:38:14.934750611Z', 'message': {'role': 'assistant', 'content': 'Well'}, 'done': True, 'done_reason': 'stop', 'total_duration': 9300871681, 'load_duration': 8153126125, 'prompt_eval_count': 520, 'prompt_eval_duration': 419688314, 'eval_count': 2, 'eval_duration': 4213486}
Response: Well
Analyzing frame 5/42: q_10_main_1_30fps_frame0075.png
Prompt: Given the human reaction shown in the image, do you think the situation observed by that human ends well or poorly? (Use only one word -- well or poorly -- to answer)
Image size: 11524 bytes
Response status code: 200
{'model': 'deepseek-ocr:3b', 'created_at': '2025-12-08T05:38:25.175401006Z', 'message': {'role': 'assistant', 'content': 'Well'}, 'done': True, 'done_reason': 'stop', 'total_duration': 9193645494, 'load_duration': 7976822641, 'prompt_eval_count': 520, 'prompt_eval_duration': 419596701, 'eval_count': 2, 'eval_duration': 4207065}
Response: Well
Analyzing frame 6/42: q_10_main_1_30fps_frame0090.png
Prompt: Given the human reaction shown in the image, do you think the situation observed by that human ends well or poorly? (Use only one word -- well or poorly -- to answer)
Image size: 11452 bytes
Response status code: 200
{'model': 'deepseek-ocr:3b', 'created_at': '2025-12-08T05:38:35.306173359Z', 'message': {'role': 'assistant', 'content': 'Well'}, 'done': True, 'done_reason': 'stop', 'total_duration': 9102834982, 'load_duration': 7895030074, 'prompt_eval_count': 520, 'prompt_eval_duration': 422744520, 'eval_count': 2, 'eval_duration': 4216910}
Response: Well
Analyzing frame 7/42: q_21_main_0_30fps_frame0015.png
Prompt: Given the human reaction shown in the image, do you think the situation observed by that human ends well or poorly? (Use only one word -- well or poorly -- to answer)
Image size: 12268 bytes
Response status code: 200
{'model': 'deepseek-ocr:3b', 'created_at': '2025-12-08T05:38:45.200561438Z', 'message': {'role': 'assistant', 'content': 'Well'}, 'done': True, 'done_reason': 'stop', 'total_duration': 8849055223, 'load_duration': 7641944326, 'prompt_eval_count': 520, 'prompt_eval_duration': 423440822, 'eval_count': 2, 'eval_duration': 4211324}
Response: Well
Analyzing frame 8/42: q_21_main_0_30fps_frame0030.png
Prompt: Given the human reaction shown in the image, do you think the situation observed by that human ends well or poorly? (Use only one word -- well or poorly -- to answer)
Image size: 12272 bytes
Response status code: 200
{'model': 'deepseek-ocr:3b', 'created_at': '2025-12-08T05:38:55.179777434Z', 'message': {'role': 'assistant', 'content': 'Well'}, 'done': True, 'done_reason': 'stop', 'total_duration': 8948908137, 'load_duration': 7826063846, 'prompt_eval_count': 520, 'prompt_eval_duration': 423620164, 'eval_count': 2, 'eval_duration': 4168697}
Response: Well
Analyzing frame 9/42: q_21_main_0_30fps_frame0045.png
Prompt: Given the human reaction shown in the image, do you think the situation observed by that human ends well or poorly? (Use only one word -- well or poorly -- to answer)
Image size: 12280 bytes
Response status code: 200
{'model': 'deepseek-ocr:3b', 'created_at': '2025-12-08T05:39:04.858198461Z', 'message': {'role': 'assistant', 'content': 'Well'}, 'done': True, 'done_reason': 'stop', 'total_duration': 8635722382, 'load_duration': 7421243566, 'prompt_eval_count': 520, 'prompt_eval_duration': 449897255, 'eval_count': 2, 'eval_duration': 4433512}
Response: Well
Analyzing frame 10/42: q_21_main_0_30fps_frame0060.png
Prompt: Given the human reaction shown in the image, do you think the situation observed by that human ends well or poorly? (Use only one word -- well or poorly -- to answer)
Image size: 12304 bytes
Response status code: 200
{'model': 'deepseek-ocr:3b', 'created_at': '2025-12-08T05:39:15.52181893Z', 'message': {'role': 'assistant', 'content': 'Well'}, 'done': True, 'done_reason': 'stop', 'total_duration': 9634967751, 'load_duration': 8436699903, 'prompt_eval_count': 520, 'prompt_eval_duration': 422181915, 'eval_count': 2, 'eval_duration': 4194925}
Response: Well
Analyzing frame 11/42: q_21_main_0_30fps_frame0075.png
Prompt: Given the human reaction shown in the image, do you think the situation observed by that human ends well or poorly? (Use only one word -- well or poorly -- to answer)
Image size: 12404 bytes
Response status code: 200
{'model': 'deepseek-ocr:3b', 'created_at': '2025-12-08T05:39:26.542225271Z', 'message': {'role': 'assistant', 'content': 'Well'}, 'done': True, 'done_reason': 'stop', 'total_duration': 9973745449, 'load_duration': 8814094112, 'prompt_eval_count': 520, 'prompt_eval_duration': 424766747, 'eval_count': 2, 'eval_duration': 4195515}
Response: Well
Analyzing frame 12/42: q_21_main_0_30fps_frame0090.png
Prompt: Given the human reaction shown in the image, do you think the situation observed by that human ends well or poorly? (Use only one word -- well or poorly -- to answer)
Image size: 12388 bytes
Response status code: 200
{'model': 'deepseek-ocr:3b', 'created_at': '2025-12-08T05:39:36.926564696Z', 'message': {'role': 'assistant', 'content': 'Well'}, 'done': True, 'done_reason': 'stop', 'total_duration': 9355442990, 'load_duration': 8175730820, 'prompt_eval_count': 520, 'prompt_eval_duration': 422881717, 'eval_count': 2, 'eval_duration': 4213110}
Response: Well
Analyzing frame 13/42: q_25_main_0_30fps_frame0015.png
Prompt: Given the human reaction shown in the image, do you think the situation observed by that human ends well or poorly? (Use only one word -- well or poorly -- to answer)
Image size: 12044 bytes
Response status code: 200
{'model': 'deepseek-ocr:3b', 'created_at': '2025-12-08T05:39:47.173119607Z', 'message': {'role': 'assistant', 'content': ' Well'}, 'done': True, 'done_reason': 'stop', 'total_duration': 9205649159, 'load_duration': 8076001376, 'prompt_eval_count': 520, 'prompt_eval_duration': 417206644, 'eval_count': 2, 'eval_duration': 4286200}
Response: Well
Analyzing frame 14/42: q_25_main_0_30fps_frame0030.png
Prompt: Given the human reaction shown in the image, do you think the situation observed by that human ends well or poorly? (Use only one word -- well or poorly -- to answer)
Image size: 12108 bytes
Response status code: 200
{'model': 'deepseek-ocr:3b', 'created_at': '2025-12-08T05:39:58.208412015Z', 'message': {'role': 'assistant', 'content': 'Well'}, 'done': True, 'done_reason': 'stop', 'total_duration': 10007101050, 'load_duration': 8751905169, 'prompt_eval_count': 520, 'prompt_eval_duration': 476226207, 'eval_count': 2, 'eval_duration': 4459660}
Response: Well
Analyzing frame 15/42: q_25_main_0_30fps_frame0045.png
Prompt: Given the human reaction shown in the image, do you think the situation observed by that human ends well or poorly? (Use only one word -- well or poorly -- to answer)
Image size: 12188 bytes
Response status code: 200
{'model': 'deepseek-ocr:3b', 'created_at': '2025-12-08T05:40:08.141380671Z', 'message': {'role': 'assistant', 'content': ' Well'}, 'done': True, 'done_reason': 'stop', 'total_duration': 8878099183, 'load_duration': 7688276876, 'prompt_eval_count': 520, 'prompt_eval_duration': 423439731, 'eval_count': 2, 'eval_duration': 4200138}
Response: Well
Analyzing frame 16/42: q_25_main_0_30fps_frame0060.png
Prompt: Given the human reaction shown in the image, do you think the situation observed by that human ends well or poorly? (Use only one word -- well or poorly -- to answer)
Image size: 12104 bytes
Response status code: 200
{'model': 'deepseek-ocr:3b', 'created_at': '2025-12-08T05:40:18.785072949Z', 'message': {'role': 'assistant', 'content': ' Well'}, 'done': True, 'done_reason': 'stop', 'total_duration': 9619416586, 'load_duration': 8491692661, 'prompt_eval_count': 520, 'prompt_eval_duration': 425136220, 'eval_count': 2, 'eval_duration': 4208075}
Response: Well
Analyzing frame 17/42: q_25_main_0_30fps_frame0075.png
Prompt: Given the human reaction shown in the image, do you think the situation observed by that human ends well or poorly? (Use only one word -- well or poorly -- to answer)
Image size: 12112 bytes
Response status code: 200
{'model': 'deepseek-ocr:3b', 'created_at': '2025-12-08T05:40:28.562863861Z', 'message': {'role': 'assistant', 'content': 'Well'}, 'done': True, 'done_reason': 'stop', 'total_duration': 8747071157, 'load_duration': 7517920162, 'prompt_eval_count': 520, 'prompt_eval_duration': 425321759, 'eval_count': 2, 'eval_duration': 4185873}
Response: Well
Analyzing frame 18/42: q_25_main_0_30fps_frame0090.png
Prompt: Given the human reaction shown in the image, do you think the situation observed by that human ends well or poorly? (Use only one word -- well or poorly -- to answer)
Image size: 12128 bytes
Response status code: 200
{'model': 'deepseek-ocr:3b', 'created_at': '2025-12-08T05:40:38.152399108Z', 'message': {'role': 'assistant', 'content': 'Well'}, 'done': True, 'done_reason': 'stop', 'total_duration': 8546169773, 'load_duration': 7352780567, 'prompt_eval_count': 520, 'prompt_eval_duration': 449280320, 'eval_count': 2, 'eval_duration': 4444740}
Response: Well
Analyzing frame 19/42: q_6_main_0_30fps_frame0015.png
Prompt: Given the human reaction shown in the image, do you think the situation observed by that human ends well or poorly? (Use only one word -- well or poorly -- to answer)
Image size: 11732 bytes
Response status code: 200
{'model': 'deepseek-ocr:3b', 'created_at': '2025-12-08T05:40:48.531906902Z', 'message': {'role': 'assistant', 'content': 'Well'}, 'done': True, 'done_reason': 'stop', 'total_duration': 9331447091, 'load_duration': 8140285511, 'prompt_eval_count': 520, 'prompt_eval_duration': 427752911, 'eval_count': 2, 'eval_duration': 4377661}
Response: Well
Analyzing frame 20/42: q_6_main_0_30fps_frame0030.png
Prompt: Given the human reaction shown in the image, do you think the situation observed by that human ends well or poorly? (Use only one word -- well or poorly -- to answer)
Image size: 11804 bytes
Response status code: 200
{'model': 'deepseek-ocr:3b', 'created_at': '2025-12-08T05:40:58.781452687Z', 'message': {'role': 'assistant', 'content': 'Well'}, 'done': True, 'done_reason': 'stop', 'total_duration': 9221439946, 'load_duration': 7992522765, 'prompt_eval_count': 520, 'prompt_eval_duration': 448239978, 'eval_count': 2, 'eval_duration': 4442898}
Response: Well
Analyzing frame 21/42: q_6_main_0_30fps_frame0045.png
Prompt: Given the human reaction shown in the image, do you think the situation observed by that human ends well or poorly? (Use only one word -- well or poorly -- to answer)
Image size: 11852 bytes
Response status code: 200
{'model': 'deepseek-ocr:3b', 'created_at': '2025-12-08T05:41:10.074793348Z', 'message': {'role': 'assistant', 'content': 'Well'}, 'done': True, 'done_reason': 'stop', 'total_duration': 10264488718, 'load_duration': 9006528046, 'prompt_eval_count': 520, 'prompt_eval_duration': 419412024, 'eval_count': 2, 'eval_duration': 4445458}
Response: Well
Analyzing frame 22/42: q_6_main_0_30fps_frame0060.png
Prompt: Given the human reaction shown in the image, do you think the situation observed by that human ends well or poorly? (Use only one word -- well or poorly -- to answer)
Image size: 11772 bytes
Response status code: 200
{'model': 'deepseek-ocr:3b', 'created_at': '2025-12-08T05:41:21.576861793Z', 'message': {'role': 'assistant', 'content': 'Well'}, 'done': True, 'done_reason': 'stop', 'total_duration': 10453651939, 'load_duration': 9287097694, 'prompt_eval_count': 520, 'prompt_eval_duration': 423176446, 'eval_count': 2, 'eval_duration': 4207030}
Response: Well
Analyzing frame 23/42: q_6_main_0_30fps_frame0075.png
Prompt: Given the human reaction shown in the image, do you think the situation observed by that human ends well or poorly? (Use only one word -- well or poorly -- to answer)
Image size: 11784 bytes
Response status code: 200
{'model': 'deepseek-ocr:3b', 'created_at': '2025-12-08T05:41:32.978663489Z', 'message': {'role': 'assistant', 'content': 'Well'}, 'done': True, 'done_reason': 'stop', 'total_duration': 10371100237, 'load_duration': 9201340008, 'prompt_eval_count': 520, 'prompt_eval_duration': 422176335, 'eval_count': 2, 'eval_duration': 4327226}
Response: Well
Analyzing frame 24/42: q_6_main_0_30fps_frame0090.png
Prompt: Given the human reaction shown in the image, do you think the situation observed by that human ends well or poorly? (Use only one word -- well or poorly -- to answer)
Image size: 11720 bytes
Response status code: 200
{'model': 'deepseek-ocr:3b', 'created_at': '2025-12-08T05:41:43.503709078Z', 'message': {'role': 'assistant', 'content': 'Well'}, 'done': True, 'done_reason': 'stop', 'total_duration': 9467245688, 'load_duration': 8255378691, 'prompt_eval_count': 520, 'prompt_eval_duration': 421758706, 'eval_count': 2, 'eval_duration': 4465462}
Response: Well
Analyzing frame 25/42: q_8_main_0_30fps_frame0015.png
Prompt: Given the human reaction shown in the image, do you think the situation observed by that human ends well or poorly? (Use only one word -- well or poorly -- to answer)
Image size: 11656 bytes
Response status code: 200
{'model': 'deepseek-ocr:3b', 'created_at': '2025-12-08T05:41:53.866905878Z', 'message': {'role': 'assistant', 'content': 'Well'}, 'done': True, 'done_reason': 'stop', 'total_duration': 9335789250, 'load_duration': 8139438108, 'prompt_eval_count': 520, 'prompt_eval_duration': 422950788, 'eval_count': 2, 'eval_duration': 4226328}
Response: Well
Analyzing frame 26/42: q_8_main_0_30fps_frame0030.png
Prompt: Given the human reaction shown in the image, do you think the situation observed by that human ends well or poorly? (Use only one word -- well or poorly -- to answer)
Image size: 11732 bytes
Response status code: 200
{'model': 'deepseek-ocr:3b', 'created_at': '2025-12-08T05:42:05.885290151Z', 'message': {'role': 'assistant', 'content': 'Well'}, 'done': True, 'done_reason': 'stop', 'total_duration': 10990051795, 'load_duration': 9749716460, 'prompt_eval_count': 520, 'prompt_eval_duration': 419366837, 'eval_count': 2, 'eval_duration': 4336269}
Response: Well
Analyzing frame 27/42: q_8_main_0_30fps_frame0045.png
Prompt: Given the human reaction shown in the image, do you think the situation observed by that human ends well or poorly? (Use only one word -- well or poorly -- to answer)
Image size: 11744 bytes
Response status code: 200
{'model': 'deepseek-ocr:3b', 'created_at': '2025-12-08T05:42:17.839189765Z', 'message': {'role': 'assistant', 'content': 'Well'}, 'done': True, 'done_reason': 'stop', 'total_duration': 10890713948, 'load_duration': 9661572208, 'prompt_eval_count': 520, 'prompt_eval_duration': 432942258, 'eval_count': 2, 'eval_duration': 4219237}
Response: Well
Analyzing frame 28/42: q_8_main_0_30fps_frame0060.png
Prompt: Given the human reaction shown in the image, do you think the situation observed by that human ends well or poorly? (Use only one word -- well or poorly -- to answer)
Image size: 11692 bytes
Response status code: 200
{'model': 'deepseek-ocr:3b', 'created_at': '2025-12-08T05:42:28.54903263Z', 'message': {'role': 'assistant', 'content': 'Well'}, 'done': True, 'done_reason': 'stop', 'total_duration': 9693510828, 'load_duration': 8506915339, 'prompt_eval_count': 520, 'prompt_eval_duration': 424232073, 'eval_count': 2, 'eval_duration': 4208081}
Response: Well
Analyzing frame 29/42: q_8_main_0_30fps_frame0075.png
Prompt: Given the human reaction shown in the image, do you think the situation observed by that human ends well or poorly? (Use only one word -- well or poorly -- to answer)
Image size: 11692 bytes
Response status code: 200
{'model': 'deepseek-ocr:3b', 'created_at': '2025-12-08T05:42:39.501812841Z', 'message': {'role': 'assistant', 'content': 'Well'}, 'done': True, 'done_reason': 'stop', 'total_duration': 9923637270, 'load_duration': 8746286184, 'prompt_eval_count': 520, 'prompt_eval_duration': 423569438, 'eval_count': 2, 'eval_duration': 4195840}
Response: Well
Analyzing frame 30/42: q_8_main_0_30fps_frame0090.png
Prompt: Given the human reaction shown in the image, do you think the situation observed by that human ends well or poorly? (Use only one word -- well or poorly -- to answer)
Image size: 11620 bytes
Response status code: 200
{'model': 'deepseek-ocr:3b', 'created_at': '2025-12-08T05:42:50.812519294Z', 'message': {'role': 'assistant', 'content': 'Well'}, 'done': True, 'done_reason': 'stop', 'total_duration': 10281306633, 'load_duration': 9092960135, 'prompt_eval_count': 520, 'prompt_eval_duration': 420198602, 'eval_count': 2, 'eval_duration': 4198789}
Response: Well
Analyzing frame 31/42: q_warmup_3_main_1_30fps_frame0014.png
Prompt: Given the human reaction shown in the image, do you think the situation observed by that human ends well or poorly? (Use only one word -- well or poorly -- to answer)
Image size: 12392 bytes
Response status code: 200
{'model': 'deepseek-ocr:3b', 'created_at': '2025-12-08T05:43:02.34675937Z', 'message': {'role': 'assistant', 'content': 'Well'}, 'done': True, 'done_reason': 'stop', 'total_duration': 10504371077, 'load_duration': 9351513090, 'prompt_eval_count': 520, 'prompt_eval_duration': 423959817, 'eval_count': 2, 'eval_duration': 4186191}
Response: Well
Analyzing frame 32/42: q_warmup_3_main_1_30fps_frame0029.png
Prompt: Given the human reaction shown in the image, do you think the situation observed by that human ends well or poorly? (Use only one word -- well or poorly -- to answer)
Image size: 12348 bytes
Response status code: 200
{'model': 'deepseek-ocr:3b', 'created_at': '2025-12-08T05:43:13.456582555Z', 'message': {'role': 'assistant', 'content': 'Well'}, 'done': True, 'done_reason': 'stop', 'total_duration': 10063971422, 'load_duration': 8869759619, 'prompt_eval_count': 520, 'prompt_eval_duration': 439476858, 'eval_count': 2, 'eval_duration': 4202944}
Response: Well
Analyzing frame 33/42: q_warmup_3_main_1_30fps_frame0044.png
Prompt: Given the human reaction shown in the image, do you think the situation observed by that human ends well or poorly? (Use only one word -- well or poorly -- to answer)
Image size: 12384 bytes
Response status code: 200
{'model': 'deepseek-ocr:3b', 'created_at': '2025-12-08T05:43:22.995542487Z', 'message': {'role': 'assistant', 'content': 'Well'}, 'done': True, 'done_reason': 'stop', 'total_duration': 8493756073, 'load_duration': 7312530101, 'prompt_eval_count': 520, 'prompt_eval_duration': 424248665, 'eval_count': 2, 'eval_duration': 4197051}
Response: Well
Analyzing frame 34/42: q_warmup_3_main_1_30fps_frame0059.png
Prompt: Given the human reaction shown in the image, do you think the situation observed by that human ends well or poorly? (Use only one word -- well or poorly -- to answer)
Image size: 12404 bytes
Response status code: 200
{'model': 'deepseek-ocr:3b', 'created_at': '2025-12-08T05:43:32.787054917Z', 'message': {'role': 'assistant', 'content': 'Well'}, 'done': True, 'done_reason': 'stop', 'total_duration': 8765379840, 'load_duration': 7583059605, 'prompt_eval_count': 520, 'prompt_eval_duration': 424151730, 'eval_count': 2, 'eval_duration': 4340313}
Response: Well
Analyzing frame 35/42: q_warmup_3_main_1_30fps_frame0074.png
Prompt: Given the human reaction shown in the image, do you think the situation observed by that human ends well or poorly? (Use only one word -- well or poorly -- to answer)
Image size: 12408 bytes
Response status code: 200
{'model': 'deepseek-ocr:3b', 'created_at': '2025-12-08T05:43:42.949496535Z', 'message': {'role': 'assistant', 'content': 'Well'}, 'done': True, 'done_reason': 'stop', 'total_duration': 9136292261, 'load_duration': 7882461645, 'prompt_eval_count': 520, 'prompt_eval_duration': 423379469, 'eval_count': 2, 'eval_duration': 4329889}
Response: Well
Analyzing frame 36/42: q_warmup_3_main_1_30fps_frame0089.png
Prompt: Given the human reaction shown in the image, do you think the situation observed by that human ends well or poorly? (Use only one word -- well or poorly -- to answer)
Image size: 12364 bytes
Response status code: 200
{'model': 'deepseek-ocr:3b', 'created_at': '2025-12-08T05:43:52.816596069Z', 'message': {'role': 'assistant', 'content': 'Well'}, 'done': True, 'done_reason': 'stop', 'total_duration': 8839232117, 'load_duration': 7672698054, 'prompt_eval_count': 520, 'prompt_eval_duration': 424733293, 'eval_count': 2, 'eval_duration': 4200836}
Response: Well
Analyzing frame 37/42: q_warmup_5_main_1_30fps_frame0015.png
Prompt: Given the human reaction shown in the image, do you think the situation observed by that human ends well or poorly? (Use only one word -- well or poorly -- to answer)
Image size: 12496 bytes
Response status code: 200
{'model': 'deepseek-ocr:3b', 'created_at': '2025-12-08T05:44:02.500817616Z', 'message': {'role': 'assistant', 'content': 'Well'}, 'done': True, 'done_reason': 'stop', 'total_duration': 8635067558, 'load_duration': 7302807198, 'prompt_eval_count': 520, 'prompt_eval_duration': 442549985, 'eval_count': 2, 'eval_duration': 4428534}
Response: Well
Analyzing frame 38/42: q_warmup_5_main_1_30fps_frame0030.png
Prompt: Given the human reaction shown in the image, do you think the situation observed by that human ends well or poorly? (Use only one word -- well or poorly -- to answer)
Image size: 12544 bytes
Response status code: 200
{'model': 'deepseek-ocr:3b', 'created_at': '2025-12-08T05:44:12.210998464Z', 'message': {'role': 'assistant', 'content': 'Well'}, 'done': True, 'done_reason': 'stop', 'total_duration': 8654084217, 'load_duration': 7416766710, 'prompt_eval_count': 520, 'prompt_eval_duration': 430779093, 'eval_count': 2, 'eval_duration': 4214336}
Response: Well
Analyzing frame 39/42: q_warmup_5_main_1_30fps_frame0045.png
Prompt: Given the human reaction shown in the image, do you think the situation observed by that human ends well or poorly? (Use only one word -- well or poorly -- to answer)
Image size: 12504 bytes
Response status code: 200
{'model': 'deepseek-ocr:3b', 'created_at': '2025-12-08T05:44:22.198392348Z', 'message': {'role': 'assistant', 'content': 'Well'}, 'done': True, 'done_reason': 'stop', 'total_duration': 8954419190, 'load_duration': 7773079852, 'prompt_eval_count': 520, 'prompt_eval_duration': 428543312, 'eval_count': 2, 'eval_duration': 4265854}
Response: Well
Analyzing frame 40/42: q_warmup_5_main_1_30fps_frame0060.png
Prompt: Given the human reaction shown in the image, do you think the situation observed by that human ends well or poorly? (Use only one word -- well or poorly -- to answer)
Image size: 12512 bytes
Response status code: 200
{'model': 'deepseek-ocr:3b', 'created_at': '2025-12-08T05:44:32.586524779Z', 'message': {'role': 'assistant', 'content': 'Well'}, 'done': True, 'done_reason': 'stop', 'total_duration': 9375146110, 'load_duration': 8131950553, 'prompt_eval_count': 520, 'prompt_eval_duration': 445336293, 'eval_count': 2, 'eval_duration': 4447778}
Response: Well
Analyzing frame 41/42: q_warmup_5_main_1_30fps_frame0075.png
Prompt: Given the human reaction shown in the image, do you think the situation observed by that human ends well or poorly? (Use only one word -- well or poorly -- to answer)
Image size: 12488 bytes
Response status code: 200
{'model': 'deepseek-ocr:3b', 'created_at': '2025-12-08T05:44:42.620350612Z', 'message': {'role': 'assistant', 'content': 'Well'}, 'done': True, 'done_reason': 'stop', 'total_duration': 8998698738, 'load_duration': 7838898496, 'prompt_eval_count': 520, 'prompt_eval_duration': 424053232, 'eval_count': 2, 'eval_duration': 4205819}
Response: Well
Analyzing frame 42/42: q_warmup_5_main_1_30fps_frame0090.png
Prompt: Given the human reaction shown in the image, do you think the situation observed by that human ends well or poorly? (Use only one word -- well or poorly -- to answer)
Image size: 12512 bytes
Response status code: 200
{'model': 'deepseek-ocr:3b', 'created_at': '2025-12-08T05:44:53.109033735Z', 'message': {'role': 'assistant', 'content': 'Well'}, 'done': True, 'done_reason': 'stop', 'total_duration': 9459022423, 'load_duration': 8291275864, 'prompt_eval_count': 520, 'prompt_eval_duration': 423961244, 'eval_count': 2, 'eval_duration': 4236298}
Response: Well
Processed 42 frames for participant 2103

Results saved to ./results/results_deepseek-ocr_3s.csv
Total frames in CSV: 3558

==================================================
Processing participant 3/27: 2313

Processing participant: 2313
Found 48 unprocessed frames for this participant
Analyzing frame 1/48: q_11_main_1_30fps_frame0014.png
Prompt: Given the human reaction shown in the image, do you think the situation observed by that human ends well or poorly? (Use only one word -- well or poorly -- to answer)
Image size: 14008 bytes
Response status code: 200
{'model': 'deepseek-ocr:3b', 'created_at': '2025-12-08T05:45:03.175625493Z', 'message': {'role': 'assistant', 'content': 'Well'}, 'done': True, 'done_reason': 'stop', 'total_duration': 8985071506, 'load_duration': 7845235945, 'prompt_eval_count': 520, 'prompt_eval_duration': 425572315, 'eval_count': 2, 'eval_duration': 4204663}
Response: Well
Analyzing frame 2/48: q_11_main_1_30fps_frame0029.png
Prompt: Given the human reaction shown in the image, do you think the situation observed by that human ends well or poorly? (Use only one word -- well or poorly -- to answer)
Image size: 14084 bytes
Response status code: 200
{'model': 'deepseek-ocr:3b', 'created_at': '2025-12-08T05:45:13.141969606Z', 'message': {'role': 'assistant', 'content': 'Well'}, 'done': True, 'done_reason': 'stop', 'total_duration': 8944822010, 'load_duration': 7749025111, 'prompt_eval_count': 520, 'prompt_eval_duration': 429560204, 'eval_count': 2, 'eval_duration': 4215429}
Response: Well
Analyzing frame 3/48: q_11_main_1_30fps_frame0044.png
Prompt: Given the human reaction shown in the image, do you think the situation observed by that human ends well or poorly? (Use only one word -- well or poorly -- to answer)
Image size: 14140 bytes
Response status code: 200
{'model': 'deepseek-ocr:3b', 'created_at': '2025-12-08T05:45:22.939412475Z', 'message': {'role': 'assistant', 'content': 'Well'}, 'done': True, 'done_reason': 'stop', 'total_duration': 8750745324, 'load_duration': 7569433640, 'prompt_eval_count': 520, 'prompt_eval_duration': 423986326, 'eval_count': 2, 'eval_duration': 4200931}
Response: Well
Analyzing frame 4/48: q_11_main_1_30fps_frame0059.png
Prompt: Given the human reaction shown in the image, do you think the situation observed by that human ends well or poorly? (Use only one word -- well or poorly -- to answer)
Image size: 14084 bytes
Response status code: 200
{'model': 'deepseek-ocr:3b', 'created_at': '2025-12-08T05:45:33.073307774Z', 'message': {'role': 'assistant', 'content': 'Well'}, 'done': True, 'done_reason': 'stop', 'total_duration': 9107316695, 'load_duration': 7878419884, 'prompt_eval_count': 520, 'prompt_eval_duration': 450856183, 'eval_count': 2, 'eval_duration': 4432368}
Response: Well
Analyzing frame 5/48: q_11_main_1_30fps_frame0074.png
Prompt: Given the human reaction shown in the image, do you think the situation observed by that human ends well or poorly? (Use only one word -- well or poorly -- to answer)
Image size: 13896 bytes
Response status code: 200
{'model': 'deepseek-ocr:3b', 'created_at': '2025-12-08T05:45:43.733797267Z', 'message': {'role': 'assistant', 'content': 'Well'}, 'done': True, 'done_reason': 'stop', 'total_duration': 9632062371, 'load_duration': 8485698781, 'prompt_eval_count': 520, 'prompt_eval_duration': 417021464, 'eval_count': 2, 'eval_duration': 4301582}
Response: Well
Analyzing frame 6/48: q_11_main_1_30fps_frame0089.png
Prompt: Given the human reaction shown in the image, do you think the situation observed by that human ends well or poorly? (Use only one word -- well or poorly -- to answer)
Image size: 13896 bytes
Response status code: 200
{'model': 'deepseek-ocr:3b', 'created_at': '2025-12-08T05:45:53.869721682Z', 'message': {'role': 'assistant', 'content': 'Well'}, 'done': True, 'done_reason': 'stop', 'total_duration': 9106444690, 'load_duration': 7887511152, 'prompt_eval_count': 520, 'prompt_eval_duration': 425557076, 'eval_count': 2, 'eval_duration': 4204634}
Response: Well
Analyzing frame 7/48: q_1_main_0_30fps_frame0015.png
Prompt: Given the human reaction shown in the image, do you think the situation observed by that human ends well or poorly? (Use only one word -- well or poorly -- to answer)
Image size: 13300 bytes
Response status code: 200
{'model': 'deepseek-ocr:3b', 'created_at': '2025-12-08T05:46:03.401581979Z', 'message': {'role': 'assistant', 'content': 'Well'}, 'done': True, 'done_reason': 'stop', 'total_duration': 8503619822, 'load_duration': 7259240619, 'prompt_eval_count': 520, 'prompt_eval_duration': 423929648, 'eval_count': 2, 'eval_duration': 4378016}
Response: Well
Analyzing frame 8/48: q_1_main_0_30fps_frame0030.png
Prompt: Given the human reaction shown in the image, do you think the situation observed by that human ends well or poorly? (Use only one word -- well or poorly -- to answer)
Image size: 13168 bytes
Response status code: 200
{'model': 'deepseek-ocr:3b', 'created_at': '2025-12-08T05:46:13.157473171Z', 'message': {'role': 'assistant', 'content': 'Well'}, 'done': True, 'done_reason': 'stop', 'total_duration': 8708588217, 'load_duration': 7550792254, 'prompt_eval_count': 520, 'prompt_eval_duration': 429320820, 'eval_count': 2, 'eval_duration': 4218215}
Response: Well
Analyzing frame 9/48: q_1_main_0_30fps_frame0045.png
Prompt: Given the human reaction shown in the image, do you think the situation observed by that human ends well or poorly? (Use only one word -- well or poorly -- to answer)
Image size: 13208 bytes
Response status code: 200
{'model': 'deepseek-ocr:3b', 'created_at': '2025-12-08T05:46:23.411432507Z', 'message': {'role': 'assistant', 'content': 'Well'}, 'done': True, 'done_reason': 'stop', 'total_duration': 9211011524, 'load_duration': 8011085409, 'prompt_eval_count': 520, 'prompt_eval_duration': 432651604, 'eval_count': 2, 'eval_duration': 4715919}
Response: Well
Analyzing frame 10/48: q_1_main_0_30fps_frame0060.png
Prompt: Given the human reaction shown in the image, do you think the situation observed by that human ends well or poorly? (Use only one word -- well or poorly -- to answer)
Image size: 13276 bytes
Response status code: 200
{'model': 'deepseek-ocr:3b', 'created_at': '2025-12-08T05:46:33.113851042Z', 'message': {'role': 'assistant', 'content': 'Well'}, 'done': True, 'done_reason': 'stop', 'total_duration': 8670931073, 'load_duration': 7536916027, 'prompt_eval_count': 520, 'prompt_eval_duration': 423783805, 'eval_count': 2, 'eval_duration': 4184614}
Response: Well
Analyzing frame 11/48: q_1_main_0_30fps_frame0075.png
Prompt: Given the human reaction shown in the image, do you think the situation observed by that human ends well or poorly? (Use only one word -- well or poorly -- to answer)
Image size: 13364 bytes
Response status code: 200
{'model': 'deepseek-ocr:3b', 'created_at': '2025-12-08T05:46:42.995660118Z', 'message': {'role': 'assistant', 'content': 'Well'}, 'done': True, 'done_reason': 'stop', 'total_duration': 8825865668, 'load_duration': 7647126338, 'prompt_eval_count': 520, 'prompt_eval_duration': 423745511, 'eval_count': 2, 'eval_duration': 4223186}
Response: Well
Analyzing frame 12/48: q_1_main_0_30fps_frame0090.png
Prompt: Given the human reaction shown in the image, do you think the situation observed by that human ends well or poorly? (Use only one word -- well or poorly -- to answer)
Image size: 13372 bytes
Response status code: 200
{'model': 'deepseek-ocr:3b', 'created_at': '2025-12-08T05:46:52.836855469Z', 'message': {'role': 'assistant', 'content': 'Well'}, 'done': True, 'done_reason': 'stop', 'total_duration': 8795391114, 'load_duration': 7598358946, 'prompt_eval_count': 520, 'prompt_eval_duration': 433104282, 'eval_count': 2, 'eval_duration': 4227025}
Response: Well
Analyzing frame 13/48: q_24_main_1_30fps_frame0015.png
Prompt: Given the human reaction shown in the image, do you think the situation observed by that human ends well or poorly? (Use only one word -- well or poorly -- to answer)
Image size: 14040 bytes
Response status code: 200
{'model': 'deepseek-ocr:3b', 'created_at': '2025-12-08T05:47:03.142732069Z', 'message': {'role': 'assistant', 'content': 'Well'}, 'done': True, 'done_reason': 'stop', 'total_duration': 9247204598, 'load_duration': 8071174811, 'prompt_eval_count': 520, 'prompt_eval_duration': 425042432, 'eval_count': 2, 'eval_duration': 4218023}
Response: Well
Analyzing frame 14/48: q_24_main_1_30fps_frame0030.png
Prompt: Given the human reaction shown in the image, do you think the situation observed by that human ends well or poorly? (Use only one word -- well or poorly -- to answer)
Image size: 14184 bytes
Response status code: 200
{'model': 'deepseek-ocr:3b', 'created_at': '2025-12-08T05:47:13.361022916Z', 'message': {'role': 'assistant', 'content': 'Well'}, 'done': True, 'done_reason': 'stop', 'total_duration': 9202936358, 'load_duration': 8068848190, 'prompt_eval_count': 520, 'prompt_eval_duration': 433203435, 'eval_count': 2, 'eval_duration': 4209249}
Response: Well
Analyzing frame 15/48: q_24_main_1_30fps_frame0045.png
Prompt: Given the human reaction shown in the image, do you think the situation observed by that human ends well or poorly? (Use only one word -- well or poorly -- to answer)
Image size: 14144 bytes
Response status code: 200
{'model': 'deepseek-ocr:3b', 'created_at': '2025-12-08T05:47:23.206431427Z', 'message': {'role': 'assistant', 'content': 'Well'}, 'done': True, 'done_reason': 'stop', 'total_duration': 8803848610, 'load_duration': 7622029069, 'prompt_eval_count': 520, 'prompt_eval_duration': 424670345, 'eval_count': 2, 'eval_duration': 4335320}
Response: Well
Analyzing frame 16/48: q_24_main_1_30fps_frame0060.png
Prompt: Given the human reaction shown in the image, do you think the situation observed by that human ends well or poorly? (Use only one word -- well or poorly -- to answer)
Image size: 14168 bytes
Response status code: 200
{'model': 'deepseek-ocr:3b', 'created_at': '2025-12-08T05:47:33.015384897Z', 'message': {'role': 'assistant', 'content': 'Well'}, 'done': True, 'done_reason': 'stop', 'total_duration': 8774646317, 'load_duration': 7652027943, 'prompt_eval_count': 520, 'prompt_eval_duration': 419489628, 'eval_count': 2, 'eval_duration': 4712404}
Response: Well
Analyzing frame 17/48: q_24_main_1_30fps_frame0075.png
Prompt: Given the human reaction shown in the image, do you think the situation observed by that human ends well or poorly? (Use only one word -- well or poorly -- to answer)
Image size: 14212 bytes
Response status code: 200
{'model': 'deepseek-ocr:3b', 'created_at': '2025-12-08T05:47:42.811451128Z', 'message': {'role': 'assistant', 'content': 'Well'}, 'done': True, 'done_reason': 'stop', 'total_duration': 8752693171, 'load_duration': 7536955976, 'prompt_eval_count': 520, 'prompt_eval_duration': 424230432, 'eval_count': 2, 'eval_duration': 4228226}
Response: Well
Analyzing frame 18/48: q_24_main_1_30fps_frame0090.png
Prompt: Given the human reaction shown in the image, do you think the situation observed by that human ends well or poorly? (Use only one word -- well or poorly -- to answer)
Image size: 14244 bytes
Response status code: 200
{'model': 'deepseek-ocr:3b', 'created_at': '2025-12-08T05:47:52.720418334Z', 'message': {'role': 'assistant', 'content': 'Well'}, 'done': True, 'done_reason': 'stop', 'total_duration': 8880107827, 'load_duration': 7686142817, 'prompt_eval_count': 520, 'prompt_eval_duration': 426569702, 'eval_count': 2, 'eval_duration': 4215300}
Response: Well
Analyzing frame 19/48: q_27_main_0_30fps_frame0014.png
Prompt: Given the human reaction shown in the image, do you think the situation observed by that human ends well or poorly? (Use only one word -- well or poorly -- to answer)
Image size: 13692 bytes
Response status code: 200
{'model': 'deepseek-ocr:3b', 'created_at': '2025-12-08T05:48:02.562440672Z', 'message': {'role': 'assistant', 'content': 'Well'}, 'done': True, 'done_reason': 'stop', 'total_duration': 8787206016, 'load_duration': 7583882926, 'prompt_eval_count': 520, 'prompt_eval_duration': 428496245, 'eval_count': 2, 'eval_duration': 4191217}
Response: Well
Analyzing frame 20/48: q_27_main_0_30fps_frame0029.png
Prompt: Given the human reaction shown in the image, do you think the situation observed by that human ends well or poorly? (Use only one word -- well or poorly -- to answer)
Image size: 13720 bytes
Response status code: 200
{'model': 'deepseek-ocr:3b', 'created_at': '2025-12-08T05:48:12.616282422Z', 'message': {'role': 'assistant', 'content': 'Well'}, 'done': True, 'done_reason': 'stop', 'total_duration': 9010465402, 'load_duration': 7803723037, 'prompt_eval_count': 520, 'prompt_eval_duration': 422471955, 'eval_count': 2, 'eval_duration': 4191166}
Response: Well
Analyzing frame 21/48: q_27_main_0_30fps_frame0044.png
Prompt: Given the human reaction shown in the image, do you think the situation observed by that human ends well or poorly? (Use only one word -- well or poorly -- to answer)
Image size: 13596 bytes
Response status code: 200
{'model': 'deepseek-ocr:3b', 'created_at': '2025-12-08T05:48:22.589984392Z', 'message': {'role': 'assistant', 'content': 'Well'}, 'done': True, 'done_reason': 'stop', 'total_duration': 8946123179, 'load_duration': 7651696586, 'prompt_eval_count': 520, 'prompt_eval_duration': 428401212, 'eval_count': 2, 'eval_duration': 4340016}
Response: Well
Analyzing frame 22/48: q_27_main_0_30fps_frame0059.png
Prompt: Given the human reaction shown in the image, do you think the situation observed by that human ends well or poorly? (Use only one word -- well or poorly -- to answer)
Image size: 13908 bytes
Response status code: 200
{'model': 'deepseek-ocr:3b', 'created_at': '2025-12-08T05:48:32.515738854Z', 'message': {'role': 'assistant', 'content': 'Well'}, 'done': True, 'done_reason': 'stop', 'total_duration': 8879424147, 'load_duration': 7640426128, 'prompt_eval_count': 520, 'prompt_eval_duration': 448177968, 'eval_count': 2, 'eval_duration': 4436951}
Response: Well
Analyzing frame 23/48: q_27_main_0_30fps_frame0074.png
Prompt: Given the human reaction shown in the image, do you think the situation observed by that human ends well or poorly? (Use only one word -- well or poorly -- to answer)
Image size: 14020 bytes
Response status code: 200
{'model': 'deepseek-ocr:3b', 'created_at': '2025-12-08T05:48:42.203753377Z', 'message': {'role': 'assistant', 'content': 'Well'}, 'done': True, 'done_reason': 'stop', 'total_duration': 8661646538, 'load_duration': 7512320771, 'prompt_eval_count': 520, 'prompt_eval_duration': 418481036, 'eval_count': 2, 'eval_duration': 4330744}
Response: Well
Analyzing frame 24/48: q_27_main_0_30fps_frame0089.png
Prompt: Given the human reaction shown in the image, do you think the situation observed by that human ends well or poorly? (Use only one word -- well or poorly -- to answer)
Image size: 13976 bytes
Response status code: 200
{'model': 'deepseek-ocr:3b', 'created_at': '2025-12-08T05:48:52.45694328Z', 'message': {'role': 'assistant', 'content': 'Well'}, 'done': True, 'done_reason': 'stop', 'total_duration': 9213464000, 'load_duration': 7987969063, 'prompt_eval_count': 520, 'prompt_eval_duration': 446940290, 'eval_count': 2, 'eval_duration': 4438502}
Response: Well
Analyzing frame 25/48: q_3_main_1_30fps_frame0015.png
Prompt: Given the human reaction shown in the image, do you think the situation observed by that human ends well or poorly? (Use only one word -- well or poorly -- to answer)
Image size: 14196 bytes
Response status code: 200
{'model': 'deepseek-ocr:3b', 'created_at': '2025-12-08T05:49:02.671259796Z', 'message': {'role': 'assistant', 'content': 'Well'}, 'done': True, 'done_reason': 'stop', 'total_duration': 9185541617, 'load_duration': 8031095952, 'prompt_eval_count': 520, 'prompt_eval_duration': 424661584, 'eval_count': 2, 'eval_duration': 4206432}
Response: Well
Analyzing frame 26/48: q_3_main_1_30fps_frame0030.png
Prompt: Given the human reaction shown in the image, do you think the situation observed by that human ends well or poorly? (Use only one word -- well or poorly -- to answer)
Image size: 14168 bytes
Response status code: 200
{'model': 'deepseek-ocr:3b', 'created_at': '2025-12-08T05:49:12.617724114Z', 'message': {'role': 'assistant', 'content': 'Well'}, 'done': True, 'done_reason': 'stop', 'total_duration': 8914701911, 'load_duration': 7717973142, 'prompt_eval_count': 520, 'prompt_eval_duration': 430609188, 'eval_count': 2, 'eval_duration': 4241418}
Response: Well
Analyzing frame 27/48: q_3_main_1_30fps_frame0045.png
Prompt: Given the human reaction shown in the image, do you think the situation observed by that human ends well or poorly? (Use only one word -- well or poorly -- to answer)
Image size: 14164 bytes
Response status code: 200
{'model': 'deepseek-ocr:3b', 'created_at': '2025-12-08T05:49:22.346490222Z', 'message': {'role': 'assistant', 'content': 'Well'}, 'done': True, 'done_reason': 'stop', 'total_duration': 8700722907, 'load_duration': 7541384562, 'prompt_eval_count': 520, 'prompt_eval_duration': 423440627, 'eval_count': 2, 'eval_duration': 4192268}
Response: Well
Analyzing frame 28/48: q_3_main_1_30fps_frame0060.png
Prompt: Given the human reaction shown in the image, do you think the situation observed by that human ends well or poorly? (Use only one word -- well or poorly -- to answer)
Image size: 14112 bytes
Response status code: 200
{'model': 'deepseek-ocr:3b', 'created_at': '2025-12-08T05:49:32.058588787Z', 'message': {'role': 'assistant', 'content': 'Well'}, 'done': True, 'done_reason': 'stop', 'total_duration': 8671090357, 'load_duration': 7454672500, 'prompt_eval_count': 520, 'prompt_eval_duration': 425538675, 'eval_count': 2, 'eval_duration': 4214937}
Response: Well
Analyzing frame 29/48: q_3_main_1_30fps_frame0075.png
Prompt: Given the human reaction shown in the image, do you think the situation observed by that human ends well or poorly? (Use only one word -- well or poorly -- to answer)
Image size: 14076 bytes
Response status code: 200
{'model': 'deepseek-ocr:3b', 'created_at': '2025-12-08T05:49:41.898470483Z', 'message': {'role': 'assistant', 'content': 'Well'}, 'done': True, 'done_reason': 'stop', 'total_duration': 8810881310, 'load_duration': 7618528970, 'prompt_eval_count': 520, 'prompt_eval_duration': 424973521, 'eval_count': 2, 'eval_duration': 4201647}
Response: Well
Analyzing frame 30/48: q_3_main_1_30fps_frame0090.png
Prompt: Given the human reaction shown in the image, do you think the situation observed by that human ends well or poorly? (Use only one word -- well or poorly -- to answer)
Image size: 14052 bytes
Response status code: 200
{'model': 'deepseek-ocr:3b', 'created_at': '2025-12-08T05:49:52.24556573Z', 'message': {'role': 'assistant', 'content': 'Well'}, 'done': True, 'done_reason': 'stop', 'total_duration': 9302349617, 'load_duration': 8059251411, 'prompt_eval_count': 520, 'prompt_eval_duration': 421653830, 'eval_count': 2, 'eval_duration': 4224000}
Response: Well
Analyzing frame 31/48: q_5_main_0_30fps_frame0015.png
Prompt: Given the human reaction shown in the image, do you think the situation observed by that human ends well or poorly? (Use only one word -- well or poorly -- to answer)
Image size: 13572 bytes
Response status code: 200
{'model': 'deepseek-ocr:3b', 'created_at': '2025-12-08T05:50:02.871932135Z', 'message': {'role': 'assistant', 'content': 'Well'}, 'done': True, 'done_reason': 'stop', 'total_duration': 9597622071, 'load_duration': 8415712739, 'prompt_eval_count': 520, 'prompt_eval_duration': 437322597, 'eval_count': 2, 'eval_duration': 4543818}
Response: Well
Analyzing frame 32/48: q_5_main_0_30fps_frame0030.png
Prompt: Given the human reaction shown in the image, do you think the situation observed by that human ends well or poorly? (Use only one word -- well or poorly -- to answer)
Image size: 13520 bytes
Response status code: 200
{'model': 'deepseek-ocr:3b', 'created_at': '2025-12-08T05:50:12.892121244Z', 'message': {'role': 'assistant', 'content': 'Well'}, 'done': True, 'done_reason': 'stop', 'total_duration': 8986555257, 'load_duration': 7781786145, 'prompt_eval_count': 520, 'prompt_eval_duration': 447935574, 'eval_count': 2, 'eval_duration': 4469168}
Response: Well
Analyzing frame 33/48: q_5_main_0_30fps_frame0045.png
Prompt: Given the human reaction shown in the image, do you think the situation observed by that human ends well or poorly? (Use only one word -- well or poorly -- to answer)
Image size: 13624 bytes
Response status code: 200
{'model': 'deepseek-ocr:3b', 'created_at': '2025-12-08T05:50:22.730141316Z', 'message': {'role': 'assistant', 'content': 'Well'}, 'done': True, 'done_reason': 'stop', 'total_duration': 8811402709, 'load_duration': 7618025764, 'prompt_eval_count': 520, 'prompt_eval_duration': 426013654, 'eval_count': 2, 'eval_duration': 4340077}
Response: Well
Analyzing frame 34/48: q_5_main_0_30fps_frame0060.png
Prompt: Given the human reaction shown in the image, do you think the situation observed by that human ends well or poorly? (Use only one word -- well or poorly -- to answer)
Image size: 13600 bytes
Response status code: 200
{'model': 'deepseek-ocr:3b', 'created_at': '2025-12-08T05:50:33.007224189Z', 'message': {'role': 'assistant', 'content': 'Well'}, 'done': True, 'done_reason': 'stop', 'total_duration': 9242868576, 'load_duration': 8047710857, 'prompt_eval_count': 520, 'prompt_eval_duration': 437012239, 'eval_count': 2, 'eval_duration': 4184524}
Response: Well
Analyzing frame 35/48: q_5_main_0_30fps_frame0075.png
Prompt: Given the human reaction shown in the image, do you think the situation observed by that human ends well or poorly? (Use only one word -- well or poorly -- to answer)
Image size: 13568 bytes
Response status code: 200
{'model': 'deepseek-ocr:3b', 'created_at': '2025-12-08T05:50:43.194335278Z', 'message': {'role': 'assistant', 'content': 'Well'}, 'done': True, 'done_reason': 'stop', 'total_duration': 9159139894, 'load_duration': 7909139701, 'prompt_eval_count': 520, 'prompt_eval_duration': 452078683, 'eval_count': 2, 'eval_duration': 4445904}
Response: Well
Analyzing frame 36/48: q_5_main_0_30fps_frame0090.png
Prompt: Given the human reaction shown in the image, do you think the situation observed by that human ends well or poorly? (Use only one word -- well or poorly -- to answer)
Image size: 13560 bytes
Response status code: 200
{'model': 'deepseek-ocr:3b', 'created_at': '2025-12-08T05:50:52.954458637Z', 'message': {'role': 'assistant', 'content': 'Well'}, 'done': True, 'done_reason': 'stop', 'total_duration': 8719041041, 'load_duration': 7595228921, 'prompt_eval_count': 520, 'prompt_eval_duration': 418637550, 'eval_count': 2, 'eval_duration': 9569770}
Response: Well
Analyzing frame 37/48: q_7_main_1_30fps_frame0015.png
Prompt: Given the human reaction shown in the image, do you think the situation observed by that human ends well or poorly? (Use only one word -- well or poorly -- to answer)
Image size: 13584 bytes
Response status code: 200
{'model': 'deepseek-ocr:3b', 'created_at': '2025-12-08T05:51:02.907305443Z', 'message': {'role': 'assistant', 'content': 'Well'}, 'done': True, 'done_reason': 'stop', 'total_duration': 8923788412, 'load_duration': 7744920282, 'prompt_eval_count': 520, 'prompt_eval_duration': 417272510, 'eval_count': 2, 'eval_duration': 4657405}
Response: Well
Analyzing frame 38/48: q_7_main_1_30fps_frame0030.png
Prompt: Given the human reaction shown in the image, do you think the situation observed by that human ends well or poorly? (Use only one word -- well or poorly -- to answer)
Image size: 13612 bytes
Response status code: 200
{'model': 'deepseek-ocr:3b', 'created_at': '2025-12-08T05:51:12.768165872Z', 'message': {'role': 'assistant', 'content': 'Well'}, 'done': True, 'done_reason': 'stop', 'total_duration': 8818148484, 'load_duration': 7652928828, 'prompt_eval_count': 520, 'prompt_eval_duration': 424631887, 'eval_count': 2, 'eval_duration': 4212070}
Response: Well
Analyzing frame 39/48: q_7_main_1_30fps_frame0045.png
Prompt: Given the human reaction shown in the image, do you think the situation observed by that human ends well or poorly? (Use only one word -- well or poorly -- to answer)
Image size: 13628 bytes
Response status code: 200
{'model': 'deepseek-ocr:3b', 'created_at': '2025-12-08T05:51:22.811312756Z', 'message': {'role': 'assistant', 'content': 'Well'}, 'done': True, 'done_reason': 'stop', 'total_duration': 9016305246, 'load_duration': 7832124598, 'prompt_eval_count': 520, 'prompt_eval_duration': 427068240, 'eval_count': 2, 'eval_duration': 4238346}
Response: Well
Analyzing frame 40/48: q_7_main_1_30fps_frame0060.png
Prompt: Given the human reaction shown in the image, do you think the situation observed by that human ends well or poorly? (Use only one word -- well or poorly -- to answer)
Image size: 13556 bytes
Response status code: 200
{'model': 'deepseek-ocr:3b', 'created_at': '2025-12-08T05:51:32.722838431Z', 'message': {'role': 'assistant', 'content': 'Well'}, 'done': True, 'done_reason': 'stop', 'total_duration': 8876487473, 'load_duration': 7678782719, 'prompt_eval_count': 520, 'prompt_eval_duration': 432780801, 'eval_count': 2, 'eval_duration': 4337328}
Response: Well
Analyzing frame 41/48: q_7_main_1_30fps_frame0075.png
Prompt: Given the human reaction shown in the image, do you think the situation observed by that human ends well or poorly? (Use only one word -- well or poorly -- to answer)
Image size: 13548 bytes
Response status code: 200
{'model': 'deepseek-ocr:3b', 'created_at': '2025-12-08T05:51:42.290807648Z', 'message': {'role': 'assistant', 'content': 'Well'}, 'done': True, 'done_reason': 'stop', 'total_duration': 8540609857, 'load_duration': 7274759273, 'prompt_eval_count': 520, 'prompt_eval_duration': 424846253, 'eval_count': 2, 'eval_duration': 4187576}
Response: Well
Analyzing frame 42/48: q_7_main_1_30fps_frame0090.png
Prompt: Given the human reaction shown in the image, do you think the situation observed by that human ends well or poorly? (Use only one word -- well or poorly -- to answer)
Image size: 13436 bytes
Response status code: 200
{'model': 'deepseek-ocr:3b', 'created_at': '2025-12-08T05:51:52.262488289Z', 'message': {'role': 'assistant', 'content': 'Well'}, 'done': True, 'done_reason': 'stop', 'total_duration': 8934631767, 'load_duration': 7693778224, 'prompt_eval_count': 520, 'prompt_eval_duration': 449937218, 'eval_count': 2, 'eval_duration': 4442006}
Response: Well
Analyzing frame 43/48: q_warmup_5_main_1_30fps_frame0015.png
Prompt: Given the human reaction shown in the image, do you think the situation observed by that human ends well or poorly? (Use only one word -- well or poorly -- to answer)
Image size: 14900 bytes
Response status code: 200
{'model': 'deepseek-ocr:3b', 'created_at': '2025-12-08T05:52:02.923872463Z', 'message': {'role': 'assistant', 'content': 'Well'}, 'done': True, 'done_reason': 'stop', 'total_duration': 9627829110, 'load_duration': 8046526096, 'prompt_eval_count': 520, 'prompt_eval_duration': 413820346, 'eval_count': 2, 'eval_duration': 4212346}
Response: Well
Analyzing frame 44/48: q_warmup_5_main_1_30fps_frame0030.png
Prompt: Given the human reaction shown in the image, do you think the situation observed by that human ends well or poorly? (Use only one word -- well or poorly -- to answer)
Image size: 14848 bytes
Response status code: 200
{'model': 'deepseek-ocr:3b', 'created_at': '2025-12-08T05:52:14.218729311Z', 'message': {'role': 'assistant', 'content': 'Well'}, 'done': True, 'done_reason': 'stop', 'total_duration': 10266810315, 'load_duration': 9084981130, 'prompt_eval_count': 520, 'prompt_eval_duration': 423718610, 'eval_count': 2, 'eval_duration': 4326513}
Response: Well
Analyzing frame 45/48: q_warmup_5_main_1_30fps_frame0045.png
Prompt: Given the human reaction shown in the image, do you think the situation observed by that human ends well or poorly? (Use only one word -- well or poorly -- to answer)
Image size: 14956 bytes
Response status code: 200
{'model': 'deepseek-ocr:3b', 'created_at': '2025-12-08T05:52:24.030321211Z', 'message': {'role': 'assistant', 'content': 'Well'}, 'done': True, 'done_reason': 'stop', 'total_duration': 8763294861, 'load_duration': 7458104961, 'prompt_eval_count': 520, 'prompt_eval_duration': 485703417, 'eval_count': 2, 'eval_duration': 4192932}
Response: Well
Analyzing frame 46/48: q_warmup_5_main_1_30fps_frame0060.png
Prompt: Given the human reaction shown in the image, do you think the situation observed by that human ends well or poorly? (Use only one word -- well or poorly -- to answer)
Image size: 14872 bytes
Response status code: 200
{'model': 'deepseek-ocr:3b', 'created_at': '2025-12-08T05:52:34.031535831Z', 'message': {'role': 'assistant', 'content': 'Well'}, 'done': True, 'done_reason': 'stop', 'total_duration': 8965246855, 'load_duration': 7763098142, 'prompt_eval_count': 520, 'prompt_eval_duration': 424429413, 'eval_count': 2, 'eval_duration': 4217776}
Response: Well
Analyzing frame 47/48: q_warmup_5_main_1_30fps_frame0075.png
Prompt: Given the human reaction shown in the image, do you think the situation observed by that human ends well or poorly? (Use only one word -- well or poorly -- to answer)
Image size: 14768 bytes
Response status code: 200
{'model': 'deepseek-ocr:3b', 'created_at': '2025-12-08T05:52:43.920347932Z', 'message': {'role': 'assistant', 'content': 'Well'}, 'done': True, 'done_reason': 'stop', 'total_duration': 8848945387, 'load_duration': 7677035567, 'prompt_eval_count': 520, 'prompt_eval_duration': 431347330, 'eval_count': 2, 'eval_duration': 4216101}
Response: Well
Analyzing frame 48/48: q_warmup_5_main_1_30fps_frame0090.png
Prompt: Given the human reaction shown in the image, do you think the situation observed by that human ends well or poorly? (Use only one word -- well or poorly -- to answer)
Image size: 14724 bytes
Response status code: 200
{'model': 'deepseek-ocr:3b', 'created_at': '2025-12-08T05:52:53.328692481Z', 'message': {'role': 'assistant', 'content': 'Well'}, 'done': True, 'done_reason': 'stop', 'total_duration': 8366291714, 'load_duration': 7219653807, 'prompt_eval_count': 520, 'prompt_eval_duration': 423139553, 'eval_count': 2, 'eval_duration': 4325125}
Response: Well
Processed 48 frames for participant 2313

Results saved to ./results/results_deepseek-ocr_3s.csv
Total frames in CSV: 3606

==================================================
Processing participant 4/27: 2698

Processing participant: 2698
Found 66 unprocessed frames for this participant
Analyzing frame 1/66: q_10_main_0_30fps_frame0015.png
Prompt: Given the human reaction shown in the image, do you think the situation observed by that human ends well or poorly? (Use only one word -- well or poorly -- to answer)
Image size: 8076 bytes
Response status code: 200
{'model': 'deepseek-ocr:3b', 'created_at': '2025-12-08T05:53:03.257662589Z', 'message': {'role': 'assistant', 'content': ' Well'}, 'done': True, 'done_reason': 'stop', 'total_duration': 8857371368, 'load_duration': 7686277115, 'prompt_eval_count': 520, 'prompt_eval_duration': 424430880, 'eval_count': 2, 'eval_duration': 4298874}
Response: Well
Analyzing frame 2/66: q_10_main_0_30fps_frame0030.png
Prompt: Given the human reaction shown in the image, do you think the situation observed by that human ends well or poorly? (Use only one word -- well or poorly -- to answer)
Image size: 7992 bytes
Response status code: 200
{'model': 'deepseek-ocr:3b', 'created_at': '2025-12-08T05:53:12.931592354Z', 'message': {'role': 'assistant', 'content': 'Well'}, 'done': True, 'done_reason': 'stop', 'total_duration': 8646712495, 'load_duration': 7456198851, 'prompt_eval_count': 520, 'prompt_eval_duration': 417012299, 'eval_count': 2, 'eval_duration': 4881942}
Response: Well
Analyzing frame 3/66: q_10_main_0_30fps_frame0045.png
Prompt: Given the human reaction shown in the image, do you think the situation observed by that human ends well or poorly? (Use only one word -- well or poorly -- to answer)
Image size: 8192 bytes
Response status code: 200
{'model': 'deepseek-ocr:3b', 'created_at': '2025-12-08T05:53:23.85496666Z', 'message': {'role': 'assistant', 'content': 'Well'}, 'done': True, 'done_reason': 'stop', 'total_duration': 9897673668, 'load_duration': 8734956235, 'prompt_eval_count': 520, 'prompt_eval_duration': 411967419, 'eval_count': 2, 'eval_duration': 5182738}
Response: Well
Analyzing frame 4/66: q_10_main_0_30fps_frame0060.png
Prompt: Given the human reaction shown in the image, do you think the situation observed by that human ends well or poorly? (Use only one word -- well or poorly -- to answer)
Image size: 8148 bytes
Response status code: 200
{'model': 'deepseek-ocr:3b', 'created_at': '2025-12-08T05:53:33.920977718Z', 'message': {'role': 'assistant', 'content': 'Well'}, 'done': True, 'done_reason': 'stop', 'total_duration': 9024985783, 'load_duration': 7833854873, 'prompt_eval_count': 520, 'prompt_eval_duration': 424340061, 'eval_count': 2, 'eval_duration': 4217743}
Response: Well
Analyzing frame 5/66: q_10_main_0_30fps_frame0075.png
Prompt: Given the human reaction shown in the image, do you think the situation observed by that human ends well or poorly? (Use only one word -- well or poorly -- to answer)
Image size: 8128 bytes
Response status code: 200
{'model': 'deepseek-ocr:3b', 'created_at': '2025-12-08T05:53:43.58147936Z', 'message': {'role': 'assistant', 'content': 'Well'}, 'done': True, 'done_reason': 'stop', 'total_duration': 8630379838, 'load_duration': 7481890132, 'prompt_eval_count': 520, 'prompt_eval_duration': 425631521, 'eval_count': 2, 'eval_duration': 4205047}
Response: Well
Analyzing frame 6/66: q_10_main_0_30fps_frame0090.png
Prompt: Given the human reaction shown in the image, do you think the situation observed by that human ends well or poorly? (Use only one word -- well or poorly -- to answer)
Image size: 8036 bytes
Response status code: 200
{'model': 'deepseek-ocr:3b', 'created_at': '2025-12-08T05:53:53.378706325Z', 'message': {'role': 'assistant', 'content': 'Well'}, 'done': True, 'done_reason': 'stop', 'total_duration': 8748122534, 'load_duration': 7547549847, 'prompt_eval_count': 520, 'prompt_eval_duration': 426388486, 'eval_count': 2, 'eval_duration': 4205923}
Response: Well
Analyzing frame 7/66: q_11_main_1_30fps_frame0012.png
Prompt: Given the human reaction shown in the image, do you think the situation observed by that human ends well or poorly? (Use only one word -- well or poorly -- to answer)
Image size: 8480 bytes
Response status code: 200
{'model': 'deepseek-ocr:3b', 'created_at': '2025-12-08T05:54:03.190670746Z', 'message': {'role': 'assistant', 'content': ' Well'}, 'done': True, 'done_reason': 'stop', 'total_duration': 8785153481, 'load_duration': 7561566331, 'prompt_eval_count': 520, 'prompt_eval_duration': 422821216, 'eval_count': 2, 'eval_duration': 4184311}
Response: Well
Analyzing frame 8/66: q_11_main_1_30fps_frame0027.png
Prompt: Given the human reaction shown in the image, do you think the situation observed by that human ends well or poorly? (Use only one word -- well or poorly -- to answer)
Image size: 8472 bytes
Response status code: 200
{'model': 'deepseek-ocr:3b', 'created_at': '2025-12-08T05:54:13.504050817Z', 'message': {'role': 'assistant', 'content': ' Well'}, 'done': True, 'done_reason': 'stop', 'total_duration': 9284168267, 'load_duration': 8107971299, 'prompt_eval_count': 520, 'prompt_eval_duration': 427320112, 'eval_count': 2, 'eval_duration': 4456795}
Response: Well
Analyzing frame 9/66: q_11_main_1_30fps_frame0042.png
Prompt: Given the human reaction shown in the image, do you think the situation observed by that human ends well or poorly? (Use only one word -- well or poorly -- to answer)
Image size: 8408 bytes
Response status code: 200
{'model': 'deepseek-ocr:3b', 'created_at': '2025-12-08T05:54:23.78552145Z', 'message': {'role': 'assistant', 'content': 'Well'}, 'done': True, 'done_reason': 'stop', 'total_duration': 9250477432, 'load_duration': 8054263484, 'prompt_eval_count': 520, 'prompt_eval_duration': 423993173, 'eval_count': 2, 'eval_duration': 4235241}
Response: Well
Analyzing frame 10/66: q_11_main_1_30fps_frame0057.png
Prompt: Given the human reaction shown in the image, do you think the situation observed by that human ends well or poorly? (Use only one word -- well or poorly -- to answer)
Image size: 8500 bytes
Response status code: 200
{'model': 'deepseek-ocr:3b', 'created_at': '2025-12-08T05:54:34.225371594Z', 'message': {'role': 'assistant', 'content': 'Well'}, 'done': True, 'done_reason': 'stop', 'total_duration': 9411747414, 'load_duration': 8124451849, 'prompt_eval_count': 520, 'prompt_eval_duration': 445344325, 'eval_count': 2, 'eval_duration': 4434865}
Response: Well
Analyzing frame 11/66: q_11_main_1_30fps_frame0072.png
Prompt: Given the human reaction shown in the image, do you think the situation observed by that human ends well or poorly? (Use only one word -- well or poorly -- to answer)
Image size: 8472 bytes
Response status code: 200
{'model': 'deepseek-ocr:3b', 'created_at': '2025-12-08T05:54:44.169074361Z', 'message': {'role': 'assistant', 'content': 'Well'}, 'done': True, 'done_reason': 'stop', 'total_duration': 8915346038, 'load_duration': 7704945189, 'prompt_eval_count': 520, 'prompt_eval_duration': 425634386, 'eval_count': 2, 'eval_duration': 4242659}
Response: Well
Analyzing frame 12/66: q_11_main_1_30fps_frame0087.png
Prompt: Given the human reaction shown in the image, do you think the situation observed by that human ends well or poorly? (Use only one word -- well or poorly -- to answer)
Image size: 8508 bytes
Response status code: 200
{'model': 'deepseek-ocr:3b', 'created_at': '2025-12-08T05:54:54.345106594Z', 'message': {'role': 'assistant', 'content': ' Well'}, 'done': True, 'done_reason': 'stop', 'total_duration': 9135254105, 'load_duration': 7969194557, 'prompt_eval_count': 520, 'prompt_eval_duration': 432280102, 'eval_count': 2, 'eval_duration': 4179139}
Response: Well
Analyzing frame 13/66: q_13_main_1_30fps_frame0014.png
Prompt: Given the human reaction shown in the image, do you think the situation observed by that human ends well or poorly? (Use only one word -- well or poorly -- to answer)
Image size: 8704 bytes
Response status code: 200
{'model': 'deepseek-ocr:3b', 'created_at': '2025-12-08T05:55:04.276891958Z', 'message': {'role': 'assistant', 'content': 'Well'}, 'done': True, 'done_reason': 'stop', 'total_duration': 8902669467, 'load_duration': 7713507953, 'prompt_eval_count': 520, 'prompt_eval_duration': 424507408, 'eval_count': 2, 'eval_duration': 4205760}
Response: Well
Analyzing frame 14/66: q_13_main_1_30fps_frame0029.png
Prompt: Given the human reaction shown in the image, do you think the situation observed by that human ends well or poorly? (Use only one word -- well or poorly -- to answer)
Image size: 8796 bytes
Response status code: 200
{'model': 'deepseek-ocr:3b', 'created_at': '2025-12-08T05:55:14.206330194Z', 'message': {'role': 'assistant', 'content': 'Well'}, 'done': True, 'done_reason': 'stop', 'total_duration': 8890958763, 'load_duration': 7661788683, 'prompt_eval_count': 520, 'prompt_eval_duration': 429916910, 'eval_count': 2, 'eval_duration': 4217427}
Response: Well
Analyzing frame 15/66: q_13_main_1_30fps_frame0044.png
Prompt: Given the human reaction shown in the image, do you think the situation observed by that human ends well or poorly? (Use only one word -- well or poorly -- to answer)
Image size: 8732 bytes
Response status code: 200
{'model': 'deepseek-ocr:3b', 'created_at': '2025-12-08T05:55:24.371479963Z', 'message': {'role': 'assistant', 'content': 'Well'}, 'done': True, 'done_reason': 'stop', 'total_duration': 9123206675, 'load_duration': 7938813101, 'prompt_eval_count': 520, 'prompt_eval_duration': 416668549, 'eval_count': 2, 'eval_duration': 4263236}
Response: Well
Analyzing frame 16/66: q_13_main_1_30fps_frame0059.png
Prompt: Given the human reaction shown in the image, do you think the situation observed by that human ends well or poorly? (Use only one word -- well or poorly -- to answer)
Image size: 8820 bytes
Response status code: 200
{'model': 'deepseek-ocr:3b', 'created_at': '2025-12-08T05:55:34.604858464Z', 'message': {'role': 'assistant', 'content': 'Well'}, 'done': True, 'done_reason': 'stop', 'total_duration': 9205410652, 'load_duration': 7949440469, 'prompt_eval_count': 520, 'prompt_eval_duration': 417340394, 'eval_count': 2, 'eval_duration': 4235067}
Response: Well
Analyzing frame 17/66: q_13_main_1_30fps_frame0074.png
Prompt: Given the human reaction shown in the image, do you think the situation observed by that human ends well or poorly? (Use only one word -- well or poorly -- to answer)
Image size: 8732 bytes
Response status code: 200
{'model': 'deepseek-ocr:3b', 'created_at': '2025-12-08T05:55:44.561982219Z', 'message': {'role': 'assistant', 'content': 'Well'}, 'done': True, 'done_reason': 'stop', 'total_duration': 8924644608, 'load_duration': 7745188517, 'prompt_eval_count': 520, 'prompt_eval_duration': 423415357, 'eval_count': 2, 'eval_duration': 4225465}
Response: Well
Analyzing frame 18/66: q_13_main_1_30fps_frame0089.png
Prompt: Given the human reaction shown in the image, do you think the situation observed by that human ends well or poorly? (Use only one word -- well or poorly -- to answer)
Image size: 8816 bytes
Response status code: 200
{'model': 'deepseek-ocr:3b', 'created_at': '2025-12-08T05:55:54.552596144Z', 'message': {'role': 'assistant', 'content': 'Well'}, 'done': True, 'done_reason': 'stop', 'total_duration': 8949380357, 'load_duration': 7722676357, 'prompt_eval_count': 520, 'prompt_eval_duration': 423890813, 'eval_count': 2, 'eval_duration': 4211628}
Response: Well
Analyzing frame 19/66: q_20_main_0_30fps_frame0014.png
Prompt: Given the human reaction shown in the image, do you think the situation observed by that human ends well or poorly? (Use only one word -- well or poorly -- to answer)
Image size: 8860 bytes
Response status code: 200
{'model': 'deepseek-ocr:3b', 'created_at': '2025-12-08T05:56:04.495608354Z', 'message': {'role': 'assistant', 'content': 'Well'}, 'done': True, 'done_reason': 'stop', 'total_duration': 8903361502, 'load_duration': 7704588763, 'prompt_eval_count': 520, 'prompt_eval_duration': 431756240, 'eval_count': 2, 'eval_duration': 4238087}
Response: Well
Analyzing frame 20/66: q_20_main_0_30fps_frame0029.png
Prompt: Given the human reaction shown in the image, do you think the situation observed by that human ends well or poorly? (Use only one word -- well or poorly -- to answer)
Image size: 8924 bytes
Response status code: 200
{'model': 'deepseek-ocr:3b', 'created_at': '2025-12-08T05:56:14.440962393Z', 'message': {'role': 'assistant', 'content': 'Well'}, 'done': True, 'done_reason': 'stop', 'total_duration': 8918261741, 'load_duration': 7744953024, 'prompt_eval_count': 520, 'prompt_eval_duration': 423064051, 'eval_count': 2, 'eval_duration': 4204755}
Response: Well
Analyzing frame 21/66: q_20_main_0_30fps_frame0044.png
Prompt: Given the human reaction shown in the image, do you think the situation observed by that human ends well or poorly? (Use only one word -- well or poorly -- to answer)
Image size: 8904 bytes
Response status code: 200
{'model': 'deepseek-ocr:3b', 'created_at': '2025-12-08T05:56:24.626292886Z', 'message': {'role': 'assistant', 'content': 'Well'}, 'done': True, 'done_reason': 'stop', 'total_duration': 9156343104, 'load_duration': 7931484241, 'prompt_eval_count': 520, 'prompt_eval_duration': 429698239, 'eval_count': 2, 'eval_duration': 4191045}
Response: Well
Analyzing frame 22/66: q_20_main_0_30fps_frame0059.png
Prompt: Given the human reaction shown in the image, do you think the situation observed by that human ends well or poorly? (Use only one word -- well or poorly -- to answer)
Image size: 8864 bytes
Response status code: 200
{'model': 'deepseek-ocr:3b', 'created_at': '2025-12-08T05:56:34.106155782Z', 'message': {'role': 'assistant', 'content': 'Well'}, 'done': True, 'done_reason': 'stop', 'total_duration': 8451056236, 'load_duration': 7285363607, 'prompt_eval_count': 520, 'prompt_eval_duration': 422987952, 'eval_count': 2, 'eval_duration': 4207346}
Response: Well
Analyzing frame 23/66: q_20_main_0_30fps_frame0074.png
Prompt: Given the human reaction shown in the image, do you think the situation observed by that human ends well or poorly? (Use only one word -- well or poorly -- to answer)
Image size: 8832 bytes
Response status code: 200
{'model': 'deepseek-ocr:3b', 'created_at': '2025-12-08T05:56:44.092550507Z', 'message': {'role': 'assistant', 'content': 'Well'}, 'done': True, 'done_reason': 'stop', 'total_duration': 8947161200, 'load_duration': 7752879750, 'prompt_eval_count': 520, 'prompt_eval_duration': 426526585, 'eval_count': 2, 'eval_duration': 4521454}
Response: Well
Analyzing frame 24/66: q_20_main_0_30fps_frame0089.png
Prompt: Given the human reaction shown in the image, do you think the situation observed by that human ends well or poorly? (Use only one word -- well or poorly -- to answer)
Image size: 8876 bytes
Response status code: 200
{'model': 'deepseek-ocr:3b', 'created_at': '2025-12-08T05:56:54.314429733Z', 'message': {'role': 'assistant', 'content': 'Well'}, 'done': True, 'done_reason': 'stop', 'total_duration': 9188522678, 'load_duration': 8005645956, 'prompt_eval_count': 520, 'prompt_eval_duration': 423024761, 'eval_count': 2, 'eval_duration': 4206647}
Response: Well
Analyzing frame 25/66: q_24_main_0_30fps_frame0015.png
Prompt: Given the human reaction shown in the image, do you think the situation observed by that human ends well or poorly? (Use only one word -- well or poorly -- to answer)
Image size: 9760 bytes
Response status code: 200
{'model': 'deepseek-ocr:3b', 'created_at': '2025-12-08T05:57:03.654924553Z', 'message': {'role': 'assistant', 'content': 'Well'}, 'done': True, 'done_reason': 'stop', 'total_duration': 8297942191, 'load_duration': 7156600073, 'prompt_eval_count': 520, 'prompt_eval_duration': 418879809, 'eval_count': 2, 'eval_duration': 4231227}
Response: Well
Analyzing frame 26/66: q_24_main_0_30fps_frame0030.png
Prompt: Given the human reaction shown in the image, do you think the situation observed by that human ends well or poorly? (Use only one word -- well or poorly -- to answer)
Image size: 9848 bytes
Response status code: 200
{'model': 'deepseek-ocr:3b', 'created_at': '2025-12-08T05:57:13.103196804Z', 'message': {'role': 'assistant', 'content': 'Well'}, 'done': True, 'done_reason': 'stop', 'total_duration': 8420283740, 'load_duration': 7238946254, 'prompt_eval_count': 520, 'prompt_eval_duration': 431357874, 'eval_count': 2, 'eval_duration': 4196981}
Response: Well
Analyzing frame 27/66: q_24_main_0_30fps_frame0045.png
Prompt: Given the human reaction shown in the image, do you think the situation observed by that human ends well or poorly? (Use only one word -- well or poorly -- to answer)
Image size: 9712 bytes
Response status code: 200
{'model': 'deepseek-ocr:3b', 'created_at': '2025-12-08T05:57:22.845898112Z', 'message': {'role': 'assistant', 'content': 'Well'}, 'done': True, 'done_reason': 'stop', 'total_duration': 8715640174, 'load_duration': 7560453182, 'prompt_eval_count': 520, 'prompt_eval_duration': 414080702, 'eval_count': 2, 'eval_duration': 4236019}
Response: Well
Analyzing frame 28/66: q_24_main_0_30fps_frame0060.png
Prompt: Given the human reaction shown in the image, do you think the situation observed by that human ends well or poorly? (Use only one word -- well or poorly -- to answer)
Image size: 9764 bytes
Response status code: 200
{'model': 'deepseek-ocr:3b', 'created_at': '2025-12-08T05:57:32.763401668Z', 'message': {'role': 'assistant', 'content': 'Well'}, 'done': True, 'done_reason': 'stop', 'total_duration': 8889170729, 'load_duration': 7653889880, 'prompt_eval_count': 520, 'prompt_eval_duration': 423821329, 'eval_count': 2, 'eval_duration': 4209565}
Response: Well
Analyzing frame 29/66: q_24_main_0_30fps_frame0075.png
Prompt: Given the human reaction shown in the image, do you think the situation observed by that human ends well or poorly? (Use only one word -- well or poorly -- to answer)
Image size: 9772 bytes
Response status code: 200
{'model': 'deepseek-ocr:3b', 'created_at': '2025-12-08T05:57:44.331681753Z', 'message': {'role': 'assistant', 'content': 'Well'}, 'done': True, 'done_reason': 'stop', 'total_duration': 10524563709, 'load_duration': 9329316825, 'prompt_eval_count': 520, 'prompt_eval_duration': 424063980, 'eval_count': 2, 'eval_duration': 4198156}
Response: Well
Analyzing frame 30/66: q_24_main_0_30fps_frame0090.png
Prompt: Given the human reaction shown in the image, do you think the situation observed by that human ends well or poorly? (Use only one word -- well or poorly -- to answer)
Image size: 9812 bytes
Response status code: 200
{'model': 'deepseek-ocr:3b', 'created_at': '2025-12-08T05:57:55.01350421Z', 'message': {'role': 'assistant', 'content': 'Well'}, 'done': True, 'done_reason': 'stop', 'total_duration': 9624661848, 'load_duration': 8449477996, 'prompt_eval_count': 520, 'prompt_eval_duration': 417309250, 'eval_count': 2, 'eval_duration': 4480321}
Response: Well
Analyzing frame 31/66: q_26_main_0_30fps_frame0015.png
Prompt: Given the human reaction shown in the image, do you think the situation observed by that human ends well or poorly? (Use only one word -- well or poorly -- to answer)
Image size: 8180 bytes
Response status code: 200
{'model': 'deepseek-ocr:3b', 'created_at': '2025-12-08T05:58:05.035451854Z', 'message': {'role': 'assistant', 'content': ' Well'}, 'done': True, 'done_reason': 'stop', 'total_duration': 8989175576, 'load_duration': 7797237122, 'prompt_eval_count': 520, 'prompt_eval_duration': 424044635, 'eval_count': 2, 'eval_duration': 4196565}
Response: Well
Analyzing frame 32/66: q_26_main_0_30fps_frame0030.png
Prompt: Given the human reaction shown in the image, do you think the situation observed by that human ends well or poorly? (Use only one word -- well or poorly -- to answer)
Image size: 8192 bytes
Response status code: 200
{'model': 'deepseek-ocr:3b', 'created_at': '2025-12-08T05:58:14.914309341Z', 'message': {'role': 'assistant', 'content': 'Well'}, 'done': True, 'done_reason': 'stop', 'total_duration': 8852732178, 'load_duration': 7688036956, 'prompt_eval_count': 520, 'prompt_eval_duration': 433981383, 'eval_count': 2, 'eval_duration': 4204720}
Response: Well
Analyzing frame 33/66: q_26_main_0_30fps_frame0045.png
Prompt: Given the human reaction shown in the image, do you think the situation observed by that human ends well or poorly? (Use only one word -- well or poorly -- to answer)
Image size: 8140 bytes
Response status code: 200
{'model': 'deepseek-ocr:3b', 'created_at': '2025-12-08T05:58:25.00072407Z', 'message': {'role': 'assistant', 'content': 'Well'}, 'done': True, 'done_reason': 'stop', 'total_duration': 9059792182, 'load_duration': 7905621563, 'prompt_eval_count': 520, 'prompt_eval_duration': 423261478, 'eval_count': 2, 'eval_duration': 4202207}
Response: Well
Analyzing frame 34/66: q_26_main_0_30fps_frame0060.png
Prompt: Given the human reaction shown in the image, do you think the situation observed by that human ends well or poorly? (Use only one word -- well or poorly -- to answer)
Image size: 8176 bytes
Response status code: 200
{'model': 'deepseek-ocr:3b', 'created_at': '2025-12-08T05:58:35.101909569Z', 'message': {'role': 'assistant', 'content': 'Well'}, 'done': True, 'done_reason': 'stop', 'total_duration': 9072202377, 'load_duration': 7913829823, 'prompt_eval_count': 520, 'prompt_eval_duration': 423584845, 'eval_count': 2, 'eval_duration': 4199725}
Response: Well
Analyzing frame 35/66: q_26_main_0_30fps_frame0075.png
Prompt: Given the human reaction shown in the image, do you think the situation observed by that human ends well or poorly? (Use only one word -- well or poorly -- to answer)
Image size: 8068 bytes
Response status code: 200
{'model': 'deepseek-ocr:3b', 'created_at': '2025-12-08T05:58:44.894034274Z', 'message': {'role': 'assistant', 'content': 'Well'}, 'done': True, 'done_reason': 'stop', 'total_duration': 8763615866, 'load_duration': 7575558451, 'prompt_eval_count': 520, 'prompt_eval_duration': 422932860, 'eval_count': 2, 'eval_duration': 4228281}
Response: Well
Analyzing frame 36/66: q_26_main_0_30fps_frame0090.png
Prompt: Given the human reaction shown in the image, do you think the situation observed by that human ends well or poorly? (Use only one word -- well or poorly -- to answer)
Image size: 8064 bytes
Response status code: 200
{'model': 'deepseek-ocr:3b', 'created_at': '2025-12-08T05:58:55.308931479Z', 'message': {'role': 'assistant', 'content': ' Well'}, 'done': True, 'done_reason': 'stop', 'total_duration': 9397615544, 'load_duration': 8217840855, 'prompt_eval_count': 520, 'prompt_eval_duration': 432447134, 'eval_count': 2, 'eval_duration': 4202194}
Response: Well
Analyzing frame 37/66: q_5_main_0_30fps_frame0014.png
Prompt: Given the human reaction shown in the image, do you think the situation observed by that human ends well or poorly? (Use only one word -- well or poorly -- to answer)
Image size: 8388 bytes
Response status code: 200
{'model': 'deepseek-ocr:3b', 'created_at': '2025-12-08T05:59:05.379032047Z', 'message': {'role': 'assistant', 'content': ' Well'}, 'done': True, 'done_reason': 'stop', 'total_duration': 9015307736, 'load_duration': 7790294815, 'prompt_eval_count': 520, 'prompt_eval_duration': 438029956, 'eval_count': 2, 'eval_duration': 4220369}
Response: Well
Analyzing frame 38/66: q_5_main_0_30fps_frame0029.png
Prompt: Given the human reaction shown in the image, do you think the situation observed by that human ends well or poorly? (Use only one word -- well or poorly -- to answer)
Image size: 8412 bytes
Response status code: 200
{'model': 'deepseek-ocr:3b', 'created_at': '2025-12-08T05:59:15.676177588Z', 'message': {'role': 'assistant', 'content': ' Well'}, 'done': True, 'done_reason': 'stop', 'total_duration': 9271918119, 'load_duration': 8112655653, 'prompt_eval_count': 520, 'prompt_eval_duration': 422511586, 'eval_count': 2, 'eval_duration': 4217927}
Response: Well
Analyzing frame 39/66: q_5_main_0_30fps_frame0044.png
Prompt: Given the human reaction shown in the image, do you think the situation observed by that human ends well or poorly? (Use only one word -- well or poorly -- to answer)
Image size: 8412 bytes
Response status code: 200
{'model': 'deepseek-ocr:3b', 'created_at': '2025-12-08T05:59:26.016754416Z', 'message': {'role': 'assistant', 'content': ' Well'}, 'done': True, 'done_reason': 'stop', 'total_duration': 9315618065, 'load_duration': 8145634745, 'prompt_eval_count': 520, 'prompt_eval_duration': 429759160, 'eval_count': 2, 'eval_duration': 4193995}
Response: Well
Analyzing frame 40/66: q_5_main_0_30fps_frame0059.png
Prompt: Given the human reaction shown in the image, do you think the situation observed by that human ends well or poorly? (Use only one word -- well or poorly -- to answer)
Image size: 8416 bytes
Response status code: 200
{'model': 'deepseek-ocr:3b', 'created_at': '2025-12-08T05:59:35.501718835Z', 'message': {'role': 'assistant', 'content': 'Well'}, 'done': True, 'done_reason': 'stop', 'total_duration': 8455666008, 'load_duration': 7266250918, 'prompt_eval_count': 520, 'prompt_eval_duration': 430866913, 'eval_count': 2, 'eval_duration': 4200217}
Response: Well
Analyzing frame 41/66: q_5_main_0_30fps_frame0074.png
Prompt: Given the human reaction shown in the image, do you think the situation observed by that human ends well or poorly? (Use only one word -- well or poorly -- to answer)
Image size: 8464 bytes
Response status code: 200
{'model': 'deepseek-ocr:3b', 'created_at': '2025-12-08T05:59:45.040116005Z', 'message': {'role': 'assistant', 'content': 'Well'}, 'done': True, 'done_reason': 'stop', 'total_duration': 8510144207, 'load_duration': 7346463396, 'prompt_eval_count': 520, 'prompt_eval_duration': 423185397, 'eval_count': 2, 'eval_duration': 4220125}
Response: Well
Analyzing frame 42/66: q_5_main_0_30fps_frame0089.png
Prompt: Given the human reaction shown in the image, do you think the situation observed by that human ends well or poorly? (Use only one word -- well or poorly -- to answer)
Image size: 8288 bytes
Response status code: 200
{'model': 'deepseek-ocr:3b', 'created_at': '2025-12-08T05:59:54.676458066Z', 'message': {'role': 'assistant', 'content': 'Well'}, 'done': True, 'done_reason': 'stop', 'total_duration': 8604305241, 'load_duration': 7437221816, 'prompt_eval_count': 520, 'prompt_eval_duration': 421653188, 'eval_count': 2, 'eval_duration': 4537436}
Response: Well
Analyzing frame 43/66: q_6_main_1_30fps_frame0015.png
Prompt: Given the human reaction shown in the image, do you think the situation observed by that human ends well or poorly? (Use only one word -- well or poorly -- to answer)
Image size: 9824 bytes
Response status code: 200
{'model': 'deepseek-ocr:3b', 'created_at': '2025-12-08T06:00:04.45941981Z', 'message': {'role': 'assistant', 'content': 'Well'}, 'done': True, 'done_reason': 'stop', 'total_duration': 8744311234, 'load_duration': 7494294807, 'prompt_eval_count': 520, 'prompt_eval_duration': 418920183, 'eval_count': 2, 'eval_duration': 4197548}
Response: Well
Analyzing frame 44/66: q_6_main_1_30fps_frame0030.png
Prompt: Given the human reaction shown in the image, do you think the situation observed by that human ends well or poorly? (Use only one word -- well or poorly -- to answer)
Image size: 9744 bytes
Response status code: 200
{'model': 'deepseek-ocr:3b', 'created_at': '2025-12-08T06:00:15.931821319Z', 'message': {'role': 'assistant', 'content': 'Well'}, 'done': True, 'done_reason': 'stop', 'total_duration': 10446151312, 'load_duration': 9198752541, 'prompt_eval_count': 520, 'prompt_eval_duration': 446617226, 'eval_count': 2, 'eval_duration': 4446137}
Response: Well
Analyzing frame 45/66: q_6_main_1_30fps_frame0045.png
Prompt: Given the human reaction shown in the image, do you think the situation observed by that human ends well or poorly? (Use only one word -- well or poorly -- to answer)
Image size: 9708 bytes
Response status code: 200
{'model': 'deepseek-ocr:3b', 'created_at': '2025-12-08T06:00:26.614456296Z', 'message': {'role': 'assistant', 'content': 'Well'}, 'done': True, 'done_reason': 'stop', 'total_duration': 9621386584, 'load_duration': 8314173555, 'prompt_eval_count': 520, 'prompt_eval_duration': 443248368, 'eval_count': 2, 'eval_duration': 4447776}
Response: Well
Analyzing frame 46/66: q_6_main_1_30fps_frame0060.png
Prompt: Given the human reaction shown in the image, do you think the situation observed by that human ends well or poorly? (Use only one word -- well or poorly -- to answer)
Image size: 9680 bytes
Response status code: 200
{'model': 'deepseek-ocr:3b', 'created_at': '2025-12-08T06:00:39.202651666Z', 'message': {'role': 'assistant', 'content': 'Well'}, 'done': True, 'done_reason': 'stop', 'total_duration': 11540088934, 'load_duration': 10348742688, 'prompt_eval_count': 520, 'prompt_eval_duration': 424995123, 'eval_count': 2, 'eval_duration': 4188664}
Response: Well
Analyzing frame 47/66: q_6_main_1_30fps_frame0075.png
Prompt: Given the human reaction shown in the image, do you think the situation observed by that human ends well or poorly? (Use only one word -- well or poorly -- to answer)
Image size: 9820 bytes
Response status code: 200
{'model': 'deepseek-ocr:3b', 'created_at': '2025-12-08T06:00:49.638818303Z', 'message': {'role': 'assistant', 'content': 'Well'}, 'done': True, 'done_reason': 'stop', 'total_duration': 9373225853, 'load_duration': 8133830409, 'prompt_eval_count': 520, 'prompt_eval_duration': 435493002, 'eval_count': 2, 'eval_duration': 4475303}
Response: Well
Analyzing frame 48/66: q_6_main_1_30fps_frame0090.png
Prompt: Given the human reaction shown in the image, do you think the situation observed by that human ends well or poorly? (Use only one word -- well or poorly -- to answer)
Image size: 9724 bytes
Response status code: 200
{'model': 'deepseek-ocr:3b', 'created_at': '2025-12-08T06:00:59.982090715Z', 'message': {'role': 'assistant', 'content': 'Well'}, 'done': True, 'done_reason': 'stop', 'total_duration': 9315402178, 'load_duration': 8079168580, 'prompt_eval_count': 520, 'prompt_eval_duration': 447599204, 'eval_count': 2, 'eval_duration': 4442734}
Response: Well
Analyzing frame 49/66: q_9_main_1_30fps_frame0014.png
Prompt: Given the human reaction shown in the image, do you think the situation observed by that human ends well or poorly? (Use only one word -- well or poorly -- to answer)
Image size: 8028 bytes
Response status code: 200
{'model': 'deepseek-ocr:3b', 'created_at': '2025-12-08T06:01:13.736700459Z', 'message': {'role': 'assistant', 'content': 'Well'}, 'done': True, 'done_reason': 'stop', 'total_duration': 12698047176, 'load_duration': 11506374188, 'prompt_eval_count': 520, 'prompt_eval_duration': 449759688, 'eval_count': 2, 'eval_duration': 4456879}
Response: Well
Analyzing frame 50/66: q_9_main_1_30fps_frame0029.png
Prompt: Given the human reaction shown in the image, do you think the situation observed by that human ends well or poorly? (Use only one word -- well or poorly -- to answer)
Image size: 8060 bytes
Response status code: 200
{'model': 'deepseek-ocr:3b', 'created_at': '2025-12-08T06:01:25.559332184Z', 'message': {'role': 'assistant', 'content': 'Well'}, 'done': True, 'done_reason': 'stop', 'total_duration': 10764704368, 'load_duration': 9524484931, 'prompt_eval_count': 520, 'prompt_eval_duration': 421639484, 'eval_count': 2, 'eval_duration': 4178241}
Response: Well
Analyzing frame 51/66: q_9_main_1_30fps_frame0044.png
Prompt: Given the human reaction shown in the image, do you think the situation observed by that human ends well or poorly? (Use only one word -- well or poorly -- to answer)
Image size: 7992 bytes
Response status code: 200
{'model': 'deepseek-ocr:3b', 'created_at': '2025-12-08T06:01:36.449657979Z', 'message': {'role': 'assistant', 'content': 'Well'}, 'done': True, 'done_reason': 'stop', 'total_duration': 9840358462, 'load_duration': 8679123241, 'prompt_eval_count': 520, 'prompt_eval_duration': 422178272, 'eval_count': 2, 'eval_duration': 4215991}
Response: Well
Analyzing frame 52/66: q_9_main_1_30fps_frame0059.png
Prompt: Given the human reaction shown in the image, do you think the situation observed by that human ends well or poorly? (Use only one word -- well or poorly -- to answer)
Image size: 8092 bytes
Response status code: 200
{'model': 'deepseek-ocr:3b', 'created_at': '2025-12-08T06:01:47.291556295Z', 'message': {'role': 'assistant', 'content': ' Well'}, 'done': True, 'done_reason': 'stop', 'total_duration': 9775115895, 'load_duration': 8593155725, 'prompt_eval_count': 520, 'prompt_eval_duration': 434708210, 'eval_count': 2, 'eval_duration': 4195726}
Response: Well
Analyzing frame 53/66: q_9_main_1_30fps_frame0074.png
Prompt: Given the human reaction shown in the image, do you think the situation observed by that human ends well or poorly? (Use only one word -- well or poorly -- to answer)
Image size: 7980 bytes
Response status code: 200
{'model': 'deepseek-ocr:3b', 'created_at': '2025-12-08T06:01:58.420207352Z', 'message': {'role': 'assistant', 'content': 'Well'}, 'done': True, 'done_reason': 'stop', 'total_duration': 10073185035, 'load_duration': 8890834601, 'prompt_eval_count': 520, 'prompt_eval_duration': 422558441, 'eval_count': 2, 'eval_duration': 4213490}
Response: Well
Analyzing frame 54/66: q_9_main_1_30fps_frame0089.png
Prompt: Given the human reaction shown in the image, do you think the situation observed by that human ends well or poorly? (Use only one word -- well or poorly -- to answer)
Image size: 8092 bytes
Response status code: 200
{'model': 'deepseek-ocr:3b', 'created_at': '2025-12-08T06:02:11.219659684Z', 'message': {'role': 'assistant', 'content': 'Well'}, 'done': True, 'done_reason': 'stop', 'total_duration': 11749926523, 'load_duration': 10549474468, 'prompt_eval_count': 520, 'prompt_eval_duration': 428032616, 'eval_count': 2, 'eval_duration': 4234437}
Response: Well
Analyzing frame 55/66: q_warmup_4_main_0_30fps_frame0014.png
Prompt: Given the human reaction shown in the image, do you think the situation observed by that human ends well or poorly? (Use only one word -- well or poorly -- to answer)
Image size: 9008 bytes
Response status code: 200
{'model': 'deepseek-ocr:3b', 'created_at': '2025-12-08T06:02:29.206047397Z', 'message': {'role': 'assistant', 'content': 'Well'}, 'done': True, 'done_reason': 'stop', 'total_duration': 16927982296, 'load_duration': 15730352190, 'prompt_eval_count': 520, 'prompt_eval_duration': 421311270, 'eval_count': 2, 'eval_duration': 4171522}
Response: Well
Analyzing frame 56/66: q_warmup_4_main_0_30fps_frame0029.png
Prompt: Given the human reaction shown in the image, do you think the situation observed by that human ends well or poorly? (Use only one word -- well or poorly -- to answer)
Image size: 8976 bytes
Response status code: 200
{'model': 'deepseek-ocr:3b', 'created_at': '2025-12-08T06:02:43.146810161Z', 'message': {'role': 'assistant', 'content': 'Well'}, 'done': True, 'done_reason': 'stop', 'total_duration': 12881298762, 'load_duration': 11678810955, 'prompt_eval_count': 520, 'prompt_eval_duration': 420555090, 'eval_count': 2, 'eval_duration': 4209429}
Response: Well
Analyzing frame 57/66: q_warmup_4_main_0_30fps_frame0044.png
Prompt: Given the human reaction shown in the image, do you think the situation observed by that human ends well or poorly? (Use only one word -- well or poorly -- to answer)
Image size: 8996 bytes
Response status code: 200
{'model': 'deepseek-ocr:3b', 'created_at': '2025-12-08T06:02:56.689047828Z', 'message': {'role': 'assistant', 'content': 'Well'}, 'done': True, 'done_reason': 'stop', 'total_duration': 12478340637, 'load_duration': 11318264797, 'prompt_eval_count': 520, 'prompt_eval_duration': 425379462, 'eval_count': 2, 'eval_duration': 4299516}
Response: Well
Analyzing frame 58/66: q_warmup_4_main_0_30fps_frame0059.png
Prompt: Given the human reaction shown in the image, do you think the situation observed by that human ends well or poorly? (Use only one word -- well or poorly -- to answer)
Image size: 8936 bytes
Response status code: 200
{'model': 'deepseek-ocr:3b', 'created_at': '2025-12-08T06:03:11.691906367Z', 'message': {'role': 'assistant', 'content': 'Well'}, 'done': True, 'done_reason': 'stop', 'total_duration': 13940191491, 'load_duration': 12761058692, 'prompt_eval_count': 520, 'prompt_eval_duration': 418882624, 'eval_count': 2, 'eval_duration': 4175176}
Response: Well
Analyzing frame 59/66: q_warmup_4_main_0_30fps_frame0074.png
Prompt: Given the human reaction shown in the image, do you think the situation observed by that human ends well or poorly? (Use only one word -- well or poorly -- to answer)
Image size: 8928 bytes
Response status code: 200
{'model': 'deepseek-ocr:3b', 'created_at': '2025-12-08T06:03:24.738765044Z', 'message': {'role': 'assistant', 'content': 'Well'}, 'done': True, 'done_reason': 'stop', 'total_duration': 11988920804, 'load_duration': 10816777667, 'prompt_eval_count': 520, 'prompt_eval_duration': 423115285, 'eval_count': 2, 'eval_duration': 4171741}
Response: Well
Analyzing frame 60/66: q_warmup_4_main_0_30fps_frame0089.png
Prompt: Given the human reaction shown in the image, do you think the situation observed by that human ends well or poorly? (Use only one word -- well or poorly -- to answer)
Image size: 8900 bytes
Response status code: 200
{'model': 'deepseek-ocr:3b', 'created_at': '2025-12-08T06:03:36.910090512Z', 'message': {'role': 'assistant', 'content': ' Well'}, 'done': True, 'done_reason': 'stop', 'total_duration': 11122709709, 'load_duration': 9955329783, 'prompt_eval_count': 520, 'prompt_eval_duration': 422787909, 'eval_count': 2, 'eval_duration': 4222841}
Response: Well
Analyzing frame 61/66: q_warmup_5_main_1_30fps_frame0015.png
Prompt: Given the human reaction shown in the image, do you think the situation observed by that human ends well or poorly? (Use only one word -- well or poorly -- to answer)
Image size: 9368 bytes
Response status code: 200
{'model': 'deepseek-ocr:3b', 'created_at': '2025-12-08T06:03:49.452774886Z', 'message': {'role': 'assistant', 'content': 'Well'}, 'done': True, 'done_reason': 'stop', 'total_duration': 11513529428, 'load_duration': 10312938824, 'prompt_eval_count': 520, 'prompt_eval_duration': 420463392, 'eval_count': 2, 'eval_duration': 4190718}
Response: Well
Analyzing frame 62/66: q_warmup_5_main_1_30fps_frame0030.png
Prompt: Given the human reaction shown in the image, do you think the situation observed by that human ends well or poorly? (Use only one word -- well or poorly -- to answer)
Image size: 9380 bytes
Response status code: 200
{'model': 'deepseek-ocr:3b', 'created_at': '2025-12-08T06:04:02.769116367Z', 'message': {'role': 'assistant', 'content': 'Well'}, 'done': True, 'done_reason': 'stop', 'total_duration': 12255246324, 'load_duration': 11039304919, 'prompt_eval_count': 520, 'prompt_eval_duration': 425503089, 'eval_count': 2, 'eval_duration': 4201377}
Response: Well
Analyzing frame 63/66: q_warmup_5_main_1_30fps_frame0045.png
Prompt: Given the human reaction shown in the image, do you think the situation observed by that human ends well or poorly? (Use only one word -- well or poorly -- to answer)
Image size: 9328 bytes
Response status code: 200
{'model': 'deepseek-ocr:3b', 'created_at': '2025-12-08T06:04:18.483849585Z', 'message': {'role': 'assistant', 'content': 'Well'}, 'done': True, 'done_reason': 'stop', 'total_duration': 14670468627, 'load_duration': 13463196387, 'prompt_eval_count': 520, 'prompt_eval_duration': 419568918, 'eval_count': 2, 'eval_duration': 4170565}
Response: Well
Analyzing frame 64/66: q_warmup_5_main_1_30fps_frame0060.png
Prompt: Given the human reaction shown in the image, do you think the situation observed by that human ends well or poorly? (Use only one word -- well or poorly -- to answer)
Image size: 9332 bytes
Response status code: 200
{'model': 'deepseek-ocr:3b', 'created_at': '2025-12-08T06:04:35.812013198Z', 'message': {'role': 'assistant', 'content': 'Well'}, 'done': True, 'done_reason': 'stop', 'total_duration': 16266138481, 'load_duration': 15064414197, 'prompt_eval_count': 520, 'prompt_eval_duration': 420517644, 'eval_count': 2, 'eval_duration': 4163810}
Response: Well
Analyzing frame 65/66: q_warmup_5_main_1_30fps_frame0075.png
Prompt: Given the human reaction shown in the image, do you think the situation observed by that human ends well or poorly? (Use only one word -- well or poorly -- to answer)
Image size: 9348 bytes
Response status code: 200
{'model': 'deepseek-ocr:3b', 'created_at': '2025-12-08T06:04:53.428785608Z', 'message': {'role': 'assistant', 'content': 'Well'}, 'done': True, 'done_reason': 'stop', 'total_duration': 16562793917, 'load_duration': 15392016499, 'prompt_eval_count': 520, 'prompt_eval_duration': 419815929, 'eval_count': 2, 'eval_duration': 4213170}
Response: Well
Analyzing frame 66/66: q_warmup_5_main_1_30fps_frame0090.png
Prompt: Given the human reaction shown in the image, do you think the situation observed by that human ends well or poorly? (Use only one word -- well or poorly -- to answer)
Image size: 9272 bytes
Response status code: 200
{'model': 'deepseek-ocr:3b', 'created_at': '2025-12-08T06:05:12.851005458Z', 'message': {'role': 'assistant', 'content': ' Well'}, 'done': True, 'done_reason': 'stop', 'total_duration': 18372456872, 'load_duration': 17227178954, 'prompt_eval_count': 520, 'prompt_eval_duration': 409710481, 'eval_count': 2, 'eval_duration': 4226993}
Response: Well
Processed 66 frames for participant 2698

Results saved to ./results/results_deepseek-ocr_3s.csv
Total frames in CSV: 3672

==================================================
Processing participant 5/27: 2946

Processing participant: 2946
Found 48 unprocessed frames for this participant
Analyzing frame 1/48: q_10_main_0_30fps_frame0014.png
Prompt: Given the human reaction shown in the image, do you think the situation observed by that human ends well or poorly? (Use only one word -- well or poorly -- to answer)
Image size: 9436 bytes
Response status code: 200
{'model': 'deepseek-ocr:3b', 'created_at': '2025-12-08T06:05:28.519646586Z', 'message': {'role': 'assistant', 'content': 'Well'}, 'done': True, 'done_reason': 'stop', 'total_duration': 14573816762, 'load_duration': 13370397970, 'prompt_eval_count': 520, 'prompt_eval_duration': 428303378, 'eval_count': 2, 'eval_duration': 4296753}
Response: Well
Analyzing frame 2/48: q_10_main_0_30fps_frame0029.png
Prompt: Given the human reaction shown in the image, do you think the situation observed by that human ends well or poorly? (Use only one word -- well or poorly -- to answer)
Image size: 9400 bytes
Response status code: 200
{'model': 'deepseek-ocr:3b', 'created_at': '2025-12-08T06:05:41.138475239Z', 'message': {'role': 'assistant', 'content': 'Well'}, 'done': True, 'done_reason': 'stop', 'total_duration': 11576100611, 'load_duration': 10355578633, 'prompt_eval_count': 520, 'prompt_eval_duration': 421711612, 'eval_count': 2, 'eval_duration': 4178299}
Response: Well
Analyzing frame 3/48: q_10_main_0_30fps_frame0044.png
Prompt: Given the human reaction shown in the image, do you think the situation observed by that human ends well or poorly? (Use only one word -- well or poorly -- to answer)
Image size: 9440 bytes
Response status code: 200
{'model': 'deepseek-ocr:3b', 'created_at': '2025-12-08T06:05:52.645577824Z', 'message': {'role': 'assistant', 'content': 'Well'}, 'done': True, 'done_reason': 'stop', 'total_duration': 10446761060, 'load_duration': 9261366131, 'prompt_eval_count': 520, 'prompt_eval_duration': 422184928, 'eval_count': 2, 'eval_duration': 4222856}
Response: Well
Analyzing frame 4/48: q_10_main_0_30fps_frame0059.png
Prompt: Given the human reaction shown in the image, do you think the situation observed by that human ends well or poorly? (Use only one word -- well or poorly -- to answer)
Image size: 9512 bytes
Response status code: 200
{'model': 'deepseek-ocr:3b', 'created_at': '2025-12-08T06:06:04.576640489Z', 'message': {'role': 'assistant', 'content': 'Well'}, 'done': True, 'done_reason': 'stop', 'total_duration': 10867503504, 'load_duration': 9739519526, 'prompt_eval_count': 520, 'prompt_eval_duration': 423041693, 'eval_count': 2, 'eval_duration': 4840735}
Response: Well
Analyzing frame 5/48: q_10_main_0_30fps_frame0074.png
Prompt: Given the human reaction shown in the image, do you think the situation observed by that human ends well or poorly? (Use only one word -- well or poorly -- to answer)
Image size: 9448 bytes
Response status code: 200
{'model': 'deepseek-ocr:3b', 'created_at': '2025-12-08T06:06:17.214471057Z', 'message': {'role': 'assistant', 'content': 'Well'}, 'done': True, 'done_reason': 'stop', 'total_duration': 11588731757, 'load_duration': 10399789303, 'prompt_eval_count': 520, 'prompt_eval_duration': 429643741, 'eval_count': 2, 'eval_duration': 4289098}
Response: Well
Analyzing frame 6/48: q_10_main_0_30fps_frame0089.png
Prompt: Given the human reaction shown in the image, do you think the situation observed by that human ends well or poorly? (Use only one word -- well or poorly -- to answer)
Image size: 9488 bytes
Response status code: 200
{'model': 'deepseek-ocr:3b', 'created_at': '2025-12-08T06:06:27.032993951Z', 'message': {'role': 'assistant', 'content': 'Well'}, 'done': True, 'done_reason': 'stop', 'total_duration': 8763358041, 'load_duration': 7562430130, 'prompt_eval_count': 520, 'prompt_eval_duration': 483789866, 'eval_count': 2, 'eval_duration': 4215847}
Response: Well
Analyzing frame 7/48: q_13_main_0_30fps_frame0014.png
Prompt: Given the human reaction shown in the image, do you think the situation observed by that human ends well or poorly? (Use only one word -- well or poorly -- to answer)
Image size: 9376 bytes
Response status code: 200
{'model': 'deepseek-ocr:3b', 'created_at': '2025-12-08T06:06:40.353552329Z', 'message': {'role': 'assistant', 'content': 'Well'}, 'done': True, 'done_reason': 'stop', 'total_duration': 12264242833, 'load_duration': 10950740026, 'prompt_eval_count': 520, 'prompt_eval_duration': 411488004, 'eval_count': 2, 'eval_duration': 4314017}
Response: Well
Analyzing frame 8/48: q_13_main_0_30fps_frame0029.png
Prompt: Given the human reaction shown in the image, do you think the situation observed by that human ends well or poorly? (Use only one word -- well or poorly -- to answer)
Image size: 9368 bytes
Response status code: 200
{'model': 'deepseek-ocr:3b', 'created_at': '2025-12-08T06:06:51.400709201Z', 'message': {'role': 'assistant', 'content': 'Well'}, 'done': True, 'done_reason': 'stop', 'total_duration': 9989523309, 'load_duration': 8804593647, 'prompt_eval_count': 520, 'prompt_eval_duration': 423746399, 'eval_count': 2, 'eval_duration': 4258955}
Response: Well
Analyzing frame 9/48: q_13_main_0_30fps_frame0044.png
Prompt: Given the human reaction shown in the image, do you think the situation observed by that human ends well or poorly? (Use only one word -- well or poorly -- to answer)
Image size: 9564 bytes
Response status code: 200
{'model': 'deepseek-ocr:3b', 'created_at': '2025-12-08T06:07:02.042629986Z', 'message': {'role': 'assistant', 'content': 'Well'}, 'done': True, 'done_reason': 'stop', 'total_duration': 9583646164, 'load_duration': 8423354321, 'prompt_eval_count': 520, 'prompt_eval_duration': 435705545, 'eval_count': 2, 'eval_duration': 4364149}
Response: Well
Analyzing frame 10/48: q_13_main_0_30fps_frame0059.png
Prompt: Given the human reaction shown in the image, do you think the situation observed by that human ends well or poorly? (Use only one word -- well or poorly -- to answer)
Image size: 9528 bytes
Response status code: 200
{'model': 'deepseek-ocr:3b', 'created_at': '2025-12-08T06:07:11.924979958Z', 'message': {'role': 'assistant', 'content': 'Well'}, 'done': True, 'done_reason': 'stop', 'total_duration': 8826018763, 'load_duration': 7580437976, 'prompt_eval_count': 520, 'prompt_eval_duration': 422216081, 'eval_count': 2, 'eval_duration': 4214079}
Response: Well
Analyzing frame 11/48: q_13_main_0_30fps_frame0074.png
Prompt: Given the human reaction shown in the image, do you think the situation observed by that human ends well or poorly? (Use only one word -- well or poorly -- to answer)
Image size: 9576 bytes
Response status code: 200
{'model': 'deepseek-ocr:3b', 'created_at': '2025-12-08T06:07:24.484688214Z', 'message': {'role': 'assistant', 'content': 'Well'}, 'done': True, 'done_reason': 'stop', 'total_duration': 11530756118, 'load_duration': 10355803934, 'prompt_eval_count': 520, 'prompt_eval_duration': 425167326, 'eval_count': 2, 'eval_duration': 4503815}
Response: Well
Analyzing frame 12/48: q_13_main_0_30fps_frame0089.png
Prompt: Given the human reaction shown in the image, do you think the situation observed by that human ends well or poorly? (Use only one word -- well or poorly -- to answer)
Image size: 9552 bytes
Response status code: 200
{'model': 'deepseek-ocr:3b', 'created_at': '2025-12-08T06:07:34.140117161Z', 'message': {'role': 'assistant', 'content': 'Well'}, 'done': True, 'done_reason': 'stop', 'total_duration': 8594583224, 'load_duration': 7394002378, 'prompt_eval_count': 520, 'prompt_eval_duration': 426284615, 'eval_count': 2, 'eval_duration': 4205794}
Response: Well
Analyzing frame 13/48: q_1_main_0_30fps_frame0013.png
Prompt: Given the human reaction shown in the image, do you think the situation observed by that human ends well or poorly? (Use only one word -- well or poorly -- to answer)
Image size: 9412 bytes
Response status code: 200
{'model': 'deepseek-ocr:3b', 'created_at': '2025-12-08T06:07:44.343083555Z', 'message': {'role': 'assistant', 'content': 'Well'}, 'done': True, 'done_reason': 'stop', 'total_duration': 9149740772, 'load_duration': 7959322666, 'prompt_eval_count': 520, 'prompt_eval_duration': 419864254, 'eval_count': 2, 'eval_duration': 4181390}
Response: Well
Analyzing frame 14/48: q_1_main_0_30fps_frame0028.png
Prompt: Given the human reaction shown in the image, do you think the situation observed by that human ends well or poorly? (Use only one word -- well or poorly -- to answer)
Image size: 9408 bytes
Response status code: 200
{'model': 'deepseek-ocr:3b', 'created_at': '2025-12-08T06:07:58.138429113Z', 'message': {'role': 'assistant', 'content': 'Well'}, 'done': True, 'done_reason': 'stop', 'total_duration': 12755409941, 'load_duration': 11568677568, 'prompt_eval_count': 520, 'prompt_eval_duration': 426572088, 'eval_count': 2, 'eval_duration': 4201960}
Response: Well
Analyzing frame 15/48: q_1_main_0_30fps_frame0043.png
Prompt: Given the human reaction shown in the image, do you think the situation observed by that human ends well or poorly? (Use only one word -- well or poorly -- to answer)
Image size: 9368 bytes
Response status code: 200
{'model': 'deepseek-ocr:3b', 'created_at': '2025-12-08T06:08:07.605090477Z', 'message': {'role': 'assistant', 'content': 'Well'}, 'done': True, 'done_reason': 'stop', 'total_duration': 8407110677, 'load_duration': 7236782486, 'prompt_eval_count': 520, 'prompt_eval_duration': 424301800, 'eval_count': 2, 'eval_duration': 4195073}
Response: Well
Analyzing frame 16/48: q_1_main_0_30fps_frame0058.png
Prompt: Given the human reaction shown in the image, do you think the situation observed by that human ends well or poorly? (Use only one word -- well or poorly -- to answer)
Image size: 9332 bytes
Response status code: 200
{'model': 'deepseek-ocr:3b', 'created_at': '2025-12-08T06:08:18.040450316Z', 'message': {'role': 'assistant', 'content': 'Well'}, 'done': True, 'done_reason': 'stop', 'total_duration': 9388100071, 'load_duration': 8210097926, 'prompt_eval_count': 520, 'prompt_eval_duration': 431165380, 'eval_count': 2, 'eval_duration': 4205691}
Response: Well
Analyzing frame 17/48: q_1_main_0_30fps_frame0073.png
Prompt: Given the human reaction shown in the image, do you think the situation observed by that human ends well or poorly? (Use only one word -- well or poorly -- to answer)
Image size: 9324 bytes
Response status code: 200
{'model': 'deepseek-ocr:3b', 'created_at': '2025-12-08T06:08:30.774957121Z', 'message': {'role': 'assistant', 'content': 'Well'}, 'done': True, 'done_reason': 'stop', 'total_duration': 11705288273, 'load_duration': 10505976783, 'prompt_eval_count': 520, 'prompt_eval_duration': 423948632, 'eval_count': 2, 'eval_duration': 4195560}
Response: Well
Analyzing frame 18/48: q_1_main_0_30fps_frame0088.png
Prompt: Given the human reaction shown in the image, do you think the situation observed by that human ends well or poorly? (Use only one word -- well or poorly -- to answer)
Image size: 9300 bytes
Response status code: 200
{'model': 'deepseek-ocr:3b', 'created_at': '2025-12-08T06:08:40.989371075Z', 'message': {'role': 'assistant', 'content': 'Well'}, 'done': True, 'done_reason': 'stop', 'total_duration': 9163025873, 'load_duration': 8016316963, 'prompt_eval_count': 520, 'prompt_eval_duration': 424737669, 'eval_count': 2, 'eval_duration': 4193846}
Response: Well
Analyzing frame 19/48: q_26_main_0_30fps_frame0013.png
Prompt: Given the human reaction shown in the image, do you think the situation observed by that human ends well or poorly? (Use only one word -- well or poorly -- to answer)
Image size: 9264 bytes
Response status code: 200
{'model': 'deepseek-ocr:3b', 'created_at': '2025-12-08T06:08:51.432296071Z', 'message': {'role': 'assistant', 'content': 'Well'}, 'done': True, 'done_reason': 'stop', 'total_duration': 9376461393, 'load_duration': 8225859850, 'prompt_eval_count': 520, 'prompt_eval_duration': 424661975, 'eval_count': 2, 'eval_duration': 4191552}
Response: Well
Analyzing frame 20/48: q_26_main_0_30fps_frame0028.png
Prompt: Given the human reaction shown in the image, do you think the situation observed by that human ends well or poorly? (Use only one word -- well or poorly -- to answer)
Image size: 9260 bytes
Response status code: 200
{'model': 'deepseek-ocr:3b', 'created_at': '2025-12-08T06:09:02.697482318Z', 'message': {'role': 'assistant', 'content': 'Well'}, 'done': True, 'done_reason': 'stop', 'total_duration': 10218575648, 'load_duration': 9067880435, 'prompt_eval_count': 520, 'prompt_eval_duration': 422781059, 'eval_count': 2, 'eval_duration': 4358377}
Response: Well
Analyzing frame 21/48: q_26_main_0_30fps_frame0043.png
Prompt: Given the human reaction shown in the image, do you think the situation observed by that human ends well or poorly? (Use only one word -- well or poorly -- to answer)
Image size: 9340 bytes
Response status code: 200
{'model': 'deepseek-ocr:3b', 'created_at': '2025-12-08T06:09:15.673861559Z', 'message': {'role': 'assistant', 'content': 'Well'}, 'done': True, 'done_reason': 'stop', 'total_duration': 11948788475, 'load_duration': 10776314237, 'prompt_eval_count': 520, 'prompt_eval_duration': 436050728, 'eval_count': 2, 'eval_duration': 4211169}
Response: Well
Analyzing frame 22/48: q_26_main_0_30fps_frame0058.png
Prompt: Given the human reaction shown in the image, do you think the situation observed by that human ends well or poorly? (Use only one word -- well or poorly -- to answer)
Image size: 9424 bytes
Response status code: 200
{'model': 'deepseek-ocr:3b', 'created_at': '2025-12-08T06:09:29.062989805Z', 'message': {'role': 'assistant', 'content': 'Well'}, 'done': True, 'done_reason': 'stop', 'total_duration': 12322251880, 'load_duration': 11209977309, 'prompt_eval_count': 520, 'prompt_eval_duration': 415033487, 'eval_count': 2, 'eval_duration': 4221574}
Response: Well
Analyzing frame 23/48: q_26_main_0_30fps_frame0073.png
Prompt: Given the human reaction shown in the image, do you think the situation observed by that human ends well or poorly? (Use only one word -- well or poorly -- to answer)
Image size: 9504 bytes
Response status code: 200
{'model': 'deepseek-ocr:3b', 'created_at': '2025-12-08T06:09:40.089234535Z', 'message': {'role': 'assistant', 'content': 'Well'}, 'done': True, 'done_reason': 'stop', 'total_duration': 9959711231, 'load_duration': 8756090400, 'prompt_eval_count': 520, 'prompt_eval_duration': 430061058, 'eval_count': 2, 'eval_duration': 4193583}
Response: Well
Analyzing frame 24/48: q_26_main_0_30fps_frame0088.png
Prompt: Given the human reaction shown in the image, do you think the situation observed by that human ends well or poorly? (Use only one word -- well or poorly -- to answer)
Image size: 9416 bytes
Response status code: 200
{'model': 'deepseek-ocr:3b', 'created_at': '2025-12-08T06:09:51.776687286Z', 'message': {'role': 'assistant', 'content': 'Well'}, 'done': True, 'done_reason': 'stop', 'total_duration': 10653113855, 'load_duration': 9448057278, 'prompt_eval_count': 520, 'prompt_eval_duration': 442149933, 'eval_count': 2, 'eval_duration': 6466247}
Response: Well
Analyzing frame 25/48: q_30_main_0_30fps_frame0014.png
Prompt: Given the human reaction shown in the image, do you think the situation observed by that human ends well or poorly? (Use only one word -- well or poorly -- to answer)
Image size: 9352 bytes
Response status code: 200
{'model': 'deepseek-ocr:3b', 'created_at': '2025-12-08T06:10:03.133636231Z', 'message': {'role': 'assistant', 'content': 'Well'}, 'done': True, 'done_reason': 'stop', 'total_duration': 10296582812, 'load_duration': 9052469261, 'prompt_eval_count': 520, 'prompt_eval_duration': 449911722, 'eval_count': 2, 'eval_duration': 4426083}
Response: Well
Analyzing frame 26/48: q_30_main_0_30fps_frame0029.png
Prompt: Given the human reaction shown in the image, do you think the situation observed by that human ends well or poorly? (Use only one word -- well or poorly -- to answer)
Image size: 9412 bytes
Response status code: 200
{'model': 'deepseek-ocr:3b', 'created_at': '2025-12-08T06:10:17.21598829Z', 'message': {'role': 'assistant', 'content': 'Well'}, 'done': True, 'done_reason': 'stop', 'total_duration': 13012369880, 'load_duration': 11826432277, 'prompt_eval_count': 520, 'prompt_eval_duration': 432726939, 'eval_count': 2, 'eval_duration': 4209550}
Response: Well
Analyzing frame 27/48: q_30_main_0_30fps_frame0044.png
Prompt: Given the human reaction shown in the image, do you think the situation observed by that human ends well or poorly? (Use only one word -- well or poorly -- to answer)
Image size: 9536 bytes
Response status code: 200
{'model': 'deepseek-ocr:3b', 'created_at': '2025-12-08T06:10:28.148502359Z', 'message': {'role': 'assistant', 'content': 'Well'}, 'done': True, 'done_reason': 'stop', 'total_duration': 9865740256, 'load_duration': 8692011956, 'prompt_eval_count': 520, 'prompt_eval_duration': 428089622, 'eval_count': 2, 'eval_duration': 4194160}
Response: Well
Analyzing frame 28/48: q_30_main_0_30fps_frame0059.png
Prompt: Given the human reaction shown in the image, do you think the situation observed by that human ends well or poorly? (Use only one word -- well or poorly -- to answer)
Image size: 9480 bytes
Response status code: 200
{'model': 'deepseek-ocr:3b', 'created_at': '2025-12-08T06:10:41.932900784Z', 'message': {'role': 'assistant', 'content': 'Well'}, 'done': True, 'done_reason': 'stop', 'total_duration': 12753899142, 'load_duration': 11591033017, 'prompt_eval_count': 520, 'prompt_eval_duration': 422236395, 'eval_count': 2, 'eval_duration': 4231561}
Response: Well
Analyzing frame 29/48: q_30_main_0_30fps_frame0074.png
Prompt: Given the human reaction shown in the image, do you think the situation observed by that human ends well or poorly? (Use only one word -- well or poorly -- to answer)
Image size: 9532 bytes
Response status code: 200
{'model': 'deepseek-ocr:3b', 'created_at': '2025-12-08T06:10:54.594547255Z', 'message': {'role': 'assistant', 'content': 'Well'}, 'done': True, 'done_reason': 'stop', 'total_duration': 11598924904, 'load_duration': 10386103146, 'prompt_eval_count': 520, 'prompt_eval_duration': 430409047, 'eval_count': 2, 'eval_duration': 4186930}
Response: Well
Analyzing frame 30/48: q_30_main_0_30fps_frame0089.png
Prompt: Given the human reaction shown in the image, do you think the situation observed by that human ends well or poorly? (Use only one word -- well or poorly -- to answer)
Image size: 9484 bytes
Response status code: 200
{'model': 'deepseek-ocr:3b', 'created_at': '2025-12-08T06:11:08.398751325Z', 'message': {'role': 'assistant', 'content': 'Well'}, 'done': True, 'done_reason': 'stop', 'total_duration': 12747111584, 'load_duration': 11569777564, 'prompt_eval_count': 520, 'prompt_eval_duration': 425694940, 'eval_count': 2, 'eval_duration': 4198707}
Response: Well
Analyzing frame 31/48: q_5_main_0_30fps_frame0014.png
Prompt: Given the human reaction shown in the image, do you think the situation observed by that human ends well or poorly? (Use only one word -- well or poorly -- to answer)
Image size: 9560 bytes
Response status code: 200
{'model': 'deepseek-ocr:3b', 'created_at': '2025-12-08T06:11:18.334332962Z', 'message': {'role': 'assistant', 'content': 'Well'}, 'done': True, 'done_reason': 'stop', 'total_duration': 8872933978, 'load_duration': 7716015673, 'prompt_eval_count': 520, 'prompt_eval_duration': 412968190, 'eval_count': 2, 'eval_duration': 4215492}
Response: Well
Analyzing frame 32/48: q_5_main_0_30fps_frame0029.png
Prompt: Given the human reaction shown in the image, do you think the situation observed by that human ends well or poorly? (Use only one word -- well or poorly -- to answer)
Image size: 9592 bytes
Response status code: 200
{'model': 'deepseek-ocr:3b', 'created_at': '2025-12-08T06:11:36.489203679Z', 'message': {'role': 'assistant', 'content': 'Well'}, 'done': True, 'done_reason': 'stop', 'total_duration': 17119223548, 'load_duration': 15925806904, 'prompt_eval_count': 520, 'prompt_eval_duration': 432045300, 'eval_count': 2, 'eval_duration': 4257996}
Response: Well
Analyzing frame 33/48: q_5_main_0_30fps_frame0044.png
Prompt: Given the human reaction shown in the image, do you think the situation observed by that human ends well or poorly? (Use only one word -- well or poorly -- to answer)
Image size: 9496 bytes
Response status code: 200
{'model': 'deepseek-ocr:3b', 'created_at': '2025-12-08T06:11:49.876277017Z', 'message': {'role': 'assistant', 'content': 'Well'}, 'done': True, 'done_reason': 'stop', 'total_duration': 12332883578, 'load_duration': 11139181464, 'prompt_eval_count': 520, 'prompt_eval_duration': 425417943, 'eval_count': 2, 'eval_duration': 4197662}
Response: Well
Analyzing frame 34/48: q_5_main_0_30fps_frame0059.png
Prompt: Given the human reaction shown in the image, do you think the situation observed by that human ends well or poorly? (Use only one word -- well or poorly -- to answer)
Image size: 9484 bytes
Response status code: 200
{'model': 'deepseek-ocr:3b', 'created_at': '2025-12-08T06:12:03.386435731Z', 'message': {'role': 'assistant', 'content': 'Well'}, 'done': True, 'done_reason': 'stop', 'total_duration': 12445749009, 'load_duration': 11206767019, 'prompt_eval_count': 520, 'prompt_eval_duration': 436285191, 'eval_count': 2, 'eval_duration': 4200263}
Response: Well
Analyzing frame 35/48: q_5_main_0_30fps_frame0074.png
Prompt: Given the human reaction shown in the image, do you think the situation observed by that human ends well or poorly? (Use only one word -- well or poorly -- to answer)
Image size: 9484 bytes
Response status code: 200
{'model': 'deepseek-ocr:3b', 'created_at': '2025-12-08T06:12:17.593206561Z', 'message': {'role': 'assistant', 'content': 'Well'}, 'done': True, 'done_reason': 'stop', 'total_duration': 13144748017, 'load_duration': 11950022929, 'prompt_eval_count': 520, 'prompt_eval_duration': 421363914, 'eval_count': 2, 'eval_duration': 4182877}
Response: Well
Analyzing frame 36/48: q_5_main_0_30fps_frame0089.png
Prompt: Given the human reaction shown in the image, do you think the situation observed by that human ends well or poorly? (Use only one word -- well or poorly -- to answer)
Image size: 9600 bytes
Response status code: 200
{'model': 'deepseek-ocr:3b', 'created_at': '2025-12-08T06:12:32.34325574Z', 'message': {'role': 'assistant', 'content': 'Well'}, 'done': True, 'done_reason': 'stop', 'total_duration': 13697299201, 'load_duration': 12451617595, 'prompt_eval_count': 520, 'prompt_eval_duration': 480029249, 'eval_count': 2, 'eval_duration': 4202681}
Response: Well
Analyzing frame 37/48: q_6_main_1_30fps_frame0015.png
Prompt: Given the human reaction shown in the image, do you think the situation observed by that human ends well or poorly? (Use only one word -- well or poorly -- to answer)
Image size: 9584 bytes
Response status code: 200
{'model': 'deepseek-ocr:3b', 'created_at': '2025-12-08T06:12:47.138036167Z', 'message': {'role': 'assistant', 'content': 'Well'}, 'done': True, 'done_reason': 'stop', 'total_duration': 13737150056, 'load_duration': 12559925626, 'prompt_eval_count': 520, 'prompt_eval_duration': 429727649, 'eval_count': 2, 'eval_duration': 4536383}
Response: Well
Analyzing frame 38/48: q_6_main_1_30fps_frame0030.png
Prompt: Given the human reaction shown in the image, do you think the situation observed by that human ends well or poorly? (Use only one word -- well or poorly -- to answer)
Image size: 9588 bytes
Response status code: 200
{'model': 'deepseek-ocr:3b', 'created_at': '2025-12-08T06:12:57.333535095Z', 'message': {'role': 'assistant', 'content': 'Well'}, 'done': True, 'done_reason': 'stop', 'total_duration': 9133552299, 'load_duration': 7911808571, 'prompt_eval_count': 520, 'prompt_eval_duration': 434541885, 'eval_count': 2, 'eval_duration': 4196914}
Response: Well
Analyzing frame 39/48: q_6_main_1_30fps_frame0045.png
Prompt: Given the human reaction shown in the image, do you think the situation observed by that human ends well or poorly? (Use only one word -- well or poorly -- to answer)
Image size: 9772 bytes
Response status code: 200
{'model': 'deepseek-ocr:3b', 'created_at': '2025-12-08T06:13:11.518200799Z', 'message': {'role': 'assistant', 'content': 'Well'}, 'done': True, 'done_reason': 'stop', 'total_duration': 13157106425, 'load_duration': 11841955086, 'prompt_eval_count': 520, 'prompt_eval_duration': 493039442, 'eval_count': 2, 'eval_duration': 4187112}
Response: Well
Analyzing frame 40/48: q_6_main_1_30fps_frame0060.png
Prompt: Given the human reaction shown in the image, do you think the situation observed by that human ends well or poorly? (Use only one word -- well or poorly -- to answer)
Image size: 9556 bytes
Response status code: 200
{'model': 'deepseek-ocr:3b', 'created_at': '2025-12-08T06:13:27.250807903Z', 'message': {'role': 'assistant', 'content': 'Well'}, 'done': True, 'done_reason': 'stop', 'total_duration': 14670153700, 'load_duration': 13413207943, 'prompt_eval_count': 520, 'prompt_eval_duration': 491199722, 'eval_count': 2, 'eval_duration': 4212109}
Response: Well
Analyzing frame 41/48: q_6_main_1_30fps_frame0075.png
Prompt: Given the human reaction shown in the image, do you think the situation observed by that human ends well or poorly? (Use only one word -- well or poorly -- to answer)
Image size: 9592 bytes
Response status code: 200
{'model': 'deepseek-ocr:3b', 'created_at': '2025-12-08T06:13:37.584264227Z', 'message': {'role': 'assistant', 'content': 'Well'}, 'done': True, 'done_reason': 'stop', 'total_duration': 9287780394, 'load_duration': 8081389605, 'prompt_eval_count': 520, 'prompt_eval_duration': 425802992, 'eval_count': 2, 'eval_duration': 4201896}
Response: Well
Analyzing frame 42/48: q_6_main_1_30fps_frame0090.png
Prompt: Given the human reaction shown in the image, do you think the situation observed by that human ends well or poorly? (Use only one word -- well or poorly -- to answer)
Image size: 9640 bytes
Response status code: 200
{'model': 'deepseek-ocr:3b', 'created_at': '2025-12-08T06:13:49.02935792Z', 'message': {'role': 'assistant', 'content': 'Well'}, 'done': True, 'done_reason': 'stop', 'total_duration': 10399514422, 'load_duration': 9221637283, 'prompt_eval_count': 520, 'prompt_eval_duration': 423841044, 'eval_count': 2, 'eval_duration': 4360226}
Response: Well
Analyzing frame 43/48: q_8_main_1_30fps_frame0015.png
Prompt: Given the human reaction shown in the image, do you think the situation observed by that human ends well or poorly? (Use only one word -- well or poorly -- to answer)
Image size: 9408 bytes
Response status code: 200
{'model': 'deepseek-ocr:3b', 'created_at': '2025-12-08T06:14:00.194452099Z', 'message': {'role': 'assistant', 'content': 'Well'}, 'done': True, 'done_reason': 'stop', 'total_duration': 10147409772, 'load_duration': 8895419297, 'prompt_eval_count': 520, 'prompt_eval_duration': 446309895, 'eval_count': 2, 'eval_duration': 4406130}
Response: Well
Analyzing frame 44/48: q_8_main_1_30fps_frame0030.png
Prompt: Given the human reaction shown in the image, do you think the situation observed by that human ends well or poorly? (Use only one word -- well or poorly -- to answer)
Image size: 9452 bytes
Response status code: 200
{'model': 'deepseek-ocr:3b', 'created_at': '2025-12-08T06:14:13.136333543Z', 'message': {'role': 'assistant', 'content': 'Well'}, 'done': True, 'done_reason': 'stop', 'total_duration': 11901309271, 'load_duration': 10744980812, 'prompt_eval_count': 520, 'prompt_eval_duration': 419552126, 'eval_count': 2, 'eval_duration': 4540950}
Response: Well
Analyzing frame 45/48: q_8_main_1_30fps_frame0045.png
Prompt: Given the human reaction shown in the image, do you think the situation observed by that human ends well or poorly? (Use only one word -- well or poorly -- to answer)
Image size: 9544 bytes
Response status code: 200
{'model': 'deepseek-ocr:3b', 'created_at': '2025-12-08T06:14:22.910190301Z', 'message': {'role': 'assistant', 'content': 'Well'}, 'done': True, 'done_reason': 'stop', 'total_duration': 8715050105, 'load_duration': 7558103593, 'prompt_eval_count': 520, 'prompt_eval_duration': 425471271, 'eval_count': 2, 'eval_duration': 4232793}
Response: Well
Analyzing frame 46/48: q_8_main_1_30fps_frame0060.png
Prompt: Given the human reaction shown in the image, do you think the situation observed by that human ends well or poorly? (Use only one word -- well or poorly -- to answer)
Image size: 9532 bytes
Response status code: 200
{'model': 'deepseek-ocr:3b', 'created_at': '2025-12-08T06:14:32.941268433Z', 'message': {'role': 'assistant', 'content': 'Well'}, 'done': True, 'done_reason': 'stop', 'total_duration': 9003239042, 'load_duration': 7772683558, 'prompt_eval_count': 520, 'prompt_eval_duration': 427004082, 'eval_count': 2, 'eval_duration': 4234515}
Response: Well
Analyzing frame 47/48: q_8_main_1_30fps_frame0075.png
Prompt: Given the human reaction shown in the image, do you think the situation observed by that human ends well or poorly? (Use only one word -- well or poorly -- to answer)
Image size: 9432 bytes
Response status code: 200
{'model': 'deepseek-ocr:3b', 'created_at': '2025-12-08T06:14:45.872432233Z', 'message': {'role': 'assistant', 'content': 'Well'}, 'done': True, 'done_reason': 'stop', 'total_duration': 11902538818, 'load_duration': 10647498606, 'prompt_eval_count': 520, 'prompt_eval_duration': 474722374, 'eval_count': 2, 'eval_duration': 4177959}
Response: Well
Analyzing frame 48/48: q_8_main_1_30fps_frame0090.png
Prompt: Given the human reaction shown in the image, do you think the situation observed by that human ends well or poorly? (Use only one word -- well or poorly -- to answer)
Image size: 9496 bytes
Response status code: 200
{'model': 'deepseek-ocr:3b', 'created_at': '2025-12-08T06:14:55.689765399Z', 'message': {'role': 'assistant', 'content': 'Well'}, 'done': True, 'done_reason': 'stop', 'total_duration': 8750020470, 'load_duration': 7536046728, 'prompt_eval_count': 520, 'prompt_eval_duration': 417879725, 'eval_count': 2, 'eval_duration': 4171401}
Response: Well
Processed 48 frames for participant 2946

Results saved to ./results/results_deepseek-ocr_3s.csv
Total frames in CSV: 3720

==================================================
Processing participant 6/27: 3157

Processing participant: 3157
Found 78 unprocessed frames for this participant
Analyzing frame 1/78: q_13_main_1_30fps_frame0014.png
Prompt: Given the human reaction shown in the image, do you think the situation observed by that human ends well or poorly? (Use only one word -- well or poorly -- to answer)
Image size: 13316 bytes
Response status code: 200
{'model': 'deepseek-ocr:3b', 'created_at': '2025-12-08T06:15:10.403131306Z', 'message': {'role': 'assistant', 'content': 'Well'}, 'done': True, 'done_reason': 'stop', 'total_duration': 13615885956, 'load_duration': 12422659459, 'prompt_eval_count': 520, 'prompt_eval_duration': 444583232, 'eval_count': 2, 'eval_duration': 4446724}
Response: Well
Analyzing frame 2/78: q_13_main_1_30fps_frame0029.png
Prompt: Given the human reaction shown in the image, do you think the situation observed by that human ends well or poorly? (Use only one word -- well or poorly -- to answer)
Image size: 13336 bytes
Response status code: 200
{'model': 'deepseek-ocr:3b', 'created_at': '2025-12-08T06:15:26.53684504Z', 'message': {'role': 'assistant', 'content': 'Well'}, 'done': True, 'done_reason': 'stop', 'total_duration': 15067726847, 'load_duration': 13809463903, 'prompt_eval_count': 520, 'prompt_eval_duration': 447434442, 'eval_count': 2, 'eval_duration': 4404798}
Response: Well
Analyzing frame 3/78: q_13_main_1_30fps_frame0044.png
Prompt: Given the human reaction shown in the image, do you think the situation observed by that human ends well or poorly? (Use only one word -- well or poorly -- to answer)
Image size: 13360 bytes
Response status code: 200
{'model': 'deepseek-ocr:3b', 'created_at': '2025-12-08T06:15:36.606947933Z', 'message': {'role': 'assistant', 'content': 'Well'}, 'done': True, 'done_reason': 'stop', 'total_duration': 9010203133, 'load_duration': 7748255852, 'prompt_eval_count': 520, 'prompt_eval_duration': 491430851, 'eval_count': 2, 'eval_duration': 4199769}
Response: Well
Analyzing frame 4/78: q_13_main_1_30fps_frame0059.png
Prompt: Given the human reaction shown in the image, do you think the situation observed by that human ends well or poorly? (Use only one word -- well or poorly -- to answer)
Image size: 13368 bytes
Response status code: 200
{'model': 'deepseek-ocr:3b', 'created_at': '2025-12-08T06:15:53.359427159Z', 'message': {'role': 'assistant', 'content': 'Well'}, 'done': True, 'done_reason': 'stop', 'total_duration': 15705715409, 'load_duration': 14429501713, 'prompt_eval_count': 520, 'prompt_eval_duration': 425584902, 'eval_count': 2, 'eval_duration': 4182614}
Response: Well
Analyzing frame 5/78: q_13_main_1_30fps_frame0074.png
Prompt: Given the human reaction shown in the image, do you think the situation observed by that human ends well or poorly? (Use only one word -- well or poorly -- to answer)
Image size: 13360 bytes
Response status code: 200
{'model': 'deepseek-ocr:3b', 'created_at': '2025-12-08T06:16:04.500460421Z', 'message': {'role': 'assistant', 'content': 'Well'}, 'done': True, 'done_reason': 'stop', 'total_duration': 10080601674, 'load_duration': 8837874349, 'prompt_eval_count': 520, 'prompt_eval_duration': 431963775, 'eval_count': 2, 'eval_duration': 4201258}
Response: Well
Analyzing frame 6/78: q_13_main_1_30fps_frame0089.png
Prompt: Given the human reaction shown in the image, do you think the situation observed by that human ends well or poorly? (Use only one word -- well or poorly -- to answer)
Image size: 13364 bytes
Response status code: 200
{'model': 'deepseek-ocr:3b', 'created_at': '2025-12-08T06:16:17.925961431Z', 'message': {'role': 'assistant', 'content': 'Well'}, 'done': True, 'done_reason': 'stop', 'total_duration': 12353450865, 'load_duration': 11066262081, 'prompt_eval_count': 520, 'prompt_eval_duration': 421929116, 'eval_count': 2, 'eval_duration': 4218536}
Response: Well
Analyzing frame 7/78: q_1_main_0_30fps_frame0013.png
Prompt: Given the human reaction shown in the image, do you think the situation observed by that human ends well or poorly? (Use only one word -- well or poorly -- to answer)
Image size: 12980 bytes
Response status code: 200
{'model': 'deepseek-ocr:3b', 'created_at': '2025-12-08T06:16:30.693293182Z', 'message': {'role': 'assistant', 'content': 'Well'}, 'done': True, 'done_reason': 'stop', 'total_duration': 11708343094, 'load_duration': 10441230260, 'prompt_eval_count': 520, 'prompt_eval_duration': 423827375, 'eval_count': 2, 'eval_duration': 4204486}
Response: Well
Analyzing frame 8/78: q_1_main_0_30fps_frame0028.png
Prompt: Given the human reaction shown in the image, do you think the situation observed by that human ends well or poorly? (Use only one word -- well or poorly -- to answer)
Image size: 12932 bytes
Response status code: 200
{'model': 'deepseek-ocr:3b', 'created_at': '2025-12-08T06:16:44.289496594Z', 'message': {'role': 'assistant', 'content': 'Well'}, 'done': True, 'done_reason': 'stop', 'total_duration': 12533657992, 'load_duration': 11304772508, 'prompt_eval_count': 520, 'prompt_eval_duration': 422085406, 'eval_count': 2, 'eval_duration': 4185373}
Response: Well
Analyzing frame 9/78: q_1_main_0_30fps_frame0043.png
Prompt: Given the human reaction shown in the image, do you think the situation observed by that human ends well or poorly? (Use only one word -- well or poorly -- to answer)
Image size: 12988 bytes
Response status code: 200
{'model': 'deepseek-ocr:3b', 'created_at': '2025-12-08T06:16:57.36273054Z', 'message': {'role': 'assistant', 'content': 'Well'}, 'done': True, 'done_reason': 'stop', 'total_duration': 12025343047, 'load_duration': 10781314959, 'prompt_eval_count': 520, 'prompt_eval_duration': 422783941, 'eval_count': 2, 'eval_duration': 4168161}
Response: Well
Analyzing frame 10/78: q_1_main_0_30fps_frame0058.png
Prompt: Given the human reaction shown in the image, do you think the situation observed by that human ends well or poorly? (Use only one word -- well or poorly -- to answer)
Image size: 12916 bytes
Response status code: 200
{'model': 'deepseek-ocr:3b', 'created_at': '2025-12-08T06:17:16.649501565Z', 'message': {'role': 'assistant', 'content': 'Well'}, 'done': True, 'done_reason': 'stop', 'total_duration': 18222655063, 'load_duration': 16982312668, 'prompt_eval_count': 520, 'prompt_eval_duration': 445723000, 'eval_count': 2, 'eval_duration': 4426545}
Response: Well
Analyzing frame 11/78: q_1_main_0_30fps_frame0073.png
Prompt: Given the human reaction shown in the image, do you think the situation observed by that human ends well or poorly? (Use only one word -- well or poorly -- to answer)
Image size: 12980 bytes
Response status code: 200
{'model': 'deepseek-ocr:3b', 'created_at': '2025-12-08T06:17:29.239343939Z', 'message': {'role': 'assistant', 'content': 'Well'}, 'done': True, 'done_reason': 'stop', 'total_duration': 11532303046, 'load_duration': 10334172720, 'prompt_eval_count': 520, 'prompt_eval_duration': 422033685, 'eval_count': 2, 'eval_duration': 4206095}
Response: Well
Analyzing frame 12/78: q_1_main_0_30fps_frame0088.png
Prompt: Given the human reaction shown in the image, do you think the situation observed by that human ends well or poorly? (Use only one word -- well or poorly -- to answer)
Image size: 12940 bytes
Response status code: 200
{'model': 'deepseek-ocr:3b', 'created_at': '2025-12-08T06:17:43.727759445Z', 'message': {'role': 'assistant', 'content': 'Well'}, 'done': True, 'done_reason': 'stop', 'total_duration': 13422559969, 'load_duration': 12241966121, 'prompt_eval_count': 520, 'prompt_eval_duration': 420264286, 'eval_count': 2, 'eval_duration': 4175430}
Response: Well
Analyzing frame 13/78: q_22_main_1_30fps_frame0013.png
Prompt: Given the human reaction shown in the image, do you think the situation observed by that human ends well or poorly? (Use only one word -- well or poorly -- to answer)
Image size: 13596 bytes
Response status code: 200
{'model': 'deepseek-ocr:3b', 'created_at': '2025-12-08T06:17:56.000390493Z', 'message': {'role': 'assistant', 'content': 'Well'}, 'done': True, 'done_reason': 'stop', 'total_duration': 11205495932, 'load_duration': 10051501152, 'prompt_eval_count': 520, 'prompt_eval_duration': 442784882, 'eval_count': 2, 'eval_duration': 7136634}
Response: Well
Analyzing frame 14/78: q_22_main_1_30fps_frame0028.png
Prompt: Given the human reaction shown in the image, do you think the situation observed by that human ends well or poorly? (Use only one word -- well or poorly -- to answer)
Image size: 13576 bytes
Response status code: 200
{'model': 'deepseek-ocr:3b', 'created_at': '2025-12-08T06:18:12.559051751Z', 'message': {'role': 'assistant', 'content': 'Well'}, 'done': True, 'done_reason': 'stop', 'total_duration': 15491368891, 'load_duration': 14303986497, 'prompt_eval_count': 520, 'prompt_eval_duration': 421705616, 'eval_count': 2, 'eval_duration': 4221815}
Response: Well
Analyzing frame 15/78: q_22_main_1_30fps_frame0043.png
Prompt: Given the human reaction shown in the image, do you think the situation observed by that human ends well or poorly? (Use only one word -- well or poorly -- to answer)
Image size: 13560 bytes
Response status code: 200
{'model': 'deepseek-ocr:3b', 'created_at': '2025-12-08T06:18:35.593651637Z', 'message': {'role': 'assistant', 'content': 'Well'}, 'done': True, 'done_reason': 'stop', 'total_duration': 21969807882, 'load_duration': 20795578345, 'prompt_eval_count': 520, 'prompt_eval_duration': 425697591, 'eval_count': 2, 'eval_duration': 4354301}
Response: Well
Analyzing frame 16/78: q_22_main_1_30fps_frame0058.png
Prompt: Given the human reaction shown in the image, do you think the situation observed by that human ends well or poorly? (Use only one word -- well or poorly -- to answer)
Image size: 13548 bytes
Response status code: 200
{'model': 'deepseek-ocr:3b', 'created_at': '2025-12-08T06:18:47.683564736Z', 'message': {'role': 'assistant', 'content': 'Well'}, 'done': True, 'done_reason': 'stop', 'total_duration': 11021759196, 'load_duration': 9798161841, 'prompt_eval_count': 520, 'prompt_eval_duration': 476040895, 'eval_count': 2, 'eval_duration': 4191234}
Response: Well
Analyzing frame 17/78: q_22_main_1_30fps_frame0073.png
Prompt: Given the human reaction shown in the image, do you think the situation observed by that human ends well or poorly? (Use only one word -- well or poorly -- to answer)
Image size: 13596 bytes
Response status code: 200
{'model': 'deepseek-ocr:3b', 'created_at': '2025-12-08T06:19:08.431841737Z', 'message': {'role': 'assistant', 'content': 'Well'}, 'done': True, 'done_reason': 'stop', 'total_duration': 19681846229, 'load_duration': 18530600925, 'prompt_eval_count': 520, 'prompt_eval_duration': 424289725, 'eval_count': 2, 'eval_duration': 4233306}
Response: Well
Analyzing frame 18/78: q_22_main_1_30fps_frame0088.png
Prompt: Given the human reaction shown in the image, do you think the situation observed by that human ends well or poorly? (Use only one word -- well or poorly -- to answer)
Image size: 13568 bytes
Response status code: 200
{'model': 'deepseek-ocr:3b', 'created_at': '2025-12-08T06:19:28.919495368Z', 'message': {'role': 'assistant', 'content': 'Well'}, 'done': True, 'done_reason': 'stop', 'total_duration': 19414430816, 'load_duration': 18216730365, 'prompt_eval_count': 520, 'prompt_eval_duration': 450377086, 'eval_count': 2, 'eval_duration': 4404434}
Response: Well
Analyzing frame 19/78: q_23_main_0_30fps_frame0014.png
Prompt: Given the human reaction shown in the image, do you think the situation observed by that human ends well or poorly? (Use only one word -- well or poorly -- to answer)
Image size: 13136 bytes
Response status code: 200
{'model': 'deepseek-ocr:3b', 'created_at': '2025-12-08T06:19:41.74734057Z', 'message': {'role': 'assistant', 'content': 'Well'}, 'done': True, 'done_reason': 'stop', 'total_duration': 11763741462, 'load_duration': 10568007121, 'prompt_eval_count': 520, 'prompt_eval_duration': 431841844, 'eval_count': 2, 'eval_duration': 4235415}
Response: Well
Analyzing frame 20/78: q_23_main_0_30fps_frame0029.png
Prompt: Given the human reaction shown in the image, do you think the situation observed by that human ends well or poorly? (Use only one word -- well or poorly -- to answer)
Image size: 13216 bytes
Response status code: 200
{'model': 'deepseek-ocr:3b', 'created_at': '2025-12-08T06:19:56.088974733Z', 'message': {'role': 'assistant', 'content': 'Well'}, 'done': True, 'done_reason': 'stop', 'total_duration': 13282246625, 'load_duration': 12042506410, 'prompt_eval_count': 520, 'prompt_eval_duration': 425104729, 'eval_count': 2, 'eval_duration': 4256764}
Response: Well
Analyzing frame 21/78: q_23_main_0_30fps_frame0044.png
Prompt: Given the human reaction shown in the image, do you think the situation observed by that human ends well or poorly? (Use only one word -- well or poorly -- to answer)
Image size: 13300 bytes
Response status code: 200
{'model': 'deepseek-ocr:3b', 'created_at': '2025-12-08T06:20:10.023438462Z', 'message': {'role': 'assistant', 'content': 'Well'}, 'done': True, 'done_reason': 'stop', 'total_duration': 12876876309, 'load_duration': 11718290877, 'prompt_eval_count': 520, 'prompt_eval_duration': 430817195, 'eval_count': 2, 'eval_duration': 4215240}
Response: Well
Analyzing frame 22/78: q_23_main_0_30fps_frame0059.png
Prompt: Given the human reaction shown in the image, do you think the situation observed by that human ends well or poorly? (Use only one word -- well or poorly -- to answer)
Image size: 13192 bytes
Response status code: 200
{'model': 'deepseek-ocr:3b', 'created_at': '2025-12-08T06:20:28.998069543Z', 'message': {'role': 'assistant', 'content': 'Well'}, 'done': True, 'done_reason': 'stop', 'total_duration': 17920231582, 'load_duration': 16727344376, 'prompt_eval_count': 520, 'prompt_eval_duration': 420699044, 'eval_count': 2, 'eval_duration': 4183021}
Response: Well
Analyzing frame 23/78: q_23_main_0_30fps_frame0074.png
Prompt: Given the human reaction shown in the image, do you think the situation observed by that human ends well or poorly? (Use only one word -- well or poorly -- to answer)
Image size: 13204 bytes
Response status code: 200
{'model': 'deepseek-ocr:3b', 'created_at': '2025-12-08T06:20:45.007212894Z', 'message': {'role': 'assistant', 'content': 'Well'}, 'done': True, 'done_reason': 'stop', 'total_duration': 14950705000, 'load_duration': 13741882160, 'prompt_eval_count': 520, 'prompt_eval_duration': 421706241, 'eval_count': 2, 'eval_duration': 4286042}
Response: Well
Analyzing frame 24/78: q_23_main_0_30fps_frame0089.png
Prompt: Given the human reaction shown in the image, do you think the situation observed by that human ends well or poorly? (Use only one word -- well or poorly -- to answer)
Image size: 13176 bytes
Response status code: 200
{'model': 'deepseek-ocr:3b', 'created_at': '2025-12-08T06:21:05.143966012Z', 'message': {'role': 'assistant', 'content': 'Well'}, 'done': True, 'done_reason': 'stop', 'total_duration': 19086944004, 'load_duration': 17831643860, 'prompt_eval_count': 520, 'prompt_eval_duration': 471571973, 'eval_count': 2, 'eval_duration': 4186414}
Response: Well
Analyzing frame 25/78: q_24_main_0_30fps_frame0014.png
Prompt: Given the human reaction shown in the image, do you think the situation observed by that human ends well or poorly? (Use only one word -- well or poorly -- to answer)
Image size: 13144 bytes
Response status code: 200
{'model': 'deepseek-ocr:3b', 'created_at': '2025-12-08T06:21:20.482972152Z', 'message': {'role': 'assistant', 'content': 'Well'}, 'done': True, 'done_reason': 'stop', 'total_duration': 14266832890, 'load_duration': 13103617747, 'prompt_eval_count': 520, 'prompt_eval_duration': 422396826, 'eval_count': 2, 'eval_duration': 4198535}
Response: Well
Analyzing frame 26/78: q_24_main_0_30fps_frame0029.png
Prompt: Given the human reaction shown in the image, do you think the situation observed by that human ends well or poorly? (Use only one word -- well or poorly -- to answer)
Image size: 13212 bytes
Response status code: 200
{'model': 'deepseek-ocr:3b', 'created_at': '2025-12-08T06:21:38.280803978Z', 'message': {'role': 'assistant', 'content': 'Well'}, 'done': True, 'done_reason': 'stop', 'total_duration': 16742211479, 'load_duration': 15485885655, 'prompt_eval_count': 520, 'prompt_eval_duration': 429772288, 'eval_count': 2, 'eval_duration': 4309036}
Response: Well
Analyzing frame 27/78: q_24_main_0_30fps_frame0044.png
Prompt: Given the human reaction shown in the image, do you think the situation observed by that human ends well or poorly? (Use only one word -- well or poorly -- to answer)
Image size: 13192 bytes
Response status code: 200
{'model': 'deepseek-ocr:3b', 'created_at': '2025-12-08T06:21:50.261252945Z', 'message': {'role': 'assistant', 'content': 'Well'}, 'done': True, 'done_reason': 'stop', 'total_duration': 10907823463, 'load_duration': 9677845105, 'prompt_eval_count': 520, 'prompt_eval_duration': 425259897, 'eval_count': 2, 'eval_duration': 4334389}
Response: Well
Analyzing frame 28/78: q_24_main_0_30fps_frame0059.png
Prompt: Given the human reaction shown in the image, do you think the situation observed by that human ends well or poorly? (Use only one word -- well or poorly -- to answer)
Image size: 13132 bytes
Response status code: 200
{'model': 'deepseek-ocr:3b', 'created_at': '2025-12-08T06:22:02.05113389Z', 'message': {'role': 'assistant', 'content': 'Well'}, 'done': True, 'done_reason': 'stop', 'total_duration': 10735187649, 'load_duration': 9516382432, 'prompt_eval_count': 520, 'prompt_eval_duration': 423354158, 'eval_count': 2, 'eval_duration': 4227140}
Response: Well
Analyzing frame 29/78: q_24_main_0_30fps_frame0074.png
Prompt: Given the human reaction shown in the image, do you think the situation observed by that human ends well or poorly? (Use only one word -- well or poorly -- to answer)
Image size: 13132 bytes
Response status code: 200
{'model': 'deepseek-ocr:3b', 'created_at': '2025-12-08T06:22:13.670873321Z', 'message': {'role': 'assistant', 'content': 'Well'}, 'done': True, 'done_reason': 'stop', 'total_duration': 10554361145, 'load_duration': 9274160101, 'prompt_eval_count': 520, 'prompt_eval_duration': 497058712, 'eval_count': 2, 'eval_duration': 4196573}
Response: Well
Analyzing frame 30/78: q_24_main_0_30fps_frame0089.png
Prompt: Given the human reaction shown in the image, do you think the situation observed by that human ends well or poorly? (Use only one word -- well or poorly -- to answer)
Image size: 13128 bytes
Response status code: 200
{'model': 'deepseek-ocr:3b', 'created_at': '2025-12-08T06:22:29.417214595Z', 'message': {'role': 'assistant', 'content': 'Well'}, 'done': True, 'done_reason': 'stop', 'total_duration': 14719307876, 'load_duration': 13524634719, 'prompt_eval_count': 520, 'prompt_eval_duration': 425607348, 'eval_count': 2, 'eval_duration': 4218666}
Response: Well
Analyzing frame 31/78: q_25_main_0_30fps_frame0014.png
Prompt: Given the human reaction shown in the image, do you think the situation observed by that human ends well or poorly? (Use only one word -- well or poorly -- to answer)
Image size: 13272 bytes
Response status code: 200
{'model': 'deepseek-ocr:3b', 'created_at': '2025-12-08T06:22:45.198074254Z', 'message': {'role': 'assistant', 'content': 'Well'}, 'done': True, 'done_reason': 'stop', 'total_duration': 14711977977, 'load_duration': 13495924031, 'prompt_eval_count': 520, 'prompt_eval_duration': 420880481, 'eval_count': 2, 'eval_duration': 4193148}
Response: Well
Analyzing frame 32/78: q_25_main_0_30fps_frame0029.png
Prompt: Given the human reaction shown in the image, do you think the situation observed by that human ends well or poorly? (Use only one word -- well or poorly -- to answer)
Image size: 13308 bytes
Response status code: 200
{'model': 'deepseek-ocr:3b', 'created_at': '2025-12-08T06:23:00.033994548Z', 'message': {'role': 'assistant', 'content': 'Well'}, 'done': True, 'done_reason': 'stop', 'total_duration': 13774824501, 'load_duration': 12577824135, 'prompt_eval_count': 520, 'prompt_eval_duration': 421955447, 'eval_count': 2, 'eval_duration': 4205783}
Response: Well
Analyzing frame 33/78: q_25_main_0_30fps_frame0044.png
Prompt: Given the human reaction shown in the image, do you think the situation observed by that human ends well or poorly? (Use only one word -- well or poorly -- to answer)
Image size: 13268 bytes
Response status code: 200
{'model': 'deepseek-ocr:3b', 'created_at': '2025-12-08T06:23:15.287099347Z', 'message': {'role': 'assistant', 'content': 'Well'}, 'done': True, 'done_reason': 'stop', 'total_duration': 14181929516, 'load_duration': 13004288175, 'prompt_eval_count': 520, 'prompt_eval_duration': 423288252, 'eval_count': 2, 'eval_duration': 4372567}
Response: Well
Analyzing frame 34/78: q_25_main_0_30fps_frame0059.png
Prompt: Given the human reaction shown in the image, do you think the situation observed by that human ends well or poorly? (Use only one word -- well or poorly -- to answer)
Image size: 13260 bytes
Response status code: 200
{'model': 'deepseek-ocr:3b', 'created_at': '2025-12-08T06:23:28.044775738Z', 'message': {'role': 'assistant', 'content': 'Well'}, 'done': True, 'done_reason': 'stop', 'total_duration': 11700376334, 'load_duration': 10403747823, 'prompt_eval_count': 520, 'prompt_eval_duration': 422112873, 'eval_count': 2, 'eval_duration': 4171769}
Response: Well
Analyzing frame 35/78: q_25_main_0_30fps_frame0074.png
Prompt: Given the human reaction shown in the image, do you think the situation observed by that human ends well or poorly? (Use only one word -- well or poorly -- to answer)
Image size: 13284 bytes
Response status code: 200
{'model': 'deepseek-ocr:3b', 'created_at': '2025-12-08T06:23:39.416155496Z', 'message': {'role': 'assistant', 'content': 'Well'}, 'done': True, 'done_reason': 'stop', 'total_duration': 10306726279, 'load_duration': 9060080204, 'prompt_eval_count': 520, 'prompt_eval_duration': 425993524, 'eval_count': 2, 'eval_duration': 4200704}
Response: Well
Analyzing frame 36/78: q_25_main_0_30fps_frame0089.png
Prompt: Given the human reaction shown in the image, do you think the situation observed by that human ends well or poorly? (Use only one word -- well or poorly -- to answer)
Image size: 13272 bytes
Response status code: 200
{'model': 'deepseek-ocr:3b', 'created_at': '2025-12-08T06:23:51.988496067Z', 'message': {'role': 'assistant', 'content': 'Well'}, 'done': True, 'done_reason': 'stop', 'total_duration': 11504615702, 'load_duration': 10323207687, 'prompt_eval_count': 520, 'prompt_eval_duration': 423024338, 'eval_count': 2, 'eval_duration': 4237723}
Response: Well
Analyzing frame 37/78: q_27_main_1_30fps_frame0013.png
Prompt: Given the human reaction shown in the image, do you think the situation observed by that human ends well or poorly? (Use only one word -- well or poorly -- to answer)
Image size: 13432 bytes
Response status code: 200
{'model': 'deepseek-ocr:3b', 'created_at': '2025-12-08T06:24:03.86254947Z', 'message': {'role': 'assistant', 'content': 'Well'}, 'done': True, 'done_reason': 'stop', 'total_duration': 10794023525, 'load_duration': 9616401179, 'prompt_eval_count': 520, 'prompt_eval_duration': 429964894, 'eval_count': 2, 'eval_duration': 4182903}
Response: Well
Analyzing frame 38/78: q_27_main_1_30fps_frame0028.png
Prompt: Given the human reaction shown in the image, do you think the situation observed by that human ends well or poorly? (Use only one word -- well or poorly -- to answer)
Image size: 13360 bytes
Response status code: 200
{'model': 'deepseek-ocr:3b', 'created_at': '2025-12-08T06:24:17.463655914Z', 'message': {'role': 'assistant', 'content': 'Well'}, 'done': True, 'done_reason': 'stop', 'total_duration': 12556224257, 'load_duration': 11376628212, 'prompt_eval_count': 520, 'prompt_eval_duration': 424467426, 'eval_count': 2, 'eval_duration': 4185812}
Response: Well
Analyzing frame 39/78: q_27_main_1_30fps_frame0043.png
Prompt: Given the human reaction shown in the image, do you think the situation observed by that human ends well or poorly? (Use only one word -- well or poorly -- to answer)
Image size: 13560 bytes
Response status code: 200
{'model': 'deepseek-ocr:3b', 'created_at': '2025-12-08T06:24:31.777326692Z', 'message': {'role': 'assistant', 'content': 'Well'}, 'done': True, 'done_reason': 'stop', 'total_duration': 13249142906, 'load_duration': 12055078940, 'prompt_eval_count': 520, 'prompt_eval_duration': 416321119, 'eval_count': 2, 'eval_duration': 4305932}
Response: Well
Analyzing frame 40/78: q_27_main_1_30fps_frame0058.png
Prompt: Given the human reaction shown in the image, do you think the situation observed by that human ends well or poorly? (Use only one word -- well or poorly -- to answer)
Image size: 13576 bytes
Response status code: 200
{'model': 'deepseek-ocr:3b', 'created_at': '2025-12-08T06:24:43.307788907Z', 'message': {'role': 'assistant', 'content': 'Well'}, 'done': True, 'done_reason': 'stop', 'total_duration': 10462478278, 'load_duration': 9215593594, 'prompt_eval_count': 520, 'prompt_eval_duration': 430060946, 'eval_count': 2, 'eval_duration': 4172579}
Response: Well
Analyzing frame 41/78: q_27_main_1_30fps_frame0073.png
Prompt: Given the human reaction shown in the image, do you think the situation observed by that human ends well or poorly? (Use only one word -- well or poorly -- to answer)
Image size: 13508 bytes
Response status code: 200
{'model': 'deepseek-ocr:3b', 'created_at': '2025-12-08T06:24:57.678038521Z', 'message': {'role': 'assistant', 'content': 'Well'}, 'done': True, 'done_reason': 'stop', 'total_duration': 13314917728, 'load_duration': 12088133312, 'prompt_eval_count': 520, 'prompt_eval_duration': 436481349, 'eval_count': 2, 'eval_duration': 4567895}
Response: Well
Analyzing frame 42/78: q_27_main_1_30fps_frame0088.png
Prompt: Given the human reaction shown in the image, do you think the situation observed by that human ends well or poorly? (Use only one word -- well or poorly -- to answer)
Image size: 13540 bytes
Response status code: 200
{'model': 'deepseek-ocr:3b', 'created_at': '2025-12-08T06:25:13.172667244Z', 'message': {'role': 'assistant', 'content': 'Well'}, 'done': True, 'done_reason': 'stop', 'total_duration': 14423887790, 'load_duration': 13251290073, 'prompt_eval_count': 520, 'prompt_eval_duration': 419020312, 'eval_count': 2, 'eval_duration': 4374659}
Response: Well
Analyzing frame 43/78: q_3_main_1_30fps_frame0015.png
Prompt: Given the human reaction shown in the image, do you think the situation observed by that human ends well or poorly? (Use only one word -- well or poorly -- to answer)
Image size: 13200 bytes
Response status code: 200
{'model': 'deepseek-ocr:3b', 'created_at': '2025-12-08T06:25:24.055711143Z', 'message': {'role': 'assistant', 'content': 'Well'}, 'done': True, 'done_reason': 'stop', 'total_duration': 9836873755, 'load_duration': 8617599703, 'prompt_eval_count': 520, 'prompt_eval_duration': 424231503, 'eval_count': 2, 'eval_duration': 4188428}
Response: Well
Analyzing frame 44/78: q_3_main_1_30fps_frame0030.png
Prompt: Given the human reaction shown in the image, do you think the situation observed by that human ends well or poorly? (Use only one word -- well or poorly -- to answer)
Image size: 13172 bytes
Response status code: 200
{'model': 'deepseek-ocr:3b', 'created_at': '2025-12-08T06:25:37.658629029Z', 'message': {'role': 'assistant', 'content': 'Well'}, 'done': True, 'done_reason': 'stop', 'total_duration': 12531137982, 'load_duration': 11264922787, 'prompt_eval_count': 520, 'prompt_eval_duration': 447800176, 'eval_count': 2, 'eval_duration': 4426509}
Response: Well
Analyzing frame 45/78: q_3_main_1_30fps_frame0045.png
Prompt: Given the human reaction shown in the image, do you think the situation observed by that human ends well or poorly? (Use only one word -- well or poorly -- to answer)
Image size: 13172 bytes
Response status code: 200
{'model': 'deepseek-ocr:3b', 'created_at': '2025-12-08T06:25:53.499008763Z', 'message': {'role': 'assistant', 'content': 'Well'}, 'done': True, 'done_reason': 'stop', 'total_duration': 14773945830, 'load_duration': 13573581500, 'prompt_eval_count': 520, 'prompt_eval_duration': 440021059, 'eval_count': 2, 'eval_duration': 4464329}
Response: Well
Analyzing frame 46/78: q_3_main_1_30fps_frame0060.png
Prompt: Given the human reaction shown in the image, do you think the situation observed by that human ends well or poorly? (Use only one word -- well or poorly -- to answer)
Image size: 13184 bytes
Response status code: 200
{'model': 'deepseek-ocr:3b', 'created_at': '2025-12-08T06:26:16.296279363Z', 'message': {'role': 'assistant', 'content': 'Well'}, 'done': True, 'done_reason': 'stop', 'total_duration': 21738426880, 'load_duration': 20599641090, 'prompt_eval_count': 520, 'prompt_eval_duration': 430076436, 'eval_count': 2, 'eval_duration': 4627315}
Response: Well
Analyzing frame 47/78: q_3_main_1_30fps_frame0075.png
Prompt: Given the human reaction shown in the image, do you think the situation observed by that human ends well or poorly? (Use only one word -- well or poorly -- to answer)
Image size: 13200 bytes
Response status code: 200
{'model': 'deepseek-ocr:3b', 'created_at': '2025-12-08T06:26:40.14041438Z', 'message': {'role': 'assistant', 'content': 'Well'}, 'done': True, 'done_reason': 'stop', 'total_duration': 22772026887, 'load_duration': 21584364546, 'prompt_eval_count': 520, 'prompt_eval_duration': 422625599, 'eval_count': 2, 'eval_duration': 4188639}
Response: Well
Analyzing frame 48/78: q_3_main_1_30fps_frame0090.png
Prompt: Given the human reaction shown in the image, do you think the situation observed by that human ends well or poorly? (Use only one word -- well or poorly -- to answer)
Image size: 13164 bytes
Response status code: 200
{'model': 'deepseek-ocr:3b', 'created_at': '2025-12-08T06:27:08.675373291Z', 'message': {'role': 'assistant', 'content': 'Well'}, 'done': True, 'done_reason': 'stop', 'total_duration': 27463536488, 'load_duration': 26266489307, 'prompt_eval_count': 520, 'prompt_eval_duration': 420655432, 'eval_count': 2, 'eval_duration': 4171112}
Response: Well
Analyzing frame 49/78: q_7_main_1_30fps_frame0015.png
Prompt: Given the human reaction shown in the image, do you think the situation observed by that human ends well or poorly? (Use only one word -- well or poorly -- to answer)
Image size: 13524 bytes
Response status code: 200
{'model': 'deepseek-ocr:3b', 'created_at': '2025-12-08T06:27:40.247705709Z', 'message': {'role': 'assistant', 'content': 'Well'}, 'done': True, 'done_reason': 'stop', 'total_duration': 30528221927, 'load_duration': 29370757299, 'prompt_eval_count': 520, 'prompt_eval_duration': 418536336, 'eval_count': 2, 'eval_duration': 4240253}
Response: Well
Analyzing frame 50/78: q_7_main_1_30fps_frame0030.png
Prompt: Given the human reaction shown in the image, do you think the situation observed by that human ends well or poorly? (Use only one word -- well or poorly -- to answer)
Image size: 13532 bytes
Response status code: 200
{'model': 'deepseek-ocr:3b', 'created_at': '2025-12-08T06:27:56.846890934Z', 'message': {'role': 'assistant', 'content': 'Well'}, 'done': True, 'done_reason': 'stop', 'total_duration': 15542858058, 'load_duration': 14283108306, 'prompt_eval_count': 520, 'prompt_eval_duration': 414708750, 'eval_count': 2, 'eval_duration': 4181903}
Response: Well
Analyzing frame 51/78: q_7_main_1_30fps_frame0045.png
Prompt: Given the human reaction shown in the image, do you think the situation observed by that human ends well or poorly? (Use only one word -- well or poorly -- to answer)
Image size: 13536 bytes
Response status code: 200
{'model': 'deepseek-ocr:3b', 'created_at': '2025-12-08T06:28:21.413320439Z', 'message': {'role': 'assistant', 'content': 'Well'}, 'done': True, 'done_reason': 'stop', 'total_duration': 23490401826, 'load_duration': 22288690057, 'prompt_eval_count': 520, 'prompt_eval_duration': 422288274, 'eval_count': 2, 'eval_duration': 4220569}
Response: Well
Analyzing frame 52/78: q_7_main_1_30fps_frame0060.png
Prompt: Given the human reaction shown in the image, do you think the situation observed by that human ends well or poorly? (Use only one word -- well or poorly -- to answer)
Image size: 13600 bytes
Response status code: 200
{'model': 'deepseek-ocr:3b', 'created_at': '2025-12-08T06:28:44.337485636Z', 'message': {'role': 'assistant', 'content': 'Well'}, 'done': True, 'done_reason': 'stop', 'total_duration': 21859195846, 'load_duration': 20715965050, 'prompt_eval_count': 520, 'prompt_eval_duration': 421505523, 'eval_count': 2, 'eval_duration': 4215636}
Response: Well
Analyzing frame 53/78: q_7_main_1_30fps_frame0075.png
Prompt: Given the human reaction shown in the image, do you think the situation observed by that human ends well or poorly? (Use only one word -- well or poorly -- to answer)
Image size: 13584 bytes
Response status code: 200
{'model': 'deepseek-ocr:3b', 'created_at': '2025-12-08T06:29:08.407394297Z', 'message': {'role': 'assistant', 'content': 'Well'}, 'done': True, 'done_reason': 'stop', 'total_duration': 23006342185, 'load_duration': 21796764135, 'prompt_eval_count': 520, 'prompt_eval_duration': 426962470, 'eval_count': 2, 'eval_duration': 4218732}
Response: Well
Analyzing frame 54/78: q_7_main_1_30fps_frame0090.png
Prompt: Given the human reaction shown in the image, do you think the situation observed by that human ends well or poorly? (Use only one word -- well or poorly -- to answer)
Image size: 13588 bytes
Response status code: 200
{'model': 'deepseek-ocr:3b', 'created_at': '2025-12-08T06:29:38.897881672Z', 'message': {'role': 'assistant', 'content': 'Well'}, 'done': True, 'done_reason': 'stop', 'total_duration': 29426339046, 'load_duration': 28254541989, 'prompt_eval_count': 520, 'prompt_eval_duration': 414069775, 'eval_count': 2, 'eval_duration': 4224572}
Response: Well
Analyzing frame 55/78: q_8_main_0_30fps_frame0014.png
Prompt: Given the human reaction shown in the image, do you think the situation observed by that human ends well or poorly? (Use only one word -- well or poorly -- to answer)
Image size: 12848 bytes
Response status code: 200
{'model': 'deepseek-ocr:3b', 'created_at': '2025-12-08T06:30:02.803229076Z', 'message': {'role': 'assistant', 'content': 'Well'}, 'done': True, 'done_reason': 'stop', 'total_duration': 22857103480, 'load_duration': 21591127519, 'prompt_eval_count': 520, 'prompt_eval_duration': 480131285, 'eval_count': 2, 'eval_duration': 4204596}
Response: Well
Analyzing frame 56/78: q_8_main_0_30fps_frame0029.png
Prompt: Given the human reaction shown in the image, do you think the situation observed by that human ends well or poorly? (Use only one word -- well or poorly -- to answer)
Image size: 12888 bytes
Response status code: 200
{'model': 'deepseek-ocr:3b', 'created_at': '2025-12-08T06:30:26.551047608Z', 'message': {'role': 'assistant', 'content': 'Well'}, 'done': True, 'done_reason': 'stop', 'total_duration': 22685034101, 'load_duration': 21477374101, 'prompt_eval_count': 520, 'prompt_eval_duration': 421940265, 'eval_count': 2, 'eval_duration': 4178187}
Response: Well
Analyzing frame 57/78: q_8_main_0_30fps_frame0044.png
Prompt: Given the human reaction shown in the image, do you think the situation observed by that human ends well or poorly? (Use only one word -- well or poorly -- to answer)
Image size: 12800 bytes
Response status code: 200
{'model': 'deepseek-ocr:3b', 'created_at': '2025-12-08T06:30:49.421605453Z', 'message': {'role': 'assistant', 'content': 'Well'}, 'done': True, 'done_reason': 'stop', 'total_duration': 21818101563, 'load_duration': 20576776654, 'prompt_eval_count': 520, 'prompt_eval_duration': 423189831, 'eval_count': 2, 'eval_duration': 4204634}
Response: Well
Analyzing frame 58/78: q_8_main_0_30fps_frame0059.png
Prompt: Given the human reaction shown in the image, do you think the situation observed by that human ends well or poorly? (Use only one word -- well or poorly -- to answer)
Image size: 12880 bytes
Response status code: 200
{'model': 'deepseek-ocr:3b', 'created_at': '2025-12-08T06:31:11.831592524Z', 'message': {'role': 'assistant', 'content': 'Well'}, 'done': True, 'done_reason': 'stop', 'total_duration': 21336772582, 'load_duration': 20134512544, 'prompt_eval_count': 520, 'prompt_eval_duration': 448592855, 'eval_count': 2, 'eval_duration': 4440923}
Response: Well
Analyzing frame 59/78: q_8_main_0_30fps_frame0074.png
Prompt: Given the human reaction shown in the image, do you think the situation observed by that human ends well or poorly? (Use only one word -- well or poorly -- to answer)
Image size: 12928 bytes
Response status code: 200
{'model': 'deepseek-ocr:3b', 'created_at': '2025-12-08T06:31:24.579870308Z', 'message': {'role': 'assistant', 'content': 'Well'}, 'done': True, 'done_reason': 'stop', 'total_duration': 11687026614, 'load_duration': 10499293315, 'prompt_eval_count': 520, 'prompt_eval_duration': 426621294, 'eval_count': 2, 'eval_duration': 4230350}
Response: Well
Analyzing frame 60/78: q_8_main_0_30fps_frame0089.png
Prompt: Given the human reaction shown in the image, do you think the situation observed by that human ends well or poorly? (Use only one word -- well or poorly -- to answer)
Image size: 12812 bytes
Response status code: 200
{'model': 'deepseek-ocr:3b', 'created_at': '2025-12-08T06:31:53.721139532Z', 'message': {'role': 'assistant', 'content': 'Well'}, 'done': True, 'done_reason': 'stop', 'total_duration': 28080812918, 'load_duration': 26879708865, 'prompt_eval_count': 520, 'prompt_eval_duration': 419156103, 'eval_count': 2, 'eval_duration': 4695243}
Response: Well
Analyzing frame 61/78: q_9_main_1_30fps_frame0014.png
Prompt: Given the human reaction shown in the image, do you think the situation observed by that human ends well or poorly? (Use only one word -- well or poorly -- to answer)
Image size: 13180 bytes
Response status code: 200
{'model': 'deepseek-ocr:3b', 'created_at': '2025-12-08T06:32:28.255102723Z', 'message': {'role': 'assistant', 'content': 'Well'}, 'done': True, 'done_reason': 'stop', 'total_duration': 33466976473, 'load_duration': 32293328682, 'prompt_eval_count': 520, 'prompt_eval_duration': 427663437, 'eval_count': 2, 'eval_duration': 4203537}
Response: Well
Analyzing frame 62/78: q_9_main_1_30fps_frame0029.png
Prompt: Given the human reaction shown in the image, do you think the situation observed by that human ends well or poorly? (Use only one word -- well or poorly -- to answer)
Image size: 13112 bytes
Response status code: 200
{'model': 'deepseek-ocr:3b', 'created_at': '2025-12-08T06:32:48.550996207Z', 'message': {'role': 'assistant', 'content': 'Well'}, 'done': True, 'done_reason': 'stop', 'total_duration': 19233610485, 'load_duration': 18055917214, 'prompt_eval_count': 520, 'prompt_eval_duration': 421683476, 'eval_count': 2, 'eval_duration': 4165157}
Response: Well
Analyzing frame 63/78: q_9_main_1_30fps_frame0044.png
Prompt: Given the human reaction shown in the image, do you think the situation observed by that human ends well or poorly? (Use only one word -- well or poorly -- to answer)
Image size: 13160 bytes
Response status code: 200
{'model': 'deepseek-ocr:3b', 'created_at': '2025-12-08T06:33:16.424194994Z', 'message': {'role': 'assistant', 'content': 'Well'}, 'done': True, 'done_reason': 'stop', 'total_duration': 26808350198, 'load_duration': 25535390778, 'prompt_eval_count': 520, 'prompt_eval_duration': 447167992, 'eval_count': 2, 'eval_duration': 4457047}
Response: Well
Analyzing frame 64/78: q_9_main_1_30fps_frame0059.png
Prompt: Given the human reaction shown in the image, do you think the situation observed by that human ends well or poorly? (Use only one word -- well or poorly -- to answer)
Image size: 13180 bytes
Response status code: 200
{'model': 'deepseek-ocr:3b', 'created_at': '2025-12-08T06:33:44.070814712Z', 'message': {'role': 'assistant', 'content': 'Well'}, 'done': True, 'done_reason': 'stop', 'total_duration': 26583605201, 'load_duration': 25383696398, 'prompt_eval_count': 520, 'prompt_eval_duration': 435709996, 'eval_count': 2, 'eval_duration': 4436443}
Response: Well
Analyzing frame 65/78: q_9_main_1_30fps_frame0074.png
Prompt: Given the human reaction shown in the image, do you think the situation observed by that human ends well or poorly? (Use only one word -- well or poorly -- to answer)
Image size: 13340 bytes
Response status code: 200
{'model': 'deepseek-ocr:3b', 'created_at': '2025-12-08T06:34:06.2116592Z', 'message': {'role': 'assistant', 'content': 'Well'}, 'done': True, 'done_reason': 'stop', 'total_duration': 21069698677, 'load_duration': 19889161666, 'prompt_eval_count': 520, 'prompt_eval_duration': 420526100, 'eval_count': 2, 'eval_duration': 4323942}
Response: Well
Analyzing frame 66/78: q_9_main_1_30fps_frame0089.png
Prompt: Given the human reaction shown in the image, do you think the situation observed by that human ends well or poorly? (Use only one word -- well or poorly -- to answer)
Image size: 13276 bytes
Response status code: 200
{'model': 'deepseek-ocr:3b', 'created_at': '2025-12-08T06:34:41.173631759Z', 'message': {'role': 'assistant', 'content': 'Well'}, 'done': True, 'done_reason': 'stop', 'total_duration': 33900911566, 'load_duration': 32692439084, 'prompt_eval_count': 520, 'prompt_eval_duration': 423394091, 'eval_count': 2, 'eval_duration': 4580282}
Response: Well
Analyzing frame 67/78: q_warmup_3_main_1_30fps_frame0013.png
Prompt: Given the human reaction shown in the image, do you think the situation observed by that human ends well or poorly? (Use only one word -- well or poorly -- to answer)
Image size: 13276 bytes
Response status code: 200
{'model': 'deepseek-ocr:3b', 'created_at': '2025-12-08T06:34:56.999365633Z', 'message': {'role': 'assistant', 'content': 'Well'}, 'done': True, 'done_reason': 'stop', 'total_duration': 14760074441, 'load_duration': 13513473880, 'prompt_eval_count': 520, 'prompt_eval_duration': 420583211, 'eval_count': 2, 'eval_duration': 4336659}
Response: Well
Analyzing frame 68/78: q_warmup_3_main_1_30fps_frame0028.png
Prompt: Given the human reaction shown in the image, do you think the situation observed by that human ends well or poorly? (Use only one word -- well or poorly -- to answer)
Image size: 13260 bytes
Response status code: 200
{'model': 'deepseek-ocr:3b', 'created_at': '2025-12-08T06:35:23.830619661Z', 'message': {'role': 'assistant', 'content': 'Well'}, 'done': True, 'done_reason': 'stop', 'total_duration': 25756357055, 'load_duration': 24581074197, 'prompt_eval_count': 520, 'prompt_eval_duration': 428999214, 'eval_count': 2, 'eval_duration': 4175056}
Response: Well
Analyzing frame 69/78: q_warmup_3_main_1_30fps_frame0043.png
Prompt: Given the human reaction shown in the image, do you think the situation observed by that human ends well or poorly? (Use only one word -- well or poorly -- to answer)
Image size: 13280 bytes
Response status code: 200
{'model': 'deepseek-ocr:3b', 'created_at': '2025-12-08T06:35:43.527365095Z', 'message': {'role': 'assistant', 'content': 'Well'}, 'done': True, 'done_reason': 'stop', 'total_duration': 18639035297, 'load_duration': 17450914926, 'prompt_eval_count': 520, 'prompt_eval_duration': 439478947, 'eval_count': 2, 'eval_duration': 4467528}
Response: Well
Analyzing frame 70/78: q_warmup_3_main_1_30fps_frame0058.png
Prompt: Given the human reaction shown in the image, do you think the situation observed by that human ends well or poorly? (Use only one word -- well or poorly -- to answer)
Image size: 13228 bytes
Response status code: 200
{'model': 'deepseek-ocr:3b', 'created_at': '2025-12-08T06:36:04.970893Z', 'message': {'role': 'assistant', 'content': 'Well'}, 'done': True, 'done_reason': 'stop', 'total_duration': 20367771241, 'load_duration': 19183942863, 'prompt_eval_count': 520, 'prompt_eval_duration': 424784492, 'eval_count': 2, 'eval_duration': 4182796}
Response: Well
Analyzing frame 71/78: q_warmup_3_main_1_30fps_frame0073.png
Prompt: Given the human reaction shown in the image, do you think the situation observed by that human ends well or poorly? (Use only one word -- well or poorly -- to answer)
Image size: 13368 bytes
Response status code: 200
{'model': 'deepseek-ocr:3b', 'created_at': '2025-12-08T06:36:19.324716672Z', 'message': {'role': 'assistant', 'content': 'Well'}, 'done': True, 'done_reason': 'stop', 'total_duration': 13286731038, 'load_duration': 12041697857, 'prompt_eval_count': 520, 'prompt_eval_duration': 440502217, 'eval_count': 2, 'eval_duration': 4201695}
Response: Well
Analyzing frame 72/78: q_warmup_3_main_1_30fps_frame0088.png
Prompt: Given the human reaction shown in the image, do you think the situation observed by that human ends well or poorly? (Use only one word -- well or poorly -- to answer)
Image size: 13292 bytes
Response status code: 200
{'model': 'deepseek-ocr:3b', 'created_at': '2025-12-08T06:36:44.206456916Z', 'message': {'role': 'assistant', 'content': 'Well'}, 'done': True, 'done_reason': 'stop', 'total_duration': 23806242907, 'load_duration': 22645290514, 'prompt_eval_count': 520, 'prompt_eval_duration': 434153999, 'eval_count': 2, 'eval_duration': 4208004}
Response: Well
Analyzing frame 73/78: q_warmup_4_main_0_30fps_frame0014.png
Prompt: Given the human reaction shown in the image, do you think the situation observed by that human ends well or poorly? (Use only one word -- well or poorly -- to answer)
Image size: 13472 bytes
Response status code: 200
{'model': 'deepseek-ocr:3b', 'created_at': '2025-12-08T06:37:11.883271103Z', 'message': {'role': 'assistant', 'content': 'Well'}, 'done': True, 'done_reason': 'stop', 'total_duration': 26614859116, 'load_duration': 25351938784, 'prompt_eval_count': 520, 'prompt_eval_duration': 448656171, 'eval_count': 2, 'eval_duration': 4460605}
Response: Well
Analyzing frame 74/78: q_warmup_4_main_0_30fps_frame0029.png
Prompt: Given the human reaction shown in the image, do you think the situation observed by that human ends well or poorly? (Use only one word -- well or poorly -- to answer)
Image size: 13496 bytes
Response status code: 200
{'model': 'deepseek-ocr:3b', 'created_at': '2025-12-08T06:37:44.685437868Z', 'message': {'role': 'assistant', 'content': 'Well'}, 'done': True, 'done_reason': 'stop', 'total_duration': 31731092054, 'load_duration': 30554337026, 'prompt_eval_count': 520, 'prompt_eval_duration': 417594215, 'eval_count': 2, 'eval_duration': 4260342}
Response: Well
Analyzing frame 75/78: q_warmup_4_main_0_30fps_frame0044.png
Prompt: Given the human reaction shown in the image, do you think the situation observed by that human ends well or poorly? (Use only one word -- well or poorly -- to answer)
Image size: 13424 bytes
Response status code: 200
{'model': 'deepseek-ocr:3b', 'created_at': '2025-12-08T06:38:24.464123955Z', 'message': {'role': 'assistant', 'content': 'Well'}, 'done': True, 'done_reason': 'stop', 'total_duration': 38707145589, 'load_duration': 37539103674, 'prompt_eval_count': 520, 'prompt_eval_duration': 417875710, 'eval_count': 2, 'eval_duration': 4220905}
Response: Well
Analyzing frame 76/78: q_warmup_4_main_0_30fps_frame0059.png
Prompt: Given the human reaction shown in the image, do you think the situation observed by that human ends well or poorly? (Use only one word -- well or poorly -- to answer)
Image size: 13448 bytes
Response status code: 200
{'model': 'deepseek-ocr:3b', 'created_at': '2025-12-08T06:39:05.142005747Z', 'message': {'role': 'assistant', 'content': 'Well'}, 'done': True, 'done_reason': 'stop', 'total_duration': 39607445628, 'load_duration': 38411006254, 'prompt_eval_count': 520, 'prompt_eval_duration': 419640497, 'eval_count': 2, 'eval_duration': 4216702}
Response: Well
Analyzing frame 77/78: q_warmup_4_main_0_30fps_frame0074.png
Prompt: Given the human reaction shown in the image, do you think the situation observed by that human ends well or poorly? (Use only one word -- well or poorly -- to answer)
Image size: 13428 bytes
Response status code: 200
{'model': 'deepseek-ocr:3b', 'created_at': '2025-12-08T06:39:31.24009261Z', 'message': {'role': 'assistant', 'content': 'Well'}, 'done': True, 'done_reason': 'stop', 'total_duration': 25031899597, 'load_duration': 23839732572, 'prompt_eval_count': 520, 'prompt_eval_duration': 419615683, 'eval_count': 2, 'eval_duration': 4204398}
Response: Well
Analyzing frame 78/78: q_warmup_4_main_0_30fps_frame0089.png
Prompt: Given the human reaction shown in the image, do you think the situation observed by that human ends well or poorly? (Use only one word -- well or poorly -- to answer)
Image size: 13452 bytes
Response status code: 200
{'model': 'deepseek-ocr:3b', 'created_at': '2025-12-08T06:40:03.635350551Z', 'message': {'role': 'assistant', 'content': 'Well'}, 'done': True, 'done_reason': 'stop', 'total_duration': 31332824547, 'load_duration': 30136988873, 'prompt_eval_count': 520, 'prompt_eval_duration': 421515243, 'eval_count': 2, 'eval_duration': 4192265}
Response: Well
Processed 78 frames for participant 3157

Results saved to ./results/results_deepseek-ocr_3s.csv
Total frames in CSV: 3798

==================================================
Processing participant 7/27: 3203

Processing participant: 3203
Found 60 unprocessed frames for this participant
Analyzing frame 1/60: q_10_main_0_30fps_frame0014.png
Prompt: Given the human reaction shown in the image, do you think the situation observed by that human ends well or poorly? (Use only one word -- well or poorly -- to answer)
Image size: 12512 bytes
Response status code: 200
{'model': 'deepseek-ocr:3b', 'created_at': '2025-12-08T06:40:31.246659282Z', 'message': {'role': 'assistant', 'content': 'Well'}, 'done': True, 'done_reason': 'stop', 'total_duration': 26476246491, 'load_duration': 25295042829, 'prompt_eval_count': 520, 'prompt_eval_duration': 447923970, 'eval_count': 2, 'eval_duration': 4477135}
Response: Well
Analyzing frame 2/60: q_10_main_0_30fps_frame0029.png
Prompt: Given the human reaction shown in the image, do you think the situation observed by that human ends well or poorly? (Use only one word -- well or poorly -- to answer)
Image size: 12388 bytes
Response status code: 200
{'model': 'deepseek-ocr:3b', 'created_at': '2025-12-08T06:40:49.082755826Z', 'message': {'role': 'assistant', 'content': 'Well'}, 'done': True, 'done_reason': 'stop', 'total_duration': 16771680686, 'load_duration': 15608859698, 'prompt_eval_count': 520, 'prompt_eval_duration': 422799183, 'eval_count': 2, 'eval_duration': 4237946}
Response: Well
Analyzing frame 3/60: q_10_main_0_30fps_frame0044.png
Prompt: Given the human reaction shown in the image, do you think the situation observed by that human ends well or poorly? (Use only one word -- well or poorly -- to answer)
Image size: 12408 bytes
Response status code: 200
{'model': 'deepseek-ocr:3b', 'created_at': '2025-12-08T06:41:14.039060949Z', 'message': {'role': 'assistant', 'content': 'Well'}, 'done': True, 'done_reason': 'stop', 'total_duration': 23882601192, 'load_duration': 22727642975, 'prompt_eval_count': 520, 'prompt_eval_duration': 422790029, 'eval_count': 2, 'eval_duration': 4379198}
Response: Well
Analyzing frame 4/60: q_10_main_0_30fps_frame0059.png
Prompt: Given the human reaction shown in the image, do you think the situation observed by that human ends well or poorly? (Use only one word -- well or poorly -- to answer)
Image size: 12456 bytes
Response status code: 200
{'model': 'deepseek-ocr:3b', 'created_at': '2025-12-08T06:41:57.192018412Z', 'message': {'role': 'assistant', 'content': 'Well'}, 'done': True, 'done_reason': 'stop', 'total_duration': 42090973327, 'load_duration': 40904237254, 'prompt_eval_count': 520, 'prompt_eval_duration': 415061360, 'eval_count': 2, 'eval_duration': 4286875}
Response: Well
Analyzing frame 5/60: q_10_main_0_30fps_frame0074.png
Prompt: Given the human reaction shown in the image, do you think the situation observed by that human ends well or poorly? (Use only one word -- well or poorly -- to answer)
Image size: 12388 bytes
Response status code: 200
{'model': 'deepseek-ocr:3b', 'created_at': '2025-12-08T06:42:36.809372761Z', 'message': {'role': 'assistant', 'content': 'Well'}, 'done': True, 'done_reason': 'stop', 'total_duration': 38569820218, 'load_duration': 37383245939, 'prompt_eval_count': 520, 'prompt_eval_duration': 421892595, 'eval_count': 2, 'eval_duration': 4177811}
Response: Well
Analyzing frame 6/60: q_10_main_0_30fps_frame0089.png
Prompt: Given the human reaction shown in the image, do you think the situation observed by that human ends well or poorly? (Use only one word -- well or poorly -- to answer)
Image size: 12396 bytes
Response status code: 200
{'model': 'deepseek-ocr:3b', 'created_at': '2025-12-08T06:43:14.892247748Z', 'message': {'role': 'assistant', 'content': 'Well'}, 'done': True, 'done_reason': 'stop', 'total_duration': 36997662583, 'load_duration': 35799678758, 'prompt_eval_count': 520, 'prompt_eval_duration': 424550491, 'eval_count': 2, 'eval_duration': 4260387}
Response: Well
Analyzing frame 7/60: q_11_main_1_30fps_frame0013.png
Prompt: Given the human reaction shown in the image, do you think the situation observed by that human ends well or poorly? (Use only one word -- well or poorly -- to answer)
Image size: 12236 bytes
Response status code: 200
{'model': 'deepseek-ocr:3b', 'created_at': '2025-12-08T06:43:47.106304717Z', 'message': {'role': 'assistant', 'content': 'Well'}, 'done': True, 'done_reason': 'stop', 'total_duration': 31153795726, 'load_duration': 29979388707, 'prompt_eval_count': 520, 'prompt_eval_duration': 421770447, 'eval_count': 2, 'eval_duration': 4200549}
Response: Well
Analyzing frame 8/60: q_11_main_1_30fps_frame0028.png
Prompt: Given the human reaction shown in the image, do you think the situation observed by that human ends well or poorly? (Use only one word -- well or poorly -- to answer)
Image size: 12164 bytes
Response status code: 200
{'model': 'deepseek-ocr:3b', 'created_at': '2025-12-08T06:44:08.952200735Z', 'message': {'role': 'assistant', 'content': 'Well'}, 'done': True, 'done_reason': 'stop', 'total_duration': 20778331697, 'load_duration': 19491347370, 'prompt_eval_count': 520, 'prompt_eval_duration': 478044877, 'eval_count': 2, 'eval_duration': 4193899}
Response: Well
Analyzing frame 9/60: q_11_main_1_30fps_frame0043.png
Prompt: Given the human reaction shown in the image, do you think the situation observed by that human ends well or poorly? (Use only one word -- well or poorly -- to answer)
Image size: 12220 bytes
Response status code: 200
{'model': 'deepseek-ocr:3b', 'created_at': '2025-12-08T06:44:38.837647389Z', 'message': {'role': 'assistant', 'content': 'Well'}, 'done': True, 'done_reason': 'stop', 'total_duration': 28810524364, 'load_duration': 27634772206, 'prompt_eval_count': 520, 'prompt_eval_duration': 421794825, 'eval_count': 2, 'eval_duration': 4280584}
Response: Well
Analyzing frame 10/60: q_11_main_1_30fps_frame0058.png
Prompt: Given the human reaction shown in the image, do you think the situation observed by that human ends well or poorly? (Use only one word -- well or poorly -- to answer)
Image size: 12256 bytes
Response status code: 200
{'model': 'deepseek-ocr:3b', 'created_at': '2025-12-08T06:45:13.898331617Z', 'message': {'role': 'assistant', 'content': 'Well'}, 'done': True, 'done_reason': 'stop', 'total_duration': 33980382745, 'load_duration': 32698214383, 'prompt_eval_count': 520, 'prompt_eval_duration': 427750032, 'eval_count': 2, 'eval_duration': 4251279}
Response: Well
Analyzing frame 11/60: q_11_main_1_30fps_frame0073.png
Prompt: Given the human reaction shown in the image, do you think the situation observed by that human ends well or poorly? (Use only one word -- well or poorly -- to answer)
Image size: 12236 bytes
Response status code: 200
{'model': 'deepseek-ocr:3b', 'created_at': '2025-12-08T06:45:43.710507995Z', 'message': {'role': 'assistant', 'content': 'Well'}, 'done': True, 'done_reason': 'stop', 'total_duration': 28757566032, 'load_duration': 27434550069, 'prompt_eval_count': 520, 'prompt_eval_duration': 507433179, 'eval_count': 2, 'eval_duration': 4243488}
Response: Well
Analyzing frame 12/60: q_11_main_1_30fps_frame0088.png
Prompt: Given the human reaction shown in the image, do you think the situation observed by that human ends well or poorly? (Use only one word -- well or poorly -- to answer)
Image size: 12052 bytes
Response status code: 200
{'model': 'deepseek-ocr:3b', 'created_at': '2025-12-08T06:46:13.83033852Z', 'message': {'role': 'assistant', 'content': 'Well'}, 'done': True, 'done_reason': 'stop', 'total_duration': 29044444857, 'load_duration': 27782469393, 'prompt_eval_count': 520, 'prompt_eval_duration': 474359570, 'eval_count': 2, 'eval_duration': 4179173}
Response: Well
Analyzing frame 13/60: q_12_main_1_30fps_frame0014.png
Prompt: Given the human reaction shown in the image, do you think the situation observed by that human ends well or poorly? (Use only one word -- well or poorly -- to answer)
Image size: 12272 bytes
Response status code: 200
{'model': 'deepseek-ocr:3b', 'created_at': '2025-12-08T06:46:50.694575501Z', 'message': {'role': 'assistant', 'content': 'Well'}, 'done': True, 'done_reason': 'stop', 'total_duration': 35805217290, 'load_duration': 34544870187, 'prompt_eval_count': 520, 'prompt_eval_duration': 419037161, 'eval_count': 2, 'eval_duration': 4204149}
Response: Well
Analyzing frame 14/60: q_12_main_1_30fps_frame0029.png
Prompt: Given the human reaction shown in the image, do you think the situation observed by that human ends well or poorly? (Use only one word -- well or poorly -- to answer)
Image size: 12232 bytes
Response status code: 200
{'model': 'deepseek-ocr:3b', 'created_at': '2025-12-08T06:47:42.504437874Z', 'message': {'role': 'assistant', 'content': 'Well'}, 'done': True, 'done_reason': 'stop', 'total_duration': 50739683618, 'load_duration': 49533782149, 'prompt_eval_count': 520, 'prompt_eval_duration': 443371028, 'eval_count': 2, 'eval_duration': 4434537}
Response: Well
Analyzing frame 15/60: q_12_main_1_30fps_frame0044.png
Prompt: Given the human reaction shown in the image, do you think the situation observed by that human ends well or poorly? (Use only one word -- well or poorly -- to answer)
Image size: 12196 bytes
Response status code: 200
{'model': 'deepseek-ocr:3b', 'created_at': '2025-12-08T06:47:59.539977773Z', 'message': {'role': 'assistant', 'content': 'Well'}, 'done': True, 'done_reason': 'stop', 'total_duration': 15954420872, 'load_duration': 14782112228, 'prompt_eval_count': 520, 'prompt_eval_duration': 428553645, 'eval_count': 2, 'eval_duration': 4201807}
Response: Well
Analyzing frame 16/60: q_12_main_1_30fps_frame0059.png
Prompt: Given the human reaction shown in the image, do you think the situation observed by that human ends well or poorly? (Use only one word -- well or poorly -- to answer)
Image size: 12136 bytes
Response status code: 200
{'model': 'deepseek-ocr:3b', 'created_at': '2025-12-08T06:48:20.192829194Z', 'message': {'role': 'assistant', 'content': 'Well'}, 'done': True, 'done_reason': 'stop', 'total_duration': 19583055751, 'load_duration': 18398241598, 'prompt_eval_count': 520, 'prompt_eval_duration': 425785336, 'eval_count': 2, 'eval_duration': 4208050}
Response: Well
Analyzing frame 17/60: q_12_main_1_30fps_frame0074.png
Prompt: Given the human reaction shown in the image, do you think the situation observed by that human ends well or poorly? (Use only one word -- well or poorly -- to answer)
Image size: 12160 bytes
Response status code: 200
{'model': 'deepseek-ocr:3b', 'created_at': '2025-12-08T06:48:59.048225613Z', 'message': {'role': 'assistant', 'content': 'Well'}, 'done': True, 'done_reason': 'stop', 'total_duration': 37778207055, 'load_duration': 36622179522, 'prompt_eval_count': 520, 'prompt_eval_duration': 414573239, 'eval_count': 2, 'eval_duration': 4478890}
Response: Well
Analyzing frame 18/60: q_12_main_1_30fps_frame0089.png
Prompt: Given the human reaction shown in the image, do you think the situation observed by that human ends well or poorly? (Use only one word -- well or poorly -- to answer)
Image size: 12204 bytes
Response status code: 200
{'model': 'deepseek-ocr:3b', 'created_at': '2025-12-08T06:49:42.201760398Z', 'message': {'role': 'assistant', 'content': 'Well'}, 'done': True, 'done_reason': 'stop', 'total_duration': 42090905550, 'load_duration': 40905537083, 'prompt_eval_count': 520, 'prompt_eval_duration': 419097915, 'eval_count': 2, 'eval_duration': 4215357}
Response: Well
Analyzing frame 19/60: q_19_main_0_30fps_frame0015.png
Prompt: Given the human reaction shown in the image, do you think the situation observed by that human ends well or poorly? (Use only one word -- well or poorly -- to answer)
Image size: 12248 bytes
Response status code: 200
{'model': 'deepseek-ocr:3b', 'created_at': '2025-12-08T06:50:01.827341159Z', 'message': {'role': 'assistant', 'content': 'Well'}, 'done': True, 'done_reason': 'stop', 'total_duration': 18550813565, 'load_duration': 17331930722, 'prompt_eval_count': 520, 'prompt_eval_duration': 425605517, 'eval_count': 2, 'eval_duration': 4198916}
Response: Well
Analyzing frame 20/60: q_19_main_0_30fps_frame0030.png
Prompt: Given the human reaction shown in the image, do you think the situation observed by that human ends well or poorly? (Use only one word -- well or poorly -- to answer)
Image size: 12208 bytes
Response status code: 200
{'model': 'deepseek-ocr:3b', 'created_at': '2025-12-08T06:50:45.905484037Z', 'message': {'role': 'assistant', 'content': 'Well'}, 'done': True, 'done_reason': 'stop', 'total_duration': 43017015668, 'load_duration': 41819859928, 'prompt_eval_count': 520, 'prompt_eval_duration': 415086499, 'eval_count': 2, 'eval_duration': 4291055}
Response: Well
Analyzing frame 21/60: q_19_main_0_30fps_frame0045.png
Prompt: Given the human reaction shown in the image, do you think the situation observed by that human ends well or poorly? (Use only one word -- well or poorly -- to answer)
Image size: 12304 bytes
Response status code: 200
{'model': 'deepseek-ocr:3b', 'created_at': '2025-12-08T06:51:01.542214328Z', 'message': {'role': 'assistant', 'content': 'Well'}, 'done': True, 'done_reason': 'stop', 'total_duration': 14569466165, 'load_duration': 13376467112, 'prompt_eval_count': 520, 'prompt_eval_duration': 422578907, 'eval_count': 2, 'eval_duration': 4267998}
Response: Well
Analyzing frame 22/60: q_19_main_0_30fps_frame0060.png
Prompt: Given the human reaction shown in the image, do you think the situation observed by that human ends well or poorly? (Use only one word -- well or poorly -- to answer)
Image size: 12248 bytes
Response status code: 200
{'model': 'deepseek-ocr:3b', 'created_at': '2025-12-08T06:51:56.453229847Z', 'message': {'role': 'assistant', 'content': 'Well'}, 'done': True, 'done_reason': 'stop', 'total_duration': 53845234387, 'load_duration': 52640920955, 'prompt_eval_count': 520, 'prompt_eval_duration': 417740099, 'eval_count': 2, 'eval_duration': 4295762}
Response: Well
Analyzing frame 23/60: q_19_main_0_30fps_frame0075.png
Prompt: Given the human reaction shown in the image, do you think the situation observed by that human ends well or poorly? (Use only one word -- well or poorly -- to answer)
Image size: 12500 bytes
Response status code: 200
{'model': 'deepseek-ocr:3b', 'created_at': '2025-12-08T06:52:06.831078183Z', 'message': {'role': 'assistant', 'content': 'Well'}, 'done': True, 'done_reason': 'stop', 'total_duration': 9309361954, 'load_duration': 8115306863, 'prompt_eval_count': 520, 'prompt_eval_duration': 419289724, 'eval_count': 2, 'eval_duration': 4197131}
Response: Well
Analyzing frame 24/60: q_19_main_0_30fps_frame0090.png
Prompt: Given the human reaction shown in the image, do you think the situation observed by that human ends well or poorly? (Use only one word -- well or poorly -- to answer)
Image size: 12324 bytes
Response status code: 200
{'model': 'deepseek-ocr:3b', 'created_at': '2025-12-08T06:52:30.951413268Z', 'message': {'role': 'assistant', 'content': 'Well'}, 'done': True, 'done_reason': 'stop', 'total_duration': 23091658325, 'load_duration': 21855763083, 'prompt_eval_count': 520, 'prompt_eval_duration': 420662711, 'eval_count': 2, 'eval_duration': 4217243}
Response: Well
Analyzing frame 25/60: q_21_main_1_30fps_frame0014.png
Prompt: Given the human reaction shown in the image, do you think the situation observed by that human ends well or poorly? (Use only one word -- well or poorly -- to answer)
Image size: 12392 bytes
Response status code: 200
{'model': 'deepseek-ocr:3b', 'created_at': '2025-12-08T06:52:49.183076869Z', 'message': {'role': 'assistant', 'content': 'Well'}, 'done': True, 'done_reason': 'stop', 'total_duration': 17159810427, 'load_duration': 15953743380, 'prompt_eval_count': 520, 'prompt_eval_duration': 439782102, 'eval_count': 2, 'eval_duration': 4557882}
Response: Well
Analyzing frame 26/60: q_21_main_1_30fps_frame0029.png
Prompt: Given the human reaction shown in the image, do you think the situation observed by that human ends well or poorly? (Use only one word -- well or poorly -- to answer)
Image size: 12268 bytes
Response status code: 200
{'model': 'deepseek-ocr:3b', 'created_at': '2025-12-08T06:53:48.726337417Z', 'message': {'role': 'assistant', 'content': 'Well'}, 'done': True, 'done_reason': 'stop', 'total_duration': 58478603190, 'load_duration': 57288418913, 'prompt_eval_count': 520, 'prompt_eval_duration': 438081388, 'eval_count': 2, 'eval_duration': 4186692}
Response: Well
Analyzing frame 27/60: q_21_main_1_30fps_frame0044.png
Prompt: Given the human reaction shown in the image, do you think the situation observed by that human ends well or poorly? (Use only one word -- well or poorly -- to answer)
Image size: 12480 bytes
Response status code: 200
{'model': 'deepseek-ocr:3b', 'created_at': '2025-12-08T06:54:14.74544673Z', 'message': {'role': 'assistant', 'content': 'Well'}, 'done': True, 'done_reason': 'stop', 'total_duration': 24951141684, 'load_duration': 23807249594, 'prompt_eval_count': 520, 'prompt_eval_duration': 419197604, 'eval_count': 2, 'eval_duration': 4180418}
Response: Well
Analyzing frame 28/60: q_21_main_1_30fps_frame0059.png
Prompt: Given the human reaction shown in the image, do you think the situation observed by that human ends well or poorly? (Use only one word -- well or poorly -- to answer)
Image size: 12344 bytes
Response status code: 200
{'model': 'deepseek-ocr:3b', 'created_at': '2025-12-08T06:54:46.8132321Z', 'message': {'role': 'assistant', 'content': 'Well'}, 'done': True, 'done_reason': 'stop', 'total_duration': 31005242000, 'load_duration': 29762647000, 'prompt_eval_count': 520, 'prompt_eval_duration': 478016292, 'eval_count': 2, 'eval_duration': 4171738}
Response: Well
Analyzing frame 29/60: q_21_main_1_30fps_frame0074.png
Prompt: Given the human reaction shown in the image, do you think the situation observed by that human ends well or poorly? (Use only one word -- well or poorly -- to answer)
Image size: 12380 bytes
Response status code: 200
{'model': 'deepseek-ocr:3b', 'created_at': '2025-12-08T06:55:17.604767913Z', 'message': {'role': 'assistant', 'content': 'Well'}, 'done': True, 'done_reason': 'stop', 'total_duration': 29720297790, 'load_duration': 28496231578, 'prompt_eval_count': 520, 'prompt_eval_duration': 431404177, 'eval_count': 2, 'eval_duration': 4352341}
Response: Well
Analyzing frame 30/60: q_21_main_1_30fps_frame0089.png
Prompt: Given the human reaction shown in the image, do you think the situation observed by that human ends well or poorly? (Use only one word -- well or poorly -- to answer)
Image size: 12428 bytes
Response status code: 200
{'model': 'deepseek-ocr:3b', 'created_at': '2025-12-08T06:56:06.911916229Z', 'message': {'role': 'assistant', 'content': 'Well'}, 'done': True, 'done_reason': 'stop', 'total_duration': 48254790682, 'load_duration': 47049577638, 'prompt_eval_count': 520, 'prompt_eval_duration': 447848960, 'eval_count': 2, 'eval_duration': 4457160}
Response: Well
Analyzing frame 31/60: q_22_main_0_30fps_frame0015.png
Prompt: Given the human reaction shown in the image, do you think the situation observed by that human ends well or poorly? (Use only one word -- well or poorly -- to answer)
Image size: 12360 bytes
Response status code: 200
{'model': 'deepseek-ocr:3b', 'created_at': '2025-12-08T06:56:37.351919566Z', 'message': {'role': 'assistant', 'content': 'Well'}, 'done': True, 'done_reason': 'stop', 'total_duration': 29381366748, 'load_duration': 28176290855, 'prompt_eval_count': 520, 'prompt_eval_duration': 441058716, 'eval_count': 2, 'eval_duration': 4202125}
Response: Well
Analyzing frame 32/60: q_22_main_0_30fps_frame0030.png
Prompt: Given the human reaction shown in the image, do you think the situation observed by that human ends well or poorly? (Use only one word -- well or poorly -- to answer)
Image size: 12300 bytes
Response status code: 200
{'model': 'deepseek-ocr:3b', 'created_at': '2025-12-08T06:56:53.626948004Z', 'message': {'role': 'assistant', 'content': 'Well'}, 'done': True, 'done_reason': 'stop', 'total_duration': 15194901723, 'load_duration': 13980352766, 'prompt_eval_count': 520, 'prompt_eval_duration': 437139381, 'eval_count': 2, 'eval_duration': 4424510}
Response: Well
Analyzing frame 33/60: q_22_main_0_30fps_frame0045.png
Prompt: Given the human reaction shown in the image, do you think the situation observed by that human ends well or poorly? (Use only one word -- well or poorly -- to answer)
Image size: 12232 bytes
Response status code: 200
{'model': 'deepseek-ocr:3b', 'created_at': '2025-12-08T06:57:56.202081211Z', 'message': {'role': 'assistant', 'content': 'Well'}, 'done': True, 'done_reason': 'stop', 'total_duration': 61502267431, 'load_duration': 60302983074, 'prompt_eval_count': 520, 'prompt_eval_duration': 418688689, 'eval_count': 2, 'eval_duration': 4191488}
Response: Well
Analyzing frame 34/60: q_22_main_0_30fps_frame0060.png
Prompt: Given the human reaction shown in the image, do you think the situation observed by that human ends well or poorly? (Use only one word -- well or poorly -- to answer)
Image size: 12152 bytes
Response status code: 200
{'model': 'deepseek-ocr:3b', 'created_at': '2025-12-08T06:58:15.589290146Z', 'message': {'role': 'assistant', 'content': 'Well'}, 'done': True, 'done_reason': 'stop', 'total_duration': 18306401352, 'load_duration': 17091584774, 'prompt_eval_count': 520, 'prompt_eval_duration': 450037986, 'eval_count': 2, 'eval_duration': 4455381}
Response: Well
Analyzing frame 35/60: q_22_main_0_30fps_frame0075.png
Prompt: Given the human reaction shown in the image, do you think the situation observed by that human ends well or poorly? (Use only one word -- well or poorly -- to answer)
Image size: 12248 bytes
Response status code: 200
{'model': 'deepseek-ocr:3b', 'created_at': '2025-12-08T06:58:25.365595555Z', 'message': {'role': 'assistant', 'content': 'Well'}, 'done': True, 'done_reason': 'stop', 'total_duration': 8712378844, 'load_duration': 7407328434, 'prompt_eval_count': 520, 'prompt_eval_duration': 475100310, 'eval_count': 2, 'eval_duration': 4222851}
Response: Well
Analyzing frame 36/60: q_22_main_0_30fps_frame0090.png
Prompt: Given the human reaction shown in the image, do you think the situation observed by that human ends well or poorly? (Use only one word -- well or poorly -- to answer)
Image size: 12228 bytes
Response status code: 200
{'model': 'deepseek-ocr:3b', 'created_at': '2025-12-08T06:58:35.176918669Z', 'message': {'role': 'assistant', 'content': 'Well'}, 'done': True, 'done_reason': 'stop', 'total_duration': 8778471624, 'load_duration': 7607064688, 'prompt_eval_count': 520, 'prompt_eval_duration': 417104588, 'eval_count': 2, 'eval_duration': 4317534}
Response: Well
Analyzing frame 37/60: q_30_main_0_30fps_frame0014.png
Prompt: Given the human reaction shown in the image, do you think the situation observed by that human ends well or poorly? (Use only one word -- well or poorly -- to answer)
Image size: 12252 bytes
Response status code: 200
{'model': 'deepseek-ocr:3b', 'created_at': '2025-12-08T06:58:45.430570246Z', 'message': {'role': 'assistant', 'content': 'Well'}, 'done': True, 'done_reason': 'stop', 'total_duration': 9187966611, 'load_duration': 8008158876, 'prompt_eval_count': 520, 'prompt_eval_duration': 424849802, 'eval_count': 2, 'eval_duration': 4189135}
Response: Well
Analyzing frame 38/60: q_30_main_0_30fps_frame0029.png
Prompt: Given the human reaction shown in the image, do you think the situation observed by that human ends well or poorly? (Use only one word -- well or poorly -- to answer)
Image size: 12268 bytes
Response status code: 200
{'model': 'deepseek-ocr:3b', 'created_at': '2025-12-08T06:58:55.291746521Z', 'message': {'role': 'assistant', 'content': 'Well'}, 'done': True, 'done_reason': 'stop', 'total_duration': 8822865229, 'load_duration': 7654535741, 'prompt_eval_count': 520, 'prompt_eval_duration': 422619988, 'eval_count': 2, 'eval_duration': 4251885}
Response: Well
Analyzing frame 39/60: q_30_main_0_30fps_frame0044.png
Prompt: Given the human reaction shown in the image, do you think the situation observed by that human ends well or poorly? (Use only one word -- well or poorly -- to answer)
Image size: 12264 bytes
Response status code: 200
{'model': 'deepseek-ocr:3b', 'created_at': '2025-12-08T06:59:05.199432242Z', 'message': {'role': 'assistant', 'content': 'Well'}, 'done': True, 'done_reason': 'stop', 'total_duration': 8872576282, 'load_duration': 7700341980, 'prompt_eval_count': 520, 'prompt_eval_duration': 428784392, 'eval_count': 2, 'eval_duration': 4321161}
Response: Well
Analyzing frame 40/60: q_30_main_0_30fps_frame0059.png
Prompt: Given the human reaction shown in the image, do you think the situation observed by that human ends well or poorly? (Use only one word -- well or poorly -- to answer)
Image size: 12292 bytes
Response status code: 200
{'model': 'deepseek-ocr:3b', 'created_at': '2025-12-08T06:59:14.87136409Z', 'message': {'role': 'assistant', 'content': 'Well'}, 'done': True, 'done_reason': 'stop', 'total_duration': 8627697759, 'load_duration': 7475146875, 'prompt_eval_count': 520, 'prompt_eval_duration': 423169220, 'eval_count': 2, 'eval_duration': 4358404}
Response: Well
Analyzing frame 41/60: q_30_main_0_30fps_frame0074.png
Prompt: Given the human reaction shown in the image, do you think the situation observed by that human ends well or poorly? (Use only one word -- well or poorly -- to answer)
Image size: 12364 bytes
Response status code: 200
{'model': 'deepseek-ocr:3b', 'created_at': '2025-12-08T06:59:25.436471454Z', 'message': {'role': 'assistant', 'content': 'Well'}, 'done': True, 'done_reason': 'stop', 'total_duration': 9518873650, 'load_duration': 8256352969, 'prompt_eval_count': 520, 'prompt_eval_duration': 447168303, 'eval_count': 2, 'eval_duration': 4433183}
Response: Well
Analyzing frame 42/60: q_30_main_0_30fps_frame0089.png
Prompt: Given the human reaction shown in the image, do you think the situation observed by that human ends well or poorly? (Use only one word -- well or poorly -- to answer)
Image size: 12348 bytes
Response status code: 200
{'model': 'deepseek-ocr:3b', 'created_at': '2025-12-08T06:59:35.569248717Z', 'message': {'role': 'assistant', 'content': 'Well'}, 'done': True, 'done_reason': 'stop', 'total_duration': 9099783191, 'load_duration': 7946628200, 'prompt_eval_count': 520, 'prompt_eval_duration': 421650720, 'eval_count': 2, 'eval_duration': 4214384}
Response: Well
Analyzing frame 43/60: q_7_main_1_30fps_frame0014.png
Prompt: Given the human reaction shown in the image, do you think the situation observed by that human ends well or poorly? (Use only one word -- well or poorly -- to answer)
Image size: 12228 bytes
Response status code: 200
{'model': 'deepseek-ocr:3b', 'created_at': '2025-12-08T06:59:45.454122447Z', 'message': {'role': 'assistant', 'content': 'Well'}, 'done': True, 'done_reason': 'stop', 'total_duration': 8815294611, 'load_duration': 7669015582, 'prompt_eval_count': 520, 'prompt_eval_duration': 421939010, 'eval_count': 2, 'eval_duration': 4215258}
Response: Well
Analyzing frame 44/60: q_7_main_1_30fps_frame0029.png
Prompt: Given the human reaction shown in the image, do you think the situation observed by that human ends well or poorly? (Use only one word -- well or poorly -- to answer)
Image size: 12284 bytes
Response status code: 200
{'model': 'deepseek-ocr:3b', 'created_at': '2025-12-08T06:59:55.531097583Z', 'message': {'role': 'assistant', 'content': 'Well'}, 'done': True, 'done_reason': 'stop', 'total_duration': 9027717883, 'load_duration': 7705743772, 'prompt_eval_count': 520, 'prompt_eval_duration': 414893109, 'eval_count': 2, 'eval_duration': 4205921}
Response: Well
Analyzing frame 45/60: q_7_main_1_30fps_frame0044.png
Prompt: Given the human reaction shown in the image, do you think the situation observed by that human ends well or poorly? (Use only one word -- well or poorly -- to answer)
Image size: 12224 bytes
Response status code: 200
{'model': 'deepseek-ocr:3b', 'created_at': '2025-12-08T07:00:05.783013346Z', 'message': {'role': 'assistant', 'content': 'Well'}, 'done': True, 'done_reason': 'stop', 'total_duration': 9202139923, 'load_duration': 8036939271, 'prompt_eval_count': 520, 'prompt_eval_duration': 427889660, 'eval_count': 2, 'eval_duration': 4209261}
Response: Well
Analyzing frame 46/60: q_7_main_1_30fps_frame0059.png
Prompt: Given the human reaction shown in the image, do you think the situation observed by that human ends well or poorly? (Use only one word -- well or poorly -- to answer)
Image size: 12344 bytes
Response status code: 200
{'model': 'deepseek-ocr:3b', 'created_at': '2025-12-08T07:00:15.467072785Z', 'message': {'role': 'assistant', 'content': 'Well'}, 'done': True, 'done_reason': 'stop', 'total_duration': 8651142990, 'load_duration': 7489107444, 'prompt_eval_count': 520, 'prompt_eval_duration': 411823378, 'eval_count': 2, 'eval_duration': 4260645}
Response: Well
Analyzing frame 47/60: q_7_main_1_30fps_frame0074.png
Prompt: Given the human reaction shown in the image, do you think the situation observed by that human ends well or poorly? (Use only one word -- well or poorly -- to answer)
Image size: 12236 bytes
Response status code: 200
{'model': 'deepseek-ocr:3b', 'created_at': '2025-12-08T07:00:25.834374459Z', 'message': {'role': 'assistant', 'content': 'Well'}, 'done': True, 'done_reason': 'stop', 'total_duration': 9316098217, 'load_duration': 8143099918, 'prompt_eval_count': 520, 'prompt_eval_duration': 421311545, 'eval_count': 2, 'eval_duration': 4213026}
Response: Well
Analyzing frame 48/60: q_7_main_1_30fps_frame0089.png
Prompt: Given the human reaction shown in the image, do you think the situation observed by that human ends well or poorly? (Use only one word -- well or poorly -- to answer)
Image size: 12224 bytes
Response status code: 200
{'model': 'deepseek-ocr:3b', 'created_at': '2025-12-08T07:00:35.779656077Z', 'message': {'role': 'assistant', 'content': 'Well'}, 'done': True, 'done_reason': 'stop', 'total_duration': 8916599192, 'load_duration': 7735574592, 'prompt_eval_count': 520, 'prompt_eval_duration': 418251049, 'eval_count': 2, 'eval_duration': 4182607}
Response: Well
Analyzing frame 49/60: q_warmup_4_main_0_30fps_frame0015.png
Prompt: Given the human reaction shown in the image, do you think the situation observed by that human ends well or poorly? (Use only one word -- well or poorly -- to answer)
Image size: 12212 bytes
Response status code: 200
{'model': 'deepseek-ocr:3b', 'created_at': '2025-12-08T07:00:45.578576117Z', 'message': {'role': 'assistant', 'content': 'Well'}, 'done': True, 'done_reason': 'stop', 'total_duration': 8768807905, 'load_duration': 7496880665, 'prompt_eval_count': 520, 'prompt_eval_duration': 422200520, 'eval_count': 2, 'eval_duration': 4220282}
Response: Well
Analyzing frame 50/60: q_warmup_4_main_0_30fps_frame0030.png
Prompt: Given the human reaction shown in the image, do you think the situation observed by that human ends well or poorly? (Use only one word -- well or poorly -- to answer)
Image size: 12208 bytes
Response status code: 200
{'model': 'deepseek-ocr:3b', 'created_at': '2025-12-08T07:00:55.380325678Z', 'message': {'role': 'assistant', 'content': 'Well'}, 'done': True, 'done_reason': 'stop', 'total_duration': 8772118180, 'load_duration': 7609922802, 'prompt_eval_count': 520, 'prompt_eval_duration': 416666058, 'eval_count': 2, 'eval_duration': 4276077}
Response: Well
Analyzing frame 51/60: q_warmup_4_main_0_30fps_frame0045.png
Prompt: Given the human reaction shown in the image, do you think the situation observed by that human ends well or poorly? (Use only one word -- well or poorly -- to answer)
Image size: 12208 bytes
Response status code: 200
{'model': 'deepseek-ocr:3b', 'created_at': '2025-12-08T07:01:05.204006795Z', 'message': {'role': 'assistant', 'content': 'Well'}, 'done': True, 'done_reason': 'stop', 'total_duration': 8755769091, 'load_duration': 7611429352, 'prompt_eval_count': 520, 'prompt_eval_duration': 423164406, 'eval_count': 2, 'eval_duration': 4293987}
Response: Well
Analyzing frame 52/60: q_warmup_4_main_0_30fps_frame0060.png
Prompt: Given the human reaction shown in the image, do you think the situation observed by that human ends well or poorly? (Use only one word -- well or poorly -- to answer)
Image size: 12280 bytes
Response status code: 200
{'model': 'deepseek-ocr:3b', 'created_at': '2025-12-08T07:01:15.257794171Z', 'message': {'role': 'assistant', 'content': 'Well'}, 'done': True, 'done_reason': 'stop', 'total_duration': 9027278354, 'load_duration': 7869790337, 'prompt_eval_count': 520, 'prompt_eval_duration': 429321972, 'eval_count': 2, 'eval_duration': 4205245}
Response: Well
Analyzing frame 53/60: q_warmup_4_main_0_30fps_frame0075.png
Prompt: Given the human reaction shown in the image, do you think the situation observed by that human ends well or poorly? (Use only one word -- well or poorly -- to answer)
Image size: 12252 bytes
Response status code: 200
{'model': 'deepseek-ocr:3b', 'created_at': '2025-12-08T07:01:25.826848669Z', 'message': {'role': 'assistant', 'content': 'Well'}, 'done': True, 'done_reason': 'stop', 'total_duration': 9532178161, 'load_duration': 8366334074, 'prompt_eval_count': 520, 'prompt_eval_duration': 427725853, 'eval_count': 2, 'eval_duration': 4338852}
Response: Well
Analyzing frame 54/60: q_warmup_4_main_0_30fps_frame0090.png
Prompt: Given the human reaction shown in the image, do you think the situation observed by that human ends well or poorly? (Use only one word -- well or poorly -- to answer)
Image size: 12284 bytes
Response status code: 200
{'model': 'deepseek-ocr:3b', 'created_at': '2025-12-08T07:01:35.491056752Z', 'message': {'role': 'assistant', 'content': 'Well'}, 'done': True, 'done_reason': 'stop', 'total_duration': 8651029835, 'load_duration': 7453480491, 'prompt_eval_count': 520, 'prompt_eval_duration': 422445515, 'eval_count': 2, 'eval_duration': 4197975}
Response: Well
Analyzing frame 55/60: q_warmup_5_main_1_30fps_frame0014.png
Prompt: Given the human reaction shown in the image, do you think the situation observed by that human ends well or poorly? (Use only one word -- well or poorly -- to answer)
Image size: 12272 bytes
Response status code: 200
{'model': 'deepseek-ocr:3b', 'created_at': '2025-12-08T07:01:45.797505391Z', 'message': {'role': 'assistant', 'content': 'Well'}, 'done': True, 'done_reason': 'stop', 'total_duration': 9263155329, 'load_duration': 8067020065, 'prompt_eval_count': 520, 'prompt_eval_duration': 417810661, 'eval_count': 2, 'eval_duration': 4190290}
Response: Well
Analyzing frame 56/60: q_warmup_5_main_1_30fps_frame0029.png
Prompt: Given the human reaction shown in the image, do you think the situation observed by that human ends well or poorly? (Use only one word -- well or poorly -- to answer)
Image size: 12408 bytes
Response status code: 200
{'model': 'deepseek-ocr:3b', 'created_at': '2025-12-08T07:01:55.981914915Z', 'message': {'role': 'assistant', 'content': 'Well'}, 'done': True, 'done_reason': 'stop', 'total_duration': 9149290243, 'load_duration': 7995539053, 'prompt_eval_count': 520, 'prompt_eval_duration': 422106263, 'eval_count': 2, 'eval_duration': 4209511}
Response: Well
Analyzing frame 57/60: q_warmup_5_main_1_30fps_frame0044.png
Prompt: Given the human reaction shown in the image, do you think the situation observed by that human ends well or poorly? (Use only one word -- well or poorly -- to answer)
Image size: 12260 bytes
Response status code: 200
{'model': 'deepseek-ocr:3b', 'created_at': '2025-12-08T07:02:05.867898731Z', 'message': {'role': 'assistant', 'content': 'Well'}, 'done': True, 'done_reason': 'stop', 'total_duration': 8855348619, 'load_duration': 7654104646, 'prompt_eval_count': 520, 'prompt_eval_duration': 418504079, 'eval_count': 2, 'eval_duration': 4208030}
Response: Well
Analyzing frame 58/60: q_warmup_5_main_1_30fps_frame0059.png
Prompt: Given the human reaction shown in the image, do you think the situation observed by that human ends well or poorly? (Use only one word -- well or poorly -- to answer)
Image size: 12336 bytes
Response status code: 200
{'model': 'deepseek-ocr:3b', 'created_at': '2025-12-08T07:02:15.730178513Z', 'message': {'role': 'assistant', 'content': 'Well'}, 'done': True, 'done_reason': 'stop', 'total_duration': 8819677243, 'load_duration': 7644274117, 'prompt_eval_count': 520, 'prompt_eval_duration': 422468591, 'eval_count': 2, 'eval_duration': 4212052}
Response: Well
Analyzing frame 59/60: q_warmup_5_main_1_30fps_frame0074.png
Prompt: Given the human reaction shown in the image, do you think the situation observed by that human ends well or poorly? (Use only one word -- well or poorly -- to answer)
Image size: 12224 bytes
Response status code: 200
{'model': 'deepseek-ocr:3b', 'created_at': '2025-12-08T07:02:26.440263204Z', 'message': {'role': 'assistant', 'content': 'Well'}, 'done': True, 'done_reason': 'stop', 'total_duration': 9659113840, 'load_duration': 8336372951, 'prompt_eval_count': 520, 'prompt_eval_duration': 440228983, 'eval_count': 2, 'eval_duration': 4435678}
Response: Well
Analyzing frame 60/60: q_warmup_5_main_1_30fps_frame0089.png
Prompt: Given the human reaction shown in the image, do you think the situation observed by that human ends well or poorly? (Use only one word -- well or poorly -- to answer)
Image size: 12084 bytes
Response status code: 200
{'model': 'deepseek-ocr:3b', 'created_at': '2025-12-08T07:02:36.042142608Z', 'message': {'role': 'assistant', 'content': 'Well'}, 'done': True, 'done_reason': 'stop', 'total_duration': 8552670290, 'load_duration': 7335263050, 'prompt_eval_count': 520, 'prompt_eval_duration': 432492435, 'eval_count': 2, 'eval_duration': 4199234}
Response: Well
Processed 60 frames for participant 3203

Results saved to ./results/results_deepseek-ocr_3s.csv
Total frames in CSV: 3858

==================================================
Processing participant 8/27: 3339

Processing participant: 3339
Found 48 unprocessed frames for this participant
Analyzing frame 1/48: q_14_main_1_30fps_frame0014.png
Prompt: Given the human reaction shown in the image, do you think the situation observed by that human ends well or poorly? (Use only one word -- well or poorly -- to answer)
Image size: 8928 bytes
Response status code: 200
{'model': 'deepseek-ocr:3b', 'created_at': '2025-12-08T07:02:46.199276896Z', 'message': {'role': 'assistant', 'content': 'Well'}, 'done': True, 'done_reason': 'stop', 'total_duration': 9026830501, 'load_duration': 7855130480, 'prompt_eval_count': 520, 'prompt_eval_duration': 423802766, 'eval_count': 2, 'eval_duration': 4224191}
Response: Well
Analyzing frame 2/48: q_14_main_1_30fps_frame0029.png
Prompt: Given the human reaction shown in the image, do you think the situation observed by that human ends well or poorly? (Use only one word -- well or poorly -- to answer)
Image size: 8912 bytes
Response status code: 200
{'model': 'deepseek-ocr:3b', 'created_at': '2025-12-08T07:02:56.254173132Z', 'message': {'role': 'assistant', 'content': 'Well'}, 'done': True, 'done_reason': 'stop', 'total_duration': 9030167028, 'load_duration': 7844601074, 'prompt_eval_count': 520, 'prompt_eval_duration': 421870100, 'eval_count': 2, 'eval_duration': 4191340}
Response: Well
Analyzing frame 3/48: q_14_main_1_30fps_frame0044.png
Prompt: Given the human reaction shown in the image, do you think the situation observed by that human ends well or poorly? (Use only one word -- well or poorly -- to answer)
Image size: 8924 bytes
Response status code: 200
{'model': 'deepseek-ocr:3b', 'created_at': '2025-12-08T07:03:06.176456579Z', 'message': {'role': 'assistant', 'content': 'Well'}, 'done': True, 'done_reason': 'stop', 'total_duration': 8897154424, 'load_duration': 7717676930, 'prompt_eval_count': 520, 'prompt_eval_duration': 428607052, 'eval_count': 2, 'eval_duration': 4213469}
Response: Well
Analyzing frame 4/48: q_14_main_1_30fps_frame0059.png
Prompt: Given the human reaction shown in the image, do you think the situation observed by that human ends well or poorly? (Use only one word -- well or poorly -- to answer)
Image size: 8864 bytes
Response status code: 200
{'model': 'deepseek-ocr:3b', 'created_at': '2025-12-08T07:03:16.35535916Z', 'message': {'role': 'assistant', 'content': 'Well'}, 'done': True, 'done_reason': 'stop', 'total_duration': 9150853064, 'load_duration': 7964607319, 'prompt_eval_count': 520, 'prompt_eval_duration': 422950908, 'eval_count': 2, 'eval_duration': 4190072}
Response: Well
Analyzing frame 5/48: q_14_main_1_30fps_frame0074.png
Prompt: Given the human reaction shown in the image, do you think the situation observed by that human ends well or poorly? (Use only one word -- well or poorly -- to answer)
Image size: 8944 bytes
Response status code: 200
{'model': 'deepseek-ocr:3b', 'created_at': '2025-12-08T07:03:26.001775842Z', 'message': {'role': 'assistant', 'content': 'Well'}, 'done': True, 'done_reason': 'stop', 'total_duration': 8620256486, 'load_duration': 7381505067, 'prompt_eval_count': 520, 'prompt_eval_duration': 423608193, 'eval_count': 2, 'eval_duration': 4367896}
Response: Well
Analyzing frame 6/48: q_14_main_1_30fps_frame0089.png
Prompt: Given the human reaction shown in the image, do you think the situation observed by that human ends well or poorly? (Use only one word -- well or poorly -- to answer)
Image size: 8936 bytes
Response status code: 200
{'model': 'deepseek-ocr:3b', 'created_at': '2025-12-08T07:03:35.817981226Z', 'message': {'role': 'assistant', 'content': 'Well'}, 'done': True, 'done_reason': 'stop', 'total_duration': 8776319118, 'load_duration': 7591060178, 'prompt_eval_count': 520, 'prompt_eval_duration': 424332062, 'eval_count': 2, 'eval_duration': 4377551}
Response: Well
Analyzing frame 7/48: q_15_main_1_30fps_frame0013.png
Prompt: Given the human reaction shown in the image, do you think the situation observed by that human ends well or poorly? (Use only one word -- well or poorly -- to answer)
Image size: 9308 bytes
Response status code: 200
{'model': 'deepseek-ocr:3b', 'created_at': '2025-12-08T07:03:45.659223263Z', 'message': {'role': 'assistant', 'content': 'Well'}, 'done': True, 'done_reason': 'stop', 'total_duration': 8798877533, 'load_duration': 7620892899, 'prompt_eval_count': 520, 'prompt_eval_duration': 413311783, 'eval_count': 2, 'eval_duration': 4221334}
Response: Well
Analyzing frame 8/48: q_15_main_1_30fps_frame0028.png
Prompt: Given the human reaction shown in the image, do you think the situation observed by that human ends well or poorly? (Use only one word -- well or poorly -- to answer)
Image size: 9252 bytes
Response status code: 200
{'model': 'deepseek-ocr:3b', 'created_at': '2025-12-08T07:03:55.624201893Z', 'message': {'role': 'assistant', 'content': 'Well'}, 'done': True, 'done_reason': 'stop', 'total_duration': 8927872937, 'load_duration': 7754876980, 'prompt_eval_count': 520, 'prompt_eval_duration': 422929411, 'eval_count': 2, 'eval_duration': 4191161}
Response: Well
Analyzing frame 9/48: q_15_main_1_30fps_frame0043.png
Prompt: Given the human reaction shown in the image, do you think the situation observed by that human ends well or poorly? (Use only one word -- well or poorly -- to answer)
Image size: 9324 bytes
Response status code: 200
{'model': 'deepseek-ocr:3b', 'created_at': '2025-12-08T07:04:05.829501618Z', 'message': {'role': 'assistant', 'content': 'Well'}, 'done': True, 'done_reason': 'stop', 'total_duration': 9180424627, 'load_duration': 8051118383, 'prompt_eval_count': 520, 'prompt_eval_duration': 419811222, 'eval_count': 2, 'eval_duration': 4192955}
Response: Well
Analyzing frame 10/48: q_15_main_1_30fps_frame0058.png
Prompt: Given the human reaction shown in the image, do you think the situation observed by that human ends well or poorly? (Use only one word -- well or poorly -- to answer)
Image size: 9300 bytes
Response status code: 200
{'model': 'deepseek-ocr:3b', 'created_at': '2025-12-08T07:04:16.111781552Z', 'message': {'role': 'assistant', 'content': 'Well'}, 'done': True, 'done_reason': 'stop', 'total_duration': 9255701760, 'load_duration': 8129067131, 'prompt_eval_count': 520, 'prompt_eval_duration': 426815948, 'eval_count': 2, 'eval_duration': 4219076}
Response: Well
Analyzing frame 11/48: q_15_main_1_30fps_frame0073.png
Prompt: Given the human reaction shown in the image, do you think the situation observed by that human ends well or poorly? (Use only one word -- well or poorly -- to answer)
Image size: 9308 bytes
Response status code: 200
{'model': 'deepseek-ocr:3b', 'created_at': '2025-12-08T07:04:25.774699131Z', 'message': {'role': 'assistant', 'content': 'Well'}, 'done': True, 'done_reason': 'stop', 'total_duration': 8637923541, 'load_duration': 7492546921, 'prompt_eval_count': 520, 'prompt_eval_duration': 422272573, 'eval_count': 2, 'eval_duration': 4201164}
Response: Well
Analyzing frame 12/48: q_15_main_1_30fps_frame0088.png
Prompt: Given the human reaction shown in the image, do you think the situation observed by that human ends well or poorly? (Use only one word -- well or poorly -- to answer)
Image size: 9248 bytes
Response status code: 200
{'model': 'deepseek-ocr:3b', 'created_at': '2025-12-08T07:04:35.784017558Z', 'message': {'role': 'assistant', 'content': 'Well'}, 'done': True, 'done_reason': 'stop', 'total_duration': 8982725592, 'load_duration': 7839594385, 'prompt_eval_count': 520, 'prompt_eval_duration': 430445222, 'eval_count': 2, 'eval_duration': 4235683}
Response: Well
Analyzing frame 13/48: q_19_main_0_30fps_frame0012.png
Prompt: Given the human reaction shown in the image, do you think the situation observed by that human ends well or poorly? (Use only one word -- well or poorly -- to answer)
Image size: 8740 bytes
Response status code: 200
{'model': 'deepseek-ocr:3b', 'created_at': '2025-12-08T07:04:45.943643638Z', 'message': {'role': 'assistant', 'content': 'Well'}, 'done': True, 'done_reason': 'stop', 'total_duration': 9115251859, 'load_duration': 7883176624, 'prompt_eval_count': 520, 'prompt_eval_duration': 423645955, 'eval_count': 2, 'eval_duration': 4210527}
Response: Well
Analyzing frame 14/48: q_19_main_0_30fps_frame0027.png
Prompt: Given the human reaction shown in the image, do you think the situation observed by that human ends well or poorly? (Use only one word -- well or poorly -- to answer)
Image size: 8708 bytes
Response status code: 200
{'model': 'deepseek-ocr:3b', 'created_at': '2025-12-08T07:04:55.917099875Z', 'message': {'role': 'assistant', 'content': 'Well'}, 'done': True, 'done_reason': 'stop', 'total_duration': 8946998979, 'load_duration': 7755596814, 'prompt_eval_count': 520, 'prompt_eval_duration': 426892600, 'eval_count': 2, 'eval_duration': 4188194}
Response: Well
Analyzing frame 15/48: q_19_main_0_30fps_frame0042.png
Prompt: Given the human reaction shown in the image, do you think the situation observed by that human ends well or poorly? (Use only one word -- well or poorly -- to answer)
Image size: 8708 bytes
Response status code: 200
{'model': 'deepseek-ocr:3b', 'created_at': '2025-12-08T07:05:05.673345995Z', 'message': {'role': 'assistant', 'content': 'Well'}, 'done': True, 'done_reason': 'stop', 'total_duration': 8727836392, 'load_duration': 7551111000, 'prompt_eval_count': 520, 'prompt_eval_duration': 425058617, 'eval_count': 2, 'eval_duration': 4208699}
Response: Well
Analyzing frame 16/48: q_19_main_0_30fps_frame0057.png
Prompt: Given the human reaction shown in the image, do you think the situation observed by that human ends well or poorly? (Use only one word -- well or poorly -- to answer)
Image size: 8792 bytes
Response status code: 200
{'model': 'deepseek-ocr:3b', 'created_at': '2025-12-08T07:05:15.71761603Z', 'message': {'role': 'assistant', 'content': 'Well'}, 'done': True, 'done_reason': 'stop', 'total_duration': 9017250957, 'load_duration': 7794506445, 'prompt_eval_count': 520, 'prompt_eval_duration': 449410310, 'eval_count': 2, 'eval_duration': 4446802}
Response: Well
Analyzing frame 17/48: q_19_main_0_30fps_frame0072.png
Prompt: Given the human reaction shown in the image, do you think the situation observed by that human ends well or poorly? (Use only one word -- well or poorly -- to answer)
Image size: 8800 bytes
Response status code: 200
{'model': 'deepseek-ocr:3b', 'created_at': '2025-12-08T07:05:25.427362744Z', 'message': {'role': 'assistant', 'content': 'Well'}, 'done': True, 'done_reason': 'stop', 'total_duration': 8689960496, 'load_duration': 7488935728, 'prompt_eval_count': 520, 'prompt_eval_duration': 429283015, 'eval_count': 2, 'eval_duration': 4195681}
Response: Well
Analyzing frame 18/48: q_19_main_0_30fps_frame0087.png
Prompt: Given the human reaction shown in the image, do you think the situation observed by that human ends well or poorly? (Use only one word -- well or poorly -- to answer)
Image size: 8704 bytes
Response status code: 200
{'model': 'deepseek-ocr:3b', 'created_at': '2025-12-08T07:05:35.541387082Z', 'message': {'role': 'assistant', 'content': 'Well'}, 'done': True, 'done_reason': 'stop', 'total_duration': 9079827890, 'load_duration': 7863798668, 'prompt_eval_count': 520, 'prompt_eval_duration': 447567743, 'eval_count': 2, 'eval_duration': 4444240}
Response: Well
Analyzing frame 19/48: q_21_main_1_30fps_frame0013.png
Prompt: Given the human reaction shown in the image, do you think the situation observed by that human ends well or poorly? (Use only one word -- well or poorly -- to answer)
Image size: 10348 bytes
Response status code: 200
{'model': 'deepseek-ocr:3b', 'created_at': '2025-12-08T07:05:45.576386906Z', 'message': {'role': 'assistant', 'content': 'Well'}, 'done': True, 'done_reason': 'stop', 'total_duration': 9008104161, 'load_duration': 7828239535, 'prompt_eval_count': 520, 'prompt_eval_duration': 421667540, 'eval_count': 2, 'eval_duration': 4208343}
Response: Well
Analyzing frame 20/48: q_21_main_1_30fps_frame0028.png
Prompt: Given the human reaction shown in the image, do you think the situation observed by that human ends well or poorly? (Use only one word -- well or poorly -- to answer)
Image size: 10404 bytes
Response status code: 200
{'model': 'deepseek-ocr:3b', 'created_at': '2025-12-08T07:05:55.894056055Z', 'message': {'role': 'assistant', 'content': 'Well'}, 'done': True, 'done_reason': 'stop', 'total_duration': 9288107106, 'load_duration': 8082186298, 'prompt_eval_count': 520, 'prompt_eval_duration': 428339081, 'eval_count': 2, 'eval_duration': 4196188}
Response: Well
Analyzing frame 21/48: q_21_main_1_30fps_frame0043.png
Prompt: Given the human reaction shown in the image, do you think the situation observed by that human ends well or poorly? (Use only one word -- well or poorly -- to answer)
Image size: 10328 bytes
Response status code: 200
{'model': 'deepseek-ocr:3b', 'created_at': '2025-12-08T07:06:05.534312885Z', 'message': {'role': 'assistant', 'content': 'Well'}, 'done': True, 'done_reason': 'stop', 'total_duration': 8613038063, 'load_duration': 7454104327, 'prompt_eval_count': 520, 'prompt_eval_duration': 426612441, 'eval_count': 2, 'eval_duration': 4197360}
Response: Well
Analyzing frame 22/48: q_21_main_1_30fps_frame0058.png
Prompt: Given the human reaction shown in the image, do you think the situation observed by that human ends well or poorly? (Use only one word -- well or poorly -- to answer)
Image size: 10328 bytes
Response status code: 200
{'model': 'deepseek-ocr:3b', 'created_at': '2025-12-08T07:06:15.848728751Z', 'message': {'role': 'assistant', 'content': 'Well'}, 'done': True, 'done_reason': 'stop', 'total_duration': 9288366933, 'load_duration': 8110475417, 'prompt_eval_count': 520, 'prompt_eval_duration': 423402136, 'eval_count': 2, 'eval_duration': 4193582}
Response: Well
Analyzing frame 23/48: q_21_main_1_30fps_frame0073.png
Prompt: Given the human reaction shown in the image, do you think the situation observed by that human ends well or poorly? (Use only one word -- well or poorly -- to answer)
Image size: 10272 bytes
Response status code: 200
{'model': 'deepseek-ocr:3b', 'created_at': '2025-12-08T07:06:25.735703553Z', 'message': {'role': 'assistant', 'content': 'Well'}, 'done': True, 'done_reason': 'stop', 'total_duration': 8857391561, 'load_duration': 7696731241, 'prompt_eval_count': 520, 'prompt_eval_duration': 421534872, 'eval_count': 2, 'eval_duration': 4220729}
Response: Well
Analyzing frame 24/48: q_21_main_1_30fps_frame0088.png
Prompt: Given the human reaction shown in the image, do you think the situation observed by that human ends well or poorly? (Use only one word -- well or poorly -- to answer)
Image size: 10028 bytes
Response status code: 200
{'model': 'deepseek-ocr:3b', 'created_at': '2025-12-08T07:06:35.654827149Z', 'message': {'role': 'assistant', 'content': 'Well'}, 'done': True, 'done_reason': 'stop', 'total_duration': 8894435742, 'load_duration': 7723162041, 'prompt_eval_count': 520, 'prompt_eval_duration': 426103074, 'eval_count': 2, 'eval_duration': 4211457}
Response: Well
Analyzing frame 25/48: q_29_main_0_30fps_frame0014.png
Prompt: Given the human reaction shown in the image, do you think the situation observed by that human ends well or poorly? (Use only one word -- well or poorly -- to answer)
Image size: 9328 bytes
Response status code: 200
{'model': 'deepseek-ocr:3b', 'created_at': '2025-12-08T07:06:45.131765132Z', 'message': {'role': 'assistant', 'content': 'Well'}, 'done': True, 'done_reason': 'stop', 'total_duration': 8439680536, 'load_duration': 7251832671, 'prompt_eval_count': 520, 'prompt_eval_duration': 421553509, 'eval_count': 2, 'eval_duration': 4186474}
Response: Well
Analyzing frame 26/48: q_29_main_0_30fps_frame0029.png
Prompt: Given the human reaction shown in the image, do you think the situation observed by that human ends well or poorly? (Use only one word -- well or poorly -- to answer)
Image size: 9288 bytes
Response status code: 200
{'model': 'deepseek-ocr:3b', 'created_at': '2025-12-08T07:06:55.032241299Z', 'message': {'role': 'assistant', 'content': 'Well'}, 'done': True, 'done_reason': 'stop', 'total_duration': 8875256131, 'load_duration': 7686753453, 'prompt_eval_count': 520, 'prompt_eval_duration': 422426505, 'eval_count': 2, 'eval_duration': 4204186}
Response: Well
Analyzing frame 27/48: q_29_main_0_30fps_frame0044.png
Prompt: Given the human reaction shown in the image, do you think the situation observed by that human ends well or poorly? (Use only one word -- well or poorly -- to answer)
Image size: 9328 bytes
Response status code: 200
{'model': 'deepseek-ocr:3b', 'created_at': '2025-12-08T07:07:04.783910789Z', 'message': {'role': 'assistant', 'content': 'Well'}, 'done': True, 'done_reason': 'stop', 'total_duration': 8723652577, 'load_duration': 7518580474, 'prompt_eval_count': 520, 'prompt_eval_duration': 429194205, 'eval_count': 2, 'eval_duration': 4366867}
Response: Well
Analyzing frame 28/48: q_29_main_0_30fps_frame0059.png
Prompt: Given the human reaction shown in the image, do you think the situation observed by that human ends well or poorly? (Use only one word -- well or poorly -- to answer)
Image size: 9340 bytes
Response status code: 200
{'model': 'deepseek-ocr:3b', 'created_at': '2025-12-08T07:07:15.00132008Z', 'message': {'role': 'assistant', 'content': 'Well'}, 'done': True, 'done_reason': 'stop', 'total_duration': 9193032560, 'load_duration': 8011520983, 'prompt_eval_count': 520, 'prompt_eval_duration': 428236586, 'eval_count': 2, 'eval_duration': 4226630}
Response: Well
Analyzing frame 29/48: q_29_main_0_30fps_frame0074.png
Prompt: Given the human reaction shown in the image, do you think the situation observed by that human ends well or poorly? (Use only one word -- well or poorly -- to answer)
Image size: 9324 bytes
Response status code: 200
{'model': 'deepseek-ocr:3b', 'created_at': '2025-12-08T07:07:25.129255612Z', 'message': {'role': 'assistant', 'content': 'Well'}, 'done': True, 'done_reason': 'stop', 'total_duration': 9100371092, 'load_duration': 7878071460, 'prompt_eval_count': 520, 'prompt_eval_duration': 422787925, 'eval_count': 2, 'eval_duration': 4330831}
Response: Well
Analyzing frame 30/48: q_29_main_0_30fps_frame0089.png
Prompt: Given the human reaction shown in the image, do you think the situation observed by that human ends well or poorly? (Use only one word -- well or poorly -- to answer)
Image size: 9296 bytes
Response status code: 200
{'model': 'deepseek-ocr:3b', 'created_at': '2025-12-08T07:07:35.112493764Z', 'message': {'role': 'assistant', 'content': 'Well'}, 'done': True, 'done_reason': 'stop', 'total_duration': 8955462286, 'load_duration': 7772287823, 'prompt_eval_count': 520, 'prompt_eval_duration': 423401246, 'eval_count': 2, 'eval_duration': 4225049}
Response: Well
Analyzing frame 31/48: q_3_main_1_30fps_frame0014.png
Prompt: Given the human reaction shown in the image, do you think the situation observed by that human ends well or poorly? (Use only one word -- well or poorly -- to answer)
Image size: 9140 bytes
Response status code: 200
{'model': 'deepseek-ocr:3b', 'created_at': '2025-12-08T07:07:45.077082368Z', 'message': {'role': 'assistant', 'content': 'Well'}, 'done': True, 'done_reason': 'stop', 'total_duration': 8899887212, 'load_duration': 7696445353, 'prompt_eval_count': 520, 'prompt_eval_duration': 442377506, 'eval_count': 2, 'eval_duration': 4555104}
Response: Well
Analyzing frame 32/48: q_3_main_1_30fps_frame0029.png
Prompt: Given the human reaction shown in the image, do you think the situation observed by that human ends well or poorly? (Use only one word -- well or poorly -- to answer)
Image size: 8976 bytes
Response status code: 200
{'model': 'deepseek-ocr:3b', 'created_at': '2025-12-08T07:07:54.849983931Z', 'message': {'role': 'assistant', 'content': 'Well'}, 'done': True, 'done_reason': 'stop', 'total_duration': 8745290430, 'load_duration': 7542927651, 'prompt_eval_count': 520, 'prompt_eval_duration': 428631820, 'eval_count': 2, 'eval_duration': 4369664}
Response: Well
Analyzing frame 33/48: q_3_main_1_30fps_frame0044.png
Prompt: Given the human reaction shown in the image, do you think the situation observed by that human ends well or poorly? (Use only one word -- well or poorly -- to answer)
Image size: 8672 bytes
Response status code: 200
{'model': 'deepseek-ocr:3b', 'created_at': '2025-12-08T07:08:04.688387029Z', 'message': {'role': 'assistant', 'content': 'Well'}, 'done': True, 'done_reason': 'stop', 'total_duration': 8811676302, 'load_duration': 7622788084, 'prompt_eval_count': 520, 'prompt_eval_duration': 446572627, 'eval_count': 2, 'eval_duration': 4445657}
Response: Well
Analyzing frame 34/48: q_3_main_1_30fps_frame0059.png
Prompt: Given the human reaction shown in the image, do you think the situation observed by that human ends well or poorly? (Use only one word -- well or poorly -- to answer)
Image size: 8740 bytes
Response status code: 200
{'model': 'deepseek-ocr:3b', 'created_at': '2025-12-08T07:08:14.649223119Z', 'message': {'role': 'assistant', 'content': 'Well'}, 'done': True, 'done_reason': 'stop', 'total_duration': 8933209040, 'load_duration': 7756510900, 'prompt_eval_count': 520, 'prompt_eval_duration': 424478118, 'eval_count': 2, 'eval_duration': 4231398}
Response: Well
Analyzing frame 35/48: q_3_main_1_30fps_frame0074.png
Prompt: Given the human reaction shown in the image, do you think the situation observed by that human ends well or poorly? (Use only one word -- well or poorly -- to answer)
Image size: 8640 bytes
Response status code: 200
{'model': 'deepseek-ocr:3b', 'created_at': '2025-12-08T07:08:24.239919782Z', 'message': {'role': 'assistant', 'content': 'Well'}, 'done': True, 'done_reason': 'stop', 'total_duration': 8539681175, 'load_duration': 7351080506, 'prompt_eval_count': 520, 'prompt_eval_duration': 438426613, 'eval_count': 2, 'eval_duration': 4194210}
Response: Well
Analyzing frame 36/48: q_3_main_1_30fps_frame0089.png
Prompt: Given the human reaction shown in the image, do you think the situation observed by that human ends well or poorly? (Use only one word -- well or poorly -- to answer)
Image size: 8700 bytes
Response status code: 200
{'model': 'deepseek-ocr:3b', 'created_at': '2025-12-08T07:08:34.104451504Z', 'message': {'role': 'assistant', 'content': 'Well'}, 'done': True, 'done_reason': 'stop', 'total_duration': 8839629815, 'load_duration': 7609513799, 'prompt_eval_count': 520, 'prompt_eval_duration': 444559155, 'eval_count': 2, 'eval_duration': 4343812}
Response: Well
Analyzing frame 37/48: q_4_main_1_30fps_frame0013.png
Prompt: Given the human reaction shown in the image, do you think the situation observed by that human ends well or poorly? (Use only one word -- well or poorly -- to answer)
Image size: 9292 bytes
Response status code: 200
{'model': 'deepseek-ocr:3b', 'created_at': '2025-12-08T07:08:43.927873766Z', 'message': {'role': 'assistant', 'content': 'Well'}, 'done': True, 'done_reason': 'stop', 'total_duration': 8785086062, 'load_duration': 7605518076, 'prompt_eval_count': 520, 'prompt_eval_duration': 423169526, 'eval_count': 2, 'eval_duration': 4223257}
Response: Well
Analyzing frame 38/48: q_4_main_1_30fps_frame0028.png
Prompt: Given the human reaction shown in the image, do you think the situation observed by that human ends well or poorly? (Use only one word -- well or poorly -- to answer)
Image size: 9368 bytes
Response status code: 200
{'model': 'deepseek-ocr:3b', 'created_at': '2025-12-08T07:08:54.461091401Z', 'message': {'role': 'assistant', 'content': 'Well'}, 'done': True, 'done_reason': 'stop', 'total_duration': 9508155031, 'load_duration': 8166931596, 'prompt_eval_count': 520, 'prompt_eval_duration': 449179224, 'eval_count': 2, 'eval_duration': 4432802}
Response: Well
Analyzing frame 39/48: q_4_main_1_30fps_frame0043.png
Prompt: Given the human reaction shown in the image, do you think the situation observed by that human ends well or poorly? (Use only one word -- well or poorly -- to answer)
Image size: 9404 bytes
Response status code: 200
{'model': 'deepseek-ocr:3b', 'created_at': '2025-12-08T07:09:04.164202351Z', 'message': {'role': 'assistant', 'content': 'Well'}, 'done': True, 'done_reason': 'stop', 'total_duration': 8675919774, 'load_duration': 7472900062, 'prompt_eval_count': 520, 'prompt_eval_duration': 457817414, 'eval_count': 2, 'eval_duration': 4462582}
Response: Well
Analyzing frame 40/48: q_4_main_1_30fps_frame0058.png
Prompt: Given the human reaction shown in the image, do you think the situation observed by that human ends well or poorly? (Use only one word -- well or poorly -- to answer)
Image size: 9300 bytes
Response status code: 200
{'model': 'deepseek-ocr:3b', 'created_at': '2025-12-08T07:09:14.050703363Z', 'message': {'role': 'assistant', 'content': 'Well'}, 'done': True, 'done_reason': 'stop', 'total_duration': 8848283712, 'load_duration': 7670615638, 'prompt_eval_count': 520, 'prompt_eval_duration': 421932156, 'eval_count': 2, 'eval_duration': 4182876}
Response: Well
Analyzing frame 41/48: q_4_main_1_30fps_frame0073.png
Prompt: Given the human reaction shown in the image, do you think the situation observed by that human ends well or poorly? (Use only one word -- well or poorly -- to answer)
Image size: 9312 bytes
Response status code: 200
{'model': 'deepseek-ocr:3b', 'created_at': '2025-12-08T07:09:23.854457339Z', 'message': {'role': 'assistant', 'content': 'Well'}, 'done': True, 'done_reason': 'stop', 'total_duration': 8778256805, 'load_duration': 7628524517, 'prompt_eval_count': 520, 'prompt_eval_duration': 423560220, 'eval_count': 2, 'eval_duration': 4337798}
Response: Well
Analyzing frame 42/48: q_4_main_1_30fps_frame0088.png
Prompt: Given the human reaction shown in the image, do you think the situation observed by that human ends well or poorly? (Use only one word -- well or poorly -- to answer)
Image size: 9296 bytes
Response status code: 200
{'model': 'deepseek-ocr:3b', 'created_at': '2025-12-08T07:09:33.697822358Z', 'message': {'role': 'assistant', 'content': 'Well'}, 'done': True, 'done_reason': 'stop', 'total_duration': 8816922113, 'load_duration': 7637402626, 'prompt_eval_count': 520, 'prompt_eval_duration': 429310613, 'eval_count': 2, 'eval_duration': 4209786}
Response: Well
Analyzing frame 43/48: q_warmup_5_main_1_30fps_frame0014.png
Prompt: Given the human reaction shown in the image, do you think the situation observed by that human ends well or poorly? (Use only one word -- well or poorly -- to answer)
Image size: 8784 bytes
Response status code: 200
{'model': 'deepseek-ocr:3b', 'created_at': '2025-12-08T07:09:43.912885007Z', 'message': {'role': 'assistant', 'content': 'Well'}, 'done': True, 'done_reason': 'stop', 'total_duration': 9148655140, 'load_duration': 7967439231, 'prompt_eval_count': 520, 'prompt_eval_duration': 422806882, 'eval_count': 2, 'eval_duration': 4210056}
Response: Well
Analyzing frame 44/48: q_warmup_5_main_1_30fps_frame0029.png
Prompt: Given the human reaction shown in the image, do you think the situation observed by that human ends well or poorly? (Use only one word -- well or poorly -- to answer)
Image size: 8772 bytes
Response status code: 200
{'model': 'deepseek-ocr:3b', 'created_at': '2025-12-08T07:09:53.952533184Z', 'message': {'role': 'assistant', 'content': 'Well'}, 'done': True, 'done_reason': 'stop', 'total_duration': 9012894475, 'load_duration': 7849998245, 'prompt_eval_count': 520, 'prompt_eval_duration': 421446749, 'eval_count': 2, 'eval_duration': 4183349}
Response: Well
Analyzing frame 45/48: q_warmup_5_main_1_30fps_frame0044.png
Prompt: Given the human reaction shown in the image, do you think the situation observed by that human ends well or poorly? (Use only one word -- well or poorly -- to answer)
Image size: 8716 bytes
Response status code: 200
{'model': 'deepseek-ocr:3b', 'created_at': '2025-12-08T07:10:04.201948243Z', 'message': {'role': 'assistant', 'content': 'Well'}, 'done': True, 'done_reason': 'stop', 'total_duration': 9222914323, 'load_duration': 8048478978, 'prompt_eval_count': 520, 'prompt_eval_duration': 425835225, 'eval_count': 2, 'eval_duration': 4218674}
Response: Well
Analyzing frame 46/48: q_warmup_5_main_1_30fps_frame0059.png
Prompt: Given the human reaction shown in the image, do you think the situation observed by that human ends well or poorly? (Use only one word -- well or poorly -- to answer)
Image size: 8684 bytes
Response status code: 200
{'model': 'deepseek-ocr:3b', 'created_at': '2025-12-08T07:10:14.27743041Z', 'message': {'role': 'assistant', 'content': 'Well'}, 'done': True, 'done_reason': 'stop', 'total_duration': 9049784753, 'load_duration': 7851946829, 'prompt_eval_count': 520, 'prompt_eval_duration': 423362724, 'eval_count': 2, 'eval_duration': 4232706}
Response: Well
Analyzing frame 47/48: q_warmup_5_main_1_30fps_frame0074.png
Prompt: Given the human reaction shown in the image, do you think the situation observed by that human ends well or poorly? (Use only one word -- well or poorly -- to answer)
Image size: 8828 bytes
Response status code: 200
{'model': 'deepseek-ocr:3b', 'created_at': '2025-12-08T07:10:24.89349916Z', 'message': {'role': 'assistant', 'content': 'Well'}, 'done': True, 'done_reason': 'stop', 'total_duration': 9566153020, 'load_duration': 8394259448, 'prompt_eval_count': 520, 'prompt_eval_duration': 424639153, 'eval_count': 2, 'eval_duration': 4223509}
Response: Well
Analyzing frame 48/48: q_warmup_5_main_1_30fps_frame0089.png
Prompt: Given the human reaction shown in the image, do you think the situation observed by that human ends well or poorly? (Use only one word -- well or poorly -- to answer)
Image size: 8916 bytes
Response status code: 200
{'model': 'deepseek-ocr:3b', 'created_at': '2025-12-08T07:10:34.919069074Z', 'message': {'role': 'assistant', 'content': 'Well'}, 'done': True, 'done_reason': 'stop', 'total_duration': 8989309807, 'load_duration': 7820594375, 'prompt_eval_count': 520, 'prompt_eval_duration': 421678176, 'eval_count': 2, 'eval_duration': 4300173}
Response: Well
Processed 48 frames for participant 3339

Results saved to ./results/results_deepseek-ocr_3s.csv
Total frames in CSV: 3906

==================================================
Processing participant 9/27: 3882

Processing participant: 3882
Found 42 unprocessed frames for this participant
Analyzing frame 1/42: q_10_main_0_30fps_frame0015.png
Prompt: Given the human reaction shown in the image, do you think the situation observed by that human ends well or poorly? (Use only one word -- well or poorly -- to answer)
Image size: 14696 bytes
Response status code: 200
{'model': 'deepseek-ocr:3b', 'created_at': '2025-12-08T07:10:44.786021628Z', 'message': {'role': 'assistant', 'content': 'Well'}, 'done': True, 'done_reason': 'stop', 'total_duration': 8770543565, 'load_duration': 7598173142, 'prompt_eval_count': 520, 'prompt_eval_duration': 424956472, 'eval_count': 2, 'eval_duration': 4333087}
Response: Well
Analyzing frame 2/42: q_10_main_0_30fps_frame0030.png
Prompt: Given the human reaction shown in the image, do you think the situation observed by that human ends well or poorly? (Use only one word -- well or poorly -- to answer)
Image size: 14704 bytes
Response status code: 200
{'model': 'deepseek-ocr:3b', 'created_at': '2025-12-08T07:10:54.97727687Z', 'message': {'role': 'assistant', 'content': 'Well'}, 'done': True, 'done_reason': 'stop', 'total_duration': 9170466943, 'load_duration': 7950146650, 'prompt_eval_count': 520, 'prompt_eval_duration': 449762711, 'eval_count': 2, 'eval_duration': 4438349}
Response: Well
Analyzing frame 3/42: q_10_main_0_30fps_frame0045.png
Prompt: Given the human reaction shown in the image, do you think the situation observed by that human ends well or poorly? (Use only one word -- well or poorly -- to answer)
Image size: 14720 bytes
Response status code: 200
{'model': 'deepseek-ocr:3b', 'created_at': '2025-12-08T07:11:04.474967044Z', 'message': {'role': 'assistant', 'content': 'Well'}, 'done': True, 'done_reason': 'stop', 'total_duration': 8461259663, 'load_duration': 7290649349, 'prompt_eval_count': 520, 'prompt_eval_duration': 425346669, 'eval_count': 2, 'eval_duration': 4224925}
Response: Well
Analyzing frame 4/42: q_10_main_0_30fps_frame0060.png
Prompt: Given the human reaction shown in the image, do you think the situation observed by that human ends well or poorly? (Use only one word -- well or poorly -- to answer)
Image size: 14740 bytes
Response status code: 200
{'model': 'deepseek-ocr:3b', 'created_at': '2025-12-08T07:11:14.35249418Z', 'message': {'role': 'assistant', 'content': 'Well'}, 'done': True, 'done_reason': 'stop', 'total_duration': 8819901127, 'load_duration': 7646046041, 'prompt_eval_count': 520, 'prompt_eval_duration': 431572140, 'eval_count': 2, 'eval_duration': 4180794}
Response: Well
Analyzing frame 5/42: q_10_main_0_30fps_frame0075.png
Prompt: Given the human reaction shown in the image, do you think the situation observed by that human ends well or poorly? (Use only one word -- well or poorly -- to answer)
Image size: 14708 bytes
Response status code: 200
{'model': 'deepseek-ocr:3b', 'created_at': '2025-12-08T07:11:23.984231822Z', 'message': {'role': 'assistant', 'content': 'Well'}, 'done': True, 'done_reason': 'stop', 'total_duration': 8598863322, 'load_duration': 7386671783, 'prompt_eval_count': 520, 'prompt_eval_duration': 426073190, 'eval_count': 2, 'eval_duration': 4216873}
Response: Well
Analyzing frame 6/42: q_10_main_0_30fps_frame0090.png
Prompt: Given the human reaction shown in the image, do you think the situation observed by that human ends well or poorly? (Use only one word -- well or poorly -- to answer)
Image size: 14652 bytes
Response status code: 200
{'model': 'deepseek-ocr:3b', 'created_at': '2025-12-08T07:11:34.503799789Z', 'message': {'role': 'assistant', 'content': 'Well'}, 'done': True, 'done_reason': 'stop', 'total_duration': 9470066651, 'load_duration': 8296110286, 'prompt_eval_count': 520, 'prompt_eval_duration': 414095201, 'eval_count': 2, 'eval_duration': 4260785}
Response: Well
Analyzing frame 7/42: q_14_main_0_30fps_frame0015.png
Prompt: Given the human reaction shown in the image, do you think the situation observed by that human ends well or poorly? (Use only one word -- well or poorly -- to answer)
Image size: 14724 bytes
Response status code: 200
{'model': 'deepseek-ocr:3b', 'created_at': '2025-12-08T07:11:44.847033798Z', 'message': {'role': 'assistant', 'content': 'Well'}, 'done': True, 'done_reason': 'stop', 'total_duration': 9297894444, 'load_duration': 8062626860, 'prompt_eval_count': 520, 'prompt_eval_duration': 449618595, 'eval_count': 2, 'eval_duration': 4436616}
Response: Well
Analyzing frame 8/42: q_14_main_0_30fps_frame0030.png
Prompt: Given the human reaction shown in the image, do you think the situation observed by that human ends well or poorly? (Use only one word -- well or poorly -- to answer)
Image size: 14760 bytes
Response status code: 200
{'model': 'deepseek-ocr:3b', 'created_at': '2025-12-08T07:11:54.930366968Z', 'message': {'role': 'assistant', 'content': 'Well'}, 'done': True, 'done_reason': 'stop', 'total_duration': 9067693445, 'load_duration': 7799933392, 'prompt_eval_count': 520, 'prompt_eval_duration': 450575095, 'eval_count': 2, 'eval_duration': 4446103}
Response: Well
Analyzing frame 9/42: q_14_main_0_30fps_frame0045.png
Prompt: Given the human reaction shown in the image, do you think the situation observed by that human ends well or poorly? (Use only one word -- well or poorly -- to answer)
Image size: 14476 bytes
Response status code: 200
{'model': 'deepseek-ocr:3b', 'created_at': '2025-12-08T07:12:04.928114442Z', 'message': {'role': 'assistant', 'content': 'Well'}, 'done': True, 'done_reason': 'stop', 'total_duration': 8948737251, 'load_duration': 7727364481, 'prompt_eval_count': 520, 'prompt_eval_duration': 436192923, 'eval_count': 2, 'eval_duration': 4246308}
Response: Well
Analyzing frame 10/42: q_14_main_0_30fps_frame0060.png
Prompt: Given the human reaction shown in the image, do you think the situation observed by that human ends well or poorly? (Use only one word -- well or poorly -- to answer)
Image size: 14476 bytes
Response status code: 200
{'model': 'deepseek-ocr:3b', 'created_at': '2025-12-08T07:12:14.911872417Z', 'message': {'role': 'assistant', 'content': 'Well'}, 'done': True, 'done_reason': 'stop', 'total_duration': 8935202694, 'load_duration': 7719717647, 'prompt_eval_count': 520, 'prompt_eval_duration': 420986271, 'eval_count': 2, 'eval_duration': 4198372}
Response: Well
Analyzing frame 11/42: q_14_main_0_30fps_frame0075.png
Prompt: Given the human reaction shown in the image, do you think the situation observed by that human ends well or poorly? (Use only one word -- well or poorly -- to answer)
Image size: 14724 bytes
Response status code: 200
{'model': 'deepseek-ocr:3b', 'created_at': '2025-12-08T07:12:25.26063655Z', 'message': {'role': 'assistant', 'content': 'Well'}, 'done': True, 'done_reason': 'stop', 'total_duration': 9317401727, 'load_duration': 8124139337, 'prompt_eval_count': 520, 'prompt_eval_duration': 419964757, 'eval_count': 2, 'eval_duration': 4429842}
Response: Well
Analyzing frame 12/42: q_14_main_0_30fps_frame0090.png
Prompt: Given the human reaction shown in the image, do you think the situation observed by that human ends well or poorly? (Use only one word -- well or poorly -- to answer)
Image size: 14560 bytes
Response status code: 200
{'model': 'deepseek-ocr:3b', 'created_at': '2025-12-08T07:12:35.180611172Z', 'message': {'role': 'assistant', 'content': 'Well'}, 'done': True, 'done_reason': 'stop', 'total_duration': 8871670661, 'load_duration': 7747712258, 'prompt_eval_count': 520, 'prompt_eval_duration': 421992270, 'eval_count': 2, 'eval_duration': 4193685}
Response: Well
Analyzing frame 13/42: q_17_main_0_30fps_frame0015.png
Prompt: Given the human reaction shown in the image, do you think the situation observed by that human ends well or poorly? (Use only one word -- well or poorly -- to answer)
Image size: 14740 bytes
Response status code: 200
{'model': 'deepseek-ocr:3b', 'created_at': '2025-12-08T07:12:45.529533035Z', 'message': {'role': 'assistant', 'content': 'Well'}, 'done': True, 'done_reason': 'stop', 'total_duration': 9302119265, 'load_duration': 8127395451, 'prompt_eval_count': 520, 'prompt_eval_duration': 417815316, 'eval_count': 2, 'eval_duration': 4271720}
Response: Well
Analyzing frame 14/42: q_17_main_0_30fps_frame0030.png
Prompt: Given the human reaction shown in the image, do you think the situation observed by that human ends well or poorly? (Use only one word -- well or poorly -- to answer)
Image size: 14716 bytes
Response status code: 200
{'model': 'deepseek-ocr:3b', 'created_at': '2025-12-08T07:12:55.44151772Z', 'message': {'role': 'assistant', 'content': 'Well'}, 'done': True, 'done_reason': 'stop', 'total_duration': 8881822987, 'load_duration': 7717788945, 'prompt_eval_count': 520, 'prompt_eval_duration': 429085013, 'eval_count': 2, 'eval_duration': 4217458}
Response: Well
Analyzing frame 15/42: q_17_main_0_30fps_frame0045.png
Prompt: Given the human reaction shown in the image, do you think the situation observed by that human ends well or poorly? (Use only one word -- well or poorly -- to answer)
Image size: 14696 bytes
Response status code: 200
{'model': 'deepseek-ocr:3b', 'created_at': '2025-12-08T07:13:05.298148263Z', 'message': {'role': 'assistant', 'content': 'Well'}, 'done': True, 'done_reason': 'stop', 'total_duration': 8813322759, 'load_duration': 7634519507, 'prompt_eval_count': 520, 'prompt_eval_duration': 425281871, 'eval_count': 2, 'eval_duration': 4234125}
Response: Well
Analyzing frame 16/42: q_17_main_0_30fps_frame0060.png
Prompt: Given the human reaction shown in the image, do you think the situation observed by that human ends well or poorly? (Use only one word -- well or poorly -- to answer)
Image size: 14788 bytes
Response status code: 200
{'model': 'deepseek-ocr:3b', 'created_at': '2025-12-08T07:13:15.097288654Z', 'message': {'role': 'assistant', 'content': 'Well'}, 'done': True, 'done_reason': 'stop', 'total_duration': 8768045511, 'load_duration': 7579088424, 'prompt_eval_count': 520, 'prompt_eval_duration': 427669249, 'eval_count': 2, 'eval_duration': 4207389}
Response: Well
Analyzing frame 17/42: q_17_main_0_30fps_frame0075.png
Prompt: Given the human reaction shown in the image, do you think the situation observed by that human ends well or poorly? (Use only one word -- well or poorly -- to answer)
Image size: 14660 bytes
Response status code: 200
{'model': 'deepseek-ocr:3b', 'created_at': '2025-12-08T07:13:25.554515366Z', 'message': {'role': 'assistant', 'content': 'Well'}, 'done': True, 'done_reason': 'stop', 'total_duration': 9406845664, 'load_duration': 8220987603, 'prompt_eval_count': 520, 'prompt_eval_duration': 472863394, 'eval_count': 2, 'eval_duration': 4199268}
Response: Well
Analyzing frame 18/42: q_17_main_0_30fps_frame0090.png
Prompt: Given the human reaction shown in the image, do you think the situation observed by that human ends well or poorly? (Use only one word -- well or poorly -- to answer)
Image size: 14612 bytes
Response status code: 200
{'model': 'deepseek-ocr:3b', 'created_at': '2025-12-08T07:13:35.447449161Z', 'message': {'role': 'assistant', 'content': 'Well'}, 'done': True, 'done_reason': 'stop', 'total_duration': 8852769161, 'load_duration': 7677323901, 'prompt_eval_count': 520, 'prompt_eval_duration': 423519848, 'eval_count': 2, 'eval_duration': 4227895}
Response: Well
Analyzing frame 19/42: q_23_main_0_30fps_frame0015.png
Prompt: Given the human reaction shown in the image, do you think the situation observed by that human ends well or poorly? (Use only one word -- well or poorly -- to answer)
Image size: 14756 bytes
Response status code: 200
{'model': 'deepseek-ocr:3b', 'created_at': '2025-12-08T07:13:45.322778832Z', 'message': {'role': 'assistant', 'content': 'Well'}, 'done': True, 'done_reason': 'stop', 'total_duration': 8809102377, 'load_duration': 7639466767, 'prompt_eval_count': 520, 'prompt_eval_duration': 428431469, 'eval_count': 2, 'eval_duration': 4514239}
Response: Well
Analyzing frame 20/42: q_23_main_0_30fps_frame0030.png
Prompt: Given the human reaction shown in the image, do you think the situation observed by that human ends well or poorly? (Use only one word -- well or poorly -- to answer)
Image size: 14908 bytes
Response status code: 200
{'model': 'deepseek-ocr:3b', 'created_at': '2025-12-08T07:13:55.24937831Z', 'message': {'role': 'assistant', 'content': 'Well'}, 'done': True, 'done_reason': 'stop', 'total_duration': 8884468316, 'load_duration': 7736871347, 'prompt_eval_count': 520, 'prompt_eval_duration': 424119295, 'eval_count': 2, 'eval_duration': 4192852}
Response: Well
Analyzing frame 21/42: q_23_main_0_30fps_frame0045.png
Prompt: Given the human reaction shown in the image, do you think the situation observed by that human ends well or poorly? (Use only one word -- well or poorly -- to answer)
Image size: 14916 bytes
Response status code: 200
{'model': 'deepseek-ocr:3b', 'created_at': '2025-12-08T07:14:04.876836969Z', 'message': {'role': 'assistant', 'content': 'Well'}, 'done': True, 'done_reason': 'stop', 'total_duration': 8581167024, 'load_duration': 7345959903, 'prompt_eval_count': 520, 'prompt_eval_duration': 429943108, 'eval_count': 2, 'eval_duration': 4208192}
Response: Well
Analyzing frame 22/42: q_23_main_0_30fps_frame0060.png
Prompt: Given the human reaction shown in the image, do you think the situation observed by that human ends well or poorly? (Use only one word -- well or poorly -- to answer)
Image size: 14856 bytes
Response status code: 200
{'model': 'deepseek-ocr:3b', 'created_at': '2025-12-08T07:14:14.951001354Z', 'message': {'role': 'assistant', 'content': 'Well'}, 'done': True, 'done_reason': 'stop', 'total_duration': 9027253543, 'load_duration': 7853781709, 'prompt_eval_count': 520, 'prompt_eval_duration': 435179106, 'eval_count': 2, 'eval_duration': 4360740}
Response: Well
Analyzing frame 23/42: q_23_main_0_30fps_frame0075.png
Prompt: Given the human reaction shown in the image, do you think the situation observed by that human ends well or poorly? (Use only one word -- well or poorly -- to answer)
Image size: 14828 bytes
Response status code: 200
{'model': 'deepseek-ocr:3b', 'created_at': '2025-12-08T07:14:24.704886359Z', 'message': {'role': 'assistant', 'content': 'Well'}, 'done': True, 'done_reason': 'stop', 'total_duration': 8719454449, 'load_duration': 7568094841, 'prompt_eval_count': 520, 'prompt_eval_duration': 430723090, 'eval_count': 2, 'eval_duration': 4194850}
Response: Well
Analyzing frame 24/42: q_23_main_0_30fps_frame0090.png
Prompt: Given the human reaction shown in the image, do you think the situation observed by that human ends well or poorly? (Use only one word -- well or poorly -- to answer)
Image size: 14692 bytes
Response status code: 200
{'model': 'deepseek-ocr:3b', 'created_at': '2025-12-08T07:14:34.834453842Z', 'message': {'role': 'assistant', 'content': 'Well'}, 'done': True, 'done_reason': 'stop', 'total_duration': 9096679906, 'load_duration': 7889363093, 'prompt_eval_count': 520, 'prompt_eval_duration': 439734367, 'eval_count': 2, 'eval_duration': 4195060}
Response: Well
Analyzing frame 25/42: q_30_main_0_30fps_frame0014.png
Prompt: Given the human reaction shown in the image, do you think the situation observed by that human ends well or poorly? (Use only one word -- well or poorly -- to answer)
Image size: 15112 bytes
Response status code: 200
{'model': 'deepseek-ocr:3b', 'created_at': '2025-12-08T07:14:45.0315265Z', 'message': {'role': 'assistant', 'content': 'Well'}, 'done': True, 'done_reason': 'stop', 'total_duration': 9128600552, 'load_duration': 7889501471, 'prompt_eval_count': 520, 'prompt_eval_duration': 424684644, 'eval_count': 2, 'eval_duration': 4229018}
Response: Well
Analyzing frame 26/42: q_30_main_0_30fps_frame0029.png
Prompt: Given the human reaction shown in the image, do you think the situation observed by that human ends well or poorly? (Use only one word -- well or poorly -- to answer)
Image size: 15096 bytes
Response status code: 200
{'model': 'deepseek-ocr:3b', 'created_at': '2025-12-08T07:14:55.425899927Z', 'message': {'role': 'assistant', 'content': 'Well'}, 'done': True, 'done_reason': 'stop', 'total_duration': 9362979354, 'load_duration': 8202673774, 'prompt_eval_count': 520, 'prompt_eval_duration': 425841876, 'eval_count': 2, 'eval_duration': 4232501}
Response: Well
Analyzing frame 27/42: q_30_main_0_30fps_frame0044.png
Prompt: Given the human reaction shown in the image, do you think the situation observed by that human ends well or poorly? (Use only one word -- well or poorly -- to answer)
Image size: 14872 bytes
Response status code: 200
{'model': 'deepseek-ocr:3b', 'created_at': '2025-12-08T07:15:05.237016942Z', 'message': {'role': 'assistant', 'content': 'Well'}, 'done': True, 'done_reason': 'stop', 'total_duration': 8767324192, 'load_duration': 7567417891, 'prompt_eval_count': 520, 'prompt_eval_duration': 456749700, 'eval_count': 2, 'eval_duration': 4254668}
Response: Well
Analyzing frame 28/42: q_30_main_0_30fps_frame0059.png
Prompt: Given the human reaction shown in the image, do you think the situation observed by that human ends well or poorly? (Use only one word -- well or poorly -- to answer)
Image size: 14924 bytes
Response status code: 200
{'model': 'deepseek-ocr:3b', 'created_at': '2025-12-08T07:15:16.26951881Z', 'message': {'role': 'assistant', 'content': 'Well'}, 'done': True, 'done_reason': 'stop', 'total_duration': 10000899351, 'load_duration': 8799689186, 'prompt_eval_count': 520, 'prompt_eval_duration': 423992655, 'eval_count': 2, 'eval_duration': 4192360}
Response: Well
Analyzing frame 29/42: q_30_main_0_30fps_frame0074.png
Prompt: Given the human reaction shown in the image, do you think the situation observed by that human ends well or poorly? (Use only one word -- well or poorly -- to answer)
Image size: 15008 bytes
Response status code: 200
{'model': 'deepseek-ocr:3b', 'created_at': '2025-12-08T07:15:26.280237096Z', 'message': {'role': 'assistant', 'content': 'Well'}, 'done': True, 'done_reason': 'stop', 'total_duration': 8975942487, 'load_duration': 7790248781, 'prompt_eval_count': 520, 'prompt_eval_duration': 445998716, 'eval_count': 2, 'eval_duration': 4440236}
Response: Well
Analyzing frame 30/42: q_30_main_0_30fps_frame0089.png
Prompt: Given the human reaction shown in the image, do you think the situation observed by that human ends well or poorly? (Use only one word -- well or poorly -- to answer)
Image size: 15024 bytes
Response status code: 200
{'model': 'deepseek-ocr:3b', 'created_at': '2025-12-08T07:15:36.415111522Z', 'message': {'role': 'assistant', 'content': 'Well'}, 'done': True, 'done_reason': 'stop', 'total_duration': 9107440236, 'load_duration': 7932282606, 'prompt_eval_count': 520, 'prompt_eval_duration': 423612322, 'eval_count': 2, 'eval_duration': 4368380}
Response: Well
Analyzing frame 31/42: q_4_main_1_30fps_frame0015.png
Prompt: Given the human reaction shown in the image, do you think the situation observed by that human ends well or poorly? (Use only one word -- well or poorly -- to answer)
Image size: 14888 bytes
Response status code: 200
{'model': 'deepseek-ocr:3b', 'created_at': '2025-12-08T07:15:46.609804831Z', 'message': {'role': 'assistant', 'content': 'Well'}, 'done': True, 'done_reason': 'stop', 'total_duration': 9131275169, 'load_duration': 7855697134, 'prompt_eval_count': 520, 'prompt_eval_duration': 473698148, 'eval_count': 2, 'eval_duration': 4272965}
Response: Well
Analyzing frame 32/42: q_4_main_1_30fps_frame0030.png
Prompt: Given the human reaction shown in the image, do you think the situation observed by that human ends well or poorly? (Use only one word -- well or poorly -- to answer)
Image size: 14884 bytes
Response status code: 200
{'model': 'deepseek-ocr:3b', 'created_at': '2025-12-08T07:15:56.894050447Z', 'message': {'role': 'assistant', 'content': 'Well'}, 'done': True, 'done_reason': 'stop', 'total_duration': 9238887516, 'load_duration': 8034820637, 'prompt_eval_count': 520, 'prompt_eval_duration': 422583988, 'eval_count': 2, 'eval_duration': 4240182}
Response: Well
Analyzing frame 33/42: q_4_main_1_30fps_frame0045.png
Prompt: Given the human reaction shown in the image, do you think the situation observed by that human ends well or poorly? (Use only one word -- well or poorly -- to answer)
Image size: 14848 bytes
Response status code: 200
{'model': 'deepseek-ocr:3b', 'created_at': '2025-12-08T07:16:06.726101353Z', 'message': {'role': 'assistant', 'content': 'Well'}, 'done': True, 'done_reason': 'stop', 'total_duration': 8798982993, 'load_duration': 7586399723, 'prompt_eval_count': 520, 'prompt_eval_duration': 424309908, 'eval_count': 2, 'eval_duration': 4306668}
Response: Well
Analyzing frame 34/42: q_4_main_1_30fps_frame0060.png
Prompt: Given the human reaction shown in the image, do you think the situation observed by that human ends well or poorly? (Use only one word -- well or poorly -- to answer)
Image size: 14860 bytes
Response status code: 200
{'model': 'deepseek-ocr:3b', 'created_at': '2025-12-08T07:16:16.928895799Z', 'message': {'role': 'assistant', 'content': 'Well'}, 'done': True, 'done_reason': 'stop', 'total_duration': 9167279955, 'load_duration': 7882094394, 'prompt_eval_count': 520, 'prompt_eval_duration': 422853287, 'eval_count': 2, 'eval_duration': 4347390}
Response: Well
Analyzing frame 35/42: q_4_main_1_30fps_frame0075.png
Prompt: Given the human reaction shown in the image, do you think the situation observed by that human ends well or poorly? (Use only one word -- well or poorly -- to answer)
Image size: 14736 bytes
Response status code: 200
{'model': 'deepseek-ocr:3b', 'created_at': '2025-12-08T07:16:26.981152972Z', 'message': {'role': 'assistant', 'content': 'Well'}, 'done': True, 'done_reason': 'stop', 'total_duration': 9033375164, 'load_duration': 7880636549, 'prompt_eval_count': 520, 'prompt_eval_duration': 414937960, 'eval_count': 2, 'eval_duration': 4566568}
Response: Well
Analyzing frame 36/42: q_4_main_1_30fps_frame0090.png
Prompt: Given the human reaction shown in the image, do you think the situation observed by that human ends well or poorly? (Use only one word -- well or poorly -- to answer)
Image size: 14712 bytes
Response status code: 200
{'model': 'deepseek-ocr:3b', 'created_at': '2025-12-08T07:16:36.855310123Z', 'message': {'role': 'assistant', 'content': 'Well'}, 'done': True, 'done_reason': 'stop', 'total_duration': 8824017680, 'load_duration': 7709821918, 'prompt_eval_count': 520, 'prompt_eval_duration': 421940747, 'eval_count': 2, 'eval_duration': 4236092}
Response: Well
Analyzing frame 37/42: q_warmup_4_main_0_30fps_frame0014.png
Prompt: Given the human reaction shown in the image, do you think the situation observed by that human ends well or poorly? (Use only one word -- well or poorly -- to answer)
Image size: 14996 bytes
Response status code: 200
{'model': 'deepseek-ocr:3b', 'created_at': '2025-12-08T07:16:47.118560814Z', 'message': {'role': 'assistant', 'content': 'Well'}, 'done': True, 'done_reason': 'stop', 'total_duration': 9223250906, 'load_duration': 8052971961, 'prompt_eval_count': 520, 'prompt_eval_duration': 415228020, 'eval_count': 2, 'eval_duration': 4238030}
Response: Well
Analyzing frame 38/42: q_warmup_4_main_0_30fps_frame0029.png
Prompt: Given the human reaction shown in the image, do you think the situation observed by that human ends well or poorly? (Use only one word -- well or poorly -- to answer)
Image size: 14972 bytes
Response status code: 200
{'model': 'deepseek-ocr:3b', 'created_at': '2025-12-08T07:16:57.398088926Z', 'message': {'role': 'assistant', 'content': 'Well'}, 'done': True, 'done_reason': 'stop', 'total_duration': 9248547592, 'load_duration': 8069409058, 'prompt_eval_count': 520, 'prompt_eval_duration': 425998870, 'eval_count': 2, 'eval_duration': 4205074}
Response: Well
Analyzing frame 39/42: q_warmup_4_main_0_30fps_frame0044.png
Prompt: Given the human reaction shown in the image, do you think the situation observed by that human ends well or poorly? (Use only one word -- well or poorly -- to answer)
Image size: 15016 bytes
Response status code: 200
{'model': 'deepseek-ocr:3b', 'created_at': '2025-12-08T07:17:07.674808522Z', 'message': {'role': 'assistant', 'content': 'Well'}, 'done': True, 'done_reason': 'stop', 'total_duration': 9217382361, 'load_duration': 8033992452, 'prompt_eval_count': 520, 'prompt_eval_duration': 425129863, 'eval_count': 2, 'eval_duration': 4232887}
Response: Well
Analyzing frame 40/42: q_warmup_4_main_0_30fps_frame0059.png
Prompt: Given the human reaction shown in the image, do you think the situation observed by that human ends well or poorly? (Use only one word -- well or poorly -- to answer)
Image size: 15104 bytes
Response status code: 200
{'model': 'deepseek-ocr:3b', 'created_at': '2025-12-08T07:17:17.696673938Z', 'message': {'role': 'assistant', 'content': 'Well'}, 'done': True, 'done_reason': 'stop', 'total_duration': 8991833034, 'load_duration': 7804984603, 'prompt_eval_count': 520, 'prompt_eval_duration': 439292699, 'eval_count': 2, 'eval_duration': 4212892}
Response: Well
Analyzing frame 41/42: q_warmup_4_main_0_30fps_frame0074.png
Prompt: Given the human reaction shown in the image, do you think the situation observed by that human ends well or poorly? (Use only one word -- well or poorly -- to answer)
Image size: 15040 bytes
Response status code: 200
{'model': 'deepseek-ocr:3b', 'created_at': '2025-12-08T07:17:27.384189608Z', 'message': {'role': 'assistant', 'content': 'Well'}, 'done': True, 'done_reason': 'stop', 'total_duration': 8636869873, 'load_duration': 7323823527, 'prompt_eval_count': 520, 'prompt_eval_duration': 419018885, 'eval_count': 2, 'eval_duration': 4231744}
Response: Well
Analyzing frame 42/42: q_warmup_4_main_0_30fps_frame0089.png
Prompt: Given the human reaction shown in the image, do you think the situation observed by that human ends well or poorly? (Use only one word -- well or poorly -- to answer)
Image size: 14876 bytes
Response status code: 200
{'model': 'deepseek-ocr:3b', 'created_at': '2025-12-08T07:17:37.374700152Z', 'message': {'role': 'assistant', 'content': 'Well'}, 'done': True, 'done_reason': 'stop', 'total_duration': 8965602235, 'load_duration': 7789823096, 'prompt_eval_count': 520, 'prompt_eval_duration': 451433435, 'eval_count': 2, 'eval_duration': 4460785}
Response: Well
Processed 42 frames for participant 3882

Results saved to ./results/results_deepseek-ocr_3s.csv
Total frames in CSV: 3948

==================================================
Processing participant 10/27: 5009

Processing participant: 5009
Found 54 unprocessed frames for this participant
Analyzing frame 1/54: q_1_main_0_30fps_frame0013.png
Prompt: Given the human reaction shown in the image, do you think the situation observed by that human ends well or poorly? (Use only one word -- well or poorly -- to answer)
Image size: 8580 bytes
Response status code: 200
{'model': 'deepseek-ocr:3b', 'created_at': '2025-12-08T07:17:47.228602242Z', 'message': {'role': 'assistant', 'content': 'Well'}, 'done': True, 'done_reason': 'stop', 'total_duration': 8784757054, 'load_duration': 7630185147, 'prompt_eval_count': 520, 'prompt_eval_duration': 420137670, 'eval_count': 2, 'eval_duration': 4195708}
Response: Well
Analyzing frame 2/54: q_1_main_0_30fps_frame0028.png
Prompt: Given the human reaction shown in the image, do you think the situation observed by that human ends well or poorly? (Use only one word -- well or poorly -- to answer)
Image size: 8536 bytes
Response status code: 200
{'model': 'deepseek-ocr:3b', 'created_at': '2025-12-08T07:17:56.950800813Z', 'message': {'role': 'assistant', 'content': 'Well'}, 'done': True, 'done_reason': 'stop', 'total_duration': 8677444729, 'load_duration': 7494041038, 'prompt_eval_count': 520, 'prompt_eval_duration': 419376142, 'eval_count': 2, 'eval_duration': 4266886}
Response: Well
Analyzing frame 3/54: q_1_main_0_30fps_frame0043.png
Prompt: Given the human reaction shown in the image, do you think the situation observed by that human ends well or poorly? (Use only one word -- well or poorly -- to answer)
Image size: 8348 bytes
Response status code: 200
{'model': 'deepseek-ocr:3b', 'created_at': '2025-12-08T07:18:07.267829652Z', 'message': {'role': 'assistant', 'content': 'Well'}, 'done': True, 'done_reason': 'stop', 'total_duration': 9277998452, 'load_duration': 8083954217, 'prompt_eval_count': 520, 'prompt_eval_duration': 431187670, 'eval_count': 2, 'eval_duration': 4197972}
Response: Well
Analyzing frame 4/54: q_1_main_0_30fps_frame0058.png
Prompt: Given the human reaction shown in the image, do you think the situation observed by that human ends well or poorly? (Use only one word -- well or poorly -- to answer)
Image size: 8388 bytes
Response status code: 200
{'model': 'deepseek-ocr:3b', 'created_at': '2025-12-08T07:18:17.448822092Z', 'message': {'role': 'assistant', 'content': 'Well'}, 'done': True, 'done_reason': 'stop', 'total_duration': 9156101601, 'load_duration': 7979747802, 'prompt_eval_count': 520, 'prompt_eval_duration': 423775471, 'eval_count': 2, 'eval_duration': 4195994}
Response: Well
Analyzing frame 5/54: q_1_main_0_30fps_frame0073.png
Prompt: Given the human reaction shown in the image, do you think the situation observed by that human ends well or poorly? (Use only one word -- well or poorly -- to answer)
Image size: 8408 bytes
Response status code: 200
{'model': 'deepseek-ocr:3b', 'created_at': '2025-12-08T07:18:27.552665511Z', 'message': {'role': 'assistant', 'content': 'Well'}, 'done': True, 'done_reason': 'stop', 'total_duration': 9075750575, 'load_duration': 7837069220, 'prompt_eval_count': 520, 'prompt_eval_duration': 424897077, 'eval_count': 2, 'eval_duration': 4184890}
Response: Well
Analyzing frame 6/54: q_1_main_0_30fps_frame0088.png
Prompt: Given the human reaction shown in the image, do you think the situation observed by that human ends well or poorly? (Use only one word -- well or poorly -- to answer)
Image size: 8328 bytes
Response status code: 200
{'model': 'deepseek-ocr:3b', 'created_at': '2025-12-08T07:18:37.758976711Z', 'message': {'role': 'assistant', 'content': 'Well'}, 'done': True, 'done_reason': 'stop', 'total_duration': 9178234773, 'load_duration': 7963989657, 'prompt_eval_count': 520, 'prompt_eval_duration': 425348722, 'eval_count': 2, 'eval_duration': 4339796}
Response: Well
Analyzing frame 7/54: q_20_main_0_30fps_frame0014.png
Prompt: Given the human reaction shown in the image, do you think the situation observed by that human ends well or poorly? (Use only one word -- well or poorly -- to answer)
Image size: 8272 bytes
Response status code: 200
{'model': 'deepseek-ocr:3b', 'created_at': '2025-12-08T07:18:47.826414793Z', 'message': {'role': 'assistant', 'content': 'Well'}, 'done': True, 'done_reason': 'stop', 'total_duration': 9013525379, 'load_duration': 7787246020, 'prompt_eval_count': 520, 'prompt_eval_duration': 427243424, 'eval_count': 2, 'eval_duration': 4334159}
Response: Well
Analyzing frame 8/54: q_20_main_0_30fps_frame0029.png
Prompt: Given the human reaction shown in the image, do you think the situation observed by that human ends well or poorly? (Use only one word -- well or poorly -- to answer)
Image size: 8272 bytes
Response status code: 200
{'model': 'deepseek-ocr:3b', 'created_at': '2025-12-08T07:18:57.973001205Z', 'message': {'role': 'assistant', 'content': 'Well'}, 'done': True, 'done_reason': 'stop', 'total_duration': 9104336828, 'load_duration': 7917968841, 'prompt_eval_count': 520, 'prompt_eval_duration': 491679935, 'eval_count': 2, 'eval_duration': 4218437}
Response: Well
Analyzing frame 9/54: q_20_main_0_30fps_frame0044.png
Prompt: Given the human reaction shown in the image, do you think the situation observed by that human ends well or poorly? (Use only one word -- well or poorly -- to answer)
Image size: 8300 bytes
Response status code: 200
{'model': 'deepseek-ocr:3b', 'created_at': '2025-12-08T07:19:08.046058095Z', 'message': {'role': 'assistant', 'content': 'Well'}, 'done': True, 'done_reason': 'stop', 'total_duration': 9045164103, 'load_duration': 7842668444, 'prompt_eval_count': 520, 'prompt_eval_duration': 422352664, 'eval_count': 2, 'eval_duration': 4229971}
Response: Well
Analyzing frame 10/54: q_20_main_0_30fps_frame0059.png
Prompt: Given the human reaction shown in the image, do you think the situation observed by that human ends well or poorly? (Use only one word -- well or poorly -- to answer)
Image size: 8264 bytes
Response status code: 200
{'model': 'deepseek-ocr:3b', 'created_at': '2025-12-08T07:19:17.961608844Z', 'message': {'role': 'assistant', 'content': 'Well'}, 'done': True, 'done_reason': 'stop', 'total_duration': 8887997069, 'load_duration': 7727291173, 'prompt_eval_count': 520, 'prompt_eval_duration': 421049841, 'eval_count': 2, 'eval_duration': 4549256}
Response: Well
Analyzing frame 11/54: q_20_main_0_30fps_frame0074.png
Prompt: Given the human reaction shown in the image, do you think the situation observed by that human ends well or poorly? (Use only one word -- well or poorly -- to answer)
Image size: 8208 bytes
Response status code: 200
{'model': 'deepseek-ocr:3b', 'created_at': '2025-12-08T07:19:28.19533102Z', 'message': {'role': 'assistant', 'content': 'Well'}, 'done': True, 'done_reason': 'stop', 'total_duration': 9207483077, 'load_duration': 8035325186, 'prompt_eval_count': 520, 'prompt_eval_duration': 423310139, 'eval_count': 2, 'eval_duration': 4198712}
Response: Well
Analyzing frame 12/54: q_20_main_0_30fps_frame0089.png
Prompt: Given the human reaction shown in the image, do you think the situation observed by that human ends well or poorly? (Use only one word -- well or poorly -- to answer)
Image size: 8220 bytes
Response status code: 200
{'model': 'deepseek-ocr:3b', 'created_at': '2025-12-08T07:19:38.379202983Z', 'message': {'role': 'assistant', 'content': 'Well'}, 'done': True, 'done_reason': 'stop', 'total_duration': 9159672722, 'load_duration': 7969820968, 'prompt_eval_count': 520, 'prompt_eval_duration': 421829163, 'eval_count': 2, 'eval_duration': 4229388}
Response: Well
Analyzing frame 13/54: q_24_main_0_30fps_frame0014.png
Prompt: Given the human reaction shown in the image, do you think the situation observed by that human ends well or poorly? (Use only one word -- well or poorly -- to answer)
Image size: 8128 bytes
Response status code: 200
{'model': 'deepseek-ocr:3b', 'created_at': '2025-12-08T07:19:48.334250767Z', 'message': {'role': 'assistant', 'content': 'Well'}, 'done': True, 'done_reason': 'stop', 'total_duration': 8896925503, 'load_duration': 7708593201, 'prompt_eval_count': 520, 'prompt_eval_duration': 421277516, 'eval_count': 2, 'eval_duration': 4195090}
Response: Well
Analyzing frame 14/54: q_24_main_0_30fps_frame0029.png
Prompt: Given the human reaction shown in the image, do you think the situation observed by that human ends well or poorly? (Use only one word -- well or poorly -- to answer)
Image size: 8156 bytes
Response status code: 200
{'model': 'deepseek-ocr:3b', 'created_at': '2025-12-08T07:19:58.25322887Z', 'message': {'role': 'assistant', 'content': 'Well'}, 'done': True, 'done_reason': 'stop', 'total_duration': 8883285313, 'load_duration': 7696860828, 'prompt_eval_count': 520, 'prompt_eval_duration': 419749684, 'eval_count': 2, 'eval_duration': 6755874}
Response: Well
Analyzing frame 15/54: q_24_main_0_30fps_frame0044.png
Prompt: Given the human reaction shown in the image, do you think the situation observed by that human ends well or poorly? (Use only one word -- well or poorly -- to answer)
Image size: 8160 bytes
Response status code: 200
{'model': 'deepseek-ocr:3b', 'created_at': '2025-12-08T07:20:08.775300128Z', 'message': {'role': 'assistant', 'content': 'Well'}, 'done': True, 'done_reason': 'stop', 'total_duration': 9494400207, 'load_duration': 8285492455, 'prompt_eval_count': 520, 'prompt_eval_duration': 447167744, 'eval_count': 2, 'eval_duration': 4468982}
Response: Well
Analyzing frame 16/54: q_24_main_0_30fps_frame0059.png
Prompt: Given the human reaction shown in the image, do you think the situation observed by that human ends well or poorly? (Use only one word -- well or poorly -- to answer)
Image size: 8184 bytes
Response status code: 200
{'model': 'deepseek-ocr:3b', 'created_at': '2025-12-08T07:20:18.649160699Z', 'message': {'role': 'assistant', 'content': 'Well'}, 'done': True, 'done_reason': 'stop', 'total_duration': 8847969661, 'load_duration': 7615788083, 'prompt_eval_count': 520, 'prompt_eval_duration': 430117942, 'eval_count': 2, 'eval_duration': 4198910}
Response: Well
Analyzing frame 17/54: q_24_main_0_30fps_frame0074.png
Prompt: Given the human reaction shown in the image, do you think the situation observed by that human ends well or poorly? (Use only one word -- well or poorly -- to answer)
Image size: 8256 bytes
Response status code: 200
{'model': 'deepseek-ocr:3b', 'created_at': '2025-12-08T07:20:29.036736074Z', 'message': {'role': 'assistant', 'content': 'Well'}, 'done': True, 'done_reason': 'stop', 'total_duration': 9359680705, 'load_duration': 8179902395, 'prompt_eval_count': 520, 'prompt_eval_duration': 410460897, 'eval_count': 2, 'eval_duration': 4226742}
Response: Well
Analyzing frame 18/54: q_24_main_0_30fps_frame0089.png
Prompt: Given the human reaction shown in the image, do you think the situation observed by that human ends well or poorly? (Use only one word -- well or poorly -- to answer)
Image size: 8124 bytes
Response status code: 200
{'model': 'deepseek-ocr:3b', 'created_at': '2025-12-08T07:20:39.048245393Z', 'message': {'role': 'assistant', 'content': 'Well'}, 'done': True, 'done_reason': 'stop', 'total_duration': 8962496204, 'load_duration': 7785421316, 'prompt_eval_count': 520, 'prompt_eval_duration': 423227044, 'eval_count': 2, 'eval_duration': 4194702}
Response: Well
Analyzing frame 19/54: q_26_main_0_30fps_frame0014.png
Prompt: Given the human reaction shown in the image, do you think the situation observed by that human ends well or poorly? (Use only one word -- well or poorly -- to answer)
Image size: 8212 bytes
Response status code: 200
{'model': 'deepseek-ocr:3b', 'created_at': '2025-12-08T07:20:49.052400595Z', 'message': {'role': 'assistant', 'content': 'Well'}, 'done': True, 'done_reason': 'stop', 'total_duration': 8980956747, 'load_duration': 7807357868, 'prompt_eval_count': 520, 'prompt_eval_duration': 424037959, 'eval_count': 2, 'eval_duration': 4192595}
Response: Well
Analyzing frame 20/54: q_26_main_0_30fps_frame0029.png
Prompt: Given the human reaction shown in the image, do you think the situation observed by that human ends well or poorly? (Use only one word -- well or poorly -- to answer)
Image size: 8196 bytes
Response status code: 200
{'model': 'deepseek-ocr:3b', 'created_at': '2025-12-08T07:20:59.164157809Z', 'message': {'role': 'assistant', 'content': 'Well'}, 'done': True, 'done_reason': 'stop', 'total_duration': 9083765265, 'load_duration': 7871704368, 'prompt_eval_count': 520, 'prompt_eval_duration': 423100752, 'eval_count': 2, 'eval_duration': 4229263}
Response: Well
Analyzing frame 21/54: q_26_main_0_30fps_frame0044.png
Prompt: Given the human reaction shown in the image, do you think the situation observed by that human ends well or poorly? (Use only one word -- well or poorly -- to answer)
Image size: 8108 bytes
Response status code: 200
{'model': 'deepseek-ocr:3b', 'created_at': '2025-12-08T07:21:09.06617115Z', 'message': {'role': 'assistant', 'content': 'Well'}, 'done': True, 'done_reason': 'stop', 'total_duration': 8874136182, 'load_duration': 7675867584, 'prompt_eval_count': 520, 'prompt_eval_duration': 429910180, 'eval_count': 2, 'eval_duration': 4197367}
Response: Well
Analyzing frame 22/54: q_26_main_0_30fps_frame0059.png
Prompt: Given the human reaction shown in the image, do you think the situation observed by that human ends well or poorly? (Use only one word -- well or poorly -- to answer)
Image size: 8120 bytes
Response status code: 200
{'model': 'deepseek-ocr:3b', 'created_at': '2025-12-08T07:21:19.106774133Z', 'message': {'role': 'assistant', 'content': 'Well'}, 'done': True, 'done_reason': 'stop', 'total_duration': 9013754341, 'load_duration': 7846636573, 'prompt_eval_count': 520, 'prompt_eval_duration': 422988259, 'eval_count': 2, 'eval_duration': 4181134}
Response: Well
Analyzing frame 23/54: q_26_main_0_30fps_frame0074.png
Prompt: Given the human reaction shown in the image, do you think the situation observed by that human ends well or poorly? (Use only one word -- well or poorly -- to answer)
Image size: 8164 bytes
Response status code: 200
{'model': 'deepseek-ocr:3b', 'created_at': '2025-12-08T07:21:28.901030723Z', 'message': {'role': 'assistant', 'content': 'Well'}, 'done': True, 'done_reason': 'stop', 'total_duration': 8767668355, 'load_duration': 7595502617, 'prompt_eval_count': 520, 'prompt_eval_duration': 419169399, 'eval_count': 2, 'eval_duration': 4205848}
Response: Well
Analyzing frame 24/54: q_26_main_0_30fps_frame0089.png
Prompt: Given the human reaction shown in the image, do you think the situation observed by that human ends well or poorly? (Use only one word -- well or poorly -- to answer)
Image size: 8068 bytes
Response status code: 200
{'model': 'deepseek-ocr:3b', 'created_at': '2025-12-08T07:21:38.67442911Z', 'message': {'role': 'assistant', 'content': 'Well'}, 'done': True, 'done_reason': 'stop', 'total_duration': 8732898528, 'load_duration': 7561999692, 'prompt_eval_count': 520, 'prompt_eval_duration': 422316961, 'eval_count': 2, 'eval_duration': 4241126}
Response: Well
Analyzing frame 25/54: q_28_main_1_30fps_frame0015.png
Prompt: Given the human reaction shown in the image, do you think the situation observed by that human ends well or poorly? (Use only one word -- well or poorly -- to answer)
Image size: 8316 bytes
Response status code: 200
{'model': 'deepseek-ocr:3b', 'created_at': '2025-12-08T07:21:48.498038236Z', 'message': {'role': 'assistant', 'content': 'Well'}, 'done': True, 'done_reason': 'stop', 'total_duration': 8799156466, 'load_duration': 7614219826, 'prompt_eval_count': 520, 'prompt_eval_duration': 427638847, 'eval_count': 2, 'eval_duration': 4222466}
Response: Well
Analyzing frame 26/54: q_28_main_1_30fps_frame0030.png
Prompt: Given the human reaction shown in the image, do you think the situation observed by that human ends well or poorly? (Use only one word -- well or poorly -- to answer)
Image size: 8348 bytes
Response status code: 200
{'model': 'deepseek-ocr:3b', 'created_at': '2025-12-08T07:21:58.435752286Z', 'message': {'role': 'assistant', 'content': 'Well'}, 'done': True, 'done_reason': 'stop', 'total_duration': 8911785356, 'load_duration': 7731533349, 'prompt_eval_count': 520, 'prompt_eval_duration': 438080023, 'eval_count': 2, 'eval_duration': 4208666}
Response: Well
Analyzing frame 27/54: q_28_main_1_30fps_frame0045.png
Prompt: Given the human reaction shown in the image, do you think the situation observed by that human ends well or poorly? (Use only one word -- well or poorly -- to answer)
Image size: 8384 bytes
Response status code: 200
{'model': 'deepseek-ocr:3b', 'created_at': '2025-12-08T07:22:08.265495797Z', 'message': {'role': 'assistant', 'content': 'Well'}, 'done': True, 'done_reason': 'stop', 'total_duration': 8804641308, 'load_duration': 7573539157, 'prompt_eval_count': 520, 'prompt_eval_duration': 435557706, 'eval_count': 2, 'eval_duration': 4197724}
Response: Well
Analyzing frame 28/54: q_28_main_1_30fps_frame0060.png
Prompt: Given the human reaction shown in the image, do you think the situation observed by that human ends well or poorly? (Use only one word -- well or poorly -- to answer)
Image size: 8380 bytes
Response status code: 200
{'model': 'deepseek-ocr:3b', 'created_at': '2025-12-08T07:22:17.897173877Z', 'message': {'role': 'assistant', 'content': 'Well'}, 'done': True, 'done_reason': 'stop', 'total_duration': 8603120769, 'load_duration': 7399158777, 'prompt_eval_count': 520, 'prompt_eval_duration': 423444207, 'eval_count': 2, 'eval_duration': 4205623}
Response: Well
Analyzing frame 29/54: q_28_main_1_30fps_frame0075.png
Prompt: Given the human reaction shown in the image, do you think the situation observed by that human ends well or poorly? (Use only one word -- well or poorly -- to answer)
Image size: 8412 bytes
Response status code: 200
{'model': 'deepseek-ocr:3b', 'created_at': '2025-12-08T07:22:27.85094815Z', 'message': {'role': 'assistant', 'content': 'Well'}, 'done': True, 'done_reason': 'stop', 'total_duration': 8905840360, 'load_duration': 7700523124, 'prompt_eval_count': 520, 'prompt_eval_duration': 419754399, 'eval_count': 2, 'eval_duration': 4194090}
Response: Well
Analyzing frame 30/54: q_28_main_1_30fps_frame0090.png
Prompt: Given the human reaction shown in the image, do you think the situation observed by that human ends well or poorly? (Use only one word -- well or poorly -- to answer)
Image size: 8284 bytes
Response status code: 200
{'model': 'deepseek-ocr:3b', 'created_at': '2025-12-08T07:22:38.574299543Z', 'message': {'role': 'assistant', 'content': 'Well'}, 'done': True, 'done_reason': 'stop', 'total_duration': 9703907539, 'load_duration': 8548257392, 'prompt_eval_count': 520, 'prompt_eval_duration': 420051609, 'eval_count': 2, 'eval_duration': 4206204}
Response: Well
Analyzing frame 31/54: q_2_main_1_30fps_frame0015.png
Prompt: Given the human reaction shown in the image, do you think the situation observed by that human ends well or poorly? (Use only one word -- well or poorly -- to answer)
Image size: 8088 bytes
Response status code: 200
{'model': 'deepseek-ocr:3b', 'created_at': '2025-12-08T07:22:48.900553285Z', 'message': {'role': 'assistant', 'content': 'Well'}, 'done': True, 'done_reason': 'stop', 'total_duration': 9299651763, 'load_duration': 8058575038, 'prompt_eval_count': 520, 'prompt_eval_duration': 444984584, 'eval_count': 2, 'eval_duration': 4773851}
Response: Well
Analyzing frame 32/54: q_2_main_1_30fps_frame0030.png
Prompt: Given the human reaction shown in the image, do you think the situation observed by that human ends well or poorly? (Use only one word -- well or poorly -- to answer)
Image size: 8152 bytes
Response status code: 200
{'model': 'deepseek-ocr:3b', 'created_at': '2025-12-08T07:22:59.095234792Z', 'message': {'role': 'assistant', 'content': 'Well'}, 'done': True, 'done_reason': 'stop', 'total_duration': 9167445842, 'load_duration': 7982406342, 'prompt_eval_count': 520, 'prompt_eval_duration': 422189354, 'eval_count': 2, 'eval_duration': 4330433}
Response: Well
Analyzing frame 33/54: q_2_main_1_30fps_frame0045.png
Prompt: Given the human reaction shown in the image, do you think the situation observed by that human ends well or poorly? (Use only one word -- well or poorly -- to answer)
Image size: 8196 bytes
Response status code: 200
{'model': 'deepseek-ocr:3b', 'created_at': '2025-12-08T07:23:09.096292097Z', 'message': {'role': 'assistant', 'content': 'Well'}, 'done': True, 'done_reason': 'stop', 'total_duration': 8976141053, 'load_duration': 7812548552, 'prompt_eval_count': 520, 'prompt_eval_duration': 421396868, 'eval_count': 2, 'eval_duration': 4235370}
Response: Well
Analyzing frame 34/54: q_2_main_1_30fps_frame0060.png
Prompt: Given the human reaction shown in the image, do you think the situation observed by that human ends well or poorly? (Use only one word -- well or poorly -- to answer)
Image size: 8152 bytes
Response status code: 200
{'model': 'deepseek-ocr:3b', 'created_at': '2025-12-08T07:23:19.13812567Z', 'message': {'role': 'assistant', 'content': 'Well'}, 'done': True, 'done_reason': 'stop', 'total_duration': 9013016187, 'load_duration': 7733376968, 'prompt_eval_count': 520, 'prompt_eval_duration': 422766254, 'eval_count': 2, 'eval_duration': 4231529}
Response: Well
Analyzing frame 35/54: q_2_main_1_30fps_frame0075.png
Prompt: Given the human reaction shown in the image, do you think the situation observed by that human ends well or poorly? (Use only one word -- well or poorly -- to answer)
Image size: 8140 bytes
Response status code: 200
{'model': 'deepseek-ocr:3b', 'created_at': '2025-12-08T07:23:29.445862211Z', 'message': {'role': 'assistant', 'content': 'Well'}, 'done': True, 'done_reason': 'stop', 'total_duration': 9281264094, 'load_duration': 8111233421, 'prompt_eval_count': 520, 'prompt_eval_duration': 419548397, 'eval_count': 2, 'eval_duration': 4404169}
Response: Well
Analyzing frame 36/54: q_2_main_1_30fps_frame0090.png
Prompt: Given the human reaction shown in the image, do you think the situation observed by that human ends well or poorly? (Use only one word -- well or poorly -- to answer)
Image size: 8100 bytes
Response status code: 200
{'model': 'deepseek-ocr:3b', 'created_at': '2025-12-08T07:23:39.329188155Z', 'message': {'role': 'assistant', 'content': 'Well'}, 'done': True, 'done_reason': 'stop', 'total_duration': 8857769914, 'load_duration': 7634907080, 'prompt_eval_count': 520, 'prompt_eval_duration': 425903402, 'eval_count': 2, 'eval_duration': 4226233}
Response: Well
Analyzing frame 37/54: q_4_main_0_30fps_frame0014.png
Prompt: Given the human reaction shown in the image, do you think the situation observed by that human ends well or poorly? (Use only one word -- well or poorly -- to answer)
Image size: 8572 bytes
Response status code: 200
{'model': 'deepseek-ocr:3b', 'created_at': '2025-12-08T07:23:49.029600167Z', 'message': {'role': 'assistant', 'content': 'Well'}, 'done': True, 'done_reason': 'stop', 'total_duration': 8673191039, 'load_duration': 7547332681, 'prompt_eval_count': 520, 'prompt_eval_duration': 423194786, 'eval_count': 2, 'eval_duration': 4361302}
Response: Well
Analyzing frame 38/54: q_4_main_0_30fps_frame0029.png
Prompt: Given the human reaction shown in the image, do you think the situation observed by that human ends well or poorly? (Use only one word -- well or poorly -- to answer)
Image size: 8616 bytes
Response status code: 200
{'model': 'deepseek-ocr:3b', 'created_at': '2025-12-08T07:23:59.02458559Z', 'message': {'role': 'assistant', 'content': 'Well'}, 'done': True, 'done_reason': 'stop', 'total_duration': 8979665059, 'load_duration': 7785202307, 'prompt_eval_count': 520, 'prompt_eval_duration': 421425537, 'eval_count': 2, 'eval_duration': 4197939}
Response: Well
Analyzing frame 39/54: q_4_main_0_30fps_frame0044.png
Prompt: Given the human reaction shown in the image, do you think the situation observed by that human ends well or poorly? (Use only one word -- well or poorly -- to answer)
Image size: 8588 bytes
Response status code: 200
{'model': 'deepseek-ocr:3b', 'created_at': '2025-12-08T07:24:08.926956428Z', 'message': {'role': 'assistant', 'content': 'Well'}, 'done': True, 'done_reason': 'stop', 'total_duration': 8876310408, 'load_duration': 7695079078, 'prompt_eval_count': 520, 'prompt_eval_duration': 424219756, 'eval_count': 2, 'eval_duration': 4197437}
Response: Well
Analyzing frame 40/54: q_4_main_0_30fps_frame0059.png
Prompt: Given the human reaction shown in the image, do you think the situation observed by that human ends well or poorly? (Use only one word -- well or poorly -- to answer)
Image size: 8648 bytes
Response status code: 200
{'model': 'deepseek-ocr:3b', 'created_at': '2025-12-08T07:24:18.756516643Z', 'message': {'role': 'assistant', 'content': 'Well'}, 'done': True, 'done_reason': 'stop', 'total_duration': 8806108416, 'load_duration': 7634572638, 'prompt_eval_count': 520, 'prompt_eval_duration': 425687132, 'eval_count': 2, 'eval_duration': 4207949}
Response: Well
Analyzing frame 41/54: q_4_main_0_30fps_frame0074.png
Prompt: Given the human reaction shown in the image, do you think the situation observed by that human ends well or poorly? (Use only one word -- well or poorly -- to answer)
Image size: 8656 bytes
Response status code: 200
{'model': 'deepseek-ocr:3b', 'created_at': '2025-12-08T07:24:28.836486877Z', 'message': {'role': 'assistant', 'content': 'Well'}, 'done': True, 'done_reason': 'stop', 'total_duration': 9052917317, 'load_duration': 7871569642, 'prompt_eval_count': 520, 'prompt_eval_duration': 417707368, 'eval_count': 2, 'eval_duration': 4202255}
Response: Well
Analyzing frame 42/54: q_4_main_0_30fps_frame0089.png
Prompt: Given the human reaction shown in the image, do you think the situation observed by that human ends well or poorly? (Use only one word -- well or poorly -- to answer)
Image size: 8620 bytes
Response status code: 200
{'model': 'deepseek-ocr:3b', 'created_at': '2025-12-08T07:24:39.182015168Z', 'message': {'role': 'assistant', 'content': 'Well'}, 'done': True, 'done_reason': 'stop', 'total_duration': 9326646945, 'load_duration': 8152436391, 'prompt_eval_count': 520, 'prompt_eval_duration': 419931059, 'eval_count': 2, 'eval_duration': 4211637}
Response: Well
Analyzing frame 43/54: q_5_main_1_30fps_frame0015.png
Prompt: Given the human reaction shown in the image, do you think the situation observed by that human ends well or poorly? (Use only one word -- well or poorly -- to answer)
Image size: 8820 bytes
Response status code: 200
{'model': 'deepseek-ocr:3b', 'created_at': '2025-12-08T07:24:49.354284029Z', 'message': {'role': 'assistant', 'content': 'Well'}, 'done': True, 'done_reason': 'stop', 'total_duration': 9157595221, 'load_duration': 8000982164, 'prompt_eval_count': 520, 'prompt_eval_duration': 419389780, 'eval_count': 2, 'eval_duration': 4223055}
Response: Well
Analyzing frame 44/54: q_5_main_1_30fps_frame0030.png
Prompt: Given the human reaction shown in the image, do you think the situation observed by that human ends well or poorly? (Use only one word -- well or poorly -- to answer)
Image size: 8856 bytes
Response status code: 200
{'model': 'deepseek-ocr:3b', 'created_at': '2025-12-08T07:24:59.564760583Z', 'message': {'role': 'assistant', 'content': 'Well'}, 'done': True, 'done_reason': 'stop', 'total_duration': 9183218179, 'load_duration': 8003166331, 'prompt_eval_count': 520, 'prompt_eval_duration': 424157366, 'eval_count': 2, 'eval_duration': 4212358}
Response: Well
Analyzing frame 45/54: q_5_main_1_30fps_frame0045.png
Prompt: Given the human reaction shown in the image, do you think the situation observed by that human ends well or poorly? (Use only one word -- well or poorly -- to answer)
Image size: 8800 bytes
Response status code: 200
{'model': 'deepseek-ocr:3b', 'created_at': '2025-12-08T07:25:10.095980895Z', 'message': {'role': 'assistant', 'content': 'Well'}, 'done': True, 'done_reason': 'stop', 'total_duration': 9503292744, 'load_duration': 8317552777, 'prompt_eval_count': 520, 'prompt_eval_duration': 427090737, 'eval_count': 2, 'eval_duration': 4292984}
Response: Well
Analyzing frame 46/54: q_5_main_1_30fps_frame0060.png
Prompt: Given the human reaction shown in the image, do you think the situation observed by that human ends well or poorly? (Use only one word -- well or poorly -- to answer)
Image size: 8872 bytes
Response status code: 200
{'model': 'deepseek-ocr:3b', 'created_at': '2025-12-08T07:25:20.66317731Z', 'message': {'role': 'assistant', 'content': 'Well'}, 'done': True, 'done_reason': 'stop', 'total_duration': 9542954472, 'load_duration': 8283446666, 'prompt_eval_count': 520, 'prompt_eval_duration': 444743064, 'eval_count': 2, 'eval_duration': 4430823}
Response: Well
Analyzing frame 47/54: q_5_main_1_30fps_frame0075.png
Prompt: Given the human reaction shown in the image, do you think the situation observed by that human ends well or poorly? (Use only one word -- well or poorly -- to answer)
Image size: 8852 bytes
Response status code: 200
{'model': 'deepseek-ocr:3b', 'created_at': '2025-12-08T07:25:30.504391007Z', 'message': {'role': 'assistant', 'content': 'Well'}, 'done': True, 'done_reason': 'stop', 'total_duration': 8816711548, 'load_duration': 7669364114, 'prompt_eval_count': 520, 'prompt_eval_duration': 422893779, 'eval_count': 2, 'eval_duration': 4190212}
Response: Well
Analyzing frame 48/54: q_5_main_1_30fps_frame0090.png
Prompt: Given the human reaction shown in the image, do you think the situation observed by that human ends well or poorly? (Use only one word -- well or poorly -- to answer)
Image size: 8876 bytes
Response status code: 200
{'model': 'deepseek-ocr:3b', 'created_at': '2025-12-08T07:25:40.596274031Z', 'message': {'role': 'assistant', 'content': 'Well'}, 'done': True, 'done_reason': 'stop', 'total_duration': 9056468907, 'load_duration': 7874771399, 'prompt_eval_count': 520, 'prompt_eval_duration': 435765537, 'eval_count': 2, 'eval_duration': 4577634}
Response: Well
Analyzing frame 49/54: q_9_main_1_30fps_frame0014.png
Prompt: Given the human reaction shown in the image, do you think the situation observed by that human ends well or poorly? (Use only one word -- well or poorly -- to answer)
Image size: 8552 bytes
Response status code: 200
{'model': 'deepseek-ocr:3b', 'created_at': '2025-12-08T07:25:50.671110721Z', 'message': {'role': 'assistant', 'content': 'Well'}, 'done': True, 'done_reason': 'stop', 'total_duration': 9031523349, 'load_duration': 7850985214, 'prompt_eval_count': 520, 'prompt_eval_duration': 426535338, 'eval_count': 2, 'eval_duration': 4226460}
Response: Well
Analyzing frame 50/54: q_9_main_1_30fps_frame0029.png
Prompt: Given the human reaction shown in the image, do you think the situation observed by that human ends well or poorly? (Use only one word -- well or poorly -- to answer)
Image size: 8580 bytes
Response status code: 200
{'model': 'deepseek-ocr:3b', 'created_at': '2025-12-08T07:26:01.312024267Z', 'message': {'role': 'assistant', 'content': 'Well'}, 'done': True, 'done_reason': 'stop', 'total_duration': 9616525019, 'load_duration': 8331114462, 'prompt_eval_count': 520, 'prompt_eval_duration': 441610948, 'eval_count': 2, 'eval_duration': 4438372}
Response: Well
Analyzing frame 51/54: q_9_main_1_30fps_frame0044.png
Prompt: Given the human reaction shown in the image, do you think the situation observed by that human ends well or poorly? (Use only one word -- well or poorly -- to answer)
Image size: 8512 bytes
Response status code: 200
{'model': 'deepseek-ocr:3b', 'created_at': '2025-12-08T07:26:11.216902337Z', 'message': {'role': 'assistant', 'content': 'Well'}, 'done': True, 'done_reason': 'stop', 'total_duration': 8876653711, 'load_duration': 7594517604, 'prompt_eval_count': 520, 'prompt_eval_duration': 413394561, 'eval_count': 2, 'eval_duration': 4187807}
Response: Well
Analyzing frame 52/54: q_9_main_1_30fps_frame0059.png
Prompt: Given the human reaction shown in the image, do you think the situation observed by that human ends well or poorly? (Use only one word -- well or poorly -- to answer)
Image size: 8500 bytes
Response status code: 200
{'model': 'deepseek-ocr:3b', 'created_at': '2025-12-08T07:26:21.446221138Z', 'message': {'role': 'assistant', 'content': 'Well'}, 'done': True, 'done_reason': 'stop', 'total_duration': 9202920707, 'load_duration': 7944652874, 'prompt_eval_count': 520, 'prompt_eval_duration': 426759849, 'eval_count': 2, 'eval_duration': 4203956}
Response: Well
Analyzing frame 53/54: q_9_main_1_30fps_frame0074.png
Prompt: Given the human reaction shown in the image, do you think the situation observed by that human ends well or poorly? (Use only one word -- well or poorly -- to answer)
Image size: 8480 bytes
Response status code: 200
{'model': 'deepseek-ocr:3b', 'created_at': '2025-12-08T07:26:31.211907947Z', 'message': {'role': 'assistant', 'content': 'Well'}, 'done': True, 'done_reason': 'stop', 'total_duration': 8738589358, 'load_duration': 7586773443, 'prompt_eval_count': 520, 'prompt_eval_duration': 415942679, 'eval_count': 2, 'eval_duration': 4267796}
Response: Well
Analyzing frame 54/54: q_9_main_1_30fps_frame0089.png
Prompt: Given the human reaction shown in the image, do you think the situation observed by that human ends well or poorly? (Use only one word -- well or poorly -- to answer)
Image size: 8524 bytes
Response status code: 200
{'model': 'deepseek-ocr:3b', 'created_at': '2025-12-08T07:26:41.153307732Z', 'message': {'role': 'assistant', 'content': 'Well'}, 'done': True, 'done_reason': 'stop', 'total_duration': 8917367426, 'load_duration': 7713572149, 'prompt_eval_count': 520, 'prompt_eval_duration': 424917119, 'eval_count': 2, 'eval_duration': 4210141}
Response: Well
Processed 54 frames for participant 5009

Results saved to ./results/results_deepseek-ocr_3s.csv
Total frames in CSV: 4002

==================================================
Processing participant 11/27: 5099

Processing participant: 5099
Found 24 unprocessed frames for this participant
Analyzing frame 1/24: q_16_main_1_30fps_frame0015.png
Prompt: Given the human reaction shown in the image, do you think the situation observed by that human ends well or poorly? (Use only one word -- well or poorly -- to answer)
Image size: 10296 bytes
Response status code: 200
{'model': 'deepseek-ocr:3b', 'created_at': '2025-12-08T07:26:51.081113904Z', 'message': {'role': 'assistant', 'content': 'Well'}, 'done': True, 'done_reason': 'stop', 'total_duration': 8824039607, 'load_duration': 7618469485, 'prompt_eval_count': 520, 'prompt_eval_duration': 432538838, 'eval_count': 2, 'eval_duration': 4337388}
Response: Well
Analyzing frame 2/24: q_16_main_1_30fps_frame0030.png
Prompt: Given the human reaction shown in the image, do you think the situation observed by that human ends well or poorly? (Use only one word -- well or poorly -- to answer)
Image size: 10272 bytes
Response status code: 200
{'model': 'deepseek-ocr:3b', 'created_at': '2025-12-08T07:27:01.079313976Z', 'message': {'role': 'assistant', 'content': 'Well'}, 'done': True, 'done_reason': 'stop', 'total_duration': 8950275194, 'load_duration': 7695281786, 'prompt_eval_count': 520, 'prompt_eval_duration': 424048387, 'eval_count': 2, 'eval_duration': 4353671}
Response: Well
Analyzing frame 3/24: q_16_main_1_30fps_frame0045.png
Prompt: Given the human reaction shown in the image, do you think the situation observed by that human ends well or poorly? (Use only one word -- well or poorly -- to answer)
Image size: 10300 bytes
Response status code: 200
{'model': 'deepseek-ocr:3b', 'created_at': '2025-12-08T07:27:11.030152543Z', 'message': {'role': 'assistant', 'content': 'Well'}, 'done': True, 'done_reason': 'stop', 'total_duration': 8882977079, 'load_duration': 7723269376, 'prompt_eval_count': 520, 'prompt_eval_duration': 418850790, 'eval_count': 2, 'eval_duration': 4328542}
Response: Well
Analyzing frame 4/24: q_16_main_1_30fps_frame0060.png
Prompt: Given the human reaction shown in the image, do you think the situation observed by that human ends well or poorly? (Use only one word -- well or poorly -- to answer)
Image size: 10264 bytes
Response status code: 200
{'model': 'deepseek-ocr:3b', 'created_at': '2025-12-08T07:27:21.459606026Z', 'message': {'role': 'assistant', 'content': 'Well'}, 'done': True, 'done_reason': 'stop', 'total_duration': 9392252525, 'load_duration': 8120457324, 'prompt_eval_count': 520, 'prompt_eval_duration': 486783442, 'eval_count': 2, 'eval_duration': 4203779}
Response: Well
Analyzing frame 5/24: q_16_main_1_30fps_frame0075.png
Prompt: Given the human reaction shown in the image, do you think the situation observed by that human ends well or poorly? (Use only one word -- well or poorly -- to answer)
Image size: 10272 bytes
Response status code: 200
{'model': 'deepseek-ocr:3b', 'created_at': '2025-12-08T07:27:31.521252422Z', 'message': {'role': 'assistant', 'content': 'Well'}, 'done': True, 'done_reason': 'stop', 'total_duration': 9028916476, 'load_duration': 7852958398, 'prompt_eval_count': 520, 'prompt_eval_duration': 422322809, 'eval_count': 2, 'eval_duration': 4232908}
Response: Well
Analyzing frame 6/24: q_16_main_1_30fps_frame0090.png
Prompt: Given the human reaction shown in the image, do you think the situation observed by that human ends well or poorly? (Use only one word -- well or poorly -- to answer)
Image size: 10240 bytes
Response status code: 200
{'model': 'deepseek-ocr:3b', 'created_at': '2025-12-08T07:27:41.908277892Z', 'message': {'role': 'assistant', 'content': 'Well'}, 'done': True, 'done_reason': 'stop', 'total_duration': 9346187883, 'load_duration': 8084759533, 'prompt_eval_count': 520, 'prompt_eval_duration': 435793020, 'eval_count': 2, 'eval_duration': 4480696}
Response: Well
Analyzing frame 7/24: q_18_main_0_30fps_frame0014.png
Prompt: Given the human reaction shown in the image, do you think the situation observed by that human ends well or poorly? (Use only one word -- well or poorly -- to answer)
Image size: 10200 bytes
Response status code: 200
{'model': 'deepseek-ocr:3b', 'created_at': '2025-12-08T07:27:51.933935002Z', 'message': {'role': 'assistant', 'content': 'Well'}, 'done': True, 'done_reason': 'stop', 'total_duration': 8989386083, 'load_duration': 7802742435, 'prompt_eval_count': 520, 'prompt_eval_duration': 423757579, 'eval_count': 2, 'eval_duration': 4207211}
Response: Well
Analyzing frame 8/24: q_18_main_0_30fps_frame0029.png
Prompt: Given the human reaction shown in the image, do you think the situation observed by that human ends well or poorly? (Use only one word -- well or poorly -- to answer)
Image size: 10136 bytes
Response status code: 200
{'model': 'deepseek-ocr:3b', 'created_at': '2025-12-08T07:28:01.778895868Z', 'message': {'role': 'assistant', 'content': 'Well'}, 'done': True, 'done_reason': 'stop', 'total_duration': 8798863813, 'load_duration': 7601856797, 'prompt_eval_count': 520, 'prompt_eval_duration': 434612764, 'eval_count': 2, 'eval_duration': 4194486}
Response: Well
Analyzing frame 9/24: q_18_main_0_30fps_frame0044.png
Prompt: Given the human reaction shown in the image, do you think the situation observed by that human ends well or poorly? (Use only one word -- well or poorly -- to answer)
Image size: 10160 bytes
Response status code: 200
{'model': 'deepseek-ocr:3b', 'created_at': '2025-12-08T07:28:11.452496068Z', 'message': {'role': 'assistant', 'content': 'Well'}, 'done': True, 'done_reason': 'stop', 'total_duration': 8626540187, 'load_duration': 7463678194, 'prompt_eval_count': 520, 'prompt_eval_duration': 423164034, 'eval_count': 2, 'eval_duration': 4207743}
Response: Well
Analyzing frame 10/24: q_18_main_0_30fps_frame0059.png
Prompt: Given the human reaction shown in the image, do you think the situation observed by that human ends well or poorly? (Use only one word -- well or poorly -- to answer)
Image size: 10160 bytes
Response status code: 200
{'model': 'deepseek-ocr:3b', 'created_at': '2025-12-08T07:28:21.188206327Z', 'message': {'role': 'assistant', 'content': 'Well'}, 'done': True, 'done_reason': 'stop', 'total_duration': 8706141886, 'load_duration': 7512802338, 'prompt_eval_count': 520, 'prompt_eval_duration': 420123611, 'eval_count': 2, 'eval_duration': 4191526}
Response: Well
Analyzing frame 11/24: q_18_main_0_30fps_frame0074.png
Prompt: Given the human reaction shown in the image, do you think the situation observed by that human ends well or poorly? (Use only one word -- well or poorly -- to answer)
Image size: 10136 bytes
Response status code: 200
{'model': 'deepseek-ocr:3b', 'created_at': '2025-12-08T07:28:31.139220122Z', 'message': {'role': 'assistant', 'content': 'Well'}, 'done': True, 'done_reason': 'stop', 'total_duration': 8910751719, 'load_duration': 7747857234, 'prompt_eval_count': 520, 'prompt_eval_duration': 419356177, 'eval_count': 2, 'eval_duration': 4200681}
Response: Well
Analyzing frame 12/24: q_18_main_0_30fps_frame0089.png
Prompt: Given the human reaction shown in the image, do you think the situation observed by that human ends well or poorly? (Use only one word -- well or poorly -- to answer)
Image size: 9992 bytes
Response status code: 200
{'model': 'deepseek-ocr:3b', 'created_at': '2025-12-08T07:28:41.230084791Z', 'message': {'role': 'assistant', 'content': 'Well'}, 'done': True, 'done_reason': 'stop', 'total_duration': 9047264658, 'load_duration': 7883302692, 'prompt_eval_count': 520, 'prompt_eval_duration': 422093095, 'eval_count': 2, 'eval_duration': 4193771}
Response: Well
Analyzing frame 13/24: q_5_main_0_30fps_frame0014.png
Prompt: Given the human reaction shown in the image, do you think the situation observed by that human ends well or poorly? (Use only one word -- well or poorly -- to answer)
Image size: 10424 bytes
Response status code: 200
{'model': 'deepseek-ocr:3b', 'created_at': '2025-12-08T07:28:50.861742401Z', 'message': {'role': 'assistant', 'content': 'Well'}, 'done': True, 'done_reason': 'stop', 'total_duration': 8564191715, 'load_duration': 7385944656, 'prompt_eval_count': 520, 'prompt_eval_duration': 422040360, 'eval_count': 2, 'eval_duration': 4213160}
Response: Well
Analyzing frame 14/24: q_5_main_0_30fps_frame0029.png
Prompt: Given the human reaction shown in the image, do you think the situation observed by that human ends well or poorly? (Use only one word -- well or poorly -- to answer)
Image size: 10396 bytes
Response status code: 200
{'model': 'deepseek-ocr:3b', 'created_at': '2025-12-08T07:29:00.59308912Z', 'message': {'role': 'assistant', 'content': 'Well'}, 'done': True, 'done_reason': 'stop', 'total_duration': 8702643786, 'load_duration': 7516727969, 'prompt_eval_count': 520, 'prompt_eval_duration': 422787792, 'eval_count': 2, 'eval_duration': 4218210}
Response: Well
Analyzing frame 15/24: q_5_main_0_30fps_frame0044.png
Prompt: Given the human reaction shown in the image, do you think the situation observed by that human ends well or poorly? (Use only one word -- well or poorly -- to answer)
Image size: 10360 bytes
Response status code: 200
{'model': 'deepseek-ocr:3b', 'created_at': '2025-12-08T07:29:10.081920069Z', 'message': {'role': 'assistant', 'content': 'Well'}, 'done': True, 'done_reason': 'stop', 'total_duration': 8439707746, 'load_duration': 7240550765, 'prompt_eval_count': 520, 'prompt_eval_duration': 450438687, 'eval_count': 2, 'eval_duration': 4586189}
Response: Well
Analyzing frame 16/24: q_5_main_0_30fps_frame0059.png
Prompt: Given the human reaction shown in the image, do you think the situation observed by that human ends well or poorly? (Use only one word -- well or poorly -- to answer)
Image size: 10428 bytes
Response status code: 200
{'model': 'deepseek-ocr:3b', 'created_at': '2025-12-08T07:29:19.953164085Z', 'message': {'role': 'assistant', 'content': 'Well'}, 'done': True, 'done_reason': 'stop', 'total_duration': 8826391261, 'load_duration': 7684608621, 'prompt_eval_count': 520, 'prompt_eval_duration': 421380626, 'eval_count': 2, 'eval_duration': 4240312}
Response: Well
Analyzing frame 17/24: q_5_main_0_30fps_frame0074.png
Prompt: Given the human reaction shown in the image, do you think the situation observed by that human ends well or poorly? (Use only one word -- well or poorly -- to answer)
Image size: 10480 bytes
Response status code: 200
{'model': 'deepseek-ocr:3b', 'created_at': '2025-12-08T07:29:30.492658421Z', 'message': {'role': 'assistant', 'content': 'Well'}, 'done': True, 'done_reason': 'stop', 'total_duration': 9510321167, 'load_duration': 8298183852, 'prompt_eval_count': 520, 'prompt_eval_duration': 449070376, 'eval_count': 2, 'eval_duration': 4436470}
Response: Well
Analyzing frame 18/24: q_5_main_0_30fps_frame0089.png
Prompt: Given the human reaction shown in the image, do you think the situation observed by that human ends well or poorly? (Use only one word -- well or poorly -- to answer)
Image size: 10380 bytes
Response status code: 200
{'model': 'deepseek-ocr:3b', 'created_at': '2025-12-08T07:29:40.499349864Z', 'message': {'role': 'assistant', 'content': 'Well'}, 'done': True, 'done_reason': 'stop', 'total_duration': 8957167020, 'load_duration': 7784449894, 'prompt_eval_count': 520, 'prompt_eval_duration': 422703420, 'eval_count': 2, 'eval_duration': 4319675}
Response: Well
Analyzing frame 19/24: q_7_main_1_30fps_frame0014.png
Prompt: Given the human reaction shown in the image, do you think the situation observed by that human ends well or poorly? (Use only one word -- well or poorly -- to answer)
Image size: 10204 bytes
Response status code: 200
{'model': 'deepseek-ocr:3b', 'created_at': '2025-12-08T07:29:50.284783532Z', 'message': {'role': 'assistant', 'content': 'Well'}, 'done': True, 'done_reason': 'stop', 'total_duration': 8759020573, 'load_duration': 7577586545, 'prompt_eval_count': 520, 'prompt_eval_duration': 422049750, 'eval_count': 2, 'eval_duration': 4288061}
Response: Well
Analyzing frame 20/24: q_7_main_1_30fps_frame0029.png
Prompt: Given the human reaction shown in the image, do you think the situation observed by that human ends well or poorly? (Use only one word -- well or poorly -- to answer)
Image size: 10128 bytes
Response status code: 200
{'model': 'deepseek-ocr:3b', 'created_at': '2025-12-08T07:30:00.294847832Z', 'message': {'role': 'assistant', 'content': 'Well'}, 'done': True, 'done_reason': 'stop', 'total_duration': 8980487379, 'load_duration': 7805460672, 'prompt_eval_count': 520, 'prompt_eval_duration': 421158690, 'eval_count': 2, 'eval_duration': 4194943}
Response: Well
Analyzing frame 21/24: q_7_main_1_30fps_frame0044.png
Prompt: Given the human reaction shown in the image, do you think the situation observed by that human ends well or poorly? (Use only one word -- well or poorly -- to answer)
Image size: 10224 bytes
Response status code: 200
{'model': 'deepseek-ocr:3b', 'created_at': '2025-12-08T07:30:10.144469095Z', 'message': {'role': 'assistant', 'content': 'Well'}, 'done': True, 'done_reason': 'stop', 'total_duration': 8820677121, 'load_duration': 7619970302, 'prompt_eval_count': 520, 'prompt_eval_duration': 434690195, 'eval_count': 2, 'eval_duration': 4226962}
Response: Well
Analyzing frame 22/24: q_7_main_1_30fps_frame0059.png
Prompt: Given the human reaction shown in the image, do you think the situation observed by that human ends well or poorly? (Use only one word -- well or poorly -- to answer)
Image size: 10172 bytes
Response status code: 200
{'model': 'deepseek-ocr:3b', 'created_at': '2025-12-08T07:30:20.369686632Z', 'message': {'role': 'assistant', 'content': 'Well'}, 'done': True, 'done_reason': 'stop', 'total_duration': 9194678495, 'load_duration': 8019583509, 'prompt_eval_count': 520, 'prompt_eval_duration': 423970347, 'eval_count': 2, 'eval_duration': 4195386}
Response: Well
Analyzing frame 23/24: q_7_main_1_30fps_frame0074.png
Prompt: Given the human reaction shown in the image, do you think the situation observed by that human ends well or poorly? (Use only one word -- well or poorly -- to answer)
Image size: 10208 bytes
Response status code: 200
{'model': 'deepseek-ocr:3b', 'created_at': '2025-12-08T07:30:30.255063096Z', 'message': {'role': 'assistant', 'content': 'Well'}, 'done': True, 'done_reason': 'stop', 'total_duration': 8843806750, 'load_duration': 7638161435, 'prompt_eval_count': 520, 'prompt_eval_duration': 422178134, 'eval_count': 2, 'eval_duration': 4194734}
Response: Well
Analyzing frame 24/24: q_7_main_1_30fps_frame0089.png
Prompt: Given the human reaction shown in the image, do you think the situation observed by that human ends well or poorly? (Use only one word -- well or poorly -- to answer)
Image size: 10112 bytes
Response status code: 200
{'model': 'deepseek-ocr:3b', 'created_at': '2025-12-08T07:30:40.219356102Z', 'message': {'role': 'assistant', 'content': 'Well'}, 'done': True, 'done_reason': 'stop', 'total_duration': 8928571182, 'load_duration': 7774343605, 'prompt_eval_count': 520, 'prompt_eval_duration': 424044933, 'eval_count': 2, 'eval_duration': 4192569}
Response: Well
Processed 24 frames for participant 5099

Results saved to ./results/results_deepseek-ocr_3s.csv
Total frames in CSV: 4026

==================================================
Processing participant 12/27: 5124

Processing participant: 5124
Found 54 unprocessed frames for this participant
Analyzing frame 1/54: q_11_main_1_30fps_frame0014.png
Prompt: Given the human reaction shown in the image, do you think the situation observed by that human ends well or poorly? (Use only one word -- well or poorly -- to answer)
Image size: 14004 bytes
Response status code: 200
{'model': 'deepseek-ocr:3b', 'created_at': '2025-12-08T07:30:50.471819617Z', 'message': {'role': 'assistant', 'content': 'Well'}, 'done': True, 'done_reason': 'stop', 'total_duration': 9144479242, 'load_duration': 7958518496, 'prompt_eval_count': 520, 'prompt_eval_duration': 412851568, 'eval_count': 2, 'eval_duration': 4367146}
Response: Well
Analyzing frame 2/54: q_11_main_1_30fps_frame0029.png
Prompt: Given the human reaction shown in the image, do you think the situation observed by that human ends well or poorly? (Use only one word -- well or poorly -- to answer)
Image size: 13784 bytes
Response status code: 200
{'model': 'deepseek-ocr:3b', 'created_at': '2025-12-08T07:31:00.565073111Z', 'message': {'role': 'assistant', 'content': 'Well'}, 'done': True, 'done_reason': 'stop', 'total_duration': 9064886279, 'load_duration': 7889533196, 'prompt_eval_count': 520, 'prompt_eval_duration': 411902366, 'eval_count': 2, 'eval_duration': 6230372}
Response: Well
Analyzing frame 3/54: q_11_main_1_30fps_frame0044.png
Prompt: Given the human reaction shown in the image, do you think the situation observed by that human ends well or poorly? (Use only one word -- well or poorly -- to answer)
Image size: 13832 bytes
Response status code: 200
{'model': 'deepseek-ocr:3b', 'created_at': '2025-12-08T07:31:10.59709933Z', 'message': {'role': 'assistant', 'content': 'Well'}, 'done': True, 'done_reason': 'stop', 'total_duration': 8971165091, 'load_duration': 7772417132, 'prompt_eval_count': 520, 'prompt_eval_duration': 416591376, 'eval_count': 2, 'eval_duration': 4293090}
Response: Well
Analyzing frame 4/54: q_11_main_1_30fps_frame0059.png
Prompt: Given the human reaction shown in the image, do you think the situation observed by that human ends well or poorly? (Use only one word -- well or poorly -- to answer)
Image size: 13884 bytes
Response status code: 200
{'model': 'deepseek-ocr:3b', 'created_at': '2025-12-08T07:31:20.533391525Z', 'message': {'role': 'assistant', 'content': 'Well'}, 'done': True, 'done_reason': 'stop', 'total_duration': 8889038314, 'load_duration': 7687379805, 'prompt_eval_count': 520, 'prompt_eval_duration': 421929665, 'eval_count': 2, 'eval_duration': 4198877}
Response: Well
Analyzing frame 5/54: q_11_main_1_30fps_frame0074.png
Prompt: Given the human reaction shown in the image, do you think the situation observed by that human ends well or poorly? (Use only one word -- well or poorly -- to answer)
Image size: 13968 bytes
Response status code: 200
{'model': 'deepseek-ocr:3b', 'created_at': '2025-12-08T07:31:30.708950149Z', 'message': {'role': 'assistant', 'content': 'Well'}, 'done': True, 'done_reason': 'stop', 'total_duration': 9144218432, 'load_duration': 7909883432, 'prompt_eval_count': 520, 'prompt_eval_duration': 422975176, 'eval_count': 2, 'eval_duration': 4199762}
Response: Well
Analyzing frame 6/54: q_11_main_1_30fps_frame0089.png
Prompt: Given the human reaction shown in the image, do you think the situation observed by that human ends well or poorly? (Use only one word -- well or poorly -- to answer)
Image size: 13880 bytes
Response status code: 200
{'model': 'deepseek-ocr:3b', 'created_at': '2025-12-08T07:31:40.900635716Z', 'message': {'role': 'assistant', 'content': 'Well'}, 'done': True, 'done_reason': 'stop', 'total_duration': 9157546315, 'load_duration': 7943370187, 'prompt_eval_count': 520, 'prompt_eval_duration': 422271461, 'eval_count': 2, 'eval_duration': 4227141}
Response: Well
Analyzing frame 7/54: q_13_main_1_30fps_frame0014.png
Prompt: Given the human reaction shown in the image, do you think the situation observed by that human ends well or poorly? (Use only one word -- well or poorly -- to answer)
Image size: 12496 bytes
Response status code: 200
{'model': 'deepseek-ocr:3b', 'created_at': '2025-12-08T07:31:50.702598755Z', 'message': {'role': 'assistant', 'content': 'Well'}, 'done': True, 'done_reason': 'stop', 'total_duration': 8759701288, 'load_duration': 7604880579, 'prompt_eval_count': 520, 'prompt_eval_duration': 422907427, 'eval_count': 2, 'eval_duration': 4292202}
Response: Well
Analyzing frame 8/54: q_13_main_1_30fps_frame0029.png
Prompt: Given the human reaction shown in the image, do you think the situation observed by that human ends well or poorly? (Use only one word -- well or poorly -- to answer)
Image size: 12496 bytes
Response status code: 200
{'model': 'deepseek-ocr:3b', 'created_at': '2025-12-08T07:32:00.710804305Z', 'message': {'role': 'assistant', 'content': 'Well'}, 'done': True, 'done_reason': 'stop', 'total_duration': 8978926201, 'load_duration': 7800849003, 'prompt_eval_count': 520, 'prompt_eval_duration': 427133183, 'eval_count': 2, 'eval_duration': 4185886}
Response: Well
Analyzing frame 9/54: q_13_main_1_30fps_frame0044.png
Prompt: Given the human reaction shown in the image, do you think the situation observed by that human ends well or poorly? (Use only one word -- well or poorly -- to answer)
Image size: 12188 bytes
Response status code: 200
{'model': 'deepseek-ocr:3b', 'created_at': '2025-12-08T07:32:10.711349446Z', 'message': {'role': 'assistant', 'content': 'Well'}, 'done': True, 'done_reason': 'stop', 'total_duration': 8943392592, 'load_duration': 7741737311, 'prompt_eval_count': 520, 'prompt_eval_duration': 422377387, 'eval_count': 2, 'eval_duration': 4203376}
Response: Well
Analyzing frame 10/54: q_13_main_1_30fps_frame0059.png
Prompt: Given the human reaction shown in the image, do you think the situation observed by that human ends well or poorly? (Use only one word -- well or poorly -- to answer)
Image size: 12444 bytes
Response status code: 200
{'model': 'deepseek-ocr:3b', 'created_at': '2025-12-08T07:32:21.022754283Z', 'message': {'role': 'assistant', 'content': 'Well'}, 'done': True, 'done_reason': 'stop', 'total_duration': 9279875429, 'load_duration': 8062959314, 'prompt_eval_count': 520, 'prompt_eval_duration': 434006973, 'eval_count': 2, 'eval_duration': 4227767}
Response: Well
Analyzing frame 11/54: q_13_main_1_30fps_frame0074.png
Prompt: Given the human reaction shown in the image, do you think the situation observed by that human ends well or poorly? (Use only one word -- well or poorly -- to answer)
Image size: 12668 bytes
Response status code: 200
{'model': 'deepseek-ocr:3b', 'created_at': '2025-12-08T07:32:31.464808994Z', 'message': {'role': 'assistant', 'content': 'Well'}, 'done': True, 'done_reason': 'stop', 'total_duration': 9391303422, 'load_duration': 8195404787, 'prompt_eval_count': 520, 'prompt_eval_duration': 423414823, 'eval_count': 2, 'eval_duration': 4320748}
Response: Well
Analyzing frame 12/54: q_13_main_1_30fps_frame0089.png
Prompt: Given the human reaction shown in the image, do you think the situation observed by that human ends well or poorly? (Use only one word -- well or poorly -- to answer)
Image size: 12344 bytes
Response status code: 200
{'model': 'deepseek-ocr:3b', 'created_at': '2025-12-08T07:32:41.034606969Z', 'message': {'role': 'assistant', 'content': 'Well'}, 'done': True, 'done_reason': 'stop', 'total_duration': 8536091983, 'load_duration': 7383466102, 'prompt_eval_count': 520, 'prompt_eval_duration': 427134262, 'eval_count': 2, 'eval_duration': 4189387}
Response: Well
Analyzing frame 13/54: q_15_main_1_30fps_frame0014.png
Prompt: Given the human reaction shown in the image, do you think the situation observed by that human ends well or poorly? (Use only one word -- well or poorly -- to answer)
Image size: 13056 bytes
Response status code: 200
{'model': 'deepseek-ocr:3b', 'created_at': '2025-12-08T07:32:51.178164654Z', 'message': {'role': 'assistant', 'content': 'Well'}, 'done': True, 'done_reason': 'stop', 'total_duration': 9112007906, 'load_duration': 7887510870, 'prompt_eval_count': 520, 'prompt_eval_duration': 445844634, 'eval_count': 2, 'eval_duration': 4435585}
Response: Well
Analyzing frame 14/54: q_15_main_1_30fps_frame0029.png
Prompt: Given the human reaction shown in the image, do you think the situation observed by that human ends well or poorly? (Use only one word -- well or poorly -- to answer)
Image size: 13112 bytes
Response status code: 200
{'model': 'deepseek-ocr:3b', 'created_at': '2025-12-08T07:33:01.206529403Z', 'message': {'role': 'assistant', 'content': 'Well'}, 'done': True, 'done_reason': 'stop', 'total_duration': 8987918245, 'load_duration': 7731846063, 'prompt_eval_count': 520, 'prompt_eval_duration': 421983562, 'eval_count': 2, 'eval_duration': 4208109}
Response: Well
Analyzing frame 15/54: q_15_main_1_30fps_frame0044.png
Prompt: Given the human reaction shown in the image, do you think the situation observed by that human ends well or poorly? (Use only one word -- well or poorly -- to answer)
Image size: 13016 bytes
Response status code: 200
{'model': 'deepseek-ocr:3b', 'created_at': '2025-12-08T07:33:11.522472669Z', 'message': {'role': 'assistant', 'content': 'Well'}, 'done': True, 'done_reason': 'stop', 'total_duration': 9275689943, 'load_duration': 8103160469, 'prompt_eval_count': 520, 'prompt_eval_duration': 423454454, 'eval_count': 2, 'eval_duration': 4204634}
Response: Well
Analyzing frame 16/54: q_15_main_1_30fps_frame0059.png
Prompt: Given the human reaction shown in the image, do you think the situation observed by that human ends well or poorly? (Use only one word -- well or poorly -- to answer)
Image size: 12860 bytes
Response status code: 200
{'model': 'deepseek-ocr:3b', 'created_at': '2025-12-08T07:33:21.545355396Z', 'message': {'role': 'assistant', 'content': 'Well'}, 'done': True, 'done_reason': 'stop', 'total_duration': 8979746183, 'load_duration': 7783047170, 'prompt_eval_count': 520, 'prompt_eval_duration': 433927684, 'eval_count': 2, 'eval_duration': 4209263}
Response: Well
Analyzing frame 17/54: q_15_main_1_30fps_frame0074.png
Prompt: Given the human reaction shown in the image, do you think the situation observed by that human ends well or poorly? (Use only one word -- well or poorly -- to answer)
Image size: 13044 bytes
Response status code: 200
{'model': 'deepseek-ocr:3b', 'created_at': '2025-12-08T07:33:31.563078081Z', 'message': {'role': 'assistant', 'content': 'Well'}, 'done': True, 'done_reason': 'stop', 'total_duration': 8983437585, 'load_duration': 7800486193, 'prompt_eval_count': 520, 'prompt_eval_duration': 442104319, 'eval_count': 2, 'eval_duration': 4193696}
Response: Well
Analyzing frame 18/54: q_15_main_1_30fps_frame0089.png
Prompt: Given the human reaction shown in the image, do you think the situation observed by that human ends well or poorly? (Use only one word -- well or poorly -- to answer)
Image size: 13172 bytes
Response status code: 200
{'model': 'deepseek-ocr:3b', 'created_at': '2025-12-08T07:33:41.388368185Z', 'message': {'role': 'assistant', 'content': 'Well'}, 'done': True, 'done_reason': 'stop', 'total_duration': 8780203992, 'load_duration': 7565417480, 'prompt_eval_count': 520, 'prompt_eval_duration': 436499623, 'eval_count': 2, 'eval_duration': 4371664}
Response: Well
Analyzing frame 19/54: q_17_main_0_30fps_frame0015.png
Prompt: Given the human reaction shown in the image, do you think the situation observed by that human ends well or poorly? (Use only one word -- well or poorly -- to answer)
Image size: 13584 bytes
Response status code: 200
{'model': 'deepseek-ocr:3b', 'created_at': '2025-12-08T07:33:51.394947212Z', 'message': {'role': 'assistant', 'content': 'Well'}, 'done': True, 'done_reason': 'stop', 'total_duration': 8975912045, 'load_duration': 7786315743, 'prompt_eval_count': 520, 'prompt_eval_duration': 425212921, 'eval_count': 2, 'eval_duration': 4214618}
Response: Well
Analyzing frame 20/54: q_17_main_0_30fps_frame0030.png
Prompt: Given the human reaction shown in the image, do you think the situation observed by that human ends well or poorly? (Use only one word -- well or poorly -- to answer)
Image size: 13516 bytes
Response status code: 200
{'model': 'deepseek-ocr:3b', 'created_at': '2025-12-08T07:34:01.136517399Z', 'message': {'role': 'assistant', 'content': 'Well'}, 'done': True, 'done_reason': 'stop', 'total_duration': 8693259691, 'load_duration': 7515377898, 'prompt_eval_count': 520, 'prompt_eval_duration': 418742494, 'eval_count': 2, 'eval_duration': 4270221}
Response: Well
Analyzing frame 21/54: q_17_main_0_30fps_frame0045.png
Prompt: Given the human reaction shown in the image, do you think the situation observed by that human ends well or poorly? (Use only one word -- well or poorly -- to answer)
Image size: 13696 bytes
Response status code: 200
{'model': 'deepseek-ocr:3b', 'created_at': '2025-12-08T07:34:11.502384578Z', 'message': {'role': 'assistant', 'content': 'Well'}, 'done': True, 'done_reason': 'stop', 'total_duration': 9338082392, 'load_duration': 8114296570, 'prompt_eval_count': 520, 'prompt_eval_duration': 418617777, 'eval_count': 2, 'eval_duration': 4235436}
Response: Well
Analyzing frame 22/54: q_17_main_0_30fps_frame0060.png
Prompt: Given the human reaction shown in the image, do you think the situation observed by that human ends well or poorly? (Use only one word -- well or poorly -- to answer)
Image size: 13648 bytes
Response status code: 200
{'model': 'deepseek-ocr:3b', 'created_at': '2025-12-08T07:34:21.353741776Z', 'message': {'role': 'assistant', 'content': 'Well'}, 'done': True, 'done_reason': 'stop', 'total_duration': 8804161646, 'load_duration': 7634972039, 'prompt_eval_count': 520, 'prompt_eval_duration': 418090402, 'eval_count': 2, 'eval_duration': 4701287}
Response: Well
Analyzing frame 23/54: q_17_main_0_30fps_frame0075.png
Prompt: Given the human reaction shown in the image, do you think the situation observed by that human ends well or poorly? (Use only one word -- well or poorly -- to answer)
Image size: 13748 bytes
Response status code: 200
{'model': 'deepseek-ocr:3b', 'created_at': '2025-12-08T07:34:31.528998546Z', 'message': {'role': 'assistant', 'content': 'Well'}, 'done': True, 'done_reason': 'stop', 'total_duration': 9142287950, 'load_duration': 7936197565, 'prompt_eval_count': 520, 'prompt_eval_duration': 425576500, 'eval_count': 2, 'eval_duration': 4203871}
Response: Well
Analyzing frame 24/54: q_17_main_0_30fps_frame0090.png
Prompt: Given the human reaction shown in the image, do you think the situation observed by that human ends well or poorly? (Use only one word -- well or poorly -- to answer)
Image size: 13676 bytes
Response status code: 200
{'model': 'deepseek-ocr:3b', 'created_at': '2025-12-08T07:34:41.428779749Z', 'message': {'role': 'assistant', 'content': 'Well'}, 'done': True, 'done_reason': 'stop', 'total_duration': 8854422234, 'load_duration': 7659742445, 'prompt_eval_count': 520, 'prompt_eval_duration': 433262319, 'eval_count': 2, 'eval_duration': 4219251}
Response: Well
Analyzing frame 25/54: q_19_main_0_30fps_frame0014.png
Prompt: Given the human reaction shown in the image, do you think the situation observed by that human ends well or poorly? (Use only one word -- well or poorly -- to answer)
Image size: 12904 bytes
Response status code: 200
{'model': 'deepseek-ocr:3b', 'created_at': '2025-12-08T07:34:51.30362798Z', 'message': {'role': 'assistant', 'content': 'Well'}, 'done': True, 'done_reason': 'stop', 'total_duration': 8830229501, 'load_duration': 7633188330, 'prompt_eval_count': 520, 'prompt_eval_duration': 424747835, 'eval_count': 2, 'eval_duration': 4351374}
Response: Well
Analyzing frame 26/54: q_19_main_0_30fps_frame0029.png
Prompt: Given the human reaction shown in the image, do you think the situation observed by that human ends well or poorly? (Use only one word -- well or poorly -- to answer)
Image size: 12900 bytes
Response status code: 200
{'model': 'deepseek-ocr:3b', 'created_at': '2025-12-08T07:35:01.268541968Z', 'message': {'role': 'assistant', 'content': 'Well'}, 'done': True, 'done_reason': 'stop', 'total_duration': 8935584932, 'load_duration': 7760861081, 'prompt_eval_count': 520, 'prompt_eval_duration': 425790634, 'eval_count': 2, 'eval_duration': 4248604}
Response: Well
Analyzing frame 27/54: q_19_main_0_30fps_frame0044.png
Prompt: Given the human reaction shown in the image, do you think the situation observed by that human ends well or poorly? (Use only one word -- well or poorly -- to answer)
Image size: 12956 bytes
Response status code: 200
{'model': 'deepseek-ocr:3b', 'created_at': '2025-12-08T07:35:11.189231236Z', 'message': {'role': 'assistant', 'content': 'Well'}, 'done': True, 'done_reason': 'stop', 'total_duration': 8882668409, 'load_duration': 7695347418, 'prompt_eval_count': 520, 'prompt_eval_duration': 422960715, 'eval_count': 2, 'eval_duration': 4198398}
Response: Well
Analyzing frame 28/54: q_19_main_0_30fps_frame0059.png
Prompt: Given the human reaction shown in the image, do you think the situation observed by that human ends well or poorly? (Use only one word -- well or poorly -- to answer)
Image size: 13012 bytes
Response status code: 200
{'model': 'deepseek-ocr:3b', 'created_at': '2025-12-08T07:35:20.896350949Z', 'message': {'role': 'assistant', 'content': 'Well'}, 'done': True, 'done_reason': 'stop', 'total_duration': 8668311353, 'load_duration': 7474635838, 'prompt_eval_count': 520, 'prompt_eval_duration': 422170694, 'eval_count': 2, 'eval_duration': 4192610}
Response: Well
Analyzing frame 29/54: q_19_main_0_30fps_frame0074.png
Prompt: Given the human reaction shown in the image, do you think the situation observed by that human ends well or poorly? (Use only one word -- well or poorly -- to answer)
Image size: 12932 bytes
Response status code: 200
{'model': 'deepseek-ocr:3b', 'created_at': '2025-12-08T07:35:30.929840308Z', 'message': {'role': 'assistant', 'content': 'Well'}, 'done': True, 'done_reason': 'stop', 'total_duration': 9004385429, 'load_duration': 7794671312, 'prompt_eval_count': 520, 'prompt_eval_duration': 432525821, 'eval_count': 2, 'eval_duration': 4232990}
Response: Well
Analyzing frame 30/54: q_19_main_0_30fps_frame0089.png
Prompt: Given the human reaction shown in the image, do you think the situation observed by that human ends well or poorly? (Use only one word -- well or poorly -- to answer)
Image size: 12812 bytes
Response status code: 200
{'model': 'deepseek-ocr:3b', 'created_at': '2025-12-08T07:35:40.855873929Z', 'message': {'role': 'assistant', 'content': 'Well'}, 'done': True, 'done_reason': 'stop', 'total_duration': 8884162488, 'load_duration': 7679000805, 'prompt_eval_count': 520, 'prompt_eval_duration': 422917030, 'eval_count': 2, 'eval_duration': 4222784}
Response: Well
Analyzing frame 31/54: q_1_main_0_30fps_frame0015.png
Prompt: Given the human reaction shown in the image, do you think the situation observed by that human ends well or poorly? (Use only one word -- well or poorly -- to answer)
Image size: 13464 bytes
Response status code: 200
{'model': 'deepseek-ocr:3b', 'created_at': '2025-12-08T07:35:50.81485975Z', 'message': {'role': 'assistant', 'content': 'Well'}, 'done': True, 'done_reason': 'stop', 'total_duration': 8882156472, 'load_duration': 7712892036, 'prompt_eval_count': 520, 'prompt_eval_duration': 427908245, 'eval_count': 2, 'eval_duration': 4227666}
Response: Well
Analyzing frame 32/54: q_1_main_0_30fps_frame0030.png
Prompt: Given the human reaction shown in the image, do you think the situation observed by that human ends well or poorly? (Use only one word -- well or poorly -- to answer)
Image size: 12704 bytes
Response status code: 200
{'model': 'deepseek-ocr:3b', 'created_at': '2025-12-08T07:36:00.802042522Z', 'message': {'role': 'assistant', 'content': 'Well'}, 'done': True, 'done_reason': 'stop', 'total_duration': 8934774531, 'load_duration': 7699845602, 'prompt_eval_count': 520, 'prompt_eval_duration': 424231684, 'eval_count': 2, 'eval_duration': 4242855}
Response: Well
Analyzing frame 33/54: q_1_main_0_30fps_frame0045.png
Prompt: Given the human reaction shown in the image, do you think the situation observed by that human ends well or poorly? (Use only one word -- well or poorly -- to answer)
Image size: 13008 bytes
Response status code: 200
{'model': 'deepseek-ocr:3b', 'created_at': '2025-12-08T07:36:11.116853115Z', 'message': {'role': 'assistant', 'content': 'Well'}, 'done': True, 'done_reason': 'stop', 'total_duration': 9284289798, 'load_duration': 8126260765, 'prompt_eval_count': 520, 'prompt_eval_duration': 422169341, 'eval_count': 2, 'eval_duration': 4620629}
Response: Well
Analyzing frame 34/54: q_1_main_0_30fps_frame0060.png
Prompt: Given the human reaction shown in the image, do you think the situation observed by that human ends well or poorly? (Use only one word -- well or poorly -- to answer)
Image size: 13324 bytes
Response status code: 200
{'model': 'deepseek-ocr:3b', 'created_at': '2025-12-08T07:36:21.205760205Z', 'message': {'role': 'assistant', 'content': 'Well'}, 'done': True, 'done_reason': 'stop', 'total_duration': 9038201112, 'load_duration': 7842807801, 'prompt_eval_count': 520, 'prompt_eval_duration': 423890216, 'eval_count': 2, 'eval_duration': 4200814}
Response: Well
Analyzing frame 35/54: q_1_main_0_30fps_frame0075.png
Prompt: Given the human reaction shown in the image, do you think the situation observed by that human ends well or poorly? (Use only one word -- well or poorly -- to answer)
Image size: 13236 bytes
Response status code: 200
{'model': 'deepseek-ocr:3b', 'created_at': '2025-12-08T07:36:31.271723535Z', 'message': {'role': 'assistant', 'content': 'Well'}, 'done': True, 'done_reason': 'stop', 'total_duration': 9003368392, 'load_duration': 7844387671, 'prompt_eval_count': 520, 'prompt_eval_duration': 426700646, 'eval_count': 2, 'eval_duration': 4215647}
Response: Well
Analyzing frame 36/54: q_1_main_0_30fps_frame0090.png
Prompt: Given the human reaction shown in the image, do you think the situation observed by that human ends well or poorly? (Use only one word -- well or poorly -- to answer)
Image size: 13416 bytes
Response status code: 200
{'model': 'deepseek-ocr:3b', 'created_at': '2025-12-08T07:36:41.037344781Z', 'message': {'role': 'assistant', 'content': 'Well'}, 'done': True, 'done_reason': 'stop', 'total_duration': 8736535883, 'load_duration': 7547094985, 'prompt_eval_count': 520, 'prompt_eval_duration': 420836055, 'eval_count': 2, 'eval_duration': 4769276}
Response: Well
Analyzing frame 37/54: q_6_main_1_30fps_frame0015.png
Prompt: Given the human reaction shown in the image, do you think the situation observed by that human ends well or poorly? (Use only one word -- well or poorly -- to answer)
Image size: 13556 bytes
Response status code: 200
{'model': 'deepseek-ocr:3b', 'created_at': '2025-12-08T07:36:51.338693499Z', 'message': {'role': 'assistant', 'content': 'Well'}, 'done': True, 'done_reason': 'stop', 'total_duration': 9234395639, 'load_duration': 8012499530, 'prompt_eval_count': 520, 'prompt_eval_duration': 462596035, 'eval_count': 2, 'eval_duration': 4251522}
Response: Well
Analyzing frame 38/54: q_6_main_1_30fps_frame0030.png
Prompt: Given the human reaction shown in the image, do you think the situation observed by that human ends well or poorly? (Use only one word -- well or poorly -- to answer)
Image size: 13632 bytes
Response status code: 200
{'model': 'deepseek-ocr:3b', 'created_at': '2025-12-08T07:37:01.24412202Z', 'message': {'role': 'assistant', 'content': 'Well'}, 'done': True, 'done_reason': 'stop', 'total_duration': 8874029691, 'load_duration': 7680372440, 'prompt_eval_count': 520, 'prompt_eval_duration': 424048975, 'eval_count': 2, 'eval_duration': 4189524}
Response: Well
Analyzing frame 39/54: q_6_main_1_30fps_frame0045.png
Prompt: Given the human reaction shown in the image, do you think the situation observed by that human ends well or poorly? (Use only one word -- well or poorly -- to answer)
Image size: 13688 bytes
Response status code: 200
{'model': 'deepseek-ocr:3b', 'created_at': '2025-12-08T07:37:11.231447871Z', 'message': {'role': 'assistant', 'content': 'Well'}, 'done': True, 'done_reason': 'stop', 'total_duration': 8937789684, 'load_duration': 7688926090, 'prompt_eval_count': 520, 'prompt_eval_duration': 485111216, 'eval_count': 2, 'eval_duration': 4719834}
Response: Well
Analyzing frame 40/54: q_6_main_1_30fps_frame0060.png
Prompt: Given the human reaction shown in the image, do you think the situation observed by that human ends well or poorly? (Use only one word -- well or poorly -- to answer)
Image size: 13764 bytes
Response status code: 200
{'model': 'deepseek-ocr:3b', 'created_at': '2025-12-08T07:37:21.070097962Z', 'message': {'role': 'assistant', 'content': 'Well'}, 'done': True, 'done_reason': 'stop', 'total_duration': 8809651330, 'load_duration': 7636287346, 'prompt_eval_count': 520, 'prompt_eval_duration': 424241754, 'eval_count': 2, 'eval_duration': 4354464}
Response: Well
Analyzing frame 41/54: q_6_main_1_30fps_frame0075.png
Prompt: Given the human reaction shown in the image, do you think the situation observed by that human ends well or poorly? (Use only one word -- well or poorly -- to answer)
Image size: 13768 bytes
Response status code: 200
{'model': 'deepseek-ocr:3b', 'created_at': '2025-12-08T07:37:31.043971035Z', 'message': {'role': 'assistant', 'content': 'Well'}, 'done': True, 'done_reason': 'stop', 'total_duration': 8916973000, 'load_duration': 7773568604, 'prompt_eval_count': 520, 'prompt_eval_duration': 436966845, 'eval_count': 2, 'eval_duration': 4209300}
Response: Well
Analyzing frame 42/54: q_6_main_1_30fps_frame0090.png
Prompt: Given the human reaction shown in the image, do you think the situation observed by that human ends well or poorly? (Use only one word -- well or poorly -- to answer)
Image size: 13684 bytes
Response status code: 200
{'model': 'deepseek-ocr:3b', 'created_at': '2025-12-08T07:37:41.185667606Z', 'message': {'role': 'assistant', 'content': 'Well'}, 'done': True, 'done_reason': 'stop', 'total_duration': 9098327645, 'load_duration': 7918255324, 'prompt_eval_count': 520, 'prompt_eval_duration': 417462567, 'eval_count': 2, 'eval_duration': 4584938}
Response: Well
Analyzing frame 43/54: q_9_main_0_30fps_frame0014.png
Prompt: Given the human reaction shown in the image, do you think the situation observed by that human ends well or poorly? (Use only one word -- well or poorly -- to answer)
Image size: 13316 bytes
Response status code: 200
{'model': 'deepseek-ocr:3b', 'created_at': '2025-12-08T07:37:51.671998199Z', 'message': {'role': 'assistant', 'content': 'Well'}, 'done': True, 'done_reason': 'stop', 'total_duration': 9417230733, 'load_duration': 8213478248, 'prompt_eval_count': 520, 'prompt_eval_duration': 448134087, 'eval_count': 2, 'eval_duration': 4243646}
Response: Well
Analyzing frame 44/54: q_9_main_0_30fps_frame0029.png
Prompt: Given the human reaction shown in the image, do you think the situation observed by that human ends well or poorly? (Use only one word -- well or poorly -- to answer)
Image size: 13176 bytes
Response status code: 200
{'model': 'deepseek-ocr:3b', 'created_at': '2025-12-08T07:38:02.558910604Z', 'message': {'role': 'assistant', 'content': 'Well'}, 'done': True, 'done_reason': 'stop', 'total_duration': 9846087395, 'load_duration': 8626705462, 'prompt_eval_count': 520, 'prompt_eval_duration': 422865639, 'eval_count': 2, 'eval_duration': 4456931}
Response: Well
Analyzing frame 45/54: q_9_main_0_30fps_frame0044.png
Prompt: Given the human reaction shown in the image, do you think the situation observed by that human ends well or poorly? (Use only one word -- well or poorly -- to answer)
Image size: 13284 bytes
Response status code: 200
{'model': 'deepseek-ocr:3b', 'created_at': '2025-12-08T07:38:12.76530349Z', 'message': {'role': 'assistant', 'content': 'Well'}, 'done': True, 'done_reason': 'stop', 'total_duration': 9177662713, 'load_duration': 7996957412, 'prompt_eval_count': 520, 'prompt_eval_duration': 417759200, 'eval_count': 2, 'eval_duration': 4489896}
Response: Well
Analyzing frame 46/54: q_9_main_0_30fps_frame0059.png
Prompt: Given the human reaction shown in the image, do you think the situation observed by that human ends well or poorly? (Use only one word -- well or poorly -- to answer)
Image size: 13104 bytes
Response status code: 200
{'model': 'deepseek-ocr:3b', 'created_at': '2025-12-08T07:38:22.933027168Z', 'message': {'role': 'assistant', 'content': 'Well'}, 'done': True, 'done_reason': 'stop', 'total_duration': 9123625144, 'load_duration': 7900545786, 'prompt_eval_count': 520, 'prompt_eval_duration': 422800483, 'eval_count': 2, 'eval_duration': 7381122}
Response: Well
Analyzing frame 47/54: q_9_main_0_30fps_frame0074.png
Prompt: Given the human reaction shown in the image, do you think the situation observed by that human ends well or poorly? (Use only one word -- well or poorly -- to answer)
Image size: 13164 bytes
Response status code: 200
{'model': 'deepseek-ocr:3b', 'created_at': '2025-12-08T07:38:32.795093307Z', 'message': {'role': 'assistant', 'content': 'Well'}, 'done': True, 'done_reason': 'stop', 'total_duration': 8813240547, 'load_duration': 7635657462, 'prompt_eval_count': 520, 'prompt_eval_duration': 432778057, 'eval_count': 2, 'eval_duration': 4245781}
Response: Well
Analyzing frame 48/54: q_9_main_0_30fps_frame0089.png
Prompt: Given the human reaction shown in the image, do you think the situation observed by that human ends well or poorly? (Use only one word -- well or poorly -- to answer)
Image size: 13112 bytes
Response status code: 200
{'model': 'deepseek-ocr:3b', 'created_at': '2025-12-08T07:38:42.523060634Z', 'message': {'role': 'assistant', 'content': 'Well'}, 'done': True, 'done_reason': 'stop', 'total_duration': 8686513092, 'load_duration': 7498777440, 'prompt_eval_count': 520, 'prompt_eval_duration': 429343409, 'eval_count': 2, 'eval_duration': 4238323}
Response: Well
Analyzing frame 49/54: q_warmup_4_main_0_30fps_frame0014.png
Prompt: Given the human reaction shown in the image, do you think the situation observed by that human ends well or poorly? (Use only one word -- well or poorly -- to answer)
Image size: 13580 bytes
Response status code: 200
{'model': 'deepseek-ocr:3b', 'created_at': '2025-12-08T07:38:52.49099476Z', 'message': {'role': 'assistant', 'content': 'Well'}, 'done': True, 'done_reason': 'stop', 'total_duration': 8904793831, 'load_duration': 7707682292, 'prompt_eval_count': 520, 'prompt_eval_duration': 422921091, 'eval_count': 2, 'eval_duration': 4200438}
Response: Well
Analyzing frame 50/54: q_warmup_4_main_0_30fps_frame0029.png
Prompt: Given the human reaction shown in the image, do you think the situation observed by that human ends well or poorly? (Use only one word -- well or poorly -- to answer)
Image size: 13612 bytes
Response status code: 200
{'model': 'deepseek-ocr:3b', 'created_at': '2025-12-08T07:39:02.451039729Z', 'message': {'role': 'assistant', 'content': 'Well'}, 'done': True, 'done_reason': 'stop', 'total_duration': 8912459985, 'load_duration': 7732635760, 'prompt_eval_count': 520, 'prompt_eval_duration': 423463719, 'eval_count': 2, 'eval_duration': 4733581}
Response: Well
Analyzing frame 51/54: q_warmup_4_main_0_30fps_frame0044.png
Prompt: Given the human reaction shown in the image, do you think the situation observed by that human ends well or poorly? (Use only one word -- well or poorly -- to answer)
Image size: 13584 bytes
Response status code: 200
{'model': 'deepseek-ocr:3b', 'created_at': '2025-12-08T07:39:12.542698765Z', 'message': {'role': 'assistant', 'content': 'Well'}, 'done': True, 'done_reason': 'stop', 'total_duration': 9063213821, 'load_duration': 7903147222, 'prompt_eval_count': 520, 'prompt_eval_duration': 422839348, 'eval_count': 2, 'eval_duration': 4229992}
Response: Well
Analyzing frame 52/54: q_warmup_4_main_0_30fps_frame0059.png
Prompt: Given the human reaction shown in the image, do you think the situation observed by that human ends well or poorly? (Use only one word -- well or poorly -- to answer)
Image size: 13576 bytes
Response status code: 200
{'model': 'deepseek-ocr:3b', 'created_at': '2025-12-08T07:39:22.538348356Z', 'message': {'role': 'assistant', 'content': 'Well'}, 'done': True, 'done_reason': 'stop', 'total_duration': 8955248473, 'load_duration': 7659964531, 'prompt_eval_count': 520, 'prompt_eval_duration': 427475952, 'eval_count': 2, 'eval_duration': 4191900}
Response: Well
Analyzing frame 53/54: q_warmup_4_main_0_30fps_frame0074.png
Prompt: Given the human reaction shown in the image, do you think the situation observed by that human ends well or poorly? (Use only one word -- well or poorly -- to answer)
Image size: 13576 bytes
Response status code: 200
{'model': 'deepseek-ocr:3b', 'created_at': '2025-12-08T07:39:32.876210306Z', 'message': {'role': 'assistant', 'content': 'Well'}, 'done': True, 'done_reason': 'stop', 'total_duration': 9286498470, 'load_duration': 8122012022, 'prompt_eval_count': 520, 'prompt_eval_duration': 431985329, 'eval_count': 2, 'eval_duration': 4212919}
Response: Well
Analyzing frame 54/54: q_warmup_4_main_0_30fps_frame0089.png
Prompt: Given the human reaction shown in the image, do you think the situation observed by that human ends well or poorly? (Use only one word -- well or poorly -- to answer)
Image size: 13540 bytes
Response status code: 200
{'model': 'deepseek-ocr:3b', 'created_at': '2025-12-08T07:39:42.677968839Z', 'message': {'role': 'assistant', 'content': 'Well'}, 'done': True, 'done_reason': 'stop', 'total_duration': 8751124141, 'load_duration': 7522269502, 'prompt_eval_count': 520, 'prompt_eval_duration': 429522744, 'eval_count': 2, 'eval_duration': 4217462}
Response: Well
Processed 54 frames for participant 5124

Results saved to ./results/results_deepseek-ocr_3s.csv
Total frames in CSV: 4080

==================================================
Processing participant 13/27: 5233

Processing participant: 5233
Found 54 unprocessed frames for this participant
Analyzing frame 1/54: q_11_main_1_30fps_frame0014.png
Prompt: Given the human reaction shown in the image, do you think the situation observed by that human ends well or poorly? (Use only one word -- well or poorly -- to answer)
Image size: 13412 bytes
Response status code: 200
{'model': 'deepseek-ocr:3b', 'created_at': '2025-12-08T07:39:52.475099849Z', 'message': {'role': 'assistant', 'content': 'Well'}, 'done': True, 'done_reason': 'stop', 'total_duration': 8704325420, 'load_duration': 7549920447, 'prompt_eval_count': 520, 'prompt_eval_duration': 424025767, 'eval_count': 2, 'eval_duration': 4224847}
Response: Well
Analyzing frame 2/54: q_11_main_1_30fps_frame0029.png
Prompt: Given the human reaction shown in the image, do you think the situation observed by that human ends well or poorly? (Use only one word -- well or poorly -- to answer)
Image size: 13448 bytes
Response status code: 200
{'model': 'deepseek-ocr:3b', 'created_at': '2025-12-08T07:40:02.293921118Z', 'message': {'role': 'assistant', 'content': 'Well'}, 'done': True, 'done_reason': 'stop', 'total_duration': 8790527315, 'load_duration': 7649909143, 'prompt_eval_count': 520, 'prompt_eval_duration': 422943942, 'eval_count': 2, 'eval_duration': 4211118}
Response: Well
Analyzing frame 3/54: q_11_main_1_30fps_frame0044.png
Prompt: Given the human reaction shown in the image, do you think the situation observed by that human ends well or poorly? (Use only one word -- well or poorly -- to answer)
Image size: 13484 bytes
Response status code: 200
{'model': 'deepseek-ocr:3b', 'created_at': '2025-12-08T07:40:12.35310844Z', 'message': {'role': 'assistant', 'content': 'Well'}, 'done': True, 'done_reason': 'stop', 'total_duration': 9014173087, 'load_duration': 7803272218, 'prompt_eval_count': 520, 'prompt_eval_duration': 422083532, 'eval_count': 2, 'eval_duration': 4278348}
Response: Well
Analyzing frame 4/54: q_11_main_1_30fps_frame0059.png
Prompt: Given the human reaction shown in the image, do you think the situation observed by that human ends well or poorly? (Use only one word -- well or poorly -- to answer)
Image size: 13492 bytes
Response status code: 200
{'model': 'deepseek-ocr:3b', 'created_at': '2025-12-08T07:40:22.079142086Z', 'message': {'role': 'assistant', 'content': 'Well'}, 'done': True, 'done_reason': 'stop', 'total_duration': 8694553540, 'load_duration': 7524875369, 'prompt_eval_count': 520, 'prompt_eval_duration': 421919501, 'eval_count': 2, 'eval_duration': 4189287}
Response: Well
Analyzing frame 5/54: q_11_main_1_30fps_frame0074.png
Prompt: Given the human reaction shown in the image, do you think the situation observed by that human ends well or poorly? (Use only one word -- well or poorly -- to answer)
Image size: 13424 bytes
Response status code: 200
{'model': 'deepseek-ocr:3b', 'created_at': '2025-12-08T07:40:31.609585916Z', 'message': {'role': 'assistant', 'content': 'Well'}, 'done': True, 'done_reason': 'stop', 'total_duration': 8480807494, 'load_duration': 7324959466, 'prompt_eval_count': 520, 'prompt_eval_duration': 425999883, 'eval_count': 2, 'eval_duration': 4231298}
Response: Well
Analyzing frame 6/54: q_11_main_1_30fps_frame0089.png
Prompt: Given the human reaction shown in the image, do you think the situation observed by that human ends well or poorly? (Use only one word -- well or poorly -- to answer)
Image size: 13324 bytes
Response status code: 200
{'model': 'deepseek-ocr:3b', 'created_at': '2025-12-08T07:40:41.545029457Z', 'message': {'role': 'assistant', 'content': 'Well'}, 'done': True, 'done_reason': 'stop', 'total_duration': 8904359448, 'load_duration': 7649095907, 'prompt_eval_count': 520, 'prompt_eval_duration': 433277684, 'eval_count': 2, 'eval_duration': 4200379}
Response: Well
Analyzing frame 7/54: q_18_main_0_30fps_frame0014.png
Prompt: Given the human reaction shown in the image, do you think the situation observed by that human ends well or poorly? (Use only one word -- well or poorly -- to answer)
Image size: 13836 bytes
Response status code: 200
{'model': 'deepseek-ocr:3b', 'created_at': '2025-12-08T07:40:51.549256104Z', 'message': {'role': 'assistant', 'content': 'Well'}, 'done': True, 'done_reason': 'stop', 'total_duration': 8934418171, 'load_duration': 7700815230, 'prompt_eval_count': 520, 'prompt_eval_duration': 449878311, 'eval_count': 2, 'eval_duration': 4457591}
Response: Well
Analyzing frame 8/54: q_18_main_0_30fps_frame0029.png
Prompt: Given the human reaction shown in the image, do you think the situation observed by that human ends well or poorly? (Use only one word -- well or poorly -- to answer)
Image size: 13876 bytes
Response status code: 200
{'model': 'deepseek-ocr:3b', 'created_at': '2025-12-08T07:41:01.338891008Z', 'message': {'role': 'assistant', 'content': 'Well'}, 'done': True, 'done_reason': 'stop', 'total_duration': 8760218008, 'load_duration': 7604781005, 'prompt_eval_count': 520, 'prompt_eval_duration': 416933462, 'eval_count': 2, 'eval_duration': 4295125}
Response: Well
Analyzing frame 9/54: q_18_main_0_30fps_frame0044.png
Prompt: Given the human reaction shown in the image, do you think the situation observed by that human ends well or poorly? (Use only one word -- well or poorly -- to answer)
Image size: 13892 bytes
Response status code: 200
{'model': 'deepseek-ocr:3b', 'created_at': '2025-12-08T07:41:11.238605913Z', 'message': {'role': 'assistant', 'content': 'Well'}, 'done': True, 'done_reason': 'stop', 'total_duration': 8857789400, 'load_duration': 7659692424, 'prompt_eval_count': 520, 'prompt_eval_duration': 439000798, 'eval_count': 2, 'eval_duration': 4615863}
Response: Well
Analyzing frame 10/54: q_18_main_0_30fps_frame0059.png
Prompt: Given the human reaction shown in the image, do you think the situation observed by that human ends well or poorly? (Use only one word -- well or poorly -- to answer)
Image size: 13684 bytes
Response status code: 200
{'model': 'deepseek-ocr:3b', 'created_at': '2025-12-08T07:41:21.849631861Z', 'message': {'role': 'assistant', 'content': 'Well'}, 'done': True, 'done_reason': 'stop', 'total_duration': 9581549548, 'load_duration': 8402736939, 'prompt_eval_count': 520, 'prompt_eval_duration': 425530484, 'eval_count': 2, 'eval_duration': 4209560}
Response: Well
Analyzing frame 11/54: q_18_main_0_30fps_frame0074.png
Prompt: Given the human reaction shown in the image, do you think the situation observed by that human ends well or poorly? (Use only one word -- well or poorly -- to answer)
Image size: 13664 bytes
Response status code: 200
{'model': 'deepseek-ocr:3b', 'created_at': '2025-12-08T07:41:31.409656006Z', 'message': {'role': 'assistant', 'content': 'Well'}, 'done': True, 'done_reason': 'stop', 'total_duration': 8515738808, 'load_duration': 7393522137, 'prompt_eval_count': 520, 'prompt_eval_duration': 422445117, 'eval_count': 2, 'eval_duration': 4198854}
Response: Well
Analyzing frame 12/54: q_18_main_0_30fps_frame0089.png
Prompt: Given the human reaction shown in the image, do you think the situation observed by that human ends well or poorly? (Use only one word -- well or poorly -- to answer)
Image size: 13684 bytes
Response status code: 200
{'model': 'deepseek-ocr:3b', 'created_at': '2025-12-08T07:41:41.47930956Z', 'message': {'role': 'assistant', 'content': 'Well'}, 'done': True, 'done_reason': 'stop', 'total_duration': 9029339507, 'load_duration': 7854052279, 'prompt_eval_count': 520, 'prompt_eval_duration': 422381962, 'eval_count': 2, 'eval_duration': 4200880}
Response: Well
Analyzing frame 13/54: q_22_main_1_30fps_frame0015.png
Prompt: Given the human reaction shown in the image, do you think the situation observed by that human ends well or poorly? (Use only one word -- well or poorly -- to answer)
Image size: 15152 bytes
Response status code: 200
{'model': 'deepseek-ocr:3b', 'created_at': '2025-12-08T07:41:51.339048075Z', 'message': {'role': 'assistant', 'content': 'Well'}, 'done': True, 'done_reason': 'stop', 'total_duration': 8819565833, 'load_duration': 7574398535, 'prompt_eval_count': 520, 'prompt_eval_duration': 448105161, 'eval_count': 2, 'eval_duration': 4438869}
Response: Well
Analyzing frame 14/54: q_22_main_1_30fps_frame0030.png
Prompt: Given the human reaction shown in the image, do you think the situation observed by that human ends well or poorly? (Use only one word -- well or poorly -- to answer)
Image size: 15156 bytes
Response status code: 200
{'model': 'deepseek-ocr:3b', 'created_at': '2025-12-08T07:42:01.204850176Z', 'message': {'role': 'assistant', 'content': 'Well'}, 'done': True, 'done_reason': 'stop', 'total_duration': 8817864104, 'load_duration': 7591050263, 'prompt_eval_count': 520, 'prompt_eval_duration': 418429288, 'eval_count': 2, 'eval_duration': 4212477}
Response: Well
Analyzing frame 15/54: q_22_main_1_30fps_frame0045.png
Prompt: Given the human reaction shown in the image, do you think the situation observed by that human ends well or poorly? (Use only one word -- well or poorly -- to answer)
Image size: 15148 bytes
Response status code: 200
{'model': 'deepseek-ocr:3b', 'created_at': '2025-12-08T07:42:11.113692356Z', 'message': {'role': 'assistant', 'content': 'Well'}, 'done': True, 'done_reason': 'stop', 'total_duration': 8860706275, 'load_duration': 7663746313, 'prompt_eval_count': 520, 'prompt_eval_duration': 426778730, 'eval_count': 2, 'eval_duration': 4406424}
Response: Well
Analyzing frame 16/54: q_22_main_1_30fps_frame0060.png
Prompt: Given the human reaction shown in the image, do you think the situation observed by that human ends well or poorly? (Use only one word -- well or poorly -- to answer)
Image size: 15132 bytes
Response status code: 200
{'model': 'deepseek-ocr:3b', 'created_at': '2025-12-08T07:42:21.170816461Z', 'message': {'role': 'assistant', 'content': 'Well'}, 'done': True, 'done_reason': 'stop', 'total_duration': 9026514757, 'load_duration': 7912670772, 'prompt_eval_count': 520, 'prompt_eval_duration': 423007355, 'eval_count': 2, 'eval_duration': 4233280}
Response: Well
Analyzing frame 17/54: q_22_main_1_30fps_frame0075.png
Prompt: Given the human reaction shown in the image, do you think the situation observed by that human ends well or poorly? (Use only one word -- well or poorly -- to answer)
Image size: 15124 bytes
Response status code: 200
{'model': 'deepseek-ocr:3b', 'created_at': '2025-12-08T07:42:31.091840074Z', 'message': {'role': 'assistant', 'content': 'Well'}, 'done': True, 'done_reason': 'stop', 'total_duration': 8870080759, 'load_duration': 7703827040, 'prompt_eval_count': 520, 'prompt_eval_duration': 428755919, 'eval_count': 2, 'eval_duration': 4194704}
Response: Well
Analyzing frame 18/54: q_22_main_1_30fps_frame0090.png
Prompt: Given the human reaction shown in the image, do you think the situation observed by that human ends well or poorly? (Use only one word -- well or poorly -- to answer)
Image size: 15088 bytes
Response status code: 200
{'model': 'deepseek-ocr:3b', 'created_at': '2025-12-08T07:42:40.975392186Z', 'message': {'role': 'assistant', 'content': 'Well'}, 'done': True, 'done_reason': 'stop', 'total_duration': 8866916592, 'load_duration': 7681564718, 'prompt_eval_count': 520, 'prompt_eval_duration': 435039989, 'eval_count': 2, 'eval_duration': 4263404}
Response: Well
Analyzing frame 19/54: q_24_main_1_30fps_frame0014.png
Prompt: Given the human reaction shown in the image, do you think the situation observed by that human ends well or poorly? (Use only one word -- well or poorly -- to answer)
Image size: 13464 bytes
Response status code: 200
{'model': 'deepseek-ocr:3b', 'created_at': '2025-12-08T07:42:51.075537784Z', 'message': {'role': 'assistant', 'content': 'Well'}, 'done': True, 'done_reason': 'stop', 'total_duration': 9067040424, 'load_duration': 7833559940, 'prompt_eval_count': 520, 'prompt_eval_duration': 420733538, 'eval_count': 2, 'eval_duration': 4347254}
Response: Well
Analyzing frame 20/54: q_24_main_1_30fps_frame0029.png
Prompt: Given the human reaction shown in the image, do you think the situation observed by that human ends well or poorly? (Use only one word -- well or poorly -- to answer)
Image size: 13496 bytes
Response status code: 200
{'model': 'deepseek-ocr:3b', 'created_at': '2025-12-08T07:43:00.859847776Z', 'message': {'role': 'assistant', 'content': 'Well'}, 'done': True, 'done_reason': 'stop', 'total_duration': 8757148406, 'load_duration': 7581037335, 'prompt_eval_count': 520, 'prompt_eval_duration': 424673202, 'eval_count': 2, 'eval_duration': 4201062}
Response: Well
Analyzing frame 21/54: q_24_main_1_30fps_frame0044.png
Prompt: Given the human reaction shown in the image, do you think the situation observed by that human ends well or poorly? (Use only one word -- well or poorly -- to answer)
Image size: 13420 bytes
Response status code: 200
{'model': 'deepseek-ocr:3b', 'created_at': '2025-12-08T07:43:10.675450896Z', 'message': {'role': 'assistant', 'content': 'Well'}, 'done': True, 'done_reason': 'stop', 'total_duration': 8799050741, 'load_duration': 7594773404, 'prompt_eval_count': 520, 'prompt_eval_duration': 421726221, 'eval_count': 2, 'eval_duration': 4191803}
Response: Well
Analyzing frame 22/54: q_24_main_1_30fps_frame0059.png
Prompt: Given the human reaction shown in the image, do you think the situation observed by that human ends well or poorly? (Use only one word -- well or poorly -- to answer)
Image size: 13340 bytes
Response status code: 200
{'model': 'deepseek-ocr:3b', 'created_at': '2025-12-08T07:43:20.768376229Z', 'message': {'role': 'assistant', 'content': 'Well'}, 'done': True, 'done_reason': 'stop', 'total_duration': 9076040166, 'load_duration': 7857462383, 'prompt_eval_count': 520, 'prompt_eval_duration': 429041222, 'eval_count': 2, 'eval_duration': 4330600}
Response: Well
Analyzing frame 23/54: q_24_main_1_30fps_frame0074.png
Prompt: Given the human reaction shown in the image, do you think the situation observed by that human ends well or poorly? (Use only one word -- well or poorly -- to answer)
Image size: 13432 bytes
Response status code: 200
{'model': 'deepseek-ocr:3b', 'created_at': '2025-12-08T07:43:30.976888706Z', 'message': {'role': 'assistant', 'content': 'Well'}, 'done': True, 'done_reason': 'stop', 'total_duration': 9165815664, 'load_duration': 8008661910, 'prompt_eval_count': 520, 'prompt_eval_duration': 424786907, 'eval_count': 2, 'eval_duration': 4211530}
Response: Well
Analyzing frame 24/54: q_24_main_1_30fps_frame0089.png
Prompt: Given the human reaction shown in the image, do you think the situation observed by that human ends well or poorly? (Use only one word -- well or poorly -- to answer)
Image size: 13360 bytes
Response status code: 200
{'model': 'deepseek-ocr:3b', 'created_at': '2025-12-08T07:43:41.802578366Z', 'message': {'role': 'assistant', 'content': 'Well'}, 'done': True, 'done_reason': 'stop', 'total_duration': 9799762230, 'load_duration': 8222141019, 'prompt_eval_count': 520, 'prompt_eval_duration': 420408349, 'eval_count': 2, 'eval_duration': 4232417}
Response: Well
Analyzing frame 25/54: q_28_main_0_30fps_frame0014.png
Prompt: Given the human reaction shown in the image, do you think the situation observed by that human ends well or poorly? (Use only one word -- well or poorly -- to answer)
Image size: 13524 bytes
Response status code: 200
{'model': 'deepseek-ocr:3b', 'created_at': '2025-12-08T07:43:52.86848768Z', 'message': {'role': 'assistant', 'content': 'Well'}, 'done': True, 'done_reason': 'stop', 'total_duration': 10010779418, 'load_duration': 8779775582, 'prompt_eval_count': 520, 'prompt_eval_duration': 428981343, 'eval_count': 2, 'eval_duration': 4195286}
Response: Well
Analyzing frame 26/54: q_28_main_0_30fps_frame0029.png
Prompt: Given the human reaction shown in the image, do you think the situation observed by that human ends well or poorly? (Use only one word -- well or poorly -- to answer)
Image size: 13480 bytes
Response status code: 200
{'model': 'deepseek-ocr:3b', 'created_at': '2025-12-08T07:44:02.536650871Z', 'message': {'role': 'assistant', 'content': 'Well'}, 'done': True, 'done_reason': 'stop', 'total_duration': 8652575323, 'load_duration': 7478526383, 'prompt_eval_count': 520, 'prompt_eval_duration': 422978221, 'eval_count': 2, 'eval_duration': 4552994}
Response: Well
Analyzing frame 27/54: q_28_main_0_30fps_frame0044.png
Prompt: Given the human reaction shown in the image, do you think the situation observed by that human ends well or poorly? (Use only one word -- well or poorly -- to answer)
Image size: 13424 bytes
Response status code: 200
{'model': 'deepseek-ocr:3b', 'created_at': '2025-12-08T07:44:12.510345747Z', 'message': {'role': 'assistant', 'content': 'Well'}, 'done': True, 'done_reason': 'stop', 'total_duration': 8937910483, 'load_duration': 7726991559, 'prompt_eval_count': 520, 'prompt_eval_duration': 444158209, 'eval_count': 2, 'eval_duration': 4869378}
Response: Well
Analyzing frame 28/54: q_28_main_0_30fps_frame0059.png
Prompt: Given the human reaction shown in the image, do you think the situation observed by that human ends well or poorly? (Use only one word -- well or poorly -- to answer)
Image size: 13388 bytes
Response status code: 200
{'model': 'deepseek-ocr:3b', 'created_at': '2025-12-08T07:44:22.476223344Z', 'message': {'role': 'assistant', 'content': 'Well'}, 'done': True, 'done_reason': 'stop', 'total_duration': 8935934595, 'load_duration': 7769636224, 'prompt_eval_count': 520, 'prompt_eval_duration': 424667964, 'eval_count': 2, 'eval_duration': 4216096}
Response: Well
Analyzing frame 29/54: q_28_main_0_30fps_frame0074.png
Prompt: Given the human reaction shown in the image, do you think the situation observed by that human ends well or poorly? (Use only one word -- well or poorly -- to answer)
Image size: 13428 bytes
Response status code: 200
{'model': 'deepseek-ocr:3b', 'created_at': '2025-12-08T07:44:32.615562217Z', 'message': {'role': 'assistant', 'content': 'Well'}, 'done': True, 'done_reason': 'stop', 'total_duration': 9091796915, 'load_duration': 7906150222, 'prompt_eval_count': 520, 'prompt_eval_duration': 422713372, 'eval_count': 2, 'eval_duration': 4356863}
Response: Well
Analyzing frame 30/54: q_28_main_0_30fps_frame0089.png
Prompt: Given the human reaction shown in the image, do you think the situation observed by that human ends well or poorly? (Use only one word -- well or poorly -- to answer)
Image size: 13396 bytes
Response status code: 200
{'model': 'deepseek-ocr:3b', 'created_at': '2025-12-08T07:44:42.417524191Z', 'message': {'role': 'assistant', 'content': 'Well'}, 'done': True, 'done_reason': 'stop', 'total_duration': 8783515316, 'load_duration': 7623486460, 'prompt_eval_count': 520, 'prompt_eval_duration': 425810598, 'eval_count': 2, 'eval_duration': 4199182}
Response: Well
Analyzing frame 31/54: q_30_main_0_30fps_frame0013.png
Prompt: Given the human reaction shown in the image, do you think the situation observed by that human ends well or poorly? (Use only one word -- well or poorly -- to answer)
Image size: 13564 bytes
Response status code: 200
{'model': 'deepseek-ocr:3b', 'created_at': '2025-12-08T07:44:53.232994572Z', 'message': {'role': 'assistant', 'content': 'Well'}, 'done': True, 'done_reason': 'stop', 'total_duration': 9775419552, 'load_duration': 8586433424, 'prompt_eval_count': 520, 'prompt_eval_duration': 434272560, 'eval_count': 2, 'eval_duration': 4188688}
Response: Well
Analyzing frame 32/54: q_30_main_0_30fps_frame0028.png
Prompt: Given the human reaction shown in the image, do you think the situation observed by that human ends well or poorly? (Use only one word -- well or poorly -- to answer)
Image size: 13456 bytes
Response status code: 200
{'model': 'deepseek-ocr:3b', 'created_at': '2025-12-08T07:45:03.243862343Z', 'message': {'role': 'assistant', 'content': 'Well'}, 'done': True, 'done_reason': 'stop', 'total_duration': 8976404242, 'load_duration': 7802977451, 'prompt_eval_count': 520, 'prompt_eval_duration': 421729888, 'eval_count': 2, 'eval_duration': 4236900}
Response: Well
Analyzing frame 33/54: q_30_main_0_30fps_frame0043.png
Prompt: Given the human reaction shown in the image, do you think the situation observed by that human ends well or poorly? (Use only one word -- well or poorly -- to answer)
Image size: 13572 bytes
Response status code: 200
{'model': 'deepseek-ocr:3b', 'created_at': '2025-12-08T07:45:13.123681836Z', 'message': {'role': 'assistant', 'content': 'Well'}, 'done': True, 'done_reason': 'stop', 'total_duration': 8833482842, 'load_duration': 7688620439, 'prompt_eval_count': 520, 'prompt_eval_duration': 422256076, 'eval_count': 2, 'eval_duration': 4187918}
Response: Well
Analyzing frame 34/54: q_30_main_0_30fps_frame0058.png
Prompt: Given the human reaction shown in the image, do you think the situation observed by that human ends well or poorly? (Use only one word -- well or poorly -- to answer)
Image size: 13584 bytes
Response status code: 200
{'model': 'deepseek-ocr:3b', 'created_at': '2025-12-08T07:45:23.022790401Z', 'message': {'role': 'assistant', 'content': 'Well'}, 'done': True, 'done_reason': 'stop', 'total_duration': 8870342493, 'load_duration': 7553219054, 'prompt_eval_count': 520, 'prompt_eval_duration': 430198771, 'eval_count': 2, 'eval_duration': 4238079}
Response: Well
Analyzing frame 35/54: q_30_main_0_30fps_frame0073.png
Prompt: Given the human reaction shown in the image, do you think the situation observed by that human ends well or poorly? (Use only one word -- well or poorly -- to answer)
Image size: 13512 bytes
Response status code: 200
{'model': 'deepseek-ocr:3b', 'created_at': '2025-12-08T07:45:32.703753437Z', 'message': {'role': 'assistant', 'content': 'Well'}, 'done': True, 'done_reason': 'stop', 'total_duration': 8653397029, 'load_duration': 7498942188, 'prompt_eval_count': 520, 'prompt_eval_duration': 419883648, 'eval_count': 2, 'eval_duration': 5060121}
Response: Well
Analyzing frame 36/54: q_30_main_0_30fps_frame0088.png
Prompt: Given the human reaction shown in the image, do you think the situation observed by that human ends well or poorly? (Use only one word -- well or poorly -- to answer)
Image size: 13524 bytes
Response status code: 200
{'model': 'deepseek-ocr:3b', 'created_at': '2025-12-08T07:45:43.076336775Z', 'message': {'role': 'assistant', 'content': 'Well'}, 'done': True, 'done_reason': 'stop', 'total_duration': 9352323391, 'load_duration': 8048874805, 'prompt_eval_count': 520, 'prompt_eval_duration': 421628165, 'eval_count': 2, 'eval_duration': 4242522}
Response: Well
Analyzing frame 37/54: q_5_main_0_30fps_frame0015.png
Prompt: Given the human reaction shown in the image, do you think the situation observed by that human ends well or poorly? (Use only one word -- well or poorly -- to answer)
Image size: 15272 bytes
Response status code: 200
{'model': 'deepseek-ocr:3b', 'created_at': '2025-12-08T07:45:53.65875284Z', 'message': {'role': 'assistant', 'content': 'Well'}, 'done': True, 'done_reason': 'stop', 'total_duration': 9521980853, 'load_duration': 8332844551, 'prompt_eval_count': 520, 'prompt_eval_duration': 422283969, 'eval_count': 2, 'eval_duration': 4202753}
Response: Well
Analyzing frame 38/54: q_5_main_0_30fps_frame0030.png
Prompt: Given the human reaction shown in the image, do you think the situation observed by that human ends well or poorly? (Use only one word -- well or poorly -- to answer)
Image size: 15312 bytes
Response status code: 200
{'model': 'deepseek-ocr:3b', 'created_at': '2025-12-08T07:46:03.375617687Z', 'message': {'role': 'assistant', 'content': 'Well'}, 'done': True, 'done_reason': 'stop', 'total_duration': 8689198780, 'load_duration': 7501290906, 'prompt_eval_count': 520, 'prompt_eval_duration': 422842218, 'eval_count': 2, 'eval_duration': 4316652}
Response: Well
Analyzing frame 39/54: q_5_main_0_30fps_frame0045.png
Prompt: Given the human reaction shown in the image, do you think the situation observed by that human ends well or poorly? (Use only one word -- well or poorly -- to answer)
Image size: 15292 bytes
Response status code: 200
{'model': 'deepseek-ocr:3b', 'created_at': '2025-12-08T07:46:13.603926362Z', 'message': {'role': 'assistant', 'content': 'Well'}, 'done': True, 'done_reason': 'stop', 'total_duration': 9184086656, 'load_duration': 7978678255, 'prompt_eval_count': 520, 'prompt_eval_duration': 430798885, 'eval_count': 2, 'eval_duration': 4209465}
Response: Well
Analyzing frame 40/54: q_5_main_0_30fps_frame0060.png
Prompt: Given the human reaction shown in the image, do you think the situation observed by that human ends well or poorly? (Use only one word -- well or poorly -- to answer)
Image size: 15288 bytes
Response status code: 200
{'model': 'deepseek-ocr:3b', 'created_at': '2025-12-08T07:46:23.447497031Z', 'message': {'role': 'assistant', 'content': 'Well'}, 'done': True, 'done_reason': 'stop', 'total_duration': 8814557445, 'load_duration': 7631891073, 'prompt_eval_count': 520, 'prompt_eval_duration': 427319518, 'eval_count': 2, 'eval_duration': 4313742}
Response: Well
Analyzing frame 41/54: q_5_main_0_30fps_frame0075.png
Prompt: Given the human reaction shown in the image, do you think the situation observed by that human ends well or poorly? (Use only one word -- well or poorly -- to answer)
Image size: 15228 bytes
Response status code: 200
{'model': 'deepseek-ocr:3b', 'created_at': '2025-12-08T07:46:33.503328233Z', 'message': {'role': 'assistant', 'content': 'Well'}, 'done': True, 'done_reason': 'stop', 'total_duration': 9017969802, 'load_duration': 7865171326, 'prompt_eval_count': 520, 'prompt_eval_duration': 430577584, 'eval_count': 2, 'eval_duration': 4204434}
Response: Well
Analyzing frame 42/54: q_5_main_0_30fps_frame0090.png
Prompt: Given the human reaction shown in the image, do you think the situation observed by that human ends well or poorly? (Use only one word -- well or poorly -- to answer)
Image size: 15216 bytes
Response status code: 200
{'model': 'deepseek-ocr:3b', 'created_at': '2025-12-08T07:46:43.226314288Z', 'message': {'role': 'assistant', 'content': 'Well'}, 'done': True, 'done_reason': 'stop', 'total_duration': 8698509842, 'load_duration': 7523172916, 'prompt_eval_count': 520, 'prompt_eval_duration': 421915479, 'eval_count': 2, 'eval_duration': 4203329}
Response: Well
Analyzing frame 43/54: q_7_main_1_30fps_frame0015.png
Prompt: Given the human reaction shown in the image, do you think the situation observed by that human ends well or poorly? (Use only one word -- well or poorly -- to answer)
Image size: 13600 bytes
Response status code: 200
{'model': 'deepseek-ocr:3b', 'created_at': '2025-12-08T07:46:53.19037004Z', 'message': {'role': 'assistant', 'content': 'Well'}, 'done': True, 'done_reason': 'stop', 'total_duration': 8895874919, 'load_duration': 7691186921, 'prompt_eval_count': 520, 'prompt_eval_duration': 428886794, 'eval_count': 2, 'eval_duration': 4216778}
Response: Well
Analyzing frame 44/54: q_7_main_1_30fps_frame0030.png
Prompt: Given the human reaction shown in the image, do you think the situation observed by that human ends well or poorly? (Use only one word -- well or poorly -- to answer)
Image size: 13580 bytes
Response status code: 200
{'model': 'deepseek-ocr:3b', 'created_at': '2025-12-08T07:47:03.266911287Z', 'message': {'role': 'assistant', 'content': 'Well'}, 'done': True, 'done_reason': 'stop', 'total_duration': 9030490304, 'load_duration': 7851179975, 'prompt_eval_count': 520, 'prompt_eval_duration': 424622691, 'eval_count': 2, 'eval_duration': 4196564}
Response: Well
Analyzing frame 45/54: q_7_main_1_30fps_frame0045.png
Prompt: Given the human reaction shown in the image, do you think the situation observed by that human ends well or poorly? (Use only one word -- well or poorly -- to answer)
Image size: 13632 bytes
Response status code: 200
{'model': 'deepseek-ocr:3b', 'created_at': '2025-12-08T07:47:13.216901909Z', 'message': {'role': 'assistant', 'content': 'Well'}, 'done': True, 'done_reason': 'stop', 'total_duration': 8900794841, 'load_duration': 7740103096, 'prompt_eval_count': 520, 'prompt_eval_duration': 424609912, 'eval_count': 2, 'eval_duration': 4210035}
Response: Well
Analyzing frame 46/54: q_7_main_1_30fps_frame0060.png
Prompt: Given the human reaction shown in the image, do you think the situation observed by that human ends well or poorly? (Use only one word -- well or poorly -- to answer)
Image size: 13608 bytes
Response status code: 200
{'model': 'deepseek-ocr:3b', 'created_at': '2025-12-08T07:47:23.376207843Z', 'message': {'role': 'assistant', 'content': 'Well'}, 'done': True, 'done_reason': 'stop', 'total_duration': 9128616910, 'load_duration': 7961170141, 'prompt_eval_count': 520, 'prompt_eval_duration': 433202771, 'eval_count': 2, 'eval_duration': 4211164}
Response: Well
Analyzing frame 47/54: q_7_main_1_30fps_frame0075.png
Prompt: Given the human reaction shown in the image, do you think the situation observed by that human ends well or poorly? (Use only one word -- well or poorly -- to answer)
Image size: 13520 bytes
Response status code: 200
{'model': 'deepseek-ocr:3b', 'created_at': '2025-12-08T07:47:33.238806981Z', 'message': {'role': 'assistant', 'content': 'Well'}, 'done': True, 'done_reason': 'stop', 'total_duration': 8815087376, 'load_duration': 7647055768, 'prompt_eval_count': 520, 'prompt_eval_duration': 428970960, 'eval_count': 2, 'eval_duration': 4214467}
Response: Well
Analyzing frame 48/54: q_7_main_1_30fps_frame0090.png
Prompt: Given the human reaction shown in the image, do you think the situation observed by that human ends well or poorly? (Use only one word -- well or poorly -- to answer)
Image size: 13548 bytes
Response status code: 200
{'model': 'deepseek-ocr:3b', 'created_at': '2025-12-08T07:47:43.250427665Z', 'message': {'role': 'assistant', 'content': 'Well'}, 'done': True, 'done_reason': 'stop', 'total_duration': 8976698571, 'load_duration': 7785329847, 'prompt_eval_count': 520, 'prompt_eval_duration': 424132184, 'eval_count': 2, 'eval_duration': 4201131}
Response: Well
Analyzing frame 49/54: q_9_main_1_30fps_frame0015.png
Prompt: Given the human reaction shown in the image, do you think the situation observed by that human ends well or poorly? (Use only one word -- well or poorly -- to answer)
Image size: 15284 bytes
Response status code: 200
{'model': 'deepseek-ocr:3b', 'created_at': '2025-12-08T07:47:53.085213241Z', 'message': {'role': 'assistant', 'content': 'Well'}, 'done': True, 'done_reason': 'stop', 'total_duration': 8804264108, 'load_duration': 7618106868, 'prompt_eval_count': 520, 'prompt_eval_duration': 425359868, 'eval_count': 2, 'eval_duration': 4199408}
Response: Well
Analyzing frame 50/54: q_9_main_1_30fps_frame0030.png
Prompt: Given the human reaction shown in the image, do you think the situation observed by that human ends well or poorly? (Use only one word -- well or poorly -- to answer)
Image size: 15196 bytes
Response status code: 200
{'model': 'deepseek-ocr:3b', 'created_at': '2025-12-08T07:48:02.957265973Z', 'message': {'role': 'assistant', 'content': 'Well'}, 'done': True, 'done_reason': 'stop', 'total_duration': 8842985513, 'load_duration': 7676278773, 'prompt_eval_count': 520, 'prompt_eval_duration': 424504099, 'eval_count': 2, 'eval_duration': 4231396}
Response: Well
Analyzing frame 51/54: q_9_main_1_30fps_frame0045.png
Prompt: Given the human reaction shown in the image, do you think the situation observed by that human ends well or poorly? (Use only one word -- well or poorly -- to answer)
Image size: 15268 bytes
Response status code: 200
{'model': 'deepseek-ocr:3b', 'created_at': '2025-12-08T07:48:12.989435236Z', 'message': {'role': 'assistant', 'content': 'Well'}, 'done': True, 'done_reason': 'stop', 'total_duration': 8989062353, 'load_duration': 7811474210, 'prompt_eval_count': 520, 'prompt_eval_duration': 424490814, 'eval_count': 2, 'eval_duration': 4315712}
Response: Well
Analyzing frame 52/54: q_9_main_1_30fps_frame0060.png
Prompt: Given the human reaction shown in the image, do you think the situation observed by that human ends well or poorly? (Use only one word -- well or poorly -- to answer)
Image size: 15228 bytes
Response status code: 200
{'model': 'deepseek-ocr:3b', 'created_at': '2025-12-08T07:48:22.946996817Z', 'message': {'role': 'assistant', 'content': 'Well'}, 'done': True, 'done_reason': 'stop', 'total_duration': 8927567876, 'load_duration': 7727397915, 'prompt_eval_count': 520, 'prompt_eval_duration': 419635387, 'eval_count': 2, 'eval_duration': 4218518}
Response: Well
Analyzing frame 53/54: q_9_main_1_30fps_frame0075.png
Prompt: Given the human reaction shown in the image, do you think the situation observed by that human ends well or poorly? (Use only one word -- well or poorly -- to answer)
Image size: 15284 bytes
Response status code: 200
{'model': 'deepseek-ocr:3b', 'created_at': '2025-12-08T07:48:32.8945914Z', 'message': {'role': 'assistant', 'content': 'Well'}, 'done': True, 'done_reason': 'stop', 'total_duration': 8905391053, 'load_duration': 7716548293, 'prompt_eval_count': 520, 'prompt_eval_duration': 428855534, 'eval_count': 2, 'eval_duration': 4196053}
Response: Well
Analyzing frame 54/54: q_9_main_1_30fps_frame0090.png
Prompt: Given the human reaction shown in the image, do you think the situation observed by that human ends well or poorly? (Use only one word -- well or poorly -- to answer)
Image size: 15236 bytes
Response status code: 200
{'model': 'deepseek-ocr:3b', 'created_at': '2025-12-08T07:48:42.770415522Z', 'message': {'role': 'assistant', 'content': 'Well'}, 'done': True, 'done_reason': 'stop', 'total_duration': 8840226884, 'load_duration': 7673486612, 'prompt_eval_count': 520, 'prompt_eval_duration': 420153206, 'eval_count': 2, 'eval_duration': 4195326}
Response: Well
Processed 54 frames for participant 5233

Results saved to ./results/results_deepseek-ocr_3s.csv
Total frames in CSV: 4134

==================================================
Processing participant 14/27: 5310

Processing participant: 5310
Found 36 unprocessed frames for this participant
Analyzing frame 1/36: q_20_main_0_30fps_frame0014.png
Prompt: Given the human reaction shown in the image, do you think the situation observed by that human ends well or poorly? (Use only one word -- well or poorly -- to answer)
Image size: 11828 bytes
Response status code: 200
{'model': 'deepseek-ocr:3b', 'created_at': '2025-12-08T07:48:53.014431473Z', 'message': {'role': 'assistant', 'content': 'Well'}, 'done': True, 'done_reason': 'stop', 'total_duration': 9146552629, 'load_duration': 7945149628, 'prompt_eval_count': 520, 'prompt_eval_duration': 423395775, 'eval_count': 2, 'eval_duration': 4220161}
Response: Well
Analyzing frame 2/36: q_20_main_0_30fps_frame0029.png
Prompt: Given the human reaction shown in the image, do you think the situation observed by that human ends well or poorly? (Use only one word -- well or poorly -- to answer)
Image size: 11832 bytes
Response status code: 200
{'model': 'deepseek-ocr:3b', 'created_at': '2025-12-08T07:49:02.845535194Z', 'message': {'role': 'assistant', 'content': 'Well'}, 'done': True, 'done_reason': 'stop', 'total_duration': 8803709252, 'load_duration': 7615293704, 'prompt_eval_count': 520, 'prompt_eval_duration': 423615641, 'eval_count': 2, 'eval_duration': 4305969}
Response: Well
Analyzing frame 3/36: q_20_main_0_30fps_frame0044.png
Prompt: Given the human reaction shown in the image, do you think the situation observed by that human ends well or poorly? (Use only one word -- well or poorly -- to answer)
Image size: 11416 bytes
Response status code: 200
{'model': 'deepseek-ocr:3b', 'created_at': '2025-12-08T07:49:12.500186314Z', 'message': {'role': 'assistant', 'content': 'Well'}, 'done': True, 'done_reason': 'stop', 'total_duration': 8615180501, 'load_duration': 7432595355, 'prompt_eval_count': 520, 'prompt_eval_duration': 422265037, 'eval_count': 2, 'eval_duration': 4215756}
Response: Well
Analyzing frame 4/36: q_20_main_0_30fps_frame0059.png
Prompt: Given the human reaction shown in the image, do you think the situation observed by that human ends well or poorly? (Use only one word -- well or poorly -- to answer)
Image size: 11448 bytes
Response status code: 200
{'model': 'deepseek-ocr:3b', 'created_at': '2025-12-08T07:49:22.581229446Z', 'message': {'role': 'assistant', 'content': 'Well'}, 'done': True, 'done_reason': 'stop', 'total_duration': 9042416781, 'load_duration': 7857395733, 'prompt_eval_count': 520, 'prompt_eval_duration': 420067752, 'eval_count': 2, 'eval_duration': 4599199}
Response: Well
Analyzing frame 5/36: q_20_main_0_30fps_frame0074.png
Prompt: Given the human reaction shown in the image, do you think the situation observed by that human ends well or poorly? (Use only one word -- well or poorly -- to answer)
Image size: 11320 bytes
Response status code: 200
{'model': 'deepseek-ocr:3b', 'created_at': '2025-12-08T07:49:32.579056774Z', 'message': {'role': 'assistant', 'content': 'Well'}, 'done': True, 'done_reason': 'stop', 'total_duration': 8957458049, 'load_duration': 7796897739, 'prompt_eval_count': 520, 'prompt_eval_duration': 418044555, 'eval_count': 2, 'eval_duration': 4246854}
Response: Well
Analyzing frame 6/36: q_20_main_0_30fps_frame0089.png
Prompt: Given the human reaction shown in the image, do you think the situation observed by that human ends well or poorly? (Use only one word -- well or poorly -- to answer)
Image size: 11160 bytes
Response status code: 200
{'model': 'deepseek-ocr:3b', 'created_at': '2025-12-08T07:49:42.415116104Z', 'message': {'role': 'assistant', 'content': 'Well'}, 'done': True, 'done_reason': 'stop', 'total_duration': 8808272424, 'load_duration': 7657570630, 'prompt_eval_count': 520, 'prompt_eval_duration': 423397072, 'eval_count': 2, 'eval_duration': 4215355}
Response: Well
Analyzing frame 7/36: q_22_main_1_30fps_frame0014.png
Prompt: Given the human reaction shown in the image, do you think the situation observed by that human ends well or poorly? (Use only one word -- well or poorly -- to answer)
Image size: 11932 bytes
Response status code: 200
{'model': 'deepseek-ocr:3b', 'created_at': '2025-12-08T07:49:52.34360755Z', 'message': {'role': 'assistant', 'content': 'Well'}, 'done': True, 'done_reason': 'stop', 'total_duration': 8883014831, 'load_duration': 7663704731, 'prompt_eval_count': 520, 'prompt_eval_duration': 427150029, 'eval_count': 2, 'eval_duration': 4230975}
Response: Well
Analyzing frame 8/36: q_22_main_1_30fps_frame0029.png
Prompt: Given the human reaction shown in the image, do you think the situation observed by that human ends well or poorly? (Use only one word -- well or poorly -- to answer)
Image size: 11536 bytes
Response status code: 200
{'model': 'deepseek-ocr:3b', 'created_at': '2025-12-08T07:50:02.494442949Z', 'message': {'role': 'assistant', 'content': 'Well'}, 'done': True, 'done_reason': 'stop', 'total_duration': 9124041043, 'load_duration': 7976428836, 'prompt_eval_count': 520, 'prompt_eval_duration': 423235071, 'eval_count': 2, 'eval_duration': 4222310}
Response: Well
Analyzing frame 9/36: q_22_main_1_30fps_frame0044.png
Prompt: Given the human reaction shown in the image, do you think the situation observed by that human ends well or poorly? (Use only one word -- well or poorly -- to answer)
Image size: 11372 bytes
Response status code: 200
{'model': 'deepseek-ocr:3b', 'created_at': '2025-12-08T07:50:12.418150017Z', 'message': {'role': 'assistant', 'content': 'Well'}, 'done': True, 'done_reason': 'stop', 'total_duration': 8884755703, 'load_duration': 7750275996, 'prompt_eval_count': 520, 'prompt_eval_duration': 424986605, 'eval_count': 2, 'eval_duration': 4207879}
Response: Well
Analyzing frame 10/36: q_22_main_1_30fps_frame0059.png
Prompt: Given the human reaction shown in the image, do you think the situation observed by that human ends well or poorly? (Use only one word -- well or poorly -- to answer)
Image size: 11388 bytes
Response status code: 200
{'model': 'deepseek-ocr:3b', 'created_at': '2025-12-08T07:50:22.347514189Z', 'message': {'role': 'assistant', 'content': 'Well'}, 'done': True, 'done_reason': 'stop', 'total_duration': 8882190865, 'load_duration': 7669646311, 'prompt_eval_count': 520, 'prompt_eval_duration': 423213264, 'eval_count': 2, 'eval_duration': 4323106}
Response: Well
Analyzing frame 11/36: q_22_main_1_30fps_frame0074.png
Prompt: Given the human reaction shown in the image, do you think the situation observed by that human ends well or poorly? (Use only one word -- well or poorly -- to answer)
Image size: 11304 bytes
Response status code: 200
{'model': 'deepseek-ocr:3b', 'created_at': '2025-12-08T07:50:32.515754028Z', 'message': {'role': 'assistant', 'content': 'Well'}, 'done': True, 'done_reason': 'stop', 'total_duration': 9125264694, 'load_duration': 7938481925, 'prompt_eval_count': 520, 'prompt_eval_duration': 419769203, 'eval_count': 2, 'eval_duration': 4223659}
Response: Well
Analyzing frame 12/36: q_22_main_1_30fps_frame0089.png
Prompt: Given the human reaction shown in the image, do you think the situation observed by that human ends well or poorly? (Use only one word -- well or poorly -- to answer)
Image size: 11356 bytes
Response status code: 200
{'model': 'deepseek-ocr:3b', 'created_at': '2025-12-08T07:50:42.899351747Z', 'message': {'role': 'assistant', 'content': 'Well'}, 'done': True, 'done_reason': 'stop', 'total_duration': 9356455751, 'load_duration': 8220938996, 'prompt_eval_count': 520, 'prompt_eval_duration': 421662205, 'eval_count': 2, 'eval_duration': 4208519}
Response: Well
Analyzing frame 13/36: q_29_main_0_30fps_frame0013.png
Prompt: Given the human reaction shown in the image, do you think the situation observed by that human ends well or poorly? (Use only one word -- well or poorly -- to answer)
Image size: 10948 bytes
Response status code: 200
{'model': 'deepseek-ocr:3b', 'created_at': '2025-12-08T07:50:52.951088461Z', 'message': {'role': 'assistant', 'content': 'Well'}, 'done': True, 'done_reason': 'stop', 'total_duration': 9010747578, 'load_duration': 7871045103, 'prompt_eval_count': 520, 'prompt_eval_duration': 422616718, 'eval_count': 2, 'eval_duration': 4237759}
Response: Well
Analyzing frame 14/36: q_29_main_0_30fps_frame0028.png
Prompt: Given the human reaction shown in the image, do you think the situation observed by that human ends well or poorly? (Use only one word -- well or poorly -- to answer)
Image size: 10468 bytes
Response status code: 200
{'model': 'deepseek-ocr:3b', 'created_at': '2025-12-08T07:51:02.481672353Z', 'message': {'role': 'assistant', 'content': 'Well'}, 'done': True, 'done_reason': 'stop', 'total_duration': 8503923557, 'load_duration': 7404264923, 'prompt_eval_count': 520, 'prompt_eval_duration': 426207286, 'eval_count': 2, 'eval_duration': 4348301}
Response: Well
Analyzing frame 15/36: q_29_main_0_30fps_frame0043.png
Prompt: Given the human reaction shown in the image, do you think the situation observed by that human ends well or poorly? (Use only one word -- well or poorly -- to answer)
Image size: 10376 bytes
Response status code: 200
{'model': 'deepseek-ocr:3b', 'created_at': '2025-12-08T07:51:12.47182744Z', 'message': {'role': 'assistant', 'content': 'Well'}, 'done': True, 'done_reason': 'stop', 'total_duration': 8963150933, 'load_duration': 7794532642, 'prompt_eval_count': 520, 'prompt_eval_duration': 424137356, 'eval_count': 2, 'eval_duration': 4189846}
Response: Well
Analyzing frame 16/36: q_29_main_0_30fps_frame0058.png
Prompt: Given the human reaction shown in the image, do you think the situation observed by that human ends well or poorly? (Use only one word -- well or poorly -- to answer)
Image size: 10352 bytes
Response status code: 200
{'model': 'deepseek-ocr:3b', 'created_at': '2025-12-08T07:51:22.468290776Z', 'message': {'role': 'assistant', 'content': 'Well'}, 'done': True, 'done_reason': 'stop', 'total_duration': 8970190402, 'load_duration': 7772478174, 'prompt_eval_count': 520, 'prompt_eval_duration': 419731688, 'eval_count': 2, 'eval_duration': 4383290}
Response: Well
Analyzing frame 17/36: q_29_main_0_30fps_frame0073.png
Prompt: Given the human reaction shown in the image, do you think the situation observed by that human ends well or poorly? (Use only one word -- well or poorly -- to answer)
Image size: 10380 bytes
Response status code: 200
{'model': 'deepseek-ocr:3b', 'created_at': '2025-12-08T07:51:32.516350028Z', 'message': {'role': 'assistant', 'content': 'Well'}, 'done': True, 'done_reason': 'stop', 'total_duration': 9000616503, 'load_duration': 7803655637, 'prompt_eval_count': 520, 'prompt_eval_duration': 425063919, 'eval_count': 2, 'eval_duration': 4196830}
Response: Well
Analyzing frame 18/36: q_29_main_0_30fps_frame0088.png
Prompt: Given the human reaction shown in the image, do you think the situation observed by that human ends well or poorly? (Use only one word -- well or poorly -- to answer)
Image size: 10520 bytes
Response status code: 200
{'model': 'deepseek-ocr:3b', 'created_at': '2025-12-08T07:51:42.625034878Z', 'message': {'role': 'assistant', 'content': 'Well'}, 'done': True, 'done_reason': 'stop', 'total_duration': 9068160953, 'load_duration': 7908481514, 'prompt_eval_count': 520, 'prompt_eval_duration': 418925263, 'eval_count': 2, 'eval_duration': 4229996}
Response: Well
Analyzing frame 19/36: q_4_main_0_30fps_frame0014.png
Prompt: Given the human reaction shown in the image, do you think the situation observed by that human ends well or poorly? (Use only one word -- well or poorly -- to answer)
Image size: 10940 bytes
Response status code: 200
{'model': 'deepseek-ocr:3b', 'created_at': '2025-12-08T07:51:52.500154181Z', 'message': {'role': 'assistant', 'content': 'Well'}, 'done': True, 'done_reason': 'stop', 'total_duration': 8815488099, 'load_duration': 7626901572, 'prompt_eval_count': 520, 'prompt_eval_duration': 414938423, 'eval_count': 2, 'eval_duration': 4192395}
Response: Well
Analyzing frame 20/36: q_4_main_0_30fps_frame0029.png
Prompt: Given the human reaction shown in the image, do you think the situation observed by that human ends well or poorly? (Use only one word -- well or poorly -- to answer)
Image size: 10948 bytes
Response status code: 200
{'model': 'deepseek-ocr:3b', 'created_at': '2025-12-08T07:52:02.657617427Z', 'message': {'role': 'assistant', 'content': 'Well'}, 'done': True, 'done_reason': 'stop', 'total_duration': 9109387928, 'load_duration': 7869093985, 'prompt_eval_count': 520, 'prompt_eval_duration': 421277913, 'eval_count': 2, 'eval_duration': 4337776}
Response: Well
Analyzing frame 21/36: q_4_main_0_30fps_frame0044.png
Prompt: Given the human reaction shown in the image, do you think the situation observed by that human ends well or poorly? (Use only one word -- well or poorly -- to answer)
Image size: 10568 bytes
Response status code: 200
{'model': 'deepseek-ocr:3b', 'created_at': '2025-12-08T07:52:12.546986023Z', 'message': {'role': 'assistant', 'content': 'Well'}, 'done': True, 'done_reason': 'stop', 'total_duration': 8834362016, 'load_duration': 7584012029, 'prompt_eval_count': 520, 'prompt_eval_duration': 446063947, 'eval_count': 2, 'eval_duration': 4429814}
Response: Well
Analyzing frame 22/36: q_4_main_0_30fps_frame0059.png
Prompt: Given the human reaction shown in the image, do you think the situation observed by that human ends well or poorly? (Use only one word -- well or poorly -- to answer)
Image size: 10668 bytes
Response status code: 200
{'model': 'deepseek-ocr:3b', 'created_at': '2025-12-08T07:52:22.627606779Z', 'message': {'role': 'assistant', 'content': 'Well'}, 'done': True, 'done_reason': 'stop', 'total_duration': 9054304849, 'load_duration': 7835976596, 'prompt_eval_count': 520, 'prompt_eval_duration': 430436127, 'eval_count': 2, 'eval_duration': 4223862}
Response: Well
Analyzing frame 23/36: q_4_main_0_30fps_frame0074.png
Prompt: Given the human reaction shown in the image, do you think the situation observed by that human ends well or poorly? (Use only one word -- well or poorly -- to answer)
Image size: 10640 bytes
Response status code: 200
{'model': 'deepseek-ocr:3b', 'created_at': '2025-12-08T07:52:32.300929321Z', 'message': {'role': 'assistant', 'content': 'Well'}, 'done': True, 'done_reason': 'stop', 'total_duration': 8631936070, 'load_duration': 7366410642, 'prompt_eval_count': 520, 'prompt_eval_duration': 420478884, 'eval_count': 2, 'eval_duration': 4199246}
Response: Well
Analyzing frame 24/36: q_4_main_0_30fps_frame0089.png
Prompt: Given the human reaction shown in the image, do you think the situation observed by that human ends well or poorly? (Use only one word -- well or poorly -- to answer)
Image size: 10592 bytes
Response status code: 200
{'model': 'deepseek-ocr:3b', 'created_at': '2025-12-08T07:52:42.067690691Z', 'message': {'role': 'assistant', 'content': 'Well'}, 'done': True, 'done_reason': 'stop', 'total_duration': 8737387228, 'load_duration': 7524864866, 'prompt_eval_count': 520, 'prompt_eval_duration': 419485578, 'eval_count': 2, 'eval_duration': 4197347}
Response: Well
Analyzing frame 25/36: q_6_main_1_30fps_frame0014.png
Prompt: Given the human reaction shown in the image, do you think the situation observed by that human ends well or poorly? (Use only one word -- well or poorly -- to answer)
Image size: 10780 bytes
Response status code: 200
{'model': 'deepseek-ocr:3b', 'created_at': '2025-12-08T07:52:51.943826633Z', 'message': {'role': 'assistant', 'content': 'Well'}, 'done': True, 'done_reason': 'stop', 'total_duration': 8826564485, 'load_duration': 7636181491, 'prompt_eval_count': 520, 'prompt_eval_duration': 424332722, 'eval_count': 2, 'eval_duration': 4357033}
Response: Well
Analyzing frame 26/36: q_6_main_1_30fps_frame0029.png
Prompt: Given the human reaction shown in the image, do you think the situation observed by that human ends well or poorly? (Use only one word -- well or poorly -- to answer)
Image size: 10712 bytes
Response status code: 200
{'model': 'deepseek-ocr:3b', 'created_at': '2025-12-08T07:53:02.236468605Z', 'message': {'role': 'assistant', 'content': 'Well'}, 'done': True, 'done_reason': 'stop', 'total_duration': 9266261763, 'load_duration': 8086554243, 'prompt_eval_count': 520, 'prompt_eval_duration': 431357705, 'eval_count': 2, 'eval_duration': 4194253}
Response: Well
Analyzing frame 27/36: q_6_main_1_30fps_frame0044.png
Prompt: Given the human reaction shown in the image, do you think the situation observed by that human ends well or poorly? (Use only one word -- well or poorly -- to answer)
Image size: 10864 bytes
Response status code: 200
{'model': 'deepseek-ocr:3b', 'created_at': '2025-12-08T07:53:11.914769891Z', 'message': {'role': 'assistant', 'content': 'Well'}, 'done': True, 'done_reason': 'stop', 'total_duration': 8627711975, 'load_duration': 7471746038, 'prompt_eval_count': 520, 'prompt_eval_duration': 422218696, 'eval_count': 2, 'eval_duration': 4220576}
Response: Well
Analyzing frame 28/36: q_6_main_1_30fps_frame0059.png
Prompt: Given the human reaction shown in the image, do you think the situation observed by that human ends well or poorly? (Use only one word -- well or poorly -- to answer)
Image size: 10864 bytes
Response status code: 200
{'model': 'deepseek-ocr:3b', 'created_at': '2025-12-08T07:53:21.732288448Z', 'message': {'role': 'assistant', 'content': 'Well'}, 'done': True, 'done_reason': 'stop', 'total_duration': 8779480572, 'load_duration': 7618695568, 'prompt_eval_count': 520, 'prompt_eval_duration': 425215258, 'eval_count': 2, 'eval_duration': 4198587}
Response: Well
Analyzing frame 29/36: q_6_main_1_30fps_frame0074.png
Prompt: Given the human reaction shown in the image, do you think the situation observed by that human ends well or poorly? (Use only one word -- well or poorly -- to answer)
Image size: 10592 bytes
Response status code: 200
{'model': 'deepseek-ocr:3b', 'created_at': '2025-12-08T07:53:31.588150355Z', 'message': {'role': 'assistant', 'content': 'Well'}, 'done': True, 'done_reason': 'stop', 'total_duration': 8826009195, 'load_duration': 7632029269, 'prompt_eval_count': 520, 'prompt_eval_duration': 423467812, 'eval_count': 2, 'eval_duration': 4242140}
Response: Well
Analyzing frame 30/36: q_6_main_1_30fps_frame0089.png
Prompt: Given the human reaction shown in the image, do you think the situation observed by that human ends well or poorly? (Use only one word -- well or poorly -- to answer)
Image size: 10344 bytes
Response status code: 200
{'model': 'deepseek-ocr:3b', 'created_at': '2025-12-08T07:53:41.532606528Z', 'message': {'role': 'assistant', 'content': 'Well'}, 'done': True, 'done_reason': 'stop', 'total_duration': 8901227135, 'load_duration': 7745457637, 'prompt_eval_count': 520, 'prompt_eval_duration': 423375256, 'eval_count': 2, 'eval_duration': 4200169}
Response: Well
Analyzing frame 31/36: q_warmup_4_main_0_30fps_frame0015.png
Prompt: Given the human reaction shown in the image, do you think the situation observed by that human ends well or poorly? (Use only one word -- well or poorly -- to answer)
Image size: 9796 bytes
Response status code: 200
{'model': 'deepseek-ocr:3b', 'created_at': '2025-12-08T07:53:51.502895665Z', 'message': {'role': 'assistant', 'content': 'Well'}, 'done': True, 'done_reason': 'stop', 'total_duration': 8902495629, 'load_duration': 7659355397, 'prompt_eval_count': 520, 'prompt_eval_duration': 417619527, 'eval_count': 2, 'eval_duration': 4223109}
Response: Well
Analyzing frame 32/36: q_warmup_4_main_0_30fps_frame0030.png
Prompt: Given the human reaction shown in the image, do you think the situation observed by that human ends well or poorly? (Use only one word -- well or poorly -- to answer)
Image size: 10028 bytes
Response status code: 200
{'model': 'deepseek-ocr:3b', 'created_at': '2025-12-08T07:54:01.628610083Z', 'message': {'role': 'assistant', 'content': 'Well'}, 'done': True, 'done_reason': 'stop', 'total_duration': 9100898309, 'load_duration': 7977718015, 'prompt_eval_count': 520, 'prompt_eval_duration': 429647574, 'eval_count': 2, 'eval_duration': 4245516}
Response: Well
Analyzing frame 33/36: q_warmup_4_main_0_30fps_frame0045.png
Prompt: Given the human reaction shown in the image, do you think the situation observed by that human ends well or poorly? (Use only one word -- well or poorly -- to answer)
Image size: 10168 bytes
Response status code: 200
{'model': 'deepseek-ocr:3b', 'created_at': '2025-12-08T07:54:11.963960787Z', 'message': {'role': 'assistant', 'content': 'Well'}, 'done': True, 'done_reason': 'stop', 'total_duration': 9306387509, 'load_duration': 8028201745, 'prompt_eval_count': 520, 'prompt_eval_duration': 414282018, 'eval_count': 2, 'eval_duration': 4481337}
Response: Well
Analyzing frame 34/36: q_warmup_4_main_0_30fps_frame0060.png
Prompt: Given the human reaction shown in the image, do you think the situation observed by that human ends well or poorly? (Use only one word -- well or poorly -- to answer)
Image size: 9932 bytes
Response status code: 200
{'model': 'deepseek-ocr:3b', 'created_at': '2025-12-08T07:54:21.978822085Z', 'message': {'role': 'assistant', 'content': 'Well'}, 'done': True, 'done_reason': 'stop', 'total_duration': 8969902857, 'load_duration': 7798909190, 'prompt_eval_count': 520, 'prompt_eval_duration': 423532242, 'eval_count': 2, 'eval_duration': 4223672}
Response: Well
Analyzing frame 35/36: q_warmup_4_main_0_30fps_frame0075.png
Prompt: Given the human reaction shown in the image, do you think the situation observed by that human ends well or poorly? (Use only one word -- well or poorly -- to answer)
Image size: 10120 bytes
Response status code: 200
{'model': 'deepseek-ocr:3b', 'created_at': '2025-12-08T07:54:32.013688204Z', 'message': {'role': 'assistant', 'content': 'Well'}, 'done': True, 'done_reason': 'stop', 'total_duration': 9008261202, 'load_duration': 7805864689, 'prompt_eval_count': 520, 'prompt_eval_duration': 422288052, 'eval_count': 2, 'eval_duration': 4288840}
Response: Well
Analyzing frame 36/36: q_warmup_4_main_0_30fps_frame0090.png
Prompt: Given the human reaction shown in the image, do you think the situation observed by that human ends well or poorly? (Use only one word -- well or poorly -- to answer)
Image size: 9956 bytes
Response status code: 200
{'model': 'deepseek-ocr:3b', 'created_at': '2025-12-08T07:54:42.122762979Z', 'message': {'role': 'assistant', 'content': 'Well'}, 'done': True, 'done_reason': 'stop', 'total_duration': 9074909967, 'load_duration': 7896745839, 'prompt_eval_count': 520, 'prompt_eval_duration': 422233143, 'eval_count': 2, 'eval_duration': 4353944}
Response: Well
Processed 36 frames for participant 5310

Results saved to ./results/results_deepseek-ocr_3s.csv
Total frames in CSV: 4170

==================================================
Processing participant 15/27: 5702

Processing participant: 5702
Found 30 unprocessed frames for this participant
Analyzing frame 1/30: q_13_main_0_30fps_frame0015.png
Prompt: Given the human reaction shown in the image, do you think the situation observed by that human ends well or poorly? (Use only one word -- well or poorly -- to answer)
Image size: 11196 bytes
Response status code: 200
{'model': 'deepseek-ocr:3b', 'created_at': '2025-12-08T07:54:52.254710772Z', 'message': {'role': 'assistant', 'content': 'Well'}, 'done': True, 'done_reason': 'stop', 'total_duration': 9031460144, 'load_duration': 7879099161, 'prompt_eval_count': 520, 'prompt_eval_duration': 435207403, 'eval_count': 2, 'eval_duration': 4312410}
Response: Well
Analyzing frame 2/30: q_13_main_0_30fps_frame0030.png
Prompt: Given the human reaction shown in the image, do you think the situation observed by that human ends well or poorly? (Use only one word -- well or poorly -- to answer)
Image size: 11172 bytes
Response status code: 200
{'model': 'deepseek-ocr:3b', 'created_at': '2025-12-08T07:55:02.713403023Z', 'message': {'role': 'assistant', 'content': 'Well'}, 'done': True, 'done_reason': 'stop', 'total_duration': 9431359725, 'load_duration': 8254744866, 'prompt_eval_count': 520, 'prompt_eval_duration': 426586401, 'eval_count': 2, 'eval_duration': 4206967}
Response: Well
Analyzing frame 3/30: q_13_main_0_30fps_frame0045.png
Prompt: Given the human reaction shown in the image, do you think the situation observed by that human ends well or poorly? (Use only one word -- well or poorly -- to answer)
Image size: 11200 bytes
Response status code: 200
{'model': 'deepseek-ocr:3b', 'created_at': '2025-12-08T07:55:12.623721993Z', 'message': {'role': 'assistant', 'content': 'Well'}, 'done': True, 'done_reason': 'stop', 'total_duration': 8862521983, 'load_duration': 7698165496, 'prompt_eval_count': 520, 'prompt_eval_duration': 421331531, 'eval_count': 2, 'eval_duration': 4241221}
Response: Well
Analyzing frame 4/30: q_13_main_0_30fps_frame0060.png
Prompt: Given the human reaction shown in the image, do you think the situation observed by that human ends well or poorly? (Use only one word -- well or poorly -- to answer)
Image size: 11088 bytes
Response status code: 200
{'model': 'deepseek-ocr:3b', 'created_at': '2025-12-08T07:55:22.591414519Z', 'message': {'role': 'assistant', 'content': 'Well'}, 'done': True, 'done_reason': 'stop', 'total_duration': 8937366893, 'load_duration': 7720701155, 'prompt_eval_count': 520, 'prompt_eval_duration': 419795495, 'eval_count': 2, 'eval_duration': 4215724}
Response: Well
Analyzing frame 5/30: q_13_main_0_30fps_frame0075.png
Prompt: Given the human reaction shown in the image, do you think the situation observed by that human ends well or poorly? (Use only one word -- well or poorly -- to answer)
Image size: 10776 bytes
Response status code: 200
{'model': 'deepseek-ocr:3b', 'created_at': '2025-12-08T07:55:32.300451769Z', 'message': {'role': 'assistant', 'content': 'Well'}, 'done': True, 'done_reason': 'stop', 'total_duration': 8666159784, 'load_duration': 7465067317, 'prompt_eval_count': 520, 'prompt_eval_duration': 431447486, 'eval_count': 2, 'eval_duration': 4194592}
Response: Well
Analyzing frame 6/30: q_13_main_0_30fps_frame0090.png
Prompt: Given the human reaction shown in the image, do you think the situation observed by that human ends well or poorly? (Use only one word -- well or poorly -- to answer)
Image size: 10604 bytes
Response status code: 200
{'model': 'deepseek-ocr:3b', 'created_at': '2025-12-08T07:55:42.009978859Z', 'message': {'role': 'assistant', 'content': 'Well'}, 'done': True, 'done_reason': 'stop', 'total_duration': 8676925404, 'load_duration': 7482394126, 'prompt_eval_count': 520, 'prompt_eval_duration': 422373088, 'eval_count': 2, 'eval_duration': 4322311}
Response: Well
Analyzing frame 7/30: q_27_main_0_30fps_frame0014.png
Prompt: Given the human reaction shown in the image, do you think the situation observed by that human ends well or poorly? (Use only one word -- well or poorly -- to answer)
Image size: 8460 bytes
Response status code: 200
{'model': 'deepseek-ocr:3b', 'created_at': '2025-12-08T07:55:51.74311123Z', 'message': {'role': 'assistant', 'content': 'Well'}, 'done': True, 'done_reason': 'stop', 'total_duration': 8677039163, 'load_duration': 7506226328, 'prompt_eval_count': 520, 'prompt_eval_duration': 423715229, 'eval_count': 2, 'eval_duration': 4194041}
Response: Well
Analyzing frame 8/30: q_27_main_0_30fps_frame0029.png
Prompt: Given the human reaction shown in the image, do you think the situation observed by that human ends well or poorly? (Use only one word -- well or poorly -- to answer)
Image size: 8476 bytes
Response status code: 200
{'model': 'deepseek-ocr:3b', 'created_at': '2025-12-08T07:56:02.071459418Z', 'message': {'role': 'assistant', 'content': 'Well'}, 'done': True, 'done_reason': 'stop', 'total_duration': 9277258636, 'load_duration': 8031623098, 'prompt_eval_count': 520, 'prompt_eval_duration': 447861155, 'eval_count': 2, 'eval_duration': 4445330}
Response: Well
Analyzing frame 9/30: q_27_main_0_30fps_frame0044.png
Prompt: Given the human reaction shown in the image, do you think the situation observed by that human ends well or poorly? (Use only one word -- well or poorly -- to answer)
Image size: 8396 bytes
Response status code: 200
{'model': 'deepseek-ocr:3b', 'created_at': '2025-12-08T07:56:12.243403334Z', 'message': {'role': 'assistant', 'content': 'Well'}, 'done': True, 'done_reason': 'stop', 'total_duration': 9123379335, 'load_duration': 7890532565, 'prompt_eval_count': 520, 'prompt_eval_duration': 421578292, 'eval_count': 2, 'eval_duration': 4224409}
Response: Well
Analyzing frame 10/30: q_27_main_0_30fps_frame0059.png
Prompt: Given the human reaction shown in the image, do you think the situation observed by that human ends well or poorly? (Use only one word -- well or poorly -- to answer)
Image size: 8412 bytes
Response status code: 200
{'model': 'deepseek-ocr:3b', 'created_at': '2025-12-08T07:56:22.471030754Z', 'message': {'role': 'assistant', 'content': 'Well'}, 'done': True, 'done_reason': 'stop', 'total_duration': 9165543488, 'load_duration': 7990449295, 'prompt_eval_count': 520, 'prompt_eval_duration': 424852257, 'eval_count': 2, 'eval_duration': 4192803}
Response: Well
Analyzing frame 11/30: q_27_main_0_30fps_frame0074.png
Prompt: Given the human reaction shown in the image, do you think the situation observed by that human ends well or poorly? (Use only one word -- well or poorly -- to answer)
Image size: 8332 bytes
Response status code: 200
{'model': 'deepseek-ocr:3b', 'created_at': '2025-12-08T07:56:32.683987109Z', 'message': {'role': 'assistant', 'content': 'Well'}, 'done': True, 'done_reason': 'stop', 'total_duration': 9155120032, 'load_duration': 7993730130, 'prompt_eval_count': 520, 'prompt_eval_duration': 423633101, 'eval_count': 2, 'eval_duration': 4560170}
Response: Well
Analyzing frame 12/30: q_27_main_0_30fps_frame0089.png
Prompt: Given the human reaction shown in the image, do you think the situation observed by that human ends well or poorly? (Use only one word -- well or poorly -- to answer)
Image size: 8276 bytes
Response status code: 200
{'model': 'deepseek-ocr:3b', 'created_at': '2025-12-08T07:56:42.445997707Z', 'message': {'role': 'assistant', 'content': 'Well'}, 'done': True, 'done_reason': 'stop', 'total_duration': 8722892033, 'load_duration': 7593738436, 'prompt_eval_count': 520, 'prompt_eval_duration': 424284511, 'eval_count': 2, 'eval_duration': 8617465}
Response: Well
Analyzing frame 13/30: q_29_main_0_30fps_frame0014.png
Prompt: Given the human reaction shown in the image, do you think the situation observed by that human ends well or poorly? (Use only one word -- well or poorly -- to answer)
Image size: 2116 bytes
Response status code: 200
{'model': 'deepseek-ocr:3b', 'created_at': '2025-12-08T07:56:52.557035198Z', 'message': {'role': 'assistant', 'content': 'WellThe human reaction shown in the image ends well as the situation observed by that human is resolved and the situation is positive.'}, 'done': True, 'done_reason': 'stop', 'total_duration': 9087319601, 'load_duration': 7722849540, 'prompt_eval_count': 520, 'prompt_eval_duration': 411962231, 'eval_count': 26, 'eval_duration': 139921933}
Response: WellThe human reaction shown in the image ends well as the situation observed by that human is resolved and the situation is positive.
Analyzing frame 14/30: q_29_main_0_30fps_frame0029.png
Prompt: Given the human reaction shown in the image, do you think the situation observed by that human ends well or poorly? (Use only one word -- well or poorly -- to answer)
Image size: 2116 bytes
Response status code: 200
{'model': 'deepseek-ocr:3b', 'created_at': '2025-12-08T07:57:02.447479763Z', 'message': {'role': 'assistant', 'content': 'Well'}, 'done': True, 'done_reason': 'stop', 'total_duration': 8865969720, 'load_duration': 7657330252, 'prompt_eval_count': 520, 'prompt_eval_duration': 435166135, 'eval_count': 2, 'eval_duration': 4449640}
Response: Well
Analyzing frame 15/30: q_29_main_0_30fps_frame0044.png
Prompt: Given the human reaction shown in the image, do you think the situation observed by that human ends well or poorly? (Use only one word -- well or poorly -- to answer)
Image size: 2116 bytes
Response status code: 200
{'model': 'deepseek-ocr:3b', 'created_at': '2025-12-08T07:57:12.423862631Z', 'message': {'role': 'assistant', 'content': 'WellThe human reaction shown in the image is well.'}, 'done': True, 'done_reason': 'stop', 'total_duration': 8957017469, 'load_duration': 7785073468, 'prompt_eval_count': 520, 'prompt_eval_duration': 418404333, 'eval_count': 12, 'eval_duration': 45707523}
Response: WellThe human reaction shown in the image is well.
Analyzing frame 16/30: q_29_main_0_30fps_frame0059.png
Prompt: Given the human reaction shown in the image, do you think the situation observed by that human ends well or poorly? (Use only one word -- well or poorly -- to answer)
Image size: 2116 bytes
Response status code: 200
{'model': 'deepseek-ocr:3b', 'created_at': '2025-12-08T07:57:22.333350245Z', 'message': {'role': 'assistant', 'content': 'WellThe human reaction shown in the image is well.'}, 'done': True, 'done_reason': 'stop', 'total_duration': 8887893731, 'load_duration': 7672698427, 'prompt_eval_count': 520, 'prompt_eval_duration': 414487365, 'eval_count': 12, 'eval_duration': 54449518}
Response: WellThe human reaction shown in the image is well.
Analyzing frame 17/30: q_29_main_0_30fps_frame0074.png
Prompt: Given the human reaction shown in the image, do you think the situation observed by that human ends well or poorly? (Use only one word -- well or poorly -- to answer)
Image size: 2116 bytes
Response status code: 200
{'model': 'deepseek-ocr:3b', 'created_at': '2025-12-08T07:57:32.48532934Z', 'message': {'role': 'assistant', 'content': 'Well'}, 'done': True, 'done_reason': 'stop', 'total_duration': 9129562792, 'load_duration': 7970650726, 'prompt_eval_count': 520, 'prompt_eval_duration': 411263770, 'eval_count': 2, 'eval_duration': 4559170}
Response: Well
Analyzing frame 18/30: q_29_main_0_30fps_frame0089.png
Prompt: Given the human reaction shown in the image, do you think the situation observed by that human ends well or poorly? (Use only one word -- well or poorly -- to answer)
Image size: 2116 bytes
Response status code: 200
{'model': 'deepseek-ocr:3b', 'created_at': '2025-12-08T07:57:42.730428733Z', 'message': {'role': 'assistant', 'content': 'WellThe human reaction shown in the image indicates that the situation observed by the human ends well.'}, 'done': True, 'done_reason': 'stop', 'total_duration': 9223044760, 'load_duration': 7937846806, 'prompt_eval_count': 520, 'prompt_eval_duration': 419627394, 'eval_count': 20, 'eval_duration': 99250408}
Response: WellThe human reaction shown in the image indicates that the situation observed by the human ends well.
Analyzing frame 19/30: q_5_main_0_30fps_frame0015.png
Prompt: Given the human reaction shown in the image, do you think the situation observed by that human ends well or poorly? (Use only one word -- well or poorly -- to answer)
Image size: 2116 bytes
Response status code: 200
{'model': 'deepseek-ocr:3b', 'created_at': '2025-12-08T07:57:52.805010332Z', 'message': {'role': 'assistant', 'content': 'WellThe human reaction shown in the image is well.'}, 'done': True, 'done_reason': 'stop', 'total_duration': 9030300088, 'load_duration': 7826810604, 'prompt_eval_count': 520, 'prompt_eval_duration': 437830188, 'eval_count': 12, 'eval_duration': 55116306}
Response: WellThe human reaction shown in the image is well.
Analyzing frame 20/30: q_5_main_0_30fps_frame0030.png
Prompt: Given the human reaction shown in the image, do you think the situation observed by that human ends well or poorly? (Use only one word -- well or poorly -- to answer)
Image size: 2116 bytes
Response status code: 200
{'model': 'deepseek-ocr:3b', 'created_at': '2025-12-08T07:58:02.71770078Z', 'message': {'role': 'assistant', 'content': 'Well'}, 'done': True, 'done_reason': 'stop', 'total_duration': 8890009358, 'load_duration': 7706954295, 'prompt_eval_count': 520, 'prompt_eval_duration': 413893380, 'eval_count': 2, 'eval_duration': 4184236}
Response: Well
Analyzing frame 21/30: q_5_main_0_30fps_frame0045.png
Prompt: Given the human reaction shown in the image, do you think the situation observed by that human ends well or poorly? (Use only one word -- well or poorly -- to answer)
Image size: 2116 bytes
Response status code: 200
{'model': 'deepseek-ocr:3b', 'created_at': '2025-12-08T07:58:12.871617361Z', 'message': {'role': 'assistant', 'content': 'Well'}, 'done': True, 'done_reason': 'stop', 'total_duration': 9132484554, 'load_duration': 7871068034, 'prompt_eval_count': 520, 'prompt_eval_duration': 439618779, 'eval_count': 2, 'eval_duration': 4421161}
Response: Well
Analyzing frame 22/30: q_5_main_0_30fps_frame0060.png
Prompt: Given the human reaction shown in the image, do you think the situation observed by that human ends well or poorly? (Use only one word -- well or poorly -- to answer)
Image size: 2116 bytes
Response status code: 200
{'model': 'deepseek-ocr:3b', 'created_at': '2025-12-08T07:58:22.799554328Z', 'message': {'role': 'assistant', 'content': 'WellThe human reaction shown in the image is well.'}, 'done': True, 'done_reason': 'stop', 'total_duration': 8902490784, 'load_duration': 7747922673, 'prompt_eval_count': 520, 'prompt_eval_duration': 414748159, 'eval_count': 12, 'eval_duration': 49719007}
Response: WellThe human reaction shown in the image is well.
Analyzing frame 23/30: q_5_main_0_30fps_frame0075.png
Prompt: Given the human reaction shown in the image, do you think the situation observed by that human ends well or poorly? (Use only one word -- well or poorly -- to answer)
Image size: 2116 bytes
Response status code: 200
{'model': 'deepseek-ocr:3b', 'created_at': '2025-12-08T07:58:33.184108733Z', 'message': {'role': 'assistant', 'content': 'WellThe image shows a human reaction where a person is looking at a screen with a sad expression, indicating that the situation being observed is not well.'}, 'done': True, 'done_reason': 'stop', 'total_duration': 9355725909, 'load_duration': 8007072980, 'prompt_eval_count': 520, 'prompt_eval_duration': 417272942, 'eval_count': 31, 'eval_duration': 156543881}
Response: WellThe image shows a human reaction where a person is looking at a screen with a sad expression, indicating that the situation being observed is not well.
Analyzing frame 24/30: q_5_main_0_30fps_frame0090.png
Prompt: Given the human reaction shown in the image, do you think the situation observed by that human ends well or poorly? (Use only one word -- well or poorly -- to answer)
Image size: 2116 bytes
Response status code: 200
{'model': 'deepseek-ocr:3b', 'created_at': '2025-12-08T07:58:43.144753518Z', 'message': {'role': 'assistant', 'content': 'WellThe human reaction shown in the image is well.'}, 'done': True, 'done_reason': 'stop', 'total_duration': 8936751896, 'load_duration': 7746901055, 'prompt_eval_count': 520, 'prompt_eval_duration': 413676297, 'eval_count': 12, 'eval_duration': 45454174}
Response: WellThe human reaction shown in the image is well.
Analyzing frame 25/30: q_warmup_5_main_1_30fps_frame0015.png
Prompt: Given the human reaction shown in the image, do you think the situation observed by that human ends well or poorly? (Use only one word -- well or poorly -- to answer)
Image size: 7856 bytes
Response status code: 200
{'model': 'deepseek-ocr:3b', 'created_at': '2025-12-08T07:58:53.40342339Z', 'message': {'role': 'assistant', 'content': 'Well'}, 'done': True, 'done_reason': 'stop', 'total_duration': 9218317413, 'load_duration': 8055569941, 'prompt_eval_count': 520, 'prompt_eval_duration': 422839697, 'eval_count': 2, 'eval_duration': 4216317}
Response: Well
Analyzing frame 26/30: q_warmup_5_main_1_30fps_frame0030.png
Prompt: Given the human reaction shown in the image, do you think the situation observed by that human ends well or poorly? (Use only one word -- well or poorly -- to answer)
Image size: 7680 bytes
Response status code: 200
{'model': 'deepseek-ocr:3b', 'created_at': '2025-12-08T07:59:03.031359846Z', 'message': {'role': 'assistant', 'content': 'Well'}, 'done': True, 'done_reason': 'stop', 'total_duration': 8601595962, 'load_duration': 7387833992, 'prompt_eval_count': 520, 'prompt_eval_duration': 422785896, 'eval_count': 2, 'eval_duration': 4346538}
Response: Well
Analyzing frame 27/30: q_warmup_5_main_1_30fps_frame0045.png
Prompt: Given the human reaction shown in the image, do you think the situation observed by that human ends well or poorly? (Use only one word -- well or poorly -- to answer)
Image size: 7008 bytes
Response status code: 200
{'model': 'deepseek-ocr:3b', 'created_at': '2025-12-08T07:59:13.584853009Z', 'message': {'role': 'assistant', 'content': 'Well'}, 'done': True, 'done_reason': 'stop', 'total_duration': 9503459676, 'load_duration': 8320154992, 'prompt_eval_count': 520, 'prompt_eval_duration': 424611613, 'eval_count': 2, 'eval_duration': 4208581}
Response: Well
Analyzing frame 28/30: q_warmup_5_main_1_30fps_frame0060.png
Prompt: Given the human reaction shown in the image, do you think the situation observed by that human ends well or poorly? (Use only one word -- well or poorly -- to answer)
Image size: 7072 bytes
Response status code: 200
{'model': 'deepseek-ocr:3b', 'created_at': '2025-12-08T07:59:23.445022453Z', 'message': {'role': 'assistant', 'content': 'Well'}, 'done': True, 'done_reason': 'stop', 'total_duration': 8818454827, 'load_duration': 7629950004, 'prompt_eval_count': 520, 'prompt_eval_duration': 423586867, 'eval_count': 2, 'eval_duration': 4231019}
Response: Well
Analyzing frame 29/30: q_warmup_5_main_1_30fps_frame0075.png
Prompt: Given the human reaction shown in the image, do you think the situation observed by that human ends well or poorly? (Use only one word -- well or poorly -- to answer)
Image size: 7132 bytes
Response status code: 200
{'model': 'deepseek-ocr:3b', 'created_at': '2025-12-08T07:59:33.30182104Z', 'message': {'role': 'assistant', 'content': 'Well'}, 'done': True, 'done_reason': 'stop', 'total_duration': 8827944273, 'load_duration': 7619037190, 'prompt_eval_count': 520, 'prompt_eval_duration': 436555599, 'eval_count': 2, 'eval_duration': 4784603}
Response: Well
Analyzing frame 30/30: q_warmup_5_main_1_30fps_frame0090.png
Prompt: Given the human reaction shown in the image, do you think the situation observed by that human ends well or poorly? (Use only one word -- well or poorly -- to answer)
Image size: 7372 bytes
Response status code: 200
{'model': 'deepseek-ocr:3b', 'created_at': '2025-12-08T07:59:43.377125457Z', 'message': {'role': 'assistant', 'content': 'Well'}, 'done': True, 'done_reason': 'stop', 'total_duration': 9024665785, 'load_duration': 7851612677, 'prompt_eval_count': 520, 'prompt_eval_duration': 424245100, 'eval_count': 2, 'eval_duration': 4215726}
Response: Well
Processed 30 frames for participant 5702

Results saved to ./results/results_deepseek-ocr_3s.csv
Total frames in CSV: 4200

==================================================
Processing participant 16/27: 6488

Processing participant: 6488
Found 54 unprocessed frames for this participant
Analyzing frame 1/54: q_10_main_0_30fps_frame0015.png
Prompt: Given the human reaction shown in the image, do you think the situation observed by that human ends well or poorly? (Use only one word -- well or poorly -- to answer)
Image size: 8736 bytes
Response status code: 200
{'model': 'deepseek-ocr:3b', 'created_at': '2025-12-08T07:59:53.532630327Z', 'message': {'role': 'assistant', 'content': 'Well'}, 'done': True, 'done_reason': 'stop', 'total_duration': 9056634523, 'load_duration': 7894973062, 'prompt_eval_count': 520, 'prompt_eval_duration': 416752408, 'eval_count': 2, 'eval_duration': 4580386}
Response: Well
Analyzing frame 2/54: q_10_main_0_30fps_frame0030.png
Prompt: Given the human reaction shown in the image, do you think the situation observed by that human ends well or poorly? (Use only one word -- well or poorly -- to answer)
Image size: 8716 bytes
Response status code: 200
{'model': 'deepseek-ocr:3b', 'created_at': '2025-12-08T08:00:03.468075257Z', 'message': {'role': 'assistant', 'content': 'Well'}, 'done': True, 'done_reason': 'stop', 'total_duration': 8907278485, 'load_duration': 7751675398, 'prompt_eval_count': 520, 'prompt_eval_duration': 424542430, 'eval_count': 2, 'eval_duration': 4207703}
Response: Well
Analyzing frame 3/54: q_10_main_0_30fps_frame0045.png
Prompt: Given the human reaction shown in the image, do you think the situation observed by that human ends well or poorly? (Use only one word -- well or poorly -- to answer)
Image size: 8716 bytes
Response status code: 200
{'model': 'deepseek-ocr:3b', 'created_at': '2025-12-08T08:00:13.756732718Z', 'message': {'role': 'assistant', 'content': 'Well'}, 'done': True, 'done_reason': 'stop', 'total_duration': 9264303491, 'load_duration': 8114686129, 'prompt_eval_count': 520, 'prompt_eval_duration': 423093806, 'eval_count': 2, 'eval_duration': 4377268}
Response: Well
Analyzing frame 4/54: q_10_main_0_30fps_frame0060.png
Prompt: Given the human reaction shown in the image, do you think the situation observed by that human ends well or poorly? (Use only one word -- well or poorly -- to answer)
Image size: 8832 bytes
Response status code: 200
{'model': 'deepseek-ocr:3b', 'created_at': '2025-12-08T08:00:23.796576456Z', 'message': {'role': 'assistant', 'content': 'Well'}, 'done': True, 'done_reason': 'stop', 'total_duration': 9012723765, 'load_duration': 7817783081, 'prompt_eval_count': 520, 'prompt_eval_duration': 423169766, 'eval_count': 2, 'eval_duration': 4217013}
Response: Well
Analyzing frame 5/54: q_10_main_0_30fps_frame0075.png
Prompt: Given the human reaction shown in the image, do you think the situation observed by that human ends well or poorly? (Use only one word -- well or poorly -- to answer)
Image size: 8940 bytes
Response status code: 200
{'model': 'deepseek-ocr:3b', 'created_at': '2025-12-08T08:00:34.026121735Z', 'message': {'role': 'assistant', 'content': 'Well'}, 'done': True, 'done_reason': 'stop', 'total_duration': 9199504210, 'load_duration': 8008738789, 'prompt_eval_count': 520, 'prompt_eval_duration': 429600944, 'eval_count': 2, 'eval_duration': 4196598}
Response: Well
Analyzing frame 6/54: q_10_main_0_30fps_frame0090.png
Prompt: Given the human reaction shown in the image, do you think the situation observed by that human ends well or poorly? (Use only one word -- well or poorly -- to answer)
Image size: 8896 bytes
Response status code: 200
{'model': 'deepseek-ocr:3b', 'created_at': '2025-12-08T08:00:44.192017205Z', 'message': {'role': 'assistant', 'content': 'Well'}, 'done': True, 'done_reason': 'stop', 'total_duration': 9118185926, 'load_duration': 7915354342, 'prompt_eval_count': 520, 'prompt_eval_duration': 421596225, 'eval_count': 2, 'eval_duration': 4290775}
Response: Well
Analyzing frame 7/54: q_11_main_1_30fps_frame0015.png
Prompt: Given the human reaction shown in the image, do you think the situation observed by that human ends well or poorly? (Use only one word -- well or poorly -- to answer)
Image size: 8512 bytes
Response status code: 200
{'model': 'deepseek-ocr:3b', 'created_at': '2025-12-08T08:00:53.900833406Z', 'message': {'role': 'assistant', 'content': 'Well'}, 'done': True, 'done_reason': 'stop', 'total_duration': 8683999469, 'load_duration': 7526628374, 'prompt_eval_count': 520, 'prompt_eval_duration': 430399662, 'eval_count': 2, 'eval_duration': 4212851}
Response: Well
Analyzing frame 8/54: q_11_main_1_30fps_frame0030.png
Prompt: Given the human reaction shown in the image, do you think the situation observed by that human ends well or poorly? (Use only one word -- well or poorly -- to answer)
Image size: 8564 bytes
Response status code: 200
{'model': 'deepseek-ocr:3b', 'created_at': '2025-12-08T08:01:03.937138961Z', 'message': {'role': 'assistant', 'content': 'Well'}, 'done': True, 'done_reason': 'stop', 'total_duration': 9010039762, 'load_duration': 7857807085, 'prompt_eval_count': 520, 'prompt_eval_duration': 419635283, 'eval_count': 2, 'eval_duration': 4229628}
Response: Well
Analyzing frame 9/54: q_11_main_1_30fps_frame0045.png
Prompt: Given the human reaction shown in the image, do you think the situation observed by that human ends well or poorly? (Use only one word -- well or poorly -- to answer)
Image size: 8636 bytes
Response status code: 200
{'model': 'deepseek-ocr:3b', 'created_at': '2025-12-08T08:01:14.464696748Z', 'message': {'role': 'assistant', 'content': 'Well'}, 'done': True, 'done_reason': 'stop', 'total_duration': 9500581451, 'load_duration': 8311599330, 'prompt_eval_count': 520, 'prompt_eval_duration': 417078416, 'eval_count': 2, 'eval_duration': 4457412}
Response: Well
Analyzing frame 10/54: q_11_main_1_30fps_frame0060.png
Prompt: Given the human reaction shown in the image, do you think the situation observed by that human ends well or poorly? (Use only one word -- well or poorly -- to answer)
Image size: 8536 bytes
Response status code: 200
{'model': 'deepseek-ocr:3b', 'created_at': '2025-12-08T08:01:24.603831609Z', 'message': {'role': 'assistant', 'content': 'Well'}, 'done': True, 'done_reason': 'stop', 'total_duration': 9111794733, 'load_duration': 7949991538, 'prompt_eval_count': 520, 'prompt_eval_duration': 411862318, 'eval_count': 2, 'eval_duration': 4264502}
Response: Well
Analyzing frame 11/54: q_11_main_1_30fps_frame0075.png
Prompt: Given the human reaction shown in the image, do you think the situation observed by that human ends well or poorly? (Use only one word -- well or poorly -- to answer)
Image size: 8620 bytes
Response status code: 200
{'model': 'deepseek-ocr:3b', 'created_at': '2025-12-08T08:01:34.602851328Z', 'message': {'role': 'assistant', 'content': 'Well'}, 'done': True, 'done_reason': 'stop', 'total_duration': 8974191283, 'load_duration': 7799912389, 'prompt_eval_count': 520, 'prompt_eval_duration': 422233157, 'eval_count': 2, 'eval_duration': 4261931}
Response: Well
Analyzing frame 12/54: q_11_main_1_30fps_frame0090.png
Prompt: Given the human reaction shown in the image, do you think the situation observed by that human ends well or poorly? (Use only one word -- well or poorly -- to answer)
Image size: 8564 bytes
Response status code: 200
{'model': 'deepseek-ocr:3b', 'created_at': '2025-12-08T08:01:44.804804937Z', 'message': {'role': 'assistant', 'content': 'Well'}, 'done': True, 'done_reason': 'stop', 'total_duration': 9175521568, 'load_duration': 8033460263, 'prompt_eval_count': 520, 'prompt_eval_duration': 424443265, 'eval_count': 2, 'eval_duration': 4179501}
Response: Well
Analyzing frame 13/54: q_17_main_1_30fps_frame0015.png
Prompt: Given the human reaction shown in the image, do you think the situation observed by that human ends well or poorly? (Use only one word -- well or poorly -- to answer)
Image size: 8984 bytes
Response status code: 200
{'model': 'deepseek-ocr:3b', 'created_at': '2025-12-08T08:01:54.876682077Z', 'message': {'role': 'assistant', 'content': 'Well'}, 'done': True, 'done_reason': 'stop', 'total_duration': 9004853276, 'load_duration': 7839431629, 'prompt_eval_count': 520, 'prompt_eval_duration': 409660564, 'eval_count': 2, 'eval_duration': 4222703}
Response: Well
Analyzing frame 14/54: q_17_main_1_30fps_frame0030.png
Prompt: Given the human reaction shown in the image, do you think the situation observed by that human ends well or poorly? (Use only one word -- well or poorly -- to answer)
Image size: 8876 bytes
Response status code: 200
{'model': 'deepseek-ocr:3b', 'created_at': '2025-12-08T08:02:05.063405166Z', 'message': {'role': 'assistant', 'content': 'Well'}, 'done': True, 'done_reason': 'stop', 'total_duration': 9158782232, 'load_duration': 7938049109, 'prompt_eval_count': 520, 'prompt_eval_duration': 429598600, 'eval_count': 2, 'eval_duration': 4230105}
Response: Well
Analyzing frame 15/54: q_17_main_1_30fps_frame0045.png
Prompt: Given the human reaction shown in the image, do you think the situation observed by that human ends well or poorly? (Use only one word -- well or poorly -- to answer)
Image size: 8844 bytes
Response status code: 200
{'model': 'deepseek-ocr:3b', 'created_at': '2025-12-08T08:02:15.712730439Z', 'message': {'role': 'assistant', 'content': 'Well'}, 'done': True, 'done_reason': 'stop', 'total_duration': 9624451730, 'load_duration': 8427172694, 'prompt_eval_count': 520, 'prompt_eval_duration': 419726296, 'eval_count': 2, 'eval_duration': 4204552}
Response: Well
Analyzing frame 16/54: q_17_main_1_30fps_frame0060.png
Prompt: Given the human reaction shown in the image, do you think the situation observed by that human ends well or poorly? (Use only one word -- well or poorly -- to answer)
Image size: 8800 bytes
Response status code: 200
{'model': 'deepseek-ocr:3b', 'created_at': '2025-12-08T08:02:25.939956282Z', 'message': {'role': 'assistant', 'content': 'Well'}, 'done': True, 'done_reason': 'stop', 'total_duration': 9199161506, 'load_duration': 8033259805, 'prompt_eval_count': 520, 'prompt_eval_duration': 424437218, 'eval_count': 2, 'eval_duration': 4196017}
Response: Well
Analyzing frame 17/54: q_17_main_1_30fps_frame0075.png
Prompt: Given the human reaction shown in the image, do you think the situation observed by that human ends well or poorly? (Use only one word -- well or poorly -- to answer)
Image size: 8956 bytes
Response status code: 200
{'model': 'deepseek-ocr:3b', 'created_at': '2025-12-08T08:02:35.676042555Z', 'message': {'role': 'assistant', 'content': 'Well'}, 'done': True, 'done_reason': 'stop', 'total_duration': 8699981960, 'load_duration': 7495975372, 'prompt_eval_count': 520, 'prompt_eval_duration': 423750460, 'eval_count': 2, 'eval_duration': 4344403}
Response: Well
Analyzing frame 18/54: q_17_main_1_30fps_frame0090.png
Prompt: Given the human reaction shown in the image, do you think the situation observed by that human ends well or poorly? (Use only one word -- well or poorly -- to answer)
Image size: 8928 bytes
Response status code: 200
{'model': 'deepseek-ocr:3b', 'created_at': '2025-12-08T08:02:45.609697648Z', 'message': {'role': 'assistant', 'content': 'Well'}, 'done': True, 'done_reason': 'stop', 'total_duration': 8909189936, 'load_duration': 7711433822, 'prompt_eval_count': 520, 'prompt_eval_duration': 421945933, 'eval_count': 2, 'eval_duration': 4199875}
Response: Well
Analyzing frame 19/54: q_21_main_1_30fps_frame0015.png
Prompt: Given the human reaction shown in the image, do you think the situation observed by that human ends well or poorly? (Use only one word -- well or poorly -- to answer)
Image size: 9120 bytes
Response status code: 200
{'model': 'deepseek-ocr:3b', 'created_at': '2025-12-08T08:02:55.931756397Z', 'message': {'role': 'assistant', 'content': 'Well'}, 'done': True, 'done_reason': 'stop', 'total_duration': 9282288722, 'load_duration': 8107147096, 'prompt_eval_count': 520, 'prompt_eval_duration': 430180978, 'eval_count': 2, 'eval_duration': 4206854}
Response: Well
Analyzing frame 20/54: q_21_main_1_30fps_frame0030.png
Prompt: Given the human reaction shown in the image, do you think the situation observed by that human ends well or poorly? (Use only one word -- well or poorly -- to answer)
Image size: 9072 bytes
Response status code: 200
{'model': 'deepseek-ocr:3b', 'created_at': '2025-12-08T08:03:06.020645808Z', 'message': {'role': 'assistant', 'content': 'Well'}, 'done': True, 'done_reason': 'stop', 'total_duration': 9063551651, 'load_duration': 7907473543, 'prompt_eval_count': 520, 'prompt_eval_duration': 415853768, 'eval_count': 2, 'eval_duration': 4216510}
Response: Well
Analyzing frame 21/54: q_21_main_1_30fps_frame0045.png
Prompt: Given the human reaction shown in the image, do you think the situation observed by that human ends well or poorly? (Use only one word -- well or poorly -- to answer)
Image size: 9124 bytes
Response status code: 200
{'model': 'deepseek-ocr:3b', 'created_at': '2025-12-08T08:03:16.299595159Z', 'message': {'role': 'assistant', 'content': 'Well'}, 'done': True, 'done_reason': 'stop', 'total_duration': 9248747575, 'load_duration': 8053921221, 'prompt_eval_count': 520, 'prompt_eval_duration': 422800075, 'eval_count': 2, 'eval_duration': 4226840}
Response: Well
Analyzing frame 22/54: q_21_main_1_30fps_frame0060.png
Prompt: Given the human reaction shown in the image, do you think the situation observed by that human ends well or poorly? (Use only one word -- well or poorly -- to answer)
Image size: 9052 bytes
Response status code: 200
{'model': 'deepseek-ocr:3b', 'created_at': '2025-12-08T08:03:26.226205358Z', 'message': {'role': 'assistant', 'content': 'Well'}, 'done': True, 'done_reason': 'stop', 'total_duration': 8914376856, 'load_duration': 7741632552, 'prompt_eval_count': 520, 'prompt_eval_duration': 429750527, 'eval_count': 2, 'eval_duration': 4327486}
Response: Well
Analyzing frame 23/54: q_21_main_1_30fps_frame0075.png
Prompt: Given the human reaction shown in the image, do you think the situation observed by that human ends well or poorly? (Use only one word -- well or poorly -- to answer)
Image size: 9120 bytes
Response status code: 200
{'model': 'deepseek-ocr:3b', 'created_at': '2025-12-08T08:03:36.238360246Z', 'message': {'role': 'assistant', 'content': 'Well'}, 'done': True, 'done_reason': 'stop', 'total_duration': 8985299201, 'load_duration': 7797639151, 'prompt_eval_count': 520, 'prompt_eval_duration': 427973224, 'eval_count': 2, 'eval_duration': 4208471}
Response: Well
Analyzing frame 24/54: q_21_main_1_30fps_frame0090.png
Prompt: Given the human reaction shown in the image, do you think the situation observed by that human ends well or poorly? (Use only one word -- well or poorly -- to answer)
Image size: 9152 bytes
Response status code: 200
{'model': 'deepseek-ocr:3b', 'created_at': '2025-12-08T08:03:46.103347912Z', 'message': {'role': 'assistant', 'content': 'Well'}, 'done': True, 'done_reason': 'stop', 'total_duration': 8829230513, 'load_duration': 7666352019, 'prompt_eval_count': 520, 'prompt_eval_duration': 422183311, 'eval_count': 2, 'eval_duration': 4221604}
Response: Well
Analyzing frame 25/54: q_24_main_0_30fps_frame0015.png
Prompt: Given the human reaction shown in the image, do you think the situation observed by that human ends well or poorly? (Use only one word -- well or poorly -- to answer)
Image size: 8384 bytes
Response status code: 200
{'model': 'deepseek-ocr:3b', 'created_at': '2025-12-08T08:03:55.96757008Z', 'message': {'role': 'assistant', 'content': 'Well'}, 'done': True, 'done_reason': 'stop', 'total_duration': 8822887489, 'load_duration': 7585198820, 'prompt_eval_count': 520, 'prompt_eval_duration': 419745087, 'eval_count': 2, 'eval_duration': 4227157}
Response: Well
Analyzing frame 26/54: q_24_main_0_30fps_frame0030.png
Prompt: Given the human reaction shown in the image, do you think the situation observed by that human ends well or poorly? (Use only one word -- well or poorly -- to answer)
Image size: 8488 bytes
Response status code: 200
{'model': 'deepseek-ocr:3b', 'created_at': '2025-12-08T08:04:06.317246867Z', 'message': {'role': 'assistant', 'content': 'Well'}, 'done': True, 'done_reason': 'stop', 'total_duration': 9326049358, 'load_duration': 8138268872, 'prompt_eval_count': 520, 'prompt_eval_duration': 441563495, 'eval_count': 2, 'eval_duration': 4702604}
Response: Well
Analyzing frame 27/54: q_24_main_0_30fps_frame0045.png
Prompt: Given the human reaction shown in the image, do you think the situation observed by that human ends well or poorly? (Use only one word -- well or poorly -- to answer)
Image size: 8296 bytes
Response status code: 200
{'model': 'deepseek-ocr:3b', 'created_at': '2025-12-08T08:04:16.075043723Z', 'message': {'role': 'assistant', 'content': 'Well'}, 'done': True, 'done_reason': 'stop', 'total_duration': 8729613506, 'load_duration': 7594349404, 'prompt_eval_count': 520, 'prompt_eval_duration': 425360621, 'eval_count': 2, 'eval_duration': 4277320}
Response: Well
Analyzing frame 28/54: q_24_main_0_30fps_frame0060.png
Prompt: Given the human reaction shown in the image, do you think the situation observed by that human ends well or poorly? (Use only one word -- well or poorly -- to answer)
Image size: 8424 bytes
Response status code: 200
{'model': 'deepseek-ocr:3b', 'created_at': '2025-12-08T08:04:26.020875589Z', 'message': {'role': 'assistant', 'content': 'Well'}, 'done': True, 'done_reason': 'stop', 'total_duration': 8921129270, 'load_duration': 7700848714, 'prompt_eval_count': 520, 'prompt_eval_duration': 420364036, 'eval_count': 2, 'eval_duration': 4187234}
Response: Well
Analyzing frame 29/54: q_24_main_0_30fps_frame0075.png
Prompt: Given the human reaction shown in the image, do you think the situation observed by that human ends well or poorly? (Use only one word -- well or poorly -- to answer)
Image size: 8656 bytes
Response status code: 200
{'model': 'deepseek-ocr:3b', 'created_at': '2025-12-08T08:04:35.825801699Z', 'message': {'role': 'assistant', 'content': 'Well'}, 'done': True, 'done_reason': 'stop', 'total_duration': 8763579137, 'load_duration': 7596020965, 'prompt_eval_count': 520, 'prompt_eval_duration': 429241534, 'eval_count': 2, 'eval_duration': 4188753}
Response: Well
Analyzing frame 30/54: q_24_main_0_30fps_frame0090.png
Prompt: Given the human reaction shown in the image, do you think the situation observed by that human ends well or poorly? (Use only one word -- well or poorly -- to answer)
Image size: 8652 bytes
Response status code: 200
{'model': 'deepseek-ocr:3b', 'created_at': '2025-12-08T08:04:46.230005968Z', 'message': {'role': 'assistant', 'content': 'Well'}, 'done': True, 'done_reason': 'stop', 'total_duration': 9376848276, 'load_duration': 8039732443, 'prompt_eval_count': 520, 'prompt_eval_duration': 448124001, 'eval_count': 2, 'eval_duration': 4424988}
Response: Well
Analyzing frame 31/54: q_27_main_1_30fps_frame0014.png
Prompt: Given the human reaction shown in the image, do you think the situation observed by that human ends well or poorly? (Use only one word -- well or poorly -- to answer)
Image size: 8424 bytes
Response status code: 200
{'model': 'deepseek-ocr:3b', 'created_at': '2025-12-08T08:04:56.284158926Z', 'message': {'role': 'assistant', 'content': 'Well'}, 'done': True, 'done_reason': 'stop', 'total_duration': 9011269631, 'load_duration': 7843810073, 'prompt_eval_count': 520, 'prompt_eval_duration': 423281175, 'eval_count': 2, 'eval_duration': 4198034}
Response: Well
Analyzing frame 32/54: q_27_main_1_30fps_frame0029.png
Prompt: Given the human reaction shown in the image, do you think the situation observed by that human ends well or poorly? (Use only one word -- well or poorly -- to answer)
Image size: 8448 bytes
Response status code: 200
{'model': 'deepseek-ocr:3b', 'created_at': '2025-12-08T08:05:06.225663737Z', 'message': {'role': 'assistant', 'content': 'Well'}, 'done': True, 'done_reason': 'stop', 'total_duration': 8918571206, 'load_duration': 7721990902, 'prompt_eval_count': 520, 'prompt_eval_duration': 418322975, 'eval_count': 2, 'eval_duration': 4190016}
Response: Well
Analyzing frame 33/54: q_27_main_1_30fps_frame0044.png
Prompt: Given the human reaction shown in the image, do you think the situation observed by that human ends well or poorly? (Use only one word -- well or poorly -- to answer)
Image size: 8592 bytes
Response status code: 200
{'model': 'deepseek-ocr:3b', 'created_at': '2025-12-08T08:05:16.295185857Z', 'message': {'role': 'assistant', 'content': 'Well'}, 'done': True, 'done_reason': 'stop', 'total_duration': 9029971431, 'load_duration': 7830750536, 'prompt_eval_count': 520, 'prompt_eval_duration': 422924010, 'eval_count': 2, 'eval_duration': 4377246}
Response: Well
Analyzing frame 34/54: q_27_main_1_30fps_frame0059.png
Prompt: Given the human reaction shown in the image, do you think the situation observed by that human ends well or poorly? (Use only one word -- well or poorly -- to answer)
Image size: 8664 bytes
Response status code: 200
{'model': 'deepseek-ocr:3b', 'created_at': '2025-12-08T08:05:26.093082936Z', 'message': {'role': 'assistant', 'content': 'Well'}, 'done': True, 'done_reason': 'stop', 'total_duration': 8756886794, 'load_duration': 7558537505, 'prompt_eval_count': 520, 'prompt_eval_duration': 420047372, 'eval_count': 2, 'eval_duration': 4194796}
Response: Well
Analyzing frame 35/54: q_27_main_1_30fps_frame0074.png
Prompt: Given the human reaction shown in the image, do you think the situation observed by that human ends well or poorly? (Use only one word -- well or poorly -- to answer)
Image size: 8772 bytes
Response status code: 200
{'model': 'deepseek-ocr:3b', 'created_at': '2025-12-08T08:05:35.974400178Z', 'message': {'role': 'assistant', 'content': 'Well'}, 'done': True, 'done_reason': 'stop', 'total_duration': 8853883711, 'load_duration': 7685220171, 'prompt_eval_count': 520, 'prompt_eval_duration': 420499222, 'eval_count': 2, 'eval_duration': 4196411}
Response: Well
Analyzing frame 36/54: q_27_main_1_30fps_frame0089.png
Prompt: Given the human reaction shown in the image, do you think the situation observed by that human ends well or poorly? (Use only one word -- well or poorly -- to answer)
Image size: 8724 bytes
Response status code: 200
{'model': 'deepseek-ocr:3b', 'created_at': '2025-12-08T08:05:45.8172378Z', 'message': {'role': 'assistant', 'content': 'Well'}, 'done': True, 'done_reason': 'stop', 'total_duration': 8817606390, 'load_duration': 7680246134, 'prompt_eval_count': 520, 'prompt_eval_duration': 420899703, 'eval_count': 2, 'eval_duration': 4209156}
Response: Well
Analyzing frame 37/54: q_3_main_1_30fps_frame0015.png
Prompt: Given the human reaction shown in the image, do you think the situation observed by that human ends well or poorly? (Use only one word -- well or poorly -- to answer)
Image size: 9692 bytes
Response status code: 200
{'model': 'deepseek-ocr:3b', 'created_at': '2025-12-08T08:05:55.798037195Z', 'message': {'role': 'assistant', 'content': 'Well'}, 'done': True, 'done_reason': 'stop', 'total_duration': 8928086947, 'load_duration': 7738602357, 'prompt_eval_count': 520, 'prompt_eval_duration': 420538050, 'eval_count': 2, 'eval_duration': 4186578}
Response: Well
Analyzing frame 38/54: q_3_main_1_30fps_frame0030.png
Prompt: Given the human reaction shown in the image, do you think the situation observed by that human ends well or poorly? (Use only one word -- well or poorly -- to answer)
Image size: 9228 bytes
Response status code: 200
{'model': 'deepseek-ocr:3b', 'created_at': '2025-12-08T08:06:06.385782428Z', 'message': {'role': 'assistant', 'content': 'Well'}, 'done': True, 'done_reason': 'stop', 'total_duration': 9560848871, 'load_duration': 8277236906, 'prompt_eval_count': 520, 'prompt_eval_duration': 427555372, 'eval_count': 2, 'eval_duration': 4199126}
Response: Well
Analyzing frame 39/54: q_3_main_1_30fps_frame0045.png
Prompt: Given the human reaction shown in the image, do you think the situation observed by that human ends well or poorly? (Use only one word -- well or poorly -- to answer)
Image size: 9252 bytes
Response status code: 200
{'model': 'deepseek-ocr:3b', 'created_at': '2025-12-08T08:06:16.063070614Z', 'message': {'role': 'assistant', 'content': 'Well'}, 'done': True, 'done_reason': 'stop', 'total_duration': 8651116660, 'load_duration': 7448773683, 'prompt_eval_count': 520, 'prompt_eval_duration': 421682371, 'eval_count': 2, 'eval_duration': 4392017}
Response: Well
Analyzing frame 40/54: q_3_main_1_30fps_frame0060.png
Prompt: Given the human reaction shown in the image, do you think the situation observed by that human ends well or poorly? (Use only one word -- well or poorly -- to answer)
Image size: 9108 bytes
Response status code: 200
{'model': 'deepseek-ocr:3b', 'created_at': '2025-12-08T08:06:26.006618897Z', 'message': {'role': 'assistant', 'content': 'Well'}, 'done': True, 'done_reason': 'stop', 'total_duration': 8917932655, 'load_duration': 7731541506, 'prompt_eval_count': 520, 'prompt_eval_duration': 426648915, 'eval_count': 2, 'eval_duration': 4234466}
Response: Well
Analyzing frame 41/54: q_3_main_1_30fps_frame0075.png
Prompt: Given the human reaction shown in the image, do you think the situation observed by that human ends well or poorly? (Use only one word -- well or poorly -- to answer)
Image size: 9268 bytes
Response status code: 200
{'model': 'deepseek-ocr:3b', 'created_at': '2025-12-08T08:06:36.078810955Z', 'message': {'role': 'assistant', 'content': 'Well'}, 'done': True, 'done_reason': 'stop', 'total_duration': 9042106107, 'load_duration': 7841954667, 'prompt_eval_count': 520, 'prompt_eval_duration': 421994943, 'eval_count': 2, 'eval_duration': 4215160}
Response: Well
Analyzing frame 42/54: q_3_main_1_30fps_frame0090.png
Prompt: Given the human reaction shown in the image, do you think the situation observed by that human ends well or poorly? (Use only one word -- well or poorly -- to answer)
Image size: 9204 bytes
Response status code: 200
{'model': 'deepseek-ocr:3b', 'created_at': '2025-12-08T08:06:46.045958096Z', 'message': {'role': 'assistant', 'content': 'Well'}, 'done': True, 'done_reason': 'stop', 'total_duration': 8934817379, 'load_duration': 7756563172, 'prompt_eval_count': 520, 'prompt_eval_duration': 422614864, 'eval_count': 2, 'eval_duration': 4380150}
Response: Well
Analyzing frame 43/54: q_5_main_0_30fps_frame0015.png
Prompt: Given the human reaction shown in the image, do you think the situation observed by that human ends well or poorly? (Use only one word -- well or poorly -- to answer)
Image size: 8808 bytes
Response status code: 200
{'model': 'deepseek-ocr:3b', 'created_at': '2025-12-08T08:06:55.710132819Z', 'message': {'role': 'assistant', 'content': 'Well'}, 'done': True, 'done_reason': 'stop', 'total_duration': 8637299252, 'load_duration': 7462615600, 'prompt_eval_count': 520, 'prompt_eval_duration': 421579868, 'eval_count': 2, 'eval_duration': 4342049}
Response: Well
Analyzing frame 44/54: q_5_main_0_30fps_frame0030.png
Prompt: Given the human reaction shown in the image, do you think the situation observed by that human ends well or poorly? (Use only one word -- well or poorly -- to answer)
Image size: 8732 bytes
Response status code: 200
{'model': 'deepseek-ocr:3b', 'created_at': '2025-12-08T08:07:05.71956569Z', 'message': {'role': 'assistant', 'content': 'Well'}, 'done': True, 'done_reason': 'stop', 'total_duration': 8983463004, 'load_duration': 7782375505, 'prompt_eval_count': 520, 'prompt_eval_duration': 423655708, 'eval_count': 2, 'eval_duration': 4192543}
Response: Well
Analyzing frame 45/54: q_5_main_0_30fps_frame0045.png
Prompt: Given the human reaction shown in the image, do you think the situation observed by that human ends well or poorly? (Use only one word -- well or poorly -- to answer)
Image size: 8752 bytes
Response status code: 200
{'model': 'deepseek-ocr:3b', 'created_at': '2025-12-08T08:07:15.651477345Z', 'message': {'role': 'assistant', 'content': 'Well'}, 'done': True, 'done_reason': 'stop', 'total_duration': 8907350884, 'load_duration': 7707796099, 'prompt_eval_count': 520, 'prompt_eval_duration': 420865852, 'eval_count': 2, 'eval_duration': 4196404}
Response: Well
Analyzing frame 46/54: q_5_main_0_30fps_frame0060.png
Prompt: Given the human reaction shown in the image, do you think the situation observed by that human ends well or poorly? (Use only one word -- well or poorly -- to answer)
Image size: 8768 bytes
Response status code: 200
{'model': 'deepseek-ocr:3b', 'created_at': '2025-12-08T08:07:25.487083661Z', 'message': {'role': 'assistant', 'content': 'Well'}, 'done': True, 'done_reason': 'stop', 'total_duration': 8810628236, 'load_duration': 7628400726, 'prompt_eval_count': 520, 'prompt_eval_duration': 430276134, 'eval_count': 2, 'eval_duration': 4295827}
Response: Well
Analyzing frame 47/54: q_5_main_0_30fps_frame0075.png
Prompt: Given the human reaction shown in the image, do you think the situation observed by that human ends well or poorly? (Use only one word -- well or poorly -- to answer)
Image size: 8760 bytes
Response status code: 200
{'model': 'deepseek-ocr:3b', 'created_at': '2025-12-08T08:07:35.689709447Z', 'message': {'role': 'assistant', 'content': 'Well'}, 'done': True, 'done_reason': 'stop', 'total_duration': 9176607785, 'load_duration': 8011545476, 'prompt_eval_count': 520, 'prompt_eval_duration': 416425214, 'eval_count': 2, 'eval_duration': 4640829}
Response: Well
Analyzing frame 48/54: q_5_main_0_30fps_frame0090.png
Prompt: Given the human reaction shown in the image, do you think the situation observed by that human ends well or poorly? (Use only one word -- well or poorly -- to answer)
Image size: 8740 bytes
Response status code: 200
{'model': 'deepseek-ocr:3b', 'created_at': '2025-12-08T08:07:45.790116762Z', 'message': {'role': 'assistant', 'content': 'Well'}, 'done': True, 'done_reason': 'stop', 'total_duration': 9054748575, 'load_duration': 7754181329, 'prompt_eval_count': 520, 'prompt_eval_duration': 437279301, 'eval_count': 2, 'eval_duration': 4443030}
Response: Well
Analyzing frame 49/54: q_7_main_1_30fps_frame0015.png
Prompt: Given the human reaction shown in the image, do you think the situation observed by that human ends well or poorly? (Use only one word -- well or poorly -- to answer)
Image size: 8640 bytes
Response status code: 200
{'model': 'deepseek-ocr:3b', 'created_at': '2025-12-08T08:07:55.971797215Z', 'message': {'role': 'assistant', 'content': 'Well'}, 'done': True, 'done_reason': 'stop', 'total_duration': 9141267397, 'load_duration': 7875436757, 'prompt_eval_count': 520, 'prompt_eval_duration': 445506923, 'eval_count': 2, 'eval_duration': 4433546}
Response: Well
Analyzing frame 50/54: q_7_main_1_30fps_frame0030.png
Prompt: Given the human reaction shown in the image, do you think the situation observed by that human ends well or poorly? (Use only one word -- well or poorly -- to answer)
Image size: 8664 bytes
Response status code: 200
{'model': 'deepseek-ocr:3b', 'created_at': '2025-12-08T08:08:06.141280533Z', 'message': {'role': 'assistant', 'content': 'Well'}, 'done': True, 'done_reason': 'stop', 'total_duration': 9145642560, 'load_duration': 7895114818, 'prompt_eval_count': 520, 'prompt_eval_duration': 422873335, 'eval_count': 2, 'eval_duration': 4203269}
Response: Well
Analyzing frame 51/54: q_7_main_1_30fps_frame0045.png
Prompt: Given the human reaction shown in the image, do you think the situation observed by that human ends well or poorly? (Use only one word -- well or poorly -- to answer)
Image size: 8624 bytes
Response status code: 200
{'model': 'deepseek-ocr:3b', 'created_at': '2025-12-08T08:08:16.068374245Z', 'message': {'role': 'assistant', 'content': 'Well'}, 'done': True, 'done_reason': 'stop', 'total_duration': 8899150426, 'load_duration': 7730707588, 'prompt_eval_count': 520, 'prompt_eval_duration': 424072931, 'eval_count': 2, 'eval_duration': 4187451}
Response: Well
Analyzing frame 52/54: q_7_main_1_30fps_frame0060.png
Prompt: Given the human reaction shown in the image, do you think the situation observed by that human ends well or poorly? (Use only one word -- well or poorly -- to answer)
Image size: 8712 bytes
Response status code: 200
{'model': 'deepseek-ocr:3b', 'created_at': '2025-12-08T08:08:25.989134038Z', 'message': {'role': 'assistant', 'content': 'Well'}, 'done': True, 'done_reason': 'stop', 'total_duration': 8892899262, 'load_duration': 7726105570, 'prompt_eval_count': 520, 'prompt_eval_duration': 430005306, 'eval_count': 2, 'eval_duration': 4193728}
Response: Well
Analyzing frame 53/54: q_7_main_1_30fps_frame0075.png
Prompt: Given the human reaction shown in the image, do you think the situation observed by that human ends well or poorly? (Use only one word -- well or poorly -- to answer)
Image size: 8776 bytes
Response status code: 200
{'model': 'deepseek-ocr:3b', 'created_at': '2025-12-08T08:08:36.333397969Z', 'message': {'role': 'assistant', 'content': 'Well'}, 'done': True, 'done_reason': 'stop', 'total_duration': 9313349120, 'load_duration': 8100638062, 'prompt_eval_count': 520, 'prompt_eval_duration': 422018539, 'eval_count': 2, 'eval_duration': 4791459}
Response: Well
Analyzing frame 54/54: q_7_main_1_30fps_frame0090.png
Prompt: Given the human reaction shown in the image, do you think the situation observed by that human ends well or poorly? (Use only one word -- well or poorly -- to answer)
Image size: 8844 bytes
Response status code: 200
{'model': 'deepseek-ocr:3b', 'created_at': '2025-12-08T08:08:45.837432916Z', 'message': {'role': 'assistant', 'content': 'Well'}, 'done': True, 'done_reason': 'stop', 'total_duration': 8476836215, 'load_duration': 7255589720, 'prompt_eval_count': 520, 'prompt_eval_duration': 423385498, 'eval_count': 2, 'eval_duration': 4347124}
Response: Well
Processed 54 frames for participant 6488

Results saved to ./results/results_deepseek-ocr_3s.csv
Total frames in CSV: 4254

==================================================
Processing participant 17/27: 7136

Processing participant: 7136
Found 60 unprocessed frames for this participant
Analyzing frame 1/60: q_12_main_1_30fps_frame0015.png
Prompt: Given the human reaction shown in the image, do you think the situation observed by that human ends well or poorly? (Use only one word -- well or poorly -- to answer)
Image size: 15996 bytes
Response status code: 200
{'model': 'deepseek-ocr:3b', 'created_at': '2025-12-08T08:08:55.732425723Z', 'message': {'role': 'assistant', 'content': 'Well'}, 'done': True, 'done_reason': 'stop', 'total_duration': 8810396976, 'load_duration': 7594445529, 'prompt_eval_count': 520, 'prompt_eval_duration': 418948588, 'eval_count': 2, 'eval_duration': 4185702}
Response: Well
Analyzing frame 2/60: q_12_main_1_30fps_frame0030.png
Prompt: Given the human reaction shown in the image, do you think the situation observed by that human ends well or poorly? (Use only one word -- well or poorly -- to answer)
Image size: 16044 bytes
Response status code: 200
{'model': 'deepseek-ocr:3b', 'created_at': '2025-12-08T08:09:06.19330339Z', 'message': {'role': 'assistant', 'content': 'Well'}, 'done': True, 'done_reason': 'stop', 'total_duration': 9429563571, 'load_duration': 8279363907, 'prompt_eval_count': 520, 'prompt_eval_duration': 424102461, 'eval_count': 2, 'eval_duration': 4312756}
Response: Well
Analyzing frame 3/60: q_12_main_1_30fps_frame0045.png
Prompt: Given the human reaction shown in the image, do you think the situation observed by that human ends well or poorly? (Use only one word -- well or poorly -- to answer)
Image size: 16072 bytes
Response status code: 200
{'model': 'deepseek-ocr:3b', 'created_at': '2025-12-08T08:09:16.37549919Z', 'message': {'role': 'assistant', 'content': 'Well'}, 'done': True, 'done_reason': 'stop', 'total_duration': 9142557633, 'load_duration': 7960736519, 'prompt_eval_count': 520, 'prompt_eval_duration': 422529297, 'eval_count': 2, 'eval_duration': 4211044}
Response: Well
Analyzing frame 4/60: q_12_main_1_30fps_frame0060.png
Prompt: Given the human reaction shown in the image, do you think the situation observed by that human ends well or poorly? (Use only one word -- well or poorly -- to answer)
Image size: 16160 bytes
Response status code: 200
{'model': 'deepseek-ocr:3b', 'created_at': '2025-12-08T08:09:26.169231997Z', 'message': {'role': 'assistant', 'content': 'Well'}, 'done': True, 'done_reason': 'stop', 'total_duration': 8766918763, 'load_duration': 7590558620, 'prompt_eval_count': 520, 'prompt_eval_duration': 429094436, 'eval_count': 2, 'eval_duration': 4223673}
Response: Well
Analyzing frame 5/60: q_12_main_1_30fps_frame0075.png
Prompt: Given the human reaction shown in the image, do you think the situation observed by that human ends well or poorly? (Use only one word -- well or poorly -- to answer)
Image size: 16128 bytes
Response status code: 200
{'model': 'deepseek-ocr:3b', 'created_at': '2025-12-08T08:09:36.282800681Z', 'message': {'role': 'assistant', 'content': 'Well'}, 'done': True, 'done_reason': 'stop', 'total_duration': 9069800662, 'load_duration': 7871406066, 'prompt_eval_count': 520, 'prompt_eval_duration': 447910878, 'eval_count': 2, 'eval_duration': 4455817}
Response: Well
Analyzing frame 6/60: q_12_main_1_30fps_frame0090.png
Prompt: Given the human reaction shown in the image, do you think the situation observed by that human ends well or poorly? (Use only one word -- well or poorly -- to answer)
Image size: 16096 bytes
Response status code: 200
{'model': 'deepseek-ocr:3b', 'created_at': '2025-12-08T08:09:46.646024335Z', 'message': {'role': 'assistant', 'content': 'Well'}, 'done': True, 'done_reason': 'stop', 'total_duration': 9322573381, 'load_duration': 8191230253, 'prompt_eval_count': 520, 'prompt_eval_duration': 422425868, 'eval_count': 2, 'eval_duration': 4255426}
Response: Well
Analyzing frame 7/60: q_16_main_1_30fps_frame0015.png
Prompt: Given the human reaction shown in the image, do you think the situation observed by that human ends well or poorly? (Use only one word -- well or poorly -- to answer)
Image size: 15728 bytes
Response status code: 200
{'model': 'deepseek-ocr:3b', 'created_at': '2025-12-08T08:09:56.575540194Z', 'message': {'role': 'assistant', 'content': 'Well'}, 'done': True, 'done_reason': 'stop', 'total_duration': 8876160862, 'load_duration': 7681554094, 'prompt_eval_count': 520, 'prompt_eval_duration': 424513811, 'eval_count': 2, 'eval_duration': 4208435}
Response: Well
Analyzing frame 8/60: q_16_main_1_30fps_frame0030.png
Prompt: Given the human reaction shown in the image, do you think the situation observed by that human ends well or poorly? (Use only one word -- well or poorly -- to answer)
Image size: 15708 bytes
Response status code: 200
{'model': 'deepseek-ocr:3b', 'created_at': '2025-12-08T08:10:06.479891784Z', 'message': {'role': 'assistant', 'content': 'Well'}, 'done': True, 'done_reason': 'stop', 'total_duration': 8877759925, 'load_duration': 7634725212, 'prompt_eval_count': 520, 'prompt_eval_duration': 422814396, 'eval_count': 2, 'eval_duration': 4185886}
Response: Well
Analyzing frame 9/60: q_16_main_1_30fps_frame0045.png
Prompt: Given the human reaction shown in the image, do you think the situation observed by that human ends well or poorly? (Use only one word -- well or poorly -- to answer)
Image size: 15672 bytes
Response status code: 200
{'model': 'deepseek-ocr:3b', 'created_at': '2025-12-08T08:10:16.471416285Z', 'message': {'role': 'assistant', 'content': 'Well'}, 'done': True, 'done_reason': 'stop', 'total_duration': 8952394871, 'load_duration': 7725438681, 'prompt_eval_count': 520, 'prompt_eval_duration': 424239561, 'eval_count': 2, 'eval_duration': 4215909}
Response: Well
Analyzing frame 10/60: q_16_main_1_30fps_frame0060.png
Prompt: Given the human reaction shown in the image, do you think the situation observed by that human ends well or poorly? (Use only one word -- well or poorly -- to answer)
Image size: 15664 bytes
Response status code: 200
{'model': 'deepseek-ocr:3b', 'created_at': '2025-12-08T08:10:26.562030148Z', 'message': {'role': 'assistant', 'content': 'Well'}, 'done': True, 'done_reason': 'stop', 'total_duration': 9057960634, 'load_duration': 7898528345, 'prompt_eval_count': 520, 'prompt_eval_duration': 420937504, 'eval_count': 2, 'eval_duration': 4201123}
Response: Well
Analyzing frame 11/60: q_16_main_1_30fps_frame0075.png
Prompt: Given the human reaction shown in the image, do you think the situation observed by that human ends well or poorly? (Use only one word -- well or poorly -- to answer)
Image size: 15644 bytes
Response status code: 200
{'model': 'deepseek-ocr:3b', 'created_at': '2025-12-08T08:10:36.835641079Z', 'message': {'role': 'assistant', 'content': 'Well'}, 'done': True, 'done_reason': 'stop', 'total_duration': 9241420757, 'load_duration': 8074320109, 'prompt_eval_count': 520, 'prompt_eval_duration': 423070389, 'eval_count': 2, 'eval_duration': 4207231}
Response: Well
Analyzing frame 12/60: q_16_main_1_30fps_frame0090.png
Prompt: Given the human reaction shown in the image, do you think the situation observed by that human ends well or poorly? (Use only one word -- well or poorly -- to answer)
Image size: 15736 bytes
Response status code: 200
{'model': 'deepseek-ocr:3b', 'created_at': '2025-12-08T08:10:46.702860113Z', 'message': {'role': 'assistant', 'content': 'Well'}, 'done': True, 'done_reason': 'stop', 'total_duration': 8833157200, 'load_duration': 7681042702, 'prompt_eval_count': 520, 'prompt_eval_duration': 419282392, 'eval_count': 2, 'eval_duration': 4583716}
Response: Well
Analyzing frame 13/60: q_1_main_0_30fps_frame0013.png
Prompt: Given the human reaction shown in the image, do you think the situation observed by that human ends well or poorly? (Use only one word -- well or poorly -- to answer)
Image size: 15676 bytes
Response status code: 200
{'model': 'deepseek-ocr:3b', 'created_at': '2025-12-08T08:10:56.629696274Z', 'message': {'role': 'assistant', 'content': 'Well'}, 'done': True, 'done_reason': 'stop', 'total_duration': 8876560202, 'load_duration': 7678500478, 'prompt_eval_count': 520, 'prompt_eval_duration': 425321100, 'eval_count': 2, 'eval_duration': 4206927}
Response: Well
Analyzing frame 14/60: q_1_main_0_30fps_frame0028.png
Prompt: Given the human reaction shown in the image, do you think the situation observed by that human ends well or poorly? (Use only one word -- well or poorly -- to answer)
Image size: 15616 bytes
Response status code: 200
{'model': 'deepseek-ocr:3b', 'created_at': '2025-12-08T08:11:06.820974662Z', 'message': {'role': 'assistant', 'content': 'Well'}, 'done': True, 'done_reason': 'stop', 'total_duration': 9148182437, 'load_duration': 7961794202, 'prompt_eval_count': 520, 'prompt_eval_duration': 421306005, 'eval_count': 2, 'eval_duration': 4241091}
Response: Well
Analyzing frame 15/60: q_1_main_0_30fps_frame0043.png
Prompt: Given the human reaction shown in the image, do you think the situation observed by that human ends well or poorly? (Use only one word -- well or poorly -- to answer)
Image size: 15652 bytes
Response status code: 200
{'model': 'deepseek-ocr:3b', 'created_at': '2025-12-08T08:11:16.677083198Z', 'message': {'role': 'assistant', 'content': 'Well'}, 'done': True, 'done_reason': 'stop', 'total_duration': 8815278180, 'load_duration': 7608856397, 'prompt_eval_count': 520, 'prompt_eval_duration': 427688338, 'eval_count': 2, 'eval_duration': 4198748}
Response: Well
Analyzing frame 16/60: q_1_main_0_30fps_frame0058.png
Prompt: Given the human reaction shown in the image, do you think the situation observed by that human ends well or poorly? (Use only one word -- well or poorly -- to answer)
Image size: 15696 bytes
Response status code: 200
{'model': 'deepseek-ocr:3b', 'created_at': '2025-12-08T08:11:26.508343698Z', 'message': {'role': 'assistant', 'content': 'Well'}, 'done': True, 'done_reason': 'stop', 'total_duration': 8793228636, 'load_duration': 7660661973, 'prompt_eval_count': 520, 'prompt_eval_duration': 423381944, 'eval_count': 2, 'eval_duration': 4255541}
Response: Well
Analyzing frame 17/60: q_1_main_0_30fps_frame0073.png
Prompt: Given the human reaction shown in the image, do you think the situation observed by that human ends well or poorly? (Use only one word -- well or poorly -- to answer)
Image size: 15652 bytes
Response status code: 200
{'model': 'deepseek-ocr:3b', 'created_at': '2025-12-08T08:11:36.345496741Z', 'message': {'role': 'assistant', 'content': 'Well'}, 'done': True, 'done_reason': 'stop', 'total_duration': 8821581052, 'load_duration': 7619415401, 'prompt_eval_count': 520, 'prompt_eval_duration': 422771826, 'eval_count': 2, 'eval_duration': 4201322}
Response: Well
Analyzing frame 18/60: q_1_main_0_30fps_frame0088.png
Prompt: Given the human reaction shown in the image, do you think the situation observed by that human ends well or poorly? (Use only one word -- well or poorly -- to answer)
Image size: 15676 bytes
Response status code: 200
{'model': 'deepseek-ocr:3b', 'created_at': '2025-12-08T08:11:46.624357945Z', 'message': {'role': 'assistant', 'content': 'Well'}, 'done': True, 'done_reason': 'stop', 'total_duration': 9229715624, 'load_duration': 8095211914, 'prompt_eval_count': 520, 'prompt_eval_duration': 418359148, 'eval_count': 2, 'eval_duration': 4306879}
Response: Well
Analyzing frame 19/60: q_24_main_0_30fps_frame0015.png
Prompt: Given the human reaction shown in the image, do you think the situation observed by that human ends well or poorly? (Use only one word -- well or poorly -- to answer)
Image size: 15876 bytes
Response status code: 200
{'model': 'deepseek-ocr:3b', 'created_at': '2025-12-08T08:11:56.499158326Z', 'message': {'role': 'assistant', 'content': 'Well'}, 'done': True, 'done_reason': 'stop', 'total_duration': 8825436773, 'load_duration': 7641257516, 'prompt_eval_count': 520, 'prompt_eval_duration': 421143600, 'eval_count': 2, 'eval_duration': 4202499}
Response: Well
Analyzing frame 20/60: q_24_main_0_30fps_frame0030.png
Prompt: Given the human reaction shown in the image, do you think the situation observed by that human ends well or poorly? (Use only one word -- well or poorly -- to answer)
Image size: 15820 bytes
Response status code: 200
{'model': 'deepseek-ocr:3b', 'created_at': '2025-12-08T08:12:06.403061919Z', 'message': {'role': 'assistant', 'content': 'Well'}, 'done': True, 'done_reason': 'stop', 'total_duration': 8887111230, 'load_duration': 7686260634, 'prompt_eval_count': 520, 'prompt_eval_duration': 422160114, 'eval_count': 2, 'eval_duration': 4307173}
Response: Well
Analyzing frame 21/60: q_24_main_0_30fps_frame0045.png
Prompt: Given the human reaction shown in the image, do you think the situation observed by that human ends well or poorly? (Use only one word -- well or poorly -- to answer)
Image size: 15864 bytes
Response status code: 200
{'model': 'deepseek-ocr:3b', 'created_at': '2025-12-08T08:12:16.305240471Z', 'message': {'role': 'assistant', 'content': 'Well'}, 'done': True, 'done_reason': 'stop', 'total_duration': 8866764624, 'load_duration': 7709845674, 'prompt_eval_count': 520, 'prompt_eval_duration': 421893827, 'eval_count': 2, 'eval_duration': 4180878}
Response: Well
Analyzing frame 22/60: q_24_main_0_30fps_frame0060.png
Prompt: Given the human reaction shown in the image, do you think the situation observed by that human ends well or poorly? (Use only one word -- well or poorly -- to answer)
Image size: 15824 bytes
Response status code: 200
{'model': 'deepseek-ocr:3b', 'created_at': '2025-12-08T08:12:26.034450681Z', 'message': {'role': 'assistant', 'content': 'Well'}, 'done': True, 'done_reason': 'stop', 'total_duration': 8698948349, 'load_duration': 7478232407, 'prompt_eval_count': 520, 'prompt_eval_duration': 422370690, 'eval_count': 2, 'eval_duration': 4183010}
Response: Well
Analyzing frame 23/60: q_24_main_0_30fps_frame0075.png
Prompt: Given the human reaction shown in the image, do you think the situation observed by that human ends well or poorly? (Use only one word -- well or poorly -- to answer)
Image size: 15812 bytes
Response status code: 200
{'model': 'deepseek-ocr:3b', 'created_at': '2025-12-08T08:12:36.80451359Z', 'message': {'role': 'assistant', 'content': 'Well'}, 'done': True, 'done_reason': 'stop', 'total_duration': 9724978945, 'load_duration': 8559742188, 'prompt_eval_count': 520, 'prompt_eval_duration': 421043585, 'eval_count': 2, 'eval_duration': 4199489}
Response: Well
Analyzing frame 24/60: q_24_main_0_30fps_frame0090.png
Prompt: Given the human reaction shown in the image, do you think the situation observed by that human ends well or poorly? (Use only one word -- well or poorly -- to answer)
Image size: 15844 bytes
Response status code: 200
{'model': 'deepseek-ocr:3b', 'created_at': '2025-12-08T08:12:46.527983064Z', 'message': {'role': 'assistant', 'content': 'Well'}, 'done': True, 'done_reason': 'stop', 'total_duration': 8692805536, 'load_duration': 7558483813, 'prompt_eval_count': 520, 'prompt_eval_duration': 422811172, 'eval_count': 2, 'eval_duration': 4202491}
Response: Well
Analyzing frame 25/60: q_28_main_0_30fps_frame0015.png
Prompt: Given the human reaction shown in the image, do you think the situation observed by that human ends well or poorly? (Use only one word -- well or poorly -- to answer)
Image size: 16112 bytes
Response status code: 200
{'model': 'deepseek-ocr:3b', 'created_at': '2025-12-08T08:12:56.125276871Z', 'message': {'role': 'assistant', 'content': 'Well'}, 'done': True, 'done_reason': 'stop', 'total_duration': 8543911201, 'load_duration': 7376868491, 'prompt_eval_count': 520, 'prompt_eval_duration': 422495024, 'eval_count': 2, 'eval_duration': 4222425}
Response: Well
Analyzing frame 26/60: q_28_main_0_30fps_frame0030.png
Prompt: Given the human reaction shown in the image, do you think the situation observed by that human ends well or poorly? (Use only one word -- well or poorly -- to answer)
Image size: 16032 bytes
Response status code: 200
{'model': 'deepseek-ocr:3b', 'created_at': '2025-12-08T08:13:06.240838191Z', 'message': {'role': 'assistant', 'content': 'Well'}, 'done': True, 'done_reason': 'stop', 'total_duration': 9085942175, 'load_duration': 7864193140, 'prompt_eval_count': 520, 'prompt_eval_duration': 429989122, 'eval_count': 2, 'eval_duration': 4228174}
Response: Well
Analyzing frame 27/60: q_28_main_0_30fps_frame0045.png
Prompt: Given the human reaction shown in the image, do you think the situation observed by that human ends well or poorly? (Use only one word -- well or poorly -- to answer)
Image size: 16312 bytes
Response status code: 200
{'model': 'deepseek-ocr:3b', 'created_at': '2025-12-08T08:13:16.128680223Z', 'message': {'role': 'assistant', 'content': 'Well'}, 'done': True, 'done_reason': 'stop', 'total_duration': 8842263519, 'load_duration': 7632888622, 'prompt_eval_count': 520, 'prompt_eval_duration': 425486304, 'eval_count': 2, 'eval_duration': 4216807}
Response: Well
Analyzing frame 28/60: q_28_main_0_30fps_frame0060.png
Prompt: Given the human reaction shown in the image, do you think the situation observed by that human ends well or poorly? (Use only one word -- well or poorly -- to answer)
Image size: 16208 bytes
Response status code: 200
{'model': 'deepseek-ocr:3b', 'created_at': '2025-12-08T08:13:26.794567661Z', 'message': {'role': 'assistant', 'content': 'Well'}, 'done': True, 'done_reason': 'stop', 'total_duration': 9636120139, 'load_duration': 8392773519, 'prompt_eval_count': 520, 'prompt_eval_duration': 423815251, 'eval_count': 2, 'eval_duration': 4187321}
Response: Well
Analyzing frame 29/60: q_28_main_0_30fps_frame0075.png
Prompt: Given the human reaction shown in the image, do you think the situation observed by that human ends well or poorly? (Use only one word -- well or poorly -- to answer)
Image size: 16232 bytes
Response status code: 200
{'model': 'deepseek-ocr:3b', 'created_at': '2025-12-08T08:13:36.921338084Z', 'message': {'role': 'assistant', 'content': 'Well'}, 'done': True, 'done_reason': 'stop', 'total_duration': 9087595036, 'load_duration': 7899362123, 'prompt_eval_count': 520, 'prompt_eval_duration': 422907684, 'eval_count': 2, 'eval_duration': 4198430}
Response: Well
Analyzing frame 30/60: q_28_main_0_30fps_frame0090.png
Prompt: Given the human reaction shown in the image, do you think the situation observed by that human ends well or poorly? (Use only one word -- well or poorly -- to answer)
Image size: 16172 bytes
Response status code: 200
{'model': 'deepseek-ocr:3b', 'created_at': '2025-12-08T08:13:46.6465966Z', 'message': {'role': 'assistant', 'content': 'Well'}, 'done': True, 'done_reason': 'stop', 'total_duration': 8696528983, 'load_duration': 7534445090, 'prompt_eval_count': 520, 'prompt_eval_duration': 425237938, 'eval_count': 2, 'eval_duration': 4209724}
Response: Well
Analyzing frame 31/60: q_30_main_0_30fps_frame0014.png
Prompt: Given the human reaction shown in the image, do you think the situation observed by that human ends well or poorly? (Use only one word -- well or poorly -- to answer)
Image size: 16028 bytes
Response status code: 200
{'model': 'deepseek-ocr:3b', 'created_at': '2025-12-08T08:13:56.780443681Z', 'message': {'role': 'assistant', 'content': 'Well'}, 'done': True, 'done_reason': 'stop', 'total_duration': 9092217929, 'load_duration': 7938816124, 'prompt_eval_count': 520, 'prompt_eval_duration': 420450090, 'eval_count': 2, 'eval_duration': 4268502}
Response: Well
Analyzing frame 32/60: q_30_main_0_30fps_frame0029.png
Prompt: Given the human reaction shown in the image, do you think the situation observed by that human ends well or poorly? (Use only one word -- well or poorly -- to answer)
Image size: 16100 bytes
Response status code: 200
{'model': 'deepseek-ocr:3b', 'created_at': '2025-12-08T08:14:06.781711798Z', 'message': {'role': 'assistant', 'content': 'Well'}, 'done': True, 'done_reason': 'stop', 'total_duration': 8987498407, 'load_duration': 7790278585, 'prompt_eval_count': 520, 'prompt_eval_duration': 425277097, 'eval_count': 2, 'eval_duration': 4376937}
Response: Well
Analyzing frame 33/60: q_30_main_0_30fps_frame0044.png
Prompt: Given the human reaction shown in the image, do you think the situation observed by that human ends well or poorly? (Use only one word -- well or poorly -- to answer)
Image size: 16164 bytes
Response status code: 200
{'model': 'deepseek-ocr:3b', 'created_at': '2025-12-08T08:14:16.57167474Z', 'message': {'role': 'assistant', 'content': 'Well'}, 'done': True, 'done_reason': 'stop', 'total_duration': 8729495533, 'load_duration': 7564505326, 'prompt_eval_count': 520, 'prompt_eval_duration': 422109804, 'eval_count': 2, 'eval_duration': 4187551}
Response: Well
Analyzing frame 34/60: q_30_main_0_30fps_frame0059.png
Prompt: Given the human reaction shown in the image, do you think the situation observed by that human ends well or poorly? (Use only one word -- well or poorly -- to answer)
Image size: 16164 bytes
Response status code: 200
{'model': 'deepseek-ocr:3b', 'created_at': '2025-12-08T08:14:26.665959403Z', 'message': {'role': 'assistant', 'content': 'Well'}, 'done': True, 'done_reason': 'stop', 'total_duration': 9067736396, 'load_duration': 7855743693, 'prompt_eval_count': 520, 'prompt_eval_duration': 420798848, 'eval_count': 2, 'eval_duration': 4223766}
Response: Well
Analyzing frame 35/60: q_30_main_0_30fps_frame0074.png
Prompt: Given the human reaction shown in the image, do you think the situation observed by that human ends well or poorly? (Use only one word -- well or poorly -- to answer)
Image size: 16220 bytes
Response status code: 200
{'model': 'deepseek-ocr:3b', 'created_at': '2025-12-08T08:14:36.868271845Z', 'message': {'role': 'assistant', 'content': 'Well'}, 'done': True, 'done_reason': 'stop', 'total_duration': 9153156790, 'load_duration': 7973346319, 'prompt_eval_count': 520, 'prompt_eval_duration': 421075412, 'eval_count': 2, 'eval_duration': 4307897}
Response: Well
Analyzing frame 36/60: q_30_main_0_30fps_frame0089.png
Prompt: Given the human reaction shown in the image, do you think the situation observed by that human ends well or poorly? (Use only one word -- well or poorly -- to answer)
Image size: 16196 bytes
Response status code: 200
{'model': 'deepseek-ocr:3b', 'created_at': '2025-12-08T08:14:47.189891224Z', 'message': {'role': 'assistant', 'content': 'Well'}, 'done': True, 'done_reason': 'stop', 'total_duration': 9290391046, 'load_duration': 8146595154, 'prompt_eval_count': 520, 'prompt_eval_duration': 421228910, 'eval_count': 2, 'eval_duration': 4181346}
Response: Well
Analyzing frame 37/60: q_5_main_0_30fps_frame0015.png
Prompt: Given the human reaction shown in the image, do you think the situation observed by that human ends well or poorly? (Use only one word -- well or poorly -- to answer)
Image size: 15864 bytes
Response status code: 200
{'model': 'deepseek-ocr:3b', 'created_at': '2025-12-08T08:14:57.137544378Z', 'message': {'role': 'assistant', 'content': 'Well'}, 'done': True, 'done_reason': 'stop', 'total_duration': 8894240202, 'load_duration': 7684834533, 'prompt_eval_count': 520, 'prompt_eval_duration': 423084284, 'eval_count': 2, 'eval_duration': 4213646}
Response: Well
Analyzing frame 38/60: q_5_main_0_30fps_frame0030.png
Prompt: Given the human reaction shown in the image, do you think the situation observed by that human ends well or poorly? (Use only one word -- well or poorly -- to answer)
Image size: 15912 bytes
Response status code: 200
{'model': 'deepseek-ocr:3b', 'created_at': '2025-12-08T08:15:06.864050929Z', 'message': {'role': 'assistant', 'content': 'Well'}, 'done': True, 'done_reason': 'stop', 'total_duration': 8691336792, 'load_duration': 7502226271, 'prompt_eval_count': 520, 'prompt_eval_duration': 425869482, 'eval_count': 2, 'eval_duration': 4196490}
Response: Well
Analyzing frame 39/60: q_5_main_0_30fps_frame0045.png
Prompt: Given the human reaction shown in the image, do you think the situation observed by that human ends well or poorly? (Use only one word -- well or poorly -- to answer)
Image size: 15852 bytes
Response status code: 200
{'model': 'deepseek-ocr:3b', 'created_at': '2025-12-08T08:15:16.769366639Z', 'message': {'role': 'assistant', 'content': 'Well'}, 'done': True, 'done_reason': 'stop', 'total_duration': 8859456586, 'load_duration': 7641490895, 'prompt_eval_count': 520, 'prompt_eval_duration': 442121842, 'eval_count': 2, 'eval_duration': 4474979}
Response: Well
Analyzing frame 40/60: q_5_main_0_30fps_frame0060.png
Prompt: Given the human reaction shown in the image, do you think the situation observed by that human ends well or poorly? (Use only one word -- well or poorly -- to answer)
Image size: 15852 bytes
Response status code: 200
{'model': 'deepseek-ocr:3b', 'created_at': '2025-12-08T08:15:26.838747487Z', 'message': {'role': 'assistant', 'content': 'Well'}, 'done': True, 'done_reason': 'stop', 'total_duration': 9027783805, 'load_duration': 7810440836, 'prompt_eval_count': 520, 'prompt_eval_duration': 424861934, 'eval_count': 2, 'eval_duration': 4365348}
Response: Well
Analyzing frame 41/60: q_5_main_0_30fps_frame0075.png
Prompt: Given the human reaction shown in the image, do you think the situation observed by that human ends well or poorly? (Use only one word -- well or poorly -- to answer)
Image size: 15940 bytes
Response status code: 200
{'model': 'deepseek-ocr:3b', 'created_at': '2025-12-08T08:15:36.474973479Z', 'message': {'role': 'assistant', 'content': 'Well'}, 'done': True, 'done_reason': 'stop', 'total_duration': 8608055454, 'load_duration': 7416922338, 'prompt_eval_count': 520, 'prompt_eval_duration': 424199839, 'eval_count': 2, 'eval_duration': 4317444}
Response: Well
Analyzing frame 42/60: q_5_main_0_30fps_frame0090.png
Prompt: Given the human reaction shown in the image, do you think the situation observed by that human ends well or poorly? (Use only one word -- well or poorly -- to answer)
Image size: 15956 bytes
Response status code: 200
{'model': 'deepseek-ocr:3b', 'created_at': '2025-12-08T08:15:46.395125768Z', 'message': {'role': 'assistant', 'content': 'Well'}, 'done': True, 'done_reason': 'stop', 'total_duration': 8894022954, 'load_duration': 7713554435, 'prompt_eval_count': 520, 'prompt_eval_duration': 421697508, 'eval_count': 2, 'eval_duration': 4227280}
Response: Well
Analyzing frame 43/60: q_6_main_0_30fps_frame0015.png
Prompt: Given the human reaction shown in the image, do you think the situation observed by that human ends well or poorly? (Use only one word -- well or poorly -- to answer)
Image size: 15864 bytes
Response status code: 200
{'model': 'deepseek-ocr:3b', 'created_at': '2025-12-08T08:15:56.541949967Z', 'message': {'role': 'assistant', 'content': 'Well'}, 'done': True, 'done_reason': 'stop', 'total_duration': 9120721448, 'load_duration': 7861662104, 'prompt_eval_count': 520, 'prompt_eval_duration': 444499419, 'eval_count': 2, 'eval_duration': 4444897}
Response: Well
Analyzing frame 44/60: q_6_main_0_30fps_frame0030.png
Prompt: Given the human reaction shown in the image, do you think the situation observed by that human ends well or poorly? (Use only one word -- well or poorly -- to answer)
Image size: 15912 bytes
Response status code: 200
{'model': 'deepseek-ocr:3b', 'created_at': '2025-12-08T08:16:06.575028073Z', 'message': {'role': 'assistant', 'content': 'Well'}, 'done': True, 'done_reason': 'stop', 'total_duration': 8983916286, 'load_duration': 7794338576, 'prompt_eval_count': 520, 'prompt_eval_duration': 419605334, 'eval_count': 2, 'eval_duration': 4351606}
Response: Well
Analyzing frame 45/60: q_6_main_0_30fps_frame0045.png
Prompt: Given the human reaction shown in the image, do you think the situation observed by that human ends well or poorly? (Use only one word -- well or poorly -- to answer)
Image size: 15952 bytes
Response status code: 200
{'model': 'deepseek-ocr:3b', 'created_at': '2025-12-08T08:16:16.321668449Z', 'message': {'role': 'assistant', 'content': 'Well'}, 'done': True, 'done_reason': 'stop', 'total_duration': 8704614539, 'load_duration': 7571439243, 'prompt_eval_count': 520, 'prompt_eval_duration': 426985078, 'eval_count': 2, 'eval_duration': 4188286}
Response: Well
Analyzing frame 46/60: q_6_main_0_30fps_frame0060.png
Prompt: Given the human reaction shown in the image, do you think the situation observed by that human ends well or poorly? (Use only one word -- well or poorly -- to answer)
Image size: 15844 bytes
Response status code: 200
{'model': 'deepseek-ocr:3b', 'created_at': '2025-12-08T08:16:26.892726208Z', 'message': {'role': 'assistant', 'content': 'Well'}, 'done': True, 'done_reason': 'stop', 'total_duration': 9540778644, 'load_duration': 8309031860, 'prompt_eval_count': 520, 'prompt_eval_duration': 432717532, 'eval_count': 2, 'eval_duration': 4248224}
Response: Well
Analyzing frame 47/60: q_6_main_0_30fps_frame0075.png
Prompt: Given the human reaction shown in the image, do you think the situation observed by that human ends well or poorly? (Use only one word -- well or poorly -- to answer)
Image size: 15856 bytes
Response status code: 200
{'model': 'deepseek-ocr:3b', 'created_at': '2025-12-08T08:16:36.984612066Z', 'message': {'role': 'assistant', 'content': 'Well'}, 'done': True, 'done_reason': 'stop', 'total_duration': 9060057821, 'load_duration': 7866438307, 'prompt_eval_count': 520, 'prompt_eval_duration': 426240510, 'eval_count': 2, 'eval_duration': 4201514}
Response: Well
Analyzing frame 48/60: q_6_main_0_30fps_frame0090.png
Prompt: Given the human reaction shown in the image, do you think the situation observed by that human ends well or poorly? (Use only one word -- well or poorly -- to answer)
Image size: 15852 bytes
Response status code: 200
{'model': 'deepseek-ocr:3b', 'created_at': '2025-12-08T08:16:47.003052429Z', 'message': {'role': 'assistant', 'content': 'Well'}, 'done': True, 'done_reason': 'stop', 'total_duration': 8970332509, 'load_duration': 7746493837, 'prompt_eval_count': 520, 'prompt_eval_duration': 419276127, 'eval_count': 2, 'eval_duration': 4189279}
Response: Well
Analyzing frame 49/60: q_8_main_0_30fps_frame0015.png
Prompt: Given the human reaction shown in the image, do you think the situation observed by that human ends well or poorly? (Use only one word -- well or poorly -- to answer)
Image size: 15764 bytes
Response status code: 200
{'model': 'deepseek-ocr:3b', 'created_at': '2025-12-08T08:16:57.114036424Z', 'message': {'role': 'assistant', 'content': 'Well'}, 'done': True, 'done_reason': 'stop', 'total_duration': 9082730689, 'load_duration': 7830857660, 'prompt_eval_count': 520, 'prompt_eval_duration': 423197747, 'eval_count': 2, 'eval_duration': 4341319}
Response: Well
Analyzing frame 50/60: q_8_main_0_30fps_frame0030.png
Prompt: Given the human reaction shown in the image, do you think the situation observed by that human ends well or poorly? (Use only one word -- well or poorly -- to answer)
Image size: 15688 bytes
Response status code: 200
{'model': 'deepseek-ocr:3b', 'created_at': '2025-12-08T08:17:07.245479818Z', 'message': {'role': 'assistant', 'content': 'Well'}, 'done': True, 'done_reason': 'stop', 'total_duration': 9091562178, 'load_duration': 7866813401, 'prompt_eval_count': 520, 'prompt_eval_duration': 443290082, 'eval_count': 2, 'eval_duration': 4434131}
Response: Well
Analyzing frame 51/60: q_8_main_0_30fps_frame0045.png
Prompt: Given the human reaction shown in the image, do you think the situation observed by that human ends well or poorly? (Use only one word -- well or poorly -- to answer)
Image size: 15696 bytes
Response status code: 200
{'model': 'deepseek-ocr:3b', 'created_at': '2025-12-08T08:17:17.179158909Z', 'message': {'role': 'assistant', 'content': 'Well'}, 'done': True, 'done_reason': 'stop', 'total_duration': 8905071688, 'load_duration': 7727715155, 'prompt_eval_count': 520, 'prompt_eval_duration': 412975431, 'eval_count': 2, 'eval_duration': 4469379}
Response: Well
Analyzing frame 52/60: q_8_main_0_30fps_frame0060.png
Prompt: Given the human reaction shown in the image, do you think the situation observed by that human ends well or poorly? (Use only one word -- well or poorly -- to answer)
Image size: 15744 bytes
Response status code: 200
{'model': 'deepseek-ocr:3b', 'created_at': '2025-12-08T08:17:27.957029274Z', 'message': {'role': 'assistant', 'content': 'Well'}, 'done': True, 'done_reason': 'stop', 'total_duration': 9737478343, 'load_duration': 8563346905, 'prompt_eval_count': 520, 'prompt_eval_duration': 423580728, 'eval_count': 2, 'eval_duration': 4233228}
Response: Well
Analyzing frame 53/60: q_8_main_0_30fps_frame0075.png
Prompt: Given the human reaction shown in the image, do you think the situation observed by that human ends well or poorly? (Use only one word -- well or poorly -- to answer)
Image size: 15720 bytes
Response status code: 200
{'model': 'deepseek-ocr:3b', 'created_at': '2025-12-08T08:17:38.050697784Z', 'message': {'role': 'assistant', 'content': 'Well'}, 'done': True, 'done_reason': 'stop', 'total_duration': 9063630464, 'load_duration': 7828164032, 'prompt_eval_count': 520, 'prompt_eval_duration': 424781417, 'eval_count': 2, 'eval_duration': 4211245}
Response: Well
Analyzing frame 54/60: q_8_main_0_30fps_frame0090.png
Prompt: Given the human reaction shown in the image, do you think the situation observed by that human ends well or poorly? (Use only one word -- well or poorly -- to answer)
Image size: 15708 bytes
Response status code: 200
{'model': 'deepseek-ocr:3b', 'created_at': '2025-12-08T08:17:47.918077858Z', 'message': {'role': 'assistant', 'content': 'Well'}, 'done': True, 'done_reason': 'stop', 'total_duration': 8839089273, 'load_duration': 7687141257, 'prompt_eval_count': 520, 'prompt_eval_duration': 421386467, 'eval_count': 2, 'eval_duration': 4185137}
Response: Well
Analyzing frame 55/60: q_warmup_4_main_0_30fps_frame0014.png
Prompt: Given the human reaction shown in the image, do you think the situation observed by that human ends well or poorly? (Use only one word -- well or poorly -- to answer)
Image size: 16036 bytes
Response status code: 200
{'model': 'deepseek-ocr:3b', 'created_at': '2025-12-08T08:17:57.986420961Z', 'message': {'role': 'assistant', 'content': 'Well'}, 'done': True, 'done_reason': 'stop', 'total_duration': 9022463235, 'load_duration': 7864698734, 'prompt_eval_count': 520, 'prompt_eval_duration': 412884824, 'eval_count': 2, 'eval_duration': 4228055}
Response: Well
Analyzing frame 56/60: q_warmup_4_main_0_30fps_frame0029.png
Prompt: Given the human reaction shown in the image, do you think the situation observed by that human ends well or poorly? (Use only one word -- well or poorly -- to answer)
Image size: 16104 bytes
Response status code: 200
{'model': 'deepseek-ocr:3b', 'created_at': '2025-12-08T08:18:08.340335605Z', 'message': {'role': 'assistant', 'content': 'Well'}, 'done': True, 'done_reason': 'stop', 'total_duration': 9321320870, 'load_duration': 8095640816, 'prompt_eval_count': 520, 'prompt_eval_duration': 423298767, 'eval_count': 2, 'eval_duration': 4182948}
Response: Well
Analyzing frame 57/60: q_warmup_4_main_0_30fps_frame0044.png
Prompt: Given the human reaction shown in the image, do you think the situation observed by that human ends well or poorly? (Use only one word -- well or poorly -- to answer)
Image size: 16240 bytes
Response status code: 200
{'model': 'deepseek-ocr:3b', 'created_at': '2025-12-08T08:18:18.53086609Z', 'message': {'role': 'assistant', 'content': 'Well'}, 'done': True, 'done_reason': 'stop', 'total_duration': 9158350485, 'load_duration': 7981121544, 'prompt_eval_count': 520, 'prompt_eval_duration': 432575096, 'eval_count': 2, 'eval_duration': 4202374}
Response: Well
Analyzing frame 58/60: q_warmup_4_main_0_30fps_frame0059.png
Prompt: Given the human reaction shown in the image, do you think the situation observed by that human ends well or poorly? (Use only one word -- well or poorly -- to answer)
Image size: 16260 bytes
Response status code: 200
{'model': 'deepseek-ocr:3b', 'created_at': '2025-12-08T08:18:28.386604094Z', 'message': {'role': 'assistant', 'content': 'Well'}, 'done': True, 'done_reason': 'stop', 'total_duration': 8824366493, 'load_duration': 7642517592, 'prompt_eval_count': 520, 'prompt_eval_duration': 423333402, 'eval_count': 2, 'eval_duration': 4327376}
Response: Well
Analyzing frame 59/60: q_warmup_4_main_0_30fps_frame0074.png
Prompt: Given the human reaction shown in the image, do you think the situation observed by that human ends well or poorly? (Use only one word -- well or poorly -- to answer)
Image size: 16256 bytes
Response status code: 200
{'model': 'deepseek-ocr:3b', 'created_at': '2025-12-08T08:18:38.546008837Z', 'message': {'role': 'assistant', 'content': 'Well'}, 'done': True, 'done_reason': 'stop', 'total_duration': 9097539689, 'load_duration': 7905352971, 'prompt_eval_count': 520, 'prompt_eval_duration': 424679642, 'eval_count': 2, 'eval_duration': 4205784}
Response: Well
Analyzing frame 60/60: q_warmup_4_main_0_30fps_frame0089.png
Prompt: Given the human reaction shown in the image, do you think the situation observed by that human ends well or poorly? (Use only one word -- well or poorly -- to answer)
Image size: 16188 bytes
Response status code: 200
{'model': 'deepseek-ocr:3b', 'created_at': '2025-12-08T08:18:48.234534407Z', 'message': {'role': 'assistant', 'content': 'Well'}, 'done': True, 'done_reason': 'stop', 'total_duration': 8660456657, 'load_duration': 7540110373, 'prompt_eval_count': 520, 'prompt_eval_duration': 430921618, 'eval_count': 2, 'eval_duration': 4193558}
Response: Well
Processed 60 frames for participant 7136

Results saved to ./results/results_deepseek-ocr_3s.csv
Total frames in CSV: 4314

==================================================
Processing participant 18/27: 7782

Processing participant: 7782
Found 36 unprocessed frames for this participant
Analyzing frame 1/36: q_11_main_1_30fps_frame0012.png
Prompt: Given the human reaction shown in the image, do you think the situation observed by that human ends well or poorly? (Use only one word -- well or poorly -- to answer)
Image size: 11136 bytes
Response status code: 200
{'model': 'deepseek-ocr:3b', 'created_at': '2025-12-08T08:18:58.271044809Z', 'message': {'role': 'assistant', 'content': 'Well'}, 'done': True, 'done_reason': 'stop', 'total_duration': 8970291758, 'load_duration': 7788967501, 'prompt_eval_count': 520, 'prompt_eval_duration': 424659831, 'eval_count': 2, 'eval_duration': 4207331}
Response: Well
Analyzing frame 2/36: q_11_main_1_30fps_frame0027.png
Prompt: Given the human reaction shown in the image, do you think the situation observed by that human ends well or poorly? (Use only one word -- well or poorly -- to answer)
Image size: 11128 bytes
Response status code: 200
{'model': 'deepseek-ocr:3b', 'created_at': '2025-12-08T08:19:08.431550429Z', 'message': {'role': 'assistant', 'content': 'Well'}, 'done': True, 'done_reason': 'stop', 'total_duration': 9137980638, 'load_duration': 7916324597, 'prompt_eval_count': 520, 'prompt_eval_duration': 424359773, 'eval_count': 2, 'eval_duration': 4199236}
Response: Well
Analyzing frame 3/36: q_11_main_1_30fps_frame0042.png
Prompt: Given the human reaction shown in the image, do you think the situation observed by that human ends well or poorly? (Use only one word -- well or poorly -- to answer)
Image size: 11116 bytes
Response status code: 200
{'model': 'deepseek-ocr:3b', 'created_at': '2025-12-08T08:19:18.471115094Z', 'message': {'role': 'assistant', 'content': 'Well'}, 'done': True, 'done_reason': 'stop', 'total_duration': 9019698995, 'load_duration': 7838500444, 'prompt_eval_count': 520, 'prompt_eval_duration': 419068911, 'eval_count': 2, 'eval_duration': 4587257}
Response: Well
Analyzing frame 4/36: q_11_main_1_30fps_frame0057.png
Prompt: Given the human reaction shown in the image, do you think the situation observed by that human ends well or poorly? (Use only one word -- well or poorly -- to answer)
Image size: 11120 bytes
Response status code: 200
{'model': 'deepseek-ocr:3b', 'created_at': '2025-12-08T08:19:28.676146243Z', 'message': {'role': 'assistant', 'content': 'Well'}, 'done': True, 'done_reason': 'stop', 'total_duration': 9193495398, 'load_duration': 7936005446, 'prompt_eval_count': 520, 'prompt_eval_duration': 418696075, 'eval_count': 2, 'eval_duration': 4200167}
Response: Well
Analyzing frame 5/36: q_11_main_1_30fps_frame0072.png
Prompt: Given the human reaction shown in the image, do you think the situation observed by that human ends well or poorly? (Use only one word -- well or poorly -- to answer)
Image size: 11164 bytes
Response status code: 200
{'model': 'deepseek-ocr:3b', 'created_at': '2025-12-08T08:19:38.600040363Z', 'message': {'role': 'assistant', 'content': 'Well'}, 'done': True, 'done_reason': 'stop', 'total_duration': 8899064739, 'load_duration': 7766939034, 'prompt_eval_count': 520, 'prompt_eval_duration': 424128164, 'eval_count': 2, 'eval_duration': 4204404}
Response: Well
Analyzing frame 6/36: q_11_main_1_30fps_frame0087.png
Prompt: Given the human reaction shown in the image, do you think the situation observed by that human ends well or poorly? (Use only one word -- well or poorly -- to answer)
Image size: 11104 bytes
Response status code: 200
{'model': 'deepseek-ocr:3b', 'created_at': '2025-12-08T08:19:49.183408882Z', 'message': {'role': 'assistant', 'content': 'Well'}, 'done': True, 'done_reason': 'stop', 'total_duration': 9562618626, 'load_duration': 8315395600, 'prompt_eval_count': 520, 'prompt_eval_duration': 448536428, 'eval_count': 2, 'eval_duration': 4457894}
Response: Well
Analyzing frame 7/36: q_13_main_0_30fps_frame0015.png
Prompt: Given the human reaction shown in the image, do you think the situation observed by that human ends well or poorly? (Use only one word -- well or poorly -- to answer)
Image size: 9292 bytes
Response status code: 200
{'model': 'deepseek-ocr:3b', 'created_at': '2025-12-08T08:19:59.006397096Z', 'message': {'role': 'assistant', 'content': 'Well'}, 'done': True, 'done_reason': 'stop', 'total_duration': 8794621048, 'load_duration': 7647060838, 'prompt_eval_count': 520, 'prompt_eval_duration': 420366717, 'eval_count': 2, 'eval_duration': 4184098}
Response: Well
Analyzing frame 8/36: q_13_main_0_30fps_frame0030.png
Prompt: Given the human reaction shown in the image, do you think the situation observed by that human ends well or poorly? (Use only one word -- well or poorly -- to answer)
Image size: 9160 bytes
Response status code: 200
{'model': 'deepseek-ocr:3b', 'created_at': '2025-12-08T08:20:09.458695367Z', 'message': {'role': 'assistant', 'content': 'Well'}, 'done': True, 'done_reason': 'stop', 'total_duration': 9416571208, 'load_duration': 8208461876, 'prompt_eval_count': 520, 'prompt_eval_duration': 451603394, 'eval_count': 2, 'eval_duration': 4432114}
Response: Well
Analyzing frame 9/36: q_13_main_0_30fps_frame0045.png
Prompt: Given the human reaction shown in the image, do you think the situation observed by that human ends well or poorly? (Use only one word -- well or poorly -- to answer)
Image size: 9260 bytes
Response status code: 200
{'model': 'deepseek-ocr:3b', 'created_at': '2025-12-08T08:20:19.361487144Z', 'message': {'role': 'assistant', 'content': 'Well'}, 'done': True, 'done_reason': 'stop', 'total_duration': 8858906212, 'load_duration': 7686911261, 'prompt_eval_count': 520, 'prompt_eval_duration': 424397354, 'eval_count': 2, 'eval_duration': 4217417}
Response: Well
Analyzing frame 10/36: q_13_main_0_30fps_frame0060.png
Prompt: Given the human reaction shown in the image, do you think the situation observed by that human ends well or poorly? (Use only one word -- well or poorly -- to answer)
Image size: 9272 bytes
Response status code: 200
{'model': 'deepseek-ocr:3b', 'created_at': '2025-12-08T08:20:29.245416285Z', 'message': {'role': 'assistant', 'content': 'Well'}, 'done': True, 'done_reason': 'stop', 'total_duration': 8867209480, 'load_duration': 7670528602, 'prompt_eval_count': 520, 'prompt_eval_duration': 419118046, 'eval_count': 2, 'eval_duration': 4694250}
Response: Well
Analyzing frame 11/36: q_13_main_0_30fps_frame0075.png
Prompt: Given the human reaction shown in the image, do you think the situation observed by that human ends well or poorly? (Use only one word -- well or poorly -- to answer)
Image size: 9292 bytes
Response status code: 200
{'model': 'deepseek-ocr:3b', 'created_at': '2025-12-08T08:20:39.132363576Z', 'message': {'role': 'assistant', 'content': 'Well'}, 'done': True, 'done_reason': 'stop', 'total_duration': 8864221614, 'load_duration': 7723440748, 'prompt_eval_count': 520, 'prompt_eval_duration': 424474175, 'eval_count': 2, 'eval_duration': 4744167}
Response: Well
Analyzing frame 12/36: q_13_main_0_30fps_frame0090.png
Prompt: Given the human reaction shown in the image, do you think the situation observed by that human ends well or poorly? (Use only one word -- well or poorly -- to answer)
Image size: 9296 bytes
Response status code: 200
{'model': 'deepseek-ocr:3b', 'created_at': '2025-12-08T08:20:49.96876678Z', 'message': {'role': 'assistant', 'content': 'Well'}, 'done': True, 'done_reason': 'stop', 'total_duration': 9811692804, 'load_duration': 8662596095, 'prompt_eval_count': 520, 'prompt_eval_duration': 427954925, 'eval_count': 2, 'eval_duration': 4322657}
Response: Well
Analyzing frame 13/36: q_17_main_0_30fps_frame0014.png
Prompt: Given the human reaction shown in the image, do you think the situation observed by that human ends well or poorly? (Use only one word -- well or poorly -- to answer)
Image size: 9376 bytes
Response status code: 200
{'model': 'deepseek-ocr:3b', 'created_at': '2025-12-08T08:20:59.727686305Z', 'message': {'role': 'assistant', 'content': 'Well'}, 'done': True, 'done_reason': 'stop', 'total_duration': 8717209601, 'load_duration': 7586807657, 'prompt_eval_count': 520, 'prompt_eval_duration': 430292309, 'eval_count': 2, 'eval_duration': 4206444}
Response: Well
Analyzing frame 14/36: q_17_main_0_30fps_frame0029.png
Prompt: Given the human reaction shown in the image, do you think the situation observed by that human ends well or poorly? (Use only one word -- well or poorly -- to answer)
Image size: 9220 bytes
Response status code: 200
{'model': 'deepseek-ocr:3b', 'created_at': '2025-12-08T08:21:09.643090809Z', 'message': {'role': 'assistant', 'content': 'Well'}, 'done': True, 'done_reason': 'stop', 'total_duration': 8893979836, 'load_duration': 7747470608, 'prompt_eval_count': 520, 'prompt_eval_duration': 423124201, 'eval_count': 2, 'eval_duration': 4237143}
Response: Well
Analyzing frame 15/36: q_17_main_0_30fps_frame0044.png
Prompt: Given the human reaction shown in the image, do you think the situation observed by that human ends well or poorly? (Use only one word -- well or poorly -- to answer)
Image size: 9260 bytes
Response status code: 200
{'model': 'deepseek-ocr:3b', 'created_at': '2025-12-08T08:21:19.757538147Z', 'message': {'role': 'assistant', 'content': 'Well'}, 'done': True, 'done_reason': 'stop', 'total_duration': 9092024098, 'load_duration': 7884979469, 'prompt_eval_count': 520, 'prompt_eval_duration': 424726325, 'eval_count': 2, 'eval_duration': 4194052}
Response: Well
Analyzing frame 16/36: q_17_main_0_30fps_frame0059.png
Prompt: Given the human reaction shown in the image, do you think the situation observed by that human ends well or poorly? (Use only one word -- well or poorly -- to answer)
Image size: 9388 bytes
Response status code: 200
{'model': 'deepseek-ocr:3b', 'created_at': '2025-12-08T08:21:29.746651661Z', 'message': {'role': 'assistant', 'content': 'Well'}, 'done': True, 'done_reason': 'stop', 'total_duration': 8965641689, 'load_duration': 7801142087, 'prompt_eval_count': 520, 'prompt_eval_duration': 423055992, 'eval_count': 2, 'eval_duration': 4202075}
Response: Well
Analyzing frame 17/36: q_17_main_0_30fps_frame0074.png
Prompt: Given the human reaction shown in the image, do you think the situation observed by that human ends well or poorly? (Use only one word -- well or poorly -- to answer)
Image size: 9412 bytes
Response status code: 200
{'model': 'deepseek-ocr:3b', 'created_at': '2025-12-08T08:21:39.788940992Z', 'message': {'role': 'assistant', 'content': 'Well'}, 'done': True, 'done_reason': 'stop', 'total_duration': 9022353823, 'load_duration': 7820758184, 'prompt_eval_count': 520, 'prompt_eval_duration': 424317839, 'eval_count': 2, 'eval_duration': 4202805}
Response: Well
Analyzing frame 18/36: q_17_main_0_30fps_frame0089.png
Prompt: Given the human reaction shown in the image, do you think the situation observed by that human ends well or poorly? (Use only one word -- well or poorly -- to answer)
Image size: 9312 bytes
Response status code: 200
{'model': 'deepseek-ocr:3b', 'created_at': '2025-12-08T08:21:49.722091604Z', 'message': {'role': 'assistant', 'content': 'Well'}, 'done': True, 'done_reason': 'stop', 'total_duration': 8909838428, 'load_duration': 7732015701, 'prompt_eval_count': 520, 'prompt_eval_duration': 424832562, 'eval_count': 2, 'eval_duration': 4551616}
Response: Well
Analyzing frame 19/36: q_9_main_0_30fps_frame0014.png
Prompt: Given the human reaction shown in the image, do you think the situation observed by that human ends well or poorly? (Use only one word -- well or poorly -- to answer)
Image size: 9156 bytes
Response status code: 200
{'model': 'deepseek-ocr:3b', 'created_at': '2025-12-08T08:21:59.657741242Z', 'message': {'role': 'assistant', 'content': 'Well'}, 'done': True, 'done_reason': 'stop', 'total_duration': 8875715082, 'load_duration': 7690442348, 'prompt_eval_count': 520, 'prompt_eval_duration': 413724369, 'eval_count': 2, 'eval_duration': 4204349}
Response: Well
Analyzing frame 20/36: q_9_main_0_30fps_frame0029.png
Prompt: Given the human reaction shown in the image, do you think the situation observed by that human ends well or poorly? (Use only one word -- well or poorly -- to answer)
Image size: 9180 bytes
Response status code: 200
{'model': 'deepseek-ocr:3b', 'created_at': '2025-12-08T08:22:10.174189162Z', 'message': {'role': 'assistant', 'content': 'Well'}, 'done': True, 'done_reason': 'stop', 'total_duration': 9497920376, 'load_duration': 8304735322, 'prompt_eval_count': 520, 'prompt_eval_duration': 424377942, 'eval_count': 2, 'eval_duration': 4195366}
Response: Well
Analyzing frame 21/36: q_9_main_0_30fps_frame0044.png
Prompt: Given the human reaction shown in the image, do you think the situation observed by that human ends well or poorly? (Use only one word -- well or poorly -- to answer)
Image size: 9140 bytes
Response status code: 200
{'model': 'deepseek-ocr:3b', 'created_at': '2025-12-08T08:22:19.814220672Z', 'message': {'role': 'assistant', 'content': 'Well'}, 'done': True, 'done_reason': 'stop', 'total_duration': 8628579665, 'load_duration': 7436876294, 'prompt_eval_count': 520, 'prompt_eval_duration': 425029244, 'eval_count': 2, 'eval_duration': 4212718}
Response: Well
Analyzing frame 22/36: q_9_main_0_30fps_frame0059.png
Prompt: Given the human reaction shown in the image, do you think the situation observed by that human ends well or poorly? (Use only one word -- well or poorly -- to answer)
Image size: 9196 bytes
Response status code: 200
{'model': 'deepseek-ocr:3b', 'created_at': '2025-12-08T08:22:29.69773492Z', 'message': {'role': 'assistant', 'content': 'Well'}, 'done': True, 'done_reason': 'stop', 'total_duration': 8862555666, 'load_duration': 7671357866, 'prompt_eval_count': 520, 'prompt_eval_duration': 436183564, 'eval_count': 2, 'eval_duration': 4202765}
Response: Well
Analyzing frame 23/36: q_9_main_0_30fps_frame0074.png
Prompt: Given the human reaction shown in the image, do you think the situation observed by that human ends well or poorly? (Use only one word -- well or poorly -- to answer)
Image size: 9228 bytes
Response status code: 200
{'model': 'deepseek-ocr:3b', 'created_at': '2025-12-08T08:22:39.857414506Z', 'message': {'role': 'assistant', 'content': 'Well'}, 'done': True, 'done_reason': 'stop', 'total_duration': 9138272597, 'load_duration': 7983852896, 'prompt_eval_count': 520, 'prompt_eval_duration': 428722987, 'eval_count': 2, 'eval_duration': 4329977}
Response: Well
Analyzing frame 24/36: q_9_main_0_30fps_frame0089.png
Prompt: Given the human reaction shown in the image, do you think the situation observed by that human ends well or poorly? (Use only one word -- well or poorly -- to answer)
Image size: 9092 bytes
Response status code: 200
{'model': 'deepseek-ocr:3b', 'created_at': '2025-12-08T08:22:50.784823218Z', 'message': {'role': 'assistant', 'content': 'Well'}, 'done': True, 'done_reason': 'stop', 'total_duration': 9905929150, 'load_duration': 8666941378, 'prompt_eval_count': 520, 'prompt_eval_duration': 422015325, 'eval_count': 2, 'eval_duration': 4289946}
Response: Well
Analyzing frame 25/36: q_warmup_3_main_1_30fps_frame0013.png
Prompt: Given the human reaction shown in the image, do you think the situation observed by that human ends well or poorly? (Use only one word -- well or poorly -- to answer)
Image size: 11816 bytes
Response status code: 200
{'model': 'deepseek-ocr:3b', 'created_at': '2025-12-08T08:23:00.693527985Z', 'message': {'role': 'assistant', 'content': 'Well'}, 'done': True, 'done_reason': 'stop', 'total_duration': 8849889916, 'load_duration': 7669989994, 'prompt_eval_count': 520, 'prompt_eval_duration': 434193273, 'eval_count': 2, 'eval_duration': 5709472}
Response: Well
Analyzing frame 26/36: q_warmup_3_main_1_30fps_frame0028.png
Prompt: Given the human reaction shown in the image, do you think the situation observed by that human ends well or poorly? (Use only one word -- well or poorly -- to answer)
Image size: 11820 bytes
Response status code: 200
{'model': 'deepseek-ocr:3b', 'created_at': '2025-12-08T08:23:10.835044257Z', 'message': {'role': 'assistant', 'content': 'Well'}, 'done': True, 'done_reason': 'stop', 'total_duration': 9118397843, 'load_duration': 7955139883, 'prompt_eval_count': 520, 'prompt_eval_duration': 424132595, 'eval_count': 2, 'eval_duration': 4200383}
Response: Well
Analyzing frame 27/36: q_warmup_3_main_1_30fps_frame0043.png
Prompt: Given the human reaction shown in the image, do you think the situation observed by that human ends well or poorly? (Use only one word -- well or poorly -- to answer)
Image size: 11836 bytes
Response status code: 200
{'model': 'deepseek-ocr:3b', 'created_at': '2025-12-08T08:23:20.738544582Z', 'message': {'role': 'assistant', 'content': 'Well'}, 'done': True, 'done_reason': 'stop', 'total_duration': 8880747557, 'load_duration': 7718684331, 'prompt_eval_count': 520, 'prompt_eval_duration': 430817543, 'eval_count': 2, 'eval_duration': 4324868}
Response: Well
Analyzing frame 28/36: q_warmup_3_main_1_30fps_frame0058.png
Prompt: Given the human reaction shown in the image, do you think the situation observed by that human ends well or poorly? (Use only one word -- well or poorly -- to answer)
Image size: 11792 bytes
Response status code: 200
{'model': 'deepseek-ocr:3b', 'created_at': '2025-12-08T08:23:30.737403874Z', 'message': {'role': 'assistant', 'content': 'Well'}, 'done': True, 'done_reason': 'stop', 'total_duration': 8977542891, 'load_duration': 7636846226, 'prompt_eval_count': 520, 'prompt_eval_duration': 438890065, 'eval_count': 2, 'eval_duration': 4448914}
Response: Well
Analyzing frame 29/36: q_warmup_3_main_1_30fps_frame0073.png
Prompt: Given the human reaction shown in the image, do you think the situation observed by that human ends well or poorly? (Use only one word -- well or poorly -- to answer)
Image size: 11808 bytes
Response status code: 200
{'model': 'deepseek-ocr:3b', 'created_at': '2025-12-08T08:23:40.85223774Z', 'message': {'role': 'assistant', 'content': 'Well'}, 'done': True, 'done_reason': 'stop', 'total_duration': 9077030155, 'load_duration': 7817649969, 'prompt_eval_count': 520, 'prompt_eval_duration': 425408695, 'eval_count': 2, 'eval_duration': 4339092}
Response: Well
Analyzing frame 30/36: q_warmup_3_main_1_30fps_frame0088.png
Prompt: Given the human reaction shown in the image, do you think the situation observed by that human ends well or poorly? (Use only one word -- well or poorly -- to answer)
Image size: 11780 bytes
Response status code: 200
{'model': 'deepseek-ocr:3b', 'created_at': '2025-12-08T08:23:50.944907188Z', 'message': {'role': 'assistant', 'content': 'Well'}, 'done': True, 'done_reason': 'stop', 'total_duration': 9066759331, 'load_duration': 7898739538, 'prompt_eval_count': 520, 'prompt_eval_duration': 425047059, 'eval_count': 2, 'eval_duration': 4209591}
Response: Well
Analyzing frame 31/36: q_warmup_5_main_1_30fps_frame0014.png
Prompt: Given the human reaction shown in the image, do you think the situation observed by that human ends well or poorly? (Use only one word -- well or poorly -- to answer)
Image size: 12496 bytes
Response status code: 200
{'model': 'deepseek-ocr:3b', 'created_at': '2025-12-08T08:24:01.014028916Z', 'message': {'role': 'assistant', 'content': 'Well'}, 'done': True, 'done_reason': 'stop', 'total_duration': 9044306460, 'load_duration': 7845917682, 'prompt_eval_count': 520, 'prompt_eval_duration': 426825371, 'eval_count': 2, 'eval_duration': 4217694}
Response: Well
Analyzing frame 32/36: q_warmup_5_main_1_30fps_frame0029.png
Prompt: Given the human reaction shown in the image, do you think the situation observed by that human ends well or poorly? (Use only one word -- well or poorly -- to answer)
Image size: 12488 bytes
Response status code: 200
{'model': 'deepseek-ocr:3b', 'created_at': '2025-12-08T08:24:10.992013366Z', 'message': {'role': 'assistant', 'content': 'Well'}, 'done': True, 'done_reason': 'stop', 'total_duration': 8953900292, 'load_duration': 7800541394, 'prompt_eval_count': 520, 'prompt_eval_duration': 412897359, 'eval_count': 2, 'eval_duration': 4264068}
Response: Well
Analyzing frame 33/36: q_warmup_5_main_1_30fps_frame0044.png
Prompt: Given the human reaction shown in the image, do you think the situation observed by that human ends well or poorly? (Use only one word -- well or poorly -- to answer)
Image size: 12572 bytes
Response status code: 200
{'model': 'deepseek-ocr:3b', 'created_at': '2025-12-08T08:24:21.461186376Z', 'message': {'role': 'assistant', 'content': 'Well'}, 'done': True, 'done_reason': 'stop', 'total_duration': 9448234612, 'load_duration': 8197449772, 'prompt_eval_count': 520, 'prompt_eval_duration': 450604838, 'eval_count': 2, 'eval_duration': 4430233}
Response: Well
Analyzing frame 34/36: q_warmup_5_main_1_30fps_frame0059.png
Prompt: Given the human reaction shown in the image, do you think the situation observed by that human ends well or poorly? (Use only one word -- well or poorly -- to answer)
Image size: 12540 bytes
Response status code: 200
{'model': 'deepseek-ocr:3b', 'created_at': '2025-12-08T08:24:32.156802467Z', 'message': {'role': 'assistant', 'content': 'Well'}, 'done': True, 'done_reason': 'stop', 'total_duration': 9652315267, 'load_duration': 8514201032, 'prompt_eval_count': 520, 'prompt_eval_duration': 431105312, 'eval_count': 2, 'eval_duration': 4213059}
Response: Well
Analyzing frame 35/36: q_warmup_5_main_1_30fps_frame0074.png
Prompt: Given the human reaction shown in the image, do you think the situation observed by that human ends well or poorly? (Use only one word -- well or poorly -- to answer)
Image size: 12500 bytes
Response status code: 200
{'model': 'deepseek-ocr:3b', 'created_at': '2025-12-08T08:24:42.271655369Z', 'message': {'role': 'assistant', 'content': 'Well'}, 'done': True, 'done_reason': 'stop', 'total_duration': 9078528294, 'load_duration': 7827685292, 'prompt_eval_count': 520, 'prompt_eval_duration': 449904176, 'eval_count': 2, 'eval_duration': 4441464}
Response: Well
Analyzing frame 36/36: q_warmup_5_main_1_30fps_frame0089.png
Prompt: Given the human reaction shown in the image, do you think the situation observed by that human ends well or poorly? (Use only one word -- well or poorly -- to answer)
Image size: 12464 bytes
Response status code: 200
{'model': 'deepseek-ocr:3b', 'created_at': '2025-12-08T08:24:52.245859613Z', 'message': {'role': 'assistant', 'content': 'Well'}, 'done': True, 'done_reason': 'stop', 'total_duration': 8950320061, 'load_duration': 7720447600, 'prompt_eval_count': 520, 'prompt_eval_duration': 425626294, 'eval_count': 2, 'eval_duration': 4222008}
Response: Well
Processed 36 frames for participant 7782

Results saved to ./results/results_deepseek-ocr_3s.csv
Total frames in CSV: 4350

==================================================
Processing participant 19/27: 7797

Processing participant: 7797
Found 60 unprocessed frames for this participant
Analyzing frame 1/60: q_12_main_1_30fps_frame0015.png
Prompt: Given the human reaction shown in the image, do you think the situation observed by that human ends well or poorly? (Use only one word -- well or poorly -- to answer)
Image size: 12944 bytes
Response status code: 200
{'model': 'deepseek-ocr:3b', 'created_at': '2025-12-08T08:25:02.102044182Z', 'message': {'role': 'assistant', 'content': 'Well'}, 'done': True, 'done_reason': 'stop', 'total_duration': 8750137942, 'load_duration': 7535498399, 'prompt_eval_count': 520, 'prompt_eval_duration': 418155962, 'eval_count': 2, 'eval_duration': 4221631}
Response: Well
Analyzing frame 2/60: q_12_main_1_30fps_frame0030.png
Prompt: Given the human reaction shown in the image, do you think the situation observed by that human ends well or poorly? (Use only one word -- well or poorly -- to answer)
Image size: 12948 bytes
Response status code: 200
{'model': 'deepseek-ocr:3b', 'created_at': '2025-12-08T08:25:12.46913216Z', 'message': {'role': 'assistant', 'content': 'Well'}, 'done': True, 'done_reason': 'stop', 'total_duration': 9340562459, 'load_duration': 8159135981, 'prompt_eval_count': 520, 'prompt_eval_duration': 442845981, 'eval_count': 2, 'eval_duration': 4351725}
Response: Well
Analyzing frame 3/60: q_12_main_1_30fps_frame0045.png
Prompt: Given the human reaction shown in the image, do you think the situation observed by that human ends well or poorly? (Use only one word -- well or poorly -- to answer)
Image size: 12884 bytes
Response status code: 200
{'model': 'deepseek-ocr:3b', 'created_at': '2025-12-08T08:25:22.852767908Z', 'message': {'role': 'assistant', 'content': 'Well'}, 'done': True, 'done_reason': 'stop', 'total_duration': 9366546648, 'load_duration': 8171655371, 'prompt_eval_count': 520, 'prompt_eval_duration': 421752797, 'eval_count': 2, 'eval_duration': 4202198}
Response: Well
Analyzing frame 4/60: q_12_main_1_30fps_frame0060.png
Prompt: Given the human reaction shown in the image, do you think the situation observed by that human ends well or poorly? (Use only one word -- well or poorly -- to answer)
Image size: 12888 bytes
Response status code: 200
{'model': 'deepseek-ocr:3b', 'created_at': '2025-12-08T08:25:32.609477912Z', 'message': {'role': 'assistant', 'content': 'Well'}, 'done': True, 'done_reason': 'stop', 'total_duration': 8726904832, 'load_duration': 7589801925, 'prompt_eval_count': 520, 'prompt_eval_duration': 427253696, 'eval_count': 2, 'eval_duration': 4218778}
Response: Well
Analyzing frame 5/60: q_12_main_1_30fps_frame0075.png
Prompt: Given the human reaction shown in the image, do you think the situation observed by that human ends well or poorly? (Use only one word -- well or poorly -- to answer)
Image size: 12880 bytes
Response status code: 200
{'model': 'deepseek-ocr:3b', 'created_at': '2025-12-08T08:25:42.48512723Z', 'message': {'role': 'assistant', 'content': 'Well'}, 'done': True, 'done_reason': 'stop', 'total_duration': 8833783071, 'load_duration': 7703185929, 'prompt_eval_count': 520, 'prompt_eval_duration': 410458721, 'eval_count': 2, 'eval_duration': 4246679}
Response: Well
Analyzing frame 6/60: q_12_main_1_30fps_frame0090.png
Prompt: Given the human reaction shown in the image, do you think the situation observed by that human ends well or poorly? (Use only one word -- well or poorly -- to answer)
Image size: 12824 bytes
Response status code: 200
{'model': 'deepseek-ocr:3b', 'created_at': '2025-12-08T08:25:52.647177023Z', 'message': {'role': 'assistant', 'content': 'Well'}, 'done': True, 'done_reason': 'stop', 'total_duration': 9131119165, 'load_duration': 7972187605, 'prompt_eval_count': 520, 'prompt_eval_duration': 414919196, 'eval_count': 2, 'eval_duration': 4307029}
Response: Well
Analyzing frame 7/60: q_14_main_0_30fps_frame0013.png
Prompt: Given the human reaction shown in the image, do you think the situation observed by that human ends well or poorly? (Use only one word -- well or poorly -- to answer)
Image size: 13652 bytes
Response status code: 200
{'model': 'deepseek-ocr:3b', 'created_at': '2025-12-08T08:26:02.553286228Z', 'message': {'role': 'assistant', 'content': 'Well'}, 'done': True, 'done_reason': 'stop', 'total_duration': 8863334230, 'load_duration': 7745688750, 'prompt_eval_count': 520, 'prompt_eval_duration': 421433119, 'eval_count': 2, 'eval_duration': 4579170}
Response: Well
Analyzing frame 8/60: q_14_main_0_30fps_frame0028.png
Prompt: Given the human reaction shown in the image, do you think the situation observed by that human ends well or poorly? (Use only one word -- well or poorly -- to answer)
Image size: 12484 bytes
Response status code: 200
{'model': 'deepseek-ocr:3b', 'created_at': '2025-12-08T08:26:12.173581937Z', 'message': {'role': 'assistant', 'content': 'Well'}, 'done': True, 'done_reason': 'stop', 'total_duration': 8589510890, 'load_duration': 7362889892, 'prompt_eval_count': 520, 'prompt_eval_duration': 445221039, 'eval_count': 2, 'eval_duration': 4443225}
Response: Well
Analyzing frame 9/60: q_14_main_0_30fps_frame0043.png
Prompt: Given the human reaction shown in the image, do you think the situation observed by that human ends well or poorly? (Use only one word -- well or poorly -- to answer)
Image size: 12904 bytes
Response status code: 200
{'model': 'deepseek-ocr:3b', 'created_at': '2025-12-08T08:26:22.465612092Z', 'message': {'role': 'assistant', 'content': 'Well'}, 'done': True, 'done_reason': 'stop', 'total_duration': 9243874389, 'load_duration': 8039243749, 'prompt_eval_count': 520, 'prompt_eval_duration': 421245358, 'eval_count': 2, 'eval_duration': 4198041}
Response: Well
Analyzing frame 10/60: q_14_main_0_30fps_frame0058.png
Prompt: Given the human reaction shown in the image, do you think the situation observed by that human ends well or poorly? (Use only one word -- well or poorly -- to answer)
Image size: 12952 bytes
Response status code: 200
{'model': 'deepseek-ocr:3b', 'created_at': '2025-12-08T08:26:32.315886643Z', 'message': {'role': 'assistant', 'content': 'Well'}, 'done': True, 'done_reason': 'stop', 'total_duration': 8795616385, 'load_duration': 7564729151, 'prompt_eval_count': 520, 'prompt_eval_duration': 478450739, 'eval_count': 2, 'eval_duration': 4431174}
Response: Well
Analyzing frame 11/60: q_14_main_0_30fps_frame0073.png
Prompt: Given the human reaction shown in the image, do you think the situation observed by that human ends well or poorly? (Use only one word -- well or poorly -- to answer)
Image size: 12932 bytes
Response status code: 200
{'model': 'deepseek-ocr:3b', 'created_at': '2025-12-08T08:26:42.639387821Z', 'message': {'role': 'assistant', 'content': 'Well'}, 'done': True, 'done_reason': 'stop', 'total_duration': 9281928199, 'load_duration': 8074289545, 'prompt_eval_count': 520, 'prompt_eval_duration': 421572795, 'eval_count': 2, 'eval_duration': 4204337}
Response: Well
Analyzing frame 12/60: q_14_main_0_30fps_frame0088.png
Prompt: Given the human reaction shown in the image, do you think the situation observed by that human ends well or poorly? (Use only one word -- well or poorly -- to answer)
Image size: 12904 bytes
Response status code: 200
{'model': 'deepseek-ocr:3b', 'created_at': '2025-12-08T08:26:52.566016001Z', 'message': {'role': 'assistant', 'content': 'Well'}, 'done': True, 'done_reason': 'stop', 'total_duration': 8896415014, 'load_duration': 7724262230, 'prompt_eval_count': 520, 'prompt_eval_duration': 420796317, 'eval_count': 2, 'eval_duration': 4795147}
Response: Well
Analyzing frame 13/60: q_19_main_0_30fps_frame0015.png
Prompt: Given the human reaction shown in the image, do you think the situation observed by that human ends well or poorly? (Use only one word -- well or poorly -- to answer)
Image size: 12712 bytes
Response status code: 200
{'model': 'deepseek-ocr:3b', 'created_at': '2025-12-08T08:27:02.720506499Z', 'message': {'role': 'assistant', 'content': 'Well'}, 'done': True, 'done_reason': 'stop', 'total_duration': 9110347655, 'load_duration': 7860263034, 'prompt_eval_count': 520, 'prompt_eval_duration': 428525955, 'eval_count': 2, 'eval_duration': 4205689}
Response: Well
Analyzing frame 14/60: q_19_main_0_30fps_frame0030.png
Prompt: Given the human reaction shown in the image, do you think the situation observed by that human ends well or poorly? (Use only one word -- well or poorly -- to answer)
Image size: 12696 bytes
Response status code: 200
{'model': 'deepseek-ocr:3b', 'created_at': '2025-12-08T08:27:12.86296537Z', 'message': {'role': 'assistant', 'content': 'Well'}, 'done': True, 'done_reason': 'stop', 'total_duration': 9115126334, 'load_duration': 7979547655, 'prompt_eval_count': 520, 'prompt_eval_duration': 424365784, 'eval_count': 2, 'eval_duration': 4231258}
Response: Well
Analyzing frame 15/60: q_19_main_0_30fps_frame0045.png
Prompt: Given the human reaction shown in the image, do you think the situation observed by that human ends well or poorly? (Use only one word -- well or poorly -- to answer)
Image size: 12844 bytes
Response status code: 200
{'model': 'deepseek-ocr:3b', 'created_at': '2025-12-08T08:27:22.60524989Z', 'message': {'role': 'assistant', 'content': 'Well'}, 'done': True, 'done_reason': 'stop', 'total_duration': 8719760715, 'load_duration': 7530483671, 'prompt_eval_count': 520, 'prompt_eval_duration': 418304972, 'eval_count': 2, 'eval_duration': 4371688}
Response: Well
Analyzing frame 16/60: q_19_main_0_30fps_frame0060.png
Prompt: Given the human reaction shown in the image, do you think the situation observed by that human ends well or poorly? (Use only one word -- well or poorly -- to answer)
Image size: 12848 bytes
Response status code: 200
{'model': 'deepseek-ocr:3b', 'created_at': '2025-12-08T08:27:32.722815081Z', 'message': {'role': 'assistant', 'content': 'Well'}, 'done': True, 'done_reason': 'stop', 'total_duration': 9087541594, 'load_duration': 7927253461, 'prompt_eval_count': 520, 'prompt_eval_duration': 444081154, 'eval_count': 2, 'eval_duration': 4816303}
Response: Well
Analyzing frame 17/60: q_19_main_0_30fps_frame0075.png
Prompt: Given the human reaction shown in the image, do you think the situation observed by that human ends well or poorly? (Use only one word -- well or poorly -- to answer)
Image size: 12760 bytes
Response status code: 200
{'model': 'deepseek-ocr:3b', 'created_at': '2025-12-08T08:27:42.958354Z', 'message': {'role': 'assistant', 'content': 'Well'}, 'done': True, 'done_reason': 'stop', 'total_duration': 9186735933, 'load_duration': 7831441575, 'prompt_eval_count': 520, 'prompt_eval_duration': 492095896, 'eval_count': 2, 'eval_duration': 4229347}
Response: Well
Analyzing frame 18/60: q_19_main_0_30fps_frame0090.png
Prompt: Given the human reaction shown in the image, do you think the situation observed by that human ends well or poorly? (Use only one word -- well or poorly -- to answer)
Image size: 12676 bytes
Response status code: 200
{'model': 'deepseek-ocr:3b', 'created_at': '2025-12-08T08:27:53.174487197Z', 'message': {'role': 'assistant', 'content': 'Well'}, 'done': True, 'done_reason': 'stop', 'total_duration': 9168286873, 'load_duration': 7911187347, 'prompt_eval_count': 520, 'prompt_eval_duration': 419265586, 'eval_count': 2, 'eval_duration': 4187505}
Response: Well
Analyzing frame 19/60: q_21_main_0_30fps_frame0014.png
Prompt: Given the human reaction shown in the image, do you think the situation observed by that human ends well or poorly? (Use only one word -- well or poorly -- to answer)
Image size: 12760 bytes
Response status code: 200
{'model': 'deepseek-ocr:3b', 'created_at': '2025-12-08T08:28:03.127092847Z', 'message': {'role': 'assistant', 'content': 'Well'}, 'done': True, 'done_reason': 'stop', 'total_duration': 8924073554, 'load_duration': 7655758170, 'prompt_eval_count': 520, 'prompt_eval_duration': 422134730, 'eval_count': 2, 'eval_duration': 4206289}
Response: Well
Analyzing frame 20/60: q_21_main_0_30fps_frame0029.png
Prompt: Given the human reaction shown in the image, do you think the situation observed by that human ends well or poorly? (Use only one word -- well or poorly -- to answer)
Image size: 12812 bytes
Response status code: 200
{'model': 'deepseek-ocr:3b', 'created_at': '2025-12-08T08:28:13.029028259Z', 'message': {'role': 'assistant', 'content': 'Well'}, 'done': True, 'done_reason': 'stop', 'total_duration': 8875179337, 'load_duration': 7708170867, 'prompt_eval_count': 520, 'prompt_eval_duration': 423292130, 'eval_count': 2, 'eval_duration': 4343864}
Response: Well
Analyzing frame 21/60: q_21_main_0_30fps_frame0044.png
Prompt: Given the human reaction shown in the image, do you think the situation observed by that human ends well or poorly? (Use only one word -- well or poorly -- to answer)
Image size: 12756 bytes
Response status code: 200
{'model': 'deepseek-ocr:3b', 'created_at': '2025-12-08T08:28:22.798143586Z', 'message': {'role': 'assistant', 'content': 'Well'}, 'done': True, 'done_reason': 'stop', 'total_duration': 8726623153, 'load_duration': 7593095246, 'prompt_eval_count': 520, 'prompt_eval_duration': 421763235, 'eval_count': 2, 'eval_duration': 4385915}
Response: Well
Analyzing frame 22/60: q_21_main_0_30fps_frame0059.png
Prompt: Given the human reaction shown in the image, do you think the situation observed by that human ends well or poorly? (Use only one word -- well or poorly -- to answer)
Image size: 12792 bytes
Response status code: 200
{'model': 'deepseek-ocr:3b', 'created_at': '2025-12-08T08:28:32.910654378Z', 'message': {'role': 'assistant', 'content': 'Well'}, 'done': True, 'done_reason': 'stop', 'total_duration': 9083266376, 'load_duration': 7869391247, 'prompt_eval_count': 520, 'prompt_eval_duration': 421906199, 'eval_count': 2, 'eval_duration': 4170247}
Response: Well
Analyzing frame 23/60: q_21_main_0_30fps_frame0074.png
Prompt: Given the human reaction shown in the image, do you think the situation observed by that human ends well or poorly? (Use only one word -- well or poorly -- to answer)
Image size: 12672 bytes
Response status code: 200
{'model': 'deepseek-ocr:3b', 'created_at': '2025-12-08T08:28:42.734266434Z', 'message': {'role': 'assistant', 'content': 'Well'}, 'done': True, 'done_reason': 'stop', 'total_duration': 8781626237, 'load_duration': 7573328547, 'prompt_eval_count': 520, 'prompt_eval_duration': 414550140, 'eval_count': 2, 'eval_duration': 4197361}
Response: Well
Analyzing frame 24/60: q_21_main_0_30fps_frame0089.png
Prompt: Given the human reaction shown in the image, do you think the situation observed by that human ends well or poorly? (Use only one word -- well or poorly -- to answer)
Image size: 12624 bytes
Response status code: 200
{'model': 'deepseek-ocr:3b', 'created_at': '2025-12-08T08:28:52.492616078Z', 'message': {'role': 'assistant', 'content': 'Well'}, 'done': True, 'done_reason': 'stop', 'total_duration': 8729725613, 'load_duration': 7517100557, 'prompt_eval_count': 520, 'prompt_eval_duration': 421274456, 'eval_count': 2, 'eval_duration': 4197040}
Response: Well
Analyzing frame 25/60: q_23_main_0_30fps_frame0014.png
Prompt: Given the human reaction shown in the image, do you think the situation observed by that human ends well or poorly? (Use only one word -- well or poorly -- to answer)
Image size: 12948 bytes
Response status code: 200
{'model': 'deepseek-ocr:3b', 'created_at': '2025-12-08T08:29:02.699077976Z', 'message': {'role': 'assistant', 'content': 'Well'}, 'done': True, 'done_reason': 'stop', 'total_duration': 9163861252, 'load_duration': 7997504831, 'prompt_eval_count': 520, 'prompt_eval_duration': 418714677, 'eval_count': 2, 'eval_duration': 4210822}
Response: Well
Analyzing frame 26/60: q_23_main_0_30fps_frame0029.png
Prompt: Given the human reaction shown in the image, do you think the situation observed by that human ends well or poorly? (Use only one word -- well or poorly -- to answer)
Image size: 12712 bytes
Response status code: 200
{'model': 'deepseek-ocr:3b', 'created_at': '2025-12-08T08:29:12.605831237Z', 'message': {'role': 'assistant', 'content': 'Well'}, 'done': True, 'done_reason': 'stop', 'total_duration': 8877025996, 'load_duration': 7743581341, 'prompt_eval_count': 520, 'prompt_eval_duration': 424147479, 'eval_count': 2, 'eval_duration': 4246213}
Response: Well
Analyzing frame 27/60: q_23_main_0_30fps_frame0044.png
Prompt: Given the human reaction shown in the image, do you think the situation observed by that human ends well or poorly? (Use only one word -- well or poorly -- to answer)
Image size: 12804 bytes
Response status code: 200
{'model': 'deepseek-ocr:3b', 'created_at': '2025-12-08T08:29:22.348236923Z', 'message': {'role': 'assistant', 'content': 'Well'}, 'done': True, 'done_reason': 'stop', 'total_duration': 8693711914, 'load_duration': 7569292835, 'prompt_eval_count': 520, 'prompt_eval_duration': 411587546, 'eval_count': 2, 'eval_duration': 4744892}
Response: Well
Analyzing frame 28/60: q_23_main_0_30fps_frame0059.png
Prompt: Given the human reaction shown in the image, do you think the situation observed by that human ends well or poorly? (Use only one word -- well or poorly -- to answer)
Image size: 12776 bytes
Response status code: 200
{'model': 'deepseek-ocr:3b', 'created_at': '2025-12-08T08:29:32.4608222Z', 'message': {'role': 'assistant', 'content': 'Well'}, 'done': True, 'done_reason': 'stop', 'total_duration': 9084044066, 'load_duration': 7900681880, 'prompt_eval_count': 520, 'prompt_eval_duration': 416370892, 'eval_count': 2, 'eval_duration': 4765475}
Response: Well
Analyzing frame 29/60: q_23_main_0_30fps_frame0074.png
Prompt: Given the human reaction shown in the image, do you think the situation observed by that human ends well or poorly? (Use only one word -- well or poorly -- to answer)
Image size: 12860 bytes
Response status code: 200
{'model': 'deepseek-ocr:3b', 'created_at': '2025-12-08T08:29:42.495530067Z', 'message': {'role': 'assistant', 'content': 'Well'}, 'done': True, 'done_reason': 'stop', 'total_duration': 8991249451, 'load_duration': 7804319999, 'prompt_eval_count': 520, 'prompt_eval_duration': 421998268, 'eval_count': 2, 'eval_duration': 4197367}
Response: Well
Analyzing frame 30/60: q_23_main_0_30fps_frame0089.png
Prompt: Given the human reaction shown in the image, do you think the situation observed by that human ends well or poorly? (Use only one word -- well or poorly -- to answer)
Image size: 12800 bytes
Response status code: 200
{'model': 'deepseek-ocr:3b', 'created_at': '2025-12-08T08:29:52.33083377Z', 'message': {'role': 'assistant', 'content': 'Well'}, 'done': True, 'done_reason': 'stop', 'total_duration': 8808444995, 'load_duration': 7672391688, 'prompt_eval_count': 520, 'prompt_eval_duration': 420026509, 'eval_count': 2, 'eval_duration': 4218712}
Response: Well
Analyzing frame 31/60: q_28_main_1_30fps_frame0014.png
Prompt: Given the human reaction shown in the image, do you think the situation observed by that human ends well or poorly? (Use only one word -- well or poorly -- to answer)
Image size: 12524 bytes
Response status code: 200
{'model': 'deepseek-ocr:3b', 'created_at': '2025-12-08T08:30:02.348141475Z', 'message': {'role': 'assistant', 'content': 'Well'}, 'done': True, 'done_reason': 'stop', 'total_duration': 8970622296, 'load_duration': 7804050582, 'prompt_eval_count': 520, 'prompt_eval_duration': 417384821, 'eval_count': 2, 'eval_duration': 4293170}
Response: Well
Analyzing frame 32/60: q_28_main_1_30fps_frame0029.png
Prompt: Given the human reaction shown in the image, do you think the situation observed by that human ends well or poorly? (Use only one word -- well or poorly -- to answer)
Image size: 12672 bytes
Response status code: 200
{'model': 'deepseek-ocr:3b', 'created_at': '2025-12-08T08:30:12.294877348Z', 'message': {'role': 'assistant', 'content': 'Well'}, 'done': True, 'done_reason': 'stop', 'total_duration': 8917812855, 'load_duration': 7712620233, 'prompt_eval_count': 520, 'prompt_eval_duration': 421037194, 'eval_count': 2, 'eval_duration': 4193262}
Response: Well
Analyzing frame 33/60: q_28_main_1_30fps_frame0044.png
Prompt: Given the human reaction shown in the image, do you think the situation observed by that human ends well or poorly? (Use only one word -- well or poorly -- to answer)
Image size: 12788 bytes
Response status code: 200
{'model': 'deepseek-ocr:3b', 'created_at': '2025-12-08T08:30:22.440030169Z', 'message': {'role': 'assistant', 'content': 'Well'}, 'done': True, 'done_reason': 'stop', 'total_duration': 9106090261, 'load_duration': 7954220139, 'prompt_eval_count': 520, 'prompt_eval_duration': 428430113, 'eval_count': 2, 'eval_duration': 4202479}
Response: Well
Analyzing frame 34/60: q_28_main_1_30fps_frame0059.png
Prompt: Given the human reaction shown in the image, do you think the situation observed by that human ends well or poorly? (Use only one word -- well or poorly -- to answer)
Image size: 12828 bytes
Response status code: 200
{'model': 'deepseek-ocr:3b', 'created_at': '2025-12-08T08:30:32.536013404Z', 'message': {'role': 'assistant', 'content': 'Well'}, 'done': True, 'done_reason': 'stop', 'total_duration': 9060464646, 'load_duration': 7893629909, 'prompt_eval_count': 520, 'prompt_eval_duration': 421048480, 'eval_count': 2, 'eval_duration': 4209406}
Response: Well
Analyzing frame 35/60: q_28_main_1_30fps_frame0074.png
Prompt: Given the human reaction shown in the image, do you think the situation observed by that human ends well or poorly? (Use only one word -- well or poorly -- to answer)
Image size: 12900 bytes
Response status code: 200
{'model': 'deepseek-ocr:3b', 'created_at': '2025-12-08T08:30:42.339344871Z', 'message': {'role': 'assistant', 'content': 'Well'}, 'done': True, 'done_reason': 'stop', 'total_duration': 8777105490, 'load_duration': 7620157626, 'prompt_eval_count': 520, 'prompt_eval_duration': 424323936, 'eval_count': 2, 'eval_duration': 4187997}
Response: Well
Analyzing frame 36/60: q_28_main_1_30fps_frame0089.png
Prompt: Given the human reaction shown in the image, do you think the situation observed by that human ends well or poorly? (Use only one word -- well or poorly -- to answer)
Image size: 12728 bytes
Response status code: 200
{'model': 'deepseek-ocr:3b', 'created_at': '2025-12-08T08:30:52.04769892Z', 'message': {'role': 'assistant', 'content': 'Well'}, 'done': True, 'done_reason': 'stop', 'total_duration': 8680191315, 'load_duration': 7520137656, 'prompt_eval_count': 520, 'prompt_eval_duration': 411792588, 'eval_count': 2, 'eval_duration': 4288068}
Response: Well
Analyzing frame 37/60: q_30_main_0_30fps_frame0014.png
Prompt: Given the human reaction shown in the image, do you think the situation observed by that human ends well or poorly? (Use only one word -- well or poorly -- to answer)
Image size: 12776 bytes
Response status code: 200
{'model': 'deepseek-ocr:3b', 'created_at': '2025-12-08T08:31:02.195559772Z', 'message': {'role': 'assistant', 'content': 'Well'}, 'done': True, 'done_reason': 'stop', 'total_duration': 9106608715, 'load_duration': 7838358809, 'prompt_eval_count': 520, 'prompt_eval_duration': 439813690, 'eval_count': 2, 'eval_duration': 4429150}
Response: Well
Analyzing frame 38/60: q_30_main_0_30fps_frame0029.png
Prompt: Given the human reaction shown in the image, do you think the situation observed by that human ends well or poorly? (Use only one word -- well or poorly -- to answer)
Image size: 12756 bytes
Response status code: 200
{'model': 'deepseek-ocr:3b', 'created_at': '2025-12-08T08:31:12.614417748Z', 'message': {'role': 'assistant', 'content': 'Well'}, 'done': True, 'done_reason': 'stop', 'total_duration': 9392432271, 'load_duration': 8225454586, 'prompt_eval_count': 520, 'prompt_eval_duration': 421685800, 'eval_count': 2, 'eval_duration': 4184874}
Response: Well
Analyzing frame 39/60: q_30_main_0_30fps_frame0044.png
Prompt: Given the human reaction shown in the image, do you think the situation observed by that human ends well or poorly? (Use only one word -- well or poorly -- to answer)
Image size: 12804 bytes
Response status code: 200
{'model': 'deepseek-ocr:3b', 'created_at': '2025-12-08T08:31:22.513449249Z', 'message': {'role': 'assistant', 'content': 'Well'}, 'done': True, 'done_reason': 'stop', 'total_duration': 8858286918, 'load_duration': 7681306260, 'prompt_eval_count': 520, 'prompt_eval_duration': 430058571, 'eval_count': 2, 'eval_duration': 4200113}
Response: Well
Analyzing frame 40/60: q_30_main_0_30fps_frame0059.png
Prompt: Given the human reaction shown in the image, do you think the situation observed by that human ends well or poorly? (Use only one word -- well or poorly -- to answer)
Image size: 12672 bytes
Response status code: 200
{'model': 'deepseek-ocr:3b', 'created_at': '2025-12-08T08:31:33.587327913Z', 'message': {'role': 'assistant', 'content': 'Well'}, 'done': True, 'done_reason': 'stop', 'total_duration': 10042596378, 'load_duration': 8827079685, 'prompt_eval_count': 520, 'prompt_eval_duration': 415970090, 'eval_count': 2, 'eval_duration': 4195887}
Response: Well
Analyzing frame 41/60: q_30_main_0_30fps_frame0074.png
Prompt: Given the human reaction shown in the image, do you think the situation observed by that human ends well or poorly? (Use only one word -- well or poorly -- to answer)
Image size: 12656 bytes
Response status code: 200
{'model': 'deepseek-ocr:3b', 'created_at': '2025-12-08T08:31:43.543231104Z', 'message': {'role': 'assistant', 'content': 'Well'}, 'done': True, 'done_reason': 'stop', 'total_duration': 8915303833, 'load_duration': 7624709123, 'prompt_eval_count': 520, 'prompt_eval_duration': 422449789, 'eval_count': 2, 'eval_duration': 4241775}
Response: Well
Analyzing frame 42/60: q_30_main_0_30fps_frame0089.png
Prompt: Given the human reaction shown in the image, do you think the situation observed by that human ends well or poorly? (Use only one word -- well or poorly -- to answer)
Image size: 12800 bytes
Response status code: 200
{'model': 'deepseek-ocr:3b', 'created_at': '2025-12-08T08:31:53.457074041Z', 'message': {'role': 'assistant', 'content': 'Well'}, 'done': True, 'done_reason': 'stop', 'total_duration': 8871455114, 'load_duration': 7727084396, 'prompt_eval_count': 520, 'prompt_eval_duration': 423815176, 'eval_count': 2, 'eval_duration': 4222692}
Response: Well
Analyzing frame 43/60: q_4_main_1_30fps_frame0014.png
Prompt: Given the human reaction shown in the image, do you think the situation observed by that human ends well or poorly? (Use only one word -- well or poorly -- to answer)
Image size: 12740 bytes
Response status code: 200
{'model': 'deepseek-ocr:3b', 'created_at': '2025-12-08T08:32:03.74316052Z', 'message': {'role': 'assistant', 'content': 'Well'}, 'done': True, 'done_reason': 'stop', 'total_duration': 9246564613, 'load_duration': 8046434482, 'prompt_eval_count': 520, 'prompt_eval_duration': 421304246, 'eval_count': 2, 'eval_duration': 4201675}
Response: Well
Analyzing frame 44/60: q_4_main_1_30fps_frame0029.png
Prompt: Given the human reaction shown in the image, do you think the situation observed by that human ends well or poorly? (Use only one word -- well or poorly -- to answer)
Image size: 12652 bytes
Response status code: 200
{'model': 'deepseek-ocr:3b', 'created_at': '2025-12-08T08:32:13.756510835Z', 'message': {'role': 'assistant', 'content': 'Well'}, 'done': True, 'done_reason': 'stop', 'total_duration': 8985257466, 'load_duration': 7856070303, 'prompt_eval_count': 520, 'prompt_eval_duration': 420112736, 'eval_count': 2, 'eval_duration': 4218402}
Response: Well
Analyzing frame 45/60: q_4_main_1_30fps_frame0044.png
Prompt: Given the human reaction shown in the image, do you think the situation observed by that human ends well or poorly? (Use only one word -- well or poorly -- to answer)
Image size: 12732 bytes
Response status code: 200
{'model': 'deepseek-ocr:3b', 'created_at': '2025-12-08T08:32:23.765625875Z', 'message': {'role': 'assistant', 'content': 'Well'}, 'done': True, 'done_reason': 'stop', 'total_duration': 8965659621, 'load_duration': 7823416864, 'prompt_eval_count': 520, 'prompt_eval_duration': 425519791, 'eval_count': 2, 'eval_duration': 4226327}
Response: Well
Analyzing frame 46/60: q_4_main_1_30fps_frame0059.png
Prompt: Given the human reaction shown in the image, do you think the situation observed by that human ends well or poorly? (Use only one word -- well or poorly -- to answer)
Image size: 12616 bytes
Response status code: 200
{'model': 'deepseek-ocr:3b', 'created_at': '2025-12-08T08:32:33.897627338Z', 'message': {'role': 'assistant', 'content': 'Well'}, 'done': True, 'done_reason': 'stop', 'total_duration': 9101149863, 'load_duration': 7939248995, 'prompt_eval_count': 520, 'prompt_eval_duration': 409789490, 'eval_count': 2, 'eval_duration': 4458903}
Response: Well
Analyzing frame 47/60: q_4_main_1_30fps_frame0074.png
Prompt: Given the human reaction shown in the image, do you think the situation observed by that human ends well or poorly? (Use only one word -- well or poorly -- to answer)
Image size: 12716 bytes
Response status code: 200
{'model': 'deepseek-ocr:3b', 'created_at': '2025-12-08T08:32:44.444948325Z', 'message': {'role': 'assistant', 'content': 'Well'}, 'done': True, 'done_reason': 'stop', 'total_duration': 9515485879, 'load_duration': 8355716864, 'prompt_eval_count': 520, 'prompt_eval_duration': 438591885, 'eval_count': 2, 'eval_duration': 4207192}
Response: Well
Analyzing frame 48/60: q_4_main_1_30fps_frame0089.png
Prompt: Given the human reaction shown in the image, do you think the situation observed by that human ends well or poorly? (Use only one word -- well or poorly -- to answer)
Image size: 12600 bytes
Response status code: 200
{'model': 'deepseek-ocr:3b', 'created_at': '2025-12-08T08:32:54.386427477Z', 'message': {'role': 'assistant', 'content': 'Well'}, 'done': True, 'done_reason': 'stop', 'total_duration': 8910399262, 'load_duration': 7748250174, 'prompt_eval_count': 520, 'prompt_eval_duration': 422499084, 'eval_count': 2, 'eval_duration': 4201027}
Response: Well
Analyzing frame 49/60: q_5_main_0_30fps_frame0015.png
Prompt: Given the human reaction shown in the image, do you think the situation observed by that human ends well or poorly? (Use only one word -- well or poorly -- to answer)
Image size: 12748 bytes
Response status code: 200
{'model': 'deepseek-ocr:3b', 'created_at': '2025-12-08T08:33:04.286598328Z', 'message': {'role': 'assistant', 'content': 'Well'}, 'done': True, 'done_reason': 'stop', 'total_duration': 8859505877, 'load_duration': 7655369456, 'prompt_eval_count': 520, 'prompt_eval_duration': 450397873, 'eval_count': 2, 'eval_duration': 4189283}
Response: Well
Analyzing frame 50/60: q_5_main_0_30fps_frame0030.png
Prompt: Given the human reaction shown in the image, do you think the situation observed by that human ends well or poorly? (Use only one word -- well or poorly -- to answer)
Image size: 12864 bytes
Response status code: 200
{'model': 'deepseek-ocr:3b', 'created_at': '2025-12-08T08:33:14.365283946Z', 'message': {'role': 'assistant', 'content': 'Well'}, 'done': True, 'done_reason': 'stop', 'total_duration': 9048362681, 'load_duration': 7840853585, 'prompt_eval_count': 520, 'prompt_eval_duration': 421069433, 'eval_count': 2, 'eval_duration': 4208729}
Response: Well
Analyzing frame 51/60: q_5_main_0_30fps_frame0045.png
Prompt: Given the human reaction shown in the image, do you think the situation observed by that human ends well or poorly? (Use only one word -- well or poorly -- to answer)
Image size: 12744 bytes
Response status code: 200
{'model': 'deepseek-ocr:3b', 'created_at': '2025-12-08T08:33:24.221597115Z', 'message': {'role': 'assistant', 'content': 'Well'}, 'done': True, 'done_reason': 'stop', 'total_duration': 8813067180, 'load_duration': 7635144100, 'prompt_eval_count': 520, 'prompt_eval_duration': 421156196, 'eval_count': 2, 'eval_duration': 4184319}
Response: Well
Analyzing frame 52/60: q_5_main_0_30fps_frame0060.png
Prompt: Given the human reaction shown in the image, do you think the situation observed by that human ends well or poorly? (Use only one word -- well or poorly -- to answer)
Image size: 12724 bytes
Response status code: 200
{'model': 'deepseek-ocr:3b', 'created_at': '2025-12-08T08:33:34.314164891Z', 'message': {'role': 'assistant', 'content': 'Well'}, 'done': True, 'done_reason': 'stop', 'total_duration': 9031524193, 'load_duration': 7858904096, 'prompt_eval_count': 520, 'prompt_eval_duration': 422588412, 'eval_count': 2, 'eval_duration': 4222314}
Response: Well
Analyzing frame 53/60: q_5_main_0_30fps_frame0075.png
Prompt: Given the human reaction shown in the image, do you think the situation observed by that human ends well or poorly? (Use only one word -- well or poorly -- to answer)
Image size: 12960 bytes
Response status code: 200
{'model': 'deepseek-ocr:3b', 'created_at': '2025-12-08T08:33:44.760099486Z', 'message': {'role': 'assistant', 'content': 'Well'}, 'done': True, 'done_reason': 'stop', 'total_duration': 9417633076, 'load_duration': 8174111971, 'prompt_eval_count': 520, 'prompt_eval_duration': 505997529, 'eval_count': 2, 'eval_duration': 4372147}
Response: Well
Analyzing frame 54/60: q_5_main_0_30fps_frame0090.png
Prompt: Given the human reaction shown in the image, do you think the situation observed by that human ends well or poorly? (Use only one word -- well or poorly -- to answer)
Image size: 12892 bytes
Response status code: 200
{'model': 'deepseek-ocr:3b', 'created_at': '2025-12-08T08:33:54.80323855Z', 'message': {'role': 'assistant', 'content': 'Well'}, 'done': True, 'done_reason': 'stop', 'total_duration': 9027226395, 'load_duration': 7803140347, 'prompt_eval_count': 520, 'prompt_eval_duration': 447546879, 'eval_count': 2, 'eval_duration': 4453281}
Response: Well
Analyzing frame 55/60: q_warmup_4_main_0_30fps_frame0015.png
Prompt: Given the human reaction shown in the image, do you think the situation observed by that human ends well or poorly? (Use only one word -- well or poorly -- to answer)
Image size: 12956 bytes
Response status code: 200
{'model': 'deepseek-ocr:3b', 'created_at': '2025-12-08T08:34:04.481162129Z', 'message': {'role': 'assistant', 'content': 'Well'}, 'done': True, 'done_reason': 'stop', 'total_duration': 8649458784, 'load_duration': 7480729518, 'prompt_eval_count': 520, 'prompt_eval_duration': 433046080, 'eval_count': 2, 'eval_duration': 4226238}
Response: Well
Analyzing frame 56/60: q_warmup_4_main_0_30fps_frame0030.png
Prompt: Given the human reaction shown in the image, do you think the situation observed by that human ends well or poorly? (Use only one word -- well or poorly -- to answer)
Image size: 12944 bytes
Response status code: 200
{'model': 'deepseek-ocr:3b', 'created_at': '2025-12-08T08:34:14.28590415Z', 'message': {'role': 'assistant', 'content': 'Well'}, 'done': True, 'done_reason': 'stop', 'total_duration': 8774851403, 'load_duration': 7635905005, 'prompt_eval_count': 520, 'prompt_eval_duration': 426872187, 'eval_count': 2, 'eval_duration': 4332832}
Response: Well
Analyzing frame 57/60: q_warmup_4_main_0_30fps_frame0045.png
Prompt: Given the human reaction shown in the image, do you think the situation observed by that human ends well or poorly? (Use only one word -- well or poorly -- to answer)
Image size: 12880 bytes
Response status code: 200
{'model': 'deepseek-ocr:3b', 'created_at': '2025-12-08T08:34:24.248763228Z', 'message': {'role': 'assistant', 'content': 'Well'}, 'done': True, 'done_reason': 'stop', 'total_duration': 8920772811, 'load_duration': 7715560233, 'prompt_eval_count': 520, 'prompt_eval_duration': 445602459, 'eval_count': 2, 'eval_duration': 4430298}
Response: Well
Analyzing frame 58/60: q_warmup_4_main_0_30fps_frame0060.png
Prompt: Given the human reaction shown in the image, do you think the situation observed by that human ends well or poorly? (Use only one word -- well or poorly -- to answer)
Image size: 12808 bytes
Response status code: 200
{'model': 'deepseek-ocr:3b', 'created_at': '2025-12-08T08:34:34.270150632Z', 'message': {'role': 'assistant', 'content': 'Well'}, 'done': True, 'done_reason': 'stop', 'total_duration': 8997203598, 'load_duration': 7808768454, 'prompt_eval_count': 520, 'prompt_eval_duration': 421392259, 'eval_count': 2, 'eval_duration': 4338236}
Response: Well
Analyzing frame 59/60: q_warmup_4_main_0_30fps_frame0075.png
Prompt: Given the human reaction shown in the image, do you think the situation observed by that human ends well or poorly? (Use only one word -- well or poorly -- to answer)
Image size: 12908 bytes
Response status code: 200
{'model': 'deepseek-ocr:3b', 'created_at': '2025-12-08T08:34:43.849484923Z', 'message': {'role': 'assistant', 'content': 'Well'}, 'done': True, 'done_reason': 'stop', 'total_duration': 8540536991, 'load_duration': 7363708220, 'prompt_eval_count': 520, 'prompt_eval_duration': 440823326, 'eval_count': 2, 'eval_duration': 4505101}
Response: Well
Analyzing frame 60/60: q_warmup_4_main_0_30fps_frame0090.png
Prompt: Given the human reaction shown in the image, do you think the situation observed by that human ends well or poorly? (Use only one word -- well or poorly -- to answer)
Image size: 12748 bytes
Response status code: 200
{'model': 'deepseek-ocr:3b', 'created_at': '2025-12-08T08:34:53.915199538Z', 'message': {'role': 'assistant', 'content': 'Well'}, 'done': True, 'done_reason': 'stop', 'total_duration': 9033058705, 'load_duration': 7828350063, 'prompt_eval_count': 520, 'prompt_eval_duration': 422508566, 'eval_count': 2, 'eval_duration': 4198990}
Response: Well
Processed 60 frames for participant 7797

Results saved to ./results/results_deepseek-ocr_3s.csv
Total frames in CSV: 4410

==================================================
Processing participant 20/27: 8184

Processing participant: 8184
Found 42 unprocessed frames for this participant
Analyzing frame 1/42: q_19_main_0_30fps_frame0015.png
Prompt: Given the human reaction shown in the image, do you think the situation observed by that human ends well or poorly? (Use only one word -- well or poorly -- to answer)
Image size: 7604 bytes
Response status code: 200
{'model': 'deepseek-ocr:3b', 'created_at': '2025-12-08T08:35:03.641258591Z', 'message': {'role': 'assistant', 'content': 'Well'}, 'done': True, 'done_reason': 'stop', 'total_duration': 8638734421, 'load_duration': 7490307138, 'prompt_eval_count': 520, 'prompt_eval_duration': 423071881, 'eval_count': 2, 'eval_duration': 4214907}
Response: Well
Analyzing frame 2/42: q_19_main_0_30fps_frame0030.png
Prompt: Given the human reaction shown in the image, do you think the situation observed by that human ends well or poorly? (Use only one word -- well or poorly -- to answer)
Image size: 7488 bytes
Response status code: 200
{'model': 'deepseek-ocr:3b', 'created_at': '2025-12-08T08:35:13.531402403Z', 'message': {'role': 'assistant', 'content': 'Well'}, 'done': True, 'done_reason': 'stop', 'total_duration': 8862196338, 'load_duration': 7695567462, 'prompt_eval_count': 520, 'prompt_eval_duration': 429896998, 'eval_count': 2, 'eval_duration': 4218800}
Response: Well
Analyzing frame 3/42: q_19_main_0_30fps_frame0045.png
Prompt: Given the human reaction shown in the image, do you think the situation observed by that human ends well or poorly? (Use only one word -- well or poorly -- to answer)
Image size: 7592 bytes
Response status code: 200
{'model': 'deepseek-ocr:3b', 'created_at': '2025-12-08T08:35:23.217482735Z', 'message': {'role': 'assistant', 'content': 'Well'}, 'done': True, 'done_reason': 'stop', 'total_duration': 8659203624, 'load_duration': 7500818883, 'prompt_eval_count': 520, 'prompt_eval_duration': 424702368, 'eval_count': 2, 'eval_duration': 4302253}
Response: Well
Analyzing frame 4/42: q_19_main_0_30fps_frame0060.png
Prompt: Given the human reaction shown in the image, do you think the situation observed by that human ends well or poorly? (Use only one word -- well or poorly -- to answer)
Image size: 7564 bytes
Response status code: 200
{'model': 'deepseek-ocr:3b', 'created_at': '2025-12-08T08:35:33.406138297Z', 'message': {'role': 'assistant', 'content': 'Well'}, 'done': True, 'done_reason': 'stop', 'total_duration': 9161848515, 'load_duration': 7931832969, 'prompt_eval_count': 520, 'prompt_eval_duration': 421730111, 'eval_count': 2, 'eval_duration': 4196585}
Response: Well
Analyzing frame 5/42: q_19_main_0_30fps_frame0075.png
Prompt: Given the human reaction shown in the image, do you think the situation observed by that human ends well or poorly? (Use only one word -- well or poorly -- to answer)
Image size: 7556 bytes
Response status code: 200
{'model': 'deepseek-ocr:3b', 'created_at': '2025-12-08T08:35:43.615097083Z', 'message': {'role': 'assistant', 'content': 'Well'}, 'done': True, 'done_reason': 'stop', 'total_duration': 9183990692, 'load_duration': 7960670120, 'prompt_eval_count': 520, 'prompt_eval_duration': 448575253, 'eval_count': 2, 'eval_duration': 4200517}
Response: Well
Analyzing frame 6/42: q_19_main_0_30fps_frame0090.png
Prompt: Given the human reaction shown in the image, do you think the situation observed by that human ends well or poorly? (Use only one word -- well or poorly -- to answer)
Image size: 7524 bytes
Response status code: 200
{'model': 'deepseek-ocr:3b', 'created_at': '2025-12-08T08:35:53.384484156Z', 'message': {'role': 'assistant', 'content': 'Well'}, 'done': True, 'done_reason': 'stop', 'total_duration': 8728836328, 'load_duration': 7580750368, 'prompt_eval_count': 520, 'prompt_eval_duration': 413908692, 'eval_count': 2, 'eval_duration': 4236412}
Response: Well
Analyzing frame 7/42: q_22_main_0_30fps_frame0014.png
Prompt: Given the human reaction shown in the image, do you think the situation observed by that human ends well or poorly? (Use only one word -- well or poorly -- to answer)
Image size: 7100 bytes
Response status code: 200
{'model': 'deepseek-ocr:3b', 'created_at': '2025-12-08T08:36:03.497584087Z', 'message': {'role': 'assistant', 'content': 'Well'}, 'done': True, 'done_reason': 'stop', 'total_duration': 9051293756, 'load_duration': 7871797963, 'prompt_eval_count': 520, 'prompt_eval_duration': 427976147, 'eval_count': 2, 'eval_duration': 4473019}
Response: Well
Analyzing frame 8/42: q_22_main_0_30fps_frame0029.png
Prompt: Given the human reaction shown in the image, do you think the situation observed by that human ends well or poorly? (Use only one word -- well or poorly -- to answer)
Image size: 7060 bytes
Response status code: 200
{'model': 'deepseek-ocr:3b', 'created_at': '2025-12-08T08:36:13.684286421Z', 'message': {'role': 'assistant', 'content': 'Well'}, 'done': True, 'done_reason': 'stop', 'total_duration': 9161972782, 'load_duration': 7975309020, 'prompt_eval_count': 520, 'prompt_eval_duration': 425534655, 'eval_count': 2, 'eval_duration': 4221910}
Response: Well
Analyzing frame 9/42: q_22_main_0_30fps_frame0044.png
Prompt: Given the human reaction shown in the image, do you think the situation observed by that human ends well or poorly? (Use only one word -- well or poorly -- to answer)
Image size: 7124 bytes
Response status code: 200
{'model': 'deepseek-ocr:3b', 'created_at': '2025-12-08T08:36:24.035469171Z', 'message': {'role': 'assistant', 'content': 'Well'}, 'done': True, 'done_reason': 'stop', 'total_duration': 9324057878, 'load_duration': 8088094055, 'prompt_eval_count': 520, 'prompt_eval_duration': 438434688, 'eval_count': 2, 'eval_duration': 4351994}
Response: Well
Analyzing frame 10/42: q_22_main_0_30fps_frame0059.png
Prompt: Given the human reaction shown in the image, do you think the situation observed by that human ends well or poorly? (Use only one word -- well or poorly -- to answer)
Image size: 7172 bytes
Response status code: 200
{'model': 'deepseek-ocr:3b', 'created_at': '2025-12-08T08:36:33.766336569Z', 'message': {'role': 'assistant', 'content': 'Well'}, 'done': True, 'done_reason': 'stop', 'total_duration': 8709456351, 'load_duration': 7507807983, 'prompt_eval_count': 520, 'prompt_eval_duration': 425785832, 'eval_count': 2, 'eval_duration': 4194749}
Response: Well
Analyzing frame 11/42: q_22_main_0_30fps_frame0074.png
Prompt: Given the human reaction shown in the image, do you think the situation observed by that human ends well or poorly? (Use only one word -- well or poorly -- to answer)
Image size: 7064 bytes
Response status code: 200
{'model': 'deepseek-ocr:3b', 'created_at': '2025-12-08T08:36:43.720065848Z', 'message': {'role': 'assistant', 'content': 'Well'}, 'done': True, 'done_reason': 'stop', 'total_duration': 8926495811, 'load_duration': 7765130298, 'prompt_eval_count': 520, 'prompt_eval_duration': 413562762, 'eval_count': 2, 'eval_duration': 4353984}
Response: Well
Analyzing frame 12/42: q_22_main_0_30fps_frame0089.png
Prompt: Given the human reaction shown in the image, do you think the situation observed by that human ends well or poorly? (Use only one word -- well or poorly -- to answer)
Image size: 7164 bytes
Response status code: 200
{'model': 'deepseek-ocr:3b', 'created_at': '2025-12-08T08:36:53.891766329Z', 'message': {'role': 'assistant', 'content': 'Well'}, 'done': True, 'done_reason': 'stop', 'total_duration': 9145593454, 'load_duration': 7960495305, 'prompt_eval_count': 520, 'prompt_eval_duration': 424378812, 'eval_count': 2, 'eval_duration': 4207602}
Response: Well
Analyzing frame 13/42: q_23_main_0_30fps_frame0015.png
Prompt: Given the human reaction shown in the image, do you think the situation observed by that human ends well or poorly? (Use only one word -- well or poorly -- to answer)
Image size: 7552 bytes
Response status code: 200
{'model': 'deepseek-ocr:3b', 'created_at': '2025-12-08T08:37:03.907821328Z', 'message': {'role': 'assistant', 'content': 'Well'}, 'done': True, 'done_reason': 'stop', 'total_duration': 8979873840, 'load_duration': 7815544563, 'prompt_eval_count': 520, 'prompt_eval_duration': 421964778, 'eval_count': 2, 'eval_duration': 4221084}
Response: Well
Analyzing frame 14/42: q_23_main_0_30fps_frame0030.png
Prompt: Given the human reaction shown in the image, do you think the situation observed by that human ends well or poorly? (Use only one word -- well or poorly -- to answer)
Image size: 7472 bytes
Response status code: 200
{'model': 'deepseek-ocr:3b', 'created_at': '2025-12-08T08:37:13.903574069Z', 'message': {'role': 'assistant', 'content': 'Well'}, 'done': True, 'done_reason': 'stop', 'total_duration': 8972282779, 'load_duration': 7783894214, 'prompt_eval_count': 520, 'prompt_eval_duration': 437511161, 'eval_count': 2, 'eval_duration': 4756394}
Response: Well
Analyzing frame 15/42: q_23_main_0_30fps_frame0045.png
Prompt: Given the human reaction shown in the image, do you think the situation observed by that human ends well or poorly? (Use only one word -- well or poorly -- to answer)
Image size: 7488 bytes
Response status code: 200
{'model': 'deepseek-ocr:3b', 'created_at': '2025-12-08T08:37:23.801163228Z', 'message': {'role': 'assistant', 'content': 'Well'}, 'done': True, 'done_reason': 'stop', 'total_duration': 8852876953, 'load_duration': 7676321960, 'prompt_eval_count': 520, 'prompt_eval_duration': 422951922, 'eval_count': 2, 'eval_duration': 4208841}
Response: Well
Analyzing frame 16/42: q_23_main_0_30fps_frame0060.png
Prompt: Given the human reaction shown in the image, do you think the situation observed by that human ends well or poorly? (Use only one word -- well or poorly -- to answer)
Image size: 7436 bytes
Response status code: 200
{'model': 'deepseek-ocr:3b', 'created_at': '2025-12-08T08:37:34.166233837Z', 'message': {'role': 'assistant', 'content': 'Well'}, 'done': True, 'done_reason': 'stop', 'total_duration': 9320028288, 'load_duration': 8158343009, 'prompt_eval_count': 520, 'prompt_eval_duration': 422772887, 'eval_count': 2, 'eval_duration': 4212038}
Response: Well
Analyzing frame 17/42: q_23_main_0_30fps_frame0075.png
Prompt: Given the human reaction shown in the image, do you think the situation observed by that human ends well or poorly? (Use only one word -- well or poorly -- to answer)
Image size: 7500 bytes
Response status code: 200
{'model': 'deepseek-ocr:3b', 'created_at': '2025-12-08T08:37:44.259592308Z', 'message': {'role': 'assistant', 'content': 'Well'}, 'done': True, 'done_reason': 'stop', 'total_duration': 9077401325, 'load_duration': 7883804115, 'prompt_eval_count': 520, 'prompt_eval_duration': 424029972, 'eval_count': 2, 'eval_duration': 4217342}
Response: Well
Analyzing frame 18/42: q_23_main_0_30fps_frame0090.png
Prompt: Given the human reaction shown in the image, do you think the situation observed by that human ends well or poorly? (Use only one word -- well or poorly -- to answer)
Image size: 7492 bytes
Response status code: 200
{'model': 'deepseek-ocr:3b', 'created_at': '2025-12-08T08:37:54.232170742Z', 'message': {'role': 'assistant', 'content': 'Well'}, 'done': True, 'done_reason': 'stop', 'total_duration': 8938176166, 'load_duration': 7770375625, 'prompt_eval_count': 520, 'prompt_eval_duration': 425124553, 'eval_count': 2, 'eval_duration': 4222823}
Response: Well
Analyzing frame 19/42: q_28_main_0_30fps_frame0014.png
Prompt: Given the human reaction shown in the image, do you think the situation observed by that human ends well or poorly? (Use only one word -- well or poorly -- to answer)
Image size: 7500 bytes
Response status code: 200
{'model': 'deepseek-ocr:3b', 'created_at': '2025-12-08T08:38:04.397121047Z', 'message': {'role': 'assistant', 'content': 'Well'}, 'done': True, 'done_reason': 'stop', 'total_duration': 9111247726, 'load_duration': 7947101427, 'prompt_eval_count': 520, 'prompt_eval_duration': 424760985, 'eval_count': 2, 'eval_duration': 4339478}
Response: Well
Analyzing frame 20/42: q_28_main_0_30fps_frame0029.png
Prompt: Given the human reaction shown in the image, do you think the situation observed by that human ends well or poorly? (Use only one word -- well or poorly -- to answer)
Image size: 7540 bytes
Response status code: 200
{'model': 'deepseek-ocr:3b', 'created_at': '2025-12-08T08:38:14.368237315Z', 'message': {'role': 'assistant', 'content': 'Well'}, 'done': True, 'done_reason': 'stop', 'total_duration': 8946323217, 'load_duration': 7772181413, 'prompt_eval_count': 520, 'prompt_eval_duration': 423573371, 'eval_count': 2, 'eval_duration': 4190747}
Response: Well
Analyzing frame 21/42: q_28_main_0_30fps_frame0044.png
Prompt: Given the human reaction shown in the image, do you think the situation observed by that human ends well or poorly? (Use only one word -- well or poorly -- to answer)
Image size: 7480 bytes
Response status code: 200
{'model': 'deepseek-ocr:3b', 'created_at': '2025-12-08T08:38:24.447503303Z', 'message': {'role': 'assistant', 'content': 'Well'}, 'done': True, 'done_reason': 'stop', 'total_duration': 9052931351, 'load_duration': 7837811333, 'prompt_eval_count': 520, 'prompt_eval_duration': 423760967, 'eval_count': 2, 'eval_duration': 4199447}
Response: Well
Analyzing frame 22/42: q_28_main_0_30fps_frame0059.png
Prompt: Given the human reaction shown in the image, do you think the situation observed by that human ends well or poorly? (Use only one word -- well or poorly -- to answer)
Image size: 7524 bytes
Response status code: 200
{'model': 'deepseek-ocr:3b', 'created_at': '2025-12-08T08:38:35.153977433Z', 'message': {'role': 'assistant', 'content': ' Well'}, 'done': True, 'done_reason': 'stop', 'total_duration': 9682620002, 'load_duration': 8248932338, 'prompt_eval_count': 520, 'prompt_eval_duration': 436156685, 'eval_count': 2, 'eval_duration': 4396529}
Response: Well
Analyzing frame 23/42: q_28_main_0_30fps_frame0074.png
Prompt: Given the human reaction shown in the image, do you think the situation observed by that human ends well or poorly? (Use only one word -- well or poorly -- to answer)
Image size: 7512 bytes
Response status code: 200
{'model': 'deepseek-ocr:3b', 'created_at': '2025-12-08T08:38:37.489804328Z', 'message': {'role': 'assistant', 'content': 'Well'}, 'done': True, 'done_reason': 'stop', 'total_duration': 1320286817, 'load_duration': 172326162, 'prompt_eval_count': 520, 'prompt_eval_duration': 406051205, 'eval_count': 2, 'eval_duration': 4193097}
Response: Well
Analyzing frame 24/42: q_28_main_0_30fps_frame0089.png
Prompt: Given the human reaction shown in the image, do you think the situation observed by that human ends well or poorly? (Use only one word -- well or poorly -- to answer)
Image size: 7532 bytes
Response status code: 200
{'model': 'deepseek-ocr:3b', 'created_at': '2025-12-08T08:38:47.594868618Z', 'message': {'role': 'assistant', 'content': 'Well'}, 'done': True, 'done_reason': 'stop', 'total_duration': 9090377459, 'load_duration': 7884216246, 'prompt_eval_count': 520, 'prompt_eval_duration': 422893647, 'eval_count': 2, 'eval_duration': 4193519}
Response: Well
Analyzing frame 25/42: q_2_main_1_30fps_frame0015.png
Prompt: Given the human reaction shown in the image, do you think the situation observed by that human ends well or poorly? (Use only one word -- well or poorly -- to answer)
Image size: 7404 bytes
Response status code: 200
{'model': 'deepseek-ocr:3b', 'created_at': '2025-12-08T08:38:57.096185198Z', 'message': {'role': 'assistant', 'content': 'Well'}, 'done': True, 'done_reason': 'stop', 'total_duration': 8486534094, 'load_duration': 7296006551, 'prompt_eval_count': 520, 'prompt_eval_duration': 423126042, 'eval_count': 2, 'eval_duration': 4190435}
Response: Well
Analyzing frame 26/42: q_2_main_1_30fps_frame0030.png
Prompt: Given the human reaction shown in the image, do you think the situation observed by that human ends well or poorly? (Use only one word -- well or poorly -- to answer)
Image size: 7452 bytes
Response status code: 200
{'model': 'deepseek-ocr:3b', 'created_at': '2025-12-08T08:39:06.860677447Z', 'message': {'role': 'assistant', 'content': 'Well'}, 'done': True, 'done_reason': 'stop', 'total_duration': 8741828674, 'load_duration': 7621652355, 'prompt_eval_count': 520, 'prompt_eval_duration': 412691062, 'eval_count': 2, 'eval_duration': 4228015}
Response: Well
Analyzing frame 27/42: q_2_main_1_30fps_frame0045.png
Prompt: Given the human reaction shown in the image, do you think the situation observed by that human ends well or poorly? (Use only one word -- well or poorly -- to answer)
Image size: 7528 bytes
Response status code: 200
{'model': 'deepseek-ocr:3b', 'created_at': '2025-12-08T08:39:17.475594379Z', 'message': {'role': 'assistant', 'content': 'Well'}, 'done': True, 'done_reason': 'stop', 'total_duration': 9587655866, 'load_duration': 8381434904, 'prompt_eval_count': 520, 'prompt_eval_duration': 419528593, 'eval_count': 2, 'eval_duration': 4232735}
Response: Well
Analyzing frame 28/42: q_2_main_1_30fps_frame0060.png
Prompt: Given the human reaction shown in the image, do you think the situation observed by that human ends well or poorly? (Use only one word -- well or poorly -- to answer)
Image size: 7460 bytes
Response status code: 200
{'model': 'deepseek-ocr:3b', 'created_at': '2025-12-08T08:39:27.569283309Z', 'message': {'role': 'assistant', 'content': 'Well'}, 'done': True, 'done_reason': 'stop', 'total_duration': 9069055790, 'load_duration': 7878196967, 'prompt_eval_count': 520, 'prompt_eval_duration': 422276269, 'eval_count': 2, 'eval_duration': 4177388}
Response: Well
Analyzing frame 29/42: q_2_main_1_30fps_frame0075.png
Prompt: Given the human reaction shown in the image, do you think the situation observed by that human ends well or poorly? (Use only one word -- well or poorly -- to answer)
Image size: 7452 bytes
Response status code: 200
{'model': 'deepseek-ocr:3b', 'created_at': '2025-12-08T08:39:37.462220997Z', 'message': {'role': 'assistant', 'content': 'Well'}, 'done': True, 'done_reason': 'stop', 'total_duration': 8866733023, 'load_duration': 7665294295, 'prompt_eval_count': 520, 'prompt_eval_duration': 423158189, 'eval_count': 2, 'eval_duration': 4204219}
Response: Well
Analyzing frame 30/42: q_2_main_1_30fps_frame0090.png
Prompt: Given the human reaction shown in the image, do you think the situation observed by that human ends well or poorly? (Use only one word -- well or poorly -- to answer)
Image size: 7440 bytes
Response status code: 200
{'model': 'deepseek-ocr:3b', 'created_at': '2025-12-08T08:39:47.035880926Z', 'message': {'role': 'assistant', 'content': 'Well'}, 'done': True, 'done_reason': 'stop', 'total_duration': 8538072937, 'load_duration': 7361876851, 'prompt_eval_count': 520, 'prompt_eval_duration': 420361591, 'eval_count': 2, 'eval_duration': 4226584}
Response: Well
Analyzing frame 31/42: q_warmup_4_main_0_30fps_frame0014.png
Prompt: Given the human reaction shown in the image, do you think the situation observed by that human ends well or poorly? (Use only one word -- well or poorly -- to answer)
Image size: 7948 bytes
Response status code: 200
{'model': 'deepseek-ocr:3b', 'created_at': '2025-12-08T08:39:56.605484423Z', 'message': {'role': 'assistant', 'content': 'Well'}, 'done': True, 'done_reason': 'stop', 'total_duration': 8512983392, 'load_duration': 7338063291, 'prompt_eval_count': 520, 'prompt_eval_duration': 419205356, 'eval_count': 2, 'eval_duration': 4205887}
Response: Well
Analyzing frame 32/42: q_warmup_4_main_0_30fps_frame0029.png
Prompt: Given the human reaction shown in the image, do you think the situation observed by that human ends well or poorly? (Use only one word -- well or poorly -- to answer)
Image size: 8156 bytes
Response status code: 200
{'model': 'deepseek-ocr:3b', 'created_at': '2025-12-08T08:40:07.04785631Z', 'message': {'role': 'assistant', 'content': 'Well'}, 'done': True, 'done_reason': 'stop', 'total_duration': 9414720546, 'load_duration': 8249183134, 'prompt_eval_count': 520, 'prompt_eval_duration': 421102598, 'eval_count': 2, 'eval_duration': 4215234}
Response: Well
Analyzing frame 33/42: q_warmup_4_main_0_30fps_frame0044.png
Prompt: Given the human reaction shown in the image, do you think the situation observed by that human ends well or poorly? (Use only one word -- well or poorly -- to answer)
Image size: 8200 bytes
Response status code: 200
{'model': 'deepseek-ocr:3b', 'created_at': '2025-12-08T08:40:17.006126889Z', 'message': {'role': 'assistant', 'content': 'Well'}, 'done': True, 'done_reason': 'stop', 'total_duration': 8934346481, 'load_duration': 7791503527, 'prompt_eval_count': 520, 'prompt_eval_duration': 423710623, 'eval_count': 2, 'eval_duration': 4197380}
Response: Well
Analyzing frame 34/42: q_warmup_4_main_0_30fps_frame0059.png
Prompt: Given the human reaction shown in the image, do you think the situation observed by that human ends well or poorly? (Use only one word -- well or poorly -- to answer)
Image size: 8216 bytes
Response status code: 200
{'model': 'deepseek-ocr:3b', 'created_at': '2025-12-08T08:40:26.939728851Z', 'message': {'role': 'assistant', 'content': 'Well'}, 'done': True, 'done_reason': 'stop', 'total_duration': 8907162984, 'load_duration': 7755703984, 'prompt_eval_count': 520, 'prompt_eval_duration': 411372997, 'eval_count': 2, 'eval_duration': 4283988}
Response: Well
Analyzing frame 35/42: q_warmup_4_main_0_30fps_frame0074.png
Prompt: Given the human reaction shown in the image, do you think the situation observed by that human ends well or poorly? (Use only one word -- well or poorly -- to answer)
Image size: 8200 bytes
Response status code: 200
{'model': 'deepseek-ocr:3b', 'created_at': '2025-12-08T08:40:37.462379039Z', 'message': {'role': 'assistant', 'content': 'Well'}, 'done': True, 'done_reason': 'stop', 'total_duration': 9497231252, 'load_duration': 8273027670, 'prompt_eval_count': 520, 'prompt_eval_duration': 423873984, 'eval_count': 2, 'eval_duration': 4561533}
Response: Well
Analyzing frame 36/42: q_warmup_4_main_0_30fps_frame0089.png
Prompt: Given the human reaction shown in the image, do you think the situation observed by that human ends well or poorly? (Use only one word -- well or poorly -- to answer)
Image size: 8132 bytes
Response status code: 200
{'model': 'deepseek-ocr:3b', 'created_at': '2025-12-08T08:40:47.67818442Z', 'message': {'role': 'assistant', 'content': 'Well'}, 'done': True, 'done_reason': 'stop', 'total_duration': 9189458775, 'load_duration': 8033349261, 'prompt_eval_count': 520, 'prompt_eval_duration': 418340032, 'eval_count': 2, 'eval_duration': 4255096}
Response: Well
Analyzing frame 37/42: q_warmup_5_main_1_30fps_frame0015.png
Prompt: Given the human reaction shown in the image, do you think the situation observed by that human ends well or poorly? (Use only one word -- well or poorly -- to answer)
Image size: 7568 bytes
Response status code: 200
{'model': 'deepseek-ocr:3b', 'created_at': '2025-12-08T08:40:57.43647473Z', 'message': {'role': 'assistant', 'content': ' Well'}, 'done': True, 'done_reason': 'stop', 'total_duration': 8733294077, 'load_duration': 7462297777, 'prompt_eval_count': 520, 'prompt_eval_duration': 450333315, 'eval_count': 2, 'eval_duration': 4438507}
Response: Well
Analyzing frame 38/42: q_warmup_5_main_1_30fps_frame0030.png
Prompt: Given the human reaction shown in the image, do you think the situation observed by that human ends well or poorly? (Use only one word -- well or poorly -- to answer)
Image size: 7596 bytes
Response status code: 200
{'model': 'deepseek-ocr:3b', 'created_at': '2025-12-08T08:41:07.350306365Z', 'message': {'role': 'assistant', 'content': ' Well'}, 'done': True, 'done_reason': 'stop', 'total_duration': 8887121667, 'load_duration': 7773384890, 'prompt_eval_count': 520, 'prompt_eval_duration': 425328976, 'eval_count': 2, 'eval_duration': 4200379}
Response: Well
Analyzing frame 39/42: q_warmup_5_main_1_30fps_frame0045.png
Prompt: Given the human reaction shown in the image, do you think the situation observed by that human ends well or poorly? (Use only one word -- well or poorly -- to answer)
Image size: 7636 bytes
Response status code: 200
{'model': 'deepseek-ocr:3b', 'created_at': '2025-12-08T08:41:17.533750557Z', 'message': {'role': 'assistant', 'content': ' Well'}, 'done': True, 'done_reason': 'stop', 'total_duration': 9158040679, 'load_duration': 8019053562, 'prompt_eval_count': 520, 'prompt_eval_duration': 422252635, 'eval_count': 2, 'eval_duration': 4205839}
Response: Well
Analyzing frame 40/42: q_warmup_5_main_1_30fps_frame0060.png
Prompt: Given the human reaction shown in the image, do you think the situation observed by that human ends well or poorly? (Use only one word -- well or poorly -- to answer)
Image size: 7552 bytes
Response status code: 200
{'model': 'deepseek-ocr:3b', 'created_at': '2025-12-08T08:41:27.391594729Z', 'message': {'role': 'assistant', 'content': 'Well'}, 'done': True, 'done_reason': 'stop', 'total_duration': 8817964859, 'load_duration': 7655587141, 'prompt_eval_count': 520, 'prompt_eval_duration': 425558240, 'eval_count': 2, 'eval_duration': 4314685}
Response: Well
Analyzing frame 41/42: q_warmup_5_main_1_30fps_frame0075.png
Prompt: Given the human reaction shown in the image, do you think the situation observed by that human ends well or poorly? (Use only one word -- well or poorly -- to answer)
Image size: 7604 bytes
Response status code: 200
{'model': 'deepseek-ocr:3b', 'created_at': '2025-12-08T08:41:38.047503712Z', 'message': {'role': 'assistant', 'content': ' Poorly'}, 'done': True, 'done_reason': 'stop', 'total_duration': 9632259509, 'load_duration': 8419417855, 'prompt_eval_count': 520, 'prompt_eval_duration': 424331434, 'eval_count': 3, 'eval_duration': 8324615}
Response: Poorly
Analyzing frame 42/42: q_warmup_5_main_1_30fps_frame0090.png
Prompt: Given the human reaction shown in the image, do you think the situation observed by that human ends well or poorly? (Use only one word -- well or poorly -- to answer)
Image size: 7572 bytes
Response status code: 200
{'model': 'deepseek-ocr:3b', 'created_at': '2025-12-08T08:41:48.114375936Z', 'message': {'role': 'assistant', 'content': 'Well'}, 'done': True, 'done_reason': 'stop', 'total_duration': 9043211537, 'load_duration': 7829922854, 'prompt_eval_count': 520, 'prompt_eval_duration': 424933142, 'eval_count': 2, 'eval_duration': 4245111}
Response: Well
Processed 42 frames for participant 8184

Results saved to ./results/results_deepseek-ocr_3s.csv
Total frames in CSV: 4452

==================================================
Processing participant 21/27: 8436

Processing participant: 8436
Found 30 unprocessed frames for this participant
Analyzing frame 1/30: q_10_main_0_30fps_frame0015.png
Prompt: Given the human reaction shown in the image, do you think the situation observed by that human ends well or poorly? (Use only one word -- well or poorly -- to answer)
Image size: 11544 bytes
Response status code: 200
{'model': 'deepseek-ocr:3b', 'created_at': '2025-12-08T08:41:57.795604798Z', 'message': {'role': 'assistant', 'content': 'Well'}, 'done': True, 'done_reason': 'stop', 'total_duration': 8574703244, 'load_duration': 7399012469, 'prompt_eval_count': 520, 'prompt_eval_duration': 423719182, 'eval_count': 2, 'eval_duration': 4295976}
Response: Well
Analyzing frame 2/30: q_10_main_0_30fps_frame0030.png
Prompt: Given the human reaction shown in the image, do you think the situation observed by that human ends well or poorly? (Use only one word -- well or poorly -- to answer)
Image size: 11552 bytes
Response status code: 200
{'model': 'deepseek-ocr:3b', 'created_at': '2025-12-08T08:42:07.705787878Z', 'message': {'role': 'assistant', 'content': 'Well'}, 'done': True, 'done_reason': 'stop', 'total_duration': 8868510389, 'load_duration': 7693838128, 'prompt_eval_count': 520, 'prompt_eval_duration': 431256853, 'eval_count': 2, 'eval_duration': 4197055}
Response: Well
Analyzing frame 3/30: q_10_main_0_30fps_frame0045.png
Prompt: Given the human reaction shown in the image, do you think the situation observed by that human ends well or poorly? (Use only one word -- well or poorly -- to answer)
Image size: 11176 bytes
Response status code: 200
{'model': 'deepseek-ocr:3b', 'created_at': '2025-12-08T08:42:17.661504852Z', 'message': {'role': 'assistant', 'content': 'Well'}, 'done': True, 'done_reason': 'stop', 'total_duration': 8900328730, 'load_duration': 7742540796, 'prompt_eval_count': 520, 'prompt_eval_duration': 419562110, 'eval_count': 2, 'eval_duration': 4296786}
Response: Well
Analyzing frame 4/30: q_10_main_0_30fps_frame0060.png
Prompt: Given the human reaction shown in the image, do you think the situation observed by that human ends well or poorly? (Use only one word -- well or poorly -- to answer)
Image size: 10988 bytes
Response status code: 200
{'model': 'deepseek-ocr:3b', 'created_at': '2025-12-08T08:42:27.598402833Z', 'message': {'role': 'assistant', 'content': 'Well'}, 'done': True, 'done_reason': 'stop', 'total_duration': 8893590650, 'load_duration': 7744782900, 'prompt_eval_count': 520, 'prompt_eval_duration': 423873868, 'eval_count': 2, 'eval_duration': 4342951}
Response: Well
Analyzing frame 5/30: q_10_main_0_30fps_frame0075.png
Prompt: Given the human reaction shown in the image, do you think the situation observed by that human ends well or poorly? (Use only one word -- well or poorly -- to answer)
Image size: 10852 bytes
Response status code: 200
{'model': 'deepseek-ocr:3b', 'created_at': '2025-12-08T08:42:37.698941601Z', 'message': {'role': 'assistant', 'content': 'Well'}, 'done': True, 'done_reason': 'stop', 'total_duration': 9051707927, 'load_duration': 7875366452, 'prompt_eval_count': 520, 'prompt_eval_duration': 416264774, 'eval_count': 2, 'eval_duration': 4195585}
Response: Well
Analyzing frame 6/30: q_10_main_0_30fps_frame0090.png
Prompt: Given the human reaction shown in the image, do you think the situation observed by that human ends well or poorly? (Use only one word -- well or poorly -- to answer)
Image size: 10884 bytes
Response status code: 200
{'model': 'deepseek-ocr:3b', 'created_at': '2025-12-08T08:42:47.516858432Z', 'message': {'role': 'assistant', 'content': 'Well'}, 'done': True, 'done_reason': 'stop', 'total_duration': 8756421630, 'load_duration': 7561208788, 'prompt_eval_count': 520, 'prompt_eval_duration': 439521415, 'eval_count': 2, 'eval_duration': 4546006}
Response: Well
Analyzing frame 7/30: q_20_main_0_30fps_frame0014.png
Prompt: Given the human reaction shown in the image, do you think the situation observed by that human ends well or poorly? (Use only one word -- well or poorly -- to answer)
Image size: 11712 bytes
Response status code: 200
{'model': 'deepseek-ocr:3b', 'created_at': '2025-12-08T08:42:57.473692596Z', 'message': {'role': 'assistant', 'content': 'Well'}, 'done': True, 'done_reason': 'stop', 'total_duration': 8909644158, 'load_duration': 7708097252, 'prompt_eval_count': 520, 'prompt_eval_duration': 426712726, 'eval_count': 2, 'eval_duration': 4205460}
Response: Well
Analyzing frame 8/30: q_20_main_0_30fps_frame0029.png
Prompt: Given the human reaction shown in the image, do you think the situation observed by that human ends well or poorly? (Use only one word -- well or poorly -- to answer)
Image size: 11580 bytes
Response status code: 200
{'model': 'deepseek-ocr:3b', 'created_at': '2025-12-08T08:43:07.34951675Z', 'message': {'role': 'assistant', 'content': 'Well'}, 'done': True, 'done_reason': 'stop', 'total_duration': 8804350170, 'load_duration': 7629499467, 'prompt_eval_count': 520, 'prompt_eval_duration': 421301243, 'eval_count': 2, 'eval_duration': 4206161}
Response: Well
Analyzing frame 9/30: q_20_main_0_30fps_frame0044.png
Prompt: Given the human reaction shown in the image, do you think the situation observed by that human ends well or poorly? (Use only one word -- well or poorly -- to answer)
Image size: 11620 bytes
Response status code: 200
{'model': 'deepseek-ocr:3b', 'created_at': '2025-12-08T08:43:17.140472555Z', 'message': {'role': 'assistant', 'content': 'Well'}, 'done': True, 'done_reason': 'stop', 'total_duration': 8719504722, 'load_duration': 7548604120, 'prompt_eval_count': 520, 'prompt_eval_duration': 421174372, 'eval_count': 2, 'eval_duration': 4348020}
Response: Well
Analyzing frame 10/30: q_20_main_0_30fps_frame0059.png
Prompt: Given the human reaction shown in the image, do you think the situation observed by that human ends well or poorly? (Use only one word -- well or poorly -- to answer)
Image size: 11640 bytes
Response status code: 200
{'model': 'deepseek-ocr:3b', 'created_at': '2025-12-08T08:43:26.994176564Z', 'message': {'role': 'assistant', 'content': 'Well'}, 'done': True, 'done_reason': 'stop', 'total_duration': 8806808081, 'load_duration': 7614584026, 'prompt_eval_count': 520, 'prompt_eval_duration': 422547932, 'eval_count': 2, 'eval_duration': 4462618}
Response: Well
Analyzing frame 11/30: q_20_main_0_30fps_frame0074.png
Prompt: Given the human reaction shown in the image, do you think the situation observed by that human ends well or poorly? (Use only one word -- well or poorly -- to answer)
Image size: 11636 bytes
Response status code: 200
{'model': 'deepseek-ocr:3b', 'created_at': '2025-12-08T08:43:36.858485578Z', 'message': {'role': 'assistant', 'content': 'Well'}, 'done': True, 'done_reason': 'stop', 'total_duration': 8819953359, 'load_duration': 7639570033, 'prompt_eval_count': 520, 'prompt_eval_duration': 422585894, 'eval_count': 2, 'eval_duration': 4397806}
Response: Well
Analyzing frame 12/30: q_20_main_0_30fps_frame0089.png
Prompt: Given the human reaction shown in the image, do you think the situation observed by that human ends well or poorly? (Use only one word -- well or poorly -- to answer)
Image size: 11620 bytes
Response status code: 200
{'model': 'deepseek-ocr:3b', 'created_at': '2025-12-08T08:43:46.985686642Z', 'message': {'role': 'assistant', 'content': 'Well'}, 'done': True, 'done_reason': 'stop', 'total_duration': 9080920754, 'load_duration': 7814378336, 'prompt_eval_count': 520, 'prompt_eval_duration': 447268575, 'eval_count': 2, 'eval_duration': 4445803}
Response: Well
Analyzing frame 13/30: q_27_main_1_30fps_frame0014.png
Prompt: Given the human reaction shown in the image, do you think the situation observed by that human ends well or poorly? (Use only one word -- well or poorly -- to answer)
Image size: 11296 bytes
Response status code: 200
{'model': 'deepseek-ocr:3b', 'created_at': '2025-12-08T08:43:57.175688364Z', 'message': {'role': 'assistant', 'content': 'Well'}, 'done': True, 'done_reason': 'stop', 'total_duration': 9132140770, 'load_duration': 7945891043, 'prompt_eval_count': 520, 'prompt_eval_duration': 419320724, 'eval_count': 2, 'eval_duration': 4356046}
Response: Well
Analyzing frame 14/30: q_27_main_1_30fps_frame0029.png
Prompt: Given the human reaction shown in the image, do you think the situation observed by that human ends well or poorly? (Use only one word -- well or poorly -- to answer)
Image size: 11340 bytes
Response status code: 200
{'model': 'deepseek-ocr:3b', 'created_at': '2025-12-08T08:44:06.88112732Z', 'message': {'role': 'assistant', 'content': 'Well'}, 'done': True, 'done_reason': 'stop', 'total_duration': 8645869808, 'load_duration': 7418809087, 'prompt_eval_count': 520, 'prompt_eval_duration': 477061928, 'eval_count': 2, 'eval_duration': 4220460}
Response: Well
Analyzing frame 15/30: q_27_main_1_30fps_frame0044.png
Prompt: Given the human reaction shown in the image, do you think the situation observed by that human ends well or poorly? (Use only one word -- well or poorly -- to answer)
Image size: 11396 bytes
Response status code: 200
{'model': 'deepseek-ocr:3b', 'created_at': '2025-12-08T08:44:17.110304009Z', 'message': {'role': 'assistant', 'content': 'Well'}, 'done': True, 'done_reason': 'stop', 'total_duration': 9177641109, 'load_duration': 7978209219, 'prompt_eval_count': 520, 'prompt_eval_duration': 423881177, 'eval_count': 2, 'eval_duration': 4194075}
Response: Well
Analyzing frame 16/30: q_27_main_1_30fps_frame0059.png
Prompt: Given the human reaction shown in the image, do you think the situation observed by that human ends well or poorly? (Use only one word -- well or poorly -- to answer)
Image size: 11300 bytes
Response status code: 200
{'model': 'deepseek-ocr:3b', 'created_at': '2025-12-08T08:44:27.012979522Z', 'message': {'role': 'assistant', 'content': 'Well'}, 'done': True, 'done_reason': 'stop', 'total_duration': 8843033370, 'load_duration': 7668379698, 'prompt_eval_count': 520, 'prompt_eval_duration': 419204498, 'eval_count': 2, 'eval_duration': 4568525}
Response: Well
Analyzing frame 17/30: q_27_main_1_30fps_frame0074.png
Prompt: Given the human reaction shown in the image, do you think the situation observed by that human ends well or poorly? (Use only one word -- well or poorly -- to answer)
Image size: 11412 bytes
Response status code: 200
{'model': 'deepseek-ocr:3b', 'created_at': '2025-12-08T08:44:37.133283682Z', 'message': {'role': 'assistant', 'content': 'Well'}, 'done': True, 'done_reason': 'stop', 'total_duration': 9072698815, 'load_duration': 7867628079, 'prompt_eval_count': 520, 'prompt_eval_duration': 420626859, 'eval_count': 2, 'eval_duration': 4192237}
Response: Well
Analyzing frame 18/30: q_27_main_1_30fps_frame0089.png
Prompt: Given the human reaction shown in the image, do you think the situation observed by that human ends well or poorly? (Use only one word -- well or poorly -- to answer)
Image size: 11272 bytes
Response status code: 200
{'model': 'deepseek-ocr:3b', 'created_at': '2025-12-08T08:44:46.914073091Z', 'message': {'role': 'assistant', 'content': 'Well'}, 'done': True, 'done_reason': 'stop', 'total_duration': 8693613664, 'load_duration': 7499867025, 'prompt_eval_count': 520, 'prompt_eval_duration': 428914560, 'eval_count': 2, 'eval_duration': 4343734}
Response: Well
Analyzing frame 19/30: q_5_main_0_30fps_frame0014.png
Prompt: Given the human reaction shown in the image, do you think the situation observed by that human ends well or poorly? (Use only one word -- well or poorly -- to answer)
Image size: 11412 bytes
Response status code: 200
{'model': 'deepseek-ocr:3b', 'created_at': '2025-12-08T08:44:57.273366445Z', 'message': {'role': 'assistant', 'content': 'Well'}, 'done': True, 'done_reason': 'stop', 'total_duration': 9272676837, 'load_duration': 8080819330, 'prompt_eval_count': 520, 'prompt_eval_duration': 420497452, 'eval_count': 2, 'eval_duration': 7214640}
Response: Well
Analyzing frame 20/30: q_5_main_0_30fps_frame0029.png
Prompt: Given the human reaction shown in the image, do you think the situation observed by that human ends well or poorly? (Use only one word -- well or poorly -- to answer)
Image size: 11368 bytes
Response status code: 200
{'model': 'deepseek-ocr:3b', 'created_at': '2025-12-08T08:45:08.143819092Z', 'message': {'role': 'assistant', 'content': 'Well'}, 'done': True, 'done_reason': 'stop', 'total_duration': 9826495463, 'load_duration': 8534168769, 'prompt_eval_count': 520, 'prompt_eval_duration': 421692249, 'eval_count': 2, 'eval_duration': 4200799}
Response: Well
Analyzing frame 21/30: q_5_main_0_30fps_frame0044.png
Prompt: Given the human reaction shown in the image, do you think the situation observed by that human ends well or poorly? (Use only one word -- well or poorly -- to answer)
Image size: 11472 bytes
Response status code: 200
{'model': 'deepseek-ocr:3b', 'created_at': '2025-12-08T08:45:18.07631258Z', 'message': {'role': 'assistant', 'content': 'Well'}, 'done': True, 'done_reason': 'stop', 'total_duration': 8891731131, 'load_duration': 7716983576, 'prompt_eval_count': 520, 'prompt_eval_duration': 420524549, 'eval_count': 2, 'eval_duration': 4180643}
Response: Well
Analyzing frame 22/30: q_5_main_0_30fps_frame0059.png
Prompt: Given the human reaction shown in the image, do you think the situation observed by that human ends well or poorly? (Use only one word -- well or poorly -- to answer)
Image size: 11412 bytes
Response status code: 200
{'model': 'deepseek-ocr:3b', 'created_at': '2025-12-08T08:45:28.363558053Z', 'message': {'role': 'assistant', 'content': 'Well'}, 'done': True, 'done_reason': 'stop', 'total_duration': 9261873476, 'load_duration': 8087191182, 'prompt_eval_count': 520, 'prompt_eval_duration': 422385128, 'eval_count': 2, 'eval_duration': 4212235}
Response: Well
Analyzing frame 23/30: q_5_main_0_30fps_frame0074.png
Prompt: Given the human reaction shown in the image, do you think the situation observed by that human ends well or poorly? (Use only one word -- well or poorly -- to answer)
Image size: 11480 bytes
Response status code: 200
{'model': 'deepseek-ocr:3b', 'created_at': '2025-12-08T08:45:38.116351483Z', 'message': {'role': 'assistant', 'content': 'Well'}, 'done': True, 'done_reason': 'stop', 'total_duration': 8694465597, 'load_duration': 7535143612, 'prompt_eval_count': 520, 'prompt_eval_duration': 421923873, 'eval_count': 2, 'eval_duration': 4222257}
Response: Well
Analyzing frame 24/30: q_5_main_0_30fps_frame0089.png
Prompt: Given the human reaction shown in the image, do you think the situation observed by that human ends well or poorly? (Use only one word -- well or poorly -- to answer)
Image size: 11316 bytes
Response status code: 200
{'model': 'deepseek-ocr:3b', 'created_at': '2025-12-08T08:45:47.813797559Z', 'message': {'role': 'assistant', 'content': 'Well'}, 'done': True, 'done_reason': 'stop', 'total_duration': 8642998266, 'load_duration': 7450215918, 'prompt_eval_count': 520, 'prompt_eval_duration': 413314725, 'eval_count': 2, 'eval_duration': 4675867}
Response: Well
Analyzing frame 25/30: q_warmup_5_main_0_30fps_frame0014.png
Prompt: Given the human reaction shown in the image, do you think the situation observed by that human ends well or poorly? (Use only one word -- well or poorly -- to answer)
Image size: 11072 bytes
Response status code: 200
{'model': 'deepseek-ocr:3b', 'created_at': '2025-12-08T08:45:57.891193707Z', 'message': {'role': 'assistant', 'content': 'Well'}, 'done': True, 'done_reason': 'stop', 'total_duration': 9021542211, 'load_duration': 7886895390, 'prompt_eval_count': 520, 'prompt_eval_duration': 423721280, 'eval_count': 2, 'eval_duration': 4208389}
Response: Well
Analyzing frame 26/30: q_warmup_5_main_0_30fps_frame0029.png
Prompt: Given the human reaction shown in the image, do you think the situation observed by that human ends well or poorly? (Use only one word -- well or poorly -- to answer)
Image size: 11156 bytes
Response status code: 200
{'model': 'deepseek-ocr:3b', 'created_at': '2025-12-08T08:46:07.977653256Z', 'message': {'role': 'assistant', 'content': 'Well'}, 'done': True, 'done_reason': 'stop', 'total_duration': 9015418770, 'load_duration': 7755030044, 'prompt_eval_count': 520, 'prompt_eval_duration': 445587685, 'eval_count': 2, 'eval_duration': 4420405}
Response: Well
Analyzing frame 27/30: q_warmup_5_main_0_30fps_frame0044.png
Prompt: Given the human reaction shown in the image, do you think the situation observed by that human ends well or poorly? (Use only one word -- well or poorly -- to answer)
Image size: 11032 bytes
Response status code: 200
{'model': 'deepseek-ocr:3b', 'created_at': '2025-12-08T08:46:17.896910271Z', 'message': {'role': 'assistant', 'content': 'Well'}, 'done': True, 'done_reason': 'stop', 'total_duration': 8863252041, 'load_duration': 7702112405, 'prompt_eval_count': 520, 'prompt_eval_duration': 420685116, 'eval_count': 2, 'eval_duration': 4659990}
Response: Well
Analyzing frame 28/30: q_warmup_5_main_0_30fps_frame0059.png
Prompt: Given the human reaction shown in the image, do you think the situation observed by that human ends well or poorly? (Use only one word -- well or poorly -- to answer)
Image size: 11024 bytes
Response status code: 200
{'model': 'deepseek-ocr:3b', 'created_at': '2025-12-08T08:46:28.048994507Z', 'message': {'role': 'assistant', 'content': 'Well'}, 'done': True, 'done_reason': 'stop', 'total_duration': 9105886303, 'load_duration': 7945717523, 'prompt_eval_count': 520, 'prompt_eval_duration': 424702340, 'eval_count': 2, 'eval_duration': 4373056}
Response: Well
Analyzing frame 29/30: q_warmup_5_main_0_30fps_frame0074.png
Prompt: Given the human reaction shown in the image, do you think the situation observed by that human ends well or poorly? (Use only one word -- well or poorly -- to answer)
Image size: 10952 bytes
Response status code: 200
{'model': 'deepseek-ocr:3b', 'created_at': '2025-12-08T08:46:38.235620675Z', 'message': {'role': 'assistant', 'content': 'Well'}, 'done': True, 'done_reason': 'stop', 'total_duration': 9123708924, 'load_duration': 7926429980, 'prompt_eval_count': 520, 'prompt_eval_duration': 438341263, 'eval_count': 2, 'eval_duration': 4184419}
Response: Well
Analyzing frame 30/30: q_warmup_5_main_0_30fps_frame0089.png
Prompt: Given the human reaction shown in the image, do you think the situation observed by that human ends well or poorly? (Use only one word -- well or poorly -- to answer)
Image size: 10944 bytes
Response status code: 200
{'model': 'deepseek-ocr:3b', 'created_at': '2025-12-08T08:46:48.797380125Z', 'message': {'role': 'assistant', 'content': 'Well'}, 'done': True, 'done_reason': 'stop', 'total_duration': 9521137388, 'load_duration': 8301271333, 'prompt_eval_count': 520, 'prompt_eval_duration': 421245541, 'eval_count': 2, 'eval_duration': 4223749}
Response: Well
Processed 30 frames for participant 8436

Results saved to ./results/results_deepseek-ocr_3s.csv
Total frames in CSV: 4482

==================================================
Processing participant 22/27: 8758

Processing participant: 8758
Found 42 unprocessed frames for this participant
Analyzing frame 1/42: q_11_main_1_30fps_frame0013.png
Prompt: Given the human reaction shown in the image, do you think the situation observed by that human ends well or poorly? (Use only one word -- well or poorly -- to answer)
Image size: 9220 bytes
Response status code: 200
{'model': 'deepseek-ocr:3b', 'created_at': '2025-12-08T08:46:58.952520511Z', 'message': {'role': 'assistant', 'content': 'Well'}, 'done': True, 'done_reason': 'stop', 'total_duration': 9059156953, 'load_duration': 7814912680, 'prompt_eval_count': 520, 'prompt_eval_duration': 449964943, 'eval_count': 2, 'eval_duration': 4430025}
Response: Well
Analyzing frame 2/42: q_11_main_1_30fps_frame0028.png
Prompt: Given the human reaction shown in the image, do you think the situation observed by that human ends well or poorly? (Use only one word -- well or poorly -- to answer)
Image size: 9016 bytes
Response status code: 200
{'model': 'deepseek-ocr:3b', 'created_at': '2025-12-08T08:47:08.683819325Z', 'message': {'role': 'assistant', 'content': 'Well'}, 'done': True, 'done_reason': 'stop', 'total_duration': 8698118229, 'load_duration': 7518989981, 'prompt_eval_count': 520, 'prompt_eval_duration': 422407466, 'eval_count': 2, 'eval_duration': 4218813}
Response: Well
Analyzing frame 3/42: q_11_main_1_30fps_frame0043.png
Prompt: Given the human reaction shown in the image, do you think the situation observed by that human ends well or poorly? (Use only one word -- well or poorly -- to answer)
Image size: 9008 bytes
Response status code: 200
{'model': 'deepseek-ocr:3b', 'created_at': '2025-12-08T08:47:18.617082268Z', 'message': {'role': 'assistant', 'content': 'Well'}, 'done': True, 'done_reason': 'stop', 'total_duration': 8887403960, 'load_duration': 7663592622, 'prompt_eval_count': 520, 'prompt_eval_duration': 425393585, 'eval_count': 2, 'eval_duration': 4362963}
Response: Well
Analyzing frame 4/42: q_11_main_1_30fps_frame0058.png
Prompt: Given the human reaction shown in the image, do you think the situation observed by that human ends well or poorly? (Use only one word -- well or poorly -- to answer)
Image size: 9028 bytes
Response status code: 200
{'model': 'deepseek-ocr:3b', 'created_at': '2025-12-08T08:47:28.393437459Z', 'message': {'role': 'assistant', 'content': 'Well'}, 'done': True, 'done_reason': 'stop', 'total_duration': 8749237185, 'load_duration': 7569031099, 'prompt_eval_count': 520, 'prompt_eval_duration': 425025855, 'eval_count': 2, 'eval_duration': 4214877}
Response: Well
Analyzing frame 5/42: q_11_main_1_30fps_frame0073.png
Prompt: Given the human reaction shown in the image, do you think the situation observed by that human ends well or poorly? (Use only one word -- well or poorly -- to answer)
Image size: 8988 bytes
Response status code: 200
{'model': 'deepseek-ocr:3b', 'created_at': '2025-12-08T08:47:38.397442254Z', 'message': {'role': 'assistant', 'content': 'Well'}, 'done': True, 'done_reason': 'stop', 'total_duration': 8975200157, 'load_duration': 7751085738, 'prompt_eval_count': 520, 'prompt_eval_duration': 476298829, 'eval_count': 2, 'eval_duration': 4226672}
Response: Well
Analyzing frame 6/42: q_11_main_1_30fps_frame0088.png
Prompt: Given the human reaction shown in the image, do you think the situation observed by that human ends well or poorly? (Use only one word -- well or poorly -- to answer)
Image size: 8948 bytes
Response status code: 200
{'model': 'deepseek-ocr:3b', 'created_at': '2025-12-08T08:47:48.515426462Z', 'message': {'role': 'assistant', 'content': 'Well'}, 'done': True, 'done_reason': 'stop', 'total_duration': 9079606842, 'load_duration': 7886265140, 'prompt_eval_count': 520, 'prompt_eval_duration': 424386179, 'eval_count': 2, 'eval_duration': 4236969}
Response: Well
Analyzing frame 7/42: q_24_main_0_30fps_frame0014.png
Prompt: Given the human reaction shown in the image, do you think the situation observed by that human ends well or poorly? (Use only one word -- well or poorly -- to answer)
Image size: 8688 bytes
Response status code: 200
{'model': 'deepseek-ocr:3b', 'created_at': '2025-12-08T08:47:58.973991215Z', 'message': {'role': 'assistant', 'content': 'Well'}, 'done': True, 'done_reason': 'stop', 'total_duration': 9401034871, 'load_duration': 8206517640, 'prompt_eval_count': 520, 'prompt_eval_duration': 423839644, 'eval_count': 2, 'eval_duration': 4198219}
Response: Well
Analyzing frame 8/42: q_24_main_0_30fps_frame0029.png
Prompt: Given the human reaction shown in the image, do you think the situation observed by that human ends well or poorly? (Use only one word -- well or poorly -- to answer)
Image size: 8748 bytes
Response status code: 200
{'model': 'deepseek-ocr:3b', 'created_at': '2025-12-08T08:48:09.161192515Z', 'message': {'role': 'assistant', 'content': 'Well'}, 'done': True, 'done_reason': 'stop', 'total_duration': 9160573456, 'load_duration': 7976705931, 'prompt_eval_count': 520, 'prompt_eval_duration': 423436271, 'eval_count': 2, 'eval_duration': 4218619}
Response: Well
Analyzing frame 9/42: q_24_main_0_30fps_frame0044.png
Prompt: Given the human reaction shown in the image, do you think the situation observed by that human ends well or poorly? (Use only one word -- well or poorly -- to answer)
Image size: 8752 bytes
Response status code: 200
{'model': 'deepseek-ocr:3b', 'created_at': '2025-12-08T08:48:19.424077067Z', 'message': {'role': 'assistant', 'content': 'Well'}, 'done': True, 'done_reason': 'stop', 'total_duration': 9228213715, 'load_duration': 7951834884, 'prompt_eval_count': 520, 'prompt_eval_duration': 416911325, 'eval_count': 2, 'eval_duration': 4189882}
Response: Well
Analyzing frame 10/42: q_24_main_0_30fps_frame0059.png
Prompt: Given the human reaction shown in the image, do you think the situation observed by that human ends well or poorly? (Use only one word -- well or poorly -- to answer)
Image size: 8396 bytes
Response status code: 200
{'model': 'deepseek-ocr:3b', 'created_at': '2025-12-08T08:48:29.548011103Z', 'message': {'role': 'assistant', 'content': 'Well'}, 'done': True, 'done_reason': 'stop', 'total_duration': 9077471227, 'load_duration': 7872192656, 'prompt_eval_count': 520, 'prompt_eval_duration': 460391936, 'eval_count': 2, 'eval_duration': 4198770}
Response: Well
Analyzing frame 11/42: q_24_main_0_30fps_frame0074.png
Prompt: Given the human reaction shown in the image, do you think the situation observed by that human ends well or poorly? (Use only one word -- well or poorly -- to answer)
Image size: 8656 bytes
Response status code: 200
{'model': 'deepseek-ocr:3b', 'created_at': '2025-12-08T08:48:39.703736292Z', 'message': {'role': 'assistant', 'content': 'Well'}, 'done': True, 'done_reason': 'stop', 'total_duration': 9132337353, 'load_duration': 7977229875, 'prompt_eval_count': 520, 'prompt_eval_duration': 423469329, 'eval_count': 2, 'eval_duration': 4204985}
Response: Well
Analyzing frame 12/42: q_24_main_0_30fps_frame0089.png
Prompt: Given the human reaction shown in the image, do you think the situation observed by that human ends well or poorly? (Use only one word -- well or poorly -- to answer)
Image size: 8788 bytes
Response status code: 200
{'model': 'deepseek-ocr:3b', 'created_at': '2025-12-08T08:48:49.529237612Z', 'message': {'role': 'assistant', 'content': 'Well'}, 'done': True, 'done_reason': 'stop', 'total_duration': 8799414422, 'load_duration': 7651295753, 'prompt_eval_count': 520, 'prompt_eval_duration': 419624216, 'eval_count': 2, 'eval_duration': 4289732}
Response: Well
Analyzing frame 13/42: q_27_main_1_30fps_frame0015.png
Prompt: Given the human reaction shown in the image, do you think the situation observed by that human ends well or poorly? (Use only one word -- well or poorly -- to answer)
Image size: 8260 bytes
Response status code: 200
{'model': 'deepseek-ocr:3b', 'created_at': '2025-12-08T08:48:59.799879395Z', 'message': {'role': 'assistant', 'content': 'Well'}, 'done': True, 'done_reason': 'stop', 'total_duration': 9215168753, 'load_duration': 8071357237, 'prompt_eval_count': 520, 'prompt_eval_duration': 440855806, 'eval_count': 2, 'eval_duration': 4466605}
Response: Well
Analyzing frame 14/42: q_27_main_1_30fps_frame0030.png
Prompt: Given the human reaction shown in the image, do you think the situation observed by that human ends well or poorly? (Use only one word -- well or poorly -- to answer)
Image size: 7808 bytes
Response status code: 200
{'model': 'deepseek-ocr:3b', 'created_at': '2025-12-08T08:49:09.738535119Z', 'message': {'role': 'assistant', 'content': 'Well'}, 'done': True, 'done_reason': 'stop', 'total_duration': 8914101625, 'load_duration': 7718154283, 'prompt_eval_count': 520, 'prompt_eval_duration': 432071711, 'eval_count': 2, 'eval_duration': 4201654}
Response: Well
Analyzing frame 15/42: q_27_main_1_30fps_frame0045.png
Prompt: Given the human reaction shown in the image, do you think the situation observed by that human ends well or poorly? (Use only one word -- well or poorly -- to answer)
Image size: 8088 bytes
Response status code: 200
{'model': 'deepseek-ocr:3b', 'created_at': '2025-12-08T08:49:19.68450238Z', 'message': {'role': 'assistant', 'content': 'Well'}, 'done': True, 'done_reason': 'stop', 'total_duration': 8920610920, 'load_duration': 7699597359, 'prompt_eval_count': 520, 'prompt_eval_duration': 426486079, 'eval_count': 2, 'eval_duration': 4213120}
Response: Well
Analyzing frame 16/42: q_27_main_1_30fps_frame0060.png
Prompt: Given the human reaction shown in the image, do you think the situation observed by that human ends well or poorly? (Use only one word -- well or poorly -- to answer)
Image size: 8048 bytes
Response status code: 200
{'model': 'deepseek-ocr:3b', 'created_at': '2025-12-08T08:49:29.6860422Z', 'message': {'role': 'assistant', 'content': 'Well'}, 'done': True, 'done_reason': 'stop', 'total_duration': 8974295555, 'load_duration': 7769837788, 'prompt_eval_count': 520, 'prompt_eval_duration': 423752617, 'eval_count': 2, 'eval_duration': 4222445}
Response: Well
Analyzing frame 17/42: q_27_main_1_30fps_frame0075.png
Prompt: Given the human reaction shown in the image, do you think the situation observed by that human ends well or poorly? (Use only one word -- well or poorly -- to answer)
Image size: 8352 bytes
Response status code: 200
{'model': 'deepseek-ocr:3b', 'created_at': '2025-12-08T08:49:39.906934382Z', 'message': {'role': 'assistant', 'content': 'Well'}, 'done': True, 'done_reason': 'stop', 'total_duration': 9194472657, 'load_duration': 7846208452, 'prompt_eval_count': 520, 'prompt_eval_duration': 447123373, 'eval_count': 2, 'eval_duration': 4467778}
Response: Well
Analyzing frame 18/42: q_27_main_1_30fps_frame0090.png
Prompt: Given the human reaction shown in the image, do you think the situation observed by that human ends well or poorly? (Use only one word -- well or poorly -- to answer)
Image size: 8432 bytes
Response status code: 200
{'model': 'deepseek-ocr:3b', 'created_at': '2025-12-08T08:49:49.913547979Z', 'message': {'role': 'assistant', 'content': 'Well'}, 'done': True, 'done_reason': 'stop', 'total_duration': 8945130574, 'load_duration': 7756542879, 'prompt_eval_count': 520, 'prompt_eval_duration': 424409182, 'eval_count': 2, 'eval_duration': 4250894}
Response: Well
Analyzing frame 19/42: q_3_main_1_30fps_frame0015.png
Prompt: Given the human reaction shown in the image, do you think the situation observed by that human ends well or poorly? (Use only one word -- well or poorly -- to answer)
Image size: 8988 bytes
Response status code: 200
{'model': 'deepseek-ocr:3b', 'created_at': '2025-12-08T08:50:00.165419028Z', 'message': {'role': 'assistant', 'content': 'Well'}, 'done': True, 'done_reason': 'stop', 'total_duration': 9205382786, 'load_duration': 7968236036, 'prompt_eval_count': 520, 'prompt_eval_duration': 418189493, 'eval_count': 2, 'eval_duration': 4296611}
Response: Well
Analyzing frame 20/42: q_3_main_1_30fps_frame0030.png
Prompt: Given the human reaction shown in the image, do you think the situation observed by that human ends well or poorly? (Use only one word -- well or poorly -- to answer)
Image size: 8988 bytes
Response status code: 200
{'model': 'deepseek-ocr:3b', 'created_at': '2025-12-08T08:50:10.299733033Z', 'message': {'role': 'assistant', 'content': 'Well'}, 'done': True, 'done_reason': 'stop', 'total_duration': 9106549032, 'load_duration': 7892492424, 'prompt_eval_count': 520, 'prompt_eval_duration': 412736741, 'eval_count': 2, 'eval_duration': 4351733}
Response: Well
Analyzing frame 21/42: q_3_main_1_30fps_frame0045.png
Prompt: Given the human reaction shown in the image, do you think the situation observed by that human ends well or poorly? (Use only one word -- well or poorly -- to answer)
Image size: 9144 bytes
Response status code: 200
{'model': 'deepseek-ocr:3b', 'created_at': '2025-12-08T08:50:20.313409896Z', 'message': {'role': 'assistant', 'content': 'Well'}, 'done': True, 'done_reason': 'stop', 'total_duration': 8994421143, 'load_duration': 7806967093, 'prompt_eval_count': 520, 'prompt_eval_duration': 422834203, 'eval_count': 2, 'eval_duration': 4193347}
Response: Well
Analyzing frame 22/42: q_3_main_1_30fps_frame0060.png
Prompt: Given the human reaction shown in the image, do you think the situation observed by that human ends well or poorly? (Use only one word -- well or poorly -- to answer)
Image size: 9196 bytes
Response status code: 200
{'model': 'deepseek-ocr:3b', 'created_at': '2025-12-08T08:50:30.454577701Z', 'message': {'role': 'assistant', 'content': 'Well'}, 'done': True, 'done_reason': 'stop', 'total_duration': 9098955901, 'load_duration': 7805984310, 'prompt_eval_count': 520, 'prompt_eval_duration': 425125193, 'eval_count': 2, 'eval_duration': 4335165}
Response: Well
Analyzing frame 23/42: q_3_main_1_30fps_frame0075.png
Prompt: Given the human reaction shown in the image, do you think the situation observed by that human ends well or poorly? (Use only one word -- well or poorly -- to answer)
Image size: 9300 bytes
Response status code: 200
{'model': 'deepseek-ocr:3b', 'created_at': '2025-12-08T08:50:40.376941378Z', 'message': {'role': 'assistant', 'content': 'Well'}, 'done': True, 'done_reason': 'stop', 'total_duration': 8895252848, 'load_duration': 7702997092, 'prompt_eval_count': 520, 'prompt_eval_duration': 423520449, 'eval_count': 2, 'eval_duration': 4201526}
Response: Well
Analyzing frame 24/42: q_3_main_1_30fps_frame0090.png
Prompt: Given the human reaction shown in the image, do you think the situation observed by that human ends well or poorly? (Use only one word -- well or poorly -- to answer)
Image size: 9348 bytes
Response status code: 200
{'model': 'deepseek-ocr:3b', 'created_at': '2025-12-08T08:50:50.117924758Z', 'message': {'role': 'assistant', 'content': 'Well'}, 'done': True, 'done_reason': 'stop', 'total_duration': 8698553374, 'load_duration': 7578117333, 'prompt_eval_count': 520, 'prompt_eval_duration': 412548934, 'eval_count': 2, 'eval_duration': 4231659}
Response: Well
Analyzing frame 25/42: q_6_main_1_30fps_frame0014.png
Prompt: Given the human reaction shown in the image, do you think the situation observed by that human ends well or poorly? (Use only one word -- well or poorly -- to answer)
Image size: 9188 bytes
Response status code: 200
{'model': 'deepseek-ocr:3b', 'created_at': '2025-12-08T08:51:00.803844815Z', 'message': {'role': 'assistant', 'content': 'Well'}, 'done': True, 'done_reason': 'stop', 'total_duration': 9644882988, 'load_duration': 8487725944, 'prompt_eval_count': 520, 'prompt_eval_duration': 428984528, 'eval_count': 2, 'eval_duration': 4250414}
Response: Well
Analyzing frame 26/42: q_6_main_1_30fps_frame0029.png
Prompt: Given the human reaction shown in the image, do you think the situation observed by that human ends well or poorly? (Use only one word -- well or poorly -- to answer)
Image size: 9144 bytes
Response status code: 200
{'model': 'deepseek-ocr:3b', 'created_at': '2025-12-08T08:51:10.779056053Z', 'message': {'role': 'assistant', 'content': 'Well'}, 'done': True, 'done_reason': 'stop', 'total_duration': 8949918042, 'load_duration': 7676473278, 'prompt_eval_count': 520, 'prompt_eval_duration': 430735522, 'eval_count': 2, 'eval_duration': 4204538}
Response: Well
Analyzing frame 27/42: q_6_main_1_30fps_frame0044.png
Prompt: Given the human reaction shown in the image, do you think the situation observed by that human ends well or poorly? (Use only one word -- well or poorly -- to answer)
Image size: 9128 bytes
Response status code: 200
{'model': 'deepseek-ocr:3b', 'created_at': '2025-12-08T08:51:21.087303284Z', 'message': {'role': 'assistant', 'content': 'Well'}, 'done': True, 'done_reason': 'stop', 'total_duration': 9281064762, 'load_duration': 8060942032, 'prompt_eval_count': 520, 'prompt_eval_duration': 435932802, 'eval_count': 2, 'eval_duration': 4201632}
Response: Well
Analyzing frame 28/42: q_6_main_1_30fps_frame0059.png
Prompt: Given the human reaction shown in the image, do you think the situation observed by that human ends well or poorly? (Use only one word -- well or poorly -- to answer)
Image size: 9024 bytes
Response status code: 200
{'model': 'deepseek-ocr:3b', 'created_at': '2025-12-08T08:51:30.889304312Z', 'message': {'role': 'assistant', 'content': 'Well'}, 'done': True, 'done_reason': 'stop', 'total_duration': 8755855447, 'load_duration': 7608760591, 'prompt_eval_count': 520, 'prompt_eval_duration': 419152825, 'eval_count': 2, 'eval_duration': 4466364}
Response: Well
Analyzing frame 29/42: q_6_main_1_30fps_frame0074.png
Prompt: Given the human reaction shown in the image, do you think the situation observed by that human ends well or poorly? (Use only one word -- well or poorly -- to answer)
Image size: 9044 bytes
Response status code: 200
{'model': 'deepseek-ocr:3b', 'created_at': '2025-12-08T08:51:41.237005835Z', 'message': {'role': 'assistant', 'content': 'Well'}, 'done': True, 'done_reason': 'stop', 'total_duration': 9318549785, 'load_duration': 8124106382, 'prompt_eval_count': 520, 'prompt_eval_duration': 422946368, 'eval_count': 2, 'eval_duration': 4446970}
Response: Well
Analyzing frame 30/42: q_6_main_1_30fps_frame0089.png
Prompt: Given the human reaction shown in the image, do you think the situation observed by that human ends well or poorly? (Use only one word -- well or poorly -- to answer)
Image size: 9072 bytes
Response status code: 200
{'model': 'deepseek-ocr:3b', 'created_at': '2025-12-08T08:51:51.519840842Z', 'message': {'role': 'assistant', 'content': 'Well'}, 'done': True, 'done_reason': 'stop', 'total_duration': 9241608466, 'load_duration': 8043418035, 'prompt_eval_count': 520, 'prompt_eval_duration': 421484510, 'eval_count': 2, 'eval_duration': 9336562}
Response: Well
Analyzing frame 31/42: q_8_main_0_30fps_frame0015.png
Prompt: Given the human reaction shown in the image, do you think the situation observed by that human ends well or poorly? (Use only one word -- well or poorly -- to answer)
Image size: 9864 bytes
Response status code: 200
{'model': 'deepseek-ocr:3b', 'created_at': '2025-12-08T08:52:01.573392366Z', 'message': {'role': 'assistant', 'content': 'Well'}, 'done': True, 'done_reason': 'stop', 'total_duration': 9027814076, 'load_duration': 7853532496, 'prompt_eval_count': 520, 'prompt_eval_duration': 425905704, 'eval_count': 2, 'eval_duration': 4198018}
Response: Well
Analyzing frame 32/42: q_8_main_0_30fps_frame0030.png
Prompt: Given the human reaction shown in the image, do you think the situation observed by that human ends well or poorly? (Use only one word -- well or poorly -- to answer)
Image size: 9848 bytes
Response status code: 200
{'model': 'deepseek-ocr:3b', 'created_at': '2025-12-08T08:52:11.579964288Z', 'message': {'role': 'assistant', 'content': 'Well'}, 'done': True, 'done_reason': 'stop', 'total_duration': 8961802356, 'load_duration': 7782498539, 'prompt_eval_count': 520, 'prompt_eval_duration': 425103132, 'eval_count': 2, 'eval_duration': 4194563}
Response: Well
Analyzing frame 33/42: q_8_main_0_30fps_frame0045.png
Prompt: Given the human reaction shown in the image, do you think the situation observed by that human ends well or poorly? (Use only one word -- well or poorly -- to answer)
Image size: 9776 bytes
Response status code: 200
{'model': 'deepseek-ocr:3b', 'created_at': '2025-12-08T08:52:21.430988364Z', 'message': {'role': 'assistant', 'content': 'Well'}, 'done': True, 'done_reason': 'stop', 'total_duration': 8824782569, 'load_duration': 7553363973, 'prompt_eval_count': 520, 'prompt_eval_duration': 424478574, 'eval_count': 2, 'eval_duration': 4197389}
Response: Well
Analyzing frame 34/42: q_8_main_0_30fps_frame0060.png
Prompt: Given the human reaction shown in the image, do you think the situation observed by that human ends well or poorly? (Use only one word -- well or poorly -- to answer)
Image size: 9860 bytes
Response status code: 200
{'model': 'deepseek-ocr:3b', 'created_at': '2025-12-08T08:52:31.474553339Z', 'message': {'role': 'assistant', 'content': 'Well'}, 'done': True, 'done_reason': 'stop', 'total_duration': 9000031791, 'load_duration': 7742126767, 'prompt_eval_count': 520, 'prompt_eval_duration': 448222138, 'eval_count': 2, 'eval_duration': 4492848}
Response: Well
Analyzing frame 35/42: q_8_main_0_30fps_frame0075.png
Prompt: Given the human reaction shown in the image, do you think the situation observed by that human ends well or poorly? (Use only one word -- well or poorly -- to answer)
Image size: 9804 bytes
Response status code: 200
{'model': 'deepseek-ocr:3b', 'created_at': '2025-12-08T08:52:41.595798985Z', 'message': {'role': 'assistant', 'content': 'Well'}, 'done': True, 'done_reason': 'stop', 'total_duration': 9093725355, 'load_duration': 7842768630, 'prompt_eval_count': 520, 'prompt_eval_duration': 417586539, 'eval_count': 2, 'eval_duration': 4360827}
Response: Well
Analyzing frame 36/42: q_8_main_0_30fps_frame0090.png
Prompt: Given the human reaction shown in the image, do you think the situation observed by that human ends well or poorly? (Use only one word -- well or poorly -- to answer)
Image size: 9640 bytes
Response status code: 200
{'model': 'deepseek-ocr:3b', 'created_at': '2025-12-08T08:52:51.838484331Z', 'message': {'role': 'assistant', 'content': 'Well'}, 'done': True, 'done_reason': 'stop', 'total_duration': 9199623015, 'load_duration': 8034535630, 'prompt_eval_count': 520, 'prompt_eval_duration': 418974652, 'eval_count': 2, 'eval_duration': 4531111}
Response: Well
Analyzing frame 37/42: q_9_main_1_30fps_frame0014.png
Prompt: Given the human reaction shown in the image, do you think the situation observed by that human ends well or poorly? (Use only one word -- well or poorly -- to answer)
Image size: 10120 bytes
Response status code: 200
{'model': 'deepseek-ocr:3b', 'created_at': '2025-12-08T08:53:01.865962052Z', 'message': {'role': 'assistant', 'content': 'Well'}, 'done': True, 'done_reason': 'stop', 'total_duration': 8998961226, 'load_duration': 7828424613, 'prompt_eval_count': 520, 'prompt_eval_duration': 424087356, 'eval_count': 2, 'eval_duration': 4344763}
Response: Well
Analyzing frame 38/42: q_9_main_1_30fps_frame0029.png
Prompt: Given the human reaction shown in the image, do you think the situation observed by that human ends well or poorly? (Use only one word -- well or poorly -- to answer)
Image size: 10100 bytes
Response status code: 200
{'model': 'deepseek-ocr:3b', 'created_at': '2025-12-08T08:53:11.998439828Z', 'message': {'role': 'assistant', 'content': 'Well'}, 'done': True, 'done_reason': 'stop', 'total_duration': 9088928272, 'load_duration': 7914009769, 'prompt_eval_count': 520, 'prompt_eval_duration': 423237061, 'eval_count': 2, 'eval_duration': 4217868}
Response: Well
Analyzing frame 39/42: q_9_main_1_30fps_frame0044.png
Prompt: Given the human reaction shown in the image, do you think the situation observed by that human ends well or poorly? (Use only one word -- well or poorly -- to answer)
Image size: 10136 bytes
Response status code: 200
{'model': 'deepseek-ocr:3b', 'created_at': '2025-12-08T08:53:21.975736374Z', 'message': {'role': 'assistant', 'content': 'Well'}, 'done': True, 'done_reason': 'stop', 'total_duration': 8948140009, 'load_duration': 7717010964, 'prompt_eval_count': 520, 'prompt_eval_duration': 445632448, 'eval_count': 2, 'eval_duration': 4453873}
Response: Well
Analyzing frame 40/42: q_9_main_1_30fps_frame0059.png
Prompt: Given the human reaction shown in the image, do you think the situation observed by that human ends well or poorly? (Use only one word -- well or poorly -- to answer)
Image size: 10148 bytes
Response status code: 200
{'model': 'deepseek-ocr:3b', 'created_at': '2025-12-08T08:53:32.075609546Z', 'message': {'role': 'assistant', 'content': 'Well'}, 'done': True, 'done_reason': 'stop', 'total_duration': 9059898923, 'load_duration': 7842813905, 'prompt_eval_count': 520, 'prompt_eval_duration': 423624548, 'eval_count': 2, 'eval_duration': 4208087}
Response: Well
Analyzing frame 41/42: q_9_main_1_30fps_frame0074.png
Prompt: Given the human reaction shown in the image, do you think the situation observed by that human ends well or poorly? (Use only one word -- well or poorly -- to answer)
Image size: 10112 bytes
Response status code: 200
{'model': 'deepseek-ocr:3b', 'created_at': '2025-12-08T08:53:42.888093274Z', 'message': {'role': 'assistant', 'content': 'Well'}, 'done': True, 'done_reason': 'stop', 'total_duration': 9785858228, 'load_duration': 8628261697, 'prompt_eval_count': 520, 'prompt_eval_duration': 419415807, 'eval_count': 2, 'eval_duration': 4207704}
Response: Well
Analyzing frame 42/42: q_9_main_1_30fps_frame0089.png
Prompt: Given the human reaction shown in the image, do you think the situation observed by that human ends well or poorly? (Use only one word -- well or poorly -- to answer)
Image size: 10068 bytes
Response status code: 200
{'model': 'deepseek-ocr:3b', 'created_at': '2025-12-08T08:53:53.768191829Z', 'message': {'role': 'assistant', 'content': 'Well'}, 'done': True, 'done_reason': 'stop', 'total_duration': 9838619316, 'load_duration': 8652574028, 'prompt_eval_count': 520, 'prompt_eval_duration': 421476006, 'eval_count': 2, 'eval_duration': 4195896}
Response: Well
Processed 42 frames for participant 8758

Results saved to ./results/results_deepseek-ocr_3s.csv
Total frames in CSV: 4524

==================================================
Processing participant 23/27: 8786

Processing participant: 8786
Found 60 unprocessed frames for this participant
Analyzing frame 1/60: q_10_main_0_30fps_frame0014.png
Prompt: Given the human reaction shown in the image, do you think the situation observed by that human ends well or poorly? (Use only one word -- well or poorly -- to answer)
Image size: 19872 bytes
Response status code: 200
{'model': 'deepseek-ocr:3b', 'created_at': '2025-12-08T08:54:03.844553108Z', 'message': {'role': 'assistant', 'content': 'Well'}, 'done': True, 'done_reason': 'stop', 'total_duration': 8992511922, 'load_duration': 7815451120, 'prompt_eval_count': 520, 'prompt_eval_duration': 412404376, 'eval_count': 2, 'eval_duration': 4374576}
Response: Well
Analyzing frame 2/60: q_10_main_0_30fps_frame0029.png
Prompt: Given the human reaction shown in the image, do you think the situation observed by that human ends well or poorly? (Use only one word -- well or poorly -- to answer)
Image size: 19868 bytes
Response status code: 200
{'model': 'deepseek-ocr:3b', 'created_at': '2025-12-08T08:54:13.989181207Z', 'message': {'role': 'assistant', 'content': 'Well'}, 'done': True, 'done_reason': 'stop', 'total_duration': 9123454497, 'load_duration': 7939833750, 'prompt_eval_count': 520, 'prompt_eval_duration': 423300312, 'eval_count': 2, 'eval_duration': 4178453}
Response: Well
Analyzing frame 3/60: q_10_main_0_30fps_frame0044.png
Prompt: Given the human reaction shown in the image, do you think the situation observed by that human ends well or poorly? (Use only one word -- well or poorly -- to answer)
Image size: 19800 bytes
Response status code: 200
{'model': 'deepseek-ocr:3b', 'created_at': '2025-12-08T08:54:24.017513247Z', 'message': {'role': 'assistant', 'content': 'Well'}, 'done': True, 'done_reason': 'stop', 'total_duration': 8992080909, 'load_duration': 7767551189, 'prompt_eval_count': 520, 'prompt_eval_duration': 424714221, 'eval_count': 2, 'eval_duration': 4227307}
Response: Well
Analyzing frame 4/60: q_10_main_0_30fps_frame0059.png
Prompt: Given the human reaction shown in the image, do you think the situation observed by that human ends well or poorly? (Use only one word -- well or poorly -- to answer)
Image size: 19828 bytes
Response status code: 200
{'model': 'deepseek-ocr:3b', 'created_at': '2025-12-08T08:54:33.948340635Z', 'message': {'role': 'assistant', 'content': 'Well'}, 'done': True, 'done_reason': 'stop', 'total_duration': 8883907596, 'load_duration': 7690773759, 'prompt_eval_count': 520, 'prompt_eval_duration': 426267029, 'eval_count': 2, 'eval_duration': 4229753}
Response: Well
Analyzing frame 5/60: q_10_main_0_30fps_frame0074.png
Prompt: Given the human reaction shown in the image, do you think the situation observed by that human ends well or poorly? (Use only one word -- well or poorly -- to answer)
Image size: 19820 bytes
Response status code: 200
{'model': 'deepseek-ocr:3b', 'created_at': '2025-12-08T08:54:43.960171012Z', 'message': {'role': 'assistant', 'content': 'Well'}, 'done': True, 'done_reason': 'stop', 'total_duration': 8966005401, 'load_duration': 7735611680, 'prompt_eval_count': 520, 'prompt_eval_duration': 425352777, 'eval_count': 2, 'eval_duration': 4198473}
Response: Well
Analyzing frame 6/60: q_10_main_0_30fps_frame0089.png
Prompt: Given the human reaction shown in the image, do you think the situation observed by that human ends well or poorly? (Use only one word -- well or poorly -- to answer)
Image size: 19764 bytes
Response status code: 200
{'model': 'deepseek-ocr:3b', 'created_at': '2025-12-08T08:54:53.834388397Z', 'message': {'role': 'assistant', 'content': 'Well'}, 'done': True, 'done_reason': 'stop', 'total_duration': 8846060283, 'load_duration': 7654742802, 'prompt_eval_count': 520, 'prompt_eval_duration': 422367103, 'eval_count': 2, 'eval_duration': 4180514}
Response: Well
Analyzing frame 7/60: q_18_main_0_30fps_frame0014.png
Prompt: Given the human reaction shown in the image, do you think the situation observed by that human ends well or poorly? (Use only one word -- well or poorly -- to answer)
Image size: 20184 bytes
Response status code: 200
{'model': 'deepseek-ocr:3b', 'created_at': '2025-12-08T08:55:03.86922537Z', 'message': {'role': 'assistant', 'content': 'Well'}, 'done': True, 'done_reason': 'stop', 'total_duration': 8967284103, 'load_duration': 7781559822, 'prompt_eval_count': 520, 'prompt_eval_duration': 423728315, 'eval_count': 2, 'eval_duration': 4319455}
Response: Well
Analyzing frame 8/60: q_18_main_0_30fps_frame0029.png
Prompt: Given the human reaction shown in the image, do you think the situation observed by that human ends well or poorly? (Use only one word -- well or poorly -- to answer)
Image size: 20204 bytes
Response status code: 200
{'model': 'deepseek-ocr:3b', 'created_at': '2025-12-08T08:55:13.949953316Z', 'message': {'role': 'assistant', 'content': 'Well'}, 'done': True, 'done_reason': 'stop', 'total_duration': 9049202039, 'load_duration': 7843336437, 'prompt_eval_count': 520, 'prompt_eval_duration': 424043573, 'eval_count': 2, 'eval_duration': 4194584}
Response: Well
Analyzing frame 9/60: q_18_main_0_30fps_frame0044.png
Prompt: Given the human reaction shown in the image, do you think the situation observed by that human ends well or poorly? (Use only one word -- well or poorly -- to answer)
Image size: 20176 bytes
Response status code: 200
{'model': 'deepseek-ocr:3b', 'created_at': '2025-12-08T08:55:24.164095156Z', 'message': {'role': 'assistant', 'content': 'Well'}, 'done': True, 'done_reason': 'stop', 'total_duration': 9169509699, 'load_duration': 7944034460, 'prompt_eval_count': 520, 'prompt_eval_duration': 425392548, 'eval_count': 2, 'eval_duration': 4245843}
Response: Well
Analyzing frame 10/60: q_18_main_0_30fps_frame0059.png
Prompt: Given the human reaction shown in the image, do you think the situation observed by that human ends well or poorly? (Use only one word -- well or poorly -- to answer)
Image size: 20216 bytes
Response status code: 200
{'model': 'deepseek-ocr:3b', 'created_at': '2025-12-08T08:55:34.032737943Z', 'message': {'role': 'assistant', 'content': 'Well'}, 'done': True, 'done_reason': 'stop', 'total_duration': 8839196958, 'load_duration': 7672395917, 'prompt_eval_count': 520, 'prompt_eval_duration': 425290741, 'eval_count': 2, 'eval_duration': 4181793}
Response: Well
Analyzing frame 11/60: q_18_main_0_30fps_frame0074.png
Prompt: Given the human reaction shown in the image, do you think the situation observed by that human ends well or poorly? (Use only one word -- well or poorly -- to answer)
Image size: 20076 bytes
Response status code: 200
{'model': 'deepseek-ocr:3b', 'created_at': '2025-12-08T08:55:43.989587428Z', 'message': {'role': 'assistant', 'content': 'Well'}, 'done': True, 'done_reason': 'stop', 'total_duration': 8918441497, 'load_duration': 7695604188, 'prompt_eval_count': 520, 'prompt_eval_duration': 422807702, 'eval_count': 2, 'eval_duration': 4224988}
Response: Well
Analyzing frame 12/60: q_18_main_0_30fps_frame0089.png
Prompt: Given the human reaction shown in the image, do you think the situation observed by that human ends well or poorly? (Use only one word -- well or poorly -- to answer)
Image size: 20016 bytes
Response status code: 200
{'model': 'deepseek-ocr:3b', 'created_at': '2025-12-08T08:55:54.231695432Z', 'message': {'role': 'assistant', 'content': 'Well'}, 'done': True, 'done_reason': 'stop', 'total_duration': 9198884705, 'load_duration': 8027739801, 'prompt_eval_count': 520, 'prompt_eval_duration': 425198315, 'eval_count': 2, 'eval_duration': 4211491}
Response: Well
Analyzing frame 13/60: q_20_main_0_30fps_frame0013.png
Prompt: Given the human reaction shown in the image, do you think the situation observed by that human ends well or poorly? (Use only one word -- well or poorly -- to answer)
Image size: 20268 bytes
Response status code: 200
{'model': 'deepseek-ocr:3b', 'created_at': '2025-12-08T08:56:04.260827298Z', 'message': {'role': 'assistant', 'content': 'Well'}, 'done': True, 'done_reason': 'stop', 'total_duration': 8958622022, 'load_duration': 7769102490, 'prompt_eval_count': 520, 'prompt_eval_duration': 423691814, 'eval_count': 2, 'eval_duration': 4226575}
Response: Well
Analyzing frame 14/60: q_20_main_0_30fps_frame0028.png
Prompt: Given the human reaction shown in the image, do you think the situation observed by that human ends well or poorly? (Use only one word -- well or poorly -- to answer)
Image size: 20252 bytes
Response status code: 200
{'model': 'deepseek-ocr:3b', 'created_at': '2025-12-08T08:56:14.440989444Z', 'message': {'role': 'assistant', 'content': 'Well'}, 'done': True, 'done_reason': 'stop', 'total_duration': 9148024724, 'load_duration': 7934223816, 'prompt_eval_count': 520, 'prompt_eval_duration': 425687428, 'eval_count': 2, 'eval_duration': 4231057}
Response: Well
Analyzing frame 15/60: q_20_main_0_30fps_frame0043.png
Prompt: Given the human reaction shown in the image, do you think the situation observed by that human ends well or poorly? (Use only one word -- well or poorly -- to answer)
Image size: 20220 bytes
Response status code: 200
{'model': 'deepseek-ocr:3b', 'created_at': '2025-12-08T08:56:24.537525026Z', 'message': {'role': 'assistant', 'content': 'Well'}, 'done': True, 'done_reason': 'stop', 'total_duration': 9055930961, 'load_duration': 7926069861, 'prompt_eval_count': 520, 'prompt_eval_duration': 425139815, 'eval_count': 2, 'eval_duration': 4190876}
Response: Well
Analyzing frame 16/60: q_20_main_0_30fps_frame0058.png
Prompt: Given the human reaction shown in the image, do you think the situation observed by that human ends well or poorly? (Use only one word -- well or poorly -- to answer)
Image size: 20244 bytes
Response status code: 200
{'model': 'deepseek-ocr:3b', 'created_at': '2025-12-08T08:56:34.510669192Z', 'message': {'role': 'assistant', 'content': 'Well'}, 'done': True, 'done_reason': 'stop', 'total_duration': 8924142274, 'load_duration': 7757013620, 'prompt_eval_count': 520, 'prompt_eval_duration': 419270891, 'eval_count': 2, 'eval_duration': 4310639}
Response: Well
Analyzing frame 17/60: q_20_main_0_30fps_frame0073.png
Prompt: Given the human reaction shown in the image, do you think the situation observed by that human ends well or poorly? (Use only one word -- well or poorly -- to answer)
Image size: 20252 bytes
Response status code: 200
{'model': 'deepseek-ocr:3b', 'created_at': '2025-12-08T08:56:44.306019524Z', 'message': {'role': 'assistant', 'content': 'Well'}, 'done': True, 'done_reason': 'stop', 'total_duration': 8765684337, 'load_duration': 7600169899, 'prompt_eval_count': 520, 'prompt_eval_duration': 415523663, 'eval_count': 2, 'eval_duration': 4221557}
Response: Well
Analyzing frame 18/60: q_20_main_0_30fps_frame0088.png
Prompt: Given the human reaction shown in the image, do you think the situation observed by that human ends well or poorly? (Use only one word -- well or poorly -- to answer)
Image size: 20200 bytes
Response status code: 200
{'model': 'deepseek-ocr:3b', 'created_at': '2025-12-08T08:56:54.372515862Z', 'message': {'role': 'assistant', 'content': 'Well'}, 'done': True, 'done_reason': 'stop', 'total_duration': 9028426212, 'load_duration': 7778464664, 'prompt_eval_count': 520, 'prompt_eval_duration': 450463700, 'eval_count': 2, 'eval_duration': 4419737}
Response: Well
Analyzing frame 19/60: q_22_main_1_30fps_frame0014.png
Prompt: Given the human reaction shown in the image, do you think the situation observed by that human ends well or poorly? (Use only one word -- well or poorly -- to answer)
Image size: 19800 bytes
Response status code: 200
{'model': 'deepseek-ocr:3b', 'created_at': '2025-12-08T08:57:04.398082439Z', 'message': {'role': 'assistant', 'content': 'Well'}, 'done': True, 'done_reason': 'stop', 'total_duration': 8992982920, 'load_duration': 7840763890, 'prompt_eval_count': 520, 'prompt_eval_duration': 441250861, 'eval_count': 2, 'eval_duration': 4887421}
Response: Well
Analyzing frame 20/60: q_22_main_1_30fps_frame0029.png
Prompt: Given the human reaction shown in the image, do you think the situation observed by that human ends well or poorly? (Use only one word -- well or poorly -- to answer)
Image size: 19820 bytes
Response status code: 200
{'model': 'deepseek-ocr:3b', 'created_at': '2025-12-08T08:57:14.268897849Z', 'message': {'role': 'assistant', 'content': 'Well'}, 'done': True, 'done_reason': 'stop', 'total_duration': 8819759116, 'load_duration': 7652203405, 'prompt_eval_count': 520, 'prompt_eval_duration': 422685725, 'eval_count': 2, 'eval_duration': 4187276}
Response: Well
Analyzing frame 21/60: q_22_main_1_30fps_frame0044.png
Prompt: Given the human reaction shown in the image, do you think the situation observed by that human ends well or poorly? (Use only one word -- well or poorly -- to answer)
Image size: 19804 bytes
Response status code: 200
{'model': 'deepseek-ocr:3b', 'created_at': '2025-12-08T08:57:24.172968282Z', 'message': {'role': 'assistant', 'content': 'Well'}, 'done': True, 'done_reason': 'stop', 'total_duration': 8852505993, 'load_duration': 7672115965, 'prompt_eval_count': 520, 'prompt_eval_duration': 424337692, 'eval_count': 2, 'eval_duration': 4200178}
Response: Well
Analyzing frame 22/60: q_22_main_1_30fps_frame0059.png
Prompt: Given the human reaction shown in the image, do you think the situation observed by that human ends well or poorly? (Use only one word -- well or poorly -- to answer)
Image size: 19784 bytes
Response status code: 200
{'model': 'deepseek-ocr:3b', 'created_at': '2025-12-08T08:57:34.397571635Z', 'message': {'role': 'assistant', 'content': 'Well'}, 'done': True, 'done_reason': 'stop', 'total_duration': 9190933143, 'load_duration': 7919909403, 'prompt_eval_count': 520, 'prompt_eval_duration': 414382524, 'eval_count': 2, 'eval_duration': 4204590}
Response: Well
Analyzing frame 23/60: q_22_main_1_30fps_frame0074.png
Prompt: Given the human reaction shown in the image, do you think the situation observed by that human ends well or poorly? (Use only one word -- well or poorly -- to answer)
Image size: 19776 bytes
Response status code: 200
{'model': 'deepseek-ocr:3b', 'created_at': '2025-12-08T08:57:44.382942452Z', 'message': {'role': 'assistant', 'content': 'Well'}, 'done': True, 'done_reason': 'stop', 'total_duration': 8927821339, 'load_duration': 7748186582, 'prompt_eval_count': 520, 'prompt_eval_duration': 425108324, 'eval_count': 2, 'eval_duration': 4227475}
Response: Well
Analyzing frame 24/60: q_22_main_1_30fps_frame0089.png
Prompt: Given the human reaction shown in the image, do you think the situation observed by that human ends well or poorly? (Use only one word -- well or poorly -- to answer)
Image size: 19708 bytes
Response status code: 200
{'model': 'deepseek-ocr:3b', 'created_at': '2025-12-08T08:57:54.404175019Z', 'message': {'role': 'assistant', 'content': 'Well'}, 'done': True, 'done_reason': 'stop', 'total_duration': 8988372670, 'load_duration': 7796234612, 'prompt_eval_count': 520, 'prompt_eval_duration': 426202790, 'eval_count': 2, 'eval_duration': 4211248}
Response: Well
Analyzing frame 25/60: q_24_main_0_30fps_frame0014.png
Prompt: Given the human reaction shown in the image, do you think the situation observed by that human ends well or poorly? (Use only one word -- well or poorly -- to answer)
Image size: 20332 bytes
Response status code: 200
{'model': 'deepseek-ocr:3b', 'created_at': '2025-12-08T08:58:04.600851324Z', 'message': {'role': 'assistant', 'content': 'Well'}, 'done': True, 'done_reason': 'stop', 'total_duration': 9135545770, 'load_duration': 7898589848, 'prompt_eval_count': 520, 'prompt_eval_duration': 448877191, 'eval_count': 2, 'eval_duration': 4426241}
Response: Well
Analyzing frame 26/60: q_24_main_0_30fps_frame0029.png
Prompt: Given the human reaction shown in the image, do you think the situation observed by that human ends well or poorly? (Use only one word -- well or poorly -- to answer)
Image size: 20300 bytes
Response status code: 200
{'model': 'deepseek-ocr:3b', 'created_at': '2025-12-08T08:58:14.689650315Z', 'message': {'role': 'assistant', 'content': 'Well'}, 'done': True, 'done_reason': 'stop', 'total_duration': 9057168550, 'load_duration': 7893197138, 'prompt_eval_count': 520, 'prompt_eval_duration': 424066205, 'eval_count': 2, 'eval_duration': 4226348}
Response: Well
Analyzing frame 27/60: q_24_main_0_30fps_frame0044.png
Prompt: Given the human reaction shown in the image, do you think the situation observed by that human ends well or poorly? (Use only one word -- well or poorly -- to answer)
Image size: 20288 bytes
Response status code: 200
{'model': 'deepseek-ocr:3b', 'created_at': '2025-12-08T08:58:24.721840417Z', 'message': {'role': 'assistant', 'content': 'Well'}, 'done': True, 'done_reason': 'stop', 'total_duration': 9000709792, 'load_duration': 7799221633, 'prompt_eval_count': 520, 'prompt_eval_duration': 422567510, 'eval_count': 2, 'eval_duration': 4348314}
Response: Well
Analyzing frame 28/60: q_24_main_0_30fps_frame0059.png
Prompt: Given the human reaction shown in the image, do you think the situation observed by that human ends well or poorly? (Use only one word -- well or poorly -- to answer)
Image size: 20272 bytes
Response status code: 200
{'model': 'deepseek-ocr:3b', 'created_at': '2025-12-08T08:58:34.737011572Z', 'message': {'role': 'assistant', 'content': 'Well'}, 'done': True, 'done_reason': 'stop', 'total_duration': 8975535019, 'load_duration': 7721804350, 'prompt_eval_count': 520, 'prompt_eval_duration': 428385619, 'eval_count': 2, 'eval_duration': 4228741}
Response: Well
Analyzing frame 29/60: q_24_main_0_30fps_frame0074.png
Prompt: Given the human reaction shown in the image, do you think the situation observed by that human ends well or poorly? (Use only one word -- well or poorly -- to answer)
Image size: 20248 bytes
Response status code: 200
{'model': 'deepseek-ocr:3b', 'created_at': '2025-12-08T08:58:44.613267891Z', 'message': {'role': 'assistant', 'content': 'Well'}, 'done': True, 'done_reason': 'stop', 'total_duration': 8855463835, 'load_duration': 7616975588, 'prompt_eval_count': 520, 'prompt_eval_duration': 431306511, 'eval_count': 2, 'eval_duration': 4197421}
Response: Well
Analyzing frame 30/60: q_24_main_0_30fps_frame0089.png
Prompt: Given the human reaction shown in the image, do you think the situation observed by that human ends well or poorly? (Use only one word -- well or poorly -- to answer)
Image size: 20224 bytes
Response status code: 200
{'model': 'deepseek-ocr:3b', 'created_at': '2025-12-08T08:58:54.237429517Z', 'message': {'role': 'assistant', 'content': 'Well'}, 'done': True, 'done_reason': 'stop', 'total_duration': 8579697847, 'load_duration': 7385330781, 'prompt_eval_count': 520, 'prompt_eval_duration': 425542178, 'eval_count': 2, 'eval_duration': 4215604}
Response: Well
Analyzing frame 31/60: q_27_main_0_30fps_frame0014.png
Prompt: Given the human reaction shown in the image, do you think the situation observed by that human ends well or poorly? (Use only one word -- well or poorly -- to answer)
Image size: 19880 bytes
Response status code: 200
{'model': 'deepseek-ocr:3b', 'created_at': '2025-12-08T08:59:04.002043515Z', 'message': {'role': 'assistant', 'content': 'Well'}, 'done': True, 'done_reason': 'stop', 'total_duration': 8694926271, 'load_duration': 7515660123, 'prompt_eval_count': 520, 'prompt_eval_duration': 423132551, 'eval_count': 2, 'eval_duration': 4191986}
Response: Well
Analyzing frame 32/60: q_27_main_0_30fps_frame0029.png
Prompt: Given the human reaction shown in the image, do you think the situation observed by that human ends well or poorly? (Use only one word -- well or poorly -- to answer)
Image size: 19884 bytes
Response status code: 200
{'model': 'deepseek-ocr:3b', 'created_at': '2025-12-08T08:59:13.75138281Z', 'message': {'role': 'assistant', 'content': 'Well'}, 'done': True, 'done_reason': 'stop', 'total_duration': 8718119116, 'load_duration': 7545336592, 'prompt_eval_count': 520, 'prompt_eval_duration': 436615895, 'eval_count': 2, 'eval_duration': 4207634}
Response: Well
Analyzing frame 33/60: q_27_main_0_30fps_frame0044.png
Prompt: Given the human reaction shown in the image, do you think the situation observed by that human ends well or poorly? (Use only one word -- well or poorly -- to answer)
Image size: 19872 bytes
Response status code: 200
{'model': 'deepseek-ocr:3b', 'created_at': '2025-12-08T08:59:23.621886555Z', 'message': {'role': 'assistant', 'content': 'Well'}, 'done': True, 'done_reason': 'stop', 'total_duration': 8843079720, 'load_duration': 7668880546, 'prompt_eval_count': 520, 'prompt_eval_duration': 424551435, 'eval_count': 2, 'eval_duration': 4195932}
Response: Well
Analyzing frame 34/60: q_27_main_0_30fps_frame0059.png
Prompt: Given the human reaction shown in the image, do you think the situation observed by that human ends well or poorly? (Use only one word -- well or poorly -- to answer)
Image size: 19964 bytes
Response status code: 200
{'model': 'deepseek-ocr:3b', 'created_at': '2025-12-08T08:59:33.869091695Z', 'message': {'role': 'assistant', 'content': 'Well'}, 'done': True, 'done_reason': 'stop', 'total_duration': 9197163708, 'load_duration': 8020280093, 'prompt_eval_count': 520, 'prompt_eval_duration': 423224383, 'eval_count': 2, 'eval_duration': 4200856}
Response: Well
Analyzing frame 35/60: q_27_main_0_30fps_frame0074.png
Prompt: Given the human reaction shown in the image, do you think the situation observed by that human ends well or poorly? (Use only one word -- well or poorly -- to answer)
Image size: 19908 bytes
Response status code: 200
{'model': 'deepseek-ocr:3b', 'created_at': '2025-12-08T08:59:43.971094869Z', 'message': {'role': 'assistant', 'content': 'Well'}, 'done': True, 'done_reason': 'stop', 'total_duration': 9060363583, 'load_duration': 7881757000, 'prompt_eval_count': 520, 'prompt_eval_duration': 430381594, 'eval_count': 2, 'eval_duration': 4216215}
Response: Well
Analyzing frame 36/60: q_27_main_0_30fps_frame0089.png
Prompt: Given the human reaction shown in the image, do you think the situation observed by that human ends well or poorly? (Use only one word -- well or poorly -- to answer)
Image size: 19864 bytes
Response status code: 200
{'model': 'deepseek-ocr:3b', 'created_at': '2025-12-08T08:59:54.143508175Z', 'message': {'role': 'assistant', 'content': 'Well'}, 'done': True, 'done_reason': 'stop', 'total_duration': 9153724423, 'load_duration': 7979915289, 'prompt_eval_count': 520, 'prompt_eval_duration': 426840500, 'eval_count': 2, 'eval_duration': 4247801}
Response: Well
Analyzing frame 37/60: q_29_main_1_30fps_frame0015.png
Prompt: Given the human reaction shown in the image, do you think the situation observed by that human ends well or poorly? (Use only one word -- well or poorly -- to answer)
Image size: 19756 bytes
Response status code: 200
{'model': 'deepseek-ocr:3b', 'created_at': '2025-12-08T09:00:04.089296701Z', 'message': {'role': 'assistant', 'content': 'Well'}, 'done': True, 'done_reason': 'stop', 'total_duration': 8908414469, 'load_duration': 7709871469, 'prompt_eval_count': 520, 'prompt_eval_duration': 415193765, 'eval_count': 2, 'eval_duration': 4287839}
Response: Well
Analyzing frame 38/60: q_29_main_1_30fps_frame0030.png
Prompt: Given the human reaction shown in the image, do you think the situation observed by that human ends well or poorly? (Use only one word -- well or poorly -- to answer)
Image size: 19636 bytes
Response status code: 200
{'model': 'deepseek-ocr:3b', 'created_at': '2025-12-08T09:00:14.127300725Z', 'message': {'role': 'assistant', 'content': 'Well'}, 'done': True, 'done_reason': 'stop', 'total_duration': 8998924494, 'load_duration': 7713235596, 'prompt_eval_count': 520, 'prompt_eval_duration': 448321476, 'eval_count': 2, 'eval_duration': 4432536}
Response: Well
Analyzing frame 39/60: q_29_main_1_30fps_frame0045.png
Prompt: Given the human reaction shown in the image, do you think the situation observed by that human ends well or poorly? (Use only one word -- well or poorly -- to answer)
Image size: 19712 bytes
Response status code: 200
{'model': 'deepseek-ocr:3b', 'created_at': '2025-12-08T09:00:24.312108796Z', 'message': {'role': 'assistant', 'content': 'Well'}, 'done': True, 'done_reason': 'stop', 'total_duration': 9137712717, 'load_duration': 7923256647, 'prompt_eval_count': 520, 'prompt_eval_duration': 422295423, 'eval_count': 2, 'eval_duration': 4322062}
Response: Well
Analyzing frame 40/60: q_29_main_1_30fps_frame0060.png
Prompt: Given the human reaction shown in the image, do you think the situation observed by that human ends well or poorly? (Use only one word -- well or poorly -- to answer)
Image size: 19776 bytes
Response status code: 200
{'model': 'deepseek-ocr:3b', 'created_at': '2025-12-08T09:00:34.308018787Z', 'message': {'role': 'assistant', 'content': 'Well'}, 'done': True, 'done_reason': 'stop', 'total_duration': 8957034377, 'load_duration': 7788803374, 'prompt_eval_count': 520, 'prompt_eval_duration': 422629881, 'eval_count': 2, 'eval_duration': 4199517}
Response: Well
Analyzing frame 41/60: q_29_main_1_30fps_frame0075.png
Prompt: Given the human reaction shown in the image, do you think the situation observed by that human ends well or poorly? (Use only one word -- well or poorly -- to answer)
Image size: 19728 bytes
Response status code: 200
{'model': 'deepseek-ocr:3b', 'created_at': '2025-12-08T09:00:44.516805281Z', 'message': {'role': 'assistant', 'content': 'Well'}, 'done': True, 'done_reason': 'stop', 'total_duration': 9176717426, 'load_duration': 7990040829, 'prompt_eval_count': 520, 'prompt_eval_duration': 418581551, 'eval_count': 2, 'eval_duration': 4450411}
Response: Well
Analyzing frame 42/60: q_29_main_1_30fps_frame0090.png
Prompt: Given the human reaction shown in the image, do you think the situation observed by that human ends well or poorly? (Use only one word -- well or poorly -- to answer)
Image size: 19628 bytes
Response status code: 200
{'model': 'deepseek-ocr:3b', 'created_at': '2025-12-08T09:00:54.475412347Z', 'message': {'role': 'assistant', 'content': 'Well'}, 'done': True, 'done_reason': 'stop', 'total_duration': 8912546787, 'load_duration': 7754967042, 'prompt_eval_count': 520, 'prompt_eval_duration': 425818717, 'eval_count': 2, 'eval_duration': 4360861}
Response: Well
Analyzing frame 43/60: q_6_main_1_30fps_frame0015.png
Prompt: Given the human reaction shown in the image, do you think the situation observed by that human ends well or poorly? (Use only one word -- well or poorly -- to answer)
Image size: 20392 bytes
Response status code: 200
{'model': 'deepseek-ocr:3b', 'created_at': '2025-12-08T09:01:04.428816284Z', 'message': {'role': 'assistant', 'content': 'Well'}, 'done': True, 'done_reason': 'stop', 'total_duration': 8884138490, 'load_duration': 7715453213, 'prompt_eval_count': 520, 'prompt_eval_duration': 425892096, 'eval_count': 2, 'eval_duration': 4358323}
Response: Well
Analyzing frame 44/60: q_6_main_1_30fps_frame0030.png
Prompt: Given the human reaction shown in the image, do you think the situation observed by that human ends well or poorly? (Use only one word -- well or poorly -- to answer)
Image size: 20456 bytes
Response status code: 200
{'model': 'deepseek-ocr:3b', 'created_at': '2025-12-08T09:01:14.770212349Z', 'message': {'role': 'assistant', 'content': 'Well'}, 'done': True, 'done_reason': 'stop', 'total_duration': 9291941627, 'load_duration': 8098298125, 'prompt_eval_count': 520, 'prompt_eval_duration': 434372412, 'eval_count': 2, 'eval_duration': 4426368}
Response: Well
Analyzing frame 45/60: q_6_main_1_30fps_frame0045.png
Prompt: Given the human reaction shown in the image, do you think the situation observed by that human ends well or poorly? (Use only one word -- well or poorly -- to answer)
Image size: 20504 bytes
Response status code: 200
{'model': 'deepseek-ocr:3b', 'created_at': '2025-12-08T09:01:24.921041793Z', 'message': {'role': 'assistant', 'content': 'Well'}, 'done': True, 'done_reason': 'stop', 'total_duration': 9118142850, 'load_duration': 7907949045, 'prompt_eval_count': 520, 'prompt_eval_duration': 424925067, 'eval_count': 2, 'eval_duration': 4211614}
Response: Well
Analyzing frame 46/60: q_6_main_1_30fps_frame0060.png
Prompt: Given the human reaction shown in the image, do you think the situation observed by that human ends well or poorly? (Use only one word -- well or poorly -- to answer)
Image size: 20488 bytes
Response status code: 200
{'model': 'deepseek-ocr:3b', 'created_at': '2025-12-08T09:01:35.227989462Z', 'message': {'role': 'assistant', 'content': 'Well'}, 'done': True, 'done_reason': 'stop', 'total_duration': 9265531615, 'load_duration': 8107234023, 'prompt_eval_count': 520, 'prompt_eval_duration': 422047506, 'eval_count': 2, 'eval_duration': 5309936}
Response: Well
Analyzing frame 47/60: q_6_main_1_30fps_frame0075.png
Prompt: Given the human reaction shown in the image, do you think the situation observed by that human ends well or poorly? (Use only one word -- well or poorly -- to answer)
Image size: 20436 bytes
Response status code: 200
{'model': 'deepseek-ocr:3b', 'created_at': '2025-12-08T09:01:45.358085661Z', 'message': {'role': 'assistant', 'content': 'Well'}, 'done': True, 'done_reason': 'stop', 'total_duration': 9100886686, 'load_duration': 7878531260, 'prompt_eval_count': 520, 'prompt_eval_duration': 425248104, 'eval_count': 2, 'eval_duration': 4342228}
Response: Well
Analyzing frame 48/60: q_6_main_1_30fps_frame0090.png
Prompt: Given the human reaction shown in the image, do you think the situation observed by that human ends well or poorly? (Use only one word -- well or poorly -- to answer)
Image size: 20332 bytes
Response status code: 200
{'model': 'deepseek-ocr:3b', 'created_at': '2025-12-08T09:01:55.34274218Z', 'message': {'role': 'assistant', 'content': 'Well'}, 'done': True, 'done_reason': 'stop', 'total_duration': 8935636706, 'load_duration': 7716492222, 'prompt_eval_count': 520, 'prompt_eval_duration': 439267148, 'eval_count': 2, 'eval_duration': 4486225}
Response: Well
Analyzing frame 49/60: q_8_main_0_30fps_frame0015.png
Prompt: Given the human reaction shown in the image, do you think the situation observed by that human ends well or poorly? (Use only one word -- well or poorly -- to answer)
Image size: 20116 bytes
Response status code: 200
{'model': 'deepseek-ocr:3b', 'created_at': '2025-12-08T09:02:05.387263516Z', 'message': {'role': 'assistant', 'content': 'Well'}, 'done': True, 'done_reason': 'stop', 'total_duration': 9002305626, 'load_duration': 7820565438, 'prompt_eval_count': 520, 'prompt_eval_duration': 423739332, 'eval_count': 2, 'eval_duration': 4212990}
Response: Well
Analyzing frame 50/60: q_8_main_0_30fps_frame0030.png
Prompt: Given the human reaction shown in the image, do you think the situation observed by that human ends well or poorly? (Use only one word -- well or poorly -- to answer)
Image size: 19400 bytes
Response status code: 200
{'model': 'deepseek-ocr:3b', 'created_at': '2025-12-08T09:02:15.278118631Z', 'message': {'role': 'assistant', 'content': 'Well'}, 'done': True, 'done_reason': 'stop', 'total_duration': 8845843200, 'load_duration': 7647912005, 'prompt_eval_count': 520, 'prompt_eval_duration': 419415118, 'eval_count': 2, 'eval_duration': 4698992}
Response: Well
Analyzing frame 51/60: q_8_main_0_30fps_frame0045.png
Prompt: Given the human reaction shown in the image, do you think the situation observed by that human ends well or poorly? (Use only one word -- well or poorly -- to answer)
Image size: 19564 bytes
Response status code: 200
{'model': 'deepseek-ocr:3b', 'created_at': '2025-12-08T09:02:25.356451196Z', 'message': {'role': 'assistant', 'content': 'Well'}, 'done': True, 'done_reason': 'stop', 'total_duration': 9036072870, 'load_duration': 7874473416, 'prompt_eval_count': 520, 'prompt_eval_duration': 425337698, 'eval_count': 2, 'eval_duration': 4198370}
Response: Well
Analyzing frame 52/60: q_8_main_0_30fps_frame0060.png
Prompt: Given the human reaction shown in the image, do you think the situation observed by that human ends well or poorly? (Use only one word -- well or poorly -- to answer)
Image size: 19640 bytes
Response status code: 200
{'model': 'deepseek-ocr:3b', 'created_at': '2025-12-08T09:02:35.849974045Z', 'message': {'role': 'assistant', 'content': 'Well'}, 'done': True, 'done_reason': 'stop', 'total_duration': 9460731711, 'load_duration': 8166613099, 'prompt_eval_count': 520, 'prompt_eval_duration': 422939522, 'eval_count': 2, 'eval_duration': 4373421}
Response: Well
Analyzing frame 53/60: q_8_main_0_30fps_frame0075.png
Prompt: Given the human reaction shown in the image, do you think the situation observed by that human ends well or poorly? (Use only one word -- well or poorly -- to answer)
Image size: 19184 bytes
Response status code: 200
{'model': 'deepseek-ocr:3b', 'created_at': '2025-12-08T09:02:45.985965595Z', 'message': {'role': 'assistant', 'content': 'Well'}, 'done': True, 'done_reason': 'stop', 'total_duration': 9088703122, 'load_duration': 7833170647, 'prompt_eval_count': 520, 'prompt_eval_duration': 423569337, 'eval_count': 2, 'eval_duration': 4219901}
Response: Well
Analyzing frame 54/60: q_8_main_0_30fps_frame0090.png
Prompt: Given the human reaction shown in the image, do you think the situation observed by that human ends well or poorly? (Use only one word -- well or poorly -- to answer)
Image size: 19572 bytes
Response status code: 200
{'model': 'deepseek-ocr:3b', 'created_at': '2025-12-08T09:02:55.810523767Z', 'message': {'role': 'assistant', 'content': 'Well'}, 'done': True, 'done_reason': 'stop', 'total_duration': 8783765592, 'load_duration': 7537081759, 'prompt_eval_count': 520, 'prompt_eval_duration': 431994378, 'eval_count': 2, 'eval_duration': 4211261}
Response: Well
Analyzing frame 55/60: q_warmup_5_main_0_30fps_frame0015.png
Prompt: Given the human reaction shown in the image, do you think the situation observed by that human ends well or poorly? (Use only one word -- well or poorly -- to answer)
Image size: 20296 bytes
Response status code: 200
{'model': 'deepseek-ocr:3b', 'created_at': '2025-12-08T09:03:05.970884907Z', 'message': {'role': 'assistant', 'content': 'Well'}, 'done': True, 'done_reason': 'stop', 'total_duration': 9088497469, 'load_duration': 7949318141, 'prompt_eval_count': 520, 'prompt_eval_duration': 415586673, 'eval_count': 2, 'eval_duration': 4455372}
Response: Well
Analyzing frame 56/60: q_warmup_5_main_0_30fps_frame0030.png
Prompt: Given the human reaction shown in the image, do you think the situation observed by that human ends well or poorly? (Use only one word -- well or poorly -- to answer)
Image size: 20360 bytes
Response status code: 200
{'model': 'deepseek-ocr:3b', 'created_at': '2025-12-08T09:03:16.253897791Z', 'message': {'role': 'assistant', 'content': 'Well'}, 'done': True, 'done_reason': 'stop', 'total_duration': 9242566851, 'load_duration': 7997345947, 'prompt_eval_count': 520, 'prompt_eval_duration': 448946027, 'eval_count': 2, 'eval_duration': 4442725}
Response: Well
Analyzing frame 57/60: q_warmup_5_main_0_30fps_frame0045.png
Prompt: Given the human reaction shown in the image, do you think the situation observed by that human ends well or poorly? (Use only one word -- well or poorly -- to answer)
Image size: 20452 bytes
Response status code: 200
{'model': 'deepseek-ocr:3b', 'created_at': '2025-12-08T09:03:26.057955988Z', 'message': {'role': 'assistant', 'content': 'Well'}, 'done': True, 'done_reason': 'stop', 'total_duration': 8771577292, 'load_duration': 7633154672, 'prompt_eval_count': 520, 'prompt_eval_duration': 419318130, 'eval_count': 2, 'eval_duration': 4248761}
Response: Well
Analyzing frame 58/60: q_warmup_5_main_0_30fps_frame0060.png
Prompt: Given the human reaction shown in the image, do you think the situation observed by that human ends well or poorly? (Use only one word -- well or poorly -- to answer)
Image size: 20392 bytes
Response status code: 200
{'model': 'deepseek-ocr:3b', 'created_at': '2025-12-08T09:03:54.269645528Z', 'message': {'role': 'assistant', 'content': 'Well'}, 'done': True, 'done_reason': 'stop', 'total_duration': 27144183407, 'load_duration': 25856674337, 'prompt_eval_count': 520, 'prompt_eval_duration': 433968629, 'eval_count': 2, 'eval_duration': 4229281}
Response: Well
Analyzing frame 59/60: q_warmup_5_main_0_30fps_frame0075.png
Prompt: Given the human reaction shown in the image, do you think the situation observed by that human ends well or poorly? (Use only one word -- well or poorly -- to answer)
Image size: 20360 bytes
Response status code: 200
{'model': 'deepseek-ocr:3b', 'created_at': '2025-12-08T09:04:10.946489617Z', 'message': {'role': 'assistant', 'content': 'Well'}, 'done': True, 'done_reason': 'stop', 'total_duration': 15604255536, 'load_duration': 14328200171, 'prompt_eval_count': 520, 'prompt_eval_duration': 428959529, 'eval_count': 2, 'eval_duration': 4171060}
Response: Well
Analyzing frame 60/60: q_warmup_5_main_0_30fps_frame0090.png
Prompt: Given the human reaction shown in the image, do you think the situation observed by that human ends well or poorly? (Use only one word -- well or poorly -- to answer)
Image size: 20308 bytes
Response status code: 200
{'model': 'deepseek-ocr:3b', 'created_at': '2025-12-08T09:04:23.572646643Z', 'message': {'role': 'assistant', 'content': 'Well'}, 'done': True, 'done_reason': 'stop', 'total_duration': 11555226971, 'load_duration': 10347540901, 'prompt_eval_count': 520, 'prompt_eval_duration': 421681042, 'eval_count': 2, 'eval_duration': 4232578}
Response: Well
Processed 60 frames for participant 8786

Results saved to ./results/results_deepseek-ocr_3s.csv
Total frames in CSV: 4584

==================================================
Processing participant 24/27: 9055

Processing participant: 9055
Found 54 unprocessed frames for this participant
Analyzing frame 1/54: q_10_main_0_30fps_frame0014.png
Prompt: Given the human reaction shown in the image, do you think the situation observed by that human ends well or poorly? (Use only one word -- well or poorly -- to answer)
Image size: 12396 bytes
Response status code: 200
{'model': 'deepseek-ocr:3b', 'created_at': '2025-12-08T09:05:19.202631887Z', 'message': {'role': 'assistant', 'content': 'Well'}, 'done': True, 'done_reason': 'stop', 'total_duration': 54478479670, 'load_duration': 53320858514, 'prompt_eval_count': 520, 'prompt_eval_duration': 423780650, 'eval_count': 2, 'eval_duration': 6742221}
Response: Well
Analyzing frame 2/54: q_10_main_0_30fps_frame0029.png
Prompt: Given the human reaction shown in the image, do you think the situation observed by that human ends well or poorly? (Use only one word -- well or poorly -- to answer)
Image size: 12416 bytes
Response status code: 200
{'model': 'deepseek-ocr:3b', 'created_at': '2025-12-08T09:05:34.29177521Z', 'message': {'role': 'assistant', 'content': 'Well'}, 'done': True, 'done_reason': 'stop', 'total_duration': 14000427592, 'load_duration': 12725601254, 'prompt_eval_count': 520, 'prompt_eval_duration': 416692254, 'eval_count': 2, 'eval_duration': 4334784}
Response: Well
Analyzing frame 3/54: q_10_main_0_30fps_frame0044.png
Prompt: Given the human reaction shown in the image, do you think the situation observed by that human ends well or poorly? (Use only one word -- well or poorly -- to answer)
Image size: 12436 bytes
Response status code: 200
{'model': 'deepseek-ocr:3b', 'created_at': '2025-12-08T09:06:32.312885523Z', 'message': {'role': 'assistant', 'content': 'Well'}, 'done': True, 'done_reason': 'stop', 'total_duration': 56957446700, 'load_duration': 55769368391, 'prompt_eval_count': 520, 'prompt_eval_duration': 415830493, 'eval_count': 2, 'eval_duration': 4207959}
Response: Well
Analyzing frame 4/54: q_10_main_0_30fps_frame0059.png
Prompt: Given the human reaction shown in the image, do you think the situation observed by that human ends well or poorly? (Use only one word -- well or poorly -- to answer)
Image size: 12536 bytes
Response status code: 200
{'model': 'deepseek-ocr:3b', 'created_at': '2025-12-08T09:06:57.629484124Z', 'message': {'role': 'assistant', 'content': 'Well'}, 'done': True, 'done_reason': 'stop', 'total_duration': 24252400195, 'load_duration': 23037598252, 'prompt_eval_count': 520, 'prompt_eval_duration': 424120039, 'eval_count': 2, 'eval_duration': 4191147}
Response: Well
Analyzing frame 5/54: q_10_main_0_30fps_frame0074.png
Prompt: Given the human reaction shown in the image, do you think the situation observed by that human ends well or poorly? (Use only one word -- well or poorly -- to answer)
Image size: 12420 bytes
Response status code: 200
{'model': 'deepseek-ocr:3b', 'created_at': '2025-12-08T09:07:07.48738163Z', 'message': {'role': 'assistant', 'content': 'Well'}, 'done': True, 'done_reason': 'stop', 'total_duration': 8792346418, 'load_duration': 7570608410, 'prompt_eval_count': 520, 'prompt_eval_duration': 428591251, 'eval_count': 2, 'eval_duration': 4222727}
Response: Well
Analyzing frame 6/54: q_10_main_0_30fps_frame0089.png
Prompt: Given the human reaction shown in the image, do you think the situation observed by that human ends well or poorly? (Use only one word -- well or poorly -- to answer)
Image size: 12384 bytes
Response status code: 200
{'model': 'deepseek-ocr:3b', 'created_at': '2025-12-08T09:07:30.383040644Z', 'message': {'role': 'assistant', 'content': 'Well'}, 'done': True, 'done_reason': 'stop', 'total_duration': 21867970208, 'load_duration': 20653004579, 'prompt_eval_count': 520, 'prompt_eval_duration': 430442829, 'eval_count': 2, 'eval_duration': 4452398}
Response: Well
Analyzing frame 7/54: q_14_main_0_30fps_frame0015.png
Prompt: Given the human reaction shown in the image, do you think the situation observed by that human ends well or poorly? (Use only one word -- well or poorly -- to answer)
Image size: 12524 bytes
Response status code: 200
{'model': 'deepseek-ocr:3b', 'created_at': '2025-12-08T09:07:53.601050249Z', 'message': {'role': 'assistant', 'content': 'Well'}, 'done': True, 'done_reason': 'stop', 'total_duration': 22109604412, 'load_duration': 20902946278, 'prompt_eval_count': 520, 'prompt_eval_duration': 421438612, 'eval_count': 2, 'eval_duration': 4175924}
Response: Well
Analyzing frame 8/54: q_14_main_0_30fps_frame0030.png
Prompt: Given the human reaction shown in the image, do you think the situation observed by that human ends well or poorly? (Use only one word -- well or poorly -- to answer)
Image size: 12424 bytes
Response status code: 200
{'model': 'deepseek-ocr:3b', 'created_at': '2025-12-08T09:08:10.353724477Z', 'message': {'role': 'assistant', 'content': 'Well'}, 'done': True, 'done_reason': 'stop', 'total_duration': 15685675142, 'load_duration': 14438746571, 'prompt_eval_count': 520, 'prompt_eval_duration': 422690358, 'eval_count': 2, 'eval_duration': 4338198}
Response: Well
Analyzing frame 9/54: q_14_main_0_30fps_frame0045.png
Prompt: Given the human reaction shown in the image, do you think the situation observed by that human ends well or poorly? (Use only one word -- well or poorly -- to answer)
Image size: 12408 bytes
Response status code: 200
{'model': 'deepseek-ocr:3b', 'created_at': '2025-12-08T09:08:29.126415265Z', 'message': {'role': 'assistant', 'content': 'Well'}, 'done': True, 'done_reason': 'stop', 'total_duration': 17719755871, 'load_duration': 16509244697, 'prompt_eval_count': 520, 'prompt_eval_duration': 426830205, 'eval_count': 2, 'eval_duration': 4213071}
Response: Well
Analyzing frame 10/54: q_14_main_0_30fps_frame0060.png
Prompt: Given the human reaction shown in the image, do you think the situation observed by that human ends well or poorly? (Use only one word -- well or poorly -- to answer)
Image size: 12404 bytes
Response status code: 200
{'model': 'deepseek-ocr:3b', 'created_at': '2025-12-08T09:08:39.5529349Z', 'message': {'role': 'assistant', 'content': 'Well'}, 'done': True, 'done_reason': 'stop', 'total_duration': 9363791736, 'load_duration': 8124938767, 'prompt_eval_count': 520, 'prompt_eval_duration': 421658786, 'eval_count': 2, 'eval_duration': 4261929}
Response: Well
Analyzing frame 11/54: q_14_main_0_30fps_frame0075.png
Prompt: Given the human reaction shown in the image, do you think the situation observed by that human ends well or poorly? (Use only one word -- well or poorly -- to answer)
Image size: 12424 bytes
Response status code: 200
{'model': 'deepseek-ocr:3b', 'created_at': '2025-12-08T09:09:21.00044436Z', 'message': {'role': 'assistant', 'content': 'Well'}, 'done': True, 'done_reason': 'stop', 'total_duration': 40417393097, 'load_duration': 39249200749, 'prompt_eval_count': 520, 'prompt_eval_duration': 424480648, 'eval_count': 2, 'eval_duration': 4193747}
Response: Well
Analyzing frame 12/54: q_14_main_0_30fps_frame0090.png
Prompt: Given the human reaction shown in the image, do you think the situation observed by that human ends well or poorly? (Use only one word -- well or poorly -- to answer)
Image size: 12356 bytes
Response status code: 200
{'model': 'deepseek-ocr:3b', 'created_at': '2025-12-08T09:09:35.725793282Z', 'message': {'role': 'assistant', 'content': 'Well'}, 'done': True, 'done_reason': 'stop', 'total_duration': 13677400364, 'load_duration': 12461619915, 'prompt_eval_count': 520, 'prompt_eval_duration': 420750807, 'eval_count': 2, 'eval_duration': 4169744}
Response: Well
Analyzing frame 13/54: q_18_main_0_30fps_frame0014.png
Prompt: Given the human reaction shown in the image, do you think the situation observed by that human ends well or poorly? (Use only one word -- well or poorly -- to answer)
Image size: 12644 bytes
Response status code: 200
{'model': 'deepseek-ocr:3b', 'created_at': '2025-12-08T09:10:15.217473052Z', 'message': {'role': 'assistant', 'content': 'Well'}, 'done': True, 'done_reason': 'stop', 'total_duration': 38419215723, 'load_duration': 37220052912, 'prompt_eval_count': 520, 'prompt_eval_duration': 418388932, 'eval_count': 2, 'eval_duration': 4195854}
Response: Well
Analyzing frame 14/54: q_18_main_0_30fps_frame0029.png
Prompt: Given the human reaction shown in the image, do you think the situation observed by that human ends well or poorly? (Use only one word -- well or poorly -- to answer)
Image size: 12632 bytes
Response status code: 200
{'model': 'deepseek-ocr:3b', 'created_at': '2025-12-08T09:10:50.775911889Z', 'message': {'role': 'assistant', 'content': 'Well'}, 'done': True, 'done_reason': 'stop', 'total_duration': 34509144374, 'load_duration': 33286820827, 'prompt_eval_count': 520, 'prompt_eval_duration': 426171421, 'eval_count': 2, 'eval_duration': 4229029}
Response: Well
Analyzing frame 15/54: q_18_main_0_30fps_frame0044.png
Prompt: Given the human reaction shown in the image, do you think the situation observed by that human ends well or poorly? (Use only one word -- well or poorly -- to answer)
Image size: 12532 bytes
Response status code: 200
{'model': 'deepseek-ocr:3b', 'created_at': '2025-12-08T09:11:00.931733211Z', 'message': {'role': 'assistant', 'content': 'Well'}, 'done': True, 'done_reason': 'stop', 'total_duration': 9088585820, 'load_duration': 7954364244, 'prompt_eval_count': 520, 'prompt_eval_duration': 421935509, 'eval_count': 2, 'eval_duration': 4557653}
Response: Well
Analyzing frame 16/54: q_18_main_0_30fps_frame0059.png
Prompt: Given the human reaction shown in the image, do you think the situation observed by that human ends well or poorly? (Use only one word -- well or poorly -- to answer)
Image size: 12576 bytes
Response status code: 200
{'model': 'deepseek-ocr:3b', 'created_at': '2025-12-08T09:11:10.891669452Z', 'message': {'role': 'assistant', 'content': 'Well'}, 'done': True, 'done_reason': 'stop', 'total_duration': 8944342593, 'load_duration': 7741118064, 'prompt_eval_count': 520, 'prompt_eval_duration': 421103822, 'eval_count': 2, 'eval_duration': 4161534}
Response: Well
Analyzing frame 17/54: q_18_main_0_30fps_frame0074.png
Prompt: Given the human reaction shown in the image, do you think the situation observed by that human ends well or poorly? (Use only one word -- well or poorly -- to answer)
Image size: 12548 bytes
Response status code: 200
{'model': 'deepseek-ocr:3b', 'created_at': '2025-12-08T09:11:21.35059753Z', 'message': {'role': 'assistant', 'content': 'Well'}, 'done': True, 'done_reason': 'stop', 'total_duration': 9443120019, 'load_duration': 7962161702, 'prompt_eval_count': 520, 'prompt_eval_duration': 433767267, 'eval_count': 2, 'eval_duration': 4441257}
Response: Well
Analyzing frame 18/54: q_18_main_0_30fps_frame0089.png
Prompt: Given the human reaction shown in the image, do you think the situation observed by that human ends well or poorly? (Use only one word -- well or poorly -- to answer)
Image size: 12556 bytes
Response status code: 200
{'model': 'deepseek-ocr:3b', 'created_at': '2025-12-08T09:11:23.685015329Z', 'message': {'role': 'assistant', 'content': 'Well'}, 'done': True, 'done_reason': 'stop', 'total_duration': 1312466067, 'load_duration': 187652924, 'prompt_eval_count': 520, 'prompt_eval_duration': 402258175, 'eval_count': 2, 'eval_duration': 4181470}
Response: Well
Analyzing frame 19/54: q_1_main_0_30fps_frame0014.png
Prompt: Given the human reaction shown in the image, do you think the situation observed by that human ends well or poorly? (Use only one word -- well or poorly -- to answer)
Image size: 12260 bytes
Response status code: 200
{'model': 'deepseek-ocr:3b', 'created_at': '2025-12-08T09:11:49.449650826Z', 'message': {'role': 'assistant', 'content': 'Well'}, 'done': True, 'done_reason': 'stop', 'total_duration': 24699143768, 'load_duration': 23523527228, 'prompt_eval_count': 520, 'prompt_eval_duration': 431131679, 'eval_count': 2, 'eval_duration': 4215431}
Response: Well
Analyzing frame 20/54: q_1_main_0_30fps_frame0029.png
Prompt: Given the human reaction shown in the image, do you think the situation observed by that human ends well or poorly? (Use only one word -- well or poorly -- to answer)
Image size: 12264 bytes
Response status code: 200
{'model': 'deepseek-ocr:3b', 'created_at': '2025-12-08T09:12:11.252664507Z', 'message': {'role': 'assistant', 'content': 'Well'}, 'done': True, 'done_reason': 'stop', 'total_duration': 20752419158, 'load_duration': 19525306111, 'prompt_eval_count': 520, 'prompt_eval_duration': 445924360, 'eval_count': 2, 'eval_duration': 5855406}
Response: Well
Analyzing frame 21/54: q_1_main_0_30fps_frame0044.png
Prompt: Given the human reaction shown in the image, do you think the situation observed by that human ends well or poorly? (Use only one word -- well or poorly -- to answer)
Image size: 12260 bytes
Response status code: 200
{'model': 'deepseek-ocr:3b', 'created_at': '2025-12-08T09:12:43.334091121Z', 'message': {'role': 'assistant', 'content': 'Well'}, 'done': True, 'done_reason': 'stop', 'total_duration': 31011480814, 'load_duration': 29815398434, 'prompt_eval_count': 520, 'prompt_eval_duration': 419383441, 'eval_count': 2, 'eval_duration': 4251984}
Response: Well
Analyzing frame 22/54: q_1_main_0_30fps_frame0059.png
Prompt: Given the human reaction shown in the image, do you think the situation observed by that human ends well or poorly? (Use only one word -- well or poorly -- to answer)
Image size: 12216 bytes
Response status code: 200
{'model': 'deepseek-ocr:3b', 'created_at': '2025-12-08T09:12:55.300542158Z', 'message': {'role': 'assistant', 'content': 'Well'}, 'done': True, 'done_reason': 'stop', 'total_duration': 10920971926, 'load_duration': 9760162607, 'prompt_eval_count': 520, 'prompt_eval_duration': 425066094, 'eval_count': 2, 'eval_duration': 4193721}
Response: Well
Analyzing frame 23/54: q_1_main_0_30fps_frame0074.png
Prompt: Given the human reaction shown in the image, do you think the situation observed by that human ends well or poorly? (Use only one word -- well or poorly -- to answer)
Image size: 12192 bytes
Response status code: 200
{'model': 'deepseek-ocr:3b', 'created_at': '2025-12-08T09:13:25.613498029Z', 'message': {'role': 'assistant', 'content': 'Well'}, 'done': True, 'done_reason': 'stop', 'total_duration': 29252332478, 'load_duration': 28046025338, 'prompt_eval_count': 520, 'prompt_eval_duration': 420011835, 'eval_count': 2, 'eval_duration': 4322795}
Response: Well
Analyzing frame 24/54: q_1_main_0_30fps_frame0089.png
Prompt: Given the human reaction shown in the image, do you think the situation observed by that human ends well or poorly? (Use only one word -- well or poorly -- to answer)
Image size: 12236 bytes
Response status code: 200
{'model': 'deepseek-ocr:3b', 'created_at': '2025-12-08T09:13:51.248459713Z', 'message': {'role': 'assistant', 'content': 'Well'}, 'done': True, 'done_reason': 'stop', 'total_duration': 24587234224, 'load_duration': 23457357395, 'prompt_eval_count': 520, 'prompt_eval_duration': 417818662, 'eval_count': 2, 'eval_duration': 4941624}
Response: Well
Analyzing frame 25/54: q_22_main_1_30fps_frame0014.png
Prompt: Given the human reaction shown in the image, do you think the situation observed by that human ends well or poorly? (Use only one word -- well or poorly -- to answer)
Image size: 12680 bytes
Response status code: 200
{'model': 'deepseek-ocr:3b', 'created_at': '2025-12-08T09:14:17.505087447Z', 'message': {'role': 'assistant', 'content': 'Well'}, 'done': True, 'done_reason': 'stop', 'total_duration': 25192861741, 'load_duration': 24018987262, 'prompt_eval_count': 520, 'prompt_eval_duration': 430073684, 'eval_count': 2, 'eval_duration': 4269041}
Response: Well
Analyzing frame 26/54: q_22_main_1_30fps_frame0029.png
Prompt: Given the human reaction shown in the image, do you think the situation observed by that human ends well or poorly? (Use only one word -- well or poorly -- to answer)
Image size: 12688 bytes
Response status code: 200
{'model': 'deepseek-ocr:3b', 'created_at': '2025-12-08T09:15:04.768566186Z', 'message': {'role': 'assistant', 'content': 'Well'}, 'done': True, 'done_reason': 'stop', 'total_duration': 46204630725, 'load_duration': 45037423708, 'prompt_eval_count': 520, 'prompt_eval_duration': 422730967, 'eval_count': 2, 'eval_duration': 4205747}
Response: Well
Analyzing frame 27/54: q_22_main_1_30fps_frame0044.png
Prompt: Given the human reaction shown in the image, do you think the situation observed by that human ends well or poorly? (Use only one word -- well or poorly -- to answer)
Image size: 12652 bytes
Response status code: 200
{'model': 'deepseek-ocr:3b', 'created_at': '2025-12-08T09:15:22.914040853Z', 'message': {'role': 'assistant', 'content': 'Well'}, 'done': True, 'done_reason': 'stop', 'total_duration': 17085393632, 'load_duration': 15900031714, 'prompt_eval_count': 520, 'prompt_eval_duration': 429630593, 'eval_count': 2, 'eval_duration': 4197863}
Response: Well
Analyzing frame 28/54: q_22_main_1_30fps_frame0059.png
Prompt: Given the human reaction shown in the image, do you think the situation observed by that human ends well or poorly? (Use only one word -- well or poorly -- to answer)
Image size: 12684 bytes
Response status code: 200
{'model': 'deepseek-ocr:3b', 'created_at': '2025-12-08T09:15:32.884553934Z', 'message': {'role': 'assistant', 'content': 'Well'}, 'done': True, 'done_reason': 'stop', 'total_duration': 8916267125, 'load_duration': 7728140306, 'prompt_eval_count': 520, 'prompt_eval_duration': 425989212, 'eval_count': 2, 'eval_duration': 4183344}
Response: Well
Analyzing frame 29/54: q_22_main_1_30fps_frame0074.png
Prompt: Given the human reaction shown in the image, do you think the situation observed by that human ends well or poorly? (Use only one word -- well or poorly -- to answer)
Image size: 12592 bytes
Response status code: 200
{'model': 'deepseek-ocr:3b', 'created_at': '2025-12-08T09:15:43.14613308Z', 'message': {'role': 'assistant', 'content': 'Well'}, 'done': True, 'done_reason': 'stop', 'total_duration': 9233747553, 'load_duration': 8064398916, 'prompt_eval_count': 520, 'prompt_eval_duration': 423602512, 'eval_count': 2, 'eval_duration': 4237664}
Response: Well
Analyzing frame 30/54: q_22_main_1_30fps_frame0089.png
Prompt: Given the human reaction shown in the image, do you think the situation observed by that human ends well or poorly? (Use only one word -- well or poorly -- to answer)
Image size: 12608 bytes
Response status code: 200
{'model': 'deepseek-ocr:3b', 'created_at': '2025-12-08T09:16:13.766971339Z', 'message': {'role': 'assistant', 'content': 'Well'}, 'done': True, 'done_reason': 'stop', 'total_duration': 29585337246, 'load_duration': 28303597377, 'prompt_eval_count': 520, 'prompt_eval_duration': 476363244, 'eval_count': 2, 'eval_duration': 4481136}
Response: Well
Analyzing frame 31/54: q_24_main_0_30fps_frame0014.png
Prompt: Given the human reaction shown in the image, do you think the situation observed by that human ends well or poorly? (Use only one word -- well or poorly -- to answer)
Image size: 12440 bytes
Response status code: 200
{'model': 'deepseek-ocr:3b', 'created_at': '2025-12-08T09:16:27.392305317Z', 'message': {'role': 'assistant', 'content': 'Well'}, 'done': True, 'done_reason': 'stop', 'total_duration': 12576992379, 'load_duration': 11380953541, 'prompt_eval_count': 520, 'prompt_eval_duration': 424146816, 'eval_count': 2, 'eval_duration': 4584595}
Response: Well
Analyzing frame 32/54: q_24_main_0_30fps_frame0029.png
Prompt: Given the human reaction shown in the image, do you think the situation observed by that human ends well or poorly? (Use only one word -- well or poorly -- to answer)
Image size: 12480 bytes
Response status code: 200
{'model': 'deepseek-ocr:3b', 'created_at': '2025-12-08T09:16:37.536247587Z', 'message': {'role': 'assistant', 'content': 'Well'}, 'done': True, 'done_reason': 'stop', 'total_duration': 9086636546, 'load_duration': 7905889777, 'prompt_eval_count': 520, 'prompt_eval_duration': 412956161, 'eval_count': 2, 'eval_duration': 4262043}
Response: Well
Analyzing frame 33/54: q_24_main_0_30fps_frame0044.png
Prompt: Given the human reaction shown in the image, do you think the situation observed by that human ends well or poorly? (Use only one word -- well or poorly -- to answer)
Image size: 12516 bytes
Response status code: 200
{'model': 'deepseek-ocr:3b', 'created_at': '2025-12-08T09:16:56.142615706Z', 'message': {'role': 'assistant', 'content': 'Well'}, 'done': True, 'done_reason': 'stop', 'total_duration': 17579933254, 'load_duration': 16420485984, 'prompt_eval_count': 520, 'prompt_eval_duration': 418347076, 'eval_count': 2, 'eval_duration': 4225987}
Response: Well
Analyzing frame 34/54: q_24_main_0_30fps_frame0059.png
Prompt: Given the human reaction shown in the image, do you think the situation observed by that human ends well or poorly? (Use only one word -- well or poorly -- to answer)
Image size: 12544 bytes
Response status code: 200
{'model': 'deepseek-ocr:3b', 'created_at': '2025-12-08T09:17:13.066793476Z', 'message': {'role': 'assistant', 'content': 'Well'}, 'done': True, 'done_reason': 'stop', 'total_duration': 15873065761, 'load_duration': 14687916721, 'prompt_eval_count': 520, 'prompt_eval_duration': 419594767, 'eval_count': 2, 'eval_duration': 4186649}
Response: Well
Analyzing frame 35/54: q_24_main_0_30fps_frame0074.png
Prompt: Given the human reaction shown in the image, do you think the situation observed by that human ends well or poorly? (Use only one word -- well or poorly -- to answer)
Image size: 12504 bytes
Response status code: 200
{'model': 'deepseek-ocr:3b', 'created_at': '2025-12-08T09:17:40.463529701Z', 'message': {'role': 'assistant', 'content': 'Well'}, 'done': True, 'done_reason': 'stop', 'total_duration': 26330644698, 'load_duration': 25150103524, 'prompt_eval_count': 520, 'prompt_eval_duration': 431136137, 'eval_count': 2, 'eval_duration': 4198993}
Response: Well
Analyzing frame 36/54: q_24_main_0_30fps_frame0089.png
Prompt: Given the human reaction shown in the image, do you think the situation observed by that human ends well or poorly? (Use only one word -- well or poorly -- to answer)
Image size: 12520 bytes
Response status code: 200
{'model': 'deepseek-ocr:3b', 'created_at': '2025-12-08T09:18:04.28271584Z', 'message': {'role': 'assistant', 'content': 'Well'}, 'done': True, 'done_reason': 'stop', 'total_duration': 22747118311, 'load_duration': 21590945206, 'prompt_eval_count': 520, 'prompt_eval_duration': 418912351, 'eval_count': 2, 'eval_duration': 4186834}
Response: Well
Analyzing frame 37/54: q_25_main_1_30fps_frame0015.png
Prompt: Given the human reaction shown in the image, do you think the situation observed by that human ends well or poorly? (Use only one word -- well or poorly -- to answer)
Image size: 12616 bytes
Response status code: 200
{'model': 'deepseek-ocr:3b', 'created_at': '2025-12-08T09:18:14.361536692Z', 'message': {'role': 'assistant', 'content': 'Well'}, 'done': True, 'done_reason': 'stop', 'total_duration': 9006791419, 'load_duration': 7813898340, 'prompt_eval_count': 520, 'prompt_eval_duration': 421484960, 'eval_count': 2, 'eval_duration': 4191791}
Response: Well
Analyzing frame 38/54: q_25_main_1_30fps_frame0030.png
Prompt: Given the human reaction shown in the image, do you think the situation observed by that human ends well or poorly? (Use only one word -- well or poorly -- to answer)
Image size: 12644 bytes
Response status code: 200
{'model': 'deepseek-ocr:3b', 'created_at': '2025-12-08T09:18:24.264892741Z', 'message': {'role': 'assistant', 'content': 'Well'}, 'done': True, 'done_reason': 'stop', 'total_duration': 8876598074, 'load_duration': 7669167305, 'prompt_eval_count': 520, 'prompt_eval_duration': 447879943, 'eval_count': 2, 'eval_duration': 4436474}
Response: Well
Analyzing frame 39/54: q_25_main_1_30fps_frame0045.png
Prompt: Given the human reaction shown in the image, do you think the situation observed by that human ends well or poorly? (Use only one word -- well or poorly -- to answer)
Image size: 12628 bytes
Response status code: 200
{'model': 'deepseek-ocr:3b', 'created_at': '2025-12-08T09:18:58.779733708Z', 'message': {'role': 'assistant', 'content': 'Well'}, 'done': True, 'done_reason': 'stop', 'total_duration': 33476946612, 'load_duration': 32268351101, 'prompt_eval_count': 520, 'prompt_eval_duration': 424422115, 'eval_count': 2, 'eval_duration': 4171107}
Response: Well
Analyzing frame 40/54: q_25_main_1_30fps_frame0060.png
Prompt: Given the human reaction shown in the image, do you think the situation observed by that human ends well or poorly? (Use only one word -- well or poorly -- to answer)
Image size: 12644 bytes
Response status code: 200
{'model': 'deepseek-ocr:3b', 'created_at': '2025-12-08T09:19:36.70770203Z', 'message': {'role': 'assistant', 'content': 'Well'}, 'done': True, 'done_reason': 'stop', 'total_duration': 36859855946, 'load_duration': 35645090682, 'prompt_eval_count': 520, 'prompt_eval_duration': 426080074, 'eval_count': 2, 'eval_duration': 4212272}
Response: Well
Analyzing frame 41/54: q_25_main_1_30fps_frame0075.png
Prompt: Given the human reaction shown in the image, do you think the situation observed by that human ends well or poorly? (Use only one word -- well or poorly -- to answer)
Image size: 12636 bytes
Response status code: 200
{'model': 'deepseek-ocr:3b', 'created_at': '2025-12-08T09:20:02.319231785Z', 'message': {'role': 'assistant', 'content': 'Well'}, 'done': True, 'done_reason': 'stop', 'total_duration': 24547296701, 'load_duration': 23289335263, 'prompt_eval_count': 520, 'prompt_eval_duration': 412801763, 'eval_count': 2, 'eval_duration': 4289579}
Response: Well
Analyzing frame 42/54: q_25_main_1_30fps_frame0090.png
Prompt: Given the human reaction shown in the image, do you think the situation observed by that human ends well or poorly? (Use only one word -- well or poorly -- to answer)
Image size: 12496 bytes
Response status code: 200
{'model': 'deepseek-ocr:3b', 'created_at': '2025-12-08T09:20:18.816449333Z', 'message': {'role': 'assistant', 'content': 'Well'}, 'done': True, 'done_reason': 'stop', 'total_duration': 15433267868, 'load_duration': 14221070726, 'prompt_eval_count': 520, 'prompt_eval_duration': 422740577, 'eval_count': 2, 'eval_duration': 4438295}
Response: Well
Analyzing frame 43/54: q_5_main_0_30fps_frame0014.png
Prompt: Given the human reaction shown in the image, do you think the situation observed by that human ends well or poorly? (Use only one word -- well or poorly -- to answer)
Image size: 12560 bytes
Response status code: 200
{'model': 'deepseek-ocr:3b', 'created_at': '2025-12-08T09:20:28.491126635Z', 'message': {'role': 'assistant', 'content': 'Well'}, 'done': True, 'done_reason': 'stop', 'total_duration': 8620789613, 'load_duration': 7417014459, 'prompt_eval_count': 520, 'prompt_eval_duration': 425206197, 'eval_count': 2, 'eval_duration': 4209292}
Response: Well
Analyzing frame 44/54: q_5_main_0_30fps_frame0029.png
Prompt: Given the human reaction shown in the image, do you think the situation observed by that human ends well or poorly? (Use only one word -- well or poorly -- to answer)
Image size: 12604 bytes
Response status code: 200
{'model': 'deepseek-ocr:3b', 'created_at': '2025-12-08T09:20:38.764149064Z', 'message': {'role': 'assistant', 'content': 'Well'}, 'done': True, 'done_reason': 'stop', 'total_duration': 9258588553, 'load_duration': 8072248917, 'prompt_eval_count': 520, 'prompt_eval_duration': 426517176, 'eval_count': 2, 'eval_duration': 4217774}
Response: Well
Analyzing frame 45/54: q_5_main_0_30fps_frame0044.png
Prompt: Given the human reaction shown in the image, do you think the situation observed by that human ends well or poorly? (Use only one word -- well or poorly -- to answer)
Image size: 12632 bytes
Response status code: 200
{'model': 'deepseek-ocr:3b', 'created_at': '2025-12-08T09:20:48.453632625Z', 'message': {'role': 'assistant', 'content': 'Well'}, 'done': True, 'done_reason': 'stop', 'total_duration': 8652248197, 'load_duration': 7494297077, 'prompt_eval_count': 520, 'prompt_eval_duration': 423490140, 'eval_count': 2, 'eval_duration': 4223089}
Response: Well
Analyzing frame 46/54: q_5_main_0_30fps_frame0059.png
Prompt: Given the human reaction shown in the image, do you think the situation observed by that human ends well or poorly? (Use only one word -- well or poorly -- to answer)
Image size: 12640 bytes
Response status code: 200
{'model': 'deepseek-ocr:3b', 'created_at': '2025-12-08T09:20:58.556322301Z', 'message': {'role': 'assistant', 'content': 'Well'}, 'done': True, 'done_reason': 'stop', 'total_duration': 9075223450, 'load_duration': 7849031248, 'prompt_eval_count': 520, 'prompt_eval_duration': 421840282, 'eval_count': 2, 'eval_duration': 4182902}
Response: Well
Analyzing frame 47/54: q_5_main_0_30fps_frame0074.png
Prompt: Given the human reaction shown in the image, do you think the situation observed by that human ends well or poorly? (Use only one word -- well or poorly -- to answer)
Image size: 12664 bytes
Response status code: 200
{'model': 'deepseek-ocr:3b', 'created_at': '2025-12-08T09:21:08.946364972Z', 'message': {'role': 'assistant', 'content': 'Well'}, 'done': True, 'done_reason': 'stop', 'total_duration': 9356249767, 'load_duration': 8136834911, 'prompt_eval_count': 520, 'prompt_eval_duration': 421509479, 'eval_count': 2, 'eval_duration': 4207662}
Response: Well
Analyzing frame 48/54: q_5_main_0_30fps_frame0089.png
Prompt: Given the human reaction shown in the image, do you think the situation observed by that human ends well or poorly? (Use only one word -- well or poorly -- to answer)
Image size: 12556 bytes
Response status code: 200
{'model': 'deepseek-ocr:3b', 'created_at': '2025-12-08T09:21:19.085439209Z', 'message': {'role': 'assistant', 'content': 'Well'}, 'done': True, 'done_reason': 'stop', 'total_duration': 9112080741, 'load_duration': 7943281933, 'prompt_eval_count': 520, 'prompt_eval_duration': 428684800, 'eval_count': 2, 'eval_duration': 4234982}
Response: Well
Analyzing frame 49/54: q_7_main_1_30fps_frame0015.png
Prompt: Given the human reaction shown in the image, do you think the situation observed by that human ends well or poorly? (Use only one word -- well or poorly -- to answer)
Image size: 12564 bytes
Response status code: 200
{'model': 'deepseek-ocr:3b', 'created_at': '2025-12-08T09:21:29.077167454Z', 'message': {'role': 'assistant', 'content': 'Well'}, 'done': True, 'done_reason': 'stop', 'total_duration': 8964588007, 'load_duration': 7732877184, 'prompt_eval_count': 520, 'prompt_eval_duration': 424688454, 'eval_count': 2, 'eval_duration': 4210803}
Response: Well
Analyzing frame 50/54: q_7_main_1_30fps_frame0030.png
Prompt: Given the human reaction shown in the image, do you think the situation observed by that human ends well or poorly? (Use only one word -- well or poorly -- to answer)
Image size: 12656 bytes
Response status code: 200
{'model': 'deepseek-ocr:3b', 'created_at': '2025-12-08T09:21:39.01519415Z', 'message': {'role': 'assistant', 'content': 'Well'}, 'done': True, 'done_reason': 'stop', 'total_duration': 8888054120, 'load_duration': 7723470638, 'prompt_eval_count': 520, 'prompt_eval_duration': 424299521, 'eval_count': 2, 'eval_duration': 9821576}
Response: Well
Analyzing frame 51/54: q_7_main_1_30fps_frame0045.png
Prompt: Given the human reaction shown in the image, do you think the situation observed by that human ends well or poorly? (Use only one word -- well or poorly -- to answer)
Image size: 12768 bytes
Response status code: 200
{'model': 'deepseek-ocr:3b', 'created_at': '2025-12-08T09:21:48.981735215Z', 'message': {'role': 'assistant', 'content': 'Well'}, 'done': True, 'done_reason': 'stop', 'total_duration': 8936756405, 'load_duration': 7828575185, 'prompt_eval_count': 520, 'prompt_eval_duration': 426531697, 'eval_count': 2, 'eval_duration': 4223726}
Response: Well
Analyzing frame 52/54: q_7_main_1_30fps_frame0060.png
Prompt: Given the human reaction shown in the image, do you think the situation observed by that human ends well or poorly? (Use only one word -- well or poorly -- to answer)
Image size: 12708 bytes
Response status code: 200
{'model': 'deepseek-ocr:3b', 'created_at': '2025-12-08T09:21:59.127277908Z', 'message': {'role': 'assistant', 'content': 'Well'}, 'done': True, 'done_reason': 'stop', 'total_duration': 9102379038, 'load_duration': 7895569186, 'prompt_eval_count': 520, 'prompt_eval_duration': 426799900, 'eval_count': 2, 'eval_duration': 4230999}
Response: Well
Analyzing frame 53/54: q_7_main_1_30fps_frame0075.png
Prompt: Given the human reaction shown in the image, do you think the situation observed by that human ends well or poorly? (Use only one word -- well or poorly -- to answer)
Image size: 12704 bytes
Response status code: 200
{'model': 'deepseek-ocr:3b', 'created_at': '2025-12-08T09:22:09.504774961Z', 'message': {'role': 'assistant', 'content': 'Well'}, 'done': True, 'done_reason': 'stop', 'total_duration': 9348010534, 'load_duration': 8075237309, 'prompt_eval_count': 520, 'prompt_eval_duration': 449961679, 'eval_count': 2, 'eval_duration': 4432241}
Response: Well
Analyzing frame 54/54: q_7_main_1_30fps_frame0090.png
Prompt: Given the human reaction shown in the image, do you think the situation observed by that human ends well or poorly? (Use only one word -- well or poorly -- to answer)
Image size: 12680 bytes
Response status code: 200
{'model': 'deepseek-ocr:3b', 'created_at': '2025-12-08T09:22:19.27650976Z', 'message': {'role': 'assistant', 'content': 'Well'}, 'done': True, 'done_reason': 'stop', 'total_duration': 8744871739, 'load_duration': 7535196847, 'prompt_eval_count': 520, 'prompt_eval_duration': 424195829, 'eval_count': 2, 'eval_duration': 4180556}
Response: Well
Processed 54 frames for participant 9055

Results saved to ./results/results_deepseek-ocr_3s.csv
Total frames in CSV: 4638

==================================================
Processing participant 25/27: 9385

Processing participant: 9385
Found 72 unprocessed frames for this participant
Analyzing frame 1/72: q_13_main_0_30fps_frame0015.png
Prompt: Given the human reaction shown in the image, do you think the situation observed by that human ends well or poorly? (Use only one word -- well or poorly -- to answer)
Image size: 13504 bytes
Response status code: 200
{'model': 'deepseek-ocr:3b', 'created_at': '2025-12-08T09:22:29.412210645Z', 'message': {'role': 'assistant', 'content': 'Well'}, 'done': True, 'done_reason': 'stop', 'total_duration': 9044391844, 'load_duration': 7918745958, 'prompt_eval_count': 520, 'prompt_eval_duration': 423149410, 'eval_count': 2, 'eval_duration': 4631901}
Response: Well
Analyzing frame 2/72: q_13_main_0_30fps_frame0030.png
Prompt: Given the human reaction shown in the image, do you think the situation observed by that human ends well or poorly? (Use only one word -- well or poorly -- to answer)
Image size: 13500 bytes
Response status code: 200
{'model': 'deepseek-ocr:3b', 'created_at': '2025-12-08T09:22:39.045778659Z', 'message': {'role': 'assistant', 'content': 'Well'}, 'done': True, 'done_reason': 'stop', 'total_duration': 8607949409, 'load_duration': 7402859748, 'prompt_eval_count': 520, 'prompt_eval_duration': 424209606, 'eval_count': 2, 'eval_duration': 4511413}
Response: Well
Analyzing frame 3/72: q_13_main_0_30fps_frame0045.png
Prompt: Given the human reaction shown in the image, do you think the situation observed by that human ends well or poorly? (Use only one word -- well or poorly -- to answer)
Image size: 13540 bytes
Response status code: 200
{'model': 'deepseek-ocr:3b', 'created_at': '2025-12-08T09:22:49.0080671Z', 'message': {'role': 'assistant', 'content': 'Well'}, 'done': True, 'done_reason': 'stop', 'total_duration': 8916514085, 'load_duration': 7724685509, 'prompt_eval_count': 520, 'prompt_eval_duration': 427769572, 'eval_count': 2, 'eval_duration': 4213177}
Response: Well
Analyzing frame 4/72: q_13_main_0_30fps_frame0060.png
Prompt: Given the human reaction shown in the image, do you think the situation observed by that human ends well or poorly? (Use only one word -- well or poorly -- to answer)
Image size: 13668 bytes
Response status code: 200
{'model': 'deepseek-ocr:3b', 'created_at': '2025-12-08T09:22:58.903944135Z', 'message': {'role': 'assistant', 'content': 'Well'}, 'done': True, 'done_reason': 'stop', 'total_duration': 8858221057, 'load_duration': 7665393984, 'prompt_eval_count': 520, 'prompt_eval_duration': 425662256, 'eval_count': 2, 'eval_duration': 4193532}
Response: Well
Analyzing frame 5/72: q_13_main_0_30fps_frame0075.png
Prompt: Given the human reaction shown in the image, do you think the situation observed by that human ends well or poorly? (Use only one word -- well or poorly -- to answer)
Image size: 13288 bytes
Response status code: 200
{'model': 'deepseek-ocr:3b', 'created_at': '2025-12-08T09:23:09.489686216Z', 'message': {'role': 'assistant', 'content': 'Well'}, 'done': True, 'done_reason': 'stop', 'total_duration': 9543405850, 'load_duration': 8358679670, 'prompt_eval_count': 520, 'prompt_eval_duration': 423687824, 'eval_count': 2, 'eval_duration': 4228137}
Response: Well
Analyzing frame 6/72: q_13_main_0_30fps_frame0090.png
Prompt: Given the human reaction shown in the image, do you think the situation observed by that human ends well or poorly? (Use only one word -- well or poorly -- to answer)
Image size: 13376 bytes
Response status code: 200
{'model': 'deepseek-ocr:3b', 'created_at': '2025-12-08T09:23:19.902518238Z', 'message': {'role': 'assistant', 'content': 'Well'}, 'done': True, 'done_reason': 'stop', 'total_duration': 9384455154, 'load_duration': 8200487748, 'prompt_eval_count': 520, 'prompt_eval_duration': 431764187, 'eval_count': 2, 'eval_duration': 4233809}
Response: Well
Analyzing frame 7/72: q_15_main_1_30fps_frame0015.png
Prompt: Given the human reaction shown in the image, do you think the situation observed by that human ends well or poorly? (Use only one word -- well or poorly -- to answer)
Image size: 14008 bytes
Response status code: 200
{'model': 'deepseek-ocr:3b', 'created_at': '2025-12-08T09:23:30.145095265Z', 'message': {'role': 'assistant', 'content': 'Well'}, 'done': True, 'done_reason': 'stop', 'total_duration': 9216315144, 'load_duration': 8032317293, 'prompt_eval_count': 520, 'prompt_eval_duration': 423427613, 'eval_count': 2, 'eval_duration': 4186885}
Response: Well
Analyzing frame 8/72: q_15_main_1_30fps_frame0030.png
Prompt: Given the human reaction shown in the image, do you think the situation observed by that human ends well or poorly? (Use only one word -- well or poorly -- to answer)
Image size: 14092 bytes
Response status code: 200
{'model': 'deepseek-ocr:3b', 'created_at': '2025-12-08T09:23:40.094671146Z', 'message': {'role': 'assistant', 'content': 'Well'}, 'done': True, 'done_reason': 'stop', 'total_duration': 8906460439, 'load_duration': 7737717504, 'prompt_eval_count': 520, 'prompt_eval_duration': 426275481, 'eval_count': 2, 'eval_duration': 4324222}
Response: Well
Analyzing frame 9/72: q_15_main_1_30fps_frame0045.png
Prompt: Given the human reaction shown in the image, do you think the situation observed by that human ends well or poorly? (Use only one word -- well or poorly -- to answer)
Image size: 14032 bytes
Response status code: 200
{'model': 'deepseek-ocr:3b', 'created_at': '2025-12-08T09:23:50.005634818Z', 'message': {'role': 'assistant', 'content': 'Well'}, 'done': True, 'done_reason': 'stop', 'total_duration': 8881898273, 'load_duration': 7681404291, 'prompt_eval_count': 520, 'prompt_eval_duration': 431369414, 'eval_count': 2, 'eval_duration': 4218902}
Response: Well
Analyzing frame 10/72: q_15_main_1_30fps_frame0060.png
Prompt: Given the human reaction shown in the image, do you think the situation observed by that human ends well or poorly? (Use only one word -- well or poorly -- to answer)
Image size: 14072 bytes
Response status code: 200
{'model': 'deepseek-ocr:3b', 'created_at': '2025-12-08T09:24:00.128645883Z', 'message': {'role': 'assistant', 'content': 'Well'}, 'done': True, 'done_reason': 'stop', 'total_duration': 9075813091, 'load_duration': 7927847600, 'prompt_eval_count': 520, 'prompt_eval_duration': 425098454, 'eval_count': 2, 'eval_duration': 4222820}
Response: Well
Analyzing frame 11/72: q_15_main_1_30fps_frame0075.png
Prompt: Given the human reaction shown in the image, do you think the situation observed by that human ends well or poorly? (Use only one word -- well or poorly -- to answer)
Image size: 13956 bytes
Response status code: 200
{'model': 'deepseek-ocr:3b', 'created_at': '2025-12-08T09:24:10.054436035Z', 'message': {'role': 'assistant', 'content': 'Well'}, 'done': True, 'done_reason': 'stop', 'total_duration': 8900606669, 'load_duration': 7704434963, 'prompt_eval_count': 520, 'prompt_eval_duration': 419626027, 'eval_count': 2, 'eval_duration': 4204942}
Response: Well
Analyzing frame 12/72: q_15_main_1_30fps_frame0090.png
Prompt: Given the human reaction shown in the image, do you think the situation observed by that human ends well or poorly? (Use only one word -- well or poorly -- to answer)
Image size: 13624 bytes
Response status code: 200
{'model': 'deepseek-ocr:3b', 'created_at': '2025-12-08T09:24:19.977841097Z', 'message': {'role': 'assistant', 'content': 'Well'}, 'done': True, 'done_reason': 'stop', 'total_duration': 8877666397, 'load_duration': 7698720651, 'prompt_eval_count': 520, 'prompt_eval_duration': 426478990, 'eval_count': 2, 'eval_duration': 4189044}
Response: Well
Analyzing frame 13/72: q_1_main_0_30fps_frame0015.png
Prompt: Given the human reaction shown in the image, do you think the situation observed by that human ends well or poorly? (Use only one word -- well or poorly -- to answer)
Image size: 14064 bytes
Response status code: 200
{'model': 'deepseek-ocr:3b', 'created_at': '2025-12-08T09:24:29.986293753Z', 'message': {'role': 'assistant', 'content': 'Well'}, 'done': True, 'done_reason': 'stop', 'total_duration': 8940133911, 'load_duration': 7755603982, 'prompt_eval_count': 520, 'prompt_eval_duration': 424327579, 'eval_count': 2, 'eval_duration': 4200577}
Response: Well
Analyzing frame 14/72: q_1_main_0_30fps_frame0030.png
Prompt: Given the human reaction shown in the image, do you think the situation observed by that human ends well or poorly? (Use only one word -- well or poorly -- to answer)
Image size: 14140 bytes
Response status code: 200
{'model': 'deepseek-ocr:3b', 'created_at': '2025-12-08T09:24:39.961481701Z', 'message': {'role': 'assistant', 'content': 'Well'}, 'done': True, 'done_reason': 'stop', 'total_duration': 8948715305, 'load_duration': 7780775646, 'prompt_eval_count': 520, 'prompt_eval_duration': 424070809, 'eval_count': 2, 'eval_duration': 4195929}
Response: Well
Analyzing frame 15/72: q_1_main_0_30fps_frame0045.png
Prompt: Given the human reaction shown in the image, do you think the situation observed by that human ends well or poorly? (Use only one word -- well or poorly -- to answer)
Image size: 13388 bytes
Response status code: 200
{'model': 'deepseek-ocr:3b', 'created_at': '2025-12-08T09:24:49.862589541Z', 'message': {'role': 'assistant', 'content': 'Well'}, 'done': True, 'done_reason': 'stop', 'total_duration': 8862375193, 'load_duration': 7657612377, 'prompt_eval_count': 520, 'prompt_eval_duration': 423942445, 'eval_count': 2, 'eval_duration': 4209616}
Response: Well
Analyzing frame 16/72: q_1_main_0_30fps_frame0060.png
Prompt: Given the human reaction shown in the image, do you think the situation observed by that human ends well or poorly? (Use only one word -- well or poorly -- to answer)
Image size: 13860 bytes
Response status code: 200
{'model': 'deepseek-ocr:3b', 'created_at': '2025-12-08T09:25:00.19552845Z', 'message': {'role': 'assistant', 'content': 'Well'}, 'done': True, 'done_reason': 'stop', 'total_duration': 9305514615, 'load_duration': 8036216276, 'prompt_eval_count': 520, 'prompt_eval_duration': 422915978, 'eval_count': 2, 'eval_duration': 4242285}
Response: Well
Analyzing frame 17/72: q_1_main_0_30fps_frame0075.png
Prompt: Given the human reaction shown in the image, do you think the situation observed by that human ends well or poorly? (Use only one word -- well or poorly -- to answer)
Image size: 14068 bytes
Response status code: 200
{'model': 'deepseek-ocr:3b', 'created_at': '2025-12-08T09:25:10.246743159Z', 'message': {'role': 'assistant', 'content': 'Well'}, 'done': True, 'done_reason': 'stop', 'total_duration': 9023672111, 'load_duration': 7859719852, 'prompt_eval_count': 520, 'prompt_eval_duration': 426899078, 'eval_count': 2, 'eval_duration': 4321317}
Response: Well
Analyzing frame 18/72: q_1_main_0_30fps_frame0090.png
Prompt: Given the human reaction shown in the image, do you think the situation observed by that human ends well or poorly? (Use only one word -- well or poorly -- to answer)
Image size: 14064 bytes
Response status code: 200
{'model': 'deepseek-ocr:3b', 'created_at': '2025-12-08T09:25:20.395098777Z', 'message': {'role': 'assistant', 'content': 'Well'}, 'done': True, 'done_reason': 'stop', 'total_duration': 9119507777, 'load_duration': 7912906067, 'prompt_eval_count': 520, 'prompt_eval_duration': 421949066, 'eval_count': 2, 'eval_duration': 4201082}
Response: Well
Analyzing frame 19/72: q_23_main_0_30fps_frame0015.png
Prompt: Given the human reaction shown in the image, do you think the situation observed by that human ends well or poorly? (Use only one word -- well or poorly -- to answer)
Image size: 13224 bytes
Response status code: 200
{'model': 'deepseek-ocr:3b', 'created_at': '2025-12-08T09:25:30.650153103Z', 'message': {'role': 'assistant', 'content': 'Well'}, 'done': True, 'done_reason': 'stop', 'total_duration': 9221916167, 'load_duration': 7997844411, 'prompt_eval_count': 520, 'prompt_eval_duration': 432950378, 'eval_count': 2, 'eval_duration': 4246151}
Response: Well
Analyzing frame 20/72: q_23_main_0_30fps_frame0030.png
Prompt: Given the human reaction shown in the image, do you think the situation observed by that human ends well or poorly? (Use only one word -- well or poorly -- to answer)
Image size: 13460 bytes
Response status code: 200
{'model': 'deepseek-ocr:3b', 'created_at': '2025-12-08T09:25:40.584987666Z', 'message': {'role': 'assistant', 'content': 'Well'}, 'done': True, 'done_reason': 'stop', 'total_duration': 8907338865, 'load_duration': 7735079719, 'prompt_eval_count': 520, 'prompt_eval_duration': 424675053, 'eval_count': 2, 'eval_duration': 4277207}
Response: Well
Analyzing frame 21/72: q_23_main_0_30fps_frame0045.png
Prompt: Given the human reaction shown in the image, do you think the situation observed by that human ends well or poorly? (Use only one word -- well or poorly -- to answer)
Image size: 13328 bytes
Response status code: 200
{'model': 'deepseek-ocr:3b', 'created_at': '2025-12-08T09:25:50.222813199Z', 'message': {'role': 'assistant', 'content': 'Well'}, 'done': True, 'done_reason': 'stop', 'total_duration': 8590524679, 'load_duration': 7404259768, 'prompt_eval_count': 520, 'prompt_eval_duration': 424040664, 'eval_count': 2, 'eval_duration': 4320115}
Response: Well
Analyzing frame 22/72: q_23_main_0_30fps_frame0060.png
Prompt: Given the human reaction shown in the image, do you think the situation observed by that human ends well or poorly? (Use only one word -- well or poorly -- to answer)
Image size: 13368 bytes
Response status code: 200
{'model': 'deepseek-ocr:3b', 'created_at': '2025-12-08T09:26:00.524180178Z', 'message': {'role': 'assistant', 'content': 'Well'}, 'done': True, 'done_reason': 'stop', 'total_duration': 9275694782, 'load_duration': 8031286744, 'prompt_eval_count': 520, 'prompt_eval_duration': 429715243, 'eval_count': 2, 'eval_duration': 4219049}
Response: Well
Analyzing frame 23/72: q_23_main_0_30fps_frame0075.png
Prompt: Given the human reaction shown in the image, do you think the situation observed by that human ends well or poorly? (Use only one word -- well or poorly -- to answer)
Image size: 13304 bytes
Response status code: 200
{'model': 'deepseek-ocr:3b', 'created_at': '2025-12-08T09:26:10.577661738Z', 'message': {'role': 'assistant', 'content': 'Well'}, 'done': True, 'done_reason': 'stop', 'total_duration': 9023301260, 'load_duration': 7818296676, 'prompt_eval_count': 520, 'prompt_eval_duration': 432706188, 'eval_count': 2, 'eval_duration': 4192407}
Response: Well
Analyzing frame 24/72: q_23_main_0_30fps_frame0090.png
Prompt: Given the human reaction shown in the image, do you think the situation observed by that human ends well or poorly? (Use only one word -- well or poorly -- to answer)
Image size: 13252 bytes
Response status code: 200
{'model': 'deepseek-ocr:3b', 'created_at': '2025-12-08T09:26:20.538926868Z', 'message': {'role': 'assistant', 'content': 'Well'}, 'done': True, 'done_reason': 'stop', 'total_duration': 8932854647, 'load_duration': 7715955640, 'prompt_eval_count': 520, 'prompt_eval_duration': 449831678, 'eval_count': 2, 'eval_duration': 4458028}
Response: Well
Analyzing frame 25/72: q_27_main_1_30fps_frame0015.png
Prompt: Given the human reaction shown in the image, do you think the situation observed by that human ends well or poorly? (Use only one word -- well or poorly -- to answer)
Image size: 13144 bytes
Response status code: 200
{'model': 'deepseek-ocr:3b', 'created_at': '2025-12-08T09:26:30.372628613Z', 'message': {'role': 'assistant', 'content': 'Well'}, 'done': True, 'done_reason': 'stop', 'total_duration': 8781241666, 'load_duration': 7605767039, 'prompt_eval_count': 520, 'prompt_eval_duration': 431412686, 'eval_count': 2, 'eval_duration': 4226270}
Response: Well
Analyzing frame 26/72: q_27_main_1_30fps_frame0030.png
Prompt: Given the human reaction shown in the image, do you think the situation observed by that human ends well or poorly? (Use only one word -- well or poorly -- to answer)
Image size: 13416 bytes
Response status code: 200
{'model': 'deepseek-ocr:3b', 'created_at': '2025-12-08T09:26:40.682307386Z', 'message': {'role': 'assistant', 'content': 'Well'}, 'done': True, 'done_reason': 'stop', 'total_duration': 9280936523, 'load_duration': 8102006702, 'prompt_eval_count': 520, 'prompt_eval_duration': 439334084, 'eval_count': 2, 'eval_duration': 4184497}
Response: Well
Analyzing frame 27/72: q_27_main_1_30fps_frame0045.png
Prompt: Given the human reaction shown in the image, do you think the situation observed by that human ends well or poorly? (Use only one word -- well or poorly -- to answer)
Image size: 13600 bytes
Response status code: 200
{'model': 'deepseek-ocr:3b', 'created_at': '2025-12-08T09:26:50.695389338Z', 'message': {'role': 'assistant', 'content': 'Well'}, 'done': True, 'done_reason': 'stop', 'total_duration': 8972818351, 'load_duration': 7774042128, 'prompt_eval_count': 520, 'prompt_eval_duration': 421763735, 'eval_count': 2, 'eval_duration': 4197260}
Response: Well
Analyzing frame 28/72: q_27_main_1_30fps_frame0060.png
Prompt: Given the human reaction shown in the image, do you think the situation observed by that human ends well or poorly? (Use only one word -- well or poorly -- to answer)
Image size: 13576 bytes
Response status code: 200
{'model': 'deepseek-ocr:3b', 'created_at': '2025-12-08T09:27:00.450545458Z', 'message': {'role': 'assistant', 'content': 'Well'}, 'done': True, 'done_reason': 'stop', 'total_duration': 8727261154, 'load_duration': 7546570599, 'prompt_eval_count': 520, 'prompt_eval_duration': 422968910, 'eval_count': 2, 'eval_duration': 4184313}
Response: Well
Analyzing frame 29/72: q_27_main_1_30fps_frame0075.png
Prompt: Given the human reaction shown in the image, do you think the situation observed by that human ends well or poorly? (Use only one word -- well or poorly -- to answer)
Image size: 13568 bytes
Response status code: 200
{'model': 'deepseek-ocr:3b', 'created_at': '2025-12-08T09:27:10.811242347Z', 'message': {'role': 'assistant', 'content': 'Well'}, 'done': True, 'done_reason': 'stop', 'total_duration': 9315400128, 'load_duration': 8038021020, 'prompt_eval_count': 520, 'prompt_eval_duration': 444456891, 'eval_count': 2, 'eval_duration': 4422762}
Response: Well
Analyzing frame 30/72: q_27_main_1_30fps_frame0090.png
Prompt: Given the human reaction shown in the image, do you think the situation observed by that human ends well or poorly? (Use only one word -- well or poorly -- to answer)
Image size: 13456 bytes
Response status code: 200
{'model': 'deepseek-ocr:3b', 'created_at': '2025-12-08T09:27:21.022641173Z', 'message': {'role': 'assistant', 'content': 'Well'}, 'done': True, 'done_reason': 'stop', 'total_duration': 9198969255, 'load_duration': 7915879475, 'prompt_eval_count': 520, 'prompt_eval_duration': 462489974, 'eval_count': 2, 'eval_duration': 4671535}
Response: Well
Analyzing frame 31/72: q_29_main_0_30fps_frame0014.png
Prompt: Given the human reaction shown in the image, do you think the situation observed by that human ends well or poorly? (Use only one word -- well or poorly -- to answer)
Image size: 13392 bytes
Response status code: 200
{'model': 'deepseek-ocr:3b', 'created_at': '2025-12-08T09:27:30.981663206Z', 'message': {'role': 'assistant', 'content': 'Well'}, 'done': True, 'done_reason': 'stop', 'total_duration': 8931828578, 'load_duration': 7745418079, 'prompt_eval_count': 520, 'prompt_eval_duration': 425063901, 'eval_count': 2, 'eval_duration': 4192118}
Response: Well
Analyzing frame 32/72: q_29_main_0_30fps_frame0029.png
Prompt: Given the human reaction shown in the image, do you think the situation observed by that human ends well or poorly? (Use only one word -- well or poorly -- to answer)
Image size: 13240 bytes
Response status code: 200
{'model': 'deepseek-ocr:3b', 'created_at': '2025-12-08T09:27:41.413209949Z', 'message': {'role': 'assistant', 'content': 'Well'}, 'done': True, 'done_reason': 'stop', 'total_duration': 9402801518, 'load_duration': 8207282052, 'prompt_eval_count': 520, 'prompt_eval_duration': 448541601, 'eval_count': 2, 'eval_duration': 4249975}
Response: Well
Analyzing frame 33/72: q_29_main_0_30fps_frame0044.png
Prompt: Given the human reaction shown in the image, do you think the situation observed by that human ends well or poorly? (Use only one word -- well or poorly -- to answer)
Image size: 13492 bytes
Response status code: 200
{'model': 'deepseek-ocr:3b', 'created_at': '2025-12-08T09:27:51.62282991Z', 'message': {'role': 'assistant', 'content': 'Well'}, 'done': True, 'done_reason': 'stop', 'total_duration': 9163328413, 'load_duration': 7958901279, 'prompt_eval_count': 520, 'prompt_eval_duration': 427072832, 'eval_count': 2, 'eval_duration': 4219159}
Response: Well
Analyzing frame 34/72: q_29_main_0_30fps_frame0059.png
Prompt: Given the human reaction shown in the image, do you think the situation observed by that human ends well or poorly? (Use only one word -- well or poorly -- to answer)
Image size: 13324 bytes
Response status code: 200
{'model': 'deepseek-ocr:3b', 'created_at': '2025-12-08T09:28:01.519764565Z', 'message': {'role': 'assistant', 'content': 'Well'}, 'done': True, 'done_reason': 'stop', 'total_duration': 8869299433, 'load_duration': 7646597719, 'prompt_eval_count': 520, 'prompt_eval_duration': 448633841, 'eval_count': 2, 'eval_duration': 4457167}
Response: Well
Analyzing frame 35/72: q_29_main_0_30fps_frame0074.png
Prompt: Given the human reaction shown in the image, do you think the situation observed by that human ends well or poorly? (Use only one word -- well or poorly -- to answer)
Image size: 13300 bytes
Response status code: 200
{'model': 'deepseek-ocr:3b', 'created_at': '2025-12-08T09:28:11.462946946Z', 'message': {'role': 'assistant', 'content': 'Well'}, 'done': True, 'done_reason': 'stop', 'total_duration': 8888994306, 'load_duration': 7676119088, 'prompt_eval_count': 520, 'prompt_eval_duration': 424612373, 'eval_count': 2, 'eval_duration': 4188286}
Response: Well
Analyzing frame 36/72: q_29_main_0_30fps_frame0089.png
Prompt: Given the human reaction shown in the image, do you think the situation observed by that human ends well or poorly? (Use only one word -- well or poorly -- to answer)
Image size: 13268 bytes
Response status code: 200
{'model': 'deepseek-ocr:3b', 'created_at': '2025-12-08T09:28:21.405372034Z', 'message': {'role': 'assistant', 'content': 'Well'}, 'done': True, 'done_reason': 'stop', 'total_duration': 8899641837, 'load_duration': 7685171114, 'prompt_eval_count': 520, 'prompt_eval_duration': 425524495, 'eval_count': 2, 'eval_duration': 4218038}
Response: Well
Analyzing frame 37/72: q_2_main_1_30fps_frame0014.png
Prompt: Given the human reaction shown in the image, do you think the situation observed by that human ends well or poorly? (Use only one word -- well or poorly -- to answer)
Image size: 13416 bytes
Response status code: 200
{'model': 'deepseek-ocr:3b', 'created_at': '2025-12-08T09:28:31.271712138Z', 'message': {'role': 'assistant', 'content': 'Well'}, 'done': True, 'done_reason': 'stop', 'total_duration': 8797635126, 'load_duration': 7596081797, 'prompt_eval_count': 520, 'prompt_eval_duration': 428918901, 'eval_count': 2, 'eval_duration': 4207593}
Response: Well
Analyzing frame 38/72: q_2_main_1_30fps_frame0029.png
Prompt: Given the human reaction shown in the image, do you think the situation observed by that human ends well or poorly? (Use only one word -- well or poorly -- to answer)
Image size: 13400 bytes
Response status code: 200
{'model': 'deepseek-ocr:3b', 'created_at': '2025-12-08T09:28:41.406320855Z', 'message': {'role': 'assistant', 'content': 'Well'}, 'done': True, 'done_reason': 'stop', 'total_duration': 9105434492, 'load_duration': 7898351656, 'prompt_eval_count': 520, 'prompt_eval_duration': 433709459, 'eval_count': 2, 'eval_duration': 4212141}
Response: Well
Analyzing frame 39/72: q_2_main_1_30fps_frame0044.png
Prompt: Given the human reaction shown in the image, do you think the situation observed by that human ends well or poorly? (Use only one word -- well or poorly -- to answer)
Image size: 13456 bytes
Response status code: 200
{'model': 'deepseek-ocr:3b', 'created_at': '2025-12-08T09:28:51.565590393Z', 'message': {'role': 'assistant', 'content': 'Well'}, 'done': True, 'done_reason': 'stop', 'total_duration': 9118012235, 'load_duration': 7914250295, 'prompt_eval_count': 520, 'prompt_eval_duration': 435404582, 'eval_count': 2, 'eval_duration': 4362176}
Response: Well
Analyzing frame 40/72: q_2_main_1_30fps_frame0059.png
Prompt: Given the human reaction shown in the image, do you think the situation observed by that human ends well or poorly? (Use only one word -- well or poorly -- to answer)
Image size: 13576 bytes
Response status code: 200
{'model': 'deepseek-ocr:3b', 'created_at': '2025-12-08T09:29:01.525663059Z', 'message': {'role': 'assistant', 'content': 'Well'}, 'done': True, 'done_reason': 'stop', 'total_duration': 8922383243, 'load_duration': 7748659980, 'prompt_eval_count': 520, 'prompt_eval_duration': 424129999, 'eval_count': 2, 'eval_duration': 4386751}
Response: Well
Analyzing frame 41/72: q_2_main_1_30fps_frame0074.png
Prompt: Given the human reaction shown in the image, do you think the situation observed by that human ends well or poorly? (Use only one word -- well or poorly -- to answer)
Image size: 13540 bytes
Response status code: 200
{'model': 'deepseek-ocr:3b', 'created_at': '2025-12-08T09:29:11.510851098Z', 'message': {'role': 'assistant', 'content': 'Well'}, 'done': True, 'done_reason': 'stop', 'total_duration': 8955851105, 'load_duration': 7720706385, 'prompt_eval_count': 520, 'prompt_eval_duration': 448810642, 'eval_count': 2, 'eval_duration': 4455210}
Response: Well
Analyzing frame 42/72: q_2_main_1_30fps_frame0089.png
Prompt: Given the human reaction shown in the image, do you think the situation observed by that human ends well or poorly? (Use only one word -- well or poorly -- to answer)
Image size: 13444 bytes
Response status code: 200
{'model': 'deepseek-ocr:3b', 'created_at': '2025-12-08T09:29:21.505108654Z', 'message': {'role': 'assistant', 'content': 'Well'}, 'done': True, 'done_reason': 'stop', 'total_duration': 8967447469, 'load_duration': 7796239008, 'prompt_eval_count': 520, 'prompt_eval_duration': 423751720, 'eval_count': 2, 'eval_duration': 4224403}
Response: Well
Analyzing frame 43/72: q_3_main_1_30fps_frame0015.png
Prompt: Given the human reaction shown in the image, do you think the situation observed by that human ends well or poorly? (Use only one word -- well or poorly -- to answer)
Image size: 13572 bytes
Response status code: 200
{'model': 'deepseek-ocr:3b', 'created_at': '2025-12-08T09:29:31.443604554Z', 'message': {'role': 'assistant', 'content': 'Well'}, 'done': True, 'done_reason': 'stop', 'total_duration': 8881957715, 'load_duration': 7677035221, 'prompt_eval_count': 520, 'prompt_eval_duration': 452315243, 'eval_count': 2, 'eval_duration': 4475120}
Response: Well
Analyzing frame 44/72: q_3_main_1_30fps_frame0030.png
Prompt: Given the human reaction shown in the image, do you think the situation observed by that human ends well or poorly? (Use only one word -- well or poorly -- to answer)
Image size: 13564 bytes
Response status code: 200
{'model': 'deepseek-ocr:3b', 'created_at': '2025-12-08T09:29:41.599053001Z', 'message': {'role': 'assistant', 'content': 'Well'}, 'done': True, 'done_reason': 'stop', 'total_duration': 9114582053, 'load_duration': 7949885129, 'prompt_eval_count': 520, 'prompt_eval_duration': 425277863, 'eval_count': 2, 'eval_duration': 4337461}
Response: Well
Analyzing frame 45/72: q_3_main_1_30fps_frame0045.png
Prompt: Given the human reaction shown in the image, do you think the situation observed by that human ends well or poorly? (Use only one word -- well or poorly -- to answer)
Image size: 13212 bytes
Response status code: 200
{'model': 'deepseek-ocr:3b', 'created_at': '2025-12-08T09:29:51.624251549Z', 'message': {'role': 'assistant', 'content': 'Well'}, 'done': True, 'done_reason': 'stop', 'total_duration': 8966391290, 'load_duration': 7740022466, 'prompt_eval_count': 520, 'prompt_eval_duration': 422118302, 'eval_count': 2, 'eval_duration': 4343730}
Response: Well
Analyzing frame 46/72: q_3_main_1_30fps_frame0060.png
Prompt: Given the human reaction shown in the image, do you think the situation observed by that human ends well or poorly? (Use only one word -- well or poorly -- to answer)
Image size: 13392 bytes
Response status code: 200
{'model': 'deepseek-ocr:3b', 'created_at': '2025-12-08T09:30:01.829886554Z', 'message': {'role': 'assistant', 'content': 'Well'}, 'done': True, 'done_reason': 'stop', 'total_duration': 9175474145, 'load_duration': 7974214840, 'prompt_eval_count': 520, 'prompt_eval_duration': 426755644, 'eval_count': 2, 'eval_duration': 4211886}
Response: Well
Analyzing frame 47/72: q_3_main_1_30fps_frame0075.png
Prompt: Given the human reaction shown in the image, do you think the situation observed by that human ends well or poorly? (Use only one word -- well or poorly -- to answer)
Image size: 13540 bytes
Response status code: 200
{'model': 'deepseek-ocr:3b', 'created_at': '2025-12-08T09:30:11.778197877Z', 'message': {'role': 'assistant', 'content': 'Well'}, 'done': True, 'done_reason': 'stop', 'total_duration': 8912393894, 'load_duration': 7707696608, 'prompt_eval_count': 520, 'prompt_eval_duration': 423578224, 'eval_count': 2, 'eval_duration': 4308274}
Response: Well
Analyzing frame 48/72: q_3_main_1_30fps_frame0090.png
Prompt: Given the human reaction shown in the image, do you think the situation observed by that human ends well or poorly? (Use only one word -- well or poorly -- to answer)
Image size: 13460 bytes
Response status code: 200
{'model': 'deepseek-ocr:3b', 'created_at': '2025-12-08T09:30:22.078167957Z', 'message': {'role': 'assistant', 'content': 'Well'}, 'done': True, 'done_reason': 'stop', 'total_duration': 9270657610, 'load_duration': 8080115364, 'prompt_eval_count': 520, 'prompt_eval_duration': 426091865, 'eval_count': 2, 'eval_duration': 4226632}
Response: Well
Analyzing frame 49/72: q_6_main_1_30fps_frame0015.png
Prompt: Given the human reaction shown in the image, do you think the situation observed by that human ends well or poorly? (Use only one word -- well or poorly -- to answer)
Image size: 13756 bytes
Response status code: 200
{'model': 'deepseek-ocr:3b', 'created_at': '2025-12-08T09:30:32.38044242Z', 'message': {'role': 'assistant', 'content': 'Well'}, 'done': True, 'done_reason': 'stop', 'total_duration': 9250287097, 'load_duration': 8017598371, 'prompt_eval_count': 520, 'prompt_eval_duration': 474727020, 'eval_count': 2, 'eval_duration': 4606152}
Response: Well
Analyzing frame 50/72: q_6_main_1_30fps_frame0030.png
Prompt: Given the human reaction shown in the image, do you think the situation observed by that human ends well or poorly? (Use only one word -- well or poorly -- to answer)
Image size: 13832 bytes
Response status code: 200
{'model': 'deepseek-ocr:3b', 'created_at': '2025-12-08T09:30:42.604379524Z', 'message': {'role': 'assistant', 'content': 'Well'}, 'done': True, 'done_reason': 'stop', 'total_duration': 9194296788, 'load_duration': 7995191471, 'prompt_eval_count': 520, 'prompt_eval_duration': 424751857, 'eval_count': 2, 'eval_duration': 4382574}
Response: Well
Analyzing frame 51/72: q_6_main_1_30fps_frame0045.png
Prompt: Given the human reaction shown in the image, do you think the situation observed by that human ends well or poorly? (Use only one word -- well or poorly -- to answer)
Image size: 13936 bytes
Response status code: 200
{'model': 'deepseek-ocr:3b', 'created_at': '2025-12-08T09:30:52.68901684Z', 'message': {'role': 'assistant', 'content': 'Well'}, 'done': True, 'done_reason': 'stop', 'total_duration': 9059043353, 'load_duration': 7828445929, 'prompt_eval_count': 520, 'prompt_eval_duration': 421762600, 'eval_count': 2, 'eval_duration': 4200426}
Response: Well
Analyzing frame 52/72: q_6_main_1_30fps_frame0060.png
Prompt: Given the human reaction shown in the image, do you think the situation observed by that human ends well or poorly? (Use only one word -- well or poorly -- to answer)
Image size: 13976 bytes
Response status code: 200
{'model': 'deepseek-ocr:3b', 'created_at': '2025-12-08T09:31:02.53957676Z', 'message': {'role': 'assistant', 'content': 'Well'}, 'done': True, 'done_reason': 'stop', 'total_duration': 8810407199, 'load_duration': 7639262443, 'prompt_eval_count': 520, 'prompt_eval_duration': 443133625, 'eval_count': 2, 'eval_duration': 4431686}
Response: Well
Analyzing frame 53/72: q_6_main_1_30fps_frame0075.png
Prompt: Given the human reaction shown in the image, do you think the situation observed by that human ends well or poorly? (Use only one word -- well or poorly -- to answer)
Image size: 13604 bytes
Response status code: 200
{'model': 'deepseek-ocr:3b', 'created_at': '2025-12-08T09:31:13.027134815Z', 'message': {'role': 'assistant', 'content': 'Well'}, 'done': True, 'done_reason': 'stop', 'total_duration': 9470507572, 'load_duration': 8308617002, 'prompt_eval_count': 520, 'prompt_eval_duration': 445975450, 'eval_count': 2, 'eval_duration': 4707721}
Response: Well
Analyzing frame 54/72: q_6_main_1_30fps_frame0090.png
Prompt: Given the human reaction shown in the image, do you think the situation observed by that human ends well or poorly? (Use only one word -- well or poorly -- to answer)
Image size: 13664 bytes
Response status code: 200
{'model': 'deepseek-ocr:3b', 'created_at': '2025-12-08T09:31:23.001166196Z', 'message': {'role': 'assistant', 'content': 'Well'}, 'done': True, 'done_reason': 'stop', 'total_duration': 8934108497, 'load_duration': 7759299255, 'prompt_eval_count': 520, 'prompt_eval_duration': 425573460, 'eval_count': 2, 'eval_duration': 4222151}
Response: Well
Analyzing frame 55/72: q_8_main_0_30fps_frame0015.png
Prompt: Given the human reaction shown in the image, do you think the situation observed by that human ends well or poorly? (Use only one word -- well or poorly -- to answer)
Image size: 13224 bytes
Response status code: 200
{'model': 'deepseek-ocr:3b', 'created_at': '2025-12-08T09:31:33.441309884Z', 'message': {'role': 'assistant', 'content': 'Well'}, 'done': True, 'done_reason': 'stop', 'total_duration': 9409611452, 'load_duration': 8187612922, 'prompt_eval_count': 520, 'prompt_eval_duration': 500177517, 'eval_count': 2, 'eval_duration': 4216318}
Response: Well
Analyzing frame 56/72: q_8_main_0_30fps_frame0030.png
Prompt: Given the human reaction shown in the image, do you think the situation observed by that human ends well or poorly? (Use only one word -- well or poorly -- to answer)
Image size: 13568 bytes
Response status code: 200
{'model': 'deepseek-ocr:3b', 'created_at': '2025-12-08T09:31:43.47844421Z', 'message': {'role': 'assistant', 'content': 'Well'}, 'done': True, 'done_reason': 'stop', 'total_duration': 9003421374, 'load_duration': 7783850983, 'prompt_eval_count': 520, 'prompt_eval_duration': 420070453, 'eval_count': 2, 'eval_duration': 4616409}
Response: Well
Analyzing frame 57/72: q_8_main_0_30fps_frame0045.png
Prompt: Given the human reaction shown in the image, do you think the situation observed by that human ends well or poorly? (Use only one word -- well or poorly -- to answer)
Image size: 13404 bytes
Response status code: 200
{'model': 'deepseek-ocr:3b', 'created_at': '2025-12-08T09:31:54.300640949Z', 'message': {'role': 'assistant', 'content': 'Well'}, 'done': True, 'done_reason': 'stop', 'total_duration': 9768987276, 'load_duration': 8598957499, 'prompt_eval_count': 520, 'prompt_eval_duration': 430604383, 'eval_count': 2, 'eval_duration': 4190480}
Response: Well
Analyzing frame 58/72: q_8_main_0_30fps_frame0060.png
Prompt: Given the human reaction shown in the image, do you think the situation observed by that human ends well or poorly? (Use only one word -- well or poorly -- to answer)
Image size: 13400 bytes
Response status code: 200
{'model': 'deepseek-ocr:3b', 'created_at': '2025-12-08T09:32:04.852282838Z', 'message': {'role': 'assistant', 'content': 'Well'}, 'done': True, 'done_reason': 'stop', 'total_duration': 9522673319, 'load_duration': 8310258349, 'prompt_eval_count': 520, 'prompt_eval_duration': 435834311, 'eval_count': 2, 'eval_duration': 4210914}
Response: Well
Analyzing frame 59/72: q_8_main_0_30fps_frame0075.png
Prompt: Given the human reaction shown in the image, do you think the situation observed by that human ends well or poorly? (Use only one word -- well or poorly -- to answer)
Image size: 13076 bytes
Response status code: 200
{'model': 'deepseek-ocr:3b', 'created_at': '2025-12-08T09:32:15.122296846Z', 'message': {'role': 'assistant', 'content': 'Well'}, 'done': True, 'done_reason': 'stop', 'total_duration': 9243747685, 'load_duration': 8054653687, 'prompt_eval_count': 520, 'prompt_eval_duration': 429879918, 'eval_count': 2, 'eval_duration': 4355552}
Response: Well
Analyzing frame 60/72: q_8_main_0_30fps_frame0090.png
Prompt: Given the human reaction shown in the image, do you think the situation observed by that human ends well or poorly? (Use only one word -- well or poorly -- to answer)
Image size: 13164 bytes
Response status code: 200
{'model': 'deepseek-ocr:3b', 'created_at': '2025-12-08T09:32:24.9393178Z', 'message': {'role': 'assistant', 'content': 'Well'}, 'done': True, 'done_reason': 'stop', 'total_duration': 8775920233, 'load_duration': 7589931734, 'prompt_eval_count': 520, 'prompt_eval_duration': 425087408, 'eval_count': 2, 'eval_duration': 4208273}
Response: Well
Analyzing frame 61/72: q_9_main_1_30fps_frame0015.png
Prompt: Given the human reaction shown in the image, do you think the situation observed by that human ends well or poorly? (Use only one word -- well or poorly -- to answer)
Image size: 13052 bytes
Response status code: 200
{'model': 'deepseek-ocr:3b', 'created_at': '2025-12-08T09:32:35.171465489Z', 'message': {'role': 'assistant', 'content': 'Well'}, 'done': True, 'done_reason': 'stop', 'total_duration': 9205080014, 'load_duration': 8053578597, 'prompt_eval_count': 520, 'prompt_eval_duration': 424524931, 'eval_count': 2, 'eval_duration': 4234776}
Response: Well
Analyzing frame 62/72: q_9_main_1_30fps_frame0030.png
Prompt: Given the human reaction shown in the image, do you think the situation observed by that human ends well or poorly? (Use only one word -- well or poorly -- to answer)
Image size: 13028 bytes
Response status code: 200
{'model': 'deepseek-ocr:3b', 'created_at': '2025-12-08T09:32:45.135391398Z', 'message': {'role': 'assistant', 'content': 'Well'}, 'done': True, 'done_reason': 'stop', 'total_duration': 8917528955, 'load_duration': 7707640568, 'prompt_eval_count': 520, 'prompt_eval_duration': 449548266, 'eval_count': 2, 'eval_duration': 4454678}
Response: Well
Analyzing frame 63/72: q_9_main_1_30fps_frame0045.png
Prompt: Given the human reaction shown in the image, do you think the situation observed by that human ends well or poorly? (Use only one word -- well or poorly -- to answer)
Image size: 13092 bytes
Response status code: 200
{'model': 'deepseek-ocr:3b', 'created_at': '2025-12-08T09:32:55.006935445Z', 'message': {'role': 'assistant', 'content': 'Well'}, 'done': True, 'done_reason': 'stop', 'total_duration': 8831800201, 'load_duration': 7656617166, 'prompt_eval_count': 520, 'prompt_eval_duration': 423345590, 'eval_count': 2, 'eval_duration': 4323548}
Response: Well
Analyzing frame 64/72: q_9_main_1_30fps_frame0060.png
Prompt: Given the human reaction shown in the image, do you think the situation observed by that human ends well or poorly? (Use only one word -- well or poorly -- to answer)
Image size: 13196 bytes
Response status code: 200
{'model': 'deepseek-ocr:3b', 'created_at': '2025-12-08T09:33:05.47961488Z', 'message': {'role': 'assistant', 'content': 'Well'}, 'done': True, 'done_reason': 'stop', 'total_duration': 9457933324, 'load_duration': 7882728478, 'prompt_eval_count': 520, 'prompt_eval_duration': 424049024, 'eval_count': 2, 'eval_duration': 4219048}
Response: Well
Analyzing frame 65/72: q_9_main_1_30fps_frame0075.png
Prompt: Given the human reaction shown in the image, do you think the situation observed by that human ends well or poorly? (Use only one word -- well or poorly -- to answer)
Image size: 13316 bytes
Response status code: 200
{'model': 'deepseek-ocr:3b', 'created_at': '2025-12-08T09:33:16.458135844Z', 'message': {'role': 'assistant', 'content': 'Well'}, 'done': True, 'done_reason': 'stop', 'total_duration': 9953107564, 'load_duration': 8736528335, 'prompt_eval_count': 520, 'prompt_eval_duration': 421407516, 'eval_count': 2, 'eval_duration': 4178874}
Response: Well
Analyzing frame 66/72: q_9_main_1_30fps_frame0090.png
Prompt: Given the human reaction shown in the image, do you think the situation observed by that human ends well or poorly? (Use only one word -- well or poorly -- to answer)
Image size: 13360 bytes
Response status code: 200
{'model': 'deepseek-ocr:3b', 'created_at': '2025-12-08T09:33:26.718219423Z', 'message': {'role': 'assistant', 'content': 'Well'}, 'done': True, 'done_reason': 'stop', 'total_duration': 9232000762, 'load_duration': 8030429636, 'prompt_eval_count': 520, 'prompt_eval_duration': 425140145, 'eval_count': 2, 'eval_duration': 4194427}
Response: Well
Analyzing frame 67/72: q_warmup_3_main_0_30fps_frame0015.png
Prompt: Given the human reaction shown in the image, do you think the situation observed by that human ends well or poorly? (Use only one word -- well or poorly -- to answer)
Image size: 12948 bytes
Response status code: 200
{'model': 'deepseek-ocr:3b', 'created_at': '2025-12-08T09:33:36.718283097Z', 'message': {'role': 'assistant', 'content': 'Well'}, 'done': True, 'done_reason': 'stop', 'total_duration': 8972586743, 'load_duration': 7793995345, 'prompt_eval_count': 520, 'prompt_eval_duration': 441769960, 'eval_count': 2, 'eval_duration': 4220706}
Response: Well
Analyzing frame 68/72: q_warmup_3_main_0_30fps_frame0030.png
Prompt: Given the human reaction shown in the image, do you think the situation observed by that human ends well or poorly? (Use only one word -- well or poorly -- to answer)
Image size: 13248 bytes
Response status code: 200
{'model': 'deepseek-ocr:3b', 'created_at': '2025-12-08T09:33:46.87021763Z', 'message': {'role': 'assistant', 'content': 'Well'}, 'done': True, 'done_reason': 'stop', 'total_duration': 9122920185, 'load_duration': 7950448000, 'prompt_eval_count': 520, 'prompt_eval_duration': 424540514, 'eval_count': 2, 'eval_duration': 4201367}
Response: Well
Analyzing frame 69/72: q_warmup_3_main_0_30fps_frame0045.png
Prompt: Given the human reaction shown in the image, do you think the situation observed by that human ends well or poorly? (Use only one word -- well or poorly -- to answer)
Image size: 13284 bytes
Response status code: 200
{'model': 'deepseek-ocr:3b', 'created_at': '2025-12-08T09:33:56.759773427Z', 'message': {'role': 'assistant', 'content': 'Well'}, 'done': True, 'done_reason': 'stop', 'total_duration': 8850828720, 'load_duration': 7653740055, 'prompt_eval_count': 520, 'prompt_eval_duration': 434224673, 'eval_count': 2, 'eval_duration': 4211640}
Response: Well
Analyzing frame 70/72: q_warmup_3_main_0_30fps_frame0060.png
Prompt: Given the human reaction shown in the image, do you think the situation observed by that human ends well or poorly? (Use only one word -- well or poorly -- to answer)
Image size: 13260 bytes
Response status code: 200
{'model': 'deepseek-ocr:3b', 'created_at': '2025-12-08T09:34:06.70030596Z', 'message': {'role': 'assistant', 'content': 'Well'}, 'done': True, 'done_reason': 'stop', 'total_duration': 8897369328, 'load_duration': 7733697520, 'prompt_eval_count': 520, 'prompt_eval_duration': 431993099, 'eval_count': 2, 'eval_duration': 4572781}
Response: Well
Analyzing frame 71/72: q_warmup_3_main_0_30fps_frame0075.png
Prompt: Given the human reaction shown in the image, do you think the situation observed by that human ends well or poorly? (Use only one word -- well or poorly -- to answer)
Image size: 13332 bytes
Response status code: 200
{'model': 'deepseek-ocr:3b', 'created_at': '2025-12-08T09:34:16.866521369Z', 'message': {'role': 'assistant', 'content': 'Well'}, 'done': True, 'done_reason': 'stop', 'total_duration': 9138688434, 'load_duration': 7960954885, 'prompt_eval_count': 520, 'prompt_eval_duration': 425775041, 'eval_count': 2, 'eval_duration': 4216791}
Response: Well
Analyzing frame 72/72: q_warmup_3_main_0_30fps_frame0090.png
Prompt: Given the human reaction shown in the image, do you think the situation observed by that human ends well or poorly? (Use only one word -- well or poorly -- to answer)
Image size: 13264 bytes
Response status code: 200
{'model': 'deepseek-ocr:3b', 'created_at': '2025-12-08T09:34:26.917360101Z', 'message': {'role': 'assistant', 'content': 'Well'}, 'done': True, 'done_reason': 'stop', 'total_duration': 9023218100, 'load_duration': 7846645355, 'prompt_eval_count': 520, 'prompt_eval_duration': 436342226, 'eval_count': 2, 'eval_duration': 4348278}
Response: Well
Processed 72 frames for participant 9385

Results saved to ./results/results_deepseek-ocr_3s.csv
Total frames in CSV: 4710

==================================================
Processing participant 26/27: 9777

Processing participant: 9777
Found 72 unprocessed frames for this participant
Analyzing frame 1/72: q_11_main_1_30fps_frame0014.png
Prompt: Given the human reaction shown in the image, do you think the situation observed by that human ends well or poorly? (Use only one word -- well or poorly -- to answer)
Image size: 13252 bytes
Response status code: 200
{'model': 'deepseek-ocr:3b', 'created_at': '2025-12-08T09:34:36.965965414Z', 'message': {'role': 'assistant', 'content': 'Well'}, 'done': True, 'done_reason': 'stop', 'total_duration': 8957527461, 'load_duration': 7792824969, 'prompt_eval_count': 520, 'prompt_eval_duration': 420801773, 'eval_count': 2, 'eval_duration': 4655819}
Response: Well
Analyzing frame 2/72: q_11_main_1_30fps_frame0029.png
Prompt: Given the human reaction shown in the image, do you think the situation observed by that human ends well or poorly? (Use only one word -- well or poorly -- to answer)
Image size: 13200 bytes
Response status code: 200
{'model': 'deepseek-ocr:3b', 'created_at': '2025-12-08T09:34:47.28311052Z', 'message': {'role': 'assistant', 'content': 'Well'}, 'done': True, 'done_reason': 'stop', 'total_duration': 9288945052, 'load_duration': 8128307211, 'prompt_eval_count': 520, 'prompt_eval_duration': 430463758, 'eval_count': 2, 'eval_duration': 4213016}
Response: Well
Analyzing frame 3/72: q_11_main_1_30fps_frame0044.png
Prompt: Given the human reaction shown in the image, do you think the situation observed by that human ends well or poorly? (Use only one word -- well or poorly -- to answer)
Image size: 13252 bytes
Response status code: 200
{'model': 'deepseek-ocr:3b', 'created_at': '2025-12-08T09:34:57.541266092Z', 'message': {'role': 'assistant', 'content': 'Well'}, 'done': True, 'done_reason': 'stop', 'total_duration': 9217264342, 'load_duration': 7941384074, 'prompt_eval_count': 520, 'prompt_eval_duration': 427257809, 'eval_count': 2, 'eval_duration': 4180708}
Response: Well
Analyzing frame 4/72: q_11_main_1_30fps_frame0059.png
Prompt: Given the human reaction shown in the image, do you think the situation observed by that human ends well or poorly? (Use only one word -- well or poorly -- to answer)
Image size: 13260 bytes
Response status code: 200
{'model': 'deepseek-ocr:3b', 'created_at': '2025-12-08T09:35:07.460798526Z', 'message': {'role': 'assistant', 'content': 'Well'}, 'done': True, 'done_reason': 'stop', 'total_duration': 8888922218, 'load_duration': 7656404624, 'prompt_eval_count': 520, 'prompt_eval_duration': 423846662, 'eval_count': 2, 'eval_duration': 4202618}
Response: Well
Analyzing frame 5/72: q_11_main_1_30fps_frame0074.png
Prompt: Given the human reaction shown in the image, do you think the situation observed by that human ends well or poorly? (Use only one word -- well or poorly -- to answer)
Image size: 13248 bytes
Response status code: 200
{'model': 'deepseek-ocr:3b', 'created_at': '2025-12-08T09:35:17.358262228Z', 'message': {'role': 'assistant', 'content': 'Well'}, 'done': True, 'done_reason': 'stop', 'total_duration': 8853101692, 'load_duration': 7613413965, 'prompt_eval_count': 520, 'prompt_eval_duration': 444068474, 'eval_count': 2, 'eval_duration': 4447398}
Response: Well
Analyzing frame 6/72: q_11_main_1_30fps_frame0089.png
Prompt: Given the human reaction shown in the image, do you think the situation observed by that human ends well or poorly? (Use only one word -- well or poorly -- to answer)
Image size: 13204 bytes
Response status code: 200
{'model': 'deepseek-ocr:3b', 'created_at': '2025-12-08T09:35:27.775411713Z', 'message': {'role': 'assistant', 'content': 'Well'}, 'done': True, 'done_reason': 'stop', 'total_duration': 9388175473, 'load_duration': 8190570695, 'prompt_eval_count': 520, 'prompt_eval_duration': 421474845, 'eval_count': 2, 'eval_duration': 4234932}
Response: Well
Analyzing frame 7/72: q_15_main_1_30fps_frame0014.png
Prompt: Given the human reaction shown in the image, do you think the situation observed by that human ends well or poorly? (Use only one word -- well or poorly -- to answer)
Image size: 13404 bytes
Response status code: 200
{'model': 'deepseek-ocr:3b', 'created_at': '2025-12-08T09:35:37.666838453Z', 'message': {'role': 'assistant', 'content': 'Well'}, 'done': True, 'done_reason': 'stop', 'total_duration': 8836437349, 'load_duration': 7680058633, 'prompt_eval_count': 520, 'prompt_eval_duration': 428819422, 'eval_count': 2, 'eval_duration': 4402378}
Response: Well
Analyzing frame 8/72: q_15_main_1_30fps_frame0029.png
Prompt: Given the human reaction shown in the image, do you think the situation observed by that human ends well or poorly? (Use only one word -- well or poorly -- to answer)
Image size: 13388 bytes
Response status code: 200
{'model': 'deepseek-ocr:3b', 'created_at': '2025-12-08T09:35:47.626931582Z', 'message': {'role': 'assistant', 'content': 'Well'}, 'done': True, 'done_reason': 'stop', 'total_duration': 8915573757, 'load_duration': 7724108661, 'prompt_eval_count': 520, 'prompt_eval_duration': 423304524, 'eval_count': 2, 'eval_duration': 4193555}
Response: Well
Analyzing frame 9/72: q_15_main_1_30fps_frame0044.png
Prompt: Given the human reaction shown in the image, do you think the situation observed by that human ends well or poorly? (Use only one word -- well or poorly -- to answer)
Image size: 13364 bytes
Response status code: 200
{'model': 'deepseek-ocr:3b', 'created_at': '2025-12-08T09:35:57.659438011Z', 'message': {'role': 'assistant', 'content': 'Well'}, 'done': True, 'done_reason': 'stop', 'total_duration': 9002755706, 'load_duration': 7814077961, 'prompt_eval_count': 520, 'prompt_eval_duration': 421760824, 'eval_count': 2, 'eval_duration': 4211378}
Response: Well
Analyzing frame 10/72: q_15_main_1_30fps_frame0059.png
Prompt: Given the human reaction shown in the image, do you think the situation observed by that human ends well or poorly? (Use only one word -- well or poorly -- to answer)
Image size: 13304 bytes
Response status code: 200
{'model': 'deepseek-ocr:3b', 'created_at': '2025-12-08T09:36:07.770462125Z', 'message': {'role': 'assistant', 'content': 'Well'}, 'done': True, 'done_reason': 'stop', 'total_duration': 9081013756, 'load_duration': 7887651105, 'prompt_eval_count': 520, 'prompt_eval_duration': 422679579, 'eval_count': 2, 'eval_duration': 4238754}
Response: Well
Analyzing frame 11/72: q_15_main_1_30fps_frame0074.png
Prompt: Given the human reaction shown in the image, do you think the situation observed by that human ends well or poorly? (Use only one word -- well or poorly -- to answer)
Image size: 13392 bytes
Response status code: 200
{'model': 'deepseek-ocr:3b', 'created_at': '2025-12-08T09:36:17.581261786Z', 'message': {'role': 'assistant', 'content': 'Well'}, 'done': True, 'done_reason': 'stop', 'total_duration': 8761792164, 'load_duration': 7570217965, 'prompt_eval_count': 520, 'prompt_eval_duration': 429749848, 'eval_count': 2, 'eval_duration': 4292452}
Response: Well
Analyzing frame 12/72: q_15_main_1_30fps_frame0089.png
Prompt: Given the human reaction shown in the image, do you think the situation observed by that human ends well or poorly? (Use only one word -- well or poorly -- to answer)
Image size: 13356 bytes
Response status code: 200
{'model': 'deepseek-ocr:3b', 'created_at': '2025-12-08T09:36:27.786258567Z', 'message': {'role': 'assistant', 'content': 'Well'}, 'done': True, 'done_reason': 'stop', 'total_duration': 9174616428, 'load_duration': 7957028390, 'prompt_eval_count': 520, 'prompt_eval_duration': 423416350, 'eval_count': 2, 'eval_duration': 4735390}
Response: Well
Analyzing frame 13/72: q_17_main_1_30fps_frame0012.png
Prompt: Given the human reaction shown in the image, do you think the situation observed by that human ends well or poorly? (Use only one word -- well or poorly -- to answer)
Image size: 12692 bytes
Response status code: 200
{'model': 'deepseek-ocr:3b', 'created_at': '2025-12-08T09:36:37.945506629Z', 'message': {'role': 'assistant', 'content': 'Well'}, 'done': True, 'done_reason': 'stop', 'total_duration': 9119549673, 'load_duration': 7931618030, 'prompt_eval_count': 520, 'prompt_eval_duration': 423771652, 'eval_count': 2, 'eval_duration': 4366678}
Response: Well
Analyzing frame 14/72: q_17_main_1_30fps_frame0027.png
Prompt: Given the human reaction shown in the image, do you think the situation observed by that human ends well or poorly? (Use only one word -- well or poorly -- to answer)
Image size: 12740 bytes
Response status code: 200
{'model': 'deepseek-ocr:3b', 'created_at': '2025-12-08T09:36:47.874368668Z', 'message': {'role': 'assistant', 'content': 'Well'}, 'done': True, 'done_reason': 'stop', 'total_duration': 8899926730, 'load_duration': 7735598865, 'prompt_eval_count': 520, 'prompt_eval_duration': 422963240, 'eval_count': 2, 'eval_duration': 4205851}
Response: Well
Analyzing frame 15/72: q_17_main_1_30fps_frame0042.png
Prompt: Given the human reaction shown in the image, do you think the situation observed by that human ends well or poorly? (Use only one word -- well or poorly -- to answer)
Image size: 12800 bytes
Response status code: 200
{'model': 'deepseek-ocr:3b', 'created_at': '2025-12-08T09:36:58.009728511Z', 'message': {'role': 'assistant', 'content': 'Well'}, 'done': True, 'done_reason': 'stop', 'total_duration': 9075707507, 'load_duration': 7882422307, 'prompt_eval_count': 520, 'prompt_eval_duration': 423081339, 'eval_count': 2, 'eval_duration': 4219287}
Response: Well
Analyzing frame 16/72: q_17_main_1_30fps_frame0057.png
Prompt: Given the human reaction shown in the image, do you think the situation observed by that human ends well or poorly? (Use only one word -- well or poorly -- to answer)
Image size: 12800 bytes
Response status code: 200
{'model': 'deepseek-ocr:3b', 'created_at': '2025-12-08T09:37:08.745779365Z', 'message': {'role': 'assistant', 'content': 'Well'}, 'done': True, 'done_reason': 'stop', 'total_duration': 9706512558, 'load_duration': 8499513843, 'prompt_eval_count': 520, 'prompt_eval_duration': 421060237, 'eval_count': 2, 'eval_duration': 4200048}
Response: Well
Analyzing frame 17/72: q_17_main_1_30fps_frame0072.png
Prompt: Given the human reaction shown in the image, do you think the situation observed by that human ends well or poorly? (Use only one word -- well or poorly -- to answer)
Image size: 12800 bytes
Response status code: 200
{'model': 'deepseek-ocr:3b', 'created_at': '2025-12-08T09:37:19.060821941Z', 'message': {'role': 'assistant', 'content': 'Well'}, 'done': True, 'done_reason': 'stop', 'total_duration': 9277548273, 'load_duration': 8118423754, 'prompt_eval_count': 520, 'prompt_eval_duration': 424535853, 'eval_count': 2, 'eval_duration': 4215680}
Response: Well
Analyzing frame 18/72: q_17_main_1_30fps_frame0087.png
Prompt: Given the human reaction shown in the image, do you think the situation observed by that human ends well or poorly? (Use only one word -- well or poorly -- to answer)
Image size: 12772 bytes
Response status code: 200
{'model': 'deepseek-ocr:3b', 'created_at': '2025-12-08T09:37:28.830450953Z', 'message': {'role': 'assistant', 'content': 'Well'}, 'done': True, 'done_reason': 'stop', 'total_duration': 8739361010, 'load_duration': 7568108071, 'prompt_eval_count': 520, 'prompt_eval_duration': 424767881, 'eval_count': 2, 'eval_duration': 4212445}
Response: Well
Analyzing frame 19/72: q_19_main_1_30fps_frame0014.png
Prompt: Given the human reaction shown in the image, do you think the situation observed by that human ends well or poorly? (Use only one word -- well or poorly -- to answer)
Image size: 13376 bytes
Response status code: 200
{'model': 'deepseek-ocr:3b', 'created_at': '2025-12-08T09:37:39.236869658Z', 'message': {'role': 'assistant', 'content': 'Well'}, 'done': True, 'done_reason': 'stop', 'total_duration': 9356080574, 'load_duration': 8148047543, 'prompt_eval_count': 520, 'prompt_eval_duration': 422136745, 'eval_count': 2, 'eval_duration': 4196984}
Response: Well
Analyzing frame 20/72: q_19_main_1_30fps_frame0029.png
Prompt: Given the human reaction shown in the image, do you think the situation observed by that human ends well or poorly? (Use only one word -- well or poorly -- to answer)
Image size: 13348 bytes
Response status code: 200
{'model': 'deepseek-ocr:3b', 'created_at': '2025-12-08T09:37:50.054220257Z', 'message': {'role': 'assistant', 'content': 'Well'}, 'done': True, 'done_reason': 'stop', 'total_duration': 9785368922, 'load_duration': 8582600960, 'prompt_eval_count': 520, 'prompt_eval_duration': 429432532, 'eval_count': 2, 'eval_duration': 4340907}
Response: Well
Analyzing frame 21/72: q_19_main_1_30fps_frame0044.png
Prompt: Given the human reaction shown in the image, do you think the situation observed by that human ends well or poorly? (Use only one word -- well or poorly -- to answer)
Image size: 13268 bytes
Response status code: 200
{'model': 'deepseek-ocr:3b', 'created_at': '2025-12-08T09:38:00.026303193Z', 'message': {'role': 'assistant', 'content': 'Well'}, 'done': True, 'done_reason': 'stop', 'total_duration': 8924931134, 'load_duration': 7707255883, 'prompt_eval_count': 520, 'prompt_eval_duration': 490309829, 'eval_count': 2, 'eval_duration': 4231648}
Response: Well
Analyzing frame 22/72: q_19_main_1_30fps_frame0059.png
Prompt: Given the human reaction shown in the image, do you think the situation observed by that human ends well or poorly? (Use only one word -- well or poorly -- to answer)
Image size: 13400 bytes
Response status code: 200
{'model': 'deepseek-ocr:3b', 'created_at': '2025-12-08T09:38:09.986165649Z', 'message': {'role': 'assistant', 'content': 'Well'}, 'done': True, 'done_reason': 'stop', 'total_duration': 8914813835, 'load_duration': 7758834301, 'prompt_eval_count': 520, 'prompt_eval_duration': 424330231, 'eval_count': 2, 'eval_duration': 4361383}
Response: Well
Analyzing frame 23/72: q_19_main_1_30fps_frame0074.png
Prompt: Given the human reaction shown in the image, do you think the situation observed by that human ends well or poorly? (Use only one word -- well or poorly -- to answer)
Image size: 13284 bytes
Response status code: 200
{'model': 'deepseek-ocr:3b', 'created_at': '2025-12-08T09:38:19.613977084Z', 'message': {'role': 'assistant', 'content': 'Well'}, 'done': True, 'done_reason': 'stop', 'total_duration': 8576797910, 'load_duration': 7422430764, 'prompt_eval_count': 520, 'prompt_eval_duration': 429958855, 'eval_count': 2, 'eval_duration': 4220541}
Response: Well
Analyzing frame 24/72: q_19_main_1_30fps_frame0089.png
Prompt: Given the human reaction shown in the image, do you think the situation observed by that human ends well or poorly? (Use only one word -- well or poorly -- to answer)
Image size: 13260 bytes
Response status code: 200
{'model': 'deepseek-ocr:3b', 'created_at': '2025-12-08T09:38:29.525786095Z', 'message': {'role': 'assistant', 'content': 'Well'}, 'done': True, 'done_reason': 'stop', 'total_duration': 8881064481, 'load_duration': 7686489033, 'prompt_eval_count': 520, 'prompt_eval_duration': 483616180, 'eval_count': 2, 'eval_duration': 4189392}
Response: Well
Analyzing frame 25/72: q_1_main_0_30fps_frame0015.png
Prompt: Given the human reaction shown in the image, do you think the situation observed by that human ends well or poorly? (Use only one word -- well or poorly -- to answer)
Image size: 13008 bytes
Response status code: 200
{'model': 'deepseek-ocr:3b', 'created_at': '2025-12-08T09:38:39.210059474Z', 'message': {'role': 'assistant', 'content': 'Well'}, 'done': True, 'done_reason': 'stop', 'total_duration': 8643132561, 'load_duration': 7471767326, 'prompt_eval_count': 520, 'prompt_eval_duration': 423586903, 'eval_count': 2, 'eval_duration': 4261953}
Response: Well
Analyzing frame 26/72: q_1_main_0_30fps_frame0030.png
Prompt: Given the human reaction shown in the image, do you think the situation observed by that human ends well or poorly? (Use only one word -- well or poorly -- to answer)
Image size: 13012 bytes
Response status code: 200
{'model': 'deepseek-ocr:3b', 'created_at': '2025-12-08T09:38:48.933987146Z', 'message': {'role': 'assistant', 'content': 'Well'}, 'done': True, 'done_reason': 'stop', 'total_duration': 8695048594, 'load_duration': 7528926235, 'prompt_eval_count': 520, 'prompt_eval_duration': 443537362, 'eval_count': 2, 'eval_duration': 4460734}
Response: Well
Analyzing frame 27/72: q_1_main_0_30fps_frame0045.png
Prompt: Given the human reaction shown in the image, do you think the situation observed by that human ends well or poorly? (Use only one word -- well or poorly -- to answer)
Image size: 13132 bytes
Response status code: 200
{'model': 'deepseek-ocr:3b', 'created_at': '2025-12-08T09:38:58.743140546Z', 'message': {'role': 'assistant', 'content': 'Well'}, 'done': True, 'done_reason': 'stop', 'total_duration': 8778709423, 'load_duration': 7629469956, 'prompt_eval_count': 520, 'prompt_eval_duration': 420975637, 'eval_count': 2, 'eval_duration': 4192239}
Response: Well
Analyzing frame 28/72: q_1_main_0_30fps_frame0060.png
Prompt: Given the human reaction shown in the image, do you think the situation observed by that human ends well or poorly? (Use only one word -- well or poorly -- to answer)
Image size: 13112 bytes
Response status code: 200
{'model': 'deepseek-ocr:3b', 'created_at': '2025-12-08T09:39:08.582405018Z', 'message': {'role': 'assistant', 'content': 'Well'}, 'done': True, 'done_reason': 'stop', 'total_duration': 8800705765, 'load_duration': 7636696917, 'prompt_eval_count': 520, 'prompt_eval_duration': 423725455, 'eval_count': 2, 'eval_duration': 4173186}
Response: Well
Analyzing frame 29/72: q_1_main_0_30fps_frame0075.png
Prompt: Given the human reaction shown in the image, do you think the situation observed by that human ends well or poorly? (Use only one word -- well or poorly -- to answer)
Image size: 13080 bytes
Response status code: 200
{'model': 'deepseek-ocr:3b', 'created_at': '2025-12-08T09:39:18.197451793Z', 'message': {'role': 'assistant', 'content': 'Well'}, 'done': True, 'done_reason': 'stop', 'total_duration': 8581931364, 'load_duration': 7459247445, 'prompt_eval_count': 520, 'prompt_eval_duration': 421879486, 'eval_count': 2, 'eval_duration': 4196280}
Response: Well
Analyzing frame 30/72: q_1_main_0_30fps_frame0090.png
Prompt: Given the human reaction shown in the image, do you think the situation observed by that human ends well or poorly? (Use only one word -- well or poorly -- to answer)
Image size: 12972 bytes
Response status code: 200
{'model': 'deepseek-ocr:3b', 'created_at': '2025-12-08T09:39:28.51538195Z', 'message': {'role': 'assistant', 'content': 'Well'}, 'done': True, 'done_reason': 'stop', 'total_duration': 9257701212, 'load_duration': 8024926532, 'prompt_eval_count': 520, 'prompt_eval_duration': 421813745, 'eval_count': 2, 'eval_duration': 4176568}
Response: Well
Analyzing frame 31/72: q_21_main_0_30fps_frame0015.png
Prompt: Given the human reaction shown in the image, do you think the situation observed by that human ends well or poorly? (Use only one word -- well or poorly -- to answer)
Image size: 13144 bytes
Response status code: 200
{'model': 'deepseek-ocr:3b', 'created_at': '2025-12-08T09:39:38.465174187Z', 'message': {'role': 'assistant', 'content': 'Well'}, 'done': True, 'done_reason': 'stop', 'total_duration': 8888964389, 'load_duration': 7687239267, 'prompt_eval_count': 520, 'prompt_eval_duration': 422588949, 'eval_count': 2, 'eval_duration': 4237439}
Response: Well
Analyzing frame 32/72: q_21_main_0_30fps_frame0030.png
Prompt: Given the human reaction shown in the image, do you think the situation observed by that human ends well or poorly? (Use only one word -- well or poorly -- to answer)
Image size: 13080 bytes
Response status code: 200
{'model': 'deepseek-ocr:3b', 'created_at': '2025-12-08T09:39:48.699903267Z', 'message': {'role': 'assistant', 'content': 'Well'}, 'done': True, 'done_reason': 'stop', 'total_duration': 9217505670, 'load_duration': 8037926693, 'prompt_eval_count': 520, 'prompt_eval_duration': 426219930, 'eval_count': 2, 'eval_duration': 4189878}
Response: Well
Analyzing frame 33/72: q_21_main_0_30fps_frame0045.png
Prompt: Given the human reaction shown in the image, do you think the situation observed by that human ends well or poorly? (Use only one word -- well or poorly -- to answer)
Image size: 13012 bytes
Response status code: 200
{'model': 'deepseek-ocr:3b', 'created_at': '2025-12-08T09:39:58.544732426Z', 'message': {'role': 'assistant', 'content': 'Well'}, 'done': True, 'done_reason': 'stop', 'total_duration': 8802396744, 'load_duration': 7639152544, 'prompt_eval_count': 520, 'prompt_eval_duration': 425499346, 'eval_count': 2, 'eval_duration': 4729872}
Response: Well
Analyzing frame 34/72: q_21_main_0_30fps_frame0060.png
Prompt: Given the human reaction shown in the image, do you think the situation observed by that human ends well or poorly? (Use only one word -- well or poorly -- to answer)
Image size: 13088 bytes
Response status code: 200
{'model': 'deepseek-ocr:3b', 'created_at': '2025-12-08T09:40:08.552896837Z', 'message': {'role': 'assistant', 'content': 'Well'}, 'done': True, 'done_reason': 'stop', 'total_duration': 8963310278, 'load_duration': 7770094470, 'prompt_eval_count': 520, 'prompt_eval_duration': 418876094, 'eval_count': 2, 'eval_duration': 4161002}
Response: Well
Analyzing frame 35/72: q_21_main_0_30fps_frame0075.png
Prompt: Given the human reaction shown in the image, do you think the situation observed by that human ends well or poorly? (Use only one word -- well or poorly -- to answer)
Image size: 13084 bytes
Response status code: 200
{'model': 'deepseek-ocr:3b', 'created_at': '2025-12-08T09:40:18.608933387Z', 'message': {'role': 'assistant', 'content': 'Well'}, 'done': True, 'done_reason': 'stop', 'total_duration': 9004223220, 'load_duration': 7812911476, 'prompt_eval_count': 520, 'prompt_eval_duration': 418008047, 'eval_count': 2, 'eval_duration': 4238813}
Response: Well
Analyzing frame 36/72: q_21_main_0_30fps_frame0090.png
Prompt: Given the human reaction shown in the image, do you think the situation observed by that human ends well or poorly? (Use only one word -- well or poorly -- to answer)
Image size: 13092 bytes
Response status code: 200
{'model': 'deepseek-ocr:3b', 'created_at': '2025-12-08T09:40:28.634491357Z', 'message': {'role': 'assistant', 'content': 'Well'}, 'done': True, 'done_reason': 'stop', 'total_duration': 8995387134, 'load_duration': 7834441043, 'prompt_eval_count': 520, 'prompt_eval_duration': 418776915, 'eval_count': 2, 'eval_duration': 4474388}
Response: Well
Analyzing frame 37/72: q_22_main_1_30fps_frame0015.png
Prompt: Given the human reaction shown in the image, do you think the situation observed by that human ends well or poorly? (Use only one word -- well or poorly -- to answer)
Image size: 13224 bytes
Response status code: 200
{'model': 'deepseek-ocr:3b', 'created_at': '2025-12-08T09:40:38.552652032Z', 'message': {'role': 'assistant', 'content': 'Well'}, 'done': True, 'done_reason': 'stop', 'total_duration': 8872318953, 'load_duration': 7674912291, 'prompt_eval_count': 520, 'prompt_eval_duration': 424325654, 'eval_count': 2, 'eval_duration': 4182754}
Response: Well
Analyzing frame 38/72: q_22_main_1_30fps_frame0030.png
Prompt: Given the human reaction shown in the image, do you think the situation observed by that human ends well or poorly? (Use only one word -- well or poorly -- to answer)
Image size: 13220 bytes
Response status code: 200
{'model': 'deepseek-ocr:3b', 'created_at': '2025-12-08T09:40:49.039961616Z', 'message': {'role': 'assistant', 'content': 'Well'}, 'done': True, 'done_reason': 'stop', 'total_duration': 9457659532, 'load_duration': 8260536523, 'prompt_eval_count': 520, 'prompt_eval_duration': 423031548, 'eval_count': 2, 'eval_duration': 4342448}
Response: Well
Analyzing frame 39/72: q_22_main_1_30fps_frame0045.png
Prompt: Given the human reaction shown in the image, do you think the situation observed by that human ends well or poorly? (Use only one word -- well or poorly -- to answer)
Image size: 13220 bytes
Response status code: 200
{'model': 'deepseek-ocr:3b', 'created_at': '2025-12-08T09:40:58.899541183Z', 'message': {'role': 'assistant', 'content': 'Well'}, 'done': True, 'done_reason': 'stop', 'total_duration': 8820436949, 'load_duration': 7617876635, 'prompt_eval_count': 520, 'prompt_eval_duration': 422275850, 'eval_count': 2, 'eval_duration': 4235440}
Response: Well
Analyzing frame 40/72: q_22_main_1_30fps_frame0060.png
Prompt: Given the human reaction shown in the image, do you think the situation observed by that human ends well or poorly? (Use only one word -- well or poorly -- to answer)
Image size: 13216 bytes
Response status code: 200
{'model': 'deepseek-ocr:3b', 'created_at': '2025-12-08T09:41:08.615995158Z', 'message': {'role': 'assistant', 'content': 'Well'}, 'done': True, 'done_reason': 'stop', 'total_duration': 8688656913, 'load_duration': 7541959229, 'prompt_eval_count': 520, 'prompt_eval_duration': 412256366, 'eval_count': 2, 'eval_duration': 4391881}
Response: Well
Analyzing frame 41/72: q_22_main_1_30fps_frame0075.png
Prompt: Given the human reaction shown in the image, do you think the situation observed by that human ends well or poorly? (Use only one word -- well or poorly -- to answer)
Image size: 13256 bytes
Response status code: 200
{'model': 'deepseek-ocr:3b', 'created_at': '2025-12-08T09:41:18.638255231Z', 'message': {'role': 'assistant', 'content': 'Well'}, 'done': True, 'done_reason': 'stop', 'total_duration': 8971807265, 'load_duration': 7796600275, 'prompt_eval_count': 520, 'prompt_eval_duration': 413658995, 'eval_count': 2, 'eval_duration': 4235394}
Response: Well
Analyzing frame 42/72: q_22_main_1_30fps_frame0090.png
Prompt: Given the human reaction shown in the image, do you think the situation observed by that human ends well or poorly? (Use only one word -- well or poorly -- to answer)
Image size: 13176 bytes
Response status code: 200
{'model': 'deepseek-ocr:3b', 'created_at': '2025-12-08T09:41:28.75062213Z', 'message': {'role': 'assistant', 'content': 'Well'}, 'done': True, 'done_reason': 'stop', 'total_duration': 9086925547, 'load_duration': 7922993327, 'prompt_eval_count': 520, 'prompt_eval_duration': 414733811, 'eval_count': 2, 'eval_duration': 4720134}
Response: Well
Analyzing frame 43/72: q_24_main_0_30fps_frame0015.png
Prompt: Given the human reaction shown in the image, do you think the situation observed by that human ends well or poorly? (Use only one word -- well or poorly -- to answer)
Image size: 13300 bytes
Response status code: 200
{'model': 'deepseek-ocr:3b', 'created_at': '2025-12-08T09:41:38.954562273Z', 'message': {'role': 'assistant', 'content': 'Well'}, 'done': True, 'done_reason': 'stop', 'total_duration': 9163546978, 'load_duration': 7996585362, 'prompt_eval_count': 520, 'prompt_eval_duration': 425934745, 'eval_count': 2, 'eval_duration': 4179030}
Response: Well
Analyzing frame 44/72: q_24_main_0_30fps_frame0030.png
Prompt: Given the human reaction shown in the image, do you think the situation observed by that human ends well or poorly? (Use only one word -- well or poorly -- to answer)
Image size: 13272 bytes
Response status code: 200
{'model': 'deepseek-ocr:3b', 'created_at': '2025-12-08T09:41:49.259208772Z', 'message': {'role': 'assistant', 'content': 'Well'}, 'done': True, 'done_reason': 'stop', 'total_duration': 9275864304, 'load_duration': 8072645509, 'prompt_eval_count': 520, 'prompt_eval_duration': 426146185, 'eval_count': 2, 'eval_duration': 4273373}
Response: Well
Analyzing frame 45/72: q_24_main_0_30fps_frame0045.png
Prompt: Given the human reaction shown in the image, do you think the situation observed by that human ends well or poorly? (Use only one word -- well or poorly -- to answer)
Image size: 13376 bytes
Response status code: 200
{'model': 'deepseek-ocr:3b', 'created_at': '2025-12-08T09:41:59.57117413Z', 'message': {'role': 'assistant', 'content': 'Well'}, 'done': True, 'done_reason': 'stop', 'total_duration': 9267272475, 'load_duration': 8086912325, 'prompt_eval_count': 520, 'prompt_eval_duration': 422581745, 'eval_count': 2, 'eval_duration': 4209051}
Response: Well
Analyzing frame 46/72: q_24_main_0_30fps_frame0060.png
Prompt: Given the human reaction shown in the image, do you think the situation observed by that human ends well or poorly? (Use only one word -- well or poorly -- to answer)
Image size: 13388 bytes
Response status code: 200
{'model': 'deepseek-ocr:3b', 'created_at': '2025-12-08T09:42:09.342611Z', 'message': {'role': 'assistant', 'content': 'Well'}, 'done': True, 'done_reason': 'stop', 'total_duration': 8742929146, 'load_duration': 7594385895, 'prompt_eval_count': 520, 'prompt_eval_duration': 422433094, 'eval_count': 2, 'eval_duration': 4187605}
Response: Well
Analyzing frame 47/72: q_24_main_0_30fps_frame0075.png
Prompt: Given the human reaction shown in the image, do you think the situation observed by that human ends well or poorly? (Use only one word -- well or poorly -- to answer)
Image size: 13376 bytes
Response status code: 200
{'model': 'deepseek-ocr:3b', 'created_at': '2025-12-08T09:42:19.183888289Z', 'message': {'role': 'assistant', 'content': 'Well'}, 'done': True, 'done_reason': 'stop', 'total_duration': 8804247888, 'load_duration': 7591292985, 'prompt_eval_count': 520, 'prompt_eval_duration': 424060202, 'eval_count': 2, 'eval_duration': 4207100}
Response: Well
Analyzing frame 48/72: q_24_main_0_30fps_frame0090.png
Prompt: Given the human reaction shown in the image, do you think the situation observed by that human ends well or poorly? (Use only one word -- well or poorly -- to answer)
Image size: 13260 bytes
Response status code: 200
{'model': 'deepseek-ocr:3b', 'created_at': '2025-12-08T09:42:28.974281691Z', 'message': {'role': 'assistant', 'content': 'Well'}, 'done': True, 'done_reason': 'stop', 'total_duration': 8748426864, 'load_duration': 7601210733, 'prompt_eval_count': 520, 'prompt_eval_duration': 425612451, 'eval_count': 2, 'eval_duration': 4550516}
Response: Well
Analyzing frame 49/72: q_28_main_0_30fps_frame0014.png
Prompt: Given the human reaction shown in the image, do you think the situation observed by that human ends well or poorly? (Use only one word -- well or poorly -- to answer)
Image size: 12952 bytes
Response status code: 200
{'model': 'deepseek-ocr:3b', 'created_at': '2025-12-08T09:42:39.119577959Z', 'message': {'role': 'assistant', 'content': 'Well'}, 'done': True, 'done_reason': 'stop', 'total_duration': 9101445676, 'load_duration': 7948440640, 'prompt_eval_count': 520, 'prompt_eval_duration': 420140547, 'eval_count': 2, 'eval_duration': 4222072}
Response: Well
Analyzing frame 50/72: q_28_main_0_30fps_frame0029.png
Prompt: Given the human reaction shown in the image, do you think the situation observed by that human ends well or poorly? (Use only one word -- well or poorly -- to answer)
Image size: 12956 bytes
Response status code: 200
{'model': 'deepseek-ocr:3b', 'created_at': '2025-12-08T09:42:49.027828953Z', 'message': {'role': 'assistant', 'content': 'Well'}, 'done': True, 'done_reason': 'stop', 'total_duration': 8881064557, 'load_duration': 7605320126, 'prompt_eval_count': 520, 'prompt_eval_duration': 422513716, 'eval_count': 2, 'eval_duration': 4234876}
Response: Well
Analyzing frame 51/72: q_28_main_0_30fps_frame0044.png
Prompt: Given the human reaction shown in the image, do you think the situation observed by that human ends well or poorly? (Use only one word -- well or poorly -- to answer)
Image size: 12972 bytes
Response status code: 200
{'model': 'deepseek-ocr:3b', 'created_at': '2025-12-08T09:42:58.749771961Z', 'message': {'role': 'assistant', 'content': 'Well'}, 'done': True, 'done_reason': 'stop', 'total_duration': 8680197820, 'load_duration': 7443983708, 'prompt_eval_count': 520, 'prompt_eval_duration': 445071872, 'eval_count': 2, 'eval_duration': 4220164}
Response: Well
Analyzing frame 52/72: q_28_main_0_30fps_frame0059.png
Prompt: Given the human reaction shown in the image, do you think the situation observed by that human ends well or poorly? (Use only one word -- well or poorly -- to answer)
Image size: 12988 bytes
Response status code: 200
{'model': 'deepseek-ocr:3b', 'created_at': '2025-12-08T09:43:08.654590473Z', 'message': {'role': 'assistant', 'content': 'Well'}, 'done': True, 'done_reason': 'stop', 'total_duration': 8876942375, 'load_duration': 7672802308, 'prompt_eval_count': 520, 'prompt_eval_duration': 427482555, 'eval_count': 2, 'eval_duration': 4440795}
Response: Well
Analyzing frame 53/72: q_28_main_0_30fps_frame0074.png
Prompt: Given the human reaction shown in the image, do you think the situation observed by that human ends well or poorly? (Use only one word -- well or poorly -- to answer)
Image size: 12972 bytes
Response status code: 200
{'model': 'deepseek-ocr:3b', 'created_at': '2025-12-08T09:43:18.418647538Z', 'message': {'role': 'assistant', 'content': 'Well'}, 'done': True, 'done_reason': 'stop', 'total_duration': 8717993109, 'load_duration': 7528614905, 'prompt_eval_count': 520, 'prompt_eval_duration': 446762630, 'eval_count': 2, 'eval_duration': 4218776}
Response: Well
Analyzing frame 54/72: q_28_main_0_30fps_frame0089.png
Prompt: Given the human reaction shown in the image, do you think the situation observed by that human ends well or poorly? (Use only one word -- well or poorly -- to answer)
Image size: 12920 bytes
Response status code: 200
{'model': 'deepseek-ocr:3b', 'created_at': '2025-12-08T09:43:28.822314809Z', 'message': {'role': 'assistant', 'content': 'Well'}, 'done': True, 'done_reason': 'stop', 'total_duration': 9374768937, 'load_duration': 8160602745, 'prompt_eval_count': 520, 'prompt_eval_duration': 433756877, 'eval_count': 2, 'eval_duration': 4210373}
Response: Well
Analyzing frame 55/72: q_5_main_0_30fps_frame0014.png
Prompt: Given the human reaction shown in the image, do you think the situation observed by that human ends well or poorly? (Use only one word -- well or poorly -- to answer)
Image size: 12796 bytes
Response status code: 200
{'model': 'deepseek-ocr:3b', 'created_at': '2025-12-08T09:43:38.78298119Z', 'message': {'role': 'assistant', 'content': 'Well'}, 'done': True, 'done_reason': 'stop', 'total_duration': 8915577177, 'load_duration': 7707501922, 'prompt_eval_count': 520, 'prompt_eval_duration': 414473641, 'eval_count': 2, 'eval_duration': 4189870}
Response: Well
Analyzing frame 56/72: q_5_main_0_30fps_frame0029.png
Prompt: Given the human reaction shown in the image, do you think the situation observed by that human ends well or poorly? (Use only one word -- well or poorly -- to answer)
Image size: 12796 bytes
Response status code: 200
{'model': 'deepseek-ocr:3b', 'created_at': '2025-12-08T09:43:48.961133408Z', 'message': {'role': 'assistant', 'content': 'Well'}, 'done': True, 'done_reason': 'stop', 'total_duration': 9149177684, 'load_duration': 7900457552, 'prompt_eval_count': 520, 'prompt_eval_duration': 415286448, 'eval_count': 2, 'eval_duration': 4195307}
Response: Well
Analyzing frame 57/72: q_5_main_0_30fps_frame0044.png
Prompt: Given the human reaction shown in the image, do you think the situation observed by that human ends well or poorly? (Use only one word -- well or poorly -- to answer)
Image size: 12868 bytes
Response status code: 200
{'model': 'deepseek-ocr:3b', 'created_at': '2025-12-08T09:43:59.024699226Z', 'message': {'role': 'assistant', 'content': 'Well'}, 'done': True, 'done_reason': 'stop', 'total_duration': 9011784234, 'load_duration': 7863438401, 'prompt_eval_count': 520, 'prompt_eval_duration': 422707217, 'eval_count': 2, 'eval_duration': 4224446}
Response: Well
Analyzing frame 58/72: q_5_main_0_30fps_frame0059.png
Prompt: Given the human reaction shown in the image, do you think the situation observed by that human ends well or poorly? (Use only one word -- well or poorly -- to answer)
Image size: 12688 bytes
Response status code: 200
{'model': 'deepseek-ocr:3b', 'created_at': '2025-12-08T09:44:09.096671381Z', 'message': {'role': 'assistant', 'content': 'Well'}, 'done': True, 'done_reason': 'stop', 'total_duration': 9042495324, 'load_duration': 7861631474, 'prompt_eval_count': 520, 'prompt_eval_duration': 419968829, 'eval_count': 2, 'eval_duration': 4228935}
Response: Well
Analyzing frame 59/72: q_5_main_0_30fps_frame0074.png
Prompt: Given the human reaction shown in the image, do you think the situation observed by that human ends well or poorly? (Use only one word -- well or poorly -- to answer)
Image size: 12668 bytes
Response status code: 200
{'model': 'deepseek-ocr:3b', 'created_at': '2025-12-08T09:44:19.55234367Z', 'message': {'role': 'assistant', 'content': 'Well'}, 'done': True, 'done_reason': 'stop', 'total_duration': 9415281965, 'load_duration': 8147526302, 'prompt_eval_count': 520, 'prompt_eval_duration': 498155120, 'eval_count': 2, 'eval_duration': 4235078}
Response: Well
Analyzing frame 60/72: q_5_main_0_30fps_frame0089.png
Prompt: Given the human reaction shown in the image, do you think the situation observed by that human ends well or poorly? (Use only one word -- well or poorly -- to answer)
Image size: 12732 bytes
Response status code: 200
{'model': 'deepseek-ocr:3b', 'created_at': '2025-12-08T09:44:29.611839187Z', 'message': {'role': 'assistant', 'content': 'Well'}, 'done': True, 'done_reason': 'stop', 'total_duration': 9027871552, 'load_duration': 7804134263, 'prompt_eval_count': 520, 'prompt_eval_duration': 424907765, 'eval_count': 2, 'eval_duration': 4211846}
Response: Well
Analyzing frame 61/72: q_6_main_1_30fps_frame0014.png
Prompt: Given the human reaction shown in the image, do you think the situation observed by that human ends well or poorly? (Use only one word -- well or poorly -- to answer)
Image size: 12948 bytes
Response status code: 200
{'model': 'deepseek-ocr:3b', 'created_at': '2025-12-08T09:44:39.380735252Z', 'message': {'role': 'assistant', 'content': 'Well'}, 'done': True, 'done_reason': 'stop', 'total_duration': 8726198480, 'load_duration': 7561961718, 'prompt_eval_count': 520, 'prompt_eval_duration': 428438458, 'eval_count': 2, 'eval_duration': 4310779}
Response: Well
Analyzing frame 62/72: q_6_main_1_30fps_frame0029.png
Prompt: Given the human reaction shown in the image, do you think the situation observed by that human ends well or poorly? (Use only one word -- well or poorly -- to answer)
Image size: 12960 bytes
Response status code: 200
{'model': 'deepseek-ocr:3b', 'created_at': '2025-12-08T09:44:49.559005044Z', 'message': {'role': 'assistant', 'content': 'Well'}, 'done': True, 'done_reason': 'stop', 'total_duration': 9145682720, 'load_duration': 8003865328, 'prompt_eval_count': 520, 'prompt_eval_duration': 426267213, 'eval_count': 2, 'eval_duration': 4381325}
Response: Well
Analyzing frame 63/72: q_6_main_1_30fps_frame0044.png
Prompt: Given the human reaction shown in the image, do you think the situation observed by that human ends well or poorly? (Use only one word -- well or poorly -- to answer)
Image size: 12908 bytes
Response status code: 200
{'model': 'deepseek-ocr:3b', 'created_at': '2025-12-08T09:44:59.612634009Z', 'message': {'role': 'assistant', 'content': 'Well'}, 'done': True, 'done_reason': 'stop', 'total_duration': 9003424825, 'load_duration': 7825221720, 'prompt_eval_count': 520, 'prompt_eval_duration': 421311744, 'eval_count': 2, 'eval_duration': 4198626}
Response: Well
Analyzing frame 64/72: q_6_main_1_30fps_frame0059.png
Prompt: Given the human reaction shown in the image, do you think the situation observed by that human ends well or poorly? (Use only one word -- well or poorly -- to answer)
Image size: 12908 bytes
Response status code: 200
{'model': 'deepseek-ocr:3b', 'created_at': '2025-12-08T09:45:09.390916534Z', 'message': {'role': 'assistant', 'content': 'Well'}, 'done': True, 'done_reason': 'stop', 'total_duration': 8741196843, 'load_duration': 7543157930, 'prompt_eval_count': 520, 'prompt_eval_duration': 446427640, 'eval_count': 2, 'eval_duration': 4424915}
Response: Well
Analyzing frame 65/72: q_6_main_1_30fps_frame0074.png
Prompt: Given the human reaction shown in the image, do you think the situation observed by that human ends well or poorly? (Use only one word -- well or poorly -- to answer)
Image size: 12916 bytes
Response status code: 200
{'model': 'deepseek-ocr:3b', 'created_at': '2025-12-08T09:45:19.375002166Z', 'message': {'role': 'assistant', 'content': 'Well'}, 'done': True, 'done_reason': 'stop', 'total_duration': 8954024740, 'load_duration': 7722507527, 'prompt_eval_count': 520, 'prompt_eval_duration': 432146690, 'eval_count': 2, 'eval_duration': 4311163}
Response: Well
Analyzing frame 66/72: q_6_main_1_30fps_frame0089.png
Prompt: Given the human reaction shown in the image, do you think the situation observed by that human ends well or poorly? (Use only one word -- well or poorly -- to answer)
Image size: 12880 bytes
Response status code: 200
{'model': 'deepseek-ocr:3b', 'created_at': '2025-12-08T09:45:29.107265732Z', 'message': {'role': 'assistant', 'content': 'Well'}, 'done': True, 'done_reason': 'stop', 'total_duration': 8684653996, 'load_duration': 7552590617, 'prompt_eval_count': 520, 'prompt_eval_duration': 425542684, 'eval_count': 2, 'eval_duration': 4775287}
Response: Well
Analyzing frame 67/72: q_8_main_0_30fps_frame0014.png
Prompt: Given the human reaction shown in the image, do you think the situation observed by that human ends well or poorly? (Use only one word -- well or poorly -- to answer)
Image size: 13040 bytes
Response status code: 200
{'model': 'deepseek-ocr:3b', 'created_at': '2025-12-08T09:45:39.569943322Z', 'message': {'role': 'assistant', 'content': 'Well'}, 'done': True, 'done_reason': 'stop', 'total_duration': 9432870011, 'load_duration': 8264231264, 'prompt_eval_count': 520, 'prompt_eval_duration': 420069864, 'eval_count': 2, 'eval_duration': 4226616}
Response: Well
Analyzing frame 68/72: q_8_main_0_30fps_frame0029.png
Prompt: Given the human reaction shown in the image, do you think the situation observed by that human ends well or poorly? (Use only one word -- well or poorly -- to answer)
Image size: 13084 bytes
Response status code: 200
{'model': 'deepseek-ocr:3b', 'created_at': '2025-12-08T09:45:50.206373889Z', 'message': {'role': 'assistant', 'content': 'Well'}, 'done': True, 'done_reason': 'stop', 'total_duration': 9606041563, 'load_duration': 8394669942, 'prompt_eval_count': 520, 'prompt_eval_duration': 417331791, 'eval_count': 2, 'eval_duration': 4192742}
Response: Well
Analyzing frame 69/72: q_8_main_0_30fps_frame0044.png
Prompt: Given the human reaction shown in the image, do you think the situation observed by that human ends well or poorly? (Use only one word -- well or poorly -- to answer)
Image size: 12964 bytes
Response status code: 200
{'model': 'deepseek-ocr:3b', 'created_at': '2025-12-08T09:46:00.054001549Z', 'message': {'role': 'assistant', 'content': 'Well'}, 'done': True, 'done_reason': 'stop', 'total_duration': 8807620414, 'load_duration': 7642513530, 'prompt_eval_count': 520, 'prompt_eval_duration': 423229845, 'eval_count': 2, 'eval_duration': 4223146}
Response: Well
Analyzing frame 70/72: q_8_main_0_30fps_frame0059.png
Prompt: Given the human reaction shown in the image, do you think the situation observed by that human ends well or poorly? (Use only one word -- well or poorly -- to answer)
Image size: 13108 bytes
Response status code: 200
{'model': 'deepseek-ocr:3b', 'created_at': '2025-12-08T09:46:10.016724798Z', 'message': {'role': 'assistant', 'content': 'Well'}, 'done': True, 'done_reason': 'stop', 'total_duration': 8931237351, 'load_duration': 7727249713, 'prompt_eval_count': 520, 'prompt_eval_duration': 426565390, 'eval_count': 2, 'eval_duration': 4239537}
Response: Well
Analyzing frame 71/72: q_8_main_0_30fps_frame0074.png
Prompt: Given the human reaction shown in the image, do you think the situation observed by that human ends well or poorly? (Use only one word -- well or poorly -- to answer)
Image size: 13124 bytes
Response status code: 200
{'model': 'deepseek-ocr:3b', 'created_at': '2025-12-08T09:46:19.938438022Z', 'message': {'role': 'assistant', 'content': 'Well'}, 'done': True, 'done_reason': 'stop', 'total_duration': 8872973252, 'load_duration': 7711617578, 'prompt_eval_count': 520, 'prompt_eval_duration': 422922968, 'eval_count': 2, 'eval_duration': 4347640}
Response: Well
Analyzing frame 72/72: q_8_main_0_30fps_frame0089.png
Prompt: Given the human reaction shown in the image, do you think the situation observed by that human ends well or poorly? (Use only one word -- well or poorly -- to answer)
Image size: 13040 bytes
Response status code: 200
{'model': 'deepseek-ocr:3b', 'created_at': '2025-12-08T09:46:30.060271017Z', 'message': {'role': 'assistant', 'content': 'Well'}, 'done': True, 'done_reason': 'stop', 'total_duration': 9074677264, 'load_duration': 7855574138, 'prompt_eval_count': 520, 'prompt_eval_duration': 425314033, 'eval_count': 2, 'eval_duration': 4197271}
Response: Well
Processed 72 frames for participant 9777

Results saved to ./results/results_deepseek-ocr_3s.csv
Total frames in CSV: 4782

==================================================
Processing participant 27/27: 9941

Processing participant: 9941
Found 54 unprocessed frames for this participant
Analyzing frame 1/54: q_17_main_1_30fps_frame0014.png
Prompt: Given the human reaction shown in the image, do you think the situation observed by that human ends well or poorly? (Use only one word -- well or poorly -- to answer)
Image size: 6932 bytes
Response status code: 200
{'model': 'deepseek-ocr:3b', 'created_at': '2025-12-08T09:46:40.537755369Z', 'message': {'role': 'assistant', 'content': 'Well'}, 'done': True, 'done_reason': 'stop', 'total_duration': 9379808474, 'load_duration': 8121025768, 'prompt_eval_count': 520, 'prompt_eval_duration': 430749172, 'eval_count': 2, 'eval_duration': 4450961}
Response: Well
Analyzing frame 2/54: q_17_main_1_30fps_frame0029.png
Prompt: Given the human reaction shown in the image, do you think the situation observed by that human ends well or poorly? (Use only one word -- well or poorly -- to answer)
Image size: 6968 bytes
Response status code: 200
{'model': 'deepseek-ocr:3b', 'created_at': '2025-12-08T09:46:42.856324893Z', 'message': {'role': 'assistant', 'content': 'Well'}, 'done': True, 'done_reason': 'stop', 'total_duration': 1274783423, 'load_duration': 128629299, 'prompt_eval_count': 520, 'prompt_eval_duration': 409724079, 'eval_count': 2, 'eval_duration': 4149963}
Response: Well
Analyzing frame 3/54: q_17_main_1_30fps_frame0044.png
Prompt: Given the human reaction shown in the image, do you think the situation observed by that human ends well or poorly? (Use only one word -- well or poorly -- to answer)
Image size: 6968 bytes
Response status code: 200
{'model': 'deepseek-ocr:3b', 'created_at': '2025-12-08T09:46:52.823778945Z', 'message': {'role': 'assistant', 'content': 'Well'}, 'done': True, 'done_reason': 'stop', 'total_duration': 8940720319, 'load_duration': 7669387932, 'prompt_eval_count': 520, 'prompt_eval_duration': 445337673, 'eval_count': 2, 'eval_duration': 4440992}
Response: Well
Analyzing frame 4/54: q_17_main_1_30fps_frame0059.png
Prompt: Given the human reaction shown in the image, do you think the situation observed by that human ends well or poorly? (Use only one word -- well or poorly -- to answer)
Image size: 6916 bytes
Response status code: 200
{'model': 'deepseek-ocr:3b', 'created_at': '2025-12-08T09:47:02.817024992Z', 'message': {'role': 'assistant', 'content': 'Well'}, 'done': True, 'done_reason': 'stop', 'total_duration': 8971611322, 'load_duration': 7637804643, 'prompt_eval_count': 520, 'prompt_eval_duration': 419285735, 'eval_count': 2, 'eval_duration': 4211526}
Response: Well
Analyzing frame 5/54: q_17_main_1_30fps_frame0074.png
Prompt: Given the human reaction shown in the image, do you think the situation observed by that human ends well or poorly? (Use only one word -- well or poorly -- to answer)
Image size: 7036 bytes
Response status code: 200
{'model': 'deepseek-ocr:3b', 'created_at': '2025-12-08T09:47:13.052843276Z', 'message': {'role': 'assistant', 'content': 'Well'}, 'done': True, 'done_reason': 'stop', 'total_duration': 9190572485, 'load_duration': 7870849527, 'prompt_eval_count': 520, 'prompt_eval_duration': 423237152, 'eval_count': 2, 'eval_duration': 4189386}
Response: Well
Analyzing frame 6/54: q_17_main_1_30fps_frame0089.png
Prompt: Given the human reaction shown in the image, do you think the situation observed by that human ends well or poorly? (Use only one word -- well or poorly -- to answer)
Image size: 7000 bytes
Response status code: 200
{'model': 'deepseek-ocr:3b', 'created_at': '2025-12-08T09:47:23.012879743Z', 'message': {'role': 'assistant', 'content': 'Well'}, 'done': True, 'done_reason': 'stop', 'total_duration': 8932367706, 'load_duration': 7674359321, 'prompt_eval_count': 520, 'prompt_eval_duration': 415484734, 'eval_count': 2, 'eval_duration': 4189007}
Response: Well
Analyzing frame 7/54: q_1_main_0_30fps_frame0013.png
Prompt: Given the human reaction shown in the image, do you think the situation observed by that human ends well or poorly? (Use only one word -- well or poorly -- to answer)
Image size: 8168 bytes
Response status code: 200
{'model': 'deepseek-ocr:3b', 'created_at': '2025-12-08T09:47:33.36914223Z', 'message': {'role': 'assistant', 'content': 'Well'}, 'done': True, 'done_reason': 'stop', 'total_duration': 9313286340, 'load_duration': 8056904451, 'prompt_eval_count': 520, 'prompt_eval_duration': 449894293, 'eval_count': 2, 'eval_duration': 4443451}
Response: Well
Analyzing frame 8/54: q_1_main_0_30fps_frame0028.png
Prompt: Given the human reaction shown in the image, do you think the situation observed by that human ends well or poorly? (Use only one word -- well or poorly -- to answer)
Image size: 8212 bytes
Response status code: 200
{'model': 'deepseek-ocr:3b', 'created_at': '2025-12-08T09:47:43.674876724Z', 'message': {'role': 'assistant', 'content': 'Well'}, 'done': True, 'done_reason': 'stop', 'total_duration': 9275687174, 'load_duration': 8068310658, 'prompt_eval_count': 520, 'prompt_eval_duration': 423125842, 'eval_count': 2, 'eval_duration': 4219793}
Response: Well
Analyzing frame 9/54: q_1_main_0_30fps_frame0043.png
Prompt: Given the human reaction shown in the image, do you think the situation observed by that human ends well or poorly? (Use only one word -- well or poorly -- to answer)
Image size: 8028 bytes
Response status code: 200
{'model': 'deepseek-ocr:3b', 'created_at': '2025-12-08T09:47:54.135424811Z', 'message': {'role': 'assistant', 'content': 'Well'}, 'done': True, 'done_reason': 'stop', 'total_duration': 9436625681, 'load_duration': 8258845245, 'prompt_eval_count': 520, 'prompt_eval_duration': 425406654, 'eval_count': 2, 'eval_duration': 4209517}
Response: Well
Analyzing frame 10/54: q_1_main_0_30fps_frame0058.png
Prompt: Given the human reaction shown in the image, do you think the situation observed by that human ends well or poorly? (Use only one word -- well or poorly -- to answer)
Image size: 8004 bytes
Response status code: 200
{'model': 'deepseek-ocr:3b', 'created_at': '2025-12-08T09:48:03.93594962Z', 'message': {'role': 'assistant', 'content': 'Well'}, 'done': True, 'done_reason': 'stop', 'total_duration': 8773998412, 'load_duration': 7636957669, 'prompt_eval_count': 520, 'prompt_eval_duration': 424996593, 'eval_count': 2, 'eval_duration': 4353204}
Response: Well
Analyzing frame 11/54: q_1_main_0_30fps_frame0073.png
Prompt: Given the human reaction shown in the image, do you think the situation observed by that human ends well or poorly? (Use only one word -- well or poorly -- to answer)
Image size: 8144 bytes
Response status code: 200
{'model': 'deepseek-ocr:3b', 'created_at': '2025-12-08T09:48:13.905725264Z', 'message': {'role': 'assistant', 'content': 'Well'}, 'done': True, 'done_reason': 'stop', 'total_duration': 8945018686, 'load_duration': 7782302326, 'prompt_eval_count': 520, 'prompt_eval_duration': 412964197, 'eval_count': 2, 'eval_duration': 4216774}
Response: Well
Analyzing frame 12/54: q_1_main_0_30fps_frame0088.png
Prompt: Given the human reaction shown in the image, do you think the situation observed by that human ends well or poorly? (Use only one word -- well or poorly -- to answer)
Image size: 7960 bytes
Response status code: 200
{'model': 'deepseek-ocr:3b', 'created_at': '2025-12-08T09:48:24.074518693Z', 'message': {'role': 'assistant', 'content': 'Well'}, 'done': True, 'done_reason': 'stop', 'total_duration': 9125980341, 'load_duration': 7915783625, 'prompt_eval_count': 520, 'prompt_eval_duration': 428093497, 'eval_count': 2, 'eval_duration': 4654327}
Response: Well
Analyzing frame 13/54: q_21_main_0_30fps_frame0013.png
Prompt: Given the human reaction shown in the image, do you think the situation observed by that human ends well or poorly? (Use only one word -- well or poorly -- to answer)
Image size: 8880 bytes
Response status code: 200
{'model': 'deepseek-ocr:3b', 'created_at': '2025-12-08T09:48:34.344312534Z', 'message': {'role': 'assistant', 'content': 'Well'}, 'done': True, 'done_reason': 'stop', 'total_duration': 9226004310, 'load_duration': 8076540404, 'prompt_eval_count': 520, 'prompt_eval_duration': 424445983, 'eval_count': 2, 'eval_duration': 4220660}
Response: Well
Analyzing frame 14/54: q_21_main_0_30fps_frame0028.png
Prompt: Given the human reaction shown in the image, do you think the situation observed by that human ends well or poorly? (Use only one word -- well or poorly -- to answer)
Image size: 9032 bytes
Response status code: 200
{'model': 'deepseek-ocr:3b', 'created_at': '2025-12-08T09:48:44.633401717Z', 'message': {'role': 'assistant', 'content': 'Well'}, 'done': True, 'done_reason': 'stop', 'total_duration': 9263287632, 'load_duration': 8093927300, 'prompt_eval_count': 520, 'prompt_eval_duration': 428654578, 'eval_count': 2, 'eval_duration': 4687820}
Response: Well
Analyzing frame 15/54: q_21_main_0_30fps_frame0043.png
Prompt: Given the human reaction shown in the image, do you think the situation observed by that human ends well or poorly? (Use only one word -- well or poorly -- to answer)
Image size: 9004 bytes
Response status code: 200
{'model': 'deepseek-ocr:3b', 'created_at': '2025-12-08T09:48:54.405766364Z', 'message': {'role': 'assistant', 'content': 'Well'}, 'done': True, 'done_reason': 'stop', 'total_duration': 8744003836, 'load_duration': 7560755582, 'prompt_eval_count': 520, 'prompt_eval_duration': 424974720, 'eval_count': 2, 'eval_duration': 4196250}
Response: Well
Analyzing frame 16/54: q_21_main_0_30fps_frame0058.png
Prompt: Given the human reaction shown in the image, do you think the situation observed by that human ends well or poorly? (Use only one word -- well or poorly -- to answer)
Image size: 9052 bytes
Response status code: 200
{'model': 'deepseek-ocr:3b', 'created_at': '2025-12-08T09:49:04.357960454Z', 'message': {'role': 'assistant', 'content': 'Well'}, 'done': True, 'done_reason': 'stop', 'total_duration': 8924080765, 'load_duration': 7811744904, 'prompt_eval_count': 520, 'prompt_eval_duration': 424182367, 'eval_count': 2, 'eval_duration': 4209617}
Response: Well
Analyzing frame 17/54: q_21_main_0_30fps_frame0073.png
Prompt: Given the human reaction shown in the image, do you think the situation observed by that human ends well or poorly? (Use only one word -- well or poorly -- to answer)
Image size: 8928 bytes
Response status code: 200
{'model': 'deepseek-ocr:3b', 'created_at': '2025-12-08T09:49:14.159627907Z', 'message': {'role': 'assistant', 'content': 'Well'}, 'done': True, 'done_reason': 'stop', 'total_duration': 8774383691, 'load_duration': 7585445958, 'prompt_eval_count': 520, 'prompt_eval_duration': 424439114, 'eval_count': 2, 'eval_duration': 4270149}
Response: Well
Analyzing frame 18/54: q_21_main_0_30fps_frame0088.png
Prompt: Given the human reaction shown in the image, do you think the situation observed by that human ends well or poorly? (Use only one word -- well or poorly -- to answer)
Image size: 7992 bytes
Response status code: 200
{'model': 'deepseek-ocr:3b', 'created_at': '2025-12-08T09:49:29.347855689Z', 'message': {'role': 'assistant', 'content': 'Well'}, 'done': True, 'done_reason': 'stop', 'total_duration': 14163571068, 'load_duration': 12929775970, 'prompt_eval_count': 520, 'prompt_eval_duration': 425468110, 'eval_count': 2, 'eval_duration': 4366117}
Response: Well
Analyzing frame 19/54: q_23_main_0_30fps_frame0015.png
Prompt: Given the human reaction shown in the image, do you think the situation observed by that human ends well or poorly? (Use only one word -- well or poorly -- to answer)
Image size: 8144 bytes
Response status code: 200
{'model': 'deepseek-ocr:3b', 'created_at': '2025-12-08T09:50:13.618934733Z', 'message': {'role': 'assistant', 'content': 'Well'}, 'done': True, 'done_reason': 'stop', 'total_duration': 43205687474, 'load_duration': 41976234555, 'prompt_eval_count': 520, 'prompt_eval_duration': 421039654, 'eval_count': 2, 'eval_duration': 4233654}
Response: Well
Analyzing frame 20/54: q_23_main_0_30fps_frame0030.png
Prompt: Given the human reaction shown in the image, do you think the situation observed by that human ends well or poorly? (Use only one word -- well or poorly -- to answer)
Image size: 8092 bytes
Response status code: 200
{'model': 'deepseek-ocr:3b', 'created_at': '2025-12-08T09:50:32.629874375Z', 'message': {'role': 'assistant', 'content': 'Well'}, 'done': True, 'done_reason': 'stop', 'total_duration': 17950565641, 'load_duration': 16672793341, 'prompt_eval_count': 520, 'prompt_eval_duration': 415642331, 'eval_count': 2, 'eval_duration': 4198312}
Response: Well
Analyzing frame 21/54: q_23_main_0_30fps_frame0045.png
Prompt: Given the human reaction shown in the image, do you think the situation observed by that human ends well or poorly? (Use only one word -- well or poorly -- to answer)
Image size: 8072 bytes
Response status code: 200
{'model': 'deepseek-ocr:3b', 'created_at': '2025-12-08T09:50:56.580028719Z', 'message': {'role': 'assistant', 'content': 'Well'}, 'done': True, 'done_reason': 'stop', 'total_duration': 22880250237, 'load_duration': 21688699546, 'prompt_eval_count': 520, 'prompt_eval_duration': 422471738, 'eval_count': 2, 'eval_duration': 4185793}
Response: Well
Analyzing frame 22/54: q_23_main_0_30fps_frame0060.png
Prompt: Given the human reaction shown in the image, do you think the situation observed by that human ends well or poorly? (Use only one word -- well or poorly -- to answer)
Image size: 8060 bytes
Response status code: 200
{'model': 'deepseek-ocr:3b', 'created_at': '2025-12-08T09:51:57.109425421Z', 'message': {'role': 'assistant', 'content': 'Well'}, 'done': True, 'done_reason': 'stop', 'total_duration': 59475484225, 'load_duration': 58270050953, 'prompt_eval_count': 520, 'prompt_eval_duration': 420749666, 'eval_count': 2, 'eval_duration': 4229787}
Response: Well
Analyzing frame 23/54: q_23_main_0_30fps_frame0075.png
Prompt: Given the human reaction shown in the image, do you think the situation observed by that human ends well or poorly? (Use only one word -- well or poorly -- to answer)
Image size: 8044 bytes
Response status code: 200
{'model': 'deepseek-ocr:3b', 'created_at': '2025-12-08T09:52:22.315816533Z', 'message': {'role': 'assistant', 'content': 'Well'}, 'done': True, 'done_reason': 'stop', 'total_duration': 24129575554, 'load_duration': 22943272892, 'prompt_eval_count': 520, 'prompt_eval_duration': 425301037, 'eval_count': 2, 'eval_duration': 4209304}
Response: Well
Analyzing frame 24/54: q_23_main_0_30fps_frame0090.png
Prompt: Given the human reaction shown in the image, do you think the situation observed by that human ends well or poorly? (Use only one word -- well or poorly -- to answer)
Image size: 8052 bytes
Response status code: 200
{'model': 'deepseek-ocr:3b', 'created_at': '2025-12-08T09:53:07.149789728Z', 'message': {'role': 'assistant', 'content': 'Well'}, 'done': True, 'done_reason': 'stop', 'total_duration': 43777899290, 'load_duration': 42615732569, 'prompt_eval_count': 520, 'prompt_eval_duration': 421964472, 'eval_count': 2, 'eval_duration': 4195997}
Response: Well
Analyzing frame 25/54: q_5_main_0_30fps_frame0014.png
Prompt: Given the human reaction shown in the image, do you think the situation observed by that human ends well or poorly? (Use only one word -- well or poorly -- to answer)
Image size: 7020 bytes
Response status code: 200
{'model': 'deepseek-ocr:3b', 'created_at': '2025-12-08T09:53:44.122897783Z', 'message': {'role': 'assistant', 'content': 'Well'}, 'done': True, 'done_reason': 'stop', 'total_duration': 35912185377, 'load_duration': 34705856357, 'prompt_eval_count': 520, 'prompt_eval_duration': 432728893, 'eval_count': 2, 'eval_duration': 4196077}
Response: Well
Analyzing frame 26/54: q_5_main_0_30fps_frame0029.png
Prompt: Given the human reaction shown in the image, do you think the situation observed by that human ends well or poorly? (Use only one word -- well or poorly -- to answer)
Image size: 7016 bytes
Response status code: 200
{'model': 'deepseek-ocr:3b', 'created_at': '2025-12-08T09:54:15.918692416Z', 'message': {'role': 'assistant', 'content': 'Well'}, 'done': True, 'done_reason': 'stop', 'total_duration': 30733103700, 'load_duration': 29503953561, 'prompt_eval_count': 520, 'prompt_eval_duration': 429899214, 'eval_count': 2, 'eval_duration': 4194692}
Response: Well
Analyzing frame 27/54: q_5_main_0_30fps_frame0044.png
Prompt: Given the human reaction shown in the image, do you think the situation observed by that human ends well or poorly? (Use only one word -- well or poorly -- to answer)
Image size: 6960 bytes
Response status code: 200
{'model': 'deepseek-ocr:3b', 'created_at': '2025-12-08T09:54:25.977133039Z', 'message': {'role': 'assistant', 'content': 'Well'}, 'done': True, 'done_reason': 'stop', 'total_duration': 8997672895, 'load_duration': 7746040485, 'prompt_eval_count': 520, 'prompt_eval_duration': 445221195, 'eval_count': 2, 'eval_duration': 4457288}
Response: Well
Analyzing frame 28/54: q_5_main_0_30fps_frame0059.png
Prompt: Given the human reaction shown in the image, do you think the situation observed by that human ends well or poorly? (Use only one word -- well or poorly -- to answer)
Image size: 7000 bytes
Response status code: 200
{'model': 'deepseek-ocr:3b', 'created_at': '2025-12-08T09:54:35.774367814Z', 'message': {'role': 'assistant', 'content': 'Well'}, 'done': True, 'done_reason': 'stop', 'total_duration': 8769235271, 'load_duration': 7595802770, 'prompt_eval_count': 520, 'prompt_eval_duration': 425162715, 'eval_count': 2, 'eval_duration': 4190078}
Response: Well
Analyzing frame 29/54: q_5_main_0_30fps_frame0074.png
Prompt: Given the human reaction shown in the image, do you think the situation observed by that human ends well or poorly? (Use only one word -- well or poorly -- to answer)
Image size: 6968 bytes
Response status code: 200
{'model': 'deepseek-ocr:3b', 'created_at': '2025-12-08T09:55:30.359126407Z', 'message': {'role': 'assistant', 'content': 'Well'}, 'done': True, 'done_reason': 'stop', 'total_duration': 53559904424, 'load_duration': 52365880668, 'prompt_eval_count': 520, 'prompt_eval_duration': 444069328, 'eval_count': 2, 'eval_duration': 4217493}
Response: Well
Analyzing frame 30/54: q_5_main_0_30fps_frame0089.png
Prompt: Given the human reaction shown in the image, do you think the situation observed by that human ends well or poorly? (Use only one word -- well or poorly -- to answer)
Image size: 6916 bytes
Response status code: 200
{'model': 'deepseek-ocr:3b', 'created_at': '2025-12-08T09:56:02.103544263Z', 'message': {'role': 'assistant', 'content': 'Well'}, 'done': True, 'done_reason': 'stop', 'total_duration': 30683109483, 'load_duration': 29478044396, 'prompt_eval_count': 520, 'prompt_eval_duration': 419884727, 'eval_count': 2, 'eval_duration': 4177278}
Response: Well
Analyzing frame 31/54: q_6_main_0_30fps_frame0015.png
Prompt: Given the human reaction shown in the image, do you think the situation observed by that human ends well or poorly? (Use only one word -- well or poorly -- to answer)
Image size: 8036 bytes
Response status code: 200
{'model': 'deepseek-ocr:3b', 'created_at': '2025-12-08T09:56:20.85095653Z', 'message': {'role': 'assistant', 'content': 'Well'}, 'done': True, 'done_reason': 'stop', 'total_duration': 17689571842, 'load_duration': 16449654332, 'prompt_eval_count': 520, 'prompt_eval_duration': 452469916, 'eval_count': 2, 'eval_duration': 4459736}
Response: Well
Analyzing frame 32/54: q_6_main_0_30fps_frame0030.png
Prompt: Given the human reaction shown in the image, do you think the situation observed by that human ends well or poorly? (Use only one word -- well or poorly -- to answer)
Image size: 8044 bytes
Response status code: 200
{'model': 'deepseek-ocr:3b', 'created_at': '2025-12-08T09:56:33.769440567Z', 'message': {'role': 'assistant', 'content': 'Well'}, 'done': True, 'done_reason': 'stop', 'total_duration': 11851488285, 'load_duration': 10676886748, 'prompt_eval_count': 520, 'prompt_eval_duration': 424335579, 'eval_count': 2, 'eval_duration': 4214251}
Response: Well
Analyzing frame 33/54: q_6_main_0_30fps_frame0045.png
Prompt: Given the human reaction shown in the image, do you think the situation observed by that human ends well or poorly? (Use only one word -- well or poorly -- to answer)
Image size: 8068 bytes
Response status code: 200
{'model': 'deepseek-ocr:3b', 'created_at': '2025-12-08T09:56:43.82585049Z', 'message': {'role': 'assistant', 'content': 'Well'}, 'done': True, 'done_reason': 'stop', 'total_duration': 9000998414, 'load_duration': 7783969753, 'prompt_eval_count': 520, 'prompt_eval_duration': 449765542, 'eval_count': 2, 'eval_duration': 4419747}
Response: Well
Analyzing frame 34/54: q_6_main_0_30fps_frame0060.png
Prompt: Given the human reaction shown in the image, do you think the situation observed by that human ends well or poorly? (Use only one word -- well or poorly -- to answer)
Image size: 8032 bytes
Response status code: 200
{'model': 'deepseek-ocr:3b', 'created_at': '2025-12-08T09:56:54.337663029Z', 'message': {'role': 'assistant', 'content': 'Well'}, 'done': True, 'done_reason': 'stop', 'total_duration': 9485645100, 'load_duration': 8254962087, 'prompt_eval_count': 520, 'prompt_eval_duration': 424841446, 'eval_count': 2, 'eval_duration': 4335863}
Response: Well
Analyzing frame 35/54: q_6_main_0_30fps_frame0075.png
Prompt: Given the human reaction shown in the image, do you think the situation observed by that human ends well or poorly? (Use only one word -- well or poorly -- to answer)
Image size: 8052 bytes
Response status code: 200
{'model': 'deepseek-ocr:3b', 'created_at': '2025-12-08T09:57:04.822435112Z', 'message': {'role': 'assistant', 'content': 'Well'}, 'done': True, 'done_reason': 'stop', 'total_duration': 9459495581, 'load_duration': 8302303138, 'prompt_eval_count': 520, 'prompt_eval_duration': 415568326, 'eval_count': 2, 'eval_duration': 4308850}
Response: Well
Analyzing frame 36/54: q_6_main_0_30fps_frame0090.png
Prompt: Given the human reaction shown in the image, do you think the situation observed by that human ends well or poorly? (Use only one word -- well or poorly -- to answer)
Image size: 7976 bytes
Response status code: 200
{'model': 'deepseek-ocr:3b', 'created_at': '2025-12-08T09:57:15.699404239Z', 'message': {'role': 'assistant', 'content': 'Well'}, 'done': True, 'done_reason': 'stop', 'total_duration': 9838901437, 'load_duration': 8676461443, 'prompt_eval_count': 520, 'prompt_eval_duration': 431782856, 'eval_count': 2, 'eval_duration': 4238685}
Response: Well
Analyzing frame 37/54: q_8_main_0_30fps_frame0015.png
Prompt: Given the human reaction shown in the image, do you think the situation observed by that human ends well or poorly? (Use only one word -- well or poorly -- to answer)
Image size: 8660 bytes
Response status code: 200
{'model': 'deepseek-ocr:3b', 'created_at': '2025-12-08T09:57:25.628553013Z', 'message': {'role': 'assistant', 'content': 'Well'}, 'done': True, 'done_reason': 'stop', 'total_duration': 8872676058, 'load_duration': 7688890625, 'prompt_eval_count': 520, 'prompt_eval_duration': 424422427, 'eval_count': 2, 'eval_duration': 4210112}
Response: Well
Analyzing frame 38/54: q_8_main_0_30fps_frame0030.png
Prompt: Given the human reaction shown in the image, do you think the situation observed by that human ends well or poorly? (Use only one word -- well or poorly -- to answer)
Image size: 8544 bytes
Response status code: 200
{'model': 'deepseek-ocr:3b', 'created_at': '2025-12-08T09:57:35.440520566Z', 'message': {'role': 'assistant', 'content': 'Well'}, 'done': True, 'done_reason': 'stop', 'total_duration': 8782490694, 'load_duration': 7597330212, 'prompt_eval_count': 520, 'prompt_eval_duration': 423964187, 'eval_count': 2, 'eval_duration': 4443680}
Response: Well
Analyzing frame 39/54: q_8_main_0_30fps_frame0045.png
Prompt: Given the human reaction shown in the image, do you think the situation observed by that human ends well or poorly? (Use only one word -- well or poorly -- to answer)
Image size: 8568 bytes
Response status code: 200
{'model': 'deepseek-ocr:3b', 'created_at': '2025-12-08T09:57:45.47833662Z', 'message': {'role': 'assistant', 'content': 'Well'}, 'done': True, 'done_reason': 'stop', 'total_duration': 9012111947, 'load_duration': 7798019917, 'prompt_eval_count': 520, 'prompt_eval_duration': 423800907, 'eval_count': 2, 'eval_duration': 4180021}
Response: Well
Analyzing frame 40/54: q_8_main_0_30fps_frame0060.png
Prompt: Given the human reaction shown in the image, do you think the situation observed by that human ends well or poorly? (Use only one word -- well or poorly -- to answer)
Image size: 8692 bytes
Response status code: 200
{'model': 'deepseek-ocr:3b', 'created_at': '2025-12-08T09:57:55.401397036Z', 'message': {'role': 'assistant', 'content': 'Well'}, 'done': True, 'done_reason': 'stop', 'total_duration': 8879522480, 'load_duration': 7716915779, 'prompt_eval_count': 520, 'prompt_eval_duration': 419902146, 'eval_count': 2, 'eval_duration': 4573639}
Response: Well
Analyzing frame 41/54: q_8_main_0_30fps_frame0075.png
Prompt: Given the human reaction shown in the image, do you think the situation observed by that human ends well or poorly? (Use only one word -- well or poorly -- to answer)
Image size: 8660 bytes
Response status code: 200
{'model': 'deepseek-ocr:3b', 'created_at': '2025-12-08T09:58:17.379939852Z', 'message': {'role': 'assistant', 'content': 'Well'}, 'done': True, 'done_reason': 'stop', 'total_duration': 20949820810, 'load_duration': 19693858630, 'prompt_eval_count': 520, 'prompt_eval_duration': 422479138, 'eval_count': 2, 'eval_duration': 4223500}
Response: Well
Analyzing frame 42/54: q_8_main_0_30fps_frame0090.png
Prompt: Given the human reaction shown in the image, do you think the situation observed by that human ends well or poorly? (Use only one word -- well or poorly -- to answer)
Image size: 8552 bytes
Response status code: 200
{'model': 'deepseek-ocr:3b', 'created_at': '2025-12-08T09:58:56.567993967Z', 'message': {'role': 'assistant', 'content': 'Well'}, 'done': True, 'done_reason': 'stop', 'total_duration': 38140192878, 'load_duration': 36983750637, 'prompt_eval_count': 520, 'prompt_eval_duration': 411110641, 'eval_count': 2, 'eval_duration': 4215931}
Response: Well
Analyzing frame 43/54: q_9_main_1_30fps_frame0014.png
Prompt: Given the human reaction shown in the image, do you think the situation observed by that human ends well or poorly? (Use only one word -- well or poorly -- to answer)
Image size: 8080 bytes
Response status code: 200
{'model': 'deepseek-ocr:3b', 'created_at': '2025-12-08T09:59:58.514782186Z', 'message': {'role': 'assistant', 'content': 'Well'}, 'done': True, 'done_reason': 'stop', 'total_duration': 60909154424, 'load_duration': 59597758973, 'prompt_eval_count': 520, 'prompt_eval_duration': 479686697, 'eval_count': 2, 'eval_duration': 4400015}
Response: Well
Analyzing frame 44/54: q_9_main_1_30fps_frame0029.png
Prompt: Given the human reaction shown in the image, do you think the situation observed by that human ends well or poorly? (Use only one word -- well or poorly -- to answer)
Image size: 8088 bytes
Response status code: 200
{'model': 'deepseek-ocr:3b', 'created_at': '2025-12-08T10:00:16.445525182Z', 'message': {'role': 'assistant', 'content': 'Well'}, 'done': True, 'done_reason': 'stop', 'total_duration': 16867856010, 'load_duration': 15601476748, 'prompt_eval_count': 520, 'prompt_eval_duration': 418214220, 'eval_count': 2, 'eval_duration': 4362403}
Response: Well
Analyzing frame 45/54: q_9_main_1_30fps_frame0044.png
Prompt: Given the human reaction shown in the image, do you think the situation observed by that human ends well or poorly? (Use only one word -- well or poorly -- to answer)
Image size: 8068 bytes
Response status code: 200
{'model': 'deepseek-ocr:3b', 'created_at': '2025-12-08T10:00:36.034878392Z', 'message': {'role': 'assistant', 'content': 'Well'}, 'done': True, 'done_reason': 'stop', 'total_duration': 18528129512, 'load_duration': 17310409466, 'prompt_eval_count': 520, 'prompt_eval_duration': 421986217, 'eval_count': 2, 'eval_duration': 4317232}
Response: Well
Analyzing frame 46/54: q_9_main_1_30fps_frame0059.png
Prompt: Given the human reaction shown in the image, do you think the situation observed by that human ends well or poorly? (Use only one word -- well or poorly -- to answer)
Image size: 7972 bytes
Response status code: 200
{'model': 'deepseek-ocr:3b', 'created_at': '2025-12-08T10:00:52.481208322Z', 'message': {'role': 'assistant', 'content': 'Well'}, 'done': True, 'done_reason': 'stop', 'total_duration': 15387288213, 'load_duration': 14262282854, 'prompt_eval_count': 520, 'prompt_eval_duration': 420303602, 'eval_count': 2, 'eval_duration': 4255819}
Response: Well
Analyzing frame 47/54: q_9_main_1_30fps_frame0074.png
Prompt: Given the human reaction shown in the image, do you think the situation observed by that human ends well or poorly? (Use only one word -- well or poorly -- to answer)
Image size: 7976 bytes
Response status code: 200
{'model': 'deepseek-ocr:3b', 'created_at': '2025-12-08T10:01:45.727424269Z', 'message': {'role': 'assistant', 'content': 'Well'}, 'done': True, 'done_reason': 'stop', 'total_duration': 52187219621, 'load_duration': 51003946647, 'prompt_eval_count': 520, 'prompt_eval_duration': 423336380, 'eval_count': 2, 'eval_duration': 4236802}
Response: Well
Analyzing frame 48/54: q_9_main_1_30fps_frame0089.png
Prompt: Given the human reaction shown in the image, do you think the situation observed by that human ends well or poorly? (Use only one word -- well or poorly -- to answer)
Image size: 7912 bytes
Response status code: 200
{'model': 'deepseek-ocr:3b', 'created_at': '2025-12-08T10:02:33.406166359Z', 'message': {'role': 'assistant', 'content': 'Well'}, 'done': True, 'done_reason': 'stop', 'total_duration': 46627760457, 'load_duration': 45369753870, 'prompt_eval_count': 520, 'prompt_eval_duration': 447743074, 'eval_count': 2, 'eval_duration': 4187061}
Response: Well
Analyzing frame 49/54: q_warmup_3_main_0_30fps_frame0014.png
Prompt: Given the human reaction shown in the image, do you think the situation observed by that human ends well or poorly? (Use only one word -- well or poorly -- to answer)
Image size: 7364 bytes
Response status code: 200
{'model': 'deepseek-ocr:3b', 'created_at': '2025-12-08T10:03:22.82537026Z', 'message': {'role': 'assistant', 'content': 'Well'}, 'done': True, 'done_reason': 'stop', 'total_duration': 48358363662, 'load_duration': 47099239778, 'prompt_eval_count': 520, 'prompt_eval_duration': 501386923, 'eval_count': 2, 'eval_duration': 4210014}
Response: Well
Analyzing frame 50/54: q_warmup_3_main_0_30fps_frame0029.png
Prompt: Given the human reaction shown in the image, do you think the situation observed by that human ends well or poorly? (Use only one word -- well or poorly -- to answer)
Image size: 7408 bytes
Response status code: 200
{'model': 'deepseek-ocr:3b', 'created_at': '2025-12-08T10:03:40.901539039Z', 'message': {'role': 'assistant', 'content': 'Well'}, 'done': True, 'done_reason': 'stop', 'total_duration': 17013216138, 'load_duration': 15767947409, 'prompt_eval_count': 520, 'prompt_eval_duration': 420359664, 'eval_count': 2, 'eval_duration': 4692729}
Response: Well
Analyzing frame 51/54: q_warmup_3_main_0_30fps_frame0044.png
Prompt: Given the human reaction shown in the image, do you think the situation observed by that human ends well or poorly? (Use only one word -- well or poorly -- to answer)
Image size: 7464 bytes
Response status code: 200
{'model': 'deepseek-ocr:3b', 'created_at': '2025-12-08T10:03:56.408127851Z', 'message': {'role': 'assistant', 'content': 'Well'}, 'done': True, 'done_reason': 'stop', 'total_duration': 14449377156, 'load_duration': 13284280355, 'prompt_eval_count': 520, 'prompt_eval_duration': 423217174, 'eval_count': 2, 'eval_duration': 4195096}
Response: Well
Analyzing frame 52/54: q_warmup_3_main_0_30fps_frame0059.png
Prompt: Given the human reaction shown in the image, do you think the situation observed by that human ends well or poorly? (Use only one word -- well or poorly -- to answer)
Image size: 7392 bytes
Response status code: 200
{'model': 'deepseek-ocr:3b', 'created_at': '2025-12-08T10:04:06.390103473Z', 'message': {'role': 'assistant', 'content': 'Well'}, 'done': True, 'done_reason': 'stop', 'total_duration': 8931285373, 'load_duration': 7740282105, 'prompt_eval_count': 520, 'prompt_eval_duration': 430246376, 'eval_count': 2, 'eval_duration': 4832686}
Response: Well
Analyzing frame 53/54: q_warmup_3_main_0_30fps_frame0074.png
Prompt: Given the human reaction shown in the image, do you think the situation observed by that human ends well or poorly? (Use only one word -- well or poorly -- to answer)
Image size: 7352 bytes
Response status code: 200
{'model': 'deepseek-ocr:3b', 'created_at': '2025-12-08T10:04:29.318175887Z', 'message': {'role': 'assistant', 'content': 'Well'}, 'done': True, 'done_reason': 'stop', 'total_duration': 21902501271, 'load_duration': 20716118069, 'prompt_eval_count': 520, 'prompt_eval_duration': 423745190, 'eval_count': 2, 'eval_duration': 4210124}
Response: Well
Analyzing frame 54/54: q_warmup_3_main_0_30fps_frame0089.png
Prompt: Given the human reaction shown in the image, do you think the situation observed by that human ends well or poorly? (Use only one word -- well or poorly -- to answer)
Image size: 7396 bytes
Response status code: 200
{'model': 'deepseek-ocr:3b', 'created_at': '2025-12-08T10:05:25.257726473Z', 'message': {'role': 'assistant', 'content': 'Well'}, 'done': True, 'done_reason': 'stop', 'total_duration': 54875268055, 'load_duration': 53612414510, 'prompt_eval_count': 520, 'prompt_eval_duration': 442445638, 'eval_count': 2, 'eval_duration': 4452503}
Response: Well
Processed 54 frames for participant 9941

Results saved to ./results/results_deepseek-ocr_3s.csv
Total frames in CSV: 4836

Results saved to ./results/results_deepseek-ocr_3s.csv
Total frames in CSV: 4836

==================================================
Analysis complete!
Total frames now in CSV: 4836
