nohup: ignoring input
Starting frame analysis with gemma3...
Frames folder: ../../../data/new_reactions/image_dataset_3s/
Output CSV: ./results/results_gemma3_3s.csv
Prompt: Given the human reaction shown in the image, do you think the situation observed by that human ends well or poorly? (Use only one word -- well or poorly -- to answer)
Found 30 participants
Total frames: 3312

==================================================
Processing participant 1/30

Processing participant: 1048
Found 96 frames
Analyzing frame 1/96: q_10_main_0_30fps_frame0015.png
Prompt: Given the human reaction shown in the image, do you think the situation observed by that human ends well or poorly? (Use only one word -- well or poorly -- to answer)
Image size: 19344 bytes
Response status code: 200
{'model': 'gemma3', 'created_at': '2025-12-01T19:27:54.850340021Z', 'message': {'role': 'assistant', 'content': 'Poorly'}, 'done': True, 'done_reason': 'stop', 'total_duration': 1580139323, 'load_duration': 260705109, 'prompt_eval_count': 305, 'prompt_eval_duration': 76897397, 'eval_count': 3, 'eval_duration': 20827986}
Response: Poorly
Analyzing frame 2/96: q_10_main_0_30fps_frame0030.png
Prompt: Given the human reaction shown in the image, do you think the situation observed by that human ends well or poorly? (Use only one word -- well or poorly -- to answer)
Image size: 19352 bytes
Response status code: 200
{'model': 'gemma3', 'created_at': '2025-12-01T19:28:05.048924355Z', 'message': {'role': 'assistant', 'content': 'Poorly'}, 'done': True, 'done_reason': 'stop', 'total_duration': 9164619707, 'load_duration': 7291752333, 'prompt_eval_count': 305, 'prompt_eval_duration': 76488102, 'eval_count': 3, 'eval_duration': 18483429}
Response: Poorly
Analyzing frame 3/96: q_10_main_0_30fps_frame0045.png
Prompt: Given the human reaction shown in the image, do you think the situation observed by that human ends well or poorly? (Use only one word -- well or poorly -- to answer)
Image size: 19300 bytes
Response status code: 200
{'model': 'gemma3', 'created_at': '2025-12-01T19:28:15.180825762Z', 'message': {'role': 'assistant', 'content': 'Poorly'}, 'done': True, 'done_reason': 'stop', 'total_duration': 9087329933, 'load_duration': 7226072911, 'prompt_eval_count': 305, 'prompt_eval_duration': 76661972, 'eval_count': 3, 'eval_duration': 18419231}
Response: Poorly
Analyzing frame 4/96: q_10_main_0_30fps_frame0060.png
Prompt: Given the human reaction shown in the image, do you think the situation observed by that human ends well or poorly? (Use only one word -- well or poorly -- to answer)
Image size: 19284 bytes
Response status code: 200
{'model': 'gemma3', 'created_at': '2025-12-01T19:28:25.38018541Z', 'message': {'role': 'assistant', 'content': 'Poorly'}, 'done': True, 'done_reason': 'stop', 'total_duration': 9167620739, 'load_duration': 7281841963, 'prompt_eval_count': 305, 'prompt_eval_duration': 89040523, 'eval_count': 3, 'eval_duration': 18534511}
Response: Poorly
Analyzing frame 5/96: q_10_main_0_30fps_frame0075.png
Prompt: Given the human reaction shown in the image, do you think the situation observed by that human ends well or poorly? (Use only one word -- well or poorly -- to answer)
Image size: 19344 bytes
Response status code: 200
{'model': 'gemma3', 'created_at': '2025-12-01T19:28:35.719288466Z', 'message': {'role': 'assistant', 'content': 'Poorly'}, 'done': True, 'done_reason': 'stop', 'total_duration': 9282339435, 'load_duration': 7460793925, 'prompt_eval_count': 305, 'prompt_eval_duration': 77894927, 'eval_count': 3, 'eval_duration': 18365538}
Response: Poorly
Analyzing frame 6/96: q_10_main_0_30fps_frame0090.png
Prompt: Given the human reaction shown in the image, do you think the situation observed by that human ends well or poorly? (Use only one word -- well or poorly -- to answer)
Image size: 19320 bytes
Response status code: 200
{'model': 'gemma3', 'created_at': '2025-12-01T19:28:46.042070294Z', 'message': {'role': 'assistant', 'content': 'Poorly'}, 'done': True, 'done_reason': 'stop', 'total_duration': 9290877761, 'load_duration': 7446641028, 'prompt_eval_count': 305, 'prompt_eval_duration': 76991189, 'eval_count': 3, 'eval_duration': 18422100}
Response: Poorly
Analyzing frame 7/96: q_12_main_1_30fps_frame0015.png
Prompt: Given the human reaction shown in the image, do you think the situation observed by that human ends well or poorly? (Use only one word -- well or poorly -- to answer)
Image size: 19052 bytes
Response status code: 200
{'model': 'gemma3', 'created_at': '2025-12-01T19:28:56.426738334Z', 'message': {'role': 'assistant', 'content': 'Poorly'}, 'done': True, 'done_reason': 'stop', 'total_duration': 9318992166, 'load_duration': 7470237880, 'prompt_eval_count': 305, 'prompt_eval_duration': 76519914, 'eval_count': 3, 'eval_duration': 18363718}
Response: Poorly
Analyzing frame 8/96: q_12_main_1_30fps_frame0030.png
Prompt: Given the human reaction shown in the image, do you think the situation observed by that human ends well or poorly? (Use only one word -- well or poorly -- to answer)
Image size: 19096 bytes
Response status code: 200
{'model': 'gemma3', 'created_at': '2025-12-01T19:29:06.689344549Z', 'message': {'role': 'assistant', 'content': 'Poorly'}, 'done': True, 'done_reason': 'stop', 'total_duration': 9231503298, 'load_duration': 7312584239, 'prompt_eval_count': 305, 'prompt_eval_duration': 76579478, 'eval_count': 3, 'eval_duration': 19052074}
Response: Poorly
Analyzing frame 9/96: q_12_main_1_30fps_frame0045.png
Prompt: Given the human reaction shown in the image, do you think the situation observed by that human ends well or poorly? (Use only one word -- well or poorly -- to answer)
Image size: 19104 bytes
Response status code: 200
{'model': 'gemma3', 'created_at': '2025-12-01T19:29:17.063234075Z', 'message': {'role': 'assistant', 'content': 'Poorly'}, 'done': True, 'done_reason': 'stop', 'total_duration': 9333877166, 'load_duration': 7470772974, 'prompt_eval_count': 305, 'prompt_eval_duration': 77047226, 'eval_count': 3, 'eval_duration': 22197114}
Response: Poorly
Analyzing frame 10/96: q_12_main_1_30fps_frame0060.png
Prompt: Given the human reaction shown in the image, do you think the situation observed by that human ends well or poorly? (Use only one word -- well or poorly -- to answer)
Image size: 19060 bytes
Response status code: 200
{'model': 'gemma3', 'created_at': '2025-12-01T19:29:27.360830746Z', 'message': {'role': 'assistant', 'content': 'Poorly'}, 'done': True, 'done_reason': 'stop', 'total_duration': 9265809155, 'load_duration': 7423049124, 'prompt_eval_count': 305, 'prompt_eval_duration': 76603611, 'eval_count': 3, 'eval_duration': 18419132}
Response: Poorly
Analyzing frame 11/96: q_12_main_1_30fps_frame0075.png
Prompt: Given the human reaction shown in the image, do you think the situation observed by that human ends well or poorly? (Use only one word -- well or poorly -- to answer)
Image size: 19088 bytes
Response status code: 200
{'model': 'gemma3', 'created_at': '2025-12-01T19:29:37.819987366Z', 'message': {'role': 'assistant', 'content': 'Poorly'}, 'done': True, 'done_reason': 'stop', 'total_duration': 9424153386, 'load_duration': 7575470243, 'prompt_eval_count': 305, 'prompt_eval_duration': 76695490, 'eval_count': 3, 'eval_duration': 18528454}
Response: Poorly
Analyzing frame 12/96: q_12_main_1_30fps_frame0090.png
Prompt: Given the human reaction shown in the image, do you think the situation observed by that human ends well or poorly? (Use only one word -- well or poorly -- to answer)
Image size: 19084 bytes
Response status code: 200
{'model': 'gemma3', 'created_at': '2025-12-01T19:29:48.286753183Z', 'message': {'role': 'assistant', 'content': 'Poorly'}, 'done': True, 'done_reason': 'stop', 'total_duration': 9438515389, 'load_duration': 7536325598, 'prompt_eval_count': 305, 'prompt_eval_duration': 77396190, 'eval_count': 3, 'eval_duration': 18888097}
Response: Poorly
Analyzing frame 13/96: q_14_main_0_30fps_frame0014.png
Prompt: Given the human reaction shown in the image, do you think the situation observed by that human ends well or poorly? (Use only one word -- well or poorly -- to answer)
Image size: 19060 bytes
Response status code: 200
{'model': 'gemma3', 'created_at': '2025-12-01T19:29:58.503555842Z', 'message': {'role': 'assistant', 'content': 'Poorly'}, 'done': True, 'done_reason': 'stop', 'total_duration': 9169422502, 'load_duration': 7277144805, 'prompt_eval_count': 305, 'prompt_eval_duration': 76660498, 'eval_count': 3, 'eval_duration': 18970726}
Response: Poorly
Analyzing frame 14/96: q_14_main_0_30fps_frame0029.png
Prompt: Given the human reaction shown in the image, do you think the situation observed by that human ends well or poorly? (Use only one word -- well or poorly -- to answer)
Image size: 18948 bytes
Response status code: 200
{'model': 'gemma3', 'created_at': '2025-12-01T19:30:08.955765238Z', 'message': {'role': 'assistant', 'content': 'Poorly'}, 'done': True, 'done_reason': 'stop', 'total_duration': 9420939721, 'load_duration': 7563612932, 'prompt_eval_count': 305, 'prompt_eval_duration': 76758911, 'eval_count': 3, 'eval_duration': 18329957}
Response: Poorly
Analyzing frame 15/96: q_14_main_0_30fps_frame0044.png
Prompt: Given the human reaction shown in the image, do you think the situation observed by that human ends well or poorly? (Use only one word -- well or poorly -- to answer)
Image size: 18908 bytes
Response status code: 200
{'model': 'gemma3', 'created_at': '2025-12-01T19:30:19.363003567Z', 'message': {'role': 'assistant', 'content': 'Poorly'}, 'done': True, 'done_reason': 'stop', 'total_duration': 9360903898, 'load_duration': 7500687715, 'prompt_eval_count': 305, 'prompt_eval_duration': 76922601, 'eval_count': 3, 'eval_duration': 18917653}
Response: Poorly
Analyzing frame 16/96: q_14_main_0_30fps_frame0059.png
Prompt: Given the human reaction shown in the image, do you think the situation observed by that human ends well or poorly? (Use only one word -- well or poorly -- to answer)
Image size: 18952 bytes
Response status code: 200
{'model': 'gemma3', 'created_at': '2025-12-01T19:30:29.604348516Z', 'message': {'role': 'assistant', 'content': 'Poorly'}, 'done': True, 'done_reason': 'stop', 'total_duration': 9208726853, 'load_duration': 7339120856, 'prompt_eval_count': 305, 'prompt_eval_duration': 76681243, 'eval_count': 3, 'eval_duration': 18458497}
Response: Poorly
Analyzing frame 17/96: q_14_main_0_30fps_frame0074.png
Prompt: Given the human reaction shown in the image, do you think the situation observed by that human ends well or poorly? (Use only one word -- well or poorly -- to answer)
Image size: 18744 bytes
Response status code: 200
{'model': 'gemma3', 'created_at': '2025-12-01T19:30:39.603327355Z', 'message': {'role': 'assistant', 'content': 'Poorly'}, 'done': True, 'done_reason': 'stop', 'total_duration': 8950983887, 'load_duration': 7089478168, 'prompt_eval_count': 305, 'prompt_eval_duration': 76557853, 'eval_count': 3, 'eval_duration': 20137598}
Response: Poorly
Analyzing frame 18/96: q_14_main_0_30fps_frame0089.png
Prompt: Given the human reaction shown in the image, do you think the situation observed by that human ends well or poorly? (Use only one word -- well or poorly -- to answer)
Image size: 18720 bytes
Response status code: 200
{'model': 'gemma3', 'created_at': '2025-12-01T19:30:49.902414552Z', 'message': {'role': 'assistant', 'content': 'Poorly'}, 'done': True, 'done_reason': 'stop', 'total_duration': 9272446499, 'load_duration': 7400174234, 'prompt_eval_count': 305, 'prompt_eval_duration': 76456586, 'eval_count': 3, 'eval_duration': 18451016}
Response: Poorly
Analyzing frame 19/96: q_15_main_1_30fps_frame0013.png
Prompt: Given the human reaction shown in the image, do you think the situation observed by that human ends well or poorly? (Use only one word -- well or poorly -- to answer)
Image size: 19108 bytes
Response status code: 200
{'model': 'gemma3', 'created_at': '2025-12-01T19:31:00.06289638Z', 'message': {'role': 'assistant', 'content': 'Poorly'}, 'done': True, 'done_reason': 'stop', 'total_duration': 9115169447, 'load_duration': 7249818843, 'prompt_eval_count': 305, 'prompt_eval_duration': 76392863, 'eval_count': 3, 'eval_duration': 18408399}
Response: Poorly
Analyzing frame 20/96: q_15_main_1_30fps_frame0028.png
Prompt: Given the human reaction shown in the image, do you think the situation observed by that human ends well or poorly? (Use only one word -- well or poorly -- to answer)
Image size: 19148 bytes
Response status code: 200
{'model': 'gemma3', 'created_at': '2025-12-01T19:31:10.43398141Z', 'message': {'role': 'assistant', 'content': 'Poorly'}, 'done': True, 'done_reason': 'stop', 'total_duration': 9336718432, 'load_duration': 7492830088, 'prompt_eval_count': 305, 'prompt_eval_duration': 76493190, 'eval_count': 3, 'eval_duration': 18453614}
Response: Poorly
Analyzing frame 21/96: q_15_main_1_30fps_frame0043.png
Prompt: Given the human reaction shown in the image, do you think the situation observed by that human ends well or poorly? (Use only one word -- well or poorly -- to answer)
Image size: 19164 bytes
Response status code: 200
{'model': 'gemma3', 'created_at': '2025-12-01T19:31:20.811502367Z', 'message': {'role': 'assistant', 'content': 'Poorly'}, 'done': True, 'done_reason': 'stop', 'total_duration': 9333651688, 'load_duration': 7467752764, 'prompt_eval_count': 305, 'prompt_eval_duration': 76231437, 'eval_count': 3, 'eval_duration': 18997569}
Response: Poorly
Analyzing frame 22/96: q_15_main_1_30fps_frame0058.png
Prompt: Given the human reaction shown in the image, do you think the situation observed by that human ends well or poorly? (Use only one word -- well or poorly -- to answer)
Image size: 19012 bytes
Response status code: 200
{'model': 'gemma3', 'created_at': '2025-12-01T19:31:31.04314609Z', 'message': {'role': 'assistant', 'content': 'Poorly'}, 'done': True, 'done_reason': 'stop', 'total_duration': 9200438957, 'load_duration': 7341003961, 'prompt_eval_count': 305, 'prompt_eval_duration': 76691456, 'eval_count': 3, 'eval_duration': 19980010}
Response: Poorly
Analyzing frame 23/96: q_15_main_1_30fps_frame0073.png
Prompt: Given the human reaction shown in the image, do you think the situation observed by that human ends well or poorly? (Use only one word -- well or poorly -- to answer)
Image size: 18984 bytes
Response status code: 200
{'model': 'gemma3', 'created_at': '2025-12-01T19:31:41.353477434Z', 'message': {'role': 'assistant', 'content': 'Poorly'}, 'done': True, 'done_reason': 'stop', 'total_duration': 9240964684, 'load_duration': 7341692062, 'prompt_eval_count': 305, 'prompt_eval_duration': 76402718, 'eval_count': 3, 'eval_duration': 18365336}
Response: Poorly
Analyzing frame 24/96: q_15_main_1_30fps_frame0088.png
Prompt: Given the human reaction shown in the image, do you think the situation observed by that human ends well or poorly? (Use only one word -- well or poorly -- to answer)
Image size: 18976 bytes
Response status code: 200
{'model': 'gemma3', 'created_at': '2025-12-01T19:31:51.512297057Z', 'message': {'role': 'assistant', 'content': 'Poorly'}, 'done': True, 'done_reason': 'stop', 'total_duration': 9127562191, 'load_duration': 7262651121, 'prompt_eval_count': 305, 'prompt_eval_duration': 76338641, 'eval_count': 3, 'eval_duration': 18440338}
Response: Poorly
Analyzing frame 25/96: q_17_main_1_30fps_frame0013.png
Prompt: Given the human reaction shown in the image, do you think the situation observed by that human ends well or poorly? (Use only one word -- well or poorly -- to answer)
Image size: 19356 bytes
Response status code: 200
{'model': 'gemma3', 'created_at': '2025-12-01T19:32:01.825748405Z', 'message': {'role': 'assistant', 'content': 'Poorly'}, 'done': True, 'done_reason': 'stop', 'total_duration': 9239514999, 'load_duration': 7345770408, 'prompt_eval_count': 305, 'prompt_eval_duration': 76271916, 'eval_count': 3, 'eval_duration': 18353764}
Response: Poorly
Analyzing frame 26/96: q_17_main_1_30fps_frame0028.png
Prompt: Given the human reaction shown in the image, do you think the situation observed by that human ends well or poorly? (Use only one word -- well or poorly -- to answer)
Image size: 19416 bytes
Response status code: 200
{'model': 'gemma3', 'created_at': '2025-12-01T19:32:12.006060343Z', 'message': {'role': 'assistant', 'content': 'Poorly'}, 'done': True, 'done_reason': 'stop', 'total_duration': 9151537084, 'load_duration': 7273410953, 'prompt_eval_count': 305, 'prompt_eval_duration': 77043921, 'eval_count': 3, 'eval_duration': 18756928}
Response: Poorly
Analyzing frame 27/96: q_17_main_1_30fps_frame0043.png
Prompt: Given the human reaction shown in the image, do you think the situation observed by that human ends well or poorly? (Use only one word -- well or poorly -- to answer)
Image size: 19392 bytes
Response status code: 200
{'model': 'gemma3', 'created_at': '2025-12-01T19:32:22.22707128Z', 'message': {'role': 'assistant', 'content': 'Poorly'}, 'done': True, 'done_reason': 'stop', 'total_duration': 9177079595, 'load_duration': 7291874314, 'prompt_eval_count': 305, 'prompt_eval_duration': 76757595, 'eval_count': 3, 'eval_duration': 18438248}
Response: Poorly
Analyzing frame 28/96: q_17_main_1_30fps_frame0058.png
Prompt: Given the human reaction shown in the image, do you think the situation observed by that human ends well or poorly? (Use only one word -- well or poorly -- to answer)
Image size: 19432 bytes
Response status code: 200
{'model': 'gemma3', 'created_at': '2025-12-01T19:32:32.457631633Z', 'message': {'role': 'assistant', 'content': 'Poorly'}, 'done': True, 'done_reason': 'stop', 'total_duration': 9202168486, 'load_duration': 7359097318, 'prompt_eval_count': 305, 'prompt_eval_duration': 76454445, 'eval_count': 3, 'eval_duration': 20718638}
Response: Poorly
Analyzing frame 29/96: q_17_main_1_30fps_frame0073.png
Prompt: Given the human reaction shown in the image, do you think the situation observed by that human ends well or poorly? (Use only one word -- well or poorly -- to answer)
Image size: 19424 bytes
Response status code: 200
{'model': 'gemma3', 'created_at': '2025-12-01T19:32:42.79350554Z', 'message': {'role': 'assistant', 'content': 'Poorly'}, 'done': True, 'done_reason': 'stop', 'total_duration': 9302778396, 'load_duration': 7430152429, 'prompt_eval_count': 305, 'prompt_eval_duration': 76638411, 'eval_count': 3, 'eval_duration': 18323417}
Response: Poorly
Analyzing frame 30/96: q_17_main_1_30fps_frame0088.png
Prompt: Given the human reaction shown in the image, do you think the situation observed by that human ends well or poorly? (Use only one word -- well or poorly -- to answer)
Image size: 19352 bytes
Response status code: 200
{'model': 'gemma3', 'created_at': '2025-12-01T19:32:53.040542467Z', 'message': {'role': 'assistant', 'content': 'Poorly'}, 'done': True, 'done_reason': 'stop', 'total_duration': 9214219928, 'load_duration': 7380441801, 'prompt_eval_count': 305, 'prompt_eval_duration': 77033815, 'eval_count': 3, 'eval_duration': 18886194}
Response: Poorly
Analyzing frame 31/96: q_20_main_0_30fps_frame0014.png
Prompt: Given the human reaction shown in the image, do you think the situation observed by that human ends well or poorly? (Use only one word -- well or poorly -- to answer)
Image size: 19088 bytes
Response status code: 200
{'model': 'gemma3', 'created_at': '2025-12-01T19:33:03.383726954Z', 'message': {'role': 'assistant', 'content': 'Poorly'}, 'done': True, 'done_reason': 'stop', 'total_duration': 9302973803, 'load_duration': 7445541253, 'prompt_eval_count': 305, 'prompt_eval_duration': 75757745, 'eval_count': 3, 'eval_duration': 18370517}
Response: Poorly
Analyzing frame 32/96: q_20_main_0_30fps_frame0029.png
Prompt: Given the human reaction shown in the image, do you think the situation observed by that human ends well or poorly? (Use only one word -- well or poorly -- to answer)
Image size: 18976 bytes
Response status code: 200
{'model': 'gemma3', 'created_at': '2025-12-01T19:33:13.850639146Z', 'message': {'role': 'assistant', 'content': 'Poorly'}, 'done': True, 'done_reason': 'stop', 'total_duration': 9438392198, 'load_duration': 7529779833, 'prompt_eval_count': 305, 'prompt_eval_duration': 77029882, 'eval_count': 3, 'eval_duration': 22213641}
Response: Poorly
Analyzing frame 33/96: q_20_main_0_30fps_frame0044.png
Prompt: Given the human reaction shown in the image, do you think the situation observed by that human ends well or poorly? (Use only one word -- well or poorly -- to answer)
Image size: 19024 bytes
Response status code: 200
{'model': 'gemma3', 'created_at': '2025-12-01T19:33:24.054840812Z', 'message': {'role': 'assistant', 'content': 'Well'}, 'done': True, 'done_reason': 'stop', 'total_duration': 9158743255, 'load_duration': 7299326764, 'prompt_eval_count': 305, 'prompt_eval_duration': 76106529, 'eval_count': 2, 'eval_duration': 9356084}
Response: Well
Analyzing frame 34/96: q_20_main_0_30fps_frame0059.png
Prompt: Given the human reaction shown in the image, do you think the situation observed by that human ends well or poorly? (Use only one word -- well or poorly -- to answer)
Image size: 18984 bytes
Response status code: 200
{'model': 'gemma3', 'created_at': '2025-12-01T19:33:34.352754172Z', 'message': {'role': 'assistant', 'content': 'Poorly'}, 'done': True, 'done_reason': 'stop', 'total_duration': 9265420516, 'load_duration': 7442459699, 'prompt_eval_count': 305, 'prompt_eval_duration': 76520889, 'eval_count': 3, 'eval_duration': 18836745}
Response: Poorly
Analyzing frame 35/96: q_20_main_0_30fps_frame0074.png
Prompt: Given the human reaction shown in the image, do you think the situation observed by that human ends well or poorly? (Use only one word -- well or poorly -- to answer)
Image size: 18548 bytes
Response status code: 200
{'model': 'gemma3', 'created_at': '2025-12-01T19:33:44.672976392Z', 'message': {'role': 'assistant', 'content': 'Poorly'}, 'done': True, 'done_reason': 'stop', 'total_duration': 9278089444, 'load_duration': 7399734888, 'prompt_eval_count': 305, 'prompt_eval_duration': 76392163, 'eval_count': 3, 'eval_duration': 18815761}
Response: Poorly
Analyzing frame 36/96: q_20_main_0_30fps_frame0089.png
Prompt: Given the human reaction shown in the image, do you think the situation observed by that human ends well or poorly? (Use only one word -- well or poorly -- to answer)
Image size: 18828 bytes
Response status code: 200
{'model': 'gemma3', 'created_at': '2025-12-01T19:33:54.912733632Z', 'message': {'role': 'assistant', 'content': 'Poorly'}, 'done': True, 'done_reason': 'stop', 'total_duration': 9210308023, 'load_duration': 7369263027, 'prompt_eval_count': 305, 'prompt_eval_duration': 76988420, 'eval_count': 3, 'eval_duration': 22305949}
Response: Poorly
Analyzing frame 37/96: q_23_main_0_30fps_frame0014.png
Prompt: Given the human reaction shown in the image, do you think the situation observed by that human ends well or poorly? (Use only one word -- well or poorly -- to answer)
Image size: 19164 bytes
Response status code: 200
{'model': 'gemma3', 'created_at': '2025-12-01T19:34:05.23784564Z', 'message': {'role': 'assistant', 'content': 'Poorly'}, 'done': True, 'done_reason': 'stop', 'total_duration': 9277280866, 'load_duration': 7374111388, 'prompt_eval_count': 305, 'prompt_eval_duration': 77285987, 'eval_count': 3, 'eval_duration': 18354071}
Response: Poorly
Analyzing frame 38/96: q_23_main_0_30fps_frame0029.png
Prompt: Given the human reaction shown in the image, do you think the situation observed by that human ends well or poorly? (Use only one word -- well or poorly -- to answer)
Image size: 19188 bytes
Response status code: 200
{'model': 'gemma3', 'created_at': '2025-12-01T19:34:15.591657815Z', 'message': {'role': 'assistant', 'content': 'Poorly'}, 'done': True, 'done_reason': 'stop', 'total_duration': 9325938559, 'load_duration': 7466758623, 'prompt_eval_count': 305, 'prompt_eval_duration': 76331948, 'eval_count': 3, 'eval_duration': 18402136}
Response: Poorly
Analyzing frame 39/96: q_23_main_0_30fps_frame0044.png
Prompt: Given the human reaction shown in the image, do you think the situation observed by that human ends well or poorly? (Use only one word -- well or poorly -- to answer)
Image size: 19236 bytes
Response status code: 200
{'model': 'gemma3', 'created_at': '2025-12-01T19:34:25.80856347Z', 'message': {'role': 'assistant', 'content': 'Poorly'}, 'done': True, 'done_reason': 'stop', 'total_duration': 9150409684, 'load_duration': 7305717726, 'prompt_eval_count': 305, 'prompt_eval_duration': 84186627, 'eval_count': 3, 'eval_duration': 18480941}
Response: Poorly
Analyzing frame 40/96: q_23_main_0_30fps_frame0059.png
Prompt: Given the human reaction shown in the image, do you think the situation observed by that human ends well or poorly? (Use only one word -- well or poorly -- to answer)
Image size: 19156 bytes
Response status code: 200
{'model': 'gemma3', 'created_at': '2025-12-01T19:34:35.909999079Z', 'message': {'role': 'assistant', 'content': 'Poorly'}, 'done': True, 'done_reason': 'stop', 'total_duration': 9069830940, 'load_duration': 7200534308, 'prompt_eval_count': 305, 'prompt_eval_duration': 76672151, 'eval_count': 3, 'eval_duration': 18460755}
Response: Poorly
Analyzing frame 41/96: q_23_main_0_30fps_frame0074.png
Prompt: Given the human reaction shown in the image, do you think the situation observed by that human ends well or poorly? (Use only one word -- well or poorly -- to answer)
Image size: 19168 bytes
Response status code: 200
{'model': 'gemma3', 'created_at': '2025-12-01T19:34:46.053547969Z', 'message': {'role': 'assistant', 'content': 'Poorly'}, 'done': True, 'done_reason': 'stop', 'total_duration': 9105386681, 'load_duration': 7249683944, 'prompt_eval_count': 305, 'prompt_eval_duration': 76783063, 'eval_count': 3, 'eval_duration': 18436168}
Response: Poorly
Analyzing frame 42/96: q_23_main_0_30fps_frame0089.png
Prompt: Given the human reaction shown in the image, do you think the situation observed by that human ends well or poorly? (Use only one word -- well or poorly -- to answer)
Image size: 19120 bytes
Response status code: 200
{'model': 'gemma3', 'created_at': '2025-12-01T19:34:56.313162494Z', 'message': {'role': 'assistant', 'content': 'Poorly'}, 'done': True, 'done_reason': 'stop', 'total_duration': 9227861343, 'load_duration': 7371089322, 'prompt_eval_count': 305, 'prompt_eval_duration': 80121871, 'eval_count': 3, 'eval_duration': 18432527}
Response: Poorly
Analyzing frame 43/96: q_24_main_0_30fps_frame0014.png
Prompt: Given the human reaction shown in the image, do you think the situation observed by that human ends well or poorly? (Use only one word -- well or poorly -- to answer)
Image size: 19344 bytes
Response status code: 200
{'model': 'gemma3', 'created_at': '2025-12-01T19:35:06.619298642Z', 'message': {'role': 'assistant', 'content': 'Poorly'}, 'done': True, 'done_reason': 'stop', 'total_duration': 9263354929, 'load_duration': 7385191583, 'prompt_eval_count': 305, 'prompt_eval_duration': 76198799, 'eval_count': 3, 'eval_duration': 18924662}
Response: Poorly
Analyzing frame 44/96: q_24_main_0_30fps_frame0029.png
Prompt: Given the human reaction shown in the image, do you think the situation observed by that human ends well or poorly? (Use only one word -- well or poorly -- to answer)
Image size: 19340 bytes
Response status code: 200
{'model': 'gemma3', 'created_at': '2025-12-01T19:35:16.862125715Z', 'message': {'role': 'assistant', 'content': 'Poorly'}, 'done': True, 'done_reason': 'stop', 'total_duration': 9211781066, 'load_duration': 7346466233, 'prompt_eval_count': 305, 'prompt_eval_duration': 76685222, 'eval_count': 3, 'eval_duration': 18827128}
Response: Poorly
Analyzing frame 45/96: q_24_main_0_30fps_frame0044.png
Prompt: Given the human reaction shown in the image, do you think the situation observed by that human ends well or poorly? (Use only one word -- well or poorly -- to answer)
Image size: 19344 bytes
Response status code: 200
{'model': 'gemma3', 'created_at': '2025-12-01T19:35:27.205421545Z', 'message': {'role': 'assistant', 'content': 'Poorly'}, 'done': True, 'done_reason': 'stop', 'total_duration': 9300945893, 'load_duration': 7418290140, 'prompt_eval_count': 305, 'prompt_eval_duration': 76456761, 'eval_count': 3, 'eval_duration': 18713816}
Response: Poorly
Analyzing frame 46/96: q_24_main_0_30fps_frame0059.png
Prompt: Given the human reaction shown in the image, do you think the situation observed by that human ends well or poorly? (Use only one word -- well or poorly -- to answer)
Image size: 19316 bytes
Response status code: 200
{'model': 'gemma3', 'created_at': '2025-12-01T19:35:37.565609431Z', 'message': {'role': 'assistant', 'content': 'Poorly'}, 'done': True, 'done_reason': 'stop', 'total_duration': 9325236514, 'load_duration': 7444892188, 'prompt_eval_count': 305, 'prompt_eval_duration': 76432960, 'eval_count': 3, 'eval_duration': 18490038}
Response: Poorly
Analyzing frame 47/96: q_24_main_0_30fps_frame0074.png
Prompt: Given the human reaction shown in the image, do you think the situation observed by that human ends well or poorly? (Use only one word -- well or poorly -- to answer)
Image size: 19304 bytes
Response status code: 200
{'model': 'gemma3', 'created_at': '2025-12-01T19:35:47.653261438Z', 'message': {'role': 'assistant', 'content': 'Poorly'}, 'done': True, 'done_reason': 'stop', 'total_duration': 9042546991, 'load_duration': 7182983841, 'prompt_eval_count': 305, 'prompt_eval_duration': 76582675, 'eval_count': 3, 'eval_duration': 18415208}
Response: Poorly
Analyzing frame 48/96: q_24_main_0_30fps_frame0089.png
Prompt: Given the human reaction shown in the image, do you think the situation observed by that human ends well or poorly? (Use only one word -- well or poorly -- to answer)
Image size: 19348 bytes
Response status code: 200
{'model': 'gemma3', 'created_at': '2025-12-01T19:35:57.869322346Z', 'message': {'role': 'assistant', 'content': 'Poorly'}, 'done': True, 'done_reason': 'stop', 'total_duration': 9183559156, 'load_duration': 7329681428, 'prompt_eval_count': 305, 'prompt_eval_duration': 76716044, 'eval_count': 3, 'eval_duration': 19921047}
Response: Poorly
Analyzing frame 49/96: q_25_main_0_30fps_frame0014.png
Prompt: Given the human reaction shown in the image, do you think the situation observed by that human ends well or poorly? (Use only one word -- well or poorly -- to answer)
Image size: 19364 bytes
Response status code: 200
{'model': 'gemma3', 'created_at': '2025-12-01T19:36:08.274376026Z', 'message': {'role': 'assistant', 'content': 'Poorly'}, 'done': True, 'done_reason': 'stop', 'total_duration': 9364099053, 'load_duration': 7460791917, 'prompt_eval_count': 305, 'prompt_eval_duration': 76553783, 'eval_count': 3, 'eval_duration': 18437649}
Response: Poorly
Analyzing frame 50/96: q_25_main_0_30fps_frame0029.png
Prompt: Given the human reaction shown in the image, do you think the situation observed by that human ends well or poorly? (Use only one word -- well or poorly -- to answer)
Image size: 19360 bytes
Response status code: 200
{'model': 'gemma3', 'created_at': '2025-12-01T19:36:18.705728012Z', 'message': {'role': 'assistant', 'content': 'Poorly'}, 'done': True, 'done_reason': 'stop', 'total_duration': 9399683846, 'load_duration': 7553309293, 'prompt_eval_count': 305, 'prompt_eval_duration': 77258355, 'eval_count': 3, 'eval_duration': 18806786}
Response: Poorly
Analyzing frame 51/96: q_25_main_0_30fps_frame0044.png
Prompt: Given the human reaction shown in the image, do you think the situation observed by that human ends well or poorly? (Use only one word -- well or poorly -- to answer)
Image size: 19472 bytes
Response status code: 200
{'model': 'gemma3', 'created_at': '2025-12-01T19:36:29.058931533Z', 'message': {'role': 'assistant', 'content': 'Poorly'}, 'done': True, 'done_reason': 'stop', 'total_duration': 9309789395, 'load_duration': 7457215035, 'prompt_eval_count': 305, 'prompt_eval_duration': 77982809, 'eval_count': 3, 'eval_duration': 18715248}
Response: Poorly
Analyzing frame 52/96: q_25_main_0_30fps_frame0059.png
Prompt: Given the human reaction shown in the image, do you think the situation observed by that human ends well or poorly? (Use only one word -- well or poorly -- to answer)
Image size: 19236 bytes
Response status code: 200
{'model': 'gemma3', 'created_at': '2025-12-01T19:36:39.223633578Z', 'message': {'role': 'assistant', 'content': 'Poorly'}, 'done': True, 'done_reason': 'stop', 'total_duration': 9133034393, 'load_duration': 7259770591, 'prompt_eval_count': 305, 'prompt_eval_duration': 77123903, 'eval_count': 3, 'eval_duration': 18356268}
Response: Poorly
Analyzing frame 53/96: q_25_main_0_30fps_frame0074.png
Prompt: Given the human reaction shown in the image, do you think the situation observed by that human ends well or poorly? (Use only one word -- well or poorly -- to answer)
Image size: 19304 bytes
Response status code: 200
{'model': 'gemma3', 'created_at': '2025-12-01T19:36:49.587696764Z', 'message': {'role': 'assistant', 'content': 'Poorly'}, 'done': True, 'done_reason': 'stop', 'total_duration': 9306870951, 'load_duration': 7448609004, 'prompt_eval_count': 305, 'prompt_eval_duration': 77614408, 'eval_count': 3, 'eval_duration': 18871653}
Response: Poorly
Analyzing frame 54/96: q_25_main_0_30fps_frame0089.png
Prompt: Given the human reaction shown in the image, do you think the situation observed by that human ends well or poorly? (Use only one word -- well or poorly -- to answer)
Image size: 19256 bytes
Response status code: 200
{'model': 'gemma3', 'created_at': '2025-12-01T19:36:59.908046772Z', 'message': {'role': 'assistant', 'content': 'Poorly'}, 'done': True, 'done_reason': 'stop', 'total_duration': 9279077473, 'load_duration': 7426549618, 'prompt_eval_count': 305, 'prompt_eval_duration': 76838014, 'eval_count': 3, 'eval_duration': 18756541}
Response: Poorly
Analyzing frame 55/96: q_29_main_0_30fps_frame0015.png
Prompt: Given the human reaction shown in the image, do you think the situation observed by that human ends well or poorly? (Use only one word -- well or poorly -- to answer)
Image size: 19000 bytes
Response status code: 200
{'model': 'gemma3', 'created_at': '2025-12-01T19:37:10.208306055Z', 'message': {'role': 'assistant', 'content': 'Poorly'}, 'done': True, 'done_reason': 'stop', 'total_duration': 9265743117, 'load_duration': 7406068394, 'prompt_eval_count': 305, 'prompt_eval_duration': 77074148, 'eval_count': 3, 'eval_duration': 18331522}
Response: Poorly
Analyzing frame 56/96: q_29_main_0_30fps_frame0030.png
Prompt: Given the human reaction shown in the image, do you think the situation observed by that human ends well or poorly? (Use only one word -- well or poorly -- to answer)
Image size: 18940 bytes
Response status code: 200
{'model': 'gemma3', 'created_at': '2025-12-01T19:37:20.333653345Z', 'message': {'role': 'assistant', 'content': 'Poorly'}, 'done': True, 'done_reason': 'stop', 'total_duration': 9095528543, 'load_duration': 7250962070, 'prompt_eval_count': 305, 'prompt_eval_duration': 77401161, 'eval_count': 3, 'eval_duration': 20615217}
Response: Poorly
Analyzing frame 57/96: q_29_main_0_30fps_frame0045.png
Prompt: Given the human reaction shown in the image, do you think the situation observed by that human ends well or poorly? (Use only one word -- well or poorly -- to answer)
Image size: 18896 bytes
Response status code: 200
{'model': 'gemma3', 'created_at': '2025-12-01T19:37:30.601940307Z', 'message': {'role': 'assistant', 'content': 'Poorly'}, 'done': True, 'done_reason': 'stop', 'total_duration': 9213384204, 'load_duration': 7334549241, 'prompt_eval_count': 305, 'prompt_eval_duration': 76655221, 'eval_count': 3, 'eval_duration': 18786993}
Response: Poorly
Analyzing frame 58/96: q_29_main_0_30fps_frame0060.png
Prompt: Given the human reaction shown in the image, do you think the situation observed by that human ends well or poorly? (Use only one word -- well or poorly -- to answer)
Image size: 18908 bytes
Response status code: 200
{'model': 'gemma3', 'created_at': '2025-12-01T19:37:40.893618473Z', 'message': {'role': 'assistant', 'content': 'Poorly'}, 'done': True, 'done_reason': 'stop', 'total_duration': 9246033920, 'load_duration': 7399823281, 'prompt_eval_count': 305, 'prompt_eval_duration': 76388190, 'eval_count': 3, 'eval_duration': 18495349}
Response: Poorly
Analyzing frame 59/96: q_29_main_0_30fps_frame0075.png
Prompt: Given the human reaction shown in the image, do you think the situation observed by that human ends well or poorly? (Use only one word -- well or poorly -- to answer)
Image size: 18972 bytes
Response status code: 200
{'model': 'gemma3', 'created_at': '2025-12-01T19:37:51.193787253Z', 'message': {'role': 'assistant', 'content': 'Poorly'}, 'done': True, 'done_reason': 'stop', 'total_duration': 9264107855, 'load_duration': 7432529154, 'prompt_eval_count': 305, 'prompt_eval_duration': 76404690, 'eval_count': 3, 'eval_duration': 18346502}
Response: Poorly
Analyzing frame 60/96: q_29_main_0_30fps_frame0090.png
Prompt: Given the human reaction shown in the image, do you think the situation observed by that human ends well or poorly? (Use only one word -- well or poorly -- to answer)
Image size: 18920 bytes
Response status code: 200
{'model': 'gemma3', 'created_at': '2025-12-01T19:38:01.495942017Z', 'message': {'role': 'assistant', 'content': 'Poorly'}, 'done': True, 'done_reason': 'stop', 'total_duration': 9270290256, 'load_duration': 7399095724, 'prompt_eval_count': 305, 'prompt_eval_duration': 77491649, 'eval_count': 3, 'eval_duration': 18421507}
Response: Poorly
Analyzing frame 61/96: q_2_main_1_30fps_frame0014.png
Prompt: Given the human reaction shown in the image, do you think the situation observed by that human ends well or poorly? (Use only one word -- well or poorly -- to answer)
Image size: 18884 bytes
Response status code: 200
{'model': 'gemma3', 'created_at': '2025-12-01T19:38:11.657392587Z', 'message': {'role': 'assistant', 'content': 'Poorly'}, 'done': True, 'done_reason': 'stop', 'total_duration': 9141094784, 'load_duration': 7294650306, 'prompt_eval_count': 305, 'prompt_eval_duration': 83535085, 'eval_count': 3, 'eval_duration': 18399726}
Response: Poorly
Analyzing frame 62/96: q_2_main_1_30fps_frame0029.png
Prompt: Given the human reaction shown in the image, do you think the situation observed by that human ends well or poorly? (Use only one word -- well or poorly -- to answer)
Image size: 18780 bytes
Response status code: 200
{'model': 'gemma3', 'created_at': '2025-12-01T19:38:21.997596352Z', 'message': {'role': 'assistant', 'content': 'Poorly'}, 'done': True, 'done_reason': 'stop', 'total_duration': 9291240580, 'load_duration': 7424240602, 'prompt_eval_count': 305, 'prompt_eval_duration': 76878759, 'eval_count': 3, 'eval_duration': 18356114}
Response: Poorly
Analyzing frame 63/96: q_2_main_1_30fps_frame0044.png
Prompt: Given the human reaction shown in the image, do you think the situation observed by that human ends well or poorly? (Use only one word -- well or poorly -- to answer)
Image size: 18764 bytes
Response status code: 200
{'model': 'gemma3', 'created_at': '2025-12-01T19:38:32.251408013Z', 'message': {'role': 'assistant', 'content': 'Poorly'}, 'done': True, 'done_reason': 'stop', 'total_duration': 9220726655, 'load_duration': 7373412497, 'prompt_eval_count': 305, 'prompt_eval_duration': 76725674, 'eval_count': 3, 'eval_duration': 18401295}
Response: Poorly
Analyzing frame 64/96: q_2_main_1_30fps_frame0059.png
Prompt: Given the human reaction shown in the image, do you think the situation observed by that human ends well or poorly? (Use only one word -- well or poorly -- to answer)
Image size: 18800 bytes
Response status code: 200
{'model': 'gemma3', 'created_at': '2025-12-01T19:38:42.627129338Z', 'message': {'role': 'assistant', 'content': 'Poorly'}, 'done': True, 'done_reason': 'stop', 'total_duration': 9335544243, 'load_duration': 7471256741, 'prompt_eval_count': 305, 'prompt_eval_duration': 76515473, 'eval_count': 3, 'eval_duration': 21949758}
Response: Poorly
Analyzing frame 65/96: q_2_main_1_30fps_frame0074.png
Prompt: Given the human reaction shown in the image, do you think the situation observed by that human ends well or poorly? (Use only one word -- well or poorly -- to answer)
Image size: 18744 bytes
Response status code: 200
{'model': 'gemma3', 'created_at': '2025-12-01T19:38:52.75259064Z', 'message': {'role': 'assistant', 'content': 'Poorly'}, 'done': True, 'done_reason': 'stop', 'total_duration': 9082780054, 'load_duration': 7228328760, 'prompt_eval_count': 305, 'prompt_eval_duration': 79371091, 'eval_count': 3, 'eval_duration': 18433559}
Response: Poorly
Analyzing frame 66/96: q_2_main_1_30fps_frame0089.png
Prompt: Given the human reaction shown in the image, do you think the situation observed by that human ends well or poorly? (Use only one word -- well or poorly -- to answer)
Image size: 18784 bytes
Response status code: 200
{'model': 'gemma3', 'created_at': '2025-12-01T19:39:02.86826839Z', 'message': {'role': 'assistant', 'content': 'Poorly'}, 'done': True, 'done_reason': 'stop', 'total_duration': 9072751803, 'load_duration': 7229196115, 'prompt_eval_count': 305, 'prompt_eval_duration': 76971649, 'eval_count': 3, 'eval_duration': 18455043}
Response: Poorly
Analyzing frame 67/96: q_30_main_0_30fps_frame0014.png
Prompt: Given the human reaction shown in the image, do you think the situation observed by that human ends well or poorly? (Use only one word -- well or poorly -- to answer)
Image size: 19344 bytes
Response status code: 200
{'model': 'gemma3', 'created_at': '2025-12-01T19:39:13.274109936Z', 'message': {'role': 'assistant', 'content': 'Poorly'}, 'done': True, 'done_reason': 'stop', 'total_duration': 9366434812, 'load_duration': 7522572839, 'prompt_eval_count': 305, 'prompt_eval_duration': 76224167, 'eval_count': 3, 'eval_duration': 19594195}
Response: Poorly
Analyzing frame 68/96: q_30_main_0_30fps_frame0029.png
Prompt: Given the human reaction shown in the image, do you think the situation observed by that human ends well or poorly? (Use only one word -- well or poorly -- to answer)
Image size: 19264 bytes
Response status code: 200
{'model': 'gemma3', 'created_at': '2025-12-01T19:39:23.510805332Z', 'message': {'role': 'assistant', 'content': 'Poorly'}, 'done': True, 'done_reason': 'stop', 'total_duration': 9197777125, 'load_duration': 7338590927, 'prompt_eval_count': 305, 'prompt_eval_duration': 76874658, 'eval_count': 3, 'eval_duration': 18818608}
Response: Poorly
Analyzing frame 69/96: q_30_main_0_30fps_frame0044.png
Prompt: Given the human reaction shown in the image, do you think the situation observed by that human ends well or poorly? (Use only one word -- well or poorly -- to answer)
Image size: 19296 bytes
Response status code: 200
{'model': 'gemma3', 'created_at': '2025-12-01T19:39:33.75619091Z', 'message': {'role': 'assistant', 'content': 'Poorly'}, 'done': True, 'done_reason': 'stop', 'total_duration': 9214992649, 'load_duration': 7369165705, 'prompt_eval_count': 305, 'prompt_eval_duration': 76821207, 'eval_count': 3, 'eval_duration': 18556554}
Response: Poorly
Analyzing frame 70/96: q_30_main_0_30fps_frame0059.png
Prompt: Given the human reaction shown in the image, do you think the situation observed by that human ends well or poorly? (Use only one word -- well or poorly -- to answer)
Image size: 19320 bytes
Response status code: 200
{'model': 'gemma3', 'created_at': '2025-12-01T19:39:43.998779046Z', 'message': {'role': 'assistant', 'content': 'Poorly'}, 'done': True, 'done_reason': 'stop', 'total_duration': 9208613826, 'load_duration': 7365423890, 'prompt_eval_count': 305, 'prompt_eval_duration': 75775994, 'eval_count': 3, 'eval_duration': 18828497}
Response: Poorly
Analyzing frame 71/96: q_30_main_0_30fps_frame0074.png
Prompt: Given the human reaction shown in the image, do you think the situation observed by that human ends well or poorly? (Use only one word -- well or poorly -- to answer)
Image size: 19348 bytes
Response status code: 200
{'model': 'gemma3', 'created_at': '2025-12-01T19:39:54.38935411Z', 'message': {'role': 'assistant', 'content': 'Poorly'}, 'done': True, 'done_reason': 'stop', 'total_duration': 9358112944, 'load_duration': 7506528953, 'prompt_eval_count': 305, 'prompt_eval_duration': 77552426, 'eval_count': 3, 'eval_duration': 18408067}
Response: Poorly
Analyzing frame 72/96: q_30_main_0_30fps_frame0089.png
Prompt: Given the human reaction shown in the image, do you think the situation observed by that human ends well or poorly? (Use only one word -- well or poorly -- to answer)
Image size: 19324 bytes
Response status code: 200
{'model': 'gemma3', 'created_at': '2025-12-01T19:40:04.566252845Z', 'message': {'role': 'assistant', 'content': 'Poorly'}, 'done': True, 'done_reason': 'stop', 'total_duration': 9133678111, 'load_duration': 7250087436, 'prompt_eval_count': 305, 'prompt_eval_duration': 77182283, 'eval_count': 3, 'eval_duration': 18601455}
Response: Poorly
Analyzing frame 73/96: q_4_main_1_30fps_frame0014.png
Prompt: Given the human reaction shown in the image, do you think the situation observed by that human ends well or poorly? (Use only one word -- well or poorly -- to answer)
Image size: 19384 bytes
Response status code: 200
{'model': 'gemma3', 'created_at': '2025-12-01T19:40:14.758341188Z', 'message': {'role': 'assistant', 'content': 'Poorly'}, 'done': True, 'done_reason': 'stop', 'total_duration': 9160427637, 'load_duration': 7306464614, 'prompt_eval_count': 305, 'prompt_eval_duration': 76767568, 'eval_count': 3, 'eval_duration': 18345741}
Response: Poorly
Analyzing frame 74/96: q_4_main_1_30fps_frame0029.png
Prompt: Given the human reaction shown in the image, do you think the situation observed by that human ends well or poorly? (Use only one word -- well or poorly -- to answer)
Image size: 19396 bytes
Response status code: 200
{'model': 'gemma3', 'created_at': '2025-12-01T19:40:25.098613223Z', 'message': {'role': 'assistant', 'content': 'Poorly'}, 'done': True, 'done_reason': 'stop', 'total_duration': 9295181821, 'load_duration': 7447807803, 'prompt_eval_count': 305, 'prompt_eval_duration': 84114019, 'eval_count': 3, 'eval_duration': 21154162}
Response: Poorly
Analyzing frame 75/96: q_4_main_1_30fps_frame0044.png
Prompt: Given the human reaction shown in the image, do you think the situation observed by that human ends well or poorly? (Use only one word -- well or poorly -- to answer)
Image size: 19428 bytes
Response status code: 200
{'model': 'gemma3', 'created_at': '2025-12-01T19:40:35.344591398Z', 'message': {'role': 'assistant', 'content': 'Poorly'}, 'done': True, 'done_reason': 'stop', 'total_duration': 9177870463, 'load_duration': 7329460098, 'prompt_eval_count': 305, 'prompt_eval_duration': 76795640, 'eval_count': 3, 'eval_duration': 18383772}
Response: Poorly
Analyzing frame 76/96: q_4_main_1_30fps_frame0059.png
Prompt: Given the human reaction shown in the image, do you think the situation observed by that human ends well or poorly? (Use only one word -- well or poorly -- to answer)
Image size: 19476 bytes
Response status code: 200
{'model': 'gemma3', 'created_at': '2025-12-01T19:40:45.54798475Z', 'message': {'role': 'assistant', 'content': 'Poorly'}, 'done': True, 'done_reason': 'stop', 'total_duration': 9154662134, 'load_duration': 7280213974, 'prompt_eval_count': 305, 'prompt_eval_duration': 76656026, 'eval_count': 3, 'eval_duration': 18474193}
Response: Poorly
Analyzing frame 77/96: q_4_main_1_30fps_frame0074.png
Prompt: Given the human reaction shown in the image, do you think the situation observed by that human ends well or poorly? (Use only one word -- well or poorly -- to answer)
Image size: 19424 bytes
Response status code: 200
{'model': 'gemma3', 'created_at': '2025-12-01T19:40:55.797019238Z', 'message': {'role': 'assistant', 'content': 'Poorly'}, 'done': True, 'done_reason': 'stop', 'total_duration': 9201023260, 'load_duration': 7388242586, 'prompt_eval_count': 305, 'prompt_eval_duration': 76671540, 'eval_count': 3, 'eval_duration': 20015724}
Response: Poorly
Analyzing frame 78/96: q_4_main_1_30fps_frame0089.png
Prompt: Given the human reaction shown in the image, do you think the situation observed by that human ends well or poorly? (Use only one word -- well or poorly -- to answer)
Image size: 19440 bytes
Response status code: 200
{'model': 'gemma3', 'created_at': '2025-12-01T19:41:06.145018096Z', 'message': {'role': 'assistant', 'content': 'Poorly'}, 'done': True, 'done_reason': 'stop', 'total_duration': 9302662719, 'load_duration': 7448043006, 'prompt_eval_count': 305, 'prompt_eval_duration': 77104895, 'eval_count': 3, 'eval_duration': 19050310}
Response: Poorly
Analyzing frame 79/96: q_6_main_1_30fps_frame0015.png
Prompt: Given the human reaction shown in the image, do you think the situation observed by that human ends well or poorly? (Use only one word -- well or poorly -- to answer)
Image size: 19356 bytes
Response status code: 200
{'model': 'gemma3', 'created_at': '2025-12-01T19:41:16.484197798Z', 'message': {'role': 'assistant', 'content': 'Poorly'}, 'done': True, 'done_reason': 'stop', 'total_duration': 9291196639, 'load_duration': 7414789230, 'prompt_eval_count': 305, 'prompt_eval_duration': 76737938, 'eval_count': 3, 'eval_duration': 18428153}
Response: Poorly
Analyzing frame 80/96: q_6_main_1_30fps_frame0030.png
Prompt: Given the human reaction shown in the image, do you think the situation observed by that human ends well or poorly? (Use only one word -- well or poorly -- to answer)
Image size: 19376 bytes
Response status code: 200
{'model': 'gemma3', 'created_at': '2025-12-01T19:41:26.970513921Z', 'message': {'role': 'assistant', 'content': 'Poorly'}, 'done': True, 'done_reason': 'stop', 'total_duration': 9439206866, 'load_duration': 7575736631, 'prompt_eval_count': 305, 'prompt_eval_duration': 76804550, 'eval_count': 3, 'eval_duration': 18850663}
Response: Poorly
Analyzing frame 81/96: q_6_main_1_30fps_frame0045.png
Prompt: Given the human reaction shown in the image, do you think the situation observed by that human ends well or poorly? (Use only one word -- well or poorly -- to answer)
Image size: 19380 bytes
Response status code: 200
{'model': 'gemma3', 'created_at': '2025-12-01T19:41:37.28546344Z', 'message': {'role': 'assistant', 'content': 'Poorly'}, 'done': True, 'done_reason': 'stop', 'total_duration': 9270143696, 'load_duration': 7382837825, 'prompt_eval_count': 305, 'prompt_eval_duration': 76542148, 'eval_count': 3, 'eval_duration': 18346554}
Response: Poorly
Analyzing frame 82/96: q_6_main_1_30fps_frame0060.png
Prompt: Given the human reaction shown in the image, do you think the situation observed by that human ends well or poorly? (Use only one word -- well or poorly -- to answer)
Image size: 19340 bytes
Response status code: 200
{'model': 'gemma3', 'created_at': '2025-12-01T19:41:47.430712305Z', 'message': {'role': 'assistant', 'content': 'Poorly'}, 'done': True, 'done_reason': 'stop', 'total_duration': 9114891701, 'load_duration': 7249249300, 'prompt_eval_count': 305, 'prompt_eval_duration': 76697633, 'eval_count': 3, 'eval_duration': 19318380}
Response: Poorly
Analyzing frame 83/96: q_6_main_1_30fps_frame0075.png
Prompt: Given the human reaction shown in the image, do you think the situation observed by that human ends well or poorly? (Use only one word -- well or poorly -- to answer)
Image size: 19384 bytes
Response status code: 200
{'model': 'gemma3', 'created_at': '2025-12-01T19:41:57.937311341Z', 'message': {'role': 'assistant', 'content': 'Poorly'}, 'done': True, 'done_reason': 'stop', 'total_duration': 9465766610, 'load_duration': 7604950873, 'prompt_eval_count': 305, 'prompt_eval_duration': 76262673, 'eval_count': 3, 'eval_duration': 18362765}
Response: Poorly
Analyzing frame 84/96: q_6_main_1_30fps_frame0090.png
Prompt: Given the human reaction shown in the image, do you think the situation observed by that human ends well or poorly? (Use only one word -- well or poorly -- to answer)
Image size: 19260 bytes
Response status code: 200
{'model': 'gemma3', 'created_at': '2025-12-01T19:42:08.267365769Z', 'message': {'role': 'assistant', 'content': 'Poorly'}, 'done': True, 'done_reason': 'stop', 'total_duration': 9283901360, 'load_duration': 7418712310, 'prompt_eval_count': 305, 'prompt_eval_duration': 76665276, 'eval_count': 3, 'eval_duration': 18346579}
Response: Poorly
Analyzing frame 85/96: q_warmup_3_main_1_30fps_frame0013.png
Prompt: Given the human reaction shown in the image, do you think the situation observed by that human ends well or poorly? (Use only one word -- well or poorly -- to answer)
Image size: 19156 bytes
Response status code: 200
{'model': 'gemma3', 'created_at': '2025-12-01T19:42:18.493935598Z', 'message': {'role': 'assistant', 'content': 'Poorly'}, 'done': True, 'done_reason': 'stop', 'total_duration': 9205982398, 'load_duration': 7323385073, 'prompt_eval_count': 305, 'prompt_eval_duration': 76360323, 'eval_count': 3, 'eval_duration': 18565961}
Response: Poorly
Analyzing frame 86/96: q_warmup_3_main_1_30fps_frame0028.png
Prompt: Given the human reaction shown in the image, do you think the situation observed by that human ends well or poorly? (Use only one word -- well or poorly -- to answer)
Image size: 19180 bytes
Response status code: 200
{'model': 'gemma3', 'created_at': '2025-12-01T19:42:28.830489777Z', 'message': {'role': 'assistant', 'content': 'Poorly'}, 'done': True, 'done_reason': 'stop', 'total_duration': 9300930415, 'load_duration': 7468824906, 'prompt_eval_count': 305, 'prompt_eval_duration': 77393118, 'eval_count': 3, 'eval_duration': 18835804}
Response: Poorly
Analyzing frame 87/96: q_warmup_3_main_1_30fps_frame0043.png
Prompt: Given the human reaction shown in the image, do you think the situation observed by that human ends well or poorly? (Use only one word -- well or poorly -- to answer)
Image size: 19188 bytes
Response status code: 200
{'model': 'gemma3', 'created_at': '2025-12-01T19:42:39.08727546Z', 'message': {'role': 'assistant', 'content': 'Poorly'}, 'done': True, 'done_reason': 'stop', 'total_duration': 9215869978, 'load_duration': 7371767568, 'prompt_eval_count': 305, 'prompt_eval_duration': 77025457, 'eval_count': 3, 'eval_duration': 18804381}
Response: Poorly
Analyzing frame 88/96: q_warmup_3_main_1_30fps_frame0058.png
Prompt: Given the human reaction shown in the image, do you think the situation observed by that human ends well or poorly? (Use only one word -- well or poorly -- to answer)
Image size: 19188 bytes
Response status code: 200
{'model': 'gemma3', 'created_at': '2025-12-01T19:42:49.451177312Z', 'message': {'role': 'assistant', 'content': 'Poorly'}, 'done': True, 'done_reason': 'stop', 'total_duration': 9314302244, 'load_duration': 7476767786, 'prompt_eval_count': 305, 'prompt_eval_duration': 77064065, 'eval_count': 3, 'eval_duration': 18409783}
Response: Poorly
Analyzing frame 89/96: q_warmup_3_main_1_30fps_frame0073.png
Prompt: Given the human reaction shown in the image, do you think the situation observed by that human ends well or poorly? (Use only one word -- well or poorly -- to answer)
Image size: 19256 bytes
Response status code: 200
{'model': 'gemma3', 'created_at': '2025-12-01T19:42:59.563347653Z', 'message': {'role': 'assistant', 'content': 'Poorly'}, 'done': True, 'done_reason': 'stop', 'total_duration': 9070057331, 'load_duration': 7192102887, 'prompt_eval_count': 305, 'prompt_eval_duration': 76677013, 'eval_count': 3, 'eval_duration': 18463693}
Response: Poorly
Analyzing frame 90/96: q_warmup_3_main_1_30fps_frame0088.png
Prompt: Given the human reaction shown in the image, do you think the situation observed by that human ends well or poorly? (Use only one word -- well or poorly -- to answer)
Image size: 19200 bytes
Response status code: 200
{'model': 'gemma3', 'created_at': '2025-12-01T19:43:09.841457857Z', 'message': {'role': 'assistant', 'content': 'Poorly'}, 'done': True, 'done_reason': 'stop', 'total_duration': 9247356150, 'load_duration': 7379415314, 'prompt_eval_count': 305, 'prompt_eval_duration': 76707824, 'eval_count': 3, 'eval_duration': 18464569}
Response: Poorly
Analyzing frame 91/96: q_warmup_5_main_0_30fps_frame0015.png
Prompt: Given the human reaction shown in the image, do you think the situation observed by that human ends well or poorly? (Use only one word -- well or poorly -- to answer)
Image size: 19052 bytes
Response status code: 200
{'model': 'gemma3', 'created_at': '2025-12-01T19:43:20.209259048Z', 'message': {'role': 'assistant', 'content': 'Poorly'}, 'done': True, 'done_reason': 'stop', 'total_duration': 9331365831, 'load_duration': 7479964291, 'prompt_eval_count': 305, 'prompt_eval_duration': 76760510, 'eval_count': 3, 'eval_duration': 18526860}
Response: Poorly
Analyzing frame 92/96: q_warmup_5_main_0_30fps_frame0030.png
Prompt: Given the human reaction shown in the image, do you think the situation observed by that human ends well or poorly? (Use only one word -- well or poorly -- to answer)
Image size: 19052 bytes
Response status code: 200
{'model': 'gemma3', 'created_at': '2025-12-01T19:43:30.391451237Z', 'message': {'role': 'assistant', 'content': 'Poorly'}, 'done': True, 'done_reason': 'stop', 'total_duration': 9142338437, 'load_duration': 7277347474, 'prompt_eval_count': 305, 'prompt_eval_duration': 76751980, 'eval_count': 3, 'eval_duration': 21362232}
Response: Poorly
Analyzing frame 93/96: q_warmup_5_main_0_30fps_frame0045.png
Prompt: Given the human reaction shown in the image, do you think the situation observed by that human ends well or poorly? (Use only one word -- well or poorly -- to answer)
Image size: 19120 bytes
Response status code: 200
{'model': 'gemma3', 'created_at': '2025-12-01T19:43:40.576983705Z', 'message': {'role': 'assistant', 'content': 'Poorly'}, 'done': True, 'done_reason': 'stop', 'total_duration': 9137118158, 'load_duration': 7242558595, 'prompt_eval_count': 305, 'prompt_eval_duration': 76382839, 'eval_count': 3, 'eval_duration': 18421059}
Response: Poorly
Analyzing frame 94/96: q_warmup_5_main_0_30fps_frame0060.png
Prompt: Given the human reaction shown in the image, do you think the situation observed by that human ends well or poorly? (Use only one word -- well or poorly -- to answer)
Image size: 19008 bytes
Response status code: 200
{'model': 'gemma3', 'created_at': '2025-12-01T19:43:50.916606704Z', 'message': {'role': 'assistant', 'content': 'Poorly'}, 'done': True, 'done_reason': 'stop', 'total_duration': 9301038290, 'load_duration': 7430449700, 'prompt_eval_count': 305, 'prompt_eval_duration': 76957864, 'eval_count': 3, 'eval_duration': 18416612}
Response: Poorly
Analyzing frame 95/96: q_warmup_5_main_0_30fps_frame0075.png
Prompt: Given the human reaction shown in the image, do you think the situation observed by that human ends well or poorly? (Use only one word -- well or poorly -- to answer)
Image size: 18964 bytes
Response status code: 200
{'model': 'gemma3', 'created_at': '2025-12-01T19:44:01.226826621Z', 'message': {'role': 'assistant', 'content': 'Poorly'}, 'done': True, 'done_reason': 'stop', 'total_duration': 9283099837, 'load_duration': 7448602618, 'prompt_eval_count': 305, 'prompt_eval_duration': 76502267, 'eval_count': 3, 'eval_duration': 18463016}
Response: Poorly
Analyzing frame 96/96: q_warmup_5_main_0_30fps_frame0090.png
Prompt: Given the human reaction shown in the image, do you think the situation observed by that human ends well or poorly? (Use only one word -- well or poorly -- to answer)
Image size: 19008 bytes
Response status code: 200
{'model': 'gemma3', 'created_at': '2025-12-01T19:44:11.519444833Z', 'message': {'role': 'assistant', 'content': 'Poorly'}, 'done': True, 'done_reason': 'stop', 'total_duration': 9248180925, 'load_duration': 7414414184, 'prompt_eval_count': 305, 'prompt_eval_duration': 76542795, 'eval_count': 3, 'eval_duration': 18294798}
Response: Poorly
Processed 96 frames for participant 1048

Results saved to ./results/results_gemma3_3s.csv
Total frames processed: 96

==================================================
Processing participant 2/30

Processing participant: 1251
Found 102 frames
Analyzing frame 1/102: q_10_main_0_30fps_frame0015.png
Prompt: Given the human reaction shown in the image, do you think the situation observed by that human ends well or poorly? (Use only one word -- well or poorly -- to answer)
Image size: 14248 bytes
Response status code: 200
{'model': 'gemma3', 'created_at': '2025-12-01T19:44:21.801365658Z', 'message': {'role': 'assistant', 'content': 'Poorly'}, 'done': True, 'done_reason': 'stop', 'total_duration': 9223137136, 'load_duration': 7371539467, 'prompt_eval_count': 305, 'prompt_eval_duration': 76770610, 'eval_count': 3, 'eval_duration': 18776633}
Response: Poorly
Analyzing frame 2/102: q_10_main_0_30fps_frame0030.png
Prompt: Given the human reaction shown in the image, do you think the situation observed by that human ends well or poorly? (Use only one word -- well or poorly -- to answer)
Image size: 14204 bytes
Response status code: 200
{'model': 'gemma3', 'created_at': '2025-12-01T19:44:32.047558012Z', 'message': {'role': 'assistant', 'content': 'Poorly'}, 'done': True, 'done_reason': 'stop', 'total_duration': 9204095121, 'load_duration': 7366603010, 'prompt_eval_count': 305, 'prompt_eval_duration': 76656957, 'eval_count': 3, 'eval_duration': 18337853}
Response: Poorly
Analyzing frame 3/102: q_10_main_0_30fps_frame0045.png
Prompt: Given the human reaction shown in the image, do you think the situation observed by that human ends well or poorly? (Use only one word -- well or poorly -- to answer)
Image size: 12864 bytes
Response status code: 200
{'model': 'gemma3', 'created_at': '2025-12-01T19:44:42.335684309Z', 'message': {'role': 'assistant', 'content': 'Poorly'}, 'done': True, 'done_reason': 'stop', 'total_duration': 9257088215, 'load_duration': 7382792810, 'prompt_eval_count': 305, 'prompt_eval_duration': 77210872, 'eval_count': 3, 'eval_duration': 18391082}
Response: Poorly
Analyzing frame 4/102: q_10_main_0_30fps_frame0060.png
Prompt: Given the human reaction shown in the image, do you think the situation observed by that human ends well or poorly? (Use only one word -- well or poorly -- to answer)
Image size: 12900 bytes
Response status code: 200
{'model': 'gemma3', 'created_at': '2025-12-01T19:44:52.595319632Z', 'message': {'role': 'assistant', 'content': 'Poorly'}, 'done': True, 'done_reason': 'stop', 'total_duration': 9228081713, 'load_duration': 7370372703, 'prompt_eval_count': 305, 'prompt_eval_duration': 76983386, 'eval_count': 3, 'eval_duration': 18303048}
Response: Poorly
Analyzing frame 5/102: q_10_main_0_30fps_frame0075.png
Prompt: Given the human reaction shown in the image, do you think the situation observed by that human ends well or poorly? (Use only one word -- well or poorly -- to answer)
Image size: 12840 bytes
Response status code: 200
{'model': 'gemma3', 'created_at': '2025-12-01T19:45:02.983699401Z', 'message': {'role': 'assistant', 'content': 'Poorly'}, 'done': True, 'done_reason': 'stop', 'total_duration': 9339066847, 'load_duration': 7481738494, 'prompt_eval_count': 305, 'prompt_eval_duration': 76840246, 'eval_count': 3, 'eval_duration': 18360030}
Response: Poorly
Analyzing frame 6/102: q_10_main_0_30fps_frame0090.png
Prompt: Given the human reaction shown in the image, do you think the situation observed by that human ends well or poorly? (Use only one word -- well or poorly -- to answer)
Image size: 13348 bytes
Response status code: 200
{'model': 'gemma3', 'created_at': '2025-12-01T19:45:13.379320458Z', 'message': {'role': 'assistant', 'content': 'Poorly'}, 'done': True, 'done_reason': 'stop', 'total_duration': 9350344712, 'load_duration': 7445758476, 'prompt_eval_count': 305, 'prompt_eval_duration': 75851454, 'eval_count': 3, 'eval_duration': 18391477}
Response: Poorly
Analyzing frame 7/102: q_11_main_1_30fps_frame0014.png
Prompt: Given the human reaction shown in the image, do you think the situation observed by that human ends well or poorly? (Use only one word -- well or poorly -- to answer)
Image size: 13824 bytes
Response status code: 200
{'model': 'gemma3', 'created_at': '2025-12-01T19:45:23.806956194Z', 'message': {'role': 'assistant', 'content': 'Poorly'}, 'done': True, 'done_reason': 'stop', 'total_duration': 9397111437, 'load_duration': 7507200547, 'prompt_eval_count': 305, 'prompt_eval_duration': 76598835, 'eval_count': 3, 'eval_duration': 18610280}
Response: Poorly
Analyzing frame 8/102: q_11_main_1_30fps_frame0029.png
Prompt: Given the human reaction shown in the image, do you think the situation observed by that human ends well or poorly? (Use only one word -- well or poorly -- to answer)
Image size: 13856 bytes
Response status code: 200
{'model': 'gemma3', 'created_at': '2025-12-01T19:45:34.17240134Z', 'message': {'role': 'assistant', 'content': 'Poorly'}, 'done': True, 'done_reason': 'stop', 'total_duration': 9307116587, 'load_duration': 7407449676, 'prompt_eval_count': 305, 'prompt_eval_duration': 76455021, 'eval_count': 3, 'eval_duration': 18352572}
Response: Poorly
Analyzing frame 9/102: q_11_main_1_30fps_frame0044.png
Prompt: Given the human reaction shown in the image, do you think the situation observed by that human ends well or poorly? (Use only one word -- well or poorly -- to answer)
Image size: 13868 bytes
Response status code: 200
{'model': 'gemma3', 'created_at': '2025-12-01T19:45:44.374196631Z', 'message': {'role': 'assistant', 'content': 'Poorly'}, 'done': True, 'done_reason': 'stop', 'total_duration': 9171721993, 'load_duration': 7348565413, 'prompt_eval_count': 305, 'prompt_eval_duration': 76529892, 'eval_count': 3, 'eval_duration': 18846093}
Response: Poorly
Analyzing frame 10/102: q_11_main_1_30fps_frame0059.png
Prompt: Given the human reaction shown in the image, do you think the situation observed by that human ends well or poorly? (Use only one word -- well or poorly -- to answer)
Image size: 11276 bytes
Response status code: 200
{'model': 'gemma3', 'created_at': '2025-12-01T19:45:54.503647908Z', 'message': {'role': 'assistant', 'content': 'Poorly'}, 'done': True, 'done_reason': 'stop', 'total_duration': 9085973979, 'load_duration': 7243606399, 'prompt_eval_count': 305, 'prompt_eval_duration': 76987623, 'eval_count': 3, 'eval_duration': 19037230}
Response: Poorly
Analyzing frame 11/102: q_11_main_1_30fps_frame0074.png
Prompt: Given the human reaction shown in the image, do you think the situation observed by that human ends well or poorly? (Use only one word -- well or poorly -- to answer)
Image size: 12580 bytes
Response status code: 200
{'model': 'gemma3', 'created_at': '2025-12-01T19:46:04.670379366Z', 'message': {'role': 'assistant', 'content': 'Poorly'}, 'done': True, 'done_reason': 'stop', 'total_duration': 9133449234, 'load_duration': 7290374563, 'prompt_eval_count': 305, 'prompt_eval_duration': 76639136, 'eval_count': 3, 'eval_duration': 21800852}
Response: Poorly
Analyzing frame 12/102: q_11_main_1_30fps_frame0089.png
Prompt: Given the human reaction shown in the image, do you think the situation observed by that human ends well or poorly? (Use only one word -- well or poorly -- to answer)
Image size: 12780 bytes
Response status code: 200
{'model': 'gemma3', 'created_at': '2025-12-01T19:46:15.047285307Z', 'message': {'role': 'assistant', 'content': 'Poorly'}, 'done': True, 'done_reason': 'stop', 'total_duration': 9338152001, 'load_duration': 7474123885, 'prompt_eval_count': 305, 'prompt_eval_duration': 76582779, 'eval_count': 3, 'eval_duration': 23162028}
Response: Poorly
Analyzing frame 13/102: q_12_main_1_30fps_frame0015.png
Prompt: Given the human reaction shown in the image, do you think the situation observed by that human ends well or poorly? (Use only one word -- well or poorly -- to answer)
Image size: 13612 bytes
Response status code: 200
{'model': 'gemma3', 'created_at': '2025-12-01T19:46:25.451053132Z', 'message': {'role': 'assistant', 'content': 'Poorly'}, 'done': True, 'done_reason': 'stop', 'total_duration': 9373523673, 'load_duration': 7505449780, 'prompt_eval_count': 305, 'prompt_eval_duration': 76941531, 'eval_count': 3, 'eval_duration': 18439269}
Response: Poorly
Analyzing frame 14/102: q_12_main_1_30fps_frame0030.png
Prompt: Given the human reaction shown in the image, do you think the situation observed by that human ends well or poorly? (Use only one word -- well or poorly -- to answer)
Image size: 11500 bytes
Response status code: 200
{'model': 'gemma3', 'created_at': '2025-12-01T19:46:35.731591611Z', 'message': {'role': 'assistant', 'content': 'Poorly'}, 'done': True, 'done_reason': 'stop', 'total_duration': 9236420317, 'load_duration': 7399757152, 'prompt_eval_count': 305, 'prompt_eval_duration': 76746696, 'eval_count': 3, 'eval_duration': 18385446}
Response: Poorly
Analyzing frame 15/102: q_12_main_1_30fps_frame0045.png
Prompt: Given the human reaction shown in the image, do you think the situation observed by that human ends well or poorly? (Use only one word -- well or poorly -- to answer)
Image size: 10152 bytes
Response status code: 200
{'model': 'gemma3', 'created_at': '2025-12-01T19:46:46.012261711Z', 'message': {'role': 'assistant', 'content': 'Poorly'}, 'done': True, 'done_reason': 'stop', 'total_duration': 9250917276, 'load_duration': 7401400821, 'prompt_eval_count': 305, 'prompt_eval_duration': 76471648, 'eval_count': 3, 'eval_duration': 18460778}
Response: Poorly
Analyzing frame 16/102: q_12_main_1_30fps_frame0060.png
Prompt: Given the human reaction shown in the image, do you think the situation observed by that human ends well or poorly? (Use only one word -- well or poorly -- to answer)
Image size: 12684 bytes
Response status code: 200
{'model': 'gemma3', 'created_at': '2025-12-01T19:46:56.34883338Z', 'message': {'role': 'assistant', 'content': 'Poorly'}, 'done': True, 'done_reason': 'stop', 'total_duration': 9287191418, 'load_duration': 7409715025, 'prompt_eval_count': 305, 'prompt_eval_duration': 76621379, 'eval_count': 3, 'eval_duration': 18438383}
Response: Poorly
Analyzing frame 17/102: q_12_main_1_30fps_frame0075.png
Prompt: Given the human reaction shown in the image, do you think the situation observed by that human ends well or poorly? (Use only one word -- well or poorly -- to answer)
Image size: 13140 bytes
Response status code: 200
{'model': 'gemma3', 'created_at': '2025-12-01T19:47:06.462026338Z', 'message': {'role': 'assistant', 'content': 'Poorly'}, 'done': True, 'done_reason': 'stop', 'total_duration': 9073857760, 'load_duration': 7247663998, 'prompt_eval_count': 305, 'prompt_eval_duration': 76621846, 'eval_count': 3, 'eval_duration': 18432205}
Response: Poorly
Analyzing frame 18/102: q_12_main_1_30fps_frame0090.png
Prompt: Given the human reaction shown in the image, do you think the situation observed by that human ends well or poorly? (Use only one word -- well or poorly -- to answer)
Image size: 13220 bytes
Response status code: 200
{'model': 'gemma3', 'created_at': '2025-12-01T19:47:16.624555837Z', 'message': {'role': 'assistant', 'content': 'Poorly'}, 'done': True, 'done_reason': 'stop', 'total_duration': 9131983705, 'load_duration': 7230608321, 'prompt_eval_count': 305, 'prompt_eval_duration': 77043682, 'eval_count': 3, 'eval_duration': 19029846}
Response: Poorly
Analyzing frame 19/102: q_1_main_0_30fps_frame0015.png
Prompt: Given the human reaction shown in the image, do you think the situation observed by that human ends well or poorly? (Use only one word -- well or poorly -- to answer)
Image size: 12104 bytes
Response status code: 200
{'model': 'gemma3', 'created_at': '2025-12-01T19:47:27.022031556Z', 'message': {'role': 'assistant', 'content': 'Poorly'}, 'done': True, 'done_reason': 'stop', 'total_duration': 9365141007, 'load_duration': 7509643221, 'prompt_eval_count': 305, 'prompt_eval_duration': 76398523, 'eval_count': 3, 'eval_duration': 20889091}
Response: Poorly
Analyzing frame 20/102: q_1_main_0_30fps_frame0030.png
Prompt: Given the human reaction shown in the image, do you think the situation observed by that human ends well or poorly? (Use only one word -- well or poorly -- to answer)
Image size: 12116 bytes
Response status code: 200
{'model': 'gemma3', 'created_at': '2025-12-01T19:47:37.236302785Z', 'message': {'role': 'assistant', 'content': 'Poorly'}, 'done': True, 'done_reason': 'stop', 'total_duration': 9185194072, 'load_duration': 7317236406, 'prompt_eval_count': 305, 'prompt_eval_duration': 76553044, 'eval_count': 3, 'eval_duration': 18415029}
Response: Poorly
Analyzing frame 21/102: q_1_main_0_30fps_frame0045.png
Prompt: Given the human reaction shown in the image, do you think the situation observed by that human ends well or poorly? (Use only one word -- well or poorly -- to answer)
Image size: 11432 bytes
Response status code: 200
{'model': 'gemma3', 'created_at': '2025-12-01T19:47:47.573332596Z', 'message': {'role': 'assistant', 'content': 'Poorly'}, 'done': True, 'done_reason': 'stop', 'total_duration': 9294494501, 'load_duration': 7414286515, 'prompt_eval_count': 305, 'prompt_eval_duration': 76394947, 'eval_count': 3, 'eval_duration': 18782847}
Response: Poorly
Analyzing frame 22/102: q_1_main_0_30fps_frame0060.png
Prompt: Given the human reaction shown in the image, do you think the situation observed by that human ends well or poorly? (Use only one word -- well or poorly -- to answer)
Image size: 10008 bytes
Response status code: 200
{'model': 'gemma3', 'created_at': '2025-12-01T19:47:58.057931319Z', 'message': {'role': 'assistant', 'content': 'Poorly'}, 'done': True, 'done_reason': 'stop', 'total_duration': 9453717856, 'load_duration': 7596365783, 'prompt_eval_count': 305, 'prompt_eval_duration': 77134676, 'eval_count': 3, 'eval_duration': 18294166}
Response: Poorly
Analyzing frame 23/102: q_1_main_0_30fps_frame0075.png
Prompt: Given the human reaction shown in the image, do you think the situation observed by that human ends well or poorly? (Use only one word -- well or poorly -- to answer)
Image size: 10792 bytes
Response status code: 200
{'model': 'gemma3', 'created_at': '2025-12-01T19:48:08.265982754Z', 'message': {'role': 'assistant', 'content': 'Poorly'}, 'done': True, 'done_reason': 'stop', 'total_duration': 9177928449, 'load_duration': 7371576318, 'prompt_eval_count': 305, 'prompt_eval_duration': 76441516, 'eval_count': 3, 'eval_duration': 20412884}
Response: Poorly
Analyzing frame 24/102: q_1_main_0_30fps_frame0090.png
Prompt: Given the human reaction shown in the image, do you think the situation observed by that human ends well or poorly? (Use only one word -- well or poorly -- to answer)
Image size: 11400 bytes
Response status code: 200
{'model': 'gemma3', 'created_at': '2025-12-01T19:48:18.37373147Z', 'message': {'role': 'assistant', 'content': 'Poorly'}, 'done': True, 'done_reason': 'stop', 'total_duration': 9072305723, 'load_duration': 7251060295, 'prompt_eval_count': 305, 'prompt_eval_duration': 76222958, 'eval_count': 3, 'eval_duration': 22716942}
Response: Poorly
Analyzing frame 25/102: q_21_main_0_30fps_frame0015.png
Prompt: Given the human reaction shown in the image, do you think the situation observed by that human ends well or poorly? (Use only one word -- well or poorly -- to answer)
Image size: 14028 bytes
Response status code: 200
{'model': 'gemma3', 'created_at': '2025-12-01T19:48:28.720706848Z', 'message': {'role': 'assistant', 'content': 'Poorly'}, 'done': True, 'done_reason': 'stop', 'total_duration': 9316887510, 'load_duration': 7456707070, 'prompt_eval_count': 305, 'prompt_eval_duration': 76424034, 'eval_count': 3, 'eval_duration': 18643116}
Response: Poorly
Analyzing frame 26/102: q_21_main_0_30fps_frame0030.png
Prompt: Given the human reaction shown in the image, do you think the situation observed by that human ends well or poorly? (Use only one word -- well or poorly -- to answer)
Image size: 14044 bytes
Response status code: 200
{'model': 'gemma3', 'created_at': '2025-12-01T19:48:39.14638611Z', 'message': {'role': 'assistant', 'content': 'Poorly'}, 'done': True, 'done_reason': 'stop', 'total_duration': 9385675866, 'load_duration': 7528391305, 'prompt_eval_count': 305, 'prompt_eval_duration': 76351362, 'eval_count': 3, 'eval_duration': 18626863}
Response: Poorly
Analyzing frame 27/102: q_21_main_0_30fps_frame0045.png
Prompt: Given the human reaction shown in the image, do you think the situation observed by that human ends well or poorly? (Use only one word -- well or poorly -- to answer)
Image size: 14052 bytes
Response status code: 200
{'model': 'gemma3', 'created_at': '2025-12-01T19:48:49.334513976Z', 'message': {'role': 'assistant', 'content': 'Poorly'}, 'done': True, 'done_reason': 'stop', 'total_duration': 9157288052, 'load_duration': 7298480462, 'prompt_eval_count': 305, 'prompt_eval_duration': 76860997, 'eval_count': 3, 'eval_duration': 18276568}
Response: Poorly
Analyzing frame 28/102: q_21_main_0_30fps_frame0060.png
Prompt: Given the human reaction shown in the image, do you think the situation observed by that human ends well or poorly? (Use only one word -- well or poorly -- to answer)
Image size: 14000 bytes
Response status code: 200
{'model': 'gemma3', 'created_at': '2025-12-01T19:48:59.683002454Z', 'message': {'role': 'assistant', 'content': 'Poorly'}, 'done': True, 'done_reason': 'stop', 'total_duration': 9292295322, 'load_duration': 7445392976, 'prompt_eval_count': 305, 'prompt_eval_duration': 76301267, 'eval_count': 3, 'eval_duration': 18607516}
Response: Poorly
Analyzing frame 29/102: q_21_main_0_30fps_frame0075.png
Prompt: Given the human reaction shown in the image, do you think the situation observed by that human ends well or poorly? (Use only one word -- well or poorly -- to answer)
Image size: 14104 bytes
Response status code: 200
{'model': 'gemma3', 'created_at': '2025-12-01T19:49:09.901902019Z', 'message': {'role': 'assistant', 'content': 'Poorly'}, 'done': True, 'done_reason': 'stop', 'total_duration': 9187538670, 'load_duration': 7318011711, 'prompt_eval_count': 305, 'prompt_eval_duration': 77067322, 'eval_count': 3, 'eval_duration': 20096289}
Response: Poorly
Analyzing frame 30/102: q_21_main_0_30fps_frame0090.png
Prompt: Given the human reaction shown in the image, do you think the situation observed by that human ends well or poorly? (Use only one word -- well or poorly -- to answer)
Image size: 14060 bytes
Response status code: 200
{'model': 'gemma3', 'created_at': '2025-12-01T19:49:20.313681246Z', 'message': {'role': 'assistant', 'content': 'Poorly'}, 'done': True, 'done_reason': 'stop', 'total_duration': 9368808798, 'load_duration': 7467085596, 'prompt_eval_count': 305, 'prompt_eval_duration': 76800021, 'eval_count': 3, 'eval_duration': 18461429}
Response: Poorly
Analyzing frame 31/102: q_22_main_0_30fps_frame0015.png
Prompt: Given the human reaction shown in the image, do you think the situation observed by that human ends well or poorly? (Use only one word -- well or poorly -- to answer)
Image size: 12140 bytes
Response status code: 200
{'model': 'gemma3', 'created_at': '2025-12-01T19:49:30.482381518Z', 'message': {'role': 'assistant', 'content': 'Poorly'}, 'done': True, 'done_reason': 'stop', 'total_duration': 9131123667, 'load_duration': 7301717103, 'prompt_eval_count': 305, 'prompt_eval_duration': 80265689, 'eval_count': 3, 'eval_duration': 18413541}
Response: Poorly
Analyzing frame 32/102: q_22_main_0_30fps_frame0030.png
Prompt: Given the human reaction shown in the image, do you think the situation observed by that human ends well or poorly? (Use only one word -- well or poorly -- to answer)
Image size: 10808 bytes
Response status code: 200
{'model': 'gemma3', 'created_at': '2025-12-01T19:49:40.86040888Z', 'message': {'role': 'assistant', 'content': 'Poorly'}, 'done': True, 'done_reason': 'stop', 'total_duration': 9349100089, 'load_duration': 7511965317, 'prompt_eval_count': 305, 'prompt_eval_duration': 76631390, 'eval_count': 3, 'eval_duration': 18509580}
Response: Poorly
Analyzing frame 33/102: q_22_main_0_30fps_frame0045.png
Prompt: Given the human reaction shown in the image, do you think the situation observed by that human ends well or poorly? (Use only one word -- well or poorly -- to answer)
Image size: 9704 bytes
Response status code: 200
{'model': 'gemma3', 'created_at': '2025-12-01T19:49:50.982819801Z', 'message': {'role': 'assistant', 'content': 'Poorly'}, 'done': True, 'done_reason': 'stop', 'total_duration': 9094732363, 'load_duration': 7265034466, 'prompt_eval_count': 305, 'prompt_eval_duration': 76970642, 'eval_count': 3, 'eval_duration': 21843569}
Response: Poorly
Analyzing frame 34/102: q_22_main_0_30fps_frame0060.png
Prompt: Given the human reaction shown in the image, do you think the situation observed by that human ends well or poorly? (Use only one word -- well or poorly -- to answer)
Image size: 11484 bytes
Response status code: 200
{'model': 'gemma3', 'created_at': '2025-12-01T19:50:01.342092278Z', 'message': {'role': 'assistant', 'content': 'Poorly'}, 'done': True, 'done_reason': 'stop', 'total_duration': 9317468610, 'load_duration': 7467886408, 'prompt_eval_count': 305, 'prompt_eval_duration': 76975098, 'eval_count': 3, 'eval_duration': 21062449}
Response: Poorly
Analyzing frame 35/102: q_22_main_0_30fps_frame0075.png
Prompt: Given the human reaction shown in the image, do you think the situation observed by that human ends well or poorly? (Use only one word -- well or poorly -- to answer)
Image size: 12164 bytes
Response status code: 200
{'model': 'gemma3', 'created_at': '2025-12-01T19:50:11.490813341Z', 'message': {'role': 'assistant', 'content': 'Poorly'}, 'done': True, 'done_reason': 'stop', 'total_duration': 9105954345, 'load_duration': 7270401273, 'prompt_eval_count': 305, 'prompt_eval_duration': 76341351, 'eval_count': 3, 'eval_duration': 18303646}
Response: Poorly
Analyzing frame 36/102: q_22_main_0_30fps_frame0090.png
Prompt: Given the human reaction shown in the image, do you think the situation observed by that human ends well or poorly? (Use only one word -- well or poorly -- to answer)
Image size: 12372 bytes
Response status code: 200
{'model': 'gemma3', 'created_at': '2025-12-01T19:50:21.955858452Z', 'message': {'role': 'assistant', 'content': 'Poorly'}, 'done': True, 'done_reason': 'stop', 'total_duration': 9432742645, 'load_duration': 7570725671, 'prompt_eval_count': 305, 'prompt_eval_duration': 76921540, 'eval_count': 3, 'eval_duration': 19552275}
Response: Poorly
Analyzing frame 37/102: q_26_main_1_30fps_frame0014.png
Prompt: Given the human reaction shown in the image, do you think the situation observed by that human ends well or poorly? (Use only one word -- well or poorly -- to answer)
Image size: 13820 bytes
Response status code: 200
{'model': 'gemma3', 'created_at': '2025-12-01T19:50:32.259566331Z', 'message': {'role': 'assistant', 'content': 'Poorly'}, 'done': True, 'done_reason': 'stop', 'total_duration': 9274567851, 'load_duration': 7388295191, 'prompt_eval_count': 305, 'prompt_eval_duration': 76814446, 'eval_count': 3, 'eval_duration': 19034951}
Response: Poorly
Analyzing frame 38/102: q_26_main_1_30fps_frame0029.png
Prompt: Given the human reaction shown in the image, do you think the situation observed by that human ends well or poorly? (Use only one word -- well or poorly -- to answer)
Image size: 13816 bytes
Response status code: 200
{'model': 'gemma3', 'created_at': '2025-12-01T19:50:42.5956238Z', 'message': {'role': 'assistant', 'content': 'Poorly'}, 'done': True, 'done_reason': 'stop', 'total_duration': 9305498508, 'load_duration': 7437888983, 'prompt_eval_count': 305, 'prompt_eval_duration': 76820673, 'eval_count': 3, 'eval_duration': 24010668}
Response: Poorly
Analyzing frame 39/102: q_26_main_1_30fps_frame0044.png
Prompt: Given the human reaction shown in the image, do you think the situation observed by that human ends well or poorly? (Use only one word -- well or poorly -- to answer)
Image size: 13504 bytes
Response status code: 200
{'model': 'gemma3', 'created_at': '2025-12-01T19:50:52.836095555Z', 'message': {'role': 'assistant', 'content': 'Poorly'}, 'done': True, 'done_reason': 'stop', 'total_duration': 9199359800, 'load_duration': 7305843767, 'prompt_eval_count': 305, 'prompt_eval_duration': 76154045, 'eval_count': 3, 'eval_duration': 18328605}
Response: Poorly
Analyzing frame 40/102: q_26_main_1_30fps_frame0059.png
Prompt: Given the human reaction shown in the image, do you think the situation observed by that human ends well or poorly? (Use only one word -- well or poorly -- to answer)
Image size: 11852 bytes
Response status code: 200
{'model': 'gemma3', 'created_at': '2025-12-01T19:51:03.159917968Z', 'message': {'role': 'assistant', 'content': 'Poorly'}, 'done': True, 'done_reason': 'stop', 'total_duration': 9304941618, 'load_duration': 7437747698, 'prompt_eval_count': 305, 'prompt_eval_duration': 76330256, 'eval_count': 3, 'eval_duration': 18448719}
Response: Poorly
Analyzing frame 41/102: q_26_main_1_30fps_frame0074.png
Prompt: Given the human reaction shown in the image, do you think the situation observed by that human ends well or poorly? (Use only one word -- well or poorly -- to answer)
Image size: 12980 bytes
Response status code: 200
{'model': 'gemma3', 'created_at': '2025-12-01T19:51:13.436122234Z', 'message': {'role': 'assistant', 'content': 'Poorly'}, 'done': True, 'done_reason': 'stop', 'total_duration': 9247143014, 'load_duration': 7385748660, 'prompt_eval_count': 305, 'prompt_eval_duration': 76580219, 'eval_count': 3, 'eval_duration': 18851045}
Response: Poorly
Analyzing frame 42/102: q_26_main_1_30fps_frame0089.png
Prompt: Given the human reaction shown in the image, do you think the situation observed by that human ends well or poorly? (Use only one word -- well or poorly -- to answer)
Image size: 13220 bytes
Response status code: 200
{'model': 'gemma3', 'created_at': '2025-12-01T19:51:23.742396646Z', 'message': {'role': 'assistant', 'content': 'Poorly'}, 'done': True, 'done_reason': 'stop', 'total_duration': 9278685108, 'load_duration': 7418054164, 'prompt_eval_count': 305, 'prompt_eval_duration': 77418434, 'eval_count': 3, 'eval_duration': 18818709}
Response: Poorly
Analyzing frame 43/102: q_29_main_0_30fps_frame0014.png
Prompt: Given the human reaction shown in the image, do you think the situation observed by that human ends well or poorly? (Use only one word -- well or poorly -- to answer)
Image size: 12076 bytes
Response status code: 200
{'model': 'gemma3', 'created_at': '2025-12-01T19:51:33.958188931Z', 'message': {'role': 'assistant', 'content': 'Poorly'}, 'done': True, 'done_reason': 'stop', 'total_duration': 9174433609, 'load_duration': 7336105070, 'prompt_eval_count': 305, 'prompt_eval_duration': 76894034, 'eval_count': 3, 'eval_duration': 18987870}
Response: Poorly
Analyzing frame 44/102: q_29_main_0_30fps_frame0029.png
Prompt: Given the human reaction shown in the image, do you think the situation observed by that human ends well or poorly? (Use only one word -- well or poorly -- to answer)
Image size: 11076 bytes
Response status code: 200
{'model': 'gemma3', 'created_at': '2025-12-01T19:51:44.371577726Z', 'message': {'role': 'assistant', 'content': 'Poorly'}, 'done': True, 'done_reason': 'stop', 'total_duration': 9383545940, 'load_duration': 7472351486, 'prompt_eval_count': 305, 'prompt_eval_duration': 76701145, 'eval_count': 3, 'eval_duration': 18359246}
Response: Poorly
Analyzing frame 45/102: q_29_main_0_30fps_frame0044.png
Prompt: Given the human reaction shown in the image, do you think the situation observed by that human ends well or poorly? (Use only one word -- well or poorly -- to answer)
Image size: 11432 bytes
Response status code: 200
{'model': 'gemma3', 'created_at': '2025-12-01T19:51:54.702937616Z', 'message': {'role': 'assistant', 'content': 'Poorly'}, 'done': True, 'done_reason': 'stop', 'total_duration': 9278943671, 'load_duration': 7393139556, 'prompt_eval_count': 305, 'prompt_eval_duration': 76366680, 'eval_count': 3, 'eval_duration': 18742496}
Response: Poorly
Analyzing frame 46/102: q_29_main_0_30fps_frame0059.png
Prompt: Given the human reaction shown in the image, do you think the situation observed by that human ends well or poorly? (Use only one word -- well or poorly -- to answer)
Image size: 11624 bytes
Response status code: 200
{'model': 'gemma3', 'created_at': '2025-12-01T19:52:05.106043637Z', 'message': {'role': 'assistant', 'content': 'Poorly'}, 'done': True, 'done_reason': 'stop', 'total_duration': 9371701219, 'load_duration': 7528263729, 'prompt_eval_count': 305, 'prompt_eval_duration': 76493655, 'eval_count': 3, 'eval_duration': 18395810}
Response: Poorly
Analyzing frame 47/102: q_29_main_0_30fps_frame0074.png
Prompt: Given the human reaction shown in the image, do you think the situation observed by that human ends well or poorly? (Use only one word -- well or poorly -- to answer)
Image size: 11956 bytes
Response status code: 200
{'model': 'gemma3', 'created_at': '2025-12-01T19:52:15.230076839Z', 'message': {'role': 'assistant', 'content': 'Poorly'}, 'done': True, 'done_reason': 'stop', 'total_duration': 9058840885, 'load_duration': 7176609790, 'prompt_eval_count': 305, 'prompt_eval_duration': 76257025, 'eval_count': 3, 'eval_duration': 18360758}
Response: Poorly
Analyzing frame 48/102: q_29_main_0_30fps_frame0089.png
Prompt: Given the human reaction shown in the image, do you think the situation observed by that human ends well or poorly? (Use only one word -- well or poorly -- to answer)
Image size: 11564 bytes
Response status code: 200
{'model': 'gemma3', 'created_at': '2025-12-01T19:52:25.631428211Z', 'message': {'role': 'assistant', 'content': 'Poorly'}, 'done': True, 'done_reason': 'stop', 'total_duration': 9371034369, 'load_duration': 7503794728, 'prompt_eval_count': 305, 'prompt_eval_duration': 76724121, 'eval_count': 3, 'eval_duration': 18402318}
Response: Poorly
Analyzing frame 49/102: q_2_main_1_30fps_frame0015.png
Prompt: Given the human reaction shown in the image, do you think the situation observed by that human ends well or poorly? (Use only one word -- well or poorly -- to answer)
Image size: 12432 bytes
Response status code: 200
{'model': 'gemma3', 'created_at': '2025-12-01T19:52:36.148442745Z', 'message': {'role': 'assistant', 'content': 'Poorly'}, 'done': True, 'done_reason': 'stop', 'total_duration': 9479850532, 'load_duration': 7628092377, 'prompt_eval_count': 305, 'prompt_eval_duration': 76533185, 'eval_count': 3, 'eval_duration': 18429280}
Response: Poorly
Analyzing frame 50/102: q_2_main_1_30fps_frame0030.png
Prompt: Given the human reaction shown in the image, do you think the situation observed by that human ends well or poorly? (Use only one word -- well or poorly -- to answer)
Image size: 12200 bytes
Response status code: 200
{'model': 'gemma3', 'created_at': '2025-12-01T19:52:46.47309901Z', 'message': {'role': 'assistant', 'content': 'Poorly'}, 'done': True, 'done_reason': 'stop', 'total_duration': 9294436078, 'load_duration': 7437816214, 'prompt_eval_count': 305, 'prompt_eval_duration': 76313624, 'eval_count': 3, 'eval_duration': 21054084}
Response: Poorly
Analyzing frame 51/102: q_2_main_1_30fps_frame0045.png
Prompt: Given the human reaction shown in the image, do you think the situation observed by that human ends well or poorly? (Use only one word -- well or poorly -- to answer)
Image size: 12064 bytes
Response status code: 200
{'model': 'gemma3', 'created_at': '2025-12-01T19:52:56.646712918Z', 'message': {'role': 'assistant', 'content': 'Poorly'}, 'done': True, 'done_reason': 'stop', 'total_duration': 9130572260, 'load_duration': 7287243051, 'prompt_eval_count': 305, 'prompt_eval_duration': 76723392, 'eval_count': 3, 'eval_duration': 18480802}
Response: Poorly
Analyzing frame 52/102: q_2_main_1_30fps_frame0060.png
Prompt: Given the human reaction shown in the image, do you think the situation observed by that human ends well or poorly? (Use only one word -- well or poorly -- to answer)
Image size: 12348 bytes
Response status code: 200
{'model': 'gemma3', 'created_at': '2025-12-01T19:53:06.810767308Z', 'message': {'role': 'assistant', 'content': 'Poorly'}, 'done': True, 'done_reason': 'stop', 'total_duration': 9127310468, 'load_duration': 7260962961, 'prompt_eval_count': 305, 'prompt_eval_duration': 76409410, 'eval_count': 3, 'eval_duration': 18416677}
Response: Poorly
Analyzing frame 53/102: q_2_main_1_30fps_frame0075.png
Prompt: Given the human reaction shown in the image, do you think the situation observed by that human ends well or poorly? (Use only one word -- well or poorly -- to answer)
Image size: 12260 bytes
Response status code: 200
{'model': 'gemma3', 'created_at': '2025-12-01T19:53:17.060982888Z', 'message': {'role': 'assistant', 'content': 'Poorly'}, 'done': True, 'done_reason': 'stop', 'total_duration': 9205785638, 'load_duration': 7378201224, 'prompt_eval_count': 305, 'prompt_eval_duration': 77024628, 'eval_count': 3, 'eval_duration': 18768720}
Response: Poorly
Analyzing frame 54/102: q_2_main_1_30fps_frame0090.png
Prompt: Given the human reaction shown in the image, do you think the situation observed by that human ends well or poorly? (Use only one word -- well or poorly -- to answer)
Image size: 12200 bytes
Response status code: 200
{'model': 'gemma3', 'created_at': '2025-12-01T19:53:27.406395969Z', 'message': {'role': 'assistant', 'content': 'Poorly'}, 'done': True, 'done_reason': 'stop', 'total_duration': 9315090394, 'load_duration': 7458933882, 'prompt_eval_count': 305, 'prompt_eval_duration': 77071057, 'eval_count': 3, 'eval_duration': 18826648}
Response: Poorly
Analyzing frame 55/102: q_30_main_0_30fps_frame0014.png
Prompt: Given the human reaction shown in the image, do you think the situation observed by that human ends well or poorly? (Use only one word -- well or poorly -- to answer)
Image size: 13796 bytes
Response status code: 200
{'model': 'gemma3', 'created_at': '2025-12-01T19:53:37.686639294Z', 'message': {'role': 'assistant', 'content': 'Poorly'}, 'done': True, 'done_reason': 'stop', 'total_duration': 9234071570, 'load_duration': 7373274241, 'prompt_eval_count': 305, 'prompt_eval_duration': 76725628, 'eval_count': 3, 'eval_duration': 18392325}
Response: Poorly
Analyzing frame 56/102: q_30_main_0_30fps_frame0029.png
Prompt: Given the human reaction shown in the image, do you think the situation observed by that human ends well or poorly? (Use only one word -- well or poorly -- to answer)
Image size: 12276 bytes
Response status code: 200
{'model': 'gemma3', 'created_at': '2025-12-01T19:53:48.069914295Z', 'message': {'role': 'assistant', 'content': 'Poorly'}, 'done': True, 'done_reason': 'stop', 'total_duration': 9352941433, 'load_duration': 7458145072, 'prompt_eval_count': 305, 'prompt_eval_duration': 76110575, 'eval_count': 3, 'eval_duration': 18312457}
Response: Poorly
Analyzing frame 57/102: q_30_main_0_30fps_frame0044.png
Prompt: Given the human reaction shown in the image, do you think the situation observed by that human ends well or poorly? (Use only one word -- well or poorly -- to answer)
Image size: 11072 bytes
Response status code: 200
{'model': 'gemma3', 'created_at': '2025-12-01T19:53:58.3504957Z', 'message': {'role': 'assistant', 'content': 'Poorly'}, 'done': True, 'done_reason': 'stop', 'total_duration': 9243643177, 'load_duration': 7383346366, 'prompt_eval_count': 305, 'prompt_eval_duration': 76611296, 'eval_count': 3, 'eval_duration': 18257128}
Response: Poorly
Analyzing frame 58/102: q_30_main_0_30fps_frame0059.png
Prompt: Given the human reaction shown in the image, do you think the situation observed by that human ends well or poorly? (Use only one word -- well or poorly -- to answer)
Image size: 13164 bytes
Response status code: 200
{'model': 'gemma3', 'created_at': '2025-12-01T19:54:08.641329452Z', 'message': {'role': 'assistant', 'content': 'Poorly'}, 'done': True, 'done_reason': 'stop', 'total_duration': 9259271447, 'load_duration': 7408436156, 'prompt_eval_count': 305, 'prompt_eval_duration': 76287219, 'eval_count': 3, 'eval_duration': 18392270}
Response: Poorly
Analyzing frame 59/102: q_30_main_0_30fps_frame0074.png
Prompt: Given the human reaction shown in the image, do you think the situation observed by that human ends well or poorly? (Use only one word -- well or poorly -- to answer)
Image size: 13340 bytes
Response status code: 200
{'model': 'gemma3', 'created_at': '2025-12-01T19:54:18.970871635Z', 'message': {'role': 'assistant', 'content': 'Poorly'}, 'done': True, 'done_reason': 'stop', 'total_duration': 9282123849, 'load_duration': 7397693716, 'prompt_eval_count': 305, 'prompt_eval_duration': 77658498, 'eval_count': 3, 'eval_duration': 18323608}
Response: Poorly
Analyzing frame 60/102: q_30_main_0_30fps_frame0089.png
Prompt: Given the human reaction shown in the image, do you think the situation observed by that human ends well or poorly? (Use only one word -- well or poorly -- to answer)
Image size: 13708 bytes
Response status code: 200
{'model': 'gemma3', 'created_at': '2025-12-01T19:54:29.314041471Z', 'message': {'role': 'assistant', 'content': 'Poorly'}, 'done': True, 'done_reason': 'stop', 'total_duration': 9312438989, 'load_duration': 7483488714, 'prompt_eval_count': 305, 'prompt_eval_duration': 76444898, 'eval_count': 3, 'eval_duration': 18477951}
Response: Poorly
Analyzing frame 61/102: q_3_main_0_30fps_frame0014.png
Prompt: Given the human reaction shown in the image, do you think the situation observed by that human ends well or poorly? (Use only one word -- well or poorly -- to answer)
Image size: 12336 bytes
Response status code: 200
{'model': 'gemma3', 'created_at': '2025-12-01T19:54:39.453102305Z', 'message': {'role': 'assistant', 'content': 'Poorly'}, 'done': True, 'done_reason': 'stop', 'total_duration': 9100227283, 'load_duration': 7212140163, 'prompt_eval_count': 305, 'prompt_eval_duration': 76328294, 'eval_count': 3, 'eval_duration': 18394664}
Response: Poorly
Analyzing frame 62/102: q_3_main_0_30fps_frame0029.png
Prompt: Given the human reaction shown in the image, do you think the situation observed by that human ends well or poorly? (Use only one word -- well or poorly -- to answer)
Image size: 12424 bytes
Response status code: 200
{'model': 'gemma3', 'created_at': '2025-12-01T19:54:49.604893343Z', 'message': {'role': 'assistant', 'content': 'Poorly'}, 'done': True, 'done_reason': 'stop', 'total_duration': 9121240713, 'load_duration': 7262135829, 'prompt_eval_count': 305, 'prompt_eval_duration': 76287065, 'eval_count': 3, 'eval_duration': 18363922}
Response: Poorly
Analyzing frame 63/102: q_3_main_0_30fps_frame0044.png
Prompt: Given the human reaction shown in the image, do you think the situation observed by that human ends well or poorly? (Use only one word -- well or poorly -- to answer)
Image size: 12392 bytes
Response status code: 200
{'model': 'gemma3', 'created_at': '2025-12-01T19:55:00.012068902Z', 'message': {'role': 'assistant', 'content': 'Poorly'}, 'done': True, 'done_reason': 'stop', 'total_duration': 9368755610, 'load_duration': 7489392586, 'prompt_eval_count': 305, 'prompt_eval_duration': 76524852, 'eval_count': 3, 'eval_duration': 18320996}
Response: Poorly
Analyzing frame 64/102: q_3_main_0_30fps_frame0059.png
Prompt: Given the human reaction shown in the image, do you think the situation observed by that human ends well or poorly? (Use only one word -- well or poorly -- to answer)
Image size: 12352 bytes
Response status code: 200
{'model': 'gemma3', 'created_at': '2025-12-01T19:55:10.282925931Z', 'message': {'role': 'assistant', 'content': 'Poorly'}, 'done': True, 'done_reason': 'stop', 'total_duration': 9241282845, 'load_duration': 7364228111, 'prompt_eval_count': 305, 'prompt_eval_duration': 77294345, 'eval_count': 3, 'eval_duration': 18551485}
Response: Poorly
Analyzing frame 65/102: q_3_main_0_30fps_frame0074.png
Prompt: Given the human reaction shown in the image, do you think the situation observed by that human ends well or poorly? (Use only one word -- well or poorly -- to answer)
Image size: 12480 bytes
Response status code: 200
{'model': 'gemma3', 'created_at': '2025-12-01T19:55:20.616008256Z', 'message': {'role': 'assistant', 'content': 'Poorly'}, 'done': True, 'done_reason': 'stop', 'total_duration': 9293080014, 'load_duration': 7438664224, 'prompt_eval_count': 305, 'prompt_eval_duration': 76515649, 'eval_count': 3, 'eval_duration': 18812677}
Response: Poorly
Analyzing frame 66/102: q_3_main_0_30fps_frame0089.png
Prompt: Given the human reaction shown in the image, do you think the situation observed by that human ends well or poorly? (Use only one word -- well or poorly -- to answer)
Image size: 12316 bytes
Response status code: 200
{'model': 'gemma3', 'created_at': '2025-12-01T19:55:30.8428315Z', 'message': {'role': 'assistant', 'content': 'Poorly'}, 'done': True, 'done_reason': 'stop', 'total_duration': 9196047238, 'load_duration': 7369640584, 'prompt_eval_count': 305, 'prompt_eval_duration': 76696885, 'eval_count': 3, 'eval_duration': 18466084}
Response: Poorly
Analyzing frame 67/102: q_5_main_0_30fps_frame0014.png
Prompt: Given the human reaction shown in the image, do you think the situation observed by that human ends well or poorly? (Use only one word -- well or poorly -- to answer)
Image size: 12160 bytes
Response status code: 200
{'model': 'gemma3', 'created_at': '2025-12-01T19:55:41.101902789Z', 'message': {'role': 'assistant', 'content': 'Poorly'}, 'done': True, 'done_reason': 'stop', 'total_duration': 9215683652, 'load_duration': 7391777801, 'prompt_eval_count': 305, 'prompt_eval_duration': 76708068, 'eval_count': 3, 'eval_duration': 18870820}
Response: Poorly
Analyzing frame 68/102: q_5_main_0_30fps_frame0029.png
Prompt: Given the human reaction shown in the image, do you think the situation observed by that human ends well or poorly? (Use only one word -- well or poorly -- to answer)
Image size: 10680 bytes
Response status code: 200
{'model': 'gemma3', 'created_at': '2025-12-01T19:55:51.373930061Z', 'message': {'role': 'assistant', 'content': 'Poorly'}, 'done': True, 'done_reason': 'stop', 'total_duration': 9241136154, 'load_duration': 7376092360, 'prompt_eval_count': 305, 'prompt_eval_duration': 76476269, 'eval_count': 3, 'eval_duration': 18348357}
Response: Poorly
Analyzing frame 69/102: q_5_main_0_30fps_frame0044.png
Prompt: Given the human reaction shown in the image, do you think the situation observed by that human ends well or poorly? (Use only one word -- well or poorly -- to answer)
Image size: 10360 bytes
Response status code: 200
{'model': 'gemma3', 'created_at': '2025-12-01T19:56:01.575887904Z', 'message': {'role': 'assistant', 'content': 'Poorly'}, 'done': True, 'done_reason': 'stop', 'total_duration': 9156795836, 'load_duration': 7293820391, 'prompt_eval_count': 305, 'prompt_eval_duration': 76284034, 'eval_count': 3, 'eval_duration': 18505086}
Response: Poorly
Analyzing frame 70/102: q_5_main_0_30fps_frame0059.png
Prompt: Given the human reaction shown in the image, do you think the situation observed by that human ends well or poorly? (Use only one word -- well or poorly -- to answer)
Image size: 12052 bytes
Response status code: 200
{'model': 'gemma3', 'created_at': '2025-12-01T19:56:11.748985458Z', 'message': {'role': 'assistant', 'content': 'Poorly'}, 'done': True, 'done_reason': 'stop', 'total_duration': 9142521026, 'load_duration': 7302034664, 'prompt_eval_count': 305, 'prompt_eval_duration': 76577793, 'eval_count': 3, 'eval_duration': 18337896}
Response: Poorly
Analyzing frame 71/102: q_5_main_0_30fps_frame0074.png
Prompt: Given the human reaction shown in the image, do you think the situation observed by that human ends well or poorly? (Use only one word -- well or poorly -- to answer)
Image size: 12552 bytes
Response status code: 200
{'model': 'gemma3', 'created_at': '2025-12-01T19:56:21.856683577Z', 'message': {'role': 'assistant', 'content': 'Poorly'}, 'done': True, 'done_reason': 'stop', 'total_duration': 9064047950, 'load_duration': 7201600830, 'prompt_eval_count': 305, 'prompt_eval_duration': 83201971, 'eval_count': 3, 'eval_duration': 18612548}
Response: Poorly
Analyzing frame 72/102: q_5_main_0_30fps_frame0089.png
Prompt: Given the human reaction shown in the image, do you think the situation observed by that human ends well or poorly? (Use only one word -- well or poorly -- to answer)
Image size: 12452 bytes
Response status code: 200
{'model': 'gemma3', 'created_at': '2025-12-01T19:56:32.232462341Z', 'message': {'role': 'assistant', 'content': 'Poorly'}, 'done': True, 'done_reason': 'stop', 'total_duration': 9345980285, 'load_duration': 7510001289, 'prompt_eval_count': 305, 'prompt_eval_duration': 76723685, 'eval_count': 3, 'eval_duration': 18659851}
Response: Poorly
Analyzing frame 73/102: q_6_main_1_30fps_frame0014.png
Prompt: Given the human reaction shown in the image, do you think the situation observed by that human ends well or poorly? (Use only one word -- well or poorly -- to answer)
Image size: 13492 bytes
Response status code: 200
{'model': 'gemma3', 'created_at': '2025-12-01T19:56:42.750293127Z', 'message': {'role': 'assistant', 'content': 'Poorly'}, 'done': True, 'done_reason': 'stop', 'total_duration': 9469916526, 'load_duration': 7592782753, 'prompt_eval_count': 305, 'prompt_eval_duration': 76625836, 'eval_count': 3, 'eval_duration': 18347241}
Response: Poorly
Analyzing frame 74/102: q_6_main_1_30fps_frame0029.png
Prompt: Given the human reaction shown in the image, do you think the situation observed by that human ends well or poorly? (Use only one word -- well or poorly -- to answer)
Image size: 13408 bytes
Response status code: 200
{'model': 'gemma3', 'created_at': '2025-12-01T19:56:52.987803303Z', 'message': {'role': 'assistant', 'content': 'Poorly'}, 'done': True, 'done_reason': 'stop', 'total_duration': 9207475534, 'load_duration': 7338170482, 'prompt_eval_count': 305, 'prompt_eval_duration': 89033340, 'eval_count': 3, 'eval_duration': 18462334}
Response: Poorly
Analyzing frame 75/102: q_6_main_1_30fps_frame0044.png
Prompt: Given the human reaction shown in the image, do you think the situation observed by that human ends well or poorly? (Use only one word -- well or poorly -- to answer)
Image size: 13612 bytes
Response status code: 200
{'model': 'gemma3', 'created_at': '2025-12-01T19:57:03.248543329Z', 'message': {'role': 'assistant', 'content': 'Poorly'}, 'done': True, 'done_reason': 'stop', 'total_duration': 9220364728, 'load_duration': 7378325070, 'prompt_eval_count': 305, 'prompt_eval_duration': 75612958, 'eval_count': 3, 'eval_duration': 18372522}
Response: Poorly
Analyzing frame 76/102: q_6_main_1_30fps_frame0059.png
Prompt: Given the human reaction shown in the image, do you think the situation observed by that human ends well or poorly? (Use only one word -- well or poorly -- to answer)
Image size: 13480 bytes
Response status code: 200
{'model': 'gemma3', 'created_at': '2025-12-01T19:57:13.623075891Z', 'message': {'role': 'assistant', 'content': 'Poorly'}, 'done': True, 'done_reason': 'stop', 'total_duration': 9342432060, 'load_duration': 7495604162, 'prompt_eval_count': 305, 'prompt_eval_duration': 75970183, 'eval_count': 3, 'eval_duration': 18386156}
Response: Poorly
Analyzing frame 77/102: q_6_main_1_30fps_frame0074.png
Prompt: Given the human reaction shown in the image, do you think the situation observed by that human ends well or poorly? (Use only one word -- well or poorly -- to answer)
Image size: 13484 bytes
Response status code: 200
{'model': 'gemma3', 'created_at': '2025-12-01T19:57:23.81039716Z', 'message': {'role': 'assistant', 'content': 'Poorly'}, 'done': True, 'done_reason': 'stop', 'total_duration': 9125850369, 'load_duration': 7304332842, 'prompt_eval_count': 305, 'prompt_eval_duration': 76933100, 'eval_count': 3, 'eval_duration': 19518104}
Response: Poorly
Analyzing frame 78/102: q_6_main_1_30fps_frame0089.png
Prompt: Given the human reaction shown in the image, do you think the situation observed by that human ends well or poorly? (Use only one word -- well or poorly -- to answer)
Image size: 13544 bytes
Response status code: 200
{'model': 'gemma3', 'created_at': '2025-12-01T19:57:34.069014549Z', 'message': {'role': 'assistant', 'content': 'Poorly'}, 'done': True, 'done_reason': 'stop', 'total_duration': 9228103950, 'load_duration': 7314298899, 'prompt_eval_count': 305, 'prompt_eval_duration': 76471693, 'eval_count': 3, 'eval_duration': 18344009}
Response: Poorly
Analyzing frame 79/102: q_7_main_1_30fps_frame0015.png
Prompt: Given the human reaction shown in the image, do you think the situation observed by that human ends well or poorly? (Use only one word -- well or poorly -- to answer)
Image size: 11928 bytes
Response status code: 200
{'model': 'gemma3', 'created_at': '2025-12-01T19:57:44.482298763Z', 'message': {'role': 'assistant', 'content': 'Poorly'}, 'done': True, 'done_reason': 'stop', 'total_duration': 9368791244, 'load_duration': 7533740809, 'prompt_eval_count': 305, 'prompt_eval_duration': 76705898, 'eval_count': 3, 'eval_duration': 21415917}
Response: Poorly
Analyzing frame 80/102: q_7_main_1_30fps_frame0030.png
Prompt: Given the human reaction shown in the image, do you think the situation observed by that human ends well or poorly? (Use only one word -- well or poorly -- to answer)
Image size: 10980 bytes
Response status code: 200
{'model': 'gemma3', 'created_at': '2025-12-01T19:57:54.774047627Z', 'message': {'role': 'assistant', 'content': 'Poorly'}, 'done': True, 'done_reason': 'stop', 'total_duration': 9261171661, 'load_duration': 7358180803, 'prompt_eval_count': 305, 'prompt_eval_duration': 76667410, 'eval_count': 3, 'eval_duration': 18342736}
Response: Poorly
Analyzing frame 81/102: q_7_main_1_30fps_frame0045.png
Prompt: Given the human reaction shown in the image, do you think the situation observed by that human ends well or poorly? (Use only one word -- well or poorly -- to answer)
Image size: 10456 bytes
Response status code: 200
{'model': 'gemma3', 'created_at': '2025-12-01T19:58:05.105121626Z', 'message': {'role': 'assistant', 'content': 'Poorly'}, 'done': True, 'done_reason': 'stop', 'total_duration': 9285727143, 'load_duration': 7433812226, 'prompt_eval_count': 305, 'prompt_eval_duration': 76733307, 'eval_count': 3, 'eval_duration': 18415595}
Response: Poorly
Analyzing frame 82/102: q_7_main_1_30fps_frame0060.png
Prompt: Given the human reaction shown in the image, do you think the situation observed by that human ends well or poorly? (Use only one word -- well or poorly -- to answer)
Image size: 11768 bytes
Response status code: 200
{'model': 'gemma3', 'created_at': '2025-12-01T19:58:15.344424643Z', 'message': {'role': 'assistant', 'content': 'Poorly'}, 'done': True, 'done_reason': 'stop', 'total_duration': 9208868437, 'load_duration': 7335719060, 'prompt_eval_count': 305, 'prompt_eval_duration': 76437143, 'eval_count': 3, 'eval_duration': 18316664}
Response: Poorly
Analyzing frame 83/102: q_7_main_1_30fps_frame0075.png
Prompt: Given the human reaction shown in the image, do you think the situation observed by that human ends well or poorly? (Use only one word -- well or poorly -- to answer)
Image size: 12508 bytes
Response status code: 200
{'model': 'gemma3', 'created_at': '2025-12-01T19:58:25.568827872Z', 'message': {'role': 'assistant', 'content': 'Poorly'}, 'done': True, 'done_reason': 'stop', 'total_duration': 9193557781, 'load_duration': 7346108200, 'prompt_eval_count': 305, 'prompt_eval_duration': 77385204, 'eval_count': 3, 'eval_duration': 18756530}
Response: Poorly
Analyzing frame 84/102: q_7_main_1_30fps_frame0090.png
Prompt: Given the human reaction shown in the image, do you think the situation observed by that human ends well or poorly? (Use only one word -- well or poorly -- to answer)
Image size: 12548 bytes
Response status code: 200
{'model': 'gemma3', 'created_at': '2025-12-01T19:58:35.902714398Z', 'message': {'role': 'assistant', 'content': 'Poorly'}, 'done': True, 'done_reason': 'stop', 'total_duration': 9298959311, 'load_duration': 7437718545, 'prompt_eval_count': 305, 'prompt_eval_duration': 76511758, 'eval_count': 3, 'eval_duration': 18426315}
Response: Poorly
Analyzing frame 85/102: q_8_main_0_30fps_frame0014.png
Prompt: Given the human reaction shown in the image, do you think the situation observed by that human ends well or poorly? (Use only one word -- well or poorly -- to answer)
Image size: 12972 bytes
Response status code: 200
{'model': 'gemma3', 'created_at': '2025-12-01T19:58:45.90805303Z', 'message': {'role': 'assistant', 'content': 'Poorly'}, 'done': True, 'done_reason': 'stop', 'total_duration': 8960495910, 'load_duration': 7114723280, 'prompt_eval_count': 305, 'prompt_eval_duration': 76899531, 'eval_count': 3, 'eval_duration': 18860186}
Response: Poorly
Analyzing frame 86/102: q_8_main_0_30fps_frame0029.png
Prompt: Given the human reaction shown in the image, do you think the situation observed by that human ends well or poorly? (Use only one word -- well or poorly -- to answer)
Image size: 12988 bytes
Response status code: 200
{'model': 'gemma3', 'created_at': '2025-12-01T19:58:56.002298853Z', 'message': {'role': 'assistant', 'content': 'Poorly'}, 'done': True, 'done_reason': 'stop', 'total_duration': 9067004927, 'load_duration': 7237850079, 'prompt_eval_count': 305, 'prompt_eval_duration': 76248662, 'eval_count': 3, 'eval_duration': 18357644}
Response: Poorly
Analyzing frame 87/102: q_8_main_0_30fps_frame0044.png
Prompt: Given the human reaction shown in the image, do you think the situation observed by that human ends well or poorly? (Use only one word -- well or poorly -- to answer)
Image size: 12956 bytes
Response status code: 200
{'model': 'gemma3', 'created_at': '2025-12-01T19:59:06.389859451Z', 'message': {'role': 'assistant', 'content': 'Poorly'}, 'done': True, 'done_reason': 'stop', 'total_duration': 9342847134, 'load_duration': 7492484021, 'prompt_eval_count': 305, 'prompt_eval_duration': 76510627, 'eval_count': 3, 'eval_duration': 18355994}
Response: Poorly
Analyzing frame 88/102: q_8_main_0_30fps_frame0059.png
Prompt: Given the human reaction shown in the image, do you think the situation observed by that human ends well or poorly? (Use only one word -- well or poorly -- to answer)
Image size: 12940 bytes
Response status code: 200
{'model': 'gemma3', 'created_at': '2025-12-01T19:59:16.586366053Z', 'message': {'role': 'assistant', 'content': 'Poorly'}, 'done': True, 'done_reason': 'stop', 'total_duration': 9165555504, 'load_duration': 7305817281, 'prompt_eval_count': 305, 'prompt_eval_duration': 75714840, 'eval_count': 3, 'eval_duration': 18467292}
Response: Poorly
Analyzing frame 89/102: q_8_main_0_30fps_frame0074.png
Prompt: Given the human reaction shown in the image, do you think the situation observed by that human ends well or poorly? (Use only one word -- well or poorly -- to answer)
Image size: 12924 bytes
Response status code: 200
{'model': 'gemma3', 'created_at': '2025-12-01T19:59:26.941194041Z', 'message': {'role': 'assistant', 'content': 'Poorly'}, 'done': True, 'done_reason': 'stop', 'total_duration': 9320512714, 'load_duration': 7517501411, 'prompt_eval_count': 305, 'prompt_eval_duration': 77032626, 'eval_count': 3, 'eval_duration': 18875363}
Response: Poorly
Analyzing frame 90/102: q_8_main_0_30fps_frame0089.png
Prompt: Given the human reaction shown in the image, do you think the situation observed by that human ends well or poorly? (Use only one word -- well or poorly -- to answer)
Image size: 12864 bytes
Response status code: 200
{'model': 'gemma3', 'created_at': '2025-12-01T19:59:37.386698339Z', 'message': {'role': 'assistant', 'content': 'Poorly'}, 'done': True, 'done_reason': 'stop', 'total_duration': 9418260038, 'load_duration': 7565968832, 'prompt_eval_count': 305, 'prompt_eval_duration': 76699042, 'eval_count': 3, 'eval_duration': 18371396}
Response: Poorly
Analyzing frame 91/102: q_warmup_3_main_1_30fps_frame0015.png
Prompt: Given the human reaction shown in the image, do you think the situation observed by that human ends well or poorly? (Use only one word -- well or poorly -- to answer)
Image size: 13264 bytes
Response status code: 200
{'model': 'gemma3', 'created_at': '2025-12-01T19:59:47.604847422Z', 'message': {'role': 'assistant', 'content': 'Poorly'}, 'done': True, 'done_reason': 'stop', 'total_duration': 9172272440, 'load_duration': 7320426878, 'prompt_eval_count': 305, 'prompt_eval_duration': 76566786, 'eval_count': 3, 'eval_duration': 18442515}
Response: Poorly
Analyzing frame 92/102: q_warmup_3_main_1_30fps_frame0030.png
Prompt: Given the human reaction shown in the image, do you think the situation observed by that human ends well or poorly? (Use only one word -- well or poorly -- to answer)
Image size: 12832 bytes
Response status code: 200
{'model': 'gemma3', 'created_at': '2025-12-01T19:59:57.84067295Z', 'message': {'role': 'assistant', 'content': 'Poorly'}, 'done': True, 'done_reason': 'stop', 'total_duration': 9207704120, 'load_duration': 7326966471, 'prompt_eval_count': 305, 'prompt_eval_duration': 76341856, 'eval_count': 3, 'eval_duration': 19108070}
Response: Poorly
Analyzing frame 93/102: q_warmup_3_main_1_30fps_frame0045.png
Prompt: Given the human reaction shown in the image, do you think the situation observed by that human ends well or poorly? (Use only one word -- well or poorly -- to answer)
Image size: 12768 bytes
Response status code: 200
{'model': 'gemma3', 'created_at': '2025-12-01T20:00:08.162611917Z', 'message': {'role': 'assistant', 'content': 'Poorly'}, 'done': True, 'done_reason': 'stop', 'total_duration': 9275531412, 'load_duration': 7393134933, 'prompt_eval_count': 305, 'prompt_eval_duration': 76195288, 'eval_count': 3, 'eval_duration': 18334537}
Response: Poorly
Analyzing frame 94/102: q_warmup_3_main_1_30fps_frame0060.png
Prompt: Given the human reaction shown in the image, do you think the situation observed by that human ends well or poorly? (Use only one word -- well or poorly -- to answer)
Image size: 13092 bytes
Response status code: 200
{'model': 'gemma3', 'created_at': '2025-12-01T20:00:18.466088647Z', 'message': {'role': 'assistant', 'content': 'Poorly'}, 'done': True, 'done_reason': 'stop', 'total_duration': 9274160863, 'load_duration': 7423214777, 'prompt_eval_count': 305, 'prompt_eval_duration': 76378615, 'eval_count': 3, 'eval_duration': 19043059}
Response: Poorly
Analyzing frame 95/102: q_warmup_3_main_1_30fps_frame0075.png
Prompt: Given the human reaction shown in the image, do you think the situation observed by that human ends well or poorly? (Use only one word -- well or poorly -- to answer)
Image size: 13356 bytes
Response status code: 200
{'model': 'gemma3', 'created_at': '2025-12-01T20:00:28.776608196Z', 'message': {'role': 'assistant', 'content': 'Poorly'}, 'done': True, 'done_reason': 'stop', 'total_duration': 9265996254, 'load_duration': 7384627968, 'prompt_eval_count': 305, 'prompt_eval_duration': 87908305, 'eval_count': 3, 'eval_duration': 18766499}
Response: Poorly
Analyzing frame 96/102: q_warmup_3_main_1_30fps_frame0090.png
Prompt: Given the human reaction shown in the image, do you think the situation observed by that human ends well or poorly? (Use only one word -- well or poorly -- to answer)
Image size: 13100 bytes
Response status code: 200
{'model': 'gemma3', 'created_at': '2025-12-01T20:00:38.888905695Z', 'message': {'role': 'assistant', 'content': 'Poorly'}, 'done': True, 'done_reason': 'stop', 'total_duration': 9085155748, 'load_duration': 7241093017, 'prompt_eval_count': 305, 'prompt_eval_duration': 88140430, 'eval_count': 3, 'eval_duration': 19356777}
Response: Poorly
Analyzing frame 97/102: q_warmup_4_main_0_30fps_frame0015.png
Prompt: Given the human reaction shown in the image, do you think the situation observed by that human ends well or poorly? (Use only one word -- well or poorly -- to answer)
Image size: 12952 bytes
Response status code: 200
{'model': 'gemma3', 'created_at': '2025-12-01T20:00:49.017030463Z', 'message': {'role': 'assistant', 'content': 'Poorly'}, 'done': True, 'done_reason': 'stop', 'total_duration': 9092474350, 'load_duration': 7218912273, 'prompt_eval_count': 305, 'prompt_eval_duration': 76619549, 'eval_count': 3, 'eval_duration': 18364056}
Response: Poorly
Analyzing frame 98/102: q_warmup_4_main_0_30fps_frame0030.png
Prompt: Given the human reaction shown in the image, do you think the situation observed by that human ends well or poorly? (Use only one word -- well or poorly -- to answer)
Image size: 12636 bytes
Response status code: 200
{'model': 'gemma3', 'created_at': '2025-12-01T20:00:59.353372207Z', 'message': {'role': 'assistant', 'content': 'Poorly'}, 'done': True, 'done_reason': 'stop', 'total_duration': 9309961595, 'load_duration': 7457125732, 'prompt_eval_count': 305, 'prompt_eval_duration': 76632335, 'eval_count': 3, 'eval_duration': 18738081}
Response: Poorly
Analyzing frame 99/102: q_warmup_4_main_0_30fps_frame0045.png
Prompt: Given the human reaction shown in the image, do you think the situation observed by that human ends well or poorly? (Use only one word -- well or poorly -- to answer)
Image size: 12812 bytes
Response status code: 200
{'model': 'gemma3', 'created_at': '2025-12-01T20:01:09.642042031Z', 'message': {'role': 'assistant', 'content': 'Poorly'}, 'done': True, 'done_reason': 'stop', 'total_duration': 9245396475, 'load_duration': 7402975152, 'prompt_eval_count': 305, 'prompt_eval_duration': 77029668, 'eval_count': 3, 'eval_duration': 18942983}
Response: Poorly
Analyzing frame 100/102: q_warmup_4_main_0_30fps_frame0060.png
Prompt: Given the human reaction shown in the image, do you think the situation observed by that human ends well or poorly? (Use only one word -- well or poorly -- to answer)
Image size: 12508 bytes
Response status code: 200
{'model': 'gemma3', 'created_at': '2025-12-01T20:01:19.934468088Z', 'message': {'role': 'assistant', 'content': 'Poorly'}, 'done': True, 'done_reason': 'stop', 'total_duration': 9267564175, 'load_duration': 7370586881, 'prompt_eval_count': 305, 'prompt_eval_duration': 76266593, 'eval_count': 3, 'eval_duration': 18268506}
Response: Poorly
Analyzing frame 101/102: q_warmup_4_main_0_30fps_frame0075.png
Prompt: Given the human reaction shown in the image, do you think the situation observed by that human ends well or poorly? (Use only one word -- well or poorly -- to answer)
Image size: 13052 bytes
Response status code: 200
{'model': 'gemma3', 'created_at': '2025-12-01T20:01:30.236808461Z', 'message': {'role': 'assistant', 'content': 'Poorly'}, 'done': True, 'done_reason': 'stop', 'total_duration': 9257380308, 'load_duration': 7417843235, 'prompt_eval_count': 305, 'prompt_eval_duration': 77112975, 'eval_count': 3, 'eval_duration': 20001723}
Response: Poorly
Analyzing frame 102/102: q_warmup_4_main_0_30fps_frame0090.png
Prompt: Given the human reaction shown in the image, do you think the situation observed by that human ends well or poorly? (Use only one word -- well or poorly -- to answer)
Image size: 13236 bytes
Response status code: 200
{'model': 'gemma3', 'created_at': '2025-12-01T20:01:40.502576005Z', 'message': {'role': 'assistant', 'content': 'Poorly'}, 'done': True, 'done_reason': 'stop', 'total_duration': 9238716173, 'load_duration': 7363794407, 'prompt_eval_count': 305, 'prompt_eval_duration': 76359850, 'eval_count': 3, 'eval_duration': 21235341}
Response: Poorly
Processed 102 frames for participant 1251

Results saved to ./results/results_gemma3_3s.csv
Total frames processed: 198

==================================================
Processing participant 3/30

Processing participant: 1483
Found 96 frames
Analyzing frame 1/96: q_11_main_1_30fps_frame0013.png
Prompt: Given the human reaction shown in the image, do you think the situation observed by that human ends well or poorly? (Use only one word -- well or poorly -- to answer)
Image size: 10180 bytes
Response status code: 200
{'model': 'gemma3', 'created_at': '2025-12-01T20:01:50.887561866Z', 'message': {'role': 'assistant', 'content': 'Poorly'}, 'done': True, 'done_reason': 'stop', 'total_duration': 9319434940, 'load_duration': 7489892839, 'prompt_eval_count': 305, 'prompt_eval_duration': 76752166, 'eval_count': 3, 'eval_duration': 18981888}
Response: Poorly
Analyzing frame 2/96: q_11_main_1_30fps_frame0028.png
Prompt: Given the human reaction shown in the image, do you think the situation observed by that human ends well or poorly? (Use only one word -- well or poorly -- to answer)
Image size: 10152 bytes
Response status code: 200
{'model': 'gemma3', 'created_at': '2025-12-01T20:02:00.906518177Z', 'message': {'role': 'assistant', 'content': 'Poorly'}, 'done': True, 'done_reason': 'stop', 'total_duration': 8989816909, 'load_duration': 7172494918, 'prompt_eval_count': 305, 'prompt_eval_duration': 77563665, 'eval_count': 3, 'eval_duration': 18828896}
Response: Poorly
Analyzing frame 3/96: q_11_main_1_30fps_frame0043.png
Prompt: Given the human reaction shown in the image, do you think the situation observed by that human ends well or poorly? (Use only one word -- well or poorly -- to answer)
Image size: 10064 bytes
Response status code: 200
{'model': 'gemma3', 'created_at': '2025-12-01T20:02:11.226692878Z', 'message': {'role': 'assistant', 'content': 'Poorly'}, 'done': True, 'done_reason': 'stop', 'total_duration': 9289063692, 'load_duration': 7425517300, 'prompt_eval_count': 305, 'prompt_eval_duration': 76532065, 'eval_count': 3, 'eval_duration': 18372184}
Response: Poorly
Analyzing frame 4/96: q_11_main_1_30fps_frame0058.png
Prompt: Given the human reaction shown in the image, do you think the situation observed by that human ends well or poorly? (Use only one word -- well or poorly -- to answer)
Image size: 10100 bytes
Response status code: 200
{'model': 'gemma3', 'created_at': '2025-12-01T20:02:21.468473312Z', 'message': {'role': 'assistant', 'content': 'Poorly'}, 'done': True, 'done_reason': 'stop', 'total_duration': 9194083958, 'load_duration': 7366633203, 'prompt_eval_count': 305, 'prompt_eval_duration': 76793048, 'eval_count': 3, 'eval_duration': 18432045}
Response: Poorly
Analyzing frame 5/96: q_11_main_1_30fps_frame0073.png
Prompt: Given the human reaction shown in the image, do you think the situation observed by that human ends well or poorly? (Use only one word -- well or poorly -- to answer)
Image size: 10124 bytes
Response status code: 200
{'model': 'gemma3', 'created_at': '2025-12-01T20:02:31.791029715Z', 'message': {'role': 'assistant', 'content': 'Poorly'}, 'done': True, 'done_reason': 'stop', 'total_duration': 9292350526, 'load_duration': 7425600077, 'prompt_eval_count': 305, 'prompt_eval_duration': 75718081, 'eval_count': 3, 'eval_duration': 18366995}
Response: Poorly
Analyzing frame 6/96: q_11_main_1_30fps_frame0088.png
Prompt: Given the human reaction shown in the image, do you think the situation observed by that human ends well or poorly? (Use only one word -- well or poorly -- to answer)
Image size: 10036 bytes
Response status code: 200
{'model': 'gemma3', 'created_at': '2025-12-01T20:02:41.9619415Z', 'message': {'role': 'assistant', 'content': 'Poorly'}, 'done': True, 'done_reason': 'stop', 'total_duration': 9126737771, 'load_duration': 7277711939, 'prompt_eval_count': 305, 'prompt_eval_duration': 76859766, 'eval_count': 3, 'eval_duration': 18468530}
Response: Poorly
Analyzing frame 7/96: q_12_main_1_30fps_frame0014.png
Prompt: Given the human reaction shown in the image, do you think the situation observed by that human ends well or poorly? (Use only one word -- well or poorly -- to answer)
Image size: 8692 bytes
Response status code: 200
{'model': 'gemma3', 'created_at': '2025-12-01T20:02:52.272590513Z', 'message': {'role': 'assistant', 'content': 'Poorly'}, 'done': True, 'done_reason': 'stop', 'total_duration': 9282438170, 'load_duration': 7412818903, 'prompt_eval_count': 305, 'prompt_eval_duration': 76210730, 'eval_count': 3, 'eval_duration': 18639932}
Response: Poorly
Analyzing frame 8/96: q_12_main_1_30fps_frame0029.png
Prompt: Given the human reaction shown in the image, do you think the situation observed by that human ends well or poorly? (Use only one word -- well or poorly -- to answer)
Image size: 8696 bytes
Response status code: 200
{'model': 'gemma3', 'created_at': '2025-12-01T20:03:02.468753554Z', 'message': {'role': 'assistant', 'content': 'Poorly'}, 'done': True, 'done_reason': 'stop', 'total_duration': 9167298373, 'load_duration': 7324117599, 'prompt_eval_count': 305, 'prompt_eval_duration': 76408507, 'eval_count': 3, 'eval_duration': 18279644}
Response: Poorly
Analyzing frame 9/96: q_12_main_1_30fps_frame0044.png
Prompt: Given the human reaction shown in the image, do you think the situation observed by that human ends well or poorly? (Use only one word -- well or poorly -- to answer)
Image size: 8708 bytes
Response status code: 200
{'model': 'gemma3', 'created_at': '2025-12-01T20:03:12.641130041Z', 'message': {'role': 'assistant', 'content': 'Poorly'}, 'done': True, 'done_reason': 'stop', 'total_duration': 9142254229, 'load_duration': 7255657038, 'prompt_eval_count': 305, 'prompt_eval_duration': 86520500, 'eval_count': 3, 'eval_duration': 18498949}
Response: Poorly
Analyzing frame 10/96: q_12_main_1_30fps_frame0059.png
Prompt: Given the human reaction shown in the image, do you think the situation observed by that human ends well or poorly? (Use only one word -- well or poorly -- to answer)
Image size: 8640 bytes
Response status code: 200
{'model': 'gemma3', 'created_at': '2025-12-01T20:03:22.79099495Z', 'message': {'role': 'assistant', 'content': 'Poorly'}, 'done': True, 'done_reason': 'stop', 'total_duration': 9121153253, 'load_duration': 7264344325, 'prompt_eval_count': 305, 'prompt_eval_duration': 75811222, 'eval_count': 3, 'eval_duration': 18323521}
Response: Poorly
Analyzing frame 11/96: q_12_main_1_30fps_frame0074.png
Prompt: Given the human reaction shown in the image, do you think the situation observed by that human ends well or poorly? (Use only one word -- well or poorly -- to answer)
Image size: 8688 bytes
Response status code: 200
{'model': 'gemma3', 'created_at': '2025-12-01T20:03:33.151149614Z', 'message': {'role': 'assistant', 'content': 'Poorly'}, 'done': True, 'done_reason': 'stop', 'total_duration': 9330404601, 'load_duration': 7443491322, 'prompt_eval_count': 305, 'prompt_eval_duration': 76647804, 'eval_count': 3, 'eval_duration': 18795137}
Response: Poorly
Analyzing frame 12/96: q_12_main_1_30fps_frame0089.png
Prompt: Given the human reaction shown in the image, do you think the situation observed by that human ends well or poorly? (Use only one word -- well or poorly -- to answer)
Image size: 8600 bytes
Response status code: 200
{'model': 'gemma3', 'created_at': '2025-12-01T20:03:43.239251214Z', 'message': {'role': 'assistant', 'content': 'Poorly'}, 'done': True, 'done_reason': 'stop', 'total_duration': 9059787778, 'load_duration': 7194893485, 'prompt_eval_count': 305, 'prompt_eval_duration': 76357429, 'eval_count': 3, 'eval_duration': 18399959}
Response: Poorly
Analyzing frame 13/96: q_14_main_0_30fps_frame0015.png
Prompt: Given the human reaction shown in the image, do you think the situation observed by that human ends well or poorly? (Use only one word -- well or poorly -- to answer)
Image size: 9080 bytes
Response status code: 200
{'model': 'gemma3', 'created_at': '2025-12-01T20:03:53.437183788Z', 'message': {'role': 'assistant', 'content': 'Poorly'}, 'done': True, 'done_reason': 'stop', 'total_duration': 9158665809, 'load_duration': 7330924503, 'prompt_eval_count': 305, 'prompt_eval_duration': 76774365, 'eval_count': 3, 'eval_duration': 18393424}
Response: Poorly
Analyzing frame 14/96: q_14_main_0_30fps_frame0030.png
Prompt: Given the human reaction shown in the image, do you think the situation observed by that human ends well or poorly? (Use only one word -- well or poorly -- to answer)
Image size: 8988 bytes
Response status code: 200
{'model': 'gemma3', 'created_at': '2025-12-01T20:04:03.785919087Z', 'message': {'role': 'assistant', 'content': 'Poorly'}, 'done': True, 'done_reason': 'stop', 'total_duration': 9320041934, 'load_duration': 7421590936, 'prompt_eval_count': 305, 'prompt_eval_duration': 76228236, 'eval_count': 3, 'eval_duration': 18340708}
Response: Poorly
Analyzing frame 15/96: q_14_main_0_30fps_frame0045.png
Prompt: Given the human reaction shown in the image, do you think the situation observed by that human ends well or poorly? (Use only one word -- well or poorly -- to answer)
Image size: 9008 bytes
Response status code: 200
{'model': 'gemma3', 'created_at': '2025-12-01T20:04:13.93644099Z', 'message': {'role': 'assistant', 'content': 'Poorly'}, 'done': True, 'done_reason': 'stop', 'total_duration': 9119453338, 'load_duration': 7275319963, 'prompt_eval_count': 305, 'prompt_eval_duration': 76698174, 'eval_count': 3, 'eval_duration': 19566332}
Response: Poorly
Analyzing frame 16/96: q_14_main_0_30fps_frame0060.png
Prompt: Given the human reaction shown in the image, do you think the situation observed by that human ends well or poorly? (Use only one word -- well or poorly -- to answer)
Image size: 8956 bytes
Response status code: 200
{'model': 'gemma3', 'created_at': '2025-12-01T20:04:24.310336379Z', 'message': {'role': 'assistant', 'content': 'Poorly'}, 'done': True, 'done_reason': 'stop', 'total_duration': 9345107620, 'load_duration': 7471863279, 'prompt_eval_count': 305, 'prompt_eval_duration': 76267452, 'eval_count': 3, 'eval_duration': 18445080}
Response: Poorly
Analyzing frame 17/96: q_14_main_0_30fps_frame0075.png
Prompt: Given the human reaction shown in the image, do you think the situation observed by that human ends well or poorly? (Use only one word -- well or poorly -- to answer)
Image size: 9004 bytes
Response status code: 200
{'model': 'gemma3', 'created_at': '2025-12-01T20:04:34.540289438Z', 'message': {'role': 'assistant', 'content': 'Poorly'}, 'done': True, 'done_reason': 'stop', 'total_duration': 9198598518, 'load_duration': 7357860068, 'prompt_eval_count': 305, 'prompt_eval_duration': 76341364, 'eval_count': 3, 'eval_duration': 18557660}
Response: Poorly
Analyzing frame 18/96: q_14_main_0_30fps_frame0090.png
Prompt: Given the human reaction shown in the image, do you think the situation observed by that human ends well or poorly? (Use only one word -- well or poorly -- to answer)
Image size: 8960 bytes
Response status code: 200
{'model': 'gemma3', 'created_at': '2025-12-01T20:04:44.846406828Z', 'message': {'role': 'assistant', 'content': 'Poorly'}, 'done': True, 'done_reason': 'stop', 'total_duration': 9275765930, 'load_duration': 7409553689, 'prompt_eval_count': 305, 'prompt_eval_duration': 77654997, 'eval_count': 3, 'eval_duration': 18767051}
Response: Poorly
Analyzing frame 19/96: q_16_main_1_30fps_frame0014.png
Prompt: Given the human reaction shown in the image, do you think the situation observed by that human ends well or poorly? (Use only one word -- well or poorly -- to answer)
Image size: 8800 bytes
Response status code: 200
{'model': 'gemma3', 'created_at': '2025-12-01T20:04:55.123110325Z', 'message': {'role': 'assistant', 'content': 'Poorly'}, 'done': True, 'done_reason': 'stop', 'total_duration': 9248711581, 'load_duration': 7358624263, 'prompt_eval_count': 305, 'prompt_eval_duration': 76846335, 'eval_count': 3, 'eval_duration': 18957353}
Response: Poorly
Analyzing frame 20/96: q_16_main_1_30fps_frame0029.png
Prompt: Given the human reaction shown in the image, do you think the situation observed by that human ends well or poorly? (Use only one word -- well or poorly -- to answer)
Image size: 8796 bytes
Response status code: 200
{'model': 'gemma3', 'created_at': '2025-12-01T20:05:05.404377954Z', 'message': {'role': 'assistant', 'content': 'Poorly'}, 'done': True, 'done_reason': 'stop', 'total_duration': 9253058566, 'load_duration': 7419694549, 'prompt_eval_count': 305, 'prompt_eval_duration': 76690024, 'eval_count': 3, 'eval_duration': 19507865}
Response: Poorly
Analyzing frame 21/96: q_16_main_1_30fps_frame0044.png
Prompt: Given the human reaction shown in the image, do you think the situation observed by that human ends well or poorly? (Use only one word -- well or poorly -- to answer)
Image size: 8760 bytes
Response status code: 200
{'model': 'gemma3', 'created_at': '2025-12-01T20:05:15.726390402Z', 'message': {'role': 'assistant', 'content': 'Poorly'}, 'done': True, 'done_reason': 'stop', 'total_duration': 9294760971, 'load_duration': 7431755355, 'prompt_eval_count': 305, 'prompt_eval_duration': 85065850, 'eval_count': 3, 'eval_duration': 18823921}
Response: Poorly
Analyzing frame 22/96: q_16_main_1_30fps_frame0059.png
Prompt: Given the human reaction shown in the image, do you think the situation observed by that human ends well or poorly? (Use only one word -- well or poorly -- to answer)
Image size: 8664 bytes
Response status code: 200
{'model': 'gemma3', 'created_at': '2025-12-01T20:05:26.229541247Z', 'message': {'role': 'assistant', 'content': 'Poorly'}, 'done': True, 'done_reason': 'stop', 'total_duration': 9474499321, 'load_duration': 7619446530, 'prompt_eval_count': 305, 'prompt_eval_duration': 76894421, 'eval_count': 3, 'eval_duration': 18653022}
Response: Poorly
Analyzing frame 23/96: q_16_main_1_30fps_frame0074.png
Prompt: Given the human reaction shown in the image, do you think the situation observed by that human ends well or poorly? (Use only one word -- well or poorly -- to answer)
Image size: 8484 bytes
Response status code: 200
{'model': 'gemma3', 'created_at': '2025-12-01T20:05:36.526360104Z', 'message': {'role': 'assistant', 'content': 'Poorly'}, 'done': True, 'done_reason': 'stop', 'total_duration': 9268312180, 'load_duration': 7431460309, 'prompt_eval_count': 305, 'prompt_eval_duration': 75744642, 'eval_count': 3, 'eval_duration': 18313078}
Response: Poorly
Analyzing frame 24/96: q_16_main_1_30fps_frame0089.png
Prompt: Given the human reaction shown in the image, do you think the situation observed by that human ends well or poorly? (Use only one word -- well or poorly -- to answer)
Image size: 8696 bytes
Response status code: 200
{'model': 'gemma3', 'created_at': '2025-12-01T20:05:46.84760667Z', 'message': {'role': 'assistant', 'content': 'Poorly'}, 'done': True, 'done_reason': 'stop', 'total_duration': 9292984841, 'load_duration': 7454529852, 'prompt_eval_count': 305, 'prompt_eval_duration': 75828926, 'eval_count': 3, 'eval_duration': 18732548}
Response: Poorly
Analyzing frame 25/96: q_18_main_0_30fps_frame0014.png
Prompt: Given the human reaction shown in the image, do you think the situation observed by that human ends well or poorly? (Use only one word -- well or poorly -- to answer)
Image size: 8760 bytes
Response status code: 200
{'model': 'gemma3', 'created_at': '2025-12-01T20:05:57.061250038Z', 'message': {'role': 'assistant', 'content': 'Poorly'}, 'done': True, 'done_reason': 'stop', 'total_duration': 9183237942, 'load_duration': 7326754823, 'prompt_eval_count': 305, 'prompt_eval_duration': 77323955, 'eval_count': 3, 'eval_duration': 19107741}
Response: Poorly
Analyzing frame 26/96: q_18_main_0_30fps_frame0029.png
Prompt: Given the human reaction shown in the image, do you think the situation observed by that human ends well or poorly? (Use only one word -- well or poorly -- to answer)
Image size: 8624 bytes
Response status code: 200
{'model': 'gemma3', 'created_at': '2025-12-01T20:06:07.310054087Z', 'message': {'role': 'assistant', 'content': 'Poorly'}, 'done': True, 'done_reason': 'stop', 'total_duration': 9219506331, 'load_duration': 7357270715, 'prompt_eval_count': 305, 'prompt_eval_duration': 76331565, 'eval_count': 3, 'eval_duration': 22119779}
Response: Poorly
Analyzing frame 27/96: q_18_main_0_30fps_frame0044.png
Prompt: Given the human reaction shown in the image, do you think the situation observed by that human ends well or poorly? (Use only one word -- well or poorly -- to answer)
Image size: 8972 bytes
Response status code: 200
{'model': 'gemma3', 'created_at': '2025-12-01T20:06:17.589886789Z', 'message': {'role': 'assistant', 'content': 'Poorly'}, 'done': True, 'done_reason': 'stop', 'total_duration': 9250411515, 'load_duration': 7389855369, 'prompt_eval_count': 305, 'prompt_eval_duration': 77569947, 'eval_count': 3, 'eval_duration': 18396272}
Response: Poorly
Analyzing frame 28/96: q_18_main_0_30fps_frame0059.png
Prompt: Given the human reaction shown in the image, do you think the situation observed by that human ends well or poorly? (Use only one word -- well or poorly -- to answer)
Image size: 8840 bytes
Response status code: 200
{'model': 'gemma3', 'created_at': '2025-12-01T20:06:27.932205035Z', 'message': {'role': 'assistant', 'content': 'Poorly'}, 'done': True, 'done_reason': 'stop', 'total_duration': 9314123227, 'load_duration': 7460642482, 'prompt_eval_count': 305, 'prompt_eval_duration': 76682054, 'eval_count': 3, 'eval_duration': 18543582}
Response: Poorly
Analyzing frame 29/96: q_18_main_0_30fps_frame0074.png
Prompt: Given the human reaction shown in the image, do you think the situation observed by that human ends well or poorly? (Use only one word -- well or poorly -- to answer)
Image size: 9016 bytes
Response status code: 200
{'model': 'gemma3', 'created_at': '2025-12-01T20:06:37.404112468Z', 'message': {'role': 'assistant', 'content': 'Poorly'}, 'done': True, 'done_reason': 'stop', 'total_duration': 8442371967, 'load_duration': 7508440563, 'prompt_eval_count': 305, 'prompt_eval_duration': 78206174, 'eval_count': 3, 'eval_duration': 18393065}
Response: Poorly
Analyzing frame 30/96: q_18_main_0_30fps_frame0089.png
Prompt: Given the human reaction shown in the image, do you think the situation observed by that human ends well or poorly? (Use only one word -- well or poorly -- to answer)
Image size: 8900 bytes
Response status code: 200
{'model': 'gemma3', 'created_at': '2025-12-01T20:06:47.298930533Z', 'message': {'role': 'assistant', 'content': 'Poorly'}, 'done': True, 'done_reason': 'stop', 'total_duration': 8864216760, 'load_duration': 7927386285, 'prompt_eval_count': 305, 'prompt_eval_duration': 78820163, 'eval_count': 3, 'eval_duration': 19572676}
Response: Poorly
Analyzing frame 31/96: q_21_main_1_30fps_frame0014.png
Prompt: Given the human reaction shown in the image, do you think the situation observed by that human ends well or poorly? (Use only one word -- well or poorly -- to answer)
Image size: 8696 bytes
Response status code: 200
{'model': 'gemma3', 'created_at': '2025-12-01T20:06:57.409898311Z', 'message': {'role': 'assistant', 'content': 'Poorly'}, 'done': True, 'done_reason': 'stop', 'total_duration': 9086174433, 'load_duration': 8137272860, 'prompt_eval_count': 305, 'prompt_eval_duration': 80131518, 'eval_count': 3, 'eval_duration': 21376261}
Response: Poorly
Analyzing frame 32/96: q_21_main_1_30fps_frame0029.png
Prompt: Given the human reaction shown in the image, do you think the situation observed by that human ends well or poorly? (Use only one word -- well or poorly -- to answer)
Image size: 8680 bytes
Response status code: 200
{'model': 'gemma3', 'created_at': '2025-12-01T20:07:07.253579329Z', 'message': {'role': 'assistant', 'content': 'Poorly'}, 'done': True, 'done_reason': 'stop', 'total_duration': 8816289090, 'load_duration': 7870046719, 'prompt_eval_count': 305, 'prompt_eval_duration': 77313042, 'eval_count': 3, 'eval_duration': 18431046}
Response: Poorly
Analyzing frame 33/96: q_21_main_1_30fps_frame0044.png
Prompt: Given the human reaction shown in the image, do you think the situation observed by that human ends well or poorly? (Use only one word -- well or poorly -- to answer)
Image size: 8632 bytes
Response status code: 200
{'model': 'gemma3', 'created_at': '2025-12-01T20:07:17.000877606Z', 'message': {'role': 'assistant', 'content': 'Poorly'}, 'done': True, 'done_reason': 'stop', 'total_duration': 8710600919, 'load_duration': 7765716349, 'prompt_eval_count': 305, 'prompt_eval_duration': 77875385, 'eval_count': 3, 'eval_duration': 18878405}
Response: Poorly
Analyzing frame 34/96: q_21_main_1_30fps_frame0059.png
Prompt: Given the human reaction shown in the image, do you think the situation observed by that human ends well or poorly? (Use only one word -- well or poorly -- to answer)
Image size: 8548 bytes
Response status code: 200
{'model': 'gemma3', 'created_at': '2025-12-01T20:07:26.557130016Z', 'message': {'role': 'assistant', 'content': 'Poorly'}, 'done': True, 'done_reason': 'stop', 'total_duration': 8535377287, 'load_duration': 7595935838, 'prompt_eval_count': 305, 'prompt_eval_duration': 78277153, 'eval_count': 3, 'eval_duration': 18831658}
Response: Poorly
Analyzing frame 35/96: q_21_main_1_30fps_frame0074.png
Prompt: Given the human reaction shown in the image, do you think the situation observed by that human ends well or poorly? (Use only one word -- well or poorly -- to answer)
Image size: 8536 bytes
Response status code: 200
{'model': 'gemma3', 'created_at': '2025-12-01T20:07:36.671266685Z', 'message': {'role': 'assistant', 'content': 'Poorly'}, 'done': True, 'done_reason': 'stop', 'total_duration': 9087494310, 'load_duration': 8132810282, 'prompt_eval_count': 305, 'prompt_eval_duration': 88768717, 'eval_count': 3, 'eval_duration': 18463980}
Response: Poorly
Analyzing frame 36/96: q_21_main_1_30fps_frame0089.png
Prompt: Given the human reaction shown in the image, do you think the situation observed by that human ends well or poorly? (Use only one word -- well or poorly -- to answer)
Image size: 8492 bytes
Response status code: 200
{'model': 'gemma3', 'created_at': '2025-12-01T20:07:46.61849492Z', 'message': {'role': 'assistant', 'content': 'Poorly'}, 'done': True, 'done_reason': 'stop', 'total_duration': 8897646403, 'load_duration': 7976610559, 'prompt_eval_count': 305, 'prompt_eval_duration': 80207802, 'eval_count': 3, 'eval_duration': 18424140}
Response: Poorly
Analyzing frame 37/96: q_24_main_0_30fps_frame0014.png
Prompt: Given the human reaction shown in the image, do you think the situation observed by that human ends well or poorly? (Use only one word -- well or poorly -- to answer)
Image size: 8736 bytes
Response status code: 200
{'model': 'gemma3', 'created_at': '2025-12-01T20:07:56.593381963Z', 'message': {'role': 'assistant', 'content': 'Poorly'}, 'done': True, 'done_reason': 'stop', 'total_duration': 8952548489, 'load_duration': 8013114397, 'prompt_eval_count': 305, 'prompt_eval_duration': 78779511, 'eval_count': 3, 'eval_duration': 18401490}
Response: Poorly
Analyzing frame 38/96: q_24_main_0_30fps_frame0029.png
Prompt: Given the human reaction shown in the image, do you think the situation observed by that human ends well or poorly? (Use only one word -- well or poorly -- to answer)
Image size: 8800 bytes
Response status code: 200
{'model': 'gemma3', 'created_at': '2025-12-01T20:08:06.522759072Z', 'message': {'role': 'assistant', 'content': 'Poorly'}, 'done': True, 'done_reason': 'stop', 'total_duration': 8901530831, 'load_duration': 7958066161, 'prompt_eval_count': 305, 'prompt_eval_duration': 79018525, 'eval_count': 3, 'eval_duration': 18516011}
Response: Poorly
Analyzing frame 39/96: q_24_main_0_30fps_frame0044.png
Prompt: Given the human reaction shown in the image, do you think the situation observed by that human ends well or poorly? (Use only one word -- well or poorly -- to answer)
Image size: 8712 bytes
Response status code: 200
{'model': 'gemma3', 'created_at': '2025-12-01T20:08:16.514219633Z', 'message': {'role': 'assistant', 'content': 'Poorly'}, 'done': True, 'done_reason': 'stop', 'total_duration': 8964474750, 'load_duration': 8018993765, 'prompt_eval_count': 305, 'prompt_eval_duration': 77337444, 'eval_count': 3, 'eval_duration': 18388488}
Response: Poorly
Analyzing frame 40/96: q_24_main_0_30fps_frame0059.png
Prompt: Given the human reaction shown in the image, do you think the situation observed by that human ends well or poorly? (Use only one word -- well or poorly -- to answer)
Image size: 8824 bytes
Response status code: 200
{'model': 'gemma3', 'created_at': '2025-12-01T20:08:26.395354672Z', 'message': {'role': 'assistant', 'content': 'Poorly'}, 'done': True, 'done_reason': 'stop', 'total_duration': 8851733551, 'load_duration': 7884684135, 'prompt_eval_count': 305, 'prompt_eval_duration': 80973359, 'eval_count': 3, 'eval_duration': 18494445}
Response: Poorly
Analyzing frame 41/96: q_24_main_0_30fps_frame0074.png
Prompt: Given the human reaction shown in the image, do you think the situation observed by that human ends well or poorly? (Use only one word -- well or poorly -- to answer)
Image size: 8632 bytes
Response status code: 200
{'model': 'gemma3', 'created_at': '2025-12-01T20:08:36.249239057Z', 'message': {'role': 'assistant', 'content': 'Poorly'}, 'done': True, 'done_reason': 'stop', 'total_duration': 8826707112, 'load_duration': 7887640576, 'prompt_eval_count': 305, 'prompt_eval_duration': 78675535, 'eval_count': 3, 'eval_duration': 18877060}
Response: Poorly
Analyzing frame 42/96: q_24_main_0_30fps_frame0089.png
Prompt: Given the human reaction shown in the image, do you think the situation observed by that human ends well or poorly? (Use only one word -- well or poorly -- to answer)
Image size: 8596 bytes
Response status code: 200
{'model': 'gemma3', 'created_at': '2025-12-01T20:08:46.18437985Z', 'message': {'role': 'assistant', 'content': 'Poorly'}, 'done': True, 'done_reason': 'stop', 'total_duration': 8908554894, 'load_duration': 7939629170, 'prompt_eval_count': 305, 'prompt_eval_duration': 77431663, 'eval_count': 3, 'eval_duration': 18534154}
Response: Poorly
Analyzing frame 43/96: q_25_main_0_30fps_frame0015.png
Prompt: Given the human reaction shown in the image, do you think the situation observed by that human ends well or poorly? (Use only one word -- well or poorly -- to answer)
Image size: 8752 bytes
Response status code: 200
{'model': 'gemma3', 'created_at': '2025-12-01T20:08:55.938285139Z', 'message': {'role': 'assistant', 'content': 'Poorly'}, 'done': True, 'done_reason': 'stop', 'total_duration': 8724392768, 'load_duration': 7802514332, 'prompt_eval_count': 305, 'prompt_eval_duration': 80545122, 'eval_count': 3, 'eval_duration': 18372061}
Response: Poorly
Analyzing frame 44/96: q_25_main_0_30fps_frame0030.png
Prompt: Given the human reaction shown in the image, do you think the situation observed by that human ends well or poorly? (Use only one word -- well or poorly -- to answer)
Image size: 8820 bytes
Response status code: 200
{'model': 'gemma3', 'created_at': '2025-12-01T20:09:05.963903374Z', 'message': {'role': 'assistant', 'content': 'Poorly'}, 'done': True, 'done_reason': 'stop', 'total_duration': 8997749030, 'load_duration': 8029246462, 'prompt_eval_count': 305, 'prompt_eval_duration': 93105037, 'eval_count': 3, 'eval_duration': 18506859}
Response: Poorly
Analyzing frame 45/96: q_25_main_0_30fps_frame0045.png
Prompt: Given the human reaction shown in the image, do you think the situation observed by that human ends well or poorly? (Use only one word -- well or poorly -- to answer)
Image size: 8700 bytes
Response status code: 200
{'model': 'gemma3', 'created_at': '2025-12-01T20:09:15.89610285Z', 'message': {'role': 'assistant', 'content': 'Poorly'}, 'done': True, 'done_reason': 'stop', 'total_duration': 8907929991, 'load_duration': 7936048439, 'prompt_eval_count': 305, 'prompt_eval_duration': 78679510, 'eval_count': 3, 'eval_duration': 20664052}
Response: Poorly
Analyzing frame 46/96: q_25_main_0_30fps_frame0060.png
Prompt: Given the human reaction shown in the image, do you think the situation observed by that human ends well or poorly? (Use only one word -- well or poorly -- to answer)
Image size: 8692 bytes
Response status code: 200
{'model': 'gemma3', 'created_at': '2025-12-01T20:09:25.777434996Z', 'message': {'role': 'assistant', 'content': 'Poorly'}, 'done': True, 'done_reason': 'stop', 'total_duration': 8854681731, 'load_duration': 7904681764, 'prompt_eval_count': 305, 'prompt_eval_duration': 77698884, 'eval_count': 3, 'eval_duration': 21048866}
Response: Poorly
Analyzing frame 47/96: q_25_main_0_30fps_frame0075.png
Prompt: Given the human reaction shown in the image, do you think the situation observed by that human ends well or poorly? (Use only one word -- well or poorly -- to answer)
Image size: 8552 bytes
Response status code: 200
{'model': 'gemma3', 'created_at': '2025-12-01T20:09:35.6812847Z', 'message': {'role': 'assistant', 'content': 'Poorly'}, 'done': True, 'done_reason': 'stop', 'total_duration': 8879122965, 'load_duration': 7937362592, 'prompt_eval_count': 305, 'prompt_eval_duration': 77578914, 'eval_count': 3, 'eval_duration': 18654258}
Response: Poorly
Analyzing frame 48/96: q_25_main_0_30fps_frame0090.png
Prompt: Given the human reaction shown in the image, do you think the situation observed by that human ends well or poorly? (Use only one word -- well or poorly -- to answer)
Image size: 8560 bytes
Response status code: 200
{'model': 'gemma3', 'created_at': '2025-12-01T20:09:45.657374731Z', 'message': {'role': 'assistant', 'content': 'Poorly'}, 'done': True, 'done_reason': 'stop', 'total_duration': 8951114353, 'load_duration': 8017132369, 'prompt_eval_count': 305, 'prompt_eval_duration': 78103422, 'eval_count': 3, 'eval_duration': 18816565}
Response: Poorly
Analyzing frame 49/96: q_27_main_1_30fps_frame0015.png
Prompt: Given the human reaction shown in the image, do you think the situation observed by that human ends well or poorly? (Use only one word -- well or poorly -- to answer)
Image size: 8596 bytes
Response status code: 200
{'model': 'gemma3', 'created_at': '2025-12-01T20:09:55.507164819Z', 'message': {'role': 'assistant', 'content': 'Poorly'}, 'done': True, 'done_reason': 'stop', 'total_duration': 8823541983, 'load_duration': 7878551659, 'prompt_eval_count': 305, 'prompt_eval_duration': 78285872, 'eval_count': 3, 'eval_duration': 18557071}
Response: Poorly
Analyzing frame 50/96: q_27_main_1_30fps_frame0030.png
Prompt: Given the human reaction shown in the image, do you think the situation observed by that human ends well or poorly? (Use only one word -- well or poorly -- to answer)
Image size: 8588 bytes
Response status code: 200
{'model': 'gemma3', 'created_at': '2025-12-01T20:10:05.363039447Z', 'message': {'role': 'assistant', 'content': 'Poorly'}, 'done': True, 'done_reason': 'stop', 'total_duration': 8828086355, 'load_duration': 7878557463, 'prompt_eval_count': 305, 'prompt_eval_duration': 78428268, 'eval_count': 3, 'eval_duration': 18480671}
Response: Poorly
Analyzing frame 51/96: q_27_main_1_30fps_frame0045.png
Prompt: Given the human reaction shown in the image, do you think the situation observed by that human ends well or poorly? (Use only one word -- well or poorly -- to answer)
Image size: 8540 bytes
Response status code: 200
{'model': 'gemma3', 'created_at': '2025-12-01T20:10:15.22263361Z', 'message': {'role': 'assistant', 'content': 'Poorly'}, 'done': True, 'done_reason': 'stop', 'total_duration': 8831045139, 'load_duration': 7901942445, 'prompt_eval_count': 305, 'prompt_eval_duration': 77914635, 'eval_count': 3, 'eval_duration': 18449200}
Response: Poorly
Analyzing frame 52/96: q_27_main_1_30fps_frame0060.png
Prompt: Given the human reaction shown in the image, do you think the situation observed by that human ends well or poorly? (Use only one word -- well or poorly -- to answer)
Image size: 8648 bytes
Response status code: 200
{'model': 'gemma3', 'created_at': '2025-12-01T20:10:25.006655451Z', 'message': {'role': 'assistant', 'content': 'Poorly'}, 'done': True, 'done_reason': 'stop', 'total_duration': 8755271905, 'load_duration': 7788357329, 'prompt_eval_count': 305, 'prompt_eval_duration': 79041725, 'eval_count': 3, 'eval_duration': 18982790}
Response: Poorly
Analyzing frame 53/96: q_27_main_1_30fps_frame0075.png
Prompt: Given the human reaction shown in the image, do you think the situation observed by that human ends well or poorly? (Use only one word -- well or poorly -- to answer)
Image size: 8520 bytes
Response status code: 200
{'model': 'gemma3', 'created_at': '2025-12-01T20:10:34.590795395Z', 'message': {'role': 'assistant', 'content': 'Poorly'}, 'done': True, 'done_reason': 'stop', 'total_duration': 8556123172, 'load_duration': 7634841768, 'prompt_eval_count': 305, 'prompt_eval_duration': 82128419, 'eval_count': 3, 'eval_duration': 18521656}
Response: Poorly
Analyzing frame 54/96: q_27_main_1_30fps_frame0090.png
Prompt: Given the human reaction shown in the image, do you think the situation observed by that human ends well or poorly? (Use only one word -- well or poorly -- to answer)
Image size: 8508 bytes
Response status code: 200
{'model': 'gemma3', 'created_at': '2025-12-01T20:10:44.681382187Z', 'message': {'role': 'assistant', 'content': 'Poorly'}, 'done': True, 'done_reason': 'stop', 'total_duration': 9059665254, 'load_duration': 8111614774, 'prompt_eval_count': 305, 'prompt_eval_duration': 80379627, 'eval_count': 3, 'eval_duration': 18382902}
Response: Poorly
Analyzing frame 55/96: q_29_main_0_30fps_frame0014.png
Prompt: Given the human reaction shown in the image, do you think the situation observed by that human ends well or poorly? (Use only one word -- well or poorly -- to answer)
Image size: 8688 bytes
Response status code: 200
{'model': 'gemma3', 'created_at': '2025-12-01T20:10:54.655006029Z', 'message': {'role': 'assistant', 'content': 'Poorly'}, 'done': True, 'done_reason': 'stop', 'total_duration': 8944282518, 'load_duration': 7986528897, 'prompt_eval_count': 305, 'prompt_eval_duration': 78630301, 'eval_count': 3, 'eval_duration': 18424431}
Response: Poorly
Analyzing frame 56/96: q_29_main_0_30fps_frame0029.png
Prompt: Given the human reaction shown in the image, do you think the situation observed by that human ends well or poorly? (Use only one word -- well or poorly -- to answer)
Image size: 8736 bytes
Response status code: 200
{'model': 'gemma3', 'created_at': '2025-12-01T20:11:04.504082211Z', 'message': {'role': 'assistant', 'content': 'Poorly'}, 'done': True, 'done_reason': 'stop', 'total_duration': 8820370614, 'load_duration': 7874495747, 'prompt_eval_count': 305, 'prompt_eval_duration': 82228141, 'eval_count': 3, 'eval_duration': 19209614}
Response: Poorly
Analyzing frame 57/96: q_29_main_0_30fps_frame0044.png
Prompt: Given the human reaction shown in the image, do you think the situation observed by that human ends well or poorly? (Use only one word -- well or poorly -- to answer)
Image size: 8696 bytes
Response status code: 200
{'model': 'gemma3', 'created_at': '2025-12-01T20:11:14.587146568Z', 'message': {'role': 'assistant', 'content': 'Poorly'}, 'done': True, 'done_reason': 'stop', 'total_duration': 9053261913, 'load_duration': 8097087477, 'prompt_eval_count': 305, 'prompt_eval_duration': 79651330, 'eval_count': 3, 'eval_duration': 18595234}
Response: Poorly
Analyzing frame 58/96: q_29_main_0_30fps_frame0059.png
Prompt: Given the human reaction shown in the image, do you think the situation observed by that human ends well or poorly? (Use only one word -- well or poorly -- to answer)
Image size: 8676 bytes
Response status code: 200
{'model': 'gemma3', 'created_at': '2025-12-01T20:11:24.416968539Z', 'message': {'role': 'assistant', 'content': 'Poorly'}, 'done': True, 'done_reason': 'stop', 'total_duration': 8801833931, 'load_duration': 7876809637, 'prompt_eval_count': 305, 'prompt_eval_duration': 82155540, 'eval_count': 3, 'eval_duration': 18891119}
Response: Poorly
Analyzing frame 59/96: q_29_main_0_30fps_frame0074.png
Prompt: Given the human reaction shown in the image, do you think the situation observed by that human ends well or poorly? (Use only one word -- well or poorly -- to answer)
Image size: 8724 bytes
Response status code: 200
{'model': 'gemma3', 'created_at': '2025-12-01T20:11:34.118087027Z', 'message': {'role': 'assistant', 'content': 'Well'}, 'done': True, 'done_reason': 'stop', 'total_duration': 8676275748, 'load_duration': 7736121303, 'prompt_eval_count': 305, 'prompt_eval_duration': 78994400, 'eval_count': 2, 'eval_duration': 9408636}
Response: Well
Analyzing frame 60/96: q_29_main_0_30fps_frame0089.png
Prompt: Given the human reaction shown in the image, do you think the situation observed by that human ends well or poorly? (Use only one word -- well or poorly -- to answer)
Image size: 8688 bytes
Response status code: 200
{'model': 'gemma3', 'created_at': '2025-12-01T20:11:43.979823308Z', 'message': {'role': 'assistant', 'content': 'Poorly'}, 'done': True, 'done_reason': 'stop', 'total_duration': 8833800544, 'load_duration': 7876531437, 'prompt_eval_count': 305, 'prompt_eval_duration': 77934671, 'eval_count': 3, 'eval_duration': 18487292}
Response: Poorly
Analyzing frame 61/96: q_3_main_0_30fps_frame0013.png
Prompt: Given the human reaction shown in the image, do you think the situation observed by that human ends well or poorly? (Use only one word -- well or poorly -- to answer)
Image size: 9128 bytes
Response status code: 200
{'model': 'gemma3', 'created_at': '2025-12-01T20:11:53.780811132Z', 'message': {'role': 'assistant', 'content': 'Poorly'}, 'done': True, 'done_reason': 'stop', 'total_duration': 8754657129, 'load_duration': 7782032727, 'prompt_eval_count': 305, 'prompt_eval_duration': 80891823, 'eval_count': 3, 'eval_duration': 18453565}
Response: Poorly
Analyzing frame 62/96: q_3_main_0_30fps_frame0028.png
Prompt: Given the human reaction shown in the image, do you think the situation observed by that human ends well or poorly? (Use only one word -- well or poorly -- to answer)
Image size: 9236 bytes
Response status code: 200
{'model': 'gemma3', 'created_at': '2025-12-01T20:12:03.885112035Z', 'message': {'role': 'assistant', 'content': 'Poorly'}, 'done': True, 'done_reason': 'stop', 'total_duration': 9074974722, 'load_duration': 8116421326, 'prompt_eval_count': 305, 'prompt_eval_duration': 78404458, 'eval_count': 3, 'eval_duration': 18784037}
Response: Poorly
Analyzing frame 63/96: q_3_main_0_30fps_frame0043.png
Prompt: Given the human reaction shown in the image, do you think the situation observed by that human ends well or poorly? (Use only one word -- well or poorly -- to answer)
Image size: 9032 bytes
Response status code: 200
{'model': 'gemma3', 'created_at': '2025-12-01T20:12:13.978195157Z', 'message': {'role': 'assistant', 'content': 'Poorly'}, 'done': True, 'done_reason': 'stop', 'total_duration': 9067059587, 'load_duration': 8099908877, 'prompt_eval_count': 305, 'prompt_eval_duration': 77856566, 'eval_count': 3, 'eval_duration': 18780582}
Response: Poorly
Analyzing frame 64/96: q_3_main_0_30fps_frame0058.png
Prompt: Given the human reaction shown in the image, do you think the situation observed by that human ends well or poorly? (Use only one word -- well or poorly -- to answer)
Image size: 8872 bytes
Response status code: 200
{'model': 'gemma3', 'created_at': '2025-12-01T20:12:23.848838023Z', 'message': {'role': 'assistant', 'content': 'Poorly'}, 'done': True, 'done_reason': 'stop', 'total_duration': 8841069934, 'load_duration': 7891312904, 'prompt_eval_count': 305, 'prompt_eval_duration': 77847475, 'eval_count': 3, 'eval_duration': 18881437}
Response: Poorly
Analyzing frame 65/96: q_3_main_0_30fps_frame0073.png
Prompt: Given the human reaction shown in the image, do you think the situation observed by that human ends well or poorly? (Use only one word -- well or poorly -- to answer)
Image size: 8848 bytes
Response status code: 200
{'model': 'gemma3', 'created_at': '2025-12-01T20:12:33.846740711Z', 'message': {'role': 'assistant', 'content': 'Poorly'}, 'done': True, 'done_reason': 'stop', 'total_duration': 8972504682, 'load_duration': 8026986778, 'prompt_eval_count': 305, 'prompt_eval_duration': 78386776, 'eval_count': 3, 'eval_duration': 20093249}
Response: Poorly
Analyzing frame 66/96: q_3_main_0_30fps_frame0088.png
Prompt: Given the human reaction shown in the image, do you think the situation observed by that human ends well or poorly? (Use only one word -- well or poorly -- to answer)
Image size: 8824 bytes
Response status code: 200
{'model': 'gemma3', 'created_at': '2025-12-01T20:12:43.851949286Z', 'message': {'role': 'assistant', 'content': 'Poorly'}, 'done': True, 'done_reason': 'stop', 'total_duration': 8976709175, 'load_duration': 8039922050, 'prompt_eval_count': 305, 'prompt_eval_duration': 79661213, 'eval_count': 3, 'eval_duration': 18580482}
Response: Poorly
Analyzing frame 67/96: q_5_main_0_30fps_frame0013.png
Prompt: Given the human reaction shown in the image, do you think the situation observed by that human ends well or poorly? (Use only one word -- well or poorly -- to answer)
Image size: 9044 bytes
Response status code: 200
{'model': 'gemma3', 'created_at': '2025-12-01T20:12:53.785744018Z', 'message': {'role': 'assistant', 'content': 'Poorly'}, 'done': True, 'done_reason': 'stop', 'total_duration': 8905521377, 'load_duration': 7945925406, 'prompt_eval_count': 305, 'prompt_eval_duration': 78096635, 'eval_count': 3, 'eval_duration': 18499126}
Response: Poorly
Analyzing frame 68/96: q_5_main_0_30fps_frame0028.png
Prompt: Given the human reaction shown in the image, do you think the situation observed by that human ends well or poorly? (Use only one word -- well or poorly -- to answer)
Image size: 8944 bytes
Response status code: 200
{'model': 'gemma3', 'created_at': '2025-12-01T20:13:03.597851024Z', 'message': {'role': 'assistant', 'content': 'Poorly'}, 'done': True, 'done_reason': 'stop', 'total_duration': 8791747485, 'load_duration': 7837914278, 'prompt_eval_count': 305, 'prompt_eval_duration': 78025178, 'eval_count': 3, 'eval_duration': 20419820}
Response: Poorly
Analyzing frame 69/96: q_5_main_0_30fps_frame0043.png
Prompt: Given the human reaction shown in the image, do you think the situation observed by that human ends well or poorly? (Use only one word -- well or poorly -- to answer)
Image size: 9000 bytes
Response status code: 200
{'model': 'gemma3', 'created_at': '2025-12-01T20:13:13.28916289Z', 'message': {'role': 'assistant', 'content': 'Poorly'}, 'done': True, 'done_reason': 'stop', 'total_duration': 8663805238, 'load_duration': 7714691505, 'prompt_eval_count': 305, 'prompt_eval_duration': 77950163, 'eval_count': 3, 'eval_duration': 18793982}
Response: Poorly
Analyzing frame 70/96: q_5_main_0_30fps_frame0058.png
Prompt: Given the human reaction shown in the image, do you think the situation observed by that human ends well or poorly? (Use only one word -- well or poorly -- to answer)
Image size: 8884 bytes
Response status code: 200
{'model': 'gemma3', 'created_at': '2025-12-01T20:13:23.054780083Z', 'message': {'role': 'assistant', 'content': 'Poorly'}, 'done': True, 'done_reason': 'stop', 'total_duration': 8735445804, 'load_duration': 7795640161, 'prompt_eval_count': 305, 'prompt_eval_duration': 78666864, 'eval_count': 3, 'eval_duration': 19094964}
Response: Poorly
Analyzing frame 71/96: q_5_main_0_30fps_frame0073.png
Prompt: Given the human reaction shown in the image, do you think the situation observed by that human ends well or poorly? (Use only one word -- well or poorly -- to answer)
Image size: 8808 bytes
Response status code: 200
{'model': 'gemma3', 'created_at': '2025-12-01T20:13:32.913241781Z', 'message': {'role': 'assistant', 'content': 'Poorly'}, 'done': True, 'done_reason': 'stop', 'total_duration': 8831557002, 'load_duration': 7878768649, 'prompt_eval_count': 305, 'prompt_eval_duration': 77659070, 'eval_count': 3, 'eval_duration': 20128434}
Response: Poorly
Analyzing frame 72/96: q_5_main_0_30fps_frame0088.png
Prompt: Given the human reaction shown in the image, do you think the situation observed by that human ends well or poorly? (Use only one word -- well or poorly -- to answer)
Image size: 8848 bytes
Response status code: 200
{'model': 'gemma3', 'created_at': '2025-12-01T20:13:43.053495801Z', 'message': {'role': 'assistant', 'content': 'Poorly'}, 'done': True, 'done_reason': 'stop', 'total_duration': 9115456578, 'load_duration': 8179892781, 'prompt_eval_count': 305, 'prompt_eval_duration': 78456995, 'eval_count': 3, 'eval_duration': 18493570}
Response: Poorly
Analyzing frame 73/96: q_7_main_1_30fps_frame0014.png
Prompt: Given the human reaction shown in the image, do you think the situation observed by that human ends well or poorly? (Use only one word -- well or poorly -- to answer)
Image size: 8672 bytes
Response status code: 200
{'model': 'gemma3', 'created_at': '2025-12-01T20:13:53.005057726Z', 'message': {'role': 'assistant', 'content': 'Well'}, 'done': True, 'done_reason': 'stop', 'total_duration': 8931282261, 'load_duration': 7997396549, 'prompt_eval_count': 305, 'prompt_eval_duration': 77412398, 'eval_count': 2, 'eval_duration': 9377006}
Response: Well
Analyzing frame 74/96: q_7_main_1_30fps_frame0029.png
Prompt: Given the human reaction shown in the image, do you think the situation observed by that human ends well or poorly? (Use only one word -- well or poorly -- to answer)
Image size: 8692 bytes
Response status code: 200
{'model': 'gemma3', 'created_at': '2025-12-01T20:14:02.79452999Z', 'message': {'role': 'assistant', 'content': 'Well'}, 'done': True, 'done_reason': 'stop', 'total_duration': 8764392707, 'load_duration': 7827072485, 'prompt_eval_count': 305, 'prompt_eval_duration': 78986530, 'eval_count': 2, 'eval_duration': 9339111}
Response: Well
Analyzing frame 75/96: q_7_main_1_30fps_frame0044.png
Prompt: Given the human reaction shown in the image, do you think the situation observed by that human ends well or poorly? (Use only one word -- well or poorly -- to answer)
Image size: 8676 bytes
Response status code: 200
{'model': 'gemma3', 'created_at': '2025-12-01T20:14:12.685967897Z', 'message': {'role': 'assistant', 'content': 'Well'}, 'done': True, 'done_reason': 'stop', 'total_duration': 8863421187, 'load_duration': 7939000310, 'prompt_eval_count': 305, 'prompt_eval_duration': 78577284, 'eval_count': 2, 'eval_duration': 9353955}
Response: Well
Analyzing frame 76/96: q_7_main_1_30fps_frame0059.png
Prompt: Given the human reaction shown in the image, do you think the situation observed by that human ends well or poorly? (Use only one word -- well or poorly -- to answer)
Image size: 8696 bytes
Response status code: 200
{'model': 'gemma3', 'created_at': '2025-12-01T20:14:22.603709415Z', 'message': {'role': 'assistant', 'content': 'Poorly'}, 'done': True, 'done_reason': 'stop', 'total_duration': 8889712270, 'load_duration': 7965658768, 'prompt_eval_count': 305, 'prompt_eval_duration': 78751865, 'eval_count': 3, 'eval_duration': 18851713}
Response: Poorly
Analyzing frame 77/96: q_7_main_1_30fps_frame0074.png
Prompt: Given the human reaction shown in the image, do you think the situation observed by that human ends well or poorly? (Use only one word -- well or poorly -- to answer)
Image size: 8612 bytes
Response status code: 200
{'model': 'gemma3', 'created_at': '2025-12-01T20:14:32.66369213Z', 'message': {'role': 'assistant', 'content': 'Well'}, 'done': True, 'done_reason': 'stop', 'total_duration': 9030496531, 'load_duration': 8107844943, 'prompt_eval_count': 305, 'prompt_eval_duration': 78215715, 'eval_count': 2, 'eval_duration': 9790940}
Response: Well
Analyzing frame 78/96: q_7_main_1_30fps_frame0089.png
Prompt: Given the human reaction shown in the image, do you think the situation observed by that human ends well or poorly? (Use only one word -- well or poorly -- to answer)
Image size: 8624 bytes
Response status code: 200
{'model': 'gemma3', 'created_at': '2025-12-01T20:14:42.610117342Z', 'message': {'role': 'assistant', 'content': 'Poorly'}, 'done': True, 'done_reason': 'stop', 'total_duration': 8918271801, 'load_duration': 7982567521, 'prompt_eval_count': 305, 'prompt_eval_duration': 77877318, 'eval_count': 3, 'eval_duration': 18459376}
Response: Poorly
Analyzing frame 79/96: q_8_main_0_30fps_frame0015.png
Prompt: Given the human reaction shown in the image, do you think the situation observed by that human ends well or poorly? (Use only one word -- well or poorly -- to answer)
Image size: 9056 bytes
Response status code: 200
{'model': 'gemma3', 'created_at': '2025-12-01T20:14:52.497569831Z', 'message': {'role': 'assistant', 'content': 'Poorly'}, 'done': True, 'done_reason': 'stop', 'total_duration': 8854043582, 'load_duration': 7879575154, 'prompt_eval_count': 305, 'prompt_eval_duration': 77927843, 'eval_count': 3, 'eval_duration': 18445497}
Response: Poorly
Analyzing frame 80/96: q_8_main_0_30fps_frame0030.png
Prompt: Given the human reaction shown in the image, do you think the situation observed by that human ends well or poorly? (Use only one word -- well or poorly -- to answer)
Image size: 9064 bytes
Response status code: 200
{'model': 'gemma3', 'created_at': '2025-12-01T20:15:02.368181113Z', 'message': {'role': 'assistant', 'content': 'Poorly'}, 'done': True, 'done_reason': 'stop', 'total_duration': 8837385942, 'load_duration': 7889281905, 'prompt_eval_count': 305, 'prompt_eval_duration': 78401839, 'eval_count': 3, 'eval_duration': 18446368}
Response: Poorly
Analyzing frame 81/96: q_8_main_0_30fps_frame0045.png
Prompt: Given the human reaction shown in the image, do you think the situation observed by that human ends well or poorly? (Use only one word -- well or poorly -- to answer)
Image size: 9052 bytes
Response status code: 200
{'model': 'gemma3', 'created_at': '2025-12-01T20:15:12.203567131Z', 'message': {'role': 'assistant', 'content': 'Poorly'}, 'done': True, 'done_reason': 'stop', 'total_duration': 8807654499, 'load_duration': 7863227577, 'prompt_eval_count': 305, 'prompt_eval_duration': 77874749, 'eval_count': 3, 'eval_duration': 19668369}
Response: Poorly
Analyzing frame 82/96: q_8_main_0_30fps_frame0060.png
Prompt: Given the human reaction shown in the image, do you think the situation observed by that human ends well or poorly? (Use only one word -- well or poorly -- to answer)
Image size: 9036 bytes
Response status code: 200
{'model': 'gemma3', 'created_at': '2025-12-01T20:15:22.082223909Z', 'message': {'role': 'assistant', 'content': 'Poorly'}, 'done': True, 'done_reason': 'stop', 'total_duration': 8848166233, 'load_duration': 7892388211, 'prompt_eval_count': 305, 'prompt_eval_duration': 77393949, 'eval_count': 3, 'eval_duration': 18481241}
Response: Poorly
Analyzing frame 83/96: q_8_main_0_30fps_frame0075.png
Prompt: Given the human reaction shown in the image, do you think the situation observed by that human ends well or poorly? (Use only one word -- well or poorly -- to answer)
Image size: 8916 bytes
Response status code: 200
{'model': 'gemma3', 'created_at': '2025-12-01T20:15:32.118810954Z', 'message': {'role': 'assistant', 'content': 'Poorly'}, 'done': True, 'done_reason': 'stop', 'total_duration': 9008548692, 'load_duration': 8051240870, 'prompt_eval_count': 305, 'prompt_eval_duration': 77953875, 'eval_count': 3, 'eval_duration': 18410973}
Response: Poorly
Analyzing frame 84/96: q_8_main_0_30fps_frame0090.png
Prompt: Given the human reaction shown in the image, do you think the situation observed by that human ends well or poorly? (Use only one word -- well or poorly -- to answer)
Image size: 8892 bytes
Response status code: 200
{'model': 'gemma3', 'created_at': '2025-12-01T20:15:41.755497512Z', 'message': {'role': 'assistant', 'content': 'Poorly'}, 'done': True, 'done_reason': 'stop', 'total_duration': 8620220944, 'load_duration': 7650083945, 'prompt_eval_count': 305, 'prompt_eval_duration': 77738584, 'eval_count': 3, 'eval_duration': 18438222}
Response: Poorly
Analyzing frame 85/96: q_9_main_0_30fps_frame0014.png
Prompt: Given the human reaction shown in the image, do you think the situation observed by that human ends well or poorly? (Use only one word -- well or poorly -- to answer)
Image size: 8848 bytes
Response status code: 200
{'model': 'gemma3', 'created_at': '2025-12-01T20:15:51.731770548Z', 'message': {'role': 'assistant', 'content': 'Poorly'}, 'done': True, 'done_reason': 'stop', 'total_duration': 8949162537, 'load_duration': 8000832242, 'prompt_eval_count': 305, 'prompt_eval_duration': 77605487, 'eval_count': 3, 'eval_duration': 18531524}
Response: Poorly
Analyzing frame 86/96: q_9_main_0_30fps_frame0029.png
Prompt: Given the human reaction shown in the image, do you think the situation observed by that human ends well or poorly? (Use only one word -- well or poorly -- to answer)
Image size: 8928 bytes
Response status code: 200
{'model': 'gemma3', 'created_at': '2025-12-01T20:16:01.675748774Z', 'message': {'role': 'assistant', 'content': 'Poorly'}, 'done': True, 'done_reason': 'stop', 'total_duration': 8922344355, 'load_duration': 7985786279, 'prompt_eval_count': 305, 'prompt_eval_duration': 78743302, 'eval_count': 3, 'eval_duration': 18462508}
Response: Poorly
Analyzing frame 87/96: q_9_main_0_30fps_frame0044.png
Prompt: Given the human reaction shown in the image, do you think the situation observed by that human ends well or poorly? (Use only one word -- well or poorly -- to answer)
Image size: 8808 bytes
Response status code: 200
{'model': 'gemma3', 'created_at': '2025-12-01T20:16:11.534215506Z', 'message': {'role': 'assistant', 'content': 'Poorly'}, 'done': True, 'done_reason': 'stop', 'total_duration': 8831786732, 'load_duration': 7882661776, 'prompt_eval_count': 305, 'prompt_eval_duration': 82279368, 'eval_count': 3, 'eval_duration': 19416445}
Response: Poorly
Analyzing frame 88/96: q_9_main_0_30fps_frame0059.png
Prompt: Given the human reaction shown in the image, do you think the situation observed by that human ends well or poorly? (Use only one word -- well or poorly -- to answer)
Image size: 8868 bytes
Response status code: 200
{'model': 'gemma3', 'created_at': '2025-12-01T20:16:21.455653652Z', 'message': {'role': 'assistant', 'content': 'Poorly'}, 'done': True, 'done_reason': 'stop', 'total_duration': 8894928004, 'load_duration': 7924357828, 'prompt_eval_count': 305, 'prompt_eval_duration': 79252711, 'eval_count': 3, 'eval_duration': 22293483}
Response: Poorly
Analyzing frame 89/96: q_9_main_0_30fps_frame0074.png
Prompt: Given the human reaction shown in the image, do you think the situation observed by that human ends well or poorly? (Use only one word -- well or poorly -- to answer)
Image size: 8840 bytes
Response status code: 200
{'model': 'gemma3', 'created_at': '2025-12-01T20:16:31.157547668Z', 'message': {'role': 'assistant', 'content': 'Poorly'}, 'done': True, 'done_reason': 'stop', 'total_duration': 8681103106, 'load_duration': 7757957607, 'prompt_eval_count': 305, 'prompt_eval_duration': 77975238, 'eval_count': 3, 'eval_duration': 18835230}
Response: Poorly
Analyzing frame 90/96: q_9_main_0_30fps_frame0089.png
Prompt: Given the human reaction shown in the image, do you think the situation observed by that human ends well or poorly? (Use only one word -- well or poorly -- to answer)
Image size: 8764 bytes
Response status code: 200
{'model': 'gemma3', 'created_at': '2025-12-01T20:16:41.077711372Z', 'message': {'role': 'assistant', 'content': 'Poorly'}, 'done': True, 'done_reason': 'stop', 'total_duration': 8899944107, 'load_duration': 7979444800, 'prompt_eval_count': 305, 'prompt_eval_duration': 81500576, 'eval_count': 3, 'eval_duration': 18919317}
Response: Poorly
Analyzing frame 91/96: q_warmup_3_main_1_30fps_frame0014.png
Prompt: Given the human reaction shown in the image, do you think the situation observed by that human ends well or poorly? (Use only one word -- well or poorly -- to answer)
Image size: 8520 bytes
Response status code: 200
{'model': 'gemma3', 'created_at': '2025-12-01T20:16:51.094332427Z', 'message': {'role': 'assistant', 'content': 'Well'}, 'done': True, 'done_reason': 'stop', 'total_duration': 8995166110, 'load_duration': 8036901588, 'prompt_eval_count': 305, 'prompt_eval_duration': 93343158, 'eval_count': 2, 'eval_duration': 9425076}
Response: Well
Analyzing frame 92/96: q_warmup_3_main_1_30fps_frame0029.png
Prompt: Given the human reaction shown in the image, do you think the situation observed by that human ends well or poorly? (Use only one word -- well or poorly -- to answer)
Image size: 8528 bytes
Response status code: 200
{'model': 'gemma3', 'created_at': '2025-12-01T20:17:01.14437541Z', 'message': {'role': 'assistant', 'content': 'Poorly'}, 'done': True, 'done_reason': 'stop', 'total_duration': 9022093517, 'load_duration': 8097374306, 'prompt_eval_count': 305, 'prompt_eval_duration': 77878809, 'eval_count': 3, 'eval_duration': 18458044}
Response: Poorly
Analyzing frame 93/96: q_warmup_3_main_1_30fps_frame0044.png
Prompt: Given the human reaction shown in the image, do you think the situation observed by that human ends well or poorly? (Use only one word -- well or poorly -- to answer)
Image size: 8552 bytes
Response status code: 200
{'model': 'gemma3', 'created_at': '2025-12-01T20:17:11.032838554Z', 'message': {'role': 'assistant', 'content': 'Poorly'}, 'done': True, 'done_reason': 'stop', 'total_duration': 8861581005, 'load_duration': 7910162349, 'prompt_eval_count': 305, 'prompt_eval_duration': 82084785, 'eval_count': 3, 'eval_duration': 19132289}
Response: Poorly
Analyzing frame 94/96: q_warmup_3_main_1_30fps_frame0059.png
Prompt: Given the human reaction shown in the image, do you think the situation observed by that human ends well or poorly? (Use only one word -- well or poorly -- to answer)
Image size: 8488 bytes
Response status code: 200
{'model': 'gemma3', 'created_at': '2025-12-01T20:17:20.881392972Z', 'message': {'role': 'assistant', 'content': 'Well'}, 'done': True, 'done_reason': 'stop', 'total_duration': 8824337100, 'load_duration': 7873159024, 'prompt_eval_count': 305, 'prompt_eval_duration': 80722686, 'eval_count': 2, 'eval_duration': 9437903}
Response: Well
Analyzing frame 95/96: q_warmup_3_main_1_30fps_frame0074.png
Prompt: Given the human reaction shown in the image, do you think the situation observed by that human ends well or poorly? (Use only one word -- well or poorly -- to answer)
Image size: 8512 bytes
Response status code: 200
{'model': 'gemma3', 'created_at': '2025-12-01T20:17:30.705339532Z', 'message': {'role': 'assistant', 'content': 'Poorly'}, 'done': True, 'done_reason': 'stop', 'total_duration': 8800493579, 'load_duration': 7858561222, 'prompt_eval_count': 305, 'prompt_eval_duration': 78249801, 'eval_count': 3, 'eval_duration': 23119606}
Response: Poorly
Analyzing frame 96/96: q_warmup_3_main_1_30fps_frame0089.png
Prompt: Given the human reaction shown in the image, do you think the situation observed by that human ends well or poorly? (Use only one word -- well or poorly -- to answer)
Image size: 8588 bytes
Response status code: 200
{'model': 'gemma3', 'created_at': '2025-12-01T20:17:40.682747497Z', 'message': {'role': 'assistant', 'content': 'Poorly'}, 'done': True, 'done_reason': 'stop', 'total_duration': 8952875935, 'load_duration': 8006404001, 'prompt_eval_count': 305, 'prompt_eval_duration': 78134082, 'eval_count': 3, 'eval_duration': 18840894}
Response: Poorly
Processed 96 frames for participant 1483

Results saved to ./results/results_gemma3_3s.csv
Total frames processed: 294

==================================================
Processing participant 4/30

Processing participant: 1676
Found 108 frames
Analyzing frame 1/108: q_10_main_0_30fps_frame0015.png
Prompt: Given the human reaction shown in the image, do you think the situation observed by that human ends well or poorly? (Use only one word -- well or poorly -- to answer)
Image size: 12664 bytes
Response status code: 200
{'model': 'gemma3', 'created_at': '2025-12-01T20:17:50.50541427Z', 'message': {'role': 'assistant', 'content': 'Poorly'}, 'done': True, 'done_reason': 'stop', 'total_duration': 8797519385, 'load_duration': 7867485186, 'prompt_eval_count': 305, 'prompt_eval_duration': 79046575, 'eval_count': 3, 'eval_duration': 18819005}
Response: Poorly
Analyzing frame 2/108: q_10_main_0_30fps_frame0030.png
Prompt: Given the human reaction shown in the image, do you think the situation observed by that human ends well or poorly? (Use only one word -- well or poorly -- to answer)
Image size: 12652 bytes
Response status code: 200
{'model': 'gemma3', 'created_at': '2025-12-01T20:18:00.264411378Z', 'message': {'role': 'assistant', 'content': 'Poorly'}, 'done': True, 'done_reason': 'stop', 'total_duration': 8728653189, 'load_duration': 7799891603, 'prompt_eval_count': 305, 'prompt_eval_duration': 78096122, 'eval_count': 3, 'eval_duration': 18404418}
Response: Poorly
Analyzing frame 3/108: q_10_main_0_30fps_frame0045.png
Prompt: Given the human reaction shown in the image, do you think the situation observed by that human ends well or poorly? (Use only one word -- well or poorly -- to answer)
Image size: 12632 bytes
Response status code: 200
{'model': 'gemma3', 'created_at': '2025-12-01T20:18:09.943660702Z', 'message': {'role': 'assistant', 'content': 'Poorly'}, 'done': True, 'done_reason': 'stop', 'total_duration': 8638646430, 'load_duration': 7698322344, 'prompt_eval_count': 305, 'prompt_eval_duration': 82126754, 'eval_count': 3, 'eval_duration': 18860083}
Response: Poorly
Analyzing frame 4/108: q_10_main_0_30fps_frame0060.png
Prompt: Given the human reaction shown in the image, do you think the situation observed by that human ends well or poorly? (Use only one word -- well or poorly -- to answer)
Image size: 12644 bytes
Response status code: 200
{'model': 'gemma3', 'created_at': '2025-12-01T20:18:19.860465201Z', 'message': {'role': 'assistant', 'content': 'Poorly'}, 'done': True, 'done_reason': 'stop', 'total_duration': 8886907599, 'load_duration': 7953182297, 'prompt_eval_count': 305, 'prompt_eval_duration': 77970472, 'eval_count': 3, 'eval_duration': 18555793}
Response: Poorly
Analyzing frame 5/108: q_10_main_0_30fps_frame0075.png
Prompt: Given the human reaction shown in the image, do you think the situation observed by that human ends well or poorly? (Use only one word -- well or poorly -- to answer)
Image size: 12860 bytes
Response status code: 200
{'model': 'gemma3', 'created_at': '2025-12-01T20:18:29.529716655Z', 'message': {'role': 'assistant', 'content': 'Poorly'}, 'done': True, 'done_reason': 'stop', 'total_duration': 8616411077, 'load_duration': 7701127707, 'prompt_eval_count': 305, 'prompt_eval_duration': 77664246, 'eval_count': 3, 'eval_duration': 18830047}
Response: Poorly
Analyzing frame 6/108: q_10_main_0_30fps_frame0090.png
Prompt: Given the human reaction shown in the image, do you think the situation observed by that human ends well or poorly? (Use only one word -- well or poorly -- to answer)
Image size: 12844 bytes
Response status code: 200
{'model': 'gemma3', 'created_at': '2025-12-01T20:18:39.352119352Z', 'message': {'role': 'assistant', 'content': 'Poorly'}, 'done': True, 'done_reason': 'stop', 'total_duration': 8794240605, 'load_duration': 7845713264, 'prompt_eval_count': 305, 'prompt_eval_duration': 78128924, 'eval_count': 3, 'eval_duration': 18349877}
Response: Poorly
Analyzing frame 7/108: q_11_main_1_30fps_frame0014.png
Prompt: Given the human reaction shown in the image, do you think the situation observed by that human ends well or poorly? (Use only one word -- well or poorly -- to answer)
Image size: 14108 bytes
Response status code: 200
{'model': 'gemma3', 'created_at': '2025-12-01T20:18:49.236455417Z', 'message': {'role': 'assistant', 'content': 'Poorly'}, 'done': True, 'done_reason': 'stop', 'total_duration': 8843203256, 'load_duration': 7917508444, 'prompt_eval_count': 305, 'prompt_eval_duration': 77947422, 'eval_count': 3, 'eval_duration': 18682561}
Response: Poorly
Analyzing frame 8/108: q_11_main_1_30fps_frame0029.png
Prompt: Given the human reaction shown in the image, do you think the situation observed by that human ends well or poorly? (Use only one word -- well or poorly -- to answer)
Image size: 14176 bytes
Response status code: 200
{'model': 'gemma3', 'created_at': '2025-12-01T20:18:59.272173774Z', 'message': {'role': 'assistant', 'content': 'Poorly'}, 'done': True, 'done_reason': 'stop', 'total_duration': 9004123444, 'load_duration': 8071430417, 'prompt_eval_count': 305, 'prompt_eval_duration': 78369717, 'eval_count': 3, 'eval_duration': 19565203}
Response: Poorly
Analyzing frame 9/108: q_11_main_1_30fps_frame0044.png
Prompt: Given the human reaction shown in the image, do you think the situation observed by that human ends well or poorly? (Use only one word -- well or poorly -- to answer)
Image size: 14152 bytes
Response status code: 200
{'model': 'gemma3', 'created_at': '2025-12-01T20:19:09.058539316Z', 'message': {'role': 'assistant', 'content': 'Poorly'}, 'done': True, 'done_reason': 'stop', 'total_duration': 8743709468, 'load_duration': 7782720724, 'prompt_eval_count': 305, 'prompt_eval_duration': 78448964, 'eval_count': 3, 'eval_duration': 18476455}
Response: Poorly
Analyzing frame 10/108: q_11_main_1_30fps_frame0059.png
Prompt: Given the human reaction shown in the image, do you think the situation observed by that human ends well or poorly? (Use only one word -- well or poorly -- to answer)
Image size: 14028 bytes
Response status code: 200
{'model': 'gemma3', 'created_at': '2025-12-01T20:19:18.798606709Z', 'message': {'role': 'assistant', 'content': 'Poorly'}, 'done': True, 'done_reason': 'stop', 'total_duration': 8709522171, 'load_duration': 7768438349, 'prompt_eval_count': 305, 'prompt_eval_duration': 78170829, 'eval_count': 3, 'eval_duration': 18439802}
Response: Poorly
Analyzing frame 11/108: q_11_main_1_30fps_frame0074.png
Prompt: Given the human reaction shown in the image, do you think the situation observed by that human ends well or poorly? (Use only one word -- well or poorly -- to answer)
Image size: 13964 bytes
Response status code: 200
{'model': 'gemma3', 'created_at': '2025-12-01T20:19:28.724061079Z', 'message': {'role': 'assistant', 'content': 'Poorly'}, 'done': True, 'done_reason': 'stop', 'total_duration': 8886191284, 'load_duration': 7955098337, 'prompt_eval_count': 305, 'prompt_eval_duration': 79135062, 'eval_count': 3, 'eval_duration': 18857224}
Response: Poorly
Analyzing frame 12/108: q_11_main_1_30fps_frame0089.png
Prompt: Given the human reaction shown in the image, do you think the situation observed by that human ends well or poorly? (Use only one word -- well or poorly -- to answer)
Image size: 13848 bytes
Response status code: 200
{'model': 'gemma3', 'created_at': '2025-12-01T20:19:38.556209292Z', 'message': {'role': 'assistant', 'content': 'Poorly'}, 'done': True, 'done_reason': 'stop', 'total_duration': 8807108280, 'load_duration': 7863525290, 'prompt_eval_count': 305, 'prompt_eval_duration': 78240971, 'eval_count': 3, 'eval_duration': 18492545}
Response: Poorly
Analyzing frame 13/108: q_12_main_1_30fps_frame0014.png
Prompt: Given the human reaction shown in the image, do you think the situation observed by that human ends well or poorly? (Use only one word -- well or poorly -- to answer)
Image size: 12372 bytes
Response status code: 200
{'model': 'gemma3', 'created_at': '2025-12-01T20:19:48.563730523Z', 'message': {'role': 'assistant', 'content': 'Well'}, 'done': True, 'done_reason': 'stop', 'total_duration': 8959995749, 'load_duration': 8026892880, 'prompt_eval_count': 305, 'prompt_eval_duration': 78146960, 'eval_count': 2, 'eval_duration': 9382756}
Response: Well
Analyzing frame 14/108: q_12_main_1_30fps_frame0029.png
Prompt: Given the human reaction shown in the image, do you think the situation observed by that human ends well or poorly? (Use only one word -- well or poorly -- to answer)
Image size: 12524 bytes
Response status code: 200
{'model': 'gemma3', 'created_at': '2025-12-01T20:19:58.391391122Z', 'message': {'role': 'assistant', 'content': 'Well'}, 'done': True, 'done_reason': 'stop', 'total_duration': 8798312144, 'load_duration': 7874975532, 'prompt_eval_count': 305, 'prompt_eval_duration': 76847501, 'eval_count': 2, 'eval_duration': 9365457}
Response: Well
Analyzing frame 15/108: q_12_main_1_30fps_frame0044.png
Prompt: Given the human reaction shown in the image, do you think the situation observed by that human ends well or poorly? (Use only one word -- well or poorly -- to answer)
Image size: 12724 bytes
Response status code: 200
{'model': 'gemma3', 'created_at': '2025-12-01T20:20:08.548300728Z', 'message': {'role': 'assistant', 'content': 'Well'}, 'done': True, 'done_reason': 'stop', 'total_duration': 9120543798, 'load_duration': 8205414257, 'prompt_eval_count': 305, 'prompt_eval_duration': 77451914, 'eval_count': 2, 'eval_duration': 9435253}
Response: Well
Analyzing frame 16/108: q_12_main_1_30fps_frame0059.png
Prompt: Given the human reaction shown in the image, do you think the situation observed by that human ends well or poorly? (Use only one word -- well or poorly -- to answer)
Image size: 12724 bytes
Response status code: 200
{'model': 'gemma3', 'created_at': '2025-12-01T20:20:18.600840325Z', 'message': {'role': 'assistant', 'content': 'Well'}, 'done': True, 'done_reason': 'stop', 'total_duration': 9023023963, 'load_duration': 8066688392, 'prompt_eval_count': 305, 'prompt_eval_duration': 78269841, 'eval_count': 2, 'eval_duration': 9410509}
Response: Well
Analyzing frame 17/108: q_12_main_1_30fps_frame0074.png
Prompt: Given the human reaction shown in the image, do you think the situation observed by that human ends well or poorly? (Use only one word -- well or poorly -- to answer)
Image size: 12832 bytes
Response status code: 200
{'model': 'gemma3', 'created_at': '2025-12-01T20:20:28.562549157Z', 'message': {'role': 'assistant', 'content': 'Poorly'}, 'done': True, 'done_reason': 'stop', 'total_duration': 8920902564, 'load_duration': 7983297221, 'prompt_eval_count': 305, 'prompt_eval_duration': 82015353, 'eval_count': 3, 'eval_duration': 21790326}
Response: Poorly
Analyzing frame 18/108: q_12_main_1_30fps_frame0089.png
Prompt: Given the human reaction shown in the image, do you think the situation observed by that human ends well or poorly? (Use only one word -- well or poorly -- to answer)
Image size: 12800 bytes
Response status code: 200
{'model': 'gemma3', 'created_at': '2025-12-01T20:20:38.434667755Z', 'message': {'role': 'assistant', 'content': 'Poorly'}, 'done': True, 'done_reason': 'stop', 'total_duration': 8840376759, 'load_duration': 7896263243, 'prompt_eval_count': 305, 'prompt_eval_duration': 82411938, 'eval_count': 3, 'eval_duration': 18400143}
Response: Poorly
Analyzing frame 19/108: q_15_main_1_30fps_frame0015.png
Prompt: Given the human reaction shown in the image, do you think the situation observed by that human ends well or poorly? (Use only one word -- well or poorly -- to answer)
Image size: 12104 bytes
Response status code: 200
{'model': 'gemma3', 'created_at': '2025-12-01T20:20:48.256945347Z', 'message': {'role': 'assistant', 'content': 'Poorly'}, 'done': True, 'done_reason': 'stop', 'total_duration': 8782027928, 'load_duration': 7829336815, 'prompt_eval_count': 305, 'prompt_eval_duration': 80996045, 'eval_count': 3, 'eval_duration': 19012982}
Response: Poorly
Analyzing frame 20/108: q_15_main_1_30fps_frame0030.png
Prompt: Given the human reaction shown in the image, do you think the situation observed by that human ends well or poorly? (Use only one word -- well or poorly -- to answer)
Image size: 11692 bytes
Response status code: 200
{'model': 'gemma3', 'created_at': '2025-12-01T20:20:58.228555279Z', 'message': {'role': 'assistant', 'content': 'Poorly'}, 'done': True, 'done_reason': 'stop', 'total_duration': 8953344883, 'load_duration': 8007275090, 'prompt_eval_count': 305, 'prompt_eval_duration': 77924051, 'eval_count': 3, 'eval_duration': 19978563}
Response: Poorly
Analyzing frame 21/108: q_15_main_1_30fps_frame0045.png
Prompt: Given the human reaction shown in the image, do you think the situation observed by that human ends well or poorly? (Use only one word -- well or poorly -- to answer)
Image size: 11904 bytes
Response status code: 200
{'model': 'gemma3', 'created_at': '2025-12-01T20:21:07.999195107Z', 'message': {'role': 'assistant', 'content': 'Well'}, 'done': True, 'done_reason': 'stop', 'total_duration': 8730864633, 'load_duration': 7788065246, 'prompt_eval_count': 305, 'prompt_eval_duration': 77800165, 'eval_count': 2, 'eval_duration': 9777543}
Response: Well
Analyzing frame 22/108: q_15_main_1_30fps_frame0060.png
Prompt: Given the human reaction shown in the image, do you think the situation observed by that human ends well or poorly? (Use only one word -- well or poorly -- to answer)
Image size: 12120 bytes
Response status code: 200
{'model': 'gemma3', 'created_at': '2025-12-01T20:21:17.940668546Z', 'message': {'role': 'assistant', 'content': 'Poorly'}, 'done': True, 'done_reason': 'stop', 'total_duration': 8914243232, 'load_duration': 7982062564, 'prompt_eval_count': 305, 'prompt_eval_duration': 77702161, 'eval_count': 3, 'eval_duration': 18323749}
Response: Poorly
Analyzing frame 23/108: q_15_main_1_30fps_frame0075.png
Prompt: Given the human reaction shown in the image, do you think the situation observed by that human ends well or poorly? (Use only one word -- well or poorly -- to answer)
Image size: 12128 bytes
Response status code: 200
{'model': 'gemma3', 'created_at': '2025-12-01T20:21:27.705295201Z', 'message': {'role': 'assistant', 'content': 'Well'}, 'done': True, 'done_reason': 'stop', 'total_duration': 8734144968, 'load_duration': 7834563522, 'prompt_eval_count': 305, 'prompt_eval_duration': 79103338, 'eval_count': 2, 'eval_duration': 9764423}
Response: Well
Analyzing frame 24/108: q_15_main_1_30fps_frame0090.png
Prompt: Given the human reaction shown in the image, do you think the situation observed by that human ends well or poorly? (Use only one word -- well or poorly -- to answer)
Image size: 12080 bytes
Response status code: 200
{'model': 'gemma3', 'created_at': '2025-12-01T20:21:37.721583217Z', 'message': {'role': 'assistant', 'content': 'Well'}, 'done': True, 'done_reason': 'stop', 'total_duration': 8979032752, 'load_duration': 8074960126, 'prompt_eval_count': 305, 'prompt_eval_duration': 80197896, 'eval_count': 2, 'eval_duration': 9370169}
Response: Well
Analyzing frame 25/108: q_16_main_1_30fps_frame0015.png
Prompt: Given the human reaction shown in the image, do you think the situation observed by that human ends well or poorly? (Use only one word -- well or poorly -- to answer)
Image size: 12628 bytes
Response status code: 200
{'model': 'gemma3', 'created_at': '2025-12-01T20:21:47.864861906Z', 'message': {'role': 'assistant', 'content': 'Poorly'}, 'done': True, 'done_reason': 'stop', 'total_duration': 9100885961, 'load_duration': 8148252677, 'prompt_eval_count': 305, 'prompt_eval_duration': 82922604, 'eval_count': 3, 'eval_duration': 20797970}
Response: Poorly
Analyzing frame 26/108: q_16_main_1_30fps_frame0030.png
Prompt: Given the human reaction shown in the image, do you think the situation observed by that human ends well or poorly? (Use only one word -- well or poorly -- to answer)
Image size: 12420 bytes
Response status code: 200
{'model': 'gemma3', 'created_at': '2025-12-01T20:21:57.555402643Z', 'message': {'role': 'assistant', 'content': 'Well'}, 'done': True, 'done_reason': 'stop', 'total_duration': 8651209741, 'load_duration': 7733150710, 'prompt_eval_count': 305, 'prompt_eval_duration': 77528049, 'eval_count': 2, 'eval_duration': 9756638}
Response: Well
Analyzing frame 27/108: q_16_main_1_30fps_frame0045.png
Prompt: Given the human reaction shown in the image, do you think the situation observed by that human ends well or poorly? (Use only one word -- well or poorly -- to answer)
Image size: 12548 bytes
Response status code: 200
{'model': 'gemma3', 'created_at': '2025-12-01T20:22:07.560002295Z', 'message': {'role': 'assistant', 'content': 'Well'}, 'done': True, 'done_reason': 'stop', 'total_duration': 8962422230, 'load_duration': 8039587981, 'prompt_eval_count': 305, 'prompt_eval_duration': 78443437, 'eval_count': 2, 'eval_duration': 9412541}
Response: Well
Analyzing frame 28/108: q_16_main_1_30fps_frame0060.png
Prompt: Given the human reaction shown in the image, do you think the situation observed by that human ends well or poorly? (Use only one word -- well or poorly -- to answer)
Image size: 12588 bytes
Response status code: 200
{'model': 'gemma3', 'created_at': '2025-12-01T20:22:17.597405385Z', 'message': {'role': 'assistant', 'content': 'Well'}, 'done': True, 'done_reason': 'stop', 'total_duration': 8996890925, 'load_duration': 8054926828, 'prompt_eval_count': 305, 'prompt_eval_duration': 77687248, 'eval_count': 2, 'eval_duration': 9406000}
Response: Well
Analyzing frame 29/108: q_16_main_1_30fps_frame0075.png
Prompt: Given the human reaction shown in the image, do you think the situation observed by that human ends well or poorly? (Use only one word -- well or poorly -- to answer)
Image size: 12484 bytes
Response status code: 200
{'model': 'gemma3', 'created_at': '2025-12-01T20:22:27.468796447Z', 'message': {'role': 'assistant', 'content': 'Well'}, 'done': True, 'done_reason': 'stop', 'total_duration': 8830977193, 'load_duration': 7901681965, 'prompt_eval_count': 305, 'prompt_eval_duration': 77756364, 'eval_count': 2, 'eval_duration': 9368180}
Response: Well
Analyzing frame 30/108: q_16_main_1_30fps_frame0090.png
Prompt: Given the human reaction shown in the image, do you think the situation observed by that human ends well or poorly? (Use only one word -- well or poorly -- to answer)
Image size: 12448 bytes
Response status code: 200
{'model': 'gemma3', 'created_at': '2025-12-01T20:22:37.560158837Z', 'message': {'role': 'assistant', 'content': 'Well'}, 'done': True, 'done_reason': 'stop', 'total_duration': 9060607696, 'load_duration': 8115984662, 'prompt_eval_count': 305, 'prompt_eval_duration': 86355832, 'eval_count': 2, 'eval_duration': 9829956}
Response: Well
Analyzing frame 31/108: q_17_main_0_30fps_frame0015.png
Prompt: Given the human reaction shown in the image, do you think the situation observed by that human ends well or poorly? (Use only one word -- well or poorly -- to answer)
Image size: 12448 bytes
Response status code: 200
{'model': 'gemma3', 'created_at': '2025-12-01T20:22:47.431763881Z', 'message': {'role': 'assistant', 'content': 'Poorly'}, 'done': True, 'done_reason': 'stop', 'total_duration': 8824668203, 'load_duration': 7855551804, 'prompt_eval_count': 305, 'prompt_eval_duration': 78423837, 'eval_count': 3, 'eval_duration': 21054391}
Response: Poorly
Analyzing frame 32/108: q_17_main_0_30fps_frame0030.png
Prompt: Given the human reaction shown in the image, do you think the situation observed by that human ends well or poorly? (Use only one word -- well or poorly -- to answer)
Image size: 11980 bytes
Response status code: 200
{'model': 'gemma3', 'created_at': '2025-12-01T20:22:57.343521592Z', 'message': {'role': 'assistant', 'content': 'Poorly'}, 'done': True, 'done_reason': 'stop', 'total_duration': 8881913905, 'load_duration': 7941516348, 'prompt_eval_count': 305, 'prompt_eval_duration': 78493750, 'eval_count': 3, 'eval_duration': 18526675}
Response: Poorly
Analyzing frame 33/108: q_17_main_0_30fps_frame0045.png
Prompt: Given the human reaction shown in the image, do you think the situation observed by that human ends well or poorly? (Use only one word -- well or poorly -- to answer)
Image size: 12100 bytes
Response status code: 200
{'model': 'gemma3', 'created_at': '2025-12-01T20:23:07.202556912Z', 'message': {'role': 'assistant', 'content': 'Poorly'}, 'done': True, 'done_reason': 'stop', 'total_duration': 8828473164, 'load_duration': 7863437283, 'prompt_eval_count': 305, 'prompt_eval_duration': 79149542, 'eval_count': 3, 'eval_duration': 21353843}
Response: Poorly
Analyzing frame 34/108: q_17_main_0_30fps_frame0060.png
Prompt: Given the human reaction shown in the image, do you think the situation observed by that human ends well or poorly? (Use only one word -- well or poorly -- to answer)
Image size: 12056 bytes
Response status code: 200
{'model': 'gemma3', 'created_at': '2025-12-01T20:23:17.093049622Z', 'message': {'role': 'assistant', 'content': 'Poorly'}, 'done': True, 'done_reason': 'stop', 'total_duration': 8845322988, 'load_duration': 7875244783, 'prompt_eval_count': 305, 'prompt_eval_duration': 78194155, 'eval_count': 3, 'eval_duration': 18427717}
Response: Poorly
Analyzing frame 35/108: q_17_main_0_30fps_frame0075.png
Prompt: Given the human reaction shown in the image, do you think the situation observed by that human ends well or poorly? (Use only one word -- well or poorly -- to answer)
Image size: 12268 bytes
Response status code: 200
{'model': 'gemma3', 'created_at': '2025-12-01T20:23:26.959859886Z', 'message': {'role': 'assistant', 'content': 'Poorly'}, 'done': True, 'done_reason': 'stop', 'total_duration': 8827425339, 'load_duration': 7902814538, 'prompt_eval_count': 305, 'prompt_eval_duration': 79239107, 'eval_count': 3, 'eval_duration': 18566086}
Response: Poorly
Analyzing frame 36/108: q_17_main_0_30fps_frame0090.png
Prompt: Given the human reaction shown in the image, do you think the situation observed by that human ends well or poorly? (Use only one word -- well or poorly -- to answer)
Image size: 12312 bytes
Response status code: 200
{'model': 'gemma3', 'created_at': '2025-12-01T20:23:36.954867874Z', 'message': {'role': 'assistant', 'content': 'Poorly'}, 'done': True, 'done_reason': 'stop', 'total_duration': 8963482035, 'load_duration': 8004776123, 'prompt_eval_count': 305, 'prompt_eval_duration': 77841718, 'eval_count': 3, 'eval_duration': 18452671}
Response: Poorly
Analyzing frame 37/108: q_18_main_0_30fps_frame0015.png
Prompt: Given the human reaction shown in the image, do you think the situation observed by that human ends well or poorly? (Use only one word -- well or poorly -- to answer)
Image size: 12400 bytes
Response status code: 200
{'model': 'gemma3', 'created_at': '2025-12-01T20:23:47.153160234Z', 'message': {'role': 'assistant', 'content': 'Poorly'}, 'done': True, 'done_reason': 'stop', 'total_duration': 9161225903, 'load_duration': 8196232130, 'prompt_eval_count': 305, 'prompt_eval_duration': 77843581, 'eval_count': 3, 'eval_duration': 18406700}
Response: Poorly
Analyzing frame 38/108: q_18_main_0_30fps_frame0030.png
Prompt: Given the human reaction shown in the image, do you think the situation observed by that human ends well or poorly? (Use only one word -- well or poorly -- to answer)
Image size: 12560 bytes
Response status code: 200
{'model': 'gemma3', 'created_at': '2025-12-01T20:23:57.124957993Z', 'message': {'role': 'assistant', 'content': 'Poorly'}, 'done': True, 'done_reason': 'stop', 'total_duration': 8930084621, 'load_duration': 7981375299, 'prompt_eval_count': 305, 'prompt_eval_duration': 78784778, 'eval_count': 3, 'eval_duration': 18482069}
Response: Poorly
Analyzing frame 39/108: q_18_main_0_30fps_frame0045.png
Prompt: Given the human reaction shown in the image, do you think the situation observed by that human ends well or poorly? (Use only one word -- well or poorly -- to answer)
Image size: 12572 bytes
Response status code: 200
{'model': 'gemma3', 'created_at': '2025-12-01T20:24:07.104513831Z', 'message': {'role': 'assistant', 'content': 'Poorly'}, 'done': True, 'done_reason': 'stop', 'total_duration': 8939324714, 'load_duration': 7990641745, 'prompt_eval_count': 305, 'prompt_eval_duration': 77890702, 'eval_count': 3, 'eval_duration': 19073277}
Response: Poorly
Analyzing frame 40/108: q_18_main_0_30fps_frame0060.png
Prompt: Given the human reaction shown in the image, do you think the situation observed by that human ends well or poorly? (Use only one word -- well or poorly -- to answer)
Image size: 12716 bytes
Response status code: 200
{'model': 'gemma3', 'created_at': '2025-12-01T20:24:17.144647457Z', 'message': {'role': 'assistant', 'content': 'Poorly'}, 'done': True, 'done_reason': 'stop', 'total_duration': 9003709181, 'load_duration': 8061986796, 'prompt_eval_count': 305, 'prompt_eval_duration': 78532462, 'eval_count': 3, 'eval_duration': 18566283}
Response: Poorly
Analyzing frame 41/108: q_18_main_0_30fps_frame0075.png
Prompt: Given the human reaction shown in the image, do you think the situation observed by that human ends well or poorly? (Use only one word -- well or poorly -- to answer)
Image size: 12804 bytes
Response status code: 200
{'model': 'gemma3', 'created_at': '2025-12-01T20:24:27.223734992Z', 'message': {'role': 'assistant', 'content': 'Poorly'}, 'done': True, 'done_reason': 'stop', 'total_duration': 9043562542, 'load_duration': 8093764591, 'prompt_eval_count': 305, 'prompt_eval_duration': 78317135, 'eval_count': 3, 'eval_duration': 21800190}
Response: Poorly
Analyzing frame 42/108: q_18_main_0_30fps_frame0090.png
Prompt: Given the human reaction shown in the image, do you think the situation observed by that human ends well or poorly? (Use only one word -- well or poorly -- to answer)
Image size: 12704 bytes
Response status code: 200
{'model': 'gemma3', 'created_at': '2025-12-01T20:24:37.036450655Z', 'message': {'role': 'assistant', 'content': 'Poorly'}, 'done': True, 'done_reason': 'stop', 'total_duration': 8777632519, 'load_duration': 7832465115, 'prompt_eval_count': 305, 'prompt_eval_duration': 77457022, 'eval_count': 3, 'eval_duration': 18882544}
Response: Poorly
Analyzing frame 43/108: q_1_main_0_30fps_frame0015.png
Prompt: Given the human reaction shown in the image, do you think the situation observed by that human ends well or poorly? (Use only one word -- well or poorly -- to answer)
Image size: 12020 bytes
Response status code: 200
{'model': 'gemma3', 'created_at': '2025-12-01T20:24:46.777806049Z', 'message': {'role': 'assistant', 'content': 'Poorly'}, 'done': True, 'done_reason': 'stop', 'total_duration': 8705038226, 'load_duration': 7766595544, 'prompt_eval_count': 305, 'prompt_eval_duration': 78003232, 'eval_count': 3, 'eval_duration': 18889054}
Response: Poorly
Analyzing frame 44/108: q_1_main_0_30fps_frame0030.png
Prompt: Given the human reaction shown in the image, do you think the situation observed by that human ends well or poorly? (Use only one word -- well or poorly -- to answer)
Image size: 11952 bytes
Response status code: 200
{'model': 'gemma3', 'created_at': '2025-12-01T20:24:56.606509464Z', 'message': {'role': 'assistant', 'content': 'Poorly'}, 'done': True, 'done_reason': 'stop', 'total_duration': 8791649015, 'load_duration': 7848674120, 'prompt_eval_count': 305, 'prompt_eval_duration': 78178276, 'eval_count': 3, 'eval_duration': 18421062}
Response: Poorly
Analyzing frame 45/108: q_1_main_0_30fps_frame0045.png
Prompt: Given the human reaction shown in the image, do you think the situation observed by that human ends well or poorly? (Use only one word -- well or poorly -- to answer)
Image size: 11952 bytes
Response status code: 200
{'model': 'gemma3', 'created_at': '2025-12-01T20:25:06.451355351Z', 'message': {'role': 'assistant', 'content': 'Poorly'}, 'done': True, 'done_reason': 'stop', 'total_duration': 8819011207, 'load_duration': 7862903331, 'prompt_eval_count': 305, 'prompt_eval_duration': 78018971, 'eval_count': 3, 'eval_duration': 31836944}
Response: Poorly
Analyzing frame 46/108: q_1_main_0_30fps_frame0060.png
Prompt: Given the human reaction shown in the image, do you think the situation observed by that human ends well or poorly? (Use only one word -- well or poorly -- to answer)
Image size: 11916 bytes
Response status code: 200
{'model': 'gemma3', 'created_at': '2025-12-01T20:25:16.273620935Z', 'message': {'role': 'assistant', 'content': 'Poorly'}, 'done': True, 'done_reason': 'stop', 'total_duration': 8778960415, 'load_duration': 7819613052, 'prompt_eval_count': 305, 'prompt_eval_duration': 78000085, 'eval_count': 3, 'eval_duration': 18840742}
Response: Poorly
Analyzing frame 47/108: q_1_main_0_30fps_frame0075.png
Prompt: Given the human reaction shown in the image, do you think the situation observed by that human ends well or poorly? (Use only one word -- well or poorly -- to answer)
Image size: 12044 bytes
Response status code: 200
{'model': 'gemma3', 'created_at': '2025-12-01T20:25:26.1149594Z', 'message': {'role': 'assistant', 'content': 'Poorly'}, 'done': True, 'done_reason': 'stop', 'total_duration': 8810721436, 'load_duration': 7878044407, 'prompt_eval_count': 305, 'prompt_eval_duration': 77731818, 'eval_count': 3, 'eval_duration': 18416167}
Response: Poorly
Analyzing frame 48/108: q_1_main_0_30fps_frame0090.png
Prompt: Given the human reaction shown in the image, do you think the situation observed by that human ends well or poorly? (Use only one word -- well or poorly -- to answer)
Image size: 12120 bytes
Response status code: 200
{'model': 'gemma3', 'created_at': '2025-12-01T20:25:36.073740858Z', 'message': {'role': 'assistant', 'content': 'Poorly'}, 'done': True, 'done_reason': 'stop', 'total_duration': 8932706162, 'load_duration': 7974456627, 'prompt_eval_count': 305, 'prompt_eval_duration': 79106816, 'eval_count': 3, 'eval_duration': 18564884}
Response: Poorly
Analyzing frame 49/108: q_21_main_0_30fps_frame0015.png
Prompt: Given the human reaction shown in the image, do you think the situation observed by that human ends well or poorly? (Use only one word -- well or poorly -- to answer)
Image size: 12176 bytes
Response status code: 200
{'model': 'gemma3', 'created_at': '2025-12-01T20:25:45.939609028Z', 'message': {'role': 'assistant', 'content': 'Poorly'}, 'done': True, 'done_reason': 'stop', 'total_duration': 8824866074, 'load_duration': 7874650096, 'prompt_eval_count': 305, 'prompt_eval_duration': 80386465, 'eval_count': 3, 'eval_duration': 18652683}
Response: Poorly
Analyzing frame 50/108: q_21_main_0_30fps_frame0030.png
Prompt: Given the human reaction shown in the image, do you think the situation observed by that human ends well or poorly? (Use only one word -- well or poorly -- to answer)
Image size: 12168 bytes
Response status code: 200
{'model': 'gemma3', 'created_at': '2025-12-01T20:25:55.982128346Z', 'message': {'role': 'assistant', 'content': 'Poorly'}, 'done': True, 'done_reason': 'stop', 'total_duration': 9012295797, 'load_duration': 8073486690, 'prompt_eval_count': 305, 'prompt_eval_duration': 77559994, 'eval_count': 3, 'eval_duration': 18569332}
Response: Poorly
Analyzing frame 51/108: q_21_main_0_30fps_frame0045.png
Prompt: Given the human reaction shown in the image, do you think the situation observed by that human ends well or poorly? (Use only one word -- well or poorly -- to answer)
Image size: 12160 bytes
Response status code: 200
{'model': 'gemma3', 'created_at': '2025-12-01T20:26:06.230802711Z', 'message': {'role': 'assistant', 'content': 'Poorly'}, 'done': True, 'done_reason': 'stop', 'total_duration': 9222065463, 'load_duration': 8282962166, 'prompt_eval_count': 305, 'prompt_eval_duration': 78908680, 'eval_count': 3, 'eval_duration': 18917843}
Response: Poorly
Analyzing frame 52/108: q_21_main_0_30fps_frame0060.png
Prompt: Given the human reaction shown in the image, do you think the situation observed by that human ends well or poorly? (Use only one word -- well or poorly -- to answer)
Image size: 12056 bytes
Response status code: 200
{'model': 'gemma3', 'created_at': '2025-12-01T20:26:16.17993508Z', 'message': {'role': 'assistant', 'content': 'Poorly'}, 'done': True, 'done_reason': 'stop', 'total_duration': 8906010361, 'load_duration': 7938216214, 'prompt_eval_count': 305, 'prompt_eval_duration': 77880392, 'eval_count': 3, 'eval_duration': 18457103}
Response: Poorly
Analyzing frame 53/108: q_21_main_0_30fps_frame0075.png
Prompt: Given the human reaction shown in the image, do you think the situation observed by that human ends well or poorly? (Use only one word -- well or poorly -- to answer)
Image size: 12148 bytes
Response status code: 200
{'model': 'gemma3', 'created_at': '2025-12-01T20:26:25.948938079Z', 'message': {'role': 'assistant', 'content': 'Poorly'}, 'done': True, 'done_reason': 'stop', 'total_duration': 8740264268, 'load_duration': 7827370042, 'prompt_eval_count': 305, 'prompt_eval_duration': 78493063, 'eval_count': 3, 'eval_duration': 18385720}
Response: Poorly
Analyzing frame 54/108: q_21_main_0_30fps_frame0090.png
Prompt: Given the human reaction shown in the image, do you think the situation observed by that human ends well or poorly? (Use only one word -- well or poorly -- to answer)
Image size: 12060 bytes
Response status code: 200
{'model': 'gemma3', 'created_at': '2025-12-01T20:26:35.725413537Z', 'message': {'role': 'assistant', 'content': 'Poorly'}, 'done': True, 'done_reason': 'stop', 'total_duration': 8738768145, 'load_duration': 7793703433, 'prompt_eval_count': 305, 'prompt_eval_duration': 78057196, 'eval_count': 3, 'eval_duration': 18462093}
Response: Poorly
Analyzing frame 55/108: q_23_main_0_30fps_frame0015.png
Prompt: Given the human reaction shown in the image, do you think the situation observed by that human ends well or poorly? (Use only one word -- well or poorly -- to answer)
Image size: 12820 bytes
Response status code: 200
{'model': 'gemma3', 'created_at': '2025-12-01T20:26:45.537828825Z', 'message': {'role': 'assistant', 'content': 'Poorly'}, 'done': True, 'done_reason': 'stop', 'total_duration': 8787426253, 'load_duration': 7861832180, 'prompt_eval_count': 305, 'prompt_eval_duration': 78429233, 'eval_count': 3, 'eval_duration': 18871313}
Response: Poorly
Analyzing frame 56/108: q_23_main_0_30fps_frame0030.png
Prompt: Given the human reaction shown in the image, do you think the situation observed by that human ends well or poorly? (Use only one word -- well or poorly -- to answer)
Image size: 12836 bytes
Response status code: 200
{'model': 'gemma3', 'created_at': '2025-12-01T20:26:55.579495689Z', 'message': {'role': 'assistant', 'content': 'Poorly'}, 'done': True, 'done_reason': 'stop', 'total_duration': 9005974490, 'load_duration': 8068570018, 'prompt_eval_count': 305, 'prompt_eval_duration': 81435283, 'eval_count': 3, 'eval_duration': 19664489}
Response: Poorly
Analyzing frame 57/108: q_23_main_0_30fps_frame0045.png
Prompt: Given the human reaction shown in the image, do you think the situation observed by that human ends well or poorly? (Use only one word -- well or poorly -- to answer)
Image size: 12876 bytes
Response status code: 200
{'model': 'gemma3', 'created_at': '2025-12-01T20:27:05.220702226Z', 'message': {'role': 'assistant', 'content': 'Poorly'}, 'done': True, 'done_reason': 'stop', 'total_duration': 8613772027, 'load_duration': 7689316930, 'prompt_eval_count': 305, 'prompt_eval_duration': 78045029, 'eval_count': 3, 'eval_duration': 18437329}
Response: Poorly
Analyzing frame 58/108: q_23_main_0_30fps_frame0060.png
Prompt: Given the human reaction shown in the image, do you think the situation observed by that human ends well or poorly? (Use only one word -- well or poorly -- to answer)
Image size: 12824 bytes
Response status code: 200
{'model': 'gemma3', 'created_at': '2025-12-01T20:27:15.036358754Z', 'message': {'role': 'assistant', 'content': 'Poorly'}, 'done': True, 'done_reason': 'stop', 'total_duration': 8777723969, 'load_duration': 7822859066, 'prompt_eval_count': 305, 'prompt_eval_duration': 77990888, 'eval_count': 3, 'eval_duration': 18719995}
Response: Poorly
Analyzing frame 59/108: q_23_main_0_30fps_frame0075.png
Prompt: Given the human reaction shown in the image, do you think the situation observed by that human ends well or poorly? (Use only one word -- well or poorly -- to answer)
Image size: 12912 bytes
Response status code: 200
{'model': 'gemma3', 'created_at': '2025-12-01T20:27:24.872380746Z', 'message': {'role': 'assistant', 'content': 'Poorly'}, 'done': True, 'done_reason': 'stop', 'total_duration': 8815569236, 'load_duration': 7851238857, 'prompt_eval_count': 305, 'prompt_eval_duration': 78043801, 'eval_count': 3, 'eval_duration': 18503574}
Response: Poorly
Analyzing frame 60/108: q_23_main_0_30fps_frame0090.png
Prompt: Given the human reaction shown in the image, do you think the situation observed by that human ends well or poorly? (Use only one word -- well or poorly -- to answer)
Image size: 12816 bytes
Response status code: 200
{'model': 'gemma3', 'created_at': '2025-12-01T20:27:34.731357165Z', 'message': {'role': 'assistant', 'content': 'Poorly'}, 'done': True, 'done_reason': 'stop', 'total_duration': 8815733203, 'load_duration': 7868772260, 'prompt_eval_count': 305, 'prompt_eval_duration': 79364323, 'eval_count': 3, 'eval_duration': 18915957}
Response: Poorly
Analyzing frame 61/108: q_24_main_0_30fps_frame0015.png
Prompt: Given the human reaction shown in the image, do you think the situation observed by that human ends well or poorly? (Use only one word -- well or poorly -- to answer)
Image size: 12536 bytes
Response status code: 200
{'model': 'gemma3', 'created_at': '2025-12-01T20:27:44.682310799Z', 'message': {'role': 'assistant', 'content': 'Poorly'}, 'done': True, 'done_reason': 'stop', 'total_duration': 8922938526, 'load_duration': 7970230459, 'prompt_eval_count': 305, 'prompt_eval_duration': 78551301, 'eval_count': 3, 'eval_duration': 18539238}
Response: Poorly
Analyzing frame 62/108: q_24_main_0_30fps_frame0030.png
Prompt: Given the human reaction shown in the image, do you think the situation observed by that human ends well or poorly? (Use only one word -- well or poorly -- to answer)
Image size: 12612 bytes
Response status code: 200
{'model': 'gemma3', 'created_at': '2025-12-01T20:27:54.415840439Z', 'message': {'role': 'assistant', 'content': 'Poorly'}, 'done': True, 'done_reason': 'stop', 'total_duration': 8696973161, 'load_duration': 7748177363, 'prompt_eval_count': 305, 'prompt_eval_duration': 77875390, 'eval_count': 3, 'eval_duration': 20094191}
Response: Poorly
Analyzing frame 63/108: q_24_main_0_30fps_frame0045.png
Prompt: Given the human reaction shown in the image, do you think the situation observed by that human ends well or poorly? (Use only one word -- well or poorly -- to answer)
Image size: 12456 bytes
Response status code: 200
{'model': 'gemma3', 'created_at': '2025-12-01T20:28:04.187960075Z', 'message': {'role': 'assistant', 'content': 'Poorly'}, 'done': True, 'done_reason': 'stop', 'total_duration': 8745741883, 'load_duration': 7818119896, 'prompt_eval_count': 305, 'prompt_eval_duration': 78746670, 'eval_count': 3, 'eval_duration': 19098833}
Response: Poorly
Analyzing frame 64/108: q_24_main_0_30fps_frame0060.png
Prompt: Given the human reaction shown in the image, do you think the situation observed by that human ends well or poorly? (Use only one word -- well or poorly -- to answer)
Image size: 12536 bytes
Response status code: 200
{'model': 'gemma3', 'created_at': '2025-12-01T20:28:14.151357169Z', 'message': {'role': 'assistant', 'content': 'Poorly'}, 'done': True, 'done_reason': 'stop', 'total_duration': 8915775328, 'load_duration': 7971718113, 'prompt_eval_count': 305, 'prompt_eval_duration': 77469182, 'eval_count': 3, 'eval_duration': 18810703}
Response: Poorly
Analyzing frame 65/108: q_24_main_0_30fps_frame0075.png
Prompt: Given the human reaction shown in the image, do you think the situation observed by that human ends well or poorly? (Use only one word -- well or poorly -- to answer)
Image size: 12424 bytes
Response status code: 200
{'model': 'gemma3', 'created_at': '2025-12-01T20:28:24.026469637Z', 'message': {'role': 'assistant', 'content': 'Poorly'}, 'done': True, 'done_reason': 'stop', 'total_duration': 8844321026, 'load_duration': 7870049814, 'prompt_eval_count': 305, 'prompt_eval_duration': 84408566, 'eval_count': 3, 'eval_duration': 19395074}
Response: Poorly
Analyzing frame 66/108: q_24_main_0_30fps_frame0090.png
Prompt: Given the human reaction shown in the image, do you think the situation observed by that human ends well or poorly? (Use only one word -- well or poorly -- to answer)
Image size: 12364 bytes
Response status code: 200
{'model': 'gemma3', 'created_at': '2025-12-01T20:28:33.915380875Z', 'message': {'role': 'assistant', 'content': 'Poorly'}, 'done': True, 'done_reason': 'stop', 'total_duration': 8846889854, 'load_duration': 7901429116, 'prompt_eval_count': 305, 'prompt_eval_duration': 77994652, 'eval_count': 3, 'eval_duration': 18388816}
Response: Poorly
Analyzing frame 67/108: q_26_main_0_30fps_frame0014.png
Prompt: Given the human reaction shown in the image, do you think the situation observed by that human ends well or poorly? (Use only one word -- well or poorly -- to answer)
Image size: 13040 bytes
Response status code: 200
{'model': 'gemma3', 'created_at': '2025-12-01T20:28:43.639412464Z', 'message': {'role': 'assistant', 'content': 'Poorly'}, 'done': True, 'done_reason': 'stop', 'total_duration': 8702272922, 'load_duration': 7777441760, 'prompt_eval_count': 305, 'prompt_eval_duration': 79209250, 'eval_count': 3, 'eval_duration': 18492375}
Response: Poorly
Analyzing frame 68/108: q_26_main_0_30fps_frame0029.png
Prompt: Given the human reaction shown in the image, do you think the situation observed by that human ends well or poorly? (Use only one word -- well or poorly -- to answer)
Image size: 12936 bytes
Response status code: 200
{'model': 'gemma3', 'created_at': '2025-12-01T20:28:53.72535441Z', 'message': {'role': 'assistant', 'content': 'Poorly'}, 'done': True, 'done_reason': 'stop', 'total_duration': 9035592301, 'load_duration': 8082627473, 'prompt_eval_count': 305, 'prompt_eval_duration': 78034433, 'eval_count': 3, 'eval_duration': 18509419}
Response: Poorly
Analyzing frame 69/108: q_26_main_0_30fps_frame0044.png
Prompt: Given the human reaction shown in the image, do you think the situation observed by that human ends well or poorly? (Use only one word -- well or poorly -- to answer)
Image size: 12868 bytes
Response status code: 200
{'model': 'gemma3', 'created_at': '2025-12-01T20:29:03.643612191Z', 'message': {'role': 'assistant', 'content': 'Poorly'}, 'done': True, 'done_reason': 'stop', 'total_duration': 8890990600, 'load_duration': 7940092609, 'prompt_eval_count': 305, 'prompt_eval_duration': 79049768, 'eval_count': 3, 'eval_duration': 18466342}
Response: Poorly
Analyzing frame 70/108: q_26_main_0_30fps_frame0059.png
Prompt: Given the human reaction shown in the image, do you think the situation observed by that human ends well or poorly? (Use only one word -- well or poorly -- to answer)
Image size: 12920 bytes
Response status code: 200
{'model': 'gemma3', 'created_at': '2025-12-01T20:29:13.497037919Z', 'message': {'role': 'assistant', 'content': 'Poorly'}, 'done': True, 'done_reason': 'stop', 'total_duration': 8811311339, 'load_duration': 7890395658, 'prompt_eval_count': 305, 'prompt_eval_duration': 78413607, 'eval_count': 3, 'eval_duration': 18433022}
Response: Poorly
Analyzing frame 71/108: q_26_main_0_30fps_frame0074.png
Prompt: Given the human reaction shown in the image, do you think the situation observed by that human ends well or poorly? (Use only one word -- well or poorly -- to answer)
Image size: 13020 bytes
Response status code: 200
{'model': 'gemma3', 'created_at': '2025-12-01T20:29:23.342209159Z', 'message': {'role': 'assistant', 'content': 'Poorly'}, 'done': True, 'done_reason': 'stop', 'total_duration': 8813771643, 'load_duration': 7875266201, 'prompt_eval_count': 305, 'prompt_eval_duration': 79742752, 'eval_count': 3, 'eval_duration': 18943246}
Response: Poorly
Analyzing frame 72/108: q_26_main_0_30fps_frame0089.png
Prompt: Given the human reaction shown in the image, do you think the situation observed by that human ends well or poorly? (Use only one word -- well or poorly -- to answer)
Image size: 13000 bytes
Response status code: 200
{'model': 'gemma3', 'created_at': '2025-12-01T20:29:33.110695043Z', 'message': {'role': 'assistant', 'content': 'Poorly'}, 'done': True, 'done_reason': 'stop', 'total_duration': 8727635216, 'load_duration': 7792834841, 'prompt_eval_count': 305, 'prompt_eval_duration': 77724175, 'eval_count': 3, 'eval_duration': 20333260}
Response: Poorly
Analyzing frame 73/108: q_2_main_1_30fps_frame0015.png
Prompt: Given the human reaction shown in the image, do you think the situation observed by that human ends well or poorly? (Use only one word -- well or poorly -- to answer)
Image size: 12796 bytes
Response status code: 200
{'model': 'gemma3', 'created_at': '2025-12-01T20:29:43.05375395Z', 'message': {'role': 'assistant', 'content': 'Poorly'}, 'done': True, 'done_reason': 'stop', 'total_duration': 8914451469, 'load_duration': 7959661793, 'prompt_eval_count': 305, 'prompt_eval_duration': 78938799, 'eval_count': 3, 'eval_duration': 19021193}
Response: Poorly
Analyzing frame 74/108: q_2_main_1_30fps_frame0030.png
Prompt: Given the human reaction shown in the image, do you think the situation observed by that human ends well or poorly? (Use only one word -- well or poorly -- to answer)
Image size: 12544 bytes
Response status code: 200
{'model': 'gemma3', 'created_at': '2025-12-01T20:29:52.951170171Z', 'message': {'role': 'assistant', 'content': 'Well'}, 'done': True, 'done_reason': 'stop', 'total_duration': 8859744369, 'load_duration': 7930526502, 'prompt_eval_count': 305, 'prompt_eval_duration': 77519772, 'eval_count': 2, 'eval_duration': 9324991}
Response: Well
Analyzing frame 75/108: q_2_main_1_30fps_frame0045.png
Prompt: Given the human reaction shown in the image, do you think the situation observed by that human ends well or poorly? (Use only one word -- well or poorly -- to answer)
Image size: 12764 bytes
Response status code: 200
{'model': 'gemma3', 'created_at': '2025-12-01T20:30:03.044500562Z', 'message': {'role': 'assistant', 'content': 'Well'}, 'done': True, 'done_reason': 'stop', 'total_duration': 9062711833, 'load_duration': 8133495641, 'prompt_eval_count': 305, 'prompt_eval_duration': 77689308, 'eval_count': 2, 'eval_duration': 9922315}
Response: Well
Analyzing frame 76/108: q_2_main_1_30fps_frame0060.png
Prompt: Given the human reaction shown in the image, do you think the situation observed by that human ends well or poorly? (Use only one word -- well or poorly -- to answer)
Image size: 12728 bytes
Response status code: 200
{'model': 'gemma3', 'created_at': '2025-12-01T20:30:13.035436849Z', 'message': {'role': 'assistant', 'content': 'Well'}, 'done': True, 'done_reason': 'stop', 'total_duration': 8945223570, 'load_duration': 7995442638, 'prompt_eval_count': 305, 'prompt_eval_duration': 77903953, 'eval_count': 2, 'eval_duration': 9349005}
Response: Well
Analyzing frame 77/108: q_2_main_1_30fps_frame0075.png
Prompt: Given the human reaction shown in the image, do you think the situation observed by that human ends well or poorly? (Use only one word -- well or poorly -- to answer)
Image size: 12828 bytes
Response status code: 200
{'model': 'gemma3', 'created_at': '2025-12-01T20:30:22.941753247Z', 'message': {'role': 'assistant', 'content': 'Well'}, 'done': True, 'done_reason': 'stop', 'total_duration': 8878051531, 'load_duration': 7927598517, 'prompt_eval_count': 305, 'prompt_eval_duration': 81909163, 'eval_count': 2, 'eval_duration': 9749903}
Response: Well
Analyzing frame 78/108: q_2_main_1_30fps_frame0090.png
Prompt: Given the human reaction shown in the image, do you think the situation observed by that human ends well or poorly? (Use only one word -- well or poorly -- to answer)
Image size: 12792 bytes
Response status code: 200
{'model': 'gemma3', 'created_at': '2025-12-01T20:30:32.977770705Z', 'message': {'role': 'assistant', 'content': 'Well'}, 'done': True, 'done_reason': 'stop', 'total_duration': 8992078234, 'load_duration': 8055599334, 'prompt_eval_count': 305, 'prompt_eval_duration': 79089430, 'eval_count': 2, 'eval_duration': 9391930}
Response: Well
Analyzing frame 79/108: q_30_main_0_30fps_frame0015.png
Prompt: Given the human reaction shown in the image, do you think the situation observed by that human ends well or poorly? (Use only one word -- well or poorly -- to answer)
Image size: 13044 bytes
Response status code: 200
{'model': 'gemma3', 'created_at': '2025-12-01T20:30:42.749818108Z', 'message': {'role': 'assistant', 'content': 'Poorly'}, 'done': True, 'done_reason': 'stop', 'total_duration': 8744486741, 'load_duration': 7800716188, 'prompt_eval_count': 305, 'prompt_eval_duration': 78202501, 'eval_count': 3, 'eval_duration': 18571811}
Response: Poorly
Analyzing frame 80/108: q_30_main_0_30fps_frame0030.png
Prompt: Given the human reaction shown in the image, do you think the situation observed by that human ends well or poorly? (Use only one word -- well or poorly -- to answer)
Image size: 12944 bytes
Response status code: 200
{'model': 'gemma3', 'created_at': '2025-12-01T20:30:52.659963892Z', 'message': {'role': 'assistant', 'content': 'Poorly'}, 'done': True, 'done_reason': 'stop', 'total_duration': 8871054846, 'load_duration': 7930415964, 'prompt_eval_count': 305, 'prompt_eval_duration': 77841596, 'eval_count': 3, 'eval_duration': 18407858}
Response: Poorly
Analyzing frame 81/108: q_30_main_0_30fps_frame0045.png
Prompt: Given the human reaction shown in the image, do you think the situation observed by that human ends well or poorly? (Use only one word -- well or poorly -- to answer)
Image size: 13028 bytes
Response status code: 200
{'model': 'gemma3', 'created_at': '2025-12-01T20:31:02.950042057Z', 'message': {'role': 'assistant', 'content': 'Poorly'}, 'done': True, 'done_reason': 'stop', 'total_duration': 9262343061, 'load_duration': 8303610872, 'prompt_eval_count': 305, 'prompt_eval_duration': 82876452, 'eval_count': 3, 'eval_duration': 19156308}
Response: Poorly
Analyzing frame 82/108: q_30_main_0_30fps_frame0060.png
Prompt: Given the human reaction shown in the image, do you think the situation observed by that human ends well or poorly? (Use only one word -- well or poorly -- to answer)
Image size: 12936 bytes
Response status code: 200
{'model': 'gemma3', 'created_at': '2025-12-01T20:31:12.761269634Z', 'message': {'role': 'assistant', 'content': 'Poorly'}, 'done': True, 'done_reason': 'stop', 'total_duration': 8782133437, 'load_duration': 7846137965, 'prompt_eval_count': 305, 'prompt_eval_duration': 77733048, 'eval_count': 3, 'eval_duration': 18428682}
Response: Poorly
Analyzing frame 83/108: q_30_main_0_30fps_frame0075.png
Prompt: Given the human reaction shown in the image, do you think the situation observed by that human ends well or poorly? (Use only one word -- well or poorly -- to answer)
Image size: 12988 bytes
Response status code: 200
{'model': 'gemma3', 'created_at': '2025-12-01T20:31:22.575169891Z', 'message': {'role': 'assistant', 'content': 'Poorly'}, 'done': True, 'done_reason': 'stop', 'total_duration': 8785557609, 'load_duration': 7870620558, 'prompt_eval_count': 305, 'prompt_eval_duration': 78323965, 'eval_count': 3, 'eval_duration': 18468780}
Response: Poorly
Analyzing frame 84/108: q_30_main_0_30fps_frame0090.png
Prompt: Given the human reaction shown in the image, do you think the situation observed by that human ends well or poorly? (Use only one word -- well or poorly -- to answer)
Image size: 12984 bytes
Response status code: 200
{'model': 'gemma3', 'created_at': '2025-12-01T20:31:32.561401537Z', 'message': {'role': 'assistant', 'content': 'Poorly'}, 'done': True, 'done_reason': 'stop', 'total_duration': 8940313797, 'load_duration': 8005608165, 'prompt_eval_count': 305, 'prompt_eval_duration': 78582930, 'eval_count': 3, 'eval_duration': 19057574}
Response: Poorly
Analyzing frame 85/108: q_3_main_1_30fps_frame0015.png
Prompt: Given the human reaction shown in the image, do you think the situation observed by that human ends well or poorly? (Use only one word -- well or poorly -- to answer)
Image size: 13076 bytes
Response status code: 200
{'model': 'gemma3', 'created_at': '2025-12-01T20:31:42.29485568Z', 'message': {'role': 'assistant', 'content': 'Poorly'}, 'done': True, 'done_reason': 'stop', 'total_duration': 8704344670, 'load_duration': 7767917376, 'prompt_eval_count': 305, 'prompt_eval_duration': 78887453, 'eval_count': 3, 'eval_duration': 18633167}
Response: Poorly
Analyzing frame 86/108: q_3_main_1_30fps_frame0030.png
Prompt: Given the human reaction shown in the image, do you think the situation observed by that human ends well or poorly? (Use only one word -- well or poorly -- to answer)
Image size: 13016 bytes
Response status code: 200
{'model': 'gemma3', 'created_at': '2025-12-01T20:31:52.169957767Z', 'message': {'role': 'assistant', 'content': 'Poorly'}, 'done': True, 'done_reason': 'stop', 'total_duration': 8837004005, 'load_duration': 7868779718, 'prompt_eval_count': 305, 'prompt_eval_duration': 80892392, 'eval_count': 3, 'eval_duration': 19071014}
Response: Poorly
Analyzing frame 87/108: q_3_main_1_30fps_frame0045.png
Prompt: Given the human reaction shown in the image, do you think the situation observed by that human ends well or poorly? (Use only one word -- well or poorly -- to answer)
Image size: 13000 bytes
Response status code: 200
{'model': 'gemma3', 'created_at': '2025-12-01T20:32:01.988158558Z', 'message': {'role': 'assistant', 'content': 'Poorly'}, 'done': True, 'done_reason': 'stop', 'total_duration': 8800454381, 'load_duration': 7867430638, 'prompt_eval_count': 305, 'prompt_eval_duration': 78164856, 'eval_count': 3, 'eval_duration': 18784689}
Response: Poorly
Analyzing frame 88/108: q_3_main_1_30fps_frame0060.png
Prompt: Given the human reaction shown in the image, do you think the situation observed by that human ends well or poorly? (Use only one word -- well or poorly -- to answer)
Image size: 12956 bytes
Response status code: 200
{'model': 'gemma3', 'created_at': '2025-12-01T20:32:11.511322316Z', 'message': {'role': 'assistant', 'content': 'Poorly'}, 'done': True, 'done_reason': 'stop', 'total_duration': 8479241418, 'load_duration': 7569872688, 'prompt_eval_count': 305, 'prompt_eval_duration': 78194380, 'eval_count': 3, 'eval_duration': 18606517}
Response: Poorly
Analyzing frame 89/108: q_3_main_1_30fps_frame0075.png
Prompt: Given the human reaction shown in the image, do you think the situation observed by that human ends well or poorly? (Use only one word -- well or poorly -- to answer)
Image size: 13048 bytes
Response status code: 200
{'model': 'gemma3', 'created_at': '2025-12-01T20:32:21.438823659Z', 'message': {'role': 'assistant', 'content': 'Poorly'}, 'done': True, 'done_reason': 'stop', 'total_duration': 8906522412, 'load_duration': 7974324668, 'prompt_eval_count': 305, 'prompt_eval_duration': 79415028, 'eval_count': 3, 'eval_duration': 18518343}
Response: Poorly
Analyzing frame 90/108: q_3_main_1_30fps_frame0090.png
Prompt: Given the human reaction shown in the image, do you think the situation observed by that human ends well or poorly? (Use only one word -- well or poorly -- to answer)
Image size: 12952 bytes
Response status code: 200
{'model': 'gemma3', 'created_at': '2025-12-01T20:32:31.304183416Z', 'message': {'role': 'assistant', 'content': 'Poorly'}, 'done': True, 'done_reason': 'stop', 'total_duration': 8832040009, 'load_duration': 7898620496, 'prompt_eval_count': 305, 'prompt_eval_duration': 78475983, 'eval_count': 3, 'eval_duration': 18873975}
Response: Poorly
Analyzing frame 91/108: q_4_main_0_30fps_frame0015.png
Prompt: Given the human reaction shown in the image, do you think the situation observed by that human ends well or poorly? (Use only one word -- well or poorly -- to answer)
Image size: 12160 bytes
Response status code: 200
{'model': 'gemma3', 'created_at': '2025-12-01T20:32:41.113525032Z', 'message': {'role': 'assistant', 'content': 'Poorly'}, 'done': True, 'done_reason': 'stop', 'total_duration': 8783399908, 'load_duration': 7806368585, 'prompt_eval_count': 305, 'prompt_eval_duration': 78679783, 'eval_count': 3, 'eval_duration': 18961120}
Response: Poorly
Analyzing frame 92/108: q_4_main_0_30fps_frame0030.png
Prompt: Given the human reaction shown in the image, do you think the situation observed by that human ends well or poorly? (Use only one word -- well or poorly -- to answer)
Image size: 11972 bytes
Response status code: 200
{'model': 'gemma3', 'created_at': '2025-12-01T20:32:50.829398441Z', 'message': {'role': 'assistant', 'content': 'Poorly'}, 'done': True, 'done_reason': 'stop', 'total_duration': 8676503195, 'load_duration': 7718356684, 'prompt_eval_count': 305, 'prompt_eval_duration': 78323359, 'eval_count': 3, 'eval_duration': 19609547}
Response: Poorly
Analyzing frame 93/108: q_4_main_0_30fps_frame0045.png
Prompt: Given the human reaction shown in the image, do you think the situation observed by that human ends well or poorly? (Use only one word -- well or poorly -- to answer)
Image size: 11720 bytes
Response status code: 200
{'model': 'gemma3', 'created_at': '2025-12-01T20:33:00.503617873Z', 'message': {'role': 'assistant', 'content': 'Poorly'}, 'done': True, 'done_reason': 'stop', 'total_duration': 8659380842, 'load_duration': 7708580515, 'prompt_eval_count': 305, 'prompt_eval_duration': 78167475, 'eval_count': 3, 'eval_duration': 18420860}
Response: Poorly
Analyzing frame 94/108: q_4_main_0_30fps_frame0060.png
Prompt: Given the human reaction shown in the image, do you think the situation observed by that human ends well or poorly? (Use only one word -- well or poorly -- to answer)
Image size: 11788 bytes
Response status code: 200
{'model': 'gemma3', 'created_at': '2025-12-01T20:33:10.229481966Z', 'message': {'role': 'assistant', 'content': 'Poorly'}, 'done': True, 'done_reason': 'stop', 'total_duration': 8687041645, 'load_duration': 7720904368, 'prompt_eval_count': 305, 'prompt_eval_duration': 78103263, 'eval_count': 3, 'eval_duration': 18856321}
Response: Poorly
Analyzing frame 95/108: q_4_main_0_30fps_frame0075.png
Prompt: Given the human reaction shown in the image, do you think the situation observed by that human ends well or poorly? (Use only one word -- well or poorly -- to answer)
Image size: 11876 bytes
Response status code: 200
{'model': 'gemma3', 'created_at': '2025-12-01T20:33:20.206808635Z', 'message': {'role': 'assistant', 'content': 'Poorly'}, 'done': True, 'done_reason': 'stop', 'total_duration': 8947247118, 'load_duration': 7997985759, 'prompt_eval_count': 305, 'prompt_eval_duration': 78065689, 'eval_count': 3, 'eval_duration': 18484832}
Response: Poorly
Analyzing frame 96/108: q_4_main_0_30fps_frame0090.png
Prompt: Given the human reaction shown in the image, do you think the situation observed by that human ends well or poorly? (Use only one word -- well or poorly -- to answer)
Image size: 11900 bytes
Response status code: 200
{'model': 'gemma3', 'created_at': '2025-12-01T20:33:30.01864083Z', 'message': {'role': 'assistant', 'content': 'Poorly'}, 'done': True, 'done_reason': 'stop', 'total_duration': 8777411752, 'load_duration': 7847392944, 'prompt_eval_count': 305, 'prompt_eval_duration': 81673675, 'eval_count': 3, 'eval_duration': 18918084}
Response: Poorly
Analyzing frame 97/108: q_5_main_0_30fps_frame0015.png
Prompt: Given the human reaction shown in the image, do you think the situation observed by that human ends well or poorly? (Use only one word -- well or poorly -- to answer)
Image size: 13068 bytes
Response status code: 200
{'model': 'gemma3', 'created_at': '2025-12-01T20:33:39.727977377Z', 'message': {'role': 'assistant', 'content': 'Poorly'}, 'done': True, 'done_reason': 'stop', 'total_duration': 8692416739, 'load_duration': 7732725756, 'prompt_eval_count': 305, 'prompt_eval_duration': 77601591, 'eval_count': 3, 'eval_duration': 18685632}
Response: Poorly
Analyzing frame 98/108: q_5_main_0_30fps_frame0030.png
Prompt: Given the human reaction shown in the image, do you think the situation observed by that human ends well or poorly? (Use only one word -- well or poorly -- to answer)
Image size: 12976 bytes
Response status code: 200
{'model': 'gemma3', 'created_at': '2025-12-01T20:33:49.751449752Z', 'message': {'role': 'assistant', 'content': 'Poorly'}, 'done': True, 'done_reason': 'stop', 'total_duration': 8983833300, 'load_duration': 8027266139, 'prompt_eval_count': 305, 'prompt_eval_duration': 78170175, 'eval_count': 3, 'eval_duration': 18466894}
Response: Poorly
Analyzing frame 99/108: q_5_main_0_30fps_frame0045.png
Prompt: Given the human reaction shown in the image, do you think the situation observed by that human ends well or poorly? (Use only one word -- well or poorly -- to answer)
Image size: 12804 bytes
Response status code: 200
{'model': 'gemma3', 'created_at': '2025-12-01T20:33:59.525455216Z', 'message': {'role': 'assistant', 'content': 'Poorly'}, 'done': True, 'done_reason': 'stop', 'total_duration': 8742997436, 'load_duration': 7807046473, 'prompt_eval_count': 305, 'prompt_eval_duration': 79121230, 'eval_count': 3, 'eval_duration': 18739659}
Response: Poorly
Analyzing frame 100/108: q_5_main_0_30fps_frame0060.png
Prompt: Given the human reaction shown in the image, do you think the situation observed by that human ends well or poorly? (Use only one word -- well or poorly -- to answer)
Image size: 12772 bytes
Response status code: 200
{'model': 'gemma3', 'created_at': '2025-12-01T20:34:09.378677519Z', 'message': {'role': 'assistant', 'content': 'Poorly'}, 'done': True, 'done_reason': 'stop', 'total_duration': 8810623431, 'load_duration': 7865358531, 'prompt_eval_count': 305, 'prompt_eval_duration': 78525677, 'eval_count': 3, 'eval_duration': 19198475}
Response: Poorly
Analyzing frame 101/108: q_5_main_0_30fps_frame0075.png
Prompt: Given the human reaction shown in the image, do you think the situation observed by that human ends well or poorly? (Use only one word -- well or poorly -- to answer)
Image size: 12868 bytes
Response status code: 200
{'model': 'gemma3', 'created_at': '2025-12-01T20:34:19.222725108Z', 'message': {'role': 'assistant', 'content': 'Poorly'}, 'done': True, 'done_reason': 'stop', 'total_duration': 8817354470, 'load_duration': 7898498132, 'prompt_eval_count': 305, 'prompt_eval_duration': 77237144, 'eval_count': 3, 'eval_duration': 18416708}
Response: Poorly
Analyzing frame 102/108: q_5_main_0_30fps_frame0090.png
Prompt: Given the human reaction shown in the image, do you think the situation observed by that human ends well or poorly? (Use only one word -- well or poorly -- to answer)
Image size: 12844 bytes
Response status code: 200
{'model': 'gemma3', 'created_at': '2025-12-01T20:34:29.526924019Z', 'message': {'role': 'assistant', 'content': 'Poorly'}, 'done': True, 'done_reason': 'stop', 'total_duration': 9258941028, 'load_duration': 8278399412, 'prompt_eval_count': 305, 'prompt_eval_duration': 80397617, 'eval_count': 3, 'eval_duration': 21630175}
Response: Poorly
Analyzing frame 103/108: q_warmup_4_main_0_30fps_frame0014.png
Prompt: Given the human reaction shown in the image, do you think the situation observed by that human ends well or poorly? (Use only one word -- well or poorly -- to answer)
Image size: 12808 bytes
Response status code: 200
{'model': 'gemma3', 'created_at': '2025-12-01T20:34:39.176136503Z', 'message': {'role': 'assistant', 'content': 'Poorly'}, 'done': True, 'done_reason': 'stop', 'total_duration': 8620333358, 'load_duration': 7668092619, 'prompt_eval_count': 305, 'prompt_eval_duration': 78364775, 'eval_count': 3, 'eval_duration': 19676678}
Response: Poorly
Analyzing frame 104/108: q_warmup_4_main_0_30fps_frame0029.png
Prompt: Given the human reaction shown in the image, do you think the situation observed by that human ends well or poorly? (Use only one word -- well or poorly -- to answer)
Image size: 12788 bytes
Response status code: 200
{'model': 'gemma3', 'created_at': '2025-12-01T20:34:49.053202023Z', 'message': {'role': 'assistant', 'content': 'Poorly'}, 'done': True, 'done_reason': 'stop', 'total_duration': 8830264616, 'load_duration': 7888436927, 'prompt_eval_count': 305, 'prompt_eval_duration': 77208109, 'eval_count': 3, 'eval_duration': 18383362}
Response: Poorly
Analyzing frame 105/108: q_warmup_4_main_0_30fps_frame0044.png
Prompt: Given the human reaction shown in the image, do you think the situation observed by that human ends well or poorly? (Use only one word -- well or poorly -- to answer)
Image size: 12624 bytes
Response status code: 200
{'model': 'gemma3', 'created_at': '2025-12-01T20:34:59.144334865Z', 'message': {'role': 'assistant', 'content': 'Poorly'}, 'done': True, 'done_reason': 'stop', 'total_duration': 9057628521, 'load_duration': 8101458981, 'prompt_eval_count': 305, 'prompt_eval_duration': 77894095, 'eval_count': 3, 'eval_duration': 18472489}
Response: Poorly
Analyzing frame 106/108: q_warmup_4_main_0_30fps_frame0059.png
Prompt: Given the human reaction shown in the image, do you think the situation observed by that human ends well or poorly? (Use only one word -- well or poorly -- to answer)
Image size: 12508 bytes
Response status code: 200
{'model': 'gemma3', 'created_at': '2025-12-01T20:35:09.069059043Z', 'message': {'role': 'assistant', 'content': 'Poorly'}, 'done': True, 'done_reason': 'stop', 'total_duration': 8882912340, 'load_duration': 7935412595, 'prompt_eval_count': 305, 'prompt_eval_duration': 82392359, 'eval_count': 3, 'eval_duration': 19520429}
Response: Poorly
Analyzing frame 107/108: q_warmup_4_main_0_30fps_frame0074.png
Prompt: Given the human reaction shown in the image, do you think the situation observed by that human ends well or poorly? (Use only one word -- well or poorly -- to answer)
Image size: 12224 bytes
Response status code: 200
{'model': 'gemma3', 'created_at': '2025-12-01T20:35:19.037460642Z', 'message': {'role': 'assistant', 'content': 'Poorly'}, 'done': True, 'done_reason': 'stop', 'total_duration': 8943226950, 'load_duration': 8011936902, 'prompt_eval_count': 305, 'prompt_eval_duration': 78532930, 'eval_count': 3, 'eval_duration': 18833873}
Response: Poorly
Analyzing frame 108/108: q_warmup_4_main_0_30fps_frame0089.png
Prompt: Given the human reaction shown in the image, do you think the situation observed by that human ends well or poorly? (Use only one word -- well or poorly -- to answer)
Image size: 11820 bytes
Response status code: 200
{'model': 'gemma3', 'created_at': '2025-12-01T20:35:28.903221257Z', 'message': {'role': 'assistant', 'content': 'Poorly'}, 'done': True, 'done_reason': 'stop', 'total_duration': 8818423308, 'load_duration': 7884369187, 'prompt_eval_count': 305, 'prompt_eval_duration': 77695698, 'eval_count': 3, 'eval_duration': 18491168}
Response: Poorly
Processed 108 frames for participant 1676

Results saved to ./results/results_gemma3_3s.csv
Total frames processed: 402

==================================================
Processing participant 5/30

Processing participant: 2103
Found 108 frames
Analyzing frame 1/108: q_11_main_1_30fps_frame0013.png
Prompt: Given the human reaction shown in the image, do you think the situation observed by that human ends well or poorly? (Use only one word -- well or poorly -- to answer)
Image size: 11460 bytes
Response status code: 200
{'model': 'gemma3', 'created_at': '2025-12-01T20:35:38.780194102Z', 'message': {'role': 'assistant', 'content': 'Poorly'}, 'done': True, 'done_reason': 'stop', 'total_duration': 8807021242, 'load_duration': 7866151594, 'prompt_eval_count': 305, 'prompt_eval_duration': 77202283, 'eval_count': 3, 'eval_duration': 18734038}
Response: Poorly
Analyzing frame 2/108: q_11_main_1_30fps_frame0028.png
Prompt: Given the human reaction shown in the image, do you think the situation observed by that human ends well or poorly? (Use only one word -- well or poorly -- to answer)
Image size: 11456 bytes
Response status code: 200
{'model': 'gemma3', 'created_at': '2025-12-01T20:35:48.811695167Z', 'message': {'role': 'assistant', 'content': 'Poorly'}, 'done': True, 'done_reason': 'stop', 'total_duration': 9000184211, 'load_duration': 8074250936, 'prompt_eval_count': 305, 'prompt_eval_duration': 78624761, 'eval_count': 3, 'eval_duration': 19034088}
Response: Poorly
Analyzing frame 3/108: q_11_main_1_30fps_frame0043.png
Prompt: Given the human reaction shown in the image, do you think the situation observed by that human ends well or poorly? (Use only one word -- well or poorly -- to answer)
Image size: 11596 bytes
Response status code: 200
{'model': 'gemma3', 'created_at': '2025-12-01T20:35:58.828021937Z', 'message': {'role': 'assistant', 'content': 'Poorly'}, 'done': True, 'done_reason': 'stop', 'total_duration': 8971172613, 'load_duration': 8025615586, 'prompt_eval_count': 305, 'prompt_eval_duration': 77509869, 'eval_count': 3, 'eval_duration': 18330855}
Response: Poorly
Analyzing frame 4/108: q_11_main_1_30fps_frame0058.png
Prompt: Given the human reaction shown in the image, do you think the situation observed by that human ends well or poorly? (Use only one word -- well or poorly -- to answer)
Image size: 11560 bytes
Response status code: 200
{'model': 'gemma3', 'created_at': '2025-12-01T20:36:08.737931306Z', 'message': {'role': 'assistant', 'content': 'Poorly'}, 'done': True, 'done_reason': 'stop', 'total_duration': 8891098724, 'load_duration': 7946185481, 'prompt_eval_count': 305, 'prompt_eval_duration': 81279109, 'eval_count': 3, 'eval_duration': 18436216}
Response: Poorly
Analyzing frame 5/108: q_11_main_1_30fps_frame0073.png
Prompt: Given the human reaction shown in the image, do you think the situation observed by that human ends well or poorly? (Use only one word -- well or poorly -- to answer)
Image size: 11404 bytes
Response status code: 200
{'model': 'gemma3', 'created_at': '2025-12-01T20:36:18.700883032Z', 'message': {'role': 'assistant', 'content': 'Poorly'}, 'done': True, 'done_reason': 'stop', 'total_duration': 8919403259, 'load_duration': 7953215296, 'prompt_eval_count': 305, 'prompt_eval_duration': 77955132, 'eval_count': 3, 'eval_duration': 18830036}
Response: Poorly
Analyzing frame 6/108: q_11_main_1_30fps_frame0088.png
Prompt: Given the human reaction shown in the image, do you think the situation observed by that human ends well or poorly? (Use only one word -- well or poorly -- to answer)
Image size: 11376 bytes
Response status code: 200
{'model': 'gemma3', 'created_at': '2025-12-01T20:36:28.51119026Z', 'message': {'role': 'assistant', 'content': 'Poorly'}, 'done': True, 'done_reason': 'stop', 'total_duration': 8779596703, 'load_duration': 7840126358, 'prompt_eval_count': 305, 'prompt_eval_duration': 78308536, 'eval_count': 3, 'eval_duration': 18581925}
Response: Poorly
Analyzing frame 7/108: q_12_main_1_30fps_frame0015.png
Prompt: Given the human reaction shown in the image, do you think the situation observed by that human ends well or poorly? (Use only one word -- well or poorly -- to answer)
Image size: 11740 bytes
Response status code: 200
{'model': 'gemma3', 'created_at': '2025-12-01T20:36:38.485333562Z', 'message': {'role': 'assistant', 'content': 'Poorly'}, 'done': True, 'done_reason': 'stop', 'total_duration': 8926259536, 'load_duration': 7972176275, 'prompt_eval_count': 305, 'prompt_eval_duration': 81132340, 'eval_count': 3, 'eval_duration': 18376739}
Response: Poorly
Analyzing frame 8/108: q_12_main_1_30fps_frame0030.png
Prompt: Given the human reaction shown in the image, do you think the situation observed by that human ends well or poorly? (Use only one word -- well or poorly -- to answer)
Image size: 11768 bytes
Response status code: 200
{'model': 'gemma3', 'created_at': '2025-12-01T20:36:48.297404672Z', 'message': {'role': 'assistant', 'content': 'Poorly'}, 'done': True, 'done_reason': 'stop', 'total_duration': 8766538173, 'load_duration': 7817629822, 'prompt_eval_count': 305, 'prompt_eval_duration': 77513658, 'eval_count': 3, 'eval_duration': 20586185}
Response: Poorly
Analyzing frame 9/108: q_12_main_1_30fps_frame0045.png
Prompt: Given the human reaction shown in the image, do you think the situation observed by that human ends well or poorly? (Use only one word -- well or poorly -- to answer)
Image size: 11704 bytes
Response status code: 200
{'model': 'gemma3', 'created_at': '2025-12-01T20:36:58.047321632Z', 'message': {'role': 'assistant', 'content': 'Poorly'}, 'done': True, 'done_reason': 'stop', 'total_duration': 8706875160, 'load_duration': 7755579020, 'prompt_eval_count': 305, 'prompt_eval_duration': 78730632, 'eval_count': 3, 'eval_duration': 21955086}
Response: Poorly
Analyzing frame 10/108: q_12_main_1_30fps_frame0060.png
Prompt: Given the human reaction shown in the image, do you think the situation observed by that human ends well or poorly? (Use only one word -- well or poorly -- to answer)
Image size: 11704 bytes
Response status code: 200
{'model': 'gemma3', 'created_at': '2025-12-01T20:37:07.690199328Z', 'message': {'role': 'assistant', 'content': 'Poorly'}, 'done': True, 'done_reason': 'stop', 'total_duration': 8613735242, 'load_duration': 7654016853, 'prompt_eval_count': 305, 'prompt_eval_duration': 77686616, 'eval_count': 3, 'eval_duration': 18681865}
Response: Poorly
Analyzing frame 11/108: q_12_main_1_30fps_frame0075.png
Prompt: Given the human reaction shown in the image, do you think the situation observed by that human ends well or poorly? (Use only one word -- well or poorly -- to answer)
Image size: 11596 bytes
Response status code: 200
{'model': 'gemma3', 'created_at': '2025-12-01T20:37:17.592128055Z', 'message': {'role': 'assistant', 'content': 'Poorly'}, 'done': True, 'done_reason': 'stop', 'total_duration': 8860952054, 'load_duration': 7915216131, 'prompt_eval_count': 305, 'prompt_eval_duration': 78905680, 'eval_count': 3, 'eval_duration': 18754652}
Response: Poorly
Analyzing frame 12/108: q_12_main_1_30fps_frame0090.png
Prompt: Given the human reaction shown in the image, do you think the situation observed by that human ends well or poorly? (Use only one word -- well or poorly -- to answer)
Image size: 11572 bytes
Response status code: 200
{'model': 'gemma3', 'created_at': '2025-12-01T20:37:27.235290022Z', 'message': {'role': 'assistant', 'content': 'Poorly'}, 'done': True, 'done_reason': 'stop', 'total_duration': 8615148422, 'load_duration': 7653389734, 'prompt_eval_count': 305, 'prompt_eval_duration': 78386976, 'eval_count': 3, 'eval_duration': 18674569}
Response: Poorly
Analyzing frame 13/108: q_13_main_1_30fps_frame0015.png
Prompt: Given the human reaction shown in the image, do you think the situation observed by that human ends well or poorly? (Use only one word -- well or poorly -- to answer)
Image size: 11904 bytes
Response status code: 200
{'model': 'gemma3', 'created_at': '2025-12-01T20:37:37.212202078Z', 'message': {'role': 'assistant', 'content': 'Poorly'}, 'done': True, 'done_reason': 'stop', 'total_duration': 8934886965, 'load_duration': 8002988149, 'prompt_eval_count': 305, 'prompt_eval_duration': 77807233, 'eval_count': 3, 'eval_duration': 18347849}
Response: Poorly
Analyzing frame 14/108: q_13_main_1_30fps_frame0030.png
Prompt: Given the human reaction shown in the image, do you think the situation observed by that human ends well or poorly? (Use only one word -- well or poorly -- to answer)
Image size: 11876 bytes
Response status code: 200
{'model': 'gemma3', 'created_at': '2025-12-01T20:37:47.014857942Z', 'message': {'role': 'assistant', 'content': 'Poorly'}, 'done': True, 'done_reason': 'stop', 'total_duration': 8772045971, 'load_duration': 7804840830, 'prompt_eval_count': 305, 'prompt_eval_duration': 78818124, 'eval_count': 3, 'eval_duration': 18478601}
Response: Poorly
Analyzing frame 15/108: q_13_main_1_30fps_frame0045.png
Prompt: Given the human reaction shown in the image, do you think the situation observed by that human ends well or poorly? (Use only one word -- well or poorly -- to answer)
Image size: 11864 bytes
Response status code: 200
{'model': 'gemma3', 'created_at': '2025-12-01T20:37:56.920410676Z', 'message': {'role': 'assistant', 'content': 'Poorly'}, 'done': True, 'done_reason': 'stop', 'total_duration': 8860599379, 'load_duration': 7902907810, 'prompt_eval_count': 305, 'prompt_eval_duration': 77711728, 'eval_count': 3, 'eval_duration': 18418394}
Response: Poorly
Analyzing frame 16/108: q_13_main_1_30fps_frame0060.png
Prompt: Given the human reaction shown in the image, do you think the situation observed by that human ends well or poorly? (Use only one word -- well or poorly -- to answer)
Image size: 11848 bytes
Response status code: 200
{'model': 'gemma3', 'created_at': '2025-12-01T20:38:06.818690016Z', 'message': {'role': 'assistant', 'content': 'Poorly'}, 'done': True, 'done_reason': 'stop', 'total_duration': 8868938619, 'load_duration': 7899881663, 'prompt_eval_count': 305, 'prompt_eval_duration': 77753648, 'eval_count': 3, 'eval_duration': 18404112}
Response: Poorly
Analyzing frame 17/108: q_13_main_1_30fps_frame0075.png
Prompt: Given the human reaction shown in the image, do you think the situation observed by that human ends well or poorly? (Use only one word -- well or poorly -- to answer)
Image size: 11844 bytes
Response status code: 200
{'model': 'gemma3', 'created_at': '2025-12-01T20:38:16.800451416Z', 'message': {'role': 'assistant', 'content': 'Poorly'}, 'done': True, 'done_reason': 'stop', 'total_duration': 8943111479, 'load_duration': 8007068507, 'prompt_eval_count': 305, 'prompt_eval_duration': 81318800, 'eval_count': 3, 'eval_duration': 19047154}
Response: Poorly
Analyzing frame 18/108: q_13_main_1_30fps_frame0090.png
Prompt: Given the human reaction shown in the image, do you think the situation observed by that human ends well or poorly? (Use only one word -- well or poorly -- to answer)
Image size: 11796 bytes
Response status code: 200
{'model': 'gemma3', 'created_at': '2025-12-01T20:38:26.687780876Z', 'message': {'role': 'assistant', 'content': 'Poorly'}, 'done': True, 'done_reason': 'stop', 'total_duration': 8859495663, 'load_duration': 7904076009, 'prompt_eval_count': 305, 'prompt_eval_duration': 77862469, 'eval_count': 3, 'eval_duration': 20625045}
Response: Poorly
Analyzing frame 19/108: q_15_main_1_30fps_frame0014.png
Prompt: Given the human reaction shown in the image, do you think the situation observed by that human ends well or poorly? (Use only one word -- well or poorly -- to answer)
Image size: 11392 bytes
Response status code: 200
{'model': 'gemma3', 'created_at': '2025-12-01T20:38:36.570875069Z', 'message': {'role': 'assistant', 'content': 'Poorly'}, 'done': True, 'done_reason': 'stop', 'total_duration': 8843359493, 'load_duration': 7917716923, 'prompt_eval_count': 305, 'prompt_eval_duration': 79599160, 'eval_count': 3, 'eval_duration': 18460056}
Response: Poorly
Analyzing frame 20/108: q_15_main_1_30fps_frame0029.png
Prompt: Given the human reaction shown in the image, do you think the situation observed by that human ends well or poorly? (Use only one word -- well or poorly -- to answer)
Image size: 11524 bytes
Response status code: 200
{'model': 'gemma3', 'created_at': '2025-12-01T20:38:46.572514494Z', 'message': {'role': 'assistant', 'content': 'Poorly'}, 'done': True, 'done_reason': 'stop', 'total_duration': 8982839873, 'load_duration': 8036735203, 'prompt_eval_count': 305, 'prompt_eval_duration': 77487825, 'eval_count': 3, 'eval_duration': 18439162}
Response: Poorly
Analyzing frame 21/108: q_15_main_1_30fps_frame0044.png
Prompt: Given the human reaction shown in the image, do you think the situation observed by that human ends well or poorly? (Use only one word -- well or poorly -- to answer)
Image size: 11512 bytes
Response status code: 200
{'model': 'gemma3', 'created_at': '2025-12-01T20:38:56.492379736Z', 'message': {'role': 'assistant', 'content': 'Poorly'}, 'done': True, 'done_reason': 'stop', 'total_duration': 8872524228, 'load_duration': 7943384756, 'prompt_eval_count': 305, 'prompt_eval_duration': 77403970, 'eval_count': 3, 'eval_duration': 18914944}
Response: Poorly
Analyzing frame 22/108: q_15_main_1_30fps_frame0059.png
Prompt: Given the human reaction shown in the image, do you think the situation observed by that human ends well or poorly? (Use only one word -- well or poorly -- to answer)
Image size: 11572 bytes
Response status code: 200
{'model': 'gemma3', 'created_at': '2025-12-01T20:39:06.517141248Z', 'message': {'role': 'assistant', 'content': 'Poorly'}, 'done': True, 'done_reason': 'stop', 'total_duration': 8998853687, 'load_duration': 8047099822, 'prompt_eval_count': 305, 'prompt_eval_duration': 77830376, 'eval_count': 3, 'eval_duration': 18489261}
Response: Poorly
Analyzing frame 23/108: q_15_main_1_30fps_frame0074.png
Prompt: Given the human reaction shown in the image, do you think the situation observed by that human ends well or poorly? (Use only one word -- well or poorly -- to answer)
Image size: 11492 bytes
Response status code: 200
{'model': 'gemma3', 'created_at': '2025-12-01T20:39:16.156604339Z', 'message': {'role': 'assistant', 'content': 'Poorly'}, 'done': True, 'done_reason': 'stop', 'total_duration': 8609692457, 'load_duration': 7659638998, 'prompt_eval_count': 305, 'prompt_eval_duration': 77962349, 'eval_count': 3, 'eval_duration': 18553105}
Response: Poorly
Analyzing frame 24/108: q_15_main_1_30fps_frame0089.png
Prompt: Given the human reaction shown in the image, do you think the situation observed by that human ends well or poorly? (Use only one word -- well or poorly -- to answer)
Image size: 11408 bytes
Response status code: 200
{'model': 'gemma3', 'created_at': '2025-12-01T20:39:26.198935956Z', 'message': {'role': 'assistant', 'content': 'Poorly'}, 'done': True, 'done_reason': 'stop', 'total_duration': 9018227857, 'load_duration': 8104622418, 'prompt_eval_count': 305, 'prompt_eval_duration': 78206995, 'eval_count': 3, 'eval_duration': 18612405}
Response: Poorly
Analyzing frame 25/108: q_17_main_1_30fps_frame0014.png
Prompt: Given the human reaction shown in the image, do you think the situation observed by that human ends well or poorly? (Use only one word -- well or poorly -- to answer)
Image size: 11728 bytes
Response status code: 200
{'model': 'gemma3', 'created_at': '2025-12-01T20:39:36.126458408Z', 'message': {'role': 'assistant', 'content': 'Poorly'}, 'done': True, 'done_reason': 'stop', 'total_duration': 8886871246, 'load_duration': 7929964479, 'prompt_eval_count': 305, 'prompt_eval_duration': 79695458, 'eval_count': 3, 'eval_duration': 18614292}
Response: Poorly
Analyzing frame 26/108: q_17_main_1_30fps_frame0029.png
Prompt: Given the human reaction shown in the image, do you think the situation observed by that human ends well or poorly? (Use only one word -- well or poorly -- to answer)
Image size: 11624 bytes
Response status code: 200
{'model': 'gemma3', 'created_at': '2025-12-01T20:39:46.064362261Z', 'message': {'role': 'assistant', 'content': 'Poorly'}, 'done': True, 'done_reason': 'stop', 'total_duration': 8910786186, 'load_duration': 7974444497, 'prompt_eval_count': 305, 'prompt_eval_duration': 77884885, 'eval_count': 3, 'eval_duration': 18817263}
Response: Poorly
Analyzing frame 27/108: q_17_main_1_30fps_frame0044.png
Prompt: Given the human reaction shown in the image, do you think the situation observed by that human ends well or poorly? (Use only one word -- well or poorly -- to answer)
Image size: 11780 bytes
Response status code: 200
{'model': 'gemma3', 'created_at': '2025-12-01T20:39:55.880137613Z', 'message': {'role': 'assistant', 'content': 'Poorly'}, 'done': True, 'done_reason': 'stop', 'total_duration': 8776995817, 'load_duration': 7797600995, 'prompt_eval_count': 305, 'prompt_eval_duration': 77669844, 'eval_count': 3, 'eval_duration': 21450057}
Response: Poorly
Analyzing frame 28/108: q_17_main_1_30fps_frame0059.png
Prompt: Given the human reaction shown in the image, do you think the situation observed by that human ends well or poorly? (Use only one word -- well or poorly -- to answer)
Image size: 11740 bytes
Response status code: 200
{'model': 'gemma3', 'created_at': '2025-12-01T20:40:05.600670862Z', 'message': {'role': 'assistant', 'content': 'Poorly'}, 'done': True, 'done_reason': 'stop', 'total_duration': 8689660748, 'load_duration': 7736156933, 'prompt_eval_count': 305, 'prompt_eval_duration': 77901150, 'eval_count': 3, 'eval_duration': 18690435}
Response: Poorly
Analyzing frame 29/108: q_17_main_1_30fps_frame0074.png
Prompt: Given the human reaction shown in the image, do you think the situation observed by that human ends well or poorly? (Use only one word -- well or poorly -- to answer)
Image size: 11756 bytes
Response status code: 200
{'model': 'gemma3', 'created_at': '2025-12-01T20:40:15.53074612Z', 'message': {'role': 'assistant', 'content': 'Poorly'}, 'done': True, 'done_reason': 'stop', 'total_duration': 8877846436, 'load_duration': 7918269143, 'prompt_eval_count': 305, 'prompt_eval_duration': 77995693, 'eval_count': 3, 'eval_duration': 18472864}
Response: Poorly
Analyzing frame 30/108: q_17_main_1_30fps_frame0089.png
Prompt: Given the human reaction shown in the image, do you think the situation observed by that human ends well or poorly? (Use only one word -- well or poorly -- to answer)
Image size: 11744 bytes
Response status code: 200
{'model': 'gemma3', 'created_at': '2025-12-01T20:40:25.214216085Z', 'message': {'role': 'assistant', 'content': 'Poorly'}, 'done': True, 'done_reason': 'stop', 'total_duration': 8652967207, 'load_duration': 7712126455, 'prompt_eval_count': 305, 'prompt_eval_duration': 77801543, 'eval_count': 3, 'eval_duration': 18421567}
Response: Poorly
Analyzing frame 31/108: q_18_main_1_30fps_frame0015.png
Prompt: Given the human reaction shown in the image, do you think the situation observed by that human ends well or poorly? (Use only one word -- well or poorly -- to answer)
Image size: 11520 bytes
Response status code: 200
{'model': 'gemma3', 'created_at': '2025-12-01T20:40:34.856827087Z', 'message': {'role': 'assistant', 'content': 'Poorly'}, 'done': True, 'done_reason': 'stop', 'total_duration': 8598115868, 'load_duration': 7649769001, 'prompt_eval_count': 305, 'prompt_eval_duration': 78654631, 'eval_count': 3, 'eval_duration': 18449366}
Response: Poorly
Analyzing frame 32/108: q_18_main_1_30fps_frame0030.png
Prompt: Given the human reaction shown in the image, do you think the situation observed by that human ends well or poorly? (Use only one word -- well or poorly -- to answer)
Image size: 11368 bytes
Response status code: 200
{'model': 'gemma3', 'created_at': '2025-12-01T20:40:44.708746398Z', 'message': {'role': 'assistant', 'content': 'Poorly'}, 'done': True, 'done_reason': 'stop', 'total_duration': 8821243331, 'load_duration': 7879733487, 'prompt_eval_count': 305, 'prompt_eval_duration': 77791612, 'eval_count': 3, 'eval_duration': 18362413}
Response: Poorly
Analyzing frame 33/108: q_18_main_1_30fps_frame0045.png
Prompt: Given the human reaction shown in the image, do you think the situation observed by that human ends well or poorly? (Use only one word -- well or poorly -- to answer)
Image size: 11416 bytes
Response status code: 200
{'model': 'gemma3', 'created_at': '2025-12-01T20:40:54.558287555Z', 'message': {'role': 'assistant', 'content': 'Poorly'}, 'done': True, 'done_reason': 'stop', 'total_duration': 8801208227, 'load_duration': 7835344209, 'prompt_eval_count': 305, 'prompt_eval_duration': 77761275, 'eval_count': 3, 'eval_duration': 18738772}
Response: Poorly
Analyzing frame 34/108: q_18_main_1_30fps_frame0060.png
Prompt: Given the human reaction shown in the image, do you think the situation observed by that human ends well or poorly? (Use only one word -- well or poorly -- to answer)
Image size: 11424 bytes
Response status code: 200
{'model': 'gemma3', 'created_at': '2025-12-01T20:41:04.455518403Z', 'message': {'role': 'assistant', 'content': 'Poorly'}, 'done': True, 'done_reason': 'stop', 'total_duration': 8869995291, 'load_duration': 7924730131, 'prompt_eval_count': 305, 'prompt_eval_duration': 77906763, 'eval_count': 3, 'eval_duration': 19654431}
Response: Poorly
Analyzing frame 35/108: q_18_main_1_30fps_frame0075.png
Prompt: Given the human reaction shown in the image, do you think the situation observed by that human ends well or poorly? (Use only one word -- well or poorly -- to answer)
Image size: 11464 bytes
Response status code: 200
{'model': 'gemma3', 'created_at': '2025-12-01T20:41:14.374365935Z', 'message': {'role': 'assistant', 'content': 'Poorly'}, 'done': True, 'done_reason': 'stop', 'total_duration': 8890217378, 'load_duration': 7955913575, 'prompt_eval_count': 305, 'prompt_eval_duration': 80916087, 'eval_count': 3, 'eval_duration': 18203408}
Response: Poorly
Analyzing frame 36/108: q_18_main_1_30fps_frame0090.png
Prompt: Given the human reaction shown in the image, do you think the situation observed by that human ends well or poorly? (Use only one word -- well or poorly -- to answer)
Image size: 11348 bytes
Response status code: 200
{'model': 'gemma3', 'created_at': '2025-12-01T20:41:24.371172563Z', 'message': {'role': 'assistant', 'content': 'Poorly'}, 'done': True, 'done_reason': 'stop', 'total_duration': 8963767067, 'load_duration': 8034119912, 'prompt_eval_count': 305, 'prompt_eval_duration': 78371809, 'eval_count': 3, 'eval_duration': 18422483}
Response: Poorly
Analyzing frame 37/108: q_1_main_1_30fps_frame0014.png
Prompt: Given the human reaction shown in the image, do you think the situation observed by that human ends well or poorly? (Use only one word -- well or poorly -- to answer)
Image size: 11580 bytes
Response status code: 200
{'model': 'gemma3', 'created_at': '2025-12-01T20:41:34.217135592Z', 'message': {'role': 'assistant', 'content': 'Poorly'}, 'done': True, 'done_reason': 'stop', 'total_duration': 8818519847, 'load_duration': 7886449033, 'prompt_eval_count': 305, 'prompt_eval_duration': 80834450, 'eval_count': 3, 'eval_duration': 19188960}
Response: Poorly
Analyzing frame 38/108: q_1_main_1_30fps_frame0029.png
Prompt: Given the human reaction shown in the image, do you think the situation observed by that human ends well or poorly? (Use only one word -- well or poorly -- to answer)
Image size: 11584 bytes
Response status code: 200
{'model': 'gemma3', 'created_at': '2025-12-01T20:41:44.27139784Z', 'message': {'role': 'assistant', 'content': 'Poorly'}, 'done': True, 'done_reason': 'stop', 'total_duration': 9030575470, 'load_duration': 8080519694, 'prompt_eval_count': 305, 'prompt_eval_duration': 77588768, 'eval_count': 3, 'eval_duration': 18604522}
Response: Poorly
Analyzing frame 39/108: q_1_main_1_30fps_frame0044.png
Prompt: Given the human reaction shown in the image, do you think the situation observed by that human ends well or poorly? (Use only one word -- well or poorly -- to answer)
Image size: 11556 bytes
Response status code: 200
{'model': 'gemma3', 'created_at': '2025-12-01T20:41:54.198404258Z', 'message': {'role': 'assistant', 'content': 'Poorly'}, 'done': True, 'done_reason': 'stop', 'total_duration': 8897804739, 'load_duration': 7949726931, 'prompt_eval_count': 305, 'prompt_eval_duration': 77762980, 'eval_count': 3, 'eval_duration': 18411346}
Response: Poorly
Analyzing frame 40/108: q_1_main_1_30fps_frame0059.png
Prompt: Given the human reaction shown in the image, do you think the situation observed by that human ends well or poorly? (Use only one word -- well or poorly -- to answer)
Image size: 11608 bytes
Response status code: 200
{'model': 'gemma3', 'created_at': '2025-12-01T20:42:03.879043085Z', 'message': {'role': 'assistant', 'content': 'Poorly'}, 'done': True, 'done_reason': 'stop', 'total_duration': 8649912642, 'load_duration': 7708971827, 'prompt_eval_count': 305, 'prompt_eval_duration': 77679386, 'eval_count': 3, 'eval_duration': 18729152}
Response: Poorly
Analyzing frame 41/108: q_1_main_1_30fps_frame0074.png
Prompt: Given the human reaction shown in the image, do you think the situation observed by that human ends well or poorly? (Use only one word -- well or poorly -- to answer)
Image size: 11508 bytes
Response status code: 200
{'model': 'gemma3', 'created_at': '2025-12-01T20:42:13.77683162Z', 'message': {'role': 'assistant', 'content': 'Poorly'}, 'done': True, 'done_reason': 'stop', 'total_duration': 8880941121, 'load_duration': 7954353024, 'prompt_eval_count': 305, 'prompt_eval_duration': 78936569, 'eval_count': 3, 'eval_duration': 18853061}
Response: Poorly
Analyzing frame 42/108: q_1_main_1_30fps_frame0089.png
Prompt: Given the human reaction shown in the image, do you think the situation observed by that human ends well or poorly? (Use only one word -- well or poorly -- to answer)
Image size: 11428 bytes
Response status code: 200
{'model': 'gemma3', 'created_at': '2025-12-01T20:42:23.598035422Z', 'message': {'role': 'assistant', 'content': 'Poorly'}, 'done': True, 'done_reason': 'stop', 'total_duration': 8794675657, 'load_duration': 7878972730, 'prompt_eval_count': 305, 'prompt_eval_duration': 78080791, 'eval_count': 3, 'eval_duration': 18350324}
Response: Poorly
Analyzing frame 43/108: q_20_main_1_30fps_frame0014.png
Prompt: Given the human reaction shown in the image, do you think the situation observed by that human ends well or poorly? (Use only one word -- well or poorly -- to answer)
Image size: 12772 bytes
Response status code: 200
{'model': 'gemma3', 'created_at': '2025-12-01T20:42:33.28994262Z', 'message': {'role': 'assistant', 'content': 'Poorly'}, 'done': True, 'done_reason': 'stop', 'total_duration': 8670005554, 'load_duration': 7738678678, 'prompt_eval_count': 305, 'prompt_eval_duration': 77916769, 'eval_count': 3, 'eval_duration': 18693214}
Response: Poorly
Analyzing frame 44/108: q_20_main_1_30fps_frame0029.png
Prompt: Given the human reaction shown in the image, do you think the situation observed by that human ends well or poorly? (Use only one word -- well or poorly -- to answer)
Image size: 12656 bytes
Response status code: 200
{'model': 'gemma3', 'created_at': '2025-12-01T20:42:43.266370028Z', 'message': {'role': 'assistant', 'content': 'Poorly'}, 'done': True, 'done_reason': 'stop', 'total_duration': 8947077412, 'load_duration': 7983277829, 'prompt_eval_count': 305, 'prompt_eval_duration': 77518081, 'eval_count': 3, 'eval_duration': 18497360}
Response: Poorly
Analyzing frame 45/108: q_20_main_1_30fps_frame0044.png
Prompt: Given the human reaction shown in the image, do you think the situation observed by that human ends well or poorly? (Use only one word -- well or poorly -- to answer)
Image size: 12900 bytes
Response status code: 200
{'model': 'gemma3', 'created_at': '2025-12-01T20:42:53.225102945Z', 'message': {'role': 'assistant', 'content': 'Poorly'}, 'done': True, 'done_reason': 'stop', 'total_duration': 8928977327, 'load_duration': 7981380544, 'prompt_eval_count': 305, 'prompt_eval_duration': 80342007, 'eval_count': 3, 'eval_duration': 18404578}
Response: Poorly
Analyzing frame 46/108: q_20_main_1_30fps_frame0059.png
Prompt: Given the human reaction shown in the image, do you think the situation observed by that human ends well or poorly? (Use only one word -- well or poorly -- to answer)
Image size: 12852 bytes
Response status code: 200
{'model': 'gemma3', 'created_at': '2025-12-01T20:43:03.059514666Z', 'message': {'role': 'assistant', 'content': 'Poorly'}, 'done': True, 'done_reason': 'stop', 'total_duration': 8810355230, 'load_duration': 7851172802, 'prompt_eval_count': 305, 'prompt_eval_duration': 80362135, 'eval_count': 3, 'eval_duration': 18373520}
Response: Poorly
Analyzing frame 47/108: q_20_main_1_30fps_frame0074.png
Prompt: Given the human reaction shown in the image, do you think the situation observed by that human ends well or poorly? (Use only one word -- well or poorly -- to answer)
Image size: 13036 bytes
Response status code: 200
{'model': 'gemma3', 'created_at': '2025-12-01T20:43:12.773275039Z', 'message': {'role': 'assistant', 'content': 'Poorly'}, 'done': True, 'done_reason': 'stop', 'total_duration': 8685895126, 'load_duration': 7756285706, 'prompt_eval_count': 305, 'prompt_eval_duration': 77454310, 'eval_count': 3, 'eval_duration': 18459986}
Response: Poorly
Analyzing frame 48/108: q_20_main_1_30fps_frame0089.png
Prompt: Given the human reaction shown in the image, do you think the situation observed by that human ends well or poorly? (Use only one word -- well or poorly -- to answer)
Image size: 12920 bytes
Response status code: 200
{'model': 'gemma3', 'created_at': '2025-12-01T20:43:22.646155867Z', 'message': {'role': 'assistant', 'content': 'Poorly'}, 'done': True, 'done_reason': 'stop', 'total_duration': 8850342660, 'load_duration': 7886433893, 'prompt_eval_count': 305, 'prompt_eval_duration': 78079875, 'eval_count': 3, 'eval_duration': 19069881}
Response: Poorly
Analyzing frame 49/108: q_22_main_1_30fps_frame0014.png
Prompt: Given the human reaction shown in the image, do you think the situation observed by that human ends well or poorly? (Use only one word -- well or poorly -- to answer)
Image size: 11844 bytes
Response status code: 200
{'model': 'gemma3', 'created_at': '2025-12-01T20:43:32.464868504Z', 'message': {'role': 'assistant', 'content': 'Poorly'}, 'done': True, 'done_reason': 'stop', 'total_duration': 8793732646, 'load_duration': 7834256094, 'prompt_eval_count': 305, 'prompt_eval_duration': 78340853, 'eval_count': 3, 'eval_duration': 18886741}
Response: Poorly
Analyzing frame 50/108: q_22_main_1_30fps_frame0029.png
Prompt: Given the human reaction shown in the image, do you think the situation observed by that human ends well or poorly? (Use only one word -- well or poorly -- to answer)
Image size: 11880 bytes
Response status code: 200
{'model': 'gemma3', 'created_at': '2025-12-01T20:43:42.404304218Z', 'message': {'role': 'assistant', 'content': 'Poorly'}, 'done': True, 'done_reason': 'stop', 'total_duration': 8908659152, 'load_duration': 7954537718, 'prompt_eval_count': 305, 'prompt_eval_duration': 81679380, 'eval_count': 3, 'eval_duration': 19097870}
Response: Poorly
Analyzing frame 51/108: q_22_main_1_30fps_frame0044.png
Prompt: Given the human reaction shown in the image, do you think the situation observed by that human ends well or poorly? (Use only one word -- well or poorly -- to answer)
Image size: 11852 bytes
Response status code: 200
{'model': 'gemma3', 'created_at': '2025-12-01T20:43:52.408146163Z', 'message': {'role': 'assistant', 'content': 'Poorly'}, 'done': True, 'done_reason': 'stop', 'total_duration': 8973914629, 'load_duration': 8027259063, 'prompt_eval_count': 305, 'prompt_eval_duration': 77842535, 'eval_count': 3, 'eval_duration': 18514939}
Response: Poorly
Analyzing frame 52/108: q_22_main_1_30fps_frame0059.png
Prompt: Given the human reaction shown in the image, do you think the situation observed by that human ends well or poorly? (Use only one word -- well or poorly -- to answer)
Image size: 12096 bytes
Response status code: 200
{'model': 'gemma3', 'created_at': '2025-12-01T20:44:02.304456467Z', 'message': {'role': 'assistant', 'content': 'Poorly'}, 'done': True, 'done_reason': 'stop', 'total_duration': 8869186292, 'load_duration': 7934965525, 'prompt_eval_count': 305, 'prompt_eval_duration': 77898754, 'eval_count': 3, 'eval_duration': 19767935}
Response: Poorly
Analyzing frame 53/108: q_22_main_1_30fps_frame0074.png
Prompt: Given the human reaction shown in the image, do you think the situation observed by that human ends well or poorly? (Use only one word -- well or poorly -- to answer)
Image size: 13040 bytes
Response status code: 200
{'model': 'gemma3', 'created_at': '2025-12-01T20:44:12.215150098Z', 'message': {'role': 'assistant', 'content': 'Poorly'}, 'done': True, 'done_reason': 'stop', 'total_duration': 8883452581, 'load_duration': 7937743697, 'prompt_eval_count': 305, 'prompt_eval_duration': 80304030, 'eval_count': 3, 'eval_duration': 18506455}
Response: Poorly
Analyzing frame 54/108: q_22_main_1_30fps_frame0089.png
Prompt: Given the human reaction shown in the image, do you think the situation observed by that human ends well or poorly? (Use only one word -- well or poorly -- to answer)
Image size: 14184 bytes
Response status code: 200
{'model': 'gemma3', 'created_at': '2025-12-01T20:44:22.126766777Z', 'message': {'role': 'assistant', 'content': 'Poorly'}, 'done': True, 'done_reason': 'stop', 'total_duration': 8879401173, 'load_duration': 7956098026, 'prompt_eval_count': 305, 'prompt_eval_duration': 77896824, 'eval_count': 3, 'eval_duration': 18480571}
Response: Poorly
Analyzing frame 55/108: q_23_main_0_30fps_frame0015.png
Prompt: Given the human reaction shown in the image, do you think the situation observed by that human ends well or poorly? (Use only one word -- well or poorly -- to answer)
Image size: 11508 bytes
Response status code: 200
{'model': 'gemma3', 'created_at': '2025-12-01T20:44:32.006161165Z', 'message': {'role': 'assistant', 'content': 'Poorly'}, 'done': True, 'done_reason': 'stop', 'total_duration': 8851594859, 'load_duration': 7925301427, 'prompt_eval_count': 305, 'prompt_eval_duration': 78104820, 'eval_count': 3, 'eval_duration': 18587650}
Response: Poorly
Analyzing frame 56/108: q_23_main_0_30fps_frame0030.png
Prompt: Given the human reaction shown in the image, do you think the situation observed by that human ends well or poorly? (Use only one word -- well or poorly -- to answer)
Image size: 11504 bytes
Response status code: 200
{'model': 'gemma3', 'created_at': '2025-12-01T20:44:41.833629333Z', 'message': {'role': 'assistant', 'content': 'Poorly'}, 'done': True, 'done_reason': 'stop', 'total_duration': 8797907356, 'load_duration': 7848458929, 'prompt_eval_count': 305, 'prompt_eval_duration': 77938556, 'eval_count': 3, 'eval_duration': 18426763}
Response: Poorly
Analyzing frame 57/108: q_23_main_0_30fps_frame0045.png
Prompt: Given the human reaction shown in the image, do you think the situation observed by that human ends well or poorly? (Use only one word -- well or poorly -- to answer)
Image size: 11564 bytes
Response status code: 200
{'model': 'gemma3', 'created_at': '2025-12-01T20:44:51.59874692Z', 'message': {'role': 'assistant', 'content': 'Poorly'}, 'done': True, 'done_reason': 'stop', 'total_duration': 8736747279, 'load_duration': 7773135654, 'prompt_eval_count': 305, 'prompt_eval_duration': 77638485, 'eval_count': 3, 'eval_duration': 18459176}
Response: Poorly
Analyzing frame 58/108: q_23_main_0_30fps_frame0060.png
Prompt: Given the human reaction shown in the image, do you think the situation observed by that human ends well or poorly? (Use only one word -- well or poorly -- to answer)
Image size: 11516 bytes
Response status code: 200
{'model': 'gemma3', 'created_at': '2025-12-01T20:45:01.634691359Z', 'message': {'role': 'assistant', 'content': 'Poorly'}, 'done': True, 'done_reason': 'stop', 'total_duration': 9006299879, 'load_duration': 8061092940, 'prompt_eval_count': 305, 'prompt_eval_duration': 79589231, 'eval_count': 3, 'eval_duration': 21680876}
Response: Poorly
Analyzing frame 59/108: q_23_main_0_30fps_frame0075.png
Prompt: Given the human reaction shown in the image, do you think the situation observed by that human ends well or poorly? (Use only one word -- well or poorly -- to answer)
Image size: 11444 bytes
Response status code: 200
{'model': 'gemma3', 'created_at': '2025-12-01T20:45:11.68945271Z', 'message': {'role': 'assistant', 'content': 'Poorly'}, 'done': True, 'done_reason': 'stop', 'total_duration': 9033023394, 'load_duration': 8065637925, 'prompt_eval_count': 305, 'prompt_eval_duration': 78259227, 'eval_count': 3, 'eval_duration': 18546684}
Response: Poorly
Analyzing frame 60/108: q_23_main_0_30fps_frame0090.png
Prompt: Given the human reaction shown in the image, do you think the situation observed by that human ends well or poorly? (Use only one word -- well or poorly -- to answer)
Image size: 11536 bytes
Response status code: 200
{'model': 'gemma3', 'created_at': '2025-12-01T20:45:21.488417931Z', 'message': {'role': 'assistant', 'content': 'Poorly'}, 'done': True, 'done_reason': 'stop', 'total_duration': 8770855237, 'load_duration': 7822457797, 'prompt_eval_count': 305, 'prompt_eval_duration': 79884429, 'eval_count': 3, 'eval_duration': 18372128}
Response: Poorly
Analyzing frame 61/108: q_24_main_0_30fps_frame0014.png
Prompt: Given the human reaction shown in the image, do you think the situation observed by that human ends well or poorly? (Use only one word -- well or poorly -- to answer)
Image size: 11284 bytes
Response status code: 200
{'model': 'gemma3', 'created_at': '2025-12-01T20:45:31.431876851Z', 'message': {'role': 'assistant', 'content': 'Poorly'}, 'done': True, 'done_reason': 'stop', 'total_duration': 8916846235, 'load_duration': 7949358949, 'prompt_eval_count': 305, 'prompt_eval_duration': 77859941, 'eval_count': 3, 'eval_duration': 18843595}
Response: Poorly
Analyzing frame 62/108: q_24_main_0_30fps_frame0029.png
Prompt: Given the human reaction shown in the image, do you think the situation observed by that human ends well or poorly? (Use only one word -- well or poorly -- to answer)
Image size: 11316 bytes
Response status code: 200
{'model': 'gemma3', 'created_at': '2025-12-01T20:45:41.220810506Z', 'message': {'role': 'assistant', 'content': 'Poorly'}, 'done': True, 'done_reason': 'stop', 'total_duration': 8762422379, 'load_duration': 7809988548, 'prompt_eval_count': 305, 'prompt_eval_duration': 78035145, 'eval_count': 3, 'eval_duration': 18983217}
Response: Poorly
Analyzing frame 63/108: q_24_main_0_30fps_frame0044.png
Prompt: Given the human reaction shown in the image, do you think the situation observed by that human ends well or poorly? (Use only one word -- well or poorly -- to answer)
Image size: 11360 bytes
Response status code: 200
{'model': 'gemma3', 'created_at': '2025-12-01T20:45:51.186965049Z', 'message': {'role': 'assistant', 'content': 'Poorly'}, 'done': True, 'done_reason': 'stop', 'total_duration': 8952325564, 'load_duration': 8004003230, 'prompt_eval_count': 305, 'prompt_eval_duration': 77618198, 'eval_count': 3, 'eval_duration': 18963822}
Response: Poorly
Analyzing frame 64/108: q_24_main_0_30fps_frame0059.png
Prompt: Given the human reaction shown in the image, do you think the situation observed by that human ends well or poorly? (Use only one word -- well or poorly -- to answer)
Image size: 11364 bytes
Response status code: 200
{'model': 'gemma3', 'created_at': '2025-12-01T20:46:00.913766416Z', 'message': {'role': 'assistant', 'content': 'Poorly'}, 'done': True, 'done_reason': 'stop', 'total_duration': 8695313705, 'load_duration': 7723747655, 'prompt_eval_count': 305, 'prompt_eval_duration': 78199034, 'eval_count': 3, 'eval_duration': 19129961}
Response: Poorly
Analyzing frame 65/108: q_24_main_0_30fps_frame0074.png
Prompt: Given the human reaction shown in the image, do you think the situation observed by that human ends well or poorly? (Use only one word -- well or poorly -- to answer)
Image size: 11412 bytes
Response status code: 200
{'model': 'gemma3', 'created_at': '2025-12-01T20:46:10.742830011Z', 'message': {'role': 'assistant', 'content': 'Poorly'}, 'done': True, 'done_reason': 'stop', 'total_duration': 8801173655, 'load_duration': 7825287103, 'prompt_eval_count': 305, 'prompt_eval_duration': 80004724, 'eval_count': 3, 'eval_duration': 18907495}
Response: Poorly
Analyzing frame 66/108: q_24_main_0_30fps_frame0089.png
Prompt: Given the human reaction shown in the image, do you think the situation observed by that human ends well or poorly? (Use only one word -- well or poorly -- to answer)
Image size: 11360 bytes
Response status code: 200
{'model': 'gemma3', 'created_at': '2025-12-01T20:46:20.574496154Z', 'message': {'role': 'assistant', 'content': 'Poorly'}, 'done': True, 'done_reason': 'stop', 'total_duration': 8812857809, 'load_duration': 7872436982, 'prompt_eval_count': 305, 'prompt_eval_duration': 79390615, 'eval_count': 3, 'eval_duration': 18434925}
Response: Poorly
Analyzing frame 67/108: q_27_main_0_30fps_frame0014.png
Prompt: Given the human reaction shown in the image, do you think the situation observed by that human ends well or poorly? (Use only one word -- well or poorly -- to answer)
Image size: 11632 bytes
Response status code: 200
{'model': 'gemma3', 'created_at': '2025-12-01T20:46:30.536689501Z', 'message': {'role': 'assistant', 'content': 'Poorly'}, 'done': True, 'done_reason': 'stop', 'total_duration': 8935030027, 'load_duration': 7990554320, 'prompt_eval_count': 305, 'prompt_eval_duration': 77936481, 'eval_count': 3, 'eval_duration': 18589666}
Response: Poorly
Analyzing frame 68/108: q_27_main_0_30fps_frame0029.png
Prompt: Given the human reaction shown in the image, do you think the situation observed by that human ends well or poorly? (Use only one word -- well or poorly -- to answer)
Image size: 11536 bytes
Response status code: 200
{'model': 'gemma3', 'created_at': '2025-12-01T20:46:40.52337874Z', 'message': {'role': 'assistant', 'content': 'Poorly'}, 'done': True, 'done_reason': 'stop', 'total_duration': 8957446573, 'load_duration': 8008285595, 'prompt_eval_count': 305, 'prompt_eval_duration': 78047468, 'eval_count': 3, 'eval_duration': 18786952}
Response: Poorly
Analyzing frame 69/108: q_27_main_0_30fps_frame0044.png
Prompt: Given the human reaction shown in the image, do you think the situation observed by that human ends well or poorly? (Use only one word -- well or poorly -- to answer)
Image size: 11592 bytes
Response status code: 200
{'model': 'gemma3', 'created_at': '2025-12-01T20:46:50.449750529Z', 'message': {'role': 'assistant', 'content': 'Poorly'}, 'done': True, 'done_reason': 'stop', 'total_duration': 8895139730, 'load_duration': 7980801107, 'prompt_eval_count': 305, 'prompt_eval_duration': 77628088, 'eval_count': 3, 'eval_duration': 18413753}
Response: Poorly
Analyzing frame 70/108: q_27_main_0_30fps_frame0059.png
Prompt: Given the human reaction shown in the image, do you think the situation observed by that human ends well or poorly? (Use only one word -- well or poorly -- to answer)
Image size: 11564 bytes
Response status code: 200
{'model': 'gemma3', 'created_at': '2025-12-01T20:47:00.463437707Z', 'message': {'role': 'assistant', 'content': 'Poorly'}, 'done': True, 'done_reason': 'stop', 'total_duration': 8986060886, 'load_duration': 8021996726, 'prompt_eval_count': 305, 'prompt_eval_duration': 94095529, 'eval_count': 3, 'eval_duration': 18563210}
Response: Poorly
Analyzing frame 71/108: q_27_main_0_30fps_frame0074.png
Prompt: Given the human reaction shown in the image, do you think the situation observed by that human ends well or poorly? (Use only one word -- well or poorly -- to answer)
Image size: 11612 bytes
Response status code: 200
{'model': 'gemma3', 'created_at': '2025-12-01T20:47:10.311840695Z', 'message': {'role': 'assistant', 'content': 'Poorly'}, 'done': True, 'done_reason': 'stop', 'total_duration': 8821626161, 'load_duration': 7889389236, 'prompt_eval_count': 305, 'prompt_eval_duration': 78019377, 'eval_count': 3, 'eval_duration': 18449659}
Response: Poorly
Analyzing frame 72/108: q_27_main_0_30fps_frame0089.png
Prompt: Given the human reaction shown in the image, do you think the situation observed by that human ends well or poorly? (Use only one word -- well or poorly -- to answer)
Image size: 11612 bytes
Response status code: 200
{'model': 'gemma3', 'created_at': '2025-12-01T20:47:20.072162869Z', 'message': {'role': 'assistant', 'content': 'Poorly'}, 'done': True, 'done_reason': 'stop', 'total_duration': 8728973490, 'load_duration': 7775206665, 'prompt_eval_count': 305, 'prompt_eval_duration': 77931242, 'eval_count': 3, 'eval_duration': 18823536}
Response: Poorly
Analyzing frame 73/108: q_29_main_0_30fps_frame0014.png
Prompt: Given the human reaction shown in the image, do you think the situation observed by that human ends well or poorly? (Use only one word -- well or poorly -- to answer)
Image size: 11540 bytes
Response status code: 200
{'model': 'gemma3', 'created_at': '2025-12-01T20:47:29.928545007Z', 'message': {'role': 'assistant', 'content': 'Poorly'}, 'done': True, 'done_reason': 'stop', 'total_duration': 8825810585, 'load_duration': 7851409918, 'prompt_eval_count': 305, 'prompt_eval_duration': 77943301, 'eval_count': 3, 'eval_duration': 18491959}
Response: Poorly
Analyzing frame 74/108: q_29_main_0_30fps_frame0029.png
Prompt: Given the human reaction shown in the image, do you think the situation observed by that human ends well or poorly? (Use only one word -- well or poorly -- to answer)
Image size: 11512 bytes
Response status code: 200
{'model': 'gemma3', 'created_at': '2025-12-01T20:47:39.710557882Z', 'message': {'role': 'assistant', 'content': 'Poorly'}, 'done': True, 'done_reason': 'stop', 'total_duration': 8754599725, 'load_duration': 7770621572, 'prompt_eval_count': 305, 'prompt_eval_duration': 80579670, 'eval_count': 3, 'eval_duration': 18546967}
Response: Poorly
Analyzing frame 75/108: q_29_main_0_30fps_frame0044.png
Prompt: Given the human reaction shown in the image, do you think the situation observed by that human ends well or poorly? (Use only one word -- well or poorly -- to answer)
Image size: 11484 bytes
Response status code: 200
{'model': 'gemma3', 'created_at': '2025-12-01T20:47:49.571583056Z', 'message': {'role': 'assistant', 'content': 'Poorly'}, 'done': True, 'done_reason': 'stop', 'total_duration': 8830697376, 'load_duration': 7855372276, 'prompt_eval_count': 305, 'prompt_eval_duration': 79135574, 'eval_count': 3, 'eval_duration': 18654215}
Response: Poorly
Analyzing frame 76/108: q_29_main_0_30fps_frame0059.png
Prompt: Given the human reaction shown in the image, do you think the situation observed by that human ends well or poorly? (Use only one word -- well or poorly -- to answer)
Image size: 11516 bytes
Response status code: 200
{'model': 'gemma3', 'created_at': '2025-12-01T20:47:59.184925607Z', 'message': {'role': 'assistant', 'content': 'Poorly'}, 'done': True, 'done_reason': 'stop', 'total_duration': 8580365232, 'load_duration': 7622785793, 'prompt_eval_count': 305, 'prompt_eval_duration': 81005658, 'eval_count': 3, 'eval_duration': 18409718}
Response: Poorly
Analyzing frame 77/108: q_29_main_0_30fps_frame0074.png
Prompt: Given the human reaction shown in the image, do you think the situation observed by that human ends well or poorly? (Use only one word -- well or poorly -- to answer)
Image size: 11488 bytes
Response status code: 200
{'model': 'gemma3', 'created_at': '2025-12-01T20:48:08.840007952Z', 'message': {'role': 'assistant', 'content': 'Poorly'}, 'done': True, 'done_reason': 'stop', 'total_duration': 8636795387, 'load_duration': 7677324375, 'prompt_eval_count': 305, 'prompt_eval_duration': 80787364, 'eval_count': 3, 'eval_duration': 18501952}
Response: Poorly
Analyzing frame 78/108: q_29_main_0_30fps_frame0089.png
Prompt: Given the human reaction shown in the image, do you think the situation observed by that human ends well or poorly? (Use only one word -- well or poorly -- to answer)
Image size: 11384 bytes
Response status code: 200
{'model': 'gemma3', 'created_at': '2025-12-01T20:48:18.798624991Z', 'message': {'role': 'assistant', 'content': 'Poorly'}, 'done': True, 'done_reason': 'stop', 'total_duration': 8932214089, 'load_duration': 8005056597, 'prompt_eval_count': 305, 'prompt_eval_duration': 77827744, 'eval_count': 3, 'eval_duration': 18484412}
Response: Poorly
Analyzing frame 79/108: q_2_main_1_30fps_frame0015.png
Prompt: Given the human reaction shown in the image, do you think the situation observed by that human ends well or poorly? (Use only one word -- well or poorly -- to answer)
Image size: 11400 bytes
Response status code: 200
{'model': 'gemma3', 'created_at': '2025-12-01T20:48:28.467147526Z', 'message': {'role': 'assistant', 'content': 'Poorly'}, 'done': True, 'done_reason': 'stop', 'total_duration': 8639825733, 'load_duration': 7702709151, 'prompt_eval_count': 305, 'prompt_eval_duration': 79539375, 'eval_count': 3, 'eval_duration': 23424070}
Response: Poorly
Analyzing frame 80/108: q_2_main_1_30fps_frame0030.png
Prompt: Given the human reaction shown in the image, do you think the situation observed by that human ends well or poorly? (Use only one word -- well or poorly -- to answer)
Image size: 11360 bytes
Response status code: 200
{'model': 'gemma3', 'created_at': '2025-12-01T20:48:38.481959483Z', 'message': {'role': 'assistant', 'content': 'Poorly'}, 'done': True, 'done_reason': 'stop', 'total_duration': 8986095971, 'load_duration': 8016445653, 'prompt_eval_count': 305, 'prompt_eval_duration': 78637413, 'eval_count': 3, 'eval_duration': 19058704}
Response: Poorly
Analyzing frame 81/108: q_2_main_1_30fps_frame0045.png
Prompt: Given the human reaction shown in the image, do you think the situation observed by that human ends well or poorly? (Use only one word -- well or poorly -- to answer)
Image size: 11428 bytes
Response status code: 200
{'model': 'gemma3', 'created_at': '2025-12-01T20:48:48.131767375Z', 'message': {'role': 'assistant', 'content': 'Poorly'}, 'done': True, 'done_reason': 'stop', 'total_duration': 8623389178, 'load_duration': 7700465267, 'prompt_eval_count': 305, 'prompt_eval_duration': 78493667, 'eval_count': 3, 'eval_duration': 19429330}
Response: Poorly
Analyzing frame 82/108: q_2_main_1_30fps_frame0060.png
Prompt: Given the human reaction shown in the image, do you think the situation observed by that human ends well or poorly? (Use only one word -- well or poorly -- to answer)
Image size: 11344 bytes
Response status code: 200
{'model': 'gemma3', 'created_at': '2025-12-01T20:48:57.955663109Z', 'message': {'role': 'assistant', 'content': 'Poorly'}, 'done': True, 'done_reason': 'stop', 'total_duration': 8794031112, 'load_duration': 7844995057, 'prompt_eval_count': 305, 'prompt_eval_duration': 78147492, 'eval_count': 3, 'eval_duration': 18384989}
Response: Poorly
Analyzing frame 83/108: q_2_main_1_30fps_frame0075.png
Prompt: Given the human reaction shown in the image, do you think the situation observed by that human ends well or poorly? (Use only one word -- well or poorly -- to answer)
Image size: 11388 bytes
Response status code: 200
{'model': 'gemma3', 'created_at': '2025-12-01T20:49:08.025512634Z', 'message': {'role': 'assistant', 'content': 'Poorly'}, 'done': True, 'done_reason': 'stop', 'total_duration': 9036460408, 'load_duration': 8098331272, 'prompt_eval_count': 305, 'prompt_eval_duration': 78160185, 'eval_count': 3, 'eval_duration': 18987451}
Response: Poorly
Analyzing frame 84/108: q_2_main_1_30fps_frame0090.png
Prompt: Given the human reaction shown in the image, do you think the situation observed by that human ends well or poorly? (Use only one word -- well or poorly -- to answer)
Image size: 11348 bytes
Response status code: 200
{'model': 'gemma3', 'created_at': '2025-12-01T20:49:17.791819998Z', 'message': {'role': 'assistant', 'content': 'Poorly'}, 'done': True, 'done_reason': 'stop', 'total_duration': 8739234453, 'load_duration': 7774599480, 'prompt_eval_count': 305, 'prompt_eval_duration': 78919241, 'eval_count': 3, 'eval_duration': 18863693}
Response: Poorly
Analyzing frame 85/108: q_30_main_1_30fps_frame0014.png
Prompt: Given the human reaction shown in the image, do you think the situation observed by that human ends well or poorly? (Use only one word -- well or poorly -- to answer)
Image size: 11524 bytes
Response status code: 200
{'model': 'gemma3', 'created_at': '2025-12-01T20:49:27.686689683Z', 'message': {'role': 'assistant', 'content': 'Poorly'}, 'done': True, 'done_reason': 'stop', 'total_duration': 8877648644, 'load_duration': 7930235522, 'prompt_eval_count': 305, 'prompt_eval_duration': 77971282, 'eval_count': 3, 'eval_duration': 18496803}
Response: Poorly
Analyzing frame 86/108: q_30_main_1_30fps_frame0029.png
Prompt: Given the human reaction shown in the image, do you think the situation observed by that human ends well or poorly? (Use only one word -- well or poorly -- to answer)
Image size: 11440 bytes
Response status code: 200
{'model': 'gemma3', 'created_at': '2025-12-01T20:49:37.401475159Z', 'message': {'role': 'assistant', 'content': 'Poorly'}, 'done': True, 'done_reason': 'stop', 'total_duration': 8684725056, 'load_duration': 7751592525, 'prompt_eval_count': 305, 'prompt_eval_duration': 78223785, 'eval_count': 3, 'eval_duration': 19077650}
Response: Poorly
Analyzing frame 87/108: q_30_main_1_30fps_frame0044.png
Prompt: Given the human reaction shown in the image, do you think the situation observed by that human ends well or poorly? (Use only one word -- well or poorly -- to answer)
Image size: 11340 bytes
Response status code: 200
{'model': 'gemma3', 'created_at': '2025-12-01T20:49:47.092893174Z', 'message': {'role': 'assistant', 'content': 'Poorly'}, 'done': True, 'done_reason': 'stop', 'total_duration': 8661687653, 'load_duration': 7711060183, 'prompt_eval_count': 305, 'prompt_eval_duration': 81128081, 'eval_count': 3, 'eval_duration': 18375636}
Response: Poorly
Analyzing frame 88/108: q_30_main_1_30fps_frame0059.png
Prompt: Given the human reaction shown in the image, do you think the situation observed by that human ends well or poorly? (Use only one word -- well or poorly -- to answer)
Image size: 11452 bytes
Response status code: 200
{'model': 'gemma3', 'created_at': '2025-12-01T20:49:57.0055144Z', 'message': {'role': 'assistant', 'content': 'Poorly'}, 'done': True, 'done_reason': 'stop', 'total_duration': 8884030287, 'load_duration': 7914247961, 'prompt_eval_count': 305, 'prompt_eval_duration': 78244768, 'eval_count': 3, 'eval_duration': 18413929}
Response: Poorly
Analyzing frame 89/108: q_30_main_1_30fps_frame0074.png
Prompt: Given the human reaction shown in the image, do you think the situation observed by that human ends well or poorly? (Use only one word -- well or poorly -- to answer)
Image size: 11388 bytes
Response status code: 200
{'model': 'gemma3', 'created_at': '2025-12-01T20:50:06.810580591Z', 'message': {'role': 'assistant', 'content': 'Poorly'}, 'done': True, 'done_reason': 'stop', 'total_duration': 8776732953, 'load_duration': 7813979165, 'prompt_eval_count': 305, 'prompt_eval_duration': 78662859, 'eval_count': 3, 'eval_duration': 19000509}
Response: Poorly
Analyzing frame 90/108: q_30_main_1_30fps_frame0089.png
Prompt: Given the human reaction shown in the image, do you think the situation observed by that human ends well or poorly? (Use only one word -- well or poorly -- to answer)
Image size: 11424 bytes
Response status code: 200
{'model': 'gemma3', 'created_at': '2025-12-01T20:50:16.775653466Z', 'message': {'role': 'assistant', 'content': 'Poorly'}, 'done': True, 'done_reason': 'stop', 'total_duration': 8935514929, 'load_duration': 7998667040, 'prompt_eval_count': 305, 'prompt_eval_duration': 77470991, 'eval_count': 3, 'eval_duration': 18407688}
Response: Poorly
Analyzing frame 91/108: q_3_main_1_30fps_frame0015.png
Prompt: Given the human reaction shown in the image, do you think the situation observed by that human ends well or poorly? (Use only one word -- well or poorly -- to answer)
Image size: 11612 bytes
Response status code: 200
{'model': 'gemma3', 'created_at': '2025-12-01T20:50:26.7441582Z', 'message': {'role': 'assistant', 'content': 'Poorly'}, 'done': True, 'done_reason': 'stop', 'total_duration': 8940353299, 'load_duration': 7984239173, 'prompt_eval_count': 305, 'prompt_eval_duration': 78224537, 'eval_count': 3, 'eval_duration': 19129749}
Response: Poorly
Analyzing frame 92/108: q_3_main_1_30fps_frame0030.png
Prompt: Given the human reaction shown in the image, do you think the situation observed by that human ends well or poorly? (Use only one word -- well or poorly -- to answer)
Image size: 11968 bytes
Response status code: 200
{'model': 'gemma3', 'created_at': '2025-12-01T20:50:36.576122794Z', 'message': {'role': 'assistant', 'content': 'Poorly'}, 'done': True, 'done_reason': 'stop', 'total_duration': 8804177840, 'load_duration': 7857369743, 'prompt_eval_count': 305, 'prompt_eval_duration': 78494924, 'eval_count': 3, 'eval_duration': 18543120}
Response: Poorly
Analyzing frame 93/108: q_3_main_1_30fps_frame0045.png
Prompt: Given the human reaction shown in the image, do you think the situation observed by that human ends well or poorly? (Use only one word -- well or poorly -- to answer)
Image size: 12400 bytes
Response status code: 200
{'model': 'gemma3', 'created_at': '2025-12-01T20:50:46.581586271Z', 'message': {'role': 'assistant', 'content': 'Poorly'}, 'done': True, 'done_reason': 'stop', 'total_duration': 8978294944, 'load_duration': 8028940299, 'prompt_eval_count': 305, 'prompt_eval_duration': 78548665, 'eval_count': 3, 'eval_duration': 18519961}
Response: Poorly
Analyzing frame 94/108: q_3_main_1_30fps_frame0060.png
Prompt: Given the human reaction shown in the image, do you think the situation observed by that human ends well or poorly? (Use only one word -- well or poorly -- to answer)
Image size: 12448 bytes
Response status code: 200
{'model': 'gemma3', 'created_at': '2025-12-01T20:50:56.283937368Z', 'message': {'role': 'assistant', 'content': 'Poorly'}, 'done': True, 'done_reason': 'stop', 'total_duration': 8678145134, 'load_duration': 7729535393, 'prompt_eval_count': 305, 'prompt_eval_duration': 78022436, 'eval_count': 3, 'eval_duration': 18491778}
Response: Poorly
Analyzing frame 95/108: q_3_main_1_30fps_frame0075.png
Prompt: Given the human reaction shown in the image, do you think the situation observed by that human ends well or poorly? (Use only one word -- well or poorly -- to answer)
Image size: 12140 bytes
Response status code: 200
{'model': 'gemma3', 'created_at': '2025-12-01T20:51:06.066607565Z', 'message': {'role': 'assistant', 'content': 'Poorly'}, 'done': True, 'done_reason': 'stop', 'total_duration': 8754774904, 'load_duration': 7821509214, 'prompt_eval_count': 305, 'prompt_eval_duration': 79358702, 'eval_count': 3, 'eval_duration': 18414730}
Response: Poorly
Analyzing frame 96/108: q_3_main_1_30fps_frame0090.png
Prompt: Given the human reaction shown in the image, do you think the situation observed by that human ends well or poorly? (Use only one word -- well or poorly -- to answer)
Image size: 12084 bytes
Response status code: 200
{'model': 'gemma3', 'created_at': '2025-12-01T20:51:16.032875895Z', 'message': {'role': 'assistant', 'content': 'Poorly'}, 'done': True, 'done_reason': 'stop', 'total_duration': 8935389849, 'load_duration': 8008677882, 'prompt_eval_count': 305, 'prompt_eval_duration': 77764234, 'eval_count': 3, 'eval_duration': 18924792}
Response: Poorly
Analyzing frame 97/108: q_4_main_1_30fps_frame0014.png
Prompt: Given the human reaction shown in the image, do you think the situation observed by that human ends well or poorly? (Use only one word -- well or poorly -- to answer)
Image size: 11352 bytes
Response status code: 200
{'model': 'gemma3', 'created_at': '2025-12-01T20:51:25.826657585Z', 'message': {'role': 'assistant', 'content': 'Poorly'}, 'done': True, 'done_reason': 'stop', 'total_duration': 8768001068, 'load_duration': 7816743858, 'prompt_eval_count': 305, 'prompt_eval_duration': 77927269, 'eval_count': 3, 'eval_duration': 18461336}
Response: Poorly
Analyzing frame 98/108: q_4_main_1_30fps_frame0029.png
Prompt: Given the human reaction shown in the image, do you think the situation observed by that human ends well or poorly? (Use only one word -- well or poorly -- to answer)
Image size: 11464 bytes
Response status code: 200
{'model': 'gemma3', 'created_at': '2025-12-01T20:51:35.850920741Z', 'message': {'role': 'assistant', 'content': 'Poorly'}, 'done': True, 'done_reason': 'stop', 'total_duration': 8994487401, 'load_duration': 8042833890, 'prompt_eval_count': 305, 'prompt_eval_duration': 77678176, 'eval_count': 3, 'eval_duration': 18552122}
Response: Poorly
Analyzing frame 99/108: q_4_main_1_30fps_frame0044.png
Prompt: Given the human reaction shown in the image, do you think the situation observed by that human ends well or poorly? (Use only one word -- well or poorly -- to answer)
Image size: 11456 bytes
Response status code: 200
{'model': 'gemma3', 'created_at': '2025-12-01T20:51:45.752120308Z', 'message': {'role': 'assistant', 'content': 'Poorly'}, 'done': True, 'done_reason': 'stop', 'total_duration': 8869319594, 'load_duration': 7930570792, 'prompt_eval_count': 305, 'prompt_eval_duration': 78353234, 'eval_count': 3, 'eval_duration': 18620256}
Response: Poorly
Analyzing frame 100/108: q_4_main_1_30fps_frame0059.png
Prompt: Given the human reaction shown in the image, do you think the situation observed by that human ends well or poorly? (Use only one word -- well or poorly -- to answer)
Image size: 11484 bytes
Response status code: 200
{'model': 'gemma3', 'created_at': '2025-12-01T20:51:55.56825706Z', 'message': {'role': 'assistant', 'content': 'Poorly'}, 'done': True, 'done_reason': 'stop', 'total_duration': 8786756084, 'load_duration': 7845942920, 'prompt_eval_count': 305, 'prompt_eval_duration': 78064039, 'eval_count': 3, 'eval_duration': 18575030}
Response: Poorly
Analyzing frame 101/108: q_4_main_1_30fps_frame0074.png
Prompt: Given the human reaction shown in the image, do you think the situation observed by that human ends well or poorly? (Use only one word -- well or poorly -- to answer)
Image size: 11432 bytes
Response status code: 200
{'model': 'gemma3', 'created_at': '2025-12-01T20:52:05.647240233Z', 'message': {'role': 'assistant', 'content': 'Poorly'}, 'done': True, 'done_reason': 'stop', 'total_duration': 9048646455, 'load_duration': 8086835346, 'prompt_eval_count': 305, 'prompt_eval_duration': 77969607, 'eval_count': 3, 'eval_duration': 18688406}
Response: Poorly
Analyzing frame 102/108: q_4_main_1_30fps_frame0089.png
Prompt: Given the human reaction shown in the image, do you think the situation observed by that human ends well or poorly? (Use only one word -- well or poorly -- to answer)
Image size: 11416 bytes
Response status code: 200
{'model': 'gemma3', 'created_at': '2025-12-01T20:52:15.412578646Z', 'message': {'role': 'assistant', 'content': 'Poorly'}, 'done': True, 'done_reason': 'stop', 'total_duration': 8736082520, 'load_duration': 7804115766, 'prompt_eval_count': 305, 'prompt_eval_duration': 77960215, 'eval_count': 3, 'eval_duration': 19328623}
Response: Poorly
Analyzing frame 103/108: q_warmup_4_main_0_30fps_frame0014.png
Prompt: Given the human reaction shown in the image, do you think the situation observed by that human ends well or poorly? (Use only one word -- well or poorly -- to answer)
Image size: 12584 bytes
Response status code: 200
{'model': 'gemma3', 'created_at': '2025-12-01T20:52:25.347899004Z', 'message': {'role': 'assistant', 'content': 'Poorly'}, 'done': True, 'done_reason': 'stop', 'total_duration': 8906739946, 'load_duration': 7958958673, 'prompt_eval_count': 305, 'prompt_eval_duration': 78517598, 'eval_count': 3, 'eval_duration': 18525870}
Response: Poorly
Analyzing frame 104/108: q_warmup_4_main_0_30fps_frame0029.png
Prompt: Given the human reaction shown in the image, do you think the situation observed by that human ends well or poorly? (Use only one word -- well or poorly -- to answer)
Image size: 12436 bytes
Response status code: 200
{'model': 'gemma3', 'created_at': '2025-12-01T20:52:35.172909988Z', 'message': {'role': 'assistant', 'content': 'Poorly'}, 'done': True, 'done_reason': 'stop', 'total_duration': 8806201314, 'load_duration': 7863701106, 'prompt_eval_count': 305, 'prompt_eval_duration': 78114727, 'eval_count': 3, 'eval_duration': 18540108}
Response: Poorly
Analyzing frame 105/108: q_warmup_4_main_0_30fps_frame0044.png
Prompt: Given the human reaction shown in the image, do you think the situation observed by that human ends well or poorly? (Use only one word -- well or poorly -- to answer)
Image size: 12616 bytes
Response status code: 200
{'model': 'gemma3', 'created_at': '2025-12-01T20:52:45.188942526Z', 'message': {'role': 'assistant', 'content': 'Poorly'}, 'done': True, 'done_reason': 'stop', 'total_duration': 8985655963, 'load_duration': 8048424223, 'prompt_eval_count': 305, 'prompt_eval_duration': 78061689, 'eval_count': 3, 'eval_duration': 18860853}
Response: Poorly
Analyzing frame 106/108: q_warmup_4_main_0_30fps_frame0059.png
Prompt: Given the human reaction shown in the image, do you think the situation observed by that human ends well or poorly? (Use only one word -- well or poorly -- to answer)
Image size: 12732 bytes
Response status code: 200
{'model': 'gemma3', 'created_at': '2025-12-01T20:52:55.100661272Z', 'message': {'role': 'assistant', 'content': 'Poorly'}, 'done': True, 'done_reason': 'stop', 'total_duration': 8881564165, 'load_duration': 7938446102, 'prompt_eval_count': 305, 'prompt_eval_duration': 81839460, 'eval_count': 3, 'eval_duration': 19006964}
Response: Poorly
Analyzing frame 107/108: q_warmup_4_main_0_30fps_frame0074.png
Prompt: Given the human reaction shown in the image, do you think the situation observed by that human ends well or poorly? (Use only one word -- well or poorly -- to answer)
Image size: 12768 bytes
Response status code: 200
{'model': 'gemma3', 'created_at': '2025-12-01T20:53:05.034194323Z', 'message': {'role': 'assistant', 'content': 'Poorly'}, 'done': True, 'done_reason': 'stop', 'total_duration': 8908376409, 'load_duration': 7965031229, 'prompt_eval_count': 305, 'prompt_eval_duration': 77603629, 'eval_count': 3, 'eval_duration': 18445387}
Response: Poorly
Analyzing frame 108/108: q_warmup_4_main_0_30fps_frame0089.png
Prompt: Given the human reaction shown in the image, do you think the situation observed by that human ends well or poorly? (Use only one word -- well or poorly -- to answer)
Image size: 12720 bytes
Response status code: 200
{'model': 'gemma3', 'created_at': '2025-12-01T20:53:15.018505536Z', 'message': {'role': 'assistant', 'content': 'Poorly'}, 'done': True, 'done_reason': 'stop', 'total_duration': 8953128457, 'load_duration': 8013387925, 'prompt_eval_count': 305, 'prompt_eval_duration': 78290309, 'eval_count': 3, 'eval_duration': 18462632}
Response: Poorly
Processed 108 frames for participant 2103

Results saved to ./results/results_gemma3_3s.csv
Total frames processed: 510

==================================================
Processing participant 6/30

Processing participant: 2313
Found 102 frames
Analyzing frame 1/102: q_12_main_1_30fps_frame0015.png
Prompt: Given the human reaction shown in the image, do you think the situation observed by that human ends well or poorly? (Use only one word -- well or poorly -- to answer)
Image size: 14064 bytes
Response status code: 200
{'model': 'gemma3', 'created_at': '2025-12-01T20:53:24.801366608Z', 'message': {'role': 'assistant', 'content': 'Poorly'}, 'done': True, 'done_reason': 'stop', 'total_duration': 8747893901, 'load_duration': 7792092816, 'prompt_eval_count': 305, 'prompt_eval_duration': 77380347, 'eval_count': 3, 'eval_duration': 19174761}
Response: Poorly
Analyzing frame 2/102: q_12_main_1_30fps_frame0030.png
Prompt: Given the human reaction shown in the image, do you think the situation observed by that human ends well or poorly? (Use only one word -- well or poorly -- to answer)
Image size: 14000 bytes
Response status code: 200
{'model': 'gemma3', 'created_at': '2025-12-01T20:53:34.609213808Z', 'message': {'role': 'assistant', 'content': 'Poorly'}, 'done': True, 'done_reason': 'stop', 'total_duration': 8790564389, 'load_duration': 7841776426, 'prompt_eval_count': 305, 'prompt_eval_duration': 78269715, 'eval_count': 3, 'eval_duration': 18429216}
Response: Poorly
Analyzing frame 3/102: q_12_main_1_30fps_frame0045.png
Prompt: Given the human reaction shown in the image, do you think the situation observed by that human ends well or poorly? (Use only one word -- well or poorly -- to answer)
Image size: 14076 bytes
Response status code: 200
{'model': 'gemma3', 'created_at': '2025-12-01T20:53:44.497149261Z', 'message': {'role': 'assistant', 'content': 'Poorly'}, 'done': True, 'done_reason': 'stop', 'total_duration': 8867647629, 'load_duration': 7928948330, 'prompt_eval_count': 305, 'prompt_eval_duration': 77806956, 'eval_count': 3, 'eval_duration': 22154401}
Response: Poorly
Analyzing frame 4/102: q_12_main_1_30fps_frame0060.png
Prompt: Given the human reaction shown in the image, do you think the situation observed by that human ends well or poorly? (Use only one word -- well or poorly -- to answer)
Image size: 13968 bytes
Response status code: 200
{'model': 'gemma3', 'created_at': '2025-12-01T20:53:54.439322055Z', 'message': {'role': 'assistant', 'content': 'Poorly'}, 'done': True, 'done_reason': 'stop', 'total_duration': 8914600471, 'load_duration': 7953441097, 'prompt_eval_count': 305, 'prompt_eval_duration': 80084481, 'eval_count': 3, 'eval_duration': 20989730}
Response: Poorly
Analyzing frame 5/102: q_12_main_1_30fps_frame0075.png
Prompt: Given the human reaction shown in the image, do you think the situation observed by that human ends well or poorly? (Use only one word -- well or poorly -- to answer)
Image size: 14028 bytes
Response status code: 200
{'model': 'gemma3', 'created_at': '2025-12-01T20:54:04.3516951Z', 'message': {'role': 'assistant', 'content': 'Poorly'}, 'done': True, 'done_reason': 'stop', 'total_duration': 8893828260, 'load_duration': 7927570299, 'prompt_eval_count': 305, 'prompt_eval_duration': 77556361, 'eval_count': 3, 'eval_duration': 18524255}
Response: Poorly
Analyzing frame 6/102: q_12_main_1_30fps_frame0090.png
Prompt: Given the human reaction shown in the image, do you think the situation observed by that human ends well or poorly? (Use only one word -- well or poorly -- to answer)
Image size: 13980 bytes
Response status code: 200
{'model': 'gemma3', 'created_at': '2025-12-01T20:54:14.233655431Z', 'message': {'role': 'assistant', 'content': 'Poorly'}, 'done': True, 'done_reason': 'stop', 'total_duration': 8851495782, 'load_duration': 7891299584, 'prompt_eval_count': 305, 'prompt_eval_duration': 78167989, 'eval_count': 3, 'eval_duration': 18671485}
Response: Poorly
Analyzing frame 7/102: q_13_main_0_30fps_frame0015.png
Prompt: Given the human reaction shown in the image, do you think the situation observed by that human ends well or poorly? (Use only one word -- well or poorly -- to answer)
Image size: 14464 bytes
Response status code: 200
{'model': 'gemma3', 'created_at': '2025-12-01T20:54:24.211500042Z', 'message': {'role': 'assistant', 'content': 'Poorly'}, 'done': True, 'done_reason': 'stop', 'total_duration': 8951921053, 'load_duration': 7986482160, 'prompt_eval_count': 305, 'prompt_eval_duration': 77792824, 'eval_count': 3, 'eval_duration': 18457616}
Response: Poorly
Analyzing frame 8/102: q_13_main_0_30fps_frame0030.png
Prompt: Given the human reaction shown in the image, do you think the situation observed by that human ends well or poorly? (Use only one word -- well or poorly -- to answer)
Image size: 14696 bytes
Response status code: 200
{'model': 'gemma3', 'created_at': '2025-12-01T20:54:34.261318734Z', 'message': {'role': 'assistant', 'content': 'Poorly'}, 'done': True, 'done_reason': 'stop', 'total_duration': 9020204389, 'load_duration': 8063597913, 'prompt_eval_count': 305, 'prompt_eval_duration': 77769994, 'eval_count': 3, 'eval_duration': 18451510}
Response: Poorly
Analyzing frame 9/102: q_13_main_0_30fps_frame0045.png
Prompt: Given the human reaction shown in the image, do you think the situation observed by that human ends well or poorly? (Use only one word -- well or poorly -- to answer)
Image size: 14904 bytes
Response status code: 200
{'model': 'gemma3', 'created_at': '2025-12-01T20:54:43.801154998Z', 'message': {'role': 'assistant', 'content': 'Poorly'}, 'done': True, 'done_reason': 'stop', 'total_duration': 8510126773, 'load_duration': 7564782436, 'prompt_eval_count': 305, 'prompt_eval_duration': 78395081, 'eval_count': 3, 'eval_duration': 18969774}
Response: Poorly
Analyzing frame 10/102: q_13_main_0_30fps_frame0060.png
Prompt: Given the human reaction shown in the image, do you think the situation observed by that human ends well or poorly? (Use only one word -- well or poorly -- to answer)
Image size: 15004 bytes
Response status code: 200
{'model': 'gemma3', 'created_at': '2025-12-01T20:54:53.676352955Z', 'message': {'role': 'assistant', 'content': 'Poorly'}, 'done': True, 'done_reason': 'stop', 'total_duration': 8844365243, 'load_duration': 7896091749, 'prompt_eval_count': 305, 'prompt_eval_duration': 86140358, 'eval_count': 3, 'eval_duration': 18796488}
Response: Poorly
Analyzing frame 11/102: q_13_main_0_30fps_frame0075.png
Prompt: Given the human reaction shown in the image, do you think the situation observed by that human ends well or poorly? (Use only one word -- well or poorly -- to answer)
Image size: 14996 bytes
Response status code: 200
{'model': 'gemma3', 'created_at': '2025-12-01T20:55:03.647748841Z', 'message': {'role': 'assistant', 'content': 'Poorly'}, 'done': True, 'done_reason': 'stop', 'total_duration': 8938731910, 'load_duration': 7997367520, 'prompt_eval_count': 305, 'prompt_eval_duration': 78354584, 'eval_count': 3, 'eval_duration': 18401730}
Response: Poorly
Analyzing frame 12/102: q_13_main_0_30fps_frame0090.png
Prompt: Given the human reaction shown in the image, do you think the situation observed by that human ends well or poorly? (Use only one word -- well or poorly -- to answer)
Image size: 14996 bytes
Response status code: 200
{'model': 'gemma3', 'created_at': '2025-12-01T20:55:13.53083517Z', 'message': {'role': 'assistant', 'content': 'Poorly'}, 'done': True, 'done_reason': 'stop', 'total_duration': 8850917541, 'load_duration': 7902068089, 'prompt_eval_count': 305, 'prompt_eval_duration': 77896307, 'eval_count': 3, 'eval_duration': 18453597}
Response: Poorly
Analyzing frame 13/102: q_15_main_1_30fps_frame0015.png
Prompt: Given the human reaction shown in the image, do you think the situation observed by that human ends well or poorly? (Use only one word -- well or poorly -- to answer)
Image size: 13464 bytes
Response status code: 200
{'model': 'gemma3', 'created_at': '2025-12-01T20:55:23.463224366Z', 'message': {'role': 'assistant', 'content': 'Poorly'}, 'done': True, 'done_reason': 'stop', 'total_duration': 8907061566, 'load_duration': 7958311849, 'prompt_eval_count': 305, 'prompt_eval_duration': 77906541, 'eval_count': 3, 'eval_duration': 18416567}
Response: Poorly
Analyzing frame 14/102: q_15_main_1_30fps_frame0030.png
Prompt: Given the human reaction shown in the image, do you think the situation observed by that human ends well or poorly? (Use only one word -- well or poorly -- to answer)
Image size: 13464 bytes
Response status code: 200
{'model': 'gemma3', 'created_at': '2025-12-01T20:55:33.264695917Z', 'message': {'role': 'assistant', 'content': 'Poorly'}, 'done': True, 'done_reason': 'stop', 'total_duration': 8782108155, 'load_duration': 7824524506, 'prompt_eval_count': 305, 'prompt_eval_duration': 79441531, 'eval_count': 3, 'eval_duration': 18595819}
Response: Poorly
Analyzing frame 15/102: q_15_main_1_30fps_frame0045.png
Prompt: Given the human reaction shown in the image, do you think the situation observed by that human ends well or poorly? (Use only one word -- well or poorly -- to answer)
Image size: 13516 bytes
Response status code: 200
{'model': 'gemma3', 'created_at': '2025-12-01T20:55:43.030472658Z', 'message': {'role': 'assistant', 'content': 'Poorly'}, 'done': True, 'done_reason': 'stop', 'total_duration': 8734373881, 'load_duration': 7785161578, 'prompt_eval_count': 305, 'prompt_eval_duration': 79101760, 'eval_count': 3, 'eval_duration': 20076156}
Response: Poorly
Analyzing frame 16/102: q_15_main_1_30fps_frame0060.png
Prompt: Given the human reaction shown in the image, do you think the situation observed by that human ends well or poorly? (Use only one word -- well or poorly -- to answer)
Image size: 13600 bytes
Response status code: 200
{'model': 'gemma3', 'created_at': '2025-12-01T20:55:53.043516051Z', 'message': {'role': 'assistant', 'content': 'Poorly'}, 'done': True, 'done_reason': 'stop', 'total_duration': 8983412762, 'load_duration': 8032347122, 'prompt_eval_count': 305, 'prompt_eval_duration': 78744223, 'eval_count': 3, 'eval_duration': 18450032}
Response: Poorly
Analyzing frame 17/102: q_15_main_1_30fps_frame0075.png
Prompt: Given the human reaction shown in the image, do you think the situation observed by that human ends well or poorly? (Use only one word -- well or poorly -- to answer)
Image size: 13552 bytes
Response status code: 200
{'model': 'gemma3', 'created_at': '2025-12-01T20:56:03.228975732Z', 'message': {'role': 'assistant', 'content': 'Poorly'}, 'done': True, 'done_reason': 'stop', 'total_duration': 9157593418, 'load_duration': 8206840946, 'prompt_eval_count': 305, 'prompt_eval_duration': 77986597, 'eval_count': 3, 'eval_duration': 18361184}
Response: Poorly
Analyzing frame 18/102: q_15_main_1_30fps_frame0090.png
Prompt: Given the human reaction shown in the image, do you think the situation observed by that human ends well or poorly? (Use only one word -- well or poorly -- to answer)
Image size: 13440 bytes
Response status code: 200
{'model': 'gemma3', 'created_at': '2025-12-01T20:56:13.179772241Z', 'message': {'role': 'assistant', 'content': 'Poorly'}, 'done': True, 'done_reason': 'stop', 'total_duration': 8923184535, 'load_duration': 8005479937, 'prompt_eval_count': 305, 'prompt_eval_duration': 78295212, 'eval_count': 3, 'eval_duration': 18903427}
Response: Poorly
Analyzing frame 19/102: q_17_main_1_30fps_frame0014.png
Prompt: Given the human reaction shown in the image, do you think the situation observed by that human ends well or poorly? (Use only one word -- well or poorly -- to answer)
Image size: 13652 bytes
Response status code: 200
{'model': 'gemma3', 'created_at': '2025-12-01T20:56:22.877890606Z', 'message': {'role': 'assistant', 'content': 'Poorly'}, 'done': True, 'done_reason': 'stop', 'total_duration': 8666381648, 'load_duration': 7719800441, 'prompt_eval_count': 305, 'prompt_eval_duration': 79950834, 'eval_count': 3, 'eval_duration': 18503724}
Response: Poorly
Analyzing frame 20/102: q_17_main_1_30fps_frame0029.png
Prompt: Given the human reaction shown in the image, do you think the situation observed by that human ends well or poorly? (Use only one word -- well or poorly -- to answer)
Image size: 13692 bytes
Response status code: 200
{'model': 'gemma3', 'created_at': '2025-12-01T20:56:32.74379899Z', 'message': {'role': 'assistant', 'content': 'Poorly'}, 'done': True, 'done_reason': 'stop', 'total_duration': 8843490577, 'load_duration': 7901170739, 'prompt_eval_count': 305, 'prompt_eval_duration': 79227062, 'eval_count': 3, 'eval_duration': 18398068}
Response: Poorly
Analyzing frame 21/102: q_17_main_1_30fps_frame0044.png
Prompt: Given the human reaction shown in the image, do you think the situation observed by that human ends well or poorly? (Use only one word -- well or poorly -- to answer)
Image size: 13644 bytes
Response status code: 200
{'model': 'gemma3', 'created_at': '2025-12-01T20:56:42.557849434Z', 'message': {'role': 'assistant', 'content': 'Poorly'}, 'done': True, 'done_reason': 'stop', 'total_duration': 8795951331, 'load_duration': 7861418467, 'prompt_eval_count': 305, 'prompt_eval_duration': 79321016, 'eval_count': 3, 'eval_duration': 18391422}
Response: Poorly
Analyzing frame 22/102: q_17_main_1_30fps_frame0059.png
Prompt: Given the human reaction shown in the image, do you think the situation observed by that human ends well or poorly? (Use only one word -- well or poorly -- to answer)
Image size: 13624 bytes
Response status code: 200
{'model': 'gemma3', 'created_at': '2025-12-01T20:56:52.406614721Z', 'message': {'role': 'assistant', 'content': 'Poorly'}, 'done': True, 'done_reason': 'stop', 'total_duration': 8817765149, 'load_duration': 7858947413, 'prompt_eval_count': 305, 'prompt_eval_duration': 80451049, 'eval_count': 3, 'eval_duration': 18358266}
Response: Poorly
Analyzing frame 23/102: q_17_main_1_30fps_frame0074.png
Prompt: Given the human reaction shown in the image, do you think the situation observed by that human ends well or poorly? (Use only one word -- well or poorly -- to answer)
Image size: 13628 bytes
Response status code: 200
{'model': 'gemma3', 'created_at': '2025-12-01T20:57:02.255194984Z', 'message': {'role': 'assistant', 'content': 'Poorly'}, 'done': True, 'done_reason': 'stop', 'total_duration': 8825327228, 'load_duration': 7859230461, 'prompt_eval_count': 305, 'prompt_eval_duration': 80965078, 'eval_count': 3, 'eval_duration': 18225707}
Response: Poorly
Analyzing frame 24/102: q_17_main_1_30fps_frame0089.png
Prompt: Given the human reaction shown in the image, do you think the situation observed by that human ends well or poorly? (Use only one word -- well or poorly -- to answer)
Image size: 13664 bytes
Response status code: 200
{'model': 'gemma3', 'created_at': '2025-12-01T20:57:12.197473524Z', 'message': {'role': 'assistant', 'content': 'Poorly'}, 'done': True, 'done_reason': 'stop', 'total_duration': 8917771959, 'load_duration': 7960403312, 'prompt_eval_count': 305, 'prompt_eval_duration': 78827313, 'eval_count': 3, 'eval_duration': 18894125}
Response: Poorly
Analyzing frame 25/102: q_19_main_1_30fps_frame0014.png
Prompt: Given the human reaction shown in the image, do you think the situation observed by that human ends well or poorly? (Use only one word -- well or poorly -- to answer)
Image size: 13748 bytes
Response status code: 200
{'model': 'gemma3', 'created_at': '2025-12-01T20:57:22.023069611Z', 'message': {'role': 'assistant', 'content': 'Poorly'}, 'done': True, 'done_reason': 'stop', 'total_duration': 8800442824, 'load_duration': 7844067561, 'prompt_eval_count': 305, 'prompt_eval_duration': 78141831, 'eval_count': 3, 'eval_duration': 18456777}
Response: Poorly
Analyzing frame 26/102: q_19_main_1_30fps_frame0029.png
Prompt: Given the human reaction shown in the image, do you think the situation observed by that human ends well or poorly? (Use only one word -- well or poorly -- to answer)
Image size: 13632 bytes
Response status code: 200
{'model': 'gemma3', 'created_at': '2025-12-01T20:57:32.09334903Z', 'message': {'role': 'assistant', 'content': 'Poorly'}, 'done': True, 'done_reason': 'stop', 'total_duration': 9042190130, 'load_duration': 8101499816, 'prompt_eval_count': 305, 'prompt_eval_duration': 77298496, 'eval_count': 3, 'eval_duration': 18525139}
Response: Poorly
Analyzing frame 27/102: q_19_main_1_30fps_frame0044.png
Prompt: Given the human reaction shown in the image, do you think the situation observed by that human ends well or poorly? (Use only one word -- well or poorly -- to answer)
Image size: 13556 bytes
Response status code: 200
{'model': 'gemma3', 'created_at': '2025-12-01T20:57:42.035068895Z', 'message': {'role': 'assistant', 'content': 'Poorly'}, 'done': True, 'done_reason': 'stop', 'total_duration': 8921515333, 'load_duration': 7974356563, 'prompt_eval_count': 305, 'prompt_eval_duration': 81007325, 'eval_count': 3, 'eval_duration': 21235924}
Response: Poorly
Analyzing frame 28/102: q_19_main_1_30fps_frame0059.png
Prompt: Given the human reaction shown in the image, do you think the situation observed by that human ends well or poorly? (Use only one word -- well or poorly -- to answer)
Image size: 13544 bytes
Response status code: 200
{'model': 'gemma3', 'created_at': '2025-12-01T20:57:51.823235491Z', 'message': {'role': 'assistant', 'content': 'Poorly'}, 'done': True, 'done_reason': 'stop', 'total_duration': 8760868712, 'load_duration': 7848317655, 'prompt_eval_count': 305, 'prompt_eval_duration': 78307573, 'eval_count': 3, 'eval_duration': 18472000}
Response: Poorly
Analyzing frame 29/102: q_19_main_1_30fps_frame0074.png
Prompt: Given the human reaction shown in the image, do you think the situation observed by that human ends well or poorly? (Use only one word -- well or poorly -- to answer)
Image size: 13436 bytes
Response status code: 200
{'model': 'gemma3', 'created_at': '2025-12-01T20:58:01.832658177Z', 'message': {'role': 'assistant', 'content': 'Poorly'}, 'done': True, 'done_reason': 'stop', 'total_duration': 8980971195, 'load_duration': 8011560920, 'prompt_eval_count': 305, 'prompt_eval_duration': 77870200, 'eval_count': 3, 'eval_duration': 21341248}
Response: Poorly
Analyzing frame 30/102: q_19_main_1_30fps_frame0089.png
Prompt: Given the human reaction shown in the image, do you think the situation observed by that human ends well or poorly? (Use only one word -- well or poorly -- to answer)
Image size: 13536 bytes
Response status code: 200
{'model': 'gemma3', 'created_at': '2025-12-01T20:58:11.797367497Z', 'message': {'role': 'assistant', 'content': 'Poorly'}, 'done': True, 'done_reason': 'stop', 'total_duration': 8936440345, 'load_duration': 7968217687, 'prompt_eval_count': 305, 'prompt_eval_duration': 77956278, 'eval_count': 3, 'eval_duration': 18488113}
Response: Poorly
Analyzing frame 31/102: q_20_main_0_30fps_frame0014.png
Prompt: Given the human reaction shown in the image, do you think the situation observed by that human ends well or poorly? (Use only one word -- well or poorly -- to answer)
Image size: 13644 bytes
Response status code: 200
{'model': 'gemma3', 'created_at': '2025-12-01T20:58:21.86575369Z', 'message': {'role': 'assistant', 'content': 'Poorly'}, 'done': True, 'done_reason': 'stop', 'total_duration': 9040688951, 'load_duration': 8102870948, 'prompt_eval_count': 305, 'prompt_eval_duration': 77552180, 'eval_count': 3, 'eval_duration': 18439406}
Response: Poorly
Analyzing frame 32/102: q_20_main_0_30fps_frame0029.png
Prompt: Given the human reaction shown in the image, do you think the situation observed by that human ends well or poorly? (Use only one word -- well or poorly -- to answer)
Image size: 13712 bytes
Response status code: 200
{'model': 'gemma3', 'created_at': '2025-12-01T20:58:31.80827299Z', 'message': {'role': 'assistant', 'content': 'Poorly'}, 'done': True, 'done_reason': 'stop', 'total_duration': 8911385861, 'load_duration': 7966622233, 'prompt_eval_count': 305, 'prompt_eval_duration': 77803139, 'eval_count': 3, 'eval_duration': 18619170}
Response: Poorly
Analyzing frame 33/102: q_20_main_0_30fps_frame0044.png
Prompt: Given the human reaction shown in the image, do you think the situation observed by that human ends well or poorly? (Use only one word -- well or poorly -- to answer)
Image size: 13672 bytes
Response status code: 200
{'model': 'gemma3', 'created_at': '2025-12-01T20:58:41.831214989Z', 'message': {'role': 'assistant', 'content': 'Poorly'}, 'done': True, 'done_reason': 'stop', 'total_duration': 8994302039, 'load_duration': 8079244213, 'prompt_eval_count': 305, 'prompt_eval_duration': 78326756, 'eval_count': 3, 'eval_duration': 18463181}
Response: Poorly
Analyzing frame 34/102: q_20_main_0_30fps_frame0059.png
Prompt: Given the human reaction shown in the image, do you think the situation observed by that human ends well or poorly? (Use only one word -- well or poorly -- to answer)
Image size: 13676 bytes
Response status code: 200
{'model': 'gemma3', 'created_at': '2025-12-01T20:58:51.920421844Z', 'message': {'role': 'assistant', 'content': 'Poorly'}, 'done': True, 'done_reason': 'stop', 'total_duration': 9058895721, 'load_duration': 8118632800, 'prompt_eval_count': 305, 'prompt_eval_duration': 81143291, 'eval_count': 3, 'eval_duration': 18554839}
Response: Poorly
Analyzing frame 35/102: q_20_main_0_30fps_frame0074.png
Prompt: Given the human reaction shown in the image, do you think the situation observed by that human ends well or poorly? (Use only one word -- well or poorly -- to answer)
Image size: 13664 bytes
Response status code: 200
{'model': 'gemma3', 'created_at': '2025-12-01T20:59:01.66912251Z', 'message': {'role': 'assistant', 'content': 'Poorly'}, 'done': True, 'done_reason': 'stop', 'total_duration': 8720701670, 'load_duration': 7769078804, 'prompt_eval_count': 305, 'prompt_eval_duration': 78416806, 'eval_count': 3, 'eval_duration': 18699189}
Response: Poorly
Analyzing frame 36/102: q_20_main_0_30fps_frame0089.png
Prompt: Given the human reaction shown in the image, do you think the situation observed by that human ends well or poorly? (Use only one word -- well or poorly -- to answer)
Image size: 13660 bytes
Response status code: 200
{'model': 'gemma3', 'created_at': '2025-12-01T20:59:11.420710486Z', 'message': {'role': 'assistant', 'content': 'Poorly'}, 'done': True, 'done_reason': 'stop', 'total_duration': 8723037209, 'load_duration': 7768607735, 'prompt_eval_count': 305, 'prompt_eval_duration': 90577479, 'eval_count': 3, 'eval_duration': 18847731}
Response: Poorly
Analyzing frame 37/102: q_21_main_0_30fps_frame0015.png
Prompt: Given the human reaction shown in the image, do you think the situation observed by that human ends well or poorly? (Use only one word -- well or poorly -- to answer)
Image size: 13564 bytes
Response status code: 200
{'model': 'gemma3', 'created_at': '2025-12-01T20:59:21.372859717Z', 'message': {'role': 'assistant', 'content': 'Poorly'}, 'done': True, 'done_reason': 'stop', 'total_duration': 8926826437, 'load_duration': 7980014169, 'prompt_eval_count': 305, 'prompt_eval_duration': 77852955, 'eval_count': 3, 'eval_duration': 18517778}
Response: Poorly
Analyzing frame 38/102: q_21_main_0_30fps_frame0030.png
Prompt: Given the human reaction shown in the image, do you think the situation observed by that human ends well or poorly? (Use only one word -- well or poorly -- to answer)
Image size: 13656 bytes
Response status code: 200
{'model': 'gemma3', 'created_at': '2025-12-01T20:59:31.379253762Z', 'message': {'role': 'assistant', 'content': 'Poorly'}, 'done': True, 'done_reason': 'stop', 'total_duration': 8976156157, 'load_duration': 8038415351, 'prompt_eval_count': 305, 'prompt_eval_duration': 77911963, 'eval_count': 3, 'eval_duration': 18538270}
Response: Poorly
Analyzing frame 39/102: q_21_main_0_30fps_frame0045.png
Prompt: Given the human reaction shown in the image, do you think the situation observed by that human ends well or poorly? (Use only one word -- well or poorly -- to answer)
Image size: 13584 bytes
Response status code: 200
{'model': 'gemma3', 'created_at': '2025-12-01T20:59:41.358439823Z', 'message': {'role': 'assistant', 'content': 'Poorly'}, 'done': True, 'done_reason': 'stop', 'total_duration': 8949129379, 'load_duration': 7994374516, 'prompt_eval_count': 305, 'prompt_eval_duration': 80262609, 'eval_count': 3, 'eval_duration': 18323399}
Response: Poorly
Analyzing frame 40/102: q_21_main_0_30fps_frame0060.png
Prompt: Given the human reaction shown in the image, do you think the situation observed by that human ends well or poorly? (Use only one word -- well or poorly -- to answer)
Image size: 13616 bytes
Response status code: 200
{'model': 'gemma3', 'created_at': '2025-12-01T20:59:51.131249672Z', 'message': {'role': 'assistant', 'content': 'Poorly'}, 'done': True, 'done_reason': 'stop', 'total_duration': 8742785201, 'load_duration': 7798827549, 'prompt_eval_count': 305, 'prompt_eval_duration': 77899344, 'eval_count': 3, 'eval_duration': 18943136}
Response: Poorly
Analyzing frame 41/102: q_21_main_0_30fps_frame0075.png
Prompt: Given the human reaction shown in the image, do you think the situation observed by that human ends well or poorly? (Use only one word -- well or poorly -- to answer)
Image size: 13728 bytes
Response status code: 200
{'model': 'gemma3', 'created_at': '2025-12-01T21:00:00.960924872Z', 'message': {'role': 'assistant', 'content': 'Poorly'}, 'done': True, 'done_reason': 'stop', 'total_duration': 8800171166, 'load_duration': 7870656157, 'prompt_eval_count': 305, 'prompt_eval_duration': 78533660, 'eval_count': 3, 'eval_duration': 18398692}
Response: Poorly
Analyzing frame 42/102: q_21_main_0_30fps_frame0090.png
Prompt: Given the human reaction shown in the image, do you think the situation observed by that human ends well or poorly? (Use only one word -- well or poorly -- to answer)
Image size: 13528 bytes
Response status code: 200
{'model': 'gemma3', 'created_at': '2025-12-01T21:00:10.831300196Z', 'message': {'role': 'assistant', 'content': 'Poorly'}, 'done': True, 'done_reason': 'stop', 'total_duration': 8841239146, 'load_duration': 7902365133, 'prompt_eval_count': 305, 'prompt_eval_duration': 93919806, 'eval_count': 3, 'eval_duration': 18515719}
Response: Poorly
Analyzing frame 43/102: q_22_main_0_30fps_frame0015.png
Prompt: Given the human reaction shown in the image, do you think the situation observed by that human ends well or poorly? (Use only one word -- well or poorly -- to answer)
Image size: 14096 bytes
Response status code: 200
{'model': 'gemma3', 'created_at': '2025-12-01T21:00:20.636162448Z', 'message': {'role': 'assistant', 'content': 'Poorly'}, 'done': True, 'done_reason': 'stop', 'total_duration': 8786141304, 'load_duration': 7814324710, 'prompt_eval_count': 305, 'prompt_eval_duration': 78139128, 'eval_count': 3, 'eval_duration': 18562344}
Response: Poorly
Analyzing frame 44/102: q_22_main_0_30fps_frame0030.png
Prompt: Given the human reaction shown in the image, do you think the situation observed by that human ends well or poorly? (Use only one word -- well or poorly -- to answer)
Image size: 14196 bytes
Response status code: 200
{'model': 'gemma3', 'created_at': '2025-12-01T21:00:30.465737601Z', 'message': {'role': 'assistant', 'content': 'Poorly'}, 'done': True, 'done_reason': 'stop', 'total_duration': 8803461058, 'load_duration': 7858108019, 'prompt_eval_count': 305, 'prompt_eval_duration': 78456566, 'eval_count': 3, 'eval_duration': 18814671}
Response: Poorly
Analyzing frame 45/102: q_22_main_0_30fps_frame0045.png
Prompt: Given the human reaction shown in the image, do you think the situation observed by that human ends well or poorly? (Use only one word -- well or poorly -- to answer)
Image size: 14060 bytes
Response status code: 200
{'model': 'gemma3', 'created_at': '2025-12-01T21:00:40.445550574Z', 'message': {'role': 'assistant', 'content': 'Poorly'}, 'done': True, 'done_reason': 'stop', 'total_duration': 8952880159, 'load_duration': 7999565209, 'prompt_eval_count': 305, 'prompt_eval_duration': 79511283, 'eval_count': 3, 'eval_duration': 18322360}
Response: Poorly
Analyzing frame 46/102: q_22_main_0_30fps_frame0060.png
Prompt: Given the human reaction shown in the image, do you think the situation observed by that human ends well or poorly? (Use only one word -- well or poorly -- to answer)
Image size: 13964 bytes
Response status code: 200
{'model': 'gemma3', 'created_at': '2025-12-01T21:00:50.55043323Z', 'message': {'role': 'assistant', 'content': 'Poorly'}, 'done': True, 'done_reason': 'stop', 'total_duration': 9073288936, 'load_duration': 8116925164, 'prompt_eval_count': 305, 'prompt_eval_duration': 78870711, 'eval_count': 3, 'eval_duration': 18509395}
Response: Poorly
Analyzing frame 47/102: q_22_main_0_30fps_frame0075.png
Prompt: Given the human reaction shown in the image, do you think the situation observed by that human ends well or poorly? (Use only one word -- well or poorly -- to answer)
Image size: 13944 bytes
Response status code: 200
{'model': 'gemma3', 'created_at': '2025-12-01T21:01:00.419498286Z', 'message': {'role': 'assistant', 'content': 'Poorly'}, 'done': True, 'done_reason': 'stop', 'total_duration': 8835777585, 'load_duration': 7888092064, 'prompt_eval_count': 305, 'prompt_eval_duration': 77957575, 'eval_count': 3, 'eval_duration': 18524292}
Response: Poorly
Analyzing frame 48/102: q_22_main_0_30fps_frame0090.png
Prompt: Given the human reaction shown in the image, do you think the situation observed by that human ends well or poorly? (Use only one word -- well or poorly -- to answer)
Image size: 13964 bytes
Response status code: 200
{'model': 'gemma3', 'created_at': '2025-12-01T21:01:10.28076629Z', 'message': {'role': 'assistant', 'content': 'Poorly'}, 'done': True, 'done_reason': 'stop', 'total_duration': 8830118454, 'load_duration': 7887731392, 'prompt_eval_count': 305, 'prompt_eval_duration': 78229905, 'eval_count': 3, 'eval_duration': 18469411}
Response: Poorly
Analyzing frame 49/102: q_25_main_0_30fps_frame0015.png
Prompt: Given the human reaction shown in the image, do you think the situation observed by that human ends well or poorly? (Use only one word -- well or poorly -- to answer)
Image size: 13680 bytes
Response status code: 200
{'model': 'gemma3', 'created_at': '2025-12-01T21:01:20.250052108Z', 'message': {'role': 'assistant', 'content': 'Poorly'}, 'done': True, 'done_reason': 'stop', 'total_duration': 8953632451, 'load_duration': 7999400657, 'prompt_eval_count': 305, 'prompt_eval_duration': 78772251, 'eval_count': 3, 'eval_duration': 18367234}
Response: Poorly
Analyzing frame 50/102: q_25_main_0_30fps_frame0030.png
Prompt: Given the human reaction shown in the image, do you think the situation observed by that human ends well or poorly? (Use only one word -- well or poorly -- to answer)
Image size: 13772 bytes
Response status code: 200
{'model': 'gemma3', 'created_at': '2025-12-01T21:01:29.933983737Z', 'message': {'role': 'assistant', 'content': 'Poorly'}, 'done': True, 'done_reason': 'stop', 'total_duration': 8653386566, 'load_duration': 7697694272, 'prompt_eval_count': 305, 'prompt_eval_duration': 77539308, 'eval_count': 3, 'eval_duration': 18459918}
Response: Poorly
Analyzing frame 51/102: q_25_main_0_30fps_frame0045.png
Prompt: Given the human reaction shown in the image, do you think the situation observed by that human ends well or poorly? (Use only one word -- well or poorly -- to answer)
Image size: 13776 bytes
Response status code: 200
{'model': 'gemma3', 'created_at': '2025-12-01T21:01:39.730773253Z', 'message': {'role': 'assistant', 'content': 'Poorly'}, 'done': True, 'done_reason': 'stop', 'total_duration': 8767992315, 'load_duration': 7819842374, 'prompt_eval_count': 305, 'prompt_eval_duration': 78483707, 'eval_count': 3, 'eval_duration': 21937454}
Response: Poorly
Analyzing frame 52/102: q_25_main_0_30fps_frame0060.png
Prompt: Given the human reaction shown in the image, do you think the situation observed by that human ends well or poorly? (Use only one word -- well or poorly -- to answer)
Image size: 13756 bytes
Response status code: 200
{'model': 'gemma3', 'created_at': '2025-12-01T21:01:49.468882329Z', 'message': {'role': 'assistant', 'content': 'Poorly'}, 'done': True, 'done_reason': 'stop', 'total_duration': 8713558522, 'load_duration': 7772211020, 'prompt_eval_count': 305, 'prompt_eval_duration': 78499827, 'eval_count': 3, 'eval_duration': 19080142}
Response: Poorly
Analyzing frame 53/102: q_25_main_0_30fps_frame0075.png
Prompt: Given the human reaction shown in the image, do you think the situation observed by that human ends well or poorly? (Use only one word -- well or poorly -- to answer)
Image size: 13728 bytes
Response status code: 200
{'model': 'gemma3', 'created_at': '2025-12-01T21:01:59.445245332Z', 'message': {'role': 'assistant', 'content': 'Poorly'}, 'done': True, 'done_reason': 'stop', 'total_duration': 8945564680, 'load_duration': 7988682983, 'prompt_eval_count': 305, 'prompt_eval_duration': 89339471, 'eval_count': 3, 'eval_duration': 18760368}
Response: Poorly
Analyzing frame 54/102: q_25_main_0_30fps_frame0090.png
Prompt: Given the human reaction shown in the image, do you think the situation observed by that human ends well or poorly? (Use only one word -- well or poorly -- to answer)
Image size: 13744 bytes
Response status code: 200
{'model': 'gemma3', 'created_at': '2025-12-01T21:02:09.480919455Z', 'message': {'role': 'assistant', 'content': 'Poorly'}, 'done': True, 'done_reason': 'stop', 'total_duration': 9005231538, 'load_duration': 8042926296, 'prompt_eval_count': 305, 'prompt_eval_duration': 77786479, 'eval_count': 3, 'eval_duration': 18499560}
Response: Poorly
Analyzing frame 55/102: q_26_main_0_30fps_frame0015.png
Prompt: Given the human reaction shown in the image, do you think the situation observed by that human ends well or poorly? (Use only one word -- well or poorly -- to answer)
Image size: 14872 bytes
Response status code: 200
{'model': 'gemma3', 'created_at': '2025-12-01T21:02:19.317248693Z', 'message': {'role': 'assistant', 'content': 'Poorly'}, 'done': True, 'done_reason': 'stop', 'total_duration': 8804882964, 'load_duration': 7883768359, 'prompt_eval_count': 305, 'prompt_eval_duration': 78124265, 'eval_count': 3, 'eval_duration': 18520872}
Response: Poorly
Analyzing frame 56/102: q_26_main_0_30fps_frame0030.png
Prompt: Given the human reaction shown in the image, do you think the situation observed by that human ends well or poorly? (Use only one word -- well or poorly -- to answer)
Image size: 14296 bytes
Response status code: 200
{'model': 'gemma3', 'created_at': '2025-12-01T21:02:29.198343115Z', 'message': {'role': 'assistant', 'content': 'Poorly'}, 'done': True, 'done_reason': 'stop', 'total_duration': 8852646170, 'load_duration': 7893661256, 'prompt_eval_count': 305, 'prompt_eval_duration': 78024309, 'eval_count': 3, 'eval_duration': 18400506}
Response: Poorly
Analyzing frame 57/102: q_26_main_0_30fps_frame0045.png
Prompt: Given the human reaction shown in the image, do you think the situation observed by that human ends well or poorly? (Use only one word -- well or poorly -- to answer)
Image size: 14844 bytes
Response status code: 200
{'model': 'gemma3', 'created_at': '2025-12-01T21:02:38.767328982Z', 'message': {'role': 'assistant', 'content': 'Poorly'}, 'done': True, 'done_reason': 'stop', 'total_duration': 8535694056, 'load_duration': 7590932814, 'prompt_eval_count': 305, 'prompt_eval_duration': 79853497, 'eval_count': 3, 'eval_duration': 18664643}
Response: Poorly
Analyzing frame 58/102: q_26_main_0_30fps_frame0060.png
Prompt: Given the human reaction shown in the image, do you think the situation observed by that human ends well or poorly? (Use only one word -- well or poorly -- to answer)
Image size: 14884 bytes
Response status code: 200
{'model': 'gemma3', 'created_at': '2025-12-01T21:02:48.673608548Z', 'message': {'role': 'assistant', 'content': 'Poorly'}, 'done': True, 'done_reason': 'stop', 'total_duration': 8873457129, 'load_duration': 7937030556, 'prompt_eval_count': 305, 'prompt_eval_duration': 77977145, 'eval_count': 3, 'eval_duration': 18639533}
Response: Poorly
Analyzing frame 59/102: q_26_main_0_30fps_frame0075.png
Prompt: Given the human reaction shown in the image, do you think the situation observed by that human ends well or poorly? (Use only one word -- well or poorly -- to answer)
Image size: 14972 bytes
Response status code: 200
{'model': 'gemma3', 'created_at': '2025-12-01T21:02:58.480618662Z', 'message': {'role': 'assistant', 'content': 'Poorly'}, 'done': True, 'done_reason': 'stop', 'total_duration': 8780884690, 'load_duration': 7829644560, 'prompt_eval_count': 305, 'prompt_eval_duration': 78333368, 'eval_count': 3, 'eval_duration': 18379156}
Response: Poorly
Analyzing frame 60/102: q_26_main_0_30fps_frame0090.png
Prompt: Given the human reaction shown in the image, do you think the situation observed by that human ends well or poorly? (Use only one word -- well or poorly -- to answer)
Image size: 14776 bytes
Response status code: 200
{'model': 'gemma3', 'created_at': '2025-12-01T21:03:08.452450849Z', 'message': {'role': 'assistant', 'content': 'Poorly'}, 'done': True, 'done_reason': 'stop', 'total_duration': 8941496418, 'load_duration': 7990547097, 'prompt_eval_count': 305, 'prompt_eval_duration': 77827155, 'eval_count': 3, 'eval_duration': 18634355}
Response: Poorly
Analyzing frame 61/102: q_29_main_1_30fps_frame0014.png
Prompt: Given the human reaction shown in the image, do you think the situation observed by that human ends well or poorly? (Use only one word -- well or poorly -- to answer)
Image size: 14112 bytes
Response status code: 200
{'model': 'gemma3', 'created_at': '2025-12-01T21:03:18.39871878Z', 'message': {'role': 'assistant', 'content': 'Poorly'}, 'done': True, 'done_reason': 'stop', 'total_duration': 8913396357, 'load_duration': 7960043229, 'prompt_eval_count': 305, 'prompt_eval_duration': 77779396, 'eval_count': 3, 'eval_duration': 18984223}
Response: Poorly
Analyzing frame 62/102: q_29_main_1_30fps_frame0029.png
Prompt: Given the human reaction shown in the image, do you think the situation observed by that human ends well or poorly? (Use only one word -- well or poorly -- to answer)
Image size: 14116 bytes
Response status code: 200
{'model': 'gemma3', 'created_at': '2025-12-01T21:03:28.288463666Z', 'message': {'role': 'assistant', 'content': 'Poorly'}, 'done': True, 'done_reason': 'stop', 'total_duration': 8862948961, 'load_duration': 7917745027, 'prompt_eval_count': 305, 'prompt_eval_duration': 77769860, 'eval_count': 3, 'eval_duration': 18896360}
Response: Poorly
Analyzing frame 63/102: q_29_main_1_30fps_frame0044.png
Prompt: Given the human reaction shown in the image, do you think the situation observed by that human ends well or poorly? (Use only one word -- well or poorly -- to answer)
Image size: 14084 bytes
Response status code: 200
{'model': 'gemma3', 'created_at': '2025-12-01T21:03:38.40500001Z', 'message': {'role': 'assistant', 'content': 'Poorly'}, 'done': True, 'done_reason': 'stop', 'total_duration': 9086777464, 'load_duration': 8137132568, 'prompt_eval_count': 305, 'prompt_eval_duration': 77769343, 'eval_count': 3, 'eval_duration': 18396840}
Response: Poorly
Analyzing frame 64/102: q_29_main_1_30fps_frame0059.png
Prompt: Given the human reaction shown in the image, do you think the situation observed by that human ends well or poorly? (Use only one word -- well or poorly -- to answer)
Image size: 14148 bytes
Response status code: 200
{'model': 'gemma3', 'created_at': '2025-12-01T21:03:48.10300331Z', 'message': {'role': 'assistant', 'content': 'Poorly'}, 'done': True, 'done_reason': 'stop', 'total_duration': 8671477684, 'load_duration': 7737959756, 'prompt_eval_count': 305, 'prompt_eval_duration': 77941383, 'eval_count': 3, 'eval_duration': 18392385}
Response: Poorly
Analyzing frame 65/102: q_29_main_1_30fps_frame0074.png
Prompt: Given the human reaction shown in the image, do you think the situation observed by that human ends well or poorly? (Use only one word -- well or poorly -- to answer)
Image size: 14088 bytes
Response status code: 200
{'model': 'gemma3', 'created_at': '2025-12-01T21:03:58.087652158Z', 'message': {'role': 'assistant', 'content': 'Poorly'}, 'done': True, 'done_reason': 'stop', 'total_duration': 8953238310, 'load_duration': 8007780093, 'prompt_eval_count': 305, 'prompt_eval_duration': 78104080, 'eval_count': 3, 'eval_duration': 19760521}
Response: Poorly
Analyzing frame 66/102: q_29_main_1_30fps_frame0089.png
Prompt: Given the human reaction shown in the image, do you think the situation observed by that human ends well or poorly? (Use only one word -- well or poorly -- to answer)
Image size: 14028 bytes
Response status code: 200
{'model': 'gemma3', 'created_at': '2025-12-01T21:04:07.92848786Z', 'message': {'role': 'assistant', 'content': 'Poorly'}, 'done': True, 'done_reason': 'stop', 'total_duration': 8810889895, 'load_duration': 7877137284, 'prompt_eval_count': 305, 'prompt_eval_duration': 78071309, 'eval_count': 3, 'eval_duration': 19012040}
Response: Poorly
Analyzing frame 67/102: q_2_main_1_30fps_frame0015.png
Prompt: Given the human reaction shown in the image, do you think the situation observed by that human ends well or poorly? (Use only one word -- well or poorly -- to answer)
Image size: 13500 bytes
Response status code: 200
{'model': 'gemma3', 'created_at': '2025-12-01T21:04:17.652212914Z', 'message': {'role': 'assistant', 'content': 'Poorly'}, 'done': True, 'done_reason': 'stop', 'total_duration': 8693707821, 'load_duration': 7717032936, 'prompt_eval_count': 305, 'prompt_eval_duration': 78196190, 'eval_count': 3, 'eval_duration': 21693662}
Response: Poorly
Analyzing frame 68/102: q_2_main_1_30fps_frame0030.png
Prompt: Given the human reaction shown in the image, do you think the situation observed by that human ends well or poorly? (Use only one word -- well or poorly -- to answer)
Image size: 13480 bytes
Response status code: 200
{'model': 'gemma3', 'created_at': '2025-12-01T21:04:27.380574261Z', 'message': {'role': 'assistant', 'content': 'Poorly'}, 'done': True, 'done_reason': 'stop', 'total_duration': 8698984299, 'load_duration': 7742689342, 'prompt_eval_count': 305, 'prompt_eval_duration': 77971727, 'eval_count': 3, 'eval_duration': 18477760}
Response: Poorly
Analyzing frame 69/102: q_2_main_1_30fps_frame0045.png
Prompt: Given the human reaction shown in the image, do you think the situation observed by that human ends well or poorly? (Use only one word -- well or poorly -- to answer)
Image size: 13492 bytes
Response status code: 200
{'model': 'gemma3', 'created_at': '2025-12-01T21:04:37.268809215Z', 'message': {'role': 'assistant', 'content': 'Poorly'}, 'done': True, 'done_reason': 'stop', 'total_duration': 8860116915, 'load_duration': 7916790407, 'prompt_eval_count': 305, 'prompt_eval_duration': 78372060, 'eval_count': 3, 'eval_duration': 18613885}
Response: Poorly
Analyzing frame 70/102: q_2_main_1_30fps_frame0060.png
Prompt: Given the human reaction shown in the image, do you think the situation observed by that human ends well or poorly? (Use only one word -- well or poorly -- to answer)
Image size: 13336 bytes
Response status code: 200
{'model': 'gemma3', 'created_at': '2025-12-01T21:04:47.056206234Z', 'message': {'role': 'assistant', 'content': 'Poorly'}, 'done': True, 'done_reason': 'stop', 'total_duration': 8766519816, 'load_duration': 7801446458, 'prompt_eval_count': 305, 'prompt_eval_duration': 78938541, 'eval_count': 3, 'eval_duration': 18577316}
Response: Poorly
Analyzing frame 71/102: q_2_main_1_30fps_frame0075.png
Prompt: Given the human reaction shown in the image, do you think the situation observed by that human ends well or poorly? (Use only one word -- well or poorly -- to answer)
Image size: 13276 bytes
Response status code: 200
{'model': 'gemma3', 'created_at': '2025-12-01T21:04:56.883140762Z', 'message': {'role': 'assistant', 'content': 'Poorly'}, 'done': True, 'done_reason': 'stop', 'total_duration': 8800322368, 'load_duration': 7867526167, 'prompt_eval_count': 305, 'prompt_eval_duration': 78381884, 'eval_count': 3, 'eval_duration': 19046147}
Response: Poorly
Analyzing frame 72/102: q_2_main_1_30fps_frame0090.png
Prompt: Given the human reaction shown in the image, do you think the situation observed by that human ends well or poorly? (Use only one word -- well or poorly -- to answer)
Image size: 13392 bytes
Response status code: 200
{'model': 'gemma3', 'created_at': '2025-12-01T21:05:06.643521729Z', 'message': {'role': 'assistant', 'content': 'Poorly'}, 'done': True, 'done_reason': 'stop', 'total_duration': 8729286299, 'load_duration': 7788971104, 'prompt_eval_count': 305, 'prompt_eval_duration': 81436996, 'eval_count': 3, 'eval_duration': 18749677}
Response: Poorly
Analyzing frame 73/102: q_30_main_0_30fps_frame0015.png
Prompt: Given the human reaction shown in the image, do you think the situation observed by that human ends well or poorly? (Use only one word -- well or poorly -- to answer)
Image size: 14560 bytes
Response status code: 200
{'model': 'gemma3', 'created_at': '2025-12-01T21:05:16.257860438Z', 'message': {'role': 'assistant', 'content': 'Poorly'}, 'done': True, 'done_reason': 'stop', 'total_duration': 8594949879, 'load_duration': 7654619395, 'prompt_eval_count': 305, 'prompt_eval_duration': 77753441, 'eval_count': 3, 'eval_duration': 18477652}
Response: Poorly
Analyzing frame 74/102: q_30_main_0_30fps_frame0030.png
Prompt: Given the human reaction shown in the image, do you think the situation observed by that human ends well or poorly? (Use only one word -- well or poorly -- to answer)
Image size: 14488 bytes
Response status code: 200
{'model': 'gemma3', 'created_at': '2025-12-01T21:05:25.878198365Z', 'message': {'role': 'assistant', 'content': 'Poorly'}, 'done': True, 'done_reason': 'stop', 'total_duration': 8589654247, 'load_duration': 7658665045, 'prompt_eval_count': 305, 'prompt_eval_duration': 77766367, 'eval_count': 3, 'eval_duration': 18448307}
Response: Poorly
Analyzing frame 75/102: q_30_main_0_30fps_frame0045.png
Prompt: Given the human reaction shown in the image, do you think the situation observed by that human ends well or poorly? (Use only one word -- well or poorly -- to answer)
Image size: 14496 bytes
Response status code: 200
{'model': 'gemma3', 'created_at': '2025-12-01T21:05:35.755369291Z', 'message': {'role': 'assistant', 'content': 'Poorly'}, 'done': True, 'done_reason': 'stop', 'total_duration': 8851858821, 'load_duration': 7911921677, 'prompt_eval_count': 305, 'prompt_eval_duration': 78155093, 'eval_count': 3, 'eval_duration': 20872322}
Response: Poorly
Analyzing frame 76/102: q_30_main_0_30fps_frame0060.png
Prompt: Given the human reaction shown in the image, do you think the situation observed by that human ends well or poorly? (Use only one word -- well or poorly -- to answer)
Image size: 14396 bytes
Response status code: 200
{'model': 'gemma3', 'created_at': '2025-12-01T21:05:45.767526259Z', 'message': {'role': 'assistant', 'content': 'Poorly'}, 'done': True, 'done_reason': 'stop', 'total_duration': 8983062384, 'load_duration': 8030112746, 'prompt_eval_count': 305, 'prompt_eval_duration': 78239338, 'eval_count': 3, 'eval_duration': 18480958}
Response: Poorly
Analyzing frame 77/102: q_30_main_0_30fps_frame0075.png
Prompt: Given the human reaction shown in the image, do you think the situation observed by that human ends well or poorly? (Use only one word -- well or poorly -- to answer)
Image size: 14368 bytes
Response status code: 200
{'model': 'gemma3', 'created_at': '2025-12-01T21:05:55.729749242Z', 'message': {'role': 'assistant', 'content': 'Poorly'}, 'done': True, 'done_reason': 'stop', 'total_duration': 8930812583, 'load_duration': 7985125393, 'prompt_eval_count': 305, 'prompt_eval_duration': 79158711, 'eval_count': 3, 'eval_duration': 19038311}
Response: Poorly
Analyzing frame 78/102: q_30_main_0_30fps_frame0090.png
Prompt: Given the human reaction shown in the image, do you think the situation observed by that human ends well or poorly? (Use only one word -- well or poorly -- to answer)
Image size: 14340 bytes
Response status code: 200
{'model': 'gemma3', 'created_at': '2025-12-01T21:06:05.585059337Z', 'message': {'role': 'assistant', 'content': 'Poorly'}, 'done': True, 'done_reason': 'stop', 'total_duration': 8827859675, 'load_duration': 7875826460, 'prompt_eval_count': 305, 'prompt_eval_duration': 77977184, 'eval_count': 3, 'eval_duration': 33202651}
Response: Poorly
Analyzing frame 79/102: q_6_main_1_30fps_frame0015.png
Prompt: Given the human reaction shown in the image, do you think the situation observed by that human ends well or poorly? (Use only one word -- well or poorly -- to answer)
Image size: 13656 bytes
Response status code: 200
{'model': 'gemma3', 'created_at': '2025-12-01T21:06:15.53330753Z', 'message': {'role': 'assistant', 'content': 'Poorly'}, 'done': True, 'done_reason': 'stop', 'total_duration': 8917928240, 'load_duration': 7956317310, 'prompt_eval_count': 305, 'prompt_eval_duration': 93865366, 'eval_count': 3, 'eval_duration': 18642917}
Response: Poorly
Analyzing frame 80/102: q_6_main_1_30fps_frame0030.png
Prompt: Given the human reaction shown in the image, do you think the situation observed by that human ends well or poorly? (Use only one word -- well or poorly -- to answer)
Image size: 13784 bytes
Response status code: 200
{'model': 'gemma3', 'created_at': '2025-12-01T21:06:25.175058004Z', 'message': {'role': 'assistant', 'content': 'Poorly'}, 'done': True, 'done_reason': 'stop', 'total_duration': 8618653416, 'load_duration': 7701770406, 'prompt_eval_count': 305, 'prompt_eval_duration': 81697573, 'eval_count': 3, 'eval_duration': 19423468}
Response: Poorly
Analyzing frame 81/102: q_6_main_1_30fps_frame0045.png
Prompt: Given the human reaction shown in the image, do you think the situation observed by that human ends well or poorly? (Use only one word -- well or poorly -- to answer)
Image size: 13892 bytes
Response status code: 200
{'model': 'gemma3', 'created_at': '2025-12-01T21:06:35.134374363Z', 'message': {'role': 'assistant', 'content': 'Poorly'}, 'done': True, 'done_reason': 'stop', 'total_duration': 8926460460, 'load_duration': 7977125900, 'prompt_eval_count': 305, 'prompt_eval_duration': 78047089, 'eval_count': 3, 'eval_duration': 18553974}
Response: Poorly
Analyzing frame 82/102: q_6_main_1_30fps_frame0060.png
Prompt: Given the human reaction shown in the image, do you think the situation observed by that human ends well or poorly? (Use only one word -- well or poorly -- to answer)
Image size: 13772 bytes
Response status code: 200
{'model': 'gemma3', 'created_at': '2025-12-01T21:06:44.971495128Z', 'message': {'role': 'assistant', 'content': 'Poorly'}, 'done': True, 'done_reason': 'stop', 'total_duration': 8805693860, 'load_duration': 7857704093, 'prompt_eval_count': 305, 'prompt_eval_duration': 77494641, 'eval_count': 3, 'eval_duration': 18583113}
Response: Poorly
Analyzing frame 83/102: q_6_main_1_30fps_frame0075.png
Prompt: Given the human reaction shown in the image, do you think the situation observed by that human ends well or poorly? (Use only one word -- well or poorly -- to answer)
Image size: 13836 bytes
Response status code: 200
{'model': 'gemma3', 'created_at': '2025-12-01T21:06:54.790277541Z', 'message': {'role': 'assistant', 'content': 'Poorly'}, 'done': True, 'done_reason': 'stop', 'total_duration': 8785677534, 'load_duration': 7821797524, 'prompt_eval_count': 305, 'prompt_eval_duration': 78930903, 'eval_count': 3, 'eval_duration': 18950662}
Response: Poorly
Analyzing frame 84/102: q_6_main_1_30fps_frame0090.png
Prompt: Given the human reaction shown in the image, do you think the situation observed by that human ends well or poorly? (Use only one word -- well or poorly -- to answer)
Image size: 13820 bytes
Response status code: 200
{'model': 'gemma3', 'created_at': '2025-12-01T21:07:04.592903554Z', 'message': {'role': 'assistant', 'content': 'Poorly'}, 'done': True, 'done_reason': 'stop', 'total_duration': 8778467255, 'load_duration': 7803606756, 'prompt_eval_count': 305, 'prompt_eval_duration': 79992394, 'eval_count': 3, 'eval_duration': 18801133}
Response: Poorly
Analyzing frame 85/102: q_9_main_0_30fps_frame0015.png
Prompt: Given the human reaction shown in the image, do you think the situation observed by that human ends well or poorly? (Use only one word -- well or poorly -- to answer)
Image size: 13952 bytes
Response status code: 200
{'model': 'gemma3', 'created_at': '2025-12-01T21:07:14.473884545Z', 'message': {'role': 'assistant', 'content': 'Poorly'}, 'done': True, 'done_reason': 'stop', 'total_duration': 8851397936, 'load_duration': 7908046349, 'prompt_eval_count': 305, 'prompt_eval_duration': 79203394, 'eval_count': 3, 'eval_duration': 18671680}
Response: Poorly
Analyzing frame 86/102: q_9_main_0_30fps_frame0030.png
Prompt: Given the human reaction shown in the image, do you think the situation observed by that human ends well or poorly? (Use only one word -- well or poorly -- to answer)
Image size: 13976 bytes
Response status code: 200
{'model': 'gemma3', 'created_at': '2025-12-01T21:07:24.440193199Z', 'message': {'role': 'assistant', 'content': 'Poorly'}, 'done': True, 'done_reason': 'stop', 'total_duration': 8941881948, 'load_duration': 8000488305, 'prompt_eval_count': 305, 'prompt_eval_duration': 78073100, 'eval_count': 3, 'eval_duration': 18849017}
Response: Poorly
Analyzing frame 87/102: q_9_main_0_30fps_frame0045.png
Prompt: Given the human reaction shown in the image, do you think the situation observed by that human ends well or poorly? (Use only one word -- well or poorly -- to answer)
Image size: 13932 bytes
Response status code: 200
{'model': 'gemma3', 'created_at': '2025-12-01T21:07:34.39060777Z', 'message': {'role': 'assistant', 'content': 'Poorly'}, 'done': True, 'done_reason': 'stop', 'total_duration': 8920644959, 'load_duration': 7955502801, 'prompt_eval_count': 305, 'prompt_eval_duration': 78068344, 'eval_count': 3, 'eval_duration': 18444953}
Response: Poorly
Analyzing frame 88/102: q_9_main_0_30fps_frame0060.png
Prompt: Given the human reaction shown in the image, do you think the situation observed by that human ends well or poorly? (Use only one word -- well or poorly -- to answer)
Image size: 13928 bytes
Response status code: 200
{'model': 'gemma3', 'created_at': '2025-12-01T21:07:44.153453058Z', 'message': {'role': 'assistant', 'content': 'Poorly'}, 'done': True, 'done_reason': 'stop', 'total_duration': 8740294905, 'load_duration': 7788080201, 'prompt_eval_count': 305, 'prompt_eval_duration': 81479295, 'eval_count': 3, 'eval_duration': 20005889}
Response: Poorly
Analyzing frame 89/102: q_9_main_0_30fps_frame0075.png
Prompt: Given the human reaction shown in the image, do you think the situation observed by that human ends well or poorly? (Use only one word -- well or poorly -- to answer)
Image size: 14088 bytes
Response status code: 200
{'model': 'gemma3', 'created_at': '2025-12-01T21:07:54.008542699Z', 'message': {'role': 'assistant', 'content': 'Poorly'}, 'done': True, 'done_reason': 'stop', 'total_duration': 8837284454, 'load_duration': 7880236089, 'prompt_eval_count': 305, 'prompt_eval_duration': 80845088, 'eval_count': 3, 'eval_duration': 18661775}
Response: Poorly
Analyzing frame 90/102: q_9_main_0_30fps_frame0090.png
Prompt: Given the human reaction shown in the image, do you think the situation observed by that human ends well or poorly? (Use only one word -- well or poorly -- to answer)
Image size: 13912 bytes
Response status code: 200
{'model': 'gemma3', 'created_at': '2025-12-01T21:08:03.770388062Z', 'message': {'role': 'assistant', 'content': 'Poorly'}, 'done': True, 'done_reason': 'stop', 'total_duration': 8731432856, 'load_duration': 7803027446, 'prompt_eval_count': 305, 'prompt_eval_duration': 78158203, 'eval_count': 3, 'eval_duration': 18868997}
Response: Poorly
Analyzing frame 91/102: q_warmup_3_main_1_30fps_frame0015.png
Prompt: Given the human reaction shown in the image, do you think the situation observed by that human ends well or poorly? (Use only one word -- well or poorly -- to answer)
Image size: 14440 bytes
Response status code: 200
{'model': 'gemma3', 'created_at': '2025-12-01T21:08:13.405153992Z', 'message': {'role': 'assistant', 'content': 'Poorly'}, 'done': True, 'done_reason': 'stop', 'total_duration': 8605380456, 'load_duration': 7664574519, 'prompt_eval_count': 305, 'prompt_eval_duration': 77712350, 'eval_count': 3, 'eval_duration': 18612165}
Response: Poorly
Analyzing frame 92/102: q_warmup_3_main_1_30fps_frame0030.png
Prompt: Given the human reaction shown in the image, do you think the situation observed by that human ends well or poorly? (Use only one word -- well or poorly -- to answer)
Image size: 14520 bytes
Response status code: 200
{'model': 'gemma3', 'created_at': '2025-12-01T21:08:23.120739026Z', 'message': {'role': 'assistant', 'content': 'Poorly'}, 'done': True, 'done_reason': 'stop', 'total_duration': 8687017559, 'load_duration': 7727616534, 'prompt_eval_count': 305, 'prompt_eval_duration': 77720633, 'eval_count': 3, 'eval_duration': 18629225}
Response: Poorly
Analyzing frame 93/102: q_warmup_3_main_1_30fps_frame0045.png
Prompt: Given the human reaction shown in the image, do you think the situation observed by that human ends well or poorly? (Use only one word -- well or poorly -- to answer)
Image size: 14516 bytes
Response status code: 200
{'model': 'gemma3', 'created_at': '2025-12-01T21:08:32.93775841Z', 'message': {'role': 'assistant', 'content': 'Poorly'}, 'done': True, 'done_reason': 'stop', 'total_duration': 8795284455, 'load_duration': 7862011659, 'prompt_eval_count': 305, 'prompt_eval_duration': 78205064, 'eval_count': 3, 'eval_duration': 18513432}
Response: Poorly
Analyzing frame 94/102: q_warmup_3_main_1_30fps_frame0060.png
Prompt: Given the human reaction shown in the image, do you think the situation observed by that human ends well or poorly? (Use only one word -- well or poorly -- to answer)
Image size: 14456 bytes
Response status code: 200
{'model': 'gemma3', 'created_at': '2025-12-01T21:08:42.864196112Z', 'message': {'role': 'assistant', 'content': 'Poorly'}, 'done': True, 'done_reason': 'stop', 'total_duration': 8897751944, 'load_duration': 7939829205, 'prompt_eval_count': 305, 'prompt_eval_duration': 79562039, 'eval_count': 3, 'eval_duration': 18546357}
Response: Poorly
Analyzing frame 95/102: q_warmup_3_main_1_30fps_frame0075.png
Prompt: Given the human reaction shown in the image, do you think the situation observed by that human ends well or poorly? (Use only one word -- well or poorly -- to answer)
Image size: 14456 bytes
Response status code: 200
{'model': 'gemma3', 'created_at': '2025-12-01T21:08:52.868764531Z', 'message': {'role': 'assistant', 'content': 'Poorly'}, 'done': True, 'done_reason': 'stop', 'total_duration': 8973462595, 'load_duration': 8039183549, 'prompt_eval_count': 305, 'prompt_eval_duration': 81869178, 'eval_count': 3, 'eval_duration': 19069010}
Response: Poorly
Analyzing frame 96/102: q_warmup_3_main_1_30fps_frame0090.png
Prompt: Given the human reaction shown in the image, do you think the situation observed by that human ends well or poorly? (Use only one word -- well or poorly -- to answer)
Image size: 14400 bytes
Response status code: 200
{'model': 'gemma3', 'created_at': '2025-12-01T21:09:02.8562623Z', 'message': {'role': 'assistant', 'content': 'Poorly'}, 'done': True, 'done_reason': 'stop', 'total_duration': 8956580973, 'load_duration': 8019828414, 'prompt_eval_count': 305, 'prompt_eval_duration': 77759425, 'eval_count': 3, 'eval_duration': 18435549}
Response: Poorly
Analyzing frame 97/102: q_warmup_4_main_0_30fps_frame0014.png
Prompt: Given the human reaction shown in the image, do you think the situation observed by that human ends well or poorly? (Use only one word -- well or poorly -- to answer)
Image size: 14232 bytes
Response status code: 200
{'model': 'gemma3', 'created_at': '2025-12-01T21:09:12.678399554Z', 'message': {'role': 'assistant', 'content': 'Poorly'}, 'done': True, 'done_reason': 'stop', 'total_duration': 8793738358, 'load_duration': 7848467828, 'prompt_eval_count': 305, 'prompt_eval_duration': 78165427, 'eval_count': 3, 'eval_duration': 20234243}
Response: Poorly
Analyzing frame 98/102: q_warmup_4_main_0_30fps_frame0029.png
Prompt: Given the human reaction shown in the image, do you think the situation observed by that human ends well or poorly? (Use only one word -- well or poorly -- to answer)
Image size: 14284 bytes
Response status code: 200
{'model': 'gemma3', 'created_at': '2025-12-01T21:09:22.393432929Z', 'message': {'role': 'assistant', 'content': 'Poorly'}, 'done': True, 'done_reason': 'stop', 'total_duration': 8689181505, 'load_duration': 7775991690, 'prompt_eval_count': 305, 'prompt_eval_duration': 82502391, 'eval_count': 3, 'eval_duration': 19652075}
Response: Poorly
Analyzing frame 99/102: q_warmup_4_main_0_30fps_frame0044.png
Prompt: Given the human reaction shown in the image, do you think the situation observed by that human ends well or poorly? (Use only one word -- well or poorly -- to answer)
Image size: 14352 bytes
Response status code: 200
{'model': 'gemma3', 'created_at': '2025-12-01T21:09:32.532393915Z', 'message': {'role': 'assistant', 'content': 'Poorly'}, 'done': True, 'done_reason': 'stop', 'total_duration': 9110902698, 'load_duration': 8166675940, 'prompt_eval_count': 305, 'prompt_eval_duration': 78090291, 'eval_count': 3, 'eval_duration': 19735657}
Response: Poorly
Analyzing frame 100/102: q_warmup_4_main_0_30fps_frame0059.png
Prompt: Given the human reaction shown in the image, do you think the situation observed by that human ends well or poorly? (Use only one word -- well or poorly -- to answer)
Image size: 14384 bytes
Response status code: 200
{'model': 'gemma3', 'created_at': '2025-12-01T21:09:42.505941389Z', 'message': {'role': 'assistant', 'content': 'Poorly'}, 'done': True, 'done_reason': 'stop', 'total_duration': 8946158977, 'load_duration': 7993603259, 'prompt_eval_count': 305, 'prompt_eval_duration': 82499287, 'eval_count': 3, 'eval_duration': 18898664}
Response: Poorly
Analyzing frame 101/102: q_warmup_4_main_0_30fps_frame0074.png
Prompt: Given the human reaction shown in the image, do you think the situation observed by that human ends well or poorly? (Use only one word -- well or poorly -- to answer)
Image size: 14436 bytes
Response status code: 200
{'model': 'gemma3', 'created_at': '2025-12-01T21:09:52.291090061Z', 'message': {'role': 'assistant', 'content': 'Poorly'}, 'done': True, 'done_reason': 'stop', 'total_duration': 8754403737, 'load_duration': 7808788805, 'prompt_eval_count': 305, 'prompt_eval_duration': 77539062, 'eval_count': 3, 'eval_duration': 18574006}
Response: Poorly
Analyzing frame 102/102: q_warmup_4_main_0_30fps_frame0089.png
Prompt: Given the human reaction shown in the image, do you think the situation observed by that human ends well or poorly? (Use only one word -- well or poorly -- to answer)
Image size: 14352 bytes
Response status code: 200
{'model': 'gemma3', 'created_at': '2025-12-01T21:10:02.201058331Z', 'message': {'role': 'assistant', 'content': 'Poorly'}, 'done': True, 'done_reason': 'stop', 'total_duration': 8876962120, 'load_duration': 7924387593, 'prompt_eval_count': 305, 'prompt_eval_duration': 81666836, 'eval_count': 3, 'eval_duration': 19005959}
Response: Poorly
Processed 102 frames for participant 2313

Results saved to ./results/results_gemma3_3s.csv
Total frames processed: 612

==================================================
Processing participant 7/30

Processing participant: 2698
Found 108 frames
Analyzing frame 1/108: q_12_main_1_30fps_frame0015.png
Prompt: Given the human reaction shown in the image, do you think the situation observed by that human ends well or poorly? (Use only one word -- well or poorly -- to answer)
Image size: 9148 bytes
Response status code: 200
{'model': 'gemma3', 'created_at': '2025-12-01T21:10:12.108336117Z', 'message': {'role': 'assistant', 'content': 'Well'}, 'done': True, 'done_reason': 'stop', 'total_duration': 8877265865, 'load_duration': 7933188556, 'prompt_eval_count': 305, 'prompt_eval_duration': 78223977, 'eval_count': 2, 'eval_duration': 9427763}
Response: Well
Analyzing frame 2/108: q_12_main_1_30fps_frame0030.png
Prompt: Given the human reaction shown in the image, do you think the situation observed by that human ends well or poorly? (Use only one word -- well or poorly -- to answer)
Image size: 9004 bytes
Response status code: 200
{'model': 'gemma3', 'created_at': '2025-12-01T21:10:22.17017858Z', 'message': {'role': 'assistant', 'content': 'Well'}, 'done': True, 'done_reason': 'stop', 'total_duration': 9036209083, 'load_duration': 8097279050, 'prompt_eval_count': 305, 'prompt_eval_duration': 77698020, 'eval_count': 2, 'eval_duration': 9396157}
Response: Well
Analyzing frame 3/108: q_12_main_1_30fps_frame0045.png
Prompt: Given the human reaction shown in the image, do you think the situation observed by that human ends well or poorly? (Use only one word -- well or poorly -- to answer)
Image size: 8884 bytes
Response status code: 200
{'model': 'gemma3', 'created_at': '2025-12-01T21:10:32.170436367Z', 'message': {'role': 'assistant', 'content': 'Poorly'}, 'done': True, 'done_reason': 'stop', 'total_duration': 8971409262, 'load_duration': 8024942922, 'prompt_eval_count': 305, 'prompt_eval_duration': 79783354, 'eval_count': 3, 'eval_duration': 18402320}
Response: Poorly
Analyzing frame 4/108: q_12_main_1_30fps_frame0060.png
Prompt: Given the human reaction shown in the image, do you think the situation observed by that human ends well or poorly? (Use only one word -- well or poorly -- to answer)
Image size: 8644 bytes
Response status code: 200
{'model': 'gemma3', 'created_at': '2025-12-01T21:10:42.066724618Z', 'message': {'role': 'assistant', 'content': 'Poorly'}, 'done': True, 'done_reason': 'stop', 'total_duration': 8873334440, 'load_duration': 7898777148, 'prompt_eval_count': 305, 'prompt_eval_duration': 78519651, 'eval_count': 3, 'eval_duration': 18991738}
Response: Poorly
Analyzing frame 5/108: q_12_main_1_30fps_frame0075.png
Prompt: Given the human reaction shown in the image, do you think the situation observed by that human ends well or poorly? (Use only one word -- well or poorly -- to answer)
Image size: 8664 bytes
Response status code: 200
{'model': 'gemma3', 'created_at': '2025-12-01T21:10:51.917655664Z', 'message': {'role': 'assistant', 'content': 'Poorly'}, 'done': True, 'done_reason': 'stop', 'total_duration': 8814976788, 'load_duration': 7883673160, 'prompt_eval_count': 305, 'prompt_eval_duration': 77550181, 'eval_count': 3, 'eval_duration': 18645374}
Response: Poorly
Analyzing frame 6/108: q_12_main_1_30fps_frame0090.png
Prompt: Given the human reaction shown in the image, do you think the situation observed by that human ends well or poorly? (Use only one word -- well or poorly -- to answer)
Image size: 8444 bytes
Response status code: 200
{'model': 'gemma3', 'created_at': '2025-12-01T21:11:01.667103459Z', 'message': {'role': 'assistant', 'content': 'Poorly'}, 'done': True, 'done_reason': 'stop', 'total_duration': 8718769601, 'load_duration': 7771157758, 'prompt_eval_count': 305, 'prompt_eval_duration': 81601906, 'eval_count': 3, 'eval_duration': 18832212}
Response: Poorly
Analyzing frame 7/108: q_14_main_0_30fps_frame0014.png
Prompt: Given the human reaction shown in the image, do you think the situation observed by that human ends well or poorly? (Use only one word -- well or poorly -- to answer)
Image size: 9544 bytes
Response status code: 200
{'model': 'gemma3', 'created_at': '2025-12-01T21:11:11.546626291Z', 'message': {'role': 'assistant', 'content': 'Poorly'}, 'done': True, 'done_reason': 'stop', 'total_duration': 8849281179, 'load_duration': 7884807801, 'prompt_eval_count': 305, 'prompt_eval_duration': 80515480, 'eval_count': 3, 'eval_duration': 18735822}
Response: Poorly
Analyzing frame 8/108: q_14_main_0_30fps_frame0029.png
Prompt: Given the human reaction shown in the image, do you think the situation observed by that human ends well or poorly? (Use only one word -- well or poorly -- to answer)
Image size: 9620 bytes
Response status code: 200
{'model': 'gemma3', 'created_at': '2025-12-01T21:11:21.380468059Z', 'message': {'role': 'assistant', 'content': 'Poorly'}, 'done': True, 'done_reason': 'stop', 'total_duration': 8811013581, 'load_duration': 7862794809, 'prompt_eval_count': 305, 'prompt_eval_duration': 80964309, 'eval_count': 3, 'eval_duration': 18698384}
Response: Poorly
Analyzing frame 9/108: q_14_main_0_30fps_frame0044.png
Prompt: Given the human reaction shown in the image, do you think the situation observed by that human ends well or poorly? (Use only one word -- well or poorly -- to answer)
Image size: 9548 bytes
Response status code: 200
{'model': 'gemma3', 'created_at': '2025-12-01T21:11:31.286273956Z', 'message': {'role': 'assistant', 'content': 'Poorly'}, 'done': True, 'done_reason': 'stop', 'total_duration': 8879782952, 'load_duration': 7939029823, 'prompt_eval_count': 305, 'prompt_eval_duration': 77795709, 'eval_count': 3, 'eval_duration': 18440754}
Response: Poorly
Analyzing frame 10/108: q_14_main_0_30fps_frame0059.png
Prompt: Given the human reaction shown in the image, do you think the situation observed by that human ends well or poorly? (Use only one word -- well or poorly -- to answer)
Image size: 9536 bytes
Response status code: 200
{'model': 'gemma3', 'created_at': '2025-12-01T21:11:41.236408864Z', 'message': {'role': 'assistant', 'content': 'Poorly'}, 'done': True, 'done_reason': 'stop', 'total_duration': 8919241262, 'load_duration': 7972586969, 'prompt_eval_count': 305, 'prompt_eval_duration': 82400748, 'eval_count': 3, 'eval_duration': 18795575}
Response: Poorly
Analyzing frame 11/108: q_14_main_0_30fps_frame0074.png
Prompt: Given the human reaction shown in the image, do you think the situation observed by that human ends well or poorly? (Use only one word -- well or poorly -- to answer)
Image size: 9544 bytes
Response status code: 200
{'model': 'gemma3', 'created_at': '2025-12-01T21:11:51.005096587Z', 'message': {'role': 'assistant', 'content': 'Poorly'}, 'done': True, 'done_reason': 'stop', 'total_duration': 8741320990, 'load_duration': 7775535475, 'prompt_eval_count': 305, 'prompt_eval_duration': 77743783, 'eval_count': 3, 'eval_duration': 18699701}
Response: Poorly
Analyzing frame 12/108: q_14_main_0_30fps_frame0089.png
Prompt: Given the human reaction shown in the image, do you think the situation observed by that human ends well or poorly? (Use only one word -- well or poorly -- to answer)
Image size: 9500 bytes
Response status code: 200
{'model': 'gemma3', 'created_at': '2025-12-01T21:12:00.681770438Z', 'message': {'role': 'assistant', 'content': 'Poorly'}, 'done': True, 'done_reason': 'stop', 'total_duration': 8648803046, 'load_duration': 7708836613, 'prompt_eval_count': 305, 'prompt_eval_duration': 77454649, 'eval_count': 3, 'eval_duration': 20208205}
Response: Poorly
Analyzing frame 13/108: q_15_main_1_30fps_frame0014.png
Prompt: Given the human reaction shown in the image, do you think the situation observed by that human ends well or poorly? (Use only one word -- well or poorly -- to answer)
Image size: 9256 bytes
Response status code: 200
{'model': 'gemma3', 'created_at': '2025-12-01T21:12:10.639657807Z', 'message': {'role': 'assistant', 'content': 'Well'}, 'done': True, 'done_reason': 'stop', 'total_duration': 8932544984, 'load_duration': 7978086812, 'prompt_eval_count': 305, 'prompt_eval_duration': 78561717, 'eval_count': 2, 'eval_duration': 9387491}
Response: Well
Analyzing frame 14/108: q_15_main_1_30fps_frame0029.png
Prompt: Given the human reaction shown in the image, do you think the situation observed by that human ends well or poorly? (Use only one word -- well or poorly -- to answer)
Image size: 9348 bytes
Response status code: 200
{'model': 'gemma3', 'created_at': '2025-12-01T21:12:20.271514662Z', 'message': {'role': 'assistant', 'content': 'Poorly'}, 'done': True, 'done_reason': 'stop', 'total_duration': 8602058056, 'load_duration': 7672200104, 'prompt_eval_count': 305, 'prompt_eval_duration': 81229273, 'eval_count': 3, 'eval_duration': 18769406}
Response: Poorly
Analyzing frame 15/108: q_15_main_1_30fps_frame0044.png
Prompt: Given the human reaction shown in the image, do you think the situation observed by that human ends well or poorly? (Use only one word -- well or poorly -- to answer)
Image size: 9284 bytes
Response status code: 200
{'model': 'gemma3', 'created_at': '2025-12-01T21:12:30.174552656Z', 'message': {'role': 'assistant', 'content': 'Well'}, 'done': True, 'done_reason': 'stop', 'total_duration': 8872881537, 'load_duration': 7925321410, 'prompt_eval_count': 305, 'prompt_eval_duration': 78000890, 'eval_count': 2, 'eval_duration': 9370166}
Response: Well
Analyzing frame 16/108: q_15_main_1_30fps_frame0059.png
Prompt: Given the human reaction shown in the image, do you think the situation observed by that human ends well or poorly? (Use only one word -- well or poorly -- to answer)
Image size: 9204 bytes
Response status code: 200
{'model': 'gemma3', 'created_at': '2025-12-01T21:12:39.891131003Z', 'message': {'role': 'assistant', 'content': 'Poorly'}, 'done': True, 'done_reason': 'stop', 'total_duration': 8686808716, 'load_duration': 7744090414, 'prompt_eval_count': 305, 'prompt_eval_duration': 77726480, 'eval_count': 3, 'eval_duration': 18482465}
Response: Poorly
Analyzing frame 17/108: q_15_main_1_30fps_frame0074.png
Prompt: Given the human reaction shown in the image, do you think the situation observed by that human ends well or poorly? (Use only one word -- well or poorly -- to answer)
Image size: 9088 bytes
Response status code: 200
{'model': 'gemma3', 'created_at': '2025-12-01T21:12:49.742524243Z', 'message': {'role': 'assistant', 'content': 'Poorly'}, 'done': True, 'done_reason': 'stop', 'total_duration': 8820574598, 'load_duration': 7868760387, 'prompt_eval_count': 305, 'prompt_eval_duration': 77473163, 'eval_count': 3, 'eval_duration': 18474326}
Response: Poorly
Analyzing frame 18/108: q_15_main_1_30fps_frame0089.png
Prompt: Given the human reaction shown in the image, do you think the situation observed by that human ends well or poorly? (Use only one word -- well or poorly -- to answer)
Image size: 9112 bytes
Response status code: 200
{'model': 'gemma3', 'created_at': '2025-12-01T21:12:59.544551241Z', 'message': {'role': 'assistant', 'content': 'Well'}, 'done': True, 'done_reason': 'stop', 'total_duration': 8773353232, 'load_duration': 7845255615, 'prompt_eval_count': 305, 'prompt_eval_duration': 78036258, 'eval_count': 2, 'eval_duration': 9261699}
Response: Well
Analyzing frame 19/108: q_16_main_1_30fps_frame0015.png
Prompt: Given the human reaction shown in the image, do you think the situation observed by that human ends well or poorly? (Use only one word -- well or poorly -- to answer)
Image size: 10084 bytes
Response status code: 200
{'model': 'gemma3', 'created_at': '2025-12-01T21:13:09.373594821Z', 'message': {'role': 'assistant', 'content': 'Poorly'}, 'done': True, 'done_reason': 'stop', 'total_duration': 8799464877, 'load_duration': 7864811643, 'prompt_eval_count': 305, 'prompt_eval_duration': 78014661, 'eval_count': 3, 'eval_duration': 18558161}
Response: Poorly
Analyzing frame 20/108: q_16_main_1_30fps_frame0030.png
Prompt: Given the human reaction shown in the image, do you think the situation observed by that human ends well or poorly? (Use only one word -- well or poorly -- to answer)
Image size: 10096 bytes
Response status code: 200
{'model': 'gemma3', 'created_at': '2025-12-01T21:13:19.152254846Z', 'message': {'role': 'assistant', 'content': 'Poorly'}, 'done': True, 'done_reason': 'stop', 'total_duration': 8748514927, 'load_duration': 7794901838, 'prompt_eval_count': 305, 'prompt_eval_duration': 77691756, 'eval_count': 3, 'eval_duration': 18390894}
Response: Poorly
Analyzing frame 21/108: q_16_main_1_30fps_frame0045.png
Prompt: Given the human reaction shown in the image, do you think the situation observed by that human ends well or poorly? (Use only one word -- well or poorly -- to answer)
Image size: 10156 bytes
Response status code: 200
{'model': 'gemma3', 'created_at': '2025-12-01T21:13:29.053775238Z', 'message': {'role': 'assistant', 'content': 'Poorly'}, 'done': True, 'done_reason': 'stop', 'total_duration': 8872652291, 'load_duration': 7936284843, 'prompt_eval_count': 305, 'prompt_eval_duration': 77978794, 'eval_count': 3, 'eval_duration': 18537270}
Response: Poorly
Analyzing frame 22/108: q_16_main_1_30fps_frame0060.png
Prompt: Given the human reaction shown in the image, do you think the situation observed by that human ends well or poorly? (Use only one word -- well or poorly -- to answer)
Image size: 10096 bytes
Response status code: 200
{'model': 'gemma3', 'created_at': '2025-12-01T21:13:38.815165073Z', 'message': {'role': 'assistant', 'content': 'Poorly'}, 'done': True, 'done_reason': 'stop', 'total_duration': 8733193852, 'load_duration': 7783595420, 'prompt_eval_count': 305, 'prompt_eval_duration': 80259832, 'eval_count': 3, 'eval_duration': 18422911}
Response: Poorly
Analyzing frame 23/108: q_16_main_1_30fps_frame0075.png
Prompt: Given the human reaction shown in the image, do you think the situation observed by that human ends well or poorly? (Use only one word -- well or poorly -- to answer)
Image size: 10152 bytes
Response status code: 200
{'model': 'gemma3', 'created_at': '2025-12-01T21:13:48.578682301Z', 'message': {'role': 'assistant', 'content': 'Poorly'}, 'done': True, 'done_reason': 'stop', 'total_duration': 8730379248, 'load_duration': 7790823251, 'prompt_eval_count': 305, 'prompt_eval_duration': 77677660, 'eval_count': 3, 'eval_duration': 18378435}
Response: Poorly
Analyzing frame 24/108: q_16_main_1_30fps_frame0090.png
Prompt: Given the human reaction shown in the image, do you think the situation observed by that human ends well or poorly? (Use only one word -- well or poorly -- to answer)
Image size: 10092 bytes
Response status code: 200
{'model': 'gemma3', 'created_at': '2025-12-01T21:13:58.540783155Z', 'message': {'role': 'assistant', 'content': 'Poorly'}, 'done': True, 'done_reason': 'stop', 'total_duration': 8932155317, 'load_duration': 7997574519, 'prompt_eval_count': 305, 'prompt_eval_duration': 77715864, 'eval_count': 3, 'eval_duration': 18497890}
Response: Poorly
Analyzing frame 25/108: q_17_main_1_30fps_frame0015.png
Prompt: Given the human reaction shown in the image, do you think the situation observed by that human ends well or poorly? (Use only one word -- well or poorly -- to answer)
Image size: 8996 bytes
Response status code: 200
{'model': 'gemma3', 'created_at': '2025-12-01T21:14:08.361259967Z', 'message': {'role': 'assistant', 'content': 'Poorly'}, 'done': True, 'done_reason': 'stop', 'total_duration': 8793470460, 'load_duration': 7846899672, 'prompt_eval_count': 305, 'prompt_eval_duration': 80613729, 'eval_count': 3, 'eval_duration': 18317658}
Response: Poorly
Analyzing frame 26/108: q_17_main_1_30fps_frame0030.png
Prompt: Given the human reaction shown in the image, do you think the situation observed by that human ends well or poorly? (Use only one word -- well or poorly -- to answer)
Image size: 9032 bytes
Response status code: 200
{'model': 'gemma3', 'created_at': '2025-12-01T21:14:18.209606945Z', 'message': {'role': 'assistant', 'content': 'Well'}, 'done': True, 'done_reason': 'stop', 'total_duration': 8817336819, 'load_duration': 7896918209, 'prompt_eval_count': 305, 'prompt_eval_duration': 78508286, 'eval_count': 2, 'eval_duration': 9388022}
Response: Well
Analyzing frame 27/108: q_17_main_1_30fps_frame0045.png
Prompt: Given the human reaction shown in the image, do you think the situation observed by that human ends well or poorly? (Use only one word -- well or poorly -- to answer)
Image size: 8952 bytes
Response status code: 200
{'model': 'gemma3', 'created_at': '2025-12-01T21:14:28.077334836Z', 'message': {'role': 'assistant', 'content': 'Poorly'}, 'done': True, 'done_reason': 'stop', 'total_duration': 8837773901, 'load_duration': 7908207783, 'prompt_eval_count': 305, 'prompt_eval_duration': 78525544, 'eval_count': 3, 'eval_duration': 19129444}
Response: Poorly
Analyzing frame 28/108: q_17_main_1_30fps_frame0060.png
Prompt: Given the human reaction shown in the image, do you think the situation observed by that human ends well or poorly? (Use only one word -- well or poorly -- to answer)
Image size: 8892 bytes
Response status code: 200
{'model': 'gemma3', 'created_at': '2025-12-01T21:14:37.865450746Z', 'message': {'role': 'assistant', 'content': 'Well'}, 'done': True, 'done_reason': 'stop', 'total_duration': 8758140509, 'load_duration': 7796680982, 'prompt_eval_count': 305, 'prompt_eval_duration': 81925395, 'eval_count': 2, 'eval_duration': 9457343}
Response: Well
Analyzing frame 29/108: q_17_main_1_30fps_frame0075.png
Prompt: Given the human reaction shown in the image, do you think the situation observed by that human ends well or poorly? (Use only one word -- well or poorly -- to answer)
Image size: 9044 bytes
Response status code: 200
{'model': 'gemma3', 'created_at': '2025-12-01T21:14:47.571651772Z', 'message': {'role': 'assistant', 'content': 'Well'}, 'done': True, 'done_reason': 'stop', 'total_duration': 8676544489, 'load_duration': 7748519303, 'prompt_eval_count': 305, 'prompt_eval_duration': 78398744, 'eval_count': 2, 'eval_duration': 9757075}
Response: Well
Analyzing frame 30/108: q_17_main_1_30fps_frame0090.png
Prompt: Given the human reaction shown in the image, do you think the situation observed by that human ends well or poorly? (Use only one word -- well or poorly -- to answer)
Image size: 8988 bytes
Response status code: 200
{'model': 'gemma3', 'created_at': '2025-12-01T21:14:57.440973948Z', 'message': {'role': 'assistant', 'content': 'Well'}, 'done': True, 'done_reason': 'stop', 'total_duration': 8837312018, 'load_duration': 7888114519, 'prompt_eval_count': 305, 'prompt_eval_duration': 79193299, 'eval_count': 2, 'eval_duration': 9867320}
Response: Well
Analyzing frame 31/108: q_18_main_0_30fps_frame0014.png
Prompt: Given the human reaction shown in the image, do you think the situation observed by that human ends well or poorly? (Use only one word -- well or poorly -- to answer)
Image size: 8632 bytes
Response status code: 200
{'model': 'gemma3', 'created_at': '2025-12-01T21:15:07.277282869Z', 'message': {'role': 'assistant', 'content': 'Poorly'}, 'done': True, 'done_reason': 'stop', 'total_duration': 8807737812, 'load_duration': 7848453380, 'prompt_eval_count': 305, 'prompt_eval_duration': 77651398, 'eval_count': 3, 'eval_duration': 18538896}
Response: Poorly
Analyzing frame 32/108: q_18_main_0_30fps_frame0029.png
Prompt: Given the human reaction shown in the image, do you think the situation observed by that human ends well or poorly? (Use only one word -- well or poorly -- to answer)
Image size: 8636 bytes
Response status code: 200
{'model': 'gemma3', 'created_at': '2025-12-01T21:15:17.109369266Z', 'message': {'role': 'assistant', 'content': 'Poorly'}, 'done': True, 'done_reason': 'stop', 'total_duration': 8805718528, 'load_duration': 7870333829, 'prompt_eval_count': 305, 'prompt_eval_duration': 77983305, 'eval_count': 3, 'eval_duration': 19114329}
Response: Poorly
Analyzing frame 33/108: q_18_main_0_30fps_frame0044.png
Prompt: Given the human reaction shown in the image, do you think the situation observed by that human ends well or poorly? (Use only one word -- well or poorly -- to answer)
Image size: 8576 bytes
Response status code: 200
{'model': 'gemma3', 'created_at': '2025-12-01T21:15:26.863045481Z', 'message': {'role': 'assistant', 'content': 'Poorly'}, 'done': True, 'done_reason': 'stop', 'total_duration': 8724383593, 'load_duration': 7773420032, 'prompt_eval_count': 305, 'prompt_eval_duration': 77412054, 'eval_count': 3, 'eval_duration': 18432173}
Response: Poorly
Analyzing frame 34/108: q_18_main_0_30fps_frame0059.png
Prompt: Given the human reaction shown in the image, do you think the situation observed by that human ends well or poorly? (Use only one word -- well or poorly -- to answer)
Image size: 8424 bytes
Response status code: 200
{'model': 'gemma3', 'created_at': '2025-12-01T21:15:36.8655522Z', 'message': {'role': 'assistant', 'content': 'Poorly'}, 'done': True, 'done_reason': 'stop', 'total_duration': 8973948062, 'load_duration': 8049833198, 'prompt_eval_count': 305, 'prompt_eval_duration': 77857853, 'eval_count': 3, 'eval_duration': 18793149}
Response: Poorly
Analyzing frame 35/108: q_18_main_0_30fps_frame0074.png
Prompt: Given the human reaction shown in the image, do you think the situation observed by that human ends well or poorly? (Use only one word -- well or poorly -- to answer)
Image size: 8464 bytes
Response status code: 200
{'model': 'gemma3', 'created_at': '2025-12-01T21:15:46.784013785Z', 'message': {'role': 'assistant', 'content': 'Poorly'}, 'done': True, 'done_reason': 'stop', 'total_duration': 8890498849, 'load_duration': 7967885282, 'prompt_eval_count': 305, 'prompt_eval_duration': 81929040, 'eval_count': 3, 'eval_duration': 18453528}
Response: Poorly
Analyzing frame 36/108: q_18_main_0_30fps_frame0089.png
Prompt: Given the human reaction shown in the image, do you think the situation observed by that human ends well or poorly? (Use only one word -- well or poorly -- to answer)
Image size: 8588 bytes
Response status code: 200
{'model': 'gemma3', 'created_at': '2025-12-01T21:15:56.750148312Z', 'message': {'role': 'assistant', 'content': 'Poorly'}, 'done': True, 'done_reason': 'stop', 'total_duration': 8938536138, 'load_duration': 8000944824, 'prompt_eval_count': 305, 'prompt_eval_duration': 77634453, 'eval_count': 3, 'eval_duration': 18465972}
Response: Poorly
Analyzing frame 37/108: q_19_main_1_30fps_frame0015.png
Prompt: Given the human reaction shown in the image, do you think the situation observed by that human ends well or poorly? (Use only one word -- well or poorly -- to answer)
Image size: 9560 bytes
Response status code: 200
{'model': 'gemma3', 'created_at': '2025-12-01T21:16:06.677284989Z', 'message': {'role': 'assistant', 'content': 'Poorly'}, 'done': True, 'done_reason': 'stop', 'total_duration': 8900862479, 'load_duration': 7953129295, 'prompt_eval_count': 305, 'prompt_eval_duration': 78225212, 'eval_count': 3, 'eval_duration': 18461188}
Response: Poorly
Analyzing frame 38/108: q_19_main_1_30fps_frame0030.png
Prompt: Given the human reaction shown in the image, do you think the situation observed by that human ends well or poorly? (Use only one word -- well or poorly -- to answer)
Image size: 9664 bytes
Response status code: 200
{'model': 'gemma3', 'created_at': '2025-12-01T21:16:16.542404033Z', 'message': {'role': 'assistant', 'content': 'Well'}, 'done': True, 'done_reason': 'stop', 'total_duration': 8835605766, 'load_duration': 7870448396, 'prompt_eval_count': 305, 'prompt_eval_duration': 79988388, 'eval_count': 2, 'eval_duration': 9502753}
Response: Well
Analyzing frame 39/108: q_19_main_1_30fps_frame0045.png
Prompt: Given the human reaction shown in the image, do you think the situation observed by that human ends well or poorly? (Use only one word -- well or poorly -- to answer)
Image size: 9504 bytes
Response status code: 200
{'model': 'gemma3', 'created_at': '2025-12-01T21:16:26.307390898Z', 'message': {'role': 'assistant', 'content': 'Well'}, 'done': True, 'done_reason': 'stop', 'total_duration': 8739562914, 'load_duration': 7803513224, 'prompt_eval_count': 305, 'prompt_eval_duration': 77978601, 'eval_count': 2, 'eval_duration': 9841414}
Response: Well
Analyzing frame 40/108: q_19_main_1_30fps_frame0060.png
Prompt: Given the human reaction shown in the image, do you think the situation observed by that human ends well or poorly? (Use only one word -- well or poorly -- to answer)
Image size: 9620 bytes
Response status code: 200
{'model': 'gemma3', 'created_at': '2025-12-01T21:16:36.103405253Z', 'message': {'role': 'assistant', 'content': 'Poorly'}, 'done': True, 'done_reason': 'stop', 'total_duration': 8766937172, 'load_duration': 7829650423, 'prompt_eval_count': 305, 'prompt_eval_duration': 78174403, 'eval_count': 3, 'eval_duration': 20933732}
Response: Poorly
Analyzing frame 41/108: q_19_main_1_30fps_frame0075.png
Prompt: Given the human reaction shown in the image, do you think the situation observed by that human ends well or poorly? (Use only one word -- well or poorly -- to answer)
Image size: 9620 bytes
Response status code: 200
{'model': 'gemma3', 'created_at': '2025-12-01T21:16:45.960710559Z', 'message': {'role': 'assistant', 'content': 'Poorly'}, 'done': True, 'done_reason': 'stop', 'total_duration': 8827545186, 'load_duration': 7869075337, 'prompt_eval_count': 305, 'prompt_eval_duration': 77769404, 'eval_count': 3, 'eval_duration': 18416589}
Response: Poorly
Analyzing frame 42/108: q_19_main_1_30fps_frame0090.png
Prompt: Given the human reaction shown in the image, do you think the situation observed by that human ends well or poorly? (Use only one word -- well or poorly -- to answer)
Image size: 9496 bytes
Response status code: 200
{'model': 'gemma3', 'created_at': '2025-12-01T21:16:55.839456989Z', 'message': {'role': 'assistant', 'content': 'Well'}, 'done': True, 'done_reason': 'stop', 'total_duration': 8856953517, 'load_duration': 7919953196, 'prompt_eval_count': 305, 'prompt_eval_duration': 78861510, 'eval_count': 2, 'eval_duration': 9507978}
Response: Well
Analyzing frame 43/108: q_1_main_0_30fps_frame0014.png
Prompt: Given the human reaction shown in the image, do you think the situation observed by that human ends well or poorly? (Use only one word -- well or poorly -- to answer)
Image size: 8596 bytes
Response status code: 200
{'model': 'gemma3', 'created_at': '2025-12-01T21:17:05.696253173Z', 'message': {'role': 'assistant', 'content': 'Poorly'}, 'done': True, 'done_reason': 'stop', 'total_duration': 8828954552, 'load_duration': 7868126573, 'prompt_eval_count': 305, 'prompt_eval_duration': 78203231, 'eval_count': 3, 'eval_duration': 18507623}
Response: Poorly
Analyzing frame 44/108: q_1_main_0_30fps_frame0029.png
Prompt: Given the human reaction shown in the image, do you think the situation observed by that human ends well or poorly? (Use only one word -- well or poorly -- to answer)
Image size: 8576 bytes
Response status code: 200
{'model': 'gemma3', 'created_at': '2025-12-01T21:17:15.628033811Z', 'message': {'role': 'assistant', 'content': 'Poorly'}, 'done': True, 'done_reason': 'stop', 'total_duration': 8903482603, 'load_duration': 7953105708, 'prompt_eval_count': 305, 'prompt_eval_duration': 79510869, 'eval_count': 3, 'eval_duration': 18409796}
Response: Poorly
Analyzing frame 45/108: q_1_main_0_30fps_frame0044.png
Prompt: Given the human reaction shown in the image, do you think the situation observed by that human ends well or poorly? (Use only one word -- well or poorly -- to answer)
Image size: 8620 bytes
Response status code: 200
{'model': 'gemma3', 'created_at': '2025-12-01T21:17:25.703711639Z', 'message': {'role': 'assistant', 'content': 'Poorly'}, 'done': True, 'done_reason': 'stop', 'total_duration': 9046300769, 'load_duration': 8091206759, 'prompt_eval_count': 305, 'prompt_eval_duration': 77276122, 'eval_count': 3, 'eval_duration': 18542184}
Response: Poorly
Analyzing frame 46/108: q_1_main_0_30fps_frame0059.png
Prompt: Given the human reaction shown in the image, do you think the situation observed by that human ends well or poorly? (Use only one word -- well or poorly -- to answer)
Image size: 8436 bytes
Response status code: 200
{'model': 'gemma3', 'created_at': '2025-12-01T21:17:35.650204563Z', 'message': {'role': 'assistant', 'content': 'Poorly'}, 'done': True, 'done_reason': 'stop', 'total_duration': 8919200422, 'load_duration': 7988072106, 'prompt_eval_count': 305, 'prompt_eval_duration': 77592561, 'eval_count': 3, 'eval_duration': 18471300}
Response: Poorly
Analyzing frame 47/108: q_1_main_0_30fps_frame0074.png
Prompt: Given the human reaction shown in the image, do you think the situation observed by that human ends well or poorly? (Use only one word -- well or poorly -- to answer)
Image size: 8452 bytes
Response status code: 200
{'model': 'gemma3', 'created_at': '2025-12-01T21:17:45.643022331Z', 'message': {'role': 'assistant', 'content': 'Poorly'}, 'done': True, 'done_reason': 'stop', 'total_duration': 8964242084, 'load_duration': 8015506824, 'prompt_eval_count': 305, 'prompt_eval_duration': 77416189, 'eval_count': 3, 'eval_duration': 18633746}
Response: Poorly
Analyzing frame 48/108: q_1_main_0_30fps_frame0089.png
Prompt: Given the human reaction shown in the image, do you think the situation observed by that human ends well or poorly? (Use only one word -- well or poorly -- to answer)
Image size: 8272 bytes
Response status code: 200
{'model': 'gemma3', 'created_at': '2025-12-01T21:17:55.505187184Z', 'message': {'role': 'assistant', 'content': 'Poorly'}, 'done': True, 'done_reason': 'stop', 'total_duration': 8836001098, 'load_duration': 7885731761, 'prompt_eval_count': 305, 'prompt_eval_duration': 77809158, 'eval_count': 3, 'eval_duration': 18452789}
Response: Poorly
Analyzing frame 49/108: q_22_main_1_30fps_frame0015.png
Prompt: Given the human reaction shown in the image, do you think the situation observed by that human ends well or poorly? (Use only one word -- well or poorly -- to answer)
Image size: 8468 bytes
Response status code: 200
{'model': 'gemma3', 'created_at': '2025-12-01T21:18:05.257172117Z', 'message': {'role': 'assistant', 'content': 'Poorly'}, 'done': True, 'done_reason': 'stop', 'total_duration': 8726791135, 'load_duration': 7775860598, 'prompt_eval_count': 305, 'prompt_eval_duration': 77502415, 'eval_count': 3, 'eval_duration': 19522953}
Response: Poorly
Analyzing frame 50/108: q_22_main_1_30fps_frame0030.png
Prompt: Given the human reaction shown in the image, do you think the situation observed by that human ends well or poorly? (Use only one word -- well or poorly -- to answer)
Image size: 8416 bytes
Response status code: 200
{'model': 'gemma3', 'created_at': '2025-12-01T21:18:15.117568344Z', 'message': {'role': 'assistant', 'content': 'Poorly'}, 'done': True, 'done_reason': 'stop', 'total_duration': 8831745906, 'load_duration': 7898577049, 'prompt_eval_count': 305, 'prompt_eval_duration': 77448439, 'eval_count': 3, 'eval_duration': 18447218}
Response: Poorly
Analyzing frame 51/108: q_22_main_1_30fps_frame0045.png
Prompt: Given the human reaction shown in the image, do you think the situation observed by that human ends well or poorly? (Use only one word -- well or poorly -- to answer)
Image size: 8456 bytes
Response status code: 200
{'model': 'gemma3', 'created_at': '2025-12-01T21:18:24.891582103Z', 'message': {'role': 'assistant', 'content': 'Poorly'}, 'done': True, 'done_reason': 'stop', 'total_duration': 8747902413, 'load_duration': 7808399026, 'prompt_eval_count': 305, 'prompt_eval_duration': 78309780, 'eval_count': 3, 'eval_duration': 18446265}
Response: Poorly
Analyzing frame 52/108: q_22_main_1_30fps_frame0060.png
Prompt: Given the human reaction shown in the image, do you think the situation observed by that human ends well or poorly? (Use only one word -- well or poorly -- to answer)
Image size: 8464 bytes
Response status code: 200
{'model': 'gemma3', 'created_at': '2025-12-01T21:18:34.922430734Z', 'message': {'role': 'assistant', 'content': 'Poorly'}, 'done': True, 'done_reason': 'stop', 'total_duration': 9002208947, 'load_duration': 8088162635, 'prompt_eval_count': 305, 'prompt_eval_duration': 78245844, 'eval_count': 3, 'eval_duration': 18573492}
Response: Poorly
Analyzing frame 53/108: q_22_main_1_30fps_frame0075.png
Prompt: Given the human reaction shown in the image, do you think the situation observed by that human ends well or poorly? (Use only one word -- well or poorly -- to answer)
Image size: 8400 bytes
Response status code: 200
{'model': 'gemma3', 'created_at': '2025-12-01T21:18:44.723439625Z', 'message': {'role': 'assistant', 'content': 'Poorly'}, 'done': True, 'done_reason': 'stop', 'total_duration': 8779754413, 'load_duration': 7824526274, 'prompt_eval_count': 305, 'prompt_eval_duration': 77835933, 'eval_count': 3, 'eval_duration': 18891754}
Response: Poorly
Analyzing frame 54/108: q_22_main_1_30fps_frame0090.png
Prompt: Given the human reaction shown in the image, do you think the situation observed by that human ends well or poorly? (Use only one word -- well or poorly -- to answer)
Image size: 8304 bytes
Response status code: 200
{'model': 'gemma3', 'created_at': '2025-12-01T21:18:54.710671679Z', 'message': {'role': 'assistant', 'content': 'Poorly'}, 'done': True, 'done_reason': 'stop', 'total_duration': 8959485479, 'load_duration': 8028213653, 'prompt_eval_count': 305, 'prompt_eval_duration': 78182200, 'eval_count': 3, 'eval_duration': 18471831}
Response: Poorly
Analyzing frame 55/108: q_23_main_0_30fps_frame0015.png
Prompt: Given the human reaction shown in the image, do you think the situation observed by that human ends well or poorly? (Use only one word -- well or poorly -- to answer)
Image size: 8464 bytes
Response status code: 200
{'model': 'gemma3', 'created_at': '2025-12-01T21:19:04.674877979Z', 'message': {'role': 'assistant', 'content': 'Poorly'}, 'done': True, 'done_reason': 'stop', 'total_duration': 8938313850, 'load_duration': 8000061414, 'prompt_eval_count': 305, 'prompt_eval_duration': 81904232, 'eval_count': 3, 'eval_duration': 19233247}
Response: Poorly
Analyzing frame 56/108: q_23_main_0_30fps_frame0030.png
Prompt: Given the human reaction shown in the image, do you think the situation observed by that human ends well or poorly? (Use only one word -- well or poorly -- to answer)
Image size: 8556 bytes
Response status code: 200
{'model': 'gemma3', 'created_at': '2025-12-01T21:19:14.336091752Z', 'message': {'role': 'assistant', 'content': 'Poorly'}, 'done': True, 'done_reason': 'stop', 'total_duration': 8633828923, 'load_duration': 7683454179, 'prompt_eval_count': 305, 'prompt_eval_duration': 80966590, 'eval_count': 3, 'eval_duration': 19396967}
Response: Poorly
Analyzing frame 57/108: q_23_main_0_30fps_frame0045.png
Prompt: Given the human reaction shown in the image, do you think the situation observed by that human ends well or poorly? (Use only one word -- well or poorly -- to answer)
Image size: 8492 bytes
Response status code: 200
{'model': 'gemma3', 'created_at': '2025-12-01T21:19:24.213347787Z', 'message': {'role': 'assistant', 'content': 'Poorly'}, 'done': True, 'done_reason': 'stop', 'total_duration': 8849469378, 'load_duration': 7926877998, 'prompt_eval_count': 305, 'prompt_eval_duration': 81080052, 'eval_count': 3, 'eval_duration': 18286263}
Response: Poorly
Analyzing frame 58/108: q_23_main_0_30fps_frame0060.png
Prompt: Given the human reaction shown in the image, do you think the situation observed by that human ends well or poorly? (Use only one word -- well or poorly -- to answer)
Image size: 8492 bytes
Response status code: 200
{'model': 'gemma3', 'created_at': '2025-12-01T21:19:34.094425696Z', 'message': {'role': 'assistant', 'content': 'Poorly'}, 'done': True, 'done_reason': 'stop', 'total_duration': 8869622012, 'load_duration': 7928599609, 'prompt_eval_count': 305, 'prompt_eval_duration': 78099976, 'eval_count': 3, 'eval_duration': 18507936}
Response: Poorly
Analyzing frame 59/108: q_23_main_0_30fps_frame0075.png
Prompt: Given the human reaction shown in the image, do you think the situation observed by that human ends well or poorly? (Use only one word -- well or poorly -- to answer)
Image size: 8448 bytes
Response status code: 200
{'model': 'gemma3', 'created_at': '2025-12-01T21:19:43.826167396Z', 'message': {'role': 'assistant', 'content': 'Poorly'}, 'done': True, 'done_reason': 'stop', 'total_duration': 8708934566, 'load_duration': 7785616454, 'prompt_eval_count': 305, 'prompt_eval_duration': 77978082, 'eval_count': 3, 'eval_duration': 18760808}
Response: Poorly
Analyzing frame 60/108: q_23_main_0_30fps_frame0090.png
Prompt: Given the human reaction shown in the image, do you think the situation observed by that human ends well or poorly? (Use only one word -- well or poorly -- to answer)
Image size: 8468 bytes
Response status code: 200
{'model': 'gemma3', 'created_at': '2025-12-01T21:19:53.703681222Z', 'message': {'role': 'assistant', 'content': 'Poorly'}, 'done': True, 'done_reason': 'stop', 'total_duration': 8850451054, 'load_duration': 7904018968, 'prompt_eval_count': 305, 'prompt_eval_duration': 78109132, 'eval_count': 3, 'eval_duration': 18876079}
Response: Poorly
Analyzing frame 61/108: q_25_main_0_30fps_frame0014.png
Prompt: Given the human reaction shown in the image, do you think the situation observed by that human ends well or poorly? (Use only one word -- well or poorly -- to answer)
Image size: 8092 bytes
Response status code: 200
{'model': 'gemma3', 'created_at': '2025-12-01T21:20:03.426992617Z', 'message': {'role': 'assistant', 'content': 'Poorly'}, 'done': True, 'done_reason': 'stop', 'total_duration': 8695650758, 'load_duration': 7725221504, 'prompt_eval_count': 305, 'prompt_eval_duration': 78940196, 'eval_count': 3, 'eval_duration': 18470131}
Response: Poorly
Analyzing frame 62/108: q_25_main_0_30fps_frame0029.png
Prompt: Given the human reaction shown in the image, do you think the situation observed by that human ends well or poorly? (Use only one word -- well or poorly -- to answer)
Image size: 8064 bytes
Response status code: 200
{'model': 'gemma3', 'created_at': '2025-12-01T21:20:13.327851532Z', 'message': {'role': 'assistant', 'content': 'Poorly'}, 'done': True, 'done_reason': 'stop', 'total_duration': 8872773541, 'load_duration': 7928978626, 'prompt_eval_count': 305, 'prompt_eval_duration': 77879768, 'eval_count': 3, 'eval_duration': 20841843}
Response: Poorly
Analyzing frame 63/108: q_25_main_0_30fps_frame0044.png
Prompt: Given the human reaction shown in the image, do you think the situation observed by that human ends well or poorly? (Use only one word -- well or poorly -- to answer)
Image size: 8076 bytes
Response status code: 200
{'model': 'gemma3', 'created_at': '2025-12-01T21:20:23.13317577Z', 'message': {'role': 'assistant', 'content': 'Poorly'}, 'done': True, 'done_reason': 'stop', 'total_duration': 8776717795, 'load_duration': 7814596279, 'prompt_eval_count': 305, 'prompt_eval_duration': 78703590, 'eval_count': 3, 'eval_duration': 18553246}
Response: Poorly
Analyzing frame 64/108: q_25_main_0_30fps_frame0059.png
Prompt: Given the human reaction shown in the image, do you think the situation observed by that human ends well or poorly? (Use only one word -- well or poorly -- to answer)
Image size: 8072 bytes
Response status code: 200
{'model': 'gemma3', 'created_at': '2025-12-01T21:20:32.997047338Z', 'message': {'role': 'assistant', 'content': 'Poorly'}, 'done': True, 'done_reason': 'stop', 'total_duration': 8837825544, 'load_duration': 7878919374, 'prompt_eval_count': 305, 'prompt_eval_duration': 77946317, 'eval_count': 3, 'eval_duration': 19373209}
Response: Poorly
Analyzing frame 65/108: q_25_main_0_30fps_frame0074.png
Prompt: Given the human reaction shown in the image, do you think the situation observed by that human ends well or poorly? (Use only one word -- well or poorly -- to answer)
Image size: 7960 bytes
Response status code: 200
{'model': 'gemma3', 'created_at': '2025-12-01T21:20:42.65149921Z', 'message': {'role': 'assistant', 'content': 'Poorly'}, 'done': True, 'done_reason': 'stop', 'total_duration': 8624868531, 'load_duration': 7684008790, 'prompt_eval_count': 305, 'prompt_eval_duration': 77761958, 'eval_count': 3, 'eval_duration': 18832370}
Response: Poorly
Analyzing frame 66/108: q_25_main_0_30fps_frame0089.png
Prompt: Given the human reaction shown in the image, do you think the situation observed by that human ends well or poorly? (Use only one word -- well or poorly -- to answer)
Image size: 8028 bytes
Response status code: 200
{'model': 'gemma3', 'created_at': '2025-12-01T21:20:52.405667576Z', 'message': {'role': 'assistant', 'content': 'Poorly'}, 'done': True, 'done_reason': 'stop', 'total_duration': 8725617130, 'load_duration': 7800330604, 'prompt_eval_count': 305, 'prompt_eval_duration': 77940998, 'eval_count': 3, 'eval_duration': 18485817}
Response: Poorly
Analyzing frame 67/108: q_27_main_0_30fps_frame0014.png
Prompt: Given the human reaction shown in the image, do you think the situation observed by that human ends well or poorly? (Use only one word -- well or poorly -- to answer)
Image size: 9060 bytes
Response status code: 200
{'model': 'gemma3', 'created_at': '2025-12-01T21:21:02.32233922Z', 'message': {'role': 'assistant', 'content': 'Poorly'}, 'done': True, 'done_reason': 'stop', 'total_duration': 8887566199, 'load_duration': 7929464447, 'prompt_eval_count': 305, 'prompt_eval_duration': 79234910, 'eval_count': 3, 'eval_duration': 20038943}
Response: Poorly
Analyzing frame 68/108: q_27_main_0_30fps_frame0029.png
Prompt: Given the human reaction shown in the image, do you think the situation observed by that human ends well or poorly? (Use only one word -- well or poorly -- to answer)
Image size: 9156 bytes
Response status code: 200
{'model': 'gemma3', 'created_at': '2025-12-01T21:21:11.98712681Z', 'message': {'role': 'assistant', 'content': 'Poorly'}, 'done': True, 'done_reason': 'stop', 'total_duration': 8639256484, 'load_duration': 7701399665, 'prompt_eval_count': 305, 'prompt_eval_duration': 78110141, 'eval_count': 3, 'eval_duration': 18485077}
Response: Poorly
Analyzing frame 69/108: q_27_main_0_30fps_frame0044.png
Prompt: Given the human reaction shown in the image, do you think the situation observed by that human ends well or poorly? (Use only one word -- well or poorly -- to answer)
Image size: 9340 bytes
Response status code: 200
{'model': 'gemma3', 'created_at': '2025-12-01T21:21:21.859390275Z', 'message': {'role': 'assistant', 'content': 'Poorly'}, 'done': True, 'done_reason': 'stop', 'total_duration': 8840869811, 'load_duration': 7898893981, 'prompt_eval_count': 305, 'prompt_eval_duration': 78195701, 'eval_count': 3, 'eval_duration': 18892606}
Response: Poorly
Analyzing frame 70/108: q_27_main_0_30fps_frame0059.png
Prompt: Given the human reaction shown in the image, do you think the situation observed by that human ends well or poorly? (Use only one word -- well or poorly -- to answer)
Image size: 9292 bytes
Response status code: 200
{'model': 'gemma3', 'created_at': '2025-12-01T21:21:31.759117711Z', 'message': {'role': 'assistant', 'content': 'Poorly'}, 'done': True, 'done_reason': 'stop', 'total_duration': 8869839401, 'load_duration': 7930498141, 'prompt_eval_count': 305, 'prompt_eval_duration': 77759246, 'eval_count': 3, 'eval_duration': 20520345}
Response: Poorly
Analyzing frame 71/108: q_27_main_0_30fps_frame0074.png
Prompt: Given the human reaction shown in the image, do you think the situation observed by that human ends well or poorly? (Use only one word -- well or poorly -- to answer)
Image size: 9216 bytes
Response status code: 200
{'model': 'gemma3', 'created_at': '2025-12-01T21:21:41.726265306Z', 'message': {'role': 'assistant', 'content': 'Poorly'}, 'done': True, 'done_reason': 'stop', 'total_duration': 8938864448, 'load_duration': 7982739506, 'prompt_eval_count': 305, 'prompt_eval_duration': 78263577, 'eval_count': 3, 'eval_duration': 18489085}
Response: Poorly
Analyzing frame 72/108: q_27_main_0_30fps_frame0089.png
Prompt: Given the human reaction shown in the image, do you think the situation observed by that human ends well or poorly? (Use only one word -- well or poorly -- to answer)
Image size: 9092 bytes
Response status code: 200
{'model': 'gemma3', 'created_at': '2025-12-01T21:21:51.36879915Z', 'message': {'role': 'assistant', 'content': 'Poorly'}, 'done': True, 'done_reason': 'stop', 'total_duration': 8616397230, 'load_duration': 7663899332, 'prompt_eval_count': 305, 'prompt_eval_duration': 78012359, 'eval_count': 3, 'eval_duration': 18669041}
Response: Poorly
Analyzing frame 73/108: q_28_main_0_30fps_frame0014.png
Prompt: Given the human reaction shown in the image, do you think the situation observed by that human ends well or poorly? (Use only one word -- well or poorly -- to answer)
Image size: 8620 bytes
Response status code: 200
{'model': 'gemma3', 'created_at': '2025-12-01T21:22:01.396755474Z', 'message': {'role': 'assistant', 'content': 'Poorly'}, 'done': True, 'done_reason': 'stop', 'total_duration': 9007050196, 'load_duration': 8047610631, 'prompt_eval_count': 305, 'prompt_eval_duration': 78502296, 'eval_count': 3, 'eval_duration': 19010869}
Response: Poorly
Analyzing frame 74/108: q_28_main_0_30fps_frame0029.png
Prompt: Given the human reaction shown in the image, do you think the situation observed by that human ends well or poorly? (Use only one word -- well or poorly -- to answer)
Image size: 8684 bytes
Response status code: 200
{'model': 'gemma3', 'created_at': '2025-12-01T21:22:11.135443618Z', 'message': {'role': 'assistant', 'content': 'Poorly'}, 'done': True, 'done_reason': 'stop', 'total_duration': 8709493250, 'load_duration': 7768307338, 'prompt_eval_count': 305, 'prompt_eval_duration': 78039221, 'eval_count': 3, 'eval_duration': 20448903}
Response: Poorly
Analyzing frame 75/108: q_28_main_0_30fps_frame0044.png
Prompt: Given the human reaction shown in the image, do you think the situation observed by that human ends well or poorly? (Use only one word -- well or poorly -- to answer)
Image size: 8668 bytes
Response status code: 200
{'model': 'gemma3', 'created_at': '2025-12-01T21:22:21.038154938Z', 'message': {'role': 'assistant', 'content': 'Poorly'}, 'done': True, 'done_reason': 'stop', 'total_duration': 8875445139, 'load_duration': 7910444485, 'prompt_eval_count': 305, 'prompt_eval_duration': 81962434, 'eval_count': 3, 'eval_duration': 18567648}
Response: Poorly
Analyzing frame 76/108: q_28_main_0_30fps_frame0059.png
Prompt: Given the human reaction shown in the image, do you think the situation observed by that human ends well or poorly? (Use only one word -- well or poorly -- to answer)
Image size: 8684 bytes
Response status code: 200
{'model': 'gemma3', 'created_at': '2025-12-01T21:22:30.902405833Z', 'message': {'role': 'assistant', 'content': 'Poorly'}, 'done': True, 'done_reason': 'stop', 'total_duration': 8839312589, 'load_duration': 7848800910, 'prompt_eval_count': 305, 'prompt_eval_duration': 84929758, 'eval_count': 3, 'eval_duration': 18541872}
Response: Poorly
Analyzing frame 77/108: q_28_main_0_30fps_frame0074.png
Prompt: Given the human reaction shown in the image, do you think the situation observed by that human ends well or poorly? (Use only one word -- well or poorly -- to answer)
Image size: 8636 bytes
Response status code: 200
{'model': 'gemma3', 'created_at': '2025-12-01T21:22:40.587501166Z', 'message': {'role': 'assistant', 'content': 'Poorly'}, 'done': True, 'done_reason': 'stop', 'total_duration': 8656537424, 'load_duration': 7706423692, 'prompt_eval_count': 305, 'prompt_eval_duration': 79578167, 'eval_count': 3, 'eval_duration': 18761177}
Response: Poorly
Analyzing frame 78/108: q_28_main_0_30fps_frame0089.png
Prompt: Given the human reaction shown in the image, do you think the situation observed by that human ends well or poorly? (Use only one word -- well or poorly -- to answer)
Image size: 8760 bytes
Response status code: 200
{'model': 'gemma3', 'created_at': '2025-12-01T21:22:50.549713667Z', 'message': {'role': 'assistant', 'content': 'Poorly'}, 'done': True, 'done_reason': 'stop', 'total_duration': 8932993785, 'load_duration': 7986459239, 'prompt_eval_count': 305, 'prompt_eval_duration': 78206210, 'eval_count': 3, 'eval_duration': 19014557}
Response: Poorly
Analyzing frame 79/108: q_29_main_0_30fps_frame0013.png
Prompt: Given the human reaction shown in the image, do you think the situation observed by that human ends well or poorly? (Use only one word -- well or poorly -- to answer)
Image size: 8360 bytes
Response status code: 200
{'model': 'gemma3', 'created_at': '2025-12-01T21:23:00.523886204Z', 'message': {'role': 'assistant', 'content': 'Poorly'}, 'done': True, 'done_reason': 'stop', 'total_duration': 8949123070, 'load_duration': 8020322973, 'prompt_eval_count': 305, 'prompt_eval_duration': 78063768, 'eval_count': 3, 'eval_duration': 18528099}
Response: Poorly
Analyzing frame 80/108: q_29_main_0_30fps_frame0028.png
Prompt: Given the human reaction shown in the image, do you think the situation observed by that human ends well or poorly? (Use only one word -- well or poorly -- to answer)
Image size: 8328 bytes
Response status code: 200
{'model': 'gemma3', 'created_at': '2025-12-01T21:23:10.364529292Z', 'message': {'role': 'assistant', 'content': 'Poorly'}, 'done': True, 'done_reason': 'stop', 'total_duration': 8813346224, 'load_duration': 7846322352, 'prompt_eval_count': 305, 'prompt_eval_duration': 78172678, 'eval_count': 3, 'eval_duration': 18899841}
Response: Poorly
Analyzing frame 81/108: q_29_main_0_30fps_frame0043.png
Prompt: Given the human reaction shown in the image, do you think the situation observed by that human ends well or poorly? (Use only one word -- well or poorly -- to answer)
Image size: 8036 bytes
Response status code: 200
{'model': 'gemma3', 'created_at': '2025-12-01T21:23:20.189015707Z', 'message': {'role': 'assistant', 'content': 'Poorly'}, 'done': True, 'done_reason': 'stop', 'total_duration': 8798767307, 'load_duration': 7858767150, 'prompt_eval_count': 305, 'prompt_eval_duration': 78679580, 'eval_count': 3, 'eval_duration': 18538623}
Response: Poorly
Analyzing frame 82/108: q_29_main_0_30fps_frame0058.png
Prompt: Given the human reaction shown in the image, do you think the situation observed by that human ends well or poorly? (Use only one word -- well or poorly -- to answer)
Image size: 8000 bytes
Response status code: 200
{'model': 'gemma3', 'created_at': '2025-12-01T21:23:30.017969274Z', 'message': {'role': 'assistant', 'content': 'Poorly'}, 'done': True, 'done_reason': 'stop', 'total_duration': 8815066084, 'load_duration': 7869827821, 'prompt_eval_count': 305, 'prompt_eval_duration': 77880046, 'eval_count': 3, 'eval_duration': 19490928}
Response: Poorly
Analyzing frame 83/108: q_29_main_0_30fps_frame0073.png
Prompt: Given the human reaction shown in the image, do you think the situation observed by that human ends well or poorly? (Use only one word -- well or poorly -- to answer)
Image size: 8196 bytes
Response status code: 200
{'model': 'gemma3', 'created_at': '2025-12-01T21:23:39.781957784Z', 'message': {'role': 'assistant', 'content': 'Poorly'}, 'done': True, 'done_reason': 'stop', 'total_duration': 8735989995, 'load_duration': 7766142516, 'prompt_eval_count': 305, 'prompt_eval_duration': 80876007, 'eval_count': 3, 'eval_duration': 19340048}
Response: Poorly
Analyzing frame 84/108: q_29_main_0_30fps_frame0088.png
Prompt: Given the human reaction shown in the image, do you think the situation observed by that human ends well or poorly? (Use only one word -- well or poorly -- to answer)
Image size: 8072 bytes
Response status code: 200
{'model': 'gemma3', 'created_at': '2025-12-01T21:23:49.710101852Z', 'message': {'role': 'assistant', 'content': 'Poorly'}, 'done': True, 'done_reason': 'stop', 'total_duration': 8899829855, 'load_duration': 7945171061, 'prompt_eval_count': 305, 'prompt_eval_duration': 79866624, 'eval_count': 3, 'eval_duration': 18713778}
Response: Poorly
Analyzing frame 85/108: q_3_main_1_30fps_frame0014.png
Prompt: Given the human reaction shown in the image, do you think the situation observed by that human ends well or poorly? (Use only one word -- well or poorly -- to answer)
Image size: 9140 bytes
Response status code: 200
{'model': 'gemma3', 'created_at': '2025-12-01T21:23:59.503362485Z', 'message': {'role': 'assistant', 'content': 'Well'}, 'done': True, 'done_reason': 'stop', 'total_duration': 8766249099, 'load_duration': 7821206916, 'prompt_eval_count': 305, 'prompt_eval_duration': 79708174, 'eval_count': 2, 'eval_duration': 9356945}
Response: Well
Analyzing frame 86/108: q_3_main_1_30fps_frame0029.png
Prompt: Given the human reaction shown in the image, do you think the situation observed by that human ends well or poorly? (Use only one word -- well or poorly -- to answer)
Image size: 9088 bytes
Response status code: 200
{'model': 'gemma3', 'created_at': '2025-12-01T21:24:09.129007562Z', 'message': {'role': 'assistant', 'content': 'Well'}, 'done': True, 'done_reason': 'stop', 'total_duration': 8607627255, 'load_duration': 7680597486, 'prompt_eval_count': 305, 'prompt_eval_duration': 80555817, 'eval_count': 2, 'eval_duration': 9381414}
Response: Well
Analyzing frame 87/108: q_3_main_1_30fps_frame0044.png
Prompt: Given the human reaction shown in the image, do you think the situation observed by that human ends well or poorly? (Use only one word -- well or poorly -- to answer)
Image size: 9064 bytes
Response status code: 200
{'model': 'gemma3', 'created_at': '2025-12-01T21:24:18.950071126Z', 'message': {'role': 'assistant', 'content': 'Well'}, 'done': True, 'done_reason': 'stop', 'total_duration': 8793909826, 'load_duration': 7878017935, 'prompt_eval_count': 305, 'prompt_eval_duration': 78064250, 'eval_count': 2, 'eval_duration': 9467707}
Response: Well
Analyzing frame 88/108: q_3_main_1_30fps_frame0059.png
Prompt: Given the human reaction shown in the image, do you think the situation observed by that human ends well or poorly? (Use only one word -- well or poorly -- to answer)
Image size: 9168 bytes
Response status code: 200
{'model': 'gemma3', 'created_at': '2025-12-01T21:24:28.899390173Z', 'message': {'role': 'assistant', 'content': 'Poorly'}, 'done': True, 'done_reason': 'stop', 'total_duration': 8924208476, 'load_duration': 7963123556, 'prompt_eval_count': 305, 'prompt_eval_duration': 78489583, 'eval_count': 3, 'eval_duration': 18828416}
Response: Poorly
Analyzing frame 89/108: q_3_main_1_30fps_frame0074.png
Prompt: Given the human reaction shown in the image, do you think the situation observed by that human ends well or poorly? (Use only one word -- well or poorly -- to answer)
Image size: 9132 bytes
Response status code: 200
{'model': 'gemma3', 'created_at': '2025-12-01T21:24:38.818058812Z', 'message': {'role': 'assistant', 'content': 'Poorly'}, 'done': True, 'done_reason': 'stop', 'total_duration': 8890241841, 'load_duration': 7932526223, 'prompt_eval_count': 305, 'prompt_eval_duration': 77999529, 'eval_count': 3, 'eval_duration': 18428796}
Response: Poorly
Analyzing frame 90/108: q_3_main_1_30fps_frame0089.png
Prompt: Given the human reaction shown in the image, do you think the situation observed by that human ends well or poorly? (Use only one word -- well or poorly -- to answer)
Image size: 9096 bytes
Response status code: 200
{'model': 'gemma3', 'created_at': '2025-12-01T21:24:48.660464081Z', 'message': {'role': 'assistant', 'content': 'Poorly'}, 'done': True, 'done_reason': 'stop', 'total_duration': 8811993529, 'load_duration': 7858774074, 'prompt_eval_count': 305, 'prompt_eval_duration': 78362724, 'eval_count': 3, 'eval_duration': 18888898}
Response: Poorly
Analyzing frame 91/108: q_7_main_1_30fps_frame0014.png
Prompt: Given the human reaction shown in the image, do you think the situation observed by that human ends well or poorly? (Use only one word -- well or poorly -- to answer)
Image size: 9840 bytes
Response status code: 200
{'model': 'gemma3', 'created_at': '2025-12-01T21:24:58.459680591Z', 'message': {'role': 'assistant', 'content': 'Poorly'}, 'done': True, 'done_reason': 'stop', 'total_duration': 8769529920, 'load_duration': 7818066518, 'prompt_eval_count': 305, 'prompt_eval_duration': 78075640, 'eval_count': 3, 'eval_duration': 18600343}
Response: Poorly
Analyzing frame 92/108: q_7_main_1_30fps_frame0029.png
Prompt: Given the human reaction shown in the image, do you think the situation observed by that human ends well or poorly? (Use only one word -- well or poorly -- to answer)
Image size: 9776 bytes
Response status code: 200
{'model': 'gemma3', 'created_at': '2025-12-01T21:25:08.24289298Z', 'message': {'role': 'assistant', 'content': 'Poorly'}, 'done': True, 'done_reason': 'stop', 'total_duration': 8750954460, 'load_duration': 7819368121, 'prompt_eval_count': 305, 'prompt_eval_duration': 79805828, 'eval_count': 3, 'eval_duration': 18247114}
Response: Poorly
Analyzing frame 93/108: q_7_main_1_30fps_frame0044.png
Prompt: Given the human reaction shown in the image, do you think the situation observed by that human ends well or poorly? (Use only one word -- well or poorly -- to answer)
Image size: 9616 bytes
Response status code: 200
{'model': 'gemma3', 'created_at': '2025-12-01T21:25:18.080405533Z', 'message': {'role': 'assistant', 'content': 'Poorly'}, 'done': True, 'done_reason': 'stop', 'total_duration': 8806952258, 'load_duration': 7836710397, 'prompt_eval_count': 305, 'prompt_eval_duration': 80635866, 'eval_count': 3, 'eval_duration': 18809440}
Response: Poorly
Analyzing frame 94/108: q_7_main_1_30fps_frame0059.png
Prompt: Given the human reaction shown in the image, do you think the situation observed by that human ends well or poorly? (Use only one word -- well or poorly -- to answer)
Image size: 9548 bytes
Response status code: 200
{'model': 'gemma3', 'created_at': '2025-12-01T21:25:28.0236012Z', 'message': {'role': 'assistant', 'content': 'Poorly'}, 'done': True, 'done_reason': 'stop', 'total_duration': 8915766471, 'load_duration': 7991429897, 'prompt_eval_count': 305, 'prompt_eval_duration': 77948605, 'eval_count': 3, 'eval_duration': 18472779}
Response: Poorly
Analyzing frame 95/108: q_7_main_1_30fps_frame0074.png
Prompt: Given the human reaction shown in the image, do you think the situation observed by that human ends well or poorly? (Use only one word -- well or poorly -- to answer)
Image size: 9708 bytes
Response status code: 200
{'model': 'gemma3', 'created_at': '2025-12-01T21:25:37.984435353Z', 'message': {'role': 'assistant', 'content': 'Poorly'}, 'done': True, 'done_reason': 'stop', 'total_duration': 8935750501, 'load_duration': 7994768874, 'prompt_eval_count': 305, 'prompt_eval_duration': 78383982, 'eval_count': 3, 'eval_duration': 18845287}
Response: Poorly
Analyzing frame 96/108: q_7_main_1_30fps_frame0089.png
Prompt: Given the human reaction shown in the image, do you think the situation observed by that human ends well or poorly? (Use only one word -- well or poorly -- to answer)
Image size: 9600 bytes
Response status code: 200
{'model': 'gemma3', 'created_at': '2025-12-01T21:25:47.945861743Z', 'message': {'role': 'assistant', 'content': 'Poorly'}, 'done': True, 'done_reason': 'stop', 'total_duration': 8933137211, 'load_duration': 8018835308, 'prompt_eval_count': 305, 'prompt_eval_duration': 78107852, 'eval_count': 3, 'eval_duration': 19050850}
Response: Poorly
Analyzing frame 97/108: q_8_main_0_30fps_frame0014.png
Prompt: Given the human reaction shown in the image, do you think the situation observed by that human ends well or poorly? (Use only one word -- well or poorly -- to answer)
Image size: 8420 bytes
Response status code: 200
{'model': 'gemma3', 'created_at': '2025-12-01T21:25:57.773048642Z', 'message': {'role': 'assistant', 'content': 'Poorly'}, 'done': True, 'done_reason': 'stop', 'total_duration': 8800408200, 'load_duration': 7863493035, 'prompt_eval_count': 305, 'prompt_eval_duration': 78039457, 'eval_count': 3, 'eval_duration': 19141899}
Response: Poorly
Analyzing frame 98/108: q_8_main_0_30fps_frame0029.png
Prompt: Given the human reaction shown in the image, do you think the situation observed by that human ends well or poorly? (Use only one word -- well or poorly -- to answer)
Image size: 8432 bytes
Response status code: 200
{'model': 'gemma3', 'created_at': '2025-12-01T21:26:07.610956695Z', 'message': {'role': 'assistant', 'content': 'Poorly'}, 'done': True, 'done_reason': 'stop', 'total_duration': 8812444615, 'load_duration': 7866908268, 'prompt_eval_count': 305, 'prompt_eval_duration': 77673251, 'eval_count': 3, 'eval_duration': 18543382}
Response: Poorly
Analyzing frame 99/108: q_8_main_0_30fps_frame0044.png
Prompt: Given the human reaction shown in the image, do you think the situation observed by that human ends well or poorly? (Use only one word -- well or poorly -- to answer)
Image size: 8500 bytes
Response status code: 200
{'model': 'gemma3', 'created_at': '2025-12-01T21:26:17.368468156Z', 'message': {'role': 'assistant', 'content': 'Poorly'}, 'done': True, 'done_reason': 'stop', 'total_duration': 8729942482, 'load_duration': 7791914832, 'prompt_eval_count': 305, 'prompt_eval_duration': 79482442, 'eval_count': 3, 'eval_duration': 18618028}
Response: Poorly
Analyzing frame 100/108: q_8_main_0_30fps_frame0059.png
Prompt: Given the human reaction shown in the image, do you think the situation observed by that human ends well or poorly? (Use only one word -- well or poorly -- to answer)
Image size: 8448 bytes
Response status code: 200
{'model': 'gemma3', 'created_at': '2025-12-01T21:26:27.23340832Z', 'message': {'role': 'assistant', 'content': 'Poorly'}, 'done': True, 'done_reason': 'stop', 'total_duration': 8836264608, 'load_duration': 7911233309, 'prompt_eval_count': 305, 'prompt_eval_duration': 77992045, 'eval_count': 3, 'eval_duration': 18427421}
Response: Poorly
Analyzing frame 101/108: q_8_main_0_30fps_frame0074.png
Prompt: Given the human reaction shown in the image, do you think the situation observed by that human ends well or poorly? (Use only one word -- well or poorly -- to answer)
Image size: 8332 bytes
Response status code: 200
{'model': 'gemma3', 'created_at': '2025-12-01T21:26:37.156619758Z', 'message': {'role': 'assistant', 'content': 'Poorly'}, 'done': True, 'done_reason': 'stop', 'total_duration': 8896182621, 'load_duration': 7963960018, 'prompt_eval_count': 305, 'prompt_eval_duration': 77343630, 'eval_count': 3, 'eval_duration': 18445869}
Response: Poorly
Analyzing frame 102/108: q_8_main_0_30fps_frame0089.png
Prompt: Given the human reaction shown in the image, do you think the situation observed by that human ends well or poorly? (Use only one word -- well or poorly -- to answer)
Image size: 8260 bytes
Response status code: 200
{'model': 'gemma3', 'created_at': '2025-12-01T21:26:47.110001479Z', 'message': {'role': 'assistant', 'content': 'Poorly'}, 'done': True, 'done_reason': 'stop', 'total_duration': 8927847237, 'load_duration': 7993756609, 'prompt_eval_count': 305, 'prompt_eval_duration': 79049210, 'eval_count': 3, 'eval_duration': 18411768}
Response: Poorly
Analyzing frame 103/108: q_warmup_3_main_1_30fps_frame0014.png
Prompt: Given the human reaction shown in the image, do you think the situation observed by that human ends well or poorly? (Use only one word -- well or poorly -- to answer)
Image size: 9140 bytes
Response status code: 200
{'model': 'gemma3', 'created_at': '2025-12-01T21:26:57.021594513Z', 'message': {'role': 'assistant', 'content': 'Poorly'}, 'done': True, 'done_reason': 'stop', 'total_duration': 8884935758, 'load_duration': 7929463782, 'prompt_eval_count': 305, 'prompt_eval_duration': 77599423, 'eval_count': 3, 'eval_duration': 18817642}
Response: Poorly
Analyzing frame 104/108: q_warmup_3_main_1_30fps_frame0029.png
Prompt: Given the human reaction shown in the image, do you think the situation observed by that human ends well or poorly? (Use only one word -- well or poorly -- to answer)
Image size: 9188 bytes
Response status code: 200
{'model': 'gemma3', 'created_at': '2025-12-01T21:27:06.782859696Z', 'message': {'role': 'assistant', 'content': 'Poorly'}, 'done': True, 'done_reason': 'stop', 'total_duration': 8736927160, 'load_duration': 7793095125, 'prompt_eval_count': 305, 'prompt_eval_duration': 78072205, 'eval_count': 3, 'eval_duration': 20656914}
Response: Poorly
Analyzing frame 105/108: q_warmup_3_main_1_30fps_frame0044.png
Prompt: Given the human reaction shown in the image, do you think the situation observed by that human ends well or poorly? (Use only one word -- well or poorly -- to answer)
Image size: 9148 bytes
Response status code: 200
{'model': 'gemma3', 'created_at': '2025-12-01T21:27:16.536280155Z', 'message': {'role': 'assistant', 'content': 'Poorly'}, 'done': True, 'done_reason': 'stop', 'total_duration': 8729308359, 'load_duration': 7808706170, 'prompt_eval_count': 305, 'prompt_eval_duration': 77850834, 'eval_count': 3, 'eval_duration': 18414232}
Response: Poorly
Analyzing frame 106/108: q_warmup_3_main_1_30fps_frame0059.png
Prompt: Given the human reaction shown in the image, do you think the situation observed by that human ends well or poorly? (Use only one word -- well or poorly -- to answer)
Image size: 9092 bytes
Response status code: 200
{'model': 'gemma3', 'created_at': '2025-12-01T21:27:26.498180456Z', 'message': {'role': 'assistant', 'content': 'Poorly'}, 'done': True, 'done_reason': 'stop', 'total_duration': 8934514949, 'load_duration': 7996648957, 'prompt_eval_count': 305, 'prompt_eval_duration': 78360379, 'eval_count': 3, 'eval_duration': 19038104}
Response: Poorly
Analyzing frame 107/108: q_warmup_3_main_1_30fps_frame0074.png
Prompt: Given the human reaction shown in the image, do you think the situation observed by that human ends well or poorly? (Use only one word -- well or poorly -- to answer)
Image size: 9004 bytes
Response status code: 200
{'model': 'gemma3', 'created_at': '2025-12-01T21:27:36.467558005Z', 'message': {'role': 'assistant', 'content': 'Poorly'}, 'done': True, 'done_reason': 'stop', 'total_duration': 8954733861, 'load_duration': 7998514177, 'prompt_eval_count': 305, 'prompt_eval_duration': 80469966, 'eval_count': 3, 'eval_duration': 19298765}
Response: Poorly
Analyzing frame 108/108: q_warmup_3_main_1_30fps_frame0089.png
Prompt: Given the human reaction shown in the image, do you think the situation observed by that human ends well or poorly? (Use only one word -- well or poorly -- to answer)
Image size: 8984 bytes
Response status code: 200
{'model': 'gemma3', 'created_at': '2025-12-01T21:27:46.344393775Z', 'message': {'role': 'assistant', 'content': 'Poorly'}, 'done': True, 'done_reason': 'stop', 'total_duration': 8849587397, 'load_duration': 7915750309, 'prompt_eval_count': 305, 'prompt_eval_duration': 77702934, 'eval_count': 3, 'eval_duration': 20223499}
Response: Poorly
Processed 108 frames for participant 2698

Results saved to ./results/results_gemma3_3s.csv
Total frames processed: 720

==================================================
Processing participant 8/30

Processing participant: 2946
Found 126 frames
Analyzing frame 1/126: q_11_main_1_30fps_frame0014.png
Prompt: Given the human reaction shown in the image, do you think the situation observed by that human ends well or poorly? (Use only one word -- well or poorly -- to answer)
Image size: 9184 bytes
Response status code: 200
{'model': 'gemma3', 'created_at': '2025-12-01T21:27:56.20195051Z', 'message': {'role': 'assistant', 'content': 'Poorly'}, 'done': True, 'done_reason': 'stop', 'total_duration': 8822466026, 'load_duration': 7879907955, 'prompt_eval_count': 305, 'prompt_eval_duration': 78547698, 'eval_count': 3, 'eval_duration': 18873034}
Response: Poorly
Analyzing frame 2/126: q_11_main_1_30fps_frame0029.png
Prompt: Given the human reaction shown in the image, do you think the situation observed by that human ends well or poorly? (Use only one word -- well or poorly -- to answer)
Image size: 9112 bytes
Response status code: 200
{'model': 'gemma3', 'created_at': '2025-12-01T21:28:05.910471357Z', 'message': {'role': 'assistant', 'content': 'Poorly'}, 'done': True, 'done_reason': 'stop', 'total_duration': 8682222515, 'load_duration': 7729076120, 'prompt_eval_count': 305, 'prompt_eval_duration': 78103261, 'eval_count': 3, 'eval_duration': 18461463}
Response: Poorly
Analyzing frame 3/126: q_11_main_1_30fps_frame0044.png
Prompt: Given the human reaction shown in the image, do you think the situation observed by that human ends well or poorly? (Use only one word -- well or poorly -- to answer)
Image size: 9404 bytes
Response status code: 200
{'model': 'gemma3', 'created_at': '2025-12-01T21:28:15.72218945Z', 'message': {'role': 'assistant', 'content': 'Poorly'}, 'done': True, 'done_reason': 'stop', 'total_duration': 8782236094, 'load_duration': 7841874456, 'prompt_eval_count': 305, 'prompt_eval_duration': 78740955, 'eval_count': 3, 'eval_duration': 18571082}
Response: Poorly
Analyzing frame 4/126: q_11_main_1_30fps_frame0059.png
Prompt: Given the human reaction shown in the image, do you think the situation observed by that human ends well or poorly? (Use only one word -- well or poorly -- to answer)
Image size: 9472 bytes
Response status code: 200
{'model': 'gemma3', 'created_at': '2025-12-01T21:28:25.624555515Z', 'message': {'role': 'assistant', 'content': 'Poorly'}, 'done': True, 'done_reason': 'stop', 'total_duration': 8878037558, 'load_duration': 7942889003, 'prompt_eval_count': 305, 'prompt_eval_duration': 77465108, 'eval_count': 3, 'eval_duration': 18519625}
Response: Poorly
Analyzing frame 5/126: q_11_main_1_30fps_frame0074.png
Prompt: Given the human reaction shown in the image, do you think the situation observed by that human ends well or poorly? (Use only one word -- well or poorly -- to answer)
Image size: 9492 bytes
Response status code: 200
{'model': 'gemma3', 'created_at': '2025-12-01T21:28:35.659741999Z', 'message': {'role': 'assistant', 'content': 'Poorly'}, 'done': True, 'done_reason': 'stop', 'total_duration': 9006748233, 'load_duration': 8063649107, 'prompt_eval_count': 305, 'prompt_eval_duration': 78838546, 'eval_count': 3, 'eval_duration': 18412780}
Response: Poorly
Analyzing frame 6/126: q_11_main_1_30fps_frame0089.png
Prompt: Given the human reaction shown in the image, do you think the situation observed by that human ends well or poorly? (Use only one word -- well or poorly -- to answer)
Image size: 9476 bytes
Response status code: 200
{'model': 'gemma3', 'created_at': '2025-12-01T21:28:45.554260269Z', 'message': {'role': 'assistant', 'content': 'Poorly'}, 'done': True, 'done_reason': 'stop', 'total_duration': 8866420862, 'load_duration': 7883733703, 'prompt_eval_count': 305, 'prompt_eval_duration': 77976216, 'eval_count': 3, 'eval_duration': 20677921}
Response: Poorly
Analyzing frame 7/126: q_12_main_1_30fps_frame0014.png
Prompt: Given the human reaction shown in the image, do you think the situation observed by that human ends well or poorly? (Use only one word -- well or poorly -- to answer)
Image size: 9376 bytes
Response status code: 200
{'model': 'gemma3', 'created_at': '2025-12-01T21:28:55.479403517Z', 'message': {'role': 'assistant', 'content': 'Poorly'}, 'done': True, 'done_reason': 'stop', 'total_duration': 8902839887, 'load_duration': 7947584192, 'prompt_eval_count': 305, 'prompt_eval_duration': 80177996, 'eval_count': 3, 'eval_duration': 18407373}
Response: Poorly
Analyzing frame 8/126: q_12_main_1_30fps_frame0029.png
Prompt: Given the human reaction shown in the image, do you think the situation observed by that human ends well or poorly? (Use only one word -- well or poorly -- to answer)
Image size: 9308 bytes
Response status code: 200
{'model': 'gemma3', 'created_at': '2025-12-01T21:29:05.37141021Z', 'message': {'role': 'assistant', 'content': 'Poorly'}, 'done': True, 'done_reason': 'stop', 'total_duration': 8866849608, 'load_duration': 7929587256, 'prompt_eval_count': 305, 'prompt_eval_duration': 78126093, 'eval_count': 3, 'eval_duration': 18962434}
Response: Poorly
Analyzing frame 9/126: q_12_main_1_30fps_frame0044.png
Prompt: Given the human reaction shown in the image, do you think the situation observed by that human ends well or poorly? (Use only one word -- well or poorly -- to answer)
Image size: 9360 bytes
Response status code: 200
{'model': 'gemma3', 'created_at': '2025-12-01T21:29:15.056861157Z', 'message': {'role': 'assistant', 'content': 'Poorly'}, 'done': True, 'done_reason': 'stop', 'total_duration': 8661076435, 'load_duration': 7714539584, 'prompt_eval_count': 305, 'prompt_eval_duration': 78342445, 'eval_count': 3, 'eval_duration': 19033571}
Response: Poorly
Analyzing frame 10/126: q_12_main_1_30fps_frame0059.png
Prompt: Given the human reaction shown in the image, do you think the situation observed by that human ends well or poorly? (Use only one word -- well or poorly -- to answer)
Image size: 9320 bytes
Response status code: 200
{'model': 'gemma3', 'created_at': '2025-12-01T21:29:24.977269764Z', 'message': {'role': 'assistant', 'content': 'Poorly'}, 'done': True, 'done_reason': 'stop', 'total_duration': 8895196207, 'load_duration': 7936253311, 'prompt_eval_count': 305, 'prompt_eval_duration': 77798465, 'eval_count': 3, 'eval_duration': 18393304}
Response: Poorly
Analyzing frame 11/126: q_12_main_1_30fps_frame0074.png
Prompt: Given the human reaction shown in the image, do you think the situation observed by that human ends well or poorly? (Use only one word -- well or poorly -- to answer)
Image size: 9472 bytes
Response status code: 200
{'model': 'gemma3', 'created_at': '2025-12-01T21:29:34.651550145Z', 'message': {'role': 'assistant', 'content': 'Poorly'}, 'done': True, 'done_reason': 'stop', 'total_duration': 8659546577, 'load_duration': 7710622897, 'prompt_eval_count': 305, 'prompt_eval_duration': 79854618, 'eval_count': 3, 'eval_duration': 18322212}
Response: Poorly
Analyzing frame 12/126: q_12_main_1_30fps_frame0089.png
Prompt: Given the human reaction shown in the image, do you think the situation observed by that human ends well or poorly? (Use only one word -- well or poorly -- to answer)
Image size: 9384 bytes
Response status code: 200
{'model': 'gemma3', 'created_at': '2025-12-01T21:29:44.375757548Z', 'message': {'role': 'assistant', 'content': 'Poorly'}, 'done': True, 'done_reason': 'stop', 'total_duration': 8696539537, 'load_duration': 7725146823, 'prompt_eval_count': 305, 'prompt_eval_duration': 78277392, 'eval_count': 3, 'eval_duration': 18770209}
Response: Poorly
Analyzing frame 13/126: q_14_main_0_30fps_frame0014.png
Prompt: Given the human reaction shown in the image, do you think the situation observed by that human ends well or poorly? (Use only one word -- well or poorly -- to answer)
Image size: 9256 bytes
Response status code: 200
{'model': 'gemma3', 'created_at': '2025-12-01T21:29:54.119849663Z', 'message': {'role': 'assistant', 'content': 'Poorly'}, 'done': True, 'done_reason': 'stop', 'total_duration': 8715371574, 'load_duration': 7751146995, 'prompt_eval_count': 305, 'prompt_eval_duration': 80631184, 'eval_count': 3, 'eval_duration': 19688108}
Response: Poorly
Analyzing frame 14/126: q_14_main_0_30fps_frame0029.png
Prompt: Given the human reaction shown in the image, do you think the situation observed by that human ends well or poorly? (Use only one word -- well or poorly -- to answer)
Image size: 9344 bytes
Response status code: 200
{'model': 'gemma3', 'created_at': '2025-12-01T21:30:03.883310008Z', 'message': {'role': 'assistant', 'content': 'Poorly'}, 'done': True, 'done_reason': 'stop', 'total_duration': 8737341618, 'load_duration': 7797188158, 'prompt_eval_count': 305, 'prompt_eval_duration': 77980448, 'eval_count': 3, 'eval_duration': 18503780}
Response: Poorly
Analyzing frame 15/126: q_14_main_0_30fps_frame0044.png
Prompt: Given the human reaction shown in the image, do you think the situation observed by that human ends well or poorly? (Use only one word -- well or poorly -- to answer)
Image size: 9572 bytes
Response status code: 200
{'model': 'gemma3', 'created_at': '2025-12-01T21:30:13.600113113Z', 'message': {'role': 'assistant', 'content': 'Poorly'}, 'done': True, 'done_reason': 'stop', 'total_duration': 8697843818, 'load_duration': 7761136815, 'prompt_eval_count': 305, 'prompt_eval_duration': 81736021, 'eval_count': 3, 'eval_duration': 18704210}
Response: Poorly
Analyzing frame 16/126: q_14_main_0_30fps_frame0059.png
Prompt: Given the human reaction shown in the image, do you think the situation observed by that human ends well or poorly? (Use only one word -- well or poorly -- to answer)
Image size: 9496 bytes
Response status code: 200
{'model': 'gemma3', 'created_at': '2025-12-01T21:30:23.340209101Z', 'message': {'role': 'assistant', 'content': 'Poorly'}, 'done': True, 'done_reason': 'stop', 'total_duration': 8711108662, 'load_duration': 7771028788, 'prompt_eval_count': 305, 'prompt_eval_duration': 78194330, 'eval_count': 3, 'eval_duration': 18583714}
Response: Poorly
Analyzing frame 17/126: q_14_main_0_30fps_frame0074.png
Prompt: Given the human reaction shown in the image, do you think the situation observed by that human ends well or poorly? (Use only one word -- well or poorly -- to answer)
Image size: 9504 bytes
Response status code: 200
{'model': 'gemma3', 'created_at': '2025-12-01T21:30:33.269202847Z', 'message': {'role': 'assistant', 'content': 'Poorly'}, 'done': True, 'done_reason': 'stop', 'total_duration': 8899845778, 'load_duration': 7952059969, 'prompt_eval_count': 305, 'prompt_eval_duration': 77793586, 'eval_count': 3, 'eval_duration': 19227032}
Response: Poorly
Analyzing frame 18/126: q_14_main_0_30fps_frame0089.png
Prompt: Given the human reaction shown in the image, do you think the situation observed by that human ends well or poorly? (Use only one word -- well or poorly -- to answer)
Image size: 9416 bytes
Response status code: 200
{'model': 'gemma3', 'created_at': '2025-12-01T21:30:43.102442309Z', 'message': {'role': 'assistant', 'content': 'Poorly'}, 'done': True, 'done_reason': 'stop', 'total_duration': 8802502788, 'load_duration': 7850619237, 'prompt_eval_count': 305, 'prompt_eval_duration': 77889338, 'eval_count': 3, 'eval_duration': 18463262}
Response: Poorly
Analyzing frame 19/126: q_15_main_1_30fps_frame0014.png
Prompt: Given the human reaction shown in the image, do you think the situation observed by that human ends well or poorly? (Use only one word -- well or poorly -- to answer)
Image size: 9524 bytes
Response status code: 200
{'model': 'gemma3', 'created_at': '2025-12-01T21:30:53.004505902Z', 'message': {'role': 'assistant', 'content': 'Poorly'}, 'done': True, 'done_reason': 'stop', 'total_duration': 8875008178, 'load_duration': 7913051212, 'prompt_eval_count': 305, 'prompt_eval_duration': 82152681, 'eval_count': 3, 'eval_duration': 18976200}
Response: Poorly
Analyzing frame 20/126: q_15_main_1_30fps_frame0029.png
Prompt: Given the human reaction shown in the image, do you think the situation observed by that human ends well or poorly? (Use only one word -- well or poorly -- to answer)
Image size: 9512 bytes
Response status code: 200
{'model': 'gemma3', 'created_at': '2025-12-01T21:31:02.746642703Z', 'message': {'role': 'assistant', 'content': 'Poorly'}, 'done': True, 'done_reason': 'stop', 'total_duration': 8715952744, 'load_duration': 7761254646, 'prompt_eval_count': 305, 'prompt_eval_duration': 76955302, 'eval_count': 3, 'eval_duration': 18446257}
Response: Poorly
Analyzing frame 21/126: q_15_main_1_30fps_frame0044.png
Prompt: Given the human reaction shown in the image, do you think the situation observed by that human ends well or poorly? (Use only one word -- well or poorly -- to answer)
Image size: 9628 bytes
Response status code: 200
{'model': 'gemma3', 'created_at': '2025-12-01T21:31:12.393295158Z', 'message': {'role': 'assistant', 'content': 'Poorly'}, 'done': True, 'done_reason': 'stop', 'total_duration': 8618497574, 'load_duration': 7677555373, 'prompt_eval_count': 305, 'prompt_eval_duration': 77432345, 'eval_count': 3, 'eval_duration': 18874507}
Response: Poorly
Analyzing frame 22/126: q_15_main_1_30fps_frame0059.png
Prompt: Given the human reaction shown in the image, do you think the situation observed by that human ends well or poorly? (Use only one word -- well or poorly -- to answer)
Image size: 9704 bytes
Response status code: 200
{'model': 'gemma3', 'created_at': '2025-12-01T21:31:22.130853896Z', 'message': {'role': 'assistant', 'content': 'Poorly'}, 'done': True, 'done_reason': 'stop', 'total_duration': 8710883410, 'load_duration': 7768315229, 'prompt_eval_count': 305, 'prompt_eval_duration': 81503013, 'eval_count': 3, 'eval_duration': 19073285}
Response: Poorly
Analyzing frame 23/126: q_15_main_1_30fps_frame0074.png
Prompt: Given the human reaction shown in the image, do you think the situation observed by that human ends well or poorly? (Use only one word -- well or poorly -- to answer)
Image size: 9708 bytes
Response status code: 200
{'model': 'gemma3', 'created_at': '2025-12-01T21:31:32.009936216Z', 'message': {'role': 'assistant', 'content': 'Poorly'}, 'done': True, 'done_reason': 'stop', 'total_duration': 8851806941, 'load_duration': 7929906420, 'prompt_eval_count': 305, 'prompt_eval_duration': 80468423, 'eval_count': 3, 'eval_duration': 18760222}
Response: Poorly
Analyzing frame 24/126: q_15_main_1_30fps_frame0089.png
Prompt: Given the human reaction shown in the image, do you think the situation observed by that human ends well or poorly? (Use only one word -- well or poorly -- to answer)
Image size: 9672 bytes
Response status code: 200
{'model': 'gemma3', 'created_at': '2025-12-01T21:31:41.913894187Z', 'message': {'role': 'assistant', 'content': 'Poorly'}, 'done': True, 'done_reason': 'stop', 'total_duration': 8886056191, 'load_duration': 7925443344, 'prompt_eval_count': 305, 'prompt_eval_duration': 77720282, 'eval_count': 3, 'eval_duration': 18681711}
Response: Poorly
Analyzing frame 25/126: q_16_main_1_30fps_frame0014.png
Prompt: Given the human reaction shown in the image, do you think the situation observed by that human ends well or poorly? (Use only one word -- well or poorly -- to answer)
Image size: 9608 bytes
Response status code: 200
{'model': 'gemma3', 'created_at': '2025-12-01T21:31:51.641353205Z', 'message': {'role': 'assistant', 'content': 'Poorly'}, 'done': True, 'done_reason': 'stop', 'total_duration': 8696460690, 'load_duration': 7761334949, 'prompt_eval_count': 305, 'prompt_eval_duration': 77754469, 'eval_count': 3, 'eval_duration': 18550146}
Response: Poorly
Analyzing frame 26/126: q_16_main_1_30fps_frame0029.png
Prompt: Given the human reaction shown in the image, do you think the situation observed by that human ends well or poorly? (Use only one word -- well or poorly -- to answer)
Image size: 9596 bytes
Response status code: 200
{'model': 'gemma3', 'created_at': '2025-12-01T21:32:01.79732095Z', 'message': {'role': 'assistant', 'content': 'Poorly'}, 'done': True, 'done_reason': 'stop', 'total_duration': 9130232117, 'load_duration': 8176188667, 'prompt_eval_count': 305, 'prompt_eval_duration': 78460780, 'eval_count': 3, 'eval_duration': 18552220}
Response: Poorly
Analyzing frame 27/126: q_16_main_1_30fps_frame0044.png
Prompt: Given the human reaction shown in the image, do you think the situation observed by that human ends well or poorly? (Use only one word -- well or poorly -- to answer)
Image size: 9688 bytes
Response status code: 200
{'model': 'gemma3', 'created_at': '2025-12-01T21:32:11.758890261Z', 'message': {'role': 'assistant', 'content': 'Poorly'}, 'done': True, 'done_reason': 'stop', 'total_duration': 8931078943, 'load_duration': 7986174261, 'prompt_eval_count': 305, 'prompt_eval_duration': 77597171, 'eval_count': 3, 'eval_duration': 18523215}
Response: Poorly
Analyzing frame 28/126: q_16_main_1_30fps_frame0059.png
Prompt: Given the human reaction shown in the image, do you think the situation observed by that human ends well or poorly? (Use only one word -- well or poorly -- to answer)
Image size: 9568 bytes
Response status code: 200
{'model': 'gemma3', 'created_at': '2025-12-01T21:32:21.718110373Z', 'message': {'role': 'assistant', 'content': 'Poorly'}, 'done': True, 'done_reason': 'stop', 'total_duration': 8930247033, 'load_duration': 7969667494, 'prompt_eval_count': 305, 'prompt_eval_duration': 77999655, 'eval_count': 3, 'eval_duration': 18550333}
Response: Poorly
Analyzing frame 29/126: q_16_main_1_30fps_frame0074.png
Prompt: Given the human reaction shown in the image, do you think the situation observed by that human ends well or poorly? (Use only one word -- well or poorly -- to answer)
Image size: 9616 bytes
Response status code: 200
{'model': 'gemma3', 'created_at': '2025-12-01T21:32:31.442606136Z', 'message': {'role': 'assistant', 'content': 'Poorly'}, 'done': True, 'done_reason': 'stop', 'total_duration': 8693730932, 'load_duration': 7744622247, 'prompt_eval_count': 305, 'prompt_eval_duration': 77989930, 'eval_count': 3, 'eval_duration': 18602530}
Response: Poorly
Analyzing frame 30/126: q_16_main_1_30fps_frame0089.png
Prompt: Given the human reaction shown in the image, do you think the situation observed by that human ends well or poorly? (Use only one word -- well or poorly -- to answer)
Image size: 9644 bytes
Response status code: 200
{'model': 'gemma3', 'created_at': '2025-12-01T21:32:41.407137121Z', 'message': {'role': 'assistant', 'content': 'Poorly'}, 'done': True, 'done_reason': 'stop', 'total_duration': 8936470917, 'load_duration': 7996889815, 'prompt_eval_count': 305, 'prompt_eval_duration': 77987901, 'eval_count': 3, 'eval_duration': 18512641}
Response: Poorly
Analyzing frame 31/126: q_17_main_1_30fps_frame0013.png
Prompt: Given the human reaction shown in the image, do you think the situation observed by that human ends well or poorly? (Use only one word -- well or poorly -- to answer)
Image size: 9436 bytes
Response status code: 200
{'model': 'gemma3', 'created_at': '2025-12-01T21:32:51.403268172Z', 'message': {'role': 'assistant', 'content': 'Poorly'}, 'done': True, 'done_reason': 'stop', 'total_duration': 8968518817, 'load_duration': 8029691215, 'prompt_eval_count': 305, 'prompt_eval_duration': 77615667, 'eval_count': 3, 'eval_duration': 18366259}
Response: Poorly
Analyzing frame 32/126: q_17_main_1_30fps_frame0028.png
Prompt: Given the human reaction shown in the image, do you think the situation observed by that human ends well or poorly? (Use only one word -- well or poorly -- to answer)
Image size: 9484 bytes
Response status code: 200
{'model': 'gemma3', 'created_at': '2025-12-01T21:33:01.064267038Z', 'message': {'role': 'assistant', 'content': 'Poorly'}, 'done': True, 'done_reason': 'stop', 'total_duration': 8635621610, 'load_duration': 7685113377, 'prompt_eval_count': 305, 'prompt_eval_duration': 78804006, 'eval_count': 3, 'eval_duration': 18473740}
Response: Poorly
Analyzing frame 33/126: q_17_main_1_30fps_frame0043.png
Prompt: Given the human reaction shown in the image, do you think the situation observed by that human ends well or poorly? (Use only one word -- well or poorly -- to answer)
Image size: 9640 bytes
Response status code: 200
{'model': 'gemma3', 'created_at': '2025-12-01T21:33:11.018020674Z', 'message': {'role': 'assistant', 'content': 'Poorly'}, 'done': True, 'done_reason': 'stop', 'total_duration': 8927157068, 'load_duration': 7988385194, 'prompt_eval_count': 305, 'prompt_eval_duration': 78915968, 'eval_count': 3, 'eval_duration': 18979122}
Response: Poorly
Analyzing frame 34/126: q_17_main_1_30fps_frame0058.png
Prompt: Given the human reaction shown in the image, do you think the situation observed by that human ends well or poorly? (Use only one word -- well or poorly -- to answer)
Image size: 9632 bytes
Response status code: 200
{'model': 'gemma3', 'created_at': '2025-12-01T21:33:20.877734846Z', 'message': {'role': 'assistant', 'content': 'Poorly'}, 'done': True, 'done_reason': 'stop', 'total_duration': 8830740045, 'load_duration': 7894191007, 'prompt_eval_count': 305, 'prompt_eval_duration': 89632874, 'eval_count': 3, 'eval_duration': 18495321}
Response: Poorly
Analyzing frame 35/126: q_17_main_1_30fps_frame0073.png
Prompt: Given the human reaction shown in the image, do you think the situation observed by that human ends well or poorly? (Use only one word -- well or poorly -- to answer)
Image size: 9656 bytes
Response status code: 200
{'model': 'gemma3', 'created_at': '2025-12-01T21:33:30.779147158Z', 'message': {'role': 'assistant', 'content': 'Poorly'}, 'done': True, 'done_reason': 'stop', 'total_duration': 8871405252, 'load_duration': 7934149961, 'prompt_eval_count': 305, 'prompt_eval_duration': 78911877, 'eval_count': 3, 'eval_duration': 18375191}
Response: Poorly
Analyzing frame 36/126: q_17_main_1_30fps_frame0088.png
Prompt: Given the human reaction shown in the image, do you think the situation observed by that human ends well or poorly? (Use only one word -- well or poorly -- to answer)
Image size: 9604 bytes
Response status code: 200
{'model': 'gemma3', 'created_at': '2025-12-01T21:33:40.791697279Z', 'message': {'role': 'assistant', 'content': 'Poorly'}, 'done': True, 'done_reason': 'stop', 'total_duration': 8983971261, 'load_duration': 8045762578, 'prompt_eval_count': 305, 'prompt_eval_duration': 79474162, 'eval_count': 3, 'eval_duration': 18574120}
Response: Poorly
Analyzing frame 37/126: q_18_main_1_30fps_frame0014.png
Prompt: Given the human reaction shown in the image, do you think the situation observed by that human ends well or poorly? (Use only one word -- well or poorly -- to answer)
Image size: 9472 bytes
Response status code: 200
{'model': 'gemma3', 'created_at': '2025-12-01T21:33:50.533378223Z', 'message': {'role': 'assistant', 'content': 'Poorly'}, 'done': True, 'done_reason': 'stop', 'total_duration': 8713637953, 'load_duration': 7784589663, 'prompt_eval_count': 305, 'prompt_eval_duration': 78157872, 'eval_count': 3, 'eval_duration': 18372643}
Response: Poorly
Analyzing frame 38/126: q_18_main_1_30fps_frame0029.png
Prompt: Given the human reaction shown in the image, do you think the situation observed by that human ends well or poorly? (Use only one word -- well or poorly -- to answer)
Image size: 9504 bytes
Response status code: 200
{'model': 'gemma3', 'created_at': '2025-12-01T21:34:00.406486911Z', 'message': {'role': 'assistant', 'content': 'Poorly'}, 'done': True, 'done_reason': 'stop', 'total_duration': 8845880235, 'load_duration': 7900208907, 'prompt_eval_count': 305, 'prompt_eval_duration': 78321844, 'eval_count': 3, 'eval_duration': 19127416}
Response: Poorly
Analyzing frame 39/126: q_18_main_1_30fps_frame0044.png
Prompt: Given the human reaction shown in the image, do you think the situation observed by that human ends well or poorly? (Use only one word -- well or poorly -- to answer)
Image size: 9488 bytes
Response status code: 200
{'model': 'gemma3', 'created_at': '2025-12-01T21:34:10.239806764Z', 'message': {'role': 'assistant', 'content': 'Poorly'}, 'done': True, 'done_reason': 'stop', 'total_duration': 8804974016, 'load_duration': 7878946236, 'prompt_eval_count': 305, 'prompt_eval_duration': 77842907, 'eval_count': 3, 'eval_duration': 18428858}
Response: Poorly
Analyzing frame 40/126: q_18_main_1_30fps_frame0059.png
Prompt: Given the human reaction shown in the image, do you think the situation observed by that human ends well or poorly? (Use only one word -- well or poorly -- to answer)
Image size: 9428 bytes
Response status code: 200
{'model': 'gemma3', 'created_at': '2025-12-01T21:34:19.921184612Z', 'message': {'role': 'assistant', 'content': 'Poorly'}, 'done': True, 'done_reason': 'stop', 'total_duration': 8653083475, 'load_duration': 7690242644, 'prompt_eval_count': 305, 'prompt_eval_duration': 77979034, 'eval_count': 3, 'eval_duration': 18501932}
Response: Poorly
Analyzing frame 41/126: q_18_main_1_30fps_frame0074.png
Prompt: Given the human reaction shown in the image, do you think the situation observed by that human ends well or poorly? (Use only one word -- well or poorly -- to answer)
Image size: 9464 bytes
Response status code: 200
{'model': 'gemma3', 'created_at': '2025-12-01T21:34:29.769132146Z', 'message': {'role': 'assistant', 'content': 'Poorly'}, 'done': True, 'done_reason': 'stop', 'total_duration': 8820400783, 'load_duration': 7905484843, 'prompt_eval_count': 305, 'prompt_eval_duration': 78399016, 'eval_count': 3, 'eval_duration': 19051388}
Response: Poorly
Analyzing frame 42/126: q_18_main_1_30fps_frame0089.png
Prompt: Given the human reaction shown in the image, do you think the situation observed by that human ends well or poorly? (Use only one word -- well or poorly -- to answer)
Image size: 9432 bytes
Response status code: 200
{'model': 'gemma3', 'created_at': '2025-12-01T21:34:39.624551454Z', 'message': {'role': 'assistant', 'content': 'Poorly'}, 'done': True, 'done_reason': 'stop', 'total_duration': 8823884157, 'load_duration': 7869511221, 'prompt_eval_count': 305, 'prompt_eval_duration': 77682567, 'eval_count': 3, 'eval_duration': 18473177}
Response: Poorly
Analyzing frame 43/126: q_20_main_0_30fps_frame0013.png
Prompt: Given the human reaction shown in the image, do you think the situation observed by that human ends well or poorly? (Use only one word -- well or poorly -- to answer)
Image size: 9120 bytes
Response status code: 200
{'model': 'gemma3', 'created_at': '2025-12-01T21:34:49.358872824Z', 'message': {'role': 'assistant', 'content': 'Poorly'}, 'done': True, 'done_reason': 'stop', 'total_duration': 8707239320, 'load_duration': 7758704480, 'prompt_eval_count': 305, 'prompt_eval_duration': 78538491, 'eval_count': 3, 'eval_duration': 18977617}
Response: Poorly
Analyzing frame 44/126: q_20_main_0_30fps_frame0028.png
Prompt: Given the human reaction shown in the image, do you think the situation observed by that human ends well or poorly? (Use only one word -- well or poorly -- to answer)
Image size: 9152 bytes
Response status code: 200
{'model': 'gemma3', 'created_at': '2025-12-01T21:34:59.221598493Z', 'message': {'role': 'assistant', 'content': 'Poorly'}, 'done': True, 'done_reason': 'stop', 'total_duration': 8835179887, 'load_duration': 7873983439, 'prompt_eval_count': 305, 'prompt_eval_duration': 78025358, 'eval_count': 3, 'eval_duration': 19203833}
Response: Poorly
Analyzing frame 45/126: q_20_main_0_30fps_frame0043.png
Prompt: Given the human reaction shown in the image, do you think the situation observed by that human ends well or poorly? (Use only one word -- well or poorly -- to answer)
Image size: 9248 bytes
Response status code: 200
{'model': 'gemma3', 'created_at': '2025-12-01T21:35:09.256339924Z', 'message': {'role': 'assistant', 'content': 'Poorly'}, 'done': True, 'done_reason': 'stop', 'total_duration': 9020429254, 'load_duration': 8079040725, 'prompt_eval_count': 305, 'prompt_eval_duration': 78036636, 'eval_count': 3, 'eval_duration': 18634246}
Response: Poorly
Analyzing frame 46/126: q_20_main_0_30fps_frame0058.png
Prompt: Given the human reaction shown in the image, do you think the situation observed by that human ends well or poorly? (Use only one word -- well or poorly -- to answer)
Image size: 9296 bytes
Response status code: 200
{'model': 'gemma3', 'created_at': '2025-12-01T21:35:19.153015322Z', 'message': {'role': 'assistant', 'content': 'Poorly'}, 'done': True, 'done_reason': 'stop', 'total_duration': 8870180467, 'load_duration': 7940971933, 'prompt_eval_count': 305, 'prompt_eval_duration': 77671500, 'eval_count': 3, 'eval_duration': 18532803}
Response: Poorly
Analyzing frame 47/126: q_20_main_0_30fps_frame0073.png
Prompt: Given the human reaction shown in the image, do you think the situation observed by that human ends well or poorly? (Use only one word -- well or poorly -- to answer)
Image size: 9360 bytes
Response status code: 200
{'model': 'gemma3', 'created_at': '2025-12-01T21:35:28.943685717Z', 'message': {'role': 'assistant', 'content': 'Poorly'}, 'done': True, 'done_reason': 'stop', 'total_duration': 8761448438, 'load_duration': 7824653764, 'prompt_eval_count': 305, 'prompt_eval_duration': 78098424, 'eval_count': 3, 'eval_duration': 18610886}
Response: Poorly
Analyzing frame 48/126: q_20_main_0_30fps_frame0088.png
Prompt: Given the human reaction shown in the image, do you think the situation observed by that human ends well or poorly? (Use only one word -- well or poorly -- to answer)
Image size: 9480 bytes
Response status code: 200
{'model': 'gemma3', 'created_at': '2025-12-01T21:35:38.68767841Z', 'message': {'role': 'assistant', 'content': 'Poorly'}, 'done': True, 'done_reason': 'stop', 'total_duration': 8725107718, 'load_duration': 7774779045, 'prompt_eval_count': 305, 'prompt_eval_duration': 78240538, 'eval_count': 3, 'eval_duration': 18779967}
Response: Poorly
Analyzing frame 49/126: q_21_main_1_30fps_frame0014.png
Prompt: Given the human reaction shown in the image, do you think the situation observed by that human ends well or poorly? (Use only one word -- well or poorly -- to answer)
Image size: 9496 bytes
Response status code: 200
{'model': 'gemma3', 'created_at': '2025-12-01T21:35:48.468998378Z', 'message': {'role': 'assistant', 'content': 'Poorly'}, 'done': True, 'done_reason': 'stop', 'total_duration': 8753876228, 'load_duration': 7801174010, 'prompt_eval_count': 305, 'prompt_eval_duration': 77602361, 'eval_count': 3, 'eval_duration': 18437535}
Response: Poorly
Analyzing frame 50/126: q_21_main_1_30fps_frame0029.png
Prompt: Given the human reaction shown in the image, do you think the situation observed by that human ends well or poorly? (Use only one word -- well or poorly -- to answer)
Image size: 9380 bytes
Response status code: 200
{'model': 'gemma3', 'created_at': '2025-12-01T21:35:58.315791482Z', 'message': {'role': 'assistant', 'content': 'Poorly'}, 'done': True, 'done_reason': 'stop', 'total_duration': 8827583240, 'load_duration': 7885864150, 'prompt_eval_count': 305, 'prompt_eval_duration': 77104545, 'eval_count': 3, 'eval_duration': 18410260}
Response: Poorly
Analyzing frame 51/126: q_21_main_1_30fps_frame0044.png
Prompt: Given the human reaction shown in the image, do you think the situation observed by that human ends well or poorly? (Use only one word -- well or poorly -- to answer)
Image size: 9532 bytes
Response status code: 200
{'model': 'gemma3', 'created_at': '2025-12-01T21:36:07.991872432Z', 'message': {'role': 'assistant', 'content': 'Poorly'}, 'done': True, 'done_reason': 'stop', 'total_duration': 8646728967, 'load_duration': 7703937817, 'prompt_eval_count': 305, 'prompt_eval_duration': 78053389, 'eval_count': 3, 'eval_duration': 18511609}
Response: Poorly
Analyzing frame 52/126: q_21_main_1_30fps_frame0059.png
Prompt: Given the human reaction shown in the image, do you think the situation observed by that human ends well or poorly? (Use only one word -- well or poorly -- to answer)
Image size: 9532 bytes
Response status code: 200
{'model': 'gemma3', 'created_at': '2025-12-01T21:36:17.863530894Z', 'message': {'role': 'assistant', 'content': 'Poorly'}, 'done': True, 'done_reason': 'stop', 'total_duration': 8845248028, 'load_duration': 7878028217, 'prompt_eval_count': 305, 'prompt_eval_duration': 78200670, 'eval_count': 3, 'eval_duration': 18883260}
Response: Poorly
Analyzing frame 53/126: q_21_main_1_30fps_frame0074.png
Prompt: Given the human reaction shown in the image, do you think the situation observed by that human ends well or poorly? (Use only one word -- well or poorly -- to answer)
Image size: 9348 bytes
Response status code: 200
{'model': 'gemma3', 'created_at': '2025-12-01T21:36:27.436180515Z', 'message': {'role': 'assistant', 'content': 'Poorly'}, 'done': True, 'done_reason': 'stop', 'total_duration': 8542520618, 'load_duration': 7581974452, 'prompt_eval_count': 305, 'prompt_eval_duration': 78012046, 'eval_count': 3, 'eval_duration': 18764516}
Response: Poorly
Analyzing frame 54/126: q_21_main_1_30fps_frame0089.png
Prompt: Given the human reaction shown in the image, do you think the situation observed by that human ends well or poorly? (Use only one word -- well or poorly -- to answer)
Image size: 9420 bytes
Response status code: 200
{'model': 'gemma3', 'created_at': '2025-12-01T21:36:37.270536316Z', 'message': {'role': 'assistant', 'content': 'Poorly'}, 'done': True, 'done_reason': 'stop', 'total_duration': 8805412494, 'load_duration': 7867203592, 'prompt_eval_count': 305, 'prompt_eval_duration': 77902390, 'eval_count': 3, 'eval_duration': 18577825}
Response: Poorly
Analyzing frame 55/126: q_22_main_0_30fps_frame0013.png
Prompt: Given the human reaction shown in the image, do you think the situation observed by that human ends well or poorly? (Use only one word -- well or poorly -- to answer)
Image size: 9492 bytes
Response status code: 200
{'model': 'gemma3', 'created_at': '2025-12-01T21:36:47.331046626Z', 'message': {'role': 'assistant', 'content': 'Poorly'}, 'done': True, 'done_reason': 'stop', 'total_duration': 9029863926, 'load_duration': 8109286155, 'prompt_eval_count': 305, 'prompt_eval_duration': 77726798, 'eval_count': 3, 'eval_duration': 18559476}
Response: Poorly
Analyzing frame 56/126: q_22_main_0_30fps_frame0028.png
Prompt: Given the human reaction shown in the image, do you think the situation observed by that human ends well or poorly? (Use only one word -- well or poorly -- to answer)
Image size: 9412 bytes
Response status code: 200
{'model': 'gemma3', 'created_at': '2025-12-01T21:36:57.138264904Z', 'message': {'role': 'assistant', 'content': 'Poorly'}, 'done': True, 'done_reason': 'stop', 'total_duration': 8779893444, 'load_duration': 7821614439, 'prompt_eval_count': 305, 'prompt_eval_duration': 77999164, 'eval_count': 3, 'eval_duration': 21720579}
Response: Poorly
Analyzing frame 57/126: q_22_main_0_30fps_frame0043.png
Prompt: Given the human reaction shown in the image, do you think the situation observed by that human ends well or poorly? (Use only one word -- well or poorly -- to answer)
Image size: 9516 bytes
Response status code: 200
{'model': 'gemma3', 'created_at': '2025-12-01T21:37:06.893977163Z', 'message': {'role': 'assistant', 'content': 'Poorly'}, 'done': True, 'done_reason': 'stop', 'total_duration': 8731971172, 'load_duration': 7778413840, 'prompt_eval_count': 305, 'prompt_eval_duration': 77815071, 'eval_count': 3, 'eval_duration': 21187503}
Response: Poorly
Analyzing frame 58/126: q_22_main_0_30fps_frame0058.png
Prompt: Given the human reaction shown in the image, do you think the situation observed by that human ends well or poorly? (Use only one word -- well or poorly -- to answer)
Image size: 9644 bytes
Response status code: 200
{'model': 'gemma3', 'created_at': '2025-12-01T21:37:16.849264652Z', 'message': {'role': 'assistant', 'content': 'Poorly'}, 'done': True, 'done_reason': 'stop', 'total_duration': 8927351659, 'load_duration': 8002297537, 'prompt_eval_count': 305, 'prompt_eval_duration': 78200772, 'eval_count': 3, 'eval_duration': 18775956}
Response: Poorly
Analyzing frame 59/126: q_22_main_0_30fps_frame0073.png
Prompt: Given the human reaction shown in the image, do you think the situation observed by that human ends well or poorly? (Use only one word -- well or poorly -- to answer)
Image size: 9724 bytes
Response status code: 200
{'model': 'gemma3', 'created_at': '2025-12-01T21:37:26.609624874Z', 'message': {'role': 'assistant', 'content': 'Poorly'}, 'done': True, 'done_reason': 'stop', 'total_duration': 8735066871, 'load_duration': 7789882038, 'prompt_eval_count': 305, 'prompt_eval_duration': 77849983, 'eval_count': 3, 'eval_duration': 18441241}
Response: Poorly
Analyzing frame 60/126: q_22_main_0_30fps_frame0088.png
Prompt: Given the human reaction shown in the image, do you think the situation observed by that human ends well or poorly? (Use only one word -- well or poorly -- to answer)
Image size: 9696 bytes
Response status code: 200
{'model': 'gemma3', 'created_at': '2025-12-01T21:37:36.463698028Z', 'message': {'role': 'assistant', 'content': 'Poorly'}, 'done': True, 'done_reason': 'stop', 'total_duration': 8828382120, 'load_duration': 7854774915, 'prompt_eval_count': 305, 'prompt_eval_duration': 77674719, 'eval_count': 3, 'eval_duration': 18482355}
Response: Poorly
Analyzing frame 61/126: q_23_main_0_30fps_frame0015.png
Prompt: Given the human reaction shown in the image, do you think the situation observed by that human ends well or poorly? (Use only one word -- well or poorly -- to answer)
Image size: 9592 bytes
Response status code: 200
{'model': 'gemma3', 'created_at': '2025-12-01T21:37:46.340265453Z', 'message': {'role': 'assistant', 'content': 'Poorly'}, 'done': True, 'done_reason': 'stop', 'total_duration': 8847240597, 'load_duration': 7915386604, 'prompt_eval_count': 305, 'prompt_eval_duration': 78207427, 'eval_count': 3, 'eval_duration': 18599084}
Response: Poorly
Analyzing frame 62/126: q_23_main_0_30fps_frame0030.png
Prompt: Given the human reaction shown in the image, do you think the situation observed by that human ends well or poorly? (Use only one word -- well or poorly -- to answer)
Image size: 9564 bytes
Response status code: 200
{'model': 'gemma3', 'created_at': '2025-12-01T21:37:56.226401817Z', 'message': {'role': 'assistant', 'content': 'Poorly'}, 'done': True, 'done_reason': 'stop', 'total_duration': 8859748003, 'load_duration': 7924918049, 'prompt_eval_count': 305, 'prompt_eval_duration': 77879388, 'eval_count': 3, 'eval_duration': 18387512}
Response: Poorly
Analyzing frame 63/126: q_23_main_0_30fps_frame0045.png
Prompt: Given the human reaction shown in the image, do you think the situation observed by that human ends well or poorly? (Use only one word -- well or poorly -- to answer)
Image size: 9584 bytes
Response status code: 200
{'model': 'gemma3', 'created_at': '2025-12-01T21:38:05.927687914Z', 'message': {'role': 'assistant', 'content': 'Poorly'}, 'done': True, 'done_reason': 'stop', 'total_duration': 8672720879, 'load_duration': 7739732164, 'prompt_eval_count': 305, 'prompt_eval_duration': 78855616, 'eval_count': 3, 'eval_duration': 18860020}
Response: Poorly
Analyzing frame 64/126: q_23_main_0_30fps_frame0060.png
Prompt: Given the human reaction shown in the image, do you think the situation observed by that human ends well or poorly? (Use only one word -- well or poorly -- to answer)
Image size: 9652 bytes
Response status code: 200
{'model': 'gemma3', 'created_at': '2025-12-01T21:38:15.761835329Z', 'message': {'role': 'assistant', 'content': 'Poorly'}, 'done': True, 'done_reason': 'stop', 'total_duration': 8808012872, 'load_duration': 7845388542, 'prompt_eval_count': 305, 'prompt_eval_duration': 77281616, 'eval_count': 3, 'eval_duration': 18541059}
Response: Poorly
Analyzing frame 65/126: q_23_main_0_30fps_frame0075.png
Prompt: Given the human reaction shown in the image, do you think the situation observed by that human ends well or poorly? (Use only one word -- well or poorly -- to answer)
Image size: 9652 bytes
Response status code: 200
{'model': 'gemma3', 'created_at': '2025-12-01T21:38:25.729997878Z', 'message': {'role': 'assistant', 'content': 'Poorly'}, 'done': True, 'done_reason': 'stop', 'total_duration': 8941764793, 'load_duration': 8016883494, 'prompt_eval_count': 305, 'prompt_eval_duration': 77911760, 'eval_count': 3, 'eval_duration': 18454162}
Response: Poorly
Analyzing frame 66/126: q_23_main_0_30fps_frame0090.png
Prompt: Given the human reaction shown in the image, do you think the situation observed by that human ends well or poorly? (Use only one word -- well or poorly -- to answer)
Image size: 9660 bytes
Response status code: 200
{'model': 'gemma3', 'created_at': '2025-12-01T21:38:35.476961728Z', 'message': {'role': 'assistant', 'content': 'Poorly'}, 'done': True, 'done_reason': 'stop', 'total_duration': 8719674732, 'load_duration': 7769288498, 'prompt_eval_count': 305, 'prompt_eval_duration': 78222477, 'eval_count': 3, 'eval_duration': 18545804}
Response: Poorly
Analyzing frame 67/126: q_24_main_0_30fps_frame0015.png
Prompt: Given the human reaction shown in the image, do you think the situation observed by that human ends well or poorly? (Use only one word -- well or poorly -- to answer)
Image size: 9556 bytes
Response status code: 200
{'model': 'gemma3', 'created_at': '2025-12-01T21:38:45.427782936Z', 'message': {'role': 'assistant', 'content': 'Poorly'}, 'done': True, 'done_reason': 'stop', 'total_duration': 8926256518, 'load_duration': 7985684238, 'prompt_eval_count': 305, 'prompt_eval_duration': 80655885, 'eval_count': 3, 'eval_duration': 18714580}
Response: Poorly
Analyzing frame 68/126: q_24_main_0_30fps_frame0030.png
Prompt: Given the human reaction shown in the image, do you think the situation observed by that human ends well or poorly? (Use only one word -- well or poorly -- to answer)
Image size: 9580 bytes
Response status code: 200
{'model': 'gemma3', 'created_at': '2025-12-01T21:38:55.446323429Z', 'message': {'role': 'assistant', 'content': 'Poorly'}, 'done': True, 'done_reason': 'stop', 'total_duration': 9001743223, 'load_duration': 8046990172, 'prompt_eval_count': 305, 'prompt_eval_duration': 78060085, 'eval_count': 3, 'eval_duration': 18681131}
Response: Poorly
Analyzing frame 69/126: q_24_main_0_30fps_frame0045.png
Prompt: Given the human reaction shown in the image, do you think the situation observed by that human ends well or poorly? (Use only one word -- well or poorly -- to answer)
Image size: 9592 bytes
Response status code: 200
{'model': 'gemma3', 'created_at': '2025-12-01T21:39:05.21470786Z', 'message': {'role': 'assistant', 'content': 'Poorly'}, 'done': True, 'done_reason': 'stop', 'total_duration': 8744240434, 'load_duration': 7807095775, 'prompt_eval_count': 305, 'prompt_eval_duration': 77577280, 'eval_count': 3, 'eval_duration': 18410792}
Response: Poorly
Analyzing frame 70/126: q_24_main_0_30fps_frame0060.png
Prompt: Given the human reaction shown in the image, do you think the situation observed by that human ends well or poorly? (Use only one word -- well or poorly -- to answer)
Image size: 9636 bytes
Response status code: 200
{'model': 'gemma3', 'created_at': '2025-12-01T21:39:15.186011867Z', 'message': {'role': 'assistant', 'content': 'Poorly'}, 'done': True, 'done_reason': 'stop', 'total_duration': 8943910945, 'load_duration': 8011211705, 'prompt_eval_count': 305, 'prompt_eval_duration': 77809022, 'eval_count': 3, 'eval_duration': 18637999}
Response: Poorly
Analyzing frame 71/126: q_24_main_0_30fps_frame0075.png
Prompt: Given the human reaction shown in the image, do you think the situation observed by that human ends well or poorly? (Use only one word -- well or poorly -- to answer)
Image size: 9472 bytes
Response status code: 200
{'model': 'gemma3', 'created_at': '2025-12-01T21:39:25.121316428Z', 'message': {'role': 'assistant', 'content': 'Poorly'}, 'done': True, 'done_reason': 'stop', 'total_duration': 8910583639, 'load_duration': 7983817870, 'prompt_eval_count': 305, 'prompt_eval_duration': 81399899, 'eval_count': 3, 'eval_duration': 20662150}
Response: Poorly
Analyzing frame 72/126: q_24_main_0_30fps_frame0090.png
Prompt: Given the human reaction shown in the image, do you think the situation observed by that human ends well or poorly? (Use only one word -- well or poorly -- to answer)
Image size: 9424 bytes
Response status code: 200
{'model': 'gemma3', 'created_at': '2025-12-01T21:39:35.102113527Z', 'message': {'role': 'assistant', 'content': 'Poorly'}, 'done': True, 'done_reason': 'stop', 'total_duration': 8953553146, 'load_duration': 8010116004, 'prompt_eval_count': 305, 'prompt_eval_duration': 78266913, 'eval_count': 3, 'eval_duration': 18778429}
Response: Poorly
Analyzing frame 73/126: q_25_main_1_30fps_frame0015.png
Prompt: Given the human reaction shown in the image, do you think the situation observed by that human ends well or poorly? (Use only one word -- well or poorly -- to answer)
Image size: 9404 bytes
Response status code: 200
{'model': 'gemma3', 'created_at': '2025-12-01T21:39:44.93469456Z', 'message': {'role': 'assistant', 'content': 'Poorly'}, 'done': True, 'done_reason': 'stop', 'total_duration': 8808477524, 'load_duration': 7865926241, 'prompt_eval_count': 305, 'prompt_eval_duration': 77210846, 'eval_count': 3, 'eval_duration': 19016110}
Response: Poorly
Analyzing frame 74/126: q_25_main_1_30fps_frame0030.png
Prompt: Given the human reaction shown in the image, do you think the situation observed by that human ends well or poorly? (Use only one word -- well or poorly -- to answer)
Image size: 9384 bytes
Response status code: 200
{'model': 'gemma3', 'created_at': '2025-12-01T21:39:54.773543158Z', 'message': {'role': 'assistant', 'content': 'Poorly'}, 'done': True, 'done_reason': 'stop', 'total_duration': 8810461006, 'load_duration': 7868182913, 'prompt_eval_count': 305, 'prompt_eval_duration': 78337071, 'eval_count': 3, 'eval_duration': 18632117}
Response: Poorly
Analyzing frame 75/126: q_25_main_1_30fps_frame0045.png
Prompt: Given the human reaction shown in the image, do you think the situation observed by that human ends well or poorly? (Use only one word -- well or poorly -- to answer)
Image size: 9316 bytes
Response status code: 200
{'model': 'gemma3', 'created_at': '2025-12-01T21:40:04.796518756Z', 'message': {'role': 'assistant', 'content': 'Poorly'}, 'done': True, 'done_reason': 'stop', 'total_duration': 8996012846, 'load_duration': 8037560747, 'prompt_eval_count': 305, 'prompt_eval_duration': 77487866, 'eval_count': 3, 'eval_duration': 20416669}
Response: Poorly
Analyzing frame 76/126: q_25_main_1_30fps_frame0060.png
Prompt: Given the human reaction shown in the image, do you think the situation observed by that human ends well or poorly? (Use only one word -- well or poorly -- to answer)
Image size: 9372 bytes
Response status code: 200
{'model': 'gemma3', 'created_at': '2025-12-01T21:40:14.768947862Z', 'message': {'role': 'assistant', 'content': 'Poorly'}, 'done': True, 'done_reason': 'stop', 'total_duration': 8943829125, 'load_duration': 7999018902, 'prompt_eval_count': 305, 'prompt_eval_duration': 81931786, 'eval_count': 3, 'eval_duration': 18411665}
Response: Poorly
Analyzing frame 77/126: q_25_main_1_30fps_frame0075.png
Prompt: Given the human reaction shown in the image, do you think the situation observed by that human ends well or poorly? (Use only one word -- well or poorly -- to answer)
Image size: 9492 bytes
Response status code: 200
{'model': 'gemma3', 'created_at': '2025-12-01T21:40:24.502550864Z', 'message': {'role': 'assistant', 'content': 'Poorly'}, 'done': True, 'done_reason': 'stop', 'total_duration': 8706195654, 'load_duration': 7755688757, 'prompt_eval_count': 305, 'prompt_eval_duration': 78203398, 'eval_count': 3, 'eval_duration': 18906955}
Response: Poorly
Analyzing frame 78/126: q_25_main_1_30fps_frame0090.png
Prompt: Given the human reaction shown in the image, do you think the situation observed by that human ends well or poorly? (Use only one word -- well or poorly -- to answer)
Image size: 9560 bytes
Response status code: 200
{'model': 'gemma3', 'created_at': '2025-12-01T21:40:34.387592546Z', 'message': {'role': 'assistant', 'content': 'Poorly'}, 'done': True, 'done_reason': 'stop', 'total_duration': 8858333238, 'load_duration': 7926386918, 'prompt_eval_count': 305, 'prompt_eval_duration': 77994869, 'eval_count': 3, 'eval_duration': 18905554}
Response: Poorly
Analyzing frame 79/126: q_28_main_1_30fps_frame0014.png
Prompt: Given the human reaction shown in the image, do you think the situation observed by that human ends well or poorly? (Use only one word -- well or poorly -- to answer)
Image size: 9480 bytes
Response status code: 200
{'model': 'gemma3', 'created_at': '2025-12-01T21:40:44.195387378Z', 'message': {'role': 'assistant', 'content': 'Poorly'}, 'done': True, 'done_reason': 'stop', 'total_duration': 8781384938, 'load_duration': 7809688459, 'prompt_eval_count': 305, 'prompt_eval_duration': 78304751, 'eval_count': 3, 'eval_duration': 19649705}
Response: Poorly
Analyzing frame 80/126: q_28_main_1_30fps_frame0029.png
Prompt: Given the human reaction shown in the image, do you think the situation observed by that human ends well or poorly? (Use only one word -- well or poorly -- to answer)
Image size: 9472 bytes
Response status code: 200
{'model': 'gemma3', 'created_at': '2025-12-01T21:40:54.083555902Z', 'message': {'role': 'assistant', 'content': 'Poorly'}, 'done': True, 'done_reason': 'stop', 'total_duration': 8860751838, 'load_duration': 7919839648, 'prompt_eval_count': 305, 'prompt_eval_duration': 77928898, 'eval_count': 3, 'eval_duration': 18741550}
Response: Poorly
Analyzing frame 81/126: q_28_main_1_30fps_frame0044.png
Prompt: Given the human reaction shown in the image, do you think the situation observed by that human ends well or poorly? (Use only one word -- well or poorly -- to answer)
Image size: 9364 bytes
Response status code: 200
{'model': 'gemma3', 'created_at': '2025-12-01T21:41:03.993290027Z', 'message': {'role': 'assistant', 'content': 'Poorly'}, 'done': True, 'done_reason': 'stop', 'total_duration': 8892634915, 'load_duration': 7936962000, 'prompt_eval_count': 305, 'prompt_eval_duration': 80034162, 'eval_count': 3, 'eval_duration': 18392976}
Response: Poorly
Analyzing frame 82/126: q_28_main_1_30fps_frame0059.png
Prompt: Given the human reaction shown in the image, do you think the situation observed by that human ends well or poorly? (Use only one word -- well or poorly -- to answer)
Image size: 9564 bytes
Response status code: 200
{'model': 'gemma3', 'created_at': '2025-12-01T21:41:13.862137637Z', 'message': {'role': 'assistant', 'content': 'Poorly'}, 'done': True, 'done_reason': 'stop', 'total_duration': 8839405889, 'load_duration': 7859688151, 'prompt_eval_count': 305, 'prompt_eval_duration': 78855948, 'eval_count': 3, 'eval_duration': 18551879}
Response: Poorly
Analyzing frame 83/126: q_28_main_1_30fps_frame0074.png
Prompt: Given the human reaction shown in the image, do you think the situation observed by that human ends well or poorly? (Use only one word -- well or poorly -- to answer)
Image size: 9692 bytes
Response status code: 200
{'model': 'gemma3', 'created_at': '2025-12-01T21:41:23.760593317Z', 'message': {'role': 'assistant', 'content': 'Poorly'}, 'done': True, 'done_reason': 'stop', 'total_duration': 8872710006, 'load_duration': 7948432424, 'prompt_eval_count': 305, 'prompt_eval_duration': 77681784, 'eval_count': 3, 'eval_duration': 18640970}
Response: Poorly
Analyzing frame 84/126: q_28_main_1_30fps_frame0089.png
Prompt: Given the human reaction shown in the image, do you think the situation observed by that human ends well or poorly? (Use only one word -- well or poorly -- to answer)
Image size: 9656 bytes
Response status code: 200
{'model': 'gemma3', 'created_at': '2025-12-01T21:41:33.536818373Z', 'message': {'role': 'assistant', 'content': 'Poorly'}, 'done': True, 'done_reason': 'stop', 'total_duration': 8751696289, 'load_duration': 7811334285, 'prompt_eval_count': 305, 'prompt_eval_duration': 80124222, 'eval_count': 3, 'eval_duration': 18585555}
Response: Poorly
Analyzing frame 85/126: q_29_main_0_30fps_frame0014.png
Prompt: Given the human reaction shown in the image, do you think the situation observed by that human ends well or poorly? (Use only one word -- well or poorly -- to answer)
Image size: 9332 bytes
Response status code: 200
{'model': 'gemma3', 'created_at': '2025-12-01T21:41:43.346096676Z', 'message': {'role': 'assistant', 'content': 'Poorly'}, 'done': True, 'done_reason': 'stop', 'total_duration': 8782421259, 'load_duration': 7849079670, 'prompt_eval_count': 305, 'prompt_eval_duration': 81185699, 'eval_count': 3, 'eval_duration': 19188099}
Response: Poorly
Analyzing frame 86/126: q_29_main_0_30fps_frame0029.png
Prompt: Given the human reaction shown in the image, do you think the situation observed by that human ends well or poorly? (Use only one word -- well or poorly -- to answer)
Image size: 9332 bytes
Response status code: 200
{'model': 'gemma3', 'created_at': '2025-12-01T21:41:52.981531878Z', 'message': {'role': 'assistant', 'content': 'Poorly'}, 'done': True, 'done_reason': 'stop', 'total_duration': 8621523493, 'load_duration': 7685065040, 'prompt_eval_count': 305, 'prompt_eval_duration': 77849162, 'eval_count': 3, 'eval_duration': 18590158}
Response: Poorly
Analyzing frame 87/126: q_29_main_0_30fps_frame0044.png
Prompt: Given the human reaction shown in the image, do you think the situation observed by that human ends well or poorly? (Use only one word -- well or poorly -- to answer)
Image size: 9324 bytes
Response status code: 200
{'model': 'gemma3', 'created_at': '2025-12-01T21:42:02.941375642Z', 'message': {'role': 'assistant', 'content': 'Poorly'}, 'done': True, 'done_reason': 'stop', 'total_duration': 8933532684, 'load_duration': 7994772436, 'prompt_eval_count': 305, 'prompt_eval_duration': 77887711, 'eval_count': 3, 'eval_duration': 18385176}
Response: Poorly
Analyzing frame 88/126: q_29_main_0_30fps_frame0059.png
Prompt: Given the human reaction shown in the image, do you think the situation observed by that human ends well or poorly? (Use only one word -- well or poorly -- to answer)
Image size: 9452 bytes
Response status code: 200
{'model': 'gemma3', 'created_at': '2025-12-01T21:42:12.80980245Z', 'message': {'role': 'assistant', 'content': 'Poorly'}, 'done': True, 'done_reason': 'stop', 'total_duration': 8843419755, 'load_duration': 7917334621, 'prompt_eval_count': 305, 'prompt_eval_duration': 77723334, 'eval_count': 3, 'eval_duration': 18457135}
Response: Poorly
Analyzing frame 89/126: q_29_main_0_30fps_frame0074.png
Prompt: Given the human reaction shown in the image, do you think the situation observed by that human ends well or poorly? (Use only one word -- well or poorly -- to answer)
Image size: 9344 bytes
Response status code: 200
{'model': 'gemma3', 'created_at': '2025-12-01T21:42:22.830124187Z', 'message': {'role': 'assistant', 'content': 'Poorly'}, 'done': True, 'done_reason': 'stop', 'total_duration': 8992137438, 'load_duration': 8079005211, 'prompt_eval_count': 305, 'prompt_eval_duration': 78975508, 'eval_count': 3, 'eval_duration': 19327731}
Response: Poorly
Analyzing frame 90/126: q_29_main_0_30fps_frame0089.png
Prompt: Given the human reaction shown in the image, do you think the situation observed by that human ends well or poorly? (Use only one word -- well or poorly -- to answer)
Image size: 9464 bytes
Response status code: 200
{'model': 'gemma3', 'created_at': '2025-12-01T21:42:32.25253844Z', 'message': {'role': 'assistant', 'content': 'Poorly'}, 'done': True, 'done_reason': 'stop', 'total_duration': 8402276526, 'load_duration': 7470245460, 'prompt_eval_count': 305, 'prompt_eval_duration': 78275585, 'eval_count': 3, 'eval_duration': 18486784}
Response: Poorly
Analyzing frame 91/126: q_3_main_1_30fps_frame0015.png
Prompt: Given the human reaction shown in the image, do you think the situation observed by that human ends well or poorly? (Use only one word -- well or poorly -- to answer)
Image size: 9136 bytes
Response status code: 200
{'model': 'gemma3', 'created_at': '2025-12-01T21:42:41.875239642Z', 'message': {'role': 'assistant', 'content': 'Poorly'}, 'done': True, 'done_reason': 'stop', 'total_duration': 8596019257, 'load_duration': 7661187737, 'prompt_eval_count': 305, 'prompt_eval_duration': 78933358, 'eval_count': 3, 'eval_duration': 18514292}
Response: Poorly
Analyzing frame 92/126: q_3_main_1_30fps_frame0030.png
Prompt: Given the human reaction shown in the image, do you think the situation observed by that human ends well or poorly? (Use only one word -- well or poorly -- to answer)
Image size: 9260 bytes
Response status code: 200
{'model': 'gemma3', 'created_at': '2025-12-01T21:42:51.626824302Z', 'message': {'role': 'assistant', 'content': 'Poorly'}, 'done': True, 'done_reason': 'stop', 'total_duration': 8723020325, 'load_duration': 7798520037, 'prompt_eval_count': 305, 'prompt_eval_duration': 78925716, 'eval_count': 3, 'eval_duration': 18776136}
Response: Poorly
Analyzing frame 93/126: q_3_main_1_30fps_frame0045.png
Prompt: Given the human reaction shown in the image, do you think the situation observed by that human ends well or poorly? (Use only one word -- well or poorly -- to answer)
Image size: 9384 bytes
Response status code: 200
{'model': 'gemma3', 'created_at': '2025-12-01T21:43:01.474430633Z', 'message': {'role': 'assistant', 'content': 'Poorly'}, 'done': True, 'done_reason': 'stop', 'total_duration': 8818104478, 'load_duration': 7887775171, 'prompt_eval_count': 305, 'prompt_eval_duration': 77630839, 'eval_count': 3, 'eval_duration': 18530996}
Response: Poorly
Analyzing frame 94/126: q_3_main_1_30fps_frame0060.png
Prompt: Given the human reaction shown in the image, do you think the situation observed by that human ends well or poorly? (Use only one word -- well or poorly -- to answer)
Image size: 9376 bytes
Response status code: 200
{'model': 'gemma3', 'created_at': '2025-12-01T21:43:11.778162844Z', 'message': {'role': 'assistant', 'content': 'Poorly'}, 'done': True, 'done_reason': 'stop', 'total_duration': 9273299371, 'load_duration': 8337552865, 'prompt_eval_count': 305, 'prompt_eval_duration': 79867832, 'eval_count': 3, 'eval_duration': 18340366}
Response: Poorly
Analyzing frame 95/126: q_3_main_1_30fps_frame0075.png
Prompt: Given the human reaction shown in the image, do you think the situation observed by that human ends well or poorly? (Use only one word -- well or poorly -- to answer)
Image size: 9484 bytes
Response status code: 200
{'model': 'gemma3', 'created_at': '2025-12-01T21:43:21.641216234Z', 'message': {'role': 'assistant', 'content': 'Poorly'}, 'done': True, 'done_reason': 'stop', 'total_duration': 8838844224, 'load_duration': 7880381391, 'prompt_eval_count': 305, 'prompt_eval_duration': 80085288, 'eval_count': 3, 'eval_duration': 18372509}
Response: Poorly
Analyzing frame 96/126: q_3_main_1_30fps_frame0090.png
Prompt: Given the human reaction shown in the image, do you think the situation observed by that human ends well or poorly? (Use only one word -- well or poorly -- to answer)
Image size: 9404 bytes
Response status code: 200
{'model': 'gemma3', 'created_at': '2025-12-01T21:43:31.68742542Z', 'message': {'role': 'assistant', 'content': 'Poorly'}, 'done': True, 'done_reason': 'stop', 'total_duration': 9015845671, 'load_duration': 8044582900, 'prompt_eval_count': 305, 'prompt_eval_duration': 93108359, 'eval_count': 3, 'eval_duration': 18735617}
Response: Poorly
Analyzing frame 97/126: q_4_main_0_30fps_frame0014.png
Prompt: Given the human reaction shown in the image, do you think the situation observed by that human ends well or poorly? (Use only one word -- well or poorly -- to answer)
Image size: 9368 bytes
Response status code: 200
{'model': 'gemma3', 'created_at': '2025-12-01T21:43:41.589333666Z', 'message': {'role': 'assistant', 'content': 'Poorly'}, 'done': True, 'done_reason': 'stop', 'total_duration': 8870952199, 'load_duration': 7924709643, 'prompt_eval_count': 305, 'prompt_eval_duration': 77557166, 'eval_count': 3, 'eval_duration': 18769961}
Response: Poorly
Analyzing frame 98/126: q_4_main_0_30fps_frame0029.png
Prompt: Given the human reaction shown in the image, do you think the situation observed by that human ends well or poorly? (Use only one word -- well or poorly -- to answer)
Image size: 9512 bytes
Response status code: 200
{'model': 'gemma3', 'created_at': '2025-12-01T21:43:51.742655361Z', 'message': {'role': 'assistant', 'content': 'Poorly'}, 'done': True, 'done_reason': 'stop', 'total_duration': 9124927129, 'load_duration': 8184256812, 'prompt_eval_count': 305, 'prompt_eval_duration': 77775456, 'eval_count': 3, 'eval_duration': 18466321}
Response: Poorly
Analyzing frame 99/126: q_4_main_0_30fps_frame0044.png
Prompt: Given the human reaction shown in the image, do you think the situation observed by that human ends well or poorly? (Use only one word -- well or poorly -- to answer)
Image size: 9492 bytes
Response status code: 200
{'model': 'gemma3', 'created_at': '2025-12-01T21:44:01.410894068Z', 'message': {'role': 'assistant', 'content': 'Poorly'}, 'done': True, 'done_reason': 'stop', 'total_duration': 8643915507, 'load_duration': 7718265550, 'prompt_eval_count': 305, 'prompt_eval_duration': 82375078, 'eval_count': 3, 'eval_duration': 19735250}
Response: Poorly
Analyzing frame 100/126: q_4_main_0_30fps_frame0059.png
Prompt: Given the human reaction shown in the image, do you think the situation observed by that human ends well or poorly? (Use only one word -- well or poorly -- to answer)
Image size: 9512 bytes
Response status code: 200
{'model': 'gemma3', 'created_at': '2025-12-01T21:44:11.51950041Z', 'message': {'role': 'assistant', 'content': 'Poorly'}, 'done': True, 'done_reason': 'stop', 'total_duration': 9079047241, 'load_duration': 8126753186, 'prompt_eval_count': 305, 'prompt_eval_duration': 78102948, 'eval_count': 3, 'eval_duration': 18623845}
Response: Poorly
Analyzing frame 101/126: q_4_main_0_30fps_frame0074.png
Prompt: Given the human reaction shown in the image, do you think the situation observed by that human ends well or poorly? (Use only one word -- well or poorly -- to answer)
Image size: 9392 bytes
Response status code: 200
{'model': 'gemma3', 'created_at': '2025-12-01T21:44:21.55260558Z', 'message': {'role': 'assistant', 'content': 'Poorly'}, 'done': True, 'done_reason': 'stop', 'total_duration': 9008078318, 'load_duration': 8067768787, 'prompt_eval_count': 305, 'prompt_eval_duration': 78072122, 'eval_count': 3, 'eval_duration': 18522236}
Response: Poorly
Analyzing frame 102/126: q_4_main_0_30fps_frame0089.png
Prompt: Given the human reaction shown in the image, do you think the situation observed by that human ends well or poorly? (Use only one word -- well or poorly -- to answer)
Image size: 9356 bytes
Response status code: 200
{'model': 'gemma3', 'created_at': '2025-12-01T21:44:31.472839133Z', 'message': {'role': 'assistant', 'content': 'Poorly'}, 'done': True, 'done_reason': 'stop', 'total_duration': 8893666855, 'load_duration': 7945254358, 'prompt_eval_count': 305, 'prompt_eval_duration': 78403209, 'eval_count': 3, 'eval_duration': 18585662}
Response: Poorly
Analyzing frame 103/126: q_7_main_1_30fps_frame0014.png
Prompt: Given the human reaction shown in the image, do you think the situation observed by that human ends well or poorly? (Use only one word -- well or poorly -- to answer)
Image size: 9444 bytes
Response status code: 200
{'model': 'gemma3', 'created_at': '2025-12-01T21:44:41.597664076Z', 'message': {'role': 'assistant', 'content': 'Poorly'}, 'done': True, 'done_reason': 'stop', 'total_duration': 9097987180, 'load_duration': 8125674219, 'prompt_eval_count': 305, 'prompt_eval_duration': 82297119, 'eval_count': 3, 'eval_duration': 18504654}
Response: Poorly
Analyzing frame 104/126: q_7_main_1_30fps_frame0029.png
Prompt: Given the human reaction shown in the image, do you think the situation observed by that human ends well or poorly? (Use only one word -- well or poorly -- to answer)
Image size: 9580 bytes
Response status code: 200
{'model': 'gemma3', 'created_at': '2025-12-01T21:44:51.474370682Z', 'message': {'role': 'assistant', 'content': 'Poorly'}, 'done': True, 'done_reason': 'stop', 'total_duration': 8853523795, 'load_duration': 7888659038, 'prompt_eval_count': 305, 'prompt_eval_duration': 81500736, 'eval_count': 3, 'eval_duration': 18329160}
Response: Poorly
Analyzing frame 105/126: q_7_main_1_30fps_frame0044.png
Prompt: Given the human reaction shown in the image, do you think the situation observed by that human ends well or poorly? (Use only one word -- well or poorly -- to answer)
Image size: 9524 bytes
Response status code: 200
{'model': 'gemma3', 'created_at': '2025-12-01T21:45:01.292677739Z', 'message': {'role': 'assistant', 'content': 'Poorly'}, 'done': True, 'done_reason': 'stop', 'total_duration': 8787788444, 'load_duration': 7851455307, 'prompt_eval_count': 305, 'prompt_eval_duration': 81026111, 'eval_count': 3, 'eval_duration': 18795803}
Response: Poorly
Analyzing frame 106/126: q_7_main_1_30fps_frame0059.png
Prompt: Given the human reaction shown in the image, do you think the situation observed by that human ends well or poorly? (Use only one word -- well or poorly -- to answer)
Image size: 9588 bytes
Response status code: 200
{'model': 'gemma3', 'created_at': '2025-12-01T21:45:11.130573306Z', 'message': {'role': 'assistant', 'content': 'Poorly'}, 'done': True, 'done_reason': 'stop', 'total_duration': 8816285650, 'load_duration': 7881854209, 'prompt_eval_count': 305, 'prompt_eval_duration': 78183371, 'eval_count': 3, 'eval_duration': 19085132}
Response: Poorly
Analyzing frame 107/126: q_7_main_1_30fps_frame0074.png
Prompt: Given the human reaction shown in the image, do you think the situation observed by that human ends well or poorly? (Use only one word -- well or poorly -- to answer)
Image size: 9500 bytes
Response status code: 200
{'model': 'gemma3', 'created_at': '2025-12-01T21:45:21.033919797Z', 'message': {'role': 'assistant', 'content': 'Poorly'}, 'done': True, 'done_reason': 'stop', 'total_duration': 8875576342, 'load_duration': 7939806700, 'prompt_eval_count': 305, 'prompt_eval_duration': 78492169, 'eval_count': 3, 'eval_duration': 18439690}
Response: Poorly
Analyzing frame 108/126: q_7_main_1_30fps_frame0089.png
Prompt: Given the human reaction shown in the image, do you think the situation observed by that human ends well or poorly? (Use only one word -- well or poorly -- to answer)
Image size: 9396 bytes
Response status code: 200
{'model': 'gemma3', 'created_at': '2025-12-01T21:45:30.893637402Z', 'message': {'role': 'assistant', 'content': 'Poorly'}, 'done': True, 'done_reason': 'stop', 'total_duration': 8829969290, 'load_duration': 7892191000, 'prompt_eval_count': 305, 'prompt_eval_duration': 79032100, 'eval_count': 3, 'eval_duration': 18401328}
Response: Poorly
Analyzing frame 109/126: q_warmup_3_main_1_30fps_frame0014.png
Prompt: Given the human reaction shown in the image, do you think the situation observed by that human ends well or poorly? (Use only one word -- well or poorly -- to answer)
Image size: 9368 bytes
Response status code: 200
{'model': 'gemma3', 'created_at': '2025-12-01T21:45:40.815289064Z', 'message': {'role': 'assistant', 'content': 'Poorly'}, 'done': True, 'done_reason': 'stop', 'total_duration': 8890592485, 'load_duration': 7926545674, 'prompt_eval_count': 305, 'prompt_eval_duration': 78500458, 'eval_count': 3, 'eval_duration': 18427128}
Response: Poorly
Analyzing frame 110/126: q_warmup_3_main_1_30fps_frame0029.png
Prompt: Given the human reaction shown in the image, do you think the situation observed by that human ends well or poorly? (Use only one word -- well or poorly -- to answer)
Image size: 9360 bytes
Response status code: 200
{'model': 'gemma3', 'created_at': '2025-12-01T21:45:50.671950552Z', 'message': {'role': 'assistant', 'content': 'Poorly'}, 'done': True, 'done_reason': 'stop', 'total_duration': 8827914762, 'load_duration': 7889792864, 'prompt_eval_count': 305, 'prompt_eval_duration': 78362855, 'eval_count': 3, 'eval_duration': 18722041}
Response: Poorly
Analyzing frame 111/126: q_warmup_3_main_1_30fps_frame0044.png
Prompt: Given the human reaction shown in the image, do you think the situation observed by that human ends well or poorly? (Use only one word -- well or poorly -- to answer)
Image size: 9392 bytes
Response status code: 200
{'model': 'gemma3', 'created_at': '2025-12-01T21:46:00.673366046Z', 'message': {'role': 'assistant', 'content': 'Poorly'}, 'done': True, 'done_reason': 'stop', 'total_duration': 8980883292, 'load_duration': 8033591606, 'prompt_eval_count': 305, 'prompt_eval_duration': 78267192, 'eval_count': 3, 'eval_duration': 18545858}
Response: Poorly
Analyzing frame 112/126: q_warmup_3_main_1_30fps_frame0059.png
Prompt: Given the human reaction shown in the image, do you think the situation observed by that human ends well or poorly? (Use only one word -- well or poorly -- to answer)
Image size: 9428 bytes
Response status code: 200
{'model': 'gemma3', 'created_at': '2025-12-01T21:46:10.72207711Z', 'message': {'role': 'assistant', 'content': 'Poorly'}, 'done': True, 'done_reason': 'stop', 'total_duration': 9021821750, 'load_duration': 8077542247, 'prompt_eval_count': 305, 'prompt_eval_duration': 78511089, 'eval_count': 3, 'eval_duration': 18502135}
Response: Poorly
Analyzing frame 113/126: q_warmup_3_main_1_30fps_frame0074.png
Prompt: Given the human reaction shown in the image, do you think the situation observed by that human ends well or poorly? (Use only one word -- well or poorly -- to answer)
Image size: 9560 bytes
Response status code: 200
{'model': 'gemma3', 'created_at': '2025-12-01T21:46:20.558540711Z', 'message': {'role': 'assistant', 'content': 'Poorly'}, 'done': True, 'done_reason': 'stop', 'total_duration': 8812190887, 'load_duration': 7879980869, 'prompt_eval_count': 305, 'prompt_eval_duration': 78005008, 'eval_count': 3, 'eval_duration': 18577336}
Response: Poorly
Analyzing frame 114/126: q_warmup_3_main_1_30fps_frame0089.png
Prompt: Given the human reaction shown in the image, do you think the situation observed by that human ends well or poorly? (Use only one word -- well or poorly -- to answer)
Image size: 9512 bytes
Response status code: 200
{'model': 'gemma3', 'created_at': '2025-12-01T21:46:30.569208542Z', 'message': {'role': 'assistant', 'content': 'Poorly'}, 'done': True, 'done_reason': 'stop', 'total_duration': 8984207497, 'load_duration': 8010469708, 'prompt_eval_count': 305, 'prompt_eval_duration': 98205046, 'eval_count': 3, 'eval_duration': 18561301}
Response: Poorly
Analyzing frame 115/126: q_warmup_4_main_0_30fps_frame0014.png
Prompt: Given the human reaction shown in the image, do you think the situation observed by that human ends well or poorly? (Use only one word -- well or poorly -- to answer)
Image size: 9496 bytes
Response status code: 200
{'model': 'gemma3', 'created_at': '2025-12-01T21:46:40.549925848Z', 'message': {'role': 'assistant', 'content': 'Poorly'}, 'done': True, 'done_reason': 'stop', 'total_duration': 8962372681, 'load_duration': 8032989746, 'prompt_eval_count': 305, 'prompt_eval_duration': 77362552, 'eval_count': 3, 'eval_duration': 19424717}
Response: Poorly
Analyzing frame 116/126: q_warmup_4_main_0_30fps_frame0029.png
Prompt: Given the human reaction shown in the image, do you think the situation observed by that human ends well or poorly? (Use only one word -- well or poorly -- to answer)
Image size: 9512 bytes
Response status code: 200
{'model': 'gemma3', 'created_at': '2025-12-01T21:46:50.654717431Z', 'message': {'role': 'assistant', 'content': 'Poorly'}, 'done': True, 'done_reason': 'stop', 'total_duration': 9077916733, 'load_duration': 8150864166, 'prompt_eval_count': 305, 'prompt_eval_duration': 79237373, 'eval_count': 3, 'eval_duration': 18439149}
Response: Poorly
Analyzing frame 117/126: q_warmup_4_main_0_30fps_frame0044.png
Prompt: Given the human reaction shown in the image, do you think the situation observed by that human ends well or poorly? (Use only one word -- well or poorly -- to answer)
Image size: 9708 bytes
Response status code: 200
{'model': 'gemma3', 'created_at': '2025-12-01T21:47:00.64479302Z', 'message': {'role': 'assistant', 'content': 'Poorly'}, 'done': True, 'done_reason': 'stop', 'total_duration': 8960635186, 'load_duration': 8010878139, 'prompt_eval_count': 305, 'prompt_eval_duration': 78497212, 'eval_count': 3, 'eval_duration': 18491865}
Response: Poorly
Analyzing frame 118/126: q_warmup_4_main_0_30fps_frame0059.png
Prompt: Given the human reaction shown in the image, do you think the situation observed by that human ends well or poorly? (Use only one word -- well or poorly -- to answer)
Image size: 9724 bytes
Response status code: 200
{'model': 'gemma3', 'created_at': '2025-12-01T21:47:10.466737646Z', 'message': {'role': 'assistant', 'content': 'Poorly'}, 'done': True, 'done_reason': 'stop', 'total_duration': 8795257191, 'load_duration': 7868816277, 'prompt_eval_count': 305, 'prompt_eval_duration': 77535362, 'eval_count': 3, 'eval_duration': 21007724}
Response: Poorly
Analyzing frame 119/126: q_warmup_4_main_0_30fps_frame0074.png
Prompt: Given the human reaction shown in the image, do you think the situation observed by that human ends well or poorly? (Use only one word -- well or poorly -- to answer)
Image size: 9648 bytes
Response status code: 200
{'model': 'gemma3', 'created_at': '2025-12-01T21:47:20.350346042Z', 'message': {'role': 'assistant', 'content': 'Poorly'}, 'done': True, 'done_reason': 'stop', 'total_duration': 8855211357, 'load_duration': 7928896281, 'prompt_eval_count': 305, 'prompt_eval_duration': 81865844, 'eval_count': 3, 'eval_duration': 18963495}
Response: Poorly
Analyzing frame 120/126: q_warmup_4_main_0_30fps_frame0089.png
Prompt: Given the human reaction shown in the image, do you think the situation observed by that human ends well or poorly? (Use only one word -- well or poorly -- to answer)
Image size: 9576 bytes
Response status code: 200
{'model': 'gemma3', 'created_at': '2025-12-01T21:47:30.093935971Z', 'message': {'role': 'assistant', 'content': 'Poorly'}, 'done': True, 'done_reason': 'stop', 'total_duration': 8722468810, 'load_duration': 7768747235, 'prompt_eval_count': 305, 'prompt_eval_duration': 77043685, 'eval_count': 3, 'eval_duration': 18564280}
Response: Poorly
Analyzing frame 121/126: q_warmup_5_main_0_30fps_frame0015.png
Prompt: Given the human reaction shown in the image, do you think the situation observed by that human ends well or poorly? (Use only one word -- well or poorly -- to answer)
Image size: 9716 bytes
Response status code: 200
{'model': 'gemma3', 'created_at': '2025-12-01T21:47:39.913797446Z', 'message': {'role': 'assistant', 'content': 'Poorly'}, 'done': True, 'done_reason': 'stop', 'total_duration': 8791028321, 'load_duration': 7840202555, 'prompt_eval_count': 305, 'prompt_eval_duration': 97993413, 'eval_count': 3, 'eval_duration': 18448617}
Response: Poorly
Analyzing frame 122/126: q_warmup_5_main_0_30fps_frame0030.png
Prompt: Given the human reaction shown in the image, do you think the situation observed by that human ends well or poorly? (Use only one word -- well or poorly -- to answer)
Image size: 9736 bytes
Response status code: 200
{'model': 'gemma3', 'created_at': '2025-12-01T21:47:49.656472679Z', 'message': {'role': 'assistant', 'content': 'Poorly'}, 'done': True, 'done_reason': 'stop', 'total_duration': 8720733891, 'load_duration': 7785501908, 'prompt_eval_count': 305, 'prompt_eval_duration': 78885485, 'eval_count': 3, 'eval_duration': 18484987}
Response: Poorly
Analyzing frame 123/126: q_warmup_5_main_0_30fps_frame0045.png
Prompt: Given the human reaction shown in the image, do you think the situation observed by that human ends well or poorly? (Use only one word -- well or poorly -- to answer)
Image size: 9916 bytes
Response status code: 200
{'model': 'gemma3', 'created_at': '2025-12-01T21:47:59.479957275Z', 'message': {'role': 'assistant', 'content': 'Poorly'}, 'done': True, 'done_reason': 'stop', 'total_duration': 8792435141, 'load_duration': 7854286012, 'prompt_eval_count': 305, 'prompt_eval_duration': 78425987, 'eval_count': 3, 'eval_duration': 19241651}
Response: Poorly
Analyzing frame 124/126: q_warmup_5_main_0_30fps_frame0060.png
Prompt: Given the human reaction shown in the image, do you think the situation observed by that human ends well or poorly? (Use only one word -- well or poorly -- to answer)
Image size: 9904 bytes
Response status code: 200
{'model': 'gemma3', 'created_at': '2025-12-01T21:48:09.555952231Z', 'message': {'role': 'assistant', 'content': 'Poorly'}, 'done': True, 'done_reason': 'stop', 'total_duration': 9048967540, 'load_duration': 8116137574, 'prompt_eval_count': 305, 'prompt_eval_duration': 78324828, 'eval_count': 3, 'eval_duration': 18793522}
Response: Poorly
Analyzing frame 125/126: q_warmup_5_main_0_30fps_frame0075.png
Prompt: Given the human reaction shown in the image, do you think the situation observed by that human ends well or poorly? (Use only one word -- well or poorly -- to answer)
Image size: 9824 bytes
Response status code: 200
{'model': 'gemma3', 'created_at': '2025-12-01T21:52:47.772567828Z', 'message': {'role': 'assistant', 'content': 'Poorly'}, 'done': True, 'done_reason': 'stop', 'total_duration': 277190076058, 'load_duration': 276203636752, 'prompt_eval_count': 305, 'prompt_eval_duration': 89242089, 'eval_count': 3, 'eval_duration': 18694259}
Response: Poorly
Analyzing frame 126/126: q_warmup_5_main_0_30fps_frame0090.png
Prompt: Given the human reaction shown in the image, do you think the situation observed by that human ends well or poorly? (Use only one word -- well or poorly -- to answer)
Image size: 9764 bytes
Response status code: 200
{'model': 'gemma3', 'created_at': '2025-12-01T21:58:41.427991173Z', 'message': {'role': 'assistant', 'content': 'Poorly'}, 'done': True, 'done_reason': 'stop', 'total_duration': 352582539017, 'load_duration': 351632182700, 'prompt_eval_count': 305, 'prompt_eval_duration': 77063605, 'eval_count': 3, 'eval_duration': 18340216}
Response: Poorly
Processed 126 frames for participant 2946

Results saved to ./results/results_gemma3_3s.csv
Total frames processed: 846

==================================================
Processing participant 9/30

Processing participant: 3157
Found 102 frames
Analyzing frame 1/102: q_10_main_0_30fps_frame0014.png
Prompt: Given the human reaction shown in the image, do you think the situation observed by that human ends well or poorly? (Use only one word -- well or poorly -- to answer)
Image size: 13292 bytes
Response status code: 200
{'model': 'gemma3', 'created_at': '2025-12-01T22:02:46.176535517Z', 'message': {'role': 'assistant', 'content': 'Poorly'}, 'done': True, 'done_reason': 'stop', 'total_duration': 243610946326, 'load_duration': 242649970610, 'prompt_eval_count': 305, 'prompt_eval_duration': 76539282, 'eval_count': 3, 'eval_duration': 18291042}
Response: Poorly
Analyzing frame 2/102: q_10_main_0_30fps_frame0029.png
Prompt: Given the human reaction shown in the image, do you think the situation observed by that human ends well or poorly? (Use only one word -- well or poorly -- to answer)
Image size: 13212 bytes
Response status code: 200
{'model': 'gemma3', 'created_at': '2025-12-01T22:08:07.369922295Z', 'message': {'role': 'assistant', 'content': 'Poorly'}, 'done': True, 'done_reason': 'stop', 'total_duration': 320117739801, 'load_duration': 319142205374, 'prompt_eval_count': 305, 'prompt_eval_duration': 76997805, 'eval_count': 3, 'eval_duration': 18761742}
Response: Poorly
Analyzing frame 3/102: q_10_main_0_30fps_frame0044.png
Prompt: Given the human reaction shown in the image, do you think the situation observed by that human ends well or poorly? (Use only one word -- well or poorly -- to answer)
Image size: 13188 bytes
Response status code: 200
{'model': 'gemma3', 'created_at': '2025-12-01T22:13:14.94178856Z', 'message': {'role': 'assistant', 'content': 'Poorly'}, 'done': True, 'done_reason': 'stop', 'total_duration': 306501291103, 'load_duration': 305527530299, 'prompt_eval_count': 305, 'prompt_eval_duration': 76641701, 'eval_count': 3, 'eval_duration': 18200358}
Response: Poorly
Analyzing frame 4/102: q_10_main_0_30fps_frame0059.png
Prompt: Given the human reaction shown in the image, do you think the situation observed by that human ends well or poorly? (Use only one word -- well or poorly -- to answer)
Image size: 13220 bytes
Response status code: 200
{'model': 'gemma3', 'created_at': '2025-12-01T22:17:14.009492282Z', 'message': {'role': 'assistant', 'content': 'Poorly'}, 'done': True, 'done_reason': 'stop', 'total_duration': 238000729219, 'load_duration': 237054723472, 'prompt_eval_count': 305, 'prompt_eval_duration': 75894867, 'eval_count': 3, 'eval_duration': 18141495}
Response: Poorly
Analyzing frame 5/102: q_10_main_0_30fps_frame0074.png
Prompt: Given the human reaction shown in the image, do you think the situation observed by that human ends well or poorly? (Use only one word -- well or poorly -- to answer)
Image size: 13104 bytes
Response status code: 200
{'model': 'gemma3', 'created_at': '2025-12-01T22:21:49.056876722Z', 'message': {'role': 'assistant', 'content': 'Poorly'}, 'done': True, 'done_reason': 'stop', 'total_duration': 273978221186, 'load_duration': 273012890677, 'prompt_eval_count': 305, 'prompt_eval_duration': 77175657, 'eval_count': 3, 'eval_duration': 18407018}
Response: Poorly
Analyzing frame 6/102: q_10_main_0_30fps_frame0089.png
Prompt: Given the human reaction shown in the image, do you think the situation observed by that human ends well or poorly? (Use only one word -- well or poorly -- to answer)
Image size: 13104 bytes
Response status code: 200
{'model': 'gemma3', 'created_at': '2025-12-01T22:26:09.621197433Z', 'message': {'role': 'assistant', 'content': 'Poorly'}, 'done': True, 'done_reason': 'stop', 'total_duration': 259492295818, 'load_duration': 258558446255, 'prompt_eval_count': 305, 'prompt_eval_duration': 76812247, 'eval_count': 3, 'eval_duration': 18341375}
Response: Poorly
Analyzing frame 7/102: q_11_main_1_30fps_frame0014.png
Prompt: Given the human reaction shown in the image, do you think the situation observed by that human ends well or poorly? (Use only one word -- well or poorly -- to answer)
Image size: 13124 bytes
Response status code: 200
{'model': 'gemma3', 'created_at': '2025-12-01T22:30:40.419697938Z', 'message': {'role': 'assistant', 'content': 'Poorly'}, 'done': True, 'done_reason': 'stop', 'total_duration': 269727227219, 'load_duration': 268757813772, 'prompt_eval_count': 305, 'prompt_eval_duration': 90352001, 'eval_count': 3, 'eval_duration': 18460268}
Response: Poorly
Analyzing frame 8/102: q_11_main_1_30fps_frame0029.png
Prompt: Given the human reaction shown in the image, do you think the situation observed by that human ends well or poorly? (Use only one word -- well or poorly -- to answer)
Image size: 13172 bytes
Response status code: 200
{'model': 'gemma3', 'created_at': '2025-12-01T22:34:54.707365361Z', 'message': {'role': 'assistant', 'content': 'Poorly'}, 'done': True, 'done_reason': 'stop', 'total_duration': 253219165383, 'load_duration': 252254213201, 'prompt_eval_count': 305, 'prompt_eval_duration': 78638884, 'eval_count': 3, 'eval_duration': 18630849}
Response: Poorly
Analyzing frame 9/102: q_11_main_1_30fps_frame0044.png
Prompt: Given the human reaction shown in the image, do you think the situation observed by that human ends well or poorly? (Use only one word -- well or poorly -- to answer)
Image size: 13124 bytes
Response status code: 200
{'model': 'gemma3', 'created_at': '2025-12-01T22:39:45.150203874Z', 'message': {'role': 'assistant', 'content': 'Poorly'}, 'done': True, 'done_reason': 'stop', 'total_duration': 289323254523, 'load_duration': 288368181586, 'prompt_eval_count': 305, 'prompt_eval_duration': 76989045, 'eval_count': 3, 'eval_duration': 18765082}
Response: Poorly
Analyzing frame 10/102: q_11_main_1_30fps_frame0059.png
Prompt: Given the human reaction shown in the image, do you think the situation observed by that human ends well or poorly? (Use only one word -- well or poorly -- to answer)
Image size: 13180 bytes
Response status code: 200
{'model': 'gemma3', 'created_at': '2025-12-01T22:43:48.076909759Z', 'message': {'role': 'assistant', 'content': 'Poorly'}, 'done': True, 'done_reason': 'stop', 'total_duration': 241856558681, 'load_duration': 240890465143, 'prompt_eval_count': 305, 'prompt_eval_duration': 76755327, 'eval_count': 3, 'eval_duration': 18797263}
Response: Poorly
Analyzing frame 11/102: q_11_main_1_30fps_frame0074.png
Prompt: Given the human reaction shown in the image, do you think the situation observed by that human ends well or poorly? (Use only one word -- well or poorly -- to answer)
Image size: 13072 bytes
Response status code: 200
{'model': 'gemma3', 'created_at': '2025-12-01T22:48:05.845552554Z', 'message': {'role': 'assistant', 'content': 'Poorly'}, 'done': True, 'done_reason': 'stop', 'total_duration': 256696344185, 'load_duration': 255738298459, 'prompt_eval_count': 305, 'prompt_eval_duration': 76617095, 'eval_count': 3, 'eval_duration': 18317614}
Response: Poorly
Analyzing frame 12/102: q_11_main_1_30fps_frame0089.png
Prompt: Given the human reaction shown in the image, do you think the situation observed by that human ends well or poorly? (Use only one word -- well or poorly -- to answer)
Image size: 13064 bytes
Response status code: 200
{'model': 'gemma3', 'created_at': '2025-12-01T22:52:25.990974175Z', 'message': {'role': 'assistant', 'content': 'Poorly'}, 'done': True, 'done_reason': 'stop', 'total_duration': 259067788648, 'load_duration': 258126609080, 'prompt_eval_count': 305, 'prompt_eval_duration': 76730377, 'eval_count': 3, 'eval_duration': 18771746}
Response: Poorly
Analyzing frame 13/102: q_12_main_1_30fps_frame0014.png
Prompt: Given the human reaction shown in the image, do you think the situation observed by that human ends well or poorly? (Use only one word -- well or poorly -- to answer)
Image size: 13260 bytes
Response status code: 200
{'model': 'gemma3', 'created_at': '2025-12-01T22:56:55.462890124Z', 'message': {'role': 'assistant', 'content': 'Poorly'}, 'done': True, 'done_reason': 'stop', 'total_duration': 268408362077, 'load_duration': 267451060806, 'prompt_eval_count': 305, 'prompt_eval_duration': 76297953, 'eval_count': 3, 'eval_duration': 18483075}
Response: Poorly
Analyzing frame 14/102: q_12_main_1_30fps_frame0029.png
Prompt: Given the human reaction shown in the image, do you think the situation observed by that human ends well or poorly? (Use only one word -- well or poorly -- to answer)
Image size: 13220 bytes
Response status code: 200
{'model': 'gemma3', 'created_at': '2025-12-01T23:01:16.047973317Z', 'message': {'role': 'assistant', 'content': 'Poorly'}, 'done': True, 'done_reason': 'stop', 'total_duration': 259513941603, 'load_duration': 258542081048, 'prompt_eval_count': 305, 'prompt_eval_duration': 76690045, 'eval_count': 3, 'eval_duration': 18650468}
Response: Poorly
Analyzing frame 15/102: q_12_main_1_30fps_frame0044.png
Prompt: Given the human reaction shown in the image, do you think the situation observed by that human ends well or poorly? (Use only one word -- well or poorly -- to answer)
Image size: 13228 bytes
Response status code: 200
{'model': 'gemma3', 'created_at': '2025-12-01T23:05:42.404551312Z', 'message': {'role': 'assistant', 'content': 'Poorly'}, 'done': True, 'done_reason': 'stop', 'total_duration': 265298188047, 'load_duration': 264359739087, 'prompt_eval_count': 305, 'prompt_eval_duration': 76616492, 'eval_count': 3, 'eval_duration': 18451901}
Response: Poorly
Analyzing frame 16/102: q_12_main_1_30fps_frame0059.png
Prompt: Given the human reaction shown in the image, do you think the situation observed by that human ends well or poorly? (Use only one word -- well or poorly -- to answer)
Image size: 13280 bytes
Response status code: 200
{'model': 'gemma3', 'created_at': '2025-12-01T23:10:11.776776038Z', 'message': {'role': 'assistant', 'content': 'Poorly'}, 'done': True, 'done_reason': 'stop', 'total_duration': 268307118741, 'load_duration': 267375757293, 'prompt_eval_count': 305, 'prompt_eval_duration': 77156706, 'eval_count': 3, 'eval_duration': 18342076}
Response: Poorly
Analyzing frame 17/102: q_12_main_1_30fps_frame0074.png
Prompt: Given the human reaction shown in the image, do you think the situation observed by that human ends well or poorly? (Use only one word -- well or poorly -- to answer)
Image size: 13272 bytes
Response status code: 200
{'model': 'gemma3', 'created_at': '2025-12-01T23:14:57.195770084Z', 'message': {'role': 'assistant', 'content': 'Poorly'}, 'done': True, 'done_reason': 'stop', 'total_duration': 284351077927, 'load_duration': 283392784431, 'prompt_eval_count': 305, 'prompt_eval_duration': 76613328, 'eval_count': 3, 'eval_duration': 18541996}
Response: Poorly
Analyzing frame 18/102: q_12_main_1_30fps_frame0089.png
Prompt: Given the human reaction shown in the image, do you think the situation observed by that human ends well or poorly? (Use only one word -- well or poorly -- to answer)
Image size: 13240 bytes
Response status code: 200
{'model': 'gemma3', 'created_at': '2025-12-01T23:19:05.155752727Z', 'message': {'role': 'assistant', 'content': 'Poorly'}, 'done': True, 'done_reason': 'stop', 'total_duration': 246887920243, 'load_duration': 245935535949, 'prompt_eval_count': 305, 'prompt_eval_duration': 77095875, 'eval_count': 3, 'eval_duration': 18310360}
Response: Poorly
Analyzing frame 19/102: q_14_main_0_30fps_frame0014.png
Prompt: Given the human reaction shown in the image, do you think the situation observed by that human ends well or poorly? (Use only one word -- well or poorly -- to answer)
Image size: 13204 bytes
Response status code: 200
{'model': 'gemma3', 'created_at': '2025-12-01T23:23:29.337117282Z', 'message': {'role': 'assistant', 'content': 'Poorly'}, 'done': True, 'done_reason': 'stop', 'total_duration': 263120440342, 'load_duration': 262148117397, 'prompt_eval_count': 305, 'prompt_eval_duration': 77017820, 'eval_count': 3, 'eval_duration': 18282958}
Response: Poorly
Analyzing frame 20/102: q_14_main_0_30fps_frame0029.png
Prompt: Given the human reaction shown in the image, do you think the situation observed by that human ends well or poorly? (Use only one word -- well or poorly -- to answer)
Image size: 13268 bytes
Response status code: 200
{'model': 'gemma3', 'created_at': '2025-12-01T23:27:56.435378826Z', 'message': {'role': 'assistant', 'content': 'Poorly'}, 'done': True, 'done_reason': 'stop', 'total_duration': 266029169781, 'load_duration': 265084815325, 'prompt_eval_count': 305, 'prompt_eval_duration': 76864004, 'eval_count': 3, 'eval_duration': 20119532}
Response: Poorly
Analyzing frame 21/102: q_14_main_0_30fps_frame0044.png
Prompt: Given the human reaction shown in the image, do you think the situation observed by that human ends well or poorly? (Use only one word -- well or poorly -- to answer)
Image size: 13308 bytes
Response status code: 200
{'model': 'gemma3', 'created_at': '2025-12-01T23:32:37.234319931Z', 'message': {'role': 'assistant', 'content': 'Poorly'}, 'done': True, 'done_reason': 'stop', 'total_duration': 279733823063, 'load_duration': 278783417554, 'prompt_eval_count': 305, 'prompt_eval_duration': 76596009, 'eval_count': 3, 'eval_duration': 18435543}
Response: Poorly
Analyzing frame 22/102: q_14_main_0_30fps_frame0059.png
Prompt: Given the human reaction shown in the image, do you think the situation observed by that human ends well or poorly? (Use only one word -- well or poorly -- to answer)
Image size: 13312 bytes
Response status code: 200
{'model': 'gemma3', 'created_at': '2025-12-01T23:36:58.887617106Z', 'message': {'role': 'assistant', 'content': 'Poorly'}, 'done': True, 'done_reason': 'stop', 'total_duration': 260534449034, 'load_duration': 259567114386, 'prompt_eval_count': 305, 'prompt_eval_duration': 76845675, 'eval_count': 3, 'eval_duration': 18958628}
Response: Poorly
Analyzing frame 23/102: q_14_main_0_30fps_frame0074.png
Prompt: Given the human reaction shown in the image, do you think the situation observed by that human ends well or poorly? (Use only one word -- well or poorly -- to answer)
Image size: 13348 bytes
Response status code: 200
{'model': 'gemma3', 'created_at': '2025-12-01T23:41:25.445214848Z', 'message': {'role': 'assistant', 'content': 'Poorly'}, 'done': True, 'done_reason': 'stop', 'total_duration': 265493266477, 'load_duration': 264551540571, 'prompt_eval_count': 305, 'prompt_eval_duration': 77871002, 'eval_count': 3, 'eval_duration': 18274603}
Response: Poorly
Analyzing frame 24/102: q_14_main_0_30fps_frame0089.png
Prompt: Given the human reaction shown in the image, do you think the situation observed by that human ends well or poorly? (Use only one word -- well or poorly -- to answer)
Image size: 13324 bytes
Response status code: 200
{'model': 'gemma3', 'created_at': '2025-12-01T23:45:51.658301292Z', 'message': {'role': 'assistant', 'content': 'Poorly'}, 'done': True, 'done_reason': 'stop', 'total_duration': 265145599988, 'load_duration': 264186802922, 'prompt_eval_count': 305, 'prompt_eval_duration': 76696170, 'eval_count': 3, 'eval_duration': 18326489}
Response: Poorly
Analyzing frame 25/102: q_15_main_1_30fps_frame0014.png
Prompt: Given the human reaction shown in the image, do you think the situation observed by that human ends well or poorly? (Use only one word -- well or poorly -- to answer)
Image size: 13268 bytes
Response status code: 200
{'model': 'gemma3', 'created_at': '2025-12-01T23:50:28.313370287Z', 'message': {'role': 'assistant', 'content': 'Poorly'}, 'done': True, 'done_reason': 'stop', 'total_duration': 275590626230, 'load_duration': 274642410290, 'prompt_eval_count': 305, 'prompt_eval_duration': 75879538, 'eval_count': 3, 'eval_duration': 18232835}
Response: Poorly
Analyzing frame 26/102: q_15_main_1_30fps_frame0029.png
Prompt: Given the human reaction shown in the image, do you think the situation observed by that human ends well or poorly? (Use only one word -- well or poorly -- to answer)
Image size: 13340 bytes
Response status code: 200
{'model': 'gemma3', 'created_at': '2025-12-01T23:54:39.949246968Z', 'message': {'role': 'assistant', 'content': 'Poorly'}, 'done': True, 'done_reason': 'stop', 'total_duration': 250563757998, 'load_duration': 249629056693, 'prompt_eval_count': 305, 'prompt_eval_duration': 76656733, 'eval_count': 3, 'eval_duration': 18236541}
Response: Poorly
Analyzing frame 27/102: q_15_main_1_30fps_frame0044.png
Prompt: Given the human reaction shown in the image, do you think the situation observed by that human ends well or poorly? (Use only one word -- well or poorly -- to answer)
Image size: 13272 bytes
Response status code: 200
{'model': 'gemma3', 'created_at': '2025-12-01T23:59:03.736675986Z', 'message': {'role': 'assistant', 'content': 'Poorly'}, 'done': True, 'done_reason': 'stop', 'total_duration': 262721718471, 'load_duration': 261757511088, 'prompt_eval_count': 305, 'prompt_eval_duration': 76953562, 'eval_count': 3, 'eval_duration': 19305970}
Response: Poorly
Analyzing frame 28/102: q_15_main_1_30fps_frame0059.png
Prompt: Given the human reaction shown in the image, do you think the situation observed by that human ends well or poorly? (Use only one word -- well or poorly -- to answer)
Image size: 13340 bytes
Response status code: 200
{'model': 'gemma3', 'created_at': '2025-12-02T00:03:40.03978584Z', 'message': {'role': 'assistant', 'content': 'Poorly'}, 'done': True, 'done_reason': 'stop', 'total_duration': 275248312937, 'load_duration': 274314045540, 'prompt_eval_count': 305, 'prompt_eval_duration': 90133969, 'eval_count': 3, 'eval_duration': 19089683}
Response: Poorly
Analyzing frame 29/102: q_15_main_1_30fps_frame0074.png
Prompt: Given the human reaction shown in the image, do you think the situation observed by that human ends well or poorly? (Use only one word -- well or poorly -- to answer)
Image size: 13340 bytes
Response status code: 200
{'model': 'gemma3', 'created_at': '2025-12-02T00:08:55.923780761Z', 'message': {'role': 'assistant', 'content': 'Poorly'}, 'done': True, 'done_reason': 'stop', 'total_duration': 314809190792, 'load_duration': 313852808672, 'prompt_eval_count': 305, 'prompt_eval_duration': 76570714, 'eval_count': 3, 'eval_duration': 18244195}
Response: Poorly
Analyzing frame 30/102: q_15_main_1_30fps_frame0089.png
Prompt: Given the human reaction shown in the image, do you think the situation observed by that human ends well or poorly? (Use only one word -- well or poorly -- to answer)
Image size: 13348 bytes
Response status code: 200
{'model': 'gemma3', 'created_at': '2025-12-02T00:13:05.045874739Z', 'message': {'role': 'assistant', 'content': 'Poorly'}, 'done': True, 'done_reason': 'stop', 'total_duration': 248047599036, 'load_duration': 247090717609, 'prompt_eval_count': 305, 'prompt_eval_duration': 76786961, 'eval_count': 3, 'eval_duration': 19129837}
Response: Poorly
Analyzing frame 31/102: q_16_main_1_30fps_frame0015.png
Prompt: Given the human reaction shown in the image, do you think the situation observed by that human ends well or poorly? (Use only one word -- well or poorly -- to answer)
Image size: 13576 bytes
Response status code: 200
{'model': 'gemma3', 'created_at': '2025-12-02T00:18:40.067768603Z', 'message': {'role': 'assistant', 'content': 'Poorly'}, 'done': True, 'done_reason': 'stop', 'total_duration': 333951234591, 'load_duration': 332969121874, 'prompt_eval_count': 305, 'prompt_eval_duration': 77603733, 'eval_count': 3, 'eval_duration': 18931252}
Response: Poorly
Analyzing frame 32/102: q_16_main_1_30fps_frame0030.png
Prompt: Given the human reaction shown in the image, do you think the situation observed by that human ends well or poorly? (Use only one word -- well or poorly -- to answer)
Image size: 13560 bytes
Response status code: 200
{'model': 'gemma3', 'created_at': '2025-12-02T00:22:55.865882763Z', 'message': {'role': 'assistant', 'content': 'Poorly'}, 'done': True, 'done_reason': 'stop', 'total_duration': 254636707727, 'load_duration': 253672427522, 'prompt_eval_count': 305, 'prompt_eval_duration': 76265537, 'eval_count': 3, 'eval_duration': 18419212}
Response: Poorly
Analyzing frame 33/102: q_16_main_1_30fps_frame0045.png
Prompt: Given the human reaction shown in the image, do you think the situation observed by that human ends well or poorly? (Use only one word -- well or poorly -- to answer)
Image size: 13548 bytes
Response status code: 200
{'model': 'gemma3', 'created_at': '2025-12-02T00:27:37.623396113Z', 'message': {'role': 'assistant', 'content': 'Poorly'}, 'done': True, 'done_reason': 'stop', 'total_duration': 280694369718, 'load_duration': 279738926887, 'prompt_eval_count': 305, 'prompt_eval_duration': 79699276, 'eval_count': 3, 'eval_duration': 20152062}
Response: Poorly
Analyzing frame 34/102: q_16_main_1_30fps_frame0060.png
Prompt: Given the human reaction shown in the image, do you think the situation observed by that human ends well or poorly? (Use only one word -- well or poorly -- to answer)
Image size: 13564 bytes
Response status code: 200
{'model': 'gemma3', 'created_at': '2025-12-02T00:32:16.506177419Z', 'message': {'role': 'assistant', 'content': 'Poorly'}, 'done': True, 'done_reason': 'stop', 'total_duration': 277811939531, 'load_duration': 276868595822, 'prompt_eval_count': 305, 'prompt_eval_duration': 76457137, 'eval_count': 3, 'eval_duration': 18478007}
Response: Poorly
Analyzing frame 35/102: q_16_main_1_30fps_frame0075.png
Prompt: Given the human reaction shown in the image, do you think the situation observed by that human ends well or poorly? (Use only one word -- well or poorly -- to answer)
Image size: 13476 bytes
Response status code: 200
{'model': 'gemma3', 'created_at': '2025-12-02T00:36:41.569800175Z', 'message': {'role': 'assistant', 'content': 'Poorly'}, 'done': True, 'done_reason': 'stop', 'total_duration': 263957783209, 'load_duration': 262992054436, 'prompt_eval_count': 305, 'prompt_eval_duration': 76659411, 'eval_count': 3, 'eval_duration': 18297729}
Response: Poorly
Analyzing frame 36/102: q_16_main_1_30fps_frame0090.png
Prompt: Given the human reaction shown in the image, do you think the situation observed by that human ends well or poorly? (Use only one word -- well or poorly -- to answer)
Image size: 13452 bytes
Response status code: 200
{'model': 'gemma3', 'created_at': '2025-12-02T00:41:24.847637551Z', 'message': {'role': 'assistant', 'content': 'Poorly'}, 'done': True, 'done_reason': 'stop', 'total_duration': 282223900968, 'load_duration': 281275421800, 'prompt_eval_count': 305, 'prompt_eval_duration': 76475714, 'eval_count': 3, 'eval_duration': 18424410}
Response: Poorly
Analyzing frame 37/102: q_17_main_1_30fps_frame0014.png
Prompt: Given the human reaction shown in the image, do you think the situation observed by that human ends well or poorly? (Use only one word -- well or poorly -- to answer)
Image size: 13188 bytes
Response status code: 200
{'model': 'gemma3', 'created_at': '2025-12-02T00:45:43.560435832Z', 'message': {'role': 'assistant', 'content': 'Poorly'}, 'done': True, 'done_reason': 'stop', 'total_duration': 257651857698, 'load_duration': 256709112809, 'prompt_eval_count': 305, 'prompt_eval_duration': 76905686, 'eval_count': 3, 'eval_duration': 18285270}
Response: Poorly
Analyzing frame 38/102: q_17_main_1_30fps_frame0029.png
Prompt: Given the human reaction shown in the image, do you think the situation observed by that human ends well or poorly? (Use only one word -- well or poorly -- to answer)
Image size: 13236 bytes
Response status code: 200
{'model': 'gemma3', 'created_at': '2025-12-02T00:50:10.891556976Z', 'message': {'role': 'assistant', 'content': 'Poorly'}, 'done': True, 'done_reason': 'stop', 'total_duration': 266270089248, 'load_duration': 265310951247, 'prompt_eval_count': 305, 'prompt_eval_duration': 76973348, 'eval_count': 3, 'eval_duration': 18252968}
Response: Poorly
Analyzing frame 39/102: q_17_main_1_30fps_frame0044.png
Prompt: Given the human reaction shown in the image, do you think the situation observed by that human ends well or poorly? (Use only one word -- well or poorly -- to answer)
Image size: 13272 bytes
Response status code: 200
{'model': 'gemma3', 'created_at': '2025-12-02T00:54:44.357745786Z', 'message': {'role': 'assistant', 'content': 'Poorly'}, 'done': True, 'done_reason': 'stop', 'total_duration': 272399233315, 'load_duration': 271468691601, 'prompt_eval_count': 305, 'prompt_eval_duration': 77066141, 'eval_count': 3, 'eval_duration': 18234591}
Response: Poorly
Analyzing frame 40/102: q_17_main_1_30fps_frame0059.png
Prompt: Given the human reaction shown in the image, do you think the situation observed by that human ends well or poorly? (Use only one word -- well or poorly -- to answer)
Image size: 13224 bytes
Response status code: 200
{'model': 'gemma3', 'created_at': '2025-12-02T00:59:28.880958071Z', 'message': {'role': 'assistant', 'content': 'Poorly'}, 'done': True, 'done_reason': 'stop', 'total_duration': 283465864773, 'load_duration': 282521070366, 'prompt_eval_count': 305, 'prompt_eval_duration': 76939376, 'eval_count': 3, 'eval_duration': 18246602}
Response: Poorly
Analyzing frame 41/102: q_17_main_1_30fps_frame0074.png
Prompt: Given the human reaction shown in the image, do you think the situation observed by that human ends well or poorly? (Use only one word -- well or poorly -- to answer)
Image size: 13276 bytes
Response status code: 200
{'model': 'gemma3', 'created_at': '2025-12-02T01:04:00.605076687Z', 'message': {'role': 'assistant', 'content': 'Poorly'}, 'done': True, 'done_reason': 'stop', 'total_duration': 270654097135, 'load_duration': 269703680776, 'prompt_eval_count': 305, 'prompt_eval_duration': 76244670, 'eval_count': 3, 'eval_duration': 18389231}
Response: Poorly
Analyzing frame 42/102: q_17_main_1_30fps_frame0089.png
Prompt: Given the human reaction shown in the image, do you think the situation observed by that human ends well or poorly? (Use only one word -- well or poorly -- to answer)
Image size: 13204 bytes
Response status code: 200
{'model': 'gemma3', 'created_at': '2025-12-02T01:08:21.276887877Z', 'message': {'role': 'assistant', 'content': 'Poorly'}, 'done': True, 'done_reason': 'stop', 'total_duration': 259604054671, 'load_duration': 258671824982, 'prompt_eval_count': 305, 'prompt_eval_duration': 76090541, 'eval_count': 3, 'eval_duration': 18202870}
Response: Poorly
Analyzing frame 43/102: q_18_main_0_30fps_frame0014.png
Prompt: Given the human reaction shown in the image, do you think the situation observed by that human ends well or poorly? (Use only one word -- well or poorly -- to answer)
Image size: 13404 bytes
Response status code: 200
{'model': 'gemma3', 'created_at': '2025-12-02T01:12:28.290218009Z', 'message': {'role': 'assistant', 'content': 'Poorly'}, 'done': True, 'done_reason': 'stop', 'total_duration': 245957243469, 'load_duration': 245024066028, 'prompt_eval_count': 305, 'prompt_eval_duration': 77871072, 'eval_count': 3, 'eval_duration': 18492425}
Response: Poorly
Analyzing frame 44/102: q_18_main_0_30fps_frame0029.png
Prompt: Given the human reaction shown in the image, do you think the situation observed by that human ends well or poorly? (Use only one word -- well or poorly -- to answer)
Image size: 13468 bytes
Response status code: 200
{'model': 'gemma3', 'created_at': '2025-12-02T01:16:53.018656443Z', 'message': {'role': 'assistant', 'content': 'Poorly'}, 'done': True, 'done_reason': 'stop', 'total_duration': 263660755141, 'load_duration': 262719895075, 'prompt_eval_count': 305, 'prompt_eval_duration': 77317916, 'eval_count': 3, 'eval_duration': 18689962}
Response: Poorly
Analyzing frame 45/102: q_18_main_0_30fps_frame0044.png
Prompt: Given the human reaction shown in the image, do you think the situation observed by that human ends well or poorly? (Use only one word -- well or poorly -- to answer)
Image size: 13300 bytes
Response status code: 200
{'model': 'gemma3', 'created_at': '2025-12-02T01:21:32.33772236Z', 'message': {'role': 'assistant', 'content': 'Poorly'}, 'done': True, 'done_reason': 'stop', 'total_duration': 278248847286, 'load_duration': 277287088612, 'prompt_eval_count': 305, 'prompt_eval_duration': 76945953, 'eval_count': 3, 'eval_duration': 18649639}
Response: Poorly
Analyzing frame 46/102: q_18_main_0_30fps_frame0059.png
Prompt: Given the human reaction shown in the image, do you think the situation observed by that human ends well or poorly? (Use only one word -- well or poorly -- to answer)
Image size: 13396 bytes
Response status code: 200
{'model': 'gemma3', 'created_at': '2025-12-02T01:26:12.203597888Z', 'message': {'role': 'assistant', 'content': 'Poorly'}, 'done': True, 'done_reason': 'stop', 'total_duration': 278796381355, 'load_duration': 277854710268, 'prompt_eval_count': 305, 'prompt_eval_duration': 76665851, 'eval_count': 3, 'eval_duration': 18252047}
Response: Poorly
Analyzing frame 47/102: q_18_main_0_30fps_frame0074.png
Prompt: Given the human reaction shown in the image, do you think the situation observed by that human ends well or poorly? (Use only one word -- well or poorly -- to answer)
Image size: 13356 bytes
Response status code: 200
{'model': 'gemma3', 'created_at': '2025-12-02T01:30:20.320483084Z', 'message': {'role': 'assistant', 'content': 'Poorly'}, 'done': True, 'done_reason': 'stop', 'total_duration': 247044493955, 'load_duration': 246093779770, 'prompt_eval_count': 305, 'prompt_eval_duration': 76467618, 'eval_count': 3, 'eval_duration': 18211251}
Response: Poorly
Analyzing frame 48/102: q_18_main_0_30fps_frame0089.png
Prompt: Given the human reaction shown in the image, do you think the situation observed by that human ends well or poorly? (Use only one word -- well or poorly -- to answer)
Image size: 13424 bytes
Response status code: 200
{'model': 'gemma3', 'created_at': '2025-12-02T01:34:55.96923689Z', 'message': {'role': 'assistant', 'content': 'Poorly'}, 'done': True, 'done_reason': 'stop', 'total_duration': 274544894844, 'load_duration': 273578043042, 'prompt_eval_count': 305, 'prompt_eval_duration': 77146664, 'eval_count': 3, 'eval_duration': 18430425}
Response: Poorly
Analyzing frame 49/102: q_19_main_1_30fps_frame0014.png
Prompt: Given the human reaction shown in the image, do you think the situation observed by that human ends well or poorly? (Use only one word -- well or poorly -- to answer)
Image size: 13376 bytes
Response status code: 200
{'model': 'gemma3', 'created_at': '2025-12-02T01:39:27.047612301Z', 'message': {'role': 'assistant', 'content': 'Poorly'}, 'done': True, 'done_reason': 'stop', 'total_duration': 270019086931, 'load_duration': 269036681376, 'prompt_eval_count': 305, 'prompt_eval_duration': 76783614, 'eval_count': 3, 'eval_duration': 18157860}
Response: Poorly
Analyzing frame 50/102: q_19_main_1_30fps_frame0029.png
Prompt: Given the human reaction shown in the image, do you think the situation observed by that human ends well or poorly? (Use only one word -- well or poorly -- to answer)
Image size: 13368 bytes
Response status code: 200
{'model': 'gemma3', 'created_at': '2025-12-02T01:43:41.37298032Z', 'message': {'role': 'assistant', 'content': 'Poorly'}, 'done': True, 'done_reason': 'stop', 'total_duration': 253260456211, 'load_duration': 252296047197, 'prompt_eval_count': 305, 'prompt_eval_duration': 77083430, 'eval_count': 3, 'eval_duration': 18660953}
Response: Poorly
Analyzing frame 51/102: q_19_main_1_30fps_frame0044.png
Prompt: Given the human reaction shown in the image, do you think the situation observed by that human ends well or poorly? (Use only one word -- well or poorly -- to answer)
Image size: 13340 bytes
Response status code: 200
{'model': 'gemma3', 'created_at': '2025-12-02T01:48:18.627397099Z', 'message': {'role': 'assistant', 'content': 'Poorly'}, 'done': True, 'done_reason': 'stop', 'total_duration': 276195957871, 'load_duration': 275234358152, 'prompt_eval_count': 305, 'prompt_eval_duration': 76773512, 'eval_count': 3, 'eval_duration': 18297759}
Response: Poorly
Analyzing frame 52/102: q_19_main_1_30fps_frame0059.png
Prompt: Given the human reaction shown in the image, do you think the situation observed by that human ends well or poorly? (Use only one word -- well or poorly -- to answer)
Image size: 13372 bytes
Response status code: 200
{'model': 'gemma3', 'created_at': '2025-12-02T01:52:48.00090463Z', 'message': {'role': 'assistant', 'content': 'Poorly'}, 'done': True, 'done_reason': 'stop', 'total_duration': 268305271081, 'load_duration': 267319602665, 'prompt_eval_count': 305, 'prompt_eval_duration': 77462285, 'eval_count': 3, 'eval_duration': 18218553}
Response: Poorly
Analyzing frame 53/102: q_19_main_1_30fps_frame0074.png
Prompt: Given the human reaction shown in the image, do you think the situation observed by that human ends well or poorly? (Use only one word -- well or poorly -- to answer)
Image size: 13472 bytes
Response status code: 200
{'model': 'gemma3', 'created_at': '2025-12-02T01:56:59.585964804Z', 'message': {'role': 'assistant', 'content': 'Poorly'}, 'done': True, 'done_reason': 'stop', 'total_duration': 250521136694, 'load_duration': 249573502144, 'prompt_eval_count': 305, 'prompt_eval_duration': 76908985, 'eval_count': 3, 'eval_duration': 18259958}
Response: Poorly
Analyzing frame 54/102: q_19_main_1_30fps_frame0089.png
Prompt: Given the human reaction shown in the image, do you think the situation observed by that human ends well or poorly? (Use only one word -- well or poorly -- to answer)
Image size: 13396 bytes
Response status code: 200
{'model': 'gemma3', 'created_at': '2025-12-02T02:01:40.542446428Z', 'message': {'role': 'assistant', 'content': 'Poorly'}, 'done': True, 'done_reason': 'stop', 'total_duration': 279892576070, 'load_duration': 278930952405, 'prompt_eval_count': 305, 'prompt_eval_duration': 76506608, 'eval_count': 3, 'eval_duration': 18280254}
Response: Poorly
Analyzing frame 55/102: q_20_main_0_30fps_frame0014.png
Prompt: Given the human reaction shown in the image, do you think the situation observed by that human ends well or poorly? (Use only one word -- well or poorly -- to answer)
Image size: 13036 bytes
Response status code: 200
{'model': 'gemma3', 'created_at': '2025-12-02T02:06:09.946863387Z', 'message': {'role': 'assistant', 'content': 'Poorly'}, 'done': True, 'done_reason': 'stop', 'total_duration': 268341636021, 'load_duration': 267378352421, 'prompt_eval_count': 305, 'prompt_eval_duration': 76933694, 'eval_count': 3, 'eval_duration': 18293694}
Response: Poorly
Analyzing frame 56/102: q_20_main_0_30fps_frame0029.png
Prompt: Given the human reaction shown in the image, do you think the situation observed by that human ends well or poorly? (Use only one word -- well or poorly -- to answer)
Image size: 13088 bytes
Response status code: 200
{'model': 'gemma3', 'created_at': '2025-12-02T02:11:02.865572596Z', 'message': {'role': 'assistant', 'content': 'Poorly'}, 'done': True, 'done_reason': 'stop', 'total_duration': 291857664024, 'load_duration': 290896150911, 'prompt_eval_count': 305, 'prompt_eval_duration': 76280177, 'eval_count': 3, 'eval_duration': 18247886}
Response: Poorly
Analyzing frame 57/102: q_20_main_0_30fps_frame0044.png
Prompt: Given the human reaction shown in the image, do you think the situation observed by that human ends well or poorly? (Use only one word -- well or poorly -- to answer)
Image size: 13040 bytes
Response status code: 200
{'model': 'gemma3', 'created_at': '2025-12-02T02:15:21.461304373Z', 'message': {'role': 'assistant', 'content': 'Poorly'}, 'done': True, 'done_reason': 'stop', 'total_duration': 257529136589, 'load_duration': 256557728432, 'prompt_eval_count': 305, 'prompt_eval_duration': 76720714, 'eval_count': 3, 'eval_duration': 18276015}
Response: Poorly
Analyzing frame 58/102: q_20_main_0_30fps_frame0059.png
Prompt: Given the human reaction shown in the image, do you think the situation observed by that human ends well or poorly? (Use only one word -- well or poorly -- to answer)
Image size: 13044 bytes
Response status code: 200
{'model': 'gemma3', 'created_at': '2025-12-02T02:20:01.314500499Z', 'message': {'role': 'assistant', 'content': 'Poorly'}, 'done': True, 'done_reason': 'stop', 'total_duration': 278784627324, 'load_duration': 277824416041, 'prompt_eval_count': 305, 'prompt_eval_duration': 77097828, 'eval_count': 3, 'eval_duration': 18327184}
Response: Poorly
Analyzing frame 59/102: q_20_main_0_30fps_frame0074.png
Prompt: Given the human reaction shown in the image, do you think the situation observed by that human ends well or poorly? (Use only one word -- well or poorly -- to answer)
Image size: 12992 bytes
Response status code: 200
{'model': 'gemma3', 'created_at': '2025-12-02T02:24:32.461334487Z', 'message': {'role': 'assistant', 'content': 'Poorly'}, 'done': True, 'done_reason': 'stop', 'total_duration': 270082018893, 'load_duration': 269105118828, 'prompt_eval_count': 305, 'prompt_eval_duration': 77594490, 'eval_count': 3, 'eval_duration': 18401142}
Response: Poorly
Analyzing frame 60/102: q_20_main_0_30fps_frame0089.png
Prompt: Given the human reaction shown in the image, do you think the situation observed by that human ends well or poorly? (Use only one word -- well or poorly -- to answer)
Image size: 13072 bytes
Response status code: 200
