nohup: ignoring input
Starting frame analysis with llava...
Frames folder: ../../../data/new_reactions/image_dataset_3s/
Output CSV: ./results/results_llava_3s.csv
Prompt: Given the human reaction shown in the image, do you think the situation observed by that humans ends well or poorly? (Use only one word to answer)
Found 30 participants
Total frames: 3312

==================================================
Processing participant 1/30

Processing participant: 1048
Found 96 frames
Analyzing frame 1/96: q_10_main_0_30fps_frame0015.png
Prompt: Given the human reaction shown in the image, do you think the situation observed by that humans ends well or poorly? (Use only one word to answer)
Image size: 19344 bytes
Response status code: 200
{'model': 'llava', 'created_at': '2025-11-28T15:34:07.803348417Z', 'message': {'role': 'assistant', 'content': ' Poorly '}, 'done': True, 'done_reason': 'stop', 'total_duration': 2383712841, 'load_duration': 1984939359, 'prompt_eval_count': 617, 'prompt_eval_duration': 285105414, 'eval_count': 4, 'eval_duration': 29483328}
Response: Poorly
Analyzing frame 2/96: q_10_main_0_30fps_frame0030.png
Prompt: Given the human reaction shown in the image, do you think the situation observed by that humans ends well or poorly? (Use only one word to answer)
Image size: 19352 bytes
Response status code: 200
{'model': 'llava', 'created_at': '2025-11-28T15:34:09.226373142Z', 'message': {'role': 'assistant', 'content': ' Poorly '}, 'done': True, 'done_reason': 'stop', 'total_duration': 391197863, 'load_duration': 20696910, 'prompt_eval_count': 617, 'prompt_eval_duration': 252549683, 'eval_count': 4, 'eval_duration': 31248732}
Response: Poorly
Analyzing frame 3/96: q_10_main_0_30fps_frame0045.png
Prompt: Given the human reaction shown in the image, do you think the situation observed by that humans ends well or poorly? (Use only one word to answer)
Image size: 19300 bytes
Response status code: 200
{'model': 'llava', 'created_at': '2025-11-28T15:34:10.625739886Z', 'message': {'role': 'assistant', 'content': ' Poorly '}, 'done': True, 'done_reason': 'stop', 'total_duration': 368920055, 'load_duration': 18962466, 'prompt_eval_count': 617, 'prompt_eval_duration': 253112500, 'eval_count': 4, 'eval_duration': 29555566}
Response: Poorly
Analyzing frame 4/96: q_10_main_0_30fps_frame0060.png
Prompt: Given the human reaction shown in the image, do you think the situation observed by that humans ends well or poorly? (Use only one word to answer)
Image size: 19284 bytes
Response status code: 200
{'model': 'llava', 'created_at': '2025-11-28T15:34:12.033321839Z', 'message': {'role': 'assistant', 'content': ' Poorly '}, 'done': True, 'done_reason': 'stop', 'total_duration': 380654181, 'load_duration': 38785977, 'prompt_eval_count': 617, 'prompt_eval_duration': 253340667, 'eval_count': 4, 'eval_duration': 29589640}
Response: Poorly
Analyzing frame 5/96: q_10_main_0_30fps_frame0075.png
Prompt: Given the human reaction shown in the image, do you think the situation observed by that humans ends well or poorly? (Use only one word to answer)
Image size: 19344 bytes
Response status code: 200
{'model': 'llava', 'created_at': '2025-11-28T15:34:13.426248886Z', 'message': {'role': 'assistant', 'content': ' Poorly '}, 'done': True, 'done_reason': 'stop', 'total_duration': 362393229, 'load_duration': 25305406, 'prompt_eval_count': 617, 'prompt_eval_duration': 254215120, 'eval_count': 4, 'eval_duration': 29498383}
Response: Poorly
Analyzing frame 6/96: q_10_main_0_30fps_frame0090.png
Prompt: Given the human reaction shown in the image, do you think the situation observed by that humans ends well or poorly? (Use only one word to answer)
Image size: 19320 bytes
Response status code: 200
{'model': 'llava', 'created_at': '2025-11-28T15:34:14.852043771Z', 'message': {'role': 'assistant', 'content': ' Poorly '}, 'done': True, 'done_reason': 'stop', 'total_duration': 399988920, 'load_duration': 25075706, 'prompt_eval_count': 617, 'prompt_eval_duration': 264292057, 'eval_count': 4, 'eval_duration': 29436762}
Response: Poorly
Analyzing frame 7/96: q_12_main_1_30fps_frame0015.png
Prompt: Given the human reaction shown in the image, do you think the situation observed by that humans ends well or poorly? (Use only one word to answer)
Image size: 19052 bytes
Response status code: 200
{'model': 'llava', 'created_at': '2025-11-28T15:34:16.248006992Z', 'message': {'role': 'assistant', 'content': ' Poorly '}, 'done': True, 'done_reason': 'stop', 'total_duration': 366277394, 'load_duration': 26499217, 'prompt_eval_count': 617, 'prompt_eval_duration': 253635669, 'eval_count': 4, 'eval_duration': 30836572}
Response: Poorly
Analyzing frame 8/96: q_12_main_1_30fps_frame0030.png
Prompt: Given the human reaction shown in the image, do you think the situation observed by that humans ends well or poorly? (Use only one word to answer)
Image size: 19096 bytes
Response status code: 200
{'model': 'llava', 'created_at': '2025-11-28T15:34:17.67493431Z', 'message': {'role': 'assistant', 'content': ' Poorly '}, 'done': True, 'done_reason': 'stop', 'total_duration': 396791070, 'load_duration': 32764120, 'prompt_eval_count': 617, 'prompt_eval_duration': 253588147, 'eval_count': 4, 'eval_duration': 29492867}
Response: Poorly
Analyzing frame 9/96: q_12_main_1_30fps_frame0045.png
Prompt: Given the human reaction shown in the image, do you think the situation observed by that humans ends well or poorly? (Use only one word to answer)
Image size: 19104 bytes
Response status code: 200
{'model': 'llava', 'created_at': '2025-11-28T15:34:19.076511004Z', 'message': {'role': 'assistant', 'content': ' Well '}, 'done': True, 'done_reason': 'stop', 'total_duration': 370752606, 'load_duration': 22914502, 'prompt_eval_count': 617, 'prompt_eval_duration': 254855807, 'eval_count': 3, 'eval_duration': 21438081}
Response: Well
Analyzing frame 10/96: q_12_main_1_30fps_frame0060.png
Prompt: Given the human reaction shown in the image, do you think the situation observed by that humans ends well or poorly? (Use only one word to answer)
Image size: 19060 bytes
Response status code: 200
{'model': 'llava', 'created_at': '2025-11-28T15:34:20.453400801Z', 'message': {'role': 'assistant', 'content': ' Well '}, 'done': True, 'done_reason': 'stop', 'total_duration': 352353925, 'load_duration': 21580688, 'prompt_eval_count': 617, 'prompt_eval_duration': 253986109, 'eval_count': 3, 'eval_duration': 20259628}
Response: Well
Analyzing frame 11/96: q_12_main_1_30fps_frame0075.png
Prompt: Given the human reaction shown in the image, do you think the situation observed by that humans ends well or poorly? (Use only one word to answer)
Image size: 19088 bytes
Response status code: 200
{'model': 'llava', 'created_at': '2025-11-28T15:34:21.874426884Z', 'message': {'role': 'assistant', 'content': ' Poorly '}, 'done': True, 'done_reason': 'stop', 'total_duration': 392759420, 'load_duration': 51346838, 'prompt_eval_count': 617, 'prompt_eval_duration': 253956900, 'eval_count': 4, 'eval_duration': 29773029}
Response: Poorly
Analyzing frame 12/96: q_12_main_1_30fps_frame0090.png
Prompt: Given the human reaction shown in the image, do you think the situation observed by that humans ends well or poorly? (Use only one word to answer)
Image size: 19084 bytes
Response status code: 200
{'model': 'llava', 'created_at': '2025-11-28T15:34:23.311287304Z', 'message': {'role': 'assistant', 'content': ' Poorly '}, 'done': True, 'done_reason': 'stop', 'total_duration': 407350489, 'load_duration': 34896646, 'prompt_eval_count': 617, 'prompt_eval_duration': 261266997, 'eval_count': 4, 'eval_duration': 31565844}
Response: Poorly
Analyzing frame 13/96: q_14_main_0_30fps_frame0014.png
Prompt: Given the human reaction shown in the image, do you think the situation observed by that humans ends well or poorly? (Use only one word to answer)
Image size: 19060 bytes
Response status code: 200
{'model': 'llava', 'created_at': '2025-11-28T15:34:31.884845532Z', 'message': {'role': 'assistant', 'content': ' Poorly '}, 'done': True, 'done_reason': 'stop', 'total_duration': 7541779817, 'load_duration': 7153419140, 'prompt_eval_count': 617, 'prompt_eval_duration': 273482938, 'eval_count': 4, 'eval_duration': 29616769}
Response: Poorly
Analyzing frame 14/96: q_14_main_0_30fps_frame0029.png
Prompt: Given the human reaction shown in the image, do you think the situation observed by that humans ends well or poorly? (Use only one word to answer)
Image size: 18948 bytes
Response status code: 200
{'model': 'llava', 'created_at': '2025-11-28T15:34:33.312490825Z', 'message': {'role': 'assistant', 'content': ' Poorly '}, 'done': True, 'done_reason': 'stop', 'total_duration': 396920824, 'load_duration': 30886376, 'prompt_eval_count': 617, 'prompt_eval_duration': 258559563, 'eval_count': 4, 'eval_duration': 29726075}
Response: Poorly
Analyzing frame 15/96: q_14_main_0_30fps_frame0044.png
Prompt: Given the human reaction shown in the image, do you think the situation observed by that humans ends well or poorly? (Use only one word to answer)
Image size: 18908 bytes
Response status code: 200
{'model': 'llava', 'created_at': '2025-11-28T15:34:41.413338446Z', 'message': {'role': 'assistant', 'content': ' Poorly '}, 'done': True, 'done_reason': 'stop', 'total_duration': 7072202415, 'load_duration': 6671284923, 'prompt_eval_count': 617, 'prompt_eval_duration': 276315358, 'eval_count': 4, 'eval_duration': 29740734}
Response: Poorly
Analyzing frame 16/96: q_14_main_0_30fps_frame0059.png
Prompt: Given the human reaction shown in the image, do you think the situation observed by that humans ends well or poorly? (Use only one word to answer)
Image size: 18952 bytes
Response status code: 200
{'model': 'llava', 'created_at': '2025-11-28T15:34:42.849387005Z', 'message': {'role': 'assistant', 'content': ' Poorly '}, 'done': True, 'done_reason': 'stop', 'total_duration': 407579541, 'load_duration': 34934396, 'prompt_eval_count': 617, 'prompt_eval_duration': 259253895, 'eval_count': 4, 'eval_duration': 32849071}
Response: Poorly
Analyzing frame 17/96: q_14_main_0_30fps_frame0074.png
Prompt: Given the human reaction shown in the image, do you think the situation observed by that humans ends well or poorly? (Use only one word to answer)
Image size: 18744 bytes
Response status code: 200
{'model': 'llava', 'created_at': '2025-11-28T15:34:51.072289436Z', 'message': {'role': 'assistant', 'content': ' Poorly '}, 'done': True, 'done_reason': 'stop', 'total_duration': 7191449580, 'load_duration': 6778535967, 'prompt_eval_count': 617, 'prompt_eval_duration': 290632092, 'eval_count': 4, 'eval_duration': 30042332}
Response: Poorly
Analyzing frame 18/96: q_14_main_0_30fps_frame0089.png
Prompt: Given the human reaction shown in the image, do you think the situation observed by that humans ends well or poorly? (Use only one word to answer)
Image size: 18720 bytes
Response status code: 200
{'model': 'llava', 'created_at': '2025-11-28T15:34:52.48536639Z', 'message': {'role': 'assistant', 'content': ' Poorly '}, 'done': True, 'done_reason': 'stop', 'total_duration': 382599751, 'load_duration': 13248894, 'prompt_eval_count': 617, 'prompt_eval_duration': 261596344, 'eval_count': 4, 'eval_duration': 30116242}
Response: Poorly
Analyzing frame 19/96: q_15_main_1_30fps_frame0013.png
Prompt: Given the human reaction shown in the image, do you think the situation observed by that humans ends well or poorly? (Use only one word to answer)
Image size: 19108 bytes
Response status code: 200
{'model': 'llava', 'created_at': '2025-11-28T15:35:00.626120018Z', 'message': {'role': 'assistant', 'content': ' Poorly '}, 'done': True, 'done_reason': 'stop', 'total_duration': 7109142808, 'load_duration': 6698920967, 'prompt_eval_count': 617, 'prompt_eval_duration': 290784123, 'eval_count': 4, 'eval_duration': 30460205}
Response: Poorly
Analyzing frame 20/96: q_15_main_1_30fps_frame0028.png
Prompt: Given the human reaction shown in the image, do you think the situation observed by that humans ends well or poorly? (Use only one word to answer)
Image size: 19148 bytes
Response status code: 200
{'model': 'llava', 'created_at': '2025-11-28T15:35:02.070339549Z', 'message': {'role': 'assistant', 'content': ' Poorly '}, 'done': True, 'done_reason': 'stop', 'total_duration': 411350560, 'load_duration': 43755783, 'prompt_eval_count': 617, 'prompt_eval_duration': 259997200, 'eval_count': 4, 'eval_duration': 29688576}
Response: Poorly
Analyzing frame 21/96: q_15_main_1_30fps_frame0043.png
Prompt: Given the human reaction shown in the image, do you think the situation observed by that humans ends well or poorly? (Use only one word to answer)
Image size: 19164 bytes
Response status code: 200
{'model': 'llava', 'created_at': '2025-11-28T15:35:10.23905358Z', 'message': {'role': 'assistant', 'content': ' Poorly '}, 'done': True, 'done_reason': 'stop', 'total_duration': 7137651798, 'load_duration': 6743002750, 'prompt_eval_count': 617, 'prompt_eval_duration': 276004749, 'eval_count': 4, 'eval_duration': 29705749}
Response: Poorly
Analyzing frame 22/96: q_15_main_1_30fps_frame0058.png
Prompt: Given the human reaction shown in the image, do you think the situation observed by that humans ends well or poorly? (Use only one word to answer)
Image size: 19012 bytes
Response status code: 200
{'model': 'llava', 'created_at': '2025-11-28T15:35:11.676173242Z', 'message': {'role': 'assistant', 'content': ' Poorly '}, 'done': True, 'done_reason': 'stop', 'total_duration': 401485941, 'load_duration': 36431420, 'prompt_eval_count': 617, 'prompt_eval_duration': 259272037, 'eval_count': 4, 'eval_duration': 30864777}
Response: Poorly
Analyzing frame 23/96: q_15_main_1_30fps_frame0073.png
Prompt: Given the human reaction shown in the image, do you think the situation observed by that humans ends well or poorly? (Use only one word to answer)
Image size: 18984 bytes
Response status code: 200
{'model': 'llava', 'created_at': '2025-11-28T15:35:19.871804376Z', 'message': {'role': 'assistant', 'content': ' Poorly '}, 'done': True, 'done_reason': 'stop', 'total_duration': 7167741328, 'load_duration': 6761197311, 'prompt_eval_count': 617, 'prompt_eval_duration': 289021182, 'eval_count': 4, 'eval_duration': 30353185}
Response: Poorly
Analyzing frame 24/96: q_15_main_1_30fps_frame0088.png
Prompt: Given the human reaction shown in the image, do you think the situation observed by that humans ends well or poorly? (Use only one word to answer)
Image size: 18976 bytes
Response status code: 200
{'model': 'llava', 'created_at': '2025-11-28T15:35:21.313439422Z', 'message': {'role': 'assistant', 'content': ' Poorly '}, 'done': True, 'done_reason': 'stop', 'total_duration': 411038441, 'load_duration': 48652416, 'prompt_eval_count': 617, 'prompt_eval_duration': 258626220, 'eval_count': 4, 'eval_duration': 30063067}
Response: Poorly
Analyzing frame 25/96: q_17_main_1_30fps_frame0013.png
Prompt: Given the human reaction shown in the image, do you think the situation observed by that humans ends well or poorly? (Use only one word to answer)
Image size: 19356 bytes
Response status code: 200
{'model': 'llava', 'created_at': '2025-11-28T15:35:29.53832149Z', 'message': {'role': 'assistant', 'content': ' Poorly '}, 'done': True, 'done_reason': 'stop', 'total_duration': 7210238489, 'load_duration': 6815916776, 'prompt_eval_count': 617, 'prompt_eval_duration': 277557860, 'eval_count': 4, 'eval_duration': 29964502}
Response: Poorly
Analyzing frame 26/96: q_17_main_1_30fps_frame0028.png
Prompt: Given the human reaction shown in the image, do you think the situation observed by that humans ends well or poorly? (Use only one word to answer)
Image size: 19416 bytes
Response status code: 200
{'model': 'llava', 'created_at': '2025-11-28T15:35:30.970409324Z', 'message': {'role': 'assistant', 'content': ' Poorly '}, 'done': True, 'done_reason': 'stop', 'total_duration': 401215150, 'load_duration': 39184771, 'prompt_eval_count': 617, 'prompt_eval_duration': 264544037, 'eval_count': 4, 'eval_duration': 32761262}
Response: Poorly
Analyzing frame 27/96: q_17_main_1_30fps_frame0043.png
Prompt: Given the human reaction shown in the image, do you think the situation observed by that humans ends well or poorly? (Use only one word to answer)
Image size: 19392 bytes
Response status code: 200
{'model': 'llava', 'created_at': '2025-11-28T15:35:39.208696341Z', 'message': {'role': 'assistant', 'content': ' Poorly '}, 'done': True, 'done_reason': 'stop', 'total_duration': 7207788211, 'load_duration': 6816750172, 'prompt_eval_count': 617, 'prompt_eval_duration': 278055598, 'eval_count': 4, 'eval_duration': 29852297}
Response: Poorly
Analyzing frame 28/96: q_17_main_1_30fps_frame0058.png
Prompt: Given the human reaction shown in the image, do you think the situation observed by that humans ends well or poorly? (Use only one word to answer)
Image size: 19432 bytes
Response status code: 200
{'model': 'llava', 'created_at': '2025-11-28T15:35:40.611116521Z', 'message': {'role': 'assistant', 'content': ' Poorly '}, 'done': True, 'done_reason': 'stop', 'total_duration': 372040259, 'load_duration': 20654232, 'prompt_eval_count': 617, 'prompt_eval_duration': 268220695, 'eval_count': 4, 'eval_duration': 29803180}
Response: Poorly
Analyzing frame 29/96: q_17_main_1_30fps_frame0073.png
Prompt: Given the human reaction shown in the image, do you think the situation observed by that humans ends well or poorly? (Use only one word to answer)
Image size: 19424 bytes
Response status code: 200
{'model': 'llava', 'created_at': '2025-11-28T15:35:48.830658426Z', 'message': {'role': 'assistant', 'content': ' Poorly '}, 'done': True, 'done_reason': 'stop', 'total_duration': 7189726380, 'load_duration': 6793407604, 'prompt_eval_count': 617, 'prompt_eval_duration': 277112022, 'eval_count': 4, 'eval_duration': 31584231}
Response: Poorly
Analyzing frame 30/96: q_17_main_1_30fps_frame0088.png
Prompt: Given the human reaction shown in the image, do you think the situation observed by that humans ends well or poorly? (Use only one word to answer)
Image size: 19352 bytes
Response status code: 200
{'model': 'llava', 'created_at': '2025-11-28T15:35:50.256270109Z', 'message': {'role': 'assistant', 'content': ' Poorly '}, 'done': True, 'done_reason': 'stop', 'total_duration': 394949392, 'load_duration': 21728925, 'prompt_eval_count': 617, 'prompt_eval_duration': 262072440, 'eval_count': 4, 'eval_duration': 31231546}
Response: Poorly
Analyzing frame 31/96: q_20_main_0_30fps_frame0014.png
Prompt: Given the human reaction shown in the image, do you think the situation observed by that humans ends well or poorly? (Use only one word to answer)
Image size: 19088 bytes
Response status code: 200
{'model': 'llava', 'created_at': '2025-11-28T15:35:58.367326275Z', 'message': {'role': 'assistant', 'content': ' Poorly '}, 'done': True, 'done_reason': 'stop', 'total_duration': 7082688242, 'load_duration': 6688323179, 'prompt_eval_count': 617, 'prompt_eval_duration': 279869165, 'eval_count': 4, 'eval_duration': 29885627}
Response: Poorly
Analyzing frame 32/96: q_20_main_0_30fps_frame0029.png
Prompt: Given the human reaction shown in the image, do you think the situation observed by that humans ends well or poorly? (Use only one word to answer)
Image size: 18976 bytes
Response status code: 200
{'model': 'llava', 'created_at': '2025-11-28T15:35:59.805371676Z', 'message': {'role': 'assistant', 'content': ' Poorly '}, 'done': True, 'done_reason': 'stop', 'total_duration': 407490682, 'load_duration': 33732514, 'prompt_eval_count': 617, 'prompt_eval_duration': 264422540, 'eval_count': 4, 'eval_duration': 31295133}
Response: Poorly
Analyzing frame 33/96: q_20_main_0_30fps_frame0044.png
Prompt: Given the human reaction shown in the image, do you think the situation observed by that humans ends well or poorly? (Use only one word to answer)
Image size: 19024 bytes
Response status code: 200
{'model': 'llava', 'created_at': '2025-11-28T15:36:08.018988592Z', 'message': {'role': 'assistant', 'content': ' Poorly '}, 'done': True, 'done_reason': 'stop', 'total_duration': 7182115763, 'load_duration': 6787393150, 'prompt_eval_count': 617, 'prompt_eval_duration': 279822923, 'eval_count': 4, 'eval_duration': 30491243}
Response: Poorly
Analyzing frame 34/96: q_20_main_0_30fps_frame0059.png
Prompt: Given the human reaction shown in the image, do you think the situation observed by that humans ends well or poorly? (Use only one word to answer)
Image size: 18984 bytes
Response status code: 200
{'model': 'llava', 'created_at': '2025-11-28T15:36:09.462312752Z', 'message': {'role': 'assistant', 'content': ' Poorly '}, 'done': True, 'done_reason': 'stop', 'total_duration': 412015194, 'load_duration': 34223703, 'prompt_eval_count': 617, 'prompt_eval_duration': 262008192, 'eval_count': 4, 'eval_duration': 31627540}
Response: Poorly
Analyzing frame 35/96: q_20_main_0_30fps_frame0074.png
Prompt: Given the human reaction shown in the image, do you think the situation observed by that humans ends well or poorly? (Use only one word to answer)
Image size: 18548 bytes
Response status code: 200
{'model': 'llava', 'created_at': '2025-11-28T15:36:17.716930655Z', 'message': {'role': 'assistant', 'content': ' Poorly '}, 'done': True, 'done_reason': 'stop', 'total_duration': 7224467419, 'load_duration': 6809164502, 'prompt_eval_count': 617, 'prompt_eval_duration': 282295691, 'eval_count': 4, 'eval_duration': 29984350}
Response: Poorly
Analyzing frame 36/96: q_20_main_0_30fps_frame0089.png
Prompt: Given the human reaction shown in the image, do you think the situation observed by that humans ends well or poorly? (Use only one word to answer)
Image size: 18828 bytes
Response status code: 200
{'model': 'llava', 'created_at': '2025-11-28T15:36:19.127364051Z', 'message': {'role': 'assistant', 'content': ' Poorly '}, 'done': True, 'done_reason': 'stop', 'total_duration': 375628115, 'load_duration': 23490597, 'prompt_eval_count': 617, 'prompt_eval_duration': 264980810, 'eval_count': 4, 'eval_duration': 29923331}
Response: Poorly
Analyzing frame 37/96: q_23_main_0_30fps_frame0014.png
Prompt: Given the human reaction shown in the image, do you think the situation observed by that humans ends well or poorly? (Use only one word to answer)
Image size: 19164 bytes
Response status code: 200
{'model': 'llava', 'created_at': '2025-11-28T15:36:27.259420825Z', 'message': {'role': 'assistant', 'content': ' Poorly '}, 'done': True, 'done_reason': 'stop', 'total_duration': 7103294089, 'load_duration': 6695540207, 'prompt_eval_count': 617, 'prompt_eval_duration': 280206036, 'eval_count': 4, 'eval_duration': 30102814}
Response: Poorly
Analyzing frame 38/96: q_23_main_0_30fps_frame0029.png
Prompt: Given the human reaction shown in the image, do you think the situation observed by that humans ends well or poorly? (Use only one word to answer)
Image size: 19188 bytes
Response status code: 200
{'model': 'llava', 'created_at': '2025-11-28T15:36:28.690446423Z', 'message': {'role': 'assistant', 'content': ' Poorly '}, 'done': True, 'done_reason': 'stop', 'total_duration': 403439792, 'load_duration': 32936534, 'prompt_eval_count': 617, 'prompt_eval_duration': 264713136, 'eval_count': 4, 'eval_duration': 31440608}
Response: Poorly
Analyzing frame 39/96: q_23_main_0_30fps_frame0044.png
Prompt: Given the human reaction shown in the image, do you think the situation observed by that humans ends well or poorly? (Use only one word to answer)
Image size: 19236 bytes
Response status code: 200
{'model': 'llava', 'created_at': '2025-11-28T15:36:36.937585145Z', 'message': {'role': 'assistant', 'content': ' Poorly '}, 'done': True, 'done_reason': 'stop', 'total_duration': 7221627728, 'load_duration': 6823904060, 'prompt_eval_count': 617, 'prompt_eval_duration': 281284740, 'eval_count': 4, 'eval_duration': 30294490}
Response: Poorly
Analyzing frame 40/96: q_23_main_0_30fps_frame0059.png
Prompt: Given the human reaction shown in the image, do you think the situation observed by that humans ends well or poorly? (Use only one word to answer)
Image size: 19156 bytes
Response status code: 200
{'model': 'llava', 'created_at': '2025-11-28T15:36:38.381850789Z', 'message': {'role': 'assistant', 'content': ' Poorly '}, 'done': True, 'done_reason': 'stop', 'total_duration': 414218111, 'load_duration': 43114818, 'prompt_eval_count': 617, 'prompt_eval_duration': 263942296, 'eval_count': 4, 'eval_duration': 30121365}
Response: Poorly
Analyzing frame 41/96: q_23_main_0_30fps_frame0074.png
Prompt: Given the human reaction shown in the image, do you think the situation observed by that humans ends well or poorly? (Use only one word to answer)
Image size: 19168 bytes
Response status code: 200
{'model': 'llava', 'created_at': '2025-11-28T15:36:48.237357991Z', 'message': {'role': 'assistant', 'content': ' Poorly '}, 'done': True, 'done_reason': 'stop', 'total_duration': 8826653025, 'load_duration': 8394255924, 'prompt_eval_count': 617, 'prompt_eval_duration': 294986233, 'eval_count': 4, 'eval_duration': 30420401}
Response: Poorly
Analyzing frame 42/96: q_23_main_0_30fps_frame0089.png
Prompt: Given the human reaction shown in the image, do you think the situation observed by that humans ends well or poorly? (Use only one word to answer)
Image size: 19120 bytes
Response status code: 200
{'model': 'llava', 'created_at': '2025-11-28T15:36:49.692065819Z', 'message': {'role': 'assistant', 'content': ' Poorly '}, 'done': True, 'done_reason': 'stop', 'total_duration': 426832880, 'load_duration': 33851446, 'prompt_eval_count': 617, 'prompt_eval_duration': 281321210, 'eval_count': 4, 'eval_duration': 31639803}
Response: Poorly
Analyzing frame 43/96: q_24_main_0_30fps_frame0014.png
Prompt: Given the human reaction shown in the image, do you think the situation observed by that humans ends well or poorly? (Use only one word to answer)
Image size: 19344 bytes
Response status code: 200
{'model': 'llava', 'created_at': '2025-11-28T15:39:44.468790803Z', 'message': {'role': 'assistant', 'content': ' Poorly '}, 'done': True, 'done_reason': 'stop', 'total_duration': 173761066926, 'load_duration': 173328871013, 'prompt_eval_count': 617, 'prompt_eval_duration': 307533243, 'eval_count': 4, 'eval_duration': 30269425}
Response: Poorly
Analyzing frame 44/96: q_24_main_0_30fps_frame0029.png
Prompt: Given the human reaction shown in the image, do you think the situation observed by that humans ends well or poorly? (Use only one word to answer)
Image size: 19340 bytes
Response status code: 200
{'model': 'llava', 'created_at': '2025-11-28T15:39:45.920199705Z', 'message': {'role': 'assistant', 'content': ' Poorly '}, 'done': True, 'done_reason': 'stop', 'total_duration': 368836657, 'load_duration': 24943869, 'prompt_eval_count': 617, 'prompt_eval_duration': 260693811, 'eval_count': 4, 'eval_duration': 30129210}
Response: Poorly
Analyzing frame 45/96: q_24_main_0_30fps_frame0044.png
Prompt: Given the human reaction shown in the image, do you think the situation observed by that humans ends well or poorly? (Use only one word to answer)
Image size: 19344 bytes
Response status code: 200
{'model': 'llava', 'created_at': '2025-11-28T15:40:14.750065Z', 'message': {'role': 'assistant', 'content': ' Poorly '}, 'done': True, 'done_reason': 'stop', 'total_duration': 27793709909, 'load_duration': 27398880406, 'prompt_eval_count': 617, 'prompt_eval_duration': 278539840, 'eval_count': 4, 'eval_duration': 32038210}
Response: Poorly
Analyzing frame 46/96: q_24_main_0_30fps_frame0059.png
Prompt: Given the human reaction shown in the image, do you think the situation observed by that humans ends well or poorly? (Use only one word to answer)
Image size: 19316 bytes
Response status code: 200
{'model': 'llava', 'created_at': '2025-11-28T15:41:01.191483317Z', 'message': {'role': 'assistant', 'content': ' Poorly '}, 'done': True, 'done_reason': 'stop', 'total_duration': 45383918000, 'load_duration': 44933809040, 'prompt_eval_count': 617, 'prompt_eval_duration': 315176750, 'eval_count': 4, 'eval_duration': 30014831}
Response: Poorly
Analyzing frame 47/96: q_24_main_0_30fps_frame0074.png
Prompt: Given the human reaction shown in the image, do you think the situation observed by that humans ends well or poorly? (Use only one word to answer)
Image size: 19304 bytes
Response status code: 200
{'model': 'llava', 'created_at': '2025-11-28T15:41:10.269330692Z', 'message': {'role': 'assistant', 'content': ' Poorly '}, 'done': True, 'done_reason': 'stop', 'total_duration': 8014580738, 'load_duration': 7619575185, 'prompt_eval_count': 617, 'prompt_eval_duration': 281281039, 'eval_count': 4, 'eval_duration': 30329273}
Response: Poorly
Analyzing frame 48/96: q_24_main_0_30fps_frame0089.png
Prompt: Given the human reaction shown in the image, do you think the situation observed by that humans ends well or poorly? (Use only one word to answer)
Image size: 19348 bytes
Response status code: 200
{'model': 'llava', 'created_at': '2025-11-28T15:41:11.687564803Z', 'message': {'role': 'assistant', 'content': ' Poorly '}, 'done': True, 'done_reason': 'stop', 'total_duration': 390543106, 'load_duration': 35070313, 'prompt_eval_count': 617, 'prompt_eval_duration': 262883226, 'eval_count': 4, 'eval_duration': 31424816}
Response: Poorly
Analyzing frame 49/96: q_25_main_0_30fps_frame0014.png
Prompt: Given the human reaction shown in the image, do you think the situation observed by that humans ends well or poorly? (Use only one word to answer)
Image size: 19364 bytes
Response status code: 200
{'model': 'llava', 'created_at': '2025-11-28T15:41:19.921885731Z', 'message': {'role': 'assistant', 'content': ' Poorly '}, 'done': True, 'done_reason': 'stop', 'total_duration': 7189632639, 'load_duration': 6775521921, 'prompt_eval_count': 617, 'prompt_eval_duration': 294827749, 'eval_count': 4, 'eval_duration': 30045908}
Response: Poorly
Analyzing frame 50/96: q_25_main_0_30fps_frame0029.png
Prompt: Given the human reaction shown in the image, do you think the situation observed by that humans ends well or poorly? (Use only one word to answer)
Image size: 19360 bytes
Response status code: 200
{'model': 'llava', 'created_at': '2025-11-28T15:41:21.314872735Z', 'message': {'role': 'assistant', 'content': ' Poorly '}, 'done': True, 'done_reason': 'stop', 'total_duration': 366901168, 'load_duration': 17313498, 'prompt_eval_count': 617, 'prompt_eval_duration': 263822337, 'eval_count': 4, 'eval_duration': 31631652}
Response: Poorly
Analyzing frame 51/96: q_25_main_0_30fps_frame0044.png
Prompt: Given the human reaction shown in the image, do you think the situation observed by that humans ends well or poorly? (Use only one word to answer)
Image size: 19472 bytes
Response status code: 200
{'model': 'llava', 'created_at': '2025-11-28T15:41:29.390463288Z', 'message': {'role': 'assistant', 'content': ' Poorly '}, 'done': True, 'done_reason': 'stop', 'total_duration': 7033647358, 'load_duration': 6614400287, 'prompt_eval_count': 617, 'prompt_eval_duration': 284693033, 'eval_count': 4, 'eval_duration': 30473114}
Response: Poorly
Analyzing frame 52/96: q_25_main_0_30fps_frame0059.png
Prompt: Given the human reaction shown in the image, do you think the situation observed by that humans ends well or poorly? (Use only one word to answer)
Image size: 19236 bytes
Response status code: 200
{'model': 'llava', 'created_at': '2025-11-28T15:41:30.801778666Z', 'message': {'role': 'assistant', 'content': ' Poorly '}, 'done': True, 'done_reason': 'stop', 'total_duration': 381895615, 'load_duration': 26678770, 'prompt_eval_count': 617, 'prompt_eval_duration': 263508496, 'eval_count': 4, 'eval_duration': 31522294}
Response: Poorly
Analyzing frame 53/96: q_25_main_0_30fps_frame0074.png
Prompt: Given the human reaction shown in the image, do you think the situation observed by that humans ends well or poorly? (Use only one word to answer)
Image size: 19304 bytes
Response status code: 200
{'model': 'llava', 'created_at': '2025-11-28T15:41:39.029674398Z', 'message': {'role': 'assistant', 'content': ' Poorly '}, 'done': True, 'done_reason': 'stop', 'total_duration': 7179708254, 'load_duration': 6778221020, 'prompt_eval_count': 617, 'prompt_eval_duration': 282309711, 'eval_count': 4, 'eval_duration': 30553143}
Response: Poorly
Analyzing frame 54/96: q_25_main_0_30fps_frame0089.png
Prompt: Given the human reaction shown in the image, do you think the situation observed by that humans ends well or poorly? (Use only one word to answer)
Image size: 19256 bytes
Response status code: 200
{'model': 'llava', 'created_at': '2025-11-28T15:41:48.234469059Z', 'message': {'role': 'assistant', 'content': ' Poorly '}, 'done': True, 'done_reason': 'stop', 'total_duration': 8150406632, 'load_duration': 7747757558, 'prompt_eval_count': 617, 'prompt_eval_duration': 282038216, 'eval_count': 4, 'eval_duration': 30181827}
Response: Poorly
Analyzing frame 55/96: q_29_main_0_30fps_frame0015.png
Prompt: Given the human reaction shown in the image, do you think the situation observed by that humans ends well or poorly? (Use only one word to answer)
Image size: 19000 bytes
Response status code: 200
{'model': 'llava', 'created_at': '2025-11-28T15:41:57.55080498Z', 'message': {'role': 'assistant', 'content': ' Poorly '}, 'done': True, 'done_reason': 'stop', 'total_duration': 8249928639, 'load_duration': 7843130556, 'prompt_eval_count': 617, 'prompt_eval_duration': 280697443, 'eval_count': 4, 'eval_duration': 30073075}
Response: Poorly
Analyzing frame 56/96: q_29_main_0_30fps_frame0030.png
Prompt: Given the human reaction shown in the image, do you think the situation observed by that humans ends well or poorly? (Use only one word to answer)
Image size: 18940 bytes
Response status code: 200
{'model': 'llava', 'created_at': '2025-11-28T15:41:58.989011475Z', 'message': {'role': 'assistant', 'content': ' Poorly '}, 'done': True, 'done_reason': 'stop', 'total_duration': 406910363, 'load_duration': 31562548, 'prompt_eval_count': 617, 'prompt_eval_duration': 266105901, 'eval_count': 4, 'eval_duration': 30092302}
Response: Poorly
Analyzing frame 57/96: q_29_main_0_30fps_frame0045.png
Prompt: Given the human reaction shown in the image, do you think the situation observed by that humans ends well or poorly? (Use only one word to answer)
Image size: 18896 bytes
Response status code: 200
{'model': 'llava', 'created_at': '2025-11-28T15:42:07.171966591Z', 'message': {'role': 'assistant', 'content': ' Poorly '}, 'done': True, 'done_reason': 'stop', 'total_duration': 7152942608, 'load_duration': 6755551000, 'prompt_eval_count': 617, 'prompt_eval_duration': 281573564, 'eval_count': 4, 'eval_duration': 30045151}
Response: Poorly
Analyzing frame 58/96: q_29_main_0_30fps_frame0060.png
Prompt: Given the human reaction shown in the image, do you think the situation observed by that humans ends well or poorly? (Use only one word to answer)
Image size: 18908 bytes
Response status code: 200
{'model': 'llava', 'created_at': '2025-11-28T15:42:08.573852912Z', 'message': {'role': 'assistant', 'content': ' Poorly '}, 'done': True, 'done_reason': 'stop', 'total_duration': 373793715, 'load_duration': 17388221, 'prompt_eval_count': 617, 'prompt_eval_duration': 270079796, 'eval_count': 4, 'eval_duration': 29936118}
Response: Poorly
Analyzing frame 59/96: q_29_main_0_30fps_frame0075.png
Prompt: Given the human reaction shown in the image, do you think the situation observed by that humans ends well or poorly? (Use only one word to answer)
Image size: 18972 bytes
Response status code: 200
{'model': 'llava', 'created_at': '2025-11-28T15:42:16.754258631Z', 'message': {'role': 'assistant', 'content': ' Poorly '}, 'done': True, 'done_reason': 'stop', 'total_duration': 7135318020, 'load_duration': 6731465728, 'prompt_eval_count': 617, 'prompt_eval_duration': 283600041, 'eval_count': 4, 'eval_duration': 30256128}
Response: Poorly
Analyzing frame 60/96: q_29_main_0_30fps_frame0090.png
Prompt: Given the human reaction shown in the image, do you think the situation observed by that humans ends well or poorly? (Use only one word to answer)
Image size: 18920 bytes
Response status code: 200
{'model': 'llava', 'created_at': '2025-11-28T15:42:18.170662271Z', 'message': {'role': 'assistant', 'content': ' Poorly '}, 'done': True, 'done_reason': 'stop', 'total_duration': 380163565, 'load_duration': 23942960, 'prompt_eval_count': 617, 'prompt_eval_duration': 267976329, 'eval_count': 4, 'eval_duration': 30205288}
Response: Poorly
Analyzing frame 61/96: q_2_main_1_30fps_frame0014.png
Prompt: Given the human reaction shown in the image, do you think the situation observed by that humans ends well or poorly? (Use only one word to answer)
Image size: 18884 bytes
Response status code: 200
{'model': 'llava', 'created_at': '2025-11-28T15:42:26.266899891Z', 'message': {'role': 'assistant', 'content': ' Poorly '}, 'done': True, 'done_reason': 'stop', 'total_duration': 7067855572, 'load_duration': 6654960177, 'prompt_eval_count': 617, 'prompt_eval_duration': 284466774, 'eval_count': 4, 'eval_duration': 30069303}
Response: Poorly
Analyzing frame 62/96: q_2_main_1_30fps_frame0029.png
Prompt: Given the human reaction shown in the image, do you think the situation observed by that humans ends well or poorly? (Use only one word to answer)
Image size: 18780 bytes
Response status code: 200
{'model': 'llava', 'created_at': '2025-11-28T15:42:27.726281339Z', 'message': {'role': 'assistant', 'content': ' Poorly '}, 'done': True, 'done_reason': 'stop', 'total_duration': 415628313, 'load_duration': 34871396, 'prompt_eval_count': 617, 'prompt_eval_duration': 264210548, 'eval_count': 4, 'eval_duration': 29972229}
Response: Poorly
Analyzing frame 63/96: q_2_main_1_30fps_frame0044.png
Prompt: Given the human reaction shown in the image, do you think the situation observed by that humans ends well or poorly? (Use only one word to answer)
Image size: 18764 bytes
Response status code: 200
{'model': 'llava', 'created_at': '2025-11-28T15:42:35.972293979Z', 'message': {'role': 'assistant', 'content': ' Poorly '}, 'done': True, 'done_reason': 'stop', 'total_duration': 7216325300, 'load_duration': 6816003449, 'prompt_eval_count': 617, 'prompt_eval_duration': 282210553, 'eval_count': 4, 'eval_duration': 30054313}
Response: Poorly
Analyzing frame 64/96: q_2_main_1_30fps_frame0059.png
Prompt: Given the human reaction shown in the image, do you think the situation observed by that humans ends well or poorly? (Use only one word to answer)
Image size: 18800 bytes
Response status code: 200
{'model': 'llava', 'created_at': '2025-11-28T15:42:37.413708706Z', 'message': {'role': 'assistant', 'content': ' Poorly '}, 'done': True, 'done_reason': 'stop', 'total_duration': 407271371, 'load_duration': 31996936, 'prompt_eval_count': 617, 'prompt_eval_duration': 267305754, 'eval_count': 4, 'eval_duration': 32395863}
Response: Poorly
Analyzing frame 65/96: q_2_main_1_30fps_frame0074.png
Prompt: Given the human reaction shown in the image, do you think the situation observed by that humans ends well or poorly? (Use only one word to answer)
Image size: 18744 bytes
Response status code: 200
{'model': 'llava', 'created_at': '2025-11-28T15:42:45.697467699Z', 'message': {'role': 'assistant', 'content': ' Poorly '}, 'done': True, 'done_reason': 'stop', 'total_duration': 7252727835, 'load_duration': 6846555414, 'prompt_eval_count': 617, 'prompt_eval_duration': 283042490, 'eval_count': 4, 'eval_duration': 30593547}
Response: Poorly
Analyzing frame 66/96: q_2_main_1_30fps_frame0089.png
Prompt: Given the human reaction shown in the image, do you think the situation observed by that humans ends well or poorly? (Use only one word to answer)
Image size: 18784 bytes
Response status code: 200
{'model': 'llava', 'created_at': '2025-11-28T15:42:47.170578204Z', 'message': {'role': 'assistant', 'content': ' Poorly '}, 'done': True, 'done_reason': 'stop', 'total_duration': 404130225, 'load_duration': 33897223, 'prompt_eval_count': 617, 'prompt_eval_duration': 264588206, 'eval_count': 4, 'eval_duration': 30142314}
Response: Poorly
Analyzing frame 67/96: q_30_main_0_30fps_frame0014.png
Prompt: Given the human reaction shown in the image, do you think the situation observed by that humans ends well or poorly? (Use only one word to answer)
Image size: 19344 bytes
Response status code: 200
{'model': 'llava', 'created_at': '2025-11-28T15:42:55.540639904Z', 'message': {'role': 'assistant', 'content': ' Poorly '}, 'done': True, 'done_reason': 'stop', 'total_duration': 7334542723, 'load_duration': 6927575691, 'prompt_eval_count': 617, 'prompt_eval_duration': 285392853, 'eval_count': 4, 'eval_duration': 30718761}
Response: Poorly
Analyzing frame 68/96: q_30_main_0_30fps_frame0029.png
Prompt: Given the human reaction shown in the image, do you think the situation observed by that humans ends well or poorly? (Use only one word to answer)
Image size: 19264 bytes
Response status code: 200
{'model': 'llava', 'created_at': '2025-11-28T15:42:56.979234977Z', 'message': {'role': 'assistant', 'content': ' Poorly '}, 'done': True, 'done_reason': 'stop', 'total_duration': 392998008, 'load_duration': 32198367, 'prompt_eval_count': 617, 'prompt_eval_duration': 275554253, 'eval_count': 4, 'eval_duration': 29991246}
Response: Poorly
Analyzing frame 69/96: q_30_main_0_30fps_frame0044.png
Prompt: Given the human reaction shown in the image, do you think the situation observed by that humans ends well or poorly? (Use only one word to answer)
Image size: 19296 bytes
Response status code: 200
{'model': 'llava', 'created_at': '2025-11-28T15:43:05.165565869Z', 'message': {'role': 'assistant', 'content': ' Poorly '}, 'done': True, 'done_reason': 'stop', 'total_duration': 7137230227, 'load_duration': 6739087874, 'prompt_eval_count': 617, 'prompt_eval_duration': 282102171, 'eval_count': 4, 'eval_duration': 30365333}
Response: Poorly
Analyzing frame 70/96: q_30_main_0_30fps_frame0059.png
Prompt: Given the human reaction shown in the image, do you think the situation observed by that humans ends well or poorly? (Use only one word to answer)
Image size: 19320 bytes
Response status code: 200
{'model': 'llava', 'created_at': '2025-11-28T15:43:06.590027618Z', 'message': {'role': 'assistant', 'content': ' Poorly '}, 'done': True, 'done_reason': 'stop', 'total_duration': 394632185, 'load_duration': 33166913, 'prompt_eval_count': 617, 'prompt_eval_duration': 274109872, 'eval_count': 4, 'eval_duration': 30314948}
Response: Poorly
Analyzing frame 71/96: q_30_main_0_30fps_frame0074.png
Prompt: Given the human reaction shown in the image, do you think the situation observed by that humans ends well or poorly? (Use only one word to answer)
Image size: 19348 bytes
Response status code: 200
{'model': 'llava', 'created_at': '2025-11-28T15:43:14.716892235Z', 'message': {'role': 'assistant', 'content': ' Poorly '}, 'done': True, 'done_reason': 'stop', 'total_duration': 7097842214, 'load_duration': 6649298256, 'prompt_eval_count': 617, 'prompt_eval_duration': 303017983, 'eval_count': 4, 'eval_duration': 31271953}
Response: Poorly
Analyzing frame 72/96: q_30_main_0_30fps_frame0089.png
Prompt: Given the human reaction shown in the image, do you think the situation observed by that humans ends well or poorly? (Use only one word to answer)
Image size: 19324 bytes
Response status code: 200
{'model': 'llava', 'created_at': '2025-11-28T15:43:16.156481278Z', 'message': {'role': 'assistant', 'content': ' Poorly '}, 'done': True, 'done_reason': 'stop', 'total_duration': 403488547, 'load_duration': 35741231, 'prompt_eval_count': 617, 'prompt_eval_duration': 263998041, 'eval_count': 4, 'eval_duration': 29966881}
Response: Poorly
Analyzing frame 73/96: q_4_main_1_30fps_frame0014.png
Prompt: Given the human reaction shown in the image, do you think the situation observed by that humans ends well or poorly? (Use only one word to answer)
Image size: 19384 bytes
Response status code: 200
{'model': 'llava', 'created_at': '2025-11-28T15:43:24.205593488Z', 'message': {'role': 'assistant', 'content': ' Poorly '}, 'done': True, 'done_reason': 'stop', 'total_duration': 7016346504, 'load_duration': 6601364258, 'prompt_eval_count': 617, 'prompt_eval_duration': 300739332, 'eval_count': 4, 'eval_duration': 30098991}
Response: Poorly
Analyzing frame 74/96: q_4_main_1_30fps_frame0029.png
Prompt: Given the human reaction shown in the image, do you think the situation observed by that humans ends well or poorly? (Use only one word to answer)
Image size: 19396 bytes
Response status code: 200
{'model': 'llava', 'created_at': '2025-11-28T15:43:25.641469203Z', 'message': {'role': 'assistant', 'content': ' Poorly '}, 'done': True, 'done_reason': 'stop', 'total_duration': 390330771, 'load_duration': 34138299, 'prompt_eval_count': 617, 'prompt_eval_duration': 269404534, 'eval_count': 4, 'eval_duration': 29990494}
Response: Poorly
Analyzing frame 75/96: q_4_main_1_30fps_frame0044.png
Prompt: Given the human reaction shown in the image, do you think the situation observed by that humans ends well or poorly? (Use only one word to answer)
Image size: 19428 bytes
Response status code: 200
{'model': 'llava', 'created_at': '2025-11-28T15:43:33.849210446Z', 'message': {'role': 'assistant', 'content': ' Poorly '}, 'done': True, 'done_reason': 'stop', 'total_duration': 7164326257, 'load_duration': 6765879221, 'prompt_eval_count': 617, 'prompt_eval_duration': 282266504, 'eval_count': 4, 'eval_duration': 30079646}
Response: Poorly
Analyzing frame 76/96: q_4_main_1_30fps_frame0059.png
Prompt: Given the human reaction shown in the image, do you think the situation observed by that humans ends well or poorly? (Use only one word to answer)
Image size: 19476 bytes
Response status code: 200
{'model': 'llava', 'created_at': '2025-11-28T15:43:35.286683436Z', 'message': {'role': 'assistant', 'content': ' Poorly '}, 'done': True, 'done_reason': 'stop', 'total_duration': 404464714, 'load_duration': 29820814, 'prompt_eval_count': 617, 'prompt_eval_duration': 267379469, 'eval_count': 4, 'eval_duration': 30091732}
Response: Poorly
Analyzing frame 77/96: q_4_main_1_30fps_frame0074.png
Prompt: Given the human reaction shown in the image, do you think the situation observed by that humans ends well or poorly? (Use only one word to answer)
Image size: 19424 bytes
Response status code: 200
{'model': 'llava', 'created_at': '2025-11-28T15:43:43.549894248Z', 'message': {'role': 'assistant', 'content': ' Poorly '}, 'done': True, 'done_reason': 'stop', 'total_duration': 7228032848, 'load_duration': 6825719708, 'prompt_eval_count': 617, 'prompt_eval_duration': 280178895, 'eval_count': 4, 'eval_duration': 30972370}
Response: Poorly
Analyzing frame 78/96: q_4_main_1_30fps_frame0089.png
Prompt: Given the human reaction shown in the image, do you think the situation observed by that humans ends well or poorly? (Use only one word to answer)
Image size: 19440 bytes
Response status code: 200
{'model': 'llava', 'created_at': '2025-11-28T15:43:44.991400009Z', 'message': {'role': 'assistant', 'content': ' Poorly '}, 'done': True, 'done_reason': 'stop', 'total_duration': 403355741, 'load_duration': 32616513, 'prompt_eval_count': 617, 'prompt_eval_duration': 266017138, 'eval_count': 4, 'eval_duration': 31525513}
Response: Poorly
Analyzing frame 79/96: q_6_main_1_30fps_frame0015.png
Prompt: Given the human reaction shown in the image, do you think the situation observed by that humans ends well or poorly? (Use only one word to answer)
Image size: 19356 bytes
Response status code: 200
{'model': 'llava', 'created_at': '2025-11-28T15:43:53.135608314Z', 'message': {'role': 'assistant', 'content': ' Poorly '}, 'done': True, 'done_reason': 'stop', 'total_duration': 7093985093, 'load_duration': 6662618403, 'prompt_eval_count': 617, 'prompt_eval_duration': 300283841, 'eval_count': 4, 'eval_duration': 30076815}
Response: Poorly
Analyzing frame 80/96: q_6_main_1_30fps_frame0030.png
Prompt: Given the human reaction shown in the image, do you think the situation observed by that humans ends well or poorly? (Use only one word to answer)
Image size: 19376 bytes
Response status code: 200
{'model': 'llava', 'created_at': '2025-11-28T15:43:54.5907108Z', 'message': {'role': 'assistant', 'content': ' Poorly '}, 'done': True, 'done_reason': 'stop', 'total_duration': 410090970, 'load_duration': 31464589, 'prompt_eval_count': 617, 'prompt_eval_duration': 266720056, 'eval_count': 4, 'eval_duration': 31597845}
Response: Poorly
Analyzing frame 81/96: q_6_main_1_30fps_frame0045.png
Prompt: Given the human reaction shown in the image, do you think the situation observed by that humans ends well or poorly? (Use only one word to answer)
Image size: 19380 bytes
Response status code: 200
{'model': 'llava', 'created_at': '2025-11-28T15:44:02.898215868Z', 'message': {'role': 'assistant', 'content': ' Poorly '}, 'done': True, 'done_reason': 'stop', 'total_duration': 7268592905, 'load_duration': 6851075772, 'prompt_eval_count': 617, 'prompt_eval_duration': 285595574, 'eval_count': 4, 'eval_duration': 30316967}
Response: Poorly
Analyzing frame 82/96: q_6_main_1_30fps_frame0060.png
Prompt: Given the human reaction shown in the image, do you think the situation observed by that humans ends well or poorly? (Use only one word to answer)
Image size: 19340 bytes
Response status code: 200
{'model': 'llava', 'created_at': '2025-11-28T15:44:04.346013425Z', 'message': {'role': 'assistant', 'content': ' Poorly '}, 'done': True, 'done_reason': 'stop', 'total_duration': 415389982, 'load_duration': 32667865, 'prompt_eval_count': 617, 'prompt_eval_duration': 265216849, 'eval_count': 4, 'eval_duration': 31505404}
Response: Poorly
Analyzing frame 83/96: q_6_main_1_30fps_frame0075.png
Prompt: Given the human reaction shown in the image, do you think the situation observed by that humans ends well or poorly? (Use only one word to answer)
Image size: 19384 bytes
Response status code: 200
{'model': 'llava', 'created_at': '2025-11-28T15:44:12.473593454Z', 'message': {'role': 'assistant', 'content': ' Poorly '}, 'done': True, 'done_reason': 'stop', 'total_duration': 7080991010, 'load_duration': 6678809093, 'prompt_eval_count': 617, 'prompt_eval_duration': 285904818, 'eval_count': 4, 'eval_duration': 30360206}
Response: Poorly
Analyzing frame 84/96: q_6_main_1_30fps_frame0090.png
Prompt: Given the human reaction shown in the image, do you think the situation observed by that humans ends well or poorly? (Use only one word to answer)
Image size: 19260 bytes
Response status code: 200
{'model': 'llava', 'created_at': '2025-11-28T15:44:13.918523573Z', 'message': {'role': 'assistant', 'content': ' Poorly '}, 'done': True, 'done_reason': 'stop', 'total_duration': 396069920, 'load_duration': 29806641, 'prompt_eval_count': 617, 'prompt_eval_duration': 265779234, 'eval_count': 4, 'eval_duration': 31667350}
Response: Poorly
Analyzing frame 85/96: q_warmup_3_main_1_30fps_frame0013.png
Prompt: Given the human reaction shown in the image, do you think the situation observed by that humans ends well or poorly? (Use only one word to answer)
Image size: 19156 bytes
Response status code: 200
{'model': 'llava', 'created_at': '2025-11-28T15:44:22.036816473Z', 'message': {'role': 'assistant', 'content': ' Poorly '}, 'done': True, 'done_reason': 'stop', 'total_duration': 7087874413, 'load_duration': 6681199917, 'prompt_eval_count': 617, 'prompt_eval_duration': 284399565, 'eval_count': 4, 'eval_duration': 30041256}
Response: Poorly
Analyzing frame 86/96: q_warmup_3_main_1_30fps_frame0028.png
Prompt: Given the human reaction shown in the image, do you think the situation observed by that humans ends well or poorly? (Use only one word to answer)
Image size: 19180 bytes
Response status code: 200
{'model': 'llava', 'created_at': '2025-11-28T15:44:23.48589227Z', 'message': {'role': 'assistant', 'content': ' Poorly '}, 'done': True, 'done_reason': 'stop', 'total_duration': 399941902, 'load_duration': 32205708, 'prompt_eval_count': 617, 'prompt_eval_duration': 272684208, 'eval_count': 4, 'eval_duration': 30295336}
Response: Poorly
Analyzing frame 87/96: q_warmup_3_main_1_30fps_frame0043.png
Prompt: Given the human reaction shown in the image, do you think the situation observed by that humans ends well or poorly? (Use only one word to answer)
Image size: 19188 bytes
Response status code: 200
{'model': 'llava', 'created_at': '2025-11-28T15:44:31.787783712Z', 'message': {'role': 'assistant', 'content': ' Poorly '}, 'done': True, 'done_reason': 'stop', 'total_duration': 7264463783, 'load_duration': 6840840371, 'prompt_eval_count': 617, 'prompt_eval_duration': 299116775, 'eval_count': 4, 'eval_duration': 30164710}
Response: Poorly
Analyzing frame 88/96: q_warmup_3_main_1_30fps_frame0058.png
Prompt: Given the human reaction shown in the image, do you think the situation observed by that humans ends well or poorly? (Use only one word to answer)
Image size: 19188 bytes
Response status code: 200
{'model': 'llava', 'created_at': '2025-11-28T15:44:33.241988888Z', 'message': {'role': 'assistant', 'content': ' Poorly '}, 'done': True, 'done_reason': 'stop', 'total_duration': 402889533, 'load_duration': 33631635, 'prompt_eval_count': 617, 'prompt_eval_duration': 265550135, 'eval_count': 4, 'eval_duration': 30018257}
Response: Poorly
Analyzing frame 89/96: q_warmup_3_main_1_30fps_frame0073.png
Prompt: Given the human reaction shown in the image, do you think the situation observed by that humans ends well or poorly? (Use only one word to answer)
Image size: 19256 bytes
Response status code: 200
{'model': 'llava', 'created_at': '2025-11-28T15:44:41.403627544Z', 'message': {'role': 'assistant', 'content': ' Poorly '}, 'done': True, 'done_reason': 'stop', 'total_duration': 7121420862, 'load_duration': 6706149883, 'prompt_eval_count': 617, 'prompt_eval_duration': 290941165, 'eval_count': 4, 'eval_duration': 30284806}
Response: Poorly
Analyzing frame 90/96: q_warmup_3_main_1_30fps_frame0088.png
Prompt: Given the human reaction shown in the image, do you think the situation observed by that humans ends well or poorly? (Use only one word to answer)
Image size: 19200 bytes
Response status code: 200
{'model': 'llava', 'created_at': '2025-11-28T15:44:42.856639126Z', 'message': {'role': 'assistant', 'content': ' Poorly '}, 'done': True, 'done_reason': 'stop', 'total_duration': 421725947, 'load_duration': 30757331, 'prompt_eval_count': 617, 'prompt_eval_duration': 276525378, 'eval_count': 4, 'eval_duration': 30086520}
Response: Poorly
Analyzing frame 91/96: q_warmup_5_main_0_30fps_frame0015.png
Prompt: Given the human reaction shown in the image, do you think the situation observed by that humans ends well or poorly? (Use only one word to answer)
Image size: 19052 bytes
Response status code: 200
{'model': 'llava', 'created_at': '2025-11-28T15:44:51.064368676Z', 'message': {'role': 'assistant', 'content': ' Poorly '}, 'done': True, 'done_reason': 'stop', 'total_duration': 7177127642, 'load_duration': 6759307685, 'prompt_eval_count': 617, 'prompt_eval_duration': 288023915, 'eval_count': 4, 'eval_duration': 30113880}
Response: Poorly
Analyzing frame 92/96: q_warmup_5_main_0_30fps_frame0030.png
Prompt: Given the human reaction shown in the image, do you think the situation observed by that humans ends well or poorly? (Use only one word to answer)
Image size: 19052 bytes
Response status code: 200
{'model': 'llava', 'created_at': '2025-11-28T15:44:52.516113951Z', 'message': {'role': 'assistant', 'content': ' Poorly '}, 'done': True, 'done_reason': 'stop', 'total_duration': 421870569, 'load_duration': 33530737, 'prompt_eval_count': 617, 'prompt_eval_duration': 269652426, 'eval_count': 4, 'eval_duration': 30421470}
Response: Poorly
Analyzing frame 93/96: q_warmup_5_main_0_30fps_frame0045.png
Prompt: Given the human reaction shown in the image, do you think the situation observed by that humans ends well or poorly? (Use only one word to answer)
Image size: 19120 bytes
Response status code: 200
{'model': 'llava', 'created_at': '2025-11-28T15:45:00.895503832Z', 'message': {'role': 'assistant', 'content': ' Poorly '}, 'done': True, 'done_reason': 'stop', 'total_duration': 7349718704, 'load_duration': 6929687046, 'prompt_eval_count': 617, 'prompt_eval_duration': 290769973, 'eval_count': 4, 'eval_duration': 30488809}
Response: Poorly
Analyzing frame 94/96: q_warmup_5_main_0_30fps_frame0060.png
Prompt: Given the human reaction shown in the image, do you think the situation observed by that humans ends well or poorly? (Use only one word to answer)
Image size: 19008 bytes
Response status code: 200
{'model': 'llava', 'created_at': '2025-11-28T15:45:10.355435531Z', 'message': {'role': 'assistant', 'content': ' Poorly '}, 'done': True, 'done_reason': 'stop', 'total_duration': 8418709055, 'load_duration': 7993419700, 'prompt_eval_count': 617, 'prompt_eval_duration': 302078725, 'eval_count': 4, 'eval_duration': 30466943}
Response: Poorly
Analyzing frame 95/96: q_warmup_5_main_0_30fps_frame0075.png
Prompt: Given the human reaction shown in the image, do you think the situation observed by that humans ends well or poorly? (Use only one word to answer)
Image size: 18964 bytes
Response status code: 200
{'model': 'llava', 'created_at': '2025-11-28T15:45:11.764050613Z', 'message': {'role': 'assistant', 'content': ' Poorly '}, 'done': True, 'done_reason': 'stop', 'total_duration': 378959544, 'load_duration': 21611503, 'prompt_eval_count': 617, 'prompt_eval_duration': 271257833, 'eval_count': 4, 'eval_duration': 30098898}
Response: Poorly
Analyzing frame 96/96: q_warmup_5_main_0_30fps_frame0090.png
Prompt: Given the human reaction shown in the image, do you think the situation observed by that humans ends well or poorly? (Use only one word to answer)
Image size: 19008 bytes
Response status code: 200
{'model': 'llava', 'created_at': '2025-11-28T15:45:19.995430893Z', 'message': {'role': 'assistant', 'content': ' Poorly '}, 'done': True, 'done_reason': 'stop', 'total_duration': 7201840958, 'load_duration': 6773482804, 'prompt_eval_count': 617, 'prompt_eval_duration': 300516340, 'eval_count': 4, 'eval_duration': 30192200}
Response: Poorly
Processed 96 frames for participant 1048

Results saved to ./results/results_llava_3s.csv
Total frames processed: 96

==================================================
Processing participant 2/30

Processing participant: 1251
Found 102 frames
Analyzing frame 1/102: q_10_main_0_30fps_frame0015.png
Prompt: Given the human reaction shown in the image, do you think the situation observed by that humans ends well or poorly? (Use only one word to answer)
Image size: 14248 bytes
Response status code: 200
{'model': 'llava', 'created_at': '2025-11-28T15:45:21.45683798Z', 'message': {'role': 'assistant', 'content': ' Poorly '}, 'done': True, 'done_reason': 'stop', 'total_duration': 407685878, 'load_duration': 33786097, 'prompt_eval_count': 617, 'prompt_eval_duration': 267422029, 'eval_count': 4, 'eval_duration': 29990112}
Response: Poorly
Analyzing frame 2/102: q_10_main_0_30fps_frame0030.png
Prompt: Given the human reaction shown in the image, do you think the situation observed by that humans ends well or poorly? (Use only one word to answer)
Image size: 14204 bytes
Response status code: 200
{'model': 'llava', 'created_at': '2025-11-28T15:45:29.697275297Z', 'message': {'role': 'assistant', 'content': ' Poorly '}, 'done': True, 'done_reason': 'stop', 'total_duration': 7199609356, 'load_duration': 6789801472, 'prompt_eval_count': 617, 'prompt_eval_duration': 286323655, 'eval_count': 4, 'eval_duration': 30490560}
Response: Poorly
Analyzing frame 3/102: q_10_main_0_30fps_frame0045.png
Prompt: Given the human reaction shown in the image, do you think the situation observed by that humans ends well or poorly? (Use only one word to answer)
Image size: 12864 bytes
Response status code: 200
{'model': 'llava', 'created_at': '2025-11-28T15:45:31.134500533Z', 'message': {'role': 'assistant', 'content': ' Poorly '}, 'done': True, 'done_reason': 'stop', 'total_duration': 407848431, 'load_duration': 31530832, 'prompt_eval_count': 617, 'prompt_eval_duration': 267518093, 'eval_count': 4, 'eval_duration': 30041740}
Response: Poorly
Analyzing frame 4/102: q_10_main_0_30fps_frame0060.png
Prompt: Given the human reaction shown in the image, do you think the situation observed by that humans ends well or poorly? (Use only one word to answer)
Image size: 12900 bytes
Response status code: 200
{'model': 'llava', 'created_at': '2025-11-28T15:45:39.172793546Z', 'message': {'role': 'assistant', 'content': ' Poorly '}, 'done': True, 'done_reason': 'stop', 'total_duration': 6992366704, 'load_duration': 6590740313, 'prompt_eval_count': 617, 'prompt_eval_duration': 284649449, 'eval_count': 4, 'eval_duration': 30452320}
Response: Poorly
Analyzing frame 5/102: q_10_main_0_30fps_frame0075.png
Prompt: Given the human reaction shown in the image, do you think the situation observed by that humans ends well or poorly? (Use only one word to answer)
Image size: 12840 bytes
Response status code: 200
{'model': 'llava', 'created_at': '2025-11-28T15:45:40.622485966Z', 'message': {'role': 'assistant', 'content': ' Poorly '}, 'done': True, 'done_reason': 'stop', 'total_duration': 407839789, 'load_duration': 32613957, 'prompt_eval_count': 617, 'prompt_eval_duration': 268098309, 'eval_count': 4, 'eval_duration': 30006966}
Response: Poorly
Analyzing frame 6/102: q_10_main_0_30fps_frame0090.png
Prompt: Given the human reaction shown in the image, do you think the situation observed by that humans ends well or poorly? (Use only one word to answer)
Image size: 13348 bytes
Response status code: 200
{'model': 'llava', 'created_at': '2025-11-28T15:45:48.672252927Z', 'message': {'role': 'assistant', 'content': ' Poorly '}, 'done': True, 'done_reason': 'stop', 'total_duration': 7013104628, 'load_duration': 6593294919, 'prompt_eval_count': 617, 'prompt_eval_duration': 286000237, 'eval_count': 4, 'eval_duration': 30517912}
Response: Poorly
Analyzing frame 7/102: q_11_main_1_30fps_frame0014.png
Prompt: Given the human reaction shown in the image, do you think the situation observed by that humans ends well or poorly? (Use only one word to answer)
Image size: 13824 bytes
Response status code: 200
{'model': 'llava', 'created_at': '2025-11-28T15:45:57.925305257Z', 'message': {'role': 'assistant', 'content': ' Poorly '}, 'done': True, 'done_reason': 'stop', 'total_duration': 8208845770, 'load_duration': 7810859391, 'prompt_eval_count': 617, 'prompt_eval_duration': 281106374, 'eval_count': 4, 'eval_duration': 30579998}
Response: Poorly
Analyzing frame 8/102: q_11_main_1_30fps_frame0029.png
Prompt: Given the human reaction shown in the image, do you think the situation observed by that humans ends well or poorly? (Use only one word to answer)
Image size: 13856 bytes
Response status code: 200
{'model': 'llava', 'created_at': '2025-11-28T15:45:59.34305271Z', 'message': {'role': 'assistant', 'content': ' Poorly '}, 'done': True, 'done_reason': 'stop', 'total_duration': 378983131, 'load_duration': 25705370, 'prompt_eval_count': 617, 'prompt_eval_duration': 265613477, 'eval_count': 4, 'eval_duration': 30401897}
Response: Poorly
Analyzing frame 9/102: q_11_main_1_30fps_frame0044.png
Prompt: Given the human reaction shown in the image, do you think the situation observed by that humans ends well or poorly? (Use only one word to answer)
Image size: 13868 bytes
Response status code: 200
{'model': 'llava', 'created_at': '2025-11-28T15:46:07.615359873Z', 'message': {'role': 'assistant', 'content': ' Poorly '}, 'done': True, 'done_reason': 'stop', 'total_duration': 7242813970, 'load_duration': 6832424487, 'prompt_eval_count': 617, 'prompt_eval_duration': 291225531, 'eval_count': 4, 'eval_duration': 31003317}
Response: Poorly
Analyzing frame 10/102: q_11_main_1_30fps_frame0059.png
Prompt: Given the human reaction shown in the image, do you think the situation observed by that humans ends well or poorly? (Use only one word to answer)
Image size: 11276 bytes
Response status code: 200
{'model': 'llava', 'created_at': '2025-11-28T15:46:09.043432795Z', 'message': {'role': 'assistant', 'content': ' Poorly '}, 'done': True, 'done_reason': 'stop', 'total_duration': 393829529, 'load_duration': 33819463, 'prompt_eval_count': 617, 'prompt_eval_duration': 263923794, 'eval_count': 4, 'eval_duration': 31496775}
Response: Poorly
Analyzing frame 11/102: q_11_main_1_30fps_frame0074.png
Prompt: Given the human reaction shown in the image, do you think the situation observed by that humans ends well or poorly? (Use only one word to answer)
Image size: 12580 bytes
Response status code: 200
{'model': 'llava', 'created_at': '2025-11-28T15:46:17.152059644Z', 'message': {'role': 'assistant', 'content': ' Poorly '}, 'done': True, 'done_reason': 'stop', 'total_duration': 7079463322, 'load_duration': 6676238208, 'prompt_eval_count': 617, 'prompt_eval_duration': 282455756, 'eval_count': 4, 'eval_duration': 30119557}
Response: Poorly
Analyzing frame 12/102: q_11_main_1_30fps_frame0089.png
Prompt: Given the human reaction shown in the image, do you think the situation observed by that humans ends well or poorly? (Use only one word to answer)
Image size: 12780 bytes
Response status code: 200
{'model': 'llava', 'created_at': '2025-11-28T15:46:18.580767252Z', 'message': {'role': 'assistant', 'content': ' Poorly '}, 'done': True, 'done_reason': 'stop', 'total_duration': 393141171, 'load_duration': 37858568, 'prompt_eval_count': 617, 'prompt_eval_duration': 265131494, 'eval_count': 4, 'eval_duration': 30263178}
Response: Poorly
Analyzing frame 13/102: q_12_main_1_30fps_frame0015.png
Prompt: Given the human reaction shown in the image, do you think the situation observed by that humans ends well or poorly? (Use only one word to answer)
Image size: 13612 bytes
Response status code: 200
{'model': 'llava', 'created_at': '2025-11-28T15:46:26.738081129Z', 'message': {'role': 'assistant', 'content': ' Poorly '}, 'done': True, 'done_reason': 'stop', 'total_duration': 7115748654, 'load_duration': 6716524410, 'prompt_eval_count': 617, 'prompt_eval_duration': 282492313, 'eval_count': 4, 'eval_duration': 30299453}
Response: Poorly
Analyzing frame 14/102: q_12_main_1_30fps_frame0030.png
Prompt: Given the human reaction shown in the image, do you think the situation observed by that humans ends well or poorly? (Use only one word to answer)
Image size: 11500 bytes
Response status code: 200
{'model': 'llava', 'created_at': '2025-11-28T15:46:28.150365497Z', 'message': {'role': 'assistant', 'content': ' Poorly '}, 'done': True, 'done_reason': 'stop', 'total_duration': 384135988, 'load_duration': 25392427, 'prompt_eval_count': 617, 'prompt_eval_duration': 270853699, 'eval_count': 4, 'eval_duration': 31663638}
Response: Poorly
Analyzing frame 15/102: q_12_main_1_30fps_frame0045.png
Prompt: Given the human reaction shown in the image, do you think the situation observed by that humans ends well or poorly? (Use only one word to answer)
Image size: 10152 bytes
Response status code: 200
{'model': 'llava', 'created_at': '2025-11-28T15:46:36.301874174Z', 'message': {'role': 'assistant', 'content': ' Poorly '}, 'done': True, 'done_reason': 'stop', 'total_duration': 7126672617, 'load_duration': 6714582750, 'prompt_eval_count': 617, 'prompt_eval_duration': 282702413, 'eval_count': 4, 'eval_duration': 30020327}
Response: Poorly
Analyzing frame 16/102: q_12_main_1_30fps_frame0060.png
Prompt: Given the human reaction shown in the image, do you think the situation observed by that humans ends well or poorly? (Use only one word to answer)
Image size: 12684 bytes
Response status code: 200
{'model': 'llava', 'created_at': '2025-11-28T15:46:37.726572659Z', 'message': {'role': 'assistant', 'content': ' Poorly '}, 'done': True, 'done_reason': 'stop', 'total_duration': 391195805, 'load_duration': 22177086, 'prompt_eval_count': 617, 'prompt_eval_duration': 268735667, 'eval_count': 4, 'eval_duration': 32063805}
Response: Poorly
Analyzing frame 17/102: q_12_main_1_30fps_frame0075.png
Prompt: Given the human reaction shown in the image, do you think the situation observed by that humans ends well or poorly? (Use only one word to answer)
Image size: 13140 bytes
Response status code: 200
{'model': 'llava', 'created_at': '2025-11-28T15:46:45.995378235Z', 'message': {'role': 'assistant', 'content': ' Poorly '}, 'done': True, 'done_reason': 'stop', 'total_duration': 7239133224, 'load_duration': 6826241892, 'prompt_eval_count': 617, 'prompt_eval_duration': 284159359, 'eval_count': 4, 'eval_duration': 32939634}
Response: Poorly
Analyzing frame 18/102: q_12_main_1_30fps_frame0090.png
Prompt: Given the human reaction shown in the image, do you think the situation observed by that humans ends well or poorly? (Use only one word to answer)
Image size: 13220 bytes
Response status code: 200
{'model': 'llava', 'created_at': '2025-11-28T15:46:47.426957797Z', 'message': {'role': 'assistant', 'content': ' Poorly '}, 'done': True, 'done_reason': 'stop', 'total_duration': 390028946, 'load_duration': 19423350, 'prompt_eval_count': 617, 'prompt_eval_duration': 264015814, 'eval_count': 4, 'eval_duration': 31349798}
Response: Poorly
Analyzing frame 19/102: q_1_main_0_30fps_frame0015.png
Prompt: Given the human reaction shown in the image, do you think the situation observed by that humans ends well or poorly? (Use only one word to answer)
Image size: 12104 bytes
Response status code: 200
{'model': 'llava', 'created_at': '2025-11-28T15:46:55.596299741Z', 'message': {'role': 'assistant', 'content': ' Poorly '}, 'done': True, 'done_reason': 'stop', 'total_duration': 7132123317, 'load_duration': 6719877718, 'prompt_eval_count': 617, 'prompt_eval_duration': 293248124, 'eval_count': 4, 'eval_duration': 30374607}
Response: Poorly
Analyzing frame 20/102: q_1_main_0_30fps_frame0030.png
Prompt: Given the human reaction shown in the image, do you think the situation observed by that humans ends well or poorly? (Use only one word to answer)
Image size: 12116 bytes
Response status code: 200
{'model': 'llava', 'created_at': '2025-11-28T15:46:57.038891116Z', 'message': {'role': 'assistant', 'content': ' Poorly '}, 'done': True, 'done_reason': 'stop', 'total_duration': 404657484, 'load_duration': 20838003, 'prompt_eval_count': 617, 'prompt_eval_duration': 273694924, 'eval_count': 4, 'eval_duration': 33105434}
Response: Poorly
Analyzing frame 21/102: q_1_main_0_30fps_frame0045.png
Prompt: Given the human reaction shown in the image, do you think the situation observed by that humans ends well or poorly? (Use only one word to answer)
Image size: 11432 bytes
Response status code: 200
{'model': 'llava', 'created_at': '2025-11-28T15:47:05.303938025Z', 'message': {'role': 'assistant', 'content': ' Poorly '}, 'done': True, 'done_reason': 'stop', 'total_duration': 7236902642, 'load_duration': 6827218224, 'prompt_eval_count': 617, 'prompt_eval_duration': 293304533, 'eval_count': 4, 'eval_duration': 30053326}
Response: Poorly
Analyzing frame 22/102: q_1_main_0_30fps_frame0060.png
Prompt: Given the human reaction shown in the image, do you think the situation observed by that humans ends well or poorly? (Use only one word to answer)
Image size: 10008 bytes
Response status code: 200
{'model': 'llava', 'created_at': '2025-11-28T15:47:06.718004258Z', 'message': {'role': 'assistant', 'content': ' Poorly '}, 'done': True, 'done_reason': 'stop', 'total_duration': 380825901, 'load_duration': 26696566, 'prompt_eval_count': 617, 'prompt_eval_duration': 267808592, 'eval_count': 4, 'eval_duration': 30280796}
Response: Poorly
Analyzing frame 23/102: q_1_main_0_30fps_frame0075.png
Prompt: Given the human reaction shown in the image, do you think the situation observed by that humans ends well or poorly? (Use only one word to answer)
Image size: 10792 bytes
Response status code: 200
{'model': 'llava', 'created_at': '2025-11-28T15:47:14.972266021Z', 'message': {'role': 'assistant', 'content': ' Poorly '}, 'done': True, 'done_reason': 'stop', 'total_duration': 7226541155, 'load_duration': 6809676236, 'prompt_eval_count': 617, 'prompt_eval_duration': 299280493, 'eval_count': 4, 'eval_duration': 30020392}
Response: Poorly
Analyzing frame 24/102: q_1_main_0_30fps_frame0090.png
Prompt: Given the human reaction shown in the image, do you think the situation observed by that humans ends well or poorly? (Use only one word to answer)
Image size: 11400 bytes
Response status code: 200
{'model': 'llava', 'created_at': '2025-11-28T15:47:16.394350896Z', 'message': {'role': 'assistant', 'content': ' Poorly '}, 'done': True, 'done_reason': 'stop', 'total_duration': 376008765, 'load_duration': 22834100, 'prompt_eval_count': 617, 'prompt_eval_duration': 268975157, 'eval_count': 4, 'eval_duration': 30095047}
Response: Poorly
Analyzing frame 25/102: q_21_main_0_30fps_frame0015.png
Prompt: Given the human reaction shown in the image, do you think the situation observed by that humans ends well or poorly? (Use only one word to answer)
Image size: 14028 bytes
Response status code: 200
{'model': 'llava', 'created_at': '2025-11-28T15:47:24.465533848Z', 'message': {'role': 'assistant', 'content': ' Poorly '}, 'done': True, 'done_reason': 'stop', 'total_duration': 7030475426, 'load_duration': 6619920491, 'prompt_eval_count': 617, 'prompt_eval_duration': 283554470, 'eval_count': 4, 'eval_duration': 29972116}
Response: Poorly
Analyzing frame 26/102: q_21_main_0_30fps_frame0030.png
Prompt: Given the human reaction shown in the image, do you think the situation observed by that humans ends well or poorly? (Use only one word to answer)
Image size: 14044 bytes
Response status code: 200
{'model': 'llava', 'created_at': '2025-11-28T15:47:25.901022406Z', 'message': {'role': 'assistant', 'content': ' Poorly '}, 'done': True, 'done_reason': 'stop', 'total_duration': 404896315, 'load_duration': 32868079, 'prompt_eval_count': 617, 'prompt_eval_duration': 265351300, 'eval_count': 4, 'eval_duration': 29945045}
Response: Poorly
Analyzing frame 27/102: q_21_main_0_30fps_frame0045.png
Prompt: Given the human reaction shown in the image, do you think the situation observed by that humans ends well or poorly? (Use only one word to answer)
Image size: 14052 bytes
Response status code: 200
{'model': 'llava', 'created_at': '2025-11-28T15:47:34.121687478Z', 'message': {'role': 'assistant', 'content': ' Poorly '}, 'done': True, 'done_reason': 'stop', 'total_duration': 7189669808, 'load_duration': 6789498678, 'prompt_eval_count': 617, 'prompt_eval_duration': 282205615, 'eval_count': 4, 'eval_duration': 30035944}
Response: Poorly
Analyzing frame 28/102: q_21_main_0_30fps_frame0060.png
Prompt: Given the human reaction shown in the image, do you think the situation observed by that humans ends well or poorly? (Use only one word to answer)
Image size: 14000 bytes
Response status code: 200
{'model': 'llava', 'created_at': '2025-11-28T15:47:35.561856498Z', 'message': {'role': 'assistant', 'content': ' Poorly '}, 'done': True, 'done_reason': 'stop', 'total_duration': 413578725, 'load_duration': 35945578, 'prompt_eval_count': 617, 'prompt_eval_duration': 269569057, 'eval_count': 4, 'eval_duration': 30063308}
Response: Poorly
Analyzing frame 29/102: q_21_main_0_30fps_frame0075.png
Prompt: Given the human reaction shown in the image, do you think the situation observed by that humans ends well or poorly? (Use only one word to answer)
Image size: 14104 bytes
Response status code: 200
{'model': 'llava', 'created_at': '2025-11-28T15:47:43.833536875Z', 'message': {'role': 'assistant', 'content': ' Poorly '}, 'done': True, 'done_reason': 'stop', 'total_duration': 7235947054, 'load_duration': 6816772401, 'prompt_eval_count': 617, 'prompt_eval_duration': 299887723, 'eval_count': 4, 'eval_duration': 30157766}
Response: Poorly
Analyzing frame 30/102: q_21_main_0_30fps_frame0090.png
Prompt: Given the human reaction shown in the image, do you think the situation observed by that humans ends well or poorly? (Use only one word to answer)
Image size: 14060 bytes
Response status code: 200
{'model': 'llava', 'created_at': '2025-11-28T15:47:53.14328644Z', 'message': {'role': 'assistant', 'content': ' Poorly '}, 'done': True, 'done_reason': 'stop', 'total_duration': 8266268065, 'load_duration': 7864713895, 'prompt_eval_count': 617, 'prompt_eval_duration': 283119018, 'eval_count': 4, 'eval_duration': 30617980}
Response: Poorly
Analyzing frame 31/102: q_22_main_0_30fps_frame0015.png
Prompt: Given the human reaction shown in the image, do you think the situation observed by that humans ends well or poorly? (Use only one word to answer)
Image size: 12140 bytes
Response status code: 200
{'model': 'llava', 'created_at': '2025-11-28T15:47:54.58168856Z', 'message': {'role': 'assistant', 'content': ' Poorly '}, 'done': True, 'done_reason': 'stop', 'total_duration': 408687460, 'load_duration': 34062898, 'prompt_eval_count': 617, 'prompt_eval_duration': 268872149, 'eval_count': 4, 'eval_duration': 30258501}
Response: Poorly
Analyzing frame 32/102: q_22_main_0_30fps_frame0030.png
Prompt: Given the human reaction shown in the image, do you think the situation observed by that humans ends well or poorly? (Use only one word to answer)
Image size: 10808 bytes
Response status code: 200
{'model': 'llava', 'created_at': '2025-11-28T15:48:02.931565715Z', 'message': {'role': 'assistant', 'content': ' Poorly '}, 'done': True, 'done_reason': 'stop', 'total_duration': 7323360038, 'load_duration': 6919765745, 'prompt_eval_count': 617, 'prompt_eval_duration': 286264879, 'eval_count': 4, 'eval_duration': 30409070}
Response: Poorly
Analyzing frame 33/102: q_22_main_0_30fps_frame0045.png
Prompt: Given the human reaction shown in the image, do you think the situation observed by that humans ends well or poorly? (Use only one word to answer)
Image size: 9704 bytes
Response status code: 200
{'model': 'llava', 'created_at': '2025-11-28T15:48:04.369494208Z', 'message': {'role': 'assistant', 'content': ' Poorly '}, 'done': True, 'done_reason': 'stop', 'total_duration': 409779335, 'load_duration': 29041927, 'prompt_eval_count': 617, 'prompt_eval_duration': 269702678, 'eval_count': 4, 'eval_duration': 30312272}
Response: Poorly
Analyzing frame 34/102: q_22_main_0_30fps_frame0060.png
Prompt: Given the human reaction shown in the image, do you think the situation observed by that humans ends well or poorly? (Use only one word to answer)
Image size: 11484 bytes
Response status code: 200
{'model': 'llava', 'created_at': '2025-11-28T15:48:12.678662989Z', 'message': {'role': 'assistant', 'content': ' Poorly '}, 'done': True, 'done_reason': 'stop', 'total_duration': 7276076337, 'load_duration': 6869365128, 'prompt_eval_count': 617, 'prompt_eval_duration': 284804221, 'eval_count': 4, 'eval_duration': 30197387}
Response: Poorly
Analyzing frame 35/102: q_22_main_0_30fps_frame0075.png
Prompt: Given the human reaction shown in the image, do you think the situation observed by that humans ends well or poorly? (Use only one word to answer)
Image size: 12164 bytes
Response status code: 200
{'model': 'llava', 'created_at': '2025-11-28T15:48:14.118017264Z', 'message': {'role': 'assistant', 'content': ' Poorly '}, 'done': True, 'done_reason': 'stop', 'total_duration': 394835572, 'load_duration': 39555759, 'prompt_eval_count': 617, 'prompt_eval_duration': 264416132, 'eval_count': 4, 'eval_duration': 31392167}
Response: Poorly
Analyzing frame 36/102: q_22_main_0_30fps_frame0090.png
Prompt: Given the human reaction shown in the image, do you think the situation observed by that humans ends well or poorly? (Use only one word to answer)
Image size: 12372 bytes
Response status code: 200
{'model': 'llava', 'created_at': '2025-11-28T15:48:22.309553039Z', 'message': {'role': 'assistant', 'content': ' Poorly '}, 'done': True, 'done_reason': 'stop', 'total_duration': 7160844536, 'load_duration': 6725010126, 'prompt_eval_count': 617, 'prompt_eval_duration': 298432804, 'eval_count': 4, 'eval_duration': 30446786}
Response: Poorly
Analyzing frame 37/102: q_26_main_1_30fps_frame0014.png
Prompt: Given the human reaction shown in the image, do you think the situation observed by that humans ends well or poorly? (Use only one word to answer)
Image size: 13820 bytes
Response status code: 200
{'model': 'llava', 'created_at': '2025-11-28T15:48:23.74703318Z', 'message': {'role': 'assistant', 'content': ' Poorly '}, 'done': True, 'done_reason': 'stop', 'total_duration': 407749204, 'load_duration': 32804492, 'prompt_eval_count': 617, 'prompt_eval_duration': 267531671, 'eval_count': 4, 'eval_duration': 30301823}
Response: Poorly
Analyzing frame 38/102: q_26_main_1_30fps_frame0029.png
Prompt: Given the human reaction shown in the image, do you think the situation observed by that humans ends well or poorly? (Use only one word to answer)
Image size: 13816 bytes
Response status code: 200
{'model': 'llava', 'created_at': '2025-11-28T15:48:32.008673594Z', 'message': {'role': 'assistant', 'content': ' Poorly '}, 'done': True, 'done_reason': 'stop', 'total_duration': 7230704246, 'load_duration': 6829686339, 'prompt_eval_count': 617, 'prompt_eval_duration': 281810611, 'eval_count': 4, 'eval_duration': 30214255}
Response: Poorly
Analyzing frame 39/102: q_26_main_1_30fps_frame0044.png
Prompt: Given the human reaction shown in the image, do you think the situation observed by that humans ends well or poorly? (Use only one word to answer)
Image size: 13504 bytes
Response status code: 200
{'model': 'llava', 'created_at': '2025-11-28T15:48:33.466391436Z', 'message': {'role': 'assistant', 'content': ' Poorly '}, 'done': True, 'done_reason': 'stop', 'total_duration': 420584890, 'load_duration': 33222958, 'prompt_eval_count': 617, 'prompt_eval_duration': 280914117, 'eval_count': 4, 'eval_duration': 29964006}
Response: Poorly
Analyzing frame 40/102: q_26_main_1_30fps_frame0059.png
Prompt: Given the human reaction shown in the image, do you think the situation observed by that humans ends well or poorly? (Use only one word to answer)
Image size: 11852 bytes
Response status code: 200
{'model': 'llava', 'created_at': '2025-11-28T15:48:41.776150872Z', 'message': {'role': 'assistant', 'content': ' Poorly '}, 'done': True, 'done_reason': 'stop', 'total_duration': 7278723196, 'load_duration': 6860883695, 'prompt_eval_count': 617, 'prompt_eval_duration': 298975999, 'eval_count': 4, 'eval_duration': 30114964}
Response: Poorly
Analyzing frame 41/102: q_26_main_1_30fps_frame0074.png
Prompt: Given the human reaction shown in the image, do you think the situation observed by that humans ends well or poorly? (Use only one word to answer)
Image size: 12980 bytes
Response status code: 200
{'model': 'llava', 'created_at': '2025-11-28T15:48:43.184033549Z', 'message': {'role': 'assistant', 'content': ' Poorly '}, 'done': True, 'done_reason': 'stop', 'total_duration': 379441723, 'load_duration': 23480563, 'prompt_eval_count': 617, 'prompt_eval_duration': 269861482, 'eval_count': 4, 'eval_duration': 30286382}
Response: Poorly
Analyzing frame 42/102: q_26_main_1_30fps_frame0089.png
Prompt: Given the human reaction shown in the image, do you think the situation observed by that humans ends well or poorly? (Use only one word to answer)
Image size: 13220 bytes
Response status code: 200
{'model': 'llava', 'created_at': '2025-11-28T15:48:51.319328024Z', 'message': {'role': 'assistant', 'content': ' Poorly '}, 'done': True, 'done_reason': 'stop', 'total_duration': 7106432747, 'load_duration': 6693011778, 'prompt_eval_count': 617, 'prompt_eval_duration': 283677833, 'eval_count': 4, 'eval_duration': 30131260}
Response: Poorly
Analyzing frame 43/102: q_29_main_0_30fps_frame0014.png
Prompt: Given the human reaction shown in the image, do you think the situation observed by that humans ends well or poorly? (Use only one word to answer)
Image size: 12076 bytes
Response status code: 200
{'model': 'llava', 'created_at': '2025-11-28T15:48:52.771670297Z', 'message': {'role': 'assistant', 'content': ' Poorly '}, 'done': True, 'done_reason': 'stop', 'total_duration': 403425981, 'load_duration': 33510275, 'prompt_eval_count': 617, 'prompt_eval_duration': 264072577, 'eval_count': 4, 'eval_duration': 31424130}
Response: Poorly
Analyzing frame 44/102: q_29_main_0_30fps_frame0029.png
Prompt: Given the human reaction shown in the image, do you think the situation observed by that humans ends well or poorly? (Use only one word to answer)
Image size: 11076 bytes
Response status code: 200
{'model': 'llava', 'created_at': '2025-11-28T15:49:01.009556375Z', 'message': {'role': 'assistant', 'content': ' Poorly '}, 'done': True, 'done_reason': 'stop', 'total_duration': 7209987338, 'load_duration': 6795646354, 'prompt_eval_count': 617, 'prompt_eval_duration': 282592744, 'eval_count': 4, 'eval_duration': 30385993}
Response: Poorly
Analyzing frame 45/102: q_29_main_0_30fps_frame0044.png
Prompt: Given the human reaction shown in the image, do you think the situation observed by that humans ends well or poorly? (Use only one word to answer)
Image size: 11432 bytes
Response status code: 200
{'model': 'llava', 'created_at': '2025-11-28T15:49:10.180217644Z', 'message': {'role': 'assistant', 'content': ' Poorly '}, 'done': True, 'done_reason': 'stop', 'total_duration': 8130690181, 'load_duration': 7729517123, 'prompt_eval_count': 617, 'prompt_eval_duration': 283407012, 'eval_count': 4, 'eval_duration': 30412709}
Response: Poorly
Analyzing frame 46/102: q_29_main_0_30fps_frame0059.png
Prompt: Given the human reaction shown in the image, do you think the situation observed by that humans ends well or poorly? (Use only one word to answer)
Image size: 11624 bytes
Response status code: 200
{'model': 'llava', 'created_at': '2025-11-28T15:49:11.600301277Z', 'message': {'role': 'assistant', 'content': ' Poorly '}, 'done': True, 'done_reason': 'stop', 'total_duration': 391079873, 'load_duration': 23912831, 'prompt_eval_count': 617, 'prompt_eval_duration': 265143113, 'eval_count': 4, 'eval_duration': 29969114}
Response: Poorly
Analyzing frame 47/102: q_29_main_0_30fps_frame0074.png
Prompt: Given the human reaction shown in the image, do you think the situation observed by that humans ends well or poorly? (Use only one word to answer)
Image size: 11956 bytes
Response status code: 200
{'model': 'llava', 'created_at': '2025-11-28T15:49:19.68083848Z', 'message': {'role': 'assistant', 'content': ' Poorly '}, 'done': True, 'done_reason': 'stop', 'total_duration': 7038087048, 'load_duration': 6644046914, 'prompt_eval_count': 617, 'prompt_eval_duration': 281492367, 'eval_count': 4, 'eval_duration': 30064120}
Response: Poorly
Analyzing frame 48/102: q_29_main_0_30fps_frame0089.png
Prompt: Given the human reaction shown in the image, do you think the situation observed by that humans ends well or poorly? (Use only one word to answer)
Image size: 11564 bytes
Response status code: 200
{'model': 'llava', 'created_at': '2025-11-28T15:49:21.093645937Z', 'message': {'role': 'assistant', 'content': ' Poorly '}, 'done': True, 'done_reason': 'stop', 'total_duration': 385674550, 'load_duration': 25048228, 'prompt_eval_count': 617, 'prompt_eval_duration': 276619753, 'eval_count': 4, 'eval_duration': 29956686}
Response: Poorly
Analyzing frame 49/102: q_2_main_1_30fps_frame0015.png
Prompt: Given the human reaction shown in the image, do you think the situation observed by that humans ends well or poorly? (Use only one word to answer)
Image size: 12432 bytes
Response status code: 200
{'model': 'llava', 'created_at': '2025-11-28T15:49:29.3234626Z', 'message': {'role': 'assistant', 'content': ' Poorly '}, 'done': True, 'done_reason': 'stop', 'total_duration': 7188817385, 'load_duration': 6768783058, 'prompt_eval_count': 617, 'prompt_eval_duration': 289525866, 'eval_count': 4, 'eval_duration': 30567760}
Response: Poorly
Analyzing frame 50/102: q_2_main_1_30fps_frame0030.png
Prompt: Given the human reaction shown in the image, do you think the situation observed by that humans ends well or poorly? (Use only one word to answer)
Image size: 12200 bytes
Response status code: 200
{'model': 'llava', 'created_at': '2025-11-28T15:49:30.756040168Z', 'message': {'role': 'assistant', 'content': ' Poorly '}, 'done': True, 'done_reason': 'stop', 'total_duration': 403833401, 'load_duration': 44551642, 'prompt_eval_count': 617, 'prompt_eval_duration': 263674139, 'eval_count': 4, 'eval_duration': 29932249}
Response: Poorly
Analyzing frame 51/102: q_2_main_1_30fps_frame0045.png
Prompt: Given the human reaction shown in the image, do you think the situation observed by that humans ends well or poorly? (Use only one word to answer)
Image size: 12064 bytes
Response status code: 200
{'model': 'llava', 'created_at': '2025-11-28T15:49:38.960239375Z', 'message': {'role': 'assistant', 'content': ' Poorly '}, 'done': True, 'done_reason': 'stop', 'total_duration': 7158873409, 'load_duration': 6764419039, 'prompt_eval_count': 617, 'prompt_eval_duration': 281736346, 'eval_count': 4, 'eval_duration': 30102378}
Response: Poorly
Analyzing frame 52/102: q_2_main_1_30fps_frame0060.png
Prompt: Given the human reaction shown in the image, do you think the situation observed by that humans ends well or poorly? (Use only one word to answer)
Image size: 12348 bytes
Response status code: 200
{'model': 'llava', 'created_at': '2025-11-28T15:49:40.36523027Z', 'message': {'role': 'assistant', 'content': ' Poorly '}, 'done': True, 'done_reason': 'stop', 'total_duration': 376881694, 'load_duration': 17161757, 'prompt_eval_count': 617, 'prompt_eval_duration': 268642886, 'eval_count': 4, 'eval_duration': 31714013}
Response: Poorly
Analyzing frame 53/102: q_2_main_1_30fps_frame0075.png
Prompt: Given the human reaction shown in the image, do you think the situation observed by that humans ends well or poorly? (Use only one word to answer)
Image size: 12260 bytes
Response status code: 200
{'model': 'llava', 'created_at': '2025-11-28T15:49:48.568848723Z', 'message': {'role': 'assistant', 'content': ' Poorly '}, 'done': True, 'done_reason': 'stop', 'total_duration': 7166126002, 'load_duration': 6727145745, 'prompt_eval_count': 617, 'prompt_eval_duration': 298177301, 'eval_count': 4, 'eval_duration': 30007818}
Response: Poorly
Analyzing frame 54/102: q_2_main_1_30fps_frame0090.png
Prompt: Given the human reaction shown in the image, do you think the situation observed by that humans ends well or poorly? (Use only one word to answer)
Image size: 12200 bytes
Response status code: 200
{'model': 'llava', 'created_at': '2025-11-28T15:49:49.978664333Z', 'message': {'role': 'assistant', 'content': ' Poorly '}, 'done': True, 'done_reason': 'stop', 'total_duration': 381936330, 'load_duration': 17204541, 'prompt_eval_count': 617, 'prompt_eval_duration': 276210023, 'eval_count': 4, 'eval_duration': 29956378}
Response: Poorly
Analyzing frame 55/102: q_30_main_0_30fps_frame0014.png
Prompt: Given the human reaction shown in the image, do you think the situation observed by that humans ends well or poorly? (Use only one word to answer)
Image size: 13796 bytes
Response status code: 200
{'model': 'llava', 'created_at': '2025-11-28T15:49:58.071425177Z', 'message': {'role': 'assistant', 'content': ' Poorly '}, 'done': True, 'done_reason': 'stop', 'total_duration': 7052728972, 'load_duration': 6651711446, 'prompt_eval_count': 617, 'prompt_eval_duration': 285120751, 'eval_count': 4, 'eval_duration': 30388560}
Response: Poorly
Analyzing frame 56/102: q_30_main_0_30fps_frame0029.png
Prompt: Given the human reaction shown in the image, do you think the situation observed by that humans ends well or poorly? (Use only one word to answer)
Image size: 12276 bytes
Response status code: 200
{'model': 'llava', 'created_at': '2025-11-28T15:49:59.480972996Z', 'message': {'role': 'assistant', 'content': ' Poorly '}, 'done': True, 'done_reason': 'stop', 'total_duration': 380042944, 'load_duration': 18495391, 'prompt_eval_count': 617, 'prompt_eval_duration': 275904426, 'eval_count': 4, 'eval_duration': 30093869}
Response: Poorly
Analyzing frame 57/102: q_30_main_0_30fps_frame0044.png
Prompt: Given the human reaction shown in the image, do you think the situation observed by that humans ends well or poorly? (Use only one word to answer)
Image size: 11072 bytes
Response status code: 200
{'model': 'llava', 'created_at': '2025-11-28T15:50:07.544022843Z', 'message': {'role': 'assistant', 'content': ' Poorly '}, 'done': True, 'done_reason': 'stop', 'total_duration': 7015521523, 'load_duration': 6595683101, 'prompt_eval_count': 617, 'prompt_eval_duration': 299079223, 'eval_count': 4, 'eval_duration': 30275876}
Response: Poorly
Analyzing frame 58/102: q_30_main_0_30fps_frame0059.png
Prompt: Given the human reaction shown in the image, do you think the situation observed by that humans ends well or poorly? (Use only one word to answer)
Image size: 13164 bytes
Response status code: 200
{'model': 'llava', 'created_at': '2025-11-28T15:50:08.955449905Z', 'message': {'role': 'assistant', 'content': ' Poorly '}, 'done': True, 'done_reason': 'stop', 'total_duration': 383030745, 'load_duration': 18978156, 'prompt_eval_count': 617, 'prompt_eval_duration': 280111779, 'eval_count': 4, 'eval_duration': 29939791}
Response: Poorly
Analyzing frame 59/102: q_30_main_0_30fps_frame0074.png
Prompt: Given the human reaction shown in the image, do you think the situation observed by that humans ends well or poorly? (Use only one word to answer)
Image size: 13340 bytes
Response status code: 200
{'model': 'llava', 'created_at': '2025-11-28T15:50:17.194423834Z', 'message': {'role': 'assistant', 'content': ' Poorly '}, 'done': True, 'done_reason': 'stop', 'total_duration': 7210463073, 'load_duration': 6792841522, 'prompt_eval_count': 617, 'prompt_eval_duration': 299863355, 'eval_count': 4, 'eval_duration': 30047270}
Response: Poorly
Analyzing frame 60/102: q_30_main_0_30fps_frame0089.png
Prompt: Given the human reaction shown in the image, do you think the situation observed by that humans ends well or poorly? (Use only one word to answer)
Image size: 13708 bytes
Response status code: 200
{'model': 'llava', 'created_at': '2025-11-28T15:50:18.615330444Z', 'message': {'role': 'assistant', 'content': ' Poorly '}, 'done': True, 'done_reason': 'stop', 'total_duration': 391231530, 'load_duration': 32803505, 'prompt_eval_count': 617, 'prompt_eval_duration': 272157118, 'eval_count': 4, 'eval_duration': 29995163}
Response: Poorly
Analyzing frame 61/102: q_3_main_0_30fps_frame0014.png
Prompt: Given the human reaction shown in the image, do you think the situation observed by that humans ends well or poorly? (Use only one word to answer)
Image size: 12336 bytes
Response status code: 200
{'model': 'llava', 'created_at': '2025-11-28T15:50:26.878148462Z', 'message': {'role': 'assistant', 'content': ' Poorly '}, 'done': True, 'done_reason': 'stop', 'total_duration': 7229460612, 'load_duration': 6816323042, 'prompt_eval_count': 617, 'prompt_eval_duration': 296596398, 'eval_count': 4, 'eval_duration': 30378555}
Response: Poorly
Analyzing frame 62/102: q_3_main_0_30fps_frame0029.png
Prompt: Given the human reaction shown in the image, do you think the situation observed by that humans ends well or poorly? (Use only one word to answer)
Image size: 12424 bytes
Response status code: 200
{'model': 'llava', 'created_at': '2025-11-28T15:50:28.301677828Z', 'message': {'role': 'assistant', 'content': ' Poorly '}, 'done': True, 'done_reason': 'stop', 'total_duration': 393002180, 'load_duration': 18038468, 'prompt_eval_count': 617, 'prompt_eval_duration': 269247900, 'eval_count': 4, 'eval_duration': 32015600}
Response: Poorly
Analyzing frame 63/102: q_3_main_0_30fps_frame0044.png
Prompt: Given the human reaction shown in the image, do you think the situation observed by that humans ends well or poorly? (Use only one word to answer)
Image size: 12392 bytes
Response status code: 200
{'model': 'llava', 'created_at': '2025-11-28T15:50:36.430328188Z', 'message': {'role': 'assistant', 'content': ' Poorly '}, 'done': True, 'done_reason': 'stop', 'total_duration': 7099349689, 'load_duration': 6679228402, 'prompt_eval_count': 617, 'prompt_eval_duration': 299514973, 'eval_count': 4, 'eval_duration': 30189393}
Response: Poorly
Analyzing frame 64/102: q_3_main_0_30fps_frame0059.png
Prompt: Given the human reaction shown in the image, do you think the situation observed by that humans ends well or poorly? (Use only one word to answer)
Image size: 12352 bytes
Response status code: 200
{'model': 'llava', 'created_at': '2025-11-28T15:50:37.862893923Z', 'message': {'role': 'assistant', 'content': ' Poorly '}, 'done': True, 'done_reason': 'stop', 'total_duration': 401729571, 'load_duration': 32791600, 'prompt_eval_count': 617, 'prompt_eval_duration': 264548347, 'eval_count': 4, 'eval_duration': 30120286}
Response: Poorly
Analyzing frame 65/102: q_3_main_0_30fps_frame0074.png
Prompt: Given the human reaction shown in the image, do you think the situation observed by that humans ends well or poorly? (Use only one word to answer)
Image size: 12480 bytes
Response status code: 200
{'model': 'llava', 'created_at': '2025-11-28T15:50:46.104013071Z', 'message': {'role': 'assistant', 'content': ' Poorly '}, 'done': True, 'done_reason': 'stop', 'total_duration': 7199039290, 'load_duration': 6798571686, 'prompt_eval_count': 617, 'prompt_eval_duration': 285055165, 'eval_count': 4, 'eval_duration': 30517369}
Response: Poorly
Analyzing frame 66/102: q_3_main_0_30fps_frame0089.png
Prompt: Given the human reaction shown in the image, do you think the situation observed by that humans ends well or poorly? (Use only one word to answer)
Image size: 12316 bytes
Response status code: 200
{'model': 'llava', 'created_at': '2025-11-28T15:50:47.550923674Z', 'message': {'role': 'assistant', 'content': ' Poorly '}, 'done': True, 'done_reason': 'stop', 'total_duration': 413852031, 'load_duration': 35094961, 'prompt_eval_count': 617, 'prompt_eval_duration': 274615974, 'eval_count': 4, 'eval_duration': 29969203}
Response: Poorly
Analyzing frame 67/102: q_5_main_0_30fps_frame0014.png
Prompt: Given the human reaction shown in the image, do you think the situation observed by that humans ends well or poorly? (Use only one word to answer)
Image size: 12160 bytes
Response status code: 200
{'model': 'llava', 'created_at': '2025-11-28T15:50:56.000102809Z', 'message': {'role': 'assistant', 'content': ' Poorly '}, 'done': True, 'done_reason': 'stop', 'total_duration': 7419747459, 'load_duration': 6985516774, 'prompt_eval_count': 617, 'prompt_eval_duration': 299304375, 'eval_count': 4, 'eval_duration': 30047626}
Response: Poorly
Analyzing frame 68/102: q_5_main_0_30fps_frame0029.png
Prompt: Given the human reaction shown in the image, do you think the situation observed by that humans ends well or poorly? (Use only one word to answer)
Image size: 10680 bytes
Response status code: 200
{'model': 'llava', 'created_at': '2025-11-28T15:50:57.415587216Z', 'message': {'role': 'assistant', 'content': ' Poorly '}, 'done': True, 'done_reason': 'stop', 'total_duration': 386668407, 'load_duration': 30210802, 'prompt_eval_count': 617, 'prompt_eval_duration': 267225703, 'eval_count': 4, 'eval_duration': 31655594}
Response: Poorly
Analyzing frame 69/102: q_5_main_0_30fps_frame0044.png
Prompt: Given the human reaction shown in the image, do you think the situation observed by that humans ends well or poorly? (Use only one word to answer)
Image size: 10360 bytes
Response status code: 200
{'model': 'llava', 'created_at': '2025-11-28T15:51:05.456254813Z', 'message': {'role': 'assistant', 'content': ' Poorly '}, 'done': True, 'done_reason': 'stop', 'total_duration': 7012375509, 'load_duration': 6597246309, 'prompt_eval_count': 617, 'prompt_eval_duration': 281904885, 'eval_count': 4, 'eval_duration': 30416197}
Response: Poorly
Analyzing frame 70/102: q_5_main_0_30fps_frame0059.png
Prompt: Given the human reaction shown in the image, do you think the situation observed by that humans ends well or poorly? (Use only one word to answer)
Image size: 12052 bytes
Response status code: 200
{'model': 'llava', 'created_at': '2025-11-28T15:51:06.884789173Z', 'message': {'role': 'assistant', 'content': ' Poorly '}, 'done': True, 'done_reason': 'stop', 'total_duration': 399657322, 'load_duration': 32107881, 'prompt_eval_count': 617, 'prompt_eval_duration': 278399584, 'eval_count': 4, 'eval_duration': 30020515}
Response: Poorly
Analyzing frame 71/102: q_5_main_0_30fps_frame0074.png
Prompt: Given the human reaction shown in the image, do you think the situation observed by that humans ends well or poorly? (Use only one word to answer)
Image size: 12552 bytes
Response status code: 200
{'model': 'llava', 'created_at': '2025-11-28T15:51:15.157225331Z', 'message': {'role': 'assistant', 'content': ' Poorly '}, 'done': True, 'done_reason': 'stop', 'total_duration': 7246431077, 'load_duration': 6809086682, 'prompt_eval_count': 617, 'prompt_eval_duration': 299238393, 'eval_count': 4, 'eval_duration': 30254918}
Response: Poorly
Analyzing frame 72/102: q_5_main_0_30fps_frame0089.png
Prompt: Given the human reaction shown in the image, do you think the situation observed by that humans ends well or poorly? (Use only one word to answer)
Image size: 12452 bytes
Response status code: 200
{'model': 'llava', 'created_at': '2025-11-28T15:51:16.61516283Z', 'message': {'role': 'assistant', 'content': ' Poorly '}, 'done': True, 'done_reason': 'stop', 'total_duration': 409043445, 'load_duration': 32845433, 'prompt_eval_count': 617, 'prompt_eval_duration': 267716334, 'eval_count': 4, 'eval_duration': 31626222}
Response: Poorly
Analyzing frame 73/102: q_6_main_1_30fps_frame0014.png
Prompt: Given the human reaction shown in the image, do you think the situation observed by that humans ends well or poorly? (Use only one word to answer)
Image size: 13492 bytes
Response status code: 200
{'model': 'llava', 'created_at': '2025-11-28T15:51:24.918813459Z', 'message': {'role': 'assistant', 'content': ' Poorly '}, 'done': True, 'done_reason': 'stop', 'total_duration': 7272088057, 'load_duration': 6866136273, 'prompt_eval_count': 617, 'prompt_eval_duration': 285076513, 'eval_count': 4, 'eval_duration': 30115555}
Response: Poorly
Analyzing frame 74/102: q_6_main_1_30fps_frame0029.png
Prompt: Given the human reaction shown in the image, do you think the situation observed by that humans ends well or poorly? (Use only one word to answer)
Image size: 13408 bytes
Response status code: 200
{'model': 'llava', 'created_at': '2025-11-28T15:51:26.351344828Z', 'message': {'role': 'assistant', 'content': ' Poorly '}, 'done': True, 'done_reason': 'stop', 'total_duration': 389561603, 'load_duration': 32304608, 'prompt_eval_count': 617, 'prompt_eval_duration': 266994686, 'eval_count': 4, 'eval_duration': 31748606}
Response: Poorly
Analyzing frame 75/102: q_6_main_1_30fps_frame0044.png
Prompt: Given the human reaction shown in the image, do you think the situation observed by that humans ends well or poorly? (Use only one word to answer)
Image size: 13612 bytes
Response status code: 200
{'model': 'llava', 'created_at': '2025-11-28T15:51:34.209760688Z', 'message': {'role': 'assistant', 'content': ' Poorly '}, 'done': True, 'done_reason': 'stop', 'total_duration': 6828178638, 'load_duration': 6430923067, 'prompt_eval_count': 617, 'prompt_eval_duration': 283411863, 'eval_count': 4, 'eval_duration': 30057561}
Response: Poorly
Analyzing frame 76/102: q_6_main_1_30fps_frame0059.png
Prompt: Given the human reaction shown in the image, do you think the situation observed by that humans ends well or poorly? (Use only one word to answer)
Image size: 13480 bytes
Response status code: 200
{'model': 'llava', 'created_at': '2025-11-28T15:51:35.64175932Z', 'message': {'role': 'assistant', 'content': ' Poorly '}, 'done': True, 'done_reason': 'stop', 'total_duration': 402088792, 'load_duration': 33179269, 'prompt_eval_count': 617, 'prompt_eval_duration': 266858479, 'eval_count': 4, 'eval_duration': 29959551}
Response: Poorly
Analyzing frame 77/102: q_6_main_1_30fps_frame0074.png
Prompt: Given the human reaction shown in the image, do you think the situation observed by that humans ends well or poorly? (Use only one word to answer)
Image size: 13484 bytes
Response status code: 200
{'model': 'llava', 'created_at': '2025-11-28T15:51:43.734540304Z', 'message': {'role': 'assistant', 'content': ' Poorly '}, 'done': True, 'done_reason': 'stop', 'total_duration': 7061545375, 'load_duration': 6657387202, 'prompt_eval_count': 617, 'prompt_eval_duration': 282390008, 'eval_count': 4, 'eval_duration': 30551608}
Response: Poorly
Analyzing frame 78/102: q_6_main_1_30fps_frame0089.png
Prompt: Given the human reaction shown in the image, do you think the situation observed by that humans ends well or poorly? (Use only one word to answer)
Image size: 13544 bytes
Response status code: 200
{'model': 'llava', 'created_at': '2025-11-28T15:51:45.175181207Z', 'message': {'role': 'assistant', 'content': ' Poorly '}, 'done': True, 'done_reason': 'stop', 'total_duration': 412624350, 'load_duration': 30819549, 'prompt_eval_count': 617, 'prompt_eval_duration': 264730568, 'eval_count': 4, 'eval_duration': 31776934}
Response: Poorly
Analyzing frame 79/102: q_7_main_1_30fps_frame0015.png
Prompt: Given the human reaction shown in the image, do you think the situation observed by that humans ends well or poorly? (Use only one word to answer)
Image size: 11928 bytes
Response status code: 200
{'model': 'llava', 'created_at': '2025-11-28T15:51:53.306292559Z', 'message': {'role': 'assistant', 'content': ' Poorly '}, 'done': True, 'done_reason': 'stop', 'total_duration': 7089900269, 'load_duration': 6674962042, 'prompt_eval_count': 617, 'prompt_eval_duration': 282627441, 'eval_count': 4, 'eval_duration': 30158240}
Response: Poorly
Analyzing frame 80/102: q_7_main_1_30fps_frame0030.png
Prompt: Given the human reaction shown in the image, do you think the situation observed by that humans ends well or poorly? (Use only one word to answer)
Image size: 10980 bytes
Response status code: 200
{'model': 'llava', 'created_at': '2025-11-28T15:51:54.737953283Z', 'message': {'role': 'assistant', 'content': ' Poorly '}, 'done': True, 'done_reason': 'stop', 'total_duration': 405434930, 'load_duration': 31405082, 'prompt_eval_count': 617, 'prompt_eval_duration': 270876337, 'eval_count': 4, 'eval_duration': 29973293}
Response: Poorly
Analyzing frame 81/102: q_7_main_1_30fps_frame0045.png
Prompt: Given the human reaction shown in the image, do you think the situation observed by that humans ends well or poorly? (Use only one word to answer)
Image size: 10456 bytes
Response status code: 200
{'model': 'llava', 'created_at': '2025-11-28T15:52:03.00837539Z', 'message': {'role': 'assistant', 'content': ' Poorly '}, 'done': True, 'done_reason': 'stop', 'total_duration': 7242514073, 'load_duration': 6833402469, 'prompt_eval_count': 617, 'prompt_eval_duration': 282741571, 'eval_count': 4, 'eval_duration': 30228453}
Response: Poorly
Analyzing frame 82/102: q_7_main_1_30fps_frame0060.png
Prompt: Given the human reaction shown in the image, do you think the situation observed by that humans ends well or poorly? (Use only one word to answer)
Image size: 11768 bytes
Response status code: 200
{'model': 'llava', 'created_at': '2025-11-28T15:52:04.447443748Z', 'message': {'role': 'assistant', 'content': ' Poorly '}, 'done': True, 'done_reason': 'stop', 'total_duration': 408479402, 'load_duration': 32526523, 'prompt_eval_count': 617, 'prompt_eval_duration': 265679990, 'eval_count': 4, 'eval_duration': 31312086}
Response: Poorly
Analyzing frame 83/102: q_7_main_1_30fps_frame0075.png
Prompt: Given the human reaction shown in the image, do you think the situation observed by that humans ends well or poorly? (Use only one word to answer)
Image size: 12508 bytes
Response status code: 200
{'model': 'llava', 'created_at': '2025-11-28T15:52:12.607522797Z', 'message': {'role': 'assistant', 'content': ' Poorly '}, 'done': True, 'done_reason': 'stop', 'total_duration': 7118415887, 'load_duration': 6717561911, 'prompt_eval_count': 617, 'prompt_eval_duration': 284795484, 'eval_count': 4, 'eval_duration': 30017615}
Response: Poorly
Analyzing frame 84/102: q_7_main_1_30fps_frame0090.png
Prompt: Given the human reaction shown in the image, do you think the situation observed by that humans ends well or poorly? (Use only one word to answer)
Image size: 12548 bytes
Response status code: 200
{'model': 'llava', 'created_at': '2025-11-28T15:52:14.028896648Z', 'message': {'role': 'assistant', 'content': ' Poorly '}, 'done': True, 'done_reason': 'stop', 'total_duration': 391295761, 'load_duration': 31665809, 'prompt_eval_count': 617, 'prompt_eval_duration': 271226346, 'eval_count': 4, 'eval_duration': 31560900}
Response: Poorly
Analyzing frame 85/102: q_8_main_0_30fps_frame0014.png
Prompt: Given the human reaction shown in the image, do you think the situation observed by that humans ends well or poorly? (Use only one word to answer)
Image size: 12972 bytes
Response status code: 200
{'model': 'llava', 'created_at': '2025-11-28T15:52:22.314913938Z', 'message': {'role': 'assistant', 'content': ' Poorly '}, 'done': True, 'done_reason': 'stop', 'total_duration': 7257932093, 'load_duration': 6860415885, 'prompt_eval_count': 617, 'prompt_eval_duration': 282849319, 'eval_count': 4, 'eval_duration': 30126571}
Response: Poorly
Analyzing frame 86/102: q_8_main_0_30fps_frame0029.png
Prompt: Given the human reaction shown in the image, do you think the situation observed by that humans ends well or poorly? (Use only one word to answer)
Image size: 12988 bytes
Response status code: 200
{'model': 'llava', 'created_at': '2025-11-28T15:52:23.759814259Z', 'message': {'role': 'assistant', 'content': ' Poorly '}, 'done': True, 'done_reason': 'stop', 'total_duration': 417660493, 'load_duration': 35133534, 'prompt_eval_count': 617, 'prompt_eval_duration': 270090716, 'eval_count': 4, 'eval_duration': 30973434}
Response: Poorly
Analyzing frame 87/102: q_8_main_0_30fps_frame0044.png
Prompt: Given the human reaction shown in the image, do you think the situation observed by that humans ends well or poorly? (Use only one word to answer)
Image size: 12956 bytes
Response status code: 200
{'model': 'llava', 'created_at': '2025-11-28T15:52:31.928538875Z', 'message': {'role': 'assistant', 'content': ' Poorly '}, 'done': True, 'done_reason': 'stop', 'total_duration': 7127793943, 'load_duration': 6713793875, 'prompt_eval_count': 617, 'prompt_eval_duration': 282174279, 'eval_count': 4, 'eval_duration': 30078315}
Response: Poorly
Analyzing frame 88/102: q_8_main_0_30fps_frame0059.png
Prompt: Given the human reaction shown in the image, do you think the situation observed by that humans ends well or poorly? (Use only one word to answer)
Image size: 12940 bytes
Response status code: 200
{'model': 'llava', 'created_at': '2025-11-28T15:52:33.373655983Z', 'message': {'role': 'assistant', 'content': ' Poorly '}, 'done': True, 'done_reason': 'stop', 'total_duration': 415830206, 'load_duration': 36445844, 'prompt_eval_count': 617, 'prompt_eval_duration': 270756186, 'eval_count': 4, 'eval_duration': 30087498}
Response: Poorly
Analyzing frame 89/102: q_8_main_0_30fps_frame0074.png
Prompt: Given the human reaction shown in the image, do you think the situation observed by that humans ends well or poorly? (Use only one word to answer)
Image size: 12924 bytes
Response status code: 200
{'model': 'llava', 'created_at': '2025-11-28T15:52:41.600611497Z', 'message': {'role': 'assistant', 'content': ' Poorly '}, 'done': True, 'done_reason': 'stop', 'total_duration': 7181309212, 'load_duration': 6756487948, 'prompt_eval_count': 617, 'prompt_eval_duration': 299449213, 'eval_count': 4, 'eval_duration': 30220942}
Response: Poorly
Analyzing frame 90/102: q_8_main_0_30fps_frame0089.png
Prompt: Given the human reaction shown in the image, do you think the situation observed by that humans ends well or poorly? (Use only one word to answer)
Image size: 12864 bytes
Response status code: 200
{'model': 'llava', 'created_at': '2025-11-28T15:52:43.031960561Z', 'message': {'role': 'assistant', 'content': ' Poorly '}, 'done': True, 'done_reason': 'stop', 'total_duration': 404081157, 'load_duration': 19168215, 'prompt_eval_count': 617, 'prompt_eval_duration': 275232680, 'eval_count': 4, 'eval_duration': 29952609}
Response: Poorly
Analyzing frame 91/102: q_warmup_3_main_1_30fps_frame0015.png
Prompt: Given the human reaction shown in the image, do you think the situation observed by that humans ends well or poorly? (Use only one word to answer)
Image size: 13264 bytes
Response status code: 200
{'model': 'llava', 'created_at': '2025-11-28T15:52:51.129994799Z', 'message': {'role': 'assistant', 'content': ' Poorly '}, 'done': True, 'done_reason': 'stop', 'total_duration': 7053470991, 'load_duration': 6633086737, 'prompt_eval_count': 617, 'prompt_eval_duration': 299108667, 'eval_count': 4, 'eval_duration': 30183714}
Response: Poorly
Analyzing frame 92/102: q_warmup_3_main_1_30fps_frame0030.png
Prompt: Given the human reaction shown in the image, do you think the situation observed by that humans ends well or poorly? (Use only one word to answer)
Image size: 12832 bytes
Response status code: 200
{'model': 'llava', 'created_at': '2025-11-28T15:52:52.538104751Z', 'message': {'role': 'assistant', 'content': ' Poorly '}, 'done': True, 'done_reason': 'stop', 'total_duration': 382464348, 'load_duration': 19658816, 'prompt_eval_count': 617, 'prompt_eval_duration': 276417030, 'eval_count': 4, 'eval_duration': 29961677}
Response: Poorly
Analyzing frame 93/102: q_warmup_3_main_1_30fps_frame0045.png
Prompt: Given the human reaction shown in the image, do you think the situation observed by that humans ends well or poorly? (Use only one word to answer)
Image size: 12768 bytes
Response status code: 200
{'model': 'llava', 'created_at': '2025-11-28T15:53:00.51621116Z', 'message': {'role': 'assistant', 'content': ' Poorly '}, 'done': True, 'done_reason': 'stop', 'total_duration': 6951639727, 'load_duration': 6552405102, 'prompt_eval_count': 617, 'prompt_eval_duration': 282204309, 'eval_count': 4, 'eval_duration': 30517019}
Response: Poorly
Analyzing frame 94/102: q_warmup_3_main_1_30fps_frame0060.png
Prompt: Given the human reaction shown in the image, do you think the situation observed by that humans ends well or poorly? (Use only one word to answer)
Image size: 13092 bytes
Response status code: 200
{'model': 'llava', 'created_at': '2025-11-28T15:53:01.93984933Z', 'message': {'role': 'assistant', 'content': ' Poorly '}, 'done': True, 'done_reason': 'stop', 'total_duration': 378576463, 'load_duration': 24502894, 'prompt_eval_count': 617, 'prompt_eval_duration': 268771103, 'eval_count': 4, 'eval_duration': 30316652}
Response: Poorly
Analyzing frame 95/102: q_warmup_3_main_1_30fps_frame0075.png
Prompt: Given the human reaction shown in the image, do you think the situation observed by that humans ends well or poorly? (Use only one word to answer)
Image size: 13356 bytes
Response status code: 200
{'model': 'llava', 'created_at': '2025-11-28T15:53:10.14518419Z', 'message': {'role': 'assistant', 'content': ' Poorly '}, 'done': True, 'done_reason': 'stop', 'total_duration': 7176592314, 'load_duration': 6758775521, 'prompt_eval_count': 617, 'prompt_eval_duration': 298121266, 'eval_count': 4, 'eval_duration': 30508999}
Response: Poorly
Analyzing frame 96/102: q_warmup_3_main_1_30fps_frame0090.png
Prompt: Given the human reaction shown in the image, do you think the situation observed by that humans ends well or poorly? (Use only one word to answer)
Image size: 13100 bytes
Response status code: 200
{'model': 'llava', 'created_at': '2025-11-28T15:53:11.575475417Z', 'message': {'role': 'assistant', 'content': ' Poorly '}, 'done': True, 'done_reason': 'stop', 'total_duration': 404428384, 'load_duration': 31442341, 'prompt_eval_count': 617, 'prompt_eval_duration': 265643706, 'eval_count': 4, 'eval_duration': 31770299}
Response: Poorly
Analyzing frame 97/102: q_warmup_4_main_0_30fps_frame0015.png
Prompt: Given the human reaction shown in the image, do you think the situation observed by that humans ends well or poorly? (Use only one word to answer)
Image size: 12952 bytes
Response status code: 200
{'model': 'llava', 'created_at': '2025-11-28T15:53:19.936957065Z', 'message': {'role': 'assistant', 'content': ' Poorly '}, 'done': True, 'done_reason': 'stop', 'total_duration': 7334195600, 'load_duration': 6916057669, 'prompt_eval_count': 617, 'prompt_eval_duration': 298891389, 'eval_count': 4, 'eval_duration': 30122580}
Response: Poorly
Analyzing frame 98/102: q_warmup_4_main_0_30fps_frame0030.png
Prompt: Given the human reaction shown in the image, do you think the situation observed by that humans ends well or poorly? (Use only one word to answer)
Image size: 12636 bytes
Response status code: 200
{'model': 'llava', 'created_at': '2025-11-28T15:53:21.366793529Z', 'message': {'role': 'assistant', 'content': ' Poorly '}, 'done': True, 'done_reason': 'stop', 'total_duration': 402090540, 'load_duration': 31923996, 'prompt_eval_count': 617, 'prompt_eval_duration': 264662206, 'eval_count': 4, 'eval_duration': 31373486}
Response: Poorly
Analyzing frame 99/102: q_warmup_4_main_0_30fps_frame0045.png
Prompt: Given the human reaction shown in the image, do you think the situation observed by that humans ends well or poorly? (Use only one word to answer)
Image size: 12812 bytes
Response status code: 200
{'model': 'llava', 'created_at': '2025-11-28T15:53:29.621062523Z', 'message': {'role': 'assistant', 'content': ' Poorly '}, 'done': True, 'done_reason': 'stop', 'total_duration': 7224882238, 'load_duration': 6817701769, 'prompt_eval_count': 617, 'prompt_eval_duration': 284714055, 'eval_count': 4, 'eval_duration': 30055737}
Response: Poorly
Analyzing frame 100/102: q_warmup_4_main_0_30fps_frame0060.png
Prompt: Given the human reaction shown in the image, do you think the situation observed by that humans ends well or poorly? (Use only one word to answer)
Image size: 12508 bytes
Response status code: 200
{'model': 'llava', 'created_at': '2025-11-28T15:53:31.035558026Z', 'message': {'role': 'assistant', 'content': ' Poorly '}, 'done': True, 'done_reason': 'stop', 'total_duration': 385681867, 'load_duration': 21032087, 'prompt_eval_count': 617, 'prompt_eval_duration': 276718444, 'eval_count': 4, 'eval_duration': 31354963}
Response: Poorly
Analyzing frame 101/102: q_warmup_4_main_0_30fps_frame0075.png
Prompt: Given the human reaction shown in the image, do you think the situation observed by that humans ends well or poorly? (Use only one word to answer)
Image size: 13052 bytes
Response status code: 200
{'model': 'llava', 'created_at': '2025-11-28T15:53:39.292839115Z', 'message': {'role': 'assistant', 'content': ' Poorly '}, 'done': True, 'done_reason': 'stop', 'total_duration': 7213994356, 'load_duration': 6814112892, 'prompt_eval_count': 617, 'prompt_eval_duration': 284581317, 'eval_count': 4, 'eval_duration': 30085234}
Response: Poorly
Analyzing frame 102/102: q_warmup_4_main_0_30fps_frame0090.png
Prompt: Given the human reaction shown in the image, do you think the situation observed by that humans ends well or poorly? (Use only one word to answer)
Image size: 13236 bytes
Response status code: 200
{'model': 'llava', 'created_at': '2025-11-28T15:53:40.707556165Z', 'message': {'role': 'assistant', 'content': ' Poorly '}, 'done': True, 'done_reason': 'stop', 'total_duration': 389008096, 'load_duration': 20259165, 'prompt_eval_count': 617, 'prompt_eval_duration': 283646943, 'eval_count': 4, 'eval_duration': 30008001}
Response: Poorly
Processed 102 frames for participant 1251

Results saved to ./results/results_llava_3s.csv
Total frames processed: 198

==================================================
Processing participant 3/30

Processing participant: 1483
Found 96 frames
Analyzing frame 1/96: q_11_main_1_30fps_frame0013.png
Prompt: Given the human reaction shown in the image, do you think the situation observed by that humans ends well or poorly? (Use only one word to answer)
Image size: 10180 bytes
Response status code: 200
{'model': 'llava', 'created_at': '2025-11-28T15:53:49.064067348Z', 'message': {'role': 'assistant', 'content': ' Poorly '}, 'done': True, 'done_reason': 'stop', 'total_duration': 7293777403, 'load_duration': 6894590258, 'prompt_eval_count': 617, 'prompt_eval_duration': 282626618, 'eval_count': 4, 'eval_duration': 31843093}
Response: Poorly
Analyzing frame 2/96: q_11_main_1_30fps_frame0028.png
Prompt: Given the human reaction shown in the image, do you think the situation observed by that humans ends well or poorly? (Use only one word to answer)
Image size: 10152 bytes
Response status code: 200
{'model': 'llava', 'created_at': '2025-11-28T15:53:50.50644151Z', 'message': {'role': 'assistant', 'content': ' Poorly '}, 'done': True, 'done_reason': 'stop', 'total_duration': 412996424, 'load_duration': 33495467, 'prompt_eval_count': 617, 'prompt_eval_duration': 267931399, 'eval_count': 4, 'eval_duration': 31496614}
Response: Poorly
Analyzing frame 3/96: q_11_main_1_30fps_frame0043.png
Prompt: Given the human reaction shown in the image, do you think the situation observed by that humans ends well or poorly? (Use only one word to answer)
Image size: 10064 bytes
Response status code: 200
{'model': 'llava', 'created_at': '2025-11-28T15:53:58.765093809Z', 'message': {'role': 'assistant', 'content': ' Poorly '}, 'done': True, 'done_reason': 'stop', 'total_duration': 7231438539, 'load_duration': 6832651408, 'prompt_eval_count': 617, 'prompt_eval_duration': 283364929, 'eval_count': 4, 'eval_duration': 30266724}
Response: Poorly
Analyzing frame 4/96: q_11_main_1_30fps_frame0058.png
Prompt: Given the human reaction shown in the image, do you think the situation observed by that humans ends well or poorly? (Use only one word to answer)
Image size: 10100 bytes
Response status code: 200
{'model': 'llava', 'created_at': '2025-11-28T15:54:00.164552698Z', 'message': {'role': 'assistant', 'content': ' Poorly '}, 'done': True, 'done_reason': 'stop', 'total_duration': 371133756, 'load_duration': 22461739, 'prompt_eval_count': 617, 'prompt_eval_duration': 264925197, 'eval_count': 4, 'eval_duration': 30395406}
Response: Poorly
Analyzing frame 5/96: q_11_main_1_30fps_frame0073.png
Prompt: Given the human reaction shown in the image, do you think the situation observed by that humans ends well or poorly? (Use only one word to answer)
Image size: 10124 bytes
Response status code: 200
{'model': 'llava', 'created_at': '2025-11-28T15:54:08.316988295Z', 'message': {'role': 'assistant', 'content': ' Poorly '}, 'done': True, 'done_reason': 'stop', 'total_duration': 7111125805, 'load_duration': 6715985935, 'prompt_eval_count': 617, 'prompt_eval_duration': 282215510, 'eval_count': 4, 'eval_duration': 30122275}
Response: Poorly
Analyzing frame 6/96: q_11_main_1_30fps_frame0088.png
Prompt: Given the human reaction shown in the image, do you think the situation observed by that humans ends well or poorly? (Use only one word to answer)
Image size: 10036 bytes
Response status code: 200
{'model': 'llava', 'created_at': '2025-11-28T15:54:09.743192364Z', 'message': {'role': 'assistant', 'content': ' Poorly '}, 'done': True, 'done_reason': 'stop', 'total_duration': 396607910, 'load_duration': 34153589, 'prompt_eval_count': 617, 'prompt_eval_duration': 267993954, 'eval_count': 4, 'eval_duration': 32965215}
Response: Poorly
Analyzing frame 7/96: q_12_main_1_30fps_frame0014.png
Prompt: Given the human reaction shown in the image, do you think the situation observed by that humans ends well or poorly? (Use only one word to answer)
Image size: 8692 bytes
Response status code: 200
{'model': 'llava', 'created_at': '2025-11-28T15:54:17.949329432Z', 'message': {'role': 'assistant', 'content': ' Poorly '}, 'done': True, 'done_reason': 'stop', 'total_duration': 7170759856, 'load_duration': 6768185505, 'prompt_eval_count': 617, 'prompt_eval_duration': 284476420, 'eval_count': 4, 'eval_duration': 30374077}
Response: Poorly
Analyzing frame 8/96: q_12_main_1_30fps_frame0029.png
Prompt: Given the human reaction shown in the image, do you think the situation observed by that humans ends well or poorly? (Use only one word to answer)
Image size: 8696 bytes
Response status code: 200
{'model': 'llava', 'created_at': '2025-11-28T15:54:19.382809752Z', 'message': {'role': 'assistant', 'content': ' Poorly '}, 'done': True, 'done_reason': 'stop', 'total_duration': 406198141, 'load_duration': 33534677, 'prompt_eval_count': 617, 'prompt_eval_duration': 265715667, 'eval_count': 4, 'eval_duration': 30048543}
Response: Poorly
Analyzing frame 9/96: q_12_main_1_30fps_frame0044.png
Prompt: Given the human reaction shown in the image, do you think the situation observed by that humans ends well or poorly? (Use only one word to answer)
Image size: 8708 bytes
Response status code: 200
{'model': 'llava', 'created_at': '2025-11-28T15:54:27.646475672Z', 'message': {'role': 'assistant', 'content': ' Poorly '}, 'done': True, 'done_reason': 'stop', 'total_duration': 7236265506, 'load_duration': 6814377109, 'prompt_eval_count': 617, 'prompt_eval_duration': 298836697, 'eval_count': 4, 'eval_duration': 30135433}
Response: Poorly
Analyzing frame 10/96: q_12_main_1_30fps_frame0059.png
Prompt: Given the human reaction shown in the image, do you think the situation observed by that humans ends well or poorly? (Use only one word to answer)
Image size: 8640 bytes
Response status code: 200
{'model': 'llava', 'created_at': '2025-11-28T15:54:29.079843717Z', 'message': {'role': 'assistant', 'content': ' Poorly '}, 'done': True, 'done_reason': 'stop', 'total_duration': 405423467, 'load_duration': 35246768, 'prompt_eval_count': 617, 'prompt_eval_duration': 263681730, 'eval_count': 4, 'eval_duration': 30106194}
Response: Poorly
Analyzing frame 11/96: q_12_main_1_30fps_frame0074.png
Prompt: Given the human reaction shown in the image, do you think the situation observed by that humans ends well or poorly? (Use only one word to answer)
Image size: 8688 bytes
Response status code: 200
{'model': 'llava', 'created_at': '2025-11-28T15:54:37.27237728Z', 'message': {'role': 'assistant', 'content': ' Poorly '}, 'done': True, 'done_reason': 'stop', 'total_duration': 7163995389, 'load_duration': 6765129990, 'prompt_eval_count': 617, 'prompt_eval_duration': 282156640, 'eval_count': 4, 'eval_duration': 30363836}
Response: Poorly
Analyzing frame 12/96: q_12_main_1_30fps_frame0089.png
Prompt: Given the human reaction shown in the image, do you think the situation observed by that humans ends well or poorly? (Use only one word to answer)
Image size: 8600 bytes
Response status code: 200
{'model': 'llava', 'created_at': '2025-11-28T15:54:38.695602316Z', 'message': {'role': 'assistant', 'content': ' Poorly '}, 'done': True, 'done_reason': 'stop', 'total_duration': 394033374, 'load_duration': 31530765, 'prompt_eval_count': 617, 'prompt_eval_duration': 270723722, 'eval_count': 4, 'eval_duration': 32686881}
Response: Poorly
Analyzing frame 13/96: q_14_main_0_30fps_frame0015.png
Prompt: Given the human reaction shown in the image, do you think the situation observed by that humans ends well or poorly? (Use only one word to answer)
Image size: 9080 bytes
Response status code: 200
{'model': 'llava', 'created_at': '2025-11-28T15:54:47.034384909Z', 'message': {'role': 'assistant', 'content': ' Poorly '}, 'done': True, 'done_reason': 'stop', 'total_duration': 7317832885, 'load_duration': 6916819854, 'prompt_eval_count': 617, 'prompt_eval_duration': 282102950, 'eval_count': 4, 'eval_duration': 29995150}
Response: Poorly
Analyzing frame 14/96: q_14_main_0_30fps_frame0030.png
Prompt: Given the human reaction shown in the image, do you think the situation observed by that humans ends well or poorly? (Use only one word to answer)
Image size: 8988 bytes
Response status code: 200
{'model': 'llava', 'created_at': '2025-11-28T15:54:48.439373488Z', 'message': {'role': 'assistant', 'content': ' Poorly '}, 'done': True, 'done_reason': 'stop', 'total_duration': 377271950, 'load_duration': 19525460, 'prompt_eval_count': 617, 'prompt_eval_duration': 269325448, 'eval_count': 4, 'eval_duration': 29963116}
Response: Poorly
Analyzing frame 15/96: q_14_main_0_30fps_frame0045.png
Prompt: Given the human reaction shown in the image, do you think the situation observed by that humans ends well or poorly? (Use only one word to answer)
Image size: 9008 bytes
Response status code: 200
{'model': 'llava', 'created_at': '2025-11-28T15:54:56.573633444Z', 'message': {'role': 'assistant', 'content': ' Poorly '}, 'done': True, 'done_reason': 'stop', 'total_duration': 7108158045, 'load_duration': 6677989222, 'prompt_eval_count': 617, 'prompt_eval_duration': 290560565, 'eval_count': 4, 'eval_duration': 30502100}
Response: Poorly
Analyzing frame 16/96: q_14_main_0_30fps_frame0060.png
Prompt: Given the human reaction shown in the image, do you think the situation observed by that humans ends well or poorly? (Use only one word to answer)
Image size: 8956 bytes
Response status code: 200
{'model': 'llava', 'created_at': '2025-11-28T15:54:57.970005517Z', 'message': {'role': 'assistant', 'content': ' Poorly '}, 'done': True, 'done_reason': 'stop', 'total_duration': 370566208, 'load_duration': 19026190, 'prompt_eval_count': 617, 'prompt_eval_duration': 266072684, 'eval_count': 4, 'eval_duration': 30001932}
Response: Poorly
Analyzing frame 17/96: q_14_main_0_30fps_frame0075.png
Prompt: Given the human reaction shown in the image, do you think the situation observed by that humans ends well or poorly? (Use only one word to answer)
Image size: 9004 bytes
Response status code: 200
{'model': 'llava', 'created_at': '2025-11-28T15:55:06.235372954Z', 'message': {'role': 'assistant', 'content': ' Poorly '}, 'done': True, 'done_reason': 'stop', 'total_duration': 7238259481, 'load_duration': 6827754767, 'prompt_eval_count': 617, 'prompt_eval_duration': 285583726, 'eval_count': 4, 'eval_duration': 31936447}
Response: Poorly
Analyzing frame 18/96: q_14_main_0_30fps_frame0090.png
Prompt: Given the human reaction shown in the image, do you think the situation observed by that humans ends well or poorly? (Use only one word to answer)
Image size: 8960 bytes
Response status code: 200
{'model': 'llava', 'created_at': '2025-11-28T15:55:07.692434846Z', 'message': {'role': 'assistant', 'content': ' Poorly '}, 'done': True, 'done_reason': 'stop', 'total_duration': 427284515, 'load_duration': 33999508, 'prompt_eval_count': 617, 'prompt_eval_duration': 274953140, 'eval_count': 4, 'eval_duration': 31576735}
Response: Poorly
Analyzing frame 19/96: q_16_main_1_30fps_frame0014.png
Prompt: Given the human reaction shown in the image, do you think the situation observed by that humans ends well or poorly? (Use only one word to answer)
Image size: 8800 bytes
Response status code: 200
{'model': 'llava', 'created_at': '2025-11-28T15:55:15.972319772Z', 'message': {'role': 'assistant', 'content': ' Poorly '}, 'done': True, 'done_reason': 'stop', 'total_duration': 7253692793, 'load_duration': 6854204454, 'prompt_eval_count': 617, 'prompt_eval_duration': 282718939, 'eval_count': 4, 'eval_duration': 31617615}
Response: Poorly
Analyzing frame 20/96: q_16_main_1_30fps_frame0029.png
Prompt: Given the human reaction shown in the image, do you think the situation observed by that humans ends well or poorly? (Use only one word to answer)
Image size: 8796 bytes
Response status code: 200
{'model': 'llava', 'created_at': '2025-11-28T15:55:17.399928207Z', 'message': {'role': 'assistant', 'content': ' Poorly '}, 'done': True, 'done_reason': 'stop', 'total_duration': 401931092, 'load_duration': 31752725, 'prompt_eval_count': 617, 'prompt_eval_duration': 267294372, 'eval_count': 4, 'eval_duration': 29962833}
Response: Poorly
Analyzing frame 21/96: q_16_main_1_30fps_frame0044.png
Prompt: Given the human reaction shown in the image, do you think the situation observed by that humans ends well or poorly? (Use only one word to answer)
Image size: 8760 bytes
Response status code: 200
{'model': 'llava', 'created_at': '2025-11-28T15:55:25.556596295Z', 'message': {'role': 'assistant', 'content': ' Poorly '}, 'done': True, 'done_reason': 'stop', 'total_duration': 7129580286, 'load_duration': 6726589853, 'prompt_eval_count': 617, 'prompt_eval_duration': 283714802, 'eval_count': 4, 'eval_duration': 30196635}
Response: Poorly
Analyzing frame 22/96: q_16_main_1_30fps_frame0059.png
Prompt: Given the human reaction shown in the image, do you think the situation observed by that humans ends well or poorly? (Use only one word to answer)
Image size: 8664 bytes
Response status code: 200
{'model': 'llava', 'created_at': '2025-11-28T15:55:26.990271933Z', 'message': {'role': 'assistant', 'content': ' Poorly '}, 'done': True, 'done_reason': 'stop', 'total_duration': 403109361, 'load_duration': 32385810, 'prompt_eval_count': 617, 'prompt_eval_duration': 268782296, 'eval_count': 4, 'eval_duration': 30012965}
Response: Poorly
Analyzing frame 23/96: q_16_main_1_30fps_frame0074.png
Prompt: Given the human reaction shown in the image, do you think the situation observed by that humans ends well or poorly? (Use only one word to answer)
Image size: 8484 bytes
Response status code: 200
{'model': 'llava', 'created_at': '2025-11-28T15:55:35.312714359Z', 'message': {'role': 'assistant', 'content': ' Poorly '}, 'done': True, 'done_reason': 'stop', 'total_duration': 7294053624, 'load_duration': 6896571477, 'prompt_eval_count': 617, 'prompt_eval_duration': 281455614, 'eval_count': 4, 'eval_duration': 30612182}
Response: Poorly
Analyzing frame 24/96: q_16_main_1_30fps_frame0089.png
Prompt: Given the human reaction shown in the image, do you think the situation observed by that humans ends well or poorly? (Use only one word to answer)
Image size: 8696 bytes
Response status code: 200
{'model': 'llava', 'created_at': '2025-11-28T15:55:36.717725212Z', 'message': {'role': 'assistant', 'content': ' Poorly '}, 'done': True, 'done_reason': 'stop', 'total_duration': 374197765, 'load_duration': 22227581, 'prompt_eval_count': 617, 'prompt_eval_duration': 264734169, 'eval_count': 4, 'eval_duration': 31432946}
Response: Poorly
Analyzing frame 25/96: q_18_main_0_30fps_frame0014.png
Prompt: Given the human reaction shown in the image, do you think the situation observed by that humans ends well or poorly? (Use only one word to answer)
Image size: 8760 bytes
Response status code: 200
{'model': 'llava', 'created_at': '2025-11-28T15:55:44.954060073Z', 'message': {'role': 'assistant', 'content': ' Poorly '}, 'done': True, 'done_reason': 'stop', 'total_duration': 7189640833, 'load_duration': 6761065350, 'prompt_eval_count': 617, 'prompt_eval_duration': 297344829, 'eval_count': 4, 'eval_duration': 30073625}
Response: Poorly
Analyzing frame 26/96: q_18_main_0_30fps_frame0029.png
Prompt: Given the human reaction shown in the image, do you think the situation observed by that humans ends well or poorly? (Use only one word to answer)
Image size: 8624 bytes
Response status code: 200
{'model': 'llava', 'created_at': '2025-11-28T15:55:46.355775335Z', 'message': {'role': 'assistant', 'content': ' Poorly '}, 'done': True, 'done_reason': 'stop', 'total_duration': 377857270, 'load_duration': 24020927, 'prompt_eval_count': 617, 'prompt_eval_duration': 269119888, 'eval_count': 4, 'eval_duration': 31579055}
Response: Poorly
Analyzing frame 27/96: q_18_main_0_30fps_frame0044.png
Prompt: Given the human reaction shown in the image, do you think the situation observed by that humans ends well or poorly? (Use only one word to answer)
Image size: 8972 bytes
Response status code: 200
{'model': 'llava', 'created_at': '2025-11-28T15:55:54.493320432Z', 'message': {'role': 'assistant', 'content': ' Poorly '}, 'done': True, 'done_reason': 'stop', 'total_duration': 7111356529, 'load_duration': 6688015221, 'prompt_eval_count': 617, 'prompt_eval_duration': 296495111, 'eval_count': 4, 'eval_duration': 30166593}
Response: Poorly
Analyzing frame 28/96: q_18_main_0_30fps_frame0059.png
Prompt: Given the human reaction shown in the image, do you think the situation observed by that humans ends well or poorly? (Use only one word to answer)
Image size: 8840 bytes
Response status code: 200
{'model': 'llava', 'created_at': '2025-11-28T15:55:55.888596047Z', 'message': {'role': 'assistant', 'content': ' Poorly '}, 'done': True, 'done_reason': 'stop', 'total_duration': 369384189, 'load_duration': 19326971, 'prompt_eval_count': 617, 'prompt_eval_duration': 264249243, 'eval_count': 4, 'eval_duration': 29944130}
Response: Poorly
Analyzing frame 29/96: q_18_main_0_30fps_frame0074.png
Prompt: Given the human reaction shown in the image, do you think the situation observed by that humans ends well or poorly? (Use only one word to answer)
Image size: 9016 bytes
Response status code: 200
{'model': 'llava', 'created_at': '2025-11-28T15:56:04.064746576Z', 'message': {'role': 'assistant', 'content': ' Poorly '}, 'done': True, 'done_reason': 'stop', 'total_duration': 7149300374, 'load_duration': 6745416927, 'prompt_eval_count': 617, 'prompt_eval_duration': 285614261, 'eval_count': 4, 'eval_duration': 30073062}
Response: Poorly
Analyzing frame 30/96: q_18_main_0_30fps_frame0089.png
Prompt: Given the human reaction shown in the image, do you think the situation observed by that humans ends well or poorly? (Use only one word to answer)
Image size: 8900 bytes
Response status code: 200
{'model': 'llava', 'created_at': '2025-11-28T15:56:05.490028192Z', 'message': {'role': 'assistant', 'content': ' Poorly '}, 'done': True, 'done_reason': 'stop', 'total_duration': 396655091, 'load_duration': 34598836, 'prompt_eval_count': 617, 'prompt_eval_duration': 264552554, 'eval_count': 4, 'eval_duration': 29953845}
Response: Poorly
Analyzing frame 31/96: q_21_main_1_30fps_frame0014.png
Prompt: Given the human reaction shown in the image, do you think the situation observed by that humans ends well or poorly? (Use only one word to answer)
Image size: 8696 bytes
Response status code: 200
{'model': 'llava', 'created_at': '2025-11-28T15:56:13.61087905Z', 'message': {'role': 'assistant', 'content': ' Poorly '}, 'done': True, 'done_reason': 'stop', 'total_duration': 7096349237, 'load_duration': 6688899345, 'prompt_eval_count': 617, 'prompt_eval_duration': 287943729, 'eval_count': 4, 'eval_duration': 30215947}
Response: Poorly
Analyzing frame 32/96: q_21_main_1_30fps_frame0029.png
Prompt: Given the human reaction shown in the image, do you think the situation observed by that humans ends well or poorly? (Use only one word to answer)
Image size: 8680 bytes
Response status code: 200
{'model': 'llava', 'created_at': '2025-11-28T15:56:15.037501725Z', 'message': {'role': 'assistant', 'content': ' Poorly '}, 'done': True, 'done_reason': 'stop', 'total_duration': 401263660, 'load_duration': 31598862, 'prompt_eval_count': 617, 'prompt_eval_duration': 264657162, 'eval_count': 4, 'eval_duration': 31710667}
Response: Poorly
Analyzing frame 33/96: q_21_main_1_30fps_frame0044.png
Prompt: Given the human reaction shown in the image, do you think the situation observed by that humans ends well or poorly? (Use only one word to answer)
Image size: 8632 bytes
Response status code: 200
{'model': 'llava', 'created_at': '2025-11-28T15:56:23.294156946Z', 'message': {'role': 'assistant', 'content': ' Poorly '}, 'done': True, 'done_reason': 'stop', 'total_duration': 7229677676, 'load_duration': 6812573816, 'prompt_eval_count': 617, 'prompt_eval_duration': 296264701, 'eval_count': 4, 'eval_duration': 30100648}
Response: Poorly
Analyzing frame 34/96: q_21_main_1_30fps_frame0059.png
Prompt: Given the human reaction shown in the image, do you think the situation observed by that humans ends well or poorly? (Use only one word to answer)
Image size: 8548 bytes
Response status code: 200
{'model': 'llava', 'created_at': '2025-11-28T15:56:24.71913983Z', 'message': {'role': 'assistant', 'content': ' Poorly '}, 'done': True, 'done_reason': 'stop', 'total_duration': 398427426, 'load_duration': 33537361, 'prompt_eval_count': 617, 'prompt_eval_duration': 275640381, 'eval_count': 4, 'eval_duration': 29978217}
Response: Poorly
Analyzing frame 35/96: q_21_main_1_30fps_frame0074.png
Prompt: Given the human reaction shown in the image, do you think the situation observed by that humans ends well or poorly? (Use only one word to answer)
Image size: 8536 bytes
Response status code: 200
{'model': 'llava', 'created_at': '2025-11-28T15:56:32.867456067Z', 'message': {'role': 'assistant', 'content': ' Poorly '}, 'done': True, 'done_reason': 'stop', 'total_duration': 7121349669, 'load_duration': 6687655891, 'prompt_eval_count': 617, 'prompt_eval_duration': 287734959, 'eval_count': 4, 'eval_duration': 30150109}
Response: Poorly
Analyzing frame 36/96: q_21_main_1_30fps_frame0089.png
Prompt: Given the human reaction shown in the image, do you think the situation observed by that humans ends well or poorly? (Use only one word to answer)
Image size: 8492 bytes
Response status code: 200
{'model': 'llava', 'created_at': '2025-11-28T15:56:34.277038395Z', 'message': {'role': 'assistant', 'content': ' Poorly '}, 'done': True, 'done_reason': 'stop', 'total_duration': 396823331, 'load_duration': 37464336, 'prompt_eval_count': 617, 'prompt_eval_duration': 271396941, 'eval_count': 4, 'eval_duration': 29936821}
Response: Poorly
Analyzing frame 37/96: q_24_main_0_30fps_frame0014.png
Prompt: Given the human reaction shown in the image, do you think the situation observed by that humans ends well or poorly? (Use only one word to answer)
Image size: 8736 bytes
Response status code: 200
{'model': 'llava', 'created_at': '2025-11-28T15:56:42.473974676Z', 'message': {'role': 'assistant', 'content': ' Poorly '}, 'done': True, 'done_reason': 'stop', 'total_duration': 7173917752, 'load_duration': 6763206277, 'prompt_eval_count': 617, 'prompt_eval_duration': 283970707, 'eval_count': 4, 'eval_duration': 30438068}
Response: Poorly
Analyzing frame 38/96: q_24_main_0_30fps_frame0029.png
Prompt: Given the human reaction shown in the image, do you think the situation observed by that humans ends well or poorly? (Use only one word to answer)
Image size: 8800 bytes
Response status code: 200
{'model': 'llava', 'created_at': '2025-11-28T15:56:43.911108968Z', 'message': {'role': 'assistant', 'content': ' Poorly '}, 'done': True, 'done_reason': 'stop', 'total_duration': 411707244, 'load_duration': 31943322, 'prompt_eval_count': 617, 'prompt_eval_duration': 273499489, 'eval_count': 4, 'eval_duration': 30001829}
Response: Poorly
Analyzing frame 39/96: q_24_main_0_30fps_frame0044.png
Prompt: Given the human reaction shown in the image, do you think the situation observed by that humans ends well or poorly? (Use only one word to answer)
Image size: 8712 bytes
Response status code: 200
{'model': 'llava', 'created_at': '2025-11-28T15:56:52.094219338Z', 'message': {'role': 'assistant', 'content': ' Poorly '}, 'done': True, 'done_reason': 'stop', 'total_duration': 7156323730, 'load_duration': 6742027589, 'prompt_eval_count': 617, 'prompt_eval_duration': 285234412, 'eval_count': 4, 'eval_duration': 30649412}
Response: Poorly
Analyzing frame 40/96: q_24_main_0_30fps_frame0059.png
Prompt: Given the human reaction shown in the image, do you think the situation observed by that humans ends well or poorly? (Use only one word to answer)
Image size: 8824 bytes
Response status code: 200
{'model': 'llava', 'created_at': '2025-11-28T15:56:53.494291607Z', 'message': {'role': 'assistant', 'content': ' Poorly '}, 'done': True, 'done_reason': 'stop', 'total_duration': 373984429, 'load_duration': 19120740, 'prompt_eval_count': 617, 'prompt_eval_duration': 267916108, 'eval_count': 4, 'eval_duration': 31616357}
Response: Poorly
Analyzing frame 41/96: q_24_main_0_30fps_frame0074.png
Prompt: Given the human reaction shown in the image, do you think the situation observed by that humans ends well or poorly? (Use only one word to answer)
Image size: 8632 bytes
Response status code: 200
{'model': 'llava', 'created_at': '2025-11-28T15:57:01.63788928Z', 'message': {'role': 'assistant', 'content': ' Poorly '}, 'done': True, 'done_reason': 'stop', 'total_duration': 7116075829, 'load_duration': 6714829282, 'prompt_eval_count': 617, 'prompt_eval_duration': 283251257, 'eval_count': 4, 'eval_duration': 30474059}
Response: Poorly
Analyzing frame 42/96: q_24_main_0_30fps_frame0089.png
Prompt: Given the human reaction shown in the image, do you think the situation observed by that humans ends well or poorly? (Use only one word to answer)
Image size: 8596 bytes
Response status code: 200
{'model': 'llava', 'created_at': '2025-11-28T15:57:03.074271632Z', 'message': {'role': 'assistant', 'content': ' Poorly '}, 'done': True, 'done_reason': 'stop', 'total_duration': 407645971, 'load_duration': 33174052, 'prompt_eval_count': 617, 'prompt_eval_duration': 266492798, 'eval_count': 4, 'eval_duration': 30314152}
Response: Poorly
Analyzing frame 43/96: q_25_main_0_30fps_frame0015.png
Prompt: Given the human reaction shown in the image, do you think the situation observed by that humans ends well or poorly? (Use only one word to answer)
Image size: 8752 bytes
Response status code: 200
{'model': 'llava', 'created_at': '2025-11-28T15:57:11.080815579Z', 'message': {'role': 'assistant', 'content': ' Poorly '}, 'done': True, 'done_reason': 'stop', 'total_duration': 6979336233, 'load_duration': 6560699980, 'prompt_eval_count': 617, 'prompt_eval_duration': 299956612, 'eval_count': 4, 'eval_duration': 30069520}
Response: Poorly
Analyzing frame 44/96: q_25_main_0_30fps_frame0030.png
Prompt: Given the human reaction shown in the image, do you think the situation observed by that humans ends well or poorly? (Use only one word to answer)
Image size: 8820 bytes
Response status code: 200
{'model': 'llava', 'created_at': '2025-11-28T15:57:12.499249584Z', 'message': {'role': 'assistant', 'content': ' Poorly '}, 'done': True, 'done_reason': 'stop', 'total_duration': 392861605, 'load_duration': 19337850, 'prompt_eval_count': 617, 'prompt_eval_duration': 267161917, 'eval_count': 4, 'eval_duration': 30067044}
Response: Poorly
Analyzing frame 45/96: q_25_main_0_30fps_frame0045.png
Prompt: Given the human reaction shown in the image, do you think the situation observed by that humans ends well or poorly? (Use only one word to answer)
Image size: 8700 bytes
Response status code: 200
{'model': 'llava', 'created_at': '2025-11-28T15:57:20.896258461Z', 'message': {'role': 'assistant', 'content': ' Poorly '}, 'done': True, 'done_reason': 'stop', 'total_duration': 7370722033, 'load_duration': 6972192681, 'prompt_eval_count': 617, 'prompt_eval_duration': 282274804, 'eval_count': 4, 'eval_duration': 30142249}
Response: Poorly
Analyzing frame 46/96: q_25_main_0_30fps_frame0060.png
Prompt: Given the human reaction shown in the image, do you think the situation observed by that humans ends well or poorly? (Use only one word to answer)
Image size: 8692 bytes
Response status code: 200
{'model': 'llava', 'created_at': '2025-11-28T15:57:22.344908139Z', 'message': {'role': 'assistant', 'content': ' Poorly '}, 'done': True, 'done_reason': 'stop', 'total_duration': 419274455, 'load_duration': 40554164, 'prompt_eval_count': 617, 'prompt_eval_duration': 269553157, 'eval_count': 4, 'eval_duration': 31602454}
Response: Poorly
Analyzing frame 47/96: q_25_main_0_30fps_frame0075.png
Prompt: Given the human reaction shown in the image, do you think the situation observed by that humans ends well or poorly? (Use only one word to answer)
Image size: 8552 bytes
Response status code: 200
{'model': 'llava', 'created_at': '2025-11-28T15:57:30.574402642Z', 'message': {'role': 'assistant', 'content': ' Poorly '}, 'done': True, 'done_reason': 'stop', 'total_duration': 7202473429, 'load_duration': 6770795641, 'prompt_eval_count': 617, 'prompt_eval_duration': 305007884, 'eval_count': 4, 'eval_duration': 30253729}
Response: Poorly
Analyzing frame 48/96: q_25_main_0_30fps_frame0090.png
Prompt: Given the human reaction shown in the image, do you think the situation observed by that humans ends well or poorly? (Use only one word to answer)
Image size: 8560 bytes
Response status code: 200
{'model': 'llava', 'created_at': '2025-11-28T15:57:31.985805997Z', 'message': {'role': 'assistant', 'content': ' Poorly '}, 'done': True, 'done_reason': 'stop', 'total_duration': 384498819, 'load_duration': 29085974, 'prompt_eval_count': 617, 'prompt_eval_duration': 267535670, 'eval_count': 4, 'eval_duration': 31551104}
Response: Poorly
Analyzing frame 49/96: q_27_main_1_30fps_frame0015.png
Prompt: Given the human reaction shown in the image, do you think the situation observed by that humans ends well or poorly? (Use only one word to answer)
Image size: 8596 bytes
Response status code: 200
{'model': 'llava', 'created_at': '2025-11-28T15:57:40.260459309Z', 'message': {'role': 'assistant', 'content': ' Poorly '}, 'done': True, 'done_reason': 'stop', 'total_duration': 7247729483, 'load_duration': 6849823087, 'prompt_eval_count': 617, 'prompt_eval_duration': 283355050, 'eval_count': 4, 'eval_duration': 30554498}
Response: Poorly
Analyzing frame 50/96: q_27_main_1_30fps_frame0030.png
Prompt: Given the human reaction shown in the image, do you think the situation observed by that humans ends well or poorly? (Use only one word to answer)
Image size: 8588 bytes
Response status code: 200
{'model': 'llava', 'created_at': '2025-11-28T15:57:41.687935294Z', 'message': {'role': 'assistant', 'content': ' Poorly '}, 'done': True, 'done_reason': 'stop', 'total_duration': 401771719, 'load_duration': 41294851, 'prompt_eval_count': 617, 'prompt_eval_duration': 266294756, 'eval_count': 4, 'eval_duration': 32262472}
Response: Poorly
Analyzing frame 51/96: q_27_main_1_30fps_frame0045.png
Prompt: Given the human reaction shown in the image, do you think the situation observed by that humans ends well or poorly? (Use only one word to answer)
Image size: 8540 bytes
Response status code: 200
{'model': 'llava', 'created_at': '2025-11-28T15:57:49.880670475Z', 'message': {'role': 'assistant', 'content': ' Poorly '}, 'done': True, 'done_reason': 'stop', 'total_duration': 7166424937, 'load_duration': 6752493584, 'prompt_eval_count': 617, 'prompt_eval_duration': 282898368, 'eval_count': 4, 'eval_duration': 30074475}
Response: Poorly
Analyzing frame 52/96: q_27_main_1_30fps_frame0060.png
Prompt: Given the human reaction shown in the image, do you think the situation observed by that humans ends well or poorly? (Use only one word to answer)
Image size: 8648 bytes
Response status code: 200
{'model': 'llava', 'created_at': '2025-11-28T15:57:51.318627653Z', 'message': {'role': 'assistant', 'content': ' Poorly '}, 'done': True, 'done_reason': 'stop', 'total_duration': 409417095, 'load_duration': 32607284, 'prompt_eval_count': 617, 'prompt_eval_duration': 267413257, 'eval_count': 4, 'eval_duration': 31305129}
Response: Poorly
Analyzing frame 53/96: q_27_main_1_30fps_frame0075.png
Prompt: Given the human reaction shown in the image, do you think the situation observed by that humans ends well or poorly? (Use only one word to answer)
Image size: 8520 bytes
Response status code: 200
{'model': 'llava', 'created_at': '2025-11-28T15:57:59.440150087Z', 'message': {'role': 'assistant', 'content': ' Poorly '}, 'done': True, 'done_reason': 'stop', 'total_duration': 7092826678, 'load_duration': 6678508845, 'prompt_eval_count': 617, 'prompt_eval_duration': 283214455, 'eval_count': 4, 'eval_duration': 30273345}
Response: Poorly
Analyzing frame 54/96: q_27_main_1_30fps_frame0090.png
Prompt: Given the human reaction shown in the image, do you think the situation observed by that humans ends well or poorly? (Use only one word to answer)
Image size: 8508 bytes
Response status code: 200
{'model': 'llava', 'created_at': '2025-11-28T15:58:00.885912789Z', 'message': {'role': 'assistant', 'content': ' Poorly '}, 'done': True, 'done_reason': 'stop', 'total_duration': 417605268, 'load_duration': 32658650, 'prompt_eval_count': 617, 'prompt_eval_duration': 263956325, 'eval_count': 4, 'eval_duration': 31892839}
Response: Poorly
Analyzing frame 55/96: q_29_main_0_30fps_frame0014.png
Prompt: Given the human reaction shown in the image, do you think the situation observed by that humans ends well or poorly? (Use only one word to answer)
Image size: 8688 bytes
Response status code: 200
{'model': 'llava', 'created_at': '2025-11-28T15:58:09.270477411Z', 'message': {'role': 'assistant', 'content': ' Poorly '}, 'done': True, 'done_reason': 'stop', 'total_duration': 7356914750, 'load_duration': 6942790181, 'prompt_eval_count': 617, 'prompt_eval_duration': 290433763, 'eval_count': 4, 'eval_duration': 30567901}
Response: Poorly
Analyzing frame 56/96: q_29_main_0_30fps_frame0029.png
Prompt: Given the human reaction shown in the image, do you think the situation observed by that humans ends well or poorly? (Use only one word to answer)
Image size: 8736 bytes
Response status code: 200
{'model': 'llava', 'created_at': '2025-11-28T15:58:10.691438718Z', 'message': {'role': 'assistant', 'content': ' Poorly '}, 'done': True, 'done_reason': 'stop', 'total_duration': 393312000, 'load_duration': 21941954, 'prompt_eval_count': 617, 'prompt_eval_duration': 265192938, 'eval_count': 4, 'eval_duration': 30104162}
Response: Poorly
Analyzing frame 57/96: q_29_main_0_30fps_frame0044.png
Prompt: Given the human reaction shown in the image, do you think the situation observed by that humans ends well or poorly? (Use only one word to answer)
Image size: 8696 bytes
Response status code: 200
{'model': 'llava', 'created_at': '2025-11-28T15:58:18.979407386Z', 'message': {'role': 'assistant', 'content': ' Poorly '}, 'done': True, 'done_reason': 'stop', 'total_duration': 7260759064, 'load_duration': 6841092232, 'prompt_eval_count': 617, 'prompt_eval_duration': 284373264, 'eval_count': 4, 'eval_duration': 30658088}
Response: Poorly
Analyzing frame 58/96: q_29_main_0_30fps_frame0059.png
Prompt: Given the human reaction shown in the image, do you think the situation observed by that humans ends well or poorly? (Use only one word to answer)
Image size: 8676 bytes
Response status code: 200
{'model': 'llava', 'created_at': '2025-11-28T15:58:20.377337734Z', 'message': {'role': 'assistant', 'content': ' Poorly '}, 'done': True, 'done_reason': 'stop', 'total_duration': 375335781, 'load_duration': 24131706, 'prompt_eval_count': 617, 'prompt_eval_duration': 264015261, 'eval_count': 4, 'eval_duration': 29977807}
Response: Poorly
Analyzing frame 59/96: q_29_main_0_30fps_frame0074.png
Prompt: Given the human reaction shown in the image, do you think the situation observed by that humans ends well or poorly? (Use only one word to answer)
Image size: 8724 bytes
Response status code: 200
{'model': 'llava', 'created_at': '2025-11-28T15:58:28.394728744Z', 'message': {'role': 'assistant', 'content': ' Poorly '}, 'done': True, 'done_reason': 'stop', 'total_duration': 6991846117, 'load_duration': 6554009805, 'prompt_eval_count': 617, 'prompt_eval_duration': 303589978, 'eval_count': 4, 'eval_duration': 30143582}
Response: Poorly
Analyzing frame 60/96: q_29_main_0_30fps_frame0089.png
Prompt: Given the human reaction shown in the image, do you think the situation observed by that humans ends well or poorly? (Use only one word to answer)
Image size: 8688 bytes
Response status code: 200
{'model': 'llava', 'created_at': '2025-11-28T15:58:29.834221945Z', 'message': {'role': 'assistant', 'content': ' Poorly '}, 'done': True, 'done_reason': 'stop', 'total_duration': 412288517, 'load_duration': 31308357, 'prompt_eval_count': 617, 'prompt_eval_duration': 266227151, 'eval_count': 4, 'eval_duration': 31513510}
Response: Poorly
Analyzing frame 61/96: q_3_main_0_30fps_frame0013.png
Prompt: Given the human reaction shown in the image, do you think the situation observed by that humans ends well or poorly? (Use only one word to answer)
Image size: 9128 bytes
Response status code: 200
{'model': 'llava', 'created_at': '2025-11-28T15:58:38.048898532Z', 'message': {'role': 'assistant', 'content': ' Poorly '}, 'done': True, 'done_reason': 'stop', 'total_duration': 7187770254, 'load_duration': 6778141776, 'prompt_eval_count': 617, 'prompt_eval_duration': 281880297, 'eval_count': 4, 'eval_duration': 30442837}
Response: Poorly
Analyzing frame 62/96: q_3_main_0_30fps_frame0028.png
Prompt: Given the human reaction shown in the image, do you think the situation observed by that humans ends well or poorly? (Use only one word to answer)
Image size: 9236 bytes
Response status code: 200
{'model': 'llava', 'created_at': '2025-11-28T15:58:39.456496392Z', 'message': {'role': 'assistant', 'content': ' Poorly '}, 'done': True, 'done_reason': 'stop', 'total_duration': 379393755, 'load_duration': 26055407, 'prompt_eval_count': 617, 'prompt_eval_duration': 267112650, 'eval_count': 4, 'eval_duration': 30029787}
Response: Poorly
Analyzing frame 63/96: q_3_main_0_30fps_frame0043.png
Prompt: Given the human reaction shown in the image, do you think the situation observed by that humans ends well or poorly? (Use only one word to answer)
Image size: 9032 bytes
Response status code: 200
{'model': 'llava', 'created_at': '2025-11-28T15:58:47.595203166Z', 'message': {'role': 'assistant', 'content': ' Poorly '}, 'done': True, 'done_reason': 'stop', 'total_duration': 7110745348, 'load_duration': 6713940118, 'prompt_eval_count': 617, 'prompt_eval_duration': 282561860, 'eval_count': 4, 'eval_duration': 30498289}
Response: Poorly
Analyzing frame 64/96: q_3_main_0_30fps_frame0058.png
Prompt: Given the human reaction shown in the image, do you think the situation observed by that humans ends well or poorly? (Use only one word to answer)
Image size: 8872 bytes
Response status code: 200
{'model': 'llava', 'created_at': '2025-11-28T15:58:49.035427066Z', 'message': {'role': 'assistant', 'content': ' Poorly '}, 'done': True, 'done_reason': 'stop', 'total_duration': 413826001, 'load_duration': 40823517, 'prompt_eval_count': 617, 'prompt_eval_duration': 264215639, 'eval_count': 4, 'eval_duration': 30215406}
Response: Poorly
Analyzing frame 65/96: q_3_main_0_30fps_frame0073.png
Prompt: Given the human reaction shown in the image, do you think the situation observed by that humans ends well or poorly? (Use only one word to answer)
Image size: 8848 bytes
Response status code: 200
{'model': 'llava', 'created_at': '2025-11-28T15:58:57.260285802Z', 'message': {'role': 'assistant', 'content': ' Poorly '}, 'done': True, 'done_reason': 'stop', 'total_duration': 7197356168, 'load_duration': 6797121103, 'prompt_eval_count': 617, 'prompt_eval_duration': 283932486, 'eval_count': 4, 'eval_duration': 30445649}
Response: Poorly
Analyzing frame 66/96: q_3_main_0_30fps_frame0088.png
Prompt: Given the human reaction shown in the image, do you think the situation observed by that humans ends well or poorly? (Use only one word to answer)
Image size: 8824 bytes
Response status code: 200
{'model': 'llava', 'created_at': '2025-11-28T15:58:58.691801263Z', 'message': {'role': 'assistant', 'content': ' Poorly '}, 'done': True, 'done_reason': 'stop', 'total_duration': 404593175, 'load_duration': 32000502, 'prompt_eval_count': 617, 'prompt_eval_duration': 267006515, 'eval_count': 4, 'eval_duration': 30032429}
Response: Poorly
Analyzing frame 67/96: q_5_main_0_30fps_frame0013.png
Prompt: Given the human reaction shown in the image, do you think the situation observed by that humans ends well or poorly? (Use only one word to answer)
Image size: 9044 bytes
Response status code: 200
{'model': 'llava', 'created_at': '2025-11-28T15:59:06.827279016Z', 'message': {'role': 'assistant', 'content': ' Poorly '}, 'done': True, 'done_reason': 'stop', 'total_duration': 7110123133, 'load_duration': 6685143141, 'prompt_eval_count': 617, 'prompt_eval_duration': 294955568, 'eval_count': 4, 'eval_duration': 30438527}
Response: Poorly
Analyzing frame 68/96: q_5_main_0_30fps_frame0028.png
Prompt: Given the human reaction shown in the image, do you think the situation observed by that humans ends well or poorly? (Use only one word to answer)
Image size: 8944 bytes
Response status code: 200
{'model': 'llava', 'created_at': '2025-11-28T15:59:08.251112559Z', 'message': {'role': 'assistant', 'content': ' Poorly '}, 'done': True, 'done_reason': 'stop', 'total_duration': 397435605, 'load_duration': 25196208, 'prompt_eval_count': 617, 'prompt_eval_duration': 264013448, 'eval_count': 4, 'eval_duration': 31457452}
Response: Poorly
Analyzing frame 69/96: q_5_main_0_30fps_frame0043.png
Prompt: Given the human reaction shown in the image, do you think the situation observed by that humans ends well or poorly? (Use only one word to answer)
Image size: 9000 bytes
Response status code: 200
{'model': 'llava', 'created_at': '2025-11-28T15:59:16.467750258Z', 'message': {'role': 'assistant', 'content': ' Poorly '}, 'done': True, 'done_reason': 'stop', 'total_duration': 7189258081, 'load_duration': 6784037850, 'prompt_eval_count': 617, 'prompt_eval_duration': 290270609, 'eval_count': 4, 'eval_duration': 30050922}
Response: Poorly
Analyzing frame 70/96: q_5_main_0_30fps_frame0058.png
Prompt: Given the human reaction shown in the image, do you think the situation observed by that humans ends well or poorly? (Use only one word to answer)
Image size: 8884 bytes
Response status code: 200
{'model': 'llava', 'created_at': '2025-11-28T15:59:17.883565459Z', 'message': {'role': 'assistant', 'content': ' Poorly '}, 'done': True, 'done_reason': 'stop', 'total_duration': 389925586, 'load_duration': 31396168, 'prompt_eval_count': 617, 'prompt_eval_duration': 266570851, 'eval_count': 4, 'eval_duration': 31598617}
Response: Poorly
Analyzing frame 71/96: q_5_main_0_30fps_frame0073.png
Prompt: Given the human reaction shown in the image, do you think the situation observed by that humans ends well or poorly? (Use only one word to answer)
Image size: 8808 bytes
Response status code: 200
{'model': 'llava', 'created_at': '2025-11-28T15:59:26.046243402Z', 'message': {'role': 'assistant', 'content': ' Poorly '}, 'done': True, 'done_reason': 'stop', 'total_duration': 7135097138, 'load_duration': 6705089369, 'prompt_eval_count': 617, 'prompt_eval_duration': 307234434, 'eval_count': 4, 'eval_duration': 30453790}
Response: Poorly
Analyzing frame 72/96: q_5_main_0_30fps_frame0088.png
Prompt: Given the human reaction shown in the image, do you think the situation observed by that humans ends well or poorly? (Use only one word to answer)
Image size: 8848 bytes
Response status code: 200
{'model': 'llava', 'created_at': '2025-11-28T15:59:27.462538446Z', 'message': {'role': 'assistant', 'content': ' Poorly '}, 'done': True, 'done_reason': 'stop', 'total_duration': 389889549, 'load_duration': 36656207, 'prompt_eval_count': 617, 'prompt_eval_duration': 266706571, 'eval_count': 4, 'eval_duration': 30081295}
Response: Poorly
Analyzing frame 73/96: q_7_main_1_30fps_frame0014.png
Prompt: Given the human reaction shown in the image, do you think the situation observed by that humans ends well or poorly? (Use only one word to answer)
Image size: 8672 bytes
Response status code: 200
{'model': 'llava', 'created_at': '2025-11-28T15:59:35.736390068Z', 'message': {'role': 'assistant', 'content': ' Poorly '}, 'done': True, 'done_reason': 'stop', 'total_duration': 7246639412, 'load_duration': 6820278812, 'prompt_eval_count': 617, 'prompt_eval_duration': 299176299, 'eval_count': 4, 'eval_duration': 30200214}
Response: Poorly
Analyzing frame 74/96: q_7_main_1_30fps_frame0029.png
Prompt: Given the human reaction shown in the image, do you think the situation observed by that humans ends well or poorly? (Use only one word to answer)
Image size: 8692 bytes
Response status code: 200
{'model': 'llava', 'created_at': '2025-11-28T15:59:37.148000568Z', 'message': {'role': 'assistant', 'content': ' Poorly '}, 'done': True, 'done_reason': 'stop', 'total_duration': 387535835, 'load_duration': 20079763, 'prompt_eval_count': 617, 'prompt_eval_duration': 264914668, 'eval_count': 4, 'eval_duration': 30288796}
Response: Poorly
Analyzing frame 75/96: q_7_main_1_30fps_frame0044.png
Prompt: Given the human reaction shown in the image, do you think the situation observed by that humans ends well or poorly? (Use only one word to answer)
Image size: 8676 bytes
Response status code: 200
{'model': 'llava', 'created_at': '2025-11-28T15:59:45.337251953Z', 'message': {'role': 'assistant', 'content': ' Poorly '}, 'done': True, 'done_reason': 'stop', 'total_duration': 7165370378, 'load_duration': 6725111730, 'prompt_eval_count': 617, 'prompt_eval_duration': 306459700, 'eval_count': 4, 'eval_duration': 30980421}
Response: Poorly
Analyzing frame 76/96: q_7_main_1_30fps_frame0059.png
Prompt: Given the human reaction shown in the image, do you think the situation observed by that humans ends well or poorly? (Use only one word to answer)
Image size: 8696 bytes
Response status code: 200
{'model': 'llava', 'created_at': '2025-11-28T15:59:46.777684304Z', 'message': {'role': 'assistant', 'content': ' Poorly '}, 'done': True, 'done_reason': 'stop', 'total_duration': 415071995, 'load_duration': 48491308, 'prompt_eval_count': 617, 'prompt_eval_duration': 264171809, 'eval_count': 4, 'eval_duration': 30033569}
Response: Poorly
Analyzing frame 77/96: q_7_main_1_30fps_frame0074.png
Prompt: Given the human reaction shown in the image, do you think the situation observed by that humans ends well or poorly? (Use only one word to answer)
Image size: 8612 bytes
Response status code: 200
{'model': 'llava', 'created_at': '2025-11-28T15:59:54.815377043Z', 'message': {'role': 'assistant', 'content': ' Poorly '}, 'done': True, 'done_reason': 'stop', 'total_duration': 7012601748, 'load_duration': 6614625021, 'prompt_eval_count': 617, 'prompt_eval_duration': 281952963, 'eval_count': 4, 'eval_duration': 30550381}
Response: Poorly
Analyzing frame 78/96: q_7_main_1_30fps_frame0089.png
Prompt: Given the human reaction shown in the image, do you think the situation observed by that humans ends well or poorly? (Use only one word to answer)
Image size: 8624 bytes
Response status code: 200
{'model': 'llava', 'created_at': '2025-11-28T15:59:56.262360205Z', 'message': {'role': 'assistant', 'content': ' Poorly '}, 'done': True, 'done_reason': 'stop', 'total_duration': 422691567, 'load_duration': 37086827, 'prompt_eval_count': 617, 'prompt_eval_duration': 264965975, 'eval_count': 4, 'eval_duration': 31776483}
Response: Poorly
Analyzing frame 79/96: q_8_main_0_30fps_frame0015.png
Prompt: Given the human reaction shown in the image, do you think the situation observed by that humans ends well or poorly? (Use only one word to answer)
Image size: 9056 bytes
Response status code: 200
{'model': 'llava', 'created_at': '2025-11-28T16:00:04.389625505Z', 'message': {'role': 'assistant', 'content': ' Poorly '}, 'done': True, 'done_reason': 'stop', 'total_duration': 7104179399, 'load_duration': 6674641080, 'prompt_eval_count': 617, 'prompt_eval_duration': 297980890, 'eval_count': 4, 'eval_duration': 30241719}
Response: Poorly
Analyzing frame 80/96: q_8_main_0_30fps_frame0030.png
Prompt: Given the human reaction shown in the image, do you think the situation observed by that humans ends well or poorly? (Use only one word to answer)
Image size: 9064 bytes
Response status code: 200
{'model': 'llava', 'created_at': '2025-11-28T16:00:05.823809796Z', 'message': {'role': 'assistant', 'content': ' Poorly '}, 'done': True, 'done_reason': 'stop', 'total_duration': 407829773, 'load_duration': 32705831, 'prompt_eval_count': 617, 'prompt_eval_duration': 265884024, 'eval_count': 4, 'eval_duration': 32878807}
Response: Poorly
Analyzing frame 81/96: q_8_main_0_30fps_frame0045.png
Prompt: Given the human reaction shown in the image, do you think the situation observed by that humans ends well or poorly? (Use only one word to answer)
Image size: 9052 bytes
Response status code: 200
{'model': 'llava', 'created_at': '2025-11-28T16:00:14.11452024Z', 'message': {'role': 'assistant', 'content': ' Poorly '}, 'done': True, 'done_reason': 'stop', 'total_duration': 7265210857, 'load_duration': 6867919136, 'prompt_eval_count': 617, 'prompt_eval_duration': 282689810, 'eval_count': 4, 'eval_duration': 30065811}
Response: Poorly
Analyzing frame 82/96: q_8_main_0_30fps_frame0060.png
Prompt: Given the human reaction shown in the image, do you think the situation observed by that humans ends well or poorly? (Use only one word to answer)
Image size: 9036 bytes
Response status code: 200
{'model': 'llava', 'created_at': '2025-11-28T16:00:15.512882396Z', 'message': {'role': 'assistant', 'content': ' Poorly '}, 'done': True, 'done_reason': 'stop', 'total_duration': 372788407, 'load_duration': 19405700, 'prompt_eval_count': 617, 'prompt_eval_duration': 267654711, 'eval_count': 4, 'eval_duration': 30003763}
Response: Poorly
Analyzing frame 83/96: q_8_main_0_30fps_frame0075.png
Prompt: Given the human reaction shown in the image, do you think the situation observed by that humans ends well or poorly? (Use only one word to answer)
Image size: 8916 bytes
Response status code: 200
{'model': 'llava', 'created_at': '2025-11-28T16:00:23.963354482Z', 'message': {'role': 'assistant', 'content': ' Poorly '}, 'done': True, 'done_reason': 'stop', 'total_duration': 7426439626, 'load_duration': 7012514800, 'prompt_eval_count': 617, 'prompt_eval_duration': 283674750, 'eval_count': 4, 'eval_duration': 30123390}
Response: Poorly
Analyzing frame 84/96: q_8_main_0_30fps_frame0090.png
Prompt: Given the human reaction shown in the image, do you think the situation observed by that humans ends well or poorly? (Use only one word to answer)
Image size: 8892 bytes
Response status code: 200
{'model': 'llava', 'created_at': '2025-11-28T16:00:33.149136486Z', 'message': {'role': 'assistant', 'content': ' Poorly '}, 'done': True, 'done_reason': 'stop', 'total_duration': 8135864630, 'load_duration': 7722961392, 'prompt_eval_count': 617, 'prompt_eval_duration': 282186146, 'eval_count': 4, 'eval_duration': 30179531}
Response: Poorly
Analyzing frame 85/96: q_9_main_0_30fps_frame0014.png
Prompt: Given the human reaction shown in the image, do you think the situation observed by that humans ends well or poorly? (Use only one word to answer)
Image size: 8848 bytes
Response status code: 200
{'model': 'llava', 'created_at': '2025-11-28T16:00:34.590601977Z', 'message': {'role': 'assistant', 'content': ' Poorly '}, 'done': True, 'done_reason': 'stop', 'total_duration': 396892274, 'load_duration': 31761119, 'prompt_eval_count': 617, 'prompt_eval_duration': 267204974, 'eval_count': 4, 'eval_duration': 29936513}
Response: Poorly
Analyzing frame 86/96: q_9_main_0_30fps_frame0029.png
Prompt: Given the human reaction shown in the image, do you think the situation observed by that humans ends well or poorly? (Use only one word to answer)
Image size: 8928 bytes
Response status code: 200
{'model': 'llava', 'created_at': '2025-11-28T16:00:42.815889835Z', 'message': {'role': 'assistant', 'content': ' Poorly '}, 'done': True, 'done_reason': 'stop', 'total_duration': 7200241591, 'load_duration': 6800014796, 'prompt_eval_count': 617, 'prompt_eval_duration': 282341037, 'eval_count': 4, 'eval_duration': 30473002}
Response: Poorly
Analyzing frame 87/96: q_9_main_0_30fps_frame0044.png
Prompt: Given the human reaction shown in the image, do you think the situation observed by that humans ends well or poorly? (Use only one word to answer)
Image size: 8808 bytes
Response status code: 200
{'model': 'llava', 'created_at': '2025-11-28T16:00:44.242683431Z', 'message': {'role': 'assistant', 'content': ' Poorly '}, 'done': True, 'done_reason': 'stop', 'total_duration': 402738194, 'load_duration': 32089840, 'prompt_eval_count': 617, 'prompt_eval_duration': 264642014, 'eval_count': 4, 'eval_duration': 30288033}
Response: Poorly
Analyzing frame 88/96: q_9_main_0_30fps_frame0059.png
Prompt: Given the human reaction shown in the image, do you think the situation observed by that humans ends well or poorly? (Use only one word to answer)
Image size: 8868 bytes
Response status code: 200
{'model': 'llava', 'created_at': '2025-11-28T16:00:52.534752381Z', 'message': {'role': 'assistant', 'content': ' Poorly '}, 'done': True, 'done_reason': 'stop', 'total_duration': 7265271026, 'load_duration': 6854128765, 'prompt_eval_count': 617, 'prompt_eval_duration': 287022801, 'eval_count': 4, 'eval_duration': 30075069}
Response: Poorly
Analyzing frame 89/96: q_9_main_0_30fps_frame0074.png
Prompt: Given the human reaction shown in the image, do you think the situation observed by that humans ends well or poorly? (Use only one word to answer)
Image size: 8840 bytes
Response status code: 200
{'model': 'llava', 'created_at': '2025-11-28T16:00:53.951511889Z', 'message': {'role': 'assistant', 'content': ' Poorly '}, 'done': True, 'done_reason': 'stop', 'total_duration': 392853861, 'load_duration': 23253743, 'prompt_eval_count': 617, 'prompt_eval_duration': 264819327, 'eval_count': 4, 'eval_duration': 30245995}
Response: Poorly
Analyzing frame 90/96: q_9_main_0_30fps_frame0089.png
Prompt: Given the human reaction shown in the image, do you think the situation observed by that humans ends well or poorly? (Use only one word to answer)
Image size: 8764 bytes
Response status code: 200
{'model': 'llava', 'created_at': '2025-11-28T16:01:02.186550654Z', 'message': {'role': 'assistant', 'content': ' Poorly '}, 'done': True, 'done_reason': 'stop', 'total_duration': 7207607305, 'load_duration': 6784819051, 'prompt_eval_count': 617, 'prompt_eval_duration': 298948253, 'eval_count': 4, 'eval_duration': 30039521}
Response: Poorly
Analyzing frame 91/96: q_warmup_3_main_1_30fps_frame0014.png
Prompt: Given the human reaction shown in the image, do you think the situation observed by that humans ends well or poorly? (Use only one word to answer)
Image size: 8520 bytes
Response status code: 200
{'model': 'llava', 'created_at': '2025-11-28T16:01:03.609737698Z', 'message': {'role': 'assistant', 'content': ' Poorly '}, 'done': True, 'done_reason': 'stop', 'total_duration': 398555284, 'load_duration': 21318191, 'prompt_eval_count': 617, 'prompt_eval_duration': 269592792, 'eval_count': 4, 'eval_duration': 32440218}
Response: Poorly
Analyzing frame 92/96: q_warmup_3_main_1_30fps_frame0029.png
Prompt: Given the human reaction shown in the image, do you think the situation observed by that humans ends well or poorly? (Use only one word to answer)
Image size: 8528 bytes
Response status code: 200
{'model': 'llava', 'created_at': '2025-11-28T16:01:11.768922288Z', 'message': {'role': 'assistant', 'content': ' Poorly '}, 'done': True, 'done_reason': 'stop', 'total_duration': 7131581850, 'load_duration': 6736396133, 'prompt_eval_count': 617, 'prompt_eval_duration': 282189821, 'eval_count': 4, 'eval_duration': 30109335}
Response: Poorly
Analyzing frame 93/96: q_warmup_3_main_1_30fps_frame0044.png
Prompt: Given the human reaction shown in the image, do you think the situation observed by that humans ends well or poorly? (Use only one word to answer)
Image size: 8552 bytes
Response status code: 200
{'model': 'llava', 'created_at': '2025-11-28T16:01:13.198808018Z', 'message': {'role': 'assistant', 'content': ' Poorly '}, 'done': True, 'done_reason': 'stop', 'total_duration': 406746714, 'load_duration': 22675328, 'prompt_eval_count': 617, 'prompt_eval_duration': 275132656, 'eval_count': 4, 'eval_duration': 29988075}
Response: Poorly
Analyzing frame 94/96: q_warmup_3_main_1_30fps_frame0059.png
Prompt: Given the human reaction shown in the image, do you think the situation observed by that humans ends well or poorly? (Use only one word to answer)
Image size: 8488 bytes
Response status code: 200
{'model': 'llava', 'created_at': '2025-11-28T16:01:21.460341457Z', 'message': {'role': 'assistant', 'content': ' Poorly '}, 'done': True, 'done_reason': 'stop', 'total_duration': 7239717612, 'load_duration': 6819829883, 'prompt_eval_count': 617, 'prompt_eval_duration': 287433643, 'eval_count': 4, 'eval_duration': 30034206}
Response: Poorly
Analyzing frame 95/96: q_warmup_3_main_1_30fps_frame0074.png
Prompt: Given the human reaction shown in the image, do you think the situation observed by that humans ends well or poorly? (Use only one word to answer)
Image size: 8512 bytes
Response status code: 200
{'model': 'llava', 'created_at': '2025-11-28T16:01:22.878794199Z', 'message': {'role': 'assistant', 'content': ' Poorly '}, 'done': True, 'done_reason': 'stop', 'total_duration': 393357955, 'load_duration': 30271426, 'prompt_eval_count': 617, 'prompt_eval_duration': 273809165, 'eval_count': 4, 'eval_duration': 31616240}
Response: Poorly
Analyzing frame 96/96: q_warmup_3_main_1_30fps_frame0089.png
Prompt: Given the human reaction shown in the image, do you think the situation observed by that humans ends well or poorly? (Use only one word to answer)
Image size: 8588 bytes
Response status code: 200
{'model': 'llava', 'created_at': '2025-11-28T16:01:31.158647734Z', 'message': {'role': 'assistant', 'content': ' Poorly '}, 'done': True, 'done_reason': 'stop', 'total_duration': 7262843103, 'load_duration': 6851979464, 'prompt_eval_count': 617, 'prompt_eval_duration': 283265945, 'eval_count': 4, 'eval_duration': 30074317}
Response: Poorly
Processed 96 frames for participant 1483

Results saved to ./results/results_llava_3s.csv
Total frames processed: 294

==================================================
Processing participant 4/30

Processing participant: 1676
Found 108 frames
Analyzing frame 1/108: q_10_main_0_30fps_frame0015.png
Prompt: Given the human reaction shown in the image, do you think the situation observed by that humans ends well or poorly? (Use only one word to answer)
Image size: 12664 bytes
Response status code: 200
{'model': 'llava', 'created_at': '2025-11-28T16:01:32.574279755Z', 'message': {'role': 'assistant', 'content': ' Poorly '}, 'done': True, 'done_reason': 'stop', 'total_duration': 389726314, 'load_duration': 18010568, 'prompt_eval_count': 617, 'prompt_eval_duration': 266964583, 'eval_count': 4, 'eval_duration': 29986951}
Response: Poorly
Analyzing frame 2/108: q_10_main_0_30fps_frame0030.png
Prompt: Given the human reaction shown in the image, do you think the situation observed by that humans ends well or poorly? (Use only one word to answer)
Image size: 12652 bytes
Response status code: 200
{'model': 'llava', 'created_at': '2025-11-28T16:01:40.717632795Z', 'message': {'role': 'assistant', 'content': ' Poorly '}, 'done': True, 'done_reason': 'stop', 'total_duration': 7115289056, 'load_duration': 6721606575, 'prompt_eval_count': 617, 'prompt_eval_duration': 281438464, 'eval_count': 4, 'eval_duration': 30102916}
Response: Poorly
Analyzing frame 3/108: q_10_main_0_30fps_frame0045.png
Prompt: Given the human reaction shown in the image, do you think the situation observed by that humans ends well or poorly? (Use only one word to answer)
Image size: 12632 bytes
Response status code: 200
{'model': 'llava', 'created_at': '2025-11-28T16:01:42.141761915Z', 'message': {'role': 'assistant', 'content': ' Poorly '}, 'done': True, 'done_reason': 'stop', 'total_duration': 373637347, 'load_duration': 21319887, 'prompt_eval_count': 617, 'prompt_eval_duration': 268259484, 'eval_count': 4, 'eval_duration': 30371183}
Response: Poorly
Analyzing frame 4/108: q_10_main_0_30fps_frame0060.png
Prompt: Given the human reaction shown in the image, do you think the situation observed by that humans ends well or poorly? (Use only one word to answer)
Image size: 12644 bytes
Response status code: 200
{'model': 'llava', 'created_at': '2025-11-28T16:01:50.495865676Z', 'message': {'role': 'assistant', 'content': ' Poorly '}, 'done': True, 'done_reason': 'stop', 'total_duration': 7325717793, 'load_duration': 6910286219, 'prompt_eval_count': 617, 'prompt_eval_duration': 282550835, 'eval_count': 4, 'eval_duration': 30137194}
Response: Poorly
Analyzing frame 5/108: q_10_main_0_30fps_frame0075.png
Prompt: Given the human reaction shown in the image, do you think the situation observed by that humans ends well or poorly? (Use only one word to answer)
Image size: 12860 bytes
Response status code: 200
{'model': 'llava', 'created_at': '2025-11-28T16:01:51.896900574Z', 'message': {'role': 'assistant', 'content': ' Poorly '}, 'done': True, 'done_reason': 'stop', 'total_duration': 373765887, 'load_duration': 20364580, 'prompt_eval_count': 617, 'prompt_eval_duration': 266723112, 'eval_count': 4, 'eval_duration': 31667685}
Response: Poorly
Analyzing frame 6/108: q_10_main_0_30fps_frame0090.png
Prompt: Given the human reaction shown in the image, do you think the situation observed by that humans ends well or poorly? (Use only one word to answer)
Image size: 12844 bytes
Response status code: 200
{'model': 'llava', 'created_at': '2025-11-28T16:02:00.27967807Z', 'message': {'role': 'assistant', 'content': ' Poorly '}, 'done': True, 'done_reason': 'stop', 'total_duration': 7355854084, 'load_duration': 6954212604, 'prompt_eval_count': 617, 'prompt_eval_duration': 282276062, 'eval_count': 4, 'eval_duration': 30432557}
Response: Poorly
Analyzing frame 7/108: q_11_main_1_30fps_frame0014.png
Prompt: Given the human reaction shown in the image, do you think the situation observed by that humans ends well or poorly? (Use only one word to answer)
Image size: 14108 bytes
Response status code: 200
{'model': 'llava', 'created_at': '2025-11-28T16:02:01.717808763Z', 'message': {'role': 'assistant', 'content': ' Poorly '}, 'done': True, 'done_reason': 'stop', 'total_duration': 410265194, 'load_duration': 31081426, 'prompt_eval_count': 617, 'prompt_eval_duration': 269674919, 'eval_count': 4, 'eval_duration': 31420800}
Response: Poorly
Analyzing frame 8/108: q_11_main_1_30fps_frame0029.png
Prompt: Given the human reaction shown in the image, do you think the situation observed by that humans ends well or poorly? (Use only one word to answer)
Image size: 14176 bytes
Response status code: 200
{'model': 'llava', 'created_at': '2025-11-28T16:02:09.841173642Z', 'message': {'role': 'assistant', 'content': ' Poorly '}, 'done': True, 'done_reason': 'stop', 'total_duration': 7097455768, 'load_duration': 6680568262, 'prompt_eval_count': 617, 'prompt_eval_duration': 284622972, 'eval_count': 4, 'eval_duration': 30249736}
Response: Poorly
Analyzing frame 9/108: q_11_main_1_30fps_frame0044.png
Prompt: Given the human reaction shown in the image, do you think the situation observed by that humans ends well or poorly? (Use only one word to answer)
Image size: 14152 bytes
Response status code: 200
{'model': 'llava', 'created_at': '2025-11-28T16:02:11.24699252Z', 'message': {'role': 'assistant', 'content': ' Poorly '}, 'done': True, 'done_reason': 'stop', 'total_duration': 379473982, 'load_duration': 20217063, 'prompt_eval_count': 617, 'prompt_eval_duration': 273222253, 'eval_count': 4, 'eval_duration': 30307288}
Response: Poorly
Analyzing frame 10/108: q_11_main_1_30fps_frame0059.png
Prompt: Given the human reaction shown in the image, do you think the situation observed by that humans ends well or poorly? (Use only one word to answer)
Image size: 14028 bytes
Response status code: 200
{'model': 'llava', 'created_at': '2025-11-28T16:02:19.479389882Z', 'message': {'role': 'assistant', 'content': ' Poorly '}, 'done': True, 'done_reason': 'stop', 'total_duration': 7191427257, 'load_duration': 6789669365, 'prompt_eval_count': 617, 'prompt_eval_duration': 285156252, 'eval_count': 4, 'eval_duration': 30260185}
Response: Poorly
Analyzing frame 11/108: q_11_main_1_30fps_frame0074.png
Prompt: Given the human reaction shown in the image, do you think the situation observed by that humans ends well or poorly? (Use only one word to answer)
Image size: 13964 bytes
Response status code: 200
{'model': 'llava', 'created_at': '2025-11-28T16:02:20.91972803Z', 'message': {'role': 'assistant', 'content': ' Poorly '}, 'done': True, 'done_reason': 'stop', 'total_duration': 411351017, 'load_duration': 35157059, 'prompt_eval_count': 617, 'prompt_eval_duration': 267954081, 'eval_count': 4, 'eval_duration': 31765772}
Response: Poorly
Analyzing frame 12/108: q_11_main_1_30fps_frame0089.png
Prompt: Given the human reaction shown in the image, do you think the situation observed by that humans ends well or poorly? (Use only one word to answer)
Image size: 13848 bytes
Response status code: 200
{'model': 'llava', 'created_at': '2025-11-28T16:02:29.134606799Z', 'message': {'role': 'assistant', 'content': ' Poorly '}, 'done': True, 'done_reason': 'stop', 'total_duration': 7188042637, 'load_duration': 6773255263, 'prompt_eval_count': 617, 'prompt_eval_duration': 295846397, 'eval_count': 4, 'eval_duration': 30822776}
Response: Poorly
Analyzing frame 13/108: q_12_main_1_30fps_frame0014.png
Prompt: Given the human reaction shown in the image, do you think the situation observed by that humans ends well or poorly? (Use only one word to answer)
Image size: 12372 bytes
Response status code: 200
{'model': 'llava', 'created_at': '2025-11-28T16:02:30.544330586Z', 'message': {'role': 'assistant', 'content': ' Poorly '}, 'done': True, 'done_reason': 'stop', 'total_duration': 382770025, 'load_duration': 21508144, 'prompt_eval_count': 617, 'prompt_eval_duration': 268950771, 'eval_count': 4, 'eval_duration': 31690560}
Response: Poorly
Analyzing frame 14/108: q_12_main_1_30fps_frame0029.png
Prompt: Given the human reaction shown in the image, do you think the situation observed by that humans ends well or poorly? (Use only one word to answer)
Image size: 12524 bytes
Response status code: 200
{'model': 'llava', 'created_at': '2025-11-28T16:02:38.725925566Z', 'message': {'role': 'assistant', 'content': ' Well '}, 'done': True, 'done_reason': 'stop', 'total_duration': 7154692945, 'load_duration': 6752492023, 'prompt_eval_count': 617, 'prompt_eval_duration': 285576208, 'eval_count': 3, 'eval_duration': 20310927}
Response: Well
Analyzing frame 15/108: q_12_main_1_30fps_frame0044.png
Prompt: Given the human reaction shown in the image, do you think the situation observed by that humans ends well or poorly? (Use only one word to answer)
Image size: 12724 bytes
Response status code: 200
{'model': 'llava', 'created_at': '2025-11-28T16:02:40.125710693Z', 'message': {'role': 'assistant', 'content': ' Poorly '}, 'done': True, 'done_reason': 'stop', 'total_duration': 372615443, 'load_duration': 22414601, 'prompt_eval_count': 617, 'prompt_eval_duration': 267664878, 'eval_count': 4, 'eval_duration': 30037066}
Response: Poorly
Analyzing frame 16/108: q_12_main_1_30fps_frame0059.png
Prompt: Given the human reaction shown in the image, do you think the situation observed by that humans ends well or poorly? (Use only one word to answer)
Image size: 12724 bytes
Response status code: 200
{'model': 'llava', 'created_at': '2025-11-28T16:02:48.468479098Z', 'message': {'role': 'assistant', 'content': ' Poorly '}, 'done': True, 'done_reason': 'stop', 'total_duration': 7315604148, 'load_duration': 6903651647, 'prompt_eval_count': 617, 'prompt_eval_duration': 283247558, 'eval_count': 4, 'eval_duration': 30221655}
Response: Poorly
Analyzing frame 17/108: q_12_main_1_30fps_frame0074.png
Prompt: Given the human reaction shown in the image, do you think the situation observed by that humans ends well or poorly? (Use only one word to answer)
Image size: 12832 bytes
Response status code: 200
{'model': 'llava', 'created_at': '2025-11-28T16:02:49.88315882Z', 'message': {'role': 'assistant', 'content': ' Poorly '}, 'done': True, 'done_reason': 'stop', 'total_duration': 387542211, 'load_duration': 33763218, 'prompt_eval_count': 617, 'prompt_eval_duration': 263779393, 'eval_count': 4, 'eval_duration': 30066933}
Response: Poorly
Analyzing frame 18/108: q_12_main_1_30fps_frame0089.png
Prompt: Given the human reaction shown in the image, do you think the situation observed by that humans ends well or poorly? (Use only one word to answer)
Image size: 12800 bytes
Response status code: 200
{'model': 'llava', 'created_at': '2025-11-28T16:02:58.183569295Z', 'message': {'role': 'assistant', 'content': ' Poorly '}, 'done': True, 'done_reason': 'stop', 'total_duration': 7272256578, 'load_duration': 6851958188, 'prompt_eval_count': 617, 'prompt_eval_duration': 296076672, 'eval_count': 4, 'eval_duration': 30045778}
Response: Poorly
Analyzing frame 19/108: q_15_main_1_30fps_frame0015.png
Prompt: Given the human reaction shown in the image, do you think the situation observed by that humans ends well or poorly? (Use only one word to answer)
Image size: 12104 bytes
Response status code: 200
{'model': 'llava', 'created_at': '2025-11-28T16:02:59.630805638Z', 'message': {'role': 'assistant', 'content': ' Poorly '}, 'done': True, 'done_reason': 'stop', 'total_duration': 400377130, 'load_duration': 23066745, 'prompt_eval_count': 617, 'prompt_eval_duration': 270734060, 'eval_count': 4, 'eval_duration': 29954747}
Response: Poorly
Analyzing frame 20/108: q_15_main_1_30fps_frame0030.png
Prompt: Given the human reaction shown in the image, do you think the situation observed by that humans ends well or poorly? (Use only one word to answer)
Image size: 11692 bytes
Response status code: 200
{'model': 'llava', 'created_at': '2025-11-28T16:03:07.864607885Z', 'message': {'role': 'assistant', 'content': ' Poorly '}, 'done': True, 'done_reason': 'stop', 'total_duration': 7208096085, 'load_duration': 6795881939, 'prompt_eval_count': 617, 'prompt_eval_duration': 284616207, 'eval_count': 4, 'eval_duration': 30383937}
Response: Poorly
Analyzing frame 21/108: q_15_main_1_30fps_frame0045.png
Prompt: Given the human reaction shown in the image, do you think the situation observed by that humans ends well or poorly? (Use only one word to answer)
Image size: 11904 bytes
Response status code: 200
{'model': 'llava', 'created_at': '2025-11-28T16:03:09.281131058Z', 'message': {'role': 'assistant', 'content': ' Poorly '}, 'done': True, 'done_reason': 'stop', 'total_duration': 388071683, 'load_duration': 25648378, 'prompt_eval_count': 617, 'prompt_eval_duration': 275942472, 'eval_count': 4, 'eval_duration': 30305440}
Response: Poorly
Analyzing frame 22/108: q_15_main_1_30fps_frame0060.png
Prompt: Given the human reaction shown in the image, do you think the situation observed by that humans ends well or poorly? (Use only one word to answer)
Image size: 12120 bytes
Response status code: 200
{'model': 'llava', 'created_at': '2025-11-28T16:03:17.441647508Z', 'message': {'role': 'assistant', 'content': ' Poorly '}, 'done': True, 'done_reason': 'stop', 'total_duration': 7134235642, 'load_duration': 6696900733, 'prompt_eval_count': 617, 'prompt_eval_duration': 299391855, 'eval_count': 4, 'eval_duration': 30077233}
Response: Poorly
Analyzing frame 23/108: q_15_main_1_30fps_frame0075.png
Prompt: Given the human reaction shown in the image, do you think the situation observed by that humans ends well or poorly? (Use only one word to answer)
Image size: 12128 bytes
Response status code: 200
{'model': 'llava', 'created_at': '2025-11-28T16:03:18.862593206Z', 'message': {'role': 'assistant', 'content': ' Well '}, 'done': True, 'done_reason': 'stop', 'total_duration': 393294521, 'load_duration': 27758600, 'prompt_eval_count': 617, 'prompt_eval_duration': 267364680, 'eval_count': 3, 'eval_duration': 21750453}
Response: Well
Analyzing frame 24/108: q_15_main_1_30fps_frame0090.png
Prompt: Given the human reaction shown in the image, do you think the situation observed by that humans ends well or poorly? (Use only one word to answer)
Image size: 12080 bytes
Response status code: 200
{'model': 'llava', 'created_at': '2025-11-28T16:03:26.971533916Z', 'message': {'role': 'assistant', 'content': ' Poorly '}, 'done': True, 'done_reason': 'stop', 'total_duration': 7044858356, 'load_duration': 6646863395, 'prompt_eval_count': 617, 'prompt_eval_duration': 283069328, 'eval_count': 4, 'eval_duration': 30243931}
Response: Poorly
Analyzing frame 25/108: q_16_main_1_30fps_frame0015.png
Prompt: Given the human reaction shown in the image, do you think the situation observed by that humans ends well or poorly? (Use only one word to answer)
Image size: 12628 bytes
Response status code: 200
{'model': 'llava', 'created_at': '2025-11-28T16:03:28.426903461Z', 'message': {'role': 'assistant', 'content': ' Poorly '}, 'done': True, 'done_reason': 'stop', 'total_duration': 407450336, 'load_duration': 31946665, 'prompt_eval_count': 617, 'prompt_eval_duration': 264342165, 'eval_count': 4, 'eval_duration': 31482520}
Response: Poorly
Analyzing frame 26/108: q_16_main_1_30fps_frame0030.png
Prompt: Given the human reaction shown in the image, do you think the situation observed by that humans ends well or poorly? (Use only one word to answer)
Image size: 12420 bytes
Response status code: 200
{'model': 'llava', 'created_at': '2025-11-28T16:03:36.592760002Z', 'message': {'role': 'assistant', 'content': ' Poorly '}, 'done': True, 'done_reason': 'stop', 'total_duration': 7123622383, 'load_duration': 6706091491, 'prompt_eval_count': 617, 'prompt_eval_duration': 300841789, 'eval_count': 4, 'eval_duration': 30169104}
Response: Poorly
Analyzing frame 27/108: q_16_main_1_30fps_frame0045.png
Prompt: Given the human reaction shown in the image, do you think the situation observed by that humans ends well or poorly? (Use only one word to answer)
Image size: 12548 bytes
Response status code: 200
{'model': 'llava', 'created_at': '2025-11-28T16:03:38.021933579Z', 'message': {'role': 'assistant', 'content': ' Well '}, 'done': True, 'done_reason': 'stop', 'total_duration': 376210579, 'load_duration': 31781046, 'prompt_eval_count': 617, 'prompt_eval_duration': 264345388, 'eval_count': 3, 'eval_duration': 21631500}
Response: Well
Analyzing frame 28/108: q_16_main_1_30fps_frame0060.png
Prompt: Given the human reaction shown in the image, do you think the situation observed by that humans ends well or poorly? (Use only one word to answer)
Image size: 12588 bytes
Response status code: 200
{'model': 'llava', 'created_at': '2025-11-28T16:03:46.337001379Z', 'message': {'role': 'assistant', 'content': ' Well '}, 'done': True, 'done_reason': 'stop', 'total_duration': 7269734335, 'load_duration': 6839932236, 'prompt_eval_count': 617, 'prompt_eval_duration': 297959226, 'eval_count': 3, 'eval_duration': 20338108}
Response: Well
Analyzing frame 29/108: q_16_main_1_30fps_frame0075.png
Prompt: Given the human reaction shown in the image, do you think the situation observed by that humans ends well or poorly? (Use only one word to answer)
Image size: 12484 bytes
Response status code: 200
{'model': 'llava', 'created_at': '2025-11-28T16:03:47.782490815Z', 'message': {'role': 'assistant', 'content': ' Poorly '}, 'done': True, 'done_reason': 'stop', 'total_duration': 403486760, 'load_duration': 32929890, 'prompt_eval_count': 617, 'prompt_eval_duration': 268963196, 'eval_count': 4, 'eval_duration': 29983454}
Response: Poorly
Analyzing frame 30/108: q_16_main_1_30fps_frame0090.png
Prompt: Given the human reaction shown in the image, do you think the situation observed by that humans ends well or poorly? (Use only one word to answer)
Image size: 12448 bytes
Response status code: 200
{'model': 'llava', 'created_at': '2025-11-28T16:03:56.265493518Z', 'message': {'role': 'assistant', 'content': ' Poorly '}, 'done': True, 'done_reason': 'stop', 'total_duration': 7452946930, 'load_duration': 7006760508, 'prompt_eval_count': 617, 'prompt_eval_duration': 306750954, 'eval_count': 4, 'eval_duration': 30068834}
Response: Poorly
Analyzing frame 31/108: q_17_main_0_30fps_frame0015.png
Prompt: Given the human reaction shown in the image, do you think the situation observed by that humans ends well or poorly? (Use only one word to answer)
Image size: 12448 bytes
Response status code: 200
{'model': 'llava', 'created_at': '2025-11-28T16:03:57.712125643Z', 'message': {'role': 'assistant', 'content': ' Poorly '}, 'done': True, 'done_reason': 'stop', 'total_duration': 402898495, 'load_duration': 34392504, 'prompt_eval_count': 617, 'prompt_eval_duration': 266862746, 'eval_count': 4, 'eval_duration': 29965822}
Response: Poorly
Analyzing frame 32/108: q_17_main_0_30fps_frame0030.png
Prompt: Given the human reaction shown in the image, do you think the situation observed by that humans ends well or poorly? (Use only one word to answer)
Image size: 11980 bytes
Response status code: 200
{'model': 'llava', 'created_at': '2025-11-28T16:04:05.982619658Z', 'message': {'role': 'assistant', 'content': ' Poorly '}, 'done': True, 'done_reason': 'stop', 'total_duration': 7241739898, 'load_duration': 6812321828, 'prompt_eval_count': 617, 'prompt_eval_duration': 298132593, 'eval_count': 4, 'eval_duration': 30074002}
Response: Poorly
Analyzing frame 33/108: q_17_main_0_30fps_frame0045.png
Prompt: Given the human reaction shown in the image, do you think the situation observed by that humans ends well or poorly? (Use only one word to answer)
Image size: 12100 bytes
Response status code: 200
{'model': 'llava', 'created_at': '2025-11-28T16:04:07.429377954Z', 'message': {'role': 'assistant', 'content': ' Poorly '}, 'done': True, 'done_reason': 'stop', 'total_duration': 417131763, 'load_duration': 40845798, 'prompt_eval_count': 617, 'prompt_eval_duration': 265208014, 'eval_count': 4, 'eval_duration': 31845811}
Response: Poorly
Analyzing frame 34/108: q_17_main_0_30fps_frame0060.png
Prompt: Given the human reaction shown in the image, do you think the situation observed by that humans ends well or poorly? (Use only one word to answer)
Image size: 12056 bytes
Response status code: 200
{'model': 'llava', 'created_at': '2025-11-28T16:04:15.674913381Z', 'message': {'role': 'assistant', 'content': ' Poorly '}, 'done': True, 'done_reason': 'stop', 'total_duration': 7195746620, 'load_duration': 6756439842, 'prompt_eval_count': 617, 'prompt_eval_duration': 302808092, 'eval_count': 4, 'eval_duration': 31853180}
Response: Poorly
Analyzing frame 35/108: q_17_main_0_30fps_frame0075.png
Prompt: Given the human reaction shown in the image, do you think the situation observed by that humans ends well or poorly? (Use only one word to answer)
Image size: 12268 bytes
Response status code: 200
{'model': 'llava', 'created_at': '2025-11-28T16:04:17.102973198Z', 'message': {'role': 'assistant', 'content': ' Poorly '}, 'done': True, 'done_reason': 'stop', 'total_duration': 400355911, 'load_duration': 32020655, 'prompt_eval_count': 617, 'prompt_eval_duration': 266048449, 'eval_count': 4, 'eval_duration': 30145938}
Response: Poorly
Analyzing frame 36/108: q_17_main_0_30fps_frame0090.png
Prompt: Given the human reaction shown in the image, do you think the situation observed by that humans ends well or poorly? (Use only one word to answer)
Image size: 12312 bytes
Response status code: 200
{'model': 'llava', 'created_at': '2025-11-28T16:04:25.219334878Z', 'message': {'role': 'assistant', 'content': ' Poorly '}, 'done': True, 'done_reason': 'stop', 'total_duration': 7087487475, 'load_duration': 6682660476, 'prompt_eval_count': 617, 'prompt_eval_duration': 282989787, 'eval_count': 4, 'eval_duration': 30052650}
Response: Poorly
Analyzing frame 37/108: q_18_main_0_30fps_frame0015.png
Prompt: Given the human reaction shown in the image, do you think the situation observed by that humans ends well or poorly? (Use only one word to answer)
Image size: 12400 bytes
Response status code: 200
{'model': 'llava', 'created_at': '2025-11-28T16:04:26.638015514Z', 'message': {'role': 'assistant', 'content': ' Poorly '}, 'done': True, 'done_reason': 'stop', 'total_duration': 373138539, 'load_duration': 22510911, 'prompt_eval_count': 617, 'prompt_eval_duration': 265332962, 'eval_count': 4, 'eval_duration': 29947400}
Response: Poorly
Analyzing frame 38/108: q_18_main_0_30fps_frame0030.png
Prompt: Given the human reaction shown in the image, do you think the situation observed by that humans ends well or poorly? (Use only one word to answer)
Image size: 12560 bytes
Response status code: 200
{'model': 'llava', 'created_at': '2025-11-28T16:04:34.87954297Z', 'message': {'role': 'assistant', 'content': ' Poorly '}, 'done': True, 'done_reason': 'stop', 'total_duration': 7188407602, 'load_duration': 6791279744, 'prompt_eval_count': 617, 'prompt_eval_duration': 282487072, 'eval_count': 4, 'eval_duration': 30091440}
Response: Poorly
Analyzing frame 39/108: q_18_main_0_30fps_frame0045.png
Prompt: Given the human reaction shown in the image, do you think the situation observed by that humans ends well or poorly? (Use only one word to answer)
Image size: 12572 bytes
Response status code: 200
{'model': 'llava', 'created_at': '2025-11-28T16:04:36.320967419Z', 'message': {'role': 'assistant', 'content': ' Poorly '}, 'done': True, 'done_reason': 'stop', 'total_duration': 397215404, 'load_duration': 39462638, 'prompt_eval_count': 617, 'prompt_eval_duration': 268813960, 'eval_count': 4, 'eval_duration': 30316873}
Response: Poorly
Analyzing frame 40/108: q_18_main_0_30fps_frame0060.png
Prompt: Given the human reaction shown in the image, do you think the situation observed by that humans ends well or poorly? (Use only one word to answer)
Image size: 12716 bytes
Response status code: 200
{'model': 'llava', 'created_at': '2025-11-28T16:04:44.514996847Z', 'message': {'role': 'assistant', 'content': ' Poorly '}, 'done': True, 'done_reason': 'stop', 'total_duration': 7166770247, 'load_duration': 6725350718, 'prompt_eval_count': 617, 'prompt_eval_duration': 298055315, 'eval_count': 4, 'eval_duration': 30425479}
Response: Poorly
Analyzing frame 41/108: q_18_main_0_30fps_frame0075.png
Prompt: Given the human reaction shown in the image, do you think the situation observed by that humans ends well or poorly? (Use only one word to answer)
Image size: 12804 bytes
Response status code: 200
{'model': 'llava', 'created_at': '2025-11-28T16:04:45.961369161Z', 'message': {'role': 'assistant', 'content': ' Poorly '}, 'done': True, 'done_reason': 'stop', 'total_duration': 398587753, 'load_duration': 27012324, 'prompt_eval_count': 617, 'prompt_eval_duration': 267876051, 'eval_count': 4, 'eval_duration': 29983790}
Response: Poorly
Analyzing frame 42/108: q_18_main_0_30fps_frame0090.png
Prompt: Given the human reaction shown in the image, do you think the situation observed by that humans ends well or poorly? (Use only one word to answer)
Image size: 12704 bytes
Response status code: 200
{'model': 'llava', 'created_at': '2025-11-28T16:04:54.252960832Z', 'message': {'role': 'assistant', 'content': ' Poorly '}, 'done': True, 'done_reason': 'stop', 'total_duration': 7249435340, 'load_duration': 6828446841, 'prompt_eval_count': 617, 'prompt_eval_duration': 297355360, 'eval_count': 4, 'eval_duration': 31839680}
Response: Poorly
Analyzing frame 43/108: q_1_main_0_30fps_frame0015.png
Prompt: Given the human reaction shown in the image, do you think the situation observed by that humans ends well or poorly? (Use only one word to answer)
Image size: 12020 bytes
Response status code: 200
{'model': 'llava', 'created_at': '2025-11-28T16:04:55.70794081Z', 'message': {'role': 'assistant', 'content': ' Poorly '}, 'done': True, 'done_reason': 'stop', 'total_duration': 415181747, 'load_duration': 32870476, 'prompt_eval_count': 617, 'prompt_eval_duration': 271534594, 'eval_count': 4, 'eval_duration': 30203889}
Response: Poorly
Analyzing frame 44/108: q_1_main_0_30fps_frame0030.png
Prompt: Given the human reaction shown in the image, do you think the situation observed by that humans ends well or poorly? (Use only one word to answer)
Image size: 11952 bytes
Response status code: 200
{'model': 'llava', 'created_at': '2025-11-28T16:05:03.823603261Z', 'message': {'role': 'assistant', 'content': ' Poorly '}, 'done': True, 'done_reason': 'stop', 'total_duration': 7076829622, 'load_duration': 6675612695, 'prompt_eval_count': 617, 'prompt_eval_duration': 283555445, 'eval_count': 4, 'eval_duration': 30455882}
Response: Poorly
Analyzing frame 45/108: q_1_main_0_30fps_frame0045.png
Prompt: Given the human reaction shown in the image, do you think the situation observed by that humans ends well or poorly? (Use only one word to answer)
Image size: 11952 bytes
Response status code: 200
{'model': 'llava', 'created_at': '2025-11-28T16:05:05.275344718Z', 'message': {'role': 'assistant', 'content': ' Poorly '}, 'done': True, 'done_reason': 'stop', 'total_duration': 409311054, 'load_duration': 34152858, 'prompt_eval_count': 617, 'prompt_eval_duration': 268115532, 'eval_count': 4, 'eval_duration': 30324788}
Response: Poorly
Analyzing frame 46/108: q_1_main_0_30fps_frame0060.png
Prompt: Given the human reaction shown in the image, do you think the situation observed by that humans ends well or poorly? (Use only one word to answer)
Image size: 11916 bytes
Response status code: 200
{'model': 'llava', 'created_at': '2025-11-28T16:05:13.619781097Z', 'message': {'role': 'assistant', 'content': ' Poorly '}, 'done': True, 'done_reason': 'stop', 'total_duration': 7309162189, 'load_duration': 6878478675, 'prompt_eval_count': 617, 'prompt_eval_duration': 298151858, 'eval_count': 4, 'eval_duration': 30583963}
Response: Poorly
Analyzing frame 47/108: q_1_main_0_30fps_frame0075.png
Prompt: Given the human reaction shown in the image, do you think the situation observed by that humans ends well or poorly? (Use only one word to answer)
Image size: 12044 bytes
Response status code: 200
{'model': 'llava', 'created_at': '2025-11-28T16:05:15.082324836Z', 'message': {'role': 'assistant', 'content': ' Poorly '}, 'done': True, 'done_reason': 'stop', 'total_duration': 394595692, 'load_duration': 39010356, 'prompt_eval_count': 617, 'prompt_eval_duration': 263712552, 'eval_count': 4, 'eval_duration': 31361466}
Response: Poorly
Analyzing frame 48/108: q_1_main_0_30fps_frame0090.png
Prompt: Given the human reaction shown in the image, do you think the situation observed by that humans ends well or poorly? (Use only one word to answer)
Image size: 12120 bytes
Response status code: 200
{'model': 'llava', 'created_at': '2025-11-28T16:05:23.292097304Z', 'message': {'role': 'assistant', 'content': ' Poorly '}, 'done': True, 'done_reason': 'stop', 'total_duration': 7179602257, 'load_duration': 6753750784, 'prompt_eval_count': 617, 'prompt_eval_duration': 297494650, 'eval_count': 4, 'eval_duration': 30629783}
Response: Poorly
Analyzing frame 49/108: q_21_main_0_30fps_frame0015.png
Prompt: Given the human reaction shown in the image, do you think the situation observed by that humans ends well or poorly? (Use only one word to answer)
Image size: 12176 bytes
Response status code: 200
{'model': 'llava', 'created_at': '2025-11-28T16:05:24.738063031Z', 'message': {'role': 'assistant', 'content': ' Poorly '}, 'done': True, 'done_reason': 'stop', 'total_duration': 402399142, 'load_duration': 32000259, 'prompt_eval_count': 617, 'prompt_eval_duration': 265529396, 'eval_count': 4, 'eval_duration': 30084306}
Response: Poorly
Analyzing frame 50/108: q_21_main_0_30fps_frame0030.png
Prompt: Given the human reaction shown in the image, do you think the situation observed by that humans ends well or poorly? (Use only one word to answer)
Image size: 12168 bytes
Response status code: 200
{'model': 'llava', 'created_at': '2025-11-28T16:05:32.978316902Z', 'message': {'role': 'assistant', 'content': ' Poorly '}, 'done': True, 'done_reason': 'stop', 'total_duration': 7210280851, 'load_duration': 6781583101, 'prompt_eval_count': 617, 'prompt_eval_duration': 297237211, 'eval_count': 4, 'eval_duration': 30137616}
Response: Poorly
Analyzing frame 51/108: q_21_main_0_30fps_frame0045.png
Prompt: Given the human reaction shown in the image, do you think the situation observed by that humans ends well or poorly? (Use only one word to answer)
Image size: 12160 bytes
Response status code: 200
{'model': 'llava', 'created_at': '2025-11-28T16:05:34.406188387Z', 'message': {'role': 'assistant', 'content': ' Poorly '}, 'done': True, 'done_reason': 'stop', 'total_duration': 402242374, 'load_duration': 20486237, 'prompt_eval_count': 617, 'prompt_eval_duration': 268806429, 'eval_count': 4, 'eval_duration': 29923009}
Response: Poorly
Analyzing frame 52/108: q_21_main_0_30fps_frame0060.png
Prompt: Given the human reaction shown in the image, do you think the situation observed by that humans ends well or poorly? (Use only one word to answer)
Image size: 12056 bytes
Response status code: 200
{'model': 'llava', 'created_at': '2025-11-28T16:05:42.622476807Z', 'message': {'role': 'assistant', 'content': ' Poorly '}, 'done': True, 'done_reason': 'stop', 'total_duration': 7191302929, 'load_duration': 6787712473, 'prompt_eval_count': 617, 'prompt_eval_duration': 283819580, 'eval_count': 4, 'eval_duration': 30175237}
Response: Poorly
Analyzing frame 53/108: q_21_main_0_30fps_frame0075.png
Prompt: Given the human reaction shown in the image, do you think the situation observed by that humans ends well or poorly? (Use only one word to answer)
Image size: 12148 bytes
Response status code: 200
{'model': 'llava', 'created_at': '2025-11-28T16:05:44.053232612Z', 'message': {'role': 'assistant', 'content': ' Poorly '}, 'done': True, 'done_reason': 'stop', 'total_duration': 392316168, 'load_duration': 17260034, 'prompt_eval_count': 617, 'prompt_eval_duration': 270601573, 'eval_count': 4, 'eval_duration': 30041273}
Response: Poorly
Analyzing frame 54/108: q_21_main_0_30fps_frame0090.png
Prompt: Given the human reaction shown in the image, do you think the situation observed by that humans ends well or poorly? (Use only one word to answer)
Image size: 12060 bytes
Response status code: 200
{'model': 'llava', 'created_at': '2025-11-28T16:05:52.235562175Z', 'message': {'role': 'assistant', 'content': ' Poorly '}, 'done': True, 'done_reason': 'stop', 'total_duration': 7133758482, 'load_duration': 6708152317, 'prompt_eval_count': 617, 'prompt_eval_duration': 298108451, 'eval_count': 4, 'eval_duration': 30494602}
Response: Poorly
Analyzing frame 55/108: q_23_main_0_30fps_frame0015.png
Prompt: Given the human reaction shown in the image, do you think the situation observed by that humans ends well or poorly? (Use only one word to answer)
Image size: 12820 bytes
Response status code: 200
{'model': 'llava', 'created_at': '2025-11-28T16:05:53.669610305Z', 'message': {'role': 'assistant', 'content': ' Poorly '}, 'done': True, 'done_reason': 'stop', 'total_duration': 405037626, 'load_duration': 32143821, 'prompt_eval_count': 617, 'prompt_eval_duration': 264233210, 'eval_count': 4, 'eval_duration': 32699985}
Response: Poorly
Analyzing frame 56/108: q_23_main_0_30fps_frame0030.png
Prompt: Given the human reaction shown in the image, do you think the situation observed by that humans ends well or poorly? (Use only one word to answer)
Image size: 12836 bytes
Response status code: 200
{'model': 'llava', 'created_at': '2025-11-28T16:06:01.947330682Z', 'message': {'role': 'assistant', 'content': ' Poorly '}, 'done': True, 'done_reason': 'stop', 'total_duration': 7247140100, 'load_duration': 6807706178, 'prompt_eval_count': 617, 'prompt_eval_duration': 295480298, 'eval_count': 4, 'eval_duration': 30109137}
Response: Poorly
Analyzing frame 57/108: q_23_main_0_30fps_frame0045.png
Prompt: Given the human reaction shown in the image, do you think the situation observed by that humans ends well or poorly? (Use only one word to answer)
Image size: 12876 bytes
Response status code: 200
{'model': 'llava', 'created_at': '2025-11-28T16:06:03.399873854Z', 'message': {'role': 'assistant', 'content': ' Poorly '}, 'done': True, 'done_reason': 'stop', 'total_duration': 412669234, 'load_duration': 32078317, 'prompt_eval_count': 617, 'prompt_eval_duration': 268927155, 'eval_count': 4, 'eval_duration': 31657720}
Response: Poorly
Analyzing frame 58/108: q_23_main_0_30fps_frame0060.png
Prompt: Given the human reaction shown in the image, do you think the situation observed by that humans ends well or poorly? (Use only one word to answer)
Image size: 12824 bytes
Response status code: 200
{'model': 'llava', 'created_at': '2025-11-28T16:06:11.561869403Z', 'message': {'role': 'assistant', 'content': ' Poorly '}, 'done': True, 'done_reason': 'stop', 'total_duration': 7141942038, 'load_duration': 6726537254, 'prompt_eval_count': 617, 'prompt_eval_duration': 300013014, 'eval_count': 4, 'eval_duration': 30193594}
Response: Poorly
Analyzing frame 59/108: q_23_main_0_30fps_frame0075.png
Prompt: Given the human reaction shown in the image, do you think the situation observed by that humans ends well or poorly? (Use only one word to answer)
Image size: 12912 bytes
Response status code: 200
{'model': 'llava', 'created_at': '2025-11-28T16:06:12.978380753Z', 'message': {'role': 'assistant', 'content': ' Poorly '}, 'done': True, 'done_reason': 'stop', 'total_duration': 387748999, 'load_duration': 18899553, 'prompt_eval_count': 617, 'prompt_eval_duration': 266941845, 'eval_count': 4, 'eval_duration': 30006220}
Response: Poorly
Analyzing frame 60/108: q_23_main_0_30fps_frame0090.png
Prompt: Given the human reaction shown in the image, do you think the situation observed by that humans ends well or poorly? (Use only one word to answer)
Image size: 12816 bytes
Response status code: 200
{'model': 'llava', 'created_at': '2025-11-28T16:06:21.324140774Z', 'message': {'role': 'assistant', 'content': ' Poorly '}, 'done': True, 'done_reason': 'stop', 'total_duration': 7316621214, 'load_duration': 6878522371, 'prompt_eval_count': 617, 'prompt_eval_duration': 305019125, 'eval_count': 4, 'eval_duration': 30652398}
Response: Poorly
Analyzing frame 61/108: q_24_main_0_30fps_frame0015.png
Prompt: Given the human reaction shown in the image, do you think the situation observed by that humans ends well or poorly? (Use only one word to answer)
Image size: 12536 bytes
Response status code: 200
{'model': 'llava', 'created_at': '2025-11-28T16:06:22.744043165Z', 'message': {'role': 'assistant', 'content': ' Poorly '}, 'done': True, 'done_reason': 'stop', 'total_duration': 378929934, 'load_duration': 26703261, 'prompt_eval_count': 617, 'prompt_eval_duration': 266608837, 'eval_count': 4, 'eval_duration': 29974587}
Response: Poorly
Analyzing frame 62/108: q_24_main_0_30fps_frame0030.png
Prompt: Given the human reaction shown in the image, do you think the situation observed by that humans ends well or poorly? (Use only one word to answer)
Image size: 12612 bytes
Response status code: 200
{'model': 'llava', 'created_at': '2025-11-28T16:06:30.976424117Z', 'message': {'role': 'assistant', 'content': ' Poorly '}, 'done': True, 'done_reason': 'stop', 'total_duration': 7202933303, 'load_duration': 6783305962, 'prompt_eval_count': 617, 'prompt_eval_duration': 299113839, 'eval_count': 4, 'eval_duration': 30064487}
Response: Poorly
Analyzing frame 63/108: q_24_main_0_30fps_frame0045.png
Prompt: Given the human reaction shown in the image, do you think the situation observed by that humans ends well or poorly? (Use only one word to answer)
Image size: 12456 bytes
Response status code: 200
{'model': 'llava', 'created_at': '2025-11-28T16:06:32.406999123Z', 'message': {'role': 'assistant', 'content': ' Poorly '}, 'done': True, 'done_reason': 'stop', 'total_duration': 403670981, 'load_duration': 32598464, 'prompt_eval_count': 617, 'prompt_eval_duration': 280358610, 'eval_count': 4, 'eval_duration': 31797161}
Response: Poorly
Analyzing frame 64/108: q_24_main_0_30fps_frame0060.png
Prompt: Given the human reaction shown in the image, do you think the situation observed by that humans ends well or poorly? (Use only one word to answer)
Image size: 12536 bytes
Response status code: 200
{'model': 'llava', 'created_at': '2025-11-28T16:06:40.911909066Z', 'message': {'role': 'assistant', 'content': ' Poorly '}, 'done': True, 'done_reason': 'stop', 'total_duration': 7475740871, 'load_duration': 7054087508, 'prompt_eval_count': 617, 'prompt_eval_duration': 302849557, 'eval_count': 4, 'eval_duration': 31807493}
Response: Poorly
Analyzing frame 65/108: q_24_main_0_30fps_frame0075.png
Prompt: Given the human reaction shown in the image, do you think the situation observed by that humans ends well or poorly? (Use only one word to answer)
Image size: 12424 bytes
Response status code: 200
{'model': 'llava', 'created_at': '2025-11-28T16:06:42.339292102Z', 'message': {'role': 'assistant', 'content': ' Poorly '}, 'done': True, 'done_reason': 'stop', 'total_duration': 393121845, 'load_duration': 38833016, 'prompt_eval_count': 617, 'prompt_eval_duration': 265796745, 'eval_count': 4, 'eval_duration': 29933232}
Response: Poorly
Analyzing frame 66/108: q_24_main_0_30fps_frame0090.png
Prompt: Given the human reaction shown in the image, do you think the situation observed by that humans ends well or poorly? (Use only one word to answer)
Image size: 12364 bytes
Response status code: 200
{'model': 'llava', 'created_at': '2025-11-28T16:06:50.486859465Z', 'message': {'role': 'assistant', 'content': ' Poorly '}, 'done': True, 'done_reason': 'stop', 'total_duration': 7111468426, 'load_duration': 6683215701, 'prompt_eval_count': 617, 'prompt_eval_duration': 302008476, 'eval_count': 4, 'eval_duration': 30071837}
Response: Poorly
Analyzing frame 67/108: q_26_main_0_30fps_frame0014.png
Prompt: Given the human reaction shown in the image, do you think the situation observed by that humans ends well or poorly? (Use only one word to answer)
Image size: 13040 bytes
Response status code: 200
{'model': 'llava', 'created_at': '2025-11-28T16:06:51.895983732Z', 'message': {'role': 'assistant', 'content': ' Poorly '}, 'done': True, 'done_reason': 'stop', 'total_duration': 381775710, 'load_duration': 26792699, 'prompt_eval_count': 617, 'prompt_eval_duration': 268457081, 'eval_count': 4, 'eval_duration': 30209842}
Response: Poorly
Analyzing frame 68/108: q_26_main_0_30fps_frame0029.png
Prompt: Given the human reaction shown in the image, do you think the situation observed by that humans ends well or poorly? (Use only one word to answer)
Image size: 12936 bytes
Response status code: 200
{'model': 'llava', 'created_at': '2025-11-28T16:07:00.163772737Z', 'message': {'role': 'assistant', 'content': ' Poorly '}, 'done': True, 'done_reason': 'stop', 'total_duration': 7221646952, 'load_duration': 6810816378, 'prompt_eval_count': 617, 'prompt_eval_duration': 286293566, 'eval_count': 4, 'eval_duration': 30182559}
Response: Poorly
Analyzing frame 69/108: q_26_main_0_30fps_frame0044.png
Prompt: Given the human reaction shown in the image, do you think the situation observed by that humans ends well or poorly? (Use only one word to answer)
Image size: 12868 bytes
Response status code: 200
{'model': 'llava', 'created_at': '2025-11-28T16:07:01.608836762Z', 'message': {'role': 'assistant', 'content': ' Poorly '}, 'done': True, 'done_reason': 'stop', 'total_duration': 417652107, 'load_duration': 33051392, 'prompt_eval_count': 617, 'prompt_eval_duration': 265126128, 'eval_count': 4, 'eval_duration': 31514411}
Response: Poorly
Analyzing frame 70/108: q_26_main_0_30fps_frame0059.png
Prompt: Given the human reaction shown in the image, do you think the situation observed by that humans ends well or poorly? (Use only one word to answer)
Image size: 12920 bytes
Response status code: 200
{'model': 'llava', 'created_at': '2025-11-28T16:07:09.913825994Z', 'message': {'role': 'assistant', 'content': ' Poorly '}, 'done': True, 'done_reason': 'stop', 'total_duration': 7275472514, 'load_duration': 6873198080, 'prompt_eval_count': 617, 'prompt_eval_duration': 282263477, 'eval_count': 4, 'eval_duration': 30250632}
Response: Poorly
Analyzing frame 71/108: q_26_main_0_30fps_frame0074.png
Prompt: Given the human reaction shown in the image, do you think the situation observed by that humans ends well or poorly? (Use only one word to answer)
Image size: 13020 bytes
Response status code: 200
{'model': 'llava', 'created_at': '2025-11-28T16:07:11.379778651Z', 'message': {'role': 'assistant', 'content': ' Poorly '}, 'done': True, 'done_reason': 'stop', 'total_duration': 412152438, 'load_duration': 32931954, 'prompt_eval_count': 617, 'prompt_eval_duration': 265966211, 'eval_count': 4, 'eval_duration': 33003155}
Response: Poorly
Analyzing frame 72/108: q_26_main_0_30fps_frame0089.png
Prompt: Given the human reaction shown in the image, do you think the situation observed by that humans ends well or poorly? (Use only one word to answer)
Image size: 13000 bytes
Response status code: 200
{'model': 'llava', 'created_at': '2025-11-28T16:07:19.540995033Z', 'message': {'role': 'assistant', 'content': ' Poorly '}, 'done': True, 'done_reason': 'stop', 'total_duration': 7115335557, 'load_duration': 6683156825, 'prompt_eval_count': 617, 'prompt_eval_duration': 300971524, 'eval_count': 4, 'eval_duration': 30165755}
Response: Poorly
Analyzing frame 73/108: q_2_main_1_30fps_frame0015.png
Prompt: Given the human reaction shown in the image, do you think the situation observed by that humans ends well or poorly? (Use only one word to answer)
Image size: 12796 bytes
Response status code: 200
{'model': 'llava', 'created_at': '2025-11-28T16:07:20.987995591Z', 'message': {'role': 'assistant', 'content': ' Poorly '}, 'done': True, 'done_reason': 'stop', 'total_duration': 411893775, 'load_duration': 31629915, 'prompt_eval_count': 617, 'prompt_eval_duration': 263663786, 'eval_count': 4, 'eval_duration': 31714360}
Response: Poorly
Analyzing frame 74/108: q_2_main_1_30fps_frame0030.png
Prompt: Given the human reaction shown in the image, do you think the situation observed by that humans ends well or poorly? (Use only one word to answer)
Image size: 12544 bytes
Response status code: 200
{'model': 'llava', 'created_at': '2025-11-28T16:07:29.121331302Z', 'message': {'role': 'assistant', 'content': ' Poorly '}, 'done': True, 'done_reason': 'stop', 'total_duration': 7105917430, 'load_duration': 6683155357, 'prompt_eval_count': 617, 'prompt_eval_duration': 294600770, 'eval_count': 4, 'eval_duration': 30036238}
Response: Poorly
Analyzing frame 75/108: q_2_main_1_30fps_frame0045.png
Prompt: Given the human reaction shown in the image, do you think the situation observed by that humans ends well or poorly? (Use only one word to answer)
Image size: 12764 bytes
Response status code: 200
{'model': 'llava', 'created_at': '2025-11-28T16:07:30.566468745Z', 'message': {'role': 'assistant', 'content': ' Poorly '}, 'done': True, 'done_reason': 'stop', 'total_duration': 405206342, 'load_duration': 32712528, 'prompt_eval_count': 617, 'prompt_eval_duration': 264283242, 'eval_count': 4, 'eval_duration': 31413047}
Response: Poorly
Analyzing frame 76/108: q_2_main_1_30fps_frame0060.png
Prompt: Given the human reaction shown in the image, do you think the situation observed by that humans ends well or poorly? (Use only one word to answer)
Image size: 12728 bytes
Response status code: 200
{'model': 'llava', 'created_at': '2025-11-28T16:07:38.640081923Z', 'message': {'role': 'assistant', 'content': ' Poorly '}, 'done': True, 'done_reason': 'stop', 'total_duration': 7045275013, 'load_duration': 6620449896, 'prompt_eval_count': 617, 'prompt_eval_duration': 296959454, 'eval_count': 4, 'eval_duration': 30120834}
Response: Poorly
Analyzing frame 77/108: q_2_main_1_30fps_frame0075.png
Prompt: Given the human reaction shown in the image, do you think the situation observed by that humans ends well or poorly? (Use only one word to answer)
Image size: 12828 bytes
Response status code: 200
{'model': 'llava', 'created_at': '2025-11-28T16:07:40.0832556Z', 'message': {'role': 'assistant', 'content': ' Poorly '}, 'done': True, 'done_reason': 'stop', 'total_duration': 405441102, 'load_duration': 36955236, 'prompt_eval_count': 617, 'prompt_eval_duration': 267832972, 'eval_count': 4, 'eval_duration': 29999622}
Response: Poorly
Analyzing frame 78/108: q_2_main_1_30fps_frame0090.png
Prompt: Given the human reaction shown in the image, do you think the situation observed by that humans ends well or poorly? (Use only one word to answer)
Image size: 12792 bytes
Response status code: 200
{'model': 'llava', 'created_at': '2025-11-28T16:07:48.35645579Z', 'message': {'role': 'assistant', 'content': ' Poorly '}, 'done': True, 'done_reason': 'stop', 'total_duration': 7244319532, 'load_duration': 6822682888, 'prompt_eval_count': 617, 'prompt_eval_duration': 292266228, 'eval_count': 4, 'eval_duration': 30544672}
Response: Poorly
Analyzing frame 79/108: q_30_main_0_30fps_frame0015.png
Prompt: Given the human reaction shown in the image, do you think the situation observed by that humans ends well or poorly? (Use only one word to answer)
Image size: 13044 bytes
Response status code: 200
{'model': 'llava', 'created_at': '2025-11-28T16:07:49.784883682Z', 'message': {'role': 'assistant', 'content': ' Poorly '}, 'done': True, 'done_reason': 'stop', 'total_duration': 390911582, 'load_duration': 22414607, 'prompt_eval_count': 617, 'prompt_eval_duration': 265197735, 'eval_count': 4, 'eval_duration': 30285578}
Response: Poorly
Analyzing frame 80/108: q_30_main_0_30fps_frame0030.png
Prompt: Given the human reaction shown in the image, do you think the situation observed by that humans ends well or poorly? (Use only one word to answer)
Image size: 12944 bytes
Response status code: 200
{'model': 'llava', 'created_at': '2025-11-28T16:07:58.02194859Z', 'message': {'role': 'assistant', 'content': ' Poorly '}, 'done': True, 'done_reason': 'stop', 'total_duration': 7210648044, 'load_duration': 6811859830, 'prompt_eval_count': 617, 'prompt_eval_duration': 284582433, 'eval_count': 4, 'eval_duration': 30125439}
Response: Poorly
Analyzing frame 81/108: q_30_main_0_30fps_frame0045.png
Prompt: Given the human reaction shown in the image, do you think the situation observed by that humans ends well or poorly? (Use only one word to answer)
Image size: 13028 bytes
Response status code: 200
{'model': 'llava', 'created_at': '2025-11-28T16:07:59.444359923Z', 'message': {'role': 'assistant', 'content': ' Poorly '}, 'done': True, 'done_reason': 'stop', 'total_duration': 381225308, 'load_duration': 21669419, 'prompt_eval_count': 617, 'prompt_eval_duration': 275237151, 'eval_count': 4, 'eval_duration': 30445740}
Response: Poorly
Analyzing frame 82/108: q_30_main_0_30fps_frame0060.png
Prompt: Given the human reaction shown in the image, do you think the situation observed by that humans ends well or poorly? (Use only one word to answer)
Image size: 12936 bytes
Response status code: 200
{'model': 'llava', 'created_at': '2025-11-28T16:08:07.693794427Z', 'message': {'role': 'assistant', 'content': ' Poorly '}, 'done': True, 'done_reason': 'stop', 'total_duration': 7223526422, 'load_duration': 6811157871, 'prompt_eval_count': 617, 'prompt_eval_duration': 283554295, 'eval_count': 4, 'eval_duration': 31592011}
Response: Poorly
Analyzing frame 83/108: q_30_main_0_30fps_frame0075.png
Prompt: Given the human reaction shown in the image, do you think the situation observed by that humans ends well or poorly? (Use only one word to answer)
Image size: 12988 bytes
Response status code: 200
{'model': 'llava', 'created_at': '2025-11-28T16:08:09.112282737Z', 'message': {'role': 'assistant', 'content': ' Poorly '}, 'done': True, 'done_reason': 'stop', 'total_duration': 375849680, 'load_duration': 18741221, 'prompt_eval_count': 617, 'prompt_eval_duration': 270964032, 'eval_count': 4, 'eval_duration': 30001484}
Response: Poorly
Analyzing frame 84/108: q_30_main_0_30fps_frame0090.png
Prompt: Given the human reaction shown in the image, do you think the situation observed by that humans ends well or poorly? (Use only one word to answer)
Image size: 12984 bytes
Response status code: 200
{'model': 'llava', 'created_at': '2025-11-28T16:08:17.22052227Z', 'message': {'role': 'assistant', 'content': ' Poorly '}, 'done': True, 'done_reason': 'stop', 'total_duration': 7093536053, 'load_duration': 6695541183, 'prompt_eval_count': 617, 'prompt_eval_duration': 282546050, 'eval_count': 4, 'eval_duration': 30102044}
Response: Poorly
Analyzing frame 85/108: q_3_main_1_30fps_frame0015.png
Prompt: Given the human reaction shown in the image, do you think the situation observed by that humans ends well or poorly? (Use only one word to answer)
Image size: 13076 bytes
Response status code: 200
{'model': 'llava', 'created_at': '2025-11-28T16:08:18.66399404Z', 'message': {'role': 'assistant', 'content': ' Poorly '}, 'done': True, 'done_reason': 'stop', 'total_duration': 400983704, 'load_duration': 32953219, 'prompt_eval_count': 617, 'prompt_eval_duration': 277043198, 'eval_count': 4, 'eval_duration': 30389122}
Response: Poorly
Analyzing frame 86/108: q_3_main_1_30fps_frame0030.png
Prompt: Given the human reaction shown in the image, do you think the situation observed by that humans ends well or poorly? (Use only one word to answer)
Image size: 13016 bytes
Response status code: 200
{'model': 'llava', 'created_at': '2025-11-28T16:08:26.95039307Z', 'message': {'role': 'assistant', 'content': ' Poorly '}, 'done': True, 'done_reason': 'stop', 'total_duration': 7256246049, 'load_duration': 6822969273, 'prompt_eval_count': 617, 'prompt_eval_duration': 298461457, 'eval_count': 4, 'eval_duration': 30533714}
Response: Poorly
Analyzing frame 87/108: q_3_main_1_30fps_frame0045.png
Prompt: Given the human reaction shown in the image, do you think the situation observed by that humans ends well or poorly? (Use only one word to answer)
Image size: 13000 bytes
Response status code: 200
{'model': 'llava', 'created_at': '2025-11-28T16:08:28.359481049Z', 'message': {'role': 'assistant', 'content': ' Poorly '}, 'done': True, 'done_reason': 'stop', 'total_duration': 371441714, 'load_duration': 19223888, 'prompt_eval_count': 617, 'prompt_eval_duration': 266051047, 'eval_count': 4, 'eval_duration': 30052594}
Response: Poorly
Analyzing frame 88/108: q_3_main_1_30fps_frame0060.png
Prompt: Given the human reaction shown in the image, do you think the situation observed by that humans ends well or poorly? (Use only one word to answer)
Image size: 12956 bytes
Response status code: 200
{'model': 'llava', 'created_at': '2025-11-28T16:08:36.461914087Z', 'message': {'role': 'assistant', 'content': ' Poorly '}, 'done': True, 'done_reason': 'stop', 'total_duration': 7074198508, 'load_duration': 6674682575, 'prompt_eval_count': 617, 'prompt_eval_duration': 282102438, 'eval_count': 4, 'eval_duration': 30143870}
Response: Poorly
Analyzing frame 89/108: q_3_main_1_30fps_frame0075.png
Prompt: Given the human reaction shown in the image, do you think the situation observed by that humans ends well or poorly? (Use only one word to answer)
Image size: 13048 bytes
Response status code: 200
{'model': 'llava', 'created_at': '2025-11-28T16:08:37.880123236Z', 'message': {'role': 'assistant', 'content': ' Poorly '}, 'done': True, 'done_reason': 'stop', 'total_duration': 374105557, 'load_duration': 23758836, 'prompt_eval_count': 617, 'prompt_eval_duration': 267670064, 'eval_count': 4, 'eval_duration': 29935568}
Response: Poorly
Analyzing frame 90/108: q_3_main_1_30fps_frame0090.png
Prompt: Given the human reaction shown in the image, do you think the situation observed by that humans ends well or poorly? (Use only one word to answer)
Image size: 12952 bytes
Response status code: 200
{'model': 'llava', 'created_at': '2025-11-28T16:08:46.117768253Z', 'message': {'role': 'assistant', 'content': ' Poorly '}, 'done': True, 'done_reason': 'stop', 'total_duration': 7209579918, 'load_duration': 6785690854, 'prompt_eval_count': 617, 'prompt_eval_duration': 301351979, 'eval_count': 4, 'eval_duration': 30160904}
Response: Poorly
Analyzing frame 91/108: q_4_main_0_30fps_frame0015.png
Prompt: Given the human reaction shown in the image, do you think the situation observed by that humans ends well or poorly? (Use only one word to answer)
Image size: 12160 bytes
Response status code: 200
{'model': 'llava', 'created_at': '2025-11-28T16:08:47.530661279Z', 'message': {'role': 'assistant', 'content': ' Poorly '}, 'done': True, 'done_reason': 'stop', 'total_duration': 374816515, 'load_duration': 21119286, 'prompt_eval_count': 617, 'prompt_eval_duration': 264772435, 'eval_count': 4, 'eval_duration': 31450716}
Response: Poorly
Analyzing frame 92/108: q_4_main_0_30fps_frame0030.png
Prompt: Given the human reaction shown in the image, do you think the situation observed by that humans ends well or poorly? (Use only one word to answer)
Image size: 11972 bytes
Response status code: 200
{'model': 'llava', 'created_at': '2025-11-28T16:08:55.712755578Z', 'message': {'role': 'assistant', 'content': ' Poorly '}, 'done': True, 'done_reason': 'stop', 'total_duration': 7157818384, 'load_duration': 6748381313, 'prompt_eval_count': 617, 'prompt_eval_duration': 282086955, 'eval_count': 4, 'eval_duration': 30664271}
Response: Poorly
Analyzing frame 93/108: q_4_main_0_30fps_frame0045.png
Prompt: Given the human reaction shown in the image, do you think the situation observed by that humans ends well or poorly? (Use only one word to answer)
Image size: 11720 bytes
Response status code: 200
{'model': 'llava', 'created_at': '2025-11-28T16:08:57.152982917Z', 'message': {'role': 'assistant', 'content': ' Poorly '}, 'done': True, 'done_reason': 'stop', 'total_duration': 397780040, 'load_duration': 34038751, 'prompt_eval_count': 617, 'prompt_eval_duration': 267404670, 'eval_count': 4, 'eval_duration': 29982817}
Response: Poorly
Analyzing frame 94/108: q_4_main_0_30fps_frame0060.png
Prompt: Given the human reaction shown in the image, do you think the situation observed by that humans ends well or poorly? (Use only one word to answer)
Image size: 11788 bytes
Response status code: 200
{'model': 'llava', 'created_at': '2025-11-28T16:09:05.334180317Z', 'message': {'role': 'assistant', 'content': ' Poorly '}, 'done': True, 'done_reason': 'stop', 'total_duration': 7154587354, 'load_duration': 6747680147, 'prompt_eval_count': 617, 'prompt_eval_duration': 283294158, 'eval_count': 4, 'eval_duration': 30078132}
Response: Poorly
Analyzing frame 95/108: q_4_main_0_30fps_frame0075.png
Prompt: Given the human reaction shown in the image, do you think the situation observed by that humans ends well or poorly? (Use only one word to answer)
Image size: 11876 bytes
Response status code: 200
{'model': 'llava', 'created_at': '2025-11-28T16:09:06.755886195Z', 'message': {'role': 'assistant', 'content': ' Poorly '}, 'done': True, 'done_reason': 'stop', 'total_duration': 393194807, 'load_duration': 19317660, 'prompt_eval_count': 617, 'prompt_eval_duration': 269413690, 'eval_count': 4, 'eval_duration': 29960617}
Response: Poorly
Analyzing frame 96/108: q_4_main_0_30fps_frame0090.png
Prompt: Given the human reaction shown in the image, do you think the situation observed by that humans ends well or poorly? (Use only one word to answer)
Image size: 11900 bytes
Response status code: 200
{'model': 'llava', 'created_at': '2025-11-28T16:09:14.975588754Z', 'message': {'role': 'assistant', 'content': ' Poorly '}, 'done': True, 'done_reason': 'stop', 'total_duration': 7192100285, 'load_duration': 6782678969, 'prompt_eval_count': 617, 'prompt_eval_duration': 284273789, 'eval_count': 4, 'eval_duration': 30550391}
Response: Poorly
Analyzing frame 97/108: q_5_main_0_30fps_frame0015.png
Prompt: Given the human reaction shown in the image, do you think the situation observed by that humans ends well or poorly? (Use only one word to answer)
Image size: 13068 bytes
Response status code: 200
{'model': 'llava', 'created_at': '2025-11-28T16:09:16.427840046Z', 'message': {'role': 'assistant', 'content': ' Poorly '}, 'done': True, 'done_reason': 'stop', 'total_duration': 412903372, 'load_duration': 31672186, 'prompt_eval_count': 617, 'prompt_eval_duration': 264414187, 'eval_count': 4, 'eval_duration': 31567327}
Response: Poorly
Analyzing frame 98/108: q_5_main_0_30fps_frame0030.png
Prompt: Given the human reaction shown in the image, do you think the situation observed by that humans ends well or poorly? (Use only one word to answer)
Image size: 12976 bytes
Response status code: 200
{'model': 'llava', 'created_at': '2025-11-28T16:09:24.67575188Z', 'message': {'role': 'assistant', 'content': ' Poorly '}, 'done': True, 'done_reason': 'stop', 'total_duration': 7220881715, 'load_duration': 6803673364, 'prompt_eval_count': 617, 'prompt_eval_duration': 297282752, 'eval_count': 4, 'eval_duration': 30468102}
Response: Poorly
Analyzing frame 99/108: q_5_main_0_30fps_frame0045.png
Prompt: Given the human reaction shown in the image, do you think the situation observed by that humans ends well or poorly? (Use only one word to answer)
Image size: 12804 bytes
Response status code: 200
{'model': 'llava', 'created_at': '2025-11-28T16:09:26.103242183Z', 'message': {'role': 'assistant', 'content': ' Poorly '}, 'done': True, 'done_reason': 'stop', 'total_duration': 387156309, 'load_duration': 35056095, 'prompt_eval_count': 617, 'prompt_eval_duration': 265408361, 'eval_count': 4, 'eval_duration': 30276856}
Response: Poorly
Analyzing frame 100/108: q_5_main_0_30fps_frame0060.png
Prompt: Given the human reaction shown in the image, do you think the situation observed by that humans ends well or poorly? (Use only one word to answer)
Image size: 12772 bytes
Response status code: 200
{'model': 'llava', 'created_at': '2025-11-28T16:09:34.3047115Z', 'message': {'role': 'assistant', 'content': ' Poorly '}, 'done': True, 'done_reason': 'stop', 'total_duration': 7170349211, 'load_duration': 6764935006, 'prompt_eval_count': 617, 'prompt_eval_duration': 283795787, 'eval_count': 4, 'eval_duration': 30016456}
Response: Poorly
Analyzing frame 101/108: q_5_main_0_30fps_frame0075.png
Prompt: Given the human reaction shown in the image, do you think the situation observed by that humans ends well or poorly? (Use only one word to answer)
Image size: 12868 bytes
Response status code: 200
{'model': 'llava', 'created_at': '2025-11-28T16:09:35.7488356Z', 'message': {'role': 'assistant', 'content': ' Poorly '}, 'done': True, 'done_reason': 'stop', 'total_duration': 406543623, 'load_duration': 32668732, 'prompt_eval_count': 617, 'prompt_eval_duration': 267930911, 'eval_count': 4, 'eval_duration': 29934756}
Response: Poorly
Analyzing frame 102/108: q_5_main_0_30fps_frame0090.png
Prompt: Given the human reaction shown in the image, do you think the situation observed by that humans ends well or poorly? (Use only one word to answer)
Image size: 12844 bytes
Response status code: 200
{'model': 'llava', 'created_at': '2025-11-28T16:09:43.905339121Z', 'message': {'role': 'assistant', 'content': ' Poorly '}, 'done': True, 'done_reason': 'stop', 'total_duration': 7127808818, 'load_duration': 6714397606, 'prompt_eval_count': 617, 'prompt_eval_duration': 282785014, 'eval_count': 4, 'eval_duration': 30073364}
Response: Poorly
Analyzing frame 103/108: q_warmup_4_main_0_30fps_frame0014.png
Prompt: Given the human reaction shown in the image, do you think the situation observed by that humans ends well or poorly? (Use only one word to answer)
Image size: 12808 bytes
Response status code: 200
{'model': 'llava', 'created_at': '2025-11-28T16:09:45.363676987Z', 'message': {'role': 'assistant', 'content': ' Poorly '}, 'done': True, 'done_reason': 'stop', 'total_duration': 413436469, 'load_duration': 30921109, 'prompt_eval_count': 617, 'prompt_eval_duration': 274049042, 'eval_count': 4, 'eval_duration': 33249032}
Response: Poorly
Analyzing frame 104/108: q_warmup_4_main_0_30fps_frame0029.png
Prompt: Given the human reaction shown in the image, do you think the situation observed by that humans ends well or poorly? (Use only one word to answer)
Image size: 12788 bytes
Response status code: 200
{'model': 'llava', 'created_at': '2025-11-28T16:09:53.627533582Z', 'message': {'role': 'assistant', 'content': ' Poorly '}, 'done': True, 'done_reason': 'stop', 'total_duration': 7218675897, 'load_duration': 6819252532, 'prompt_eval_count': 617, 'prompt_eval_duration': 282415712, 'eval_count': 4, 'eval_duration': 30074126}
Response: Poorly
Analyzing frame 105/108: q_warmup_4_main_0_30fps_frame0044.png
Prompt: Given the human reaction shown in the image, do you think the situation observed by that humans ends well or poorly? (Use only one word to answer)
Image size: 12624 bytes
Response status code: 200
{'model': 'llava', 'created_at': '2025-11-28T16:09:55.077782986Z', 'message': {'role': 'assistant', 'content': ' Poorly '}, 'done': True, 'done_reason': 'stop', 'total_duration': 409828753, 'load_duration': 33278612, 'prompt_eval_count': 617, 'prompt_eval_duration': 271958627, 'eval_count': 4, 'eval_duration': 30322182}
Response: Poorly
Analyzing frame 106/108: q_warmup_4_main_0_30fps_frame0059.png
Prompt: Given the human reaction shown in the image, do you think the situation observed by that humans ends well or poorly? (Use only one word to answer)
Image size: 12508 bytes
Response status code: 200
{'model': 'llava', 'created_at': '2025-11-28T16:10:36.598225315Z', 'message': {'role': 'assistant', 'content': ' Poorly '}, 'done': True, 'done_reason': 'stop', 'total_duration': 40493700798, 'load_duration': 40065537861, 'prompt_eval_count': 617, 'prompt_eval_duration': 295190592, 'eval_count': 4, 'eval_duration': 30622723}
Response: Poorly
Analyzing frame 107/108: q_warmup_4_main_0_30fps_frame0074.png
Prompt: Given the human reaction shown in the image, do you think the situation observed by that humans ends well or poorly? (Use only one word to answer)
Image size: 12224 bytes
Response status code: 200
{'model': 'llava', 'created_at': '2025-11-28T16:10:38.062373789Z', 'message': {'role': 'assistant', 'content': ' Poorly '}, 'done': True, 'done_reason': 'stop', 'total_duration': 401890716, 'load_duration': 33784830, 'prompt_eval_count': 617, 'prompt_eval_duration': 262024179, 'eval_count': 4, 'eval_duration': 30213134}
Response: Poorly
Analyzing frame 108/108: q_warmup_4_main_0_30fps_frame0089.png
Prompt: Given the human reaction shown in the image, do you think the situation observed by that humans ends well or poorly? (Use only one word to answer)
Image size: 11820 bytes
Response status code: 200
{'model': 'llava', 'created_at': '2025-11-28T16:10:49.341960403Z', 'message': {'role': 'assistant', 'content': ' Poorly '}, 'done': True, 'done_reason': 'stop', 'total_duration': 10250702164, 'load_duration': 9848627556, 'prompt_eval_count': 617, 'prompt_eval_duration': 282726710, 'eval_count': 4, 'eval_duration': 30062540}
Response: Poorly
Processed 108 frames for participant 1676

Results saved to ./results/results_llava_3s.csv
Total frames processed: 402

==================================================
Processing participant 5/30

Processing participant: 2103
Found 108 frames
Analyzing frame 1/108: q_11_main_1_30fps_frame0013.png
Prompt: Given the human reaction shown in the image, do you think the situation observed by that humans ends well or poorly? (Use only one word to answer)
Image size: 11460 bytes
Response status code: 200
{'model': 'llava', 'created_at': '2025-11-28T16:10:50.811346452Z', 'message': {'role': 'assistant', 'content': ' Poorly '}, 'done': True, 'done_reason': 'stop', 'total_duration': 404752697, 'load_duration': 33541209, 'prompt_eval_count': 617, 'prompt_eval_duration': 266143509, 'eval_count': 4, 'eval_duration': 31765040}
Response: Poorly
Analyzing frame 2/108: q_11_main_1_30fps_frame0028.png
Prompt: Given the human reaction shown in the image, do you think the situation observed by that humans ends well or poorly? (Use only one word to answer)
Image size: 11456 bytes
Response status code: 200
{'model': 'llava', 'created_at': '2025-11-28T16:10:58.833678847Z', 'message': {'role': 'assistant', 'content': ' Poorly '}, 'done': True, 'done_reason': 'stop', 'total_duration': 6992392025, 'load_duration': 6589922746, 'prompt_eval_count': 617, 'prompt_eval_duration': 281817499, 'eval_count': 4, 'eval_duration': 31864397}
Response: Poorly
Analyzing frame 3/108: q_11_main_1_30fps_frame0043.png
Prompt: Given the human reaction shown in the image, do you think the situation observed by that humans ends well or poorly? (Use only one word to answer)
Image size: 11596 bytes
Response status code: 200
{'model': 'llava', 'created_at': '2025-11-28T16:11:00.266097726Z', 'message': {'role': 'assistant', 'content': ' Poorly '}, 'done': True, 'done_reason': 'stop', 'total_duration': 411610533, 'load_duration': 30696876, 'prompt_eval_count': 617, 'prompt_eval_duration': 267243106, 'eval_count': 4, 'eval_duration': 29953955}
Response: Poorly
Analyzing frame 4/108: q_11_main_1_30fps_frame0058.png
Prompt: Given the human reaction shown in the image, do you think the situation observed by that humans ends well or poorly? (Use only one word to answer)
Image size: 11560 bytes
Response status code: 200
{'model': 'llava', 'created_at': '2025-11-28T16:11:08.656631907Z', 'message': {'role': 'assistant', 'content': ' Poorly '}, 'done': True, 'done_reason': 'stop', 'total_duration': 7360925641, 'load_duration': 6950544070, 'prompt_eval_count': 617, 'prompt_eval_duration': 290796907, 'eval_count': 4, 'eval_duration': 30682834}
Response: Poorly
Analyzing frame 5/108: q_11_main_1_30fps_frame0073.png
Prompt: Given the human reaction shown in the image, do you think the situation observed by that humans ends well or poorly? (Use only one word to answer)
Image size: 11404 bytes
Response status code: 200
{'model': 'llava', 'created_at': '2025-11-28T16:11:10.117619532Z', 'message': {'role': 'assistant', 'content': ' Poorly '}, 'done': True, 'done_reason': 'stop', 'total_duration': 403947289, 'load_duration': 31403867, 'prompt_eval_count': 617, 'prompt_eval_duration': 266511947, 'eval_count': 4, 'eval_duration': 30346155}
Response: Poorly
Analyzing frame 6/108: q_11_main_1_30fps_frame0088.png
Prompt: Given the human reaction shown in the image, do you think the situation observed by that humans ends well or poorly? (Use only one word to answer)
Image size: 11376 bytes
Response status code: 200
{'model': 'llava', 'created_at': '2025-11-28T16:11:18.285494858Z', 'message': {'role': 'assistant', 'content': ' Poorly '}, 'done': True, 'done_reason': 'stop', 'total_duration': 7142489862, 'load_duration': 6703929622, 'prompt_eval_count': 617, 'prompt_eval_duration': 290703629, 'eval_count': 4, 'eval_duration': 30382761}
Response: Poorly
Analyzing frame 7/108: q_12_main_1_30fps_frame0015.png
Prompt: Given the human reaction shown in the image, do you think the situation observed by that humans ends well or poorly? (Use only one word to answer)
Image size: 11740 bytes
Response status code: 200
{'model': 'llava', 'created_at': '2025-11-28T16:11:19.703729169Z', 'message': {'role': 'assistant', 'content': ' Poorly '}, 'done': True, 'done_reason': 'stop', 'total_duration': 377791497, 'load_duration': 22297924, 'prompt_eval_count': 617, 'prompt_eval_duration': 270021961, 'eval_count': 4, 'eval_duration': 30021634}
Response: Poorly
Analyzing frame 8/108: q_12_main_1_30fps_frame0030.png
Prompt: Given the human reaction shown in the image, do you think the situation observed by that humans ends well or poorly? (Use only one word to answer)
Image size: 11768 bytes
Response status code: 200
{'model': 'llava', 'created_at': '2025-11-28T16:11:27.758953386Z', 'message': {'role': 'assistant', 'content': ' Poorly '}, 'done': True, 'done_reason': 'stop', 'total_duration': 7026302581, 'load_duration': 6606169590, 'prompt_eval_count': 617, 'prompt_eval_duration': 283981498, 'eval_count': 4, 'eval_duration': 31512000}
Response: Poorly
Analyzing frame 9/108: q_12_main_1_30fps_frame0045.png
Prompt: Given the human reaction shown in the image, do you think the situation observed by that humans ends well or poorly? (Use only one word to answer)
Image size: 11704 bytes
Response status code: 200
{'model': 'llava', 'created_at': '2025-11-28T16:11:29.202094047Z', 'message': {'role': 'assistant', 'content': ' Poorly '}, 'done': True, 'done_reason': 'stop', 'total_duration': 391184197, 'load_duration': 32384265, 'prompt_eval_count': 617, 'prompt_eval_duration': 271945547, 'eval_count': 4, 'eval_duration': 29941945}
Response: Poorly
Analyzing frame 10/108: q_12_main_1_30fps_frame0060.png
Prompt: Given the human reaction shown in the image, do you think the situation observed by that humans ends well or poorly? (Use only one word to answer)
Image size: 11704 bytes
Response status code: 200
{'model': 'llava', 'created_at': '2025-11-28T16:11:37.420993451Z', 'message': {'role': 'assistant', 'content': ' Poorly '}, 'done': True, 'done_reason': 'stop', 'total_duration': 7179666777, 'load_duration': 6777544789, 'prompt_eval_count': 617, 'prompt_eval_duration': 283325576, 'eval_count': 4, 'eval_duration': 30078441}
Response: Poorly
Analyzing frame 11/108: q_12_main_1_30fps_frame0075.png
Prompt: Given the human reaction shown in the image, do you think the situation observed by that humans ends well or poorly? (Use only one word to answer)
Image size: 11596 bytes
Response status code: 200
{'model': 'llava', 'created_at': '2025-11-28T16:11:38.839269978Z', 'message': {'role': 'assistant', 'content': ' Poorly '}, 'done': True, 'done_reason': 'stop', 'total_duration': 377962848, 'load_duration': 24854081, 'prompt_eval_count': 617, 'prompt_eval_duration': 266787936, 'eval_count': 4, 'eval_duration': 29943205}
Response: Poorly
Analyzing frame 12/108: q_12_main_1_30fps_frame0090.png
Prompt: Given the human reaction shown in the image, do you think the situation observed by that humans ends well or poorly? (Use only one word to answer)
Image size: 11572 bytes
Response status code: 200
{'model': 'llava', 'created_at': '2025-11-28T16:11:47.007390659Z', 'message': {'role': 'assistant', 'content': ' Poorly '}, 'done': True, 'done_reason': 'stop', 'total_duration': 7140507161, 'load_duration': 6720465390, 'prompt_eval_count': 617, 'prompt_eval_duration': 299897431, 'eval_count': 4, 'eval_duration': 30175345}
Response: Poorly
Analyzing frame 13/108: q_13_main_1_30fps_frame0015.png
Prompt: Given the human reaction shown in the image, do you think the situation observed by that humans ends well or poorly? (Use only one word to answer)
Image size: 11904 bytes
Response status code: 200
{'model': 'llava', 'created_at': '2025-11-28T16:11:48.459857633Z', 'message': {'role': 'assistant', 'content': ' Poorly '}, 'done': True, 'done_reason': 'stop', 'total_duration': 406718957, 'load_duration': 32675254, 'prompt_eval_count': 617, 'prompt_eval_duration': 267721522, 'eval_count': 4, 'eval_duration': 31932176}
Response: Poorly
Analyzing frame 14/108: q_13_main_1_30fps_frame0030.png
Prompt: Given the human reaction shown in the image, do you think the situation observed by that humans ends well or poorly? (Use only one word to answer)
Image size: 11876 bytes
Response status code: 200
{'model': 'llava', 'created_at': '2025-11-28T16:11:56.822112231Z', 'message': {'role': 'assistant', 'content': ' Poorly '}, 'done': True, 'done_reason': 'stop', 'total_duration': 7335165893, 'load_duration': 6913719639, 'prompt_eval_count': 617, 'prompt_eval_duration': 296893759, 'eval_count': 4, 'eval_duration': 30449529}
Response: Poorly
Analyzing frame 15/108: q_13_main_1_30fps_frame0045.png
Prompt: Given the human reaction shown in the image, do you think the situation observed by that humans ends well or poorly? (Use only one word to answer)
Image size: 11864 bytes
Response status code: 200
{'model': 'llava', 'created_at': '2025-11-28T16:11:58.286441765Z', 'message': {'role': 'assistant', 'content': ' Poorly '}, 'done': True, 'done_reason': 'stop', 'total_duration': 423335569, 'load_duration': 37776898, 'prompt_eval_count': 617, 'prompt_eval_duration': 264550564, 'eval_count': 4, 'eval_duration': 31344856}
Response: Poorly
Analyzing frame 16/108: q_13_main_1_30fps_frame0060.png
Prompt: Given the human reaction shown in the image, do you think the situation observed by that humans ends well or poorly? (Use only one word to answer)
Image size: 11848 bytes
Response status code: 200
{'model': 'llava', 'created_at': '2025-11-28T16:12:06.520704682Z', 'message': {'role': 'assistant', 'content': ' Poorly '}, 'done': True, 'done_reason': 'stop', 'total_duration': 7209428046, 'load_duration': 6797872490, 'prompt_eval_count': 617, 'prompt_eval_duration': 296488118, 'eval_count': 4, 'eval_duration': 30139767}
Response: Poorly
Analyzing frame 17/108: q_13_main_1_30fps_frame0075.png
Prompt: Given the human reaction shown in the image, do you think the situation observed by that humans ends well or poorly? (Use only one word to answer)
Image size: 11844 bytes
Response status code: 200
{'model': 'llava', 'created_at': '2025-11-28T16:12:07.977286764Z', 'message': {'role': 'assistant', 'content': ' Poorly '}, 'done': True, 'done_reason': 'stop', 'total_duration': 414474837, 'load_duration': 32830069, 'prompt_eval_count': 617, 'prompt_eval_duration': 271106653, 'eval_count': 4, 'eval_duration': 31579326}
Response: Poorly
Analyzing frame 18/108: q_13_main_1_30fps_frame0090.png
Prompt: Given the human reaction shown in the image, do you think the situation observed by that humans ends well or poorly? (Use only one word to answer)
Image size: 11796 bytes
Response status code: 200
{'model': 'llava', 'created_at': '2025-11-28T16:12:16.132384374Z', 'message': {'role': 'assistant', 'content': ' Poorly '}, 'done': True, 'done_reason': 'stop', 'total_duration': 7128958703, 'load_duration': 6713107495, 'prompt_eval_count': 617, 'prompt_eval_duration': 294954961, 'eval_count': 4, 'eval_duration': 30099695}
Response: Poorly
Analyzing frame 19/108: q_15_main_1_30fps_frame0014.png
Prompt: Given the human reaction shown in the image, do you think the situation observed by that humans ends well or poorly? (Use only one word to answer)
Image size: 11392 bytes
Response status code: 200
{'model': 'llava', 'created_at': '2025-11-28T16:12:17.550986245Z', 'message': {'role': 'assistant', 'content': ' Poorly '}, 'done': True, 'done_reason': 'stop', 'total_duration': 380215452, 'load_duration': 21387010, 'prompt_eval_count': 617, 'prompt_eval_duration': 271482913, 'eval_count': 4, 'eval_duration': 31723779}
Response: Poorly
Analyzing frame 20/108: q_15_main_1_30fps_frame0029.png
Prompt: Given the human reaction shown in the image, do you think the situation observed by that humans ends well or poorly? (Use only one word to answer)
Image size: 11524 bytes
Response status code: 200
{'model': 'llava', 'created_at': '2025-11-28T16:12:25.826645026Z', 'message': {'role': 'assistant', 'content': ' Poorly '}, 'done': True, 'done_reason': 'stop', 'total_duration': 7247651569, 'load_duration': 6825750865, 'prompt_eval_count': 617, 'prompt_eval_duration': 299658922, 'eval_count': 4, 'eval_duration': 30110731}
Response: Poorly
Analyzing frame 21/108: q_15_main_1_30fps_frame0044.png
Prompt: Given the human reaction shown in the image, do you think the situation observed by that humans ends well or poorly? (Use only one word to answer)
Image size: 11512 bytes
Response status code: 200
{'model': 'llava', 'created_at': '2025-11-28T16:12:27.247187897Z', 'message': {'role': 'assistant', 'content': ' Poorly '}, 'done': True, 'done_reason': 'stop', 'total_duration': 376114692, 'load_duration': 23420601, 'prompt_eval_count': 617, 'prompt_eval_duration': 265177270, 'eval_count': 4, 'eval_duration': 30104532}
Response: Poorly
Analyzing frame 22/108: q_15_main_1_30fps_frame0059.png
Prompt: Given the human reaction shown in the image, do you think the situation observed by that humans ends well or poorly? (Use only one word to answer)
Image size: 11572 bytes
Response status code: 200
{'model': 'llava', 'created_at': '2025-11-28T16:12:28.66909931Z', 'message': {'role': 'assistant', 'content': ' Poorly '}, 'done': True, 'done_reason': 'stop', 'total_duration': 393700821, 'load_duration': 34439726, 'prompt_eval_count': 617, 'prompt_eval_duration': 267096135, 'eval_count': 4, 'eval_duration': 30039767}
Response: Poorly
Analyzing frame 23/108: q_15_main_1_30fps_frame0074.png
Prompt: Given the human reaction shown in the image, do you think the situation observed by that humans ends well or poorly? (Use only one word to answer)
Image size: 11492 bytes
Response status code: 200
{'model': 'llava', 'created_at': '2025-11-28T16:12:30.089738635Z', 'message': {'role': 'assistant', 'content': ' Poorly '}, 'done': True, 'done_reason': 'stop', 'total_duration': 373838455, 'load_duration': 22263547, 'prompt_eval_count': 617, 'prompt_eval_duration': 266755394, 'eval_count': 4, 'eval_duration': 30111700}
Response: Poorly
Analyzing frame 24/108: q_15_main_1_30fps_frame0089.png
Prompt: Given the human reaction shown in the image, do you think the situation observed by that humans ends well or poorly? (Use only one word to answer)
Image size: 11408 bytes
Response status code: 200
{'model': 'llava', 'created_at': '2025-11-28T16:12:31.506487825Z', 'message': {'role': 'assistant', 'content': ' Poorly '}, 'done': True, 'done_reason': 'stop', 'total_duration': 387413905, 'load_duration': 37019927, 'prompt_eval_count': 617, 'prompt_eval_duration': 264257986, 'eval_count': 4, 'eval_duration': 30088711}
Response: Poorly
Analyzing frame 25/108: q_17_main_1_30fps_frame0014.png
Prompt: Given the human reaction shown in the image, do you think the situation observed by that humans ends well or poorly? (Use only one word to answer)
Image size: 11728 bytes
Response status code: 200
{'model': 'llava', 'created_at': '2025-11-28T16:12:32.965456286Z', 'message': {'role': 'assistant', 'content': ' Poorly '}, 'done': True, 'done_reason': 'stop', 'total_duration': 422530833, 'load_duration': 49191746, 'prompt_eval_count': 617, 'prompt_eval_duration': 277502214, 'eval_count': 4, 'eval_duration': 30087211}
Response: Poorly
Analyzing frame 26/108: q_17_main_1_30fps_frame0029.png
Prompt: Given the human reaction shown in the image, do you think the situation observed by that humans ends well or poorly? (Use only one word to answer)
Image size: 11624 bytes
Response status code: 200
{'model': 'llava', 'created_at': '2025-11-28T16:12:34.362803022Z', 'message': {'role': 'assistant', 'content': ' Poorly '}, 'done': True, 'done_reason': 'stop', 'total_duration': 367220630, 'load_duration': 19941410, 'prompt_eval_count': 617, 'prompt_eval_duration': 265400128, 'eval_count': 4, 'eval_duration': 30100110}
Response: Poorly
Analyzing frame 27/108: q_17_main_1_30fps_frame0044.png
Prompt: Given the human reaction shown in the image, do you think the situation observed by that humans ends well or poorly? (Use only one word to answer)
Image size: 11780 bytes
Response status code: 200
{'model': 'llava', 'created_at': '2025-11-28T16:12:35.775246974Z', 'message': {'role': 'assistant', 'content': ' Poorly '}, 'done': True, 'done_reason': 'stop', 'total_duration': 371420655, 'load_duration': 20205487, 'prompt_eval_count': 617, 'prompt_eval_duration': 266455293, 'eval_count': 4, 'eval_duration': 30119715}
Response: Poorly
Analyzing frame 28/108: q_17_main_1_30fps_frame0059.png
Prompt: Given the human reaction shown in the image, do you think the situation observed by that humans ends well or poorly? (Use only one word to answer)
Image size: 11740 bytes
Response status code: 200
{'model': 'llava', 'created_at': '2025-11-28T16:12:37.209457708Z', 'message': {'role': 'assistant', 'content': ' Poorly '}, 'done': True, 'done_reason': 'stop', 'total_duration': 404154669, 'load_duration': 31711655, 'prompt_eval_count': 617, 'prompt_eval_duration': 265178617, 'eval_count': 4, 'eval_duration': 30351746}
Response: Poorly
Analyzing frame 29/108: q_17_main_1_30fps_frame0074.png
Prompt: Given the human reaction shown in the image, do you think the situation observed by that humans ends well or poorly? (Use only one word to answer)
Image size: 11756 bytes
Response status code: 200
{'model': 'llava', 'created_at': '2025-11-28T16:12:38.629638505Z', 'message': {'role': 'assistant', 'content': ' Poorly '}, 'done': True, 'done_reason': 'stop', 'total_duration': 392686965, 'load_duration': 35629141, 'prompt_eval_count': 617, 'prompt_eval_duration': 267303787, 'eval_count': 4, 'eval_duration': 30617762}
Response: Poorly
Analyzing frame 30/108: q_17_main_1_30fps_frame0089.png
Prompt: Given the human reaction shown in the image, do you think the situation observed by that humans ends well or poorly? (Use only one word to answer)
Image size: 11744 bytes
Response status code: 200
{'model': 'llava', 'created_at': '2025-11-28T16:12:40.067507361Z', 'message': {'role': 'assistant', 'content': ' Poorly '}, 'done': True, 'done_reason': 'stop', 'total_duration': 409717043, 'load_duration': 37931253, 'prompt_eval_count': 617, 'prompt_eval_duration': 268476838, 'eval_count': 4, 'eval_duration': 30295454}
Response: Poorly
Analyzing frame 31/108: q_18_main_1_30fps_frame0015.png
Prompt: Given the human reaction shown in the image, do you think the situation observed by that humans ends well or poorly? (Use only one word to answer)
Image size: 11520 bytes
Response status code: 200
{'model': 'llava', 'created_at': '2025-11-28T16:12:41.500825585Z', 'message': {'role': 'assistant', 'content': ' Poorly '}, 'done': True, 'done_reason': 'stop', 'total_duration': 393584957, 'load_duration': 32702154, 'prompt_eval_count': 617, 'prompt_eval_duration': 264549053, 'eval_count': 4, 'eval_duration': 30281339}
Response: Poorly
Analyzing frame 32/108: q_18_main_1_30fps_frame0030.png
Prompt: Given the human reaction shown in the image, do you think the situation observed by that humans ends well or poorly? (Use only one word to answer)
Image size: 11368 bytes
Response status code: 200
{'model': 'llava', 'created_at': '2025-11-28T16:12:42.894547804Z', 'message': {'role': 'assistant', 'content': ' Poorly '}, 'done': True, 'done_reason': 'stop', 'total_duration': 365118289, 'load_duration': 22825838, 'prompt_eval_count': 617, 'prompt_eval_duration': 264081439, 'eval_count': 4, 'eval_duration': 30127836}
Response: Poorly
Analyzing frame 33/108: q_18_main_1_30fps_frame0045.png
Prompt: Given the human reaction shown in the image, do you think the situation observed by that humans ends well or poorly? (Use only one word to answer)
Image size: 11416 bytes
Response status code: 200
{'model': 'llava', 'created_at': '2025-11-28T16:12:44.321936802Z', 'message': {'role': 'assistant', 'content': ' Poorly '}, 'done': True, 'done_reason': 'stop', 'total_duration': 385333319, 'load_duration': 38536089, 'prompt_eval_count': 617, 'prompt_eval_duration': 264809172, 'eval_count': 4, 'eval_duration': 30162751}
Response: Poorly
Analyzing frame 34/108: q_18_main_1_30fps_frame0060.png
Prompt: Given the human reaction shown in the image, do you think the situation observed by that humans ends well or poorly? (Use only one word to answer)
Image size: 11424 bytes
Response status code: 200
{'model': 'llava', 'created_at': '2025-11-28T16:12:45.714116067Z', 'message': {'role': 'assistant', 'content': ' Poorly '}, 'done': True, 'done_reason': 'stop', 'total_duration': 363127104, 'load_duration': 18720721, 'prompt_eval_count': 617, 'prompt_eval_duration': 264225515, 'eval_count': 4, 'eval_duration': 30426439}
Response: Poorly
Analyzing frame 35/108: q_18_main_1_30fps_frame0075.png
Prompt: Given the human reaction shown in the image, do you think the situation observed by that humans ends well or poorly? (Use only one word to answer)
Image size: 11464 bytes
Response status code: 200
{'model': 'llava', 'created_at': '2025-11-28T16:12:47.134758264Z', 'message': {'role': 'assistant', 'content': ' Poorly '}, 'done': True, 'done_reason': 'stop', 'total_duration': 379793564, 'load_duration': 22063107, 'prompt_eval_count': 617, 'prompt_eval_duration': 271007827, 'eval_count': 4, 'eval_duration': 30090967}
Response: Poorly
Analyzing frame 36/108: q_18_main_1_30fps_frame0090.png
Prompt: Given the human reaction shown in the image, do you think the situation observed by that humans ends well or poorly? (Use only one word to answer)
Image size: 11348 bytes
Response status code: 200
{'model': 'llava', 'created_at': '2025-11-28T16:12:48.550816808Z', 'message': {'role': 'assistant', 'content': ' Poorly '}, 'done': True, 'done_reason': 'stop', 'total_duration': 387943771, 'load_duration': 23370149, 'prompt_eval_count': 617, 'prompt_eval_duration': 265471980, 'eval_count': 4, 'eval_duration': 30438947}
Response: Poorly
Analyzing frame 37/108: q_1_main_1_30fps_frame0014.png
Prompt: Given the human reaction shown in the image, do you think the situation observed by that humans ends well or poorly? (Use only one word to answer)
Image size: 11580 bytes
Response status code: 200
{'model': 'llava', 'created_at': '2025-11-28T16:12:49.988039804Z', 'message': {'role': 'assistant', 'content': ' Poorly '}, 'done': True, 'done_reason': 'stop', 'total_duration': 397941201, 'load_duration': 31279244, 'prompt_eval_count': 617, 'prompt_eval_duration': 267410908, 'eval_count': 4, 'eval_duration': 30443495}
Response: Poorly
Analyzing frame 38/108: q_1_main_1_30fps_frame0029.png
Prompt: Given the human reaction shown in the image, do you think the situation observed by that humans ends well or poorly? (Use only one word to answer)
Image size: 11584 bytes
Response status code: 200
{'model': 'llava', 'created_at': '2025-11-28T16:12:51.40215767Z', 'message': {'role': 'assistant', 'content': ' Poorly '}, 'done': True, 'done_reason': 'stop', 'total_duration': 386005788, 'load_duration': 33682571, 'prompt_eval_count': 617, 'prompt_eval_duration': 265596332, 'eval_count': 4, 'eval_duration': 30389743}
Response: Poorly
Analyzing frame 39/108: q_1_main_1_30fps_frame0044.png
Prompt: Given the human reaction shown in the image, do you think the situation observed by that humans ends well or poorly? (Use only one word to answer)
Image size: 11556 bytes
Response status code: 200
{'model': 'llava', 'created_at': '2025-11-28T16:12:52.847333719Z', 'message': {'role': 'assistant', 'content': ' Poorly '}, 'done': True, 'done_reason': 'stop', 'total_duration': 396342676, 'load_duration': 32970964, 'prompt_eval_count': 617, 'prompt_eval_duration': 265395701, 'eval_count': 4, 'eval_duration': 30444392}
Response: Poorly
Analyzing frame 40/108: q_1_main_1_30fps_frame0059.png
Prompt: Given the human reaction shown in the image, do you think the situation observed by that humans ends well or poorly? (Use only one word to answer)
Image size: 11608 bytes
Response status code: 200
{'model': 'llava', 'created_at': '2025-11-28T16:12:54.269063152Z', 'message': {'role': 'assistant', 'content': ' Poorly '}, 'done': True, 'done_reason': 'stop', 'total_duration': 393473869, 'load_duration': 33654162, 'prompt_eval_count': 617, 'prompt_eval_duration': 277749323, 'eval_count': 4, 'eval_duration': 30312852}
Response: Poorly
Analyzing frame 41/108: q_1_main_1_30fps_frame0074.png
Prompt: Given the human reaction shown in the image, do you think the situation observed by that humans ends well or poorly? (Use only one word to answer)
Image size: 11508 bytes
Response status code: 200
{'model': 'llava', 'created_at': '2025-11-28T16:12:55.717800223Z', 'message': {'role': 'assistant', 'content': ' Poorly '}, 'done': True, 'done_reason': 'stop', 'total_duration': 405994054, 'load_duration': 25180046, 'prompt_eval_count': 617, 'prompt_eval_duration': 284286995, 'eval_count': 4, 'eval_duration': 31507313}
Response: Poorly
Analyzing frame 42/108: q_1_main_1_30fps_frame0089.png
Prompt: Given the human reaction shown in the image, do you think the situation observed by that humans ends well or poorly? (Use only one word to answer)
Image size: 11428 bytes
Response status code: 200
{'model': 'llava', 'created_at': '2025-11-28T16:13:04.241674182Z', 'message': {'role': 'assistant', 'content': ' Poorly '}, 'done': True, 'done_reason': 'stop', 'total_duration': 7497498504, 'load_duration': 7090334500, 'prompt_eval_count': 617, 'prompt_eval_duration': 287609629, 'eval_count': 4, 'eval_duration': 30077075}
Response: Poorly
Analyzing frame 43/108: q_20_main_1_30fps_frame0014.png
Prompt: Given the human reaction shown in the image, do you think the situation observed by that humans ends well or poorly? (Use only one word to answer)
Image size: 12772 bytes
Response status code: 200
{'model': 'llava', 'created_at': '2025-11-28T16:13:05.664872914Z', 'message': {'role': 'assistant', 'content': ' Poorly '}, 'done': True, 'done_reason': 'stop', 'total_duration': 378317423, 'load_duration': 21286430, 'prompt_eval_count': 617, 'prompt_eval_duration': 270075873, 'eval_count': 4, 'eval_duration': 30401292}
Response: Poorly
Analyzing frame 44/108: q_20_main_1_30fps_frame0029.png
Prompt: Given the human reaction shown in the image, do you think the situation observed by that humans ends well or poorly? (Use only one word to answer)
Image size: 12656 bytes
Response status code: 200
{'model': 'llava', 'created_at': '2025-11-28T16:13:14.482643103Z', 'message': {'role': 'assistant', 'content': ' Poorly '}, 'done': True, 'done_reason': 'stop', 'total_duration': 7795572918, 'load_duration': 7385495528, 'prompt_eval_count': 617, 'prompt_eval_duration': 286609413, 'eval_count': 4, 'eval_duration': 30634474}
Response: Poorly
Analyzing frame 45/108: q_20_main_1_30fps_frame0044.png
Prompt: Given the human reaction shown in the image, do you think the situation observed by that humans ends well or poorly? (Use only one word to answer)
Image size: 12900 bytes
Response status code: 200
{'model': 'llava', 'created_at': '2025-11-28T16:13:15.938337823Z', 'message': {'role': 'assistant', 'content': ' Poorly '}, 'done': True, 'done_reason': 'stop', 'total_duration': 418370713, 'load_duration': 33473122, 'prompt_eval_count': 617, 'prompt_eval_duration': 269998521, 'eval_count': 4, 'eval_duration': 30416447}
Response: Poorly
Analyzing frame 46/108: q_20_main_1_30fps_frame0059.png
Prompt: Given the human reaction shown in the image, do you think the situation observed by that humans ends well or poorly? (Use only one word to answer)
Image size: 12852 bytes
Response status code: 200
{'model': 'llava', 'created_at': '2025-11-28T16:13:24.350617011Z', 'message': {'role': 'assistant', 'content': ' Poorly '}, 'done': True, 'done_reason': 'stop', 'total_duration': 7384983842, 'load_duration': 6941746860, 'prompt_eval_count': 617, 'prompt_eval_duration': 300979796, 'eval_count': 4, 'eval_duration': 30765527}
Response: Poorly
Analyzing frame 47/108: q_20_main_1_30fps_frame0074.png
Prompt: Given the human reaction shown in the image, do you think the situation observed by that humans ends well or poorly? (Use only one word to answer)
Image size: 13036 bytes
Response status code: 200
{'model': 'llava', 'created_at': '2025-11-28T16:13:25.794738673Z', 'message': {'role': 'assistant', 'content': ' Poorly '}, 'done': True, 'done_reason': 'stop', 'total_duration': 403708016, 'load_duration': 21272409, 'prompt_eval_count': 617, 'prompt_eval_duration': 272267863, 'eval_count': 4, 'eval_duration': 31832910}
Response: Poorly
Analyzing frame 48/108: q_20_main_1_30fps_frame0089.png
Prompt: Given the human reaction shown in the image, do you think the situation observed by that humans ends well or poorly? (Use only one word to answer)
Image size: 12920 bytes
Response status code: 200
{'model': 'llava', 'created_at': '2025-11-28T16:13:34.140119877Z', 'message': {'role': 'assistant', 'content': ' Poorly '}, 'done': True, 'done_reason': 'stop', 'total_duration': 7314149237, 'load_duration': 6877055138, 'prompt_eval_count': 617, 'prompt_eval_duration': 301452780, 'eval_count': 4, 'eval_duration': 30444318}
Response: Poorly
Analyzing frame 49/108: q_22_main_1_30fps_frame0014.png
Prompt: Given the human reaction shown in the image, do you think the situation observed by that humans ends well or poorly? (Use only one word to answer)
Image size: 11844 bytes
Response status code: 200
{'model': 'llava', 'created_at': '2025-11-28T16:13:35.582957323Z', 'message': {'role': 'assistant', 'content': ' Poorly '}, 'done': True, 'done_reason': 'stop', 'total_duration': 394277027, 'load_duration': 19986942, 'prompt_eval_count': 617, 'prompt_eval_duration': 276641813, 'eval_count': 4, 'eval_duration': 30351051}
Response: Poorly
Analyzing frame 50/108: q_22_main_1_30fps_frame0029.png
Prompt: Given the human reaction shown in the image, do you think the situation observed by that humans ends well or poorly? (Use only one word to answer)
Image size: 11880 bytes
Response status code: 200
{'model': 'llava', 'created_at': '2025-11-28T16:13:44.358021113Z', 'message': {'role': 'assistant', 'content': ' Poorly '}, 'done': True, 'done_reason': 'stop', 'total_duration': 7745052462, 'load_duration': 7323037055, 'prompt_eval_count': 617, 'prompt_eval_duration': 298374437, 'eval_count': 4, 'eval_duration': 30390753}
Response: Poorly
Analyzing frame 51/108: q_22_main_1_30fps_frame0044.png
Prompt: Given the human reaction shown in the image, do you think the situation observed by that humans ends well or poorly? (Use only one word to answer)
Image size: 11852 bytes
Response status code: 200
{'model': 'llava', 'created_at': '2025-11-28T16:13:45.808769002Z', 'message': {'role': 'assistant', 'content': ' Poorly '}, 'done': True, 'done_reason': 'stop', 'total_duration': 410752696, 'load_duration': 33952697, 'prompt_eval_count': 617, 'prompt_eval_duration': 269898379, 'eval_count': 4, 'eval_duration': 30004378}
Response: Poorly
Analyzing frame 52/108: q_22_main_1_30fps_frame0059.png
Prompt: Given the human reaction shown in the image, do you think the situation observed by that humans ends well or poorly? (Use only one word to answer)
Image size: 12096 bytes
Response status code: 200
{'model': 'llava', 'created_at': '2025-11-28T16:13:54.233605088Z', 'message': {'role': 'assistant', 'content': ' Poorly '}, 'done': True, 'done_reason': 'stop', 'total_duration': 7398567794, 'load_duration': 6983324682, 'prompt_eval_count': 617, 'prompt_eval_duration': 298559378, 'eval_count': 4, 'eval_duration': 30090282}
Response: Poorly
Analyzing frame 53/108: q_22_main_1_30fps_frame0074.png
Prompt: Given the human reaction shown in the image, do you think the situation observed by that humans ends well or poorly? (Use only one word to answer)
Image size: 13040 bytes
Response status code: 200
{'model': 'llava', 'created_at': '2025-11-28T16:13:55.653515175Z', 'message': {'role': 'assistant', 'content': ' Poorly '}, 'done': True, 'done_reason': 'stop', 'total_duration': 380426617, 'load_duration': 19376252, 'prompt_eval_count': 617, 'prompt_eval_duration': 277237892, 'eval_count': 4, 'eval_duration': 30005309}
Response: Poorly
Analyzing frame 54/108: q_22_main_1_30fps_frame0089.png
Prompt: Given the human reaction shown in the image, do you think the situation observed by that humans ends well or poorly? (Use only one word to answer)
Image size: 14184 bytes
Response status code: 200
{'model': 'llava', 'created_at': '2025-11-28T16:14:04.16314381Z', 'message': {'role': 'assistant', 'content': ' Poorly '}, 'done': True, 'done_reason': 'stop', 'total_duration': 7483536484, 'load_duration': 7070882230, 'prompt_eval_count': 617, 'prompt_eval_duration': 283435401, 'eval_count': 4, 'eval_duration': 30617680}
Response: Poorly
Analyzing frame 55/108: q_23_main_0_30fps_frame0015.png
Prompt: Given the human reaction shown in the image, do you think the situation observed by that humans ends well or poorly? (Use only one word to answer)
Image size: 11508 bytes
Response status code: 200
{'model': 'llava', 'created_at': '2025-11-28T16:14:05.584266879Z', 'message': {'role': 'assistant', 'content': ' Poorly '}, 'done': True, 'done_reason': 'stop', 'total_duration': 378085842, 'load_duration': 23470895, 'prompt_eval_count': 617, 'prompt_eval_duration': 267853838, 'eval_count': 4, 'eval_duration': 31160820}
Response: Poorly
Analyzing frame 56/108: q_23_main_0_30fps_frame0030.png
Prompt: Given the human reaction shown in the image, do you think the situation observed by that humans ends well or poorly? (Use only one word to answer)
Image size: 11504 bytes
Response status code: 200
{'model': 'llava', 'created_at': '2025-11-28T16:14:13.918137378Z', 'message': {'role': 'assistant', 'content': ' Poorly '}, 'done': True, 'done_reason': 'stop', 'total_duration': 7308473092, 'load_duration': 6893392088, 'prompt_eval_count': 617, 'prompt_eval_duration': 297763215, 'eval_count': 4, 'eval_duration': 30102518}
Response: Poorly
Analyzing frame 57/108: q_23_main_0_30fps_frame0045.png
Prompt: Given the human reaction shown in the image, do you think the situation observed by that humans ends well or poorly? (Use only one word to answer)
Image size: 11564 bytes
Response status code: 200
{'model': 'llava', 'created_at': '2025-11-28T16:14:15.382149992Z', 'message': {'role': 'assistant', 'content': ' Poorly '}, 'done': True, 'done_reason': 'stop', 'total_duration': 417799124, 'load_duration': 36722027, 'prompt_eval_count': 617, 'prompt_eval_duration': 266604992, 'eval_count': 4, 'eval_duration': 30192212}
Response: Poorly
Analyzing frame 58/108: q_23_main_0_30fps_frame0060.png
Prompt: Given the human reaction shown in the image, do you think the situation observed by that humans ends well or poorly? (Use only one word to answer)
Image size: 11516 bytes
Response status code: 200
{'model': 'llava', 'created_at': '2025-11-28T16:14:23.731186824Z', 'message': {'role': 'assistant', 'content': ' Poorly '}, 'done': True, 'done_reason': 'stop', 'total_duration': 7324386331, 'load_duration': 6875029160, 'prompt_eval_count': 617, 'prompt_eval_duration': 298776211, 'eval_count': 4, 'eval_duration': 30151895}
Response: Poorly
Analyzing frame 59/108: q_23_main_0_30fps_frame0075.png
Prompt: Given the human reaction shown in the image, do you think the situation observed by that humans ends well or poorly? (Use only one word to answer)
Image size: 11444 bytes
Response status code: 200
{'model': 'llava', 'created_at': '2025-11-28T16:14:25.163697226Z', 'message': {'role': 'assistant', 'content': ' Poorly '}, 'done': True, 'done_reason': 'stop', 'total_duration': 389150916, 'load_duration': 18103466, 'prompt_eval_count': 617, 'prompt_eval_duration': 263647742, 'eval_count': 4, 'eval_duration': 29973293}
Response: Poorly
Analyzing frame 60/108: q_23_main_0_30fps_frame0090.png
Prompt: Given the human reaction shown in the image, do you think the situation observed by that humans ends well or poorly? (Use only one word to answer)
Image size: 11536 bytes
Response status code: 200
{'model': 'llava', 'created_at': '2025-11-28T16:14:33.976037278Z', 'message': {'role': 'assistant', 'content': ' Poorly '}, 'done': True, 'done_reason': 'stop', 'total_duration': 7796601009, 'load_duration': 7392305047, 'prompt_eval_count': 617, 'prompt_eval_duration': 283125849, 'eval_count': 4, 'eval_duration': 30129770}
Response: Poorly
Analyzing frame 61/108: q_24_main_0_30fps_frame0014.png
Prompt: Given the human reaction shown in the image, do you think the situation observed by that humans ends well or poorly? (Use only one word to answer)
Image size: 11284 bytes
Response status code: 200
{'model': 'llava', 'created_at': '2025-11-28T16:15:07.847206211Z', 'message': {'role': 'assistant', 'content': ' Poorly '}, 'done': True, 'done_reason': 'stop', 'total_duration': 32831220471, 'load_duration': 32433937062, 'prompt_eval_count': 617, 'prompt_eval_duration': 282825379, 'eval_count': 4, 'eval_duration': 30382008}
Response: Poorly
Analyzing frame 62/108: q_24_main_0_30fps_frame0029.png
Prompt: Given the human reaction shown in the image, do you think the situation observed by that humans ends well or poorly? (Use only one word to answer)
Image size: 11316 bytes
Response status code: 200
{'model': 'llava', 'created_at': '2025-11-28T16:15:27.503232539Z', 'message': {'role': 'assistant', 'content': ' Poorly '}, 'done': True, 'done_reason': 'stop', 'total_duration': 18594665956, 'load_duration': 18196484911, 'prompt_eval_count': 617, 'prompt_eval_duration': 282830248, 'eval_count': 4, 'eval_duration': 30311144}
Response: Poorly
Analyzing frame 63/108: q_24_main_0_30fps_frame0044.png
Prompt: Given the human reaction shown in the image, do you think the situation observed by that humans ends well or poorly? (Use only one word to answer)
Image size: 11360 bytes
Response status code: 200
{'model': 'llava', 'created_at': '2025-11-28T16:15:42.77213457Z', 'message': {'role': 'assistant', 'content': ' Poorly '}, 'done': True, 'done_reason': 'stop', 'total_duration': 14209220959, 'load_duration': 13809292345, 'prompt_eval_count': 617, 'prompt_eval_duration': 283858686, 'eval_count': 4, 'eval_duration': 30058875}
Response: Poorly
Analyzing frame 64/108: q_24_main_0_30fps_frame0059.png
Prompt: Given the human reaction shown in the image, do you think the situation observed by that humans ends well or poorly? (Use only one word to answer)
Image size: 11364 bytes
Response status code: 200
{'model': 'llava', 'created_at': '2025-11-28T16:15:57.355914522Z', 'message': {'role': 'assistant', 'content': ' Poorly '}, 'done': True, 'done_reason': 'stop', 'total_duration': 13555458963, 'load_duration': 13139546541, 'prompt_eval_count': 617, 'prompt_eval_duration': 285941688, 'eval_count': 4, 'eval_duration': 30253933}
Response: Poorly
Analyzing frame 65/108: q_24_main_0_30fps_frame0074.png
Prompt: Given the human reaction shown in the image, do you think the situation observed by that humans ends well or poorly? (Use only one word to answer)
Image size: 11412 bytes
Response status code: 200
{'model': 'llava', 'created_at': '2025-11-28T16:16:12.470768767Z', 'message': {'role': 'assistant', 'content': ' Poorly '}, 'done': True, 'done_reason': 'stop', 'total_duration': 14086051026, 'load_duration': 13669683589, 'prompt_eval_count': 617, 'prompt_eval_duration': 298810087, 'eval_count': 4, 'eval_duration': 30100520}
Response: Poorly
Analyzing frame 66/108: q_24_main_0_30fps_frame0089.png
Prompt: Given the human reaction shown in the image, do you think the situation observed by that humans ends well or poorly? (Use only one word to answer)
Image size: 11360 bytes
Response status code: 200
{'model': 'llava', 'created_at': '2025-11-28T16:16:29.868107214Z', 'message': {'role': 'assistant', 'content': ' Poorly '}, 'done': True, 'done_reason': 'stop', 'total_duration': 16355088983, 'load_duration': 15939490823, 'prompt_eval_count': 617, 'prompt_eval_duration': 291666048, 'eval_count': 4, 'eval_duration': 30381960}
Response: Poorly
Analyzing frame 67/108: q_27_main_0_30fps_frame0014.png
Prompt: Given the human reaction shown in the image, do you think the situation observed by that humans ends well or poorly? (Use only one word to answer)
Image size: 11632 bytes
Response status code: 200
{'model': 'llava', 'created_at': '2025-11-28T16:16:47.128096093Z', 'message': {'role': 'assistant', 'content': ' Poorly '}, 'done': True, 'done_reason': 'stop', 'total_duration': 16232426723, 'load_duration': 15812725741, 'prompt_eval_count': 617, 'prompt_eval_duration': 300232821, 'eval_count': 4, 'eval_duration': 30394470}
Response: Poorly
Analyzing frame 68/108: q_27_main_0_30fps_frame0029.png
Prompt: Given the human reaction shown in the image, do you think the situation observed by that humans ends well or poorly? (Use only one word to answer)
Image size: 11536 bytes
Response status code: 200
{'model': 'llava', 'created_at': '2025-11-28T16:17:02.635206351Z', 'message': {'role': 'assistant', 'content': ' Poorly '}, 'done': True, 'done_reason': 'stop', 'total_duration': 14471923697, 'load_duration': 14074588019, 'prompt_eval_count': 617, 'prompt_eval_duration': 283851054, 'eval_count': 4, 'eval_duration': 30317005}
Response: Poorly
Analyzing frame 69/108: q_27_main_0_30fps_frame0044.png
Prompt: Given the human reaction shown in the image, do you think the situation observed by that humans ends well or poorly? (Use only one word to answer)
Image size: 11592 bytes
Response status code: 200
{'model': 'llava', 'created_at': '2025-11-28T16:17:17.959498396Z', 'message': {'role': 'assistant', 'content': ' Poorly '}, 'done': True, 'done_reason': 'stop', 'total_duration': 14280100697, 'load_duration': 13840246957, 'prompt_eval_count': 617, 'prompt_eval_duration': 286890699, 'eval_count': 4, 'eval_duration': 30127370}
Response: Poorly
Analyzing frame 70/108: q_27_main_0_30fps_frame0059.png
Prompt: Given the human reaction shown in the image, do you think the situation observed by that humans ends well or poorly? (Use only one word to answer)
Image size: 11564 bytes
Response status code: 200
{'model': 'llava', 'created_at': '2025-11-28T16:17:34.181811295Z', 'message': {'role': 'assistant', 'content': ' Poorly '}, 'done': True, 'done_reason': 'stop', 'total_duration': 15163115926, 'load_duration': 14753730000, 'prompt_eval_count': 617, 'prompt_eval_duration': 282296332, 'eval_count': 4, 'eval_duration': 30155411}
Response: Poorly
Analyzing frame 71/108: q_27_main_0_30fps_frame0074.png
Prompt: Given the human reaction shown in the image, do you think the situation observed by that humans ends well or poorly? (Use only one word to answer)
Image size: 11612 bytes
Response status code: 200
{'model': 'llava', 'created_at': '2025-11-28T16:17:50.064320361Z', 'message': {'role': 'assistant', 'content': ' Poorly '}, 'done': True, 'done_reason': 'stop', 'total_duration': 14856139314, 'load_duration': 14455778519, 'prompt_eval_count': 617, 'prompt_eval_duration': 283574400, 'eval_count': 4, 'eval_duration': 30251809}
Response: Poorly
Analyzing frame 72/108: q_27_main_0_30fps_frame0089.png
Prompt: Given the human reaction shown in the image, do you think the situation observed by that humans ends well or poorly? (Use only one word to answer)
Image size: 11612 bytes
Response status code: 200
{'model': 'llava', 'created_at': '2025-11-28T16:18:08.021412213Z', 'message': {'role': 'assistant', 'content': ' Poorly '}, 'done': True, 'done_reason': 'stop', 'total_duration': 16908879236, 'load_duration': 16497495282, 'prompt_eval_count': 617, 'prompt_eval_duration': 294339468, 'eval_count': 4, 'eval_duration': 31090384}
Response: Poorly
Analyzing frame 73/108: q_29_main_0_30fps_frame0014.png
Prompt: Given the human reaction shown in the image, do you think the situation observed by that humans ends well or poorly? (Use only one word to answer)
Image size: 11540 bytes
Response status code: 200
{'model': 'llava', 'created_at': '2025-11-28T16:18:26.022517302Z', 'message': {'role': 'assistant', 'content': ' Poorly '}, 'done': True, 'done_reason': 'stop', 'total_duration': 16972655540, 'load_duration': 16548263147, 'prompt_eval_count': 617, 'prompt_eval_duration': 297416714, 'eval_count': 4, 'eval_duration': 30166962}
Response: Poorly
Analyzing frame 74/108: q_29_main_0_30fps_frame0029.png
Prompt: Given the human reaction shown in the image, do you think the situation observed by that humans ends well or poorly? (Use only one word to answer)
Image size: 11512 bytes
Response status code: 200
{'model': 'llava', 'created_at': '2025-11-28T16:18:48.28731238Z', 'message': {'role': 'assistant', 'content': ' Poorly '}, 'done': True, 'done_reason': 'stop', 'total_duration': 21224347397, 'load_duration': 20811435095, 'prompt_eval_count': 617, 'prompt_eval_duration': 282740012, 'eval_count': 4, 'eval_duration': 30392086}
Response: Poorly
Analyzing frame 75/108: q_29_main_0_30fps_frame0044.png
Prompt: Given the human reaction shown in the image, do you think the situation observed by that humans ends well or poorly? (Use only one word to answer)
Image size: 11484 bytes
Response status code: 200
{'model': 'llava', 'created_at': '2025-11-28T16:19:04.481900028Z', 'message': {'role': 'assistant', 'content': ' Poorly '}, 'done': True, 'done_reason': 'stop', 'total_duration': 15164974445, 'load_duration': 14747494945, 'prompt_eval_count': 617, 'prompt_eval_duration': 282667506, 'eval_count': 4, 'eval_duration': 33125166}
Response: Poorly
Analyzing frame 76/108: q_29_main_0_30fps_frame0059.png
Prompt: Given the human reaction shown in the image, do you think the situation observed by that humans ends well or poorly? (Use only one word to answer)
Image size: 11516 bytes
Response status code: 200
{'model': 'llava', 'created_at': '2025-11-28T16:19:20.725815144Z', 'message': {'role': 'assistant', 'content': ' Poorly '}, 'done': True, 'done_reason': 'stop', 'total_duration': 15200596109, 'load_duration': 14796474446, 'prompt_eval_count': 617, 'prompt_eval_duration': 285631536, 'eval_count': 4, 'eval_duration': 30170857}
Response: Poorly
Analyzing frame 77/108: q_29_main_0_30fps_frame0074.png
Prompt: Given the human reaction shown in the image, do you think the situation observed by that humans ends well or poorly? (Use only one word to answer)
Image size: 11488 bytes
Response status code: 200
{'model': 'llava', 'created_at': '2025-11-28T16:19:36.950269876Z', 'message': {'role': 'assistant', 'content': ' Poorly '}, 'done': True, 'done_reason': 'stop', 'total_duration': 15184493275, 'load_duration': 14770627816, 'prompt_eval_count': 617, 'prompt_eval_duration': 283082000, 'eval_count': 4, 'eval_duration': 30271556}
Response: Poorly
Analyzing frame 78/108: q_29_main_0_30fps_frame0089.png
Prompt: Given the human reaction shown in the image, do you think the situation observed by that humans ends well or poorly? (Use only one word to answer)
Image size: 11384 bytes
Response status code: 200
{'model': 'llava', 'created_at': '2025-11-28T16:19:52.51878423Z', 'message': {'role': 'assistant', 'content': ' Poorly '}, 'done': True, 'done_reason': 'stop', 'total_duration': 14526852253, 'load_duration': 14111490613, 'prompt_eval_count': 617, 'prompt_eval_duration': 296133153, 'eval_count': 4, 'eval_duration': 30339506}
Response: Poorly
Analyzing frame 79/108: q_2_main_1_30fps_frame0015.png
Prompt: Given the human reaction shown in the image, do you think the situation observed by that humans ends well or poorly? (Use only one word to answer)
Image size: 11400 bytes
Response status code: 200
{'model': 'llava', 'created_at': '2025-11-28T16:20:10.897928853Z', 'message': {'role': 'assistant', 'content': ' Poorly '}, 'done': True, 'done_reason': 'stop', 'total_duration': 17355504633, 'load_duration': 16947286646, 'prompt_eval_count': 617, 'prompt_eval_duration': 287289608, 'eval_count': 4, 'eval_duration': 30378530}
Response: Poorly
Analyzing frame 80/108: q_2_main_1_30fps_frame0030.png
Prompt: Given the human reaction shown in the image, do you think the situation observed by that humans ends well or poorly? (Use only one word to answer)
Image size: 11360 bytes
Response status code: 200
{'model': 'llava', 'created_at': '2025-11-28T16:20:29.401231828Z', 'message': {'role': 'assistant', 'content': ' Poorly '}, 'done': True, 'done_reason': 'stop', 'total_duration': 17465414618, 'load_duration': 17061635385, 'prompt_eval_count': 617, 'prompt_eval_duration': 284179854, 'eval_count': 4, 'eval_duration': 30211620}
Response: Poorly
Analyzing frame 81/108: q_2_main_1_30fps_frame0045.png
Prompt: Given the human reaction shown in the image, do you think the situation observed by that humans ends well or poorly? (Use only one word to answer)
Image size: 11428 bytes
Response status code: 200
{'model': 'llava', 'created_at': '2025-11-28T16:20:46.575013664Z', 'message': {'role': 'assistant', 'content': ' Poorly '}, 'done': True, 'done_reason': 'stop', 'total_duration': 16145733756, 'load_duration': 15746907448, 'prompt_eval_count': 617, 'prompt_eval_duration': 283342552, 'eval_count': 4, 'eval_duration': 30038364}
Response: Poorly
Analyzing frame 82/108: q_2_main_1_30fps_frame0060.png
Prompt: Given the human reaction shown in the image, do you think the situation observed by that humans ends well or poorly? (Use only one word to answer)
Image size: 11344 bytes
Response status code: 200
{'model': 'llava', 'created_at': '2025-11-28T16:21:04.86604945Z', 'message': {'role': 'assistant', 'content': ' Poorly '}, 'done': True, 'done_reason': 'stop', 'total_duration': 17266877046, 'load_duration': 16848856038, 'prompt_eval_count': 617, 'prompt_eval_duration': 299742888, 'eval_count': 4, 'eval_duration': 30270052}
Response: Poorly
Analyzing frame 83/108: q_2_main_1_30fps_frame0075.png
Prompt: Given the human reaction shown in the image, do you think the situation observed by that humans ends well or poorly? (Use only one word to answer)
Image size: 11388 bytes
Response status code: 200
{'model': 'llava', 'created_at': '2025-11-28T16:21:24.106913728Z', 'message': {'role': 'assistant', 'content': ' Poorly '}, 'done': True, 'done_reason': 'stop', 'total_duration': 18198051789, 'load_duration': 17799840582, 'prompt_eval_count': 617, 'prompt_eval_duration': 282873324, 'eval_count': 4, 'eval_duration': 30440158}
Response: Poorly
Analyzing frame 84/108: q_2_main_1_30fps_frame0090.png
Prompt: Given the human reaction shown in the image, do you think the situation observed by that humans ends well or poorly? (Use only one word to answer)
Image size: 11348 bytes
Response status code: 200
{'model': 'llava', 'created_at': '2025-11-28T16:21:47.91557482Z', 'message': {'role': 'assistant', 'content': ' Poorly '}, 'done': True, 'done_reason': 'stop', 'total_duration': 22783842869, 'load_duration': 22371221673, 'prompt_eval_count': 617, 'prompt_eval_duration': 285315249, 'eval_count': 4, 'eval_duration': 30390717}
Response: Poorly
Analyzing frame 85/108: q_30_main_1_30fps_frame0014.png
Prompt: Given the human reaction shown in the image, do you think the situation observed by that humans ends well or poorly? (Use only one word to answer)
Image size: 11524 bytes
Response status code: 200
{'model': 'llava', 'created_at': '2025-11-28T16:22:08.701014916Z', 'message': {'role': 'assistant', 'content': ' Poorly '}, 'done': True, 'done_reason': 'stop', 'total_duration': 19743012081, 'load_duration': 19322829514, 'prompt_eval_count': 617, 'prompt_eval_duration': 299044299, 'eval_count': 4, 'eval_duration': 30343303}
Response: Poorly
Analyzing frame 86/108: q_30_main_1_30fps_frame0029.png
Prompt: Given the human reaction shown in the image, do you think the situation observed by that humans ends well or poorly? (Use only one word to answer)
Image size: 11440 bytes
Response status code: 200
{'model': 'llava', 'created_at': '2025-11-28T16:22:28.063137239Z', 'message': {'role': 'assistant', 'content': ' Poorly '}, 'done': True, 'done_reason': 'stop', 'total_duration': 18333270610, 'load_duration': 17912131214, 'prompt_eval_count': 617, 'prompt_eval_duration': 297077110, 'eval_count': 4, 'eval_duration': 30104384}
Response: Poorly
Analyzing frame 87/108: q_30_main_1_30fps_frame0044.png
Prompt: Given the human reaction shown in the image, do you think the situation observed by that humans ends well or poorly? (Use only one word to answer)
Image size: 11340 bytes
Response status code: 200
{'model': 'llava', 'created_at': '2025-11-28T16:22:47.28443222Z', 'message': {'role': 'assistant', 'content': ' Poorly '}, 'done': True, 'done_reason': 'stop', 'total_duration': 18194149410, 'load_duration': 17773015525, 'prompt_eval_count': 617, 'prompt_eval_duration': 297915297, 'eval_count': 4, 'eval_duration': 30428500}
Response: Poorly
Analyzing frame 88/108: q_30_main_1_30fps_frame0059.png
Prompt: Given the human reaction shown in the image, do you think the situation observed by that humans ends well or poorly? (Use only one word to answer)
Image size: 11452 bytes
Response status code: 200
{'model': 'llava', 'created_at': '2025-11-28T16:23:02.248955226Z', 'message': {'role': 'assistant', 'content': ' Poorly '}, 'done': True, 'done_reason': 'stop', 'total_duration': 13917953411, 'load_duration': 13522747200, 'prompt_eval_count': 617, 'prompt_eval_duration': 281487623, 'eval_count': 4, 'eval_duration': 30097340}
Response: Poorly
Analyzing frame 89/108: q_30_main_1_30fps_frame0074.png
Prompt: Given the human reaction shown in the image, do you think the situation observed by that humans ends well or poorly? (Use only one word to answer)
Image size: 11388 bytes
Response status code: 200
{'model': 'llava', 'created_at': '2025-11-28T16:23:14.984240067Z', 'message': {'role': 'assistant', 'content': ' Poorly '}, 'done': True, 'done_reason': 'stop', 'total_duration': 11708087745, 'load_duration': 11294663312, 'prompt_eval_count': 617, 'prompt_eval_duration': 283606231, 'eval_count': 4, 'eval_duration': 30919121}
Response: Poorly
Analyzing frame 90/108: q_30_main_1_30fps_frame0089.png
Prompt: Given the human reaction shown in the image, do you think the situation observed by that humans ends well or poorly? (Use only one word to answer)
Image size: 11424 bytes
Response status code: 200
{'model': 'llava', 'created_at': '2025-11-28T16:23:27.284257023Z', 'message': {'role': 'assistant', 'content': ' Poorly '}, 'done': True, 'done_reason': 'stop', 'total_duration': 11258883732, 'load_duration': 10843773067, 'prompt_eval_count': 617, 'prompt_eval_duration': 292649032, 'eval_count': 4, 'eval_duration': 30705671}
Response: Poorly
Analyzing frame 91/108: q_3_main_1_30fps_frame0015.png
Prompt: Given the human reaction shown in the image, do you think the situation observed by that humans ends well or poorly? (Use only one word to answer)
Image size: 11612 bytes
Response status code: 200
{'model': 'llava', 'created_at': '2025-11-28T16:23:36.103883514Z', 'message': {'role': 'assistant', 'content': ' Poorly '}, 'done': True, 'done_reason': 'stop', 'total_duration': 7789619807, 'load_duration': 7387822842, 'prompt_eval_count': 617, 'prompt_eval_duration': 284440892, 'eval_count': 4, 'eval_duration': 30163746}
Response: Poorly
Analyzing frame 92/108: q_3_main_1_30fps_frame0030.png
Prompt: Given the human reaction shown in the image, do you think the situation observed by that humans ends well or poorly? (Use only one word to answer)
Image size: 11968 bytes
Response status code: 200
{'model': 'llava', 'created_at': '2025-11-28T16:23:47.949139935Z', 'message': {'role': 'assistant', 'content': ' Poorly '}, 'done': True, 'done_reason': 'stop', 'total_duration': 10800104779, 'load_duration': 10386484352, 'prompt_eval_count': 617, 'prompt_eval_duration': 297366744, 'eval_count': 4, 'eval_duration': 30052761}
Response: Poorly
Analyzing frame 93/108: q_3_main_1_30fps_frame0045.png
Prompt: Given the human reaction shown in the image, do you think the situation observed by that humans ends well or poorly? (Use only one word to answer)
Image size: 12400 bytes
Response status code: 200
{'model': 'llava', 'created_at': '2025-11-28T16:24:03.956508756Z', 'message': {'role': 'assistant', 'content': ' Poorly '}, 'done': True, 'done_reason': 'stop', 'total_duration': 14980920001, 'load_duration': 14580469434, 'prompt_eval_count': 617, 'prompt_eval_duration': 284174322, 'eval_count': 4, 'eval_duration': 30590069}
Response: Poorly
Analyzing frame 94/108: q_3_main_1_30fps_frame0060.png
Prompt: Given the human reaction shown in the image, do you think the situation observed by that humans ends well or poorly? (Use only one word to answer)
Image size: 12448 bytes
Response status code: 200
{'model': 'llava', 'created_at': '2025-11-28T16:24:18.922120502Z', 'message': {'role': 'assistant', 'content': ' Poorly '}, 'done': True, 'done_reason': 'stop', 'total_duration': 13919566739, 'load_duration': 13501493429, 'prompt_eval_count': 617, 'prompt_eval_duration': 298835993, 'eval_count': 4, 'eval_duration': 30676437}
Response: Poorly
Analyzing frame 95/108: q_3_main_1_30fps_frame0075.png
Prompt: Given the human reaction shown in the image, do you think the situation observed by that humans ends well or poorly? (Use only one word to answer)
Image size: 12140 bytes
Response status code: 200
{'model': 'llava', 'created_at': '2025-11-28T16:24:35.093781747Z', 'message': {'role': 'assistant', 'content': ' Poorly '}, 'done': True, 'done_reason': 'stop', 'total_duration': 15146871678, 'load_duration': 14747535332, 'prompt_eval_count': 617, 'prompt_eval_duration': 285228661, 'eval_count': 4, 'eval_duration': 30152813}
Response: Poorly
Analyzing frame 96/108: q_3_main_1_30fps_frame0090.png
Prompt: Given the human reaction shown in the image, do you think the situation observed by that humans ends well or poorly? (Use only one word to answer)
Image size: 12084 bytes
Response status code: 200
{'model': 'llava', 'created_at': '2025-11-28T16:24:36.555019232Z', 'message': {'role': 'assistant', 'content': ' Poorly '}, 'done': True, 'done_reason': 'stop', 'total_duration': 416270309, 'load_duration': 35722277, 'prompt_eval_count': 617, 'prompt_eval_duration': 264631555, 'eval_count': 4, 'eval_duration': 30101414}
Response: Poorly
Analyzing frame 97/108: q_4_main_1_30fps_frame0014.png
Prompt: Given the human reaction shown in the image, do you think the situation observed by that humans ends well or poorly? (Use only one word to answer)
Image size: 11352 bytes
Response status code: 200
{'model': 'llava', 'created_at': '2025-11-28T16:24:58.262920987Z', 'message': {'role': 'assistant', 'content': ' Poorly '}, 'done': True, 'done_reason': 'stop', 'total_duration': 20680549586, 'load_duration': 20237177200, 'prompt_eval_count': 617, 'prompt_eval_duration': 304539262, 'eval_count': 4, 'eval_duration': 30629084}
Response: Poorly
Analyzing frame 98/108: q_4_main_1_30fps_frame0029.png
Prompt: Given the human reaction shown in the image, do you think the situation observed by that humans ends well or poorly? (Use only one word to answer)
Image size: 11464 bytes
Response status code: 200
{'model': 'llava', 'created_at': '2025-11-28T16:24:59.713082626Z', 'message': {'role': 'assistant', 'content': ' Poorly '}, 'done': True, 'done_reason': 'stop', 'total_duration': 411401518, 'load_duration': 36187662, 'prompt_eval_count': 617, 'prompt_eval_duration': 264449071, 'eval_count': 4, 'eval_duration': 31561628}
Response: Poorly
Analyzing frame 99/108: q_4_main_1_30fps_frame0044.png
Prompt: Given the human reaction shown in the image, do you think the situation observed by that humans ends well or poorly? (Use only one word to answer)
Image size: 11456 bytes
Response status code: 200
{'model': 'llava', 'created_at': '2025-11-28T16:25:18.953415939Z', 'message': {'role': 'assistant', 'content': ' Poorly '}, 'done': True, 'done_reason': 'stop', 'total_duration': 18214332763, 'load_duration': 17795386116, 'prompt_eval_count': 617, 'prompt_eval_duration': 299054785, 'eval_count': 4, 'eval_duration': 30132988}
Response: Poorly
Analyzing frame 100/108: q_4_main_1_30fps_frame0059.png
Prompt: Given the human reaction shown in the image, do you think the situation observed by that humans ends well or poorly? (Use only one word to answer)
Image size: 11484 bytes
Response status code: 200
{'model': 'llava', 'created_at': '2025-11-28T16:25:20.3827246Z', 'message': {'role': 'assistant', 'content': ' Poorly '}, 'done': True, 'done_reason': 'stop', 'total_duration': 381066613, 'load_duration': 24540733, 'prompt_eval_count': 617, 'prompt_eval_duration': 267365567, 'eval_count': 4, 'eval_duration': 29993919}
Response: Poorly
Analyzing frame 101/108: q_4_main_1_30fps_frame0074.png
Prompt: Given the human reaction shown in the image, do you think the situation observed by that humans ends well or poorly? (Use only one word to answer)
Image size: 11432 bytes
Response status code: 200
{'model': 'llava', 'created_at': '2025-11-28T16:25:35.332194865Z', 'message': {'role': 'assistant', 'content': ' Poorly '}, 'done': True, 'done_reason': 'stop', 'total_duration': 13921155086, 'load_duration': 13493197373, 'prompt_eval_count': 617, 'prompt_eval_duration': 292006860, 'eval_count': 4, 'eval_duration': 30078066}
Response: Poorly
Analyzing frame 102/108: q_4_main_1_30fps_frame0089.png
Prompt: Given the human reaction shown in the image, do you think the situation observed by that humans ends well or poorly? (Use only one word to answer)
Image size: 11416 bytes
Response status code: 200
{'model': 'llava', 'created_at': '2025-11-28T16:25:36.783574642Z', 'message': {'role': 'assistant', 'content': ' Poorly '}, 'done': True, 'done_reason': 'stop', 'total_duration': 412171417, 'load_duration': 40793777, 'prompt_eval_count': 617, 'prompt_eval_duration': 266031550, 'eval_count': 4, 'eval_duration': 29994677}
Response: Poorly
Analyzing frame 103/108: q_warmup_4_main_0_30fps_frame0014.png
Prompt: Given the human reaction shown in the image, do you think the situation observed by that humans ends well or poorly? (Use only one word to answer)
Image size: 12584 bytes
Response status code: 200
{'model': 'llava', 'created_at': '2025-11-28T16:25:51.696961337Z', 'message': {'role': 'assistant', 'content': ' Poorly '}, 'done': True, 'done_reason': 'stop', 'total_duration': 13875095491, 'load_duration': 13477211651, 'prompt_eval_count': 617, 'prompt_eval_duration': 283310434, 'eval_count': 4, 'eval_duration': 30031231}
Response: Poorly
Analyzing frame 104/108: q_warmup_4_main_0_30fps_frame0029.png
Prompt: Given the human reaction shown in the image, do you think the situation observed by that humans ends well or poorly? (Use only one word to answer)
Image size: 12436 bytes
Response status code: 200
{'model': 'llava', 'created_at': '2025-11-28T16:25:53.126593403Z', 'message': {'role': 'assistant', 'content': ' Poorly '}, 'done': True, 'done_reason': 'stop', 'total_duration': 389437622, 'load_duration': 36268061, 'prompt_eval_count': 617, 'prompt_eval_duration': 268858543, 'eval_count': 4, 'eval_duration': 30015344}
Response: Poorly
Analyzing frame 105/108: q_warmup_4_main_0_30fps_frame0044.png
Prompt: Given the human reaction shown in the image, do you think the situation observed by that humans ends well or poorly? (Use only one word to answer)
Image size: 12616 bytes
Response status code: 200
{'model': 'llava', 'created_at': '2025-11-28T16:26:13.227795694Z', 'message': {'role': 'assistant', 'content': ' Poorly '}, 'done': True, 'done_reason': 'stop', 'total_duration': 19067071688, 'load_duration': 18628916808, 'prompt_eval_count': 617, 'prompt_eval_duration': 302563553, 'eval_count': 4, 'eval_duration': 30373668}
Response: Poorly
Analyzing frame 106/108: q_warmup_4_main_0_30fps_frame0059.png
Prompt: Given the human reaction shown in the image, do you think the situation observed by that humans ends well or poorly? (Use only one word to answer)
Image size: 12732 bytes
Response status code: 200
{'model': 'llava', 'created_at': '2025-11-28T16:26:14.673544206Z', 'message': {'role': 'assistant', 'content': ' Poorly '}, 'done': True, 'done_reason': 'stop', 'total_duration': 403645982, 'load_duration': 40459749, 'prompt_eval_count': 617, 'prompt_eval_duration': 264906257, 'eval_count': 4, 'eval_duration': 29937099}
Response: Poorly
Analyzing frame 107/108: q_warmup_4_main_0_30fps_frame0074.png
Prompt: Given the human reaction shown in the image, do you think the situation observed by that humans ends well or poorly? (Use only one word to answer)
Image size: 12768 bytes
Response status code: 200
{'model': 'llava', 'created_at': '2025-11-28T16:26:37.810105537Z', 'message': {'role': 'assistant', 'content': ' Poorly '}, 'done': True, 'done_reason': 'stop', 'total_duration': 22092782384, 'load_duration': 21696408365, 'prompt_eval_count': 617, 'prompt_eval_duration': 283200641, 'eval_count': 4, 'eval_duration': 30180532}
Response: Poorly
Analyzing frame 108/108: q_warmup_4_main_0_30fps_frame0089.png
Prompt: Given the human reaction shown in the image, do you think the situation observed by that humans ends well or poorly? (Use only one word to answer)
Image size: 12720 bytes
Response status code: 200
{'model': 'llava', 'created_at': '2025-11-28T16:26:39.231935945Z', 'message': {'role': 'assistant', 'content': ' Poorly '}, 'done': True, 'done_reason': 'stop', 'total_duration': 378907090, 'load_duration': 27979795, 'prompt_eval_count': 617, 'prompt_eval_duration': 264201049, 'eval_count': 4, 'eval_duration': 29941562}
Response: Poorly
Processed 108 frames for participant 2103

Results saved to ./results/results_llava_3s.csv
Total frames processed: 510

==================================================
Processing participant 6/30

Processing participant: 2313
Found 102 frames
Analyzing frame 1/102: q_12_main_1_30fps_frame0015.png
Prompt: Given the human reaction shown in the image, do you think the situation observed by that humans ends well or poorly? (Use only one word to answer)
Image size: 14064 bytes
Response status code: 200
{'model': 'llava', 'created_at': '2025-11-28T16:27:06.821759704Z', 'message': {'role': 'assistant', 'content': ' Poorly '}, 'done': True, 'done_reason': 'stop', 'total_duration': 26515848547, 'load_duration': 26116396395, 'prompt_eval_count': 617, 'prompt_eval_duration': 283470771, 'eval_count': 4, 'eval_duration': 30685143}
Response: Poorly
Analyzing frame 2/102: q_12_main_1_30fps_frame0030.png
Prompt: Given the human reaction shown in the image, do you think the situation observed by that humans ends well or poorly? (Use only one word to answer)
Image size: 14000 bytes
Response status code: 200
{'model': 'llava', 'created_at': '2025-11-28T16:27:08.226756244Z', 'message': {'role': 'assistant', 'content': ' Poorly '}, 'done': True, 'done_reason': 'stop', 'total_duration': 375931288, 'load_duration': 21318770, 'prompt_eval_count': 617, 'prompt_eval_duration': 268161234, 'eval_count': 4, 'eval_duration': 30181188}
Response: Poorly
Analyzing frame 3/102: q_12_main_1_30fps_frame0045.png
Prompt: Given the human reaction shown in the image, do you think the situation observed by that humans ends well or poorly? (Use only one word to answer)
Image size: 14076 bytes
Response status code: 200
{'model': 'llava', 'created_at': '2025-11-28T16:27:26.719423312Z', 'message': {'role': 'assistant', 'content': ' Poorly '}, 'done': True, 'done_reason': 'stop', 'total_duration': 17442941347, 'load_duration': 17045602183, 'prompt_eval_count': 617, 'prompt_eval_duration': 282787318, 'eval_count': 4, 'eval_duration': 31653369}
Response: Poorly
Analyzing frame 4/102: q_12_main_1_30fps_frame0060.png
Prompt: Given the human reaction shown in the image, do you think the situation observed by that humans ends well or poorly? (Use only one word to answer)
Image size: 13968 bytes
Response status code: 200
{'model': 'llava', 'created_at': '2025-11-28T16:27:28.150230783Z', 'message': {'role': 'assistant', 'content': ' Poorly '}, 'done': True, 'done_reason': 'stop', 'total_duration': 401582012, 'load_duration': 32836719, 'prompt_eval_count': 617, 'prompt_eval_duration': 265218867, 'eval_count': 4, 'eval_duration': 29940032}
Response: Poorly
Analyzing frame 5/102: q_12_main_1_30fps_frame0075.png
Prompt: Given the human reaction shown in the image, do you think the situation observed by that humans ends well or poorly? (Use only one word to answer)
Image size: 14028 bytes
Response status code: 200
{'model': 'llava', 'created_at': '2025-11-28T16:27:42.817267603Z', 'message': {'role': 'assistant', 'content': ' Poorly '}, 'done': True, 'done_reason': 'stop', 'total_duration': 13624026494, 'load_duration': 13205156975, 'prompt_eval_count': 617, 'prompt_eval_duration': 284064740, 'eval_count': 4, 'eval_duration': 30622137}
Response: Poorly
Analyzing frame 6/102: q_12_main_1_30fps_frame0090.png
Prompt: Given the human reaction shown in the image, do you think the situation observed by that humans ends well or poorly? (Use only one word to answer)
Image size: 13980 bytes
Response status code: 200
{'model': 'llava', 'created_at': '2025-11-28T16:27:44.249696531Z', 'message': {'role': 'assistant', 'content': ' Poorly '}, 'done': True, 'done_reason': 'stop', 'total_duration': 403818298, 'load_duration': 35233045, 'prompt_eval_count': 617, 'prompt_eval_duration': 266348505, 'eval_count': 4, 'eval_duration': 30035726}
Response: Poorly
Analyzing frame 7/102: q_13_main_0_30fps_frame0015.png
Prompt: Given the human reaction shown in the image, do you think the situation observed by that humans ends well or poorly? (Use only one word to answer)
Image size: 14464 bytes
Response status code: 200
{'model': 'llava', 'created_at': '2025-11-28T16:28:04.684266794Z', 'message': {'role': 'assistant', 'content': ' Poorly '}, 'done': True, 'done_reason': 'stop', 'total_duration': 19394799401, 'load_duration': 18992196880, 'prompt_eval_count': 617, 'prompt_eval_duration': 283956078, 'eval_count': 4, 'eval_duration': 30170792}
Response: Poorly
Analyzing frame 8/102: q_13_main_0_30fps_frame0030.png
Prompt: Given the human reaction shown in the image, do you think the situation observed by that humans ends well or poorly? (Use only one word to answer)
Image size: 14696 bytes
Response status code: 200
{'model': 'llava', 'created_at': '2025-11-28T16:28:06.139486293Z', 'message': {'role': 'assistant', 'content': ' Poorly '}, 'done': True, 'done_reason': 'stop', 'total_duration': 404469531, 'load_duration': 28138320, 'prompt_eval_count': 617, 'prompt_eval_duration': 270451795, 'eval_count': 4, 'eval_duration': 30073958}
Response: Poorly
Analyzing frame 9/102: q_13_main_0_30fps_frame0045.png
Prompt: Given the human reaction shown in the image, do you think the situation observed by that humans ends well or poorly? (Use only one word to answer)
Image size: 14904 bytes
Response status code: 200
{'model': 'llava', 'created_at': '2025-11-28T16:28:25.432671959Z', 'message': {'role': 'assistant', 'content': ' Poorly '}, 'done': True, 'done_reason': 'stop', 'total_duration': 18254871716, 'load_duration': 17843720403, 'prompt_eval_count': 617, 'prompt_eval_duration': 289056321, 'eval_count': 4, 'eval_duration': 30523585}
Response: Poorly
Analyzing frame 10/102: q_13_main_0_30fps_frame0060.png
Prompt: Given the human reaction shown in the image, do you think the situation observed by that humans ends well or poorly? (Use only one word to answer)
Image size: 15004 bytes
Response status code: 200
{'model': 'llava', 'created_at': '2025-11-28T16:28:26.894154976Z', 'message': {'role': 'assistant', 'content': ' Poorly '}, 'done': True, 'done_reason': 'stop', 'total_duration': 399745905, 'load_duration': 17392150, 'prompt_eval_count': 617, 'prompt_eval_duration': 279759341, 'eval_count': 4, 'eval_duration': 32161717}
Response: Poorly
Analyzing frame 11/102: q_13_main_0_30fps_frame0075.png
Prompt: Given the human reaction shown in the image, do you think the situation observed by that humans ends well or poorly? (Use only one word to answer)
Image size: 14996 bytes
Response status code: 200
{'model': 'llava', 'created_at': '2025-11-28T16:29:32.167833318Z', 'message': {'role': 'assistant', 'content': ' Poorly '}, 'done': True, 'done_reason': 'stop', 'total_duration': 64245919187, 'load_duration': 63804915597, 'prompt_eval_count': 617, 'prompt_eval_duration': 309518696, 'eval_count': 4, 'eval_duration': 31334146}
Response: Poorly
Analyzing frame 12/102: q_13_main_0_30fps_frame0090.png
Prompt: Given the human reaction shown in the image, do you think the situation observed by that humans ends well or poorly? (Use only one word to answer)
Image size: 14996 bytes
Response status code: 200
{'model': 'llava', 'created_at': '2025-11-28T16:29:33.685570799Z', 'message': {'role': 'assistant', 'content': ' Poorly '}, 'done': True, 'done_reason': 'stop', 'total_duration': 417013264, 'load_duration': 30646443, 'prompt_eval_count': 617, 'prompt_eval_duration': 277709610, 'eval_count': 4, 'eval_duration': 31180863}
Response: Poorly
Analyzing frame 13/102: q_15_main_1_30fps_frame0015.png
Prompt: Given the human reaction shown in the image, do you think the situation observed by that humans ends well or poorly? (Use only one word to answer)
Image size: 13464 bytes
Response status code: 200
{'model': 'llava', 'created_at': '2025-11-28T16:32:30.106319902Z', 'message': {'role': 'assistant', 'content': ' Poorly '}, 'done': True, 'done_reason': 'stop', 'total_duration': 175393348341, 'load_duration': 174964994040, 'prompt_eval_count': 617, 'prompt_eval_duration': 294209845, 'eval_count': 4, 'eval_duration': 29969459}
Response: Poorly
Analyzing frame 14/102: q_15_main_1_30fps_frame0030.png
