video_name,frame,outcome_prediction
11_final.mp4,0,"Error analyzing image: HTTPConnectionPool(host='localhost', port=11434): Max retries exceeded with url: /api/chat (Caused by NewConnectionError('<urllib3.connection.HTTPConnection object at 0x7f7439e7fc10>: Failed to establish a new connection: [Errno 111] Connection refused'))"
11_final.mp4,3,"Error analyzing image: HTTPConnectionPool(host='localhost', port=11434): Max retries exceeded with url: /api/chat (Caused by NewConnectionError('<urllib3.connection.HTTPConnection object at 0x7f7439ea57f0>: Failed to establish a new connection: [Errno 111] Connection refused'))"
11_final.mp4,6,"Error analyzing image: HTTPConnectionPool(host='localhost', port=11434): Max retries exceeded with url: /api/chat (Caused by NewConnectionError('<urllib3.connection.HTTPConnection object at 0x7f7439dfd220>: Failed to establish a new connection: [Errno 111] Connection refused'))"
11_final.mp4,9,"Error analyzing image: HTTPConnectionPool(host='localhost', port=11434): Max retries exceeded with url: /api/chat (Caused by NewConnectionError('<urllib3.connection.HTTPConnection object at 0x7f7439dfdc10>: Failed to establish a new connection: [Errno 111] Connection refused'))"
11_final.mp4,12,"Error analyzing image: HTTPConnectionPool(host='localhost', port=11434): Max retries exceeded with url: /api/chat (Caused by NewConnectionError('<urllib3.connection.HTTPConnection object at 0x7f7439dfdaf0>: Failed to establish a new connection: [Errno 111] Connection refused'))"
11_final.mp4,15,"Error analyzing image: HTTPConnectionPool(host='localhost', port=11434): Max retries exceeded with url: /api/chat (Caused by NewConnectionError('<urllib3.connection.HTTPConnection object at 0x7f7439ea5d60>: Failed to establish a new connection: [Errno 111] Connection refused'))"
11_final.mp4,18,"Error analyzing image: HTTPConnectionPool(host='localhost', port=11434): Max retries exceeded with url: /api/chat (Caused by NewConnectionError('<urllib3.connection.HTTPConnection object at 0x7f7439ea5700>: Failed to establish a new connection: [Errno 111] Connection refused'))"
11_final.mp4,21,"Error analyzing image: HTTPConnectionPool(host='localhost', port=11434): Max retries exceeded with url: /api/chat (Caused by NewConnectionError('<urllib3.connection.HTTPConnection object at 0x7f7439e06640>: Failed to establish a new connection: [Errno 111] Connection refused'))"
11_final.mp4,24,"Error analyzing image: HTTPConnectionPool(host='localhost', port=11434): Max retries exceeded with url: /api/chat (Caused by NewConnectionError('<urllib3.connection.HTTPConnection object at 0x7f7439e12070>: Failed to establish a new connection: [Errno 111] Connection refused'))"
11_final.mp4,27,"Error analyzing image: HTTPConnectionPool(host='localhost', port=11434): Max retries exceeded with url: /api/chat (Caused by NewConnectionError('<urllib3.connection.HTTPConnection object at 0x7f7439ea54f0>: Failed to establish a new connection: [Errno 111] Connection refused'))"
11_final.mp4,30,"Error analyzing image: HTTPConnectionPool(host='localhost', port=11434): Max retries exceeded with url: /api/chat (Caused by NewConnectionError('<urllib3.connection.HTTPConnection object at 0x7f7439ea5c40>: Failed to establish a new connection: [Errno 111] Connection refused'))"
11_final.mp4,33,"Error analyzing image: HTTPConnectionPool(host='localhost', port=11434): Max retries exceeded with url: /api/chat (Caused by NewConnectionError('<urllib3.connection.HTTPConnection object at 0x7f7439e06940>: Failed to establish a new connection: [Errno 111] Connection refused'))"
11_final.mp4,36,"Error analyzing image: HTTPConnectionPool(host='localhost', port=11434): Max retries exceeded with url: /api/chat (Caused by NewConnectionError('<urllib3.connection.HTTPConnection object at 0x7f7439dfd850>: Failed to establish a new connection: [Errno 111] Connection refused'))"
11_final.mp4,39,"Error analyzing image: HTTPConnectionPool(host='localhost', port=11434): Max retries exceeded with url: /api/chat (Caused by NewConnectionError('<urllib3.connection.HTTPConnection object at 0x7f7439dfd6a0>: Failed to establish a new connection: [Errno 111] Connection refused'))"
11_final.mp4,42,"Error analyzing image: HTTPConnectionPool(host='localhost', port=11434): Max retries exceeded with url: /api/chat (Caused by NewConnectionError('<urllib3.connection.HTTPConnection object at 0x7f7439e12a60>: Failed to establish a new connection: [Errno 111] Connection refused'))"
11_final.mp4,45,"Error analyzing image: HTTPConnectionPool(host='localhost', port=11434): Max retries exceeded with url: /api/chat (Caused by NewConnectionError('<urllib3.connection.HTTPConnection object at 0x7f7439dfd460>: Failed to establish a new connection: [Errno 111] Connection refused'))"
11_final.mp4,48,"Error analyzing image: HTTPConnectionPool(host='localhost', port=11434): Max retries exceeded with url: /api/chat (Caused by NewConnectionError('<urllib3.connection.HTTPConnection object at 0x7f7439e066d0>: Failed to establish a new connection: [Errno 111] Connection refused'))"
11_final.mp4,51,"Error analyzing image: HTTPConnectionPool(host='localhost', port=11434): Max retries exceeded with url: /api/chat (Caused by NewConnectionError('<urllib3.connection.HTTPConnection object at 0x7f7439ea5d90>: Failed to establish a new connection: [Errno 111] Connection refused'))"
11_final.mp4,54,"Error analyzing image: HTTPConnectionPool(host='localhost', port=11434): Max retries exceeded with url: /api/chat (Caused by NewConnectionError('<urllib3.connection.HTTPConnection object at 0x7f7439ea5640>: Failed to establish a new connection: [Errno 111] Connection refused'))"
11_final.mp4,57,"Error analyzing image: HTTPConnectionPool(host='localhost', port=11434): Max retries exceeded with url: /api/chat (Caused by NewConnectionError('<urllib3.connection.HTTPConnection object at 0x7f7439e126d0>: Failed to establish a new connection: [Errno 111] Connection refused'))"
11_final.mp4,60,"Error analyzing image: HTTPConnectionPool(host='localhost', port=11434): Max retries exceeded with url: /api/chat (Caused by NewConnectionError('<urllib3.connection.HTTPConnection object at 0x7f7439e12490>: Failed to establish a new connection: [Errno 111] Connection refused'))"
11_final.mp4,63,"Error analyzing image: HTTPConnectionPool(host='localhost', port=11434): Max retries exceeded with url: /api/chat (Caused by NewConnectionError('<urllib3.connection.HTTPConnection object at 0x7f7439ea58b0>: Failed to establish a new connection: [Errno 111] Connection refused'))"
11_final.mp4,66,"Error analyzing image: HTTPConnectionPool(host='localhost', port=11434): Max retries exceeded with url: /api/chat (Caused by NewConnectionError('<urllib3.connection.HTTPConnection object at 0x7f7439e06a60>: Failed to establish a new connection: [Errno 111] Connection refused'))"
11_final.mp4,69,"Error analyzing image: HTTPConnectionPool(host='localhost', port=11434): Max retries exceeded with url: /api/chat (Caused by NewConnectionError('<urllib3.connection.HTTPConnection object at 0x7f7439e060d0>: Failed to establish a new connection: [Errno 111] Connection refused'))"
11_final.mp4,72,"Error analyzing image: HTTPConnectionPool(host='localhost', port=11434): Max retries exceeded with url: /api/chat (Caused by NewConnectionError('<urllib3.connection.HTTPConnection object at 0x7f7439dfd130>: Failed to establish a new connection: [Errno 111] Connection refused'))"
11_final.mp4,75,"Error analyzing image: HTTPConnectionPool(host='localhost', port=11434): Max retries exceeded with url: /api/chat (Caused by NewConnectionError('<urllib3.connection.HTTPConnection object at 0x7f7439e1e490>: Failed to establish a new connection: [Errno 111] Connection refused'))"
11_final.mp4,78,"Error analyzing image: HTTPConnectionPool(host='localhost', port=11434): Max retries exceeded with url: /api/chat (Caused by NewConnectionError('<urllib3.connection.HTTPConnection object at 0x7f7439e06190>: Failed to establish a new connection: [Errno 111] Connection refused'))"
11_final.mp4,81,"Error analyzing image: HTTPConnectionPool(host='localhost', port=11434): Max retries exceeded with url: /api/chat (Caused by NewConnectionError('<urllib3.connection.HTTPConnection object at 0x7f7439e06be0>: Failed to establish a new connection: [Errno 111] Connection refused'))"
11_final.mp4,84,"Error analyzing image: HTTPConnectionPool(host='localhost', port=11434): Max retries exceeded with url: /api/chat (Caused by NewConnectionError('<urllib3.connection.HTTPConnection object at 0x7f7439ea5b80>: Failed to establish a new connection: [Errno 111] Connection refused'))"
11_final.mp4,87,"Error analyzing image: HTTPConnectionPool(host='localhost', port=11434): Max retries exceeded with url: /api/chat (Caused by NewConnectionError('<urllib3.connection.HTTPConnection object at 0x7f7439e7fe50>: Failed to establish a new connection: [Errno 111] Connection refused'))"
11_final.mp4,90,"Error analyzing image: HTTPConnectionPool(host='localhost', port=11434): Max retries exceeded with url: /api/chat (Caused by NewConnectionError('<urllib3.connection.HTTPConnection object at 0x7f7439e12730>: Failed to establish a new connection: [Errno 111] Connection refused'))"
11_final.mp4,93,"Error analyzing image: HTTPConnectionPool(host='localhost', port=11434): Max retries exceeded with url: /api/chat (Caused by NewConnectionError('<urllib3.connection.HTTPConnection object at 0x7f7439e12b50>: Failed to establish a new connection: [Errno 111] Connection refused'))"
11_final.mp4,96,"Error analyzing image: HTTPConnectionPool(host='localhost', port=11434): Max retries exceeded with url: /api/chat (Caused by NewConnectionError('<urllib3.connection.HTTPConnection object at 0x7f7439ea5880>: Failed to establish a new connection: [Errno 111] Connection refused'))"
11_final.mp4,99,"Error analyzing image: HTTPConnectionPool(host='localhost', port=11434): Max retries exceeded with url: /api/chat (Caused by NewConnectionError('<urllib3.connection.HTTPConnection object at 0x7f7439ea5a00>: Failed to establish a new connection: [Errno 111] Connection refused'))"
11_final.mp4,102,"Error analyzing image: HTTPConnectionPool(host='localhost', port=11434): Max retries exceeded with url: /api/chat (Caused by NewConnectionError('<urllib3.connection.HTTPConnection object at 0x7f7439e06700>: Failed to establish a new connection: [Errno 111] Connection refused'))"
11_final.mp4,105,"Error analyzing image: HTTPConnectionPool(host='localhost', port=11434): Max retries exceeded with url: /api/chat (Caused by NewConnectionError('<urllib3.connection.HTTPConnection object at 0x7f7439dfd220>: Failed to establish a new connection: [Errno 111] Connection refused'))"
11_final.mp4,108,"Error analyzing image: HTTPConnectionPool(host='localhost', port=11434): Max retries exceeded with url: /api/chat (Caused by NewConnectionError('<urllib3.connection.HTTPConnection object at 0x7f7439e1e520>: Failed to establish a new connection: [Errno 111] Connection refused'))"
11_final.mp4,111,"Error analyzing image: HTTPConnectionPool(host='localhost', port=11434): Max retries exceeded with url: /api/chat (Caused by NewConnectionError('<urllib3.connection.HTTPConnection object at 0x7f7439e06550>: Failed to establish a new connection: [Errno 111] Connection refused'))"
11_final.mp4,114,"Error analyzing image: HTTPConnectionPool(host='localhost', port=11434): Max retries exceeded with url: /api/chat (Caused by NewConnectionError('<urllib3.connection.HTTPConnection object at 0x7f7439e7fee0>: Failed to establish a new connection: [Errno 111] Connection refused'))"
11_final.mp4,117,"Error analyzing image: HTTPConnectionPool(host='localhost', port=11434): Max retries exceeded with url: /api/chat (Caused by NewConnectionError('<urllib3.connection.HTTPConnection object at 0x7f7439ea5130>: Failed to establish a new connection: [Errno 111] Connection refused'))"
11_final.mp4,120,"Error analyzing image: HTTPConnectionPool(host='localhost', port=11434): Max retries exceeded with url: /api/chat (Caused by NewConnectionError('<urllib3.connection.HTTPConnection object at 0x7f7439e12b80>: Failed to establish a new connection: [Errno 111] Connection refused'))"
11_final.mp4,123,"Error analyzing image: HTTPConnectionPool(host='localhost', port=11434): Max retries exceeded with url: /api/chat (Caused by NewConnectionError('<urllib3.connection.HTTPConnection object at 0x7f7439e1e700>: Failed to establish a new connection: [Errno 111] Connection refused'))"
11_final.mp4,126,"Error analyzing image: HTTPConnectionPool(host='localhost', port=11434): Max retries exceeded with url: /api/chat (Caused by NewConnectionError('<urllib3.connection.HTTPConnection object at 0x7f7439e122e0>: Failed to establish a new connection: [Errno 111] Connection refused'))"
11_final.mp4,129,"Error analyzing image: HTTPConnectionPool(host='localhost', port=11434): Max retries exceeded with url: /api/chat (Caused by NewConnectionError('<urllib3.connection.HTTPConnection object at 0x7f7439ea5580>: Failed to establish a new connection: [Errno 111] Connection refused'))"
11_final.mp4,132,"Error analyzing image: HTTPConnectionPool(host='localhost', port=11434): Max retries exceeded with url: /api/chat (Caused by NewConnectionError('<urllib3.connection.HTTPConnection object at 0x7f7439ea5e50>: Failed to establish a new connection: [Errno 111] Connection refused'))"
11_final.mp4,135,"Error analyzing image: HTTPConnectionPool(host='localhost', port=11434): Max retries exceeded with url: /api/chat (Caused by NewConnectionError('<urllib3.connection.HTTPConnection object at 0x7f7439e06b20>: Failed to establish a new connection: [Errno 111] Connection refused'))"
11_final.mp4,138,"Error analyzing image: HTTPConnectionPool(host='localhost', port=11434): Max retries exceeded with url: /api/chat (Caused by NewConnectionError('<urllib3.connection.HTTPConnection object at 0x7f7439dfd1f0>: Failed to establish a new connection: [Errno 111] Connection refused'))"
11_final.mp4,141,"Error analyzing image: HTTPConnectionPool(host='localhost', port=11434): Max retries exceeded with url: /api/chat (Caused by NewConnectionError('<urllib3.connection.HTTPConnection object at 0x7f7439e1ee80>: Failed to establish a new connection: [Errno 111] Connection refused'))"
11_final.mp4,144,"Error analyzing image: HTTPConnectionPool(host='localhost', port=11434): Max retries exceeded with url: /api/chat (Caused by NewConnectionError('<urllib3.connection.HTTPConnection object at 0x7f7439e06700>: Failed to establish a new connection: [Errno 111] Connection refused'))"
11_final.mp4,147,"Error analyzing image: HTTPConnectionPool(host='localhost', port=11434): Max retries exceeded with url: /api/chat (Caused by NewConnectionError('<urllib3.connection.HTTPConnection object at 0x7f7439ea5f70>: Failed to establish a new connection: [Errno 111] Connection refused'))"
11_final.mp4,150,"Error analyzing image: HTTPConnectionPool(host='localhost', port=11434): Max retries exceeded with url: /api/chat (Caused by NewConnectionError('<urllib3.connection.HTTPConnection object at 0x7f7439ea5c10>: Failed to establish a new connection: [Errno 111] Connection refused'))"
11_final.mp4,153,"Error analyzing image: HTTPConnectionPool(host='localhost', port=11434): Max retries exceeded with url: /api/chat (Caused by NewConnectionError('<urllib3.connection.HTTPConnection object at 0x7f7439e12e20>: Failed to establish a new connection: [Errno 111] Connection refused'))"
11_final.mp4,156,"Error analyzing image: HTTPConnectionPool(host='localhost', port=11434): Max retries exceeded with url: /api/chat (Caused by NewConnectionError('<urllib3.connection.HTTPConnection object at 0x7f7439e1e1f0>: Failed to establish a new connection: [Errno 111] Connection refused'))"
11_final.mp4,159,"Error analyzing image: HTTPConnectionPool(host='localhost', port=11434): Max retries exceeded with url: /api/chat (Caused by NewConnectionError('<urllib3.connection.HTTPConnection object at 0x7f7439ea5dc0>: Failed to establish a new connection: [Errno 111] Connection refused'))"
11_final.mp4,162,"Error analyzing image: HTTPConnectionPool(host='localhost', port=11434): Max retries exceeded with url: /api/chat (Caused by NewConnectionError('<urllib3.connection.HTTPConnection object at 0x7f7439ea5e50>: Failed to establish a new connection: [Errno 111] Connection refused'))"
11_final.mp4,165,"Error analyzing image: HTTPConnectionPool(host='localhost', port=11434): Max retries exceeded with url: /api/chat (Caused by NewConnectionError('<urllib3.connection.HTTPConnection object at 0x7f7439e06670>: Failed to establish a new connection: [Errno 111] Connection refused'))"
11_final.mp4,168,"Error analyzing image: HTTPConnectionPool(host='localhost', port=11434): Max retries exceeded with url: /api/chat (Caused by NewConnectionError('<urllib3.connection.HTTPConnection object at 0x7f7439e1e250>: Failed to establish a new connection: [Errno 111] Connection refused'))"
11_final.mp4,171,"Error analyzing image: HTTPConnectionPool(host='localhost', port=11434): Max retries exceeded with url: /api/chat (Caused by NewConnectionError('<urllib3.connection.HTTPConnection object at 0x7f7439e1ec70>: Failed to establish a new connection: [Errno 111] Connection refused'))"
11_final.mp4,174,"Error analyzing image: HTTPConnectionPool(host='localhost', port=11434): Max retries exceeded with url: /api/chat (Caused by NewConnectionError('<urllib3.connection.HTTPConnection object at 0x7f7439e12f10>: Failed to establish a new connection: [Errno 111] Connection refused'))"
11_final.mp4,177,"Error analyzing image: HTTPConnectionPool(host='localhost', port=11434): Max retries exceeded with url: /api/chat (Caused by NewConnectionError('<urllib3.connection.HTTPConnection object at 0x7f7439e06fa0>: Failed to establish a new connection: [Errno 111] Connection refused'))"
11_final.mp4,180,"Error analyzing image: HTTPConnectionPool(host='localhost', port=11434): Max retries exceeded with url: /api/chat (Caused by NewConnectionError('<urllib3.connection.HTTPConnection object at 0x7f7439e1e880>: Failed to establish a new connection: [Errno 111] Connection refused'))"
11_final.mp4,183,"Error analyzing image: HTTPConnectionPool(host='localhost', port=11434): Max retries exceeded with url: /api/chat (Caused by NewConnectionError('<urllib3.connection.HTTPConnection object at 0x7f7439e1e430>: Failed to establish a new connection: [Errno 111] Connection refused'))"
11_final.mp4,186,"Error analyzing image: HTTPConnectionPool(host='localhost', port=11434): Max retries exceeded with url: /api/chat (Caused by NewConnectionError('<urllib3.connection.HTTPConnection object at 0x7f7439ea5be0>: Failed to establish a new connection: [Errno 111] Connection refused'))"
11_final.mp4,189,"Error analyzing image: HTTPConnectionPool(host='localhost', port=11434): Max retries exceeded with url: /api/chat (Caused by NewConnectionError('<urllib3.connection.HTTPConnection object at 0x7f7439e12a00>: Failed to establish a new connection: [Errno 111] Connection refused'))"
11_final.mp4,192,"Error analyzing image: HTTPConnectionPool(host='localhost', port=11434): Max retries exceeded with url: /api/chat (Caused by NewConnectionError('<urllib3.connection.HTTPConnection object at 0x7f7439e122b0>: Failed to establish a new connection: [Errno 111] Connection refused'))"
11_final.mp4,195,"Error analyzing image: HTTPConnectionPool(host='localhost', port=11434): Max retries exceeded with url: /api/chat (Caused by NewConnectionError('<urllib3.connection.HTTPConnection object at 0x7f7439ea58b0>: Failed to establish a new connection: [Errno 111] Connection refused'))"
11_final.mp4,198,"Error analyzing image: HTTPConnectionPool(host='localhost', port=11434): Max retries exceeded with url: /api/chat (Caused by NewConnectionError('<urllib3.connection.HTTPConnection object at 0x7f7439e1e280>: Failed to establish a new connection: [Errno 111] Connection refused'))"
11_final.mp4,201,"Error analyzing image: HTTPConnectionPool(host='localhost', port=11434): Max retries exceeded with url: /api/chat (Caused by NewConnectionError('<urllib3.connection.HTTPConnection object at 0x7f7439e066a0>: Failed to establish a new connection: [Errno 111] Connection refused'))"
11_final.mp4,204,"Error analyzing image: HTTPConnectionPool(host='localhost', port=11434): Max retries exceeded with url: /api/chat (Caused by NewConnectionError('<urllib3.connection.HTTPConnection object at 0x7f7439e06790>: Failed to establish a new connection: [Errno 111] Connection refused'))"
11_final.mp4,207,"Error analyzing image: HTTPConnectionPool(host='localhost', port=11434): Max retries exceeded with url: /api/chat (Caused by NewConnectionError('<urllib3.connection.HTTPConnection object at 0x7f7439dfdee0>: Failed to establish a new connection: [Errno 111] Connection refused'))"
11_final.mp4,210,"Error analyzing image: HTTPConnectionPool(host='localhost', port=11434): Max retries exceeded with url: /api/chat (Caused by NewConnectionError('<urllib3.connection.HTTPConnection object at 0x7f7439e06040>: Failed to establish a new connection: [Errno 111] Connection refused'))"
11_final.mp4,213,"Error analyzing image: HTTPConnectionPool(host='localhost', port=11434): Max retries exceeded with url: /api/chat (Caused by NewConnectionError('<urllib3.connection.HTTPConnection object at 0x7f7439e1e400>: Failed to establish a new connection: [Errno 111] Connection refused'))"
11_final.mp4,216,"Error analyzing image: HTTPConnectionPool(host='localhost', port=11434): Max retries exceeded with url: /api/chat (Caused by NewConnectionError('<urllib3.connection.HTTPConnection object at 0x7f7439ea55e0>: Failed to establish a new connection: [Errno 111] Connection refused'))"
11_final.mp4,219,"Error analyzing image: HTTPConnectionPool(host='localhost', port=11434): Max retries exceeded with url: /api/chat (Caused by NewConnectionError('<urllib3.connection.HTTPConnection object at 0x7f7439ea54f0>: Failed to establish a new connection: [Errno 111] Connection refused'))"
11_final.mp4,222,"Error analyzing image: HTTPConnectionPool(host='localhost', port=11434): Max retries exceeded with url: /api/chat (Caused by NewConnectionError('<urllib3.connection.HTTPConnection object at 0x7f7439dfd5b0>: Failed to establish a new connection: [Errno 111] Connection refused'))"
11_final.mp4,225,"Error analyzing image: HTTPConnectionPool(host='localhost', port=11434): Max retries exceeded with url: /api/chat (Caused by NewConnectionError('<urllib3.connection.HTTPConnection object at 0x7f7439e12df0>: Failed to establish a new connection: [Errno 111] Connection refused'))"
11_final.mp4,228,"Error analyzing image: HTTPConnectionPool(host='localhost', port=11434): Max retries exceeded with url: /api/chat (Caused by NewConnectionError('<urllib3.connection.HTTPConnection object at 0x7f7439ea5370>: Failed to establish a new connection: [Errno 111] Connection refused'))"
11_final.mp4,231,"Error analyzing image: HTTPConnectionPool(host='localhost', port=11434): Max retries exceeded with url: /api/chat (Caused by NewConnectionError('<urllib3.connection.HTTPConnection object at 0x7f7439e1e3a0>: Failed to establish a new connection: [Errno 111] Connection refused'))"
11_final.mp4,234,"Error analyzing image: HTTPConnectionPool(host='localhost', port=11434): Max retries exceeded with url: /api/chat (Caused by NewConnectionError('<urllib3.connection.HTTPConnection object at 0x7f7439e1e7f0>: Failed to establish a new connection: [Errno 111] Connection refused'))"
11_final.mp4,237,"Error analyzing image: HTTPConnectionPool(host='localhost', port=11434): Max retries exceeded with url: /api/chat (Caused by NewConnectionError('<urllib3.connection.HTTPConnection object at 0x7f7439e06f10>: Failed to establish a new connection: [Errno 111] Connection refused'))"
11_final.mp4,240,"Error analyzing image: HTTPConnectionPool(host='localhost', port=11434): Max retries exceeded with url: /api/chat (Caused by NewConnectionError('<urllib3.connection.HTTPConnection object at 0x7f7439e7fee0>: Failed to establish a new connection: [Errno 111] Connection refused'))"
11_final.mp4,243,"Error analyzing image: HTTPConnectionPool(host='localhost', port=11434): Max retries exceeded with url: /api/chat (Caused by NewConnectionError('<urllib3.connection.HTTPConnection object at 0x7f7439e1edf0>: Failed to establish a new connection: [Errno 111] Connection refused'))"
11_final.mp4,246,"Error analyzing image: HTTPConnectionPool(host='localhost', port=11434): Max retries exceeded with url: /api/chat (Caused by NewConnectionError('<urllib3.connection.HTTPConnection object at 0x7f7439e1e4c0>: Failed to establish a new connection: [Errno 111] Connection refused'))"
11_final.mp4,249,"Error analyzing image: HTTPConnectionPool(host='localhost', port=11434): Max retries exceeded with url: /api/chat (Caused by NewConnectionError('<urllib3.connection.HTTPConnection object at 0x7f7439ea52b0>: Failed to establish a new connection: [Errno 111] Connection refused'))"
11_final.mp4,252,"Error analyzing image: HTTPConnectionPool(host='localhost', port=11434): Max retries exceeded with url: /api/chat (Caused by NewConnectionError('<urllib3.connection.HTTPConnection object at 0x7f7439dfda60>: Failed to establish a new connection: [Errno 111] Connection refused'))"
11_final.mp4,255,"Error analyzing image: HTTPConnectionPool(host='localhost', port=11434): Max retries exceeded with url: /api/chat (Caused by NewConnectionError('<urllib3.connection.HTTPConnection object at 0x7f7439e12a30>: Failed to establish a new connection: [Errno 111] Connection refused'))"
11_final.mp4,258,"Error analyzing image: HTTPConnectionPool(host='localhost', port=11434): Max retries exceeded with url: /api/chat (Caused by NewConnectionError('<urllib3.connection.HTTPConnection object at 0x7f7439e12040>: Failed to establish a new connection: [Errno 111] Connection refused'))"
11_final.mp4,261,"Error analyzing image: HTTPConnectionPool(host='localhost', port=11434): Max retries exceeded with url: /api/chat (Caused by NewConnectionError('<urllib3.connection.HTTPConnection object at 0x7f7439dfd040>: Failed to establish a new connection: [Errno 111] Connection refused'))"
11_final.mp4,264,"Error analyzing image: HTTPConnectionPool(host='localhost', port=11434): Max retries exceeded with url: /api/chat (Caused by NewConnectionError('<urllib3.connection.HTTPConnection object at 0x7f7439ea56d0>: Failed to establish a new connection: [Errno 111] Connection refused'))"
11_final.mp4,267,"Error analyzing image: HTTPConnectionPool(host='localhost', port=11434): Max retries exceeded with url: /api/chat (Caused by NewConnectionError('<urllib3.connection.HTTPConnection object at 0x7f7439e1efd0>: Failed to establish a new connection: [Errno 111] Connection refused'))"
11_final.mp4,270,"Error analyzing image: HTTPConnectionPool(host='localhost', port=11434): Max retries exceeded with url: /api/chat (Caused by NewConnectionError('<urllib3.connection.HTTPConnection object at 0x7f7439e1eeb0>: Failed to establish a new connection: [Errno 111] Connection refused'))"
11_final.mp4,273,"Error analyzing image: HTTPConnectionPool(host='localhost', port=11434): Max retries exceeded with url: /api/chat (Caused by NewConnectionError('<urllib3.connection.HTTPConnection object at 0x7f7440d35a90>: Failed to establish a new connection: [Errno 111] Connection refused'))"
11_final.mp4,276,"Error analyzing image: HTTPConnectionPool(host='localhost', port=11434): Max retries exceeded with url: /api/chat (Caused by NewConnectionError('<urllib3.connection.HTTPConnection object at 0x7f7439e1ef10>: Failed to establish a new connection: [Errno 111] Connection refused'))"
11_final.mp4,279,"Error analyzing image: HTTPConnectionPool(host='localhost', port=11434): Max retries exceeded with url: /api/chat (Caused by NewConnectionError('<urllib3.connection.HTTPConnection object at 0x7f7439ea58b0>: Failed to establish a new connection: [Errno 111] Connection refused'))"
11_final.mp4,282,"Error analyzing image: HTTPConnectionPool(host='localhost', port=11434): Max retries exceeded with url: /api/chat (Caused by NewConnectionError('<urllib3.connection.HTTPConnection object at 0x7f7439ea5040>: Failed to establish a new connection: [Errno 111] Connection refused'))"
11_final.mp4,285,"Error analyzing image: HTTPConnectionPool(host='localhost', port=11434): Max retries exceeded with url: /api/chat (Caused by NewConnectionError('<urllib3.connection.HTTPConnection object at 0x7f7439e129a0>: Failed to establish a new connection: [Errno 111] Connection refused'))"
11_final.mp4,288,"Error analyzing image: HTTPConnectionPool(host='localhost', port=11434): Max retries exceeded with url: /api/chat (Caused by NewConnectionError('<urllib3.connection.HTTPConnection object at 0x7f7439e7f040>: Failed to establish a new connection: [Errno 111] Connection refused'))"
11_final.mp4,291,"Error analyzing image: HTTPConnectionPool(host='localhost', port=11434): Max retries exceeded with url: /api/chat (Caused by NewConnectionError('<urllib3.connection.HTTPConnection object at 0x7f7439e7f4f0>: Failed to establish a new connection: [Errno 111] Connection refused'))"
11_final.mp4,294,"Error analyzing image: HTTPConnectionPool(host='localhost', port=11434): Max retries exceeded with url: /api/chat (Caused by NewConnectionError('<urllib3.connection.HTTPConnection object at 0x7f7439e12610>: Failed to establish a new connection: [Errno 111] Connection refused'))"
11_final.mp4,297,"Error analyzing image: HTTPConnectionPool(host='localhost', port=11434): Max retries exceeded with url: /api/chat (Caused by NewConnectionError('<urllib3.connection.HTTPConnection object at 0x7f7439ea5490>: Failed to establish a new connection: [Errno 111] Connection refused'))"
11_final.mp4,300,"Error analyzing image: HTTPConnectionPool(host='localhost', port=11434): Max retries exceeded with url: /api/chat (Caused by NewConnectionError('<urllib3.connection.HTTPConnection object at 0x7f7439ea5a00>: Failed to establish a new connection: [Errno 111] Connection refused'))"
11_final.mp4,303,"Error analyzing image: HTTPConnectionPool(host='localhost', port=11434): Max retries exceeded with url: /api/chat (Caused by NewConnectionError('<urllib3.connection.HTTPConnection object at 0x7f7439e1e040>: Failed to establish a new connection: [Errno 111] Connection refused'))"
11_final.mp4,306,"Error analyzing image: HTTPConnectionPool(host='localhost', port=11434): Max retries exceeded with url: /api/chat (Caused by NewConnectionError('<urllib3.connection.HTTPConnection object at 0x7f7439e29910>: Failed to establish a new connection: [Errno 111] Connection refused'))"
11_final.mp4,309,"Error analyzing image: HTTPConnectionPool(host='localhost', port=11434): Max retries exceeded with url: /api/chat (Caused by NewConnectionError('<urllib3.connection.HTTPConnection object at 0x7f7439ea5130>: Failed to establish a new connection: [Errno 111] Connection refused'))"
11_final.mp4,312,"Error analyzing image: HTTPConnectionPool(host='localhost', port=11434): Max retries exceeded with url: /api/chat (Caused by NewConnectionError('<urllib3.connection.HTTPConnection object at 0x7f7439ea53a0>: Failed to establish a new connection: [Errno 111] Connection refused'))"
11_final.mp4,315,"Error analyzing image: HTTPConnectionPool(host='localhost', port=11434): Max retries exceeded with url: /api/chat (Caused by NewConnectionError('<urllib3.connection.HTTPConnection object at 0x7f7439dfd430>: Failed to establish a new connection: [Errno 111] Connection refused'))"
11_final.mp4,318,"Error analyzing image: HTTPConnectionPool(host='localhost', port=11434): Max retries exceeded with url: /api/chat (Caused by NewConnectionError('<urllib3.connection.HTTPConnection object at 0x7f7439e7f610>: Failed to establish a new connection: [Errno 111] Connection refused'))"
11_final.mp4,321,"Error analyzing image: HTTPConnectionPool(host='localhost', port=11434): Max retries exceeded with url: /api/chat (Caused by NewConnectionError('<urllib3.connection.HTTPConnection object at 0x7f7439e29310>: Failed to establish a new connection: [Errno 111] Connection refused'))"
11_final.mp4,324,"Error analyzing image: HTTPConnectionPool(host='localhost', port=11434): Max retries exceeded with url: /api/chat (Caused by NewConnectionError('<urllib3.connection.HTTPConnection object at 0x7f7439e7f610>: Failed to establish a new connection: [Errno 111] Connection refused'))"
11_final.mp4,327,"Error analyzing image: HTTPConnectionPool(host='localhost', port=11434): Max retries exceeded with url: /api/chat (Caused by NewConnectionError('<urllib3.connection.HTTPConnection object at 0x7f7439dfd2b0>: Failed to establish a new connection: [Errno 111] Connection refused'))"
11_final.mp4,330,"Error analyzing image: HTTPConnectionPool(host='localhost', port=11434): Max retries exceeded with url: /api/chat (Caused by NewConnectionError('<urllib3.connection.HTTPConnection object at 0x7f7439ea5850>: Failed to establish a new connection: [Errno 111] Connection refused'))"
11_final.mp4,333,"Error analyzing image: HTTPConnectionPool(host='localhost', port=11434): Max retries exceeded with url: /api/chat (Caused by NewConnectionError('<urllib3.connection.HTTPConnection object at 0x7f7439ea5a00>: Failed to establish a new connection: [Errno 111] Connection refused'))"
11_final.mp4,336,"Error analyzing image: HTTPConnectionPool(host='localhost', port=11434): Max retries exceeded with url: /api/chat (Caused by NewConnectionError('<urllib3.connection.HTTPConnection object at 0x7f7439e1e790>: Failed to establish a new connection: [Errno 111] Connection refused'))"
11_final.mp4,339,"Error analyzing image: HTTPConnectionPool(host='localhost', port=11434): Max retries exceeded with url: /api/chat (Caused by NewConnectionError('<urllib3.connection.HTTPConnection object at 0x7f7439e290d0>: Failed to establish a new connection: [Errno 111] Connection refused'))"
11_final.mp4,342,"Error analyzing image: HTTPConnectionPool(host='localhost', port=11434): Max retries exceeded with url: /api/chat (Caused by NewConnectionError('<urllib3.connection.HTTPConnection object at 0x7f7439e06580>: Failed to establish a new connection: [Errno 111] Connection refused'))"
11_final.mp4,345,"Error analyzing image: HTTPConnectionPool(host='localhost', port=11434): Max retries exceeded with url: /api/chat (Caused by NewConnectionError('<urllib3.connection.HTTPConnection object at 0x7f7439ea53d0>: Failed to establish a new connection: [Errno 111] Connection refused'))"
11_final.mp4,348,"Error analyzing image: HTTPConnectionPool(host='localhost', port=11434): Max retries exceeded with url: /api/chat (Caused by NewConnectionError('<urllib3.connection.HTTPConnection object at 0x7f7439dfd100>: Failed to establish a new connection: [Errno 111] Connection refused'))"
11_final.mp4,351,"Error analyzing image: HTTPConnectionPool(host='localhost', port=11434): Max retries exceeded with url: /api/chat (Caused by NewConnectionError('<urllib3.connection.HTTPConnection object at 0x7f7439e7f730>: Failed to establish a new connection: [Errno 111] Connection refused'))"
11_final.mp4,354,"Error analyzing image: HTTPConnectionPool(host='localhost', port=11434): Max retries exceeded with url: /api/chat (Caused by NewConnectionError('<urllib3.connection.HTTPConnection object at 0x7f7439e29b80>: Failed to establish a new connection: [Errno 111] Connection refused'))"
11_final.mp4,357,"Error analyzing image: HTTPConnectionPool(host='localhost', port=11434): Max retries exceeded with url: /api/chat (Caused by NewConnectionError('<urllib3.connection.HTTPConnection object at 0x7f7439ea53a0>: Failed to establish a new connection: [Errno 111] Connection refused'))"
11_final.mp4,360,"Error analyzing image: HTTPConnectionPool(host='localhost', port=11434): Max retries exceeded with url: /api/chat (Caused by NewConnectionError('<urllib3.connection.HTTPConnection object at 0x7f7439ea5b20>: Failed to establish a new connection: [Errno 111] Connection refused'))"
11_final.mp4,363,"Error analyzing image: HTTPConnectionPool(host='localhost', port=11434): Max retries exceeded with url: /api/chat (Caused by NewConnectionError('<urllib3.connection.HTTPConnection object at 0x7f7439e292e0>: Failed to establish a new connection: [Errno 111] Connection refused'))"
11_final.mp4,366,"Error analyzing image: HTTPConnectionPool(host='localhost', port=11434): Max retries exceeded with url: /api/chat (Caused by NewConnectionError('<urllib3.connection.HTTPConnection object at 0x7f7439e7f580>: Failed to establish a new connection: [Errno 111] Connection refused'))"
11_final.mp4,369,"Error analyzing image: HTTPConnectionPool(host='localhost', port=11434): Max retries exceeded with url: /api/chat (Caused by NewConnectionError('<urllib3.connection.HTTPConnection object at 0x7f7439dfd790>: Failed to establish a new connection: [Errno 111] Connection refused'))"
11_final.mp4,372,"Error analyzing image: HTTPConnectionPool(host='localhost', port=11434): Max retries exceeded with url: /api/chat (Caused by NewConnectionError('<urllib3.connection.HTTPConnection object at 0x7f7439e06b20>: Failed to establish a new connection: [Errno 111] Connection refused'))"
11_final.mp4,375,"Error analyzing image: HTTPConnectionPool(host='localhost', port=11434): Max retries exceeded with url: /api/chat (Caused by NewConnectionError('<urllib3.connection.HTTPConnection object at 0x7f7440d35a90>: Failed to establish a new connection: [Errno 111] Connection refused'))"
11_final.mp4,378,"Error analyzing image: HTTPConnectionPool(host='localhost', port=11434): Max retries exceeded with url: /api/chat (Caused by NewConnectionError('<urllib3.connection.HTTPConnection object at 0x7f7439e29a90>: Failed to establish a new connection: [Errno 111] Connection refused'))"
11_final.mp4,381,"Error analyzing image: HTTPConnectionPool(host='localhost', port=11434): Max retries exceeded with url: /api/chat (Caused by NewConnectionError('<urllib3.connection.HTTPConnection object at 0x7f7439e297c0>: Failed to establish a new connection: [Errno 111] Connection refused'))"
11_final.mp4,384,"Error analyzing image: HTTPConnectionPool(host='localhost', port=11434): Max retries exceeded with url: /api/chat (Caused by NewConnectionError('<urllib3.connection.HTTPConnection object at 0x7f7439ea58b0>: Failed to establish a new connection: [Errno 111] Connection refused'))"
11_final.mp4,387,"Error analyzing image: HTTPConnectionPool(host='localhost', port=11434): Max retries exceeded with url: /api/chat (Caused by NewConnectionError('<urllib3.connection.HTTPConnection object at 0x7f7439ea5820>: Failed to establish a new connection: [Errno 111] Connection refused'))"
11_final.mp4,390,"Error analyzing image: HTTPConnectionPool(host='localhost', port=11434): Max retries exceeded with url: /api/chat (Caused by NewConnectionError('<urllib3.connection.HTTPConnection object at 0x7f7439ea5e80>: Failed to establish a new connection: [Errno 111] Connection refused'))"
11_final.mp4,393,"Error analyzing image: HTTPConnectionPool(host='localhost', port=11434): Max retries exceeded with url: /api/chat (Caused by NewConnectionError('<urllib3.connection.HTTPConnection object at 0x7f7439ea5520>: Failed to establish a new connection: [Errno 111] Connection refused'))"
11_final.mp4,396,"Error analyzing image: HTTPConnectionPool(host='localhost', port=11434): Max retries exceeded with url: /api/chat (Caused by NewConnectionError('<urllib3.connection.HTTPConnection object at 0x7f7439e29c70>: Failed to establish a new connection: [Errno 111] Connection refused'))"
11_final.mp4,399,"Error analyzing image: HTTPConnectionPool(host='localhost', port=11434): Max retries exceeded with url: /api/chat (Caused by NewConnectionError('<urllib3.connection.HTTPConnection object at 0x7f7439e7f5b0>: Failed to establish a new connection: [Errno 111] Connection refused'))"
11_final.mp4,402,"Error analyzing image: HTTPConnectionPool(host='localhost', port=11434): Max retries exceeded with url: /api/chat (Caused by NewConnectionError('<urllib3.connection.HTTPConnection object at 0x7f7439dfd970>: Failed to establish a new connection: [Errno 111] Connection refused'))"
11_final.mp4,405,"Error analyzing image: HTTPConnectionPool(host='localhost', port=11434): Max retries exceeded with url: /api/chat (Caused by NewConnectionError('<urllib3.connection.HTTPConnection object at 0x7f7439e06880>: Failed to establish a new connection: [Errno 111] Connection refused'))"
11_final.mp4,408,"Error analyzing image: HTTPConnectionPool(host='localhost', port=11434): Max retries exceeded with url: /api/chat (Caused by NewConnectionError('<urllib3.connection.HTTPConnection object at 0x7f7439e7f730>: Failed to establish a new connection: [Errno 111] Connection refused'))"
11_final.mp4,411,"Error analyzing image: HTTPConnectionPool(host='localhost', port=11434): Max retries exceeded with url: /api/chat (Caused by NewConnectionError('<urllib3.connection.HTTPConnection object at 0x7f7439e29220>: Failed to establish a new connection: [Errno 111] Connection refused'))"
11_final.mp4,414,"Error analyzing image: HTTPConnectionPool(host='localhost', port=11434): Max retries exceeded with url: /api/chat (Caused by NewConnectionError('<urllib3.connection.HTTPConnection object at 0x7f7439ea54f0>: Failed to establish a new connection: [Errno 111] Connection refused'))"
11_final.mp4,417,"Error analyzing image: HTTPConnectionPool(host='localhost', port=11434): Max retries exceeded with url: /api/chat (Caused by NewConnectionError('<urllib3.connection.HTTPConnection object at 0x7f7439ea5970>: Failed to establish a new connection: [Errno 111] Connection refused'))"
11_final.mp4,420,"Error analyzing image: HTTPConnectionPool(host='localhost', port=11434): Max retries exceeded with url: /api/chat (Caused by NewConnectionError('<urllib3.connection.HTTPConnection object at 0x7f7439e06d00>: Failed to establish a new connection: [Errno 111] Connection refused'))"
11_final.mp4,423,"Error analyzing image: HTTPConnectionPool(host='localhost', port=11434): Max retries exceeded with url: /api/chat (Caused by NewConnectionError('<urllib3.connection.HTTPConnection object at 0x7f7439e068e0>: Failed to establish a new connection: [Errno 111] Connection refused'))"
12_final.mp4,0,"Error analyzing image: HTTPConnectionPool(host='localhost', port=11434): Max retries exceeded with url: /api/chat (Caused by NewConnectionError('<urllib3.connection.HTTPConnection object at 0x7f7439ea5700>: Failed to establish a new connection: [Errno 111] Connection refused'))"
12_final.mp4,3,"Error analyzing image: HTTPConnectionPool(host='localhost', port=11434): Max retries exceeded with url: /api/chat (Caused by NewConnectionError('<urllib3.connection.HTTPConnection object at 0x7f7439e299d0>: Failed to establish a new connection: [Errno 111] Connection refused'))"
12_final.mp4,6,"Error analyzing image: HTTPConnectionPool(host='localhost', port=11434): Max retries exceeded with url: /api/chat (Caused by NewConnectionError('<urllib3.connection.HTTPConnection object at 0x7f7439e291f0>: Failed to establish a new connection: [Errno 111] Connection refused'))"
12_final.mp4,9,"Error analyzing image: HTTPConnectionPool(host='localhost', port=11434): Max retries exceeded with url: /api/chat (Caused by NewConnectionError('<urllib3.connection.HTTPConnection object at 0x7f7439e72e80>: Failed to establish a new connection: [Errno 111] Connection refused'))"
12_final.mp4,12,"Error analyzing image: HTTPConnectionPool(host='localhost', port=11434): Max retries exceeded with url: /api/chat (Caused by NewConnectionError('<urllib3.connection.HTTPConnection object at 0x7f7439e29790>: Failed to establish a new connection: [Errno 111] Connection refused'))"
12_final.mp4,15,"Error analyzing image: HTTPConnectionPool(host='localhost', port=11434): Max retries exceeded with url: /api/chat (Caused by NewConnectionError('<urllib3.connection.HTTPConnection object at 0x7f7439ea5880>: Failed to establish a new connection: [Errno 111] Connection refused'))"
12_final.mp4,18,"Error analyzing image: HTTPConnectionPool(host='localhost', port=11434): Max retries exceeded with url: /api/chat (Caused by NewConnectionError('<urllib3.connection.HTTPConnection object at 0x7f7439ea5820>: Failed to establish a new connection: [Errno 111] Connection refused'))"
12_final.mp4,21,"Error analyzing image: HTTPConnectionPool(host='localhost', port=11434): Max retries exceeded with url: /api/chat (Caused by NewConnectionError('<urllib3.connection.HTTPConnection object at 0x7f7439ee3d30>: Failed to establish a new connection: [Errno 111] Connection refused'))"
12_final.mp4,24,"Error analyzing image: HTTPConnectionPool(host='localhost', port=11434): Max retries exceeded with url: /api/chat (Caused by NewConnectionError('<urllib3.connection.HTTPConnection object at 0x7f7439e124f0>: Failed to establish a new connection: [Errno 111] Connection refused'))"
12_final.mp4,27,"Error analyzing image: HTTPConnectionPool(host='localhost', port=11434): Max retries exceeded with url: /api/chat (Caused by NewConnectionError('<urllib3.connection.HTTPConnection object at 0x7f7440d35af0>: Failed to establish a new connection: [Errno 111] Connection refused'))"
12_final.mp4,30,"Error analyzing image: HTTPConnectionPool(host='localhost', port=11434): Max retries exceeded with url: /api/chat (Caused by NewConnectionError('<urllib3.connection.HTTPConnection object at 0x7f7439ea5ca0>: Failed to establish a new connection: [Errno 111] Connection refused'))"
12_final.mp4,33,"Error analyzing image: HTTPConnectionPool(host='localhost', port=11434): Max retries exceeded with url: /api/chat (Caused by NewConnectionError('<urllib3.connection.HTTPConnection object at 0x7f7439ea57c0>: Failed to establish a new connection: [Errno 111] Connection refused'))"
12_final.mp4,36,"Error analyzing image: HTTPConnectionPool(host='localhost', port=11434): Max retries exceeded with url: /api/chat (Caused by NewConnectionError('<urllib3.connection.HTTPConnection object at 0x7f7439e29490>: Failed to establish a new connection: [Errno 111] Connection refused'))"
12_final.mp4,39,"Error analyzing image: HTTPConnectionPool(host='localhost', port=11434): Max retries exceeded with url: /api/chat (Caused by NewConnectionError('<urllib3.connection.HTTPConnection object at 0x7f7439e12340>: Failed to establish a new connection: [Errno 111] Connection refused'))"
12_final.mp4,42,"Error analyzing image: HTTPConnectionPool(host='localhost', port=11434): Max retries exceeded with url: /api/chat (Caused by NewConnectionError('<urllib3.connection.HTTPConnection object at 0x7f7439e12700>: Failed to establish a new connection: [Errno 111] Connection refused'))"
12_final.mp4,45,"Error analyzing image: HTTPConnectionPool(host='localhost', port=11434): Max retries exceeded with url: /api/chat (Caused by NewConnectionError('<urllib3.connection.HTTPConnection object at 0x7f7439e29fa0>: Failed to establish a new connection: [Errno 111] Connection refused'))"
12_final.mp4,48,"Error analyzing image: HTTPConnectionPool(host='localhost', port=11434): Max retries exceeded with url: /api/chat (Caused by NewConnectionError('<urllib3.connection.HTTPConnection object at 0x7f7439ea5610>: Failed to establish a new connection: [Errno 111] Connection refused'))"
12_final.mp4,51,"Error analyzing image: HTTPConnectionPool(host='localhost', port=11434): Max retries exceeded with url: /api/chat (Caused by NewConnectionError('<urllib3.connection.HTTPConnection object at 0x7f7439ea5dc0>: Failed to establish a new connection: [Errno 111] Connection refused'))"
12_final.mp4,54,"Error analyzing image: HTTPConnectionPool(host='localhost', port=11434): Max retries exceeded with url: /api/chat (Caused by NewConnectionError('<urllib3.connection.HTTPConnection object at 0x7f7439ee3d00>: Failed to establish a new connection: [Errno 111] Connection refused'))"
12_final.mp4,57,"Error analyzing image: HTTPConnectionPool(host='localhost', port=11434): Max retries exceeded with url: /api/chat (Caused by NewConnectionError('<urllib3.connection.HTTPConnection object at 0x7f7439dfd040>: Failed to establish a new connection: [Errno 111] Connection refused'))"
12_final.mp4,60,"Error analyzing image: HTTPConnectionPool(host='localhost', port=11434): Max retries exceeded with url: /api/chat (Caused by NewConnectionError('<urllib3.connection.HTTPConnection object at 0x7f7439e125e0>: Failed to establish a new connection: [Errno 111] Connection refused'))"
12_final.mp4,63,"Error analyzing image: HTTPConnectionPool(host='localhost', port=11434): Max retries exceeded with url: /api/chat (Caused by NewConnectionError('<urllib3.connection.HTTPConnection object at 0x7f7439e06190>: Failed to establish a new connection: [Errno 111] Connection refused'))"
12_final.mp4,66,"Error analyzing image: HTTPConnectionPool(host='localhost', port=11434): Max retries exceeded with url: /api/chat (Caused by NewConnectionError('<urllib3.connection.HTTPConnection object at 0x7f7439ea5bb0>: Failed to establish a new connection: [Errno 111] Connection refused'))"
12_final.mp4,69,"Error analyzing image: HTTPConnectionPool(host='localhost', port=11434): Max retries exceeded with url: /api/chat (Caused by NewConnectionError('<urllib3.connection.HTTPConnection object at 0x7f7439ea5130>: Failed to establish a new connection: [Errno 111] Connection refused'))"
12_final.mp4,72,"Error analyzing image: HTTPConnectionPool(host='localhost', port=11434): Max retries exceeded with url: /api/chat (Caused by NewConnectionError('<urllib3.connection.HTTPConnection object at 0x7f7439e29730>: Failed to establish a new connection: [Errno 111] Connection refused'))"
12_final.mp4,75,"Error analyzing image: HTTPConnectionPool(host='localhost', port=11434): Max retries exceeded with url: /api/chat (Caused by NewConnectionError('<urllib3.connection.HTTPConnection object at 0x7f7439e1e2e0>: Failed to establish a new connection: [Errno 111] Connection refused'))"
12_final.mp4,78,"Error analyzing image: HTTPConnectionPool(host='localhost', port=11434): Max retries exceeded with url: /api/chat (Caused by NewConnectionError('<urllib3.connection.HTTPConnection object at 0x7f7439ea5340>: Failed to establish a new connection: [Errno 111] Connection refused'))"
12_final.mp4,81,"Error analyzing image: HTTPConnectionPool(host='localhost', port=11434): Max retries exceeded with url: /api/chat (Caused by NewConnectionError('<urllib3.connection.HTTPConnection object at 0x7f7439ea58b0>: Failed to establish a new connection: [Errno 111] Connection refused'))"
12_final.mp4,84,"Error analyzing image: HTTPConnectionPool(host='localhost', port=11434): Max retries exceeded with url: /api/chat (Caused by NewConnectionError('<urllib3.connection.HTTPConnection object at 0x7f7439e06dc0>: Failed to establish a new connection: [Errno 111] Connection refused'))"
12_final.mp4,87,"Error analyzing image: HTTPConnectionPool(host='localhost', port=11434): Max retries exceeded with url: /api/chat (Caused by NewConnectionError('<urllib3.connection.HTTPConnection object at 0x7f7439e12a90>: Failed to establish a new connection: [Errno 111] Connection refused'))"
12_final.mp4,90,"Error analyzing image: HTTPConnectionPool(host='localhost', port=11434): Max retries exceeded with url: /api/chat (Caused by NewConnectionError('<urllib3.connection.HTTPConnection object at 0x7f7439e1e250>: Failed to establish a new connection: [Errno 111] Connection refused'))"
12_final.mp4,93,"Error analyzing image: HTTPConnectionPool(host='localhost', port=11434): Max retries exceeded with url: /api/chat (Caused by NewConnectionError('<urllib3.connection.HTTPConnection object at 0x7f7439e1ebb0>: Failed to establish a new connection: [Errno 111] Connection refused'))"
12_final.mp4,96,"Error analyzing image: HTTPConnectionPool(host='localhost', port=11434): Max retries exceeded with url: /api/chat (Caused by NewConnectionError('<urllib3.connection.HTTPConnection object at 0x7f7439e12940>: Failed to establish a new connection: [Errno 111] Connection refused'))"
12_final.mp4,99,"Error analyzing image: HTTPConnectionPool(host='localhost', port=11434): Max retries exceeded with url: /api/chat (Caused by NewConnectionError('<urllib3.connection.HTTPConnection object at 0x7f7439e065e0>: Failed to establish a new connection: [Errno 111] Connection refused'))"
12_final.mp4,102,"Error analyzing image: HTTPConnectionPool(host='localhost', port=11434): Max retries exceeded with url: /api/chat (Caused by NewConnectionError('<urllib3.connection.HTTPConnection object at 0x7f7439ea5ee0>: Failed to establish a new connection: [Errno 111] Connection refused'))"
12_final.mp4,105,"Error analyzing image: HTTPConnectionPool(host='localhost', port=11434): Max retries exceeded with url: /api/chat (Caused by NewConnectionError('<urllib3.connection.HTTPConnection object at 0x7f7439e294c0>: Failed to establish a new connection: [Errno 111] Connection refused'))"
12_final.mp4,108,"Error analyzing image: HTTPConnectionPool(host='localhost', port=11434): Max retries exceeded with url: /api/chat (Caused by NewConnectionError('<urllib3.connection.HTTPConnection object at 0x7f7439dbf3a0>: Failed to establish a new connection: [Errno 111] Connection refused'))"
12_final.mp4,111,"Error analyzing image: HTTPConnectionPool(host='localhost', port=11434): Max retries exceeded with url: /api/chat (Caused by NewConnectionError('<urllib3.connection.HTTPConnection object at 0x7f7439ea5310>: Failed to establish a new connection: [Errno 111] Connection refused'))"
12_final.mp4,114,"Error analyzing image: HTTPConnectionPool(host='localhost', port=11434): Max retries exceeded with url: /api/chat (Caused by NewConnectionError('<urllib3.connection.HTTPConnection object at 0x7f7439e06820>: Failed to establish a new connection: [Errno 111] Connection refused'))"
12_final.mp4,117,"Error analyzing image: HTTPConnectionPool(host='localhost', port=11434): Max retries exceeded with url: /api/chat (Caused by NewConnectionError('<urllib3.connection.HTTPConnection object at 0x7f7439ee3d30>: Failed to establish a new connection: [Errno 111] Connection refused'))"
12_final.mp4,120,"Error analyzing image: HTTPConnectionPool(host='localhost', port=11434): Max retries exceeded with url: /api/chat (Caused by NewConnectionError('<urllib3.connection.HTTPConnection object at 0x7f7439e1e160>: Failed to establish a new connection: [Errno 111] Connection refused'))"
12_final.mp4,123,"Error analyzing image: HTTPConnectionPool(host='localhost', port=11434): Max retries exceeded with url: /api/chat (Caused by NewConnectionError('<urllib3.connection.HTTPConnection object at 0x7f7439e1e0d0>: Failed to establish a new connection: [Errno 111] Connection refused'))"
12_final.mp4,126,"Error analyzing image: HTTPConnectionPool(host='localhost', port=11434): Max retries exceeded with url: /api/chat (Caused by NewConnectionError('<urllib3.connection.HTTPConnection object at 0x7f7439ea5d90>: Failed to establish a new connection: [Errno 111] Connection refused'))"
12_final.mp4,129,"Error analyzing image: HTTPConnectionPool(host='localhost', port=11434): Max retries exceeded with url: /api/chat (Caused by NewConnectionError('<urllib3.connection.HTTPConnection object at 0x7f7439ea54f0>: Failed to establish a new connection: [Errno 111] Connection refused'))"
12_final.mp4,132,"Error analyzing image: HTTPConnectionPool(host='localhost', port=11434): Max retries exceeded with url: /api/chat (Caused by NewConnectionError('<urllib3.connection.HTTPConnection object at 0x7f7439e1e6a0>: Failed to establish a new connection: [Errno 111] Connection refused'))"
12_final.mp4,135,"Error analyzing image: HTTPConnectionPool(host='localhost', port=11434): Max retries exceeded with url: /api/chat (Caused by NewConnectionError('<urllib3.connection.HTTPConnection object at 0x7f7439e12d30>: Failed to establish a new connection: [Errno 111] Connection refused'))"
12_final.mp4,138,"Error analyzing image: HTTPConnectionPool(host='localhost', port=11434): Max retries exceeded with url: /api/chat (Caused by NewConnectionError('<urllib3.connection.HTTPConnection object at 0x7f7439e12580>: Failed to establish a new connection: [Errno 111] Connection refused'))"
12_final.mp4,141,"Error analyzing image: HTTPConnectionPool(host='localhost', port=11434): Max retries exceeded with url: /api/chat (Caused by NewConnectionError('<urllib3.connection.HTTPConnection object at 0x7f7439e29bb0>: Failed to establish a new connection: [Errno 111] Connection refused'))"
12_final.mp4,144,"Error analyzing image: HTTPConnectionPool(host='localhost', port=11434): Max retries exceeded with url: /api/chat (Caused by NewConnectionError('<urllib3.connection.HTTPConnection object at 0x7f7439e12340>: Failed to establish a new connection: [Errno 111] Connection refused'))"
12_final.mp4,147,"Error analyzing image: HTTPConnectionPool(host='localhost', port=11434): Max retries exceeded with url: /api/chat (Caused by NewConnectionError('<urllib3.connection.HTTPConnection object at 0x7f7439e1e1c0>: Failed to establish a new connection: [Errno 111] Connection refused'))"
12_final.mp4,150,"Error analyzing image: HTTPConnectionPool(host='localhost', port=11434): Max retries exceeded with url: /api/chat (Caused by NewConnectionError('<urllib3.connection.HTTPConnection object at 0x7f7439ea59a0>: Failed to establish a new connection: [Errno 111] Connection refused'))"
12_final.mp4,153,"Error analyzing image: HTTPConnectionPool(host='localhost', port=11434): Max retries exceeded with url: /api/chat (Caused by NewConnectionError('<urllib3.connection.HTTPConnection object at 0x7f7439e1e340>: Failed to establish a new connection: [Errno 111] Connection refused'))"
12_final.mp4,156,"Error analyzing image: HTTPConnectionPool(host='localhost', port=11434): Max retries exceeded with url: /api/chat (Caused by NewConnectionError('<urllib3.connection.HTTPConnection object at 0x7f7439e1ee50>: Failed to establish a new connection: [Errno 111] Connection refused'))"
12_final.mp4,159,"Error analyzing image: HTTPConnectionPool(host='localhost', port=11434): Max retries exceeded with url: /api/chat (Caused by NewConnectionError('<urllib3.connection.HTTPConnection object at 0x7f7439e12d00>: Failed to establish a new connection: [Errno 111] Connection refused'))"
12_final.mp4,162,"Error analyzing image: HTTPConnectionPool(host='localhost', port=11434): Max retries exceeded with url: /api/chat (Caused by NewConnectionError('<urllib3.connection.HTTPConnection object at 0x7f7439ea57f0>: Failed to establish a new connection: [Errno 111] Connection refused'))"
12_final.mp4,165,"Error analyzing image: HTTPConnectionPool(host='localhost', port=11434): Max retries exceeded with url: /api/chat (Caused by NewConnectionError('<urllib3.connection.HTTPConnection object at 0x7f7439e298b0>: Failed to establish a new connection: [Errno 111] Connection refused'))"
12_final.mp4,168,"Error analyzing image: HTTPConnectionPool(host='localhost', port=11434): Max retries exceeded with url: /api/chat (Caused by NewConnectionError('<urllib3.connection.HTTPConnection object at 0x7f7439e126d0>: Failed to establish a new connection: [Errno 111] Connection refused'))"
12_final.mp4,171,"Error analyzing image: HTTPConnectionPool(host='localhost', port=11434): Max retries exceeded with url: /api/chat (Caused by NewConnectionError('<urllib3.connection.HTTPConnection object at 0x7f7439e122e0>: Failed to establish a new connection: [Errno 111] Connection refused'))"
12_final.mp4,174,"Error analyzing image: HTTPConnectionPool(host='localhost', port=11434): Max retries exceeded with url: /api/chat (Caused by NewConnectionError('<urllib3.connection.HTTPConnection object at 0x7f7439ea5af0>: Failed to establish a new connection: [Errno 111] Connection refused'))"
12_final.mp4,177,"Error analyzing image: HTTPConnectionPool(host='localhost', port=11434): Max retries exceeded with url: /api/chat (Caused by NewConnectionError('<urllib3.connection.HTTPConnection object at 0x7f7439e1e370>: Failed to establish a new connection: [Errno 111] Connection refused'))"
12_final.mp4,180,"Error analyzing image: HTTPConnectionPool(host='localhost', port=11434): Max retries exceeded with url: /api/chat (Caused by NewConnectionError('<urllib3.connection.HTTPConnection object at 0x7f7439e1ec10>: Failed to establish a new connection: [Errno 111] Connection refused'))"
12_final.mp4,183,"Error analyzing image: HTTPConnectionPool(host='localhost', port=11434): Max retries exceeded with url: /api/chat (Caused by NewConnectionError('<urllib3.connection.HTTPConnection object at 0x7f7439e7ffa0>: Failed to establish a new connection: [Errno 111] Connection refused'))"
12_final.mp4,186,"Error analyzing image: HTTPConnectionPool(host='localhost', port=11434): Max retries exceeded with url: /api/chat (Caused by NewConnectionError('<urllib3.connection.HTTPConnection object at 0x7f7439e1eb80>: Failed to establish a new connection: [Errno 111] Connection refused'))"
12_final.mp4,189,"Error analyzing image: HTTPConnectionPool(host='localhost', port=11434): Max retries exceeded with url: /api/chat (Caused by NewConnectionError('<urllib3.connection.HTTPConnection object at 0x7f7439ea5f70>: Failed to establish a new connection: [Errno 111] Connection refused'))"
12_final.mp4,192,"Error analyzing image: HTTPConnectionPool(host='localhost', port=11434): Max retries exceeded with url: /api/chat (Caused by NewConnectionError('<urllib3.connection.HTTPConnection object at 0x7f7439ea52b0>: Failed to establish a new connection: [Errno 111] Connection refused'))"
12_final.mp4,195,"Error analyzing image: HTTPConnectionPool(host='localhost', port=11434): Max retries exceeded with url: /api/chat (Caused by NewConnectionError('<urllib3.connection.HTTPConnection object at 0x7f7439e12ee0>: Failed to establish a new connection: [Errno 111] Connection refused'))"
12_final.mp4,198,"Error analyzing image: HTTPConnectionPool(host='localhost', port=11434): Max retries exceeded with url: /api/chat (Caused by NewConnectionError('<urllib3.connection.HTTPConnection object at 0x7f7439e7f610>: Failed to establish a new connection: [Errno 111] Connection refused'))"
12_final.mp4,201,"Error analyzing image: HTTPConnectionPool(host='localhost', port=11434): Max retries exceeded with url: /api/chat (Caused by NewConnectionError('<urllib3.connection.HTTPConnection object at 0x7f7439e12fd0>: Failed to establish a new connection: [Errno 111] Connection refused'))"
12_final.mp4,204,"Error analyzing image: HTTPConnectionPool(host='localhost', port=11434): Max retries exceeded with url: /api/chat (Caused by NewConnectionError('<urllib3.connection.HTTPConnection object at 0x7f7439e12370>: Failed to establish a new connection: [Errno 111] Connection refused'))"
12_final.mp4,207,"Error analyzing image: HTTPConnectionPool(host='localhost', port=11434): Max retries exceeded with url: /api/chat (Caused by NewConnectionError('<urllib3.connection.HTTPConnection object at 0x7f7439ea5c40>: Failed to establish a new connection: [Errno 111] Connection refused'))"
12_final.mp4,210,"Error analyzing image: HTTPConnectionPool(host='localhost', port=11434): Max retries exceeded with url: /api/chat (Caused by NewConnectionError('<urllib3.connection.HTTPConnection object at 0x7f7439ea5520>: Failed to establish a new connection: [Errno 111] Connection refused'))"
12_final.mp4,213,"Error analyzing image: HTTPConnectionPool(host='localhost', port=11434): Max retries exceeded with url: /api/chat (Caused by NewConnectionError('<urllib3.connection.HTTPConnection object at 0x7f7439e1eb50>: Failed to establish a new connection: [Errno 111] Connection refused'))"
12_final.mp4,216,"Error analyzing image: HTTPConnectionPool(host='localhost', port=11434): Max retries exceeded with url: /api/chat (Caused by NewConnectionError('<urllib3.connection.HTTPConnection object at 0x7f7439e067c0>: Failed to establish a new connection: [Errno 111] Connection refused'))"
14_final.mp4,0,"Error analyzing image: HTTPConnectionPool(host='localhost', port=11434): Max retries exceeded with url: /api/chat (Caused by NewConnectionError('<urllib3.connection.HTTPConnection object at 0x7f743f6fa100>: Failed to establish a new connection: [Errno 111] Connection refused'))"
14_final.mp4,3,"Error analyzing image: HTTPConnectionPool(host='localhost', port=11434): Max retries exceeded with url: /api/chat (Caused by NewConnectionError('<urllib3.connection.HTTPConnection object at 0x7f7439ea5dc0>: Failed to establish a new connection: [Errno 111] Connection refused'))"
14_final.mp4,6,"Error analyzing image: HTTPConnectionPool(host='localhost', port=11434): Max retries exceeded with url: /api/chat (Caused by NewConnectionError('<urllib3.connection.HTTPConnection object at 0x7f7439e293a0>: Failed to establish a new connection: [Errno 111] Connection refused'))"
14_final.mp4,9,"Error analyzing image: HTTPConnectionPool(host='localhost', port=11434): Max retries exceeded with url: /api/chat (Caused by NewConnectionError('<urllib3.connection.HTTPConnection object at 0x7f7439e12790>: Failed to establish a new connection: [Errno 111] Connection refused'))"
14_final.mp4,12,"Error analyzing image: HTTPConnectionPool(host='localhost', port=11434): Max retries exceeded with url: /api/chat (Caused by NewConnectionError('<urllib3.connection.HTTPConnection object at 0x7f7439e06640>: Failed to establish a new connection: [Errno 111] Connection refused'))"
14_final.mp4,15,"Error analyzing image: HTTPConnectionPool(host='localhost', port=11434): Max retries exceeded with url: /api/chat (Caused by NewConnectionError('<urllib3.connection.HTTPConnection object at 0x7f7439e12340>: Failed to establish a new connection: [Errno 111] Connection refused'))"
14_final.mp4,18,"Error analyzing image: HTTPConnectionPool(host='localhost', port=11434): Max retries exceeded with url: /api/chat (Caused by NewConnectionError('<urllib3.connection.HTTPConnection object at 0x7f7439ea5fa0>: Failed to establish a new connection: [Errno 111] Connection refused'))"
14_final.mp4,21,"Error analyzing image: HTTPConnectionPool(host='localhost', port=11434): Max retries exceeded with url: /api/chat (Caused by NewConnectionError('<urllib3.connection.HTTPConnection object at 0x7f7439ea5610>: Failed to establish a new connection: [Errno 111] Connection refused'))"
14_final.mp4,24,"Error analyzing image: HTTPConnectionPool(host='localhost', port=11434): Max retries exceeded with url: /api/chat (Caused by NewConnectionError('<urllib3.connection.HTTPConnection object at 0x7f7439e1e9a0>: Failed to establish a new connection: [Errno 111] Connection refused'))"
14_final.mp4,27,"Error analyzing image: HTTPConnectionPool(host='localhost', port=11434): Max retries exceeded with url: /api/chat (Caused by NewConnectionError('<urllib3.connection.HTTPConnection object at 0x7f7439e067c0>: Failed to establish a new connection: [Errno 111] Connection refused'))"
14_final.mp4,30,"Error analyzing image: HTTPConnectionPool(host='localhost', port=11434): Max retries exceeded with url: /api/chat (Caused by NewConnectionError('<urllib3.connection.HTTPConnection object at 0x7f7439e1ef10>: Failed to establish a new connection: [Errno 111] Connection refused'))"
14_final.mp4,33,"Error analyzing image: HTTPConnectionPool(host='localhost', port=11434): Max retries exceeded with url: /api/chat (Caused by NewConnectionError('<urllib3.connection.HTTPConnection object at 0x7f7439ea5880>: Failed to establish a new connection: [Errno 111] Connection refused'))"
14_final.mp4,36,"Error analyzing image: HTTPConnectionPool(host='localhost', port=11434): Max retries exceeded with url: /api/chat (Caused by NewConnectionError('<urllib3.connection.HTTPConnection object at 0x7f7439ea5100>: Failed to establish a new connection: [Errno 111] Connection refused'))"
14_final.mp4,39,"Error analyzing image: HTTPConnectionPool(host='localhost', port=11434): Max retries exceeded with url: /api/chat (Caused by NewConnectionError('<urllib3.connection.HTTPConnection object at 0x7f7439e293a0>: Failed to establish a new connection: [Errno 111] Connection refused'))"
14_final.mp4,42,"Error analyzing image: HTTPConnectionPool(host='localhost', port=11434): Max retries exceeded with url: /api/chat (Caused by NewConnectionError('<urllib3.connection.HTTPConnection object at 0x7f7439e12400>: Failed to establish a new connection: [Errno 111] Connection refused'))"
14_final.mp4,45,"Error analyzing image: HTTPConnectionPool(host='localhost', port=11434): Max retries exceeded with url: /api/chat (Caused by NewConnectionError('<urllib3.connection.HTTPConnection object at 0x7f7439e06610>: Failed to establish a new connection: [Errno 111] Connection refused'))"
14_final.mp4,48,"Error analyzing image: HTTPConnectionPool(host='localhost', port=11434): Max retries exceeded with url: /api/chat (Caused by NewConnectionError('<urllib3.connection.HTTPConnection object at 0x7f7440d35d90>: Failed to establish a new connection: [Errno 111] Connection refused'))"
14_final.mp4,51,"Error analyzing image: HTTPConnectionPool(host='localhost', port=11434): Max retries exceeded with url: /api/chat (Caused by NewConnectionError('<urllib3.connection.HTTPConnection object at 0x7f7439ea5190>: Failed to establish a new connection: [Errno 111] Connection refused'))"
14_final.mp4,54,"Error analyzing image: HTTPConnectionPool(host='localhost', port=11434): Max retries exceeded with url: /api/chat (Caused by NewConnectionError('<urllib3.connection.HTTPConnection object at 0x7f7439ea51f0>: Failed to establish a new connection: [Errno 111] Connection refused'))"
14_final.mp4,57,"Error analyzing image: HTTPConnectionPool(host='localhost', port=11434): Max retries exceeded with url: /api/chat (Caused by NewConnectionError('<urllib3.connection.HTTPConnection object at 0x7f7439e1e970>: Failed to establish a new connection: [Errno 111] Connection refused'))"
14_final.mp4,60,"Error analyzing image: HTTPConnectionPool(host='localhost', port=11434): Max retries exceeded with url: /api/chat (Caused by NewConnectionError('<urllib3.connection.HTTPConnection object at 0x7f7439e066d0>: Failed to establish a new connection: [Errno 111] Connection refused'))"
14_final.mp4,63,"Error analyzing image: HTTPConnectionPool(host='localhost', port=11434): Max retries exceeded with url: /api/chat (Caused by NewConnectionError('<urllib3.connection.HTTPConnection object at 0x7f7439e1edf0>: Failed to establish a new connection: [Errno 111] Connection refused'))"
14_final.mp4,66,"Error analyzing image: HTTPConnectionPool(host='localhost', port=11434): Max retries exceeded with url: /api/chat (Caused by NewConnectionError('<urllib3.connection.HTTPConnection object at 0x7f7439e1eac0>: Failed to establish a new connection: [Errno 111] Connection refused'))"
14_final.mp4,69,"Error analyzing image: HTTPConnectionPool(host='localhost', port=11434): Max retries exceeded with url: /api/chat (Caused by NewConnectionError('<urllib3.connection.HTTPConnection object at 0x7f7439ea5d90>: Failed to establish a new connection: [Errno 111] Connection refused'))"
14_final.mp4,72,"Error analyzing image: HTTPConnectionPool(host='localhost', port=11434): Max retries exceeded with url: /api/chat (Caused by NewConnectionError('<urllib3.connection.HTTPConnection object at 0x7f7439e29b50>: Failed to establish a new connection: [Errno 111] Connection refused'))"
14_final.mp4,75,"Error analyzing image: HTTPConnectionPool(host='localhost', port=11434): Max retries exceeded with url: /api/chat (Caused by NewConnectionError('<urllib3.connection.HTTPConnection object at 0x7f7439e12340>: Failed to establish a new connection: [Errno 111] Connection refused'))"
14_final.mp4,78,"Error analyzing image: HTTPConnectionPool(host='localhost', port=11434): Max retries exceeded with url: /api/chat (Caused by NewConnectionError('<urllib3.connection.HTTPConnection object at 0x7f7439e06d30>: Failed to establish a new connection: [Errno 111] Connection refused'))"
14_final.mp4,81,"Error analyzing image: HTTPConnectionPool(host='localhost', port=11434): Max retries exceeded with url: /api/chat (Caused by NewConnectionError('<urllib3.connection.HTTPConnection object at 0x7f7440d35d90>: Failed to establish a new connection: [Errno 111] Connection refused'))"
14_final.mp4,84,"Error analyzing image: HTTPConnectionPool(host='localhost', port=11434): Max retries exceeded with url: /api/chat (Caused by NewConnectionError('<urllib3.connection.HTTPConnection object at 0x7f7439ea5a30>: Failed to establish a new connection: [Errno 111] Connection refused'))"
14_final.mp4,87,"Error analyzing image: HTTPConnectionPool(host='localhost', port=11434): Max retries exceeded with url: /api/chat (Caused by NewConnectionError('<urllib3.connection.HTTPConnection object at 0x7f7439ea5430>: Failed to establish a new connection: [Errno 111] Connection refused'))"
14_final.mp4,90,"Error analyzing image: HTTPConnectionPool(host='localhost', port=11434): Max retries exceeded with url: /api/chat (Caused by NewConnectionError('<urllib3.connection.HTTPConnection object at 0x7f7439e1e640>: Failed to establish a new connection: [Errno 111] Connection refused'))"
14_final.mp4,93,"Error analyzing image: HTTPConnectionPool(host='localhost', port=11434): Max retries exceeded with url: /api/chat (Caused by NewConnectionError('<urllib3.connection.HTTPConnection object at 0x7f7439e1ea60>: Failed to establish a new connection: [Errno 111] Connection refused'))"
14_final.mp4,96,"Error analyzing image: HTTPConnectionPool(host='localhost', port=11434): Max retries exceeded with url: /api/chat (Caused by NewConnectionError('<urllib3.connection.HTTPConnection object at 0x7f7439e1e700>: Failed to establish a new connection: [Errno 111] Connection refused'))"
14_final.mp4,99,"Error analyzing image: HTTPConnectionPool(host='localhost', port=11434): Max retries exceeded with url: /api/chat (Caused by NewConnectionError('<urllib3.connection.HTTPConnection object at 0x7f7439ea5610>: Failed to establish a new connection: [Errno 111] Connection refused'))"
14_final.mp4,102,"Error analyzing image: HTTPConnectionPool(host='localhost', port=11434): Max retries exceeded with url: /api/chat (Caused by NewConnectionError('<urllib3.connection.HTTPConnection object at 0x7f7439ea5520>: Failed to establish a new connection: [Errno 111] Connection refused'))"
14_final.mp4,105,"Error analyzing image: HTTPConnectionPool(host='localhost', port=11434): Max retries exceeded with url: /api/chat (Caused by NewConnectionError('<urllib3.connection.HTTPConnection object at 0x7f7439e291c0>: Failed to establish a new connection: [Errno 111] Connection refused'))"
14_final.mp4,108,"Error analyzing image: HTTPConnectionPool(host='localhost', port=11434): Max retries exceeded with url: /api/chat (Caused by NewConnectionError('<urllib3.connection.HTTPConnection object at 0x7f7439e06100>: Failed to establish a new connection: [Errno 111] Connection refused'))"
14_final.mp4,111,"Error analyzing image: HTTPConnectionPool(host='localhost', port=11434): Max retries exceeded with url: /api/chat (Caused by NewConnectionError('<urllib3.connection.HTTPConnection object at 0x7f7439e06df0>: Failed to establish a new connection: [Errno 111] Connection refused'))"
14_final.mp4,114,"Error analyzing image: HTTPConnectionPool(host='localhost', port=11434): Max retries exceeded with url: /api/chat (Caused by NewConnectionError('<urllib3.connection.HTTPConnection object at 0x7f7439ea59a0>: Failed to establish a new connection: [Errno 111] Connection refused'))"
14_final.mp4,117,"Error analyzing image: HTTPConnectionPool(host='localhost', port=11434): Max retries exceeded with url: /api/chat (Caused by NewConnectionError('<urllib3.connection.HTTPConnection object at 0x7f7439e7ff70>: Failed to establish a new connection: [Errno 111] Connection refused'))"
14_final.mp4,120,"Error analyzing image: HTTPConnectionPool(host='localhost', port=11434): Max retries exceeded with url: /api/chat (Caused by NewConnectionError('<urllib3.connection.HTTPConnection object at 0x7f7439e29430>: Failed to establish a new connection: [Errno 111] Connection refused'))"
14_final.mp4,123,"Error analyzing image: HTTPConnectionPool(host='localhost', port=11434): Max retries exceeded with url: /api/chat (Caused by NewConnectionError('<urllib3.connection.HTTPConnection object at 0x7f7439e1e190>: Failed to establish a new connection: [Errno 111] Connection refused'))"
14_final.mp4,126,"Error analyzing image: HTTPConnectionPool(host='localhost', port=11434): Max retries exceeded with url: /api/chat (Caused by NewConnectionError('<urllib3.connection.HTTPConnection object at 0x7f7439e1e4f0>: Failed to establish a new connection: [Errno 111] Connection refused'))"
14_final.mp4,129,"Error analyzing image: HTTPConnectionPool(host='localhost', port=11434): Max retries exceeded with url: /api/chat (Caused by NewConnectionError('<urllib3.connection.HTTPConnection object at 0x7f7439e1ec40>: Failed to establish a new connection: [Errno 111] Connection refused'))"
14_final.mp4,132,"Error analyzing image: HTTPConnectionPool(host='localhost', port=11434): Max retries exceeded with url: /api/chat (Caused by NewConnectionError('<urllib3.connection.HTTPConnection object at 0x7f7439e29cd0>: Failed to establish a new connection: [Errno 111] Connection refused'))"
14_final.mp4,135,"Error analyzing image: HTTPConnectionPool(host='localhost', port=11434): Max retries exceeded with url: /api/chat (Caused by NewConnectionError('<urllib3.connection.HTTPConnection object at 0x7f7439e7f790>: Failed to establish a new connection: [Errno 111] Connection refused'))"
14_final.mp4,138,"Error analyzing image: HTTPConnectionPool(host='localhost', port=11434): Max retries exceeded with url: /api/chat (Caused by NewConnectionError('<urllib3.connection.HTTPConnection object at 0x7f7439ea5df0>: Failed to establish a new connection: [Errno 111] Connection refused'))"
14_final.mp4,141,"Error analyzing image: HTTPConnectionPool(host='localhost', port=11434): Max retries exceeded with url: /api/chat (Caused by NewConnectionError('<urllib3.connection.HTTPConnection object at 0x7f7439ea5d30>: Failed to establish a new connection: [Errno 111] Connection refused'))"
14_final.mp4,144,"Error analyzing image: HTTPConnectionPool(host='localhost', port=11434): Max retries exceeded with url: /api/chat (Caused by NewConnectionError('<urllib3.connection.HTTPConnection object at 0x7f7439e12550>: Failed to establish a new connection: [Errno 111] Connection refused'))"
14_final.mp4,147,"Error analyzing image: HTTPConnectionPool(host='localhost', port=11434): Max retries exceeded with url: /api/chat (Caused by NewConnectionError('<urllib3.connection.HTTPConnection object at 0x7f7439ea5610>: Failed to establish a new connection: [Errno 111] Connection refused'))"
14_final.mp4,150,"Error analyzing image: HTTPConnectionPool(host='localhost', port=11434): Max retries exceeded with url: /api/chat (Caused by NewConnectionError('<urllib3.connection.HTTPConnection object at 0x7f7439e7ff10>: Failed to establish a new connection: [Errno 111] Connection refused'))"
14_final.mp4,153,"Error analyzing image: HTTPConnectionPool(host='localhost', port=11434): Max retries exceeded with url: /api/chat (Caused by NewConnectionError('<urllib3.connection.HTTPConnection object at 0x7f7439e29ee0>: Failed to establish a new connection: [Errno 111] Connection refused'))"
14_final.mp4,156,"Error analyzing image: HTTPConnectionPool(host='localhost', port=11434): Max retries exceeded with url: /api/chat (Caused by NewConnectionError('<urllib3.connection.HTTPConnection object at 0x7f7439e1e340>: Failed to establish a new connection: [Errno 111] Connection refused'))"
14_final.mp4,159,"Error analyzing image: HTTPConnectionPool(host='localhost', port=11434): Max retries exceeded with url: /api/chat (Caused by NewConnectionError('<urllib3.connection.HTTPConnection object at 0x7f7439e1e850>: Failed to establish a new connection: [Errno 111] Connection refused'))"
14_final.mp4,162,"Error analyzing image: HTTPConnectionPool(host='localhost', port=11434): Max retries exceeded with url: /api/chat (Caused by NewConnectionError('<urllib3.connection.HTTPConnection object at 0x7f7439e1e070>: Failed to establish a new connection: [Errno 111] Connection refused'))"
14_final.mp4,165,"Error analyzing image: HTTPConnectionPool(host='localhost', port=11434): Max retries exceeded with url: /api/chat (Caused by NewConnectionError('<urllib3.connection.HTTPConnection object at 0x7f7439e1ee20>: Failed to establish a new connection: [Errno 111] Connection refused'))"
14_final.mp4,168,"Error analyzing image: HTTPConnectionPool(host='localhost', port=11434): Max retries exceeded with url: /api/chat (Caused by NewConnectionError('<urllib3.connection.HTTPConnection object at 0x7f7439e29490>: Failed to establish a new connection: [Errno 111] Connection refused'))"
14_final.mp4,171,"Error analyzing image: HTTPConnectionPool(host='localhost', port=11434): Max retries exceeded with url: /api/chat (Caused by NewConnectionError('<urllib3.connection.HTTPConnection object at 0x7f7439e7f580>: Failed to establish a new connection: [Errno 111] Connection refused'))"
14_final.mp4,174,"Error analyzing image: HTTPConnectionPool(host='localhost', port=11434): Max retries exceeded with url: /api/chat (Caused by NewConnectionError('<urllib3.connection.HTTPConnection object at 0x7f7439ea5e20>: Failed to establish a new connection: [Errno 111] Connection refused'))"
14_final.mp4,177,"Error analyzing image: HTTPConnectionPool(host='localhost', port=11434): Max retries exceeded with url: /api/chat (Caused by NewConnectionError('<urllib3.connection.HTTPConnection object at 0x7f7439e12c10>: Failed to establish a new connection: [Errno 111] Connection refused'))"
14_final.mp4,180,"Error analyzing image: HTTPConnectionPool(host='localhost', port=11434): Max retries exceeded with url: /api/chat (Caused by NewConnectionError('<urllib3.connection.HTTPConnection object at 0x7f7439e7f4c0>: Failed to establish a new connection: [Errno 111] Connection refused'))"
14_final.mp4,183,"Error analyzing image: HTTPConnectionPool(host='localhost', port=11434): Max retries exceeded with url: /api/chat (Caused by NewConnectionError('<urllib3.connection.HTTPConnection object at 0x7f7439e29dc0>: Failed to establish a new connection: [Errno 111] Connection refused'))"
14_final.mp4,186,"Error analyzing image: HTTPConnectionPool(host='localhost', port=11434): Max retries exceeded with url: /api/chat (Caused by NewConnectionError('<urllib3.connection.HTTPConnection object at 0x7f7439e06100>: Failed to establish a new connection: [Errno 111] Connection refused'))"
14_final.mp4,189,"Error analyzing image: HTTPConnectionPool(host='localhost', port=11434): Max retries exceeded with url: /api/chat (Caused by NewConnectionError('<urllib3.connection.HTTPConnection object at 0x7f7439e1e790>: Failed to establish a new connection: [Errno 111] Connection refused'))"
14_final.mp4,192,"Error analyzing image: HTTPConnectionPool(host='localhost', port=11434): Max retries exceeded with url: /api/chat (Caused by NewConnectionError('<urllib3.connection.HTTPConnection object at 0x7f7439e1e4f0>: Failed to establish a new connection: [Errno 111] Connection refused'))"
14_final.mp4,195,"Error analyzing image: HTTPConnectionPool(host='localhost', port=11434): Max retries exceeded with url: /api/chat (Caused by NewConnectionError('<urllib3.connection.HTTPConnection object at 0x7f7439e1ef10>: Failed to establish a new connection: [Errno 111] Connection refused'))"
14_final.mp4,198,"Error analyzing image: HTTPConnectionPool(host='localhost', port=11434): Max retries exceeded with url: /api/chat (Caused by NewConnectionError('<urllib3.connection.HTTPConnection object at 0x7f7439e1ea00>: Failed to establish a new connection: [Errno 111] Connection refused'))"
14_final.mp4,201,"Error analyzing image: HTTPConnectionPool(host='localhost', port=11434): Max retries exceeded with url: /api/chat (Caused by NewConnectionError('<urllib3.connection.HTTPConnection object at 0x7f7439e29fd0>: Failed to establish a new connection: [Errno 111] Connection refused'))"
14_final.mp4,204,"Error analyzing image: HTTPConnectionPool(host='localhost', port=11434): Max retries exceeded with url: /api/chat (Caused by NewConnectionError('<urllib3.connection.HTTPConnection object at 0x7f743f6fa100>: Failed to establish a new connection: [Errno 111] Connection refused'))"
14_final.mp4,207,"Error analyzing image: HTTPConnectionPool(host='localhost', port=11434): Max retries exceeded with url: /api/chat (Caused by NewConnectionError('<urllib3.connection.HTTPConnection object at 0x7f7439ea5700>: Failed to establish a new connection: [Errno 111] Connection refused'))"
14_final.mp4,210,"Error analyzing image: HTTPConnectionPool(host='localhost', port=11434): Max retries exceeded with url: /api/chat (Caused by NewConnectionError('<urllib3.connection.HTTPConnection object at 0x7f7439dfdfd0>: Failed to establish a new connection: [Errno 111] Connection refused'))"
14_final.mp4,213,"Error analyzing image: HTTPConnectionPool(host='localhost', port=11434): Max retries exceeded with url: /api/chat (Caused by NewConnectionError('<urllib3.connection.HTTPConnection object at 0x7f7439e7f3a0>: Failed to establish a new connection: [Errno 111] Connection refused'))"
14_final.mp4,216,"Error analyzing image: HTTPConnectionPool(host='localhost', port=11434): Max retries exceeded with url: /api/chat (Caused by NewConnectionError('<urllib3.connection.HTTPConnection object at 0x7f7439e29f40>: Failed to establish a new connection: [Errno 111] Connection refused'))"
14_final.mp4,219,"Error analyzing image: HTTPConnectionPool(host='localhost', port=11434): Max retries exceeded with url: /api/chat (Caused by NewConnectionError('<urllib3.connection.HTTPConnection object at 0x7f7439e12d60>: Failed to establish a new connection: [Errno 111] Connection refused'))"
14_final.mp4,222,"Error analyzing image: HTTPConnectionPool(host='localhost', port=11434): Max retries exceeded with url: /api/chat (Caused by NewConnectionError('<urllib3.connection.HTTPConnection object at 0x7f7439e1e400>: Failed to establish a new connection: [Errno 111] Connection refused'))"
14_final.mp4,225,"Error analyzing image: HTTPConnectionPool(host='localhost', port=11434): Max retries exceeded with url: /api/chat (Caused by NewConnectionError('<urllib3.connection.HTTPConnection object at 0x7f7439dfd250>: Failed to establish a new connection: [Errno 111] Connection refused'))"
14_final.mp4,228,"Error analyzing image: HTTPConnectionPool(host='localhost', port=11434): Max retries exceeded with url: /api/chat (Caused by NewConnectionError('<urllib3.connection.HTTPConnection object at 0x7f7439e1ef40>: Failed to establish a new connection: [Errno 111] Connection refused'))"
14_final.mp4,231,"Error analyzing image: HTTPConnectionPool(host='localhost', port=11434): Max retries exceeded with url: /api/chat (Caused by NewConnectionError('<urllib3.connection.HTTPConnection object at 0x7f7439e1e430>: Failed to establish a new connection: [Errno 111] Connection refused'))"
14_final.mp4,234,"Error analyzing image: HTTPConnectionPool(host='localhost', port=11434): Max retries exceeded with url: /api/chat (Caused by NewConnectionError('<urllib3.connection.HTTPConnection object at 0x7f7439e298b0>: Failed to establish a new connection: [Errno 111] Connection refused'))"
14_final.mp4,237,"Error analyzing image: HTTPConnectionPool(host='localhost', port=11434): Max retries exceeded with url: /api/chat (Caused by NewConnectionError('<urllib3.connection.HTTPConnection object at 0x7f7439e7ff70>: Failed to establish a new connection: [Errno 111] Connection refused'))"
14_final.mp4,240,"Error analyzing image: HTTPConnectionPool(host='localhost', port=11434): Max retries exceeded with url: /api/chat (Caused by NewConnectionError('<urllib3.connection.HTTPConnection object at 0x7f7439ea5700>: Failed to establish a new connection: [Errno 111] Connection refused'))"
14_final.mp4,243,"Error analyzing image: HTTPConnectionPool(host='localhost', port=11434): Max retries exceeded with url: /api/chat (Caused by NewConnectionError('<urllib3.connection.HTTPConnection object at 0x7f7439dfd820>: Failed to establish a new connection: [Errno 111] Connection refused'))"
14_final.mp4,246,"Error analyzing image: HTTPConnectionPool(host='localhost', port=11434): Max retries exceeded with url: /api/chat (Caused by NewConnectionError('<urllib3.connection.HTTPConnection object at 0x7f7439e7f370>: Failed to establish a new connection: [Errno 111] Connection refused'))"
14_final.mp4,249,"Error analyzing image: HTTPConnectionPool(host='localhost', port=11434): Max retries exceeded with url: /api/chat (Caused by NewConnectionError('<urllib3.connection.HTTPConnection object at 0x7f7439e29fa0>: Failed to establish a new connection: [Errno 111] Connection refused'))"
14_final.mp4,252,"Error analyzing image: HTTPConnectionPool(host='localhost', port=11434): Max retries exceeded with url: /api/chat (Caused by NewConnectionError('<urllib3.connection.HTTPConnection object at 0x7f7439e12910>: Failed to establish a new connection: [Errno 111] Connection refused'))"
14_final.mp4,255,"Error analyzing image: HTTPConnectionPool(host='localhost', port=11434): Max retries exceeded with url: /api/chat (Caused by NewConnectionError('<urllib3.connection.HTTPConnection object at 0x7f7439e1e7f0>: Failed to establish a new connection: [Errno 111] Connection refused'))"
14_final.mp4,258,"Error analyzing image: HTTPConnectionPool(host='localhost', port=11434): Max retries exceeded with url: /api/chat (Caused by NewConnectionError('<urllib3.connection.HTTPConnection object at 0x7f7439dfd760>: Failed to establish a new connection: [Errno 111] Connection refused'))"
14_final.mp4,261,"Error analyzing image: HTTPConnectionPool(host='localhost', port=11434): Max retries exceeded with url: /api/chat (Caused by NewConnectionError('<urllib3.connection.HTTPConnection object at 0x7f7439dfd8e0>: Failed to establish a new connection: [Errno 111] Connection refused'))"
14_final.mp4,264,"Error analyzing image: HTTPConnectionPool(host='localhost', port=11434): Max retries exceeded with url: /api/chat (Caused by NewConnectionError('<urllib3.connection.HTTPConnection object at 0x7f7439e1e790>: Failed to establish a new connection: [Errno 111] Connection refused'))"
14_final.mp4,267,"Error analyzing image: HTTPConnectionPool(host='localhost', port=11434): Max retries exceeded with url: /api/chat (Caused by NewConnectionError('<urllib3.connection.HTTPConnection object at 0x7f7439e12cd0>: Failed to establish a new connection: [Errno 111] Connection refused'))"
14_final.mp4,270,"Error analyzing image: HTTPConnectionPool(host='localhost', port=11434): Max retries exceeded with url: /api/chat (Caused by NewConnectionError('<urllib3.connection.HTTPConnection object at 0x7f7439e29160>: Failed to establish a new connection: [Errno 111] Connection refused'))"
14_final.mp4,273,"Error analyzing image: HTTPConnectionPool(host='localhost', port=11434): Max retries exceeded with url: /api/chat (Caused by NewConnectionError('<urllib3.connection.HTTPConnection object at 0x7f7439e7fc70>: Failed to establish a new connection: [Errno 111] Connection refused'))"
14_final.mp4,276,"Error analyzing image: HTTPConnectionPool(host='localhost', port=11434): Max retries exceeded with url: /api/chat (Caused by NewConnectionError('<urllib3.connection.HTTPConnection object at 0x7f7439dd43d0>: Failed to establish a new connection: [Errno 111] Connection refused'))"
14_final.mp4,279,"Error analyzing image: HTTPConnectionPool(host='localhost', port=11434): Max retries exceeded with url: /api/chat (Caused by NewConnectionError('<urllib3.connection.HTTPConnection object at 0x7f7439e29520>: Failed to establish a new connection: [Errno 111] Connection refused'))"
14_final.mp4,282,"Error analyzing image: HTTPConnectionPool(host='localhost', port=11434): Max retries exceeded with url: /api/chat (Caused by NewConnectionError('<urllib3.connection.HTTPConnection object at 0x7f7439e121f0>: Failed to establish a new connection: [Errno 111] Connection refused'))"
14_final.mp4,285,"Error analyzing image: HTTPConnectionPool(host='localhost', port=11434): Max retries exceeded with url: /api/chat (Caused by NewConnectionError('<urllib3.connection.HTTPConnection object at 0x7f7439e1e250>: Failed to establish a new connection: [Errno 111] Connection refused'))"
14_final.mp4,288,"Error analyzing image: HTTPConnectionPool(host='localhost', port=11434): Max retries exceeded with url: /api/chat (Caused by NewConnectionError('<urllib3.connection.HTTPConnection object at 0x7f7439e1e3d0>: Failed to establish a new connection: [Errno 111] Connection refused'))"
14_final.mp4,291,"Error analyzing image: HTTPConnectionPool(host='localhost', port=11434): Max retries exceeded with url: /api/chat (Caused by NewConnectionError('<urllib3.connection.HTTPConnection object at 0x7f7439dd4460>: Failed to establish a new connection: [Errno 111] Connection refused'))"
14_final.mp4,294,"Error analyzing image: HTTPConnectionPool(host='localhost', port=11434): Max retries exceeded with url: /api/chat (Caused by NewConnectionError('<urllib3.connection.HTTPConnection object at 0x7f7439dfdeb0>: Failed to establish a new connection: [Errno 111] Connection refused'))"
14_final.mp4,297,"Error analyzing image: HTTPConnectionPool(host='localhost', port=11434): Max retries exceeded with url: /api/chat (Caused by NewConnectionError('<urllib3.connection.HTTPConnection object at 0x7f7439e1ee20>: Failed to establish a new connection: [Errno 111] Connection refused'))"
14_final.mp4,300,"Error analyzing image: HTTPConnectionPool(host='localhost', port=11434): Max retries exceeded with url: /api/chat (Caused by NewConnectionError('<urllib3.connection.HTTPConnection object at 0x7f7439e12eb0>: Failed to establish a new connection: [Errno 111] Connection refused'))"
14_final.mp4,303,"Error analyzing image: HTTPConnectionPool(host='localhost', port=11434): Max retries exceeded with url: /api/chat (Caused by NewConnectionError('<urllib3.connection.HTTPConnection object at 0x7f7439e29be0>: Failed to establish a new connection: [Errno 111] Connection refused'))"
14_final.mp4,306,"Error analyzing image: HTTPConnectionPool(host='localhost', port=11434): Max retries exceeded with url: /api/chat (Caused by NewConnectionError('<urllib3.connection.HTTPConnection object at 0x7f7439ea5130>: Failed to establish a new connection: [Errno 111] Connection refused'))"
14_final.mp4,309,"Error analyzing image: HTTPConnectionPool(host='localhost', port=11434): Max retries exceeded with url: /api/chat (Caused by NewConnectionError('<urllib3.connection.HTTPConnection object at 0x7f7439e7f0d0>: Failed to establish a new connection: [Errno 111] Connection refused'))"
14_final.mp4,312,"Error analyzing image: HTTPConnectionPool(host='localhost', port=11434): Max retries exceeded with url: /api/chat (Caused by NewConnectionError('<urllib3.connection.HTTPConnection object at 0x7f7439e29af0>: Failed to establish a new connection: [Errno 111] Connection refused'))"
14_final.mp4,315,"Error analyzing image: HTTPConnectionPool(host='localhost', port=11434): Max retries exceeded with url: /api/chat (Caused by NewConnectionError('<urllib3.connection.HTTPConnection object at 0x7f7439e1e6d0>: Failed to establish a new connection: [Errno 111] Connection refused'))"
14_final.mp4,318,"Error analyzing image: HTTPConnectionPool(host='localhost', port=11434): Max retries exceeded with url: /api/chat (Caused by NewConnectionError('<urllib3.connection.HTTPConnection object at 0x7f7439dfd9d0>: Failed to establish a new connection: [Errno 111] Connection refused'))"
14_final.mp4,321,"Error analyzing image: HTTPConnectionPool(host='localhost', port=11434): Max retries exceeded with url: /api/chat (Caused by NewConnectionError('<urllib3.connection.HTTPConnection object at 0x7f7439dfd100>: Failed to establish a new connection: [Errno 111] Connection refused'))"
14_final.mp4,324,"Error analyzing image: HTTPConnectionPool(host='localhost', port=11434): Max retries exceeded with url: /api/chat (Caused by NewConnectionError('<urllib3.connection.HTTPConnection object at 0x7f7439e12c70>: Failed to establish a new connection: [Errno 111] Connection refused'))"
14_final.mp4,327,"Error analyzing image: HTTPConnectionPool(host='localhost', port=11434): Max retries exceeded with url: /api/chat (Caused by NewConnectionError('<urllib3.connection.HTTPConnection object at 0x7f7439e12a60>: Failed to establish a new connection: [Errno 111] Connection refused'))"
14_final.mp4,330,"Error analyzing image: HTTPConnectionPool(host='localhost', port=11434): Max retries exceeded with url: /api/chat (Caused by NewConnectionError('<urllib3.connection.HTTPConnection object at 0x7f7439dfdca0>: Failed to establish a new connection: [Errno 111] Connection refused'))"
14_final.mp4,333,"Error analyzing image: HTTPConnectionPool(host='localhost', port=11434): Max retries exceeded with url: /api/chat (Caused by NewConnectionError('<urllib3.connection.HTTPConnection object at 0x7f7439e7f340>: Failed to establish a new connection: [Errno 111] Connection refused'))"
14_final.mp4,336,"Error analyzing image: HTTPConnectionPool(host='localhost', port=11434): Max retries exceeded with url: /api/chat (Caused by NewConnectionError('<urllib3.connection.HTTPConnection object at 0x7f7439e1eb80>: Failed to establish a new connection: [Errno 111] Connection refused'))"
14_final.mp4,339,"Error analyzing image: HTTPConnectionPool(host='localhost', port=11434): Max retries exceeded with url: /api/chat (Caused by NewConnectionError('<urllib3.connection.HTTPConnection object at 0x7f7439e29a60>: Failed to establish a new connection: [Errno 111] Connection refused'))"
14_final.mp4,342,"Error analyzing image: HTTPConnectionPool(host='localhost', port=11434): Max retries exceeded with url: /api/chat (Caused by NewConnectionError('<urllib3.connection.HTTPConnection object at 0x7f7439e06d00>: Failed to establish a new connection: [Errno 111] Connection refused'))"
14_final.mp4,345,"Error analyzing image: HTTPConnectionPool(host='localhost', port=11434): Max retries exceeded with url: /api/chat (Caused by NewConnectionError('<urllib3.connection.HTTPConnection object at 0x7f7439e1e5b0>: Failed to establish a new connection: [Errno 111] Connection refused'))"
14_final.mp4,348,"Error analyzing image: HTTPConnectionPool(host='localhost', port=11434): Max retries exceeded with url: /api/chat (Caused by NewConnectionError('<urllib3.connection.HTTPConnection object at 0x7f7439e1ee80>: Failed to establish a new connection: [Errno 111] Connection refused'))"
14_final.mp4,351,"Error analyzing image: HTTPConnectionPool(host='localhost', port=11434): Max retries exceeded with url: /api/chat (Caused by NewConnectionError('<urllib3.connection.HTTPConnection object at 0x7f7439dfd670>: Failed to establish a new connection: [Errno 111] Connection refused'))"
14_final.mp4,354,"Error analyzing image: HTTPConnectionPool(host='localhost', port=11434): Max retries exceeded with url: /api/chat (Caused by NewConnectionError('<urllib3.connection.HTTPConnection object at 0x7f7439e12940>: Failed to establish a new connection: [Errno 111] Connection refused'))"
14_final.mp4,357,"Error analyzing image: HTTPConnectionPool(host='localhost', port=11434): Max retries exceeded with url: /api/chat (Caused by NewConnectionError('<urllib3.connection.HTTPConnection object at 0x7f7439e12ac0>: Failed to establish a new connection: [Errno 111] Connection refused'))"
14_final.mp4,360,"Error analyzing image: HTTPConnectionPool(host='localhost', port=11434): Max retries exceeded with url: /api/chat (Caused by NewConnectionError('<urllib3.connection.HTTPConnection object at 0x7f7439e12fa0>: Failed to establish a new connection: [Errno 111] Connection refused'))"
14_final.mp4,363,"Error analyzing image: HTTPConnectionPool(host='localhost', port=11434): Max retries exceeded with url: /api/chat (Caused by NewConnectionError('<urllib3.connection.HTTPConnection object at 0x7f7439dfdca0>: Failed to establish a new connection: [Errno 111] Connection refused'))"
14_final.mp4,366,"Error analyzing image: HTTPConnectionPool(host='localhost', port=11434): Max retries exceeded with url: /api/chat (Caused by NewConnectionError('<urllib3.connection.HTTPConnection object at 0x7f7439dfd190>: Failed to establish a new connection: [Errno 111] Connection refused'))"
14_final.mp4,369,"Error analyzing image: HTTPConnectionPool(host='localhost', port=11434): Max retries exceeded with url: /api/chat (Caused by NewConnectionError('<urllib3.connection.HTTPConnection object at 0x7f7439e1edc0>: Failed to establish a new connection: [Errno 111] Connection refused'))"
14_final.mp4,372,"Error analyzing image: HTTPConnectionPool(host='localhost', port=11434): Max retries exceeded with url: /api/chat (Caused by NewConnectionError('<urllib3.connection.HTTPConnection object at 0x7f7439e1e1c0>: Failed to establish a new connection: [Errno 111] Connection refused'))"
14_final.mp4,375,"Error analyzing image: HTTPConnectionPool(host='localhost', port=11434): Max retries exceeded with url: /api/chat (Caused by NewConnectionError('<urllib3.connection.HTTPConnection object at 0x7f7439ea5550>: Failed to establish a new connection: [Errno 111] Connection refused'))"
14_final.mp4,378,"Error analyzing image: HTTPConnectionPool(host='localhost', port=11434): Max retries exceeded with url: /api/chat (Caused by NewConnectionError('<urllib3.connection.HTTPConnection object at 0x7f7439e1ef10>: Failed to establish a new connection: [Errno 111] Connection refused'))"
14_final.mp4,381,"Error analyzing image: HTTPConnectionPool(host='localhost', port=11434): Max retries exceeded with url: /api/chat (Caused by NewConnectionError('<urllib3.connection.HTTPConnection object at 0x7f7439dfd6d0>: Failed to establish a new connection: [Errno 111] Connection refused'))"
14_final.mp4,384,"Error analyzing image: HTTPConnectionPool(host='localhost', port=11434): Max retries exceeded with url: /api/chat (Caused by NewConnectionError('<urllib3.connection.HTTPConnection object at 0x7f7439dfd430>: Failed to establish a new connection: [Errno 111] Connection refused'))"
14_final.mp4,387,"Error analyzing image: HTTPConnectionPool(host='localhost', port=11434): Max retries exceeded with url: /api/chat (Caused by NewConnectionError('<urllib3.connection.HTTPConnection object at 0x7f7439e12880>: Failed to establish a new connection: [Errno 111] Connection refused'))"
15_final.mp4,0,"Error analyzing image: HTTPConnectionPool(host='localhost', port=11434): Max retries exceeded with url: /api/chat (Caused by NewConnectionError('<urllib3.connection.HTTPConnection object at 0x7f7439e12be0>: Failed to establish a new connection: [Errno 111] Connection refused'))"
15_final.mp4,3,"Error analyzing image: HTTPConnectionPool(host='localhost', port=11434): Max retries exceeded with url: /api/chat (Caused by NewConnectionError('<urllib3.connection.HTTPConnection object at 0x7f7439dfddc0>: Failed to establish a new connection: [Errno 111] Connection refused'))"
15_final.mp4,6,"Error analyzing image: HTTPConnectionPool(host='localhost', port=11434): Max retries exceeded with url: /api/chat (Caused by NewConnectionError('<urllib3.connection.HTTPConnection object at 0x7f7439dfdee0>: Failed to establish a new connection: [Errno 111] Connection refused'))"
15_final.mp4,9,"Error analyzing image: HTTPConnectionPool(host='localhost', port=11434): Max retries exceeded with url: /api/chat (Caused by NewConnectionError('<urllib3.connection.HTTPConnection object at 0x7f7439e1e100>: Failed to establish a new connection: [Errno 111] Connection refused'))"
15_final.mp4,12,"Error analyzing image: HTTPConnectionPool(host='localhost', port=11434): Max retries exceeded with url: /api/chat (Caused by NewConnectionError('<urllib3.connection.HTTPConnection object at 0x7f7439ea50d0>: Failed to establish a new connection: [Errno 111] Connection refused'))"
15_final.mp4,15,"Error analyzing image: HTTPConnectionPool(host='localhost', port=11434): Max retries exceeded with url: /api/chat (Caused by NewConnectionError('<urllib3.connection.HTTPConnection object at 0x7f7439dd45e0>: Failed to establish a new connection: [Errno 111] Connection refused'))"
15_final.mp4,18,"Error analyzing image: HTTPConnectionPool(host='localhost', port=11434): Max retries exceeded with url: /api/chat (Caused by NewConnectionError('<urllib3.connection.HTTPConnection object at 0x7f7439e1e3d0>: Failed to establish a new connection: [Errno 111] Connection refused'))"
15_final.mp4,21,"Error analyzing image: HTTPConnectionPool(host='localhost', port=11434): Max retries exceeded with url: /api/chat (Caused by NewConnectionError('<urllib3.connection.HTTPConnection object at 0x7f7439dfd8b0>: Failed to establish a new connection: [Errno 111] Connection refused'))"
15_final.mp4,24,"Error analyzing image: HTTPConnectionPool(host='localhost', port=11434): Max retries exceeded with url: /api/chat (Caused by NewConnectionError('<urllib3.connection.HTTPConnection object at 0x7f7439dfdb80>: Failed to establish a new connection: [Errno 111] Connection refused'))"
15_final.mp4,27,"Error analyzing image: HTTPConnectionPool(host='localhost', port=11434): Max retries exceeded with url: /api/chat (Caused by NewConnectionError('<urllib3.connection.HTTPConnection object at 0x7f7439e12e20>: Failed to establish a new connection: [Errno 111] Connection refused'))"
15_final.mp4,30,"Error analyzing image: HTTPConnectionPool(host='localhost', port=11434): Max retries exceeded with url: /api/chat (Caused by NewConnectionError('<urllib3.connection.HTTPConnection object at 0x7f7439e121f0>: Failed to establish a new connection: [Errno 111] Connection refused'))"
15_final.mp4,33,"Error analyzing image: HTTPConnectionPool(host='localhost', port=11434): Max retries exceeded with url: /api/chat (Caused by NewConnectionError('<urllib3.connection.HTTPConnection object at 0x7f7439e12520>: Failed to establish a new connection: [Errno 111] Connection refused'))"
15_final.mp4,36,"Error analyzing image: HTTPConnectionPool(host='localhost', port=11434): Max retries exceeded with url: /api/chat (Caused by NewConnectionError('<urllib3.connection.HTTPConnection object at 0x7f7439ea5670>: Failed to establish a new connection: [Errno 111] Connection refused'))"
15_final.mp4,39,"Error analyzing image: HTTPConnectionPool(host='localhost', port=11434): Max retries exceeded with url: /api/chat (Caused by NewConnectionError('<urllib3.connection.HTTPConnection object at 0x7f7439dfd040>: Failed to establish a new connection: [Errno 111] Connection refused'))"
15_final.mp4,42,"Error analyzing image: HTTPConnectionPool(host='localhost', port=11434): Max retries exceeded with url: /api/chat (Caused by NewConnectionError('<urllib3.connection.HTTPConnection object at 0x7f7439dfd580>: Failed to establish a new connection: [Errno 111] Connection refused'))"
15_final.mp4,45,"Error analyzing image: HTTPConnectionPool(host='localhost', port=11434): Max retries exceeded with url: /api/chat (Caused by NewConnectionError('<urllib3.connection.HTTPConnection object at 0x7f7439e1e8e0>: Failed to establish a new connection: [Errno 111] Connection refused'))"
15_final.mp4,48,"Error analyzing image: HTTPConnectionPool(host='localhost', port=11434): Max retries exceeded with url: /api/chat (Caused by NewConnectionError('<urllib3.connection.HTTPConnection object at 0x7f7439dd4e20>: Failed to establish a new connection: [Errno 111] Connection refused'))"
15_final.mp4,51,"Error analyzing image: HTTPConnectionPool(host='localhost', port=11434): Max retries exceeded with url: /api/chat (Caused by NewConnectionError('<urllib3.connection.HTTPConnection object at 0x7f7439e1ee80>: Failed to establish a new connection: [Errno 111] Connection refused'))"
15_final.mp4,54,"Error analyzing image: HTTPConnectionPool(host='localhost', port=11434): Max retries exceeded with url: /api/chat (Caused by NewConnectionError('<urllib3.connection.HTTPConnection object at 0x7f7439dfd520>: Failed to establish a new connection: [Errno 111] Connection refused'))"
15_final.mp4,57,"Error analyzing image: HTTPConnectionPool(host='localhost', port=11434): Max retries exceeded with url: /api/chat (Caused by NewConnectionError('<urllib3.connection.HTTPConnection object at 0x7f7439ea5760>: Failed to establish a new connection: [Errno 111] Connection refused'))"
15_final.mp4,60,"Error analyzing image: HTTPConnectionPool(host='localhost', port=11434): Max retries exceeded with url: /api/chat (Caused by NewConnectionError('<urllib3.connection.HTTPConnection object at 0x7f7439e12a00>: Failed to establish a new connection: [Errno 111] Connection refused'))"
15_final.mp4,63,"Error analyzing image: HTTPConnectionPool(host='localhost', port=11434): Max retries exceeded with url: /api/chat (Caused by NewConnectionError('<urllib3.connection.HTTPConnection object at 0x7f7439dd4070>: Failed to establish a new connection: [Errno 111] Connection refused'))"
15_final.mp4,66,"Error analyzing image: HTTPConnectionPool(host='localhost', port=11434): Max retries exceeded with url: /api/chat (Caused by NewConnectionError('<urllib3.connection.HTTPConnection object at 0x7f7439e12b50>: Failed to establish a new connection: [Errno 111] Connection refused'))"
15_final.mp4,69,"Error analyzing image: HTTPConnectionPool(host='localhost', port=11434): Max retries exceeded with url: /api/chat (Caused by NewConnectionError('<urllib3.connection.HTTPConnection object at 0x7f7439ea5130>: Failed to establish a new connection: [Errno 111] Connection refused'))"
15_final.mp4,72,"Error analyzing image: HTTPConnectionPool(host='localhost', port=11434): Max retries exceeded with url: /api/chat (Caused by NewConnectionError('<urllib3.connection.HTTPConnection object at 0x7f7439dfda60>: Failed to establish a new connection: [Errno 111] Connection refused'))"
15_final.mp4,75,"Error analyzing image: HTTPConnectionPool(host='localhost', port=11434): Max retries exceeded with url: /api/chat (Caused by NewConnectionError('<urllib3.connection.HTTPConnection object at 0x7f7439e7f040>: Failed to establish a new connection: [Errno 111] Connection refused'))"
15_final.mp4,78,"Error analyzing image: HTTPConnectionPool(host='localhost', port=11434): Max retries exceeded with url: /api/chat (Caused by NewConnectionError('<urllib3.connection.HTTPConnection object at 0x7f7439dd4ee0>: Failed to establish a new connection: [Errno 111] Connection refused'))"
15_final.mp4,81,"Error analyzing image: HTTPConnectionPool(host='localhost', port=11434): Max retries exceeded with url: /api/chat (Caused by NewConnectionError('<urllib3.connection.HTTPConnection object at 0x7f7439e1e910>: Failed to establish a new connection: [Errno 111] Connection refused'))"
15_final.mp4,84,"Error analyzing image: HTTPConnectionPool(host='localhost', port=11434): Max retries exceeded with url: /api/chat (Caused by NewConnectionError('<urllib3.connection.HTTPConnection object at 0x7f7439dfd430>: Failed to establish a new connection: [Errno 111] Connection refused'))"
15_final.mp4,87,"Error analyzing image: HTTPConnectionPool(host='localhost', port=11434): Max retries exceeded with url: /api/chat (Caused by NewConnectionError('<urllib3.connection.HTTPConnection object at 0x7f7439ea5130>: Failed to establish a new connection: [Errno 111] Connection refused'))"
15_final.mp4,90,"Error analyzing image: HTTPConnectionPool(host='localhost', port=11434): Max retries exceeded with url: /api/chat (Caused by NewConnectionError('<urllib3.connection.HTTPConnection object at 0x7f7439dd43a0>: Failed to establish a new connection: [Errno 111] Connection refused'))"
15_final.mp4,93,"Error analyzing image: HTTPConnectionPool(host='localhost', port=11434): Max retries exceeded with url: /api/chat (Caused by NewConnectionError('<urllib3.connection.HTTPConnection object at 0x7f7439e12eb0>: Failed to establish a new connection: [Errno 111] Connection refused'))"
15_final.mp4,96,"Error analyzing image: HTTPConnectionPool(host='localhost', port=11434): Max retries exceeded with url: /api/chat (Caused by NewConnectionError('<urllib3.connection.HTTPConnection object at 0x7f7439e1e850>: Failed to establish a new connection: [Errno 111] Connection refused'))"
15_final.mp4,99,"Error analyzing image: HTTPConnectionPool(host='localhost', port=11434): Max retries exceeded with url: /api/chat (Caused by NewConnectionError('<urllib3.connection.HTTPConnection object at 0x7f7439e1ea60>: Failed to establish a new connection: [Errno 111] Connection refused'))"
15_final.mp4,102,"Error analyzing image: HTTPConnectionPool(host='localhost', port=11434): Max retries exceeded with url: /api/chat (Caused by NewConnectionError('<urllib3.connection.HTTPConnection object at 0x7f7439e12400>: Failed to establish a new connection: [Errno 111] Connection refused'))"
15_final.mp4,105,"Error analyzing image: HTTPConnectionPool(host='localhost', port=11434): Max retries exceeded with url: /api/chat (Caused by NewConnectionError('<urllib3.connection.HTTPConnection object at 0x7f7439dd4c10>: Failed to establish a new connection: [Errno 111] Connection refused'))"
15_final.mp4,108,"Error analyzing image: HTTPConnectionPool(host='localhost', port=11434): Max retries exceeded with url: /api/chat (Caused by NewConnectionError('<urllib3.connection.HTTPConnection object at 0x7f7440d356a0>: Failed to establish a new connection: [Errno 111] Connection refused'))"
15_final.mp4,111,"Error analyzing image: HTTPConnectionPool(host='localhost', port=11434): Max retries exceeded with url: /api/chat (Caused by NewConnectionError('<urllib3.connection.HTTPConnection object at 0x7f7439dfde50>: Failed to establish a new connection: [Errno 111] Connection refused'))"
15_final.mp4,114,"Error analyzing image: HTTPConnectionPool(host='localhost', port=11434): Max retries exceeded with url: /api/chat (Caused by NewConnectionError('<urllib3.connection.HTTPConnection object at 0x7f7439ded850>: Failed to establish a new connection: [Errno 111] Connection refused'))"
15_final.mp4,117,"Error analyzing image: HTTPConnectionPool(host='localhost', port=11434): Max retries exceeded with url: /api/chat (Caused by NewConnectionError('<urllib3.connection.HTTPConnection object at 0x7f7439dfd820>: Failed to establish a new connection: [Errno 111] Connection refused'))"
15_final.mp4,120,"Error analyzing image: HTTPConnectionPool(host='localhost', port=11434): Max retries exceeded with url: /api/chat (Caused by NewConnectionError('<urllib3.connection.HTTPConnection object at 0x7f7439e12cd0>: Failed to establish a new connection: [Errno 111] Connection refused'))"
15_final.mp4,123,"Error analyzing image: HTTPConnectionPool(host='localhost', port=11434): Max retries exceeded with url: /api/chat (Caused by NewConnectionError('<urllib3.connection.HTTPConnection object at 0x7f7439dd42b0>: Failed to establish a new connection: [Errno 111] Connection refused'))"
15_final.mp4,126,"Error analyzing image: HTTPConnectionPool(host='localhost', port=11434): Max retries exceeded with url: /api/chat (Caused by NewConnectionError('<urllib3.connection.HTTPConnection object at 0x7f7439ea5760>: Failed to establish a new connection: [Errno 111] Connection refused'))"
15_final.mp4,129,"Error analyzing image: HTTPConnectionPool(host='localhost', port=11434): Max retries exceeded with url: /api/chat (Caused by NewConnectionError('<urllib3.connection.HTTPConnection object at 0x7f7439ea5220>: Failed to establish a new connection: [Errno 111] Connection refused'))"
15_final.mp4,132,"Error analyzing image: HTTPConnectionPool(host='localhost', port=11434): Max retries exceeded with url: /api/chat (Caused by NewConnectionError('<urllib3.connection.HTTPConnection object at 0x7f7439ea59a0>: Failed to establish a new connection: [Errno 111] Connection refused'))"
15_final.mp4,135,"Error analyzing image: HTTPConnectionPool(host='localhost', port=11434): Max retries exceeded with url: /api/chat (Caused by NewConnectionError('<urllib3.connection.HTTPConnection object at 0x7f7439dd47f0>: Failed to establish a new connection: [Errno 111] Connection refused'))"
15_final.mp4,138,"Error analyzing image: HTTPConnectionPool(host='localhost', port=11434): Max retries exceeded with url: /api/chat (Caused by NewConnectionError('<urllib3.connection.HTTPConnection object at 0x7f7439dd4bb0>: Failed to establish a new connection: [Errno 111] Connection refused'))"
15_final.mp4,141,"Error analyzing image: HTTPConnectionPool(host='localhost', port=11434): Max retries exceeded with url: /api/chat (Caused by NewConnectionError('<urllib3.connection.HTTPConnection object at 0x7f7439e12490>: Failed to establish a new connection: [Errno 111] Connection refused'))"
15_final.mp4,144,"Error analyzing image: HTTPConnectionPool(host='localhost', port=11434): Max retries exceeded with url: /api/chat (Caused by NewConnectionError('<urllib3.connection.HTTPConnection object at 0x7f7439dfddf0>: Failed to establish a new connection: [Errno 111] Connection refused'))"
15_final.mp4,147,"Error analyzing image: HTTPConnectionPool(host='localhost', port=11434): Max retries exceeded with url: /api/chat (Caused by NewConnectionError('<urllib3.connection.HTTPConnection object at 0x7f7439dfd580>: Failed to establish a new connection: [Errno 111] Connection refused'))"
15_final.mp4,150,"Error analyzing image: HTTPConnectionPool(host='localhost', port=11434): Max retries exceeded with url: /api/chat (Caused by NewConnectionError('<urllib3.connection.HTTPConnection object at 0x7f7439e127c0>: Failed to establish a new connection: [Errno 111] Connection refused'))"
15_final.mp4,153,"Error analyzing image: HTTPConnectionPool(host='localhost', port=11434): Max retries exceeded with url: /api/chat (Caused by NewConnectionError('<urllib3.connection.HTTPConnection object at 0x7f7439dd4ee0>: Failed to establish a new connection: [Errno 111] Connection refused'))"
15_final.mp4,156,"Error analyzing image: HTTPConnectionPool(host='localhost', port=11434): Max retries exceeded with url: /api/chat (Caused by NewConnectionError('<urllib3.connection.HTTPConnection object at 0x7f7439dd47c0>: Failed to establish a new connection: [Errno 111] Connection refused'))"
15_final.mp4,159,"Error analyzing image: HTTPConnectionPool(host='localhost', port=11434): Max retries exceeded with url: /api/chat (Caused by NewConnectionError('<urllib3.connection.HTTPConnection object at 0x7f7439ea57f0>: Failed to establish a new connection: [Errno 111] Connection refused'))"
15_final.mp4,162,"Error analyzing image: HTTPConnectionPool(host='localhost', port=11434): Max retries exceeded with url: /api/chat (Caused by NewConnectionError('<urllib3.connection.HTTPConnection object at 0x7f7439e1e850>: Failed to establish a new connection: [Errno 111] Connection refused'))"
15_final.mp4,165,"Error analyzing image: HTTPConnectionPool(host='localhost', port=11434): Max retries exceeded with url: /api/chat (Caused by NewConnectionError('<urllib3.connection.HTTPConnection object at 0x7f7439ea5fd0>: Failed to establish a new connection: [Errno 111] Connection refused'))"
15_final.mp4,168,"Error analyzing image: HTTPConnectionPool(host='localhost', port=11434): Max retries exceeded with url: /api/chat (Caused by NewConnectionError('<urllib3.connection.HTTPConnection object at 0x7f7439ea5550>: Failed to establish a new connection: [Errno 111] Connection refused'))"
15_final.mp4,171,"Error analyzing image: HTTPConnectionPool(host='localhost', port=11434): Max retries exceeded with url: /api/chat (Caused by NewConnectionError('<urllib3.connection.HTTPConnection object at 0x7f7439dd4490>: Failed to establish a new connection: [Errno 111] Connection refused'))"
15_final.mp4,174,"Error analyzing image: HTTPConnectionPool(host='localhost', port=11434): Max retries exceeded with url: /api/chat (Caused by NewConnectionError('<urllib3.connection.HTTPConnection object at 0x7f7439e127f0>: Failed to establish a new connection: [Errno 111] Connection refused'))"
15_final.mp4,177,"Error analyzing image: HTTPConnectionPool(host='localhost', port=11434): Max retries exceeded with url: /api/chat (Caused by NewConnectionError('<urllib3.connection.HTTPConnection object at 0x7f7439dfda30>: Failed to establish a new connection: [Errno 111] Connection refused'))"
15_final.mp4,180,"Error analyzing image: HTTPConnectionPool(host='localhost', port=11434): Max retries exceeded with url: /api/chat (Caused by NewConnectionError('<urllib3.connection.HTTPConnection object at 0x7f7439e1e5e0>: Failed to establish a new connection: [Errno 111] Connection refused'))"
15_final.mp4,183,"Error analyzing image: HTTPConnectionPool(host='localhost', port=11434): Max retries exceeded with url: /api/chat (Caused by NewConnectionError('<urllib3.connection.HTTPConnection object at 0x7f7439e12550>: Failed to establish a new connection: [Errno 111] Connection refused'))"
15_final.mp4,186,"Error analyzing image: HTTPConnectionPool(host='localhost', port=11434): Max retries exceeded with url: /api/chat (Caused by NewConnectionError('<urllib3.connection.HTTPConnection object at 0x7f7439dd41f0>: Failed to establish a new connection: [Errno 111] Connection refused'))"
15_final.mp4,189,"Error analyzing image: HTTPConnectionPool(host='localhost', port=11434): Max retries exceeded with url: /api/chat (Caused by NewConnectionError('<urllib3.connection.HTTPConnection object at 0x7f7439dd4640>: Failed to establish a new connection: [Errno 111] Connection refused'))"
15_final.mp4,192,"Error analyzing image: HTTPConnectionPool(host='localhost', port=11434): Max retries exceeded with url: /api/chat (Caused by NewConnectionError('<urllib3.connection.HTTPConnection object at 0x7f7439ea5f10>: Failed to establish a new connection: [Errno 111] Connection refused'))"
15_final.mp4,195,"Error analyzing image: HTTPConnectionPool(host='localhost', port=11434): Max retries exceeded with url: /api/chat (Caused by NewConnectionError('<urllib3.connection.HTTPConnection object at 0x7f7439e1e250>: Failed to establish a new connection: [Errno 111] Connection refused'))"
15_final.mp4,198,"Error analyzing image: HTTPConnectionPool(host='localhost', port=11434): Max retries exceeded with url: /api/chat (Caused by NewConnectionError('<urllib3.connection.HTTPConnection object at 0x7f7439e1ec10>: Failed to establish a new connection: [Errno 111] Connection refused'))"
15_final.mp4,201,"Error analyzing image: HTTPConnectionPool(host='localhost', port=11434): Max retries exceeded with url: /api/chat (Caused by NewConnectionError('<urllib3.connection.HTTPConnection object at 0x7f7439ea5880>: Failed to establish a new connection: [Errno 111] Connection refused'))"
15_final.mp4,204,"Error analyzing image: HTTPConnectionPool(host='localhost', port=11434): Max retries exceeded with url: /api/chat (Caused by NewConnectionError('<urllib3.connection.HTTPConnection object at 0x7f7439dd4400>: Failed to establish a new connection: [Errno 111] Connection refused'))"
15_final.mp4,207,"Error analyzing image: HTTPConnectionPool(host='localhost', port=11434): Max retries exceeded with url: /api/chat (Caused by NewConnectionError('<urllib3.connection.HTTPConnection object at 0x7f7439dd4ee0>: Failed to establish a new connection: [Errno 111] Connection refused'))"
15_final.mp4,210,"Error analyzing image: HTTPConnectionPool(host='localhost', port=11434): Max retries exceeded with url: /api/chat (Caused by NewConnectionError('<urllib3.connection.HTTPConnection object at 0x7f7439e128e0>: Failed to establish a new connection: [Errno 111] Connection refused'))"
15_final.mp4,213,"Error analyzing image: HTTPConnectionPool(host='localhost', port=11434): Max retries exceeded with url: /api/chat (Caused by NewConnectionError('<urllib3.connection.HTTPConnection object at 0x7f7439e06c10>: Failed to establish a new connection: [Errno 111] Connection refused'))"
15_final.mp4,216,"Error analyzing image: HTTPConnectionPool(host='localhost', port=11434): Max retries exceeded with url: /api/chat (Caused by NewConnectionError('<urllib3.connection.HTTPConnection object at 0x7f7439e129d0>: Failed to establish a new connection: [Errno 111] Connection refused'))"
19_final.mp4,0,"Error analyzing image: HTTPConnectionPool(host='localhost', port=11434): Max retries exceeded with url: /api/chat (Caused by NewConnectionError('<urllib3.connection.HTTPConnection object at 0x7f7439dd4640>: Failed to establish a new connection: [Errno 111] Connection refused'))"
19_final.mp4,3,"Error analyzing image: HTTPConnectionPool(host='localhost', port=11434): Max retries exceeded with url: /api/chat (Caused by NewConnectionError('<urllib3.connection.HTTPConnection object at 0x7f7439ea56a0>: Failed to establish a new connection: [Errno 111] Connection refused'))"
19_final.mp4,6,"Error analyzing image: HTTPConnectionPool(host='localhost', port=11434): Max retries exceeded with url: /api/chat (Caused by NewConnectionError('<urllib3.connection.HTTPConnection object at 0x7f7440d35af0>: Failed to establish a new connection: [Errno 111] Connection refused'))"
19_final.mp4,9,"Error analyzing image: HTTPConnectionPool(host='localhost', port=11434): Max retries exceeded with url: /api/chat (Caused by NewConnectionError('<urllib3.connection.HTTPConnection object at 0x7f7439e06700>: Failed to establish a new connection: [Errno 111] Connection refused'))"
19_final.mp4,12,"Error analyzing image: HTTPConnectionPool(host='localhost', port=11434): Max retries exceeded with url: /api/chat (Caused by NewConnectionError('<urllib3.connection.HTTPConnection object at 0x7f7439ea5460>: Failed to establish a new connection: [Errno 111] Connection refused'))"
19_final.mp4,15,"Error analyzing image: HTTPConnectionPool(host='localhost', port=11434): Max retries exceeded with url: /api/chat (Caused by NewConnectionError('<urllib3.connection.HTTPConnection object at 0x7f7439dd4f10>: Failed to establish a new connection: [Errno 111] Connection refused'))"
19_final.mp4,18,"Error analyzing image: HTTPConnectionPool(host='localhost', port=11434): Max retries exceeded with url: /api/chat (Caused by NewConnectionError('<urllib3.connection.HTTPConnection object at 0x7f7439dd40d0>: Failed to establish a new connection: [Errno 111] Connection refused'))"
19_final.mp4,21,"Error analyzing image: HTTPConnectionPool(host='localhost', port=11434): Max retries exceeded with url: /api/chat (Caused by NewConnectionError('<urllib3.connection.HTTPConnection object at 0x7f7439e128e0>: Failed to establish a new connection: [Errno 111] Connection refused'))"
19_final.mp4,24,"Error analyzing image: HTTPConnectionPool(host='localhost', port=11434): Max retries exceeded with url: /api/chat (Caused by NewConnectionError('<urllib3.connection.HTTPConnection object at 0x7f7439e29490>: Failed to establish a new connection: [Errno 111] Connection refused'))"
19_final.mp4,27,"Error analyzing image: HTTPConnectionPool(host='localhost', port=11434): Max retries exceeded with url: /api/chat (Caused by NewConnectionError('<urllib3.connection.HTTPConnection object at 0x7f7439e29610>: Failed to establish a new connection: [Errno 111] Connection refused'))"
19_final.mp4,30,"Error analyzing image: HTTPConnectionPool(host='localhost', port=11434): Max retries exceeded with url: /api/chat (Caused by NewConnectionError('<urllib3.connection.HTTPConnection object at 0x7f7439e12040>: Failed to establish a new connection: [Errno 111] Connection refused'))"
19_final.mp4,33,"Error analyzing image: HTTPConnectionPool(host='localhost', port=11434): Max retries exceeded with url: /api/chat (Caused by NewConnectionError('<urllib3.connection.HTTPConnection object at 0x7f7439ea5c70>: Failed to establish a new connection: [Errno 111] Connection refused'))"
19_final.mp4,36,"Error analyzing image: HTTPConnectionPool(host='localhost', port=11434): Max retries exceeded with url: /api/chat (Caused by NewConnectionError('<urllib3.connection.HTTPConnection object at 0x7f7439ea5550>: Failed to establish a new connection: [Errno 111] Connection refused'))"
19_final.mp4,39,"Error analyzing image: HTTPConnectionPool(host='localhost', port=11434): Max retries exceeded with url: /api/chat (Caused by NewConnectionError('<urllib3.connection.HTTPConnection object at 0x7f7439dd4e80>: Failed to establish a new connection: [Errno 111] Connection refused'))"
19_final.mp4,42,"Error analyzing image: HTTPConnectionPool(host='localhost', port=11434): Max retries exceeded with url: /api/chat (Caused by NewConnectionError('<urllib3.connection.HTTPConnection object at 0x7f7439e1ef40>: Failed to establish a new connection: [Errno 111] Connection refused'))"
19_final.mp4,45,"Error analyzing image: HTTPConnectionPool(host='localhost', port=11434): Max retries exceeded with url: /api/chat (Caused by NewConnectionError('<urllib3.connection.HTTPConnection object at 0x7f7439dd4190>: Failed to establish a new connection: [Errno 111] Connection refused'))"
19_final.mp4,48,"Error analyzing image: HTTPConnectionPool(host='localhost', port=11434): Max retries exceeded with url: /api/chat (Caused by NewConnectionError('<urllib3.connection.HTTPConnection object at 0x7f7439ea5490>: Failed to establish a new connection: [Errno 111] Connection refused'))"
19_final.mp4,51,"Error analyzing image: HTTPConnectionPool(host='localhost', port=11434): Max retries exceeded with url: /api/chat (Caused by NewConnectionError('<urllib3.connection.HTTPConnection object at 0x7f7439e12e80>: Failed to establish a new connection: [Errno 111] Connection refused'))"
19_final.mp4,54,"Error analyzing image: HTTPConnectionPool(host='localhost', port=11434): Max retries exceeded with url: /api/chat (Caused by NewConnectionError('<urllib3.connection.HTTPConnection object at 0x7f7439e291c0>: Failed to establish a new connection: [Errno 111] Connection refused'))"
19_final.mp4,57,"Error analyzing image: HTTPConnectionPool(host='localhost', port=11434): Max retries exceeded with url: /api/chat (Caused by NewConnectionError('<urllib3.connection.HTTPConnection object at 0x7f7439e06100>: Failed to establish a new connection: [Errno 111] Connection refused'))"
19_final.mp4,60,"Error analyzing image: HTTPConnectionPool(host='localhost', port=11434): Max retries exceeded with url: /api/chat (Caused by NewConnectionError('<urllib3.connection.HTTPConnection object at 0x7f7439e1e190>: Failed to establish a new connection: [Errno 111] Connection refused'))"
19_final.mp4,63,"Error analyzing image: HTTPConnectionPool(host='localhost', port=11434): Max retries exceeded with url: /api/chat (Caused by NewConnectionError('<urllib3.connection.HTTPConnection object at 0x7f7439e29a60>: Failed to establish a new connection: [Errno 111] Connection refused'))"
19_final.mp4,66,"Error analyzing image: HTTPConnectionPool(host='localhost', port=11434): Max retries exceeded with url: /api/chat (Caused by NewConnectionError('<urllib3.connection.HTTPConnection object at 0x7f7439e12fa0>: Failed to establish a new connection: [Errno 111] Connection refused'))"
19_final.mp4,69,"Error analyzing image: HTTPConnectionPool(host='localhost', port=11434): Max retries exceeded with url: /api/chat (Caused by NewConnectionError('<urllib3.connection.HTTPConnection object at 0x7f7439ea5dc0>: Failed to establish a new connection: [Errno 111] Connection refused'))"
19_final.mp4,72,"Error analyzing image: HTTPConnectionPool(host='localhost', port=11434): Max retries exceeded with url: /api/chat (Caused by NewConnectionError('<urllib3.connection.HTTPConnection object at 0x7f7439dd4d60>: Failed to establish a new connection: [Errno 111] Connection refused'))"
19_final.mp4,75,"Error analyzing image: HTTPConnectionPool(host='localhost', port=11434): Max retries exceeded with url: /api/chat (Caused by NewConnectionError('<urllib3.connection.HTTPConnection object at 0x7f7439de68b0>: Failed to establish a new connection: [Errno 111] Connection refused'))"
19_final.mp4,78,"Error analyzing image: HTTPConnectionPool(host='localhost', port=11434): Max retries exceeded with url: /api/chat (Caused by NewConnectionError('<urllib3.connection.HTTPConnection object at 0x7f7439ea5610>: Failed to establish a new connection: [Errno 111] Connection refused'))"
19_final.mp4,81,"Error analyzing image: HTTPConnectionPool(host='localhost', port=11434): Max retries exceeded with url: /api/chat (Caused by NewConnectionError('<urllib3.connection.HTTPConnection object at 0x7f7439ea57f0>: Failed to establish a new connection: [Errno 111] Connection refused'))"
19_final.mp4,84,"Error analyzing image: HTTPConnectionPool(host='localhost', port=11434): Max retries exceeded with url: /api/chat (Caused by NewConnectionError('<urllib3.connection.HTTPConnection object at 0x7f7439e12550>: Failed to establish a new connection: [Errno 111] Connection refused'))"
19_final.mp4,87,"Error analyzing image: HTTPConnectionPool(host='localhost', port=11434): Max retries exceeded with url: /api/chat (Caused by NewConnectionError('<urllib3.connection.HTTPConnection object at 0x7f7439e290d0>: Failed to establish a new connection: [Errno 111] Connection refused'))"
19_final.mp4,90,"Error analyzing image: HTTPConnectionPool(host='localhost', port=11434): Max retries exceeded with url: /api/chat (Caused by NewConnectionError('<urllib3.connection.HTTPConnection object at 0x7f7439de6430>: Failed to establish a new connection: [Errno 111] Connection refused'))"
19_final.mp4,93,"Error analyzing image: HTTPConnectionPool(host='localhost', port=11434): Max retries exceeded with url: /api/chat (Caused by NewConnectionError('<urllib3.connection.HTTPConnection object at 0x7f7439e29610>: Failed to establish a new connection: [Errno 111] Connection refused'))"
19_final.mp4,96,"Error analyzing image: HTTPConnectionPool(host='localhost', port=11434): Max retries exceeded with url: /api/chat (Caused by NewConnectionError('<urllib3.connection.HTTPConnection object at 0x7f7439ea5580>: Failed to establish a new connection: [Errno 111] Connection refused'))"
19_final.mp4,99,"Error analyzing image: HTTPConnectionPool(host='localhost', port=11434): Max retries exceeded with url: /api/chat (Caused by NewConnectionError('<urllib3.connection.HTTPConnection object at 0x7f7439ea5760>: Failed to establish a new connection: [Errno 111] Connection refused'))"
19_final.mp4,102,"Error analyzing image: HTTPConnectionPool(host='localhost', port=11434): Max retries exceeded with url: /api/chat (Caused by NewConnectionError('<urllib3.connection.HTTPConnection object at 0x7f7439de66d0>: Failed to establish a new connection: [Errno 111] Connection refused'))"
19_final.mp4,105,"Error analyzing image: HTTPConnectionPool(host='localhost', port=11434): Max retries exceeded with url: /api/chat (Caused by NewConnectionError('<urllib3.connection.HTTPConnection object at 0x7f7439dd4bb0>: Failed to establish a new connection: [Errno 111] Connection refused'))"
19_final.mp4,108,"Error analyzing image: HTTPConnectionPool(host='localhost', port=11434): Max retries exceeded with url: /api/chat (Caused by NewConnectionError('<urllib3.connection.HTTPConnection object at 0x7f7439e06c10>: Failed to establish a new connection: [Errno 111] Connection refused'))"
19_final.mp4,111,"Error analyzing image: HTTPConnectionPool(host='localhost', port=11434): Max retries exceeded with url: /api/chat (Caused by NewConnectionError('<urllib3.connection.HTTPConnection object at 0x7f7439ea5d60>: Failed to establish a new connection: [Errno 111] Connection refused'))"
19_final.mp4,114,"Error analyzing image: HTTPConnectionPool(host='localhost', port=11434): Max retries exceeded with url: /api/chat (Caused by NewConnectionError('<urllib3.connection.HTTPConnection object at 0x7f7439ea5580>: Failed to establish a new connection: [Errno 111] Connection refused'))"
19_final.mp4,117,"Error analyzing image: HTTPConnectionPool(host='localhost', port=11434): Max retries exceeded with url: /api/chat (Caused by NewConnectionError('<urllib3.connection.HTTPConnection object at 0x7f7439de6a30>: Failed to establish a new connection: [Errno 111] Connection refused'))"
19_final.mp4,120,"Error analyzing image: HTTPConnectionPool(host='localhost', port=11434): Max retries exceeded with url: /api/chat (Caused by NewConnectionError('<urllib3.connection.HTTPConnection object at 0x7f7439de6f40>: Failed to establish a new connection: [Errno 111] Connection refused'))"
19_final.mp4,123,"Error analyzing image: HTTPConnectionPool(host='localhost', port=11434): Max retries exceeded with url: /api/chat (Caused by NewConnectionError('<urllib3.connection.HTTPConnection object at 0x7f7439e298b0>: Failed to establish a new connection: [Errno 111] Connection refused'))"
19_final.mp4,126,"Error analyzing image: HTTPConnectionPool(host='localhost', port=11434): Max retries exceeded with url: /api/chat (Caused by NewConnectionError('<urllib3.connection.HTTPConnection object at 0x7f7439e294f0>: Failed to establish a new connection: [Errno 111] Connection refused'))"
19_final.mp4,129,"Error analyzing image: HTTPConnectionPool(host='localhost', port=11434): Max retries exceeded with url: /api/chat (Caused by NewConnectionError('<urllib3.connection.HTTPConnection object at 0x7f7439de6c10>: Failed to establish a new connection: [Errno 111] Connection refused'))"
19_final.mp4,132,"Error analyzing image: HTTPConnectionPool(host='localhost', port=11434): Max retries exceeded with url: /api/chat (Caused by NewConnectionError('<urllib3.connection.HTTPConnection object at 0x7f7439de6730>: Failed to establish a new connection: [Errno 111] Connection refused'))"
19_final.mp4,135,"Error analyzing image: HTTPConnectionPool(host='localhost', port=11434): Max retries exceeded with url: /api/chat (Caused by NewConnectionError('<urllib3.connection.HTTPConnection object at 0x7f7439ea5d90>: Failed to establish a new connection: [Errno 111] Connection refused'))"
19_final.mp4,138,"Error analyzing image: HTTPConnectionPool(host='localhost', port=11434): Max retries exceeded with url: /api/chat (Caused by NewConnectionError('<urllib3.connection.HTTPConnection object at 0x7f7439dd4d00>: Failed to establish a new connection: [Errno 111] Connection refused'))"
19_final.mp4,141,"Error analyzing image: HTTPConnectionPool(host='localhost', port=11434): Max retries exceeded with url: /api/chat (Caused by NewConnectionError('<urllib3.connection.HTTPConnection object at 0x7f7439e1e040>: Failed to establish a new connection: [Errno 111] Connection refused'))"
19_final.mp4,144,"Error analyzing image: HTTPConnectionPool(host='localhost', port=11434): Max retries exceeded with url: /api/chat (Caused by NewConnectionError('<urllib3.connection.HTTPConnection object at 0x7f7439ea5460>: Failed to establish a new connection: [Errno 111] Connection refused'))"
19_final.mp4,147,"Error analyzing image: HTTPConnectionPool(host='localhost', port=11434): Max retries exceeded with url: /api/chat (Caused by NewConnectionError('<urllib3.connection.HTTPConnection object at 0x7f7439de61c0>: Failed to establish a new connection: [Errno 111] Connection refused'))"
19_final.mp4,150,"Error analyzing image: HTTPConnectionPool(host='localhost', port=11434): Max retries exceeded with url: /api/chat (Caused by NewConnectionError('<urllib3.connection.HTTPConnection object at 0x7f7439de6bb0>: Failed to establish a new connection: [Errno 111] Connection refused'))"
19_final.mp4,153,"Error analyzing image: HTTPConnectionPool(host='localhost', port=11434): Max retries exceeded with url: /api/chat (Caused by NewConnectionError('<urllib3.connection.HTTPConnection object at 0x7f7439e29100>: Failed to establish a new connection: [Errno 111] Connection refused'))"
19_final.mp4,156,"Error analyzing image: HTTPConnectionPool(host='localhost', port=11434): Max retries exceeded with url: /api/chat (Caused by NewConnectionError('<urllib3.connection.HTTPConnection object at 0x7f7439e1e250>: Failed to establish a new connection: [Errno 111] Connection refused'))"
19_final.mp4,159,"Error analyzing image: HTTPConnectionPool(host='localhost', port=11434): Max retries exceeded with url: /api/chat (Caused by NewConnectionError('<urllib3.connection.HTTPConnection object at 0x7f7439e29490>: Failed to establish a new connection: [Errno 111] Connection refused'))"
19_final.mp4,162,"Error analyzing image: HTTPConnectionPool(host='localhost', port=11434): Max retries exceeded with url: /api/chat (Caused by NewConnectionError('<urllib3.connection.HTTPConnection object at 0x7f7439de6a60>: Failed to establish a new connection: [Errno 111] Connection refused'))"
19_final.mp4,165,"Error analyzing image: HTTPConnectionPool(host='localhost', port=11434): Max retries exceeded with url: /api/chat (Caused by NewConnectionError('<urllib3.connection.HTTPConnection object at 0x7f7439de6460>: Failed to establish a new connection: [Errno 111] Connection refused'))"
19_final.mp4,168,"Error analyzing image: HTTPConnectionPool(host='localhost', port=11434): Max retries exceeded with url: /api/chat (Caused by NewConnectionError('<urllib3.connection.HTTPConnection object at 0x7f7439ea58b0>: Failed to establish a new connection: [Errno 111] Connection refused'))"
19_final.mp4,171,"Error analyzing image: HTTPConnectionPool(host='localhost', port=11434): Max retries exceeded with url: /api/chat (Caused by NewConnectionError('<urllib3.connection.HTTPConnection object at 0x7f7439ea5760>: Failed to establish a new connection: [Errno 111] Connection refused'))"
19_final.mp4,174,"Error analyzing image: HTTPConnectionPool(host='localhost', port=11434): Max retries exceeded with url: /api/chat (Caused by NewConnectionError('<urllib3.connection.HTTPConnection object at 0x7f7439e1e280>: Failed to establish a new connection: [Errno 111] Connection refused'))"
19_final.mp4,177,"Error analyzing image: HTTPConnectionPool(host='localhost', port=11434): Max retries exceeded with url: /api/chat (Caused by NewConnectionError('<urllib3.connection.HTTPConnection object at 0x7f7439ea5ee0>: Failed to establish a new connection: [Errno 111] Connection refused'))"
19_final.mp4,180,"Error analyzing image: HTTPConnectionPool(host='localhost', port=11434): Max retries exceeded with url: /api/chat (Caused by NewConnectionError('<urllib3.connection.HTTPConnection object at 0x7f7439de68e0>: Failed to establish a new connection: [Errno 111] Connection refused'))"
19_final.mp4,183,"Error analyzing image: HTTPConnectionPool(host='localhost', port=11434): Max retries exceeded with url: /api/chat (Caused by NewConnectionError('<urllib3.connection.HTTPConnection object at 0x7f7439de69a0>: Failed to establish a new connection: [Errno 111] Connection refused'))"
19_final.mp4,186,"Error analyzing image: HTTPConnectionPool(host='localhost', port=11434): Max retries exceeded with url: /api/chat (Caused by NewConnectionError('<urllib3.connection.HTTPConnection object at 0x7f7439e1e370>: Failed to establish a new connection: [Errno 111] Connection refused'))"
19_final.mp4,189,"Error analyzing image: HTTPConnectionPool(host='localhost', port=11434): Max retries exceeded with url: /api/chat (Caused by NewConnectionError('<urllib3.connection.HTTPConnection object at 0x7f7439e298b0>: Failed to establish a new connection: [Errno 111] Connection refused'))"
19_final.mp4,192,"Error analyzing image: HTTPConnectionPool(host='localhost', port=11434): Max retries exceeded with url: /api/chat (Caused by NewConnectionError('<urllib3.connection.HTTPConnection object at 0x7f7439e29e80>: Failed to establish a new connection: [Errno 111] Connection refused'))"
19_final.mp4,195,"Error analyzing image: HTTPConnectionPool(host='localhost', port=11434): Max retries exceeded with url: /api/chat (Caused by NewConnectionError('<urllib3.connection.HTTPConnection object at 0x7f7439e1ebb0>: Failed to establish a new connection: [Errno 111] Connection refused'))"
19_final.mp4,198,"Error analyzing image: HTTPConnectionPool(host='localhost', port=11434): Max retries exceeded with url: /api/chat (Caused by NewConnectionError('<urllib3.connection.HTTPConnection object at 0x7f7439de6ca0>: Failed to establish a new connection: [Errno 111] Connection refused'))"
19_final.mp4,201,"Error analyzing image: HTTPConnectionPool(host='localhost', port=11434): Max retries exceeded with url: /api/chat (Caused by NewConnectionError('<urllib3.connection.HTTPConnection object at 0x7f7439de6910>: Failed to establish a new connection: [Errno 111] Connection refused'))"
19_final.mp4,204,"Error analyzing image: HTTPConnectionPool(host='localhost', port=11434): Max retries exceeded with url: /api/chat (Caused by NewConnectionError('<urllib3.connection.HTTPConnection object at 0x7f7439ea5c10>: Failed to establish a new connection: [Errno 111] Connection refused'))"
19_final.mp4,207,"Error analyzing image: HTTPConnectionPool(host='localhost', port=11434): Max retries exceeded with url: /api/chat (Caused by NewConnectionError('<urllib3.connection.HTTPConnection object at 0x7f7439e12940>: Failed to establish a new connection: [Errno 111] Connection refused'))"
19_final.mp4,210,"Error analyzing image: HTTPConnectionPool(host='localhost', port=11434): Max retries exceeded with url: /api/chat (Caused by NewConnectionError('<urllib3.connection.HTTPConnection object at 0x7f7439ea59d0>: Failed to establish a new connection: [Errno 111] Connection refused'))"
19_final.mp4,213,"Error analyzing image: HTTPConnectionPool(host='localhost', port=11434): Max retries exceeded with url: /api/chat (Caused by NewConnectionError('<urllib3.connection.HTTPConnection object at 0x7f7439de6310>: Failed to establish a new connection: [Errno 111] Connection refused'))"
19_final.mp4,216,"Error analyzing image: HTTPConnectionPool(host='localhost', port=11434): Max retries exceeded with url: /api/chat (Caused by NewConnectionError('<urllib3.connection.HTTPConnection object at 0x7f7439e067c0>: Failed to establish a new connection: [Errno 111] Connection refused'))"
19_final.mp4,219,"Error analyzing image: HTTPConnectionPool(host='localhost', port=11434): Max retries exceeded with url: /api/chat (Caused by NewConnectionError('<urllib3.connection.HTTPConnection object at 0x7f7439e29a90>: Failed to establish a new connection: [Errno 111] Connection refused'))"
19_final.mp4,222,"Error analyzing image: HTTPConnectionPool(host='localhost', port=11434): Max retries exceeded with url: /api/chat (Caused by NewConnectionError('<urllib3.connection.HTTPConnection object at 0x7f7439e12e20>: Failed to establish a new connection: [Errno 111] Connection refused'))"
19_final.mp4,225,"Error analyzing image: HTTPConnectionPool(host='localhost', port=11434): Max retries exceeded with url: /api/chat (Caused by NewConnectionError('<urllib3.connection.HTTPConnection object at 0x7f7439e12cd0>: Failed to establish a new connection: [Errno 111] Connection refused'))"
19_final.mp4,228,"Error analyzing image: HTTPConnectionPool(host='localhost', port=11434): Max retries exceeded with url: /api/chat (Caused by NewConnectionError('<urllib3.connection.HTTPConnection object at 0x7f7439e29f70>: Failed to establish a new connection: [Errno 111] Connection refused'))"
19_final.mp4,231,"Error analyzing image: HTTPConnectionPool(host='localhost', port=11434): Max retries exceeded with url: /api/chat (Caused by NewConnectionError('<urllib3.connection.HTTPConnection object at 0x7f7439de6fd0>: Failed to establish a new connection: [Errno 111] Connection refused'))"
19_final.mp4,234,"Error analyzing image: HTTPConnectionPool(host='localhost', port=11434): Max retries exceeded with url: /api/chat (Caused by NewConnectionError('<urllib3.connection.HTTPConnection object at 0x7f7439de62e0>: Failed to establish a new connection: [Errno 111] Connection refused'))"
19_final.mp4,237,"Error analyzing image: HTTPConnectionPool(host='localhost', port=11434): Max retries exceeded with url: /api/chat (Caused by NewConnectionError('<urllib3.connection.HTTPConnection object at 0x7f7439ea5cd0>: Failed to establish a new connection: [Errno 111] Connection refused'))"
19_final.mp4,240,"Error analyzing image: HTTPConnectionPool(host='localhost', port=11434): Max retries exceeded with url: /api/chat (Caused by NewConnectionError('<urllib3.connection.HTTPConnection object at 0x7f7439dfd490>: Failed to establish a new connection: [Errno 111] Connection refused'))"
19_final.mp4,243,"Error analyzing image: HTTPConnectionPool(host='localhost', port=11434): Max retries exceeded with url: /api/chat (Caused by NewConnectionError('<urllib3.connection.HTTPConnection object at 0x7f7439de6730>: Failed to establish a new connection: [Errno 111] Connection refused'))"
19_final.mp4,246,"Error analyzing image: HTTPConnectionPool(host='localhost', port=11434): Max retries exceeded with url: /api/chat (Caused by NewConnectionError('<urllib3.connection.HTTPConnection object at 0x7f7439de69a0>: Failed to establish a new connection: [Errno 111] Connection refused'))"
19_final.mp4,249,"Error analyzing image: HTTPConnectionPool(host='localhost', port=11434): Max retries exceeded with url: /api/chat (Caused by NewConnectionError('<urllib3.connection.HTTPConnection object at 0x7f7439e1e760>: Failed to establish a new connection: [Errno 111] Connection refused'))"
19_final.mp4,252,"Error analyzing image: HTTPConnectionPool(host='localhost', port=11434): Max retries exceeded with url: /api/chat (Caused by NewConnectionError('<urllib3.connection.HTTPConnection object at 0x7f7439e29c10>: Failed to establish a new connection: [Errno 111] Connection refused'))"
19_final.mp4,255,"Error analyzing image: HTTPConnectionPool(host='localhost', port=11434): Max retries exceeded with url: /api/chat (Caused by NewConnectionError('<urllib3.connection.HTTPConnection object at 0x7f7439dfd940>: Failed to establish a new connection: [Errno 111] Connection refused'))"
19_final.mp4,258,"Error analyzing image: HTTPConnectionPool(host='localhost', port=11434): Max retries exceeded with url: /api/chat (Caused by NewConnectionError('<urllib3.connection.HTTPConnection object at 0x7f7439dfd100>: Failed to establish a new connection: [Errno 111] Connection refused'))"
19_final.mp4,261,"Error analyzing image: HTTPConnectionPool(host='localhost', port=11434): Max retries exceeded with url: /api/chat (Caused by NewConnectionError('<urllib3.connection.HTTPConnection object at 0x7f7439e29ac0>: Failed to establish a new connection: [Errno 111] Connection refused'))"
19_final.mp4,264,"Error analyzing image: HTTPConnectionPool(host='localhost', port=11434): Max retries exceeded with url: /api/chat (Caused by NewConnectionError('<urllib3.connection.HTTPConnection object at 0x7f7439e1eb80>: Failed to establish a new connection: [Errno 111] Connection refused'))"
19_final.mp4,267,"Error analyzing image: HTTPConnectionPool(host='localhost', port=11434): Max retries exceeded with url: /api/chat (Caused by NewConnectionError('<urllib3.connection.HTTPConnection object at 0x7f7439de6970>: Failed to establish a new connection: [Errno 111] Connection refused'))"
21_final.mp4,0,"Error analyzing image: HTTPConnectionPool(host='localhost', port=11434): Max retries exceeded with url: /api/chat (Caused by NewConnectionError('<urllib3.connection.HTTPConnection object at 0x7f7439de60d0>: Failed to establish a new connection: [Errno 111] Connection refused'))"
21_final.mp4,3,"Error analyzing image: HTTPConnectionPool(host='localhost', port=11434): Max retries exceeded with url: /api/chat (Caused by NewConnectionError('<urllib3.connection.HTTPConnection object at 0x7f7439de6250>: Failed to establish a new connection: [Errno 111] Connection refused'))"
21_final.mp4,6,"Error analyzing image: HTTPConnectionPool(host='localhost', port=11434): Max retries exceeded with url: /api/chat (Caused by NewConnectionError('<urllib3.connection.HTTPConnection object at 0x7f7439de6400>: Failed to establish a new connection: [Errno 111] Connection refused'))"
21_final.mp4,9,"Error analyzing image: HTTPConnectionPool(host='localhost', port=11434): Max retries exceeded with url: /api/chat (Caused by NewConnectionError('<urllib3.connection.HTTPConnection object at 0x7f7439e291f0>: Failed to establish a new connection: [Errno 111] Connection refused'))"
21_final.mp4,12,"Error analyzing image: HTTPConnectionPool(host='localhost', port=11434): Max retries exceeded with url: /api/chat (Caused by NewConnectionError('<urllib3.connection.HTTPConnection object at 0x7f7439e12640>: Failed to establish a new connection: [Errno 111] Connection refused'))"
21_final.mp4,15,"Error analyzing image: HTTPConnectionPool(host='localhost', port=11434): Max retries exceeded with url: /api/chat (Caused by NewConnectionError('<urllib3.connection.HTTPConnection object at 0x7f7439dfd7f0>: Failed to establish a new connection: [Errno 111] Connection refused'))"
21_final.mp4,18,"Error analyzing image: HTTPConnectionPool(host='localhost', port=11434): Max retries exceeded with url: /api/chat (Caused by NewConnectionError('<urllib3.connection.HTTPConnection object at 0x7f7439d913a0>: Failed to establish a new connection: [Errno 111] Connection refused'))"
21_final.mp4,21,"Error analyzing image: HTTPConnectionPool(host='localhost', port=11434): Max retries exceeded with url: /api/chat (Caused by NewConnectionError('<urllib3.connection.HTTPConnection object at 0x7f7439e29a30>: Failed to establish a new connection: [Errno 111] Connection refused'))"
21_final.mp4,24,"Error analyzing image: HTTPConnectionPool(host='localhost', port=11434): Max retries exceeded with url: /api/chat (Caused by NewConnectionError('<urllib3.connection.HTTPConnection object at 0x7f7439de6190>: Failed to establish a new connection: [Errno 111] Connection refused'))"
21_final.mp4,27,"Error analyzing image: HTTPConnectionPool(host='localhost', port=11434): Max retries exceeded with url: /api/chat (Caused by NewConnectionError('<urllib3.connection.HTTPConnection object at 0x7f7439dfd5b0>: Failed to establish a new connection: [Errno 111] Connection refused'))"
21_final.mp4,30,"Error analyzing image: HTTPConnectionPool(host='localhost', port=11434): Max retries exceeded with url: /api/chat (Caused by NewConnectionError('<urllib3.connection.HTTPConnection object at 0x7f7439e121c0>: Failed to establish a new connection: [Errno 111] Connection refused'))"
21_final.mp4,33,"Error analyzing image: HTTPConnectionPool(host='localhost', port=11434): Max retries exceeded with url: /api/chat (Caused by NewConnectionError('<urllib3.connection.HTTPConnection object at 0x7f7439e12fa0>: Failed to establish a new connection: [Errno 111] Connection refused'))"
21_final.mp4,36,"Error analyzing image: HTTPConnectionPool(host='localhost', port=11434): Max retries exceeded with url: /api/chat (Caused by NewConnectionError('<urllib3.connection.HTTPConnection object at 0x7f7439de60a0>: Failed to establish a new connection: [Errno 111] Connection refused'))"
21_final.mp4,39,"Error analyzing image: HTTPConnectionPool(host='localhost', port=11434): Max retries exceeded with url: /api/chat (Caused by NewConnectionError('<urllib3.connection.HTTPConnection object at 0x7f7439de6df0>: Failed to establish a new connection: [Errno 111] Connection refused'))"
21_final.mp4,42,"Error analyzing image: HTTPConnectionPool(host='localhost', port=11434): Max retries exceeded with url: /api/chat (Caused by NewConnectionError('<urllib3.connection.HTTPConnection object at 0x7f7439e29b20>: Failed to establish a new connection: [Errno 111] Connection refused'))"
21_final.mp4,45,"Error analyzing image: HTTPConnectionPool(host='localhost', port=11434): Max retries exceeded with url: /api/chat (Caused by NewConnectionError('<urllib3.connection.HTTPConnection object at 0x7f7439e12430>: Failed to establish a new connection: [Errno 111] Connection refused'))"
21_final.mp4,48,"Error analyzing image: HTTPConnectionPool(host='localhost', port=11434): Max retries exceeded with url: /api/chat (Caused by NewConnectionError('<urllib3.connection.HTTPConnection object at 0x7f7439dfdd90>: Failed to establish a new connection: [Errno 111] Connection refused'))"
21_final.mp4,51,"Error analyzing image: HTTPConnectionPool(host='localhost', port=11434): Max retries exceeded with url: /api/chat (Caused by NewConnectionError('<urllib3.connection.HTTPConnection object at 0x7f7439ea5af0>: Failed to establish a new connection: [Errno 111] Connection refused'))"
21_final.mp4,54,"Error analyzing image: HTTPConnectionPool(host='localhost', port=11434): Max retries exceeded with url: /api/chat (Caused by NewConnectionError('<urllib3.connection.HTTPConnection object at 0x7f7439e29dc0>: Failed to establish a new connection: [Errno 111] Connection refused'))"
21_final.mp4,57,"Error analyzing image: HTTPConnectionPool(host='localhost', port=11434): Max retries exceeded with url: /api/chat (Caused by NewConnectionError('<urllib3.connection.HTTPConnection object at 0x7f7439e12700>: Failed to establish a new connection: [Errno 111] Connection refused'))"
21_final.mp4,60,"Error analyzing image: HTTPConnectionPool(host='localhost', port=11434): Max retries exceeded with url: /api/chat (Caused by NewConnectionError('<urllib3.connection.HTTPConnection object at 0x7f7440d35b50>: Failed to establish a new connection: [Errno 111] Connection refused'))"
21_final.mp4,63,"Error analyzing image: HTTPConnectionPool(host='localhost', port=11434): Max retries exceeded with url: /api/chat (Caused by NewConnectionError('<urllib3.connection.HTTPConnection object at 0x7f7439de6730>: Failed to establish a new connection: [Errno 111] Connection refused'))"
21_final.mp4,66,"Error analyzing image: HTTPConnectionPool(host='localhost', port=11434): Max retries exceeded with url: /api/chat (Caused by NewConnectionError('<urllib3.connection.HTTPConnection object at 0x7f7439ea5ee0>: Failed to establish a new connection: [Errno 111] Connection refused'))"
21_final.mp4,69,"Error analyzing image: HTTPConnectionPool(host='localhost', port=11434): Max retries exceeded with url: /api/chat (Caused by NewConnectionError('<urllib3.connection.HTTPConnection object at 0x7f7439de6f10>: Failed to establish a new connection: [Errno 111] Connection refused'))"
21_final.mp4,72,"Error analyzing image: HTTPConnectionPool(host='localhost', port=11434): Max retries exceeded with url: /api/chat (Caused by NewConnectionError('<urllib3.connection.HTTPConnection object at 0x7f7439de6d30>: Failed to establish a new connection: [Errno 111] Connection refused'))"
21_final.mp4,75,"Error analyzing image: HTTPConnectionPool(host='localhost', port=11434): Max retries exceeded with url: /api/chat (Caused by NewConnectionError('<urllib3.connection.HTTPConnection object at 0x7f7439e12910>: Failed to establish a new connection: [Errno 111] Connection refused'))"
21_final.mp4,78,"Error analyzing image: HTTPConnectionPool(host='localhost', port=11434): Max retries exceeded with url: /api/chat (Caused by NewConnectionError('<urllib3.connection.HTTPConnection object at 0x7f7439e294f0>: Failed to establish a new connection: [Errno 111] Connection refused'))"
21_final.mp4,81,"Error analyzing image: HTTPConnectionPool(host='localhost', port=11434): Max retries exceeded with url: /api/chat (Caused by NewConnectionError('<urllib3.connection.HTTPConnection object at 0x7f7439dfd2e0>: Failed to establish a new connection: [Errno 111] Connection refused'))"
21_final.mp4,84,"Error analyzing image: HTTPConnectionPool(host='localhost', port=11434): Max retries exceeded with url: /api/chat (Caused by NewConnectionError('<urllib3.connection.HTTPConnection object at 0x7f7439ea5f70>: Failed to establish a new connection: [Errno 111] Connection refused'))"
21_final.mp4,87,"Error analyzing image: HTTPConnectionPool(host='localhost', port=11434): Max retries exceeded with url: /api/chat (Caused by NewConnectionError('<urllib3.connection.HTTPConnection object at 0x7f7439e29ee0>: Failed to establish a new connection: [Errno 111] Connection refused'))"
21_final.mp4,90,"Error analyzing image: HTTPConnectionPool(host='localhost', port=11434): Max retries exceeded with url: /api/chat (Caused by NewConnectionError('<urllib3.connection.HTTPConnection object at 0x7f7439e12250>: Failed to establish a new connection: [Errno 111] Connection refused'))"
21_final.mp4,93,"Error analyzing image: HTTPConnectionPool(host='localhost', port=11434): Max retries exceeded with url: /api/chat (Caused by NewConnectionError('<urllib3.connection.HTTPConnection object at 0x7f7439ea5460>: Failed to establish a new connection: [Errno 111] Connection refused'))"
21_final.mp4,96,"Error analyzing image: HTTPConnectionPool(host='localhost', port=11434): Max retries exceeded with url: /api/chat (Caused by NewConnectionError('<urllib3.connection.HTTPConnection object at 0x7f7439de62e0>: Failed to establish a new connection: [Errno 111] Connection refused'))"
21_final.mp4,99,"Error analyzing image: HTTPConnectionPool(host='localhost', port=11434): Max retries exceeded with url: /api/chat (Caused by NewConnectionError('<urllib3.connection.HTTPConnection object at 0x7f7439de6910>: Failed to establish a new connection: [Errno 111] Connection refused'))"
21_final.mp4,102,"Error analyzing image: HTTPConnectionPool(host='localhost', port=11434): Max retries exceeded with url: /api/chat (Caused by NewConnectionError('<urllib3.connection.HTTPConnection object at 0x7f7439de6580>: Failed to establish a new connection: [Errno 111] Connection refused'))"
21_final.mp4,105,"Error analyzing image: HTTPConnectionPool(host='localhost', port=11434): Max retries exceeded with url: /api/chat (Caused by NewConnectionError('<urllib3.connection.HTTPConnection object at 0x7f7439de6520>: Failed to establish a new connection: [Errno 111] Connection refused'))"
21_final.mp4,108,"Error analyzing image: HTTPConnectionPool(host='localhost', port=11434): Max retries exceeded with url: /api/chat (Caused by NewConnectionError('<urllib3.connection.HTTPConnection object at 0x7f7439e12eb0>: Failed to establish a new connection: [Errno 111] Connection refused'))"
21_final.mp4,111,"Error analyzing image: HTTPConnectionPool(host='localhost', port=11434): Max retries exceeded with url: /api/chat (Caused by NewConnectionError('<urllib3.connection.HTTPConnection object at 0x7f7439e127c0>: Failed to establish a new connection: [Errno 111] Connection refused'))"
21_final.mp4,114,"Error analyzing image: HTTPConnectionPool(host='localhost', port=11434): Max retries exceeded with url: /api/chat (Caused by NewConnectionError('<urllib3.connection.HTTPConnection object at 0x7f7439e29a00>: Failed to establish a new connection: [Errno 111] Connection refused'))"
21_final.mp4,117,"Error analyzing image: HTTPConnectionPool(host='localhost', port=11434): Max retries exceeded with url: /api/chat (Caused by NewConnectionError('<urllib3.connection.HTTPConnection object at 0x7f7439e1edc0>: Failed to establish a new connection: [Errno 111] Connection refused'))"
21_final.mp4,120,"Error analyzing image: HTTPConnectionPool(host='localhost', port=11434): Max retries exceeded with url: /api/chat (Caused by NewConnectionError('<urllib3.connection.HTTPConnection object at 0x7f7439e29460>: Failed to establish a new connection: [Errno 111] Connection refused'))"
21_final.mp4,123,"Error analyzing image: HTTPConnectionPool(host='localhost', port=11434): Max retries exceeded with url: /api/chat (Caused by NewConnectionError('<urllib3.connection.HTTPConnection object at 0x7f7439e12220>: Failed to establish a new connection: [Errno 111] Connection refused'))"
21_final.mp4,126,"Error analyzing image: HTTPConnectionPool(host='localhost', port=11434): Max retries exceeded with url: /api/chat (Caused by NewConnectionError('<urllib3.connection.HTTPConnection object at 0x7f7439de6550>: Failed to establish a new connection: [Errno 111] Connection refused'))"
21_final.mp4,129,"Error analyzing image: HTTPConnectionPool(host='localhost', port=11434): Max retries exceeded with url: /api/chat (Caused by NewConnectionError('<urllib3.connection.HTTPConnection object at 0x7f7439de6b50>: Failed to establish a new connection: [Errno 111] Connection refused'))"
21_final.mp4,132,"Error analyzing image: HTTPConnectionPool(host='localhost', port=11434): Max retries exceeded with url: /api/chat (Caused by NewConnectionError('<urllib3.connection.HTTPConnection object at 0x7f7439e1e520>: Failed to establish a new connection: [Errno 111] Connection refused'))"
21_final.mp4,135,"Error analyzing image: HTTPConnectionPool(host='localhost', port=11434): Max retries exceeded with url: /api/chat (Caused by NewConnectionError('<urllib3.connection.HTTPConnection object at 0x7f7439e1ed90>: Failed to establish a new connection: [Errno 111] Connection refused'))"
21_final.mp4,138,"Error analyzing image: HTTPConnectionPool(host='localhost', port=11434): Max retries exceeded with url: /api/chat (Caused by NewConnectionError('<urllib3.connection.HTTPConnection object at 0x7f7439de6be0>: Failed to establish a new connection: [Errno 111] Connection refused'))"
21_final.mp4,141,"Error analyzing image: HTTPConnectionPool(host='localhost', port=11434): Max retries exceeded with url: /api/chat (Caused by NewConnectionError('<urllib3.connection.HTTPConnection object at 0x7f7439ea5b80>: Failed to establish a new connection: [Errno 111] Connection refused'))"
21_final.mp4,144,"Error analyzing image: HTTPConnectionPool(host='localhost', port=11434): Max retries exceeded with url: /api/chat (Caused by NewConnectionError('<urllib3.connection.HTTPConnection object at 0x7f7439e12a00>: Failed to establish a new connection: [Errno 111] Connection refused'))"
21_final.mp4,147,"Error analyzing image: HTTPConnectionPool(host='localhost', port=11434): Max retries exceeded with url: /api/chat (Caused by NewConnectionError('<urllib3.connection.HTTPConnection object at 0x7f7439e29fd0>: Failed to establish a new connection: [Errno 111] Connection refused'))"
21_final.mp4,150,"Error analyzing image: HTTPConnectionPool(host='localhost', port=11434): Max retries exceeded with url: /api/chat (Caused by NewConnectionError('<urllib3.connection.HTTPConnection object at 0x7f7439e06280>: Failed to establish a new connection: [Errno 111] Connection refused'))"
21_final.mp4,153,"Error analyzing image: HTTPConnectionPool(host='localhost', port=11434): Max retries exceeded with url: /api/chat (Caused by NewConnectionError('<urllib3.connection.HTTPConnection object at 0x7f7439e12100>: Failed to establish a new connection: [Errno 111] Connection refused'))"
21_final.mp4,156,"Error analyzing image: HTTPConnectionPool(host='localhost', port=11434): Max retries exceeded with url: /api/chat (Caused by NewConnectionError('<urllib3.connection.HTTPConnection object at 0x7f7439ea5f40>: Failed to establish a new connection: [Errno 111] Connection refused'))"
21_final.mp4,159,"Error analyzing image: HTTPConnectionPool(host='localhost', port=11434): Max retries exceeded with url: /api/chat (Caused by NewConnectionError('<urllib3.connection.HTTPConnection object at 0x7f7439de6ac0>: Failed to establish a new connection: [Errno 111] Connection refused'))"
21_final.mp4,162,"Error analyzing image: HTTPConnectionPool(host='localhost', port=11434): Max retries exceeded with url: /api/chat (Caused by NewConnectionError('<urllib3.connection.HTTPConnection object at 0x7f7439de6e50>: Failed to establish a new connection: [Errno 111] Connection refused'))"
21_final.mp4,165,"Error analyzing image: HTTPConnectionPool(host='localhost', port=11434): Max retries exceeded with url: /api/chat (Caused by NewConnectionError('<urllib3.connection.HTTPConnection object at 0x7f7439e1e640>: Failed to establish a new connection: [Errno 111] Connection refused'))"
21_final.mp4,168,"Error analyzing image: HTTPConnectionPool(host='localhost', port=11434): Max retries exceeded with url: /api/chat (Caused by NewConnectionError('<urllib3.connection.HTTPConnection object at 0x7f7439e1ed60>: Failed to establish a new connection: [Errno 111] Connection refused'))"
21_final.mp4,171,"Error analyzing image: HTTPConnectionPool(host='localhost', port=11434): Max retries exceeded with url: /api/chat (Caused by NewConnectionError('<urllib3.connection.HTTPConnection object at 0x7f7439de6ee0>: Failed to establish a new connection: [Errno 111] Connection refused'))"
21_final.mp4,174,"Error analyzing image: HTTPConnectionPool(host='localhost', port=11434): Max retries exceeded with url: /api/chat (Caused by NewConnectionError('<urllib3.connection.HTTPConnection object at 0x7f7439de6fd0>: Failed to establish a new connection: [Errno 111] Connection refused'))"
21_final.mp4,177,"Error analyzing image: HTTPConnectionPool(host='localhost', port=11434): Max retries exceeded with url: /api/chat (Caused by NewConnectionError('<urllib3.connection.HTTPConnection object at 0x7f7439dfddf0>: Failed to establish a new connection: [Errno 111] Connection refused'))"
21_final.mp4,180,"Error analyzing image: HTTPConnectionPool(host='localhost', port=11434): Max retries exceeded with url: /api/chat (Caused by NewConnectionError('<urllib3.connection.HTTPConnection object at 0x7f7439e12550>: Failed to establish a new connection: [Errno 111] Connection refused'))"
21_final.mp4,183,"Error analyzing image: HTTPConnectionPool(host='localhost', port=11434): Max retries exceeded with url: /api/chat (Caused by NewConnectionError('<urllib3.connection.HTTPConnection object at 0x7f7439dd42e0>: Failed to establish a new connection: [Errno 111] Connection refused'))"
21_final.mp4,186,"Error analyzing image: HTTPConnectionPool(host='localhost', port=11434): Max retries exceeded with url: /api/chat (Caused by NewConnectionError('<urllib3.connection.HTTPConnection object at 0x7f7439e12220>: Failed to establish a new connection: [Errno 111] Connection refused'))"
21_final.mp4,189,"Error analyzing image: HTTPConnectionPool(host='localhost', port=11434): Max retries exceeded with url: /api/chat (Caused by NewConnectionError('<urllib3.connection.HTTPConnection object at 0x7f7439de6c70>: Failed to establish a new connection: [Errno 111] Connection refused'))"
21_final.mp4,192,"Error analyzing image: HTTPConnectionPool(host='localhost', port=11434): Max retries exceeded with url: /api/chat (Caused by NewConnectionError('<urllib3.connection.HTTPConnection object at 0x7f7439de66a0>: Failed to establish a new connection: [Errno 111] Connection refused'))"
21_final.mp4,195,"Error analyzing image: HTTPConnectionPool(host='localhost', port=11434): Max retries exceeded with url: /api/chat (Caused by NewConnectionError('<urllib3.connection.HTTPConnection object at 0x7f7439e1e280>: Failed to establish a new connection: [Errno 111] Connection refused'))"
21_final.mp4,198,"Error analyzing image: HTTPConnectionPool(host='localhost', port=11434): Max retries exceeded with url: /api/chat (Caused by NewConnectionError('<urllib3.connection.HTTPConnection object at 0x7f7439dd40d0>: Failed to establish a new connection: [Errno 111] Connection refused'))"
21_final.mp4,201,"Error analyzing image: HTTPConnectionPool(host='localhost', port=11434): Max retries exceeded with url: /api/chat (Caused by NewConnectionError('<urllib3.connection.HTTPConnection object at 0x7f7439dd4160>: Failed to establish a new connection: [Errno 111] Connection refused'))"
21_final.mp4,204,"Error analyzing image: HTTPConnectionPool(host='localhost', port=11434): Max retries exceeded with url: /api/chat (Caused by NewConnectionError('<urllib3.connection.HTTPConnection object at 0x7f7439e1ea30>: Failed to establish a new connection: [Errno 111] Connection refused'))"
21_final.mp4,207,"Error analyzing image: HTTPConnectionPool(host='localhost', port=11434): Max retries exceeded with url: /api/chat (Caused by NewConnectionError('<urllib3.connection.HTTPConnection object at 0x7f7439de6700>: Failed to establish a new connection: [Errno 111] Connection refused'))"
21_final.mp4,210,"Error analyzing image: HTTPConnectionPool(host='localhost', port=11434): Max retries exceeded with url: /api/chat (Caused by NewConnectionError('<urllib3.connection.HTTPConnection object at 0x7f7439ea56d0>: Failed to establish a new connection: [Errno 111] Connection refused'))"
21_final.mp4,213,"Error analyzing image: HTTPConnectionPool(host='localhost', port=11434): Max retries exceeded with url: /api/chat (Caused by NewConnectionError('<urllib3.connection.HTTPConnection object at 0x7f7439e12c40>: Failed to establish a new connection: [Errno 111] Connection refused'))"
21_final.mp4,216,"Error analyzing image: HTTPConnectionPool(host='localhost', port=11434): Max retries exceeded with url: /api/chat (Caused by NewConnectionError('<urllib3.connection.HTTPConnection object at 0x7f7439d93370>: Failed to establish a new connection: [Errno 111] Connection refused'))"
21_final.mp4,219,"Error analyzing image: HTTPConnectionPool(host='localhost', port=11434): Max retries exceeded with url: /api/chat (Caused by NewConnectionError('<urllib3.connection.HTTPConnection object at 0x7f7439de6100>: Failed to establish a new connection: [Errno 111] Connection refused'))"
21_final.mp4,222,"Error analyzing image: HTTPConnectionPool(host='localhost', port=11434): Max retries exceeded with url: /api/chat (Caused by NewConnectionError('<urllib3.connection.HTTPConnection object at 0x7f7439dd4d00>: Failed to establish a new connection: [Errno 111] Connection refused'))"
21_final.mp4,225,"Error analyzing image: HTTPConnectionPool(host='localhost', port=11434): Max retries exceeded with url: /api/chat (Caused by NewConnectionError('<urllib3.connection.HTTPConnection object at 0x7f7439dd4e80>: Failed to establish a new connection: [Errno 111] Connection refused'))"
21_final.mp4,228,"Error analyzing image: HTTPConnectionPool(host='localhost', port=11434): Max retries exceeded with url: /api/chat (Caused by NewConnectionError('<urllib3.connection.HTTPConnection object at 0x7f7439e29460>: Failed to establish a new connection: [Errno 111] Connection refused'))"
21_final.mp4,231,"Error analyzing image: HTTPConnectionPool(host='localhost', port=11434): Max retries exceeded with url: /api/chat (Caused by NewConnectionError('<urllib3.connection.HTTPConnection object at 0x7f7439e1ef70>: Failed to establish a new connection: [Errno 111] Connection refused'))"
21_final.mp4,234,"Error analyzing image: HTTPConnectionPool(host='localhost', port=11434): Max retries exceeded with url: /api/chat (Caused by NewConnectionError('<urllib3.connection.HTTPConnection object at 0x7f7439e29dc0>: Failed to establish a new connection: [Errno 111] Connection refused'))"
21_final.mp4,237,"Error analyzing image: HTTPConnectionPool(host='localhost', port=11434): Max retries exceeded with url: /api/chat (Caused by NewConnectionError('<urllib3.connection.HTTPConnection object at 0x7f7439e06700>: Failed to establish a new connection: [Errno 111] Connection refused'))"
21_final.mp4,240,"Error analyzing image: HTTPConnectionPool(host='localhost', port=11434): Max retries exceeded with url: /api/chat (Caused by NewConnectionError('<urllib3.connection.HTTPConnection object at 0x7f7439dd43d0>: Failed to establish a new connection: [Errno 111] Connection refused'))"
21_final.mp4,243,"Error analyzing image: HTTPConnectionPool(host='localhost', port=11434): Max retries exceeded with url: /api/chat (Caused by NewConnectionError('<urllib3.connection.HTTPConnection object at 0x7f7439de60d0>: Failed to establish a new connection: [Errno 111] Connection refused'))"
21_final.mp4,246,"Error analyzing image: HTTPConnectionPool(host='localhost', port=11434): Max retries exceeded with url: /api/chat (Caused by NewConnectionError('<urllib3.connection.HTTPConnection object at 0x7f7439de6e80>: Failed to establish a new connection: [Errno 111] Connection refused'))"
21_final.mp4,249,"Error analyzing image: HTTPConnectionPool(host='localhost', port=11434): Max retries exceeded with url: /api/chat (Caused by NewConnectionError('<urllib3.connection.HTTPConnection object at 0x7f7439e1ea60>: Failed to establish a new connection: [Errno 111] Connection refused'))"
21_final.mp4,252,"Error analyzing image: HTTPConnectionPool(host='localhost', port=11434): Max retries exceeded with url: /api/chat (Caused by NewConnectionError('<urllib3.connection.HTTPConnection object at 0x7f7439de6130>: Failed to establish a new connection: [Errno 111] Connection refused'))"
21_final.mp4,255,"Error analyzing image: HTTPConnectionPool(host='localhost', port=11434): Max retries exceeded with url: /api/chat (Caused by NewConnectionError('<urllib3.connection.HTTPConnection object at 0x7f7439dd4220>: Failed to establish a new connection: [Errno 111] Connection refused'))"
21_final.mp4,258,"Error analyzing image: HTTPConnectionPool(host='localhost', port=11434): Max retries exceeded with url: /api/chat (Caused by NewConnectionError('<urllib3.connection.HTTPConnection object at 0x7f7439e06e50>: Failed to establish a new connection: [Errno 111] Connection refused'))"
21_final.mp4,261,"Error analyzing image: HTTPConnectionPool(host='localhost', port=11434): Max retries exceeded with url: /api/chat (Caused by NewConnectionError('<urllib3.connection.HTTPConnection object at 0x7f7439e29b50>: Failed to establish a new connection: [Errno 111] Connection refused'))"
21_final.mp4,264,"Error analyzing image: HTTPConnectionPool(host='localhost', port=11434): Max retries exceeded with url: /api/chat (Caused by NewConnectionError('<urllib3.connection.HTTPConnection object at 0x7f7439e1e190>: Failed to establish a new connection: [Errno 111] Connection refused'))"
21_final.mp4,267,"Error analyzing image: HTTPConnectionPool(host='localhost', port=11434): Max retries exceeded with url: /api/chat (Caused by NewConnectionError('<urllib3.connection.HTTPConnection object at 0x7f7439e1ee20>: Failed to establish a new connection: [Errno 111] Connection refused'))"
21_final.mp4,270,"Error analyzing image: HTTPConnectionPool(host='localhost', port=11434): Max retries exceeded with url: /api/chat (Caused by NewConnectionError('<urllib3.connection.HTTPConnection object at 0x7f7439e29a30>: Failed to establish a new connection: [Errno 111] Connection refused'))"
21_final.mp4,273,"Error analyzing image: HTTPConnectionPool(host='localhost', port=11434): Max retries exceeded with url: /api/chat (Caused by NewConnectionError('<urllib3.connection.HTTPConnection object at 0x7f7439dd4490>: Failed to establish a new connection: [Errno 111] Connection refused'))"
21_final.mp4,276,"Error analyzing image: HTTPConnectionPool(host='localhost', port=11434): Max retries exceeded with url: /api/chat (Caused by NewConnectionError('<urllib3.connection.HTTPConnection object at 0x7f7439dd49d0>: Failed to establish a new connection: [Errno 111] Connection refused'))"
21_final.mp4,279,"Error analyzing image: HTTPConnectionPool(host='localhost', port=11434): Max retries exceeded with url: /api/chat (Caused by NewConnectionError('<urllib3.connection.HTTPConnection object at 0x7f7439de6f40>: Failed to establish a new connection: [Errno 111] Connection refused'))"
21_final.mp4,282,"Error analyzing image: HTTPConnectionPool(host='localhost', port=11434): Max retries exceeded with url: /api/chat (Caused by NewConnectionError('<urllib3.connection.HTTPConnection object at 0x7f7439e12c70>: Failed to establish a new connection: [Errno 111] Connection refused'))"
21_final.mp4,285,"Error analyzing image: HTTPConnectionPool(host='localhost', port=11434): Max retries exceeded with url: /api/chat (Caused by NewConnectionError('<urllib3.connection.HTTPConnection object at 0x7f7439de60d0>: Failed to establish a new connection: [Errno 111] Connection refused'))"
21_final.mp4,288,"Error analyzing image: HTTPConnectionPool(host='localhost', port=11434): Max retries exceeded with url: /api/chat (Caused by NewConnectionError('<urllib3.connection.HTTPConnection object at 0x7f7439dd4550>: Failed to establish a new connection: [Errno 111] Connection refused'))"
21_final.mp4,291,"Error analyzing image: HTTPConnectionPool(host='localhost', port=11434): Max retries exceeded with url: /api/chat (Caused by NewConnectionError('<urllib3.connection.HTTPConnection object at 0x7f7439e06670>: Failed to establish a new connection: [Errno 111] Connection refused'))"
21_final.mp4,294,"Error analyzing image: HTTPConnectionPool(host='localhost', port=11434): Max retries exceeded with url: /api/chat (Caused by NewConnectionError('<urllib3.connection.HTTPConnection object at 0x7f7439e29af0>: Failed to establish a new connection: [Errno 111] Connection refused'))"
21_final.mp4,297,"Error analyzing image: HTTPConnectionPool(host='localhost', port=11434): Max retries exceeded with url: /api/chat (Caused by NewConnectionError('<urllib3.connection.HTTPConnection object at 0x7f7439e1ef40>: Failed to establish a new connection: [Errno 111] Connection refused'))"
21_final.mp4,300,"Error analyzing image: HTTPConnectionPool(host='localhost', port=11434): Max retries exceeded with url: /api/chat (Caused by NewConnectionError('<urllib3.connection.HTTPConnection object at 0x7f7439e1e490>: Failed to establish a new connection: [Errno 111] Connection refused'))"
21_final.mp4,303,"Error analyzing image: HTTPConnectionPool(host='localhost', port=11434): Max retries exceeded with url: /api/chat (Caused by NewConnectionError('<urllib3.connection.HTTPConnection object at 0x7f7439e29310>: Failed to establish a new connection: [Errno 111] Connection refused'))"
21_final.mp4,306,"Error analyzing image: HTTPConnectionPool(host='localhost', port=11434): Max retries exceeded with url: /api/chat (Caused by NewConnectionError('<urllib3.connection.HTTPConnection object at 0x7f7439e06490>: Failed to establish a new connection: [Errno 111] Connection refused'))"
21_final.mp4,309,"Error analyzing image: HTTPConnectionPool(host='localhost', port=11434): Max retries exceeded with url: /api/chat (Caused by NewConnectionError('<urllib3.connection.HTTPConnection object at 0x7f7439dd4b50>: Failed to establish a new connection: [Errno 111] Connection refused'))"
21_final.mp4,312,"Error analyzing image: HTTPConnectionPool(host='localhost', port=11434): Max retries exceeded with url: /api/chat (Caused by NewConnectionError('<urllib3.connection.HTTPConnection object at 0x7f7439de6580>: Failed to establish a new connection: [Errno 111] Connection refused'))"
21_final.mp4,315,"Error analyzing image: HTTPConnectionPool(host='localhost', port=11434): Max retries exceeded with url: /api/chat (Caused by NewConnectionError('<urllib3.connection.HTTPConnection object at 0x7f7439ea54c0>: Failed to establish a new connection: [Errno 111] Connection refused'))"
21_final.mp4,318,"Error analyzing image: HTTPConnectionPool(host='localhost', port=11434): Max retries exceeded with url: /api/chat (Caused by NewConnectionError('<urllib3.connection.HTTPConnection object at 0x7f7439dd4400>: Failed to establish a new connection: [Errno 111] Connection refused'))"
21_final.mp4,321,"Error analyzing image: HTTPConnectionPool(host='localhost', port=11434): Max retries exceeded with url: /api/chat (Caused by NewConnectionError('<urllib3.connection.HTTPConnection object at 0x7f7439e06250>: Failed to establish a new connection: [Errno 111] Connection refused'))"
21_final.mp4,324,"Error analyzing image: HTTPConnectionPool(host='localhost', port=11434): Max retries exceeded with url: /api/chat (Caused by NewConnectionError('<urllib3.connection.HTTPConnection object at 0x7f7439e29910>: Failed to establish a new connection: [Errno 111] Connection refused'))"
21_final.mp4,327,"Error analyzing image: HTTPConnectionPool(host='localhost', port=11434): Max retries exceeded with url: /api/chat (Caused by NewConnectionError('<urllib3.connection.HTTPConnection object at 0x7f7439e1e460>: Failed to establish a new connection: [Errno 111] Connection refused'))"
22_final.mp4,0,"Error analyzing image: HTTPConnectionPool(host='localhost', port=11434): Max retries exceeded with url: /api/chat (Caused by NewConnectionError('<urllib3.connection.HTTPConnection object at 0x7f7439e1e100>: Failed to establish a new connection: [Errno 111] Connection refused'))"
22_final.mp4,3,"Error analyzing image: HTTPConnectionPool(host='localhost', port=11434): Max retries exceeded with url: /api/chat (Caused by NewConnectionError('<urllib3.connection.HTTPConnection object at 0x7f7439e29ca0>: Failed to establish a new connection: [Errno 111] Connection refused'))"
22_final.mp4,6,"Error analyzing image: HTTPConnectionPool(host='localhost', port=11434): Max retries exceeded with url: /api/chat (Caused by NewConnectionError('<urllib3.connection.HTTPConnection object at 0x7f7439dd4970>: Failed to establish a new connection: [Errno 111] Connection refused'))"
22_final.mp4,9,"Error analyzing image: HTTPConnectionPool(host='localhost', port=11434): Max retries exceeded with url: /api/chat (Caused by NewConnectionError('<urllib3.connection.HTTPConnection object at 0x7f7439dd4c70>: Failed to establish a new connection: [Errno 111] Connection refused'))"
22_final.mp4,12,"Error analyzing image: HTTPConnectionPool(host='localhost', port=11434): Max retries exceeded with url: /api/chat (Caused by NewConnectionError('<urllib3.connection.HTTPConnection object at 0x7f7439ea5700>: Failed to establish a new connection: [Errno 111] Connection refused'))"
22_final.mp4,15,"Error analyzing image: HTTPConnectionPool(host='localhost', port=11434): Max retries exceeded with url: /api/chat (Caused by NewConnectionError('<urllib3.connection.HTTPConnection object at 0x7f7439dfdc70>: Failed to establish a new connection: [Errno 111] Connection refused'))"
22_final.mp4,18,"Error analyzing image: HTTPConnectionPool(host='localhost', port=11434): Max retries exceeded with url: /api/chat (Caused by NewConnectionError('<urllib3.connection.HTTPConnection object at 0x7f7439dd4dc0>: Failed to establish a new connection: [Errno 111] Connection refused'))"
22_final.mp4,21,"Error analyzing image: HTTPConnectionPool(host='localhost', port=11434): Max retries exceeded with url: /api/chat (Caused by NewConnectionError('<urllib3.connection.HTTPConnection object at 0x7f7439dd4610>: Failed to establish a new connection: [Errno 111] Connection refused'))"
22_final.mp4,24,"Error analyzing image: HTTPConnectionPool(host='localhost', port=11434): Max retries exceeded with url: /api/chat (Caused by NewConnectionError('<urllib3.connection.HTTPConnection object at 0x7f7439e29d30>: Failed to establish a new connection: [Errno 111] Connection refused'))"
22_final.mp4,27,"Error analyzing image: HTTPConnectionPool(host='localhost', port=11434): Max retries exceeded with url: /api/chat (Caused by NewConnectionError('<urllib3.connection.HTTPConnection object at 0x7f7439e12be0>: Failed to establish a new connection: [Errno 111] Connection refused'))"
22_final.mp4,30,"Error analyzing image: HTTPConnectionPool(host='localhost', port=11434): Max retries exceeded with url: /api/chat (Caused by NewConnectionError('<urllib3.connection.HTTPConnection object at 0x7f7439ea5dc0>: Failed to establish a new connection: [Errno 111] Connection refused'))"
22_final.mp4,33,"Error analyzing image: HTTPConnectionPool(host='localhost', port=11434): Max retries exceeded with url: /api/chat (Caused by NewConnectionError('<urllib3.connection.HTTPConnection object at 0x7f7439dfd1f0>: Failed to establish a new connection: [Errno 111] Connection refused'))"
22_final.mp4,36,"Error analyzing image: HTTPConnectionPool(host='localhost', port=11434): Max retries exceeded with url: /api/chat (Caused by NewConnectionError('<urllib3.connection.HTTPConnection object at 0x7f7439e29550>: Failed to establish a new connection: [Errno 111] Connection refused'))"
22_final.mp4,39,"Error analyzing image: HTTPConnectionPool(host='localhost', port=11434): Max retries exceeded with url: /api/chat (Caused by NewConnectionError('<urllib3.connection.HTTPConnection object at 0x7f7439ea5370>: Failed to establish a new connection: [Errno 111] Connection refused'))"
22_final.mp4,42,"Error analyzing image: HTTPConnectionPool(host='localhost', port=11434): Max retries exceeded with url: /api/chat (Caused by NewConnectionError('<urllib3.connection.HTTPConnection object at 0x7f7439dd4400>: Failed to establish a new connection: [Errno 111] Connection refused'))"
22_final.mp4,45,"Error analyzing image: HTTPConnectionPool(host='localhost', port=11434): Max retries exceeded with url: /api/chat (Caused by NewConnectionError('<urllib3.connection.HTTPConnection object at 0x7f7439dd48b0>: Failed to establish a new connection: [Errno 111] Connection refused'))"
22_final.mp4,48,"Error analyzing image: HTTPConnectionPool(host='localhost', port=11434): Max retries exceeded with url: /api/chat (Caused by NewConnectionError('<urllib3.connection.HTTPConnection object at 0x7f7439dfddc0>: Failed to establish a new connection: [Errno 111] Connection refused'))"
22_final.mp4,51,"Error analyzing image: HTTPConnectionPool(host='localhost', port=11434): Max retries exceeded with url: /api/chat (Caused by NewConnectionError('<urllib3.connection.HTTPConnection object at 0x7f7439de6490>: Failed to establish a new connection: [Errno 111] Connection refused'))"
22_final.mp4,54,"Error analyzing image: HTTPConnectionPool(host='localhost', port=11434): Max retries exceeded with url: /api/chat (Caused by NewConnectionError('<urllib3.connection.HTTPConnection object at 0x7f7439dd4880>: Failed to establish a new connection: [Errno 111] Connection refused'))"
22_final.mp4,57,"Error analyzing image: HTTPConnectionPool(host='localhost', port=11434): Max retries exceeded with url: /api/chat (Caused by NewConnectionError('<urllib3.connection.HTTPConnection object at 0x7f7439ea5940>: Failed to establish a new connection: [Errno 111] Connection refused'))"
22_final.mp4,60,"Error analyzing image: HTTPConnectionPool(host='localhost', port=11434): Max retries exceeded with url: /api/chat (Caused by NewConnectionError('<urllib3.connection.HTTPConnection object at 0x7f7439e29e20>: Failed to establish a new connection: [Errno 111] Connection refused'))"
22_final.mp4,63,"Error analyzing image: HTTPConnectionPool(host='localhost', port=11434): Max retries exceeded with url: /api/chat (Caused by NewConnectionError('<urllib3.connection.HTTPConnection object at 0x7f7439e12a00>: Failed to establish a new connection: [Errno 111] Connection refused'))"
22_final.mp4,66,"Error analyzing image: HTTPConnectionPool(host='localhost', port=11434): Max retries exceeded with url: /api/chat (Caused by NewConnectionError('<urllib3.connection.HTTPConnection object at 0x7f7439dfd160>: Failed to establish a new connection: [Errno 111] Connection refused'))"
22_final.mp4,69,"Error analyzing image: HTTPConnectionPool(host='localhost', port=11434): Max retries exceeded with url: /api/chat (Caused by NewConnectionError('<urllib3.connection.HTTPConnection object at 0x7f7439e29d30>: Failed to establish a new connection: [Errno 111] Connection refused'))"
22_final.mp4,72,"Error analyzing image: HTTPConnectionPool(host='localhost', port=11434): Max retries exceeded with url: /api/chat (Caused by NewConnectionError('<urllib3.connection.HTTPConnection object at 0x7f7439ea5d60>: Failed to establish a new connection: [Errno 111] Connection refused'))"
22_final.mp4,75,"Error analyzing image: HTTPConnectionPool(host='localhost', port=11434): Max retries exceeded with url: /api/chat (Caused by NewConnectionError('<urllib3.connection.HTTPConnection object at 0x7f7439dd4670>: Failed to establish a new connection: [Errno 111] Connection refused'))"
22_final.mp4,78,"Error analyzing image: HTTPConnectionPool(host='localhost', port=11434): Max retries exceeded with url: /api/chat (Caused by NewConnectionError('<urllib3.connection.HTTPConnection object at 0x7f7439dd4df0>: Failed to establish a new connection: [Errno 111] Connection refused'))"
22_final.mp4,81,"Error analyzing image: HTTPConnectionPool(host='localhost', port=11434): Max retries exceeded with url: /api/chat (Caused by NewConnectionError('<urllib3.connection.HTTPConnection object at 0x7f7439de6670>: Failed to establish a new connection: [Errno 111] Connection refused'))"
22_final.mp4,84,"Error analyzing image: HTTPConnectionPool(host='localhost', port=11434): Max retries exceeded with url: /api/chat (Caused by NewConnectionError('<urllib3.connection.HTTPConnection object at 0x7f7439e06af0>: Failed to establish a new connection: [Errno 111] Connection refused'))"
22_final.mp4,87,"Error analyzing image: HTTPConnectionPool(host='localhost', port=11434): Max retries exceeded with url: /api/chat (Caused by NewConnectionError('<urllib3.connection.HTTPConnection object at 0x7f7439e29940>: Failed to establish a new connection: [Errno 111] Connection refused'))"
22_final.mp4,90,"Error analyzing image: HTTPConnectionPool(host='localhost', port=11434): Max retries exceeded with url: /api/chat (Caused by NewConnectionError('<urllib3.connection.HTTPConnection object at 0x7f7439dfdee0>: Failed to establish a new connection: [Errno 111] Connection refused'))"
22_final.mp4,93,"Error analyzing image: HTTPConnectionPool(host='localhost', port=11434): Max retries exceeded with url: /api/chat (Caused by NewConnectionError('<urllib3.connection.HTTPConnection object at 0x7f7439dd4e50>: Failed to establish a new connection: [Errno 111] Connection refused'))"
22_final.mp4,96,"Error analyzing image: HTTPConnectionPool(host='localhost', port=11434): Max retries exceeded with url: /api/chat (Caused by NewConnectionError('<urllib3.connection.HTTPConnection object at 0x7f7439dd41f0>: Failed to establish a new connection: [Errno 111] Connection refused'))"
22_final.mp4,99,"Error analyzing image: HTTPConnectionPool(host='localhost', port=11434): Max retries exceeded with url: /api/chat (Caused by NewConnectionError('<urllib3.connection.HTTPConnection object at 0x7f7439ea5580>: Failed to establish a new connection: [Errno 111] Connection refused'))"
22_final.mp4,102,"Error analyzing image: HTTPConnectionPool(host='localhost', port=11434): Max retries exceeded with url: /api/chat (Caused by NewConnectionError('<urllib3.connection.HTTPConnection object at 0x7f7439dd42e0>: Failed to establish a new connection: [Errno 111] Connection refused'))"
22_final.mp4,105,"Error analyzing image: HTTPConnectionPool(host='localhost', port=11434): Max retries exceeded with url: /api/chat (Caused by NewConnectionError('<urllib3.connection.HTTPConnection object at 0x7f7439e29400>: Failed to establish a new connection: [Errno 111] Connection refused'))"
22_final.mp4,108,"Error analyzing image: HTTPConnectionPool(host='localhost', port=11434): Max retries exceeded with url: /api/chat (Caused by NewConnectionError('<urllib3.connection.HTTPConnection object at 0x7f7439dfde50>: Failed to establish a new connection: [Errno 111] Connection refused'))"
22_final.mp4,111,"Error analyzing image: HTTPConnectionPool(host='localhost', port=11434): Max retries exceeded with url: /api/chat (Caused by NewConnectionError('<urllib3.connection.HTTPConnection object at 0x7f7439e06c70>: Failed to establish a new connection: [Errno 111] Connection refused'))"
22_final.mp4,114,"Error analyzing image: HTTPConnectionPool(host='localhost', port=11434): Max retries exceeded with url: /api/chat (Caused by NewConnectionError('<urllib3.connection.HTTPConnection object at 0x7f7439ea5a30>: Failed to establish a new connection: [Errno 111] Connection refused'))"
22_final.mp4,117,"Error analyzing image: HTTPConnectionPool(host='localhost', port=11434): Max retries exceeded with url: /api/chat (Caused by NewConnectionError('<urllib3.connection.HTTPConnection object at 0x7f7439ea5b80>: Failed to establish a new connection: [Errno 111] Connection refused'))"
22_final.mp4,120,"Error analyzing image: HTTPConnectionPool(host='localhost', port=11434): Max retries exceeded with url: /api/chat (Caused by NewConnectionError('<urllib3.connection.HTTPConnection object at 0x7f7439dfd430>: Failed to establish a new connection: [Errno 111] Connection refused'))"
22_final.mp4,123,"Error analyzing image: HTTPConnectionPool(host='localhost', port=11434): Max retries exceeded with url: /api/chat (Caused by NewConnectionError('<urllib3.connection.HTTPConnection object at 0x7f7439dfd8e0>: Failed to establish a new connection: [Errno 111] Connection refused'))"
22_final.mp4,126,"Error analyzing image: HTTPConnectionPool(host='localhost', port=11434): Max retries exceeded with url: /api/chat (Caused by NewConnectionError('<urllib3.connection.HTTPConnection object at 0x7f7439e29100>: Failed to establish a new connection: [Errno 111] Connection refused'))"
22_final.mp4,129,"Error analyzing image: HTTPConnectionPool(host='localhost', port=11434): Max retries exceeded with url: /api/chat (Caused by NewConnectionError('<urllib3.connection.HTTPConnection object at 0x7f7439dd4310>: Failed to establish a new connection: [Errno 111] Connection refused'))"
22_final.mp4,132,"Error analyzing image: HTTPConnectionPool(host='localhost', port=11434): Max retries exceeded with url: /api/chat (Caused by NewConnectionError('<urllib3.connection.HTTPConnection object at 0x7f7439e1ee20>: Failed to establish a new connection: [Errno 111] Connection refused'))"
22_final.mp4,135,"Error analyzing image: HTTPConnectionPool(host='localhost', port=11434): Max retries exceeded with url: /api/chat (Caused by NewConnectionError('<urllib3.connection.HTTPConnection object at 0x7f7439e29580>: Failed to establish a new connection: [Errno 111] Connection refused'))"
22_final.mp4,138,"Error analyzing image: HTTPConnectionPool(host='localhost', port=11434): Max retries exceeded with url: /api/chat (Caused by NewConnectionError('<urllib3.connection.HTTPConnection object at 0x7f7439dfdc10>: Failed to establish a new connection: [Errno 111] Connection refused'))"
22_final.mp4,141,"Error analyzing image: HTTPConnectionPool(host='localhost', port=11434): Max retries exceeded with url: /api/chat (Caused by NewConnectionError('<urllib3.connection.HTTPConnection object at 0x7f7439dfd760>: Failed to establish a new connection: [Errno 111] Connection refused'))"
22_final.mp4,144,"Error analyzing image: HTTPConnectionPool(host='localhost', port=11434): Max retries exceeded with url: /api/chat (Caused by NewConnectionError('<urllib3.connection.HTTPConnection object at 0x7f7439ea5460>: Failed to establish a new connection: [Errno 111] Connection refused'))"
22_final.mp4,147,"Error analyzing image: HTTPConnectionPool(host='localhost', port=11434): Max retries exceeded with url: /api/chat (Caused by NewConnectionError('<urllib3.connection.HTTPConnection object at 0x7f7439e12370>: Failed to establish a new connection: [Errno 111] Connection refused'))"
22_final.mp4,150,"Error analyzing image: HTTPConnectionPool(host='localhost', port=11434): Max retries exceeded with url: /api/chat (Caused by NewConnectionError('<urllib3.connection.HTTPConnection object at 0x7f7439e12730>: Failed to establish a new connection: [Errno 111] Connection refused'))"
22_final.mp4,153,"Error analyzing image: HTTPConnectionPool(host='localhost', port=11434): Max retries exceeded with url: /api/chat (Caused by NewConnectionError('<urllib3.connection.HTTPConnection object at 0x7f7439e067c0>: Failed to establish a new connection: [Errno 111] Connection refused'))"
22_final.mp4,156,"Error analyzing image: HTTPConnectionPool(host='localhost', port=11434): Max retries exceeded with url: /api/chat (Caused by NewConnectionError('<urllib3.connection.HTTPConnection object at 0x7f7439dfd490>: Failed to establish a new connection: [Errno 111] Connection refused'))"
22_final.mp4,159,"Error analyzing image: HTTPConnectionPool(host='localhost', port=11434): Max retries exceeded with url: /api/chat (Caused by NewConnectionError('<urllib3.connection.HTTPConnection object at 0x7f7439e29460>: Failed to establish a new connection: [Errno 111] Connection refused'))"
22_final.mp4,162,"Error analyzing image: HTTPConnectionPool(host='localhost', port=11434): Max retries exceeded with url: /api/chat (Caused by NewConnectionError('<urllib3.connection.HTTPConnection object at 0x7f7439dd4490>: Failed to establish a new connection: [Errno 111] Connection refused'))"
22_final.mp4,165,"Error analyzing image: HTTPConnectionPool(host='localhost', port=11434): Max retries exceeded with url: /api/chat (Caused by NewConnectionError('<urllib3.connection.HTTPConnection object at 0x7f7439e1e070>: Failed to establish a new connection: [Errno 111] Connection refused'))"
22_final.mp4,168,"Error analyzing image: HTTPConnectionPool(host='localhost', port=11434): Max retries exceeded with url: /api/chat (Caused by NewConnectionError('<urllib3.connection.HTTPConnection object at 0x7f7439e290d0>: Failed to establish a new connection: [Errno 111] Connection refused'))"
22_final.mp4,171,"Error analyzing image: HTTPConnectionPool(host='localhost', port=11434): Max retries exceeded with url: /api/chat (Caused by NewConnectionError('<urllib3.connection.HTTPConnection object at 0x7f7439dfd6a0>: Failed to establish a new connection: [Errno 111] Connection refused'))"
22_final.mp4,174,"Error analyzing image: HTTPConnectionPool(host='localhost', port=11434): Max retries exceeded with url: /api/chat (Caused by NewConnectionError('<urllib3.connection.HTTPConnection object at 0x7f7439e06c70>: Failed to establish a new connection: [Errno 111] Connection refused'))"
22_final.mp4,177,"Error analyzing image: HTTPConnectionPool(host='localhost', port=11434): Max retries exceeded with url: /api/chat (Caused by NewConnectionError('<urllib3.connection.HTTPConnection object at 0x7f7439e12be0>: Failed to establish a new connection: [Errno 111] Connection refused'))"
22_final.mp4,180,"Error analyzing image: HTTPConnectionPool(host='localhost', port=11434): Max retries exceeded with url: /api/chat (Caused by NewConnectionError('<urllib3.connection.HTTPConnection object at 0x7f7439e1eee0>: Failed to establish a new connection: [Errno 111] Connection refused'))"
22_final.mp4,183,"Error analyzing image: HTTPConnectionPool(host='localhost', port=11434): Max retries exceeded with url: /api/chat (Caused by NewConnectionError('<urllib3.connection.HTTPConnection object at 0x7f7439e1e2b0>: Failed to establish a new connection: [Errno 111] Connection refused'))"
22_final.mp4,186,"Error analyzing image: HTTPConnectionPool(host='localhost', port=11434): Max retries exceeded with url: /api/chat (Caused by NewConnectionError('<urllib3.connection.HTTPConnection object at 0x7f7439ea5430>: Failed to establish a new connection: [Errno 111] Connection refused'))"
22_final.mp4,189,"Error analyzing image: HTTPConnectionPool(host='localhost', port=11434): Max retries exceeded with url: /api/chat (Caused by NewConnectionError('<urllib3.connection.HTTPConnection object at 0x7f7439dfd190>: Failed to establish a new connection: [Errno 111] Connection refused'))"
22_final.mp4,192,"Error analyzing image: HTTPConnectionPool(host='localhost', port=11434): Max retries exceeded with url: /api/chat (Caused by NewConnectionError('<urllib3.connection.HTTPConnection object at 0x7f7439dfd070>: Failed to establish a new connection: [Errno 111] Connection refused'))"
22_final.mp4,195,"Error analyzing image: HTTPConnectionPool(host='localhost', port=11434): Max retries exceeded with url: /api/chat (Caused by NewConnectionError('<urllib3.connection.HTTPConnection object at 0x7f7439e293a0>: Failed to establish a new connection: [Errno 111] Connection refused'))"
22_final.mp4,198,"Error analyzing image: HTTPConnectionPool(host='localhost', port=11434): Max retries exceeded with url: /api/chat (Caused by NewConnectionError('<urllib3.connection.HTTPConnection object at 0x7f7439de6400>: Failed to establish a new connection: [Errno 111] Connection refused'))"
22_final.mp4,201,"Error analyzing image: HTTPConnectionPool(host='localhost', port=11434): Max retries exceeded with url: /api/chat (Caused by NewConnectionError('<urllib3.connection.HTTPConnection object at 0x7f7439dfdca0>: Failed to establish a new connection: [Errno 111] Connection refused'))"
22_final.mp4,204,"Error analyzing image: HTTPConnectionPool(host='localhost', port=11434): Max retries exceeded with url: /api/chat (Caused by NewConnectionError('<urllib3.connection.HTTPConnection object at 0x7f7439dfd9d0>: Failed to establish a new connection: [Errno 111] Connection refused'))"
