nohup: ignoring input
Starting video analysis with llava-llama3...
Video folder: ../../../data/final_cut_videos/
Output CSV: ./results/results_llavallama3.csv
Prompt: Given the scenario shown on the video, you think this situation ends well or poorly? (Use only one word to answer)
Found 30 video files

==================================================
Processing video 1/30

Processing video: 11_final.mp4
Video info: 424 frames, 30.00 FPS, 14.13 seconds
Extracted 142 frames for analysis
Analyzing frame 1/142...
Prompt: Given the scenario shown on the video, you think this situation ends well or poorly? (Use only one word to answer)
Image size: 31940 bytes
Response status code: 200
{'model': 'llava-llama3', 'created_at': '2025-12-06T19:54:27.772359991Z', 'message': {'role': 'assistant', 'content': 'Poorly'}, 'done': True, 'done_reason': 'stop', 'total_duration': 45766314551, 'load_duration': 45240983844, 'prompt_eval_count': 611, 'prompt_eval_duration': 403122121, 'eval_count': 3, 'eval_duration': 22696855}
Response: Poorly
Analyzing frame 2/142...
Prompt: Given the scenario shown on the video, you think this situation ends well or poorly? (Use only one word to answer)
Image size: 31828 bytes
Response status code: 200
{'model': 'llava-llama3', 'created_at': '2025-12-06T19:54:41.34202281Z', 'message': {'role': 'assistant', 'content': 'Well'}, 'done': True, 'done_reason': 'stop', 'total_duration': 12529536541, 'load_duration': 12101020059, 'prompt_eval_count': 611, 'prompt_eval_duration': 322101740, 'eval_count': 2, 'eval_duration': 11836053}
Response: Well
Analyzing frame 3/142...
Prompt: Given the scenario shown on the video, you think this situation ends well or poorly? (Use only one word to answer)
Image size: 31928 bytes
Response status code: 200
{'model': 'llava-llama3', 'created_at': '2025-12-06T19:54:42.934503857Z', 'message': {'role': 'assistant', 'content': 'Well'}, 'done': True, 'done_reason': 'stop', 'total_duration': 551558176, 'load_duration': 179590026, 'prompt_eval_count': 611, 'prompt_eval_duration': 283254407, 'eval_count': 2, 'eval_duration': 11411199}
Response: Well
Analyzing frame 4/142...
Prompt: Given the scenario shown on the video, you think this situation ends well or poorly? (Use only one word to answer)
Image size: 32380 bytes
Response status code: 200
{'model': 'llava-llama3', 'created_at': '2025-12-06T19:54:55.377414201Z', 'message': {'role': 'assistant', 'content': 'Well'}, 'done': True, 'done_reason': 'stop', 'total_duration': 11405080822, 'load_duration': 10986574486, 'prompt_eval_count': 611, 'prompt_eval_duration': 304582248, 'eval_count': 2, 'eval_duration': 11610902}
Response: Well
Analyzing frame 5/142...
Prompt: Given the scenario shown on the video, you think this situation ends well or poorly? (Use only one word to answer)
Image size: 32540 bytes
Response status code: 200
{'model': 'llava-llama3', 'created_at': '2025-12-06T19:55:08.831606492Z', 'message': {'role': 'assistant', 'content': 'Well'}, 'done': True, 'done_reason': 'stop', 'total_duration': 12419996015, 'load_duration': 11990056760, 'prompt_eval_count': 611, 'prompt_eval_duration': 317629283, 'eval_count': 2, 'eval_duration': 11564993}
Response: Well
Analyzing frame 6/142...
Prompt: Given the scenario shown on the video, you think this situation ends well or poorly? (Use only one word to answer)
Image size: 32676 bytes
Response status code: 200
{'model': 'llava-llama3', 'created_at': '2025-12-06T19:55:10.448665775Z', 'message': {'role': 'assistant', 'content': 'Poorly'}, 'done': True, 'done_reason': 'stop', 'total_duration': 577189604, 'load_duration': 180917457, 'prompt_eval_count': 611, 'prompt_eval_duration': 288177076, 'eval_count': 3, 'eval_duration': 22527722}
Response: Poorly
Analyzing frame 7/142...
Prompt: Given the scenario shown on the video, you think this situation ends well or poorly? (Use only one word to answer)
Image size: 32688 bytes
Response status code: 200
{'model': 'llava-llama3', 'created_at': '2025-12-06T19:55:22.68453574Z', 'message': {'role': 'assistant', 'content': 'Well'}, 'done': True, 'done_reason': 'stop', 'total_duration': 11197955068, 'load_duration': 10769416597, 'prompt_eval_count': 611, 'prompt_eval_duration': 312089778, 'eval_count': 2, 'eval_duration': 11577961}
Response: Well
Analyzing frame 8/142...
Prompt: Given the scenario shown on the video, you think this situation ends well or poorly? (Use only one word to answer)
Image size: 32256 bytes
Response status code: 200
{'model': 'llava-llama3', 'created_at': '2025-12-06T19:55:36.185522516Z', 'message': {'role': 'assistant', 'content': 'Poorly'}, 'done': True, 'done_reason': 'stop', 'total_duration': 12461055476, 'load_duration': 12039432327, 'prompt_eval_count': 611, 'prompt_eval_duration': 304220383, 'eval_count': 3, 'eval_duration': 24276295}
Response: Poorly
Analyzing frame 9/142...
Prompt: Given the scenario shown on the video, you think this situation ends well or poorly? (Use only one word to answer)
Image size: 32444 bytes
Response status code: 200
{'model': 'llava-llama3', 'created_at': '2025-12-06T19:55:49.94278862Z', 'message': {'role': 'assistant', 'content': 'Well'}, 'done': True, 'done_reason': 'stop', 'total_duration': 12729136421, 'load_duration': 12299628245, 'prompt_eval_count': 611, 'prompt_eval_duration': 316871416, 'eval_count': 2, 'eval_duration': 11780066}
Response: Well
Analyzing frame 10/142...
Prompt: Given the scenario shown on the video, you think this situation ends well or poorly? (Use only one word to answer)
Image size: 32336 bytes
Response status code: 200
{'model': 'llava-llama3', 'created_at': '2025-12-06T19:56:03.514853543Z', 'message': {'role': 'assistant', 'content': 'Well'}, 'done': True, 'done_reason': 'stop', 'total_duration': 12530696676, 'load_duration': 12119475400, 'prompt_eval_count': 611, 'prompt_eval_duration': 306014635, 'eval_count': 2, 'eval_duration': 11620743}
Response: Well
Analyzing frame 11/142...
Prompt: Given the scenario shown on the video, you think this situation ends well or poorly? (Use only one word to answer)
Image size: 32352 bytes
Response status code: 200
{'model': 'llava-llama3', 'created_at': '2025-12-06T19:56:05.086985488Z', 'message': {'role': 'assistant', 'content': 'Well'}, 'done': True, 'done_reason': 'stop', 'total_duration': 533167275, 'load_duration': 155444364, 'prompt_eval_count': 611, 'prompt_eval_duration': 287892460, 'eval_count': 2, 'eval_duration': 11632637}
Response: Well
Analyzing frame 12/142...
Prompt: Given the scenario shown on the video, you think this situation ends well or poorly? (Use only one word to answer)
Image size: 32412 bytes
Response status code: 200
{'model': 'llava-llama3', 'created_at': '2025-12-06T19:56:17.47213311Z', 'message': {'role': 'assistant', 'content': 'Well'}, 'done': True, 'done_reason': 'stop', 'total_duration': 11345883467, 'load_duration': 10939463035, 'prompt_eval_count': 611, 'prompt_eval_duration': 304871108, 'eval_count': 2, 'eval_duration': 13276873}
Response: Well
Analyzing frame 13/142...
Prompt: Given the scenario shown on the video, you think this situation ends well or poorly? (Use only one word to answer)
Image size: 32488 bytes
Response status code: 200
{'model': 'llava-llama3', 'created_at': '2025-12-06T19:56:19.056522668Z', 'message': {'role': 'assistant', 'content': 'Poorly'}, 'done': True, 'done_reason': 'stop', 'total_duration': 545448935, 'load_duration': 157947392, 'prompt_eval_count': 611, 'prompt_eval_duration': 289788530, 'eval_count': 3, 'eval_duration': 22796121}
Response: Poorly
Analyzing frame 14/142...
Prompt: Given the scenario shown on the video, you think this situation ends well or poorly? (Use only one word to answer)
Image size: 32380 bytes
Response status code: 200
{'model': 'llava-llama3', 'created_at': '2025-12-06T19:56:31.491195743Z', 'message': {'role': 'assistant', 'content': 'Well'}, 'done': True, 'done_reason': 'stop', 'total_duration': 11390790682, 'load_duration': 10966633586, 'prompt_eval_count': 611, 'prompt_eval_duration': 320320195, 'eval_count': 2, 'eval_duration': 11754689}
Response: Well
Analyzing frame 15/142...
Prompt: Given the scenario shown on the video, you think this situation ends well or poorly? (Use only one word to answer)
Image size: 32316 bytes
Response status code: 200
{'model': 'llava-llama3', 'created_at': '2025-12-06T19:56:45.130165456Z', 'message': {'role': 'assistant', 'content': 'Poorly'}, 'done': True, 'done_reason': 'stop', 'total_duration': 12601212506, 'load_duration': 12184650456, 'prompt_eval_count': 611, 'prompt_eval_duration': 305652512, 'eval_count': 3, 'eval_duration': 22726919}
Response: Poorly
Analyzing frame 16/142...
Prompt: Given the scenario shown on the video, you think this situation ends well or poorly? (Use only one word to answer)
Image size: 32292 bytes
Response status code: 200
{'model': 'llava-llama3', 'created_at': '2025-12-06T19:56:58.941244714Z', 'message': {'role': 'assistant', 'content': 'Poorly'}, 'done': True, 'done_reason': 'stop', 'total_duration': 12774070098, 'load_duration': 12324153377, 'prompt_eval_count': 611, 'prompt_eval_duration': 324897097, 'eval_count': 3, 'eval_duration': 22657561}
Response: Poorly
Analyzing frame 17/142...
Prompt: Given the scenario shown on the video, you think this situation ends well or poorly? (Use only one word to answer)
Image size: 32324 bytes
Response status code: 200
{'model': 'llava-llama3', 'created_at': '2025-12-06T19:57:00.513938545Z', 'message': {'role': 'assistant', 'content': 'Well'}, 'done': True, 'done_reason': 'stop', 'total_duration': 531971866, 'load_duration': 157200151, 'prompt_eval_count': 611, 'prompt_eval_duration': 287285720, 'eval_count': 2, 'eval_duration': 11573853}
Response: Well
Analyzing frame 18/142...
Prompt: Given the scenario shown on the video, you think this situation ends well or poorly? (Use only one word to answer)
Image size: 32356 bytes
Response status code: 200
{'model': 'llava-llama3', 'created_at': '2025-12-06T19:57:13.16432237Z', 'message': {'role': 'assistant', 'content': 'Poorly'}, 'done': True, 'done_reason': 'stop', 'total_duration': 11613072774, 'load_duration': 11166618333, 'prompt_eval_count': 611, 'prompt_eval_duration': 321294342, 'eval_count': 3, 'eval_duration': 22778974}
Response: Poorly
Analyzing frame 19/142...
Prompt: Given the scenario shown on the video, you think this situation ends well or poorly? (Use only one word to answer)
Image size: 32220 bytes
Response status code: 200
{'model': 'llava-llama3', 'created_at': '2025-12-06T19:57:26.692299858Z', 'message': {'role': 'assistant', 'content': 'Well'}, 'done': True, 'done_reason': 'stop', 'total_duration': 12487757032, 'load_duration': 12058692056, 'prompt_eval_count': 611, 'prompt_eval_duration': 323601803, 'eval_count': 2, 'eval_duration': 11920203}
Response: Well
Analyzing frame 20/142...
Prompt: Given the scenario shown on the video, you think this situation ends well or poorly? (Use only one word to answer)
Image size: 32252 bytes
Response status code: 200
{'model': 'llava-llama3', 'created_at': '2025-12-06T19:57:40.240794164Z', 'message': {'role': 'assistant', 'content': 'Poorly'}, 'done': True, 'done_reason': 'stop', 'total_duration': 12510095197, 'load_duration': 12071194582, 'prompt_eval_count': 611, 'prompt_eval_duration': 309368888, 'eval_count': 3, 'eval_duration': 23001523}
Response: Poorly
Analyzing frame 21/142...
Prompt: Given the scenario shown on the video, you think this situation ends well or poorly? (Use only one word to answer)
Image size: 32280 bytes
Response status code: 200
{'model': 'llava-llama3', 'created_at': '2025-12-06T19:57:54.012731433Z', 'message': {'role': 'assistant', 'content': 'Well'}, 'done': True, 'done_reason': 'stop', 'total_duration': 12734822493, 'load_duration': 12309830117, 'prompt_eval_count': 611, 'prompt_eval_duration': 311033321, 'eval_count': 2, 'eval_duration': 11564260}
Response: Well
Analyzing frame 22/142...
Prompt: Given the scenario shown on the video, you think this situation ends well or poorly? (Use only one word to answer)
Image size: 31832 bytes
Response status code: 200
{'model': 'llava-llama3', 'created_at': '2025-12-06T19:58:07.416983873Z', 'message': {'role': 'assistant', 'content': 'Well'}, 'done': True, 'done_reason': 'stop', 'total_duration': 12371312029, 'load_duration': 11973156035, 'prompt_eval_count': 611, 'prompt_eval_duration': 302345580, 'eval_count': 2, 'eval_duration': 11866790}
Response: Well
Analyzing frame 23/142...
Prompt: Given the scenario shown on the video, you think this situation ends well or poorly? (Use only one word to answer)
Image size: 31820 bytes
Response status code: 200
{'model': 'llava-llama3', 'created_at': '2025-12-06T19:58:21.100160958Z', 'message': {'role': 'assistant', 'content': 'Well'}, 'done': True, 'done_reason': 'stop', 'total_duration': 12642813225, 'load_duration': 12216336684, 'prompt_eval_count': 611, 'prompt_eval_duration': 321257779, 'eval_count': 2, 'eval_duration': 11688719}
Response: Well
Analyzing frame 24/142...
Prompt: Given the scenario shown on the video, you think this situation ends well or poorly? (Use only one word to answer)
Image size: 31396 bytes
Response status code: 200
{'model': 'llava-llama3', 'created_at': '2025-12-06T19:58:22.673192936Z', 'message': {'role': 'assistant', 'content': 'Well'}, 'done': True, 'done_reason': 'stop', 'total_duration': 533890528, 'load_duration': 162140967, 'prompt_eval_count': 611, 'prompt_eval_duration': 284802830, 'eval_count': 2, 'eval_duration': 11835666}
Response: Well
Analyzing frame 25/142...
Prompt: Given the scenario shown on the video, you think this situation ends well or poorly? (Use only one word to answer)
Image size: 31184 bytes
Response status code: 200
{'model': 'llava-llama3', 'created_at': '2025-12-06T19:58:35.155027277Z', 'message': {'role': 'assistant', 'content': 'Well'}, 'done': True, 'done_reason': 'stop', 'total_duration': 11444118612, 'load_duration': 11030922978, 'prompt_eval_count': 611, 'prompt_eval_duration': 303150168, 'eval_count': 2, 'eval_duration': 11694816}
Response: Well
Analyzing frame 26/142...
Prompt: Given the scenario shown on the video, you think this situation ends well or poorly? (Use only one word to answer)
Image size: 31268 bytes
Response status code: 200
{'model': 'llava-llama3', 'created_at': '2025-12-06T19:58:48.867832336Z', 'message': {'role': 'assistant', 'content': 'Well'}, 'done': True, 'done_reason': 'stop', 'total_duration': 12675140199, 'load_duration': 12244918400, 'prompt_eval_count': 611, 'prompt_eval_duration': 316943818, 'eval_count': 2, 'eval_duration': 11698942}
Response: Well
Analyzing frame 27/142...
Prompt: Given the scenario shown on the video, you think this situation ends well or poorly? (Use only one word to answer)
Image size: 31080 bytes
Response status code: 200
{'model': 'llava-llama3', 'created_at': '2025-12-06T19:58:50.449680122Z', 'message': {'role': 'assistant', 'content': 'Well'}, 'done': True, 'done_reason': 'stop', 'total_duration': 540173517, 'load_duration': 159754721, 'prompt_eval_count': 611, 'prompt_eval_duration': 286742210, 'eval_count': 2, 'eval_duration': 11510390}
Response: Well
Analyzing frame 28/142...
Prompt: Given the scenario shown on the video, you think this situation ends well or poorly? (Use only one word to answer)
Image size: 31260 bytes
Response status code: 200
{'model': 'llava-llama3', 'created_at': '2025-12-06T19:59:02.790762189Z', 'message': {'role': 'assistant', 'content': 'Well'}, 'done': True, 'done_reason': 'stop', 'total_duration': 11300387968, 'load_duration': 10876820429, 'prompt_eval_count': 611, 'prompt_eval_duration': 313322234, 'eval_count': 2, 'eval_duration': 11569258}
Response: Well
Analyzing frame 29/142...
Prompt: Given the scenario shown on the video, you think this situation ends well or poorly? (Use only one word to answer)
Image size: 31120 bytes
Response status code: 200
{'model': 'llava-llama3', 'created_at': '2025-12-06T19:59:04.381716494Z', 'message': {'role': 'assistant', 'content': 'Well'}, 'done': True, 'done_reason': 'stop', 'total_duration': 555204065, 'load_duration': 179988274, 'prompt_eval_count': 611, 'prompt_eval_duration': 285255334, 'eval_count': 2, 'eval_duration': 12914534}
Response: Well
Analyzing frame 30/142...
Prompt: Given the scenario shown on the video, you think this situation ends well or poorly? (Use only one word to answer)
Image size: 31144 bytes
Response status code: 200
{'model': 'llava-llama3', 'created_at': '2025-12-06T19:59:16.506149995Z', 'message': {'role': 'assistant', 'content': 'Well'}, 'done': True, 'done_reason': 'stop', 'total_duration': 11087245585, 'load_duration': 10678633465, 'prompt_eval_count': 611, 'prompt_eval_duration': 305091825, 'eval_count': 2, 'eval_duration': 11633141}
Response: Well
Analyzing frame 31/142...
Prompt: Given the scenario shown on the video, you think this situation ends well or poorly? (Use only one word to answer)
Image size: 30924 bytes
Response status code: 200
{'model': 'llava-llama3', 'created_at': '2025-12-06T19:59:30.111513684Z', 'message': {'role': 'assistant', 'content': 'Well'}, 'done': True, 'done_reason': 'stop', 'total_duration': 12567037610, 'load_duration': 12130931326, 'prompt_eval_count': 611, 'prompt_eval_duration': 321272520, 'eval_count': 2, 'eval_duration': 11794384}
Response: Well
Analyzing frame 32/142...
Prompt: Given the scenario shown on the video, you think this situation ends well or poorly? (Use only one word to answer)
Image size: 31200 bytes
Response status code: 200
{'model': 'llava-llama3', 'created_at': '2025-12-06T19:59:43.690512056Z', 'message': {'role': 'assistant', 'content': 'Well'}, 'done': True, 'done_reason': 'stop', 'total_duration': 12544068127, 'load_duration': 12126763130, 'prompt_eval_count': 611, 'prompt_eval_duration': 305490402, 'eval_count': 2, 'eval_duration': 11596496}
Response: Well
Analyzing frame 33/142...
Prompt: Given the scenario shown on the video, you think this situation ends well or poorly? (Use only one word to answer)
Image size: 31320 bytes
Response status code: 200
{'model': 'llava-llama3', 'created_at': '2025-12-06T19:59:57.275041046Z', 'message': {'role': 'assistant', 'content': 'Well'}, 'done': True, 'done_reason': 'stop', 'total_duration': 12545437351, 'load_duration': 12143161594, 'prompt_eval_count': 611, 'prompt_eval_duration': 303093551, 'eval_count': 2, 'eval_duration': 11609059}
Response: Well
Analyzing frame 34/142...
Prompt: Given the scenario shown on the video, you think this situation ends well or poorly? (Use only one word to answer)
Image size: 31872 bytes
Response status code: 200
{'model': 'llava-llama3', 'created_at': '2025-12-06T20:00:10.809912599Z', 'message': {'role': 'assistant', 'content': 'Well'}, 'done': True, 'done_reason': 'stop', 'total_duration': 12498270974, 'load_duration': 12065156644, 'prompt_eval_count': 611, 'prompt_eval_duration': 319796348, 'eval_count': 2, 'eval_duration': 11571374}
Response: Well
Analyzing frame 35/142...
Prompt: Given the scenario shown on the video, you think this situation ends well or poorly? (Use only one word to answer)
Image size: 31856 bytes
Response status code: 200
{'model': 'llava-llama3', 'created_at': '2025-12-06T20:00:24.192282963Z', 'message': {'role': 'assistant', 'content': 'Well'}, 'done': True, 'done_reason': 'stop', 'total_duration': 12344425075, 'load_duration': 11935920463, 'prompt_eval_count': 611, 'prompt_eval_duration': 304963713, 'eval_count': 2, 'eval_duration': 11933975}
Response: Well
Analyzing frame 36/142...
Prompt: Given the scenario shown on the video, you think this situation ends well or poorly? (Use only one word to answer)
Image size: 32056 bytes
Response status code: 200
{'model': 'llava-llama3', 'created_at': '2025-12-06T20:00:25.763055885Z', 'message': {'role': 'assistant', 'content': 'Well'}, 'done': True, 'done_reason': 'stop', 'total_duration': 532920245, 'load_duration': 157356071, 'prompt_eval_count': 611, 'prompt_eval_duration': 284879135, 'eval_count': 2, 'eval_duration': 11873552}
Response: Well
Analyzing frame 37/142...
Prompt: Given the scenario shown on the video, you think this situation ends well or poorly? (Use only one word to answer)
Image size: 32096 bytes
Response status code: 200
{'model': 'llava-llama3', 'created_at': '2025-12-06T20:00:38.150829153Z', 'message': {'role': 'assistant', 'content': 'Well'}, 'done': True, 'done_reason': 'stop', 'total_duration': 11348908333, 'load_duration': 10941236772, 'prompt_eval_count': 611, 'prompt_eval_duration': 305560822, 'eval_count': 2, 'eval_duration': 11699863}
Response: Well
Analyzing frame 38/142...
Prompt: Given the scenario shown on the video, you think this situation ends well or poorly? (Use only one word to answer)
Image size: 32256 bytes
Response status code: 200
{'model': 'llava-llama3', 'created_at': '2025-12-06T20:00:52.044538973Z', 'message': {'role': 'assistant', 'content': 'Well'}, 'done': True, 'done_reason': 'stop', 'total_duration': 12856893154, 'load_duration': 12443931746, 'prompt_eval_count': 611, 'prompt_eval_duration': 304620949, 'eval_count': 2, 'eval_duration': 11595464}
Response: Well
Analyzing frame 39/142...
Prompt: Given the scenario shown on the video, you think this situation ends well or poorly? (Use only one word to answer)
Image size: 32172 bytes
Response status code: 200
{'model': 'llava-llama3', 'created_at': '2025-12-06T20:01:05.429368304Z', 'message': {'role': 'assistant', 'content': 'Poorly'}, 'done': True, 'done_reason': 'stop', 'total_duration': 12350856051, 'load_duration': 11908129858, 'prompt_eval_count': 611, 'prompt_eval_duration': 313060158, 'eval_count': 3, 'eval_duration': 22683410}
Response: Poorly
Analyzing frame 40/142...
Prompt: Given the scenario shown on the video, you think this situation ends well or poorly? (Use only one word to answer)
Image size: 32224 bytes
Response status code: 200
{'model': 'llava-llama3', 'created_at': '2025-12-06T20:01:18.96993979Z', 'message': {'role': 'assistant', 'content': 'Well'}, 'done': True, 'done_reason': 'stop', 'total_duration': 12501015847, 'load_duration': 12060763025, 'prompt_eval_count': 611, 'prompt_eval_duration': 317941047, 'eval_count': 2, 'eval_duration': 11544729}
Response: Well
Analyzing frame 41/142...
Prompt: Given the scenario shown on the video, you think this situation ends well or poorly? (Use only one word to answer)
Image size: 32272 bytes
Response status code: 200
{'model': 'llava-llama3', 'created_at': '2025-12-06T20:01:32.533512968Z', 'message': {'role': 'assistant', 'content': 'Well'}, 'done': True, 'done_reason': 'stop', 'total_duration': 12524575441, 'load_duration': 12121252793, 'prompt_eval_count': 611, 'prompt_eval_duration': 306148023, 'eval_count': 2, 'eval_duration': 11600565}
Response: Well
Analyzing frame 42/142...
Prompt: Given the scenario shown on the video, you think this situation ends well or poorly? (Use only one word to answer)
Image size: 31988 bytes
Response status code: 200
{'model': 'llava-llama3', 'created_at': '2025-12-06T20:01:46.105543134Z', 'message': {'role': 'assistant', 'content': 'Well'}, 'done': True, 'done_reason': 'stop', 'total_duration': 12535528929, 'load_duration': 12129106840, 'prompt_eval_count': 611, 'prompt_eval_duration': 306067358, 'eval_count': 2, 'eval_duration': 11551364}
Response: Well
Analyzing frame 43/142...
Prompt: Given the scenario shown on the video, you think this situation ends well or poorly? (Use only one word to answer)
Image size: 31844 bytes
Response status code: 200
{'model': 'llava-llama3', 'created_at': '2025-12-06T20:01:59.631491434Z', 'message': {'role': 'assistant', 'content': 'Well'}, 'done': True, 'done_reason': 'stop', 'total_duration': 12488170516, 'load_duration': 12050655925, 'prompt_eval_count': 611, 'prompt_eval_duration': 320666180, 'eval_count': 2, 'eval_duration': 12000566}
Response: Well
Analyzing frame 44/142...
Prompt: Given the scenario shown on the video, you think this situation ends well or poorly? (Use only one word to answer)
Image size: 31988 bytes
Response status code: 200
{'model': 'llava-llama3', 'created_at': '2025-12-06T20:02:01.227069296Z', 'message': {'role': 'assistant', 'content': 'Well'}, 'done': True, 'done_reason': 'stop', 'total_duration': 562143558, 'load_duration': 188867226, 'prompt_eval_count': 611, 'prompt_eval_duration': 288994926, 'eval_count': 2, 'eval_duration': 11934573}
Response: Well
Analyzing frame 45/142...
Prompt: Given the scenario shown on the video, you think this situation ends well or poorly? (Use only one word to answer)
Image size: 31880 bytes
Response status code: 200
{'model': 'llava-llama3', 'created_at': '2025-12-06T20:02:13.7970013Z', 'message': {'role': 'assistant', 'content': 'Well'}, 'done': True, 'done_reason': 'stop', 'total_duration': 11533907431, 'load_duration': 11111818617, 'prompt_eval_count': 611, 'prompt_eval_duration': 319058423, 'eval_count': 2, 'eval_duration': 11644710}
Response: Well
Analyzing frame 46/142...
Prompt: Given the scenario shown on the video, you think this situation ends well or poorly? (Use only one word to answer)
Image size: 31692 bytes
Response status code: 200
{'model': 'llava-llama3', 'created_at': '2025-12-06T20:02:27.480578933Z', 'message': {'role': 'assistant', 'content': 'Well'}, 'done': True, 'done_reason': 'stop', 'total_duration': 12645724214, 'load_duration': 12248694102, 'prompt_eval_count': 611, 'prompt_eval_duration': 301886241, 'eval_count': 2, 'eval_duration': 11557116}
Response: Well
Analyzing frame 47/142...
Prompt: Given the scenario shown on the video, you think this situation ends well or poorly? (Use only one word to answer)
Image size: 31848 bytes
Response status code: 200
{'model': 'llava-llama3', 'created_at': '2025-12-06T20:02:29.025206588Z', 'message': {'role': 'assistant', 'content': 'Well'}, 'done': True, 'done_reason': 'stop', 'total_duration': 511320627, 'load_duration': 154804336, 'prompt_eval_count': 611, 'prompt_eval_duration': 286806456, 'eval_count': 2, 'eval_duration': 11459339}
Response: Well
Analyzing frame 48/142...
Prompt: Given the scenario shown on the video, you think this situation ends well or poorly? (Use only one word to answer)
Image size: 31692 bytes
Response status code: 200
{'model': 'llava-llama3', 'created_at': '2025-12-06T20:02:41.475980905Z', 'message': {'role': 'assistant', 'content': 'Well'}, 'done': True, 'done_reason': 'stop', 'total_duration': 11411514800, 'load_duration': 10992245774, 'prompt_eval_count': 611, 'prompt_eval_duration': 316503988, 'eval_count': 2, 'eval_duration': 11522121}
Response: Well
Analyzing frame 49/142...
Prompt: Given the scenario shown on the video, you think this situation ends well or poorly? (Use only one word to answer)
Image size: 31880 bytes
Response status code: 200
{'model': 'llava-llama3', 'created_at': '2025-12-06T20:02:42.992208589Z', 'message': {'role': 'assistant', 'content': 'Well'}, 'done': True, 'done_reason': 'stop', 'total_duration': 480346261, 'load_duration': 127857389, 'prompt_eval_count': 611, 'prompt_eval_duration': 286622908, 'eval_count': 2, 'eval_duration': 11517593}
Response: Well
Analyzing frame 50/142...
Prompt: Given the scenario shown on the video, you think this situation ends well or poorly? (Use only one word to answer)
Image size: 32196 bytes
Response status code: 200
{'model': 'llava-llama3', 'created_at': '2025-12-06T20:02:55.57812766Z', 'message': {'role': 'assistant', 'content': 'Well'}, 'done': True, 'done_reason': 'stop', 'total_duration': 11547867096, 'load_duration': 11125949388, 'prompt_eval_count': 611, 'prompt_eval_duration': 318634164, 'eval_count': 2, 'eval_duration': 11597775}
Response: Well
Analyzing frame 51/142...
Prompt: Given the scenario shown on the video, you think this situation ends well or poorly? (Use only one word to answer)
Image size: 32284 bytes
Response status code: 200
{'model': 'llava-llama3', 'created_at': '2025-12-06T20:02:57.166513792Z', 'message': {'role': 'assistant', 'content': 'Well'}, 'done': True, 'done_reason': 'stop', 'total_duration': 551154142, 'load_duration': 178888460, 'prompt_eval_count': 611, 'prompt_eval_duration': 287858779, 'eval_count': 2, 'eval_duration': 11527676}
Response: Well
Analyzing frame 52/142...
Prompt: Given the scenario shown on the video, you think this situation ends well or poorly? (Use only one word to answer)
Image size: 32356 bytes
Response status code: 200
{'model': 'llava-llama3', 'created_at': '2025-12-06T20:03:09.616081328Z', 'message': {'role': 'assistant', 'content': 'Well'}, 'done': True, 'done_reason': 'stop', 'total_duration': 11412776685, 'load_duration': 10980443807, 'prompt_eval_count': 611, 'prompt_eval_duration': 321075403, 'eval_count': 2, 'eval_duration': 11557921}
Response: Well
Analyzing frame 53/142...
Prompt: Given the scenario shown on the video, you think this situation ends well or poorly? (Use only one word to answer)
Image size: 32352 bytes
Response status code: 200
{'model': 'llava-llama3', 'created_at': '2025-12-06T20:03:23.370607177Z', 'message': {'role': 'assistant', 'content': 'Well'}, 'done': True, 'done_reason': 'stop', 'total_duration': 12719307735, 'load_duration': 12292431203, 'prompt_eval_count': 611, 'prompt_eval_duration': 319247521, 'eval_count': 2, 'eval_duration': 11738039}
Response: Well
Analyzing frame 54/142...
Prompt: Given the scenario shown on the video, you think this situation ends well or poorly? (Use only one word to answer)
Image size: 32332 bytes
Response status code: 200
{'model': 'llava-llama3', 'created_at': '2025-12-06T20:03:24.948901917Z', 'message': {'role': 'assistant', 'content': 'Poorly'}, 'done': True, 'done_reason': 'stop', 'total_duration': 539851431, 'load_duration': 154764152, 'prompt_eval_count': 611, 'prompt_eval_duration': 286047123, 'eval_count': 3, 'eval_duration': 22499544}
Response: Poorly
Analyzing frame 55/142...
Prompt: Given the scenario shown on the video, you think this situation ends well or poorly? (Use only one word to answer)
Image size: 31956 bytes
Response status code: 200
{'model': 'llava-llama3', 'created_at': '2025-12-06T20:03:37.296198414Z', 'message': {'role': 'assistant', 'content': 'Well'}, 'done': True, 'done_reason': 'stop', 'total_duration': 11309607684, 'load_duration': 10872111227, 'prompt_eval_count': 611, 'prompt_eval_duration': 320239303, 'eval_count': 2, 'eval_duration': 11657313}
Response: Well
Analyzing frame 56/142...
Prompt: Given the scenario shown on the video, you think this situation ends well or poorly? (Use only one word to answer)
Image size: 31840 bytes
Response status code: 200
{'model': 'llava-llama3', 'created_at': '2025-12-06T20:03:50.829233958Z', 'message': {'role': 'assistant', 'content': 'Well'}, 'done': True, 'done_reason': 'stop', 'total_duration': 12497393847, 'load_duration': 12080501562, 'prompt_eval_count': 611, 'prompt_eval_duration': 305187418, 'eval_count': 2, 'eval_duration': 11598043}
Response: Well
Analyzing frame 57/142...
Prompt: Given the scenario shown on the video, you think this situation ends well or poorly? (Use only one word to answer)
Image size: 31720 bytes
Response status code: 200
{'model': 'llava-llama3', 'created_at': '2025-12-06T20:04:04.616083464Z', 'message': {'role': 'assistant', 'content': 'Well'}, 'done': True, 'done_reason': 'stop', 'total_duration': 12747969777, 'load_duration': 12348641544, 'prompt_eval_count': 611, 'prompt_eval_duration': 302709154, 'eval_count': 2, 'eval_duration': 11670466}
Response: Well
Analyzing frame 58/142...
Prompt: Given the scenario shown on the video, you think this situation ends well or poorly? (Use only one word to answer)
Image size: 31840 bytes
Response status code: 200
{'model': 'llava-llama3', 'created_at': '2025-12-06T20:04:06.201689084Z', 'message': {'role': 'assistant', 'content': 'Well'}, 'done': True, 'done_reason': 'stop', 'total_duration': 549146265, 'load_duration': 193937176, 'prompt_eval_count': 611, 'prompt_eval_duration': 286275207, 'eval_count': 2, 'eval_duration': 11478506}
Response: Well
Analyzing frame 59/142...
Prompt: Given the scenario shown on the video, you think this situation ends well or poorly? (Use only one word to answer)
Image size: 31544 bytes
Response status code: 200
{'model': 'llava-llama3', 'created_at': '2025-12-06T20:04:18.638549533Z', 'message': {'role': 'assistant', 'content': 'Well'}, 'done': True, 'done_reason': 'stop', 'total_duration': 11399081971, 'load_duration': 10997311534, 'prompt_eval_count': 611, 'prompt_eval_duration': 303157521, 'eval_count': 2, 'eval_duration': 11595241}
Response: Well
Analyzing frame 60/142...
Prompt: Given the scenario shown on the video, you think this situation ends well or poorly? (Use only one word to answer)
Image size: 31612 bytes
Response status code: 200
{'model': 'llava-llama3', 'created_at': '2025-12-06T20:04:20.214572053Z', 'message': {'role': 'assistant', 'content': 'Well'}, 'done': True, 'done_reason': 'stop', 'total_duration': 540298150, 'load_duration': 160175871, 'prompt_eval_count': 611, 'prompt_eval_duration': 286403076, 'eval_count': 2, 'eval_duration': 11486032}
Response: Well
Analyzing frame 61/142...
Prompt: Given the scenario shown on the video, you think this situation ends well or poorly? (Use only one word to answer)
Image size: 31424 bytes
Response status code: 200
{'model': 'llava-llama3', 'created_at': '2025-12-06T20:04:32.957664006Z', 'message': {'role': 'assistant', 'content': 'Well'}, 'done': True, 'done_reason': 'stop', 'total_duration': 11710629246, 'load_duration': 11279064236, 'prompt_eval_count': 611, 'prompt_eval_duration': 318374111, 'eval_count': 2, 'eval_duration': 11587094}
Response: Well
Analyzing frame 62/142...
Prompt: Given the scenario shown on the video, you think this situation ends well or poorly? (Use only one word to answer)
Image size: 31600 bytes
Response status code: 200
{'model': 'llava-llama3', 'created_at': '2025-12-06T20:04:46.531614065Z', 'message': {'role': 'assistant', 'content': 'Poorly'}, 'done': True, 'done_reason': 'stop', 'total_duration': 12536605389, 'load_duration': 12123987734, 'prompt_eval_count': 611, 'prompt_eval_duration': 303184342, 'eval_count': 3, 'eval_duration': 22717040}
Response: Poorly
Analyzing frame 63/142...
Prompt: Given the scenario shown on the video, you think this situation ends well or poorly? (Use only one word to answer)
Image size: 31536 bytes
Response status code: 200
{'model': 'llava-llama3', 'created_at': '2025-12-06T20:05:00.301078486Z', 'message': {'role': 'assistant', 'content': 'Well'}, 'done': True, 'done_reason': 'stop', 'total_duration': 12736234031, 'load_duration': 12330744687, 'prompt_eval_count': 611, 'prompt_eval_duration': 303543813, 'eval_count': 2, 'eval_duration': 11630628}
Response: Well
Analyzing frame 64/142...
Prompt: Given the scenario shown on the video, you think this situation ends well or poorly? (Use only one word to answer)
Image size: 31496 bytes
Response status code: 200
{'model': 'llava-llama3', 'created_at': '2025-12-06T20:05:14.018357447Z', 'message': {'role': 'assistant', 'content': 'Well'}, 'done': True, 'done_reason': 'stop', 'total_duration': 12677074006, 'load_duration': 12272359560, 'prompt_eval_count': 611, 'prompt_eval_duration': 303987422, 'eval_count': 2, 'eval_duration': 11918695}
Response: Well
Analyzing frame 65/142...
Prompt: Given the scenario shown on the video, you think this situation ends well or poorly? (Use only one word to answer)
Image size: 31480 bytes
Response status code: 200
{'model': 'llava-llama3', 'created_at': '2025-12-06T20:05:27.730530728Z', 'message': {'role': 'assistant', 'content': 'Poorly'}, 'done': True, 'done_reason': 'stop', 'total_duration': 12670963722, 'load_duration': 12260870654, 'prompt_eval_count': 611, 'prompt_eval_duration': 302284712, 'eval_count': 3, 'eval_duration': 22674173}
Response: Poorly
Analyzing frame 66/142...
Prompt: Given the scenario shown on the video, you think this situation ends well or poorly? (Use only one word to answer)
Image size: 31632 bytes
Response status code: 200
{'model': 'llava-llama3', 'created_at': '2025-12-06T20:05:29.288210616Z', 'message': {'role': 'assistant', 'content': 'Poorly'}, 'done': True, 'done_reason': 'stop', 'total_duration': 519893026, 'load_duration': 155168467, 'prompt_eval_count': 611, 'prompt_eval_duration': 286090374, 'eval_count': 3, 'eval_duration': 22487561}
Response: Poorly
Analyzing frame 67/142...
Prompt: Given the scenario shown on the video, you think this situation ends well or poorly? (Use only one word to answer)
Image size: 31908 bytes
Response status code: 200
{'model': 'llava-llama3', 'created_at': '2025-12-06T20:05:41.645222204Z', 'message': {'role': 'assistant', 'content': 'Poorly'}, 'done': True, 'done_reason': 'stop', 'total_duration': 11322761068, 'load_duration': 10871530418, 'prompt_eval_count': 611, 'prompt_eval_duration': 318626909, 'eval_count': 3, 'eval_duration': 22567868}
Response: Poorly
Analyzing frame 68/142...
Prompt: Given the scenario shown on the video, you think this situation ends well or poorly? (Use only one word to answer)
Image size: 31976 bytes
Response status code: 200
{'model': 'llava-llama3', 'created_at': '2025-12-06T20:05:55.309859554Z', 'message': {'role': 'assistant', 'content': 'Well'}, 'done': True, 'done_reason': 'stop', 'total_duration': 12627382258, 'load_duration': 12222184291, 'prompt_eval_count': 611, 'prompt_eval_duration': 304434329, 'eval_count': 2, 'eval_duration': 11858686}
Response: Well
Analyzing frame 69/142...
Prompt: Given the scenario shown on the video, you think this situation ends well or poorly? (Use only one word to answer)
Image size: 32132 bytes
Response status code: 200
{'model': 'llava-llama3', 'created_at': '2025-12-06T20:05:56.900399143Z', 'message': {'role': 'assistant', 'content': 'Poorly'}, 'done': True, 'done_reason': 'stop', 'total_duration': 550188135, 'load_duration': 157511397, 'prompt_eval_count': 611, 'prompt_eval_duration': 287033381, 'eval_count': 3, 'eval_duration': 22546873}
Response: Poorly
Analyzing frame 70/142...
Prompt: Given the scenario shown on the video, you think this situation ends well or poorly? (Use only one word to answer)
Image size: 32224 bytes
Response status code: 200
{'model': 'llava-llama3', 'created_at': '2025-12-06T20:06:09.451448261Z', 'message': {'role': 'assistant', 'content': 'Well'}, 'done': True, 'done_reason': 'stop', 'total_duration': 11511222191, 'load_duration': 11087795159, 'prompt_eval_count': 611, 'prompt_eval_duration': 311468850, 'eval_count': 2, 'eval_duration': 11657203}
Response: Well
Analyzing frame 71/142...
Prompt: Given the scenario shown on the video, you think this situation ends well or poorly? (Use only one word to answer)
Image size: 32108 bytes
Response status code: 200
{'model': 'llava-llama3', 'created_at': '2025-12-06T20:06:11.050826825Z', 'message': {'role': 'assistant', 'content': 'Well'}, 'done': True, 'done_reason': 'stop', 'total_duration': 563320617, 'load_duration': 179091918, 'prompt_eval_count': 611, 'prompt_eval_duration': 294268532, 'eval_count': 2, 'eval_duration': 11498459}
Response: Well
Analyzing frame 72/142...
Prompt: Given the scenario shown on the video, you think this situation ends well or poorly? (Use only one word to answer)
Image size: 31988 bytes
Response status code: 200
{'model': 'llava-llama3', 'created_at': '2025-12-06T20:06:23.600242296Z', 'message': {'role': 'assistant', 'content': 'Well'}, 'done': True, 'done_reason': 'stop', 'total_duration': 11510220564, 'load_duration': 11074808433, 'prompt_eval_count': 611, 'prompt_eval_duration': 318692903, 'eval_count': 2, 'eval_duration': 11547215}
Response: Well
Analyzing frame 73/142...
Prompt: Given the scenario shown on the video, you think this situation ends well or poorly? (Use only one word to answer)
Image size: 31912 bytes
Response status code: 200
{'model': 'llava-llama3', 'created_at': '2025-12-06T20:06:25.190382338Z', 'message': {'role': 'assistant', 'content': 'Poorly'}, 'done': True, 'done_reason': 'stop', 'total_duration': 551991699, 'load_duration': 161330791, 'prompt_eval_count': 611, 'prompt_eval_duration': 287248936, 'eval_count': 3, 'eval_duration': 22626087}
Response: Poorly
Analyzing frame 74/142...
Prompt: Given the scenario shown on the video, you think this situation ends well or poorly? (Use only one word to answer)
Image size: 31472 bytes
Response status code: 200
{'model': 'llava-llama3', 'created_at': '2025-12-06T20:06:37.410781724Z', 'message': {'role': 'assistant', 'content': 'Poorly'}, 'done': True, 'done_reason': 'stop', 'total_duration': 11181753675, 'load_duration': 10763700348, 'prompt_eval_count': 611, 'prompt_eval_duration': 305440446, 'eval_count': 3, 'eval_duration': 22721329}
Response: Poorly
Analyzing frame 75/142...
Prompt: Given the scenario shown on the video, you think this situation ends well or poorly? (Use only one word to answer)
Image size: 31248 bytes
Response status code: 200
{'model': 'llava-llama3', 'created_at': '2025-12-06T20:06:38.975246829Z', 'message': {'role': 'assistant', 'content': 'Well'}, 'done': True, 'done_reason': 'stop', 'total_duration': 528102487, 'load_duration': 153154342, 'prompt_eval_count': 611, 'prompt_eval_duration': 285743980, 'eval_count': 2, 'eval_duration': 11515063}
Response: Well
Analyzing frame 76/142...
Prompt: Given the scenario shown on the video, you think this situation ends well or poorly? (Use only one word to answer)
Image size: 31220 bytes
Response status code: 200
{'model': 'llava-llama3', 'created_at': '2025-12-06T20:06:51.513047868Z', 'message': {'role': 'assistant', 'content': 'Well'}, 'done': True, 'done_reason': 'stop', 'total_duration': 11501709745, 'load_duration': 11071120256, 'prompt_eval_count': 611, 'prompt_eval_duration': 323857004, 'eval_count': 2, 'eval_duration': 11626410}
Response: Well
Analyzing frame 77/142...
Prompt: Given the scenario shown on the video, you think this situation ends well or poorly? (Use only one word to answer)
Image size: 31124 bytes
Response status code: 200
{'model': 'llava-llama3', 'created_at': '2025-12-06T20:07:04.920971748Z', 'message': {'role': 'assistant', 'content': 'Poorly'}, 'done': True, 'done_reason': 'stop', 'total_duration': 12368801840, 'load_duration': 11937631638, 'prompt_eval_count': 611, 'prompt_eval_duration': 318920081, 'eval_count': 3, 'eval_duration': 22821528}
Response: Poorly
Analyzing frame 78/142...
Prompt: Given the scenario shown on the video, you think this situation ends well or poorly? (Use only one word to answer)
Image size: 31284 bytes
Response status code: 200
{'model': 'llava-llama3', 'created_at': '2025-12-06T20:07:18.385108024Z', 'message': {'role': 'assistant', 'content': 'Well'}, 'done': True, 'done_reason': 'stop', 'total_duration': 12425519655, 'load_duration': 11987107544, 'prompt_eval_count': 611, 'prompt_eval_duration': 318313862, 'eval_count': 2, 'eval_duration': 11553260}
Response: Well
Analyzing frame 79/142...
Prompt: Given the scenario shown on the video, you think this situation ends well or poorly? (Use only one word to answer)
Image size: 31096 bytes
Response status code: 200
{'model': 'llava-llama3', 'created_at': '2025-12-06T20:07:31.963817895Z', 'message': {'role': 'assistant', 'content': 'Well'}, 'done': True, 'done_reason': 'stop', 'total_duration': 12539399972, 'load_duration': 12123170319, 'prompt_eval_count': 611, 'prompt_eval_duration': 302693806, 'eval_count': 2, 'eval_duration': 11583156}
Response: Well
Analyzing frame 80/142...
Prompt: Given the scenario shown on the video, you think this situation ends well or poorly? (Use only one word to answer)
Image size: 30824 bytes
Response status code: 200
{'model': 'llava-llama3', 'created_at': '2025-12-06T20:07:33.544805423Z', 'message': {'role': 'assistant', 'content': 'Well'}, 'done': True, 'done_reason': 'stop', 'total_duration': 544102095, 'load_duration': 187715595, 'prompt_eval_count': 611, 'prompt_eval_duration': 287266171, 'eval_count': 2, 'eval_duration': 11456489}
Response: Well
Analyzing frame 81/142...
Prompt: Given the scenario shown on the video, you think this situation ends well or poorly? (Use only one word to answer)
Image size: 30640 bytes
Response status code: 200
{'model': 'llava-llama3', 'created_at': '2025-12-06T20:07:45.937581496Z', 'message': {'role': 'assistant', 'content': 'Poorly'}, 'done': True, 'done_reason': 'stop', 'total_duration': 11357286301, 'load_duration': 10931793576, 'prompt_eval_count': 611, 'prompt_eval_duration': 305293575, 'eval_count': 3, 'eval_duration': 22599678}
Response: Poorly
Analyzing frame 82/142...
Prompt: Given the scenario shown on the video, you think this situation ends well or poorly? (Use only one word to answer)
Image size: 31088 bytes
Response status code: 200
{'model': 'llava-llama3', 'created_at': '2025-12-06T20:07:59.685092315Z', 'message': {'role': 'assistant', 'content': 'Poorly'}, 'done': True, 'done_reason': 'stop', 'total_duration': 12708903329, 'load_duration': 12246983795, 'prompt_eval_count': 611, 'prompt_eval_duration': 320119019, 'eval_count': 3, 'eval_duration': 22777097}
Response: Poorly
Analyzing frame 83/142...
Prompt: Given the scenario shown on the video, you think this situation ends well or poorly? (Use only one word to answer)
Image size: 31408 bytes
Response status code: 200
{'model': 'llava-llama3', 'created_at': '2025-12-06T20:08:12.989295165Z', 'message': {'role': 'assistant', 'content': 'Well'}, 'done': True, 'done_reason': 'stop', 'total_duration': 12265665665, 'load_duration': 11856990896, 'prompt_eval_count': 611, 'prompt_eval_duration': 305404798, 'eval_count': 2, 'eval_duration': 13073056}
Response: Well
Analyzing frame 84/142...
Prompt: Given the scenario shown on the video, you think this situation ends well or poorly? (Use only one word to answer)
Image size: 31240 bytes
Response status code: 200
{'model': 'llava-llama3', 'created_at': '2025-12-06T20:08:14.53845325Z', 'message': {'role': 'assistant', 'content': 'Well'}, 'done': True, 'done_reason': 'stop', 'total_duration': 510255014, 'load_duration': 146853006, 'prompt_eval_count': 611, 'prompt_eval_duration': 288673892, 'eval_count': 2, 'eval_duration': 11610891}
Response: Well
Analyzing frame 85/142...
Prompt: Given the scenario shown on the video, you think this situation ends well or poorly? (Use only one word to answer)
Image size: 31372 bytes
Response status code: 200
{'model': 'llava-llama3', 'created_at': '2025-12-06T20:08:27.071842475Z', 'message': {'role': 'assistant', 'content': 'Well'}, 'done': True, 'done_reason': 'stop', 'total_duration': 11496812445, 'load_duration': 11096517368, 'prompt_eval_count': 611, 'prompt_eval_duration': 303816360, 'eval_count': 2, 'eval_duration': 11769980}
Response: Well
Analyzing frame 86/142...
Prompt: Given the scenario shown on the video, you think this situation ends well or poorly? (Use only one word to answer)
Image size: 31888 bytes
Response status code: 200
{'model': 'llava-llama3', 'created_at': '2025-12-06T20:08:28.602777998Z', 'message': {'role': 'assistant', 'content': 'Well'}, 'done': True, 'done_reason': 'stop', 'total_duration': 497761288, 'load_duration': 123227695, 'prompt_eval_count': 611, 'prompt_eval_duration': 287097997, 'eval_count': 2, 'eval_duration': 11581665}
Response: Well
Analyzing frame 87/142...
Prompt: Given the scenario shown on the video, you think this situation ends well or poorly? (Use only one word to answer)
Image size: 32436 bytes
Response status code: 200
{'model': 'llava-llama3', 'created_at': '2025-12-06T20:08:41.106122794Z', 'message': {'role': 'assistant', 'content': 'Well'}, 'done': True, 'done_reason': 'stop', 'total_duration': 11466525427, 'load_duration': 11062717542, 'prompt_eval_count': 611, 'prompt_eval_duration': 306892765, 'eval_count': 2, 'eval_duration': 11567980}
Response: Well
Analyzing frame 88/142...
Prompt: Given the scenario shown on the video, you think this situation ends well or poorly? (Use only one word to answer)
Image size: 32244 bytes
Response status code: 200
{'model': 'llava-llama3', 'created_at': '2025-12-06T20:08:54.697310033Z', 'message': {'role': 'assistant', 'content': 'Well'}, 'done': True, 'done_reason': 'stop', 'total_duration': 12553123162, 'load_duration': 12136741338, 'prompt_eval_count': 611, 'prompt_eval_duration': 307087336, 'eval_count': 2, 'eval_duration': 11594901}
Response: Well
Analyzing frame 89/142...
Prompt: Given the scenario shown on the video, you think this situation ends well or poorly? (Use only one word to answer)
Image size: 32392 bytes
Response status code: 200
{'model': 'llava-llama3', 'created_at': '2025-12-06T20:08:56.301722731Z', 'message': {'role': 'assistant', 'content': 'Well'}, 'done': True, 'done_reason': 'stop', 'total_duration': 565558731, 'load_duration': 179935286, 'prompt_eval_count': 611, 'prompt_eval_duration': 285043967, 'eval_count': 2, 'eval_duration': 11478830}
Response: Well
Analyzing frame 90/142...
Prompt: Given the scenario shown on the video, you think this situation ends well or poorly? (Use only one word to answer)
Image size: 32260 bytes
Response status code: 200
{'model': 'llava-llama3', 'created_at': '2025-12-06T20:09:08.809554967Z', 'message': {'role': 'assistant', 'content': 'Well'}, 'done': True, 'done_reason': 'stop', 'total_duration': 11473191118, 'load_duration': 11071230615, 'prompt_eval_count': 611, 'prompt_eval_duration': 302526347, 'eval_count': 2, 'eval_duration': 11874323}
Response: Well
Analyzing frame 91/142...
Prompt: Given the scenario shown on the video, you think this situation ends well or poorly? (Use only one word to answer)
Image size: 32460 bytes
Response status code: 200
{'model': 'llava-llama3', 'created_at': '2025-12-06T20:09:22.326950685Z', 'message': {'role': 'assistant', 'content': 'Well'}, 'done': True, 'done_reason': 'stop', 'total_duration': 12479547331, 'load_duration': 12057806713, 'prompt_eval_count': 611, 'prompt_eval_duration': 319076967, 'eval_count': 2, 'eval_duration': 11552628}
Response: Well
Analyzing frame 92/142...
Prompt: Given the scenario shown on the video, you think this situation ends well or poorly? (Use only one word to answer)
Image size: 32280 bytes
Response status code: 200
{'model': 'llava-llama3', 'created_at': '2025-12-06T20:09:35.78611283Z', 'message': {'role': 'assistant', 'content': 'Well'}, 'done': True, 'done_reason': 'stop', 'total_duration': 12422847100, 'load_duration': 12020819470, 'prompt_eval_count': 611, 'prompt_eval_duration': 302812486, 'eval_count': 2, 'eval_duration': 11609071}
Response: Well
Analyzing frame 93/142...
Prompt: Given the scenario shown on the video, you think this situation ends well or poorly? (Use only one word to answer)
Image size: 32320 bytes
Response status code: 200
{'model': 'llava-llama3', 'created_at': '2025-12-06T20:09:37.37175362Z', 'message': {'role': 'assistant', 'content': 'Well'}, 'done': True, 'done_reason': 'stop', 'total_duration': 546754360, 'load_duration': 189463153, 'prompt_eval_count': 611, 'prompt_eval_duration': 289822075, 'eval_count': 2, 'eval_duration': 11698193}
Response: Well
Analyzing frame 94/142...
Prompt: Given the scenario shown on the video, you think this situation ends well or poorly? (Use only one word to answer)
Image size: 32072 bytes
Response status code: 200
{'model': 'llava-llama3', 'created_at': '2025-12-06T20:09:49.518704589Z', 'message': {'role': 'assistant', 'content': 'Well'}, 'done': True, 'done_reason': 'stop', 'total_duration': 11109743540, 'load_duration': 10707359378, 'prompt_eval_count': 611, 'prompt_eval_duration': 302657494, 'eval_count': 2, 'eval_duration': 11806110}
Response: Well
Analyzing frame 95/142...
Prompt: Given the scenario shown on the video, you think this situation ends well or poorly? (Use only one word to answer)
Image size: 32160 bytes
Response status code: 200
{'model': 'llava-llama3', 'created_at': '2025-12-06T20:10:02.88284735Z', 'message': {'role': 'assistant', 'content': 'Well'}, 'done': True, 'done_reason': 'stop', 'total_duration': 12323132540, 'load_duration': 11897025566, 'prompt_eval_count': 611, 'prompt_eval_duration': 319974187, 'eval_count': 2, 'eval_duration': 14466411}
Response: Well
Analyzing frame 96/142...
Prompt: Given the scenario shown on the video, you think this situation ends well or poorly? (Use only one word to answer)
Image size: 32504 bytes
Response status code: 200
{'model': 'llava-llama3', 'created_at': '2025-12-06T20:10:16.616924304Z', 'message': {'role': 'assistant', 'content': 'Well'}, 'done': True, 'done_reason': 'stop', 'total_duration': 12693607031, 'load_duration': 12287581429, 'prompt_eval_count': 611, 'prompt_eval_duration': 304819156, 'eval_count': 2, 'eval_duration': 11662233}
Response: Well
Analyzing frame 97/142...
Prompt: Given the scenario shown on the video, you think this situation ends well or poorly? (Use only one word to answer)
Image size: 32652 bytes
Response status code: 200
{'model': 'llava-llama3', 'created_at': '2025-12-06T20:10:29.893710382Z', 'message': {'role': 'assistant', 'content': 'Poorly'}, 'done': True, 'done_reason': 'stop', 'total_duration': 12237709698, 'load_duration': 11819736320, 'prompt_eval_count': 611, 'prompt_eval_duration': 304136693, 'eval_count': 3, 'eval_duration': 22633308}
Response: Poorly
Analyzing frame 98/142...
Prompt: Given the scenario shown on the video, you think this situation ends well or poorly? (Use only one word to answer)
Image size: 33004 bytes
Response status code: 200
{'model': 'llava-llama3', 'created_at': '2025-12-06T20:10:31.433827467Z', 'message': {'role': 'assistant', 'content': 'Well'}, 'done': True, 'done_reason': 'stop', 'total_duration': 507494630, 'load_duration': 154885110, 'prompt_eval_count': 611, 'prompt_eval_duration': 285126092, 'eval_count': 2, 'eval_duration': 11511805}
Response: Well
Analyzing frame 99/142...
Prompt: Given the scenario shown on the video, you think this situation ends well or poorly? (Use only one word to answer)
Image size: 33572 bytes
Response status code: 200
{'model': 'llava-llama3', 'created_at': '2025-12-06T20:10:43.63857083Z', 'message': {'role': 'assistant', 'content': 'Poorly'}, 'done': True, 'done_reason': 'stop', 'total_duration': 11166555831, 'load_duration': 10743188858, 'prompt_eval_count': 611, 'prompt_eval_duration': 303284005, 'eval_count': 3, 'eval_duration': 23022844}
Response: Poorly
Analyzing frame 100/142...
Prompt: Given the scenario shown on the video, you think this situation ends well or poorly? (Use only one word to answer)
Image size: 33604 bytes
Response status code: 200
{'model': 'llava-llama3', 'created_at': '2025-12-06T20:10:57.436269387Z', 'message': {'role': 'assistant', 'content': 'Well'}, 'done': True, 'done_reason': 'stop', 'total_duration': 12761206277, 'load_duration': 12325821518, 'prompt_eval_count': 611, 'prompt_eval_duration': 319884345, 'eval_count': 2, 'eval_duration': 11718216}
Response: Well
Analyzing frame 101/142...
Prompt: Given the scenario shown on the video, you think this situation ends well or poorly? (Use only one word to answer)
Image size: 33992 bytes
Response status code: 200
{'model': 'llava-llama3', 'created_at': '2025-12-06T20:11:11.04979395Z', 'message': {'role': 'assistant', 'content': 'Poorly'}, 'done': True, 'done_reason': 'stop', 'total_duration': 12575094640, 'load_duration': 12138590332, 'prompt_eval_count': 611, 'prompt_eval_duration': 305200068, 'eval_count': 3, 'eval_duration': 22602248}
Response: Poorly
Analyzing frame 102/142...
Prompt: Given the scenario shown on the video, you think this situation ends well or poorly? (Use only one word to answer)
Image size: 34204 bytes
Response status code: 200
{'model': 'llava-llama3', 'created_at': '2025-12-06T20:11:12.650855858Z', 'message': {'role': 'assistant', 'content': 'Well'}, 'done': True, 'done_reason': 'stop', 'total_duration': 564428610, 'load_duration': 196715623, 'prompt_eval_count': 611, 'prompt_eval_duration': 285995614, 'eval_count': 2, 'eval_duration': 11489710}
Response: Well
Analyzing frame 103/142...
Prompt: Given the scenario shown on the video, you think this situation ends well or poorly? (Use only one word to answer)
Image size: 34108 bytes
Response status code: 200
{'model': 'llava-llama3', 'created_at': '2025-12-06T20:11:24.877901683Z', 'message': {'role': 'assistant', 'content': 'Well'}, 'done': True, 'done_reason': 'stop', 'total_duration': 11192182896, 'load_duration': 10791423289, 'prompt_eval_count': 611, 'prompt_eval_duration': 304077945, 'eval_count': 2, 'eval_duration': 11784115}
Response: Well
Analyzing frame 104/142...
Prompt: Given the scenario shown on the video, you think this situation ends well or poorly? (Use only one word to answer)
Image size: 34180 bytes
Response status code: 200
{'model': 'llava-llama3', 'created_at': '2025-12-06T20:11:38.365913042Z', 'message': {'role': 'assistant', 'content': 'Well'}, 'done': True, 'done_reason': 'stop', 'total_duration': 12450862416, 'load_duration': 12022894095, 'prompt_eval_count': 611, 'prompt_eval_duration': 318014129, 'eval_count': 2, 'eval_duration': 11743766}
Response: Well
Analyzing frame 105/142...
Prompt: Given the scenario shown on the video, you think this situation ends well or poorly? (Use only one word to answer)
Image size: 33936 bytes
Response status code: 200
{'model': 'llava-llama3', 'created_at': '2025-12-06T20:11:39.955908925Z', 'message': {'role': 'assistant', 'content': 'Well'}, 'done': True, 'done_reason': 'stop', 'total_duration': 550948457, 'load_duration': 175788218, 'prompt_eval_count': 611, 'prompt_eval_duration': 288330661, 'eval_count': 2, 'eval_duration': 11911630}
Response: Well
Analyzing frame 106/142...
Prompt: Given the scenario shown on the video, you think this situation ends well or poorly? (Use only one word to answer)
Image size: 33772 bytes
Response status code: 200
{'model': 'llava-llama3', 'created_at': '2025-12-06T20:11:52.349812281Z', 'message': {'role': 'assistant', 'content': 'Well'}, 'done': True, 'done_reason': 'stop', 'total_duration': 11353557335, 'load_duration': 10931432365, 'prompt_eval_count': 611, 'prompt_eval_duration': 304975152, 'eval_count': 2, 'eval_duration': 11606254}
Response: Well
Analyzing frame 107/142...
Prompt: Given the scenario shown on the video, you think this situation ends well or poorly? (Use only one word to answer)
Image size: 33700 bytes
Response status code: 200
{'model': 'llava-llama3', 'created_at': '2025-12-06T20:12:06.058857799Z', 'message': {'role': 'assistant', 'content': 'Poorly'}, 'done': True, 'done_reason': 'stop', 'total_duration': 12672057157, 'load_duration': 12243372836, 'prompt_eval_count': 611, 'prompt_eval_duration': 302720397, 'eval_count': 3, 'eval_duration': 22748372}
Response: Poorly
Analyzing frame 108/142...
Prompt: Given the scenario shown on the video, you think this situation ends well or poorly? (Use only one word to answer)
Image size: 33808 bytes
Response status code: 200
{'model': 'llava-llama3', 'created_at': '2025-12-06T20:12:19.673211402Z', 'message': {'role': 'assistant', 'content': 'Well'}, 'done': True, 'done_reason': 'stop', 'total_duration': 12577292716, 'load_duration': 12166571155, 'prompt_eval_count': 611, 'prompt_eval_duration': 304658907, 'eval_count': 2, 'eval_duration': 11569306}
Response: Well
Analyzing frame 109/142...
Prompt: Given the scenario shown on the video, you think this situation ends well or poorly? (Use only one word to answer)
Image size: 33096 bytes
Response status code: 200
{'model': 'llava-llama3', 'created_at': '2025-12-06T20:12:33.133065331Z', 'message': {'role': 'assistant', 'content': 'Well'}, 'done': True, 'done_reason': 'stop', 'total_duration': 12420537592, 'load_duration': 11990074482, 'prompt_eval_count': 611, 'prompt_eval_duration': 315269808, 'eval_count': 2, 'eval_duration': 11647798}
Response: Well
Analyzing frame 110/142...
Prompt: Given the scenario shown on the video, you think this situation ends well or poorly? (Use only one word to answer)
Image size: 33116 bytes
Response status code: 200
{'model': 'llava-llama3', 'created_at': '2025-12-06T20:12:46.642379182Z', 'message': {'role': 'assistant', 'content': 'Well'}, 'done': True, 'done_reason': 'stop', 'total_duration': 12472503614, 'load_duration': 12032948656, 'prompt_eval_count': 611, 'prompt_eval_duration': 320646641, 'eval_count': 2, 'eval_duration': 11676164}
Response: Well
Analyzing frame 111/142...
Prompt: Given the scenario shown on the video, you think this situation ends well or poorly? (Use only one word to answer)
Image size: 33020 bytes
Response status code: 200
{'model': 'llava-llama3', 'created_at': '2025-12-06T20:13:00.15106108Z', 'message': {'role': 'assistant', 'content': 'Well'}, 'done': True, 'done_reason': 'stop', 'total_duration': 12471993868, 'load_duration': 12059143651, 'prompt_eval_count': 611, 'prompt_eval_duration': 303579527, 'eval_count': 2, 'eval_duration': 11822874}
Response: Well
Analyzing frame 112/142...
Prompt: Given the scenario shown on the video, you think this situation ends well or poorly? (Use only one word to answer)
Image size: 32860 bytes
Response status code: 200
{'model': 'llava-llama3', 'created_at': '2025-12-06T20:13:01.742739695Z', 'message': {'role': 'assistant', 'content': 'Well'}, 'done': True, 'done_reason': 'stop', 'total_duration': 554948719, 'load_duration': 178305352, 'prompt_eval_count': 611, 'prompt_eval_duration': 285923594, 'eval_count': 2, 'eval_duration': 11808019}
Response: Well
Analyzing frame 113/142...
Prompt: Given the scenario shown on the video, you think this situation ends well or poorly? (Use only one word to answer)
Image size: 32884 bytes
Response status code: 200
{'model': 'llava-llama3', 'created_at': '2025-12-06T20:13:14.101800623Z', 'message': {'role': 'assistant', 'content': 'Well'}, 'done': True, 'done_reason': 'stop', 'total_duration': 11322082897, 'load_duration': 10891332726, 'prompt_eval_count': 611, 'prompt_eval_duration': 319487488, 'eval_count': 2, 'eval_duration': 11610009}
Response: Well
Analyzing frame 114/142...
Prompt: Given the scenario shown on the video, you think this situation ends well or poorly? (Use only one word to answer)
Image size: 32840 bytes
Response status code: 200
{'model': 'llava-llama3', 'created_at': '2025-12-06T20:13:15.627022303Z', 'message': {'role': 'assistant', 'content': 'Well'}, 'done': True, 'done_reason': 'stop', 'total_duration': 488243406, 'load_duration': 117519078, 'prompt_eval_count': 611, 'prompt_eval_duration': 284569785, 'eval_count': 2, 'eval_duration': 11517000}
Response: Well
Analyzing frame 115/142...
Prompt: Given the scenario shown on the video, you think this situation ends well or poorly? (Use only one word to answer)
Image size: 32828 bytes
Response status code: 200
{'model': 'llava-llama3', 'created_at': '2025-12-06T20:13:28.135889958Z', 'message': {'role': 'assistant', 'content': 'Well'}, 'done': True, 'done_reason': 'stop', 'total_duration': 11468700256, 'load_duration': 11042943441, 'prompt_eval_count': 611, 'prompt_eval_duration': 318932956, 'eval_count': 2, 'eval_duration': 11974981}
Response: Well
Analyzing frame 116/142...
Prompt: Given the scenario shown on the video, you think this situation ends well or poorly? (Use only one word to answer)
Image size: 32816 bytes
Response status code: 200
{'model': 'llava-llama3', 'created_at': '2025-12-06T20:13:29.717797367Z', 'message': {'role': 'assistant', 'content': 'Poorly'}, 'done': True, 'done_reason': 'stop', 'total_duration': 542603337, 'load_duration': 175635539, 'prompt_eval_count': 611, 'prompt_eval_duration': 286998324, 'eval_count': 3, 'eval_duration': 22923428}
Response: Poorly
Analyzing frame 117/142...
Prompt: Given the scenario shown on the video, you think this situation ends well or poorly? (Use only one word to answer)
Image size: 32828 bytes
Response status code: 200
{'model': 'llava-llama3', 'created_at': '2025-12-06T20:13:42.184036536Z', 'message': {'role': 'assistant', 'content': 'Poorly'}, 'done': True, 'done_reason': 'stop', 'total_duration': 11426430141, 'load_duration': 11008295157, 'prompt_eval_count': 611, 'prompt_eval_duration': 303740913, 'eval_count': 3, 'eval_duration': 22949746}
Response: Poorly
Analyzing frame 118/142...
Prompt: Given the scenario shown on the video, you think this situation ends well or poorly? (Use only one word to answer)
Image size: 32820 bytes
Response status code: 200
{'model': 'llava-llama3', 'created_at': '2025-12-06T20:13:55.702065679Z', 'message': {'role': 'assistant', 'content': 'Well'}, 'done': True, 'done_reason': 'stop', 'total_duration': 12482407641, 'load_duration': 12059105401, 'prompt_eval_count': 611, 'prompt_eval_duration': 320088085, 'eval_count': 2, 'eval_duration': 11922120}
Response: Well
Analyzing frame 119/142...
Prompt: Given the scenario shown on the video, you think this situation ends well or poorly? (Use only one word to answer)
Image size: 32804 bytes
Response status code: 200
{'model': 'llava-llama3', 'created_at': '2025-12-06T20:13:57.292568907Z', 'message': {'role': 'assistant', 'content': 'Poorly'}, 'done': True, 'done_reason': 'stop', 'total_duration': 553212343, 'load_duration': 166614552, 'prompt_eval_count': 611, 'prompt_eval_duration': 287241678, 'eval_count': 3, 'eval_duration': 22778607}
Response: Poorly
Analyzing frame 120/142...
Prompt: Given the scenario shown on the video, you think this situation ends well or poorly? (Use only one word to answer)
Image size: 32824 bytes
Response status code: 200
{'model': 'llava-llama3', 'created_at': '2025-12-06T20:14:09.674535879Z', 'message': {'role': 'assistant', 'content': 'Well'}, 'done': True, 'done_reason': 'stop', 'total_duration': 11341821676, 'load_duration': 10903950040, 'prompt_eval_count': 611, 'prompt_eval_duration': 321489664, 'eval_count': 2, 'eval_duration': 11593441}
Response: Well
Analyzing frame 121/142...
Prompt: Given the scenario shown on the video, you think this situation ends well or poorly? (Use only one word to answer)
Image size: 32816 bytes
Response status code: 200
{'model': 'llava-llama3', 'created_at': '2025-12-06T20:14:11.187544298Z', 'message': {'role': 'assistant', 'content': 'Well'}, 'done': True, 'done_reason': 'stop', 'total_duration': 478636941, 'load_duration': 122820505, 'prompt_eval_count': 611, 'prompt_eval_duration': 288354322, 'eval_count': 2, 'eval_duration': 11503886}
Response: Well
Analyzing frame 122/142...
Prompt: Given the scenario shown on the video, you think this situation ends well or poorly? (Use only one word to answer)
Image size: 32812 bytes
Response status code: 200
{'model': 'llava-llama3', 'created_at': '2025-12-06T20:14:23.707973955Z', 'message': {'role': 'assistant', 'content': 'Well'}, 'done': True, 'done_reason': 'stop', 'total_duration': 11485898594, 'load_duration': 11079502488, 'prompt_eval_count': 611, 'prompt_eval_duration': 302907960, 'eval_count': 2, 'eval_duration': 11532919}
Response: Well
Analyzing frame 123/142...
Prompt: Given the scenario shown on the video, you think this situation ends well or poorly? (Use only one word to answer)
Image size: 32820 bytes
Response status code: 200
{'model': 'llava-llama3', 'created_at': '2025-12-06T20:14:25.250297599Z', 'message': {'role': 'assistant', 'content': 'Well'}, 'done': True, 'done_reason': 'stop', 'total_duration': 502995365, 'load_duration': 139940938, 'prompt_eval_count': 611, 'prompt_eval_duration': 288572165, 'eval_count': 2, 'eval_duration': 14124545}
Response: Well
Analyzing frame 124/142...
Prompt: Given the scenario shown on the video, you think this situation ends well or poorly? (Use only one word to answer)
Image size: 32804 bytes
Response status code: 200
{'model': 'llava-llama3', 'created_at': '2025-12-06T20:14:37.662695701Z', 'message': {'role': 'assistant', 'content': 'Well'}, 'done': True, 'done_reason': 'stop', 'total_duration': 11373910161, 'load_duration': 10955680090, 'prompt_eval_count': 611, 'prompt_eval_duration': 316505078, 'eval_count': 2, 'eval_duration': 11979898}
Response: Well
Analyzing frame 125/142...
Prompt: Given the scenario shown on the video, you think this situation ends well or poorly? (Use only one word to answer)
Image size: 32812 bytes
Response status code: 200
{'model': 'llava-llama3', 'created_at': '2025-12-06T20:14:39.257137727Z', 'message': {'role': 'assistant', 'content': 'Poorly'}, 'done': True, 'done_reason': 'stop', 'total_duration': 558492194, 'load_duration': 168375584, 'prompt_eval_count': 611, 'prompt_eval_duration': 287148802, 'eval_count': 3, 'eval_duration': 22564816}
Response: Poorly
Analyzing frame 126/142...
Prompt: Given the scenario shown on the video, you think this situation ends well or poorly? (Use only one word to answer)
Image size: 32812 bytes
Response status code: 200
{'model': 'llava-llama3', 'created_at': '2025-12-06T20:14:51.562915771Z', 'message': {'role': 'assistant', 'content': 'Well'}, 'done': True, 'done_reason': 'stop', 'total_duration': 11266877387, 'load_duration': 10862974491, 'prompt_eval_count': 611, 'prompt_eval_duration': 303971389, 'eval_count': 2, 'eval_duration': 11695429}
Response: Well
Analyzing frame 127/142...
Prompt: Given the scenario shown on the video, you think this situation ends well or poorly? (Use only one word to answer)
Image size: 32828 bytes
Response status code: 200
{'model': 'llava-llama3', 'created_at': '2025-12-06T20:14:53.148936091Z', 'message': {'role': 'assistant', 'content': 'Poorly'}, 'done': True, 'done_reason': 'stop', 'total_duration': 550581485, 'load_duration': 157659561, 'prompt_eval_count': 611, 'prompt_eval_duration': 285337896, 'eval_count': 3, 'eval_duration': 22563187}
Response: Poorly
Analyzing frame 128/142...
Prompt: Given the scenario shown on the video, you think this situation ends well or poorly? (Use only one word to answer)
Image size: 32812 bytes
Response status code: 200
{'model': 'llava-llama3', 'created_at': '2025-12-06T20:15:05.466478785Z', 'message': {'role': 'assistant', 'content': 'Well'}, 'done': True, 'done_reason': 'stop', 'total_duration': 11276919250, 'load_duration': 10862248810, 'prompt_eval_count': 611, 'prompt_eval_duration': 306644747, 'eval_count': 2, 'eval_duration': 11857156}
Response: Well
Analyzing frame 129/142...
Prompt: Given the scenario shown on the video, you think this situation ends well or poorly? (Use only one word to answer)
Image size: 32812 bytes
Response status code: 200
{'model': 'llava-llama3', 'created_at': '2025-12-06T20:15:18.815441371Z', 'message': {'role': 'assistant', 'content': 'Well'}, 'done': True, 'done_reason': 'stop', 'total_duration': 12307679889, 'load_duration': 11904124569, 'prompt_eval_count': 611, 'prompt_eval_duration': 304129312, 'eval_count': 2, 'eval_duration': 11597202}
Response: Well
Analyzing frame 130/142...
Prompt: Given the scenario shown on the video, you think this situation ends well or poorly? (Use only one word to answer)
Image size: 32840 bytes
Response status code: 200
{'model': 'llava-llama3', 'created_at': '2025-12-06T20:15:32.318516253Z', 'message': {'role': 'assistant', 'content': 'Poorly'}, 'done': True, 'done_reason': 'stop', 'total_duration': 12463108973, 'load_duration': 12014258791, 'prompt_eval_count': 611, 'prompt_eval_duration': 320149878, 'eval_count': 3, 'eval_duration': 22925786}
Response: Poorly
Analyzing frame 131/142...
Prompt: Given the scenario shown on the video, you think this situation ends well or poorly? (Use only one word to answer)
Image size: 32824 bytes
Response status code: 200
{'model': 'llava-llama3', 'created_at': '2025-12-06T20:15:33.92222657Z', 'message': {'role': 'assistant', 'content': 'Poorly'}, 'done': True, 'done_reason': 'stop', 'total_duration': 562323403, 'load_duration': 177931965, 'prompt_eval_count': 611, 'prompt_eval_duration': 286218009, 'eval_count': 3, 'eval_duration': 22667216}
Response: Poorly
Analyzing frame 132/142...
Prompt: Given the scenario shown on the video, you think this situation ends well or poorly? (Use only one word to answer)
Image size: 32812 bytes
Response status code: 200
{'model': 'llava-llama3', 'created_at': '2025-12-06T20:15:46.338627798Z', 'message': {'role': 'assistant', 'content': 'Well'}, 'done': True, 'done_reason': 'stop', 'total_duration': 11377534871, 'load_duration': 10966812583, 'prompt_eval_count': 611, 'prompt_eval_duration': 311959489, 'eval_count': 2, 'eval_duration': 11651711}
Response: Well
Analyzing frame 133/142...
Prompt: Given the scenario shown on the video, you think this situation ends well or poorly? (Use only one word to answer)
Image size: 32840 bytes
Response status code: 200
{'model': 'llava-llama3', 'created_at': '2025-12-06T20:15:59.885513479Z', 'message': {'role': 'assistant', 'content': 'Well'}, 'done': True, 'done_reason': 'stop', 'total_duration': 12509826668, 'load_duration': 12093503604, 'prompt_eval_count': 611, 'prompt_eval_duration': 303081858, 'eval_count': 2, 'eval_duration': 11669882}
Response: Well
Analyzing frame 134/142...
Prompt: Given the scenario shown on the video, you think this situation ends well or poorly? (Use only one word to answer)
Image size: 32832 bytes
Response status code: 200
{'model': 'llava-llama3', 'created_at': '2025-12-06T20:16:13.589392904Z', 'message': {'role': 'assistant', 'content': 'Well'}, 'done': True, 'done_reason': 'stop', 'total_duration': 12662346484, 'load_duration': 12258320260, 'prompt_eval_count': 611, 'prompt_eval_duration': 304841124, 'eval_count': 2, 'eval_duration': 11688807}
Response: Well
Analyzing frame 135/142...
Prompt: Given the scenario shown on the video, you think this situation ends well or poorly? (Use only one word to answer)
Image size: 32840 bytes
Response status code: 200
{'model': 'llava-llama3', 'created_at': '2025-12-06T20:16:27.153676387Z', 'message': {'role': 'assistant', 'content': 'Well'}, 'done': True, 'done_reason': 'stop', 'total_duration': 12525510657, 'load_duration': 12099336654, 'prompt_eval_count': 611, 'prompt_eval_duration': 303712467, 'eval_count': 2, 'eval_duration': 11717371}
Response: Well
Analyzing frame 136/142...
Prompt: Given the scenario shown on the video, you think this situation ends well or poorly? (Use only one word to answer)
Image size: 32844 bytes
Response status code: 200
{'model': 'llava-llama3', 'created_at': '2025-12-06T20:16:40.599249331Z', 'message': {'role': 'assistant', 'content': 'Well'}, 'done': True, 'done_reason': 'stop', 'total_duration': 12408704440, 'load_duration': 11996401489, 'prompt_eval_count': 611, 'prompt_eval_duration': 303022971, 'eval_count': 2, 'eval_duration': 11651268}
Response: Well
Analyzing frame 137/142...
Prompt: Given the scenario shown on the video, you think this situation ends well or poorly? (Use only one word to answer)
Image size: 32828 bytes
Response status code: 200
{'model': 'llava-llama3', 'created_at': '2025-12-06T20:16:54.302093846Z', 'message': {'role': 'assistant', 'content': 'Well'}, 'done': True, 'done_reason': 'stop', 'total_duration': 12663417988, 'load_duration': 12264023447, 'prompt_eval_count': 611, 'prompt_eval_duration': 302991173, 'eval_count': 2, 'eval_duration': 11905579}
Response: Well
Analyzing frame 138/142...
Prompt: Given the scenario shown on the video, you think this situation ends well or poorly? (Use only one word to answer)
Image size: 32824 bytes
Response status code: 200
{'model': 'llava-llama3', 'created_at': '2025-12-06T20:17:07.938985344Z', 'message': {'role': 'assistant', 'content': 'Well'}, 'done': True, 'done_reason': 'stop', 'total_duration': 12596926987, 'load_duration': 12170729854, 'prompt_eval_count': 611, 'prompt_eval_duration': 319542282, 'eval_count': 2, 'eval_duration': 13315210}
Response: Well
Analyzing frame 139/142...
Prompt: Given the scenario shown on the video, you think this situation ends well or poorly? (Use only one word to answer)
Image size: 32832 bytes
Response status code: 200
{'model': 'llava-llama3', 'created_at': '2025-12-06T20:17:21.644320114Z', 'message': {'role': 'assistant', 'content': 'Poorly'}, 'done': True, 'done_reason': 'stop', 'total_duration': 12666432342, 'load_duration': 12236785074, 'prompt_eval_count': 611, 'prompt_eval_duration': 318476336, 'eval_count': 3, 'eval_duration': 22646233}
Response: Poorly
Analyzing frame 140/142...
Prompt: Given the scenario shown on the video, you think this situation ends well or poorly? (Use only one word to answer)
Image size: 32828 bytes
Response status code: 200
{'model': 'llava-llama3', 'created_at': '2025-12-06T20:17:23.225059743Z', 'message': {'role': 'assistant', 'content': 'Well'}, 'done': True, 'done_reason': 'stop', 'total_duration': 544973947, 'load_duration': 162578590, 'prompt_eval_count': 611, 'prompt_eval_duration': 287276158, 'eval_count': 2, 'eval_duration': 11527496}
Response: Well
Analyzing frame 141/142...
Prompt: Given the scenario shown on the video, you think this situation ends well or poorly? (Use only one word to answer)
Image size: 32836 bytes
Response status code: 200
{'model': 'llava-llama3', 'created_at': '2025-12-06T20:17:35.767758677Z', 'message': {'role': 'assistant', 'content': 'Well'}, 'done': True, 'done_reason': 'stop', 'total_duration': 11501143469, 'load_duration': 11077920597, 'prompt_eval_count': 611, 'prompt_eval_duration': 315988623, 'eval_count': 2, 'eval_duration': 11639299}
Response: Well
Analyzing frame 142/142...
Prompt: Given the scenario shown on the video, you think this situation ends well or poorly? (Use only one word to answer)
Image size: 32808 bytes
Response status code: 200
{'model': 'llava-llama3', 'created_at': '2025-12-06T20:17:37.340483719Z', 'message': {'role': 'assistant', 'content': 'Well'}, 'done': True, 'done_reason': 'stop', 'total_duration': 531084319, 'load_duration': 179950588, 'prompt_eval_count': 611, 'prompt_eval_duration': 286073528, 'eval_count': 2, 'eval_duration': 11509709}
Response: Well
Final prediction for 11_final.mp4: Poorly

Results saved to ./results/results_llavallama3.csv
Total videos processed: 142

==================================================
Processing video 2/30

Processing video: 12_final.mp4
Video info: 217 frames, 30.00 FPS, 7.23 seconds
Extracted 73 frames for analysis
Analyzing frame 1/73...
Prompt: Given the scenario shown on the video, you think this situation ends well or poorly? (Use only one word to answer)
Image size: 22340 bytes
Response status code: 200
{'model': 'llava-llama3', 'created_at': '2025-12-06T20:17:49.96952754Z', 'message': {'role': 'assistant', 'content': 'Poorly'}, 'done': True, 'done_reason': 'stop', 'total_duration': 8632007224, 'load_duration': 8191889690, 'prompt_eval_count': 611, 'prompt_eval_duration': 316856103, 'eval_count': 3, 'eval_duration': 22682175}
Response: Poorly
Analyzing frame 2/73...
Prompt: Given the scenario shown on the video, you think this situation ends well or poorly? (Use only one word to answer)
Image size: 22528 bytes
Response status code: 200
{'model': 'llava-llama3', 'created_at': '2025-12-06T20:17:51.587897969Z', 'message': {'role': 'assistant', 'content': 'Poorly'}, 'done': True, 'done_reason': 'stop', 'total_duration': 580676874, 'load_duration': 191412469, 'prompt_eval_count': 611, 'prompt_eval_duration': 286443610, 'eval_count': 3, 'eval_duration': 22580952}
Response: Poorly
Analyzing frame 3/73...
Prompt: Given the scenario shown on the video, you think this situation ends well or poorly? (Use only one word to answer)
Image size: 22604 bytes
Response status code: 200
{'model': 'llava-llama3', 'created_at': '2025-12-06T20:18:04.05238806Z', 'message': {'role': 'assistant', 'content': 'Well'}, 'done': True, 'done_reason': 'stop', 'total_duration': 11430100562, 'load_duration': 11015938849, 'prompt_eval_count': 611, 'prompt_eval_duration': 302864003, 'eval_count': 2, 'eval_duration': 11572162}
Response: Well
Analyzing frame 4/73...
Prompt: Given the scenario shown on the video, you think this situation ends well or poorly? (Use only one word to answer)
Image size: 22380 bytes
Response status code: 200
{'model': 'llava-llama3', 'created_at': '2025-12-06T20:18:17.461241214Z', 'message': {'role': 'assistant', 'content': 'Poorly'}, 'done': True, 'done_reason': 'stop', 'total_duration': 12368484953, 'load_duration': 11948236375, 'prompt_eval_count': 611, 'prompt_eval_duration': 305313333, 'eval_count': 3, 'eval_duration': 22843848}
Response: Poorly
Analyzing frame 5/73...
Prompt: Given the scenario shown on the video, you think this situation ends well or poorly? (Use only one word to answer)
Image size: 22024 bytes
Response status code: 200
{'model': 'llava-llama3', 'created_at': '2025-12-06T20:18:19.017191467Z', 'message': {'role': 'assistant', 'content': 'Poorly'}, 'done': True, 'done_reason': 'stop', 'total_duration': 519096169, 'load_duration': 153492278, 'prompt_eval_count': 611, 'prompt_eval_duration': 286774013, 'eval_count': 3, 'eval_duration': 22499378}
Response: Poorly
Analyzing frame 6/73...
Prompt: Given the scenario shown on the video, you think this situation ends well or poorly? (Use only one word to answer)
Image size: 21808 bytes
Response status code: 200
{'model': 'llava-llama3', 'created_at': '2025-12-06T20:18:31.564463436Z', 'message': {'role': 'assistant', 'content': 'Well'}, 'done': True, 'done_reason': 'stop', 'total_duration': 11511278893, 'load_duration': 11098967335, 'prompt_eval_count': 611, 'prompt_eval_duration': 303121139, 'eval_count': 2, 'eval_duration': 11653341}
Response: Well
Analyzing frame 7/73...
Prompt: Given the scenario shown on the video, you think this situation ends well or poorly? (Use only one word to answer)
Image size: 21504 bytes
Response status code: 200
{'model': 'llava-llama3', 'created_at': '2025-12-06T20:18:33.095971846Z', 'message': {'role': 'assistant', 'content': 'Poorly'}, 'done': True, 'done_reason': 'stop', 'total_duration': 493549651, 'load_duration': 121224644, 'prompt_eval_count': 611, 'prompt_eval_duration': 291723707, 'eval_count': 3, 'eval_duration': 22919320}
Response: Poorly
Analyzing frame 8/73...
Prompt: Given the scenario shown on the video, you think this situation ends well or poorly? (Use only one word to answer)
Image size: 21140 bytes
Response status code: 200
{'model': 'llava-llama3', 'created_at': '2025-12-06T20:18:45.506756022Z', 'message': {'role': 'assistant', 'content': 'Poorly'}, 'done': True, 'done_reason': 'stop', 'total_duration': 11376493500, 'load_duration': 10942062717, 'prompt_eval_count': 611, 'prompt_eval_duration': 320492586, 'eval_count': 3, 'eval_duration': 22717516}
Response: Poorly
Analyzing frame 9/73...
Prompt: Given the scenario shown on the video, you think this situation ends well or poorly? (Use only one word to answer)
Image size: 21020 bytes
Response status code: 200
{'model': 'llava-llama3', 'created_at': '2025-12-06T20:18:59.06341169Z', 'message': {'role': 'assistant', 'content': 'Well'}, 'done': True, 'done_reason': 'stop', 'total_duration': 12516573500, 'load_duration': 12116979078, 'prompt_eval_count': 611, 'prompt_eval_duration': 302747549, 'eval_count': 2, 'eval_duration': 11663577}
Response: Well
Analyzing frame 10/73...
Prompt: Given the scenario shown on the video, you think this situation ends well or poorly? (Use only one word to answer)
Image size: 21036 bytes
Response status code: 200
{'model': 'llava-llama3', 'created_at': '2025-12-06T20:19:00.613950393Z', 'message': {'role': 'assistant', 'content': 'Poorly'}, 'done': True, 'done_reason': 'stop', 'total_duration': 511115301, 'load_duration': 127405760, 'prompt_eval_count': 611, 'prompt_eval_duration': 285906494, 'eval_count': 3, 'eval_duration': 22748515}
Response: Poorly
Analyzing frame 11/73...
Prompt: Given the scenario shown on the video, you think this situation ends well or poorly? (Use only one word to answer)
Image size: 21464 bytes
Response status code: 200
{'model': 'llava-llama3', 'created_at': '2025-12-06T20:19:12.864899949Z', 'message': {'role': 'assistant', 'content': 'Poorly'}, 'done': True, 'done_reason': 'stop', 'total_duration': 11211167406, 'load_duration': 10770606076, 'prompt_eval_count': 611, 'prompt_eval_duration': 320314512, 'eval_count': 3, 'eval_duration': 22793072}
Response: Poorly
Analyzing frame 12/73...
Prompt: Given the scenario shown on the video, you think this situation ends well or poorly? (Use only one word to answer)
Image size: 21644 bytes
Response status code: 200
{'model': 'llava-llama3', 'created_at': '2025-12-06T20:19:14.457555338Z', 'message': {'role': 'assistant', 'content': 'Poorly'}, 'done': True, 'done_reason': 'stop', 'total_duration': 554993677, 'load_duration': 186746488, 'prompt_eval_count': 611, 'prompt_eval_duration': 287353282, 'eval_count': 3, 'eval_duration': 22602740}
Response: Poorly
Analyzing frame 13/73...
Prompt: Given the scenario shown on the video, you think this situation ends well or poorly? (Use only one word to answer)
Image size: 21668 bytes
Response status code: 200
{'model': 'llava-llama3', 'created_at': '2025-12-06T20:19:26.854271476Z', 'message': {'role': 'assistant', 'content': 'Well'}, 'done': True, 'done_reason': 'stop', 'total_duration': 11359373913, 'load_duration': 10951246839, 'prompt_eval_count': 611, 'prompt_eval_duration': 303273626, 'eval_count': 2, 'eval_duration': 14109273}
Response: Well
Analyzing frame 14/73...
Prompt: Given the scenario shown on the video, you think this situation ends well or poorly? (Use only one word to answer)
Image size: 21548 bytes
Response status code: 200
{'model': 'llava-llama3', 'created_at': '2025-12-06T20:19:40.605623011Z', 'message': {'role': 'assistant', 'content': 'Poorly'}, 'done': True, 'done_reason': 'stop', 'total_duration': 12713150887, 'load_duration': 12274763763, 'prompt_eval_count': 611, 'prompt_eval_duration': 310762226, 'eval_count': 3, 'eval_duration': 22821970}
Response: Poorly
Analyzing frame 15/73...
Prompt: Given the scenario shown on the video, you think this situation ends well or poorly? (Use only one word to answer)
Image size: 21316 bytes
Response status code: 200
{'model': 'llava-llama3', 'created_at': '2025-12-06T20:19:54.144768374Z', 'message': {'role': 'assistant', 'content': 'Poorly'}, 'done': True, 'done_reason': 'stop', 'total_duration': 12501667248, 'load_duration': 12070403621, 'prompt_eval_count': 611, 'prompt_eval_duration': 305221038, 'eval_count': 3, 'eval_duration': 22679422}
Response: Poorly
Analyzing frame 16/73...
Prompt: Given the scenario shown on the video, you think this situation ends well or poorly? (Use only one word to answer)
Image size: 21516 bytes
Response status code: 200
{'model': 'llava-llama3', 'created_at': '2025-12-06T20:20:07.763094344Z', 'message': {'role': 'assistant', 'content': 'Poorly'}, 'done': True, 'done_reason': 'stop', 'total_duration': 12580071275, 'load_duration': 12150953586, 'prompt_eval_count': 611, 'prompt_eval_duration': 314868298, 'eval_count': 3, 'eval_duration': 22871430}
Response: Poorly
Analyzing frame 17/73...
Prompt: Given the scenario shown on the video, you think this situation ends well or poorly? (Use only one word to answer)
Image size: 21696 bytes
Response status code: 200
{'model': 'llava-llama3', 'created_at': '2025-12-06T20:20:21.178650039Z', 'message': {'role': 'assistant', 'content': 'Poorly'}, 'done': True, 'done_reason': 'stop', 'total_duration': 12374352790, 'load_duration': 11923088475, 'prompt_eval_count': 611, 'prompt_eval_duration': 316771348, 'eval_count': 3, 'eval_duration': 24142705}
Response: Poorly
Analyzing frame 18/73...
Prompt: Given the scenario shown on the video, you think this situation ends well or poorly? (Use only one word to answer)
Image size: 22420 bytes
Response status code: 200
{'model': 'llava-llama3', 'created_at': '2025-12-06T20:20:34.85815286Z', 'message': {'role': 'assistant', 'content': 'Poorly'}, 'done': True, 'done_reason': 'stop', 'total_duration': 12637645427, 'load_duration': 12198544376, 'prompt_eval_count': 611, 'prompt_eval_duration': 323996997, 'eval_count': 3, 'eval_duration': 22642588}
Response: Poorly
Analyzing frame 19/73...
Prompt: Given the scenario shown on the video, you think this situation ends well or poorly? (Use only one word to answer)
Image size: 23568 bytes
Response status code: 200
{'model': 'llava-llama3', 'created_at': '2025-12-06T20:20:36.446959447Z', 'message': {'role': 'assistant', 'content': 'Poorly'}, 'done': True, 'done_reason': 'stop', 'total_duration': 550712413, 'load_duration': 162745337, 'prompt_eval_count': 611, 'prompt_eval_duration': 292282907, 'eval_count': 3, 'eval_duration': 22562496}
Response: Poorly
Analyzing frame 20/73...
Prompt: Given the scenario shown on the video, you think this situation ends well or poorly? (Use only one word to answer)
Image size: 24252 bytes
Response status code: 200
{'model': 'llava-llama3', 'created_at': '2025-12-06T20:20:48.975292895Z', 'message': {'role': 'assistant', 'content': 'Well'}, 'done': True, 'done_reason': 'stop', 'total_duration': 11492095428, 'load_duration': 11058583630, 'prompt_eval_count': 611, 'prompt_eval_duration': 319200342, 'eval_count': 2, 'eval_duration': 11622101}
Response: Well
Analyzing frame 21/73...
Prompt: Given the scenario shown on the video, you think this situation ends well or poorly? (Use only one word to answer)
Image size: 24696 bytes
Response status code: 200
{'model': 'llava-llama3', 'created_at': '2025-12-06T20:20:50.580064273Z', 'message': {'role': 'assistant', 'content': 'Poorly'}, 'done': True, 'done_reason': 'stop', 'total_duration': 569584576, 'load_duration': 176735972, 'prompt_eval_count': 611, 'prompt_eval_duration': 286964478, 'eval_count': 3, 'eval_duration': 22657272}
Response: Poorly
Analyzing frame 22/73...
Prompt: Given the scenario shown on the video, you think this situation ends well or poorly? (Use only one word to answer)
Image size: 25264 bytes
Response status code: 200
{'model': 'llava-llama3', 'created_at': '2025-12-06T20:21:03.164597238Z', 'message': {'role': 'assistant', 'content': 'Poorly'}, 'done': True, 'done_reason': 'stop', 'total_duration': 11544393335, 'load_duration': 11129388489, 'prompt_eval_count': 611, 'prompt_eval_duration': 304175612, 'eval_count': 3, 'eval_duration': 22536932}
Response: Poorly
Analyzing frame 23/73...
Prompt: Given the scenario shown on the video, you think this situation ends well or poorly? (Use only one word to answer)
Image size: 25460 bytes
Response status code: 200
{'model': 'llava-llama3', 'created_at': '2025-12-06T20:21:04.739591026Z', 'message': {'role': 'assistant', 'content': 'Poorly'}, 'done': True, 'done_reason': 'stop', 'total_duration': 536073749, 'load_duration': 165559428, 'prompt_eval_count': 611, 'prompt_eval_duration': 286510886, 'eval_count': 3, 'eval_duration': 22492141}
Response: Poorly
Analyzing frame 24/73...
Prompt: Given the scenario shown on the video, you think this situation ends well or poorly? (Use only one word to answer)
Image size: 25568 bytes
Response status code: 200
{'model': 'llava-llama3', 'created_at': '2025-12-06T20:21:17.094650375Z', 'message': {'role': 'assistant', 'content': 'Poorly'}, 'done': True, 'done_reason': 'stop', 'total_duration': 11319049606, 'load_duration': 10904116426, 'prompt_eval_count': 611, 'prompt_eval_duration': 305152638, 'eval_count': 3, 'eval_duration': 22848876}
Response: Poorly
Analyzing frame 25/73...
Prompt: Given the scenario shown on the video, you think this situation ends well or poorly? (Use only one word to answer)
Image size: 25508 bytes
Response status code: 200
{'model': 'llava-llama3', 'created_at': '2025-12-06T20:21:18.628408795Z', 'message': {'role': 'assistant', 'content': 'Well'}, 'done': True, 'done_reason': 'stop', 'total_duration': 496081716, 'load_duration': 139003151, 'prompt_eval_count': 611, 'prompt_eval_duration': 287016434, 'eval_count': 2, 'eval_duration': 13146039}
Response: Well
Analyzing frame 26/73...
Prompt: Given the scenario shown on the video, you think this situation ends well or poorly? (Use only one word to answer)
Image size: 25580 bytes
Response status code: 200
{'model': 'llava-llama3', 'created_at': '2025-12-06T20:21:31.015933857Z', 'message': {'role': 'assistant', 'content': 'Poorly'}, 'done': True, 'done_reason': 'stop', 'total_duration': 11353067963, 'load_duration': 10936845283, 'prompt_eval_count': 611, 'prompt_eval_duration': 306131143, 'eval_count': 3, 'eval_duration': 23042059}
Response: Poorly
Analyzing frame 27/73...
Prompt: Given the scenario shown on the video, you think this situation ends well or poorly? (Use only one word to answer)
Image size: 25616 bytes
Response status code: 200
{'model': 'llava-llama3', 'created_at': '2025-12-06T20:21:32.616738568Z', 'message': {'role': 'assistant', 'content': 'Poorly'}, 'done': True, 'done_reason': 'stop', 'total_duration': 564100382, 'load_duration': 169199179, 'prompt_eval_count': 611, 'prompt_eval_duration': 286102086, 'eval_count': 3, 'eval_duration': 22720297}
Response: Poorly
Analyzing frame 28/73...
Prompt: Given the scenario shown on the video, you think this situation ends well or poorly? (Use only one word to answer)
Image size: 25736 bytes
Response status code: 200
{'model': 'llava-llama3', 'created_at': '2025-12-06T20:21:45.001654058Z', 'message': {'role': 'assistant', 'content': 'Well'}, 'done': True, 'done_reason': 'stop', 'total_duration': 11351394611, 'load_duration': 10954314675, 'prompt_eval_count': 611, 'prompt_eval_duration': 306270507, 'eval_count': 2, 'eval_duration': 11536923}
Response: Well
Analyzing frame 29/73...
Prompt: Given the scenario shown on the video, you think this situation ends well or poorly? (Use only one word to answer)
Image size: 25720 bytes
Response status code: 200
{'model': 'llava-llama3', 'created_at': '2025-12-06T20:21:46.528336644Z', 'message': {'role': 'assistant', 'content': 'Poorly'}, 'done': True, 'done_reason': 'stop', 'total_duration': 490573826, 'load_duration': 119608817, 'prompt_eval_count': 611, 'prompt_eval_duration': 290666358, 'eval_count': 3, 'eval_duration': 22566763}
Response: Poorly
Analyzing frame 30/73...
Prompt: Given the scenario shown on the video, you think this situation ends well or poorly? (Use only one word to answer)
Image size: 25460 bytes
Response status code: 200
{'model': 'llava-llama3', 'created_at': '2025-12-06T20:21:58.946680269Z', 'message': {'role': 'assistant', 'content': 'Poorly'}, 'done': True, 'done_reason': 'stop', 'total_duration': 11380700046, 'load_duration': 10961797786, 'prompt_eval_count': 611, 'prompt_eval_duration': 305050204, 'eval_count': 3, 'eval_duration': 23156057}
Response: Poorly
Analyzing frame 31/73...
Prompt: Given the scenario shown on the video, you think this situation ends well or poorly? (Use only one word to answer)
Image size: 25660 bytes
Response status code: 200
{'model': 'llava-llama3', 'created_at': '2025-12-06T20:22:00.537910232Z', 'message': {'role': 'assistant', 'content': 'Poorly'}, 'done': True, 'done_reason': 'stop', 'total_duration': 553724835, 'load_duration': 164975573, 'prompt_eval_count': 611, 'prompt_eval_duration': 285831222, 'eval_count': 3, 'eval_duration': 22869005}
Response: Poorly
Analyzing frame 32/73...
Prompt: Given the scenario shown on the video, you think this situation ends well or poorly? (Use only one word to answer)
Image size: 25764 bytes
Response status code: 200
{'model': 'llava-llama3', 'created_at': '2025-12-06T20:22:12.856074723Z', 'message': {'role': 'assistant', 'content': 'Poorly'}, 'done': True, 'done_reason': 'stop', 'total_duration': 11279119654, 'load_duration': 10852655029, 'prompt_eval_count': 611, 'prompt_eval_duration': 304373064, 'eval_count': 3, 'eval_duration': 23195047}
Response: Poorly
Analyzing frame 33/73...
Prompt: Given the scenario shown on the video, you think this situation ends well or poorly? (Use only one word to answer)
Image size: 25820 bytes
Response status code: 200
{'model': 'llava-llama3', 'created_at': '2025-12-06T20:22:26.176668955Z', 'message': {'role': 'assistant', 'content': 'Poorly'}, 'done': True, 'done_reason': 'stop', 'total_duration': 12281149290, 'load_duration': 11864672912, 'prompt_eval_count': 611, 'prompt_eval_duration': 305150214, 'eval_count': 3, 'eval_duration': 22623934}
Response: Poorly
Analyzing frame 34/73...
Prompt: Given the scenario shown on the video, you think this situation ends well or poorly? (Use only one word to answer)
Image size: 25796 bytes
Response status code: 200
{'model': 'llava-llama3', 'created_at': '2025-12-06T20:22:39.821031488Z', 'message': {'role': 'assistant', 'content': 'Well'}, 'done': True, 'done_reason': 'stop', 'total_duration': 12607935196, 'load_duration': 12197986207, 'prompt_eval_count': 611, 'prompt_eval_duration': 306736798, 'eval_count': 2, 'eval_duration': 11648970}
Response: Well
Analyzing frame 35/73...
Prompt: Given the scenario shown on the video, you think this situation ends well or poorly? (Use only one word to answer)
Image size: 25912 bytes
Response status code: 200
{'model': 'llava-llama3', 'created_at': '2025-12-06T20:22:41.366210149Z', 'message': {'role': 'assistant', 'content': 'Well'}, 'done': True, 'done_reason': 'stop', 'total_duration': 507188128, 'load_duration': 150873082, 'prompt_eval_count': 611, 'prompt_eval_duration': 287575878, 'eval_count': 2, 'eval_duration': 11596404}
Response: Well
Analyzing frame 36/73...
Prompt: Given the scenario shown on the video, you think this situation ends well or poorly? (Use only one word to answer)
Image size: 26012 bytes
Response status code: 200
{'model': 'llava-llama3', 'created_at': '2025-12-06T20:22:53.791734005Z', 'message': {'role': 'assistant', 'content': 'Poorly'}, 'done': True, 'done_reason': 'stop', 'total_duration': 11389319280, 'load_duration': 10959140329, 'prompt_eval_count': 611, 'prompt_eval_duration': 318427239, 'eval_count': 3, 'eval_duration': 22634579}
Response: Poorly
Analyzing frame 37/73...
Prompt: Given the scenario shown on the video, you think this situation ends well or poorly? (Use only one word to answer)
Image size: 26036 bytes
Response status code: 200
{'model': 'llava-llama3', 'created_at': '2025-12-06T20:22:55.369718595Z', 'message': {'role': 'assistant', 'content': 'Poorly'}, 'done': True, 'done_reason': 'stop', 'total_duration': 539775789, 'load_duration': 172699530, 'prompt_eval_count': 611, 'prompt_eval_duration': 286666401, 'eval_count': 3, 'eval_duration': 24015438}
Response: Poorly
Analyzing frame 38/73...
Prompt: Given the scenario shown on the video, you think this situation ends well or poorly? (Use only one word to answer)
Image size: 26040 bytes
Response status code: 200
{'model': 'llava-llama3', 'created_at': '2025-12-06T20:23:07.810478874Z', 'message': {'role': 'assistant', 'content': 'Well'}, 'done': True, 'done_reason': 'stop', 'total_duration': 11404176590, 'load_duration': 10991958915, 'prompt_eval_count': 611, 'prompt_eval_duration': 303138024, 'eval_count': 2, 'eval_duration': 11618625}
Response: Well
Analyzing frame 39/73...
Prompt: Given the scenario shown on the video, you think this situation ends well or poorly? (Use only one word to answer)
Image size: 26056 bytes
Response status code: 200
{'model': 'llava-llama3', 'created_at': '2025-12-06T20:23:21.276931455Z', 'message': {'role': 'assistant', 'content': 'Poorly'}, 'done': True, 'done_reason': 'stop', 'total_duration': 12428356277, 'load_duration': 11975285636, 'prompt_eval_count': 611, 'prompt_eval_duration': 321907374, 'eval_count': 3, 'eval_duration': 22687040}
Response: Poorly
Analyzing frame 40/73...
Prompt: Given the scenario shown on the video, you think this situation ends well or poorly? (Use only one word to answer)
Image size: 26256 bytes
Response status code: 200
{'model': 'llava-llama3', 'created_at': '2025-12-06T20:23:34.924844826Z', 'message': {'role': 'assistant', 'content': 'Well'}, 'done': True, 'done_reason': 'stop', 'total_duration': 12610312099, 'load_duration': 12181416422, 'prompt_eval_count': 611, 'prompt_eval_duration': 316187362, 'eval_count': 2, 'eval_duration': 11618580}
Response: Well
Analyzing frame 41/73...
Prompt: Given the scenario shown on the video, you think this situation ends well or poorly? (Use only one word to answer)
Image size: 26264 bytes
Response status code: 200
{'model': 'llava-llama3', 'created_at': '2025-12-06T20:23:48.325543254Z', 'message': {'role': 'assistant', 'content': 'Poorly'}, 'done': True, 'done_reason': 'stop', 'total_duration': 12367033626, 'load_duration': 11946079673, 'prompt_eval_count': 611, 'prompt_eval_duration': 304612171, 'eval_count': 3, 'eval_duration': 22739652}
Response: Poorly
Analyzing frame 42/73...
Prompt: Given the scenario shown on the video, you think this situation ends well or poorly? (Use only one word to answer)
Image size: 26264 bytes
Response status code: 200
{'model': 'llava-llama3', 'created_at': '2025-12-06T20:24:01.766670776Z', 'message': {'role': 'assistant', 'content': 'Poorly'}, 'done': True, 'done_reason': 'stop', 'total_duration': 12401651086, 'load_duration': 11988982753, 'prompt_eval_count': 611, 'prompt_eval_duration': 302093363, 'eval_count': 3, 'eval_duration': 22721874}
Response: Poorly
Analyzing frame 43/73...
Prompt: Given the scenario shown on the video, you think this situation ends well or poorly? (Use only one word to answer)
Image size: 26320 bytes
Response status code: 200
{'model': 'llava-llama3', 'created_at': '2025-12-06T20:24:03.35835138Z', 'message': {'role': 'assistant', 'content': 'Well'}, 'done': True, 'done_reason': 'stop', 'total_duration': 553307323, 'load_duration': 178153349, 'prompt_eval_count': 611, 'prompt_eval_duration': 286314400, 'eval_count': 2, 'eval_duration': 11524724}
Response: Well
Analyzing frame 44/73...
Prompt: Given the scenario shown on the video, you think this situation ends well or poorly? (Use only one word to answer)
Image size: 26280 bytes
Response status code: 200
{'model': 'llava-llama3', 'created_at': '2025-12-06T20:24:15.783875482Z', 'message': {'role': 'assistant', 'content': 'Well'}, 'done': True, 'done_reason': 'stop', 'total_duration': 11388481138, 'load_duration': 10972540717, 'prompt_eval_count': 611, 'prompt_eval_duration': 304335289, 'eval_count': 2, 'eval_duration': 11643830}
Response: Well
Analyzing frame 45/73...
Prompt: Given the scenario shown on the video, you think this situation ends well or poorly? (Use only one word to answer)
Image size: 26292 bytes
Response status code: 200
{'model': 'llava-llama3', 'created_at': '2025-12-06T20:24:29.725355227Z', 'message': {'role': 'assistant', 'content': 'Well'}, 'done': True, 'done_reason': 'stop', 'total_duration': 12902360272, 'load_duration': 12469330912, 'prompt_eval_count': 611, 'prompt_eval_duration': 318315533, 'eval_count': 2, 'eval_duration': 11599363}
Response: Well
Analyzing frame 46/73...
Prompt: Given the scenario shown on the video, you think this situation ends well or poorly? (Use only one word to answer)
Image size: 26272 bytes
Response status code: 200
{'model': 'llava-llama3', 'created_at': '2025-12-06T20:24:43.260310751Z', 'message': {'role': 'assistant', 'content': 'Well'}, 'done': True, 'done_reason': 'stop', 'total_duration': 12498080430, 'load_duration': 12093375093, 'prompt_eval_count': 611, 'prompt_eval_duration': 303391108, 'eval_count': 2, 'eval_duration': 11668358}
Response: Well
Analyzing frame 47/73...
Prompt: Given the scenario shown on the video, you think this situation ends well or poorly? (Use only one word to answer)
Image size: 26276 bytes
Response status code: 200
{'model': 'llava-llama3', 'created_at': '2025-12-06T20:24:44.858573586Z', 'message': {'role': 'assistant', 'content': 'Well'}, 'done': True, 'done_reason': 'stop', 'total_duration': 562152740, 'load_duration': 190078567, 'prompt_eval_count': 611, 'prompt_eval_duration': 285733024, 'eval_count': 2, 'eval_duration': 11539542}
Response: Well
Analyzing frame 48/73...
Prompt: Given the scenario shown on the video, you think this situation ends well or poorly? (Use only one word to answer)
Image size: 26280 bytes
Response status code: 200
{'model': 'llava-llama3', 'created_at': '2025-12-06T20:24:57.305729498Z', 'message': {'role': 'assistant', 'content': 'Well'}, 'done': True, 'done_reason': 'stop', 'total_duration': 11411176940, 'load_duration': 11006792712, 'prompt_eval_count': 611, 'prompt_eval_duration': 304612845, 'eval_count': 2, 'eval_duration': 11613760}
Response: Well
Analyzing frame 49/73...
Prompt: Given the scenario shown on the video, you think this situation ends well or poorly? (Use only one word to answer)
Image size: 26300 bytes
Response status code: 200
{'model': 'llava-llama3', 'created_at': '2025-12-06T20:25:10.789862405Z', 'message': {'role': 'assistant', 'content': 'Well'}, 'done': True, 'done_reason': 'stop', 'total_duration': 12445101289, 'load_duration': 12039790999, 'prompt_eval_count': 611, 'prompt_eval_duration': 306033436, 'eval_count': 2, 'eval_duration': 11953687}
Response: Well
Analyzing frame 50/73...
Prompt: Given the scenario shown on the video, you think this situation ends well or poorly? (Use only one word to answer)
Image size: 26280 bytes
Response status code: 200
{'model': 'llava-llama3', 'created_at': '2025-12-06T20:25:24.513530689Z', 'message': {'role': 'assistant', 'content': 'Poorly'}, 'done': True, 'done_reason': 'stop', 'total_duration': 12686211174, 'load_duration': 12244068346, 'prompt_eval_count': 611, 'prompt_eval_duration': 317172410, 'eval_count': 3, 'eval_duration': 22727237}
Response: Poorly
Analyzing frame 51/73...
Prompt: Given the scenario shown on the video, you think this situation ends well or poorly? (Use only one word to answer)
Image size: 26292 bytes
Response status code: 200
{'model': 'llava-llama3', 'created_at': '2025-12-06T20:25:26.051914954Z', 'message': {'role': 'assistant', 'content': 'Well'}, 'done': True, 'done_reason': 'stop', 'total_duration': 499857254, 'load_duration': 140789700, 'prompt_eval_count': 611, 'prompt_eval_duration': 285764814, 'eval_count': 2, 'eval_duration': 11462692}
Response: Well
Analyzing frame 52/73...
Prompt: Given the scenario shown on the video, you think this situation ends well or poorly? (Use only one word to answer)
Image size: 26256 bytes
Response status code: 200
{'model': 'llava-llama3', 'created_at': '2025-12-06T20:25:38.469173216Z', 'message': {'role': 'assistant', 'content': 'Poorly'}, 'done': True, 'done_reason': 'stop', 'total_duration': 11377383626, 'load_duration': 10945086706, 'prompt_eval_count': 611, 'prompt_eval_duration': 316921995, 'eval_count': 3, 'eval_duration': 22629816}
Response: Poorly
Analyzing frame 53/73...
Prompt: Given the scenario shown on the video, you think this situation ends well or poorly? (Use only one word to answer)
Image size: 26300 bytes
Response status code: 200
{'model': 'llava-llama3', 'created_at': '2025-12-06T20:25:51.877561076Z', 'message': {'role': 'assistant', 'content': 'Well'}, 'done': True, 'done_reason': 'stop', 'total_duration': 12369924687, 'load_duration': 11969283486, 'prompt_eval_count': 611, 'prompt_eval_duration': 302865473, 'eval_count': 2, 'eval_duration': 11677379}
Response: Well
Analyzing frame 54/73...
Prompt: Given the scenario shown on the video, you think this situation ends well or poorly? (Use only one word to answer)
Image size: 26256 bytes
Response status code: 200
{'model': 'llava-llama3', 'created_at': '2025-12-06T20:26:05.57877699Z', 'message': {'role': 'assistant', 'content': 'Poorly'}, 'done': True, 'done_reason': 'stop', 'total_duration': 12661567759, 'load_duration': 12235974922, 'prompt_eval_count': 611, 'prompt_eval_duration': 312383666, 'eval_count': 3, 'eval_duration': 22662100}
Response: Poorly
Analyzing frame 55/73...
Prompt: Given the scenario shown on the video, you think this situation ends well or poorly? (Use only one word to answer)
Image size: 26288 bytes
Response status code: 200
{'model': 'llava-llama3', 'created_at': '2025-12-06T20:26:18.997992547Z', 'message': {'role': 'assistant', 'content': 'Well'}, 'done': True, 'done_reason': 'stop', 'total_duration': 12383195889, 'load_duration': 11964849659, 'prompt_eval_count': 611, 'prompt_eval_duration': 305808636, 'eval_count': 2, 'eval_duration': 11640372}
Response: Well
Analyzing frame 56/73...
Prompt: Given the scenario shown on the video, you think this situation ends well or poorly? (Use only one word to answer)
Image size: 26256 bytes
Response status code: 200
{'model': 'llava-llama3', 'created_at': '2025-12-06T20:26:20.557548636Z', 'message': {'role': 'assistant', 'content': 'Well'}, 'done': True, 'done_reason': 'stop', 'total_duration': 522372439, 'load_duration': 148606493, 'prompt_eval_count': 611, 'prompt_eval_duration': 284208033, 'eval_count': 2, 'eval_duration': 11821272}
Response: Well
Analyzing frame 57/73...
Prompt: Given the scenario shown on the video, you think this situation ends well or poorly? (Use only one word to answer)
Image size: 26292 bytes
Response status code: 200
{'model': 'llava-llama3', 'created_at': '2025-12-06T20:26:32.947041717Z', 'message': {'role': 'assistant', 'content': 'Poorly'}, 'done': True, 'done_reason': 'stop', 'total_duration': 11351652663, 'load_duration': 10929317795, 'prompt_eval_count': 611, 'prompt_eval_duration': 305891470, 'eval_count': 3, 'eval_duration': 24858515}
Response: Poorly
Analyzing frame 58/73...
Prompt: Given the scenario shown on the video, you think this situation ends well or poorly? (Use only one word to answer)
Image size: 26256 bytes
Response status code: 200
{'model': 'llava-llama3', 'created_at': '2025-12-06T20:26:34.492312551Z', 'message': {'role': 'assistant', 'content': 'Well'}, 'done': True, 'done_reason': 'stop', 'total_duration': 506665538, 'load_duration': 150620241, 'prompt_eval_count': 611, 'prompt_eval_duration': 286417099, 'eval_count': 2, 'eval_duration': 11483911}
Response: Well
Analyzing frame 59/73...
Prompt: Given the scenario shown on the video, you think this situation ends well or poorly? (Use only one word to answer)
Image size: 26288 bytes
Response status code: 200
{'model': 'llava-llama3', 'created_at': '2025-12-06T20:26:46.742325309Z', 'message': {'role': 'assistant', 'content': 'Well'}, 'done': True, 'done_reason': 'stop', 'total_duration': 11214220049, 'load_duration': 10792704148, 'prompt_eval_count': 611, 'prompt_eval_duration': 306669862, 'eval_count': 2, 'eval_duration': 11542309}
Response: Well
Analyzing frame 60/73...
Prompt: Given the scenario shown on the video, you think this situation ends well or poorly? (Use only one word to answer)
Image size: 26260 bytes
Response status code: 200
{'model': 'llava-llama3', 'created_at': '2025-12-06T20:26:48.29879569Z', 'message': {'role': 'assistant', 'content': 'Well'}, 'done': True, 'done_reason': 'stop', 'total_duration': 517887478, 'load_duration': 163947801, 'prompt_eval_count': 611, 'prompt_eval_duration': 286249613, 'eval_count': 2, 'eval_duration': 11545404}
Response: Well
Analyzing frame 61/73...
Prompt: Given the scenario shown on the video, you think this situation ends well or poorly? (Use only one word to answer)
Image size: 26300 bytes
Response status code: 200
{'model': 'llava-llama3', 'created_at': '2025-12-06T20:27:00.806929272Z', 'message': {'role': 'assistant', 'content': 'Poorly'}, 'done': True, 'done_reason': 'stop', 'total_duration': 11469244065, 'load_duration': 11034916916, 'prompt_eval_count': 611, 'prompt_eval_duration': 306055433, 'eval_count': 3, 'eval_duration': 22656129}
Response: Poorly
Analyzing frame 62/73...
Prompt: Given the scenario shown on the video, you think this situation ends well or poorly? (Use only one word to answer)
Image size: 26284 bytes
Response status code: 200
{'model': 'llava-llama3', 'created_at': '2025-12-06T20:27:14.536295125Z', 'message': {'role': 'assistant', 'content': 'Well'}, 'done': True, 'done_reason': 'stop', 'total_duration': 12689854235, 'load_duration': 12287780367, 'prompt_eval_count': 611, 'prompt_eval_duration': 303310675, 'eval_count': 2, 'eval_duration': 11625546}
Response: Well
Analyzing frame 63/73...
Prompt: Given the scenario shown on the video, you think this situation ends well or poorly? (Use only one word to answer)
Image size: 26276 bytes
Response status code: 200
{'model': 'llava-llama3', 'created_at': '2025-12-06T20:27:16.106586885Z', 'message': {'role': 'assistant', 'content': 'Poorly'}, 'done': True, 'done_reason': 'stop', 'total_duration': 532596252, 'load_duration': 166516774, 'prompt_eval_count': 611, 'prompt_eval_duration': 286655220, 'eval_count': 3, 'eval_duration': 22492050}
Response: Poorly
Analyzing frame 64/73...
Prompt: Given the scenario shown on the video, you think this situation ends well or poorly? (Use only one word to answer)
Image size: 26280 bytes
Response status code: 200
{'model': 'llava-llama3', 'created_at': '2025-12-06T20:27:28.587514136Z', 'message': {'role': 'assistant', 'content': 'Well'}, 'done': True, 'done_reason': 'stop', 'total_duration': 11443276856, 'load_duration': 11007642787, 'prompt_eval_count': 611, 'prompt_eval_duration': 319596794, 'eval_count': 2, 'eval_duration': 11717400}
Response: Well
Analyzing frame 65/73...
Prompt: Given the scenario shown on the video, you think this situation ends well or poorly? (Use only one word to answer)
Image size: 26260 bytes
Response status code: 200
{'model': 'llava-llama3', 'created_at': '2025-12-06T20:27:42.304591744Z', 'message': {'role': 'assistant', 'content': 'Well'}, 'done': True, 'done_reason': 'stop', 'total_duration': 12676585715, 'load_duration': 12268069749, 'prompt_eval_count': 611, 'prompt_eval_duration': 303520572, 'eval_count': 2, 'eval_duration': 13224691}
Response: Well
Analyzing frame 66/73...
Prompt: Given the scenario shown on the video, you think this situation ends well or poorly? (Use only one word to answer)
Image size: 26272 bytes
Response status code: 200
{'model': 'llava-llama3', 'created_at': '2025-12-06T20:27:55.991145993Z', 'message': {'role': 'assistant', 'content': 'Poorly'}, 'done': True, 'done_reason': 'stop', 'total_duration': 12650999544, 'load_duration': 12215562387, 'prompt_eval_count': 611, 'prompt_eval_duration': 321149134, 'eval_count': 3, 'eval_duration': 22765662}
Response: Poorly
Analyzing frame 67/73...
Prompt: Given the scenario shown on the video, you think this situation ends well or poorly? (Use only one word to answer)
Image size: 26292 bytes
Response status code: 200
{'model': 'llava-llama3', 'created_at': '2025-12-06T20:27:57.578481892Z', 'message': {'role': 'assistant', 'content': 'Poorly'}, 'done': True, 'done_reason': 'stop', 'total_duration': 566874280, 'load_duration': 190207545, 'prompt_eval_count': 611, 'prompt_eval_duration': 286456626, 'eval_count': 3, 'eval_duration': 22673833}
Response: Poorly
Analyzing frame 68/73...
Prompt: Given the scenario shown on the video, you think this situation ends well or poorly? (Use only one word to answer)
Image size: 26280 bytes
Response status code: 200
{'model': 'llava-llama3', 'created_at': '2025-12-06T20:28:10.089337009Z', 'message': {'role': 'assistant', 'content': 'Well'}, 'done': True, 'done_reason': 'stop', 'total_duration': 11472923233, 'load_duration': 11052234374, 'prompt_eval_count': 611, 'prompt_eval_duration': 304026374, 'eval_count': 2, 'eval_duration': 11550418}
Response: Well
Analyzing frame 69/73...
Prompt: Given the scenario shown on the video, you think this situation ends well or poorly? (Use only one word to answer)
Image size: 26308 bytes
Response status code: 200
{'model': 'llava-llama3', 'created_at': '2025-12-06T20:28:23.607638423Z', 'message': {'role': 'assistant', 'content': 'Poorly'}, 'done': True, 'done_reason': 'stop', 'total_duration': 12477721385, 'load_duration': 12032697642, 'prompt_eval_count': 611, 'prompt_eval_duration': 316626957, 'eval_count': 3, 'eval_duration': 22785316}
Response: Poorly
Analyzing frame 70/73...
Prompt: Given the scenario shown on the video, you think this situation ends well or poorly? (Use only one word to answer)
Image size: 26284 bytes
Response status code: 200
{'model': 'llava-llama3', 'created_at': '2025-12-06T20:28:37.099007975Z', 'message': {'role': 'assistant', 'content': 'Well'}, 'done': True, 'done_reason': 'stop', 'total_duration': 12456607094, 'load_duration': 12054294576, 'prompt_eval_count': 611, 'prompt_eval_duration': 304080510, 'eval_count': 2, 'eval_duration': 11578421}
Response: Well
Analyzing frame 71/73...
Prompt: Given the scenario shown on the video, you think this situation ends well or poorly? (Use only one word to answer)
Image size: 26292 bytes
Response status code: 200
{'model': 'llava-llama3', 'created_at': '2025-12-06T20:28:38.681764604Z', 'message': {'role': 'assistant', 'content': 'Poorly'}, 'done': True, 'done_reason': 'stop', 'total_duration': 544256079, 'load_duration': 156418310, 'prompt_eval_count': 611, 'prompt_eval_duration': 286607173, 'eval_count': 3, 'eval_duration': 22534563}
Response: Poorly
Analyzing frame 72/73...
Prompt: Given the scenario shown on the video, you think this situation ends well or poorly? (Use only one word to answer)
Image size: 26276 bytes
Response status code: 200
{'model': 'llava-llama3', 'created_at': '2025-12-06T20:28:51.05045788Z', 'message': {'role': 'assistant', 'content': 'Poorly'}, 'done': True, 'done_reason': 'stop', 'total_duration': 11330856506, 'load_duration': 10919653904, 'prompt_eval_count': 611, 'prompt_eval_duration': 301655089, 'eval_count': 3, 'eval_duration': 22785299}
Response: Poorly
Analyzing frame 73/73...
Prompt: Given the scenario shown on the video, you think this situation ends well or poorly? (Use only one word to answer)
Image size: 26292 bytes
Response status code: 200
{'model': 'llava-llama3', 'created_at': '2025-12-06T20:29:04.677709328Z', 'message': {'role': 'assistant', 'content': 'Well'}, 'done': True, 'done_reason': 'stop', 'total_duration': 12589440753, 'load_duration': 12175162901, 'prompt_eval_count': 611, 'prompt_eval_duration': 306502691, 'eval_count': 2, 'eval_duration': 11648070}
Response: Well
Final prediction for 12_final.mp4: Poorly

Results saved to ./results/results_llavallama3.csv
Total videos processed: 215

==================================================
Processing video 3/30

Processing video: 14_final.mp4
Video info: 388 frames, 30.00 FPS, 12.93 seconds
Extracted 130 frames for analysis
Analyzing frame 1/130...
Prompt: Given the scenario shown on the video, you think this situation ends well or poorly? (Use only one word to answer)
Image size: 31260 bytes
Response status code: 200
{'model': 'llava-llama3', 'created_at': '2025-12-06T20:29:18.606986663Z', 'message': {'role': 'assistant', 'content': 'Well'}, 'done': True, 'done_reason': 'stop', 'total_duration': 6899792762, 'load_duration': 6492522942, 'prompt_eval_count': 611, 'prompt_eval_duration': 302833755, 'eval_count': 2, 'eval_duration': 13356747}
Response: Well
Analyzing frame 2/130...
Prompt: Given the scenario shown on the video, you think this situation ends well or poorly? (Use only one word to answer)
Image size: 31088 bytes
Response status code: 200
{'model': 'llava-llama3', 'created_at': '2025-12-06T20:29:20.174125841Z', 'message': {'role': 'assistant', 'content': 'Well'}, 'done': True, 'done_reason': 'stop', 'total_duration': 527975988, 'load_duration': 168897971, 'prompt_eval_count': 611, 'prompt_eval_duration': 285224884, 'eval_count': 2, 'eval_duration': 11542595}
Response: Well
Analyzing frame 3/130...
Prompt: Given the scenario shown on the video, you think this situation ends well or poorly? (Use only one word to answer)
Image size: 31404 bytes
Response status code: 200
{'model': 'llava-llama3', 'created_at': '2025-12-06T20:29:32.709301119Z', 'message': {'role': 'assistant', 'content': 'Well'}, 'done': True, 'done_reason': 'stop', 'total_duration': 11493301921, 'load_duration': 11078919515, 'prompt_eval_count': 611, 'prompt_eval_duration': 303109826, 'eval_count': 2, 'eval_duration': 11532498}
Response: Well
Analyzing frame 4/130...
Prompt: Given the scenario shown on the video, you think this situation ends well or poorly? (Use only one word to answer)
Image size: 31676 bytes
Response status code: 200
{'model': 'llava-llama3', 'created_at': '2025-12-06T20:29:46.28480822Z', 'message': {'role': 'assistant', 'content': 'Well'}, 'done': True, 'done_reason': 'stop', 'total_duration': 12535623416, 'load_duration': 12125125854, 'prompt_eval_count': 611, 'prompt_eval_duration': 305269546, 'eval_count': 2, 'eval_duration': 11570797}
Response: Well
Analyzing frame 5/130...
Prompt: Given the scenario shown on the video, you think this situation ends well or poorly? (Use only one word to answer)
Image size: 31636 bytes
Response status code: 200
{'model': 'llava-llama3', 'created_at': '2025-12-06T20:29:47.831011816Z', 'message': {'role': 'assistant', 'content': 'Well'}, 'done': True, 'done_reason': 'stop', 'total_duration': 522990603, 'load_duration': 161917268, 'prompt_eval_count': 611, 'prompt_eval_duration': 286233252, 'eval_count': 2, 'eval_duration': 11478389}
Response: Well
Analyzing frame 6/130...
Prompt: Given the scenario shown on the video, you think this situation ends well or poorly? (Use only one word to answer)
Image size: 31308 bytes
Response status code: 200
{'model': 'llava-llama3', 'created_at': '2025-12-06T20:30:00.41828161Z', 'message': {'role': 'assistant', 'content': 'Well'}, 'done': True, 'done_reason': 'stop', 'total_duration': 11549449551, 'load_duration': 11131057539, 'prompt_eval_count': 611, 'prompt_eval_duration': 313687671, 'eval_count': 2, 'eval_duration': 11545529}
Response: Well
Analyzing frame 7/130...
Prompt: Given the scenario shown on the video, you think this situation ends well or poorly? (Use only one word to answer)
Image size: 31580 bytes
Response status code: 200
{'model': 'llava-llama3', 'created_at': '2025-12-06T20:30:14.089722189Z', 'message': {'role': 'assistant', 'content': 'Well'}, 'done': True, 'done_reason': 'stop', 'total_duration': 12635958302, 'load_duration': 12234259532, 'prompt_eval_count': 611, 'prompt_eval_duration': 303155011, 'eval_count': 2, 'eval_duration': 11947292}
Response: Well
Analyzing frame 8/130...
Prompt: Given the scenario shown on the video, you think this situation ends well or poorly? (Use only one word to answer)
Image size: 31504 bytes
Response status code: 200
{'model': 'llava-llama3', 'created_at': '2025-12-06T20:30:27.569460471Z', 'message': {'role': 'assistant', 'content': 'Well'}, 'done': True, 'done_reason': 'stop', 'total_duration': 12441454379, 'load_duration': 12039725189, 'prompt_eval_count': 611, 'prompt_eval_duration': 304863945, 'eval_count': 2, 'eval_duration': 11585170}
Response: Well
Analyzing frame 9/130...
Prompt: Given the scenario shown on the video, you think this situation ends well or poorly? (Use only one word to answer)
Image size: 31564 bytes
Response status code: 200
{'model': 'llava-llama3', 'created_at': '2025-12-06T20:30:41.19937086Z', 'message': {'role': 'assistant', 'content': 'Well'}, 'done': True, 'done_reason': 'stop', 'total_duration': 12590465871, 'load_duration': 12167411518, 'prompt_eval_count': 611, 'prompt_eval_duration': 310195147, 'eval_count': 2, 'eval_duration': 11944891}
Response: Well
Analyzing frame 10/130...
Prompt: Given the scenario shown on the video, you think this situation ends well or poorly? (Use only one word to answer)
Image size: 31488 bytes
Response status code: 200
{'model': 'llava-llama3', 'created_at': '2025-12-06T20:30:42.804694426Z', 'message': {'role': 'assistant', 'content': 'Well'}, 'done': True, 'done_reason': 'stop', 'total_duration': 566509787, 'load_duration': 191837054, 'prompt_eval_count': 611, 'prompt_eval_duration': 286538496, 'eval_count': 2, 'eval_duration': 11806736}
Response: Well
Analyzing frame 11/130...
Prompt: Given the scenario shown on the video, you think this situation ends well or poorly? (Use only one word to answer)
Image size: 31580 bytes
Response status code: 200
{'model': 'llava-llama3', 'created_at': '2025-12-06T20:30:55.244574497Z', 'message': {'role': 'assistant', 'content': 'Well'}, 'done': True, 'done_reason': 'stop', 'total_duration': 11403608328, 'load_duration': 10972235179, 'prompt_eval_count': 611, 'prompt_eval_duration': 320029154, 'eval_count': 2, 'eval_duration': 11993962}
Response: Well
Analyzing frame 12/130...
Prompt: Given the scenario shown on the video, you think this situation ends well or poorly? (Use only one word to answer)
Image size: 31620 bytes
Response status code: 200
{'model': 'llava-llama3', 'created_at': '2025-12-06T20:30:56.810908365Z', 'message': {'role': 'assistant', 'content': 'Well'}, 'done': True, 'done_reason': 'stop', 'total_duration': 531103470, 'load_duration': 158544779, 'prompt_eval_count': 611, 'prompt_eval_duration': 285651658, 'eval_count': 2, 'eval_duration': 11507226}
Response: Well
Analyzing frame 13/130...
Prompt: Given the scenario shown on the video, you think this situation ends well or poorly? (Use only one word to answer)
Image size: 31628 bytes
Response status code: 200
{'model': 'llava-llama3', 'created_at': '2025-12-06T20:31:09.239901303Z', 'message': {'role': 'assistant', 'content': 'Well'}, 'done': True, 'done_reason': 'stop', 'total_duration': 11389111874, 'load_duration': 10974115696, 'prompt_eval_count': 611, 'prompt_eval_duration': 304341105, 'eval_count': 2, 'eval_duration': 11547981}
Response: Well
Analyzing frame 14/130...
Prompt: Given the scenario shown on the video, you think this situation ends well or poorly? (Use only one word to answer)
Image size: 31564 bytes
Response status code: 200
{'model': 'llava-llama3', 'created_at': '2025-12-06T20:31:23.089768388Z', 'message': {'role': 'assistant', 'content': 'Well'}, 'done': True, 'done_reason': 'stop', 'total_duration': 12813728429, 'load_duration': 12393763165, 'prompt_eval_count': 611, 'prompt_eval_duration': 315828034, 'eval_count': 2, 'eval_duration': 11633650}
Response: Well
Analyzing frame 15/130...
Prompt: Given the scenario shown on the video, you think this situation ends well or poorly? (Use only one word to answer)
Image size: 31648 bytes
Response status code: 200
{'model': 'llava-llama3', 'created_at': '2025-12-06T20:31:36.620473334Z', 'message': {'role': 'assistant', 'content': 'Well'}, 'done': True, 'done_reason': 'stop', 'total_duration': 12490897648, 'load_duration': 12084715571, 'prompt_eval_count': 611, 'prompt_eval_duration': 305183767, 'eval_count': 2, 'eval_duration': 11675764}
Response: Well
Analyzing frame 16/130...
Prompt: Given the scenario shown on the video, you think this situation ends well or poorly? (Use only one word to answer)
Image size: 31456 bytes
Response status code: 200
{'model': 'llava-llama3', 'created_at': '2025-12-06T20:31:38.202790815Z', 'message': {'role': 'assistant', 'content': 'Well'}, 'done': True, 'done_reason': 'stop', 'total_duration': 543783731, 'load_duration': 166585092, 'prompt_eval_count': 611, 'prompt_eval_duration': 286272296, 'eval_count': 2, 'eval_duration': 11484630}
Response: Well
Analyzing frame 17/130...
Prompt: Given the scenario shown on the video, you think this situation ends well or poorly? (Use only one word to answer)
Image size: 31780 bytes
Response status code: 200
{'model': 'llava-llama3', 'created_at': '2025-12-06T20:31:50.542627881Z', 'message': {'role': 'assistant', 'content': 'Well'}, 'done': True, 'done_reason': 'stop', 'total_duration': 11302271558, 'load_duration': 10877210572, 'prompt_eval_count': 611, 'prompt_eval_duration': 319255282, 'eval_count': 2, 'eval_duration': 11627521}
Response: Well
Analyzing frame 18/130...
Prompt: Given the scenario shown on the video, you think this situation ends well or poorly? (Use only one word to answer)
Image size: 31740 bytes
Response status code: 200
{'model': 'llava-llama3', 'created_at': '2025-12-06T20:32:04.272494415Z', 'message': {'role': 'assistant', 'content': 'Well'}, 'done': True, 'done_reason': 'stop', 'total_duration': 12692454890, 'load_duration': 12273087769, 'prompt_eval_count': 611, 'prompt_eval_duration': 318639204, 'eval_count': 2, 'eval_duration': 11580756}
Response: Well
Analyzing frame 19/130...
Prompt: Given the scenario shown on the video, you think this situation ends well or poorly? (Use only one word to answer)
Image size: 31752 bytes
Response status code: 200
{'model': 'llava-llama3', 'created_at': '2025-12-06T20:32:17.708920095Z', 'message': {'role': 'assistant', 'content': 'Well'}, 'done': True, 'done_reason': 'stop', 'total_duration': 12395887858, 'load_duration': 11991365839, 'prompt_eval_count': 611, 'prompt_eval_duration': 305635575, 'eval_count': 2, 'eval_duration': 11557647}
Response: Well
Analyzing frame 20/130...
Prompt: Given the scenario shown on the video, you think this situation ends well or poorly? (Use only one word to answer)
Image size: 31816 bytes
Response status code: 200
{'model': 'llava-llama3', 'created_at': '2025-12-06T20:32:31.185717979Z', 'message': {'role': 'assistant', 'content': 'Well'}, 'done': True, 'done_reason': 'stop', 'total_duration': 12437762681, 'load_duration': 12028198227, 'prompt_eval_count': 611, 'prompt_eval_duration': 304017579, 'eval_count': 2, 'eval_duration': 11737039}
Response: Well
Analyzing frame 21/130...
Prompt: Given the scenario shown on the video, you think this situation ends well or poorly? (Use only one word to answer)
Image size: 32068 bytes
Response status code: 200
{'model': 'llava-llama3', 'created_at': '2025-12-06T20:32:44.733303076Z', 'message': {'role': 'assistant', 'content': 'Well'}, 'done': True, 'done_reason': 'stop', 'total_duration': 12509511155, 'load_duration': 12104695514, 'prompt_eval_count': 611, 'prompt_eval_duration': 306158190, 'eval_count': 2, 'eval_duration': 11925115}
Response: Well
Analyzing frame 22/130...
Prompt: Given the scenario shown on the video, you think this situation ends well or poorly? (Use only one word to answer)
Image size: 32044 bytes
Response status code: 200
{'model': 'llava-llama3', 'created_at': '2025-12-06T20:32:46.271178661Z', 'message': {'role': 'assistant', 'content': 'Well'}, 'done': True, 'done_reason': 'stop', 'total_duration': 499644942, 'load_duration': 143510303, 'prompt_eval_count': 611, 'prompt_eval_duration': 286353804, 'eval_count': 2, 'eval_duration': 11702954}
Response: Well
Analyzing frame 23/130...
Prompt: Given the scenario shown on the video, you think this situation ends well or poorly? (Use only one word to answer)
Image size: 32308 bytes
Response status code: 200
{'model': 'llava-llama3', 'created_at': '2025-12-06T20:32:58.853205943Z', 'message': {'role': 'assistant', 'content': 'Well'}, 'done': True, 'done_reason': 'stop', 'total_duration': 11540772926, 'load_duration': 11136862419, 'prompt_eval_count': 611, 'prompt_eval_duration': 303991590, 'eval_count': 2, 'eval_duration': 11631819}
Response: Well
Analyzing frame 24/130...
Prompt: Given the scenario shown on the video, you think this situation ends well or poorly? (Use only one word to answer)
Image size: 32424 bytes
Response status code: 200
{'model': 'llava-llama3', 'created_at': '2025-12-06T20:33:00.417041674Z', 'message': {'role': 'assistant', 'content': 'Well'}, 'done': True, 'done_reason': 'stop', 'total_duration': 523143727, 'load_duration': 156036262, 'prompt_eval_count': 611, 'prompt_eval_duration': 287035300, 'eval_count': 2, 'eval_duration': 11476560}
Response: Well
Analyzing frame 25/130...
Prompt: Given the scenario shown on the video, you think this situation ends well or poorly? (Use only one word to answer)
Image size: 32420 bytes
Response status code: 200
{'model': 'llava-llama3', 'created_at': '2025-12-06T20:33:12.964108796Z', 'message': {'role': 'assistant', 'content': 'Well'}, 'done': True, 'done_reason': 'stop', 'total_duration': 11508214374, 'load_duration': 11098226326, 'prompt_eval_count': 611, 'prompt_eval_duration': 305104227, 'eval_count': 2, 'eval_duration': 11732414}
Response: Well
Analyzing frame 26/130...
Prompt: Given the scenario shown on the video, you think this situation ends well or poorly? (Use only one word to answer)
Image size: 32428 bytes
Response status code: 200
{'model': 'llava-llama3', 'created_at': '2025-12-06T20:33:26.664339485Z', 'message': {'role': 'assistant', 'content': 'Well'}, 'done': True, 'done_reason': 'stop', 'total_duration': 12658458018, 'load_duration': 12255605948, 'prompt_eval_count': 611, 'prompt_eval_duration': 302779392, 'eval_count': 2, 'eval_duration': 11573393}
Response: Well
Analyzing frame 27/130...
Prompt: Given the scenario shown on the video, you think this situation ends well or poorly? (Use only one word to answer)
Image size: 32544 bytes
Response status code: 200
{'model': 'llava-llama3', 'created_at': '2025-12-06T20:33:28.285618017Z', 'message': {'role': 'assistant', 'content': 'Poorly'}, 'done': True, 'done_reason': 'stop', 'total_duration': 579820643, 'load_duration': 214786405, 'prompt_eval_count': 611, 'prompt_eval_duration': 286521995, 'eval_count': 3, 'eval_duration': 22859577}
Response: Poorly
Analyzing frame 28/130...
Prompt: Given the scenario shown on the video, you think this situation ends well or poorly? (Use only one word to answer)
Image size: 32376 bytes
Response status code: 200
{'model': 'llava-llama3', 'created_at': '2025-12-06T20:33:40.651439454Z', 'message': {'role': 'assistant', 'content': 'Poorly'}, 'done': True, 'done_reason': 'stop', 'total_duration': 11324336450, 'load_duration': 10894245023, 'prompt_eval_count': 611, 'prompt_eval_duration': 318254146, 'eval_count': 3, 'eval_duration': 22686873}
Response: Poorly
Analyzing frame 29/130...
Prompt: Given the scenario shown on the video, you think this situation ends well or poorly? (Use only one word to answer)
Image size: 32568 bytes
Response status code: 200
{'model': 'llava-llama3', 'created_at': '2025-12-06T20:33:42.233872257Z', 'message': {'role': 'assistant', 'content': 'Poorly'}, 'done': True, 'done_reason': 'stop', 'total_duration': 546100415, 'load_duration': 158486986, 'prompt_eval_count': 611, 'prompt_eval_duration': 286542390, 'eval_count': 3, 'eval_duration': 22604340}
Response: Poorly
Analyzing frame 30/130...
Prompt: Given the scenario shown on the video, you think this situation ends well or poorly? (Use only one word to answer)
Image size: 32592 bytes
Response status code: 200
{'model': 'llava-llama3', 'created_at': '2025-12-06T20:33:54.643958228Z', 'message': {'role': 'assistant', 'content': 'Well'}, 'done': True, 'done_reason': 'stop', 'total_duration': 11371323685, 'load_duration': 10950956372, 'prompt_eval_count': 611, 'prompt_eval_duration': 320172183, 'eval_count': 2, 'eval_duration': 11657803}
Response: Well
Analyzing frame 31/130...
Prompt: Given the scenario shown on the video, you think this situation ends well or poorly? (Use only one word to answer)
Image size: 32720 bytes
Response status code: 200
{'model': 'llava-llama3', 'created_at': '2025-12-06T20:34:08.186072352Z', 'message': {'role': 'assistant', 'content': 'Well'}, 'done': True, 'done_reason': 'stop', 'total_duration': 12501824666, 'load_duration': 12096113410, 'prompt_eval_count': 611, 'prompt_eval_duration': 305236318, 'eval_count': 2, 'eval_duration': 11650129}
Response: Well
Analyzing frame 32/130...
Prompt: Given the scenario shown on the video, you think this situation ends well or poorly? (Use only one word to answer)
Image size: 32544 bytes
Response status code: 200
{'model': 'llava-llama3', 'created_at': '2025-12-06T20:34:09.72304422Z', 'message': {'role': 'assistant', 'content': 'Well'}, 'done': True, 'done_reason': 'stop', 'total_duration': 501595971, 'load_duration': 145467609, 'prompt_eval_count': 611, 'prompt_eval_duration': 288693738, 'eval_count': 2, 'eval_duration': 11818719}
Response: Well
Analyzing frame 33/130...
Prompt: Given the scenario shown on the video, you think this situation ends well or poorly? (Use only one word to answer)
Image size: 32672 bytes
Response status code: 200
{'model': 'llava-llama3', 'created_at': '2025-12-06T20:34:22.217232505Z', 'message': {'role': 'assistant', 'content': 'Well'}, 'done': True, 'done_reason': 'stop', 'total_duration': 11456080910, 'load_duration': 11048510278, 'prompt_eval_count': 611, 'prompt_eval_duration': 303390952, 'eval_count': 2, 'eval_duration': 11872712}
Response: Well
Analyzing frame 34/130...
Prompt: Given the scenario shown on the video, you think this situation ends well or poorly? (Use only one word to answer)
Image size: 32884 bytes
Response status code: 200
{'model': 'llava-llama3', 'created_at': '2025-12-06T20:34:23.792712857Z', 'message': {'role': 'assistant', 'content': 'Well'}, 'done': True, 'done_reason': 'stop', 'total_duration': 537695213, 'load_duration': 184981906, 'prompt_eval_count': 611, 'prompt_eval_duration': 286729357, 'eval_count': 2, 'eval_duration': 11459117}
Response: Well
Analyzing frame 35/130...
Prompt: Given the scenario shown on the video, you think this situation ends well or poorly? (Use only one word to answer)
Image size: 32904 bytes
Response status code: 200
{'model': 'llava-llama3', 'created_at': '2025-12-06T20:34:36.097533311Z', 'message': {'role': 'assistant', 'content': 'Well'}, 'done': True, 'done_reason': 'stop', 'total_duration': 11265306047, 'load_duration': 10850164675, 'prompt_eval_count': 611, 'prompt_eval_duration': 304547361, 'eval_count': 2, 'eval_duration': 11577937}
Response: Well
Analyzing frame 36/130...
Prompt: Given the scenario shown on the video, you think this situation ends well or poorly? (Use only one word to answer)
Image size: 32656 bytes
Response status code: 200
{'model': 'llava-llama3', 'created_at': '2025-12-06T20:34:37.641489485Z', 'message': {'role': 'assistant', 'content': 'Well'}, 'done': True, 'done_reason': 'stop', 'total_duration': 504248474, 'load_duration': 117072618, 'prompt_eval_count': 611, 'prompt_eval_duration': 288540127, 'eval_count': 2, 'eval_duration': 11472988}
Response: Well
Analyzing frame 37/130...
Prompt: Given the scenario shown on the video, you think this situation ends well or poorly? (Use only one word to answer)
Image size: 32544 bytes
Response status code: 200
{'model': 'llava-llama3', 'created_at': '2025-12-06T20:34:49.977461522Z', 'message': {'role': 'assistant', 'content': 'Well'}, 'done': True, 'done_reason': 'stop', 'total_duration': 11297029852, 'load_duration': 10890546006, 'prompt_eval_count': 611, 'prompt_eval_duration': 304461890, 'eval_count': 2, 'eval_duration': 11944162}
Response: Well
Analyzing frame 38/130...
Prompt: Given the scenario shown on the video, you think this situation ends well or poorly? (Use only one word to answer)
Image size: 32492 bytes
Response status code: 200
{'model': 'llava-llama3', 'created_at': '2025-12-06T20:34:51.580233933Z', 'message': {'role': 'assistant', 'content': 'Well'}, 'done': True, 'done_reason': 'stop', 'total_duration': 563847105, 'load_duration': 186815688, 'prompt_eval_count': 611, 'prompt_eval_duration': 287400014, 'eval_count': 2, 'eval_duration': 11487566}
Response: Well
Analyzing frame 39/130...
Prompt: Given the scenario shown on the video, you think this situation ends well or poorly? (Use only one word to answer)
Image size: 32324 bytes
Response status code: 200
{'model': 'llava-llama3', 'created_at': '2025-12-06T20:35:04.016437527Z', 'message': {'role': 'assistant', 'content': 'Well'}, 'done': True, 'done_reason': 'stop', 'total_duration': 11399697869, 'load_duration': 10979127699, 'prompt_eval_count': 611, 'prompt_eval_duration': 303812624, 'eval_count': 2, 'eval_duration': 11868663}
Response: Well
Analyzing frame 40/130...
Prompt: Given the scenario shown on the video, you think this situation ends well or poorly? (Use only one word to answer)
Image size: 31980 bytes
Response status code: 200
{'model': 'llava-llama3', 'created_at': '2025-12-06T20:35:17.579498077Z', 'message': {'role': 'assistant', 'content': 'Well'}, 'done': True, 'done_reason': 'stop', 'total_duration': 12530723892, 'load_duration': 12126843467, 'prompt_eval_count': 611, 'prompt_eval_duration': 304255860, 'eval_count': 2, 'eval_duration': 12967427}
Response: Well
Analyzing frame 41/130...
Prompt: Given the scenario shown on the video, you think this situation ends well or poorly? (Use only one word to answer)
Image size: 32124 bytes
Response status code: 200
{'model': 'llava-llama3', 'created_at': '2025-12-06T20:35:19.10551391Z', 'message': {'role': 'assistant', 'content': 'Well'}, 'done': True, 'done_reason': 'stop', 'total_duration': 488573365, 'load_duration': 134033157, 'prompt_eval_count': 611, 'prompt_eval_duration': 287933461, 'eval_count': 2, 'eval_duration': 11469232}
Response: Well
Analyzing frame 42/130...
Prompt: Given the scenario shown on the video, you think this situation ends well or poorly? (Use only one word to answer)
Image size: 32288 bytes
Response status code: 200
{'model': 'llava-llama3', 'created_at': '2025-12-06T20:35:31.518714231Z', 'message': {'role': 'assistant', 'content': 'Well'}, 'done': True, 'done_reason': 'stop', 'total_duration': 11373545477, 'load_duration': 10948035431, 'prompt_eval_count': 611, 'prompt_eval_duration': 319284604, 'eval_count': 2, 'eval_duration': 11661318}
Response: Well
Analyzing frame 43/130...
Prompt: Given the scenario shown on the video, you think this situation ends well or poorly? (Use only one word to answer)
Image size: 32292 bytes
Response status code: 200
{'model': 'llava-llama3', 'created_at': '2025-12-06T20:35:44.921956816Z', 'message': {'role': 'assistant', 'content': 'Poorly'}, 'done': True, 'done_reason': 'stop', 'total_duration': 12358275414, 'load_duration': 11929796951, 'prompt_eval_count': 611, 'prompt_eval_duration': 304289248, 'eval_count': 3, 'eval_duration': 22736677}
Response: Poorly
Analyzing frame 44/130...
Prompt: Given the scenario shown on the video, you think this situation ends well or poorly? (Use only one word to answer)
Image size: 32368 bytes
Response status code: 200
{'model': 'llava-llama3', 'created_at': '2025-12-06T20:35:46.482509971Z', 'message': {'role': 'assistant', 'content': 'Well'}, 'done': True, 'done_reason': 'stop', 'total_duration': 525311513, 'load_duration': 160444377, 'prompt_eval_count': 611, 'prompt_eval_duration': 285353235, 'eval_count': 2, 'eval_duration': 11493647}
Response: Well
Analyzing frame 45/130...
Prompt: Given the scenario shown on the video, you think this situation ends well or poorly? (Use only one word to answer)
Image size: 32216 bytes
Response status code: 200
{'model': 'llava-llama3', 'created_at': '2025-12-06T20:35:58.942384862Z', 'message': {'role': 'assistant', 'content': 'Well'}, 'done': True, 'done_reason': 'stop', 'total_duration': 11423331784, 'load_duration': 10994639175, 'prompt_eval_count': 611, 'prompt_eval_duration': 326246612, 'eval_count': 2, 'eval_duration': 11701875}
Response: Well
Analyzing frame 46/130...
Prompt: Given the scenario shown on the video, you think this situation ends well or poorly? (Use only one word to answer)
Image size: 31760 bytes
Response status code: 200
{'model': 'llava-llama3', 'created_at': '2025-12-06T20:36:00.517542587Z', 'message': {'role': 'assistant', 'content': 'Well'}, 'done': True, 'done_reason': 'stop', 'total_duration': 535511649, 'load_duration': 178407835, 'prompt_eval_count': 611, 'prompt_eval_duration': 286612479, 'eval_count': 2, 'eval_duration': 11549997}
Response: Well
Analyzing frame 47/130...
Prompt: Given the scenario shown on the video, you think this situation ends well or poorly? (Use only one word to answer)
Image size: 31832 bytes
Response status code: 200
{'model': 'llava-llama3', 'created_at': '2025-12-06T20:36:12.976822395Z', 'message': {'role': 'assistant', 'content': 'Well'}, 'done': True, 'done_reason': 'stop', 'total_duration': 11420585708, 'load_duration': 11006293400, 'prompt_eval_count': 611, 'prompt_eval_duration': 315941400, 'eval_count': 2, 'eval_duration': 11575504}
Response: Well
Analyzing frame 48/130...
Prompt: Given the scenario shown on the video, you think this situation ends well or poorly? (Use only one word to answer)
Image size: 31844 bytes
Response status code: 200
{'model': 'llava-llama3', 'created_at': '2025-12-06T20:36:14.571400468Z', 'message': {'role': 'assistant', 'content': 'Well'}, 'done': True, 'done_reason': 'stop', 'total_duration': 555286627, 'load_duration': 176268736, 'prompt_eval_count': 611, 'prompt_eval_duration': 292790040, 'eval_count': 2, 'eval_duration': 11470716}
Response: Well
Analyzing frame 49/130...
Prompt: Given the scenario shown on the video, you think this situation ends well or poorly? (Use only one word to answer)
Image size: 31852 bytes
Response status code: 200
{'model': 'llava-llama3', 'created_at': '2025-12-06T20:36:26.910126267Z', 'message': {'role': 'assistant', 'content': 'Well'}, 'done': True, 'done_reason': 'stop', 'total_duration': 11302329431, 'load_duration': 10894828259, 'prompt_eval_count': 611, 'prompt_eval_duration': 306057309, 'eval_count': 2, 'eval_duration': 13179486}
Response: Well
Analyzing frame 50/130...
Prompt: Given the scenario shown on the video, you think this situation ends well or poorly? (Use only one word to answer)
Image size: 31928 bytes
Response status code: 200
{'model': 'llava-llama3', 'created_at': '2025-12-06T20:36:40.502971837Z', 'message': {'role': 'assistant', 'content': 'Well'}, 'done': True, 'done_reason': 'stop', 'total_duration': 12552647379, 'load_duration': 12139196961, 'prompt_eval_count': 611, 'prompt_eval_duration': 303255295, 'eval_count': 2, 'eval_duration': 11889061}
Response: Well
Analyzing frame 51/130...
Prompt: Given the scenario shown on the video, you think this situation ends well or poorly? (Use only one word to answer)
Image size: 32052 bytes
Response status code: 200
{'model': 'llava-llama3', 'created_at': '2025-12-06T20:36:54.303956801Z', 'message': {'role': 'assistant', 'content': 'Well'}, 'done': True, 'done_reason': 'stop', 'total_duration': 12762770338, 'load_duration': 12342228277, 'prompt_eval_count': 611, 'prompt_eval_duration': 317532784, 'eval_count': 2, 'eval_duration': 11584793}
Response: Well
Analyzing frame 52/130...
Prompt: Given the scenario shown on the video, you think this situation ends well or poorly? (Use only one word to answer)
Image size: 32012 bytes
Response status code: 200
{'model': 'llava-llama3', 'created_at': '2025-12-06T20:36:55.884274466Z', 'message': {'role': 'assistant', 'content': 'Well'}, 'done': True, 'done_reason': 'stop', 'total_duration': 541349831, 'load_duration': 175828434, 'prompt_eval_count': 611, 'prompt_eval_duration': 285743191, 'eval_count': 2, 'eval_duration': 11583739}
Response: Well
Analyzing frame 53/130...
Prompt: Given the scenario shown on the video, you think this situation ends well or poorly? (Use only one word to answer)
Image size: 31952 bytes
Response status code: 200
{'model': 'llava-llama3', 'created_at': '2025-12-06T20:37:08.576259473Z', 'message': {'role': 'assistant', 'content': 'Well'}, 'done': True, 'done_reason': 'stop', 'total_duration': 11653013835, 'load_duration': 11199710439, 'prompt_eval_count': 611, 'prompt_eval_duration': 329328129, 'eval_count': 2, 'eval_duration': 11514946}
Response: Well
Analyzing frame 54/130...
Prompt: Given the scenario shown on the video, you think this situation ends well or poorly? (Use only one word to answer)
Image size: 32072 bytes
Response status code: 200
{'model': 'llava-llama3', 'created_at': '2025-12-06T20:37:10.11959138Z', 'message': {'role': 'assistant', 'content': 'Well'}, 'done': True, 'done_reason': 'stop', 'total_duration': 503882045, 'load_duration': 148745289, 'prompt_eval_count': 611, 'prompt_eval_duration': 287596544, 'eval_count': 2, 'eval_duration': 11546640}
Response: Well
Analyzing frame 55/130...
Prompt: Given the scenario shown on the video, you think this situation ends well or poorly? (Use only one word to answer)
Image size: 31952 bytes
Response status code: 200
{'model': 'llava-llama3', 'created_at': '2025-12-06T20:37:22.517496747Z', 'message': {'role': 'assistant', 'content': 'Well'}, 'done': True, 'done_reason': 'stop', 'total_duration': 11356897790, 'load_duration': 10914797868, 'prompt_eval_count': 611, 'prompt_eval_duration': 320343115, 'eval_count': 2, 'eval_duration': 13116958}
Response: Well
Analyzing frame 56/130...
Prompt: Given the scenario shown on the video, you think this situation ends well or poorly? (Use only one word to answer)
Image size: 31840 bytes
Response status code: 200
{'model': 'llava-llama3', 'created_at': '2025-12-06T20:37:24.067460803Z', 'message': {'role': 'assistant', 'content': 'Well'}, 'done': True, 'done_reason': 'stop', 'total_duration': 511124158, 'load_duration': 154990534, 'prompt_eval_count': 611, 'prompt_eval_duration': 285483756, 'eval_count': 2, 'eval_duration': 11493102}
Response: Well
Analyzing frame 57/130...
Prompt: Given the scenario shown on the video, you think this situation ends well or poorly? (Use only one word to answer)
Image size: 31740 bytes
Response status code: 200
{'model': 'llava-llama3', 'created_at': '2025-12-06T20:37:36.50317533Z', 'message': {'role': 'assistant', 'content': 'Well'}, 'done': True, 'done_reason': 'stop', 'total_duration': 11395981479, 'load_duration': 10960480807, 'prompt_eval_count': 611, 'prompt_eval_duration': 318899592, 'eval_count': 2, 'eval_duration': 11639620}
Response: Well
Analyzing frame 58/130...
Prompt: Given the scenario shown on the video, you think this situation ends well or poorly? (Use only one word to answer)
Image size: 31412 bytes
Response status code: 200
{'model': 'llava-llama3', 'created_at': '2025-12-06T20:37:50.189426595Z', 'message': {'role': 'assistant', 'content': 'Well'}, 'done': True, 'done_reason': 'stop', 'total_duration': 12645583455, 'load_duration': 12229744317, 'prompt_eval_count': 611, 'prompt_eval_duration': 316731038, 'eval_count': 2, 'eval_duration': 11563777}
Response: Well
Analyzing frame 59/130...
Prompt: Given the scenario shown on the video, you think this situation ends well or poorly? (Use only one word to answer)
Image size: 31316 bytes
Response status code: 200
{'model': 'llava-llama3', 'created_at': '2025-12-06T20:37:51.773471113Z', 'message': {'role': 'assistant', 'content': 'Well'}, 'done': True, 'done_reason': 'stop', 'total_duration': 543692942, 'load_duration': 167731173, 'prompt_eval_count': 611, 'prompt_eval_duration': 286553739, 'eval_count': 2, 'eval_duration': 11511239}
Response: Well
Analyzing frame 60/130...
Prompt: Given the scenario shown on the video, you think this situation ends well or poorly? (Use only one word to answer)
Image size: 31072 bytes
Response status code: 200
{'model': 'llava-llama3', 'created_at': '2025-12-06T20:38:04.345773329Z', 'message': {'role': 'assistant', 'content': 'Well'}, 'done': True, 'done_reason': 'stop', 'total_duration': 11532136348, 'load_duration': 11126723788, 'prompt_eval_count': 611, 'prompt_eval_duration': 305344430, 'eval_count': 2, 'eval_duration': 11937275}
Response: Well
Analyzing frame 61/130...
Prompt: Given the scenario shown on the video, you think this situation ends well or poorly? (Use only one word to answer)
Image size: 31028 bytes
Response status code: 200
{'model': 'llava-llama3', 'created_at': '2025-12-06T20:38:17.782905071Z', 'message': {'role': 'assistant', 'content': 'Well'}, 'done': True, 'done_reason': 'stop', 'total_duration': 12399648614, 'load_duration': 11999544952, 'prompt_eval_count': 611, 'prompt_eval_duration': 304259101, 'eval_count': 2, 'eval_duration': 11681586}
Response: Well
Analyzing frame 62/130...
Prompt: Given the scenario shown on the video, you think this situation ends well or poorly? (Use only one word to answer)
Image size: 30824 bytes
Response status code: 200
{'model': 'llava-llama3', 'created_at': '2025-12-06T20:38:31.313817454Z', 'message': {'role': 'assistant', 'content': 'Well'}, 'done': True, 'done_reason': 'stop', 'total_duration': 12492384360, 'load_duration': 12086066846, 'prompt_eval_count': 611, 'prompt_eval_duration': 306679744, 'eval_count': 2, 'eval_duration': 11948418}
Response: Well
Analyzing frame 63/130...
Prompt: Given the scenario shown on the video, you think this situation ends well or poorly? (Use only one word to answer)
Image size: 31016 bytes
Response status code: 200
{'model': 'llava-llama3', 'created_at': '2025-12-06T20:38:32.898937314Z', 'message': {'role': 'assistant', 'content': 'Well'}, 'done': True, 'done_reason': 'stop', 'total_duration': 548259903, 'load_duration': 179425965, 'prompt_eval_count': 611, 'prompt_eval_duration': 286439993, 'eval_count': 2, 'eval_duration': 11720912}
Response: Well
Analyzing frame 64/130...
Prompt: Given the scenario shown on the video, you think this situation ends well or poorly? (Use only one word to answer)
Image size: 31020 bytes
Response status code: 200
{'model': 'llava-llama3', 'created_at': '2025-12-06T20:38:45.269968688Z', 'message': {'role': 'assistant', 'content': 'Well'}, 'done': True, 'done_reason': 'stop', 'total_duration': 11332354057, 'load_duration': 10900940194, 'prompt_eval_count': 611, 'prompt_eval_duration': 319813533, 'eval_count': 2, 'eval_duration': 11696162}
Response: Well
Analyzing frame 65/130...
Prompt: Given the scenario shown on the video, you think this situation ends well or poorly? (Use only one word to answer)
Image size: 31104 bytes
Response status code: 200
{'model': 'llava-llama3', 'created_at': '2025-12-06T20:38:46.903915357Z', 'message': {'role': 'assistant', 'content': 'Well'}, 'done': True, 'done_reason': 'stop', 'total_duration': 594242171, 'load_duration': 224191416, 'prompt_eval_count': 611, 'prompt_eval_duration': 284816064, 'eval_count': 2, 'eval_duration': 11593626}
Response: Well
Analyzing frame 66/130...
Prompt: Given the scenario shown on the video, you think this situation ends well or poorly? (Use only one word to answer)
Image size: 31292 bytes
Response status code: 200
{'model': 'llava-llama3', 'created_at': '2025-12-06T20:38:59.318509003Z', 'message': {'role': 'assistant', 'content': 'Well'}, 'done': True, 'done_reason': 'stop', 'total_duration': 11377357968, 'load_duration': 10952068802, 'prompt_eval_count': 611, 'prompt_eval_duration': 327598191, 'eval_count': 2, 'eval_duration': 11739552}
Response: Well
Analyzing frame 67/130...
Prompt: Given the scenario shown on the video, you think this situation ends well or poorly? (Use only one word to answer)
Image size: 31640 bytes
Response status code: 200
{'model': 'llava-llama3', 'created_at': '2025-12-06T20:39:00.828798964Z', 'message': {'role': 'assistant', 'content': 'Well'}, 'done': True, 'done_reason': 'stop', 'total_duration': 475955722, 'load_duration': 120430281, 'prompt_eval_count': 611, 'prompt_eval_duration': 286703705, 'eval_count': 2, 'eval_duration': 11470363}
Response: Well
Analyzing frame 68/130...
Prompt: Given the scenario shown on the video, you think this situation ends well or poorly? (Use only one word to answer)
Image size: 31704 bytes
Response status code: 200
{'model': 'llava-llama3', 'created_at': '2025-12-06T20:39:13.140092048Z', 'message': {'role': 'assistant', 'content': 'Well'}, 'done': True, 'done_reason': 'stop', 'total_duration': 11290344135, 'load_duration': 10848262014, 'prompt_eval_count': 611, 'prompt_eval_duration': 325935973, 'eval_count': 2, 'eval_duration': 11849897}
Response: Well
Analyzing frame 69/130...
Prompt: Given the scenario shown on the video, you think this situation ends well or poorly? (Use only one word to answer)
Image size: 31912 bytes
Response status code: 200
{'model': 'llava-llama3', 'created_at': '2025-12-06T20:39:14.655961446Z', 'message': {'role': 'assistant', 'content': 'Well'}, 'done': True, 'done_reason': 'stop', 'total_duration': 477065438, 'load_duration': 121001232, 'prompt_eval_count': 611, 'prompt_eval_duration': 289330434, 'eval_count': 2, 'eval_duration': 11530739}
Response: Well
Analyzing frame 70/130...
Prompt: Given the scenario shown on the video, you think this situation ends well or poorly? (Use only one word to answer)
Image size: 31888 bytes
Response status code: 200
{'model': 'llava-llama3', 'created_at': '2025-12-06T20:39:27.058046792Z', 'message': {'role': 'assistant', 'content': 'Well'}, 'done': True, 'done_reason': 'stop', 'total_duration': 11365565103, 'load_duration': 10945469715, 'prompt_eval_count': 611, 'prompt_eval_duration': 307393005, 'eval_count': 2, 'eval_duration': 11704702}
Response: Well
Analyzing frame 71/130...
Prompt: Given the scenario shown on the video, you think this situation ends well or poorly? (Use only one word to answer)
Image size: 32016 bytes
Response status code: 200
{'model': 'llava-llama3', 'created_at': '2025-12-06T20:39:28.636035516Z', 'message': {'role': 'assistant', 'content': 'Well'}, 'done': True, 'done_reason': 'stop', 'total_duration': 539583477, 'load_duration': 164976558, 'prompt_eval_count': 611, 'prompt_eval_duration': 287052623, 'eval_count': 2, 'eval_duration': 11876061}
Response: Well
Analyzing frame 72/130...
Prompt: Given the scenario shown on the video, you think this situation ends well or poorly? (Use only one word to answer)
Image size: 31892 bytes
Response status code: 200
{'model': 'llava-llama3', 'created_at': '2025-12-06T20:39:41.543805089Z', 'message': {'role': 'assistant', 'content': 'Well'}, 'done': True, 'done_reason': 'stop', 'total_duration': 11873704837, 'load_duration': 11450583989, 'prompt_eval_count': 611, 'prompt_eval_duration': 320608678, 'eval_count': 2, 'eval_duration': 12314973}
Response: Well
Analyzing frame 73/130...
Prompt: Given the scenario shown on the video, you think this situation ends well or poorly? (Use only one word to answer)
Image size: 31844 bytes
Response status code: 200
{'model': 'llava-llama3', 'created_at': '2025-12-06T20:39:43.127751695Z', 'message': {'role': 'assistant', 'content': 'Well'}, 'done': True, 'done_reason': 'stop', 'total_duration': 544628461, 'load_duration': 163781038, 'prompt_eval_count': 611, 'prompt_eval_duration': 286708266, 'eval_count': 2, 'eval_duration': 11555838}
Response: Well
Analyzing frame 74/130...
Prompt: Given the scenario shown on the video, you think this situation ends well or poorly? (Use only one word to answer)
Image size: 31592 bytes
Response status code: 200
{'model': 'llava-llama3', 'created_at': '2025-12-06T20:39:55.20919258Z', 'message': {'role': 'assistant', 'content': 'Well'}, 'done': True, 'done_reason': 'stop', 'total_duration': 11043426119, 'load_duration': 10664965849, 'prompt_eval_count': 611, 'prompt_eval_duration': 303038478, 'eval_count': 2, 'eval_duration': 11667671}
Response: Well
Analyzing frame 75/130...
Prompt: Given the scenario shown on the video, you think this situation ends well or poorly? (Use only one word to answer)
Image size: 31348 bytes
Response status code: 200
{'model': 'llava-llama3', 'created_at': '2025-12-06T20:39:56.728183204Z', 'message': {'role': 'assistant', 'content': 'Well'}, 'done': True, 'done_reason': 'stop', 'total_duration': 481143275, 'load_duration': 125862207, 'prompt_eval_count': 611, 'prompt_eval_duration': 285821547, 'eval_count': 2, 'eval_duration': 11441126}
Response: Well
Analyzing frame 76/130...
Prompt: Given the scenario shown on the video, you think this situation ends well or poorly? (Use only one word to answer)
Image size: 31296 bytes
Response status code: 200
{'model': 'llava-llama3', 'created_at': '2025-12-06T20:40:09.174926159Z', 'message': {'role': 'assistant', 'content': 'Well'}, 'done': True, 'done_reason': 'stop', 'total_duration': 11408232699, 'load_duration': 10982449509, 'prompt_eval_count': 611, 'prompt_eval_duration': 315750567, 'eval_count': 2, 'eval_duration': 11674523}
Response: Well
Analyzing frame 77/130...
Prompt: Given the scenario shown on the video, you think this situation ends well or poorly? (Use only one word to answer)
Image size: 31188 bytes
Response status code: 200
{'model': 'llava-llama3', 'created_at': '2025-12-06T20:40:10.712809055Z', 'message': {'role': 'assistant', 'content': 'Well'}, 'done': True, 'done_reason': 'stop', 'total_duration': 501502261, 'load_duration': 139653069, 'prompt_eval_count': 611, 'prompt_eval_duration': 288589422, 'eval_count': 2, 'eval_duration': 14458694}
Response: Well
Analyzing frame 78/130...
Prompt: Given the scenario shown on the video, you think this situation ends well or poorly? (Use only one word to answer)
Image size: 31032 bytes
Response status code: 200
{'model': 'llava-llama3', 'created_at': '2025-12-06T20:40:23.010921478Z', 'message': {'role': 'assistant', 'content': 'Well'}, 'done': True, 'done_reason': 'stop', 'total_duration': 11271456464, 'load_duration': 10847068997, 'prompt_eval_count': 611, 'prompt_eval_duration': 316475571, 'eval_count': 2, 'eval_duration': 11645039}
Response: Well
Analyzing frame 79/130...
Prompt: Given the scenario shown on the video, you think this situation ends well or poorly? (Use only one word to answer)
Image size: 31368 bytes
Response status code: 200
{'model': 'llava-llama3', 'created_at': '2025-12-06T20:40:36.378329114Z', 'message': {'role': 'assistant', 'content': 'Well'}, 'done': True, 'done_reason': 'stop', 'total_duration': 12327441738, 'load_duration': 11900686265, 'prompt_eval_count': 611, 'prompt_eval_duration': 325050736, 'eval_count': 2, 'eval_duration': 11631793}
Response: Well
Analyzing frame 80/130...
Prompt: Given the scenario shown on the video, you think this situation ends well or poorly? (Use only one word to answer)
Image size: 31804 bytes
Response status code: 200
{'model': 'llava-llama3', 'created_at': '2025-12-06T20:40:49.869128873Z', 'message': {'role': 'assistant', 'content': 'Well'}, 'done': True, 'done_reason': 'stop', 'total_duration': 12452956783, 'load_duration': 12035207908, 'prompt_eval_count': 611, 'prompt_eval_duration': 316674766, 'eval_count': 2, 'eval_duration': 11635738}
Response: Well
Analyzing frame 81/130...
Prompt: Given the scenario shown on the video, you think this situation ends well or poorly? (Use only one word to answer)
Image size: 31560 bytes
Response status code: 200
{'model': 'llava-llama3', 'created_at': '2025-12-06T20:41:03.344741882Z', 'message': {'role': 'assistant', 'content': 'Well'}, 'done': True, 'done_reason': 'stop', 'total_duration': 12438843635, 'load_duration': 12019246497, 'prompt_eval_count': 611, 'prompt_eval_duration': 318737716, 'eval_count': 2, 'eval_duration': 11646344}
Response: Well
Analyzing frame 82/130...
Prompt: Given the scenario shown on the video, you think this situation ends well or poorly? (Use only one word to answer)
Image size: 30976 bytes
Response status code: 200
{'model': 'llava-llama3', 'created_at': '2025-12-06T20:41:04.934521276Z', 'message': {'role': 'assistant', 'content': 'Well'}, 'done': True, 'done_reason': 'stop', 'total_duration': 550430887, 'load_duration': 172018270, 'prompt_eval_count': 611, 'prompt_eval_duration': 288249586, 'eval_count': 2, 'eval_duration': 11537095}
Response: Well
Analyzing frame 83/130...
Prompt: Given the scenario shown on the video, you think this situation ends well or poorly? (Use only one word to answer)
Image size: 30512 bytes
Response status code: 200
{'model': 'llava-llama3', 'created_at': '2025-12-06T20:41:17.257750985Z', 'message': {'role': 'assistant', 'content': 'Well'}, 'done': True, 'done_reason': 'stop', 'total_duration': 11285541947, 'load_duration': 10857075875, 'prompt_eval_count': 611, 'prompt_eval_duration': 320799440, 'eval_count': 2, 'eval_duration': 13246226}
Response: Well
Analyzing frame 84/130...
Prompt: Given the scenario shown on the video, you think this situation ends well or poorly? (Use only one word to answer)
Image size: 30108 bytes
Response status code: 200
{'model': 'llava-llama3', 'created_at': '2025-12-06T20:41:30.794768318Z', 'message': {'role': 'assistant', 'content': 'Well'}, 'done': True, 'done_reason': 'stop', 'total_duration': 12499047509, 'load_duration': 12053597505, 'prompt_eval_count': 611, 'prompt_eval_duration': 315736691, 'eval_count': 2, 'eval_duration': 11653488}
Response: Well
Analyzing frame 85/130...
Prompt: Given the scenario shown on the video, you think this situation ends well or poorly? (Use only one word to answer)
Image size: 29880 bytes
Response status code: 200
{'model': 'llava-llama3', 'created_at': '2025-12-06T20:41:44.120754146Z', 'message': {'role': 'assistant', 'content': 'Well'}, 'done': True, 'done_reason': 'stop', 'total_duration': 12286368795, 'load_duration': 11859209183, 'prompt_eval_count': 611, 'prompt_eval_duration': 320326033, 'eval_count': 2, 'eval_duration': 11623087}
Response: Well
Analyzing frame 86/130...
Prompt: Given the scenario shown on the video, you think this situation ends well or poorly? (Use only one word to answer)
Image size: 29720 bytes
Response status code: 200
{'model': 'llava-llama3', 'created_at': '2025-12-06T20:41:45.658817674Z', 'message': {'role': 'assistant', 'content': 'Well'}, 'done': True, 'done_reason': 'stop', 'total_duration': 498519333, 'load_duration': 143384852, 'prompt_eval_count': 611, 'prompt_eval_duration': 288919660, 'eval_count': 2, 'eval_duration': 11623522}
Response: Well
Analyzing frame 87/130...
Prompt: Given the scenario shown on the video, you think this situation ends well or poorly? (Use only one word to answer)
Image size: 29448 bytes
Response status code: 200
{'model': 'llava-llama3', 'created_at': '2025-12-06T20:41:58.109553669Z', 'message': {'role': 'assistant', 'content': 'Well'}, 'done': True, 'done_reason': 'stop', 'total_duration': 11412281465, 'load_duration': 10986596577, 'prompt_eval_count': 611, 'prompt_eval_duration': 321692886, 'eval_count': 2, 'eval_duration': 11559140}
Response: Well
Analyzing frame 88/130...
Prompt: Given the scenario shown on the video, you think this situation ends well or poorly? (Use only one word to answer)
Image size: 29068 bytes
Response status code: 200
{'model': 'llava-llama3', 'created_at': '2025-12-06T20:42:11.561282839Z', 'message': {'role': 'assistant', 'content': 'Well'}, 'done': True, 'done_reason': 'stop', 'total_duration': 12412443268, 'load_duration': 11984640130, 'prompt_eval_count': 611, 'prompt_eval_duration': 318300918, 'eval_count': 2, 'eval_duration': 11660018}
Response: Well
Analyzing frame 89/130...
Prompt: Given the scenario shown on the video, you think this situation ends well or poorly? (Use only one word to answer)
Image size: 29236 bytes
Response status code: 200
{'model': 'llava-llama3', 'created_at': '2025-12-06T20:42:13.179194891Z', 'message': {'role': 'assistant', 'content': 'Well'}, 'done': True, 'done_reason': 'stop', 'total_duration': 578401018, 'load_duration': 219915951, 'prompt_eval_count': 611, 'prompt_eval_duration': 285218253, 'eval_count': 2, 'eval_duration': 11477788}
Response: Well
Analyzing frame 90/130...
Prompt: Given the scenario shown on the video, you think this situation ends well or poorly? (Use only one word to answer)
Image size: 28856 bytes
Response status code: 200
{'model': 'llava-llama3', 'created_at': '2025-12-06T20:42:25.641054971Z', 'message': {'role': 'assistant', 'content': 'Well'}, 'done': True, 'done_reason': 'stop', 'total_duration': 11427587003, 'load_duration': 11010484553, 'prompt_eval_count': 611, 'prompt_eval_duration': 304466681, 'eval_count': 2, 'eval_duration': 11594252}
Response: Well
Analyzing frame 91/130...
Prompt: Given the scenario shown on the video, you think this situation ends well or poorly? (Use only one word to answer)
Image size: 28776 bytes
Response status code: 200
{'model': 'llava-llama3', 'created_at': '2025-12-06T20:42:39.741782087Z', 'message': {'role': 'assistant', 'content': 'Poorly'}, 'done': True, 'done_reason': 'stop', 'total_duration': 13062492805, 'load_duration': 12641023587, 'prompt_eval_count': 611, 'prompt_eval_duration': 304888159, 'eval_count': 3, 'eval_duration': 22625586}
Response: Poorly
Analyzing frame 92/130...
Prompt: Given the scenario shown on the video, you think this situation ends well or poorly? (Use only one word to answer)
Image size: 28804 bytes
Response status code: 200
{'model': 'llava-llama3', 'created_at': '2025-12-06T20:42:53.376974976Z', 'message': {'role': 'assistant', 'content': 'Well'}, 'done': True, 'done_reason': 'stop', 'total_duration': 12598510264, 'load_duration': 12159005356, 'prompt_eval_count': 611, 'prompt_eval_duration': 310170665, 'eval_count': 2, 'eval_duration': 11736569}
Response: Well
Analyzing frame 93/130...
Prompt: Given the scenario shown on the video, you think this situation ends well or poorly? (Use only one word to answer)
Image size: 28664 bytes
Response status code: 200
{'model': 'llava-llama3', 'created_at': '2025-12-06T20:42:54.950607218Z', 'message': {'role': 'assistant', 'content': 'Well'}, 'done': True, 'done_reason': 'stop', 'total_duration': 535225936, 'load_duration': 176532874, 'prompt_eval_count': 611, 'prompt_eval_duration': 286821467, 'eval_count': 2, 'eval_duration': 11481287}
Response: Well
Analyzing frame 94/130...
Prompt: Given the scenario shown on the video, you think this situation ends well or poorly? (Use only one word to answer)
Image size: 28828 bytes
Response status code: 200
{'model': 'llava-llama3', 'created_at': '2025-12-06T20:43:07.301532293Z', 'message': {'role': 'assistant', 'content': 'Poorly'}, 'done': True, 'done_reason': 'stop', 'total_duration': 11313470895, 'load_duration': 10901710764, 'prompt_eval_count': 611, 'prompt_eval_duration': 303370356, 'eval_count': 3, 'eval_duration': 22729671}
Response: Poorly
Analyzing frame 95/130...
Prompt: Given the scenario shown on the video, you think this situation ends well or poorly? (Use only one word to answer)
Image size: 29084 bytes
Response status code: 200
{'model': 'llava-llama3', 'created_at': '2025-12-06T20:43:21.053487326Z', 'message': {'role': 'assistant', 'content': 'Poorly'}, 'done': True, 'done_reason': 'stop', 'total_duration': 12712562143, 'load_duration': 12270009557, 'prompt_eval_count': 611, 'prompt_eval_duration': 321001379, 'eval_count': 3, 'eval_duration': 22723149}
Response: Poorly
Analyzing frame 96/130...
Prompt: Given the scenario shown on the video, you think this situation ends well or poorly? (Use only one word to answer)
Image size: 29380 bytes
Response status code: 200
{'model': 'llava-llama3', 'created_at': '2025-12-06T20:43:22.584561038Z', 'message': {'role': 'assistant', 'content': 'Well'}, 'done': True, 'done_reason': 'stop', 'total_duration': 491954958, 'load_duration': 139205489, 'prompt_eval_count': 611, 'prompt_eval_duration': 286532434, 'eval_count': 2, 'eval_duration': 11488094}
Response: Well
Analyzing frame 97/130...
Prompt: Given the scenario shown on the video, you think this situation ends well or poorly? (Use only one word to answer)
Image size: 29892 bytes
Response status code: 200
{'model': 'llava-llama3', 'created_at': '2025-12-06T20:43:34.93179169Z', 'message': {'role': 'assistant', 'content': 'Well'}, 'done': True, 'done_reason': 'stop', 'total_duration': 11312611203, 'load_duration': 10881431360, 'prompt_eval_count': 611, 'prompt_eval_duration': 318233100, 'eval_count': 2, 'eval_duration': 11698356}
Response: Well
Analyzing frame 98/130...
Prompt: Given the scenario shown on the video, you think this situation ends well or poorly? (Use only one word to answer)
Image size: 29344 bytes
Response status code: 200
{'model': 'llava-llama3', 'created_at': '2025-12-06T20:43:48.670174374Z', 'message': {'role': 'assistant', 'content': 'Poorly'}, 'done': True, 'done_reason': 'stop', 'total_duration': 12698611178, 'load_duration': 12279666935, 'prompt_eval_count': 611, 'prompt_eval_duration': 305265655, 'eval_count': 3, 'eval_duration': 24277234}
Response: Poorly
Analyzing frame 99/130...
Prompt: Given the scenario shown on the video, you think this situation ends well or poorly? (Use only one word to answer)
Image size: 28588 bytes
Response status code: 200
{'model': 'llava-llama3', 'created_at': '2025-12-06T20:43:50.267336647Z', 'message': {'role': 'assistant', 'content': 'Well'}, 'done': True, 'done_reason': 'stop', 'total_duration': 557986726, 'load_duration': 201600674, 'prompt_eval_count': 611, 'prompt_eval_duration': 287227529, 'eval_count': 2, 'eval_duration': 11476560}
Response: Well
Analyzing frame 100/130...
Prompt: Given the scenario shown on the video, you think this situation ends well or poorly? (Use only one word to answer)
Image size: 28480 bytes
Response status code: 200
{'model': 'llava-llama3', 'created_at': '2025-12-06T20:44:02.766799963Z', 'message': {'role': 'assistant', 'content': 'Well'}, 'done': True, 'done_reason': 'stop', 'total_duration': 11461214945, 'load_duration': 11029647239, 'prompt_eval_count': 611, 'prompt_eval_duration': 318402225, 'eval_count': 2, 'eval_duration': 11545143}
Response: Well
Analyzing frame 101/130...
Prompt: Given the scenario shown on the video, you think this situation ends well or poorly? (Use only one word to answer)
Image size: 28492 bytes
Response status code: 200
{'model': 'llava-llama3', 'created_at': '2025-12-06T20:44:16.415639391Z', 'message': {'role': 'assistant', 'content': 'Well'}, 'done': True, 'done_reason': 'stop', 'total_duration': 12607942827, 'load_duration': 12166354824, 'prompt_eval_count': 611, 'prompt_eval_duration': 310628841, 'eval_count': 2, 'eval_duration': 11563398}
Response: Well
Analyzing frame 102/130...
Prompt: Given the scenario shown on the video, you think this situation ends well or poorly? (Use only one word to answer)
Image size: 28516 bytes
Response status code: 200
{'model': 'llava-llama3', 'created_at': '2025-12-06T20:44:18.010428888Z', 'message': {'role': 'assistant', 'content': 'Well'}, 'done': True, 'done_reason': 'stop', 'total_duration': 559117553, 'load_duration': 200420837, 'prompt_eval_count': 611, 'prompt_eval_duration': 285608915, 'eval_count': 2, 'eval_duration': 11447342}
Response: Well
Analyzing frame 103/130...
Prompt: Given the scenario shown on the video, you think this situation ends well or poorly? (Use only one word to answer)
Image size: 28528 bytes
Response status code: 200
{'model': 'llava-llama3', 'created_at': '2025-12-06T20:44:30.545922729Z', 'message': {'role': 'assistant', 'content': 'Well'}, 'done': True, 'done_reason': 'stop', 'total_duration': 11497689831, 'load_duration': 11092938918, 'prompt_eval_count': 611, 'prompt_eval_duration': 306400507, 'eval_count': 2, 'eval_duration': 11609252}
Response: Well
Analyzing frame 104/130...
Prompt: Given the scenario shown on the video, you think this situation ends well or poorly? (Use only one word to answer)
Image size: 28504 bytes
Response status code: 200
{'model': 'llava-llama3', 'created_at': '2025-12-06T20:44:32.114176864Z', 'message': {'role': 'assistant', 'content': 'Poorly'}, 'done': True, 'done_reason': 'stop', 'total_duration': 532281489, 'load_duration': 167380649, 'prompt_eval_count': 611, 'prompt_eval_duration': 285876515, 'eval_count': 3, 'eval_duration': 22556708}
Response: Poorly
Analyzing frame 105/130...
Prompt: Given the scenario shown on the video, you think this situation ends well or poorly? (Use only one word to answer)
Image size: 28492 bytes
Response status code: 200
{'model': 'llava-llama3', 'created_at': '2025-12-06T20:44:44.67370455Z', 'message': {'role': 'assistant', 'content': 'Well'}, 'done': True, 'done_reason': 'stop', 'total_duration': 11522095427, 'load_duration': 11120406389, 'prompt_eval_count': 611, 'prompt_eval_duration': 305189546, 'eval_count': 2, 'eval_duration': 11664029}
Response: Well
Analyzing frame 106/130...
Prompt: Given the scenario shown on the video, you think this situation ends well or poorly? (Use only one word to answer)
Image size: 28496 bytes
Response status code: 200
{'model': 'llava-llama3', 'created_at': '2025-12-06T20:44:58.246414203Z', 'message': {'role': 'assistant', 'content': 'Well'}, 'done': True, 'done_reason': 'stop', 'total_duration': 12532449305, 'load_duration': 12114276802, 'prompt_eval_count': 611, 'prompt_eval_duration': 303560447, 'eval_count': 2, 'eval_duration': 11914035}
Response: Well
Analyzing frame 107/130...
Prompt: Given the scenario shown on the video, you think this situation ends well or poorly? (Use only one word to answer)
Image size: 28532 bytes
Response status code: 200
{'model': 'llava-llama3', 'created_at': '2025-12-06T20:44:59.782686965Z', 'message': {'role': 'assistant', 'content': 'Poorly'}, 'done': True, 'done_reason': 'stop', 'total_duration': 500148742, 'load_duration': 130766891, 'prompt_eval_count': 611, 'prompt_eval_duration': 289667150, 'eval_count': 3, 'eval_duration': 22631110}
Response: Poorly
Analyzing frame 108/130...
Prompt: Given the scenario shown on the video, you think this situation ends well or poorly? (Use only one word to answer)
Image size: 28516 bytes
Response status code: 200
{'model': 'llava-llama3', 'created_at': '2025-12-06T20:45:12.333838279Z', 'message': {'role': 'assistant', 'content': 'Well'}, 'done': True, 'done_reason': 'stop', 'total_duration': 11514345766, 'load_duration': 11092018543, 'prompt_eval_count': 611, 'prompt_eval_duration': 315807889, 'eval_count': 2, 'eval_duration': 13188760}
Response: Well
Analyzing frame 109/130...
Prompt: Given the scenario shown on the video, you think this situation ends well or poorly? (Use only one word to answer)
Image size: 28516 bytes
Response status code: 200
{'model': 'llava-llama3', 'created_at': '2025-12-06T20:45:13.907412443Z', 'message': {'role': 'assistant', 'content': 'Poorly'}, 'done': True, 'done_reason': 'stop', 'total_duration': 537790499, 'load_duration': 150224519, 'prompt_eval_count': 611, 'prompt_eval_duration': 287633764, 'eval_count': 3, 'eval_duration': 22552218}
Response: Poorly
Analyzing frame 110/130...
Prompt: Given the scenario shown on the video, you think this situation ends well or poorly? (Use only one word to answer)
Image size: 28516 bytes
Response status code: 200
{'model': 'llava-llama3', 'created_at': '2025-12-06T20:45:26.377126433Z', 'message': {'role': 'assistant', 'content': 'Well'}, 'done': True, 'done_reason': 'stop', 'total_duration': 11429918252, 'load_duration': 11024178716, 'prompt_eval_count': 611, 'prompt_eval_duration': 303772350, 'eval_count': 2, 'eval_duration': 11586189}
Response: Well
Analyzing frame 111/130...
Prompt: Given the scenario shown on the video, you think this situation ends well or poorly? (Use only one word to answer)
Image size: 28516 bytes
Response status code: 200
{'model': 'llava-llama3', 'created_at': '2025-12-06T20:45:27.993929553Z', 'message': {'role': 'assistant', 'content': 'Well'}, 'done': True, 'done_reason': 'stop', 'total_duration': 578839072, 'load_duration': 214842140, 'prompt_eval_count': 611, 'prompt_eval_duration': 285413080, 'eval_count': 2, 'eval_duration': 11476434}
Response: Well
Analyzing frame 112/130...
Prompt: Given the scenario shown on the video, you think this situation ends well or poorly? (Use only one word to answer)
Image size: 28500 bytes
Response status code: 200
{'model': 'llava-llama3', 'created_at': '2025-12-06T20:45:40.29782171Z', 'message': {'role': 'assistant', 'content': 'Well'}, 'done': True, 'done_reason': 'stop', 'total_duration': 11266358454, 'load_duration': 10837469334, 'prompt_eval_count': 611, 'prompt_eval_duration': 322269988, 'eval_count': 2, 'eval_duration': 11940084}
Response: Well
Analyzing frame 113/130...
Prompt: Given the scenario shown on the video, you think this situation ends well or poorly? (Use only one word to answer)
Image size: 28500 bytes
Response status code: 200
{'model': 'llava-llama3', 'created_at': '2025-12-06T20:45:54.02758909Z', 'message': {'role': 'assistant', 'content': 'Poorly'}, 'done': True, 'done_reason': 'stop', 'total_duration': 12690217727, 'load_duration': 12274827213, 'prompt_eval_count': 611, 'prompt_eval_duration': 302513547, 'eval_count': 3, 'eval_duration': 22701934}
Response: Poorly
Analyzing frame 114/130...
Prompt: Given the scenario shown on the video, you think this situation ends well or poorly? (Use only one word to answer)
Image size: 28508 bytes
Response status code: 200
{'model': 'llava-llama3', 'created_at': '2025-12-06T20:46:07.601697547Z', 'message': {'role': 'assistant', 'content': 'Well'}, 'done': True, 'done_reason': 'stop', 'total_duration': 12534636631, 'load_duration': 12134270934, 'prompt_eval_count': 611, 'prompt_eval_duration': 302843695, 'eval_count': 2, 'eval_duration': 11553427}
Response: Well
Analyzing frame 115/130...
Prompt: Given the scenario shown on the video, you think this situation ends well or poorly? (Use only one word to answer)
Image size: 28508 bytes
Response status code: 200
{'model': 'llava-llama3', 'created_at': '2025-12-06T20:46:21.216765333Z', 'message': {'role': 'assistant', 'content': 'Well'}, 'done': True, 'done_reason': 'stop', 'total_duration': 12575122445, 'load_duration': 12159475252, 'prompt_eval_count': 611, 'prompt_eval_duration': 303867319, 'eval_count': 2, 'eval_duration': 11491537}
Response: Well
Analyzing frame 116/130...
Prompt: Given the scenario shown on the video, you think this situation ends well or poorly? (Use only one word to answer)
Image size: 28500 bytes
Response status code: 200
{'model': 'llava-llama3', 'created_at': '2025-12-06T20:46:34.899854134Z', 'message': {'role': 'assistant', 'content': 'Well'}, 'done': True, 'done_reason': 'stop', 'total_duration': 12647117219, 'load_duration': 12219299977, 'prompt_eval_count': 611, 'prompt_eval_duration': 320165558, 'eval_count': 2, 'eval_duration': 11556056}
Response: Well
Analyzing frame 117/130...
Prompt: Given the scenario shown on the video, you think this situation ends well or poorly? (Use only one word to answer)
Image size: 28500 bytes
Response status code: 200
{'model': 'llava-llama3', 'created_at': '2025-12-06T20:46:36.470229806Z', 'message': {'role': 'assistant', 'content': 'Well'}, 'done': True, 'done_reason': 'stop', 'total_duration': 535194523, 'load_duration': 134555303, 'prompt_eval_count': 611, 'prompt_eval_duration': 294524192, 'eval_count': 2, 'eval_duration': 11606419}
Response: Well
Analyzing frame 118/130...
Prompt: Given the scenario shown on the video, you think this situation ends well or poorly? (Use only one word to answer)
Image size: 28496 bytes
Response status code: 200
{'model': 'llava-llama3', 'created_at': '2025-12-06T20:46:48.889536088Z', 'message': {'role': 'assistant', 'content': 'Poorly'}, 'done': True, 'done_reason': 'stop', 'total_duration': 11381494275, 'load_duration': 10933718339, 'prompt_eval_count': 611, 'prompt_eval_duration': 324577444, 'eval_count': 3, 'eval_duration': 22680731}
Response: Poorly
Analyzing frame 119/130...
Prompt: Given the scenario shown on the video, you think this situation ends well or poorly? (Use only one word to answer)
Image size: 28536 bytes
Response status code: 200
{'model': 'llava-llama3', 'created_at': '2025-12-06T20:47:02.281702672Z', 'message': {'role': 'assistant', 'content': 'Well'}, 'done': True, 'done_reason': 'stop', 'total_duration': 12355426762, 'load_duration': 11927587078, 'prompt_eval_count': 611, 'prompt_eval_duration': 319604455, 'eval_count': 2, 'eval_duration': 11573674}
Response: Well
Analyzing frame 120/130...
Prompt: Given the scenario shown on the video, you think this situation ends well or poorly? (Use only one word to answer)
Image size: 28520 bytes
Response status code: 200
{'model': 'llava-llama3', 'created_at': '2025-12-06T20:47:03.89216476Z', 'message': {'role': 'assistant', 'content': 'Poorly'}, 'done': True, 'done_reason': 'stop', 'total_duration': 573838021, 'load_duration': 174341962, 'prompt_eval_count': 611, 'prompt_eval_duration': 285923185, 'eval_count': 3, 'eval_duration': 22645243}
Response: Poorly
Analyzing frame 121/130...
Prompt: Given the scenario shown on the video, you think this situation ends well or poorly? (Use only one word to answer)
Image size: 28536 bytes
Response status code: 200
{'model': 'llava-llama3', 'created_at': '2025-12-06T20:47:16.316702152Z', 'message': {'role': 'assistant', 'content': 'Poorly'}, 'done': True, 'done_reason': 'stop', 'total_duration': 11387493851, 'load_duration': 10957695131, 'prompt_eval_count': 611, 'prompt_eval_duration': 302957897, 'eval_count': 3, 'eval_duration': 22745389}
Response: Poorly
Analyzing frame 122/130...
Prompt: Given the scenario shown on the video, you think this situation ends well or poorly? (Use only one word to answer)
Image size: 28528 bytes
Response status code: 200
{'model': 'llava-llama3', 'created_at': '2025-12-06T20:47:29.696484439Z', 'message': {'role': 'assistant', 'content': 'Well'}, 'done': True, 'done_reason': 'stop', 'total_duration': 12340532239, 'load_duration': 11936076585, 'prompt_eval_count': 611, 'prompt_eval_duration': 305256305, 'eval_count': 2, 'eval_duration': 11582140}
Response: Well
Analyzing frame 123/130...
Prompt: Given the scenario shown on the video, you think this situation ends well or poorly? (Use only one word to answer)
Image size: 28488 bytes
Response status code: 200
{'model': 'llava-llama3', 'created_at': '2025-12-06T20:47:43.387685863Z', 'message': {'role': 'assistant', 'content': 'Poorly'}, 'done': True, 'done_reason': 'stop', 'total_duration': 12652693366, 'load_duration': 12239828295, 'prompt_eval_count': 611, 'prompt_eval_duration': 303221271, 'eval_count': 3, 'eval_duration': 22574335}
Response: Poorly
Analyzing frame 124/130...
Prompt: Given the scenario shown on the video, you think this situation ends well or poorly? (Use only one word to answer)
Image size: 28512 bytes
Response status code: 200
{'model': 'llava-llama3', 'created_at': '2025-12-06T20:47:44.937287913Z', 'message': {'role': 'assistant', 'content': 'Well'}, 'done': True, 'done_reason': 'stop', 'total_duration': 512922913, 'load_duration': 134901542, 'prompt_eval_count': 611, 'prompt_eval_duration': 286046851, 'eval_count': 2, 'eval_duration': 11560888}
Response: Well
Analyzing frame 125/130...
Prompt: Given the scenario shown on the video, you think this situation ends well or poorly? (Use only one word to answer)
Image size: 28516 bytes
Response status code: 200
{'model': 'llava-llama3', 'created_at': '2025-12-06T20:47:57.28213828Z', 'message': {'role': 'assistant', 'content': 'Well'}, 'done': True, 'done_reason': 'stop', 'total_duration': 11307264099, 'load_duration': 10870940115, 'prompt_eval_count': 611, 'prompt_eval_duration': 318644493, 'eval_count': 2, 'eval_duration': 11521197}
Response: Well
Analyzing frame 126/130...
Prompt: Given the scenario shown on the video, you think this situation ends well or poorly? (Use only one word to answer)
Image size: 28504 bytes
Response status code: 200
{'model': 'llava-llama3', 'created_at': '2025-12-06T20:48:11.093010912Z', 'message': {'role': 'assistant', 'content': 'Well'}, 'done': True, 'done_reason': 'stop', 'total_duration': 12771733876, 'load_duration': 12370707032, 'prompt_eval_count': 611, 'prompt_eval_duration': 302231430, 'eval_count': 2, 'eval_duration': 11604841}
Response: Well
Analyzing frame 127/130...
Prompt: Given the scenario shown on the video, you think this situation ends well or poorly? (Use only one word to answer)
Image size: 28496 bytes
Response status code: 200
{'model': 'llava-llama3', 'created_at': '2025-12-06T20:48:24.478764734Z', 'message': {'role': 'assistant', 'content': 'Poorly'}, 'done': True, 'done_reason': 'stop', 'total_duration': 12348649986, 'load_duration': 11927973727, 'prompt_eval_count': 611, 'prompt_eval_duration': 303823677, 'eval_count': 3, 'eval_duration': 22970372}
Response: Poorly
Analyzing frame 128/130...
Prompt: Given the scenario shown on the video, you think this situation ends well or poorly? (Use only one word to answer)
Image size: 28500 bytes
Response status code: 200
{'model': 'llava-llama3', 'created_at': '2025-12-06T20:48:37.775445095Z', 'message': {'role': 'assistant', 'content': 'Well'}, 'done': True, 'done_reason': 'stop', 'total_duration': 12258181485, 'load_duration': 11825042123, 'prompt_eval_count': 611, 'prompt_eval_duration': 319483926, 'eval_count': 2, 'eval_duration': 11640225}
Response: Well
Analyzing frame 129/130...
Prompt: Given the scenario shown on the video, you think this situation ends well or poorly? (Use only one word to answer)
Image size: 28476 bytes
Response status code: 200
{'model': 'llava-llama3', 'created_at': '2025-12-06T20:48:39.332187784Z', 'message': {'role': 'assistant', 'content': 'Well'}, 'done': True, 'done_reason': 'stop', 'total_duration': 518942954, 'load_duration': 141166941, 'prompt_eval_count': 611, 'prompt_eval_duration': 285561140, 'eval_count': 2, 'eval_duration': 11488874}
Response: Well
Analyzing frame 130/130...
Prompt: Given the scenario shown on the video, you think this situation ends well or poorly? (Use only one word to answer)
Image size: 28476 bytes
Response status code: 200
{'model': 'llava-llama3', 'created_at': '2025-12-06T20:48:51.69563859Z', 'message': {'role': 'assistant', 'content': 'Well'}, 'done': True, 'done_reason': 'stop', 'total_duration': 11329907193, 'load_duration': 10930418487, 'prompt_eval_count': 611, 'prompt_eval_duration': 302443022, 'eval_count': 2, 'eval_duration': 11573982}
Response: Well
Final prediction for 14_final.mp4: Well

Results saved to ./results/results_llavallama3.csv
Total videos processed: 345

==================================================
Processing video 4/30

Processing video: 15_final.mp4
Video info: 217 frames, 30.00 FPS, 7.23 seconds
Extracted 73 frames for analysis
Analyzing frame 1/73...
Prompt: Given the scenario shown on the video, you think this situation ends well or poorly? (Use only one word to answer)
Image size: 34292 bytes
Response status code: 200
{'model': 'llava-llama3', 'created_at': '2025-12-06T20:49:05.826495182Z', 'message': {'role': 'assistant', 'content': 'Well'}, 'done': True, 'done_reason': 'stop', 'total_duration': 9588565324, 'load_duration': 9139699801, 'prompt_eval_count': 611, 'prompt_eval_duration': 321814487, 'eval_count': 2, 'eval_duration': 11609756}
Response: Well
Analyzing frame 2/73...
Prompt: Given the scenario shown on the video, you think this situation ends well or poorly? (Use only one word to answer)
Image size: 34436 bytes
Response status code: 200
{'model': 'llava-llama3', 'created_at': '2025-12-06T20:49:07.414402405Z', 'message': {'role': 'assistant', 'content': 'Poorly'}, 'done': True, 'done_reason': 'stop', 'total_duration': 546905424, 'load_duration': 179779603, 'prompt_eval_count': 611, 'prompt_eval_duration': 284705486, 'eval_count': 3, 'eval_duration': 22643299}
Response: Poorly
Analyzing frame 3/73...
Prompt: Given the scenario shown on the video, you think this situation ends well or poorly? (Use only one word to answer)
Image size: 34412 bytes
Response status code: 200
{'model': 'llava-llama3', 'created_at': '2025-12-06T20:49:19.684993268Z', 'message': {'role': 'assistant', 'content': 'Well'}, 'done': True, 'done_reason': 'stop', 'total_duration': 11230526443, 'load_duration': 10821647802, 'prompt_eval_count': 611, 'prompt_eval_duration': 305146795, 'eval_count': 2, 'eval_duration': 11638091}
Response: Well
Analyzing frame 4/73...
Prompt: Given the scenario shown on the video, you think this situation ends well or poorly? (Use only one word to answer)
Image size: 34492 bytes
Response status code: 200
{'model': 'llava-llama3', 'created_at': '2025-12-06T20:49:33.27879591Z', 'message': {'role': 'assistant', 'content': 'Poorly'}, 'done': True, 'done_reason': 'stop', 'total_duration': 12548619917, 'load_duration': 12118252794, 'prompt_eval_count': 611, 'prompt_eval_duration': 304907446, 'eval_count': 3, 'eval_duration': 22764590}
Response: Poorly
Analyzing frame 5/73...
Prompt: Given the scenario shown on the video, you think this situation ends well or poorly? (Use only one word to answer)
Image size: 34348 bytes
Response status code: 200
{'model': 'llava-llama3', 'created_at': '2025-12-06T20:49:46.794408175Z', 'message': {'role': 'assistant', 'content': 'Well'}, 'done': True, 'done_reason': 'stop', 'total_duration': 12477371263, 'load_duration': 12049389813, 'prompt_eval_count': 611, 'prompt_eval_duration': 319347939, 'eval_count': 2, 'eval_duration': 11671868}
Response: Well
Analyzing frame 6/73...
Prompt: Given the scenario shown on the video, you think this situation ends well or poorly? (Use only one word to answer)
Image size: 34048 bytes
Response status code: 200
{'model': 'llava-llama3', 'created_at': '2025-12-06T20:49:48.386662383Z', 'message': {'role': 'assistant', 'content': 'Well'}, 'done': True, 'done_reason': 'stop', 'total_duration': 551963390, 'load_duration': 167572068, 'prompt_eval_count': 611, 'prompt_eval_duration': 292718971, 'eval_count': 2, 'eval_duration': 11619719}
Response: Well
Analyzing frame 7/73...
Prompt: Given the scenario shown on the video, you think this situation ends well or poorly? (Use only one word to answer)
Image size: 34188 bytes
Response status code: 200
{'model': 'llava-llama3', 'created_at': '2025-12-06T20:50:00.832954027Z', 'message': {'role': 'assistant', 'content': 'Poorly'}, 'done': True, 'done_reason': 'stop', 'total_duration': 11406569861, 'load_duration': 10989917065, 'prompt_eval_count': 611, 'prompt_eval_duration': 303696019, 'eval_count': 3, 'eval_duration': 22769354}
Response: Poorly
Analyzing frame 8/73...
Prompt: Given the scenario shown on the video, you think this situation ends well or poorly? (Use only one word to answer)
Image size: 34256 bytes
Response status code: 200
{'model': 'llava-llama3', 'created_at': '2025-12-06T20:50:02.425877859Z', 'message': {'role': 'assistant', 'content': 'Well'}, 'done': True, 'done_reason': 'stop', 'total_duration': 553018764, 'load_duration': 177783733, 'prompt_eval_count': 611, 'prompt_eval_duration': 285613693, 'eval_count': 2, 'eval_duration': 11483750}
Response: Well
Analyzing frame 9/73...
Prompt: Given the scenario shown on the video, you think this situation ends well or poorly? (Use only one word to answer)
Image size: 33996 bytes
Response status code: 200
{'model': 'llava-llama3', 'created_at': '2025-12-06T20:50:15.00587719Z', 'message': {'role': 'assistant', 'content': 'Poorly'}, 'done': True, 'done_reason': 'stop', 'total_duration': 11539896441, 'load_duration': 11125719820, 'prompt_eval_count': 611, 'prompt_eval_duration': 303959993, 'eval_count': 3, 'eval_duration': 22673532}
Response: Poorly
Analyzing frame 10/73...
Prompt: Given the scenario shown on the video, you think this situation ends well or poorly? (Use only one word to answer)
Image size: 34216 bytes
Response status code: 200
{'model': 'llava-llama3', 'created_at': '2025-12-06T20:50:28.531516403Z', 'message': {'role': 'assistant', 'content': 'Well'}, 'done': True, 'done_reason': 'stop', 'total_duration': 12487282365, 'load_duration': 12084168101, 'prompt_eval_count': 611, 'prompt_eval_duration': 304044287, 'eval_count': 2, 'eval_duration': 11972243}
Response: Well
Analyzing frame 11/73...
Prompt: Given the scenario shown on the video, you think this situation ends well or poorly? (Use only one word to answer)
Image size: 34508 bytes
Response status code: 200
{'model': 'llava-llama3', 'created_at': '2025-12-06T20:50:42.1571699Z', 'message': {'role': 'assistant', 'content': 'Well'}, 'done': True, 'done_reason': 'stop', 'total_duration': 12586546074, 'load_duration': 12186272082, 'prompt_eval_count': 611, 'prompt_eval_duration': 302058309, 'eval_count': 2, 'eval_duration': 11619314}
Response: Well
Analyzing frame 12/73...
Prompt: Given the scenario shown on the video, you think this situation ends well or poorly? (Use only one word to answer)
Image size: 34548 bytes
Response status code: 200
{'model': 'llava-llama3', 'created_at': '2025-12-06T20:50:43.710506832Z', 'message': {'role': 'assistant', 'content': 'Well'}, 'done': True, 'done_reason': 'stop', 'total_duration': 514413720, 'load_duration': 139626726, 'prompt_eval_count': 611, 'prompt_eval_duration': 286540704, 'eval_count': 2, 'eval_duration': 11503515}
Response: Well
Analyzing frame 13/73...
Prompt: Given the scenario shown on the video, you think this situation ends well or poorly? (Use only one word to answer)
Image size: 34192 bytes
Response status code: 200
{'model': 'llava-llama3', 'created_at': '2025-12-06T20:50:56.235675072Z', 'message': {'role': 'assistant', 'content': 'Well'}, 'done': True, 'done_reason': 'stop', 'total_duration': 11482086613, 'load_duration': 11058366292, 'prompt_eval_count': 611, 'prompt_eval_duration': 319130609, 'eval_count': 2, 'eval_duration': 12194321}
Response: Well
Analyzing frame 14/73...
Prompt: Given the scenario shown on the video, you think this situation ends well or poorly? (Use only one word to answer)
Image size: 34324 bytes
Response status code: 200
{'model': 'llava-llama3', 'created_at': '2025-12-06T20:50:57.863779134Z', 'message': {'role': 'assistant', 'content': 'Well'}, 'done': True, 'done_reason': 'stop', 'total_duration': 591735066, 'load_duration': 232036863, 'prompt_eval_count': 611, 'prompt_eval_duration': 285955462, 'eval_count': 2, 'eval_duration': 11494077}
Response: Well
Analyzing frame 15/73...
Prompt: Given the scenario shown on the video, you think this situation ends well or poorly? (Use only one word to answer)
Image size: 34388 bytes
Response status code: 200
{'model': 'llava-llama3', 'created_at': '2025-12-06T20:51:10.213929196Z', 'message': {'role': 'assistant', 'content': 'Well'}, 'done': True, 'done_reason': 'stop', 'total_duration': 11309317302, 'load_duration': 10903293420, 'prompt_eval_count': 611, 'prompt_eval_duration': 304814040, 'eval_count': 2, 'eval_duration': 11748707}
Response: Well
Analyzing frame 16/73...
Prompt: Given the scenario shown on the video, you think this situation ends well or poorly? (Use only one word to answer)
Image size: 34048 bytes
Response status code: 200
{'model': 'llava-llama3', 'created_at': '2025-12-06T20:51:23.789883099Z', 'message': {'role': 'assistant', 'content': 'Well'}, 'done': True, 'done_reason': 'stop', 'total_duration': 12551860518, 'load_duration': 12138679127, 'prompt_eval_count': 611, 'prompt_eval_duration': 315823772, 'eval_count': 2, 'eval_duration': 11562454}
Response: Well
Analyzing frame 17/73...
Prompt: Given the scenario shown on the video, you think this situation ends well or poorly? (Use only one word to answer)
Image size: 34068 bytes
Response status code: 200
{'model': 'llava-llama3', 'created_at': '2025-12-06T20:51:25.381229806Z', 'message': {'role': 'assistant', 'content': 'Well'}, 'done': True, 'done_reason': 'stop', 'total_duration': 553162917, 'load_duration': 191403308, 'prompt_eval_count': 611, 'prompt_eval_duration': 285535120, 'eval_count': 2, 'eval_duration': 11473972}
Response: Well
Analyzing frame 18/73...
Prompt: Given the scenario shown on the video, you think this situation ends well or poorly? (Use only one word to answer)
Image size: 33480 bytes
Response status code: 200
{'model': 'llava-llama3', 'created_at': '2025-12-06T20:51:37.58229788Z', 'message': {'role': 'assistant', 'content': 'Well'}, 'done': True, 'done_reason': 'stop', 'total_duration': 11162193586, 'load_duration': 10752771439, 'prompt_eval_count': 611, 'prompt_eval_duration': 306788995, 'eval_count': 2, 'eval_duration': 11524520}
Response: Well
Analyzing frame 19/73...
Prompt: Given the scenario shown on the video, you think this situation ends well or poorly? (Use only one word to answer)
Image size: 33628 bytes
Response status code: 200
{'model': 'llava-llama3', 'created_at': '2025-12-06T20:51:39.163629646Z', 'message': {'role': 'assistant', 'content': 'Poorly'}, 'done': True, 'done_reason': 'stop', 'total_duration': 541056164, 'load_duration': 153173362, 'prompt_eval_count': 611, 'prompt_eval_duration': 286457957, 'eval_count': 3, 'eval_duration': 22664721}
Response: Poorly
Analyzing frame 20/73...
Prompt: Given the scenario shown on the video, you think this situation ends well or poorly? (Use only one word to answer)
Image size: 33192 bytes
Response status code: 200
{'model': 'llava-llama3', 'created_at': '2025-12-06T20:51:51.639003148Z', 'message': {'role': 'assistant', 'content': 'Well'}, 'done': True, 'done_reason': 'stop', 'total_duration': 11444510346, 'load_duration': 11027257507, 'prompt_eval_count': 611, 'prompt_eval_duration': 304142434, 'eval_count': 2, 'eval_duration': 11678436}
Response: Well
Analyzing frame 21/73...
Prompt: Given the scenario shown on the video, you think this situation ends well or poorly? (Use only one word to answer)
Image size: 33444 bytes
Response status code: 200
{'model': 'llava-llama3', 'created_at': '2025-12-06T20:51:53.23833226Z', 'message': {'role': 'assistant', 'content': 'Well'}, 'done': True, 'done_reason': 'stop', 'total_duration': 559586228, 'load_duration': 181166093, 'prompt_eval_count': 611, 'prompt_eval_duration': 287406584, 'eval_count': 2, 'eval_duration': 11564657}
Response: Well
Analyzing frame 22/73...
Prompt: Given the scenario shown on the video, you think this situation ends well or poorly? (Use only one word to answer)
Image size: 33696 bytes
Response status code: 200
{'model': 'llava-llama3', 'created_at': '2025-12-06T20:52:05.498793172Z', 'message': {'role': 'assistant', 'content': 'Well'}, 'done': True, 'done_reason': 'stop', 'total_duration': 11221086823, 'load_duration': 10817939933, 'prompt_eval_count': 611, 'prompt_eval_duration': 305081533, 'eval_count': 2, 'eval_duration': 11714831}
Response: Well
Analyzing frame 23/73...
Prompt: Given the scenario shown on the video, you think this situation ends well or poorly? (Use only one word to answer)
Image size: 33796 bytes
Response status code: 200
{'model': 'llava-llama3', 'created_at': '2025-12-06T20:52:19.113841177Z', 'message': {'role': 'assistant', 'content': 'Well'}, 'done': True, 'done_reason': 'stop', 'total_duration': 12574775991, 'load_duration': 12138675101, 'prompt_eval_count': 611, 'prompt_eval_duration': 319188271, 'eval_count': 2, 'eval_duration': 11647690}
Response: Well
Analyzing frame 24/73...
Prompt: Given the scenario shown on the video, you think this situation ends well or poorly? (Use only one word to answer)
Image size: 33572 bytes
Response status code: 200
{'model': 'llava-llama3', 'created_at': '2025-12-06T20:52:20.699831402Z', 'message': {'role': 'assistant', 'content': 'Poorly'}, 'done': True, 'done_reason': 'stop', 'total_duration': 547067491, 'load_duration': 167483517, 'prompt_eval_count': 611, 'prompt_eval_duration': 289160069, 'eval_count': 3, 'eval_duration': 22788504}
Response: Poorly
Analyzing frame 25/73...
Prompt: Given the scenario shown on the video, you think this situation ends well or poorly? (Use only one word to answer)
Image size: 33532 bytes
Response status code: 200
{'model': 'llava-llama3', 'created_at': '2025-12-06T20:52:33.09844609Z', 'message': {'role': 'assistant', 'content': 'Well'}, 'done': True, 'done_reason': 'stop', 'total_duration': 11362549232, 'load_duration': 10958207360, 'prompt_eval_count': 611, 'prompt_eval_duration': 305705377, 'eval_count': 2, 'eval_duration': 11610409}
Response: Well
Analyzing frame 26/73...
Prompt: Given the scenario shown on the video, you think this situation ends well or poorly? (Use only one word to answer)
Image size: 32832 bytes
Response status code: 200
{'model': 'llava-llama3', 'created_at': '2025-12-06T20:52:46.784748364Z', 'message': {'role': 'assistant', 'content': 'Well'}, 'done': True, 'done_reason': 'stop', 'total_duration': 12646071505, 'load_duration': 12227051786, 'prompt_eval_count': 611, 'prompt_eval_duration': 317977217, 'eval_count': 2, 'eval_duration': 11614260}
Response: Well
Analyzing frame 27/73...
Prompt: Given the scenario shown on the video, you think this situation ends well or poorly? (Use only one word to answer)
Image size: 33264 bytes
Response status code: 200
{'model': 'llava-llama3', 'created_at': '2025-12-06T20:52:48.363947871Z', 'message': {'role': 'assistant', 'content': 'Well'}, 'done': True, 'done_reason': 'stop', 'total_duration': 547737214, 'load_duration': 174933092, 'prompt_eval_count': 611, 'prompt_eval_duration': 285403782, 'eval_count': 2, 'eval_duration': 11471854}
Response: Well
Analyzing frame 28/73...
Prompt: Given the scenario shown on the video, you think this situation ends well or poorly? (Use only one word to answer)
Image size: 33288 bytes
Response status code: 200
{'model': 'llava-llama3', 'created_at': '2025-12-06T20:53:00.578947756Z', 'message': {'role': 'assistant', 'content': 'Well'}, 'done': True, 'done_reason': 'stop', 'total_duration': 11176567882, 'load_duration': 10774043370, 'prompt_eval_count': 611, 'prompt_eval_duration': 302979301, 'eval_count': 2, 'eval_duration': 11775218}
Response: Well
Analyzing frame 29/73...
Prompt: Given the scenario shown on the video, you think this situation ends well or poorly? (Use only one word to answer)
Image size: 33196 bytes
Response status code: 200
{'model': 'llava-llama3', 'created_at': '2025-12-06T20:53:02.141855825Z', 'message': {'role': 'assistant', 'content': 'Well'}, 'done': True, 'done_reason': 'stop', 'total_duration': 532430510, 'load_duration': 164826983, 'prompt_eval_count': 611, 'prompt_eval_duration': 291012836, 'eval_count': 2, 'eval_duration': 11585992}
Response: Well
Analyzing frame 30/73...
Prompt: Given the scenario shown on the video, you think this situation ends well or poorly? (Use only one word to answer)
Image size: 33016 bytes
Response status code: 200
{'model': 'llava-llama3', 'created_at': '2025-12-06T20:53:14.398864097Z', 'message': {'role': 'assistant', 'content': 'Well'}, 'done': True, 'done_reason': 'stop', 'total_duration': 11220343702, 'load_duration': 10809003998, 'prompt_eval_count': 611, 'prompt_eval_duration': 309759901, 'eval_count': 2, 'eval_duration': 11651181}
Response: Well
Analyzing frame 31/73...
Prompt: Given the scenario shown on the video, you think this situation ends well or poorly? (Use only one word to answer)
Image size: 33072 bytes
Response status code: 200
{'model': 'llava-llama3', 'created_at': '2025-12-06T20:53:15.950538792Z', 'message': {'role': 'assistant', 'content': 'Well'}, 'done': True, 'done_reason': 'stop', 'total_duration': 515035334, 'load_duration': 139092872, 'prompt_eval_count': 611, 'prompt_eval_duration': 285693005, 'eval_count': 2, 'eval_duration': 11677539}
Response: Well
Analyzing frame 32/73...
Prompt: Given the scenario shown on the video, you think this situation ends well or poorly? (Use only one word to answer)
Image size: 33296 bytes
Response status code: 200
{'model': 'llava-llama3', 'created_at': '2025-12-06T20:53:28.260657053Z', 'message': {'role': 'assistant', 'content': 'Well'}, 'done': True, 'done_reason': 'stop', 'total_duration': 11274594023, 'load_duration': 10857825297, 'prompt_eval_count': 611, 'prompt_eval_duration': 316165674, 'eval_count': 2, 'eval_duration': 13010947}
Response: Well
Analyzing frame 33/73...
Prompt: Given the scenario shown on the video, you think this situation ends well or poorly? (Use only one word to answer)
Image size: 33628 bytes
Response status code: 200
{'model': 'llava-llama3', 'created_at': '2025-12-06T20:53:29.829719375Z', 'message': {'role': 'assistant', 'content': 'Well'}, 'done': True, 'done_reason': 'stop', 'total_duration': 529770535, 'load_duration': 165888503, 'prompt_eval_count': 611, 'prompt_eval_duration': 290188417, 'eval_count': 2, 'eval_duration': 11671516}
Response: Well
Analyzing frame 34/73...
Prompt: Given the scenario shown on the video, you think this situation ends well or poorly? (Use only one word to answer)
Image size: 33648 bytes
Response status code: 200
{'model': 'llava-llama3', 'created_at': '2025-12-06T20:53:42.15578532Z', 'message': {'role': 'assistant', 'content': 'Well'}, 'done': True, 'done_reason': 'stop', 'total_duration': 11289981720, 'load_duration': 10863835231, 'prompt_eval_count': 611, 'prompt_eval_duration': 327564728, 'eval_count': 2, 'eval_duration': 11604268}
Response: Well
Analyzing frame 35/73...
Prompt: Given the scenario shown on the video, you think this situation ends well or poorly? (Use only one word to answer)
Image size: 33824 bytes
Response status code: 200
{'model': 'llava-llama3', 'created_at': '2025-12-06T20:53:55.866666373Z', 'message': {'role': 'assistant', 'content': 'Poorly'}, 'done': True, 'done_reason': 'stop', 'total_duration': 12674023900, 'load_duration': 12250708332, 'prompt_eval_count': 611, 'prompt_eval_duration': 306619549, 'eval_count': 3, 'eval_duration': 22749726}
Response: Poorly
Analyzing frame 36/73...
Prompt: Given the scenario shown on the video, you think this situation ends well or poorly? (Use only one word to answer)
Image size: 34348 bytes
Response status code: 200
{'model': 'llava-llama3', 'created_at': '2025-12-06T20:53:57.453576597Z', 'message': {'role': 'assistant', 'content': 'Well'}, 'done': True, 'done_reason': 'stop', 'total_duration': 548230488, 'load_duration': 167846471, 'prompt_eval_count': 611, 'prompt_eval_duration': 286440579, 'eval_count': 2, 'eval_duration': 11513195}
Response: Well
Analyzing frame 37/73...
Prompt: Given the scenario shown on the video, you think this situation ends well or poorly? (Use only one word to answer)
Image size: 34384 bytes
Response status code: 200
{'model': 'llava-llama3', 'created_at': '2025-12-06T20:54:09.976091917Z', 'message': {'role': 'assistant', 'content': 'Well'}, 'done': True, 'done_reason': 'stop', 'total_duration': 11483207846, 'load_duration': 11060212014, 'prompt_eval_count': 611, 'prompt_eval_duration': 305931217, 'eval_count': 2, 'eval_duration': 11983826}
Response: Well
Analyzing frame 38/73...
Prompt: Given the scenario shown on the video, you think this situation ends well or poorly? (Use only one word to answer)
Image size: 34780 bytes
Response status code: 200
{'model': 'llava-llama3', 'created_at': '2025-12-06T20:54:23.463338121Z', 'message': {'role': 'assistant', 'content': 'Well'}, 'done': True, 'done_reason': 'stop', 'total_duration': 12449538841, 'load_duration': 12017012144, 'prompt_eval_count': 611, 'prompt_eval_duration': 325314705, 'eval_count': 2, 'eval_duration': 11594742}
Response: Well
Analyzing frame 39/73...
Prompt: Given the scenario shown on the video, you think this situation ends well or poorly? (Use only one word to answer)
Image size: 34984 bytes
Response status code: 200
{'model': 'llava-llama3', 'created_at': '2025-12-06T20:54:25.040226711Z', 'message': {'role': 'assistant', 'content': 'Poorly'}, 'done': True, 'done_reason': 'stop', 'total_duration': 539708500, 'load_duration': 161329636, 'prompt_eval_count': 611, 'prompt_eval_duration': 284801410, 'eval_count': 3, 'eval_duration': 22485046}
Response: Poorly
Analyzing frame 40/73...
Prompt: Given the scenario shown on the video, you think this situation ends well or poorly? (Use only one word to answer)
Image size: 34960 bytes
Response status code: 200
{'model': 'llava-llama3', 'created_at': '2025-12-06T20:54:37.910190254Z', 'message': {'role': 'assistant', 'content': 'Poorly'}, 'done': True, 'done_reason': 'stop', 'total_duration': 11830532573, 'load_duration': 11391538732, 'prompt_eval_count': 611, 'prompt_eval_duration': 317490839, 'eval_count': 3, 'eval_duration': 23043736}
Response: Poorly
Analyzing frame 41/73...
Prompt: Given the scenario shown on the video, you think this situation ends well or poorly? (Use only one word to answer)
Image size: 35128 bytes
Response status code: 200
{'model': 'llava-llama3', 'created_at': '2025-12-06T20:54:39.48790579Z', 'message': {'role': 'assistant', 'content': 'Well'}, 'done': True, 'done_reason': 'stop', 'total_duration': 541525932, 'load_duration': 179122393, 'prompt_eval_count': 611, 'prompt_eval_duration': 285541146, 'eval_count': 2, 'eval_duration': 11653052}
Response: Well
Analyzing frame 42/73...
Prompt: Given the scenario shown on the video, you think this situation ends well or poorly? (Use only one word to answer)
Image size: 35012 bytes
Response status code: 200
{'model': 'llava-llama3', 'created_at': '2025-12-06T20:54:51.939080808Z', 'message': {'role': 'assistant', 'content': 'Poorly'}, 'done': True, 'done_reason': 'stop', 'total_duration': 11413521179, 'load_duration': 10992850964, 'prompt_eval_count': 611, 'prompt_eval_duration': 305743913, 'eval_count': 3, 'eval_duration': 22886617}
Response: Poorly
Analyzing frame 43/73...
Prompt: Given the scenario shown on the video, you think this situation ends well or poorly? (Use only one word to answer)
Image size: 35212 bytes
Response status code: 200
{'model': 'llava-llama3', 'created_at': '2025-12-06T20:55:05.454273672Z', 'message': {'role': 'assistant', 'content': 'Well'}, 'done': True, 'done_reason': 'stop', 'total_duration': 12476234246, 'load_duration': 12048606769, 'prompt_eval_count': 611, 'prompt_eval_duration': 325353010, 'eval_count': 2, 'eval_duration': 11834898}
Response: Well
Analyzing frame 44/73...
Prompt: Given the scenario shown on the video, you think this situation ends well or poorly? (Use only one word to answer)
Image size: 35192 bytes
Response status code: 200
{'model': 'llava-llama3', 'created_at': '2025-12-06T20:55:18.920627339Z', 'message': {'role': 'assistant', 'content': 'Well'}, 'done': True, 'done_reason': 'stop', 'total_duration': 12424900040, 'load_duration': 12007817494, 'prompt_eval_count': 611, 'prompt_eval_duration': 317231172, 'eval_count': 2, 'eval_duration': 11703878}
Response: Well
Analyzing frame 45/73...
Prompt: Given the scenario shown on the video, you think this situation ends well or poorly? (Use only one word to answer)
Image size: 35208 bytes
Response status code: 200
{'model': 'llava-llama3', 'created_at': '2025-12-06T20:55:20.488791205Z', 'message': {'role': 'assistant', 'content': 'Well'}, 'done': True, 'done_reason': 'stop', 'total_duration': 546279714, 'load_duration': 184265694, 'prompt_eval_count': 611, 'prompt_eval_duration': 284917589, 'eval_count': 2, 'eval_duration': 11606101}
Response: Well
Analyzing frame 46/73...
Prompt: Given the scenario shown on the video, you think this situation ends well or poorly? (Use only one word to answer)
Image size: 35220 bytes
Response status code: 200
{'model': 'llava-llama3', 'created_at': '2025-12-06T20:55:32.959290406Z', 'message': {'role': 'assistant', 'content': 'Well'}, 'done': True, 'done_reason': 'stop', 'total_duration': 11442858199, 'load_duration': 11020771417, 'prompt_eval_count': 611, 'prompt_eval_duration': 304678702, 'eval_count': 2, 'eval_duration': 11641214}
Response: Well
Analyzing frame 47/73...
Prompt: Given the scenario shown on the video, you think this situation ends well or poorly? (Use only one word to answer)
Image size: 35208 bytes
Response status code: 200
{'model': 'llava-llama3', 'created_at': '2025-12-06T20:55:46.481346254Z', 'message': {'role': 'assistant', 'content': 'Well'}, 'done': True, 'done_reason': 'stop', 'total_duration': 12486309257, 'load_duration': 12064107513, 'prompt_eval_count': 611, 'prompt_eval_duration': 309142108, 'eval_count': 2, 'eval_duration': 11588209}
Response: Well
Analyzing frame 48/73...
Prompt: Given the scenario shown on the video, you think this situation ends well or poorly? (Use only one word to answer)
Image size: 35208 bytes
Response status code: 200
{'model': 'llava-llama3', 'created_at': '2025-12-06T20:55:48.086739978Z', 'message': {'role': 'assistant', 'content': 'Well'}, 'done': True, 'done_reason': 'stop', 'total_duration': 566449333, 'load_duration': 177490442, 'prompt_eval_count': 611, 'prompt_eval_duration': 291852587, 'eval_count': 2, 'eval_duration': 11510415}
Response: Well
Analyzing frame 49/73...
Prompt: Given the scenario shown on the video, you think this situation ends well or poorly? (Use only one word to answer)
Image size: 35216 bytes
Response status code: 200
{'model': 'llava-llama3', 'created_at': '2025-12-06T20:56:00.181014118Z', 'message': {'role': 'assistant', 'content': 'Well'}, 'done': True, 'done_reason': 'stop', 'total_duration': 11056020675, 'load_duration': 10650607818, 'prompt_eval_count': 611, 'prompt_eval_duration': 305998841, 'eval_count': 2, 'eval_duration': 11647180}
Response: Well
Analyzing frame 50/73...
Prompt: Given the scenario shown on the video, you think this situation ends well or poorly? (Use only one word to answer)
Image size: 35212 bytes
Response status code: 200
{'model': 'llava-llama3', 'created_at': '2025-12-06T20:56:01.715439136Z', 'message': {'role': 'assistant', 'content': 'Well'}, 'done': True, 'done_reason': 'stop', 'total_duration': 495485711, 'load_duration': 141883652, 'prompt_eval_count': 611, 'prompt_eval_duration': 285613575, 'eval_count': 2, 'eval_duration': 11451677}
Response: Well
Analyzing frame 51/73...
Prompt: Given the scenario shown on the video, you think this situation ends well or poorly? (Use only one word to answer)
Image size: 35188 bytes
Response status code: 200
{'model': 'llava-llama3', 'created_at': '2025-12-06T20:56:14.286105417Z', 'message': {'role': 'assistant', 'content': 'Well'}, 'done': True, 'done_reason': 'stop', 'total_duration': 11532253017, 'load_duration': 11095997805, 'prompt_eval_count': 611, 'prompt_eval_duration': 307885496, 'eval_count': 2, 'eval_duration': 11765611}
Response: Well
Analyzing frame 52/73...
Prompt: Given the scenario shown on the video, you think this situation ends well or poorly? (Use only one word to answer)
Image size: 35220 bytes
Response status code: 200
{'model': 'llava-llama3', 'created_at': '2025-12-06T20:56:15.818778461Z', 'message': {'role': 'assistant', 'content': 'Well'}, 'done': True, 'done_reason': 'stop', 'total_duration': 493019352, 'load_duration': 138550514, 'prompt_eval_count': 611, 'prompt_eval_duration': 286465551, 'eval_count': 2, 'eval_duration': 11448619}
Response: Well
Analyzing frame 53/73...
Prompt: Given the scenario shown on the video, you think this situation ends well or poorly? (Use only one word to answer)
Image size: 35224 bytes
Response status code: 200
{'model': 'llava-llama3', 'created_at': '2025-12-06T20:56:28.299800495Z', 'message': {'role': 'assistant', 'content': 'Well'}, 'done': True, 'done_reason': 'stop', 'total_duration': 11444098686, 'load_duration': 10998992622, 'prompt_eval_count': 611, 'prompt_eval_duration': 330996423, 'eval_count': 2, 'eval_duration': 11525748}
Response: Well
Analyzing frame 54/73...
Prompt: Given the scenario shown on the video, you think this situation ends well or poorly? (Use only one word to answer)
Image size: 35212 bytes
Response status code: 200
{'model': 'llava-llama3', 'created_at': '2025-12-06T20:56:41.645228765Z', 'message': {'role': 'assistant', 'content': 'Well'}, 'done': True, 'done_reason': 'stop', 'total_duration': 12309192545, 'load_duration': 11885580928, 'prompt_eval_count': 611, 'prompt_eval_duration': 306841161, 'eval_count': 2, 'eval_duration': 11525676}
Response: Well
Analyzing frame 55/73...
Prompt: Given the scenario shown on the video, you think this situation ends well or poorly? (Use only one word to answer)
Image size: 35212 bytes
Response status code: 200
{'model': 'llava-llama3', 'created_at': '2025-12-06T20:56:43.25749719Z', 'message': {'role': 'assistant', 'content': 'Well'}, 'done': True, 'done_reason': 'stop', 'total_duration': 586461344, 'load_duration': 200419901, 'prompt_eval_count': 611, 'prompt_eval_duration': 285456123, 'eval_count': 2, 'eval_duration': 11479531}
Response: Well
Analyzing frame 56/73...
Prompt: Given the scenario shown on the video, you think this situation ends well or poorly? (Use only one word to answer)
Image size: 35224 bytes
Response status code: 200
{'model': 'llava-llama3', 'created_at': '2025-12-06T20:56:55.734215495Z', 'message': {'role': 'assistant', 'content': 'Well'}, 'done': True, 'done_reason': 'stop', 'total_duration': 11438159329, 'load_duration': 11016247050, 'prompt_eval_count': 611, 'prompt_eval_duration': 318366025, 'eval_count': 2, 'eval_duration': 11561132}
Response: Well
Analyzing frame 57/73...
Prompt: Given the scenario shown on the video, you think this situation ends well or poorly? (Use only one word to answer)
Image size: 35212 bytes
Response status code: 200
{'model': 'llava-llama3', 'created_at': '2025-12-06T20:56:57.30290855Z', 'message': {'role': 'assistant', 'content': 'Well'}, 'done': True, 'done_reason': 'stop', 'total_duration': 528505128, 'load_duration': 159374317, 'prompt_eval_count': 611, 'prompt_eval_duration': 286461342, 'eval_count': 2, 'eval_duration': 11675820}
Response: Well
Analyzing frame 58/73...
Prompt: Given the scenario shown on the video, you think this situation ends well or poorly? (Use only one word to answer)
Image size: 35224 bytes
Response status code: 200
{'model': 'llava-llama3', 'created_at': '2025-12-06T20:57:09.772816583Z', 'message': {'role': 'assistant', 'content': 'Well'}, 'done': True, 'done_reason': 'stop', 'total_duration': 11430578608, 'load_duration': 11001666466, 'prompt_eval_count': 611, 'prompt_eval_duration': 328591320, 'eval_count': 2, 'eval_duration': 11594190}
Response: Well
Analyzing frame 59/73...
Prompt: Given the scenario shown on the video, you think this situation ends well or poorly? (Use only one word to answer)
Image size: 35240 bytes
Response status code: 200
{'model': 'llava-llama3', 'created_at': '2025-12-06T20:57:23.719352089Z', 'message': {'role': 'assistant', 'content': 'Well'}, 'done': True, 'done_reason': 'stop', 'total_duration': 12911414599, 'load_duration': 12497861774, 'prompt_eval_count': 611, 'prompt_eval_duration': 303455473, 'eval_count': 2, 'eval_duration': 11726468}
Response: Well
Analyzing frame 60/73...
Prompt: Given the scenario shown on the video, you think this situation ends well or poorly? (Use only one word to answer)
Image size: 35232 bytes
Response status code: 200
{'model': 'llava-llama3', 'created_at': '2025-12-06T20:57:37.366948789Z', 'message': {'role': 'assistant', 'content': 'Well'}, 'done': True, 'done_reason': 'stop', 'total_duration': 12602805370, 'load_duration': 12199820091, 'prompt_eval_count': 611, 'prompt_eval_duration': 303581197, 'eval_count': 2, 'eval_duration': 11656391}
Response: Well
Analyzing frame 61/73...
Prompt: Given the scenario shown on the video, you think this situation ends well or poorly? (Use only one word to answer)
Image size: 35216 bytes
Response status code: 200
{'model': 'llava-llama3', 'created_at': '2025-12-06T20:57:38.890706948Z', 'message': {'role': 'assistant', 'content': 'Well'}, 'done': True, 'done_reason': 'stop', 'total_duration': 486146393, 'load_duration': 131295363, 'prompt_eval_count': 611, 'prompt_eval_duration': 288605815, 'eval_count': 2, 'eval_duration': 11508400}
Response: Well
Analyzing frame 62/73...
Prompt: Given the scenario shown on the video, you think this situation ends well or poorly? (Use only one word to answer)
Image size: 35216 bytes
Response status code: 200
{'model': 'llava-llama3', 'created_at': '2025-12-06T20:57:51.284344555Z', 'message': {'role': 'assistant', 'content': 'Well'}, 'done': True, 'done_reason': 'stop', 'total_duration': 11356584967, 'load_duration': 10956022671, 'prompt_eval_count': 611, 'prompt_eval_duration': 303098519, 'eval_count': 2, 'eval_duration': 11694842}
Response: Well
Analyzing frame 63/73...
Prompt: Given the scenario shown on the video, you think this situation ends well or poorly? (Use only one word to answer)
Image size: 35216 bytes
Response status code: 200
{'model': 'llava-llama3', 'created_at': '2025-12-06T20:57:52.862685611Z', 'message': {'role': 'assistant', 'content': 'Well'}, 'done': True, 'done_reason': 'stop', 'total_duration': 545283845, 'load_duration': 171265682, 'prompt_eval_count': 611, 'prompt_eval_duration': 286165856, 'eval_count': 2, 'eval_duration': 11500880}
Response: Well
Analyzing frame 64/73...
Prompt: Given the scenario shown on the video, you think this situation ends well or poorly? (Use only one word to answer)
Image size: 35196 bytes
Response status code: 200
{'model': 'llava-llama3', 'created_at': '2025-12-06T20:58:05.222480514Z', 'message': {'role': 'assistant', 'content': 'Well'}, 'done': True, 'done_reason': 'stop', 'total_duration': 11323254553, 'load_duration': 10902294653, 'prompt_eval_count': 611, 'prompt_eval_duration': 310373899, 'eval_count': 2, 'eval_duration': 13797306}
Response: Well
Analyzing frame 65/73...
Prompt: Given the scenario shown on the video, you think this situation ends well or poorly? (Use only one word to answer)
Image size: 35212 bytes
Response status code: 200
{'model': 'llava-llama3', 'created_at': '2025-12-06T20:58:18.861429617Z', 'message': {'role': 'assistant', 'content': 'Well'}, 'done': True, 'done_reason': 'stop', 'total_duration': 12599011096, 'load_duration': 12191299994, 'prompt_eval_count': 611, 'prompt_eval_duration': 305056451, 'eval_count': 2, 'eval_duration': 11570160}
Response: Well
Analyzing frame 66/73...
Prompt: Given the scenario shown on the video, you think this situation ends well or poorly? (Use only one word to answer)
Image size: 35236 bytes
Response status code: 200
{'model': 'llava-llama3', 'created_at': '2025-12-06T20:58:20.458944547Z', 'message': {'role': 'assistant', 'content': 'Well'}, 'done': True, 'done_reason': 'stop', 'total_duration': 557495944, 'load_duration': 175436662, 'prompt_eval_count': 611, 'prompt_eval_duration': 285716560, 'eval_count': 2, 'eval_duration': 11481453}
Response: Well
Analyzing frame 67/73...
Prompt: Given the scenario shown on the video, you think this situation ends well or poorly? (Use only one word to answer)
Image size: 35224 bytes
Response status code: 200
{'model': 'llava-llama3', 'created_at': '2025-12-06T20:58:32.924066181Z', 'message': {'role': 'assistant', 'content': 'Well'}, 'done': True, 'done_reason': 'stop', 'total_duration': 11435050317, 'load_duration': 11030132896, 'prompt_eval_count': 611, 'prompt_eval_duration': 303703216, 'eval_count': 2, 'eval_duration': 11696428}
Response: Well
Analyzing frame 68/73...
Prompt: Given the scenario shown on the video, you think this situation ends well or poorly? (Use only one word to answer)
Image size: 35208 bytes
Response status code: 200
{'model': 'llava-llama3', 'created_at': '2025-12-06T20:58:46.561543491Z', 'message': {'role': 'assistant', 'content': 'Well'}, 'done': True, 'done_reason': 'stop', 'total_duration': 12602740092, 'load_duration': 12179560891, 'prompt_eval_count': 611, 'prompt_eval_duration': 318816435, 'eval_count': 2, 'eval_duration': 11613958}
Response: Well
Analyzing frame 69/73...
Prompt: Given the scenario shown on the video, you think this situation ends well or poorly? (Use only one word to answer)
Image size: 35208 bytes
Response status code: 200
{'model': 'llava-llama3', 'created_at': '2025-12-06T20:58:48.147635135Z', 'message': {'role': 'assistant', 'content': 'Well'}, 'done': True, 'done_reason': 'stop', 'total_duration': 545230201, 'load_duration': 166276889, 'prompt_eval_count': 611, 'prompt_eval_duration': 287014100, 'eval_count': 2, 'eval_duration': 11550753}
Response: Well
Analyzing frame 70/73...
Prompt: Given the scenario shown on the video, you think this situation ends well or poorly? (Use only one word to answer)
Image size: 35196 bytes
Response status code: 200
{'model': 'llava-llama3', 'created_at': '2025-12-06T20:59:00.322356976Z', 'message': {'role': 'assistant', 'content': 'Well'}, 'done': True, 'done_reason': 'stop', 'total_duration': 11135454760, 'load_duration': 10720342004, 'prompt_eval_count': 611, 'prompt_eval_duration': 305029022, 'eval_count': 2, 'eval_duration': 11617447}
Response: Well
Analyzing frame 71/73...
Prompt: Given the scenario shown on the video, you think this situation ends well or poorly? (Use only one word to answer)
Image size: 35216 bytes
Response status code: 200
{'model': 'llava-llama3', 'created_at': '2025-12-06T20:59:13.996097709Z', 'message': {'role': 'assistant', 'content': 'Well'}, 'done': True, 'done_reason': 'stop', 'total_duration': 12635402077, 'load_duration': 12215516696, 'prompt_eval_count': 611, 'prompt_eval_duration': 318727261, 'eval_count': 2, 'eval_duration': 11560615}
Response: Well
Analyzing frame 72/73...
Prompt: Given the scenario shown on the video, you think this situation ends well or poorly? (Use only one word to answer)
Image size: 35216 bytes
Response status code: 200
{'model': 'llava-llama3', 'created_at': '2025-12-06T20:59:15.552254017Z', 'message': {'role': 'assistant', 'content': 'Well'}, 'done': True, 'done_reason': 'stop', 'total_duration': 522378001, 'load_duration': 143895004, 'prompt_eval_count': 611, 'prompt_eval_duration': 286446413, 'eval_count': 2, 'eval_duration': 12039891}
Response: Well
Analyzing frame 73/73...
Prompt: Given the scenario shown on the video, you think this situation ends well or poorly? (Use only one word to answer)
Image size: 35212 bytes
Response status code: 200
{'model': 'llava-llama3', 'created_at': '2025-12-06T20:59:27.892967089Z', 'message': {'role': 'assistant', 'content': 'Well'}, 'done': True, 'done_reason': 'stop', 'total_duration': 11302663153, 'load_duration': 10879993858, 'prompt_eval_count': 611, 'prompt_eval_duration': 317995146, 'eval_count': 2, 'eval_duration': 11583215}
Response: Well
Final prediction for 15_final.mp4: Well

Results saved to ./results/results_llavallama3.csv
Total videos processed: 418

==================================================
Processing video 5/30

Processing video: 19_final.mp4
Video info: 270 frames, 30.00 FPS, 9.00 seconds
Extracted 90 frames for analysis
Analyzing frame 1/90...
Prompt: Given the scenario shown on the video, you think this situation ends well or poorly? (Use only one word to answer)
Image size: 31308 bytes
Response status code: 200
{'model': 'llava-llama3', 'created_at': '2025-12-06T20:59:41.988887872Z', 'message': {'role': 'assistant', 'content': 'Well'}, 'done': True, 'done_reason': 'stop', 'total_duration': 9095119458, 'load_duration': 8689113495, 'prompt_eval_count': 611, 'prompt_eval_duration': 305476493, 'eval_count': 2, 'eval_duration': 11739488}
Response: Well
Analyzing frame 2/90...
Prompt: Given the scenario shown on the video, you think this situation ends well or poorly? (Use only one word to answer)
Image size: 31824 bytes
Response status code: 200
{'model': 'llava-llama3', 'created_at': '2025-12-06T20:59:55.76809414Z', 'message': {'role': 'assistant', 'content': 'Well'}, 'done': True, 'done_reason': 'stop', 'total_duration': 12742248825, 'load_duration': 12317861934, 'prompt_eval_count': 611, 'prompt_eval_duration': 307705515, 'eval_count': 2, 'eval_duration': 11688545}
Response: Well
Analyzing frame 3/90...
Prompt: Given the scenario shown on the video, you think this situation ends well or poorly? (Use only one word to answer)
Image size: 32852 bytes
Response status code: 200
{'model': 'llava-llama3', 'created_at': '2025-12-06T21:00:09.539142362Z', 'message': {'role': 'assistant', 'content': 'Well'}, 'done': True, 'done_reason': 'stop', 'total_duration': 12734177729, 'load_duration': 12328743645, 'prompt_eval_count': 611, 'prompt_eval_duration': 304060738, 'eval_count': 2, 'eval_duration': 11631257}
Response: Well
Analyzing frame 4/90...
Prompt: Given the scenario shown on the video, you think this situation ends well or poorly? (Use only one word to answer)
Image size: 33076 bytes
Response status code: 200
{'model': 'llava-llama3', 'created_at': '2025-12-06T21:00:11.086605016Z', 'message': {'role': 'assistant', 'content': 'Well'}, 'done': True, 'done_reason': 'stop', 'total_duration': 507799225, 'load_duration': 120081335, 'prompt_eval_count': 611, 'prompt_eval_duration': 290208427, 'eval_count': 2, 'eval_duration': 11633431}
Response: Well
Analyzing frame 5/90...
Prompt: Given the scenario shown on the video, you think this situation ends well or poorly? (Use only one word to answer)
Image size: 33320 bytes
Response status code: 200
{'model': 'llava-llama3', 'created_at': '2025-12-06T21:00:23.431066306Z', 'message': {'role': 'assistant', 'content': 'Well'}, 'done': True, 'done_reason': 'stop', 'total_duration': 11306776277, 'load_duration': 10901641784, 'prompt_eval_count': 611, 'prompt_eval_duration': 304624259, 'eval_count': 2, 'eval_duration': 11555825}
Response: Well
Analyzing frame 6/90...
Prompt: Given the scenario shown on the video, you think this situation ends well or poorly? (Use only one word to answer)
Image size: 33288 bytes
Response status code: 200
{'model': 'llava-llama3', 'created_at': '2025-12-06T21:00:37.059152283Z', 'message': {'role': 'assistant', 'content': 'Well'}, 'done': True, 'done_reason': 'stop', 'total_duration': 12587306557, 'load_duration': 12158262463, 'prompt_eval_count': 611, 'prompt_eval_duration': 323916256, 'eval_count': 2, 'eval_duration': 11619925}
Response: Well
Analyzing frame 7/90...
Prompt: Given the scenario shown on the video, you think this situation ends well or poorly? (Use only one word to answer)
Image size: 33748 bytes
Response status code: 200
{'model': 'llava-llama3', 'created_at': '2025-12-06T21:00:38.645576759Z', 'message': {'role': 'assistant', 'content': 'Well'}, 'done': True, 'done_reason': 'stop', 'total_duration': 543334734, 'load_duration': 177232992, 'prompt_eval_count': 611, 'prompt_eval_duration': 285860657, 'eval_count': 2, 'eval_duration': 11516985}
Response: Well
Analyzing frame 8/90...
Prompt: Given the scenario shown on the video, you think this situation ends well or poorly? (Use only one word to answer)
Image size: 34212 bytes
Response status code: 200
{'model': 'llava-llama3', 'created_at': '2025-12-06T21:00:50.987441263Z', 'message': {'role': 'assistant', 'content': 'Well'}, 'done': True, 'done_reason': 'stop', 'total_duration': 11304303222, 'load_duration': 10902126882, 'prompt_eval_count': 611, 'prompt_eval_duration': 302849391, 'eval_count': 2, 'eval_duration': 11644393}
Response: Well
Analyzing frame 9/90...
Prompt: Given the scenario shown on the video, you think this situation ends well or poorly? (Use only one word to answer)
Image size: 34184 bytes
Response status code: 200
{'model': 'llava-llama3', 'created_at': '2025-12-06T21:01:04.53810603Z', 'message': {'role': 'assistant', 'content': 'Well'}, 'done': True, 'done_reason': 'stop', 'total_duration': 12511649241, 'load_duration': 12091133583, 'prompt_eval_count': 611, 'prompt_eval_duration': 314597012, 'eval_count': 2, 'eval_duration': 11878867}
Response: Well
Analyzing frame 10/90...
Prompt: Given the scenario shown on the video, you think this situation ends well or poorly? (Use only one word to answer)
Image size: 33704 bytes
Response status code: 200
{'model': 'llava-llama3', 'created_at': '2025-12-06T21:01:06.113276319Z', 'message': {'role': 'assistant', 'content': 'Poorly'}, 'done': True, 'done_reason': 'stop', 'total_duration': 538076840, 'load_duration': 172806845, 'prompt_eval_count': 611, 'prompt_eval_duration': 286654116, 'eval_count': 3, 'eval_duration': 22635526}
Response: Poorly
Analyzing frame 11/90...
Prompt: Given the scenario shown on the video, you think this situation ends well or poorly? (Use only one word to answer)
Image size: 32840 bytes
Response status code: 200
{'model': 'llava-llama3', 'created_at': '2025-12-06T21:01:18.596926016Z', 'message': {'role': 'assistant', 'content': 'Poorly'}, 'done': True, 'done_reason': 'stop', 'total_duration': 11445463753, 'load_duration': 10994442200, 'prompt_eval_count': 611, 'prompt_eval_duration': 327280400, 'eval_count': 3, 'eval_duration': 23350353}
Response: Poorly
Analyzing frame 12/90...
Prompt: Given the scenario shown on the video, you think this situation ends well or poorly? (Use only one word to answer)
Image size: 33556 bytes
Response status code: 200
{'model': 'llava-llama3', 'created_at': '2025-12-06T21:01:20.216536095Z', 'message': {'role': 'assistant', 'content': 'Well'}, 'done': True, 'done_reason': 'stop', 'total_duration': 580650825, 'load_duration': 222521127, 'prompt_eval_count': 611, 'prompt_eval_duration': 286056215, 'eval_count': 2, 'eval_duration': 11491281}
Response: Well
Analyzing frame 13/90...
Prompt: Given the scenario shown on the video, you think this situation ends well or poorly? (Use only one word to answer)
Image size: 33068 bytes
Response status code: 200
{'model': 'llava-llama3', 'created_at': '2025-12-06T21:01:32.676916834Z', 'message': {'role': 'assistant', 'content': 'Well'}, 'done': True, 'done_reason': 'stop', 'total_duration': 11427033039, 'load_duration': 10999325900, 'prompt_eval_count': 611, 'prompt_eval_duration': 321596835, 'eval_count': 2, 'eval_duration': 12736167}
Response: Well
Analyzing frame 14/90...
Prompt: Given the scenario shown on the video, you think this situation ends well or poorly? (Use only one word to answer)
Image size: 33268 bytes
Response status code: 200
{'model': 'llava-llama3', 'created_at': '2025-12-06T21:01:46.358936924Z', 'message': {'role': 'assistant', 'content': 'Well'}, 'done': True, 'done_reason': 'stop', 'total_duration': 12642464926, 'load_duration': 12215496325, 'prompt_eval_count': 611, 'prompt_eval_duration': 319296218, 'eval_count': 2, 'eval_duration': 11538485}
Response: Well
Analyzing frame 15/90...
Prompt: Given the scenario shown on the video, you think this situation ends well or poorly? (Use only one word to answer)
Image size: 33240 bytes
Response status code: 200
{'model': 'llava-llama3', 'created_at': '2025-12-06T21:01:47.951099281Z', 'message': {'role': 'assistant', 'content': 'Well'}, 'done': True, 'done_reason': 'stop', 'total_duration': 554183320, 'load_duration': 164847081, 'prompt_eval_count': 611, 'prompt_eval_duration': 286488736, 'eval_count': 2, 'eval_duration': 11501806}
Response: Well
Analyzing frame 16/90...
Prompt: Given the scenario shown on the video, you think this situation ends well or poorly? (Use only one word to answer)
Image size: 33492 bytes
Response status code: 200
{'model': 'llava-llama3', 'created_at': '2025-12-06T21:02:00.132410078Z', 'message': {'role': 'assistant', 'content': 'Well'}, 'done': True, 'done_reason': 'stop', 'total_duration': 11143163277, 'load_duration': 10721018327, 'prompt_eval_count': 611, 'prompt_eval_duration': 327372427, 'eval_count': 2, 'eval_duration': 11589575}
Response: Well
Analyzing frame 17/90...
Prompt: Given the scenario shown on the video, you think this situation ends well or poorly? (Use only one word to answer)
Image size: 33084 bytes
Response status code: 200
{'model': 'llava-llama3', 'created_at': '2025-12-06T21:02:01.673628512Z', 'message': {'role': 'assistant', 'content': 'Well'}, 'done': True, 'done_reason': 'stop', 'total_duration': 502652782, 'load_duration': 148013477, 'prompt_eval_count': 611, 'prompt_eval_duration': 286887664, 'eval_count': 2, 'eval_duration': 11475329}
Response: Well
Analyzing frame 18/90...
Prompt: Given the scenario shown on the video, you think this situation ends well or poorly? (Use only one word to answer)
Image size: 32904 bytes
Response status code: 200
{'model': 'llava-llama3', 'created_at': '2025-12-06T21:02:14.085116808Z', 'message': {'role': 'assistant', 'content': 'Well'}, 'done': True, 'done_reason': 'stop', 'total_duration': 11372574050, 'load_duration': 10938756827, 'prompt_eval_count': 611, 'prompt_eval_duration': 319758072, 'eval_count': 2, 'eval_duration': 11689020}
Response: Well
Analyzing frame 19/90...
Prompt: Given the scenario shown on the video, you think this situation ends well or poorly? (Use only one word to answer)
Image size: 32316 bytes
Response status code: 200
{'model': 'llava-llama3', 'created_at': '2025-12-06T21:02:28.006304865Z', 'message': {'role': 'assistant', 'content': 'Well'}, 'done': True, 'done_reason': 'stop', 'total_duration': 12882399978, 'load_duration': 12454602674, 'prompt_eval_count': 611, 'prompt_eval_duration': 317735223, 'eval_count': 2, 'eval_duration': 11624797}
Response: Well
Analyzing frame 20/90...
Prompt: Given the scenario shown on the video, you think this situation ends well or poorly? (Use only one word to answer)
Image size: 32924 bytes
Response status code: 200
{'model': 'llava-llama3', 'created_at': '2025-12-06T21:02:41.646482369Z', 'message': {'role': 'assistant', 'content': 'Well'}, 'done': True, 'done_reason': 'stop', 'total_duration': 12602987847, 'load_duration': 12167079944, 'prompt_eval_count': 611, 'prompt_eval_duration': 319285013, 'eval_count': 2, 'eval_duration': 11538779}
Response: Well
Analyzing frame 21/90...
Prompt: Given the scenario shown on the video, you think this situation ends well or poorly? (Use only one word to answer)
Image size: 32312 bytes
Response status code: 200
{'model': 'llava-llama3', 'created_at': '2025-12-06T21:02:55.179999705Z', 'message': {'role': 'assistant', 'content': 'Well'}, 'done': True, 'done_reason': 'stop', 'total_duration': 12496840143, 'load_duration': 12082266395, 'prompt_eval_count': 611, 'prompt_eval_duration': 303887249, 'eval_count': 2, 'eval_duration': 11563317}
Response: Well
Analyzing frame 22/90...
Prompt: Given the scenario shown on the video, you think this situation ends well or poorly? (Use only one word to answer)
Image size: 32180 bytes
Response status code: 200
{'model': 'llava-llama3', 'created_at': '2025-12-06T21:02:56.74956642Z', 'message': {'role': 'assistant', 'content': 'Well'}, 'done': True, 'done_reason': 'stop', 'total_duration': 531291804, 'load_duration': 157228357, 'prompt_eval_count': 611, 'prompt_eval_duration': 285638064, 'eval_count': 2, 'eval_duration': 11465291}
Response: Well
Analyzing frame 23/90...
Prompt: Given the scenario shown on the video, you think this situation ends well or poorly? (Use only one word to answer)
Image size: 31828 bytes
Response status code: 200
{'model': 'llava-llama3', 'created_at': '2025-12-06T21:03:09.103903045Z', 'message': {'role': 'assistant', 'content': 'Well'}, 'done': True, 'done_reason': 'stop', 'total_duration': 11314738289, 'load_duration': 10907301240, 'prompt_eval_count': 611, 'prompt_eval_duration': 303126765, 'eval_count': 2, 'eval_duration': 11638916}
Response: Well
Analyzing frame 24/90...
Prompt: Given the scenario shown on the video, you think this situation ends well or poorly? (Use only one word to answer)
Image size: 31956 bytes
Response status code: 200
{'model': 'llava-llama3', 'created_at': '2025-12-06T21:03:10.66544253Z', 'message': {'role': 'assistant', 'content': 'Well'}, 'done': True, 'done_reason': 'stop', 'total_duration': 528019433, 'load_duration': 148451841, 'prompt_eval_count': 611, 'prompt_eval_duration': 285728582, 'eval_count': 2, 'eval_duration': 11640320}
Response: Well
Analyzing frame 25/90...
Prompt: Given the scenario shown on the video, you think this situation ends well or poorly? (Use only one word to answer)
Image size: 31864 bytes
Response status code: 200
{'model': 'llava-llama3', 'created_at': '2025-12-06T21:03:22.834958948Z', 'message': {'role': 'assistant', 'content': 'Well'}, 'done': True, 'done_reason': 'stop', 'total_duration': 11129243966, 'load_duration': 10714531741, 'prompt_eval_count': 611, 'prompt_eval_duration': 315402495, 'eval_count': 2, 'eval_duration': 11561674}
Response: Well
Analyzing frame 26/90...
Prompt: Given the scenario shown on the video, you think this situation ends well or poorly? (Use only one word to answer)
Image size: 31804 bytes
Response status code: 200
{'model': 'llava-llama3', 'created_at': '2025-12-06T21:03:24.426359636Z', 'message': {'role': 'assistant', 'content': 'Well'}, 'done': True, 'done_reason': 'stop', 'total_duration': 552185877, 'load_duration': 195415475, 'prompt_eval_count': 611, 'prompt_eval_duration': 286923368, 'eval_count': 2, 'eval_duration': 11560535}
Response: Well
Analyzing frame 27/90...
Prompt: Given the scenario shown on the video, you think this situation ends well or poorly? (Use only one word to answer)
Image size: 32104 bytes
Response status code: 200
{'model': 'llava-llama3', 'created_at': '2025-12-06T21:03:36.776978451Z', 'message': {'role': 'assistant', 'content': 'Well'}, 'done': True, 'done_reason': 'stop', 'total_duration': 11311694394, 'load_duration': 10893179814, 'prompt_eval_count': 611, 'prompt_eval_duration': 317215150, 'eval_count': 2, 'eval_duration': 11605426}
Response: Well
Analyzing frame 28/90...
Prompt: Given the scenario shown on the video, you think this situation ends well or poorly? (Use only one word to answer)
Image size: 32320 bytes
Response status code: 200
{'model': 'llava-llama3', 'created_at': '2025-12-06T21:03:38.294335753Z', 'message': {'role': 'assistant', 'content': 'Well'}, 'done': True, 'done_reason': 'stop', 'total_duration': 479885343, 'load_duration': 120949816, 'prompt_eval_count': 611, 'prompt_eval_duration': 288334599, 'eval_count': 2, 'eval_duration': 11553304}
Response: Well
Analyzing frame 29/90...
Prompt: Given the scenario shown on the video, you think this situation ends well or poorly? (Use only one word to answer)
Image size: 32808 bytes
Response status code: 200
{'model': 'llava-llama3', 'created_at': '2025-12-06T21:03:50.565839968Z', 'message': {'role': 'assistant', 'content': 'Well'}, 'done': True, 'done_reason': 'stop', 'total_duration': 11232175723, 'load_duration': 10814486250, 'prompt_eval_count': 611, 'prompt_eval_duration': 305642162, 'eval_count': 2, 'eval_duration': 11690158}
Response: Well
Analyzing frame 30/90...
Prompt: Given the scenario shown on the video, you think this situation ends well or poorly? (Use only one word to answer)
Image size: 32656 bytes
Response status code: 200
{'model': 'llava-llama3', 'created_at': '2025-12-06T21:03:52.136660993Z', 'message': {'role': 'assistant', 'content': 'Well'}, 'done': True, 'done_reason': 'stop', 'total_duration': 532469554, 'load_duration': 171906262, 'prompt_eval_count': 611, 'prompt_eval_duration': 287498927, 'eval_count': 2, 'eval_duration': 11611674}
Response: Well
Analyzing frame 31/90...
Prompt: Given the scenario shown on the video, you think this situation ends well or poorly? (Use only one word to answer)
Image size: 32884 bytes
Response status code: 200
{'model': 'llava-llama3', 'created_at': '2025-12-06T21:04:04.767481964Z', 'message': {'role': 'assistant', 'content': 'Well'}, 'done': True, 'done_reason': 'stop', 'total_duration': 11594318352, 'load_duration': 11186519264, 'prompt_eval_count': 611, 'prompt_eval_duration': 304314804, 'eval_count': 2, 'eval_duration': 11596559}
Response: Well
Analyzing frame 32/90...
Prompt: Given the scenario shown on the video, you think this situation ends well or poorly? (Use only one word to answer)
Image size: 32892 bytes
Response status code: 200
{'model': 'llava-llama3', 'created_at': '2025-12-06T21:04:06.36784802Z', 'message': {'role': 'assistant', 'content': 'Well'}, 'done': True, 'done_reason': 'stop', 'total_duration': 560158642, 'load_duration': 205104633, 'prompt_eval_count': 611, 'prompt_eval_duration': 285954329, 'eval_count': 2, 'eval_duration': 11558929}
Response: Well
Analyzing frame 33/90...
Prompt: Given the scenario shown on the video, you think this situation ends well or poorly? (Use only one word to answer)
Image size: 32984 bytes
Response status code: 200
{'model': 'llava-llama3', 'created_at': '2025-12-06T21:04:18.655662537Z', 'message': {'role': 'assistant', 'content': 'Well'}, 'done': True, 'done_reason': 'stop', 'total_duration': 11247389045, 'load_duration': 10815311576, 'prompt_eval_count': 611, 'prompt_eval_duration': 317744232, 'eval_count': 2, 'eval_duration': 11618061}
Response: Well
Analyzing frame 34/90...
Prompt: Given the scenario shown on the video, you think this situation ends well or poorly? (Use only one word to answer)
Image size: 33268 bytes
Response status code: 200
{'model': 'llava-llama3', 'created_at': '2025-12-06T21:04:20.217598898Z', 'message': {'role': 'assistant', 'content': 'Well'}, 'done': True, 'done_reason': 'stop', 'total_duration': 527107808, 'load_duration': 156287834, 'prompt_eval_count': 611, 'prompt_eval_duration': 286339790, 'eval_count': 2, 'eval_duration': 11507334}
Response: Well
Analyzing frame 35/90...
Prompt: Given the scenario shown on the video, you think this situation ends well or poorly? (Use only one word to answer)
Image size: 33124 bytes
Response status code: 200
{'model': 'llava-llama3', 'created_at': '2025-12-06T21:04:32.503900778Z', 'message': {'role': 'assistant', 'content': 'Well'}, 'done': True, 'done_reason': 'stop', 'total_duration': 11247718664, 'load_duration': 10845160777, 'prompt_eval_count': 611, 'prompt_eval_duration': 302172892, 'eval_count': 2, 'eval_duration': 13196852}
Response: Well
Analyzing frame 36/90...
Prompt: Given the scenario shown on the video, you think this situation ends well or poorly? (Use only one word to answer)
Image size: 33224 bytes
Response status code: 200
{'model': 'llava-llama3', 'created_at': '2025-12-06T21:04:34.055623409Z', 'message': {'role': 'assistant', 'content': 'Well'}, 'done': True, 'done_reason': 'stop', 'total_duration': 511572923, 'load_duration': 154641867, 'prompt_eval_count': 611, 'prompt_eval_duration': 285998892, 'eval_count': 2, 'eval_duration': 11473557}
Response: Well
Analyzing frame 37/90...
Prompt: Given the scenario shown on the video, you think this situation ends well or poorly? (Use only one word to answer)
Image size: 33792 bytes
Response status code: 200
{'model': 'llava-llama3', 'created_at': '2025-12-06T21:04:46.399062638Z', 'message': {'role': 'assistant', 'content': 'Well'}, 'done': True, 'done_reason': 'stop', 'total_duration': 11303312815, 'load_duration': 10898132165, 'prompt_eval_count': 611, 'prompt_eval_duration': 303968749, 'eval_count': 2, 'eval_duration': 11669645}
Response: Well
Analyzing frame 38/90...
Prompt: Given the scenario shown on the video, you think this situation ends well or poorly? (Use only one word to answer)
Image size: 33912 bytes
Response status code: 200
{'model': 'llava-llama3', 'created_at': '2025-12-06T21:04:47.99916918Z', 'message': {'role': 'assistant', 'content': 'Well'}, 'done': True, 'done_reason': 'stop', 'total_duration': 563464827, 'load_duration': 192566144, 'prompt_eval_count': 611, 'prompt_eval_duration': 286597980, 'eval_count': 2, 'eval_duration': 11586853}
Response: Well
Analyzing frame 39/90...
Prompt: Given the scenario shown on the video, you think this situation ends well or poorly? (Use only one word to answer)
Image size: 34040 bytes
Response status code: 200
{'model': 'llava-llama3', 'created_at': '2025-12-06T21:05:00.607831908Z', 'message': {'role': 'assistant', 'content': 'Well'}, 'done': True, 'done_reason': 'stop', 'total_duration': 11569789906, 'load_duration': 11163181292, 'prompt_eval_count': 611, 'prompt_eval_duration': 304691460, 'eval_count': 2, 'eval_duration': 11551235}
Response: Well
Analyzing frame 40/90...
Prompt: Given the scenario shown on the video, you think this situation ends well or poorly? (Use only one word to answer)
Image size: 33608 bytes
Response status code: 200
{'model': 'llava-llama3', 'created_at': '2025-12-06T21:05:02.186573828Z', 'message': {'role': 'assistant', 'content': 'Well'}, 'done': True, 'done_reason': 'stop', 'total_duration': 541105595, 'load_duration': 161169903, 'prompt_eval_count': 611, 'prompt_eval_duration': 285916138, 'eval_count': 2, 'eval_duration': 11476813}
Response: Well
Analyzing frame 41/90...
Prompt: Given the scenario shown on the video, you think this situation ends well or poorly? (Use only one word to answer)
Image size: 33780 bytes
Response status code: 200
{'model': 'llava-llama3', 'created_at': '2025-12-06T21:05:14.924950137Z', 'message': {'role': 'assistant', 'content': 'Well'}, 'done': True, 'done_reason': 'stop', 'total_duration': 11700065272, 'load_duration': 11292794380, 'prompt_eval_count': 611, 'prompt_eval_duration': 306957454, 'eval_count': 2, 'eval_duration': 11797030}
Response: Well
Analyzing frame 42/90...
Prompt: Given the scenario shown on the video, you think this situation ends well or poorly? (Use only one word to answer)
Image size: 33564 bytes
Response status code: 200
{'model': 'llava-llama3', 'created_at': '2025-12-06T21:05:28.533589955Z', 'message': {'role': 'assistant', 'content': 'Well'}, 'done': True, 'done_reason': 'stop', 'total_duration': 12568872930, 'load_duration': 12164154279, 'prompt_eval_count': 611, 'prompt_eval_duration': 304500623, 'eval_count': 2, 'eval_duration': 11909592}
Response: Well
Analyzing frame 43/90...
Prompt: Given the scenario shown on the video, you think this situation ends well or poorly? (Use only one word to answer)
Image size: 33872 bytes
Response status code: 200
{'model': 'llava-llama3', 'created_at': '2025-12-06T21:05:30.111792536Z', 'message': {'role': 'assistant', 'content': 'Well'}, 'done': True, 'done_reason': 'stop', 'total_duration': 540627348, 'load_duration': 181164953, 'prompt_eval_count': 611, 'prompt_eval_duration': 287546716, 'eval_count': 2, 'eval_duration': 11471653}
Response: Well
Analyzing frame 44/90...
Prompt: Given the scenario shown on the video, you think this situation ends well or poorly? (Use only one word to answer)
Image size: 33764 bytes
Response status code: 200
{'model': 'llava-llama3', 'created_at': '2025-12-06T21:05:42.61149719Z', 'message': {'role': 'assistant', 'content': 'Well'}, 'done': True, 'done_reason': 'stop', 'total_duration': 11465246534, 'load_duration': 11026703328, 'prompt_eval_count': 611, 'prompt_eval_duration': 318132172, 'eval_count': 2, 'eval_duration': 11609050}
Response: Well
Analyzing frame 45/90...
Prompt: Given the scenario shown on the video, you think this situation ends well or poorly? (Use only one word to answer)
Image size: 34076 bytes
Response status code: 200
{'model': 'llava-llama3', 'created_at': '2025-12-06T21:05:44.13565329Z', 'message': {'role': 'assistant', 'content': 'Well'}, 'done': True, 'done_reason': 'stop', 'total_duration': 488055881, 'load_duration': 130428901, 'prompt_eval_count': 611, 'prompt_eval_duration': 290092304, 'eval_count': 2, 'eval_duration': 11664492}
Response: Well
Analyzing frame 46/90...
Prompt: Given the scenario shown on the video, you think this situation ends well or poorly? (Use only one word to answer)
Image size: 33448 bytes
Response status code: 200
{'model': 'llava-llama3', 'created_at': '2025-12-06T21:05:56.369322106Z', 'message': {'role': 'assistant', 'content': 'Well'}, 'done': True, 'done_reason': 'stop', 'total_duration': 11195803663, 'load_duration': 10773701193, 'prompt_eval_count': 611, 'prompt_eval_duration': 305675873, 'eval_count': 2, 'eval_duration': 11678700}
Response: Well
Analyzing frame 47/90...
Prompt: Given the scenario shown on the video, you think this situation ends well or poorly? (Use only one word to answer)
Image size: 33392 bytes
Response status code: 200
{'model': 'llava-llama3', 'created_at': '2025-12-06T21:05:57.914429142Z', 'message': {'role': 'assistant', 'content': 'Well'}, 'done': True, 'done_reason': 'stop', 'total_duration': 507257953, 'load_duration': 153593191, 'prompt_eval_count': 611, 'prompt_eval_duration': 285589578, 'eval_count': 2, 'eval_duration': 11483666}
Response: Well
Analyzing frame 48/90...
Prompt: Given the scenario shown on the video, you think this situation ends well or poorly? (Use only one word to answer)
Image size: 32908 bytes
Response status code: 200
{'model': 'llava-llama3', 'created_at': '2025-12-06T21:06:10.369668436Z', 'message': {'role': 'assistant', 'content': 'Well'}, 'done': True, 'done_reason': 'stop', 'total_duration': 11416190959, 'load_duration': 10993691887, 'prompt_eval_count': 611, 'prompt_eval_duration': 317580810, 'eval_count': 2, 'eval_duration': 11585367}
Response: Well
Analyzing frame 49/90...
Prompt: Given the scenario shown on the video, you think this situation ends well or poorly? (Use only one word to answer)
Image size: 32656 bytes
Response status code: 200
{'model': 'llava-llama3', 'created_at': '2025-12-06T21:06:11.932470317Z', 'message': {'role': 'assistant', 'content': 'Well'}, 'done': True, 'done_reason': 'stop', 'total_duration': 528648726, 'load_duration': 145436899, 'prompt_eval_count': 611, 'prompt_eval_duration': 291319983, 'eval_count': 2, 'eval_duration': 11489012}
Response: Well
Analyzing frame 50/90...
Prompt: Given the scenario shown on the video, you think this situation ends well or poorly? (Use only one word to answer)
Image size: 32312 bytes
Response status code: 200
{'model': 'llava-llama3', 'created_at': '2025-12-06T21:06:24.617907354Z', 'message': {'role': 'assistant', 'content': 'Well'}, 'done': True, 'done_reason': 'stop', 'total_duration': 11645360991, 'load_duration': 11226954479, 'prompt_eval_count': 611, 'prompt_eval_duration': 304849490, 'eval_count': 2, 'eval_duration': 11550191}
Response: Well
Analyzing frame 51/90...
Prompt: Given the scenario shown on the video, you think this situation ends well or poorly? (Use only one word to answer)
Image size: 32548 bytes
Response status code: 200
{'model': 'llava-llama3', 'created_at': '2025-12-06T21:06:38.030976355Z', 'message': {'role': 'assistant', 'content': 'Well'}, 'done': True, 'done_reason': 'stop', 'total_duration': 12374652656, 'load_duration': 11971295492, 'prompt_eval_count': 611, 'prompt_eval_duration': 304633024, 'eval_count': 2, 'eval_duration': 11614047}
Response: Well
Analyzing frame 52/90...
Prompt: Given the scenario shown on the video, you think this situation ends well or poorly? (Use only one word to answer)
Image size: 32468 bytes
Response status code: 200
{'model': 'llava-llama3', 'created_at': '2025-12-06T21:06:39.66865033Z', 'message': {'role': 'assistant', 'content': 'Well'}, 'done': True, 'done_reason': 'stop', 'total_duration': 602781570, 'load_duration': 221373396, 'prompt_eval_count': 611, 'prompt_eval_duration': 286773285, 'eval_count': 2, 'eval_duration': 11541722}
Response: Well
Analyzing frame 53/90...
Prompt: Given the scenario shown on the video, you think this situation ends well or poorly? (Use only one word to answer)
Image size: 33124 bytes
Response status code: 200
{'model': 'llava-llama3', 'created_at': '2025-12-06T21:06:52.006774556Z', 'message': {'role': 'assistant', 'content': 'Poorly'}, 'done': True, 'done_reason': 'stop', 'total_duration': 11302182112, 'load_duration': 10872799399, 'prompt_eval_count': 611, 'prompt_eval_duration': 303863920, 'eval_count': 3, 'eval_duration': 22657451}
Response: Poorly
Analyzing frame 54/90...
Prompt: Given the scenario shown on the video, you think this situation ends well or poorly? (Use only one word to answer)
Image size: 32680 bytes
Response status code: 200
{'model': 'llava-llama3', 'created_at': '2025-12-06T21:06:53.535386411Z', 'message': {'role': 'assistant', 'content': 'Well'}, 'done': True, 'done_reason': 'stop', 'total_duration': 488942284, 'load_duration': 124554472, 'prompt_eval_count': 611, 'prompt_eval_duration': 293924350, 'eval_count': 2, 'eval_duration': 11601178}
Response: Well
Analyzing frame 55/90...
Prompt: Given the scenario shown on the video, you think this situation ends well or poorly? (Use only one word to answer)
Image size: 33788 bytes
Response status code: 200
{'model': 'llava-llama3', 'created_at': '2025-12-06T21:07:05.891379737Z', 'message': {'role': 'assistant', 'content': 'Well'}, 'done': True, 'done_reason': 'stop', 'total_duration': 11319325557, 'load_duration': 10903434325, 'prompt_eval_count': 611, 'prompt_eval_duration': 303275631, 'eval_count': 2, 'eval_duration': 11585610}
Response: Well
Analyzing frame 56/90...
Prompt: Given the scenario shown on the video, you think this situation ends well or poorly? (Use only one word to answer)
Image size: 35444 bytes
Response status code: 200
{'model': 'llava-llama3', 'created_at': '2025-12-06T21:07:07.472506904Z', 'message': {'role': 'assistant', 'content': 'Poorly'}, 'done': True, 'done_reason': 'stop', 'total_duration': 544559415, 'load_duration': 173222091, 'prompt_eval_count': 611, 'prompt_eval_duration': 286380210, 'eval_count': 3, 'eval_duration': 22553581}
Response: Poorly
Analyzing frame 57/90...
Prompt: Given the scenario shown on the video, you think this situation ends well or poorly? (Use only one word to answer)
Image size: 36056 bytes
Response status code: 200
{'model': 'llava-llama3', 'created_at': '2025-12-06T21:07:20.029566604Z', 'message': {'role': 'assistant', 'content': 'Well'}, 'done': True, 'done_reason': 'stop', 'total_duration': 11520303597, 'load_duration': 11111699381, 'prompt_eval_count': 611, 'prompt_eval_duration': 305840440, 'eval_count': 2, 'eval_duration': 13651950}
Response: Well
Analyzing frame 58/90...
Prompt: Given the scenario shown on the video, you think this situation ends well or poorly? (Use only one word to answer)
Image size: 36988 bytes
Response status code: 200
{'model': 'llava-llama3', 'created_at': '2025-12-06T21:07:21.615628167Z', 'message': {'role': 'assistant', 'content': 'Poorly'}, 'done': True, 'done_reason': 'stop', 'total_duration': 547060681, 'load_duration': 173431678, 'prompt_eval_count': 611, 'prompt_eval_duration': 292193085, 'eval_count': 3, 'eval_duration': 22605288}
Response: Poorly
Analyzing frame 59/90...
Prompt: Given the scenario shown on the video, you think this situation ends well or poorly? (Use only one word to answer)
Image size: 35628 bytes
Response status code: 200
{'model': 'llava-llama3', 'created_at': '2025-12-06T21:07:33.965271985Z', 'message': {'role': 'assistant', 'content': 'Well'}, 'done': True, 'done_reason': 'stop', 'total_duration': 11314893253, 'load_duration': 10890198500, 'prompt_eval_count': 611, 'prompt_eval_duration': 320264668, 'eval_count': 2, 'eval_duration': 11608135}
Response: Well
Analyzing frame 60/90...
Prompt: Given the scenario shown on the video, you think this situation ends well or poorly? (Use only one word to answer)
Image size: 35368 bytes
Response status code: 200
{'model': 'llava-llama3', 'created_at': '2025-12-06T21:07:47.565423185Z', 'message': {'role': 'assistant', 'content': 'Well'}, 'done': True, 'done_reason': 'stop', 'total_duration': 12563123737, 'load_duration': 12158834687, 'prompt_eval_count': 611, 'prompt_eval_duration': 302955333, 'eval_count': 2, 'eval_duration': 12530572}
Response: Well
Analyzing frame 61/90...
Prompt: Given the scenario shown on the video, you think this situation ends well or poorly? (Use only one word to answer)
Image size: 35816 bytes
Response status code: 200
{'model': 'llava-llama3', 'created_at': '2025-12-06T21:08:01.173611395Z', 'message': {'role': 'assistant', 'content': 'Well'}, 'done': True, 'done_reason': 'stop', 'total_duration': 12570129375, 'load_duration': 12167216362, 'prompt_eval_count': 611, 'prompt_eval_duration': 303055327, 'eval_count': 2, 'eval_duration': 11556259}
Response: Well
Analyzing frame 62/90...
Prompt: Given the scenario shown on the video, you think this situation ends well or poorly? (Use only one word to answer)
Image size: 35800 bytes
Response status code: 200
{'model': 'llava-llama3', 'created_at': '2025-12-06T21:08:02.780328516Z', 'message': {'role': 'assistant', 'content': 'Well'}, 'done': True, 'done_reason': 'stop', 'total_duration': 568049265, 'load_duration': 190333652, 'prompt_eval_count': 611, 'prompt_eval_duration': 286024876, 'eval_count': 2, 'eval_duration': 11767722}
Response: Well
Analyzing frame 63/90...
Prompt: Given the scenario shown on the video, you think this situation ends well or poorly? (Use only one word to answer)
Image size: 35868 bytes
Response status code: 200
{'model': 'llava-llama3', 'created_at': '2025-12-06T21:08:15.275686183Z', 'message': {'role': 'assistant', 'content': 'Well'}, 'done': True, 'done_reason': 'stop', 'total_duration': 11457739966, 'load_duration': 11028315119, 'prompt_eval_count': 611, 'prompt_eval_duration': 317035745, 'eval_count': 2, 'eval_duration': 11597788}
Response: Well
Analyzing frame 64/90...
Prompt: Given the scenario shown on the video, you think this situation ends well or poorly? (Use only one word to answer)
Image size: 35816 bytes
Response status code: 200
{'model': 'llava-llama3', 'created_at': '2025-12-06T21:08:28.495558683Z', 'message': {'role': 'assistant', 'content': 'Well'}, 'done': True, 'done_reason': 'stop', 'total_duration': 12183177198, 'load_duration': 11759247632, 'prompt_eval_count': 611, 'prompt_eval_duration': 318108564, 'eval_count': 2, 'eval_duration': 11572663}
Response: Well
Analyzing frame 65/90...
Prompt: Given the scenario shown on the video, you think this situation ends well or poorly? (Use only one word to answer)
Image size: 35852 bytes
Response status code: 200
{'model': 'llava-llama3', 'created_at': '2025-12-06T21:08:30.067323051Z', 'message': {'role': 'assistant', 'content': 'Well'}, 'done': True, 'done_reason': 'stop', 'total_duration': 537944407, 'load_duration': 174608253, 'prompt_eval_count': 611, 'prompt_eval_duration': 285319292, 'eval_count': 2, 'eval_duration': 11486510}
Response: Well
Analyzing frame 66/90...
Prompt: Given the scenario shown on the video, you think this situation ends well or poorly? (Use only one word to answer)
Image size: 35864 bytes
Response status code: 200
{'model': 'llava-llama3', 'created_at': '2025-12-06T21:08:42.892987097Z', 'message': {'role': 'assistant', 'content': 'Well'}, 'done': True, 'done_reason': 'stop', 'total_duration': 11798305185, 'load_duration': 11385608089, 'prompt_eval_count': 611, 'prompt_eval_duration': 303149665, 'eval_count': 2, 'eval_duration': 11581091}
Response: Well
Analyzing frame 67/90...
Prompt: Given the scenario shown on the video, you think this situation ends well or poorly? (Use only one word to answer)
Image size: 35852 bytes
Response status code: 200
{'model': 'llava-llama3', 'created_at': '2025-12-06T21:08:56.450512278Z', 'message': {'role': 'assistant', 'content': 'Poorly'}, 'done': True, 'done_reason': 'stop', 'total_duration': 12518884963, 'load_duration': 12102787612, 'prompt_eval_count': 611, 'prompt_eval_duration': 304034676, 'eval_count': 3, 'eval_duration': 22677127}
Response: Poorly
Analyzing frame 68/90...
Prompt: Given the scenario shown on the video, you think this situation ends well or poorly? (Use only one word to answer)
Image size: 35860 bytes
Response status code: 200
{'model': 'llava-llama3', 'created_at': '2025-12-06T21:09:09.971680072Z', 'message': {'role': 'assistant', 'content': 'Well'}, 'done': True, 'done_reason': 'stop', 'total_duration': 12482625983, 'load_duration': 12066580810, 'prompt_eval_count': 611, 'prompt_eval_duration': 304286924, 'eval_count': 2, 'eval_duration': 11944902}
Response: Well
Analyzing frame 69/90...
Prompt: Given the scenario shown on the video, you think this situation ends well or poorly? (Use only one word to answer)
Image size: 35828 bytes
Response status code: 200
{'model': 'llava-llama3', 'created_at': '2025-12-06T21:09:11.616809444Z', 'message': {'role': 'assistant', 'content': 'Well'}, 'done': True, 'done_reason': 'stop', 'total_duration': 609018833, 'load_duration': 247210205, 'prompt_eval_count': 611, 'prompt_eval_duration': 285472614, 'eval_count': 2, 'eval_duration': 11561784}
Response: Well
Analyzing frame 70/90...
Prompt: Given the scenario shown on the video, you think this situation ends well or poorly? (Use only one word to answer)
Image size: 35836 bytes
Response status code: 200
{'model': 'llava-llama3', 'created_at': '2025-12-06T21:09:24.100899246Z', 'message': {'role': 'assistant', 'content': 'Well'}, 'done': True, 'done_reason': 'stop', 'total_duration': 11443259748, 'load_duration': 11024611361, 'prompt_eval_count': 611, 'prompt_eval_duration': 305585502, 'eval_count': 2, 'eval_duration': 11694421}
Response: Well
Analyzing frame 71/90...
Prompt: Given the scenario shown on the video, you think this situation ends well or poorly? (Use only one word to answer)
Image size: 35792 bytes
Response status code: 200
{'model': 'llava-llama3', 'created_at': '2025-12-06T21:09:37.669622631Z', 'message': {'role': 'assistant', 'content': 'Well'}, 'done': True, 'done_reason': 'stop', 'total_duration': 12529361933, 'load_duration': 12122559078, 'prompt_eval_count': 611, 'prompt_eval_duration': 304816071, 'eval_count': 2, 'eval_duration': 11541817}
Response: Well
Analyzing frame 72/90...
Prompt: Given the scenario shown on the video, you think this situation ends well or poorly? (Use only one word to answer)
Image size: 35828 bytes
Response status code: 200
{'model': 'llava-llama3', 'created_at': '2025-12-06T21:09:51.400045604Z', 'message': {'role': 'assistant', 'content': 'Well'}, 'done': True, 'done_reason': 'stop', 'total_duration': 12692296289, 'load_duration': 12280359832, 'prompt_eval_count': 611, 'prompt_eval_duration': 306143132, 'eval_count': 2, 'eval_duration': 12435975}
Response: Well
Analyzing frame 73/90...
Prompt: Given the scenario shown on the video, you think this situation ends well or poorly? (Use only one word to answer)
Image size: 35832 bytes
Response status code: 200
{'model': 'llava-llama3', 'created_at': '2025-12-06T21:09:52.937466416Z', 'message': {'role': 'assistant', 'content': 'Well'}, 'done': True, 'done_reason': 'stop', 'total_duration': 501298740, 'load_duration': 146169353, 'prompt_eval_count': 611, 'prompt_eval_duration': 287477277, 'eval_count': 2, 'eval_duration': 11477517}
Response: Well
Analyzing frame 74/90...
Prompt: Given the scenario shown on the video, you think this situation ends well or poorly? (Use only one word to answer)
Image size: 35836 bytes
Response status code: 200
{'model': 'llava-llama3', 'created_at': '2025-12-06T21:10:05.487483287Z', 'message': {'role': 'assistant', 'content': 'Well'}, 'done': True, 'done_reason': 'stop', 'total_duration': 11515063758, 'load_duration': 11116005188, 'prompt_eval_count': 611, 'prompt_eval_duration': 303280723, 'eval_count': 2, 'eval_duration': 11984959}
Response: Well
Analyzing frame 75/90...
Prompt: Given the scenario shown on the video, you think this situation ends well or poorly? (Use only one word to answer)
Image size: 35832 bytes
Response status code: 200
{'model': 'llava-llama3', 'created_at': '2025-12-06T21:10:18.99016555Z', 'message': {'role': 'assistant', 'content': 'Well'}, 'done': True, 'done_reason': 'stop', 'total_duration': 12463289227, 'load_duration': 12052034784, 'prompt_eval_count': 611, 'prompt_eval_duration': 306928411, 'eval_count': 2, 'eval_duration': 11539139}
Response: Well
Analyzing frame 76/90...
Prompt: Given the scenario shown on the video, you think this situation ends well or poorly? (Use only one word to answer)
Image size: 35828 bytes
Response status code: 200
{'model': 'llava-llama3', 'created_at': '2025-12-06T21:10:32.571267008Z', 'message': {'role': 'assistant', 'content': 'Well'}, 'done': True, 'done_reason': 'stop', 'total_duration': 12542248792, 'load_duration': 12100169013, 'prompt_eval_count': 611, 'prompt_eval_duration': 324008484, 'eval_count': 2, 'eval_duration': 11689721}
Response: Well
Analyzing frame 77/90...
Prompt: Given the scenario shown on the video, you think this situation ends well or poorly? (Use only one word to answer)
Image size: 35812 bytes
Response status code: 200
{'model': 'llava-llama3', 'created_at': '2025-12-06T21:10:34.135552776Z', 'message': {'role': 'assistant', 'content': 'Poorly'}, 'done': True, 'done_reason': 'stop', 'total_duration': 526923286, 'load_duration': 131901074, 'prompt_eval_count': 611, 'prompt_eval_duration': 290743038, 'eval_count': 3, 'eval_duration': 22591419}
Response: Poorly
Analyzing frame 78/90...
Prompt: Given the scenario shown on the video, you think this situation ends well or poorly? (Use only one word to answer)
Image size: 35808 bytes
Response status code: 200
{'model': 'llava-llama3', 'created_at': '2025-12-06T21:10:46.850593491Z', 'message': {'role': 'assistant', 'content': 'Well'}, 'done': True, 'done_reason': 'stop', 'total_duration': 11687152565, 'load_duration': 11265713392, 'prompt_eval_count': 611, 'prompt_eval_duration': 305140354, 'eval_count': 2, 'eval_duration': 11838750}
Response: Well
Analyzing frame 79/90...
Prompt: Given the scenario shown on the video, you think this situation ends well or poorly? (Use only one word to answer)
Image size: 35780 bytes
Response status code: 200
{'model': 'llava-llama3', 'created_at': '2025-12-06T21:10:48.422054253Z', 'message': {'role': 'assistant', 'content': 'Well'}, 'done': True, 'done_reason': 'stop', 'total_duration': 532221794, 'load_duration': 158272619, 'prompt_eval_count': 611, 'prompt_eval_duration': 285689487, 'eval_count': 2, 'eval_duration': 11627278}
Response: Well
Analyzing frame 80/90...
Prompt: Given the scenario shown on the video, you think this situation ends well or poorly? (Use only one word to answer)
Image size: 35832 bytes
Response status code: 200
{'model': 'llava-llama3', 'created_at': '2025-12-06T21:11:00.990264665Z', 'message': {'role': 'assistant', 'content': 'Well'}, 'done': True, 'done_reason': 'stop', 'total_duration': 11530557105, 'load_duration': 11126169028, 'prompt_eval_count': 611, 'prompt_eval_duration': 304544170, 'eval_count': 2, 'eval_duration': 11859662}
Response: Well
Analyzing frame 81/90...
Prompt: Given the scenario shown on the video, you think this situation ends well or poorly? (Use only one word to answer)
Image size: 35816 bytes
Response status code: 200
{'model': 'llava-llama3', 'created_at': '2025-12-06T21:11:02.548672794Z', 'message': {'role': 'assistant', 'content': 'Well'}, 'done': True, 'done_reason': 'stop', 'total_duration': 519140831, 'load_duration': 143508061, 'prompt_eval_count': 611, 'prompt_eval_duration': 286945186, 'eval_count': 2, 'eval_duration': 11858887}
Response: Well
Analyzing frame 82/90...
Prompt: Given the scenario shown on the video, you think this situation ends well or poorly? (Use only one word to answer)
Image size: 35852 bytes
Response status code: 200
{'model': 'llava-llama3', 'created_at': '2025-12-06T21:11:14.925557636Z', 'message': {'role': 'assistant', 'content': 'Well'}, 'done': True, 'done_reason': 'stop', 'total_duration': 11340833676, 'load_duration': 10903366397, 'prompt_eval_count': 611, 'prompt_eval_duration': 311863375, 'eval_count': 2, 'eval_duration': 11898482}
Response: Well
Analyzing frame 83/90...
Prompt: Given the scenario shown on the video, you think this situation ends well or poorly? (Use only one word to answer)
Image size: 35832 bytes
Response status code: 200
{'model': 'llava-llama3', 'created_at': '2025-12-06T21:11:28.490368005Z', 'message': {'role': 'assistant', 'content': 'Well'}, 'done': True, 'done_reason': 'stop', 'total_duration': 12527035861, 'load_duration': 12090948646, 'prompt_eval_count': 611, 'prompt_eval_duration': 320031823, 'eval_count': 2, 'eval_duration': 11757787}
Response: Well
Analyzing frame 84/90...
Prompt: Given the scenario shown on the video, you think this situation ends well or poorly? (Use only one word to answer)
Image size: 35872 bytes
Response status code: 200
{'model': 'llava-llama3', 'created_at': '2025-12-06T21:11:30.086298677Z', 'message': {'role': 'assistant', 'content': 'Well'}, 'done': True, 'done_reason': 'stop', 'total_duration': 557330250, 'load_duration': 183687635, 'prompt_eval_count': 611, 'prompt_eval_duration': 286764460, 'eval_count': 2, 'eval_duration': 11587086}
Response: Well
Analyzing frame 85/90...
Prompt: Given the scenario shown on the video, you think this situation ends well or poorly? (Use only one word to answer)
Image size: 35820 bytes
Response status code: 200
{'model': 'llava-llama3', 'created_at': '2025-12-06T21:11:42.71186526Z', 'message': {'role': 'assistant', 'content': 'Well'}, 'done': True, 'done_reason': 'stop', 'total_duration': 11585623979, 'load_duration': 11162846727, 'prompt_eval_count': 611, 'prompt_eval_duration': 313690737, 'eval_count': 2, 'eval_duration': 11568941}
Response: Well
Analyzing frame 86/90...
Prompt: Given the scenario shown on the video, you think this situation ends well or poorly? (Use only one word to answer)
Image size: 35832 bytes
Response status code: 200
{'model': 'llava-llama3', 'created_at': '2025-12-06T21:11:44.273323287Z', 'message': {'role': 'assistant', 'content': 'Well'}, 'done': True, 'done_reason': 'stop', 'total_duration': 544432410, 'load_duration': 187316594, 'prompt_eval_count': 611, 'prompt_eval_duration': 287809772, 'eval_count': 2, 'eval_duration': 11494096}
Response: Well
Analyzing frame 87/90...
Prompt: Given the scenario shown on the video, you think this situation ends well or poorly? (Use only one word to answer)
Image size: 35820 bytes
Response status code: 200
{'model': 'llava-llama3', 'created_at': '2025-12-06T21:11:56.70407376Z', 'message': {'role': 'assistant', 'content': 'Well'}, 'done': True, 'done_reason': 'stop', 'total_duration': 11391582548, 'load_duration': 10973743569, 'prompt_eval_count': 611, 'prompt_eval_duration': 316985776, 'eval_count': 2, 'eval_duration': 11658758}
Response: Well
Analyzing frame 88/90...
Prompt: Given the scenario shown on the video, you think this situation ends well or poorly? (Use only one word to answer)
Image size: 35804 bytes
Response status code: 200
{'model': 'llava-llama3', 'created_at': '2025-12-06T21:12:10.607619228Z', 'message': {'role': 'assistant', 'content': 'Well'}, 'done': True, 'done_reason': 'stop', 'total_duration': 12863960182, 'load_duration': 12459332615, 'prompt_eval_count': 611, 'prompt_eval_duration': 305278482, 'eval_count': 2, 'eval_duration': 11711563}
Response: Well
Analyzing frame 89/90...
Prompt: Given the scenario shown on the video, you think this situation ends well or poorly? (Use only one word to answer)
Image size: 35808 bytes
Response status code: 200
{'model': 'llava-llama3', 'created_at': '2025-12-06T21:12:12.198369805Z', 'message': {'role': 'assistant', 'content': 'Well'}, 'done': True, 'done_reason': 'stop', 'total_duration': 552449248, 'load_duration': 183052908, 'prompt_eval_count': 611, 'prompt_eval_duration': 290369352, 'eval_count': 2, 'eval_duration': 11521556}
Response: Well
Analyzing frame 90/90...
Prompt: Given the scenario shown on the video, you think this situation ends well or poorly? (Use only one word to answer)
Image size: 35808 bytes
Response status code: 200
{'model': 'llava-llama3', 'created_at': '2025-12-06T21:12:24.627405015Z', 'message': {'role': 'assistant', 'content': 'Well'}, 'done': True, 'done_reason': 'stop', 'total_duration': 11389888188, 'load_duration': 10989536750, 'prompt_eval_count': 611, 'prompt_eval_duration': 303755286, 'eval_count': 2, 'eval_duration': 11613244}
Response: Well
Final prediction for 19_final.mp4: Well

Results saved to ./results/results_llavallama3.csv
Total videos processed: 508

==================================================
Processing video 6/30

Processing video: 21_final.mp4
Video info: 328 frames, 30.00 FPS, 10.93 seconds
Extracted 110 frames for analysis
Analyzing frame 1/110...
Prompt: Given the scenario shown on the video, you think this situation ends well or poorly? (Use only one word to answer)
Image size: 13940 bytes
Response status code: 200
{'model': 'llava-llama3', 'created_at': '2025-12-06T21:12:38.725436705Z', 'message': {'role': 'assistant', 'content': 'Well'}, 'done': True, 'done_reason': 'stop', 'total_duration': 8865566811, 'load_duration': 8446215240, 'prompt_eval_count': 611, 'prompt_eval_duration': 317219297, 'eval_count': 2, 'eval_duration': 11695539}
Response: Well
Analyzing frame 2/110...
Prompt: Given the scenario shown on the video, you think this situation ends well or poorly? (Use only one word to answer)
Image size: 13904 bytes
Response status code: 200
{'model': 'llava-llama3', 'created_at': '2025-12-06T21:12:40.281635785Z', 'message': {'role': 'assistant', 'content': 'Well'}, 'done': True, 'done_reason': 'stop', 'total_duration': 518518456, 'load_duration': 164064739, 'prompt_eval_count': 611, 'prompt_eval_duration': 287766724, 'eval_count': 2, 'eval_duration': 11849790}
Response: Well
Analyzing frame 3/110...
Prompt: Given the scenario shown on the video, you think this situation ends well or poorly? (Use only one word to answer)
Image size: 14040 bytes
Response status code: 200
{'model': 'llava-llama3', 'created_at': '2025-12-06T21:12:52.971343644Z', 'message': {'role': 'assistant', 'content': 'Well'}, 'done': True, 'done_reason': 'stop', 'total_duration': 11651540347, 'load_duration': 11217774068, 'prompt_eval_count': 611, 'prompt_eval_duration': 331782807, 'eval_count': 2, 'eval_duration': 11466667}
Response: Well
Analyzing frame 4/110...
Prompt: Given the scenario shown on the video, you think this situation ends well or poorly? (Use only one word to answer)
Image size: 14036 bytes
Response status code: 200
{'model': 'llava-llama3', 'created_at': '2025-12-06T21:13:06.604514162Z', 'message': {'role': 'assistant', 'content': 'Well'}, 'done': True, 'done_reason': 'stop', 'total_duration': 12593305897, 'load_duration': 12188639680, 'prompt_eval_count': 611, 'prompt_eval_duration': 304210413, 'eval_count': 2, 'eval_duration': 11760075}
Response: Well
Analyzing frame 5/110...
Prompt: Given the scenario shown on the video, you think this situation ends well or poorly? (Use only one word to answer)
Image size: 14128 bytes
Response status code: 200
{'model': 'llava-llama3', 'created_at': '2025-12-06T21:13:20.141963707Z', 'message': {'role': 'assistant', 'content': 'Well'}, 'done': True, 'done_reason': 'stop', 'total_duration': 12498275035, 'load_duration': 12099517461, 'prompt_eval_count': 611, 'prompt_eval_duration': 302308629, 'eval_count': 2, 'eval_duration': 11916057}
Response: Well
Analyzing frame 6/110...
Prompt: Given the scenario shown on the video, you think this situation ends well or poorly? (Use only one word to answer)
Image size: 14128 bytes
Response status code: 200
{'model': 'llava-llama3', 'created_at': '2025-12-06T21:13:34.073539358Z', 'message': {'role': 'assistant', 'content': 'Well'}, 'done': True, 'done_reason': 'stop', 'total_duration': 12895380922, 'load_duration': 12474736816, 'prompt_eval_count': 611, 'prompt_eval_duration': 315749541, 'eval_count': 2, 'eval_duration': 11648792}
Response: Well
Analyzing frame 7/110...
Prompt: Given the scenario shown on the video, you think this situation ends well or poorly? (Use only one word to answer)
Image size: 14140 bytes
Response status code: 200
{'model': 'llava-llama3', 'created_at': '2025-12-06T21:13:47.583073605Z', 'message': {'role': 'assistant', 'content': 'Well'}, 'done': True, 'done_reason': 'stop', 'total_duration': 12468745707, 'load_duration': 12067564172, 'prompt_eval_count': 611, 'prompt_eval_duration': 303935965, 'eval_count': 2, 'eval_duration': 11945651}
Response: Well
Analyzing frame 8/110...
Prompt: Given the scenario shown on the video, you think this situation ends well or poorly? (Use only one word to answer)
Image size: 13996 bytes
Response status code: 200
{'model': 'llava-llama3', 'created_at': '2025-12-06T21:13:49.153617018Z', 'message': {'role': 'assistant', 'content': 'Well'}, 'done': True, 'done_reason': 'stop', 'total_duration': 536211414, 'load_duration': 178142719, 'prompt_eval_count': 611, 'prompt_eval_duration': 287548419, 'eval_count': 2, 'eval_duration': 11503766}
Response: Well
Analyzing frame 9/110...
Prompt: Given the scenario shown on the video, you think this situation ends well or poorly? (Use only one word to answer)
Image size: 14104 bytes
Response status code: 200
{'model': 'llava-llama3', 'created_at': '2025-12-06T21:14:01.582010083Z', 'message': {'role': 'assistant', 'content': 'Well'}, 'done': True, 'done_reason': 'stop', 'total_duration': 11390252818, 'load_duration': 10973734225, 'prompt_eval_count': 611, 'prompt_eval_duration': 315186443, 'eval_count': 2, 'eval_duration': 11908347}
Response: Well
Analyzing frame 10/110...
Prompt: Given the scenario shown on the video, you think this situation ends well or poorly? (Use only one word to answer)
Image size: 14100 bytes
Response status code: 200
{'model': 'llava-llama3', 'created_at': '2025-12-06T21:14:03.108282894Z', 'message': {'role': 'assistant', 'content': 'Well'}, 'done': True, 'done_reason': 'stop', 'total_duration': 486891974, 'load_duration': 130918196, 'prompt_eval_count': 611, 'prompt_eval_duration': 287866132, 'eval_count': 2, 'eval_duration': 11530641}
Response: Well
Analyzing frame 11/110...
Prompt: Given the scenario shown on the video, you think this situation ends well or poorly? (Use only one word to answer)
Image size: 14112 bytes
Response status code: 200
{'model': 'llava-llama3', 'created_at': '2025-12-06T21:14:15.393675908Z', 'message': {'role': 'assistant', 'content': 'Well'}, 'done': True, 'done_reason': 'stop', 'total_duration': 11247948383, 'load_duration': 10835674415, 'prompt_eval_count': 611, 'prompt_eval_duration': 304804791, 'eval_count': 2, 'eval_duration': 11568712}
Response: Well
Analyzing frame 12/110...
Prompt: Given the scenario shown on the video, you think this situation ends well or poorly? (Use only one word to answer)
Image size: 14084 bytes
Response status code: 200
{'model': 'llava-llama3', 'created_at': '2025-12-06T21:14:16.949553488Z', 'message': {'role': 'assistant', 'content': 'Well'}, 'done': True, 'done_reason': 'stop', 'total_duration': 515531691, 'load_duration': 157964316, 'prompt_eval_count': 611, 'prompt_eval_duration': 287339546, 'eval_count': 2, 'eval_duration': 11595625}
Response: Well
Analyzing frame 13/110...
Prompt: Given the scenario shown on the video, you think this situation ends well or poorly? (Use only one word to answer)
Image size: 14248 bytes
Response status code: 200
{'model': 'llava-llama3', 'created_at': '2025-12-06T21:14:29.313448475Z', 'message': {'role': 'assistant', 'content': 'Well'}, 'done': True, 'done_reason': 'stop', 'total_duration': 11326907500, 'load_duration': 10909704609, 'prompt_eval_count': 611, 'prompt_eval_duration': 303967224, 'eval_count': 2, 'eval_duration': 11566585}
Response: Well
Analyzing frame 14/110...
Prompt: Given the scenario shown on the video, you think this situation ends well or poorly? (Use only one word to answer)
Image size: 14352 bytes
Response status code: 200
{'model': 'llava-llama3', 'created_at': '2025-12-06T21:14:30.893598914Z', 'message': {'role': 'assistant', 'content': 'Well'}, 'done': True, 'done_reason': 'stop', 'total_duration': 541832420, 'load_duration': 177164254, 'prompt_eval_count': 611, 'prompt_eval_duration': 285203197, 'eval_count': 2, 'eval_duration': 13002729}
Response: Well
Analyzing frame 15/110...
Prompt: Given the scenario shown on the video, you think this situation ends well or poorly? (Use only one word to answer)
Image size: 14528 bytes
Response status code: 200
{'model': 'llava-llama3', 'created_at': '2025-12-06T21:14:43.253128615Z', 'message': {'role': 'assistant', 'content': 'Well'}, 'done': True, 'done_reason': 'stop', 'total_duration': 11322877871, 'load_duration': 10915439401, 'prompt_eval_count': 611, 'prompt_eval_duration': 305188864, 'eval_count': 2, 'eval_duration': 11536122}
Response: Well
Analyzing frame 16/110...
Prompt: Given the scenario shown on the video, you think this situation ends well or poorly? (Use only one word to answer)
Image size: 14356 bytes
Response status code: 200
{'model': 'llava-llama3', 'created_at': '2025-12-06T21:14:56.776270188Z', 'message': {'role': 'assistant', 'content': 'Well'}, 'done': True, 'done_reason': 'stop', 'total_duration': 12486060284, 'load_duration': 12071162722, 'prompt_eval_count': 611, 'prompt_eval_duration': 317217490, 'eval_count': 2, 'eval_duration': 11609886}
Response: Well
Analyzing frame 17/110...
Prompt: Given the scenario shown on the video, you think this situation ends well or poorly? (Use only one word to answer)
Image size: 14120 bytes
Response status code: 200
{'model': 'llava-llama3', 'created_at': '2025-12-06T21:15:10.406854923Z', 'message': {'role': 'assistant', 'content': 'Well'}, 'done': True, 'done_reason': 'stop', 'total_duration': 12596529624, 'load_duration': 12170440607, 'prompt_eval_count': 611, 'prompt_eval_duration': 306421541, 'eval_count': 2, 'eval_duration': 11608214}
Response: Well
Analyzing frame 18/110...
Prompt: Given the scenario shown on the video, you think this situation ends well or poorly? (Use only one word to answer)
Image size: 14132 bytes
Response status code: 200
{'model': 'llava-llama3', 'created_at': '2025-12-06T21:15:23.868762309Z', 'message': {'role': 'assistant', 'content': 'Well'}, 'done': True, 'done_reason': 'stop', 'total_duration': 12427733485, 'load_duration': 12021262168, 'prompt_eval_count': 611, 'prompt_eval_duration': 303988867, 'eval_count': 2, 'eval_duration': 12003992}
Response: Well
Analyzing frame 19/110...
Prompt: Given the scenario shown on the video, you think this situation ends well or poorly? (Use only one word to answer)
Image size: 14068 bytes
Response status code: 200
{'model': 'llava-llama3', 'created_at': '2025-12-06T21:15:37.42120239Z', 'message': {'role': 'assistant', 'content': 'Well'}, 'done': True, 'done_reason': 'stop', 'total_duration': 12514169529, 'load_duration': 12114121368, 'prompt_eval_count': 611, 'prompt_eval_duration': 303113631, 'eval_count': 2, 'eval_duration': 11543622}
Response: Well
Analyzing frame 20/110...
Prompt: Given the scenario shown on the video, you think this situation ends well or poorly? (Use only one word to answer)
Image size: 14164 bytes
Response status code: 200
{'model': 'llava-llama3', 'created_at': '2025-12-06T21:15:38.985304333Z', 'message': {'role': 'assistant', 'content': 'Well'}, 'done': True, 'done_reason': 'stop', 'total_duration': 524927726, 'load_duration': 147439856, 'prompt_eval_count': 611, 'prompt_eval_duration': 286455238, 'eval_count': 2, 'eval_duration': 11478398}
Response: Well
Analyzing frame 21/110...
Prompt: Given the scenario shown on the video, you think this situation ends well or poorly? (Use only one word to answer)
Image size: 14284 bytes
Response status code: 200
{'model': 'llava-llama3', 'created_at': '2025-12-06T21:15:51.677478292Z', 'message': {'role': 'assistant', 'content': 'Well'}, 'done': True, 'done_reason': 'stop', 'total_duration': 11662710426, 'load_duration': 11242224314, 'prompt_eval_count': 611, 'prompt_eval_duration': 307332003, 'eval_count': 2, 'eval_duration': 11879420}
Response: Well
Analyzing frame 22/110...
Prompt: Given the scenario shown on the video, you think this situation ends well or poorly? (Use only one word to answer)
Image size: 14352 bytes
Response status code: 200
{'model': 'llava-llama3', 'created_at': '2025-12-06T21:16:05.314434403Z', 'message': {'role': 'assistant', 'content': 'Well'}, 'done': True, 'done_reason': 'stop', 'total_duration': 12597756881, 'load_duration': 12159527055, 'prompt_eval_count': 611, 'prompt_eval_duration': 319748288, 'eval_count': 2, 'eval_duration': 11532450}
Response: Well
Analyzing frame 23/110...
Prompt: Given the scenario shown on the video, you think this situation ends well or poorly? (Use only one word to answer)
Image size: 14436 bytes
Response status code: 200
{'model': 'llava-llama3', 'created_at': '2025-12-06T21:16:18.637296228Z', 'message': {'role': 'assistant', 'content': 'Well'}, 'done': True, 'done_reason': 'stop', 'total_duration': 12284699254, 'load_duration': 11879692474, 'prompt_eval_count': 611, 'prompt_eval_duration': 305192701, 'eval_count': 2, 'eval_duration': 11610211}
Response: Well
Analyzing frame 24/110...
Prompt: Given the scenario shown on the video, you think this situation ends well or poorly? (Use only one word to answer)
Image size: 14420 bytes
Response status code: 200
{'model': 'llava-llama3', 'created_at': '2025-12-06T21:16:32.199045179Z', 'message': {'role': 'assistant', 'content': 'Well'}, 'done': True, 'done_reason': 'stop', 'total_duration': 12525589137, 'load_duration': 12095722139, 'prompt_eval_count': 611, 'prompt_eval_duration': 320781134, 'eval_count': 2, 'eval_duration': 11749977}
Response: Well
Analyzing frame 25/110...
Prompt: Given the scenario shown on the video, you think this situation ends well or poorly? (Use only one word to answer)
Image size: 14676 bytes
Response status code: 200
{'model': 'llava-llama3', 'created_at': '2025-12-06T21:16:33.75694108Z', 'message': {'role': 'assistant', 'content': 'Well'}, 'done': True, 'done_reason': 'stop', 'total_duration': 518726995, 'load_duration': 166116629, 'prompt_eval_count': 611, 'prompt_eval_duration': 286405898, 'eval_count': 2, 'eval_duration': 11489025}
Response: Well
Analyzing frame 26/110...
Prompt: Given the scenario shown on the video, you think this situation ends well or poorly? (Use only one word to answer)
Image size: 14732 bytes
Response status code: 200
{'model': 'llava-llama3', 'created_at': '2025-12-06T21:16:46.127384487Z', 'message': {'role': 'assistant', 'content': 'Well'}, 'done': True, 'done_reason': 'stop', 'total_duration': 11337314508, 'load_duration': 10905108335, 'prompt_eval_count': 611, 'prompt_eval_duration': 315797156, 'eval_count': 2, 'eval_duration': 11631364}
Response: Well
Analyzing frame 27/110...
Prompt: Given the scenario shown on the video, you think this situation ends well or poorly? (Use only one word to answer)
Image size: 14792 bytes
Response status code: 200
{'model': 'llava-llama3', 'created_at': '2025-12-06T21:16:59.690855267Z', 'message': {'role': 'assistant', 'content': 'Well'}, 'done': True, 'done_reason': 'stop', 'total_duration': 12526919992, 'load_duration': 12110500536, 'prompt_eval_count': 611, 'prompt_eval_duration': 303537042, 'eval_count': 2, 'eval_duration': 11581787}
Response: Well
Analyzing frame 28/110...
Prompt: Given the scenario shown on the video, you think this situation ends well or poorly? (Use only one word to answer)
Image size: 15144 bytes
Response status code: 200
{'model': 'llava-llama3', 'created_at': '2025-12-06T21:17:13.385210125Z', 'message': {'role': 'assistant', 'content': 'Well'}, 'done': True, 'done_reason': 'stop', 'total_duration': 12655201958, 'load_duration': 12243624332, 'prompt_eval_count': 611, 'prompt_eval_duration': 304206848, 'eval_count': 2, 'eval_duration': 11615733}
Response: Well
Analyzing frame 29/110...
Prompt: Given the scenario shown on the video, you think this situation ends well or poorly? (Use only one word to answer)
Image size: 15280 bytes
Response status code: 200
{'model': 'llava-llama3', 'created_at': '2025-12-06T21:17:14.940268071Z', 'message': {'role': 'assistant', 'content': 'Well'}, 'done': True, 'done_reason': 'stop', 'total_duration': 515242846, 'load_duration': 155548998, 'prompt_eval_count': 611, 'prompt_eval_duration': 286191835, 'eval_count': 2, 'eval_duration': 13053099}
Response: Well
Analyzing frame 30/110...
Prompt: Given the scenario shown on the video, you think this situation ends well or poorly? (Use only one word to answer)
Image size: 15244 bytes
Response status code: 200
{'model': 'llava-llama3', 'created_at': '2025-12-06T21:17:27.165159513Z', 'message': {'role': 'assistant', 'content': 'Well'}, 'done': True, 'done_reason': 'stop', 'total_duration': 11189750939, 'load_duration': 10773090786, 'prompt_eval_count': 611, 'prompt_eval_duration': 303414974, 'eval_count': 2, 'eval_duration': 13467419}
Response: Well
Analyzing frame 31/110...
Prompt: Given the scenario shown on the video, you think this situation ends well or poorly? (Use only one word to answer)
Image size: 15284 bytes
Response status code: 200
{'model': 'llava-llama3', 'created_at': '2025-12-06T21:17:40.645588867Z', 'message': {'role': 'assistant', 'content': 'Well'}, 'done': True, 'done_reason': 'stop', 'total_duration': 12443461742, 'load_duration': 12045612969, 'prompt_eval_count': 611, 'prompt_eval_duration': 302887966, 'eval_count': 2, 'eval_duration': 11693362}
Response: Well
Analyzing frame 32/110...
Prompt: Given the scenario shown on the video, you think this situation ends well or poorly? (Use only one word to answer)
Image size: 15280 bytes
Response status code: 200
{'model': 'llava-llama3', 'created_at': '2025-12-06T21:17:42.173438309Z', 'message': {'role': 'assistant', 'content': 'Well'}, 'done': True, 'done_reason': 'stop', 'total_duration': 489539803, 'load_duration': 134300289, 'prompt_eval_count': 611, 'prompt_eval_duration': 287348493, 'eval_count': 2, 'eval_duration': 11648079}
Response: Well
Analyzing frame 33/110...
Prompt: Given the scenario shown on the video, you think this situation ends well or poorly? (Use only one word to answer)
Image size: 15472 bytes
Response status code: 200
{'model': 'llava-llama3', 'created_at': '2025-12-06T21:17:54.428553168Z', 'message': {'role': 'assistant', 'content': 'Well'}, 'done': True, 'done_reason': 'stop', 'total_duration': 11217703043, 'load_duration': 10791000702, 'prompt_eval_count': 611, 'prompt_eval_duration': 308776960, 'eval_count': 2, 'eval_duration': 11688292}
Response: Well
Analyzing frame 34/110...
Prompt: Given the scenario shown on the video, you think this situation ends well or poorly? (Use only one word to answer)
Image size: 15512 bytes
Response status code: 200
{'model': 'llava-llama3', 'created_at': '2025-12-06T21:17:55.997241168Z', 'message': {'role': 'assistant', 'content': 'Well'}, 'done': True, 'done_reason': 'stop', 'total_duration': 529644713, 'load_duration': 152578978, 'prompt_eval_count': 611, 'prompt_eval_duration': 288078695, 'eval_count': 2, 'eval_duration': 11727323}
Response: Well
Analyzing frame 35/110...
Prompt: Given the scenario shown on the video, you think this situation ends well or poorly? (Use only one word to answer)
Image size: 15608 bytes
Response status code: 200
{'model': 'llava-llama3', 'created_at': '2025-12-06T21:18:08.479871367Z', 'message': {'role': 'assistant', 'content': 'Well'}, 'done': True, 'done_reason': 'stop', 'total_duration': 11441162806, 'load_duration': 11024803444, 'prompt_eval_count': 611, 'prompt_eval_duration': 304465994, 'eval_count': 2, 'eval_duration': 11695809}
Response: Well
Analyzing frame 36/110...
Prompt: Given the scenario shown on the video, you think this situation ends well or poorly? (Use only one word to answer)
Image size: 15776 bytes
Response status code: 200
{'model': 'llava-llama3', 'created_at': '2025-12-06T21:18:22.131738511Z', 'message': {'role': 'assistant', 'content': 'Well'}, 'done': True, 'done_reason': 'stop', 'total_duration': 12612723575, 'load_duration': 12210925299, 'prompt_eval_count': 611, 'prompt_eval_duration': 303858024, 'eval_count': 2, 'eval_duration': 11995884}
Response: Well
Analyzing frame 37/110...
Prompt: Given the scenario shown on the video, you think this situation ends well or poorly? (Use only one word to answer)
Image size: 16344 bytes
Response status code: 200
{'model': 'llava-llama3', 'created_at': '2025-12-06T21:18:23.670131466Z', 'message': {'role': 'assistant', 'content': 'Well'}, 'done': True, 'done_reason': 'stop', 'total_duration': 504442668, 'load_duration': 139007550, 'prompt_eval_count': 611, 'prompt_eval_duration': 291317134, 'eval_count': 2, 'eval_duration': 11513193}
Response: Well
Analyzing frame 38/110...
Prompt: Given the scenario shown on the video, you think this situation ends well or poorly? (Use only one word to answer)
Image size: 16756 bytes
Response status code: 200
{'model': 'llava-llama3', 'created_at': '2025-12-06T21:18:36.108358824Z', 'message': {'role': 'assistant', 'content': 'Well'}, 'done': True, 'done_reason': 'stop', 'total_duration': 11400434830, 'load_duration': 10974864261, 'prompt_eval_count': 611, 'prompt_eval_duration': 324620749, 'eval_count': 2, 'eval_duration': 11663186}
Response: Well
Analyzing frame 39/110...
Prompt: Given the scenario shown on the video, you think this situation ends well or poorly? (Use only one word to answer)
Image size: 17444 bytes
Response status code: 200
{'model': 'llava-llama3', 'created_at': '2025-12-06T21:18:49.594541749Z', 'message': {'role': 'assistant', 'content': 'Well'}, 'done': True, 'done_reason': 'stop', 'total_duration': 12448124845, 'load_duration': 12036627895, 'prompt_eval_count': 611, 'prompt_eval_duration': 314170161, 'eval_count': 2, 'eval_duration': 12000264}
Response: Well
Analyzing frame 40/110...
Prompt: Given the scenario shown on the video, you think this situation ends well or poorly? (Use only one word to answer)
Image size: 17156 bytes
Response status code: 200
{'model': 'llava-llama3', 'created_at': '2025-12-06T21:18:51.153201868Z', 'message': {'role': 'assistant', 'content': 'Well'}, 'done': True, 'done_reason': 'stop', 'total_duration': 521155294, 'load_duration': 167312599, 'prompt_eval_count': 611, 'prompt_eval_duration': 285329342, 'eval_count': 2, 'eval_duration': 11494465}
Response: Well
Analyzing frame 41/110...
Prompt: Given the scenario shown on the video, you think this situation ends well or poorly? (Use only one word to answer)
Image size: 16700 bytes
Response status code: 200
{'model': 'llava-llama3', 'created_at': '2025-12-06T21:19:03.567803902Z', 'message': {'role': 'assistant', 'content': 'Well'}, 'done': True, 'done_reason': 'stop', 'total_duration': 11385540656, 'load_duration': 10981258156, 'prompt_eval_count': 611, 'prompt_eval_duration': 304368330, 'eval_count': 2, 'eval_duration': 11673604}
Response: Well
Analyzing frame 42/110...
Prompt: Given the scenario shown on the video, you think this situation ends well or poorly? (Use only one word to answer)
Image size: 16636 bytes
Response status code: 200
{'model': 'llava-llama3', 'created_at': '2025-12-06T21:19:05.172282321Z', 'message': {'role': 'assistant', 'content': 'Well'}, 'done': True, 'done_reason': 'stop', 'total_duration': 565073396, 'load_duration': 178306472, 'prompt_eval_count': 611, 'prompt_eval_duration': 287418345, 'eval_count': 2, 'eval_duration': 11607944}
Response: Well
Analyzing frame 43/110...
Prompt: Given the scenario shown on the video, you think this situation ends well or poorly? (Use only one word to answer)
Image size: 17216 bytes
Response status code: 200
{'model': 'llava-llama3', 'created_at': '2025-12-06T21:19:17.712934914Z', 'message': {'role': 'assistant', 'content': 'Well'}, 'done': True, 'done_reason': 'stop', 'total_duration': 11505489035, 'load_duration': 11092790668, 'prompt_eval_count': 611, 'prompt_eval_duration': 314616829, 'eval_count': 2, 'eval_duration': 11748518}
Response: Well
Analyzing frame 44/110...
Prompt: Given the scenario shown on the video, you think this situation ends well or poorly? (Use only one word to answer)
Image size: 17420 bytes
Response status code: 200
{'model': 'llava-llama3', 'created_at': '2025-12-06T21:19:31.32291714Z', 'message': {'role': 'assistant', 'content': 'Well'}, 'done': True, 'done_reason': 'stop', 'total_duration': 12572417795, 'load_duration': 12144593775, 'prompt_eval_count': 611, 'prompt_eval_duration': 320066143, 'eval_count': 2, 'eval_duration': 11547631}
Response: Well
Analyzing frame 45/110...
Prompt: Given the scenario shown on the video, you think this situation ends well or poorly? (Use only one word to answer)
Image size: 17648 bytes
Response status code: 200
{'model': 'llava-llama3', 'created_at': '2025-12-06T21:19:32.900187638Z', 'message': {'role': 'assistant', 'content': 'Well'}, 'done': True, 'done_reason': 'stop', 'total_duration': 539804243, 'load_duration': 183102150, 'prompt_eval_count': 611, 'prompt_eval_duration': 286106891, 'eval_count': 2, 'eval_duration': 11456549}
Response: Well
Analyzing frame 46/110...
Prompt: Given the scenario shown on the video, you think this situation ends well or poorly? (Use only one word to answer)
Image size: 18008 bytes
Response status code: 200
{'model': 'llava-llama3', 'created_at': '2025-12-06T21:19:45.461113268Z', 'message': {'role': 'assistant', 'content': 'Well'}, 'done': True, 'done_reason': 'stop', 'total_duration': 11520340384, 'load_duration': 11071794852, 'prompt_eval_count': 611, 'prompt_eval_duration': 318458608, 'eval_count': 2, 'eval_duration': 11941648}
Response: Well
Analyzing frame 47/110...
Prompt: Given the scenario shown on the video, you think this situation ends well or poorly? (Use only one word to answer)
Image size: 16988 bytes
Response status code: 200
{'model': 'llava-llama3', 'created_at': '2025-12-06T21:19:58.933447167Z', 'message': {'role': 'assistant', 'content': 'Well'}, 'done': True, 'done_reason': 'stop', 'total_duration': 12433768622, 'load_duration': 12029946601, 'prompt_eval_count': 611, 'prompt_eval_duration': 304607116, 'eval_count': 2, 'eval_duration': 11566426}
Response: Well
Analyzing frame 48/110...
Prompt: Given the scenario shown on the video, you think this situation ends well or poorly? (Use only one word to answer)
Image size: 16564 bytes
Response status code: 200
{'model': 'llava-llama3', 'created_at': '2025-12-06T21:20:12.609688295Z', 'message': {'role': 'assistant', 'content': 'Well'}, 'done': True, 'done_reason': 'stop', 'total_duration': 12637863285, 'load_duration': 12236742660, 'prompt_eval_count': 611, 'prompt_eval_duration': 304423406, 'eval_count': 2, 'eval_duration': 12895000}
Response: Well
Analyzing frame 49/110...
Prompt: Given the scenario shown on the video, you think this situation ends well or poorly? (Use only one word to answer)
Image size: 15796 bytes
Response status code: 200
{'model': 'llava-llama3', 'created_at': '2025-12-06T21:20:14.171042329Z', 'message': {'role': 'assistant', 'content': 'Well'}, 'done': True, 'done_reason': 'stop', 'total_duration': 523023303, 'load_duration': 159085083, 'prompt_eval_count': 611, 'prompt_eval_duration': 287240035, 'eval_count': 2, 'eval_duration': 11458823}
Response: Well
Analyzing frame 50/110...
Prompt: Given the scenario shown on the video, you think this situation ends well or poorly? (Use only one word to answer)
Image size: 15264 bytes
Response status code: 200
{'model': 'llava-llama3', 'created_at': '2025-12-06T21:20:26.732812333Z', 'message': {'role': 'assistant', 'content': 'Well'}, 'done': True, 'done_reason': 'stop', 'total_duration': 11523552093, 'load_duration': 11115993973, 'prompt_eval_count': 611, 'prompt_eval_duration': 306093716, 'eval_count': 2, 'eval_duration': 11714283}
Response: Well
Analyzing frame 51/110...
Prompt: Given the scenario shown on the video, you think this situation ends well or poorly? (Use only one word to answer)
Image size: 15112 bytes
Response status code: 200
{'model': 'llava-llama3', 'created_at': '2025-12-06T21:20:40.373629736Z', 'message': {'role': 'assistant', 'content': 'Well'}, 'done': True, 'done_reason': 'stop', 'total_duration': 12601457424, 'load_duration': 12183913468, 'prompt_eval_count': 611, 'prompt_eval_duration': 304438817, 'eval_count': 2, 'eval_duration': 11518230}
Response: Well
Analyzing frame 52/110...
Prompt: Given the scenario shown on the video, you think this situation ends well or poorly? (Use only one word to answer)
Image size: 14840 bytes
Response status code: 200
{'model': 'llava-llama3', 'created_at': '2025-12-06T21:20:41.941198339Z', 'message': {'role': 'assistant', 'content': 'Well'}, 'done': True, 'done_reason': 'stop', 'total_duration': 527887818, 'load_duration': 172594038, 'prompt_eval_count': 611, 'prompt_eval_duration': 285514741, 'eval_count': 2, 'eval_duration': 11471367}
Response: Well
Analyzing frame 53/110...
Prompt: Given the scenario shown on the video, you think this situation ends well or poorly? (Use only one word to answer)
Image size: 14940 bytes
Response status code: 200
{'model': 'llava-llama3', 'created_at': '2025-12-06T21:20:54.149012493Z', 'message': {'role': 'assistant', 'content': 'Well'}, 'done': True, 'done_reason': 'stop', 'total_duration': 11169120595, 'load_duration': 10754466668, 'prompt_eval_count': 611, 'prompt_eval_duration': 308577790, 'eval_count': 2, 'eval_duration': 11587681}
Response: Well
Analyzing frame 54/110...
Prompt: Given the scenario shown on the video, you think this situation ends well or poorly? (Use only one word to answer)
Image size: 15132 bytes
Response status code: 200
{'model': 'llava-llama3', 'created_at': '2025-12-06T21:21:07.582881483Z', 'message': {'role': 'assistant', 'content': 'Well'}, 'done': True, 'done_reason': 'stop', 'total_duration': 12398424902, 'load_duration': 11995673846, 'prompt_eval_count': 611, 'prompt_eval_duration': 305556242, 'eval_count': 2, 'eval_duration': 11668874}
Response: Well
Analyzing frame 55/110...
Prompt: Given the scenario shown on the video, you think this situation ends well or poorly? (Use only one word to answer)
Image size: 15368 bytes
Response status code: 200
{'model': 'llava-llama3', 'created_at': '2025-12-06T21:21:21.047392699Z', 'message': {'role': 'assistant', 'content': 'Well'}, 'done': True, 'done_reason': 'stop', 'total_duration': 12425347846, 'load_duration': 12002121340, 'prompt_eval_count': 611, 'prompt_eval_duration': 320109941, 'eval_count': 2, 'eval_duration': 11637233}
Response: Well
Analyzing frame 56/110...
Prompt: Given the scenario shown on the video, you think this situation ends well or poorly? (Use only one word to answer)
Image size: 15512 bytes
Response status code: 200
{'model': 'llava-llama3', 'created_at': '2025-12-06T21:21:34.602201372Z', 'message': {'role': 'assistant', 'content': 'Well'}, 'done': True, 'done_reason': 'stop', 'total_duration': 12516765113, 'load_duration': 12103206063, 'prompt_eval_count': 611, 'prompt_eval_duration': 305850559, 'eval_count': 2, 'eval_duration': 11596703}
Response: Well
Analyzing frame 57/110...
Prompt: Given the scenario shown on the video, you think this situation ends well or poorly? (Use only one word to answer)
Image size: 16236 bytes
Response status code: 200
{'model': 'llava-llama3', 'created_at': '2025-12-06T21:21:48.309951154Z', 'message': {'role': 'assistant', 'content': 'Well'}, 'done': True, 'done_reason': 'stop', 'total_duration': 12670142461, 'load_duration': 12251809690, 'prompt_eval_count': 611, 'prompt_eval_duration': 305486334, 'eval_count': 2, 'eval_duration': 11566703}
Response: Well
Analyzing frame 58/110...
Prompt: Given the scenario shown on the video, you think this situation ends well or poorly? (Use only one word to answer)
Image size: 16396 bytes
Response status code: 200
{'model': 'llava-llama3', 'created_at': '2025-12-06T21:21:49.880478329Z', 'message': {'role': 'assistant', 'content': 'Well'}, 'done': True, 'done_reason': 'stop', 'total_duration': 541614593, 'load_duration': 185636618, 'prompt_eval_count': 611, 'prompt_eval_duration': 285701267, 'eval_count': 2, 'eval_duration': 11464322}
Response: Well
Analyzing frame 59/110...
Prompt: Given the scenario shown on the video, you think this situation ends well or poorly? (Use only one word to answer)
Image size: 16620 bytes
Response status code: 200
{'model': 'llava-llama3', 'created_at': '2025-12-06T21:22:02.178459144Z', 'message': {'role': 'assistant', 'content': 'Well'}, 'done': True, 'done_reason': 'stop', 'total_duration': 11262875766, 'load_duration': 10832520769, 'prompt_eval_count': 611, 'prompt_eval_duration': 317816203, 'eval_count': 2, 'eval_duration': 11603411}
Response: Well
Analyzing frame 60/110...
Prompt: Given the scenario shown on the video, you think this situation ends well or poorly? (Use only one word to answer)
Image size: 16848 bytes
Response status code: 200
{'model': 'llava-llama3', 'created_at': '2025-12-06T21:22:03.726009958Z', 'message': {'role': 'assistant', 'content': 'Well'}, 'done': True, 'done_reason': 'stop', 'total_duration': 511223535, 'load_duration': 142930768, 'prompt_eval_count': 611, 'prompt_eval_duration': 286337881, 'eval_count': 2, 'eval_duration': 11485228}
Response: Well
Analyzing frame 61/110...
Prompt: Given the scenario shown on the video, you think this situation ends well or poorly? (Use only one word to answer)
Image size: 17356 bytes
Response status code: 200
{'model': 'llava-llama3', 'created_at': '2025-12-06T21:22:16.157930574Z', 'message': {'role': 'assistant', 'content': 'Poorly'}, 'done': True, 'done_reason': 'stop', 'total_duration': 11393272174, 'load_duration': 10972241044, 'prompt_eval_count': 611, 'prompt_eval_duration': 306589917, 'eval_count': 3, 'eval_duration': 22866257}
Response: Poorly
Analyzing frame 62/110...
Prompt: Given the scenario shown on the video, you think this situation ends well or poorly? (Use only one word to answer)
Image size: 18024 bytes
Response status code: 200
{'model': 'llava-llama3', 'created_at': '2025-12-06T21:22:17.72642416Z', 'message': {'role': 'assistant', 'content': 'Well'}, 'done': True, 'done_reason': 'stop', 'total_duration': 532025093, 'load_duration': 163624638, 'prompt_eval_count': 611, 'prompt_eval_duration': 285980095, 'eval_count': 2, 'eval_duration': 11485152}
Response: Well
Analyzing frame 63/110...
Prompt: Given the scenario shown on the video, you think this situation ends well or poorly? (Use only one word to answer)
Image size: 18832 bytes
Response status code: 200
{'model': 'llava-llama3', 'created_at': '2025-12-06T21:22:30.140241358Z', 'message': {'role': 'assistant', 'content': 'Well'}, 'done': True, 'done_reason': 'stop', 'total_duration': 11376572206, 'load_duration': 10955488108, 'prompt_eval_count': 611, 'prompt_eval_duration': 320606749, 'eval_count': 2, 'eval_duration': 11643026}
Response: Well
Analyzing frame 64/110...
Prompt: Given the scenario shown on the video, you think this situation ends well or poorly? (Use only one word to answer)
Image size: 19304 bytes
Response status code: 200
{'model': 'llava-llama3', 'created_at': '2025-12-06T21:22:43.758609254Z', 'message': {'role': 'assistant', 'content': 'Well'}, 'done': True, 'done_reason': 'stop', 'total_duration': 12579098791, 'load_duration': 12153883295, 'prompt_eval_count': 611, 'prompt_eval_duration': 319807347, 'eval_count': 2, 'eval_duration': 11565933}
Response: Well
Analyzing frame 65/110...
Prompt: Given the scenario shown on the video, you think this situation ends well or poorly? (Use only one word to answer)
Image size: 19692 bytes
Response status code: 200
{'model': 'llava-llama3', 'created_at': '2025-12-06T21:22:57.257526107Z', 'message': {'role': 'assistant', 'content': 'Well'}, 'done': True, 'done_reason': 'stop', 'total_duration': 12462966858, 'load_duration': 12056105573, 'prompt_eval_count': 611, 'prompt_eval_duration': 304734692, 'eval_count': 2, 'eval_duration': 11538036}
Response: Well
Analyzing frame 66/110...
Prompt: Given the scenario shown on the video, you think this situation ends well or poorly? (Use only one word to answer)
Image size: 20084 bytes
Response status code: 200
{'model': 'llava-llama3', 'created_at': '2025-12-06T21:23:10.694636204Z', 'message': {'role': 'assistant', 'content': 'Well'}, 'done': True, 'done_reason': 'stop', 'total_duration': 12398276458, 'load_duration': 11987981859, 'prompt_eval_count': 611, 'prompt_eval_duration': 305536438, 'eval_count': 2, 'eval_duration': 12141321}
Response: Well
Analyzing frame 67/110...
Prompt: Given the scenario shown on the video, you think this situation ends well or poorly? (Use only one word to answer)
Image size: 19968 bytes
Response status code: 200
{'model': 'llava-llama3', 'created_at': '2025-12-06T21:23:12.235571131Z', 'message': {'role': 'assistant', 'content': 'Well'}, 'done': True, 'done_reason': 'stop', 'total_duration': 504507041, 'load_duration': 144807275, 'prompt_eval_count': 611, 'prompt_eval_duration': 288867719, 'eval_count': 2, 'eval_duration': 11477908}
Response: Well
Analyzing frame 68/110...
Prompt: Given the scenario shown on the video, you think this situation ends well or poorly? (Use only one word to answer)
Image size: 19600 bytes
Response status code: 200
{'model': 'llava-llama3', 'created_at': '2025-12-06T21:23:24.544801209Z', 'message': {'role': 'assistant', 'content': 'Well'}, 'done': True, 'done_reason': 'stop', 'total_duration': 11273082844, 'load_duration': 10841203589, 'prompt_eval_count': 611, 'prompt_eval_duration': 312698887, 'eval_count': 2, 'eval_duration': 11613204}
Response: Well
Analyzing frame 69/110...
Prompt: Given the scenario shown on the video, you think this situation ends well or poorly? (Use only one word to answer)
Image size: 18876 bytes
Response status code: 200
{'model': 'llava-llama3', 'created_at': '2025-12-06T21:23:38.272642223Z', 'message': {'role': 'assistant', 'content': 'Well'}, 'done': True, 'done_reason': 'stop', 'total_duration': 12689455231, 'load_duration': 12279810766, 'prompt_eval_count': 611, 'prompt_eval_duration': 302354098, 'eval_count': 2, 'eval_duration': 11695687}
Response: Well
Analyzing frame 70/110...
Prompt: Given the scenario shown on the video, you think this situation ends well or poorly? (Use only one word to answer)
Image size: 18228 bytes
Response status code: 200
{'model': 'llava-llama3', 'created_at': '2025-12-06T21:23:52.051067178Z', 'message': {'role': 'assistant', 'content': 'Well'}, 'done': True, 'done_reason': 'stop', 'total_duration': 12744139798, 'load_duration': 12325965136, 'prompt_eval_count': 611, 'prompt_eval_duration': 311917441, 'eval_count': 2, 'eval_duration': 11685694}
Response: Well
Analyzing frame 71/110...
Prompt: Given the scenario shown on the video, you think this situation ends well or poorly? (Use only one word to answer)
Image size: 18060 bytes
Response status code: 200
{'model': 'llava-llama3', 'created_at': '2025-12-06T21:23:53.624984629Z', 'message': {'role': 'assistant', 'content': 'Well'}, 'done': True, 'done_reason': 'stop', 'total_duration': 539542795, 'load_duration': 160754674, 'prompt_eval_count': 611, 'prompt_eval_duration': 286611294, 'eval_count': 2, 'eval_duration': 11483540}
Response: Well
Analyzing frame 72/110...
Prompt: Given the scenario shown on the video, you think this situation ends well or poorly? (Use only one word to answer)
Image size: 18048 bytes
Response status code: 200
{'model': 'llava-llama3', 'created_at': '2025-12-06T21:24:06.064600046Z', 'message': {'role': 'assistant', 'content': 'Well'}, 'done': True, 'done_reason': 'stop', 'total_duration': 11400121832, 'load_duration': 10994129451, 'prompt_eval_count': 611, 'prompt_eval_duration': 305086518, 'eval_count': 2, 'eval_duration': 11943629}
Response: Well
Analyzing frame 73/110...
Prompt: Given the scenario shown on the video, you think this situation ends well or poorly? (Use only one word to answer)
Image size: 17844 bytes
Response status code: 200
{'model': 'llava-llama3', 'created_at': '2025-12-06T21:24:07.610954758Z', 'message': {'role': 'assistant', 'content': 'Well'}, 'done': True, 'done_reason': 'stop', 'total_duration': 506808236, 'load_duration': 142846749, 'prompt_eval_count': 611, 'prompt_eval_duration': 288606895, 'eval_count': 2, 'eval_duration': 11529568}
Response: Well
Analyzing frame 74/110...
Prompt: Given the scenario shown on the video, you think this situation ends well or poorly? (Use only one word to answer)
Image size: 17276 bytes
Response status code: 200
{'model': 'llava-llama3', 'created_at': '2025-12-06T21:24:20.136166767Z', 'message': {'role': 'assistant', 'content': 'Well'}, 'done': True, 'done_reason': 'stop', 'total_duration': 11489189579, 'load_duration': 11057482057, 'prompt_eval_count': 611, 'prompt_eval_duration': 319488859, 'eval_count': 2, 'eval_duration': 11763230}
Response: Well
Analyzing frame 75/110...
Prompt: Given the scenario shown on the video, you think this situation ends well or poorly? (Use only one word to answer)
Image size: 17328 bytes
Response status code: 200
{'model': 'llava-llama3', 'created_at': '2025-12-06T21:24:21.703196163Z', 'message': {'role': 'assistant', 'content': 'Well'}, 'done': True, 'done_reason': 'stop', 'total_duration': 528643173, 'load_duration': 158699224, 'prompt_eval_count': 611, 'prompt_eval_duration': 286199525, 'eval_count': 2, 'eval_duration': 11732323}
Response: Well
Analyzing frame 76/110...
Prompt: Given the scenario shown on the video, you think this situation ends well or poorly? (Use only one word to answer)
Image size: 17664 bytes
Response status code: 200
{'model': 'llava-llama3', 'created_at': '2025-12-06T21:24:34.145539931Z', 'message': {'role': 'assistant', 'content': 'Well'}, 'done': True, 'done_reason': 'stop', 'total_duration': 11407531376, 'load_duration': 10999053012, 'prompt_eval_count': 611, 'prompt_eval_duration': 307980988, 'eval_count': 2, 'eval_duration': 11621944}
Response: Well
Analyzing frame 77/110...
Prompt: Given the scenario shown on the video, you think this situation ends well or poorly? (Use only one word to answer)
Image size: 17672 bytes
Response status code: 200
{'model': 'llava-llama3', 'created_at': '2025-12-06T21:24:35.715730296Z', 'message': {'role': 'assistant', 'content': 'Well'}, 'done': True, 'done_reason': 'stop', 'total_duration': 531416593, 'load_duration': 153299659, 'prompt_eval_count': 611, 'prompt_eval_duration': 286021800, 'eval_count': 2, 'eval_duration': 11498217}
Response: Well
Analyzing frame 78/110...
Prompt: Given the scenario shown on the video, you think this situation ends well or poorly? (Use only one word to answer)
Image size: 17932 bytes
Response status code: 200
{'model': 'llava-llama3', 'created_at': '2025-12-06T21:24:48.077098353Z', 'message': {'role': 'assistant', 'content': 'Well'}, 'done': True, 'done_reason': 'stop', 'total_duration': 11324962177, 'load_duration': 10891438284, 'prompt_eval_count': 611, 'prompt_eval_duration': 319802778, 'eval_count': 2, 'eval_duration': 16314837}
Response: Well
Analyzing frame 79/110...
Prompt: Given the scenario shown on the video, you think this situation ends well or poorly? (Use only one word to answer)
Image size: 18112 bytes
Response status code: 200
{'model': 'llava-llama3', 'created_at': '2025-12-06T21:24:49.666110605Z', 'message': {'role': 'assistant', 'content': 'Well'}, 'done': True, 'done_reason': 'stop', 'total_duration': 552329867, 'load_duration': 198641356, 'prompt_eval_count': 611, 'prompt_eval_duration': 287390909, 'eval_count': 2, 'eval_duration': 11574792}
Response: Well
Analyzing frame 80/110...
Prompt: Given the scenario shown on the video, you think this situation ends well or poorly? (Use only one word to answer)
Image size: 17956 bytes
Response status code: 200
{'model': 'llava-llama3', 'created_at': '2025-12-06T21:25:02.21500456Z', 'message': {'role': 'assistant', 'content': 'Well'}, 'done': True, 'done_reason': 'stop', 'total_duration': 11510939688, 'load_duration': 11112890120, 'prompt_eval_count': 611, 'prompt_eval_duration': 302485238, 'eval_count': 2, 'eval_duration': 11614287}
Response: Well
Analyzing frame 81/110...
Prompt: Given the scenario shown on the video, you think this situation ends well or poorly? (Use only one word to answer)
Image size: 17968 bytes
Response status code: 200
{'model': 'llava-llama3', 'created_at': '2025-12-06T21:25:03.773325359Z', 'message': {'role': 'assistant', 'content': 'Well'}, 'done': True, 'done_reason': 'stop', 'total_duration': 519511086, 'load_duration': 161537221, 'prompt_eval_count': 611, 'prompt_eval_duration': 286941393, 'eval_count': 2, 'eval_duration': 11473580}
Response: Well
Analyzing frame 82/110...
Prompt: Given the scenario shown on the video, you think this situation ends well or poorly? (Use only one word to answer)
Image size: 17972 bytes
Response status code: 200
{'model': 'llava-llama3', 'created_at': '2025-12-06T21:25:16.445090854Z', 'message': {'role': 'assistant', 'content': 'Well'}, 'done': True, 'done_reason': 'stop', 'total_duration': 11636307415, 'load_duration': 11234697227, 'prompt_eval_count': 611, 'prompt_eval_duration': 303809733, 'eval_count': 2, 'eval_duration': 11586392}
Response: Well
Analyzing frame 83/110...
Prompt: Given the scenario shown on the video, you think this situation ends well or poorly? (Use only one word to answer)
Image size: 17964 bytes
Response status code: 200
{'model': 'llava-llama3', 'created_at': '2025-12-06T21:25:18.025394933Z', 'message': {'role': 'assistant', 'content': 'Well'}, 'done': True, 'done_reason': 'stop', 'total_duration': 544112079, 'load_duration': 177261111, 'prompt_eval_count': 611, 'prompt_eval_duration': 286769669, 'eval_count': 2, 'eval_duration': 11699968}
Response: Well
Analyzing frame 84/110...
Prompt: Given the scenario shown on the video, you think this situation ends well or poorly? (Use only one word to answer)
Image size: 17972 bytes
Response status code: 200
{'model': 'llava-llama3', 'created_at': '2025-12-06T21:25:30.630314962Z', 'message': {'role': 'assistant', 'content': 'Well'}, 'done': True, 'done_reason': 'stop', 'total_duration': 11568360648, 'load_duration': 11123927511, 'prompt_eval_count': 611, 'prompt_eval_duration': 326645697, 'eval_count': 2, 'eval_duration': 11627386}
Response: Well
Analyzing frame 85/110...
Prompt: Given the scenario shown on the video, you think this situation ends well or poorly? (Use only one word to answer)
Image size: 18004 bytes
Response status code: 200
{'model': 'llava-llama3', 'created_at': '2025-12-06T21:25:44.264521833Z', 'message': {'role': 'assistant', 'content': 'Well'}, 'done': True, 'done_reason': 'stop', 'total_duration': 12595743646, 'load_duration': 12172151481, 'prompt_eval_count': 611, 'prompt_eval_duration': 320355515, 'eval_count': 2, 'eval_duration': 11592333}
Response: Well
Analyzing frame 86/110...
Prompt: Given the scenario shown on the video, you think this situation ends well or poorly? (Use only one word to answer)
Image size: 17972 bytes
Response status code: 200
{'model': 'llava-llama3', 'created_at': '2025-12-06T21:25:57.822500074Z', 'message': {'role': 'assistant', 'content': 'Well'}, 'done': True, 'done_reason': 'stop', 'total_duration': 12519482898, 'load_duration': 12122269067, 'prompt_eval_count': 611, 'prompt_eval_duration': 301910482, 'eval_count': 2, 'eval_duration': 11753772}
Response: Well
Analyzing frame 87/110...
Prompt: Given the scenario shown on the video, you think this situation ends well or poorly? (Use only one word to answer)
Image size: 17996 bytes
Response status code: 200
{'model': 'llava-llama3', 'created_at': '2025-12-06T21:26:11.298333789Z', 'message': {'role': 'assistant', 'content': 'Well'}, 'done': True, 'done_reason': 'stop', 'total_duration': 12441514218, 'load_duration': 12036689158, 'prompt_eval_count': 611, 'prompt_eval_duration': 304312449, 'eval_count': 2, 'eval_duration': 13323277}
Response: Well
Analyzing frame 88/110...
Prompt: Given the scenario shown on the video, you think this situation ends well or poorly? (Use only one word to answer)
Image size: 17976 bytes
Response status code: 200
{'model': 'llava-llama3', 'created_at': '2025-12-06T21:26:25.187378699Z', 'message': {'role': 'assistant', 'content': 'Well'}, 'done': True, 'done_reason': 'stop', 'total_duration': 12854142725, 'load_duration': 12445192250, 'prompt_eval_count': 611, 'prompt_eval_duration': 312573545, 'eval_count': 2, 'eval_duration': 11540429}
Response: Well
Analyzing frame 89/110...
Prompt: Given the scenario shown on the video, you think this situation ends well or poorly? (Use only one word to answer)
Image size: 17980 bytes
Response status code: 200
{'model': 'llava-llama3', 'created_at': '2025-12-06T21:26:26.771940355Z', 'message': {'role': 'assistant', 'content': 'Well'}, 'done': True, 'done_reason': 'stop', 'total_duration': 548423497, 'load_duration': 176564818, 'prompt_eval_count': 611, 'prompt_eval_duration': 285953474, 'eval_count': 2, 'eval_duration': 11723076}
Response: Well
Analyzing frame 90/110...
Prompt: Given the scenario shown on the video, you think this situation ends well or poorly? (Use only one word to answer)
Image size: 17980 bytes
Response status code: 200
{'model': 'llava-llama3', 'created_at': '2025-12-06T21:26:38.894351916Z', 'message': {'role': 'assistant', 'content': 'Well'}, 'done': True, 'done_reason': 'stop', 'total_duration': 11082057861, 'load_duration': 10650351582, 'prompt_eval_count': 611, 'prompt_eval_duration': 318730679, 'eval_count': 2, 'eval_duration': 11603656}
Response: Well
Analyzing frame 91/110...
Prompt: Given the scenario shown on the video, you think this situation ends well or poorly? (Use only one word to answer)
Image size: 17996 bytes
Response status code: 200
{'model': 'llava-llama3', 'created_at': '2025-12-06T21:26:40.461649676Z', 'message': {'role': 'assistant', 'content': 'Well'}, 'done': True, 'done_reason': 'stop', 'total_duration': 530968145, 'load_duration': 162311218, 'prompt_eval_count': 611, 'prompt_eval_duration': 286543223, 'eval_count': 2, 'eval_duration': 11522164}
Response: Well
Analyzing frame 92/110...
Prompt: Given the scenario shown on the video, you think this situation ends well or poorly? (Use only one word to answer)
Image size: 17980 bytes
Response status code: 200
{'model': 'llava-llama3', 'created_at': '2025-12-06T21:26:52.93482693Z', 'message': {'role': 'assistant', 'content': 'Well'}, 'done': True, 'done_reason': 'stop', 'total_duration': 11430964483, 'load_duration': 11012448476, 'prompt_eval_count': 611, 'prompt_eval_duration': 306611804, 'eval_count': 2, 'eval_duration': 11534362}
Response: Well
Analyzing frame 93/110...
Prompt: Given the scenario shown on the video, you think this situation ends well or poorly? (Use only one word to answer)
Image size: 17980 bytes
Response status code: 200
{'model': 'llava-llama3', 'created_at': '2025-12-06T21:26:54.169596092Z', 'message': {'role': 'assistant', 'content': 'Well'}, 'done': True, 'done_reason': 'stop', 'total_duration': 198416712, 'load_duration': 164078600, 'prompt_eval_count': 611, 'prompt_eval_duration': 11976813, 'eval_count': 2, 'eval_duration': 12560279}
Response: Well
Analyzing frame 94/110...
Prompt: Given the scenario shown on the video, you think this situation ends well or poorly? (Use only one word to answer)
Image size: 17980 bytes
Response status code: 200
{'model': 'llava-llama3', 'created_at': '2025-12-06T21:27:06.84312524Z', 'message': {'role': 'assistant', 'content': 'Well'}, 'done': True, 'done_reason': 'stop', 'total_duration': 11634995982, 'load_duration': 11234190462, 'prompt_eval_count': 611, 'prompt_eval_duration': 303998590, 'eval_count': 2, 'eval_duration': 11700220}
Response: Well
Analyzing frame 95/110...
Prompt: Given the scenario shown on the video, you think this situation ends well or poorly? (Use only one word to answer)
Image size: 17996 bytes
Response status code: 200
{'model': 'llava-llama3', 'created_at': '2025-12-06T21:27:20.40874043Z', 'message': {'role': 'assistant', 'content': 'Well'}, 'done': True, 'done_reason': 'stop', 'total_duration': 12526289604, 'load_duration': 12078757605, 'prompt_eval_count': 611, 'prompt_eval_duration': 335307396, 'eval_count': 2, 'eval_duration': 11728498}
Response: Well
Analyzing frame 96/110...
Prompt: Given the scenario shown on the video, you think this situation ends well or poorly? (Use only one word to answer)
Image size: 17980 bytes
Response status code: 200
{'model': 'llava-llama3', 'created_at': '2025-12-06T21:27:21.982084938Z', 'message': {'role': 'assistant', 'content': 'Well'}, 'done': True, 'done_reason': 'stop', 'total_duration': 536782894, 'load_duration': 162026594, 'prompt_eval_count': 611, 'prompt_eval_duration': 287575320, 'eval_count': 2, 'eval_duration': 11520949}
Response: Well
Analyzing frame 97/110...
Prompt: Given the scenario shown on the video, you think this situation ends well or poorly? (Use only one word to answer)
Image size: 17980 bytes
Response status code: 200
{'model': 'llava-llama3', 'created_at': '2025-12-06T21:27:34.489794291Z', 'message': {'role': 'assistant', 'content': 'Well'}, 'done': True, 'done_reason': 'stop', 'total_duration': 11469349521, 'load_duration': 11053618355, 'prompt_eval_count': 611, 'prompt_eval_duration': 304188042, 'eval_count': 2, 'eval_duration': 11698384}
Response: Well
Analyzing frame 98/110...
Prompt: Given the scenario shown on the video, you think this situation ends well or poorly? (Use only one word to answer)
Image size: 18000 bytes
Response status code: 200
{'model': 'llava-llama3', 'created_at': '2025-12-06T21:27:48.09843625Z', 'message': {'role': 'assistant', 'content': 'Well'}, 'done': True, 'done_reason': 'stop', 'total_duration': 12570671963, 'load_duration': 12146719684, 'prompt_eval_count': 611, 'prompt_eval_duration': 321004242, 'eval_count': 2, 'eval_duration': 11929221}
Response: Well
Analyzing frame 99/110...
Prompt: Given the scenario shown on the video, you think this situation ends well or poorly? (Use only one word to answer)
Image size: 17992 bytes
Response status code: 200
{'model': 'llava-llama3', 'created_at': '2025-12-06T21:28:01.561994513Z', 'message': {'role': 'assistant', 'content': 'Well'}, 'done': True, 'done_reason': 'stop', 'total_duration': 12426050999, 'load_duration': 12009950369, 'prompt_eval_count': 611, 'prompt_eval_duration': 304883690, 'eval_count': 2, 'eval_duration': 11744591}
Response: Well
Analyzing frame 100/110...
Prompt: Given the scenario shown on the video, you think this situation ends well or poorly? (Use only one word to answer)
Image size: 17992 bytes
Response status code: 200
{'model': 'llava-llama3', 'created_at': '2025-12-06T21:28:02.801033061Z', 'message': {'role': 'assistant', 'content': 'Well'}, 'done': True, 'done_reason': 'stop', 'total_duration': 200990980, 'load_duration': 167746431, 'prompt_eval_count': 611, 'prompt_eval_duration': 11792401, 'eval_count': 2, 'eval_duration': 11897223}
Response: Well
Analyzing frame 101/110...
Prompt: Given the scenario shown on the video, you think this situation ends well or poorly? (Use only one word to answer)
Image size: 18012 bytes
Response status code: 200
{'model': 'llava-llama3', 'created_at': '2025-12-06T21:28:15.373831257Z', 'message': {'role': 'assistant', 'content': 'Well'}, 'done': True, 'done_reason': 'stop', 'total_duration': 11536269119, 'load_duration': 11113636663, 'prompt_eval_count': 611, 'prompt_eval_duration': 306185592, 'eval_count': 2, 'eval_duration': 13232907}
Response: Well
Analyzing frame 102/110...
Prompt: Given the scenario shown on the video, you think this situation ends well or poorly? (Use only one word to answer)
Image size: 17988 bytes
Response status code: 200
{'model': 'llava-llama3', 'created_at': '2025-12-06T21:28:16.962413043Z', 'message': {'role': 'assistant', 'content': 'Well'}, 'done': True, 'done_reason': 'stop', 'total_duration': 550871025, 'load_duration': 175655947, 'prompt_eval_count': 611, 'prompt_eval_duration': 285148776, 'eval_count': 2, 'eval_duration': 11652607}
Response: Well
Analyzing frame 103/110...
Prompt: Given the scenario shown on the video, you think this situation ends well or poorly? (Use only one word to answer)
Image size: 17996 bytes
Response status code: 200
{'model': 'llava-llama3', 'created_at': '2025-12-06T21:28:29.298446324Z', 'message': {'role': 'assistant', 'content': 'Well'}, 'done': True, 'done_reason': 'stop', 'total_duration': 11299834665, 'load_duration': 10891445924, 'prompt_eval_count': 611, 'prompt_eval_duration': 307352522, 'eval_count': 2, 'eval_duration': 11708953}
Response: Well
Analyzing frame 104/110...
Prompt: Given the scenario shown on the video, you think this situation ends well or poorly? (Use only one word to answer)
Image size: 18020 bytes
Response status code: 200
{'model': 'llava-llama3', 'created_at': '2025-12-06T21:28:30.849446659Z', 'message': {'role': 'assistant', 'content': 'Well'}, 'done': True, 'done_reason': 'stop', 'total_duration': 512944756, 'load_duration': 152895341, 'prompt_eval_count': 611, 'prompt_eval_duration': 291926737, 'eval_count': 2, 'eval_duration': 11494058}
Response: Well
Analyzing frame 105/110...
Prompt: Given the scenario shown on the video, you think this situation ends well or poorly? (Use only one word to answer)
Image size: 18020 bytes
Response status code: 200
{'model': 'llava-llama3', 'created_at': '2025-12-06T21:28:43.100534972Z', 'message': {'role': 'assistant', 'content': 'Well'}, 'done': True, 'done_reason': 'stop', 'total_duration': 11211110936, 'load_duration': 10788235975, 'prompt_eval_count': 611, 'prompt_eval_duration': 320586578, 'eval_count': 2, 'eval_duration': 11819949}
Response: Well
Analyzing frame 106/110...
Prompt: Given the scenario shown on the video, you think this situation ends well or poorly? (Use only one word to answer)
Image size: 17988 bytes
Response status code: 200
{'model': 'llava-llama3', 'created_at': '2025-12-06T21:28:44.6602789Z', 'message': {'role': 'assistant', 'content': 'Well'}, 'done': True, 'done_reason': 'stop', 'total_duration': 519874289, 'load_duration': 164175063, 'prompt_eval_count': 611, 'prompt_eval_duration': 286277162, 'eval_count': 2, 'eval_duration': 11536680}
Response: Well
Analyzing frame 107/110...
Prompt: Given the scenario shown on the video, you think this situation ends well or poorly? (Use only one word to answer)
Image size: 17988 bytes
Response status code: 200
{'model': 'llava-llama3', 'created_at': '2025-12-06T21:28:56.90580845Z', 'message': {'role': 'assistant', 'content': 'Well'}, 'done': True, 'done_reason': 'stop', 'total_duration': 11212522126, 'load_duration': 10810339137, 'prompt_eval_count': 611, 'prompt_eval_duration': 303009351, 'eval_count': 2, 'eval_duration': 12009386}
Response: Well
Analyzing frame 108/110...
Prompt: Given the scenario shown on the video, you think this situation ends well or poorly? (Use only one word to answer)
Image size: 17988 bytes
Response status code: 200
{'model': 'llava-llama3', 'created_at': '2025-12-06T21:29:10.333934837Z', 'message': {'role': 'assistant', 'content': 'Well'}, 'done': True, 'done_reason': 'stop', 'total_duration': 12391407200, 'load_duration': 11995265451, 'prompt_eval_count': 611, 'prompt_eval_duration': 302737749, 'eval_count': 2, 'eval_duration': 11785406}
Response: Well
Analyzing frame 109/110...
Prompt: Given the scenario shown on the video, you think this situation ends well or poorly? (Use only one word to answer)
Image size: 17988 bytes
Response status code: 200
{'model': 'llava-llama3', 'created_at': '2025-12-06T21:29:11.584403553Z', 'message': {'role': 'assistant', 'content': 'Well'}, 'done': True, 'done_reason': 'stop', 'total_duration': 214175216, 'load_duration': 185761853, 'prompt_eval_count': 611, 'prompt_eval_duration': 11006814, 'eval_count': 2, 'eval_duration': 10873906}
Response: Well
Analyzing frame 110/110...
Prompt: Given the scenario shown on the video, you think this situation ends well or poorly? (Use only one word to answer)
Image size: 17988 bytes
Response status code: 200
{'model': 'llava-llama3', 'created_at': '2025-12-06T21:29:23.975019312Z', 'message': {'role': 'assistant', 'content': 'Well'}, 'done': True, 'done_reason': 'stop', 'total_duration': 11352513278, 'load_duration': 10919451833, 'prompt_eval_count': 611, 'prompt_eval_duration': 321423824, 'eval_count': 2, 'eval_duration': 11657701}
Response: Well
Final prediction for 21_final.mp4: Well

Results saved to ./results/results_llavallama3.csv
Total videos processed: 618

==================================================
Processing video 7/30

Processing video: 22_final.mp4
Video info: 206 frames, 30.00 FPS, 6.87 seconds
Extracted 69 frames for analysis
Analyzing frame 1/69...
Prompt: Given the scenario shown on the video, you think this situation ends well or poorly? (Use only one word to answer)
Image size: 17840 bytes
Response status code: 200
{'model': 'llava-llama3', 'created_at': '2025-12-06T21:29:38.029836832Z', 'message': {'role': 'assistant', 'content': 'Well'}, 'done': True, 'done_reason': 'stop', 'total_duration': 10618217826, 'load_duration': 10220977225, 'prompt_eval_count': 611, 'prompt_eval_duration': 302714358, 'eval_count': 2, 'eval_duration': 11680994}
Response: Well
Analyzing frame 2/69...
Prompt: Given the scenario shown on the video, you think this situation ends well or poorly? (Use only one word to answer)
Image size: 17828 bytes
Response status code: 200
{'model': 'llava-llama3', 'created_at': '2025-12-06T21:29:39.591965879Z', 'message': {'role': 'assistant', 'content': 'Well'}, 'done': True, 'done_reason': 'stop', 'total_duration': 524554930, 'load_duration': 167886652, 'prompt_eval_count': 611, 'prompt_eval_duration': 287665999, 'eval_count': 2, 'eval_duration': 11497367}
Response: Well
Analyzing frame 3/69...
Prompt: Given the scenario shown on the video, you think this situation ends well or poorly? (Use only one word to answer)
Image size: 17936 bytes
Response status code: 200
{'model': 'llava-llama3', 'created_at': '2025-12-06T21:29:52.359894681Z', 'message': {'role': 'assistant', 'content': 'Well'}, 'done': True, 'done_reason': 'stop', 'total_duration': 11726388188, 'load_duration': 11307787206, 'prompt_eval_count': 611, 'prompt_eval_duration': 306298997, 'eval_count': 2, 'eval_duration': 11539605}
Response: Well
Analyzing frame 4/69...
Prompt: Given the scenario shown on the video, you think this situation ends well or poorly? (Use only one word to answer)
Image size: 17920 bytes
Response status code: 200
{'model': 'llava-llama3', 'created_at': '2025-12-06T21:29:53.950276342Z', 'message': {'role': 'assistant', 'content': 'Well'}, 'done': True, 'done_reason': 'stop', 'total_duration': 551153354, 'load_duration': 178303821, 'prompt_eval_count': 611, 'prompt_eval_duration': 285809689, 'eval_count': 2, 'eval_duration': 11557818}
Response: Well
Analyzing frame 5/69...
Prompt: Given the scenario shown on the video, you think this situation ends well or poorly? (Use only one word to answer)
Image size: 17916 bytes
Response status code: 200
{'model': 'llava-llama3', 'created_at': '2025-12-06T21:30:06.435020543Z', 'message': {'role': 'assistant', 'content': 'Well'}, 'done': True, 'done_reason': 'stop', 'total_duration': 11447884263, 'load_duration': 11020049704, 'prompt_eval_count': 611, 'prompt_eval_duration': 318520613, 'eval_count': 2, 'eval_duration': 11657373}
Response: Well
Analyzing frame 6/69...
Prompt: Given the scenario shown on the video, you think this situation ends well or poorly? (Use only one word to answer)
Image size: 17744 bytes
Response status code: 200
{'model': 'llava-llama3', 'created_at': '2025-12-06T21:30:07.991713942Z', 'message': {'role': 'assistant', 'content': 'Well'}, 'done': True, 'done_reason': 'stop', 'total_duration': 519095306, 'load_duration': 166371359, 'prompt_eval_count': 611, 'prompt_eval_duration': 286002614, 'eval_count': 2, 'eval_duration': 11474280}
Response: Well
Analyzing frame 7/69...
Prompt: Given the scenario shown on the video, you think this situation ends well or poorly? (Use only one word to answer)
Image size: 17708 bytes
Response status code: 200
{'model': 'llava-llama3', 'created_at': '2025-12-06T21:30:20.537678454Z', 'message': {'role': 'assistant', 'content': 'Well'}, 'done': True, 'done_reason': 'stop', 'total_duration': 11508559343, 'load_duration': 11106001640, 'prompt_eval_count': 611, 'prompt_eval_duration': 306584766, 'eval_count': 2, 'eval_duration': 11599127}
Response: Well
Analyzing frame 8/69...
Prompt: Given the scenario shown on the video, you think this situation ends well or poorly? (Use only one word to answer)
Image size: 17760 bytes
Response status code: 200
{'model': 'llava-llama3', 'created_at': '2025-12-06T21:30:22.125771315Z', 'message': {'role': 'assistant', 'content': 'Well'}, 'done': True, 'done_reason': 'stop', 'total_duration': 551530551, 'load_duration': 174453744, 'prompt_eval_count': 611, 'prompt_eval_duration': 286793303, 'eval_count': 2, 'eval_duration': 11496506}
Response: Well
Analyzing frame 9/69...
Prompt: Given the scenario shown on the video, you think this situation ends well or poorly? (Use only one word to answer)
Image size: 17768 bytes
Response status code: 200
{'model': 'llava-llama3', 'created_at': '2025-12-06T21:30:34.632559363Z', 'message': {'role': 'assistant', 'content': 'Well'}, 'done': True, 'done_reason': 'stop', 'total_duration': 11470305706, 'load_duration': 11053427795, 'prompt_eval_count': 611, 'prompt_eval_duration': 307595145, 'eval_count': 2, 'eval_duration': 11551801}
Response: Well
Analyzing frame 10/69...
Prompt: Given the scenario shown on the video, you think this situation ends well or poorly? (Use only one word to answer)
Image size: 17780 bytes
Response status code: 200
{'model': 'llava-llama3', 'created_at': '2025-12-06T21:30:36.225095915Z', 'message': {'role': 'assistant', 'content': 'Well'}, 'done': True, 'done_reason': 'stop', 'total_duration': 559765948, 'load_duration': 175891155, 'prompt_eval_count': 611, 'prompt_eval_duration': 293670430, 'eval_count': 2, 'eval_duration': 11539414}
Response: Well
Analyzing frame 11/69...
Prompt: Given the scenario shown on the video, you think this situation ends well or poorly? (Use only one word to answer)
Image size: 17764 bytes
Response status code: 200
{'model': 'llava-llama3', 'created_at': '2025-12-06T21:30:48.698182916Z', 'message': {'role': 'assistant', 'content': 'Well'}, 'done': True, 'done_reason': 'stop', 'total_duration': 11433401980, 'load_duration': 11029212061, 'prompt_eval_count': 611, 'prompt_eval_duration': 309439979, 'eval_count': 2, 'eval_duration': 11522021}
Response: Well
Analyzing frame 12/69...
Prompt: Given the scenario shown on the video, you think this situation ends well or poorly? (Use only one word to answer)
Image size: 17728 bytes
Response status code: 200
{'model': 'llava-llama3', 'created_at': '2025-12-06T21:30:50.24669459Z', 'message': {'role': 'assistant', 'content': 'Well'}, 'done': True, 'done_reason': 'stop', 'total_duration': 511137616, 'load_duration': 142180186, 'prompt_eval_count': 611, 'prompt_eval_duration': 303797110, 'eval_count': 2, 'eval_duration': 11722187}
Response: Well
Analyzing frame 13/69...
Prompt: Given the scenario shown on the video, you think this situation ends well or poorly? (Use only one word to answer)
Image size: 17900 bytes
Response status code: 200
{'model': 'llava-llama3', 'created_at': '2025-12-06T21:31:02.900798629Z', 'message': {'role': 'assistant', 'content': 'Well'}, 'done': True, 'done_reason': 'stop', 'total_duration': 11610892491, 'load_duration': 11184016392, 'prompt_eval_count': 611, 'prompt_eval_duration': 318732986, 'eval_count': 2, 'eval_duration': 12893516}
Response: Well
Analyzing frame 14/69...
Prompt: Given the scenario shown on the video, you think this situation ends well or poorly? (Use only one word to answer)
Image size: 17832 bytes
Response status code: 200
{'model': 'llava-llama3', 'created_at': '2025-12-06T21:31:04.497178814Z', 'message': {'role': 'assistant', 'content': 'Well'}, 'done': True, 'done_reason': 'stop', 'total_duration': 562670059, 'load_duration': 189738416, 'prompt_eval_count': 611, 'prompt_eval_duration': 286127473, 'eval_count': 2, 'eval_duration': 11527491}
Response: Well
Analyzing frame 15/69...
Prompt: Given the scenario shown on the video, you think this situation ends well or poorly? (Use only one word to answer)
Image size: 17872 bytes
Response status code: 200
{'model': 'llava-llama3', 'created_at': '2025-12-06T21:31:17.01886105Z', 'message': {'role': 'assistant', 'content': 'Well'}, 'done': True, 'done_reason': 'stop', 'total_duration': 11482545387, 'load_duration': 11080248471, 'prompt_eval_count': 611, 'prompt_eval_duration': 303041748, 'eval_count': 2, 'eval_duration': 11585296}
Response: Well
Analyzing frame 16/69...
Prompt: Given the scenario shown on the video, you think this situation ends well or poorly? (Use only one word to answer)
Image size: 17904 bytes
Response status code: 200
{'model': 'llava-llama3', 'created_at': '2025-12-06T21:31:18.614863805Z', 'message': {'role': 'assistant', 'content': 'Well'}, 'done': True, 'done_reason': 'stop', 'total_duration': 556917572, 'load_duration': 195277060, 'prompt_eval_count': 611, 'prompt_eval_duration': 287049496, 'eval_count': 2, 'eval_duration': 11571933}
Response: Well
Analyzing frame 17/69...
Prompt: Given the scenario shown on the video, you think this situation ends well or poorly? (Use only one word to answer)
Image size: 17924 bytes
Response status code: 200
{'model': 'llava-llama3', 'created_at': '2025-12-06T21:31:30.936479931Z', 'message': {'role': 'assistant', 'content': 'Well'}, 'done': True, 'done_reason': 'stop', 'total_duration': 11285076550, 'load_duration': 10858856972, 'prompt_eval_count': 611, 'prompt_eval_duration': 320808544, 'eval_count': 2, 'eval_duration': 11600766}
Response: Well
Analyzing frame 18/69...
Prompt: Given the scenario shown on the video, you think this situation ends well or poorly? (Use only one word to answer)
Image size: 17824 bytes
Response status code: 200
{'model': 'llava-llama3', 'created_at': '2025-12-06T21:31:32.443643717Z', 'message': {'role': 'assistant', 'content': 'Well'}, 'done': True, 'done_reason': 'stop', 'total_duration': 473023372, 'load_duration': 118697591, 'prompt_eval_count': 611, 'prompt_eval_duration': 288302227, 'eval_count': 2, 'eval_duration': 11507630}
Response: Well
Analyzing frame 19/69...
Prompt: Given the scenario shown on the video, you think this situation ends well or poorly? (Use only one word to answer)
Image size: 17900 bytes
Response status code: 200
{'model': 'llava-llama3', 'created_at': '2025-12-06T21:31:44.774618722Z', 'message': {'role': 'assistant', 'content': 'Well'}, 'done': True, 'done_reason': 'stop', 'total_duration': 11293644047, 'load_duration': 10869076587, 'prompt_eval_count': 611, 'prompt_eval_duration': 318175130, 'eval_count': 2, 'eval_duration': 11575414}
Response: Well
Analyzing frame 20/69...
Prompt: Given the scenario shown on the video, you think this situation ends well or poorly? (Use only one word to answer)
Image size: 17784 bytes
Response status code: 200
{'model': 'llava-llama3', 'created_at': '2025-12-06T21:31:46.327242502Z', 'message': {'role': 'assistant', 'content': 'Well'}, 'done': True, 'done_reason': 'stop', 'total_duration': 516266686, 'load_duration': 147728486, 'prompt_eval_count': 611, 'prompt_eval_duration': 287228420, 'eval_count': 2, 'eval_duration': 11645881}
Response: Well
Analyzing frame 21/69...
Prompt: Given the scenario shown on the video, you think this situation ends well or poorly? (Use only one word to answer)
Image size: 17872 bytes
Response status code: 200
{'model': 'llava-llama3', 'created_at': '2025-12-06T21:31:59.050961151Z', 'message': {'role': 'assistant', 'content': 'Well'}, 'done': True, 'done_reason': 'stop', 'total_duration': 11684713923, 'load_duration': 11278919872, 'prompt_eval_count': 611, 'prompt_eval_duration': 305565708, 'eval_count': 2, 'eval_duration': 11885006}
Response: Well
Analyzing frame 22/69...
Prompt: Given the scenario shown on the video, you think this situation ends well or poorly? (Use only one word to answer)
Image size: 17796 bytes
Response status code: 200
{'model': 'llava-llama3', 'created_at': '2025-12-06T21:32:12.602974885Z', 'message': {'role': 'assistant', 'content': 'Well'}, 'done': True, 'done_reason': 'stop', 'total_duration': 12518346311, 'load_duration': 12072274902, 'prompt_eval_count': 611, 'prompt_eval_duration': 325646872, 'eval_count': 2, 'eval_duration': 11929315}
Response: Well
Analyzing frame 23/69...
Prompt: Given the scenario shown on the video, you think this situation ends well or poorly? (Use only one word to answer)
Image size: 17892 bytes
Response status code: 200
{'model': 'llava-llama3', 'created_at': '2025-12-06T21:32:14.18343253Z', 'message': {'role': 'assistant', 'content': 'Well'}, 'done': True, 'done_reason': 'stop', 'total_duration': 544221241, 'load_duration': 175633493, 'prompt_eval_count': 611, 'prompt_eval_duration': 286153172, 'eval_count': 2, 'eval_duration': 11482929}
Response: Well
Analyzing frame 24/69...
Prompt: Given the scenario shown on the video, you think this situation ends well or poorly? (Use only one word to answer)
Image size: 18012 bytes
Response status code: 200
{'model': 'llava-llama3', 'created_at': '2025-12-06T21:32:26.51559363Z', 'message': {'role': 'assistant', 'content': 'Well'}, 'done': True, 'done_reason': 'stop', 'total_duration': 11294530927, 'load_duration': 10860710415, 'prompt_eval_count': 611, 'prompt_eval_duration': 316626343, 'eval_count': 2, 'eval_duration': 11597688}
Response: Well
Analyzing frame 25/69...
Prompt: Given the scenario shown on the video, you think this situation ends well or poorly? (Use only one word to answer)
Image size: 18324 bytes
Response status code: 200
{'model': 'llava-llama3', 'created_at': '2025-12-06T21:32:39.910765482Z', 'message': {'role': 'assistant', 'content': 'Well'}, 'done': True, 'done_reason': 'stop', 'total_duration': 12356856596, 'load_duration': 11925514301, 'prompt_eval_count': 611, 'prompt_eval_duration': 317265303, 'eval_count': 2, 'eval_duration': 11551207}
Response: Well
Analyzing frame 26/69...
Prompt: Given the scenario shown on the video, you think this situation ends well or poorly? (Use only one word to answer)
Image size: 18224 bytes
Response status code: 200
{'model': 'llava-llama3', 'created_at': '2025-12-06T21:32:41.526497507Z', 'message': {'role': 'assistant', 'content': 'Well'}, 'done': True, 'done_reason': 'stop', 'total_duration': 575392737, 'load_duration': 196735917, 'prompt_eval_count': 611, 'prompt_eval_duration': 288043733, 'eval_count': 2, 'eval_duration': 11476850}
Response: Well
Analyzing frame 27/69...
Prompt: Given the scenario shown on the video, you think this situation ends well or poorly? (Use only one word to answer)
Image size: 18344 bytes
Response status code: 200
{'model': 'llava-llama3', 'created_at': '2025-12-06T21:32:54.008930424Z', 'message': {'role': 'assistant', 'content': 'Well'}, 'done': True, 'done_reason': 'stop', 'total_duration': 11443385859, 'load_duration': 11024593063, 'prompt_eval_count': 611, 'prompt_eval_duration': 312048598, 'eval_count': 2, 'eval_duration': 11585525}
Response: Well
Analyzing frame 28/69...
Prompt: Given the scenario shown on the video, you think this situation ends well or poorly? (Use only one word to answer)
Image size: 18204 bytes
Response status code: 200
{'model': 'llava-llama3', 'created_at': '2025-12-06T21:33:07.572742808Z', 'message': {'role': 'assistant', 'content': 'Well'}, 'done': True, 'done_reason': 'stop', 'total_duration': 12523968169, 'load_duration': 12096947022, 'prompt_eval_count': 611, 'prompt_eval_duration': 309453490, 'eval_count': 2, 'eval_duration': 11733575}
Response: Well
Analyzing frame 29/69...
Prompt: Given the scenario shown on the video, you think this situation ends well or poorly? (Use only one word to answer)
Image size: 18040 bytes
Response status code: 200
{'model': 'llava-llama3', 'created_at': '2025-12-06T21:33:09.166060189Z', 'message': {'role': 'assistant', 'content': 'Well'}, 'done': True, 'done_reason': 'stop', 'total_duration': 564842207, 'load_duration': 185358703, 'prompt_eval_count': 611, 'prompt_eval_duration': 286359436, 'eval_count': 2, 'eval_duration': 11528256}
Response: Well
Analyzing frame 30/69...
Prompt: Given the scenario shown on the video, you think this situation ends well or poorly? (Use only one word to answer)
Image size: 18092 bytes
Response status code: 200
{'model': 'llava-llama3', 'created_at': '2025-12-06T21:33:21.699674468Z', 'message': {'role': 'assistant', 'content': 'Well'}, 'done': True, 'done_reason': 'stop', 'total_duration': 11492982819, 'load_duration': 11087773612, 'prompt_eval_count': 611, 'prompt_eval_duration': 302768037, 'eval_count': 2, 'eval_duration': 11977800}
Response: Well
Analyzing frame 31/69...
Prompt: Given the scenario shown on the video, you think this situation ends well or poorly? (Use only one word to answer)
Image size: 18196 bytes
Response status code: 200
{'model': 'llava-llama3', 'created_at': '2025-12-06T21:33:23.271629681Z', 'message': {'role': 'assistant', 'content': 'Poorly'}, 'done': True, 'done_reason': 'stop', 'total_duration': 534972306, 'load_duration': 140331906, 'prompt_eval_count': 611, 'prompt_eval_duration': 289193258, 'eval_count': 3, 'eval_duration': 22754927}
Response: Poorly
Analyzing frame 32/69...
Prompt: Given the scenario shown on the video, you think this situation ends well or poorly? (Use only one word to answer)
Image size: 18324 bytes
Response status code: 200
{'model': 'llava-llama3', 'created_at': '2025-12-06T21:33:35.691485118Z', 'message': {'role': 'assistant', 'content': 'Well'}, 'done': True, 'done_reason': 'stop', 'total_duration': 11383519137, 'load_duration': 10953445059, 'prompt_eval_count': 611, 'prompt_eval_duration': 329219728, 'eval_count': 2, 'eval_duration': 11577071}
Response: Well
Analyzing frame 33/69...
Prompt: Given the scenario shown on the video, you think this situation ends well or poorly? (Use only one word to answer)
Image size: 18332 bytes
Response status code: 200
{'model': 'llava-llama3', 'created_at': '2025-12-06T21:33:37.241128494Z', 'message': {'role': 'assistant', 'content': 'Well'}, 'done': True, 'done_reason': 'stop', 'total_duration': 513821828, 'load_duration': 159870817, 'prompt_eval_count': 611, 'prompt_eval_duration': 286098715, 'eval_count': 2, 'eval_duration': 11778373}
Response: Well
Analyzing frame 34/69...
Prompt: Given the scenario shown on the video, you think this situation ends well or poorly? (Use only one word to answer)
Image size: 18272 bytes
Response status code: 200
{'model': 'llava-llama3', 'created_at': '2025-12-06T21:33:49.676332377Z', 'message': {'role': 'assistant', 'content': 'Well'}, 'done': True, 'done_reason': 'stop', 'total_duration': 11397076525, 'load_duration': 10974370891, 'prompt_eval_count': 611, 'prompt_eval_duration': 317145100, 'eval_count': 2, 'eval_duration': 13146704}
Response: Well
Analyzing frame 35/69...
Prompt: Given the scenario shown on the video, you think this situation ends well or poorly? (Use only one word to answer)
Image size: 18368 bytes
Response status code: 200
{'model': 'llava-llama3', 'created_at': '2025-12-06T21:33:51.224700463Z', 'message': {'role': 'assistant', 'content': 'Well'}, 'done': True, 'done_reason': 'stop', 'total_duration': 518752111, 'load_duration': 163355384, 'prompt_eval_count': 611, 'prompt_eval_duration': 286534706, 'eval_count': 2, 'eval_duration': 11475328}
Response: Well
Analyzing frame 36/69...
Prompt: Given the scenario shown on the video, you think this situation ends well or poorly? (Use only one word to answer)
Image size: 18372 bytes
Response status code: 200
{'model': 'llava-llama3', 'created_at': '2025-12-06T21:34:03.512058228Z', 'message': {'role': 'assistant', 'content': 'Well'}, 'done': True, 'done_reason': 'stop', 'total_duration': 11248267469, 'load_duration': 10844699126, 'prompt_eval_count': 611, 'prompt_eval_duration': 304281351, 'eval_count': 2, 'eval_duration': 12012797}
Response: Well
Analyzing frame 37/69...
Prompt: Given the scenario shown on the video, you think this situation ends well or poorly? (Use only one word to answer)
Image size: 18512 bytes
Response status code: 200
{'model': 'llava-llama3', 'created_at': '2025-12-06T21:34:05.097556515Z', 'message': {'role': 'assistant', 'content': 'Well'}, 'done': True, 'done_reason': 'stop', 'total_duration': 547526744, 'load_duration': 180253909, 'prompt_eval_count': 611, 'prompt_eval_duration': 286456472, 'eval_count': 2, 'eval_duration': 11509020}
Response: Well
Analyzing frame 38/69...
Prompt: Given the scenario shown on the video, you think this situation ends well or poorly? (Use only one word to answer)
Image size: 18468 bytes
Response status code: 200
{'model': 'llava-llama3', 'created_at': '2025-12-06T21:34:17.301328806Z', 'message': {'role': 'assistant', 'content': 'Well'}, 'done': True, 'done_reason': 'stop', 'total_duration': 11165174669, 'load_duration': 10762756759, 'prompt_eval_count': 611, 'prompt_eval_duration': 304376587, 'eval_count': 2, 'eval_duration': 11612095}
Response: Well
Analyzing frame 39/69...
Prompt: Given the scenario shown on the video, you think this situation ends well or poorly? (Use only one word to answer)
Image size: 18384 bytes
Response status code: 200
{'model': 'llava-llama3', 'created_at': '2025-12-06T21:34:30.846895478Z', 'message': {'role': 'assistant', 'content': 'Well'}, 'done': True, 'done_reason': 'stop', 'total_duration': 12507397538, 'load_duration': 12104968865, 'prompt_eval_count': 611, 'prompt_eval_duration': 303383409, 'eval_count': 2, 'eval_duration': 11553939}
Response: Well
Analyzing frame 40/69...
Prompt: Given the scenario shown on the video, you think this situation ends well or poorly? (Use only one word to answer)
Image size: 18308 bytes
Response status code: 200
{'model': 'llava-llama3', 'created_at': '2025-12-06T21:34:32.409337089Z', 'message': {'role': 'assistant', 'content': 'Well'}, 'done': True, 'done_reason': 'stop', 'total_duration': 525683156, 'load_duration': 149515588, 'prompt_eval_count': 611, 'prompt_eval_duration': 289482775, 'eval_count': 2, 'eval_duration': 11495915}
Response: Well
Analyzing frame 41/69...
Prompt: Given the scenario shown on the video, you think this situation ends well or poorly? (Use only one word to answer)
Image size: 18292 bytes
Response status code: 200
{'model': 'llava-llama3', 'created_at': '2025-12-06T21:34:44.86105166Z', 'message': {'role': 'assistant', 'content': 'Well'}, 'done': True, 'done_reason': 'stop', 'total_duration': 11410829237, 'load_duration': 10992836156, 'prompt_eval_count': 611, 'prompt_eval_duration': 310600947, 'eval_count': 2, 'eval_duration': 11585888}
Response: Well
Analyzing frame 42/69...
Prompt: Given the scenario shown on the video, you think this situation ends well or poorly? (Use only one word to answer)
Image size: 18288 bytes
Response status code: 200
{'model': 'llava-llama3', 'created_at': '2025-12-06T21:34:46.419016879Z', 'message': {'role': 'assistant', 'content': 'Well'}, 'done': True, 'done_reason': 'stop', 'total_duration': 521041227, 'load_duration': 144006987, 'prompt_eval_count': 611, 'prompt_eval_duration': 286360508, 'eval_count': 2, 'eval_duration': 11463270}
Response: Well
Analyzing frame 43/69...
Prompt: Given the scenario shown on the video, you think this situation ends well or poorly? (Use only one word to answer)
Image size: 18296 bytes
Response status code: 200
{'model': 'llava-llama3', 'created_at': '2025-12-06T21:34:58.688332691Z', 'message': {'role': 'assistant', 'content': 'Well'}, 'done': True, 'done_reason': 'stop', 'total_duration': 11231400217, 'load_duration': 10827730115, 'prompt_eval_count': 611, 'prompt_eval_duration': 303808502, 'eval_count': 2, 'eval_duration': 11629085}
Response: Well
Analyzing frame 44/69...
Prompt: Given the scenario shown on the video, you think this situation ends well or poorly? (Use only one word to answer)
Image size: 18312 bytes
Response status code: 200
{'model': 'llava-llama3', 'created_at': '2025-12-06T21:35:12.207546367Z', 'message': {'role': 'assistant', 'content': 'Well'}, 'done': True, 'done_reason': 'stop', 'total_duration': 12483694827, 'load_duration': 12059542563, 'prompt_eval_count': 611, 'prompt_eval_duration': 318471064, 'eval_count': 2, 'eval_duration': 12499087}
Response: Well
Analyzing frame 45/69...
Prompt: Given the scenario shown on the video, you think this situation ends well or poorly? (Use only one word to answer)
Image size: 18300 bytes
Response status code: 200
{'model': 'llava-llama3', 'created_at': '2025-12-06T21:35:13.781531486Z', 'message': {'role': 'assistant', 'content': 'Well'}, 'done': True, 'done_reason': 'stop', 'total_duration': 539718217, 'load_duration': 186128876, 'prompt_eval_count': 611, 'prompt_eval_duration': 286085228, 'eval_count': 2, 'eval_duration': 11582975}
Response: Well
Analyzing frame 46/69...
Prompt: Given the scenario shown on the video, you think this situation ends well or poorly? (Use only one word to answer)
Image size: 18308 bytes
Response status code: 200
{'model': 'llava-llama3', 'created_at': '2025-12-06T21:35:26.384873065Z', 'message': {'role': 'assistant', 'content': 'Well'}, 'done': True, 'done_reason': 'stop', 'total_duration': 11569607535, 'load_duration': 11138310330, 'prompt_eval_count': 611, 'prompt_eval_duration': 306043076, 'eval_count': 2, 'eval_duration': 11592052}
Response: Well
Analyzing frame 47/69...
Prompt: Given the scenario shown on the video, you think this situation ends well or poorly? (Use only one word to answer)
Image size: 18300 bytes
Response status code: 200
{'model': 'llava-llama3', 'created_at': '2025-12-06T21:35:39.926664525Z', 'message': {'role': 'assistant', 'content': 'Well'}, 'done': True, 'done_reason': 'stop', 'total_duration': 12504638429, 'load_duration': 12074001289, 'prompt_eval_count': 611, 'prompt_eval_duration': 318292341, 'eval_count': 2, 'eval_duration': 11636501}
Response: Well
Analyzing frame 48/69...
Prompt: Given the scenario shown on the video, you think this situation ends well or poorly? (Use only one word to answer)
Image size: 18312 bytes
Response status code: 200
{'model': 'llava-llama3', 'created_at': '2025-12-06T21:35:41.502284404Z', 'message': {'role': 'assistant', 'content': 'Well'}, 'done': True, 'done_reason': 'stop', 'total_duration': 537152066, 'load_duration': 164428233, 'prompt_eval_count': 611, 'prompt_eval_duration': 285506915, 'eval_count': 2, 'eval_duration': 11549152}
Response: Well
Analyzing frame 49/69...
Prompt: Given the scenario shown on the video, you think this situation ends well or poorly? (Use only one word to answer)
Image size: 18304 bytes
Response status code: 200
{'model': 'llava-llama3', 'created_at': '2025-12-06T21:35:53.947114437Z', 'message': {'role': 'assistant', 'content': 'Poorly'}, 'done': True, 'done_reason': 'stop', 'total_duration': 11418624078, 'load_duration': 10987630977, 'prompt_eval_count': 611, 'prompt_eval_duration': 319986233, 'eval_count': 3, 'eval_duration': 22675931}
Response: Poorly
Analyzing frame 50/69...
Prompt: Given the scenario shown on the video, you think this situation ends well or poorly? (Use only one word to answer)
Image size: 18312 bytes
Response status code: 200
{'model': 'llava-llama3', 'created_at': '2025-12-06T21:36:07.58378149Z', 'message': {'role': 'assistant', 'content': 'Well'}, 'done': True, 'done_reason': 'stop', 'total_duration': 12596757414, 'load_duration': 12165567234, 'prompt_eval_count': 611, 'prompt_eval_duration': 318197992, 'eval_count': 2, 'eval_duration': 11583207}
Response: Well
Analyzing frame 51/69...
Prompt: Given the scenario shown on the video, you think this situation ends well or poorly? (Use only one word to answer)
Image size: 18308 bytes
Response status code: 200
{'model': 'llava-llama3', 'created_at': '2025-12-06T21:36:09.173012209Z', 'message': {'role': 'assistant', 'content': 'Well'}, 'done': True, 'done_reason': 'stop', 'total_duration': 554035508, 'load_duration': 179129375, 'prompt_eval_count': 611, 'prompt_eval_duration': 286297582, 'eval_count': 2, 'eval_duration': 11498894}
Response: Well
Analyzing frame 52/69...
Prompt: Given the scenario shown on the video, you think this situation ends well or poorly? (Use only one word to answer)
Image size: 18312 bytes
Response status code: 200
{'model': 'llava-llama3', 'created_at': '2025-12-06T21:36:21.673278995Z', 'message': {'role': 'assistant', 'content': 'Well'}, 'done': True, 'done_reason': 'stop', 'total_duration': 11460116770, 'load_duration': 11011287592, 'prompt_eval_count': 611, 'prompt_eval_duration': 319598433, 'eval_count': 2, 'eval_duration': 11873995}
Response: Well
Analyzing frame 53/69...
Prompt: Given the scenario shown on the video, you think this situation ends well or poorly? (Use only one word to answer)
Image size: 18304 bytes
Response status code: 200
{'model': 'llava-llama3', 'created_at': '2025-12-06T21:36:35.258363318Z', 'message': {'role': 'assistant', 'content': 'Well'}, 'done': True, 'done_reason': 'stop', 'total_duration': 12546567531, 'load_duration': 12147633929, 'prompt_eval_count': 611, 'prompt_eval_duration': 303409128, 'eval_count': 2, 'eval_duration': 11560744}
Response: Well
Analyzing frame 54/69...
Prompt: Given the scenario shown on the video, you think this situation ends well or poorly? (Use only one word to answer)
Image size: 18312 bytes
Response status code: 200
{'model': 'llava-llama3', 'created_at': '2025-12-06T21:36:48.879775336Z', 'message': {'role': 'assistant', 'content': 'Well'}, 'done': True, 'done_reason': 'stop', 'total_duration': 12582962175, 'load_duration': 12179938723, 'prompt_eval_count': 611, 'prompt_eval_duration': 304183051, 'eval_count': 2, 'eval_duration': 11599084}
Response: Well
Analyzing frame 55/69...
Prompt: Given the scenario shown on the video, you think this situation ends well or poorly? (Use only one word to answer)
Image size: 18304 bytes
Response status code: 200
{'model': 'llava-llama3', 'created_at': '2025-12-06T21:37:02.847804887Z', 'message': {'role': 'assistant', 'content': 'Well'}, 'done': True, 'done_reason': 'stop', 'total_duration': 12929105155, 'load_duration': 12491076068, 'prompt_eval_count': 611, 'prompt_eval_duration': 322254716, 'eval_count': 2, 'eval_duration': 11536199}
Response: Well
Analyzing frame 56/69...
Prompt: Given the scenario shown on the video, you think this situation ends well or poorly? (Use only one word to answer)
Image size: 18312 bytes
Response status code: 200
{'model': 'llava-llama3', 'created_at': '2025-12-06T21:37:04.40679315Z', 'message': {'role': 'assistant', 'content': 'Well'}, 'done': True, 'done_reason': 'stop', 'total_duration': 526333412, 'load_duration': 153025957, 'prompt_eval_count': 611, 'prompt_eval_duration': 285983507, 'eval_count': 2, 'eval_duration': 11455013}
Response: Well
Analyzing frame 57/69...
Prompt: Given the scenario shown on the video, you think this situation ends well or poorly? (Use only one word to answer)
Image size: 18300 bytes
Response status code: 200
{'model': 'llava-llama3', 'created_at': '2025-12-06T21:37:16.656620798Z', 'message': {'role': 'assistant', 'content': 'Well'}, 'done': True, 'done_reason': 'stop', 'total_duration': 11214628457, 'load_duration': 10818301850, 'prompt_eval_count': 611, 'prompt_eval_duration': 302419913, 'eval_count': 2, 'eval_duration': 11703462}
Response: Well
Analyzing frame 58/69...
Prompt: Given the scenario shown on the video, you think this situation ends well or poorly? (Use only one word to answer)
Image size: 18308 bytes
Response status code: 200
{'model': 'llava-llama3', 'created_at': '2025-12-06T21:37:18.193945123Z', 'message': {'role': 'assistant', 'content': 'Well'}, 'done': True, 'done_reason': 'stop', 'total_duration': 499088534, 'load_duration': 137967112, 'prompt_eval_count': 611, 'prompt_eval_duration': 289235161, 'eval_count': 2, 'eval_duration': 11609932}
Response: Well
Analyzing frame 59/69...
Prompt: Given the scenario shown on the video, you think this situation ends well or poorly? (Use only one word to answer)
Image size: 18296 bytes
Response status code: 200
{'model': 'llava-llama3', 'created_at': '2025-12-06T21:37:30.878688224Z', 'message': {'role': 'assistant', 'content': 'Well'}, 'done': True, 'done_reason': 'stop', 'total_duration': 11654913130, 'load_duration': 11235686790, 'prompt_eval_count': 611, 'prompt_eval_duration': 305625455, 'eval_count': 2, 'eval_duration': 11823959}
Response: Well
Analyzing frame 60/69...
Prompt: Given the scenario shown on the video, you think this situation ends well or poorly? (Use only one word to answer)
Image size: 18296 bytes
Response status code: 200
{'model': 'llava-llama3', 'created_at': '2025-12-06T21:37:32.425281476Z', 'message': {'role': 'assistant', 'content': 'Well'}, 'done': True, 'done_reason': 'stop', 'total_duration': 503456736, 'load_duration': 151523519, 'prompt_eval_count': 611, 'prompt_eval_duration': 286024539, 'eval_count': 2, 'eval_duration': 11531141}
Response: Well
Analyzing frame 61/69...
Prompt: Given the scenario shown on the video, you think this situation ends well or poorly? (Use only one word to answer)
Image size: 18300 bytes
Response status code: 200
{'model': 'llava-llama3', 'created_at': '2025-12-06T21:37:45.115407307Z', 'message': {'role': 'assistant', 'content': 'Well'}, 'done': True, 'done_reason': 'stop', 'total_duration': 11652560375, 'load_duration': 11248189645, 'prompt_eval_count': 611, 'prompt_eval_duration': 306286303, 'eval_count': 2, 'eval_duration': 11755040}
Response: Well
Analyzing frame 62/69...
Prompt: Given the scenario shown on the video, you think this situation ends well or poorly? (Use only one word to answer)
Image size: 18304 bytes
Response status code: 200
{'model': 'llava-llama3', 'created_at': '2025-12-06T21:37:46.68893385Z', 'message': {'role': 'assistant', 'content': 'Well'}, 'done': True, 'done_reason': 'stop', 'total_duration': 536804141, 'load_duration': 180888124, 'prompt_eval_count': 611, 'prompt_eval_duration': 286656263, 'eval_count': 2, 'eval_duration': 11479807}
Response: Well
Analyzing frame 63/69...
Prompt: Given the scenario shown on the video, you think this situation ends well or poorly? (Use only one word to answer)
Image size: 18300 bytes
Response status code: 200
{'model': 'llava-llama3', 'created_at': '2025-12-06T21:37:59.049253542Z', 'message': {'role': 'assistant', 'content': 'Well'}, 'done': True, 'done_reason': 'stop', 'total_duration': 11323996297, 'load_duration': 10917076063, 'prompt_eval_count': 611, 'prompt_eval_duration': 304644840, 'eval_count': 2, 'eval_duration': 11658126}
Response: Well
Analyzing frame 64/69...
Prompt: Given the scenario shown on the video, you think this situation ends well or poorly? (Use only one word to answer)
Image size: 18304 bytes
Response status code: 200
{'model': 'llava-llama3', 'created_at': '2025-12-06T21:38:00.626967124Z', 'message': {'role': 'assistant', 'content': 'Well'}, 'done': True, 'done_reason': 'stop', 'total_duration': 539174689, 'load_duration': 160512085, 'prompt_eval_count': 611, 'prompt_eval_duration': 290066544, 'eval_count': 2, 'eval_duration': 11616249}
Response: Well
Analyzing frame 65/69...
Prompt: Given the scenario shown on the video, you think this situation ends well or poorly? (Use only one word to answer)
Image size: 18312 bytes
Response status code: 200
{'model': 'llava-llama3', 'created_at': '2025-12-06T21:38:13.224996967Z', 'message': {'role': 'assistant', 'content': 'Well'}, 'done': True, 'done_reason': 'stop', 'total_duration': 11559696847, 'load_duration': 11159942404, 'prompt_eval_count': 611, 'prompt_eval_duration': 302585876, 'eval_count': 2, 'eval_duration': 11600433}
Response: Well
Analyzing frame 66/69...
Prompt: Given the scenario shown on the video, you think this situation ends well or poorly? (Use only one word to answer)
Image size: 18300 bytes
Response status code: 200
{'model': 'llava-llama3', 'created_at': '2025-12-06T21:38:14.802680477Z', 'message': {'role': 'assistant', 'content': 'Well'}, 'done': True, 'done_reason': 'stop', 'total_duration': 538644680, 'load_duration': 184616585, 'prompt_eval_count': 611, 'prompt_eval_duration': 286467814, 'eval_count': 2, 'eval_duration': 11483421}
Response: Well
Analyzing frame 67/69...
Prompt: Given the scenario shown on the video, you think this situation ends well or poorly? (Use only one word to answer)
Image size: 18304 bytes
Response status code: 200
{'model': 'llava-llama3', 'created_at': '2025-12-06T21:38:27.245239163Z', 'message': {'role': 'assistant', 'content': 'Well'}, 'done': True, 'done_reason': 'stop', 'total_duration': 11404105039, 'load_duration': 10982867440, 'prompt_eval_count': 611, 'prompt_eval_duration': 319944899, 'eval_count': 2, 'eval_duration': 11665274}
Response: Well
Analyzing frame 68/69...
Prompt: Given the scenario shown on the video, you think this situation ends well or poorly? (Use only one word to answer)
Image size: 18304 bytes
Response status code: 200
{'model': 'llava-llama3', 'created_at': '2025-12-06T21:38:28.509089477Z', 'message': {'role': 'assistant', 'content': 'Well'}, 'done': True, 'done_reason': 'stop', 'total_duration': 225235785, 'load_duration': 191540929, 'prompt_eval_count': 611, 'prompt_eval_duration': 11872879, 'eval_count': 2, 'eval_duration': 11837073}
Response: Well
Analyzing frame 69/69...
Prompt: Given the scenario shown on the video, you think this situation ends well or poorly? (Use only one word to answer)
Image size: 18304 bytes
Response status code: 200
{'model': 'llava-llama3', 'created_at': '2025-12-06T21:38:41.094767273Z', 'message': {'role': 'assistant', 'content': 'Well'}, 'done': True, 'done_reason': 'stop', 'total_duration': 11547100430, 'load_duration': 11124973018, 'prompt_eval_count': 611, 'prompt_eval_duration': 307109010, 'eval_count': 2, 'eval_duration': 11641193}
Response: Well
Final prediction for 22_final.mp4: Well

Results saved to ./results/results_llavallama3.csv
Total videos processed: 687

==================================================
Processing video 8/30

Processing video: 24_final.mp4
Video info: 374 frames, 30.00 FPS, 12.47 seconds
Extracted 125 frames for analysis
Analyzing frame 1/125...
Prompt: Given the scenario shown on the video, you think this situation ends well or poorly? (Use only one word to answer)
Image size: 38960 bytes
Response status code: 200
{'model': 'llava-llama3', 'created_at': '2025-12-06T21:39:01.079125996Z', 'message': {'role': 'assistant', 'content': 'Well'}, 'done': True, 'done_reason': 'stop', 'total_duration': 11279918188, 'load_duration': 10863476324, 'prompt_eval_count': 611, 'prompt_eval_duration': 305950155, 'eval_count': 2, 'eval_duration': 11665023}
Response: Well
Analyzing frame 2/125...
Prompt: Given the scenario shown on the video, you think this situation ends well or poorly? (Use only one word to answer)
Image size: 38392 bytes
Response status code: 200
{'model': 'llava-llama3', 'created_at': '2025-12-06T21:39:14.816742456Z', 'message': {'role': 'assistant', 'content': 'Well'}, 'done': True, 'done_reason': 'stop', 'total_duration': 12705237337, 'load_duration': 12290742930, 'prompt_eval_count': 611, 'prompt_eval_duration': 304040460, 'eval_count': 2, 'eval_duration': 11784717}
Response: Well
Analyzing frame 3/125...
Prompt: Given the scenario shown on the video, you think this situation ends well or poorly? (Use only one word to answer)
Image size: 37340 bytes
Response status code: 200
{'model': 'llava-llama3', 'created_at': '2025-12-06T21:39:28.729888468Z', 'message': {'role': 'assistant', 'content': 'Well'}, 'done': True, 'done_reason': 'stop', 'total_duration': 12876560190, 'load_duration': 12470966249, 'prompt_eval_count': 611, 'prompt_eval_duration': 304990969, 'eval_count': 2, 'eval_duration': 11631226}
Response: Well
Analyzing frame 4/125...
Prompt: Given the scenario shown on the video, you think this situation ends well or poorly? (Use only one word to answer)
Image size: 37344 bytes
Response status code: 200
{'model': 'llava-llama3', 'created_at': '2025-12-06T21:39:42.495293016Z', 'message': {'role': 'assistant', 'content': 'Well'}, 'done': True, 'done_reason': 'stop', 'total_duration': 12726345282, 'load_duration': 12310207380, 'prompt_eval_count': 611, 'prompt_eval_duration': 302761922, 'eval_count': 2, 'eval_duration': 11630228}
Response: Well
Analyzing frame 5/125...
Prompt: Given the scenario shown on the video, you think this situation ends well or poorly? (Use only one word to answer)
Image size: 37524 bytes
Response status code: 200
{'model': 'llava-llama3', 'created_at': '2025-12-06T21:39:56.173141795Z', 'message': {'role': 'assistant', 'content': 'Well'}, 'done': True, 'done_reason': 'stop', 'total_duration': 12641768023, 'load_duration': 12210747039, 'prompt_eval_count': 611, 'prompt_eval_duration': 310294911, 'eval_count': 2, 'eval_duration': 11541872}
Response: Well
Analyzing frame 6/125...
Prompt: Given the scenario shown on the video, you think this situation ends well or poorly? (Use only one word to answer)
Image size: 37076 bytes
Response status code: 200
{'model': 'llava-llama3', 'created_at': '2025-12-06T21:40:09.58893477Z', 'message': {'role': 'assistant', 'content': 'Well'}, 'done': True, 'done_reason': 'stop', 'total_duration': 12376979852, 'load_duration': 11957047990, 'prompt_eval_count': 611, 'prompt_eval_duration': 303073699, 'eval_count': 2, 'eval_duration': 11906386}
Response: Well
Analyzing frame 7/125...
Prompt: Given the scenario shown on the video, you think this situation ends well or poorly? (Use only one word to answer)
Image size: 40424 bytes
Response status code: 200
{'model': 'llava-llama3', 'created_at': '2025-12-06T21:40:23.432565689Z', 'message': {'role': 'assistant', 'content': 'Well'}, 'done': True, 'done_reason': 'stop', 'total_duration': 12803580956, 'load_duration': 12383761574, 'prompt_eval_count': 611, 'prompt_eval_duration': 320142086, 'eval_count': 2, 'eval_duration': 11902629}
Response: Well
Analyzing frame 8/125...
Prompt: Given the scenario shown on the video, you think this situation ends well or poorly? (Use only one word to answer)
Image size: 40364 bytes
Response status code: 200
{'model': 'llava-llama3', 'created_at': '2025-12-06T21:40:37.008495054Z', 'message': {'role': 'assistant', 'content': 'Well'}, 'done': True, 'done_reason': 'stop', 'total_duration': 12536020262, 'load_duration': 12114788851, 'prompt_eval_count': 611, 'prompt_eval_duration': 318594054, 'eval_count': 2, 'eval_duration': 11561219}
Response: Well
Analyzing frame 9/125...
Prompt: Given the scenario shown on the video, you think this situation ends well or poorly? (Use only one word to answer)
Image size: 39652 bytes
Response status code: 200
{'model': 'llava-llama3', 'created_at': '2025-12-06T21:40:50.354059742Z', 'message': {'role': 'assistant', 'content': 'Well'}, 'done': True, 'done_reason': 'stop', 'total_duration': 12306697985, 'load_duration': 11870290699, 'prompt_eval_count': 611, 'prompt_eval_duration': 306142059, 'eval_count': 2, 'eval_duration': 11585949}
Response: Well
Analyzing frame 10/125...
Prompt: Given the scenario shown on the video, you think this situation ends well or poorly? (Use only one word to answer)
Image size: 40440 bytes
Response status code: 200
{'model': 'llava-llama3', 'created_at': '2025-12-06T21:41:03.919121853Z', 'message': {'role': 'assistant', 'content': 'Well'}, 'done': True, 'done_reason': 'stop', 'total_duration': 12525796724, 'load_duration': 12102438056, 'prompt_eval_count': 611, 'prompt_eval_duration': 321438748, 'eval_count': 2, 'eval_duration': 11539587}
Response: Well
Analyzing frame 11/125...
Prompt: Given the scenario shown on the video, you think this situation ends well or poorly? (Use only one word to answer)
Image size: 39428 bytes
Response status code: 200
{'model': 'llava-llama3', 'created_at': '2025-12-06T21:41:17.663364799Z', 'message': {'role': 'assistant', 'content': 'Well'}, 'done': True, 'done_reason': 'stop', 'total_duration': 12712020134, 'load_duration': 12312066058, 'prompt_eval_count': 611, 'prompt_eval_duration': 303583392, 'eval_count': 2, 'eval_duration': 11561063}
Response: Well
Analyzing frame 12/125...
Prompt: Given the scenario shown on the video, you think this situation ends well or poorly? (Use only one word to answer)
Image size: 39296 bytes
Response status code: 200
{'model': 'llava-llama3', 'created_at': '2025-12-06T21:41:31.20175405Z', 'message': {'role': 'assistant', 'content': 'Well'}, 'done': True, 'done_reason': 'stop', 'total_duration': 12501120371, 'load_duration': 12077866577, 'prompt_eval_count': 611, 'prompt_eval_duration': 304724145, 'eval_count': 2, 'eval_duration': 11656654}
Response: Well
Analyzing frame 13/125...
Prompt: Given the scenario shown on the video, you think this situation ends well or poorly? (Use only one word to answer)
Image size: 39228 bytes
Response status code: 200
{'model': 'llava-llama3', 'created_at': '2025-12-06T21:41:44.779136328Z', 'message': {'role': 'assistant', 'content': 'Well'}, 'done': True, 'done_reason': 'stop', 'total_duration': 12545384054, 'load_duration': 12109483877, 'prompt_eval_count': 611, 'prompt_eval_duration': 319695085, 'eval_count': 2, 'eval_duration': 11701556}
Response: Well
Analyzing frame 14/125...
Prompt: Given the scenario shown on the video, you think this situation ends well or poorly? (Use only one word to answer)
Image size: 39176 bytes
Response status code: 200
{'model': 'llava-llama3', 'created_at': '2025-12-06T21:41:52.448520072Z', 'message': {'role': 'assistant', 'content': 'Well'}, 'done': True, 'done_reason': 'stop', 'total_duration': 6634436053, 'load_duration': 6227918670, 'prompt_eval_count': 611, 'prompt_eval_duration': 304707884, 'eval_count': 2, 'eval_duration': 11593211}
Response: Well
Analyzing frame 15/125...
Prompt: Given the scenario shown on the video, you think this situation ends well or poorly? (Use only one word to answer)
Image size: 39040 bytes
Response status code: 200
{'model': 'llava-llama3', 'created_at': '2025-12-06T21:41:59.936226345Z', 'message': {'role': 'assistant', 'content': 'Well'}, 'done': True, 'done_reason': 'stop', 'total_duration': 6449863991, 'load_duration': 6032520279, 'prompt_eval_count': 611, 'prompt_eval_duration': 303868249, 'eval_count': 2, 'eval_duration': 11580881}
Response: Well
Analyzing frame 16/125...
Prompt: Given the scenario shown on the video, you think this situation ends well or poorly? (Use only one word to answer)
Image size: 39032 bytes
Response status code: 200
{'model': 'llava-llama3', 'created_at': '2025-12-06T21:42:07.481515861Z', 'message': {'role': 'assistant', 'content': 'Well'}, 'done': True, 'done_reason': 'stop', 'total_duration': 6508979861, 'load_duration': 6080099070, 'prompt_eval_count': 611, 'prompt_eval_duration': 320327296, 'eval_count': 2, 'eval_duration': 12942147}
Response: Well
Analyzing frame 17/125...
Prompt: Given the scenario shown on the video, you think this situation ends well or poorly? (Use only one word to answer)
Image size: 41716 bytes
Response status code: 200
{'model': 'llava-llama3', 'created_at': '2025-12-06T21:42:14.886049768Z', 'message': {'role': 'assistant', 'content': 'Well'}, 'done': True, 'done_reason': 'stop', 'total_duration': 6363488824, 'load_duration': 5927536858, 'prompt_eval_count': 611, 'prompt_eval_duration': 321328840, 'eval_count': 2, 'eval_duration': 11744240}
Response: Well
Analyzing frame 18/125...
Prompt: Given the scenario shown on the video, you think this situation ends well or poorly? (Use only one word to answer)
Image size: 42424 bytes
Response status code: 200
{'model': 'llava-llama3', 'created_at': '2025-12-06T21:42:22.527796167Z', 'message': {'role': 'assistant', 'content': 'Poorly'}, 'done': True, 'done_reason': 'stop', 'total_duration': 6621038680, 'load_duration': 6201543985, 'prompt_eval_count': 611, 'prompt_eval_duration': 306058692, 'eval_count': 3, 'eval_duration': 22832936}
Response: Poorly
Analyzing frame 19/125...
Prompt: Given the scenario shown on the video, you think this situation ends well or poorly? (Use only one word to answer)
Image size: 42400 bytes
Response status code: 200
{'model': 'llava-llama3', 'created_at': '2025-12-06T21:42:30.316975644Z', 'message': {'role': 'assistant', 'content': 'Well'}, 'done': True, 'done_reason': 'stop', 'total_duration': 6752168676, 'load_duration': 6328770865, 'prompt_eval_count': 611, 'prompt_eval_duration': 321306192, 'eval_count': 2, 'eval_duration': 11638886}
Response: Well
Analyzing frame 20/125...
Prompt: Given the scenario shown on the video, you think this situation ends well or poorly? (Use only one word to answer)
Image size: 42248 bytes
Response status code: 200
{'model': 'llava-llama3', 'created_at': '2025-12-06T21:42:37.84703297Z', 'message': {'role': 'assistant', 'content': 'Well'}, 'done': True, 'done_reason': 'stop', 'total_duration': 6490107196, 'load_duration': 6067111418, 'prompt_eval_count': 611, 'prompt_eval_duration': 320823158, 'eval_count': 2, 'eval_duration': 11632779}
Response: Well
Analyzing frame 21/125...
Prompt: Given the scenario shown on the video, you think this situation ends well or poorly? (Use only one word to answer)
Image size: 42208 bytes
Response status code: 200
{'model': 'llava-llama3', 'created_at': '2025-12-06T21:42:45.473400813Z', 'message': {'role': 'assistant', 'content': 'Well'}, 'done': True, 'done_reason': 'stop', 'total_duration': 6588718614, 'load_duration': 6187183135, 'prompt_eval_count': 611, 'prompt_eval_duration': 304096406, 'eval_count': 2, 'eval_duration': 11566380}
Response: Well
Analyzing frame 22/125...
Prompt: Given the scenario shown on the video, you think this situation ends well or poorly? (Use only one word to answer)
Image size: 42520 bytes
Response status code: 200
{'model': 'llava-llama3', 'created_at': '2025-12-06T21:42:53.000434685Z', 'message': {'role': 'assistant', 'content': 'Well'}, 'done': True, 'done_reason': 'stop', 'total_duration': 6507773772, 'load_duration': 6097377645, 'prompt_eval_count': 611, 'prompt_eval_duration': 302973021, 'eval_count': 2, 'eval_duration': 11596843}
Response: Well
Analyzing frame 23/125...
Prompt: Given the scenario shown on the video, you think this situation ends well or poorly? (Use only one word to answer)
Image size: 42628 bytes
Response status code: 200
{'model': 'llava-llama3', 'created_at': '2025-12-06T21:43:00.541032527Z', 'message': {'role': 'assistant', 'content': 'Well'}, 'done': True, 'done_reason': 'stop', 'total_duration': 6502818229, 'load_duration': 6053682274, 'prompt_eval_count': 611, 'prompt_eval_duration': 330182743, 'eval_count': 2, 'eval_duration': 11728848}
Response: Well
Analyzing frame 24/125...
Prompt: Given the scenario shown on the video, you think this situation ends well or poorly? (Use only one word to answer)
Image size: 42880 bytes
Response status code: 200
{'model': 'llava-llama3', 'created_at': '2025-12-06T21:43:07.897573461Z', 'message': {'role': 'assistant', 'content': 'Well'}, 'done': True, 'done_reason': 'stop', 'total_duration': 6321885430, 'load_duration': 5911861452, 'prompt_eval_count': 611, 'prompt_eval_duration': 306215195, 'eval_count': 2, 'eval_duration': 11623053}
Response: Well
Analyzing frame 25/125...
Prompt: Given the scenario shown on the video, you think this situation ends well or poorly? (Use only one word to answer)
Image size: 43352 bytes
Response status code: 200
{'model': 'llava-llama3', 'created_at': '2025-12-06T21:43:15.486724511Z', 'message': {'role': 'assistant', 'content': 'Well'}, 'done': True, 'done_reason': 'stop', 'total_duration': 6552925736, 'load_duration': 6133636973, 'prompt_eval_count': 611, 'prompt_eval_duration': 316071997, 'eval_count': 2, 'eval_duration': 11581576}
Response: Well
Analyzing frame 26/125...
Prompt: Given the scenario shown on the video, you think this situation ends well or poorly? (Use only one word to answer)
Image size: 43340 bytes
Response status code: 200
{'model': 'llava-llama3', 'created_at': '2025-12-06T21:43:23.121438678Z', 'message': {'role': 'assistant', 'content': 'Well'}, 'done': True, 'done_reason': 'stop', 'total_duration': 6596553868, 'load_duration': 6194444915, 'prompt_eval_count': 611, 'prompt_eval_duration': 305666016, 'eval_count': 2, 'eval_duration': 11789787}
Response: Well
Analyzing frame 27/125...
Prompt: Given the scenario shown on the video, you think this situation ends well or poorly? (Use only one word to answer)
Image size: 44608 bytes
Response status code: 200
{'model': 'llava-llama3', 'created_at': '2025-12-06T21:43:30.827759974Z', 'message': {'role': 'assistant', 'content': 'Well'}, 'done': True, 'done_reason': 'stop', 'total_duration': 6667937330, 'load_duration': 6239678115, 'prompt_eval_count': 611, 'prompt_eval_duration': 319191130, 'eval_count': 2, 'eval_duration': 11832535}
Response: Well
Analyzing frame 28/125...
Prompt: Given the scenario shown on the video, you think this situation ends well or poorly? (Use only one word to answer)
Image size: 45032 bytes
Response status code: 200
{'model': 'llava-llama3', 'created_at': '2025-12-06T21:43:38.268154828Z', 'message': {'role': 'assistant', 'content': 'Well'}, 'done': True, 'done_reason': 'stop', 'total_duration': 6397325344, 'load_duration': 5990746842, 'prompt_eval_count': 611, 'prompt_eval_duration': 304494131, 'eval_count': 2, 'eval_duration': 11718866}
Response: Well
Analyzing frame 29/125...
Prompt: Given the scenario shown on the video, you think this situation ends well or poorly? (Use only one word to answer)
Image size: 43968 bytes
Response status code: 200
{'model': 'llava-llama3', 'created_at': '2025-12-06T21:43:45.721036947Z', 'message': {'role': 'assistant', 'content': 'Poorly'}, 'done': True, 'done_reason': 'stop', 'total_duration': 6415112356, 'load_duration': 6002905693, 'prompt_eval_count': 611, 'prompt_eval_duration': 303222400, 'eval_count': 3, 'eval_duration': 22680439}
Response: Poorly
Analyzing frame 30/125...
Prompt: Given the scenario shown on the video, you think this situation ends well or poorly? (Use only one word to answer)
Image size: 42696 bytes
Response status code: 200
{'model': 'llava-llama3', 'created_at': '2025-12-06T21:43:53.251169423Z', 'message': {'role': 'assistant', 'content': 'Well'}, 'done': True, 'done_reason': 'stop', 'total_duration': 6492594790, 'load_duration': 6093633380, 'prompt_eval_count': 611, 'prompt_eval_duration': 302606375, 'eval_count': 2, 'eval_duration': 11648111}
Response: Well
Analyzing frame 31/125...
Prompt: Given the scenario shown on the video, you think this situation ends well or poorly? (Use only one word to answer)
Image size: 41520 bytes
Response status code: 200
{'model': 'llava-llama3', 'created_at': '2025-12-06T21:44:00.896387352Z', 'message': {'role': 'assistant', 'content': 'Well'}, 'done': True, 'done_reason': 'stop', 'total_duration': 6607425090, 'load_duration': 6161931967, 'prompt_eval_count': 611, 'prompt_eval_duration': 329992131, 'eval_count': 2, 'eval_duration': 11470636}
Response: Well
Analyzing frame 32/125...
Prompt: Given the scenario shown on the video, you think this situation ends well or poorly? (Use only one word to answer)
Image size: 40780 bytes
Response status code: 200
{'model': 'llava-llama3', 'created_at': '2025-12-06T21:44:08.444480959Z', 'message': {'role': 'assistant', 'content': 'Well'}, 'done': True, 'done_reason': 'stop', 'total_duration': 6509050644, 'load_duration': 6075429112, 'prompt_eval_count': 611, 'prompt_eval_duration': 321405349, 'eval_count': 2, 'eval_duration': 11603514}
Response: Well
Analyzing frame 33/125...
Prompt: Given the scenario shown on the video, you think this situation ends well or poorly? (Use only one word to answer)
Image size: 39496 bytes
Response status code: 200
{'model': 'llava-llama3', 'created_at': '2025-12-06T21:44:15.891343378Z', 'message': {'role': 'assistant', 'content': 'Well'}, 'done': True, 'done_reason': 'stop', 'total_duration': 6409717406, 'load_duration': 5984330951, 'prompt_eval_count': 611, 'prompt_eval_duration': 305931706, 'eval_count': 2, 'eval_duration': 12007906}
Response: Well
Analyzing frame 34/125...
Prompt: Given the scenario shown on the video, you think this situation ends well or poorly? (Use only one word to answer)
Image size: 39248 bytes
Response status code: 200
{'model': 'llava-llama3', 'created_at': '2025-12-06T21:44:23.331341788Z', 'message': {'role': 'assistant', 'content': 'Well'}, 'done': True, 'done_reason': 'stop', 'total_duration': 6406949941, 'load_duration': 5983735623, 'prompt_eval_count': 611, 'prompt_eval_duration': 319495889, 'eval_count': 2, 'eval_duration': 11653093}
Response: Well
Analyzing frame 35/125...
Prompt: Given the scenario shown on the video, you think this situation ends well or poorly? (Use only one word to answer)
Image size: 36792 bytes
Response status code: 200
{'model': 'llava-llama3', 'created_at': '2025-12-06T21:44:30.733828043Z', 'message': {'role': 'assistant', 'content': 'Well'}, 'done': True, 'done_reason': 'stop', 'total_duration': 6362448239, 'load_duration': 5956957672, 'prompt_eval_count': 611, 'prompt_eval_duration': 303845255, 'eval_count': 2, 'eval_duration': 12077849}
Response: Well
Analyzing frame 36/125...
Prompt: Given the scenario shown on the video, you think this situation ends well or poorly? (Use only one word to answer)
Image size: 35880 bytes
Response status code: 200
{'model': 'llava-llama3', 'created_at': '2025-12-06T21:44:38.258462512Z', 'message': {'role': 'assistant', 'content': 'Well'}, 'done': True, 'done_reason': 'stop', 'total_duration': 6485318858, 'load_duration': 6066907456, 'prompt_eval_count': 611, 'prompt_eval_duration': 319179244, 'eval_count': 2, 'eval_duration': 11572702}
Response: Well
Analyzing frame 37/125...
Prompt: Given the scenario shown on the video, you think this situation ends well or poorly? (Use only one word to answer)
Image size: 39784 bytes
Response status code: 200
{'model': 'llava-llama3', 'created_at': '2025-12-06T21:44:45.725201641Z', 'message': {'role': 'assistant', 'content': 'Well'}, 'done': True, 'done_reason': 'stop', 'total_duration': 6430687196, 'load_duration': 6026515509, 'prompt_eval_count': 611, 'prompt_eval_duration': 327042700, 'eval_count': 2, 'eval_duration': 11602873}
Response: Well
Analyzing frame 38/125...
Prompt: Given the scenario shown on the video, you think this situation ends well or poorly? (Use only one word to answer)
Image size: 39320 bytes
Response status code: 200
{'model': 'llava-llama3', 'created_at': '2025-12-06T21:44:53.313777442Z', 'message': {'role': 'assistant', 'content': 'Well'}, 'done': True, 'done_reason': 'stop', 'total_duration': 6551555582, 'load_duration': 6145703168, 'prompt_eval_count': 611, 'prompt_eval_duration': 304087761, 'eval_count': 2, 'eval_duration': 11776057}
Response: Well
Analyzing frame 39/125...
Prompt: Given the scenario shown on the video, you think this situation ends well or poorly? (Use only one word to answer)
Image size: 38564 bytes
Response status code: 200
{'model': 'llava-llama3', 'created_at': '2025-12-06T21:45:00.982034183Z', 'message': {'role': 'assistant', 'content': 'Well'}, 'done': True, 'done_reason': 'stop', 'total_duration': 6628468686, 'load_duration': 6182345137, 'prompt_eval_count': 611, 'prompt_eval_duration': 321402516, 'eval_count': 2, 'eval_duration': 11695366}
Response: Well
Analyzing frame 40/125...
Prompt: Given the scenario shown on the video, you think this situation ends well or poorly? (Use only one word to answer)
Image size: 38248 bytes
Response status code: 200
{'model': 'llava-llama3', 'created_at': '2025-12-06T21:45:08.526408288Z', 'message': {'role': 'assistant', 'content': 'Well'}, 'done': True, 'done_reason': 'stop', 'total_duration': 6505723681, 'load_duration': 6096324389, 'prompt_eval_count': 611, 'prompt_eval_duration': 306790969, 'eval_count': 2, 'eval_duration': 11641209}
Response: Well
Analyzing frame 41/125...
Prompt: Given the scenario shown on the video, you think this situation ends well or poorly? (Use only one word to answer)
Image size: 37532 bytes
Response status code: 200
{'model': 'llava-llama3', 'created_at': '2025-12-06T21:45:16.075719076Z', 'message': {'role': 'assistant', 'content': 'Well'}, 'done': True, 'done_reason': 'stop', 'total_duration': 6515402649, 'load_duration': 6112180617, 'prompt_eval_count': 611, 'prompt_eval_duration': 303930009, 'eval_count': 2, 'eval_duration': 11620437}
Response: Well
Analyzing frame 42/125...
Prompt: Given the scenario shown on the video, you think this situation ends well or poorly? (Use only one word to answer)
Image size: 36900 bytes
Response status code: 200
{'model': 'llava-llama3', 'created_at': '2025-12-06T21:45:23.710812162Z', 'message': {'role': 'assistant', 'content': 'Well'}, 'done': True, 'done_reason': 'stop', 'total_duration': 6601987168, 'load_duration': 6197567225, 'prompt_eval_count': 611, 'prompt_eval_duration': 303433814, 'eval_count': 2, 'eval_duration': 11598483}
Response: Well
Analyzing frame 43/125...
Prompt: Given the scenario shown on the video, you think this situation ends well or poorly? (Use only one word to answer)
Image size: 36148 bytes
Response status code: 200
{'model': 'llava-llama3', 'created_at': '2025-12-06T21:45:31.085657104Z', 'message': {'role': 'assistant', 'content': 'Well'}, 'done': True, 'done_reason': 'stop', 'total_duration': 6337960904, 'load_duration': 5928449072, 'prompt_eval_count': 611, 'prompt_eval_duration': 308835884, 'eval_count': 2, 'eval_duration': 11968155}
Response: Well
Analyzing frame 44/125...
Prompt: Given the scenario shown on the video, you think this situation ends well or poorly? (Use only one word to answer)
Image size: 36424 bytes
Response status code: 200
{'model': 'llava-llama3', 'created_at': '2025-12-06T21:45:38.841363444Z', 'message': {'role': 'assistant', 'content': 'Well'}, 'done': True, 'done_reason': 'stop', 'total_duration': 6717580037, 'load_duration': 6257311273, 'prompt_eval_count': 611, 'prompt_eval_duration': 326743213, 'eval_count': 2, 'eval_duration': 11576986}
Response: Well
Analyzing frame 45/125...
Prompt: Given the scenario shown on the video, you think this situation ends well or poorly? (Use only one word to answer)
Image size: 36580 bytes
Response status code: 200
{'model': 'llava-llama3', 'created_at': '2025-12-06T21:45:46.377827641Z', 'message': {'role': 'assistant', 'content': 'Well'}, 'done': True, 'done_reason': 'stop', 'total_duration': 6498830431, 'load_duration': 6063484504, 'prompt_eval_count': 611, 'prompt_eval_duration': 324394056, 'eval_count': 2, 'eval_duration': 11604490}
Response: Well
Analyzing frame 46/125...
Prompt: Given the scenario shown on the video, you think this situation ends well or poorly? (Use only one word to answer)
Image size: 36720 bytes
Response status code: 200
{'model': 'llava-llama3', 'created_at': '2025-12-06T21:45:53.739082647Z', 'message': {'role': 'assistant', 'content': 'Well'}, 'done': True, 'done_reason': 'stop', 'total_duration': 6321767538, 'load_duration': 5913554101, 'prompt_eval_count': 611, 'prompt_eval_duration': 308325598, 'eval_count': 2, 'eval_duration': 11555888}
Response: Well
Analyzing frame 47/125...
Prompt: Given the scenario shown on the video, you think this situation ends well or poorly? (Use only one word to answer)
Image size: 38988 bytes
Response status code: 200
{'model': 'llava-llama3', 'created_at': '2025-12-06T21:46:01.401602776Z', 'message': {'role': 'assistant', 'content': 'Well'}, 'done': True, 'done_reason': 'stop', 'total_duration': 6644482686, 'load_duration': 6227455784, 'prompt_eval_count': 611, 'prompt_eval_duration': 306358868, 'eval_count': 2, 'eval_duration': 11542266}
Response: Well
Analyzing frame 48/125...
Prompt: Given the scenario shown on the video, you think this situation ends well or poorly? (Use only one word to answer)
Image size: 39268 bytes
Response status code: 200
{'model': 'llava-llama3', 'created_at': '2025-12-06T21:46:08.804942904Z', 'message': {'role': 'assistant', 'content': 'Well'}, 'done': True, 'done_reason': 'stop', 'total_duration': 6366991668, 'load_duration': 5950274336, 'prompt_eval_count': 611, 'prompt_eval_duration': 304508474, 'eval_count': 2, 'eval_duration': 11892171}
Response: Well
Analyzing frame 49/125...
Prompt: Given the scenario shown on the video, you think this situation ends well or poorly? (Use only one word to answer)
Image size: 39644 bytes
Response status code: 200
{'model': 'llava-llama3', 'created_at': '2025-12-06T21:46:16.327752838Z', 'message': {'role': 'assistant', 'content': 'Well'}, 'done': True, 'done_reason': 'stop', 'total_duration': 6488789320, 'load_duration': 6075827194, 'prompt_eval_count': 611, 'prompt_eval_duration': 303911839, 'eval_count': 2, 'eval_duration': 11938200}
Response: Well
Analyzing frame 50/125...
Prompt: Given the scenario shown on the video, you think this situation ends well or poorly? (Use only one word to answer)
Image size: 39248 bytes
Response status code: 200
{'model': 'llava-llama3', 'created_at': '2025-12-06T21:46:23.904241668Z', 'message': {'role': 'assistant', 'content': 'Well'}, 'done': True, 'done_reason': 'stop', 'total_duration': 6553418828, 'load_duration': 6134648513, 'prompt_eval_count': 611, 'prompt_eval_duration': 317200700, 'eval_count': 2, 'eval_duration': 11574295}
Response: Well
Analyzing frame 51/125...
Prompt: Given the scenario shown on the video, you think this situation ends well or poorly? (Use only one word to answer)
Image size: 40012 bytes
Response status code: 200
{'model': 'llava-llama3', 'created_at': '2025-12-06T21:46:31.370194856Z', 'message': {'role': 'assistant', 'content': 'Well'}, 'done': True, 'done_reason': 'stop', 'total_duration': 6431214746, 'load_duration': 5998479225, 'prompt_eval_count': 611, 'prompt_eval_duration': 308807663, 'eval_count': 2, 'eval_duration': 13127778}
Response: Well
Analyzing frame 52/125...
Prompt: Given the scenario shown on the video, you think this situation ends well or poorly? (Use only one word to answer)
Image size: 39476 bytes
Response status code: 200
{'model': 'llava-llama3', 'created_at': '2025-12-06T21:46:38.812091711Z', 'message': {'role': 'assistant', 'content': 'Well'}, 'done': True, 'done_reason': 'stop', 'total_duration': 6404342242, 'load_duration': 5982011106, 'prompt_eval_count': 611, 'prompt_eval_duration': 305844782, 'eval_count': 2, 'eval_duration': 13280950}
Response: Well
Analyzing frame 53/125...
Prompt: Given the scenario shown on the video, you think this situation ends well or poorly? (Use only one word to answer)
Image size: 39848 bytes
Response status code: 200
{'model': 'llava-llama3', 'created_at': '2025-12-06T21:46:46.370521139Z', 'message': {'role': 'assistant', 'content': 'Well'}, 'done': True, 'done_reason': 'stop', 'total_duration': 6533378749, 'load_duration': 6134099083, 'prompt_eval_count': 611, 'prompt_eval_duration': 303674489, 'eval_count': 2, 'eval_duration': 11565321}
Response: Well
Analyzing frame 54/125...
Prompt: Given the scenario shown on the video, you think this situation ends well or poorly? (Use only one word to answer)
Image size: 40152 bytes
Response status code: 200
{'model': 'llava-llama3', 'created_at': '2025-12-06T21:46:53.955659561Z', 'message': {'role': 'assistant', 'content': 'Well'}, 'done': True, 'done_reason': 'stop', 'total_duration': 6544984360, 'load_duration': 6138864860, 'prompt_eval_count': 611, 'prompt_eval_duration': 304161295, 'eval_count': 2, 'eval_duration': 11686948}
Response: Well
Analyzing frame 55/125...
Prompt: Given the scenario shown on the video, you think this situation ends well or poorly? (Use only one word to answer)
Image size: 40456 bytes
Response status code: 200
{'model': 'llava-llama3', 'created_at': '2025-12-06T21:47:01.430730551Z', 'message': {'role': 'assistant', 'content': 'Well'}, 'done': True, 'done_reason': 'stop', 'total_duration': 6439030660, 'load_duration': 6003504904, 'prompt_eval_count': 611, 'prompt_eval_duration': 321089801, 'eval_count': 2, 'eval_duration': 12049125}
Response: Well
Analyzing frame 56/125...
Prompt: Given the scenario shown on the video, you think this situation ends well or poorly? (Use only one word to answer)
Image size: 40476 bytes
Response status code: 200
{'model': 'llava-llama3', 'created_at': '2025-12-06T21:47:08.969966765Z', 'message': {'role': 'assistant', 'content': 'Well'}, 'done': True, 'done_reason': 'stop', 'total_duration': 6499401921, 'load_duration': 6091824187, 'prompt_eval_count': 611, 'prompt_eval_duration': 305073774, 'eval_count': 2, 'eval_duration': 11628639}
Response: Well
Analyzing frame 57/125...
Prompt: Given the scenario shown on the video, you think this situation ends well or poorly? (Use only one word to answer)
Image size: 41312 bytes
Response status code: 200
{'model': 'llava-llama3', 'created_at': '2025-12-06T21:47:16.612066743Z', 'message': {'role': 'assistant', 'content': 'Well'}, 'done': True, 'done_reason': 'stop', 'total_duration': 6602798707, 'load_duration': 6153441743, 'prompt_eval_count': 611, 'prompt_eval_duration': 322217270, 'eval_count': 2, 'eval_duration': 11692309}
Response: Well
Analyzing frame 58/125...
Prompt: Given the scenario shown on the video, you think this situation ends well or poorly? (Use only one word to answer)
Image size: 41416 bytes
Response status code: 200
{'model': 'llava-llama3', 'created_at': '2025-12-06T21:47:24.031169271Z', 'message': {'role': 'assistant', 'content': 'Well'}, 'done': True, 'done_reason': 'stop', 'total_duration': 6382280451, 'load_duration': 5961985310, 'prompt_eval_count': 611, 'prompt_eval_duration': 306813510, 'eval_count': 2, 'eval_duration': 11641036}
Response: Well
Analyzing frame 59/125...
Prompt: Given the scenario shown on the video, you think this situation ends well or poorly? (Use only one word to answer)
Image size: 41556 bytes
Response status code: 200
{'model': 'llava-llama3', 'created_at': '2025-12-06T21:47:31.643559675Z', 'message': {'role': 'assistant', 'content': 'Well'}, 'done': True, 'done_reason': 'stop', 'total_duration': 6573097645, 'load_duration': 6151323736, 'prompt_eval_count': 611, 'prompt_eval_duration': 322449030, 'eval_count': 2, 'eval_duration': 11934585}
Response: Well
Analyzing frame 60/125...
Prompt: Given the scenario shown on the video, you think this situation ends well or poorly? (Use only one word to answer)
Image size: 41692 bytes
Response status code: 200
{'model': 'llava-llama3', 'created_at': '2025-12-06T21:47:39.169198829Z', 'message': {'role': 'assistant', 'content': 'Well'}, 'done': True, 'done_reason': 'stop', 'total_duration': 6486504843, 'load_duration': 6080017007, 'prompt_eval_count': 611, 'prompt_eval_duration': 303995844, 'eval_count': 2, 'eval_duration': 11611148}
Response: Well
Analyzing frame 61/125...
Prompt: Given the scenario shown on the video, you think this situation ends well or poorly? (Use only one word to answer)
Image size: 41268 bytes
Response status code: 200
{'model': 'llava-llama3', 'created_at': '2025-12-06T21:47:46.737959712Z', 'message': {'role': 'assistant', 'content': 'Well'}, 'done': True, 'done_reason': 'stop', 'total_duration': 6534241326, 'load_duration': 6108076153, 'prompt_eval_count': 611, 'prompt_eval_duration': 307234151, 'eval_count': 2, 'eval_duration': 11561593}
Response: Well
Analyzing frame 62/125...
Prompt: Given the scenario shown on the video, you think this situation ends well or poorly? (Use only one word to answer)
Image size: 40720 bytes
Response status code: 200
{'model': 'llava-llama3', 'created_at': '2025-12-06T21:47:54.200748797Z', 'message': {'role': 'assistant', 'content': 'Well'}, 'done': True, 'done_reason': 'stop', 'total_duration': 6423321931, 'load_duration': 6005227838, 'prompt_eval_count': 611, 'prompt_eval_duration': 306306143, 'eval_count': 2, 'eval_duration': 11644303}
Response: Well
Analyzing frame 63/125...
Prompt: Given the scenario shown on the video, you think this situation ends well or poorly? (Use only one word to answer)
Image size: 40472 bytes
Response status code: 200
{'model': 'llava-llama3', 'created_at': '2025-12-06T21:48:01.640035095Z', 'message': {'role': 'assistant', 'content': 'Well'}, 'done': True, 'done_reason': 'stop', 'total_duration': 6406419415, 'load_duration': 5986017628, 'prompt_eval_count': 611, 'prompt_eval_duration': 305519377, 'eval_count': 2, 'eval_duration': 11740144}
Response: Well
Analyzing frame 64/125...
Prompt: Given the scenario shown on the video, you think this situation ends well or poorly? (Use only one word to answer)
Image size: 40632 bytes
Response status code: 200
{'model': 'llava-llama3', 'created_at': '2025-12-06T21:48:09.308884696Z', 'message': {'role': 'assistant', 'content': 'Well'}, 'done': True, 'done_reason': 'stop', 'total_duration': 6645746427, 'load_duration': 6242367892, 'prompt_eval_count': 611, 'prompt_eval_duration': 303813232, 'eval_count': 2, 'eval_duration': 11564234}
Response: Well
Analyzing frame 65/125...
Prompt: Given the scenario shown on the video, you think this situation ends well or poorly? (Use only one word to answer)
Image size: 40048 bytes
Response status code: 200
{'model': 'llava-llama3', 'created_at': '2025-12-06T21:48:16.747004238Z', 'message': {'role': 'assistant', 'content': 'Well'}, 'done': True, 'done_reason': 'stop', 'total_duration': 6401243450, 'load_duration': 5988110414, 'prompt_eval_count': 611, 'prompt_eval_duration': 305612359, 'eval_count': 2, 'eval_duration': 11657511}
Response: Well
Analyzing frame 66/125...
Prompt: Given the scenario shown on the video, you think this situation ends well or poorly? (Use only one word to answer)
Image size: 39644 bytes
Response status code: 200
{'model': 'llava-llama3', 'created_at': '2025-12-06T21:48:24.294254742Z', 'message': {'role': 'assistant', 'content': 'Well'}, 'done': True, 'done_reason': 'stop', 'total_duration': 6513158723, 'load_duration': 6102087165, 'prompt_eval_count': 611, 'prompt_eval_duration': 304035522, 'eval_count': 2, 'eval_duration': 11560617}
Response: Well
Analyzing frame 67/125...
Prompt: Given the scenario shown on the video, you think this situation ends well or poorly? (Use only one word to answer)
Image size: 41108 bytes
Response status code: 200
{'model': 'llava-llama3', 'created_at': '2025-12-06T21:48:31.725315379Z', 'message': {'role': 'assistant', 'content': 'Well'}, 'done': True, 'done_reason': 'stop', 'total_duration': 6392413521, 'load_duration': 5973352951, 'prompt_eval_count': 611, 'prompt_eval_duration': 306427220, 'eval_count': 2, 'eval_duration': 11898102}
Response: Well
Analyzing frame 68/125...
Prompt: Given the scenario shown on the video, you think this situation ends well or poorly? (Use only one word to answer)
Image size: 41692 bytes
Response status code: 200
{'model': 'llava-llama3', 'created_at': '2025-12-06T21:48:39.316004435Z', 'message': {'role': 'assistant', 'content': 'Well'}, 'done': True, 'done_reason': 'stop', 'total_duration': 6550381692, 'load_duration': 6140011124, 'prompt_eval_count': 611, 'prompt_eval_duration': 306712284, 'eval_count': 2, 'eval_duration': 11658186}
Response: Well
Analyzing frame 69/125...
Prompt: Given the scenario shown on the video, you think this situation ends well or poorly? (Use only one word to answer)
Image size: 41040 bytes
Response status code: 200
{'model': 'llava-llama3', 'created_at': '2025-12-06T21:48:46.928141411Z', 'message': {'role': 'assistant', 'content': 'Well'}, 'done': True, 'done_reason': 'stop', 'total_duration': 6565553330, 'load_duration': 6123903442, 'prompt_eval_count': 611, 'prompt_eval_duration': 320436692, 'eval_count': 2, 'eval_duration': 11637181}
Response: Well
Analyzing frame 70/125...
Prompt: Given the scenario shown on the video, you think this situation ends well or poorly? (Use only one word to answer)
Image size: 40800 bytes
Response status code: 200
{'model': 'llava-llama3', 'created_at': '2025-12-06T21:48:54.493825884Z', 'message': {'role': 'assistant', 'content': 'Well'}, 'done': True, 'done_reason': 'stop', 'total_duration': 6526330707, 'load_duration': 6098191515, 'prompt_eval_count': 611, 'prompt_eval_duration': 309458955, 'eval_count': 2, 'eval_duration': 12308749}
Response: Well
Analyzing frame 71/125...
Prompt: Given the scenario shown on the video, you think this situation ends well or poorly? (Use only one word to answer)
Image size: 39816 bytes
Response status code: 200
{'model': 'llava-llama3', 'created_at': '2025-12-06T21:49:01.978018955Z', 'message': {'role': 'assistant', 'content': 'Well'}, 'done': True, 'done_reason': 'stop', 'total_duration': 6447867183, 'load_duration': 6028448807, 'prompt_eval_count': 611, 'prompt_eval_duration': 306419789, 'eval_count': 2, 'eval_duration': 11617539}
Response: Well
Analyzing frame 72/125...
Prompt: Given the scenario shown on the video, you think this situation ends well or poorly? (Use only one word to answer)
Image size: 39780 bytes
Response status code: 200
{'model': 'llava-llama3', 'created_at': '2025-12-06T21:49:09.521655628Z', 'message': {'role': 'assistant', 'content': 'Well'}, 'done': True, 'done_reason': 'stop', 'total_duration': 6507746686, 'load_duration': 6086160771, 'prompt_eval_count': 611, 'prompt_eval_duration': 308823598, 'eval_count': 2, 'eval_duration': 11593540}
Response: Well
Analyzing frame 73/125...
Prompt: Given the scenario shown on the video, you think this situation ends well or poorly? (Use only one word to answer)
Image size: 39380 bytes
Response status code: 200
{'model': 'llava-llama3', 'created_at': '2025-12-06T21:49:17.045928781Z', 'message': {'role': 'assistant', 'content': 'Well'}, 'done': True, 'done_reason': 'stop', 'total_duration': 6484912117, 'load_duration': 6081402944, 'prompt_eval_count': 611, 'prompt_eval_duration': 303559015, 'eval_count': 2, 'eval_duration': 11918422}
Response: Well
Analyzing frame 74/125...
Prompt: Given the scenario shown on the video, you think this situation ends well or poorly? (Use only one word to answer)
Image size: 38928 bytes
Response status code: 200
{'model': 'llava-llama3', 'created_at': '2025-12-06T21:49:24.59382286Z', 'message': {'role': 'assistant', 'content': 'Well'}, 'done': True, 'done_reason': 'stop', 'total_duration': 6511032778, 'load_duration': 6080908266, 'prompt_eval_count': 611, 'prompt_eval_duration': 328589040, 'eval_count': 2, 'eval_duration': 11630869}
Response: Well
Analyzing frame 75/125...
Prompt: Given the scenario shown on the video, you think this situation ends well or poorly? (Use only one word to answer)
Image size: 38568 bytes
Response status code: 200
{'model': 'llava-llama3', 'created_at': '2025-12-06T21:49:32.215831437Z', 'message': {'role': 'assistant', 'content': 'Poorly'}, 'done': True, 'done_reason': 'stop', 'total_duration': 6586176251, 'load_duration': 6164086390, 'prompt_eval_count': 611, 'prompt_eval_duration': 306510239, 'eval_count': 3, 'eval_duration': 22767715}
Response: Poorly
Analyzing frame 76/125...
Prompt: Given the scenario shown on the video, you think this situation ends well or poorly? (Use only one word to answer)
Image size: 38136 bytes
Response status code: 200
{'model': 'llava-llama3', 'created_at': '2025-12-06T21:49:39.616894712Z', 'message': {'role': 'assistant', 'content': 'Well'}, 'done': True, 'done_reason': 'stop', 'total_duration': 6363964393, 'load_duration': 5949323310, 'prompt_eval_count': 611, 'prompt_eval_duration': 303618643, 'eval_count': 2, 'eval_duration': 11728651}
Response: Well
Analyzing frame 77/125...
Prompt: Given the scenario shown on the video, you think this situation ends well or poorly? (Use only one word to answer)
Image size: 40296 bytes
Response status code: 200
{'model': 'llava-llama3', 'created_at': '2025-12-06T21:49:47.217597998Z', 'message': {'role': 'assistant', 'content': 'Well'}, 'done': True, 'done_reason': 'stop', 'total_duration': 6565903277, 'load_duration': 6130655103, 'prompt_eval_count': 611, 'prompt_eval_duration': 319079863, 'eval_count': 2, 'eval_duration': 11598890}
Response: Well
Analyzing frame 78/125...
Prompt: Given the scenario shown on the video, you think this situation ends well or poorly? (Use only one word to answer)
Image size: 40616 bytes
Response status code: 200
{'model': 'llava-llama3', 'created_at': '2025-12-06T21:49:54.82256684Z', 'message': {'role': 'assistant', 'content': 'Well'}, 'done': True, 'done_reason': 'stop', 'total_duration': 6566176398, 'load_duration': 6159227596, 'prompt_eval_count': 611, 'prompt_eval_duration': 303858315, 'eval_count': 2, 'eval_duration': 11607904}
Response: Well
Analyzing frame 79/125...
Prompt: Given the scenario shown on the video, you think this situation ends well or poorly? (Use only one word to answer)
Image size: 40608 bytes
Response status code: 200
{'model': 'llava-llama3', 'created_at': '2025-12-06T21:50:02.438860351Z', 'message': {'role': 'assistant', 'content': 'Well'}, 'done': True, 'done_reason': 'stop', 'total_duration': 6576805490, 'load_duration': 6146346968, 'prompt_eval_count': 611, 'prompt_eval_duration': 326075218, 'eval_count': 2, 'eval_duration': 11570413}
Response: Well
Analyzing frame 80/125...
Prompt: Given the scenario shown on the video, you think this situation ends well or poorly? (Use only one word to answer)
Image size: 40352 bytes
Response status code: 200
{'model': 'llava-llama3', 'created_at': '2025-12-06T21:50:10.027787963Z', 'message': {'role': 'assistant', 'content': 'Well'}, 'done': True, 'done_reason': 'stop', 'total_duration': 6551939490, 'load_duration': 6125274014, 'prompt_eval_count': 611, 'prompt_eval_duration': 320023802, 'eval_count': 2, 'eval_duration': 11961525}
Response: Well
Analyzing frame 81/125...
Prompt: Given the scenario shown on the video, you think this situation ends well or poorly? (Use only one word to answer)
Image size: 40308 bytes
Response status code: 200
{'model': 'llava-llama3', 'created_at': '2025-12-06T21:50:17.652441428Z', 'message': {'role': 'assistant', 'content': 'Well'}, 'done': True, 'done_reason': 'stop', 'total_duration': 6590414628, 'load_duration': 6181330714, 'prompt_eval_count': 611, 'prompt_eval_duration': 306017642, 'eval_count': 2, 'eval_duration': 11572924}
Response: Well
Analyzing frame 82/125...
Prompt: Given the scenario shown on the video, you think this situation ends well or poorly? (Use only one word to answer)
Image size: 40456 bytes
Response status code: 200
{'model': 'llava-llama3', 'created_at': '2025-12-06T21:50:25.235194121Z', 'message': {'role': 'assistant', 'content': 'Poorly'}, 'done': True, 'done_reason': 'stop', 'total_duration': 6546391912, 'load_duration': 6111324755, 'prompt_eval_count': 611, 'prompt_eval_duration': 319566541, 'eval_count': 3, 'eval_duration': 22793946}
Response: Poorly
Analyzing frame 83/125...
Prompt: Given the scenario shown on the video, you think this situation ends well or poorly? (Use only one word to answer)
Image size: 40624 bytes
Response status code: 200
{'model': 'llava-llama3', 'created_at': '2025-12-06T21:50:32.84785119Z', 'message': {'role': 'assistant', 'content': 'Poorly'}, 'done': True, 'done_reason': 'stop', 'total_duration': 6576221519, 'load_duration': 6163611962, 'prompt_eval_count': 611, 'prompt_eval_duration': 302513768, 'eval_count': 3, 'eval_duration': 22604670}
Response: Poorly
Analyzing frame 84/125...
Prompt: Given the scenario shown on the video, you think this situation ends well or poorly? (Use only one word to answer)
Image size: 40416 bytes
Response status code: 200
{'model': 'llava-llama3', 'created_at': '2025-12-06T21:50:40.52415409Z', 'message': {'role': 'assistant', 'content': 'Well'}, 'done': True, 'done_reason': 'stop', 'total_duration': 6638607686, 'load_duration': 6202504532, 'prompt_eval_count': 611, 'prompt_eval_duration': 333450453, 'eval_count': 2, 'eval_duration': 11619970}
Response: Well
Analyzing frame 85/125...
Prompt: Given the scenario shown on the video, you think this situation ends well or poorly? (Use only one word to answer)
Image size: 39828 bytes
Response status code: 200
{'model': 'llava-llama3', 'created_at': '2025-12-06T21:50:48.054166874Z', 'message': {'role': 'assistant', 'content': 'Poorly'}, 'done': True, 'done_reason': 'stop', 'total_duration': 6492302800, 'load_duration': 6071770352, 'prompt_eval_count': 611, 'prompt_eval_duration': 305164729, 'eval_count': 3, 'eval_duration': 22638915}
Response: Poorly
Analyzing frame 86/125...
Prompt: Given the scenario shown on the video, you think this situation ends well or poorly? (Use only one word to answer)
Image size: 38956 bytes
Response status code: 200
{'model': 'llava-llama3', 'created_at': '2025-12-06T21:50:55.835854304Z', 'message': {'role': 'assistant', 'content': 'Well'}, 'done': True, 'done_reason': 'stop', 'total_duration': 6741093058, 'load_duration': 6299178522, 'prompt_eval_count': 611, 'prompt_eval_duration': 321493371, 'eval_count': 2, 'eval_duration': 11554061}
Response: Well
Analyzing frame 87/125...
Prompt: Given the scenario shown on the video, you think this situation ends well or poorly? (Use only one word to answer)
Image size: 38940 bytes
Response status code: 200
{'model': 'llava-llama3', 'created_at': '2025-12-06T21:51:03.387632517Z', 'message': {'role': 'assistant', 'content': 'Poorly'}, 'done': True, 'done_reason': 'stop', 'total_duration': 6528924417, 'load_duration': 6095515862, 'prompt_eval_count': 611, 'prompt_eval_duration': 319862297, 'eval_count': 3, 'eval_duration': 23080139}
Response: Poorly
Analyzing frame 88/125...
Prompt: Given the scenario shown on the video, you think this situation ends well or poorly? (Use only one word to answer)
Image size: 38424 bytes
Response status code: 200
{'model': 'llava-llama3', 'created_at': '2025-12-06T21:51:10.774420312Z', 'message': {'role': 'assistant', 'content': 'Well'}, 'done': True, 'done_reason': 'stop', 'total_duration': 6350890299, 'load_duration': 5930706397, 'prompt_eval_count': 611, 'prompt_eval_duration': 319274685, 'eval_count': 2, 'eval_duration': 11625524}
Response: Well
Analyzing frame 89/125...
Prompt: Given the scenario shown on the video, you think this situation ends well or poorly? (Use only one word to answer)
Image size: 38892 bytes
Response status code: 200
{'model': 'llava-llama3', 'created_at': '2025-12-06T21:51:18.185599035Z', 'message': {'role': 'assistant', 'content': 'Well'}, 'done': True, 'done_reason': 'stop', 'total_duration': 6373491163, 'load_duration': 5952365077, 'prompt_eval_count': 611, 'prompt_eval_duration': 320649626, 'eval_count': 2, 'eval_duration': 11533167}
Response: Well
Analyzing frame 90/125...
Prompt: Given the scenario shown on the video, you think this situation ends well or poorly? (Use only one word to answer)
Image size: 38948 bytes
Response status code: 200
{'model': 'llava-llama3', 'created_at': '2025-12-06T21:51:25.791058827Z', 'message': {'role': 'assistant', 'content': 'Well'}, 'done': True, 'done_reason': 'stop', 'total_duration': 6569545379, 'load_duration': 6162151969, 'prompt_eval_count': 611, 'prompt_eval_duration': 304586285, 'eval_count': 2, 'eval_duration': 11871716}
Response: Well
Analyzing frame 91/125...
Prompt: Given the scenario shown on the video, you think this situation ends well or poorly? (Use only one word to answer)
Image size: 37916 bytes
Response status code: 200
{'model': 'llava-llama3', 'created_at': '2025-12-06T21:51:33.133590561Z', 'message': {'role': 'assistant', 'content': 'Well'}, 'done': True, 'done_reason': 'stop', 'total_duration': 6305990218, 'load_duration': 5900189513, 'prompt_eval_count': 611, 'prompt_eval_duration': 304800141, 'eval_count': 2, 'eval_duration': 11969294}
Response: Well
Analyzing frame 92/125...
Prompt: Given the scenario shown on the video, you think this situation ends well or poorly? (Use only one word to answer)
Image size: 36696 bytes
Response status code: 200
{'model': 'llava-llama3', 'created_at': '2025-12-06T21:51:40.747217239Z', 'message': {'role': 'assistant', 'content': 'Well'}, 'done': True, 'done_reason': 'stop', 'total_duration': 6583337619, 'load_duration': 6148917375, 'prompt_eval_count': 611, 'prompt_eval_duration': 327561018, 'eval_count': 2, 'eval_duration': 11673856}
Response: Well
Analyzing frame 93/125...
Prompt: Given the scenario shown on the video, you think this situation ends well or poorly? (Use only one word to answer)
Image size: 35996 bytes
Response status code: 200
{'model': 'llava-llama3', 'created_at': '2025-12-06T21:51:48.274640068Z', 'message': {'role': 'assistant', 'content': 'Well'}, 'done': True, 'done_reason': 'stop', 'total_duration': 6491819067, 'load_duration': 6090556719, 'prompt_eval_count': 611, 'prompt_eval_duration': 305189951, 'eval_count': 2, 'eval_duration': 11599755}
Response: Well
Analyzing frame 94/125...
Prompt: Given the scenario shown on the video, you think this situation ends well or poorly? (Use only one word to answer)
Image size: 35804 bytes
Response status code: 200
{'model': 'llava-llama3', 'created_at': '2025-12-06T21:51:55.790070295Z', 'message': {'role': 'assistant', 'content': 'Well'}, 'done': True, 'done_reason': 'stop', 'total_duration': 6476479652, 'load_duration': 6054642389, 'prompt_eval_count': 611, 'prompt_eval_duration': 318743285, 'eval_count': 2, 'eval_duration': 11923369}
Response: Well
Analyzing frame 95/125...
Prompt: Given the scenario shown on the video, you think this situation ends well or poorly? (Use only one word to answer)
Image size: 35412 bytes
Response status code: 200
{'model': 'llava-llama3', 'created_at': '2025-12-06T21:52:03.381185438Z', 'message': {'role': 'assistant', 'content': 'Well'}, 'done': True, 'done_reason': 'stop', 'total_duration': 6547774803, 'load_duration': 6145585007, 'prompt_eval_count': 611, 'prompt_eval_duration': 304511985, 'eval_count': 2, 'eval_duration': 11647892}
Response: Well
Analyzing frame 96/125...
Prompt: Given the scenario shown on the video, you think this situation ends well or poorly? (Use only one word to answer)
Image size: 34980 bytes
Response status code: 200
{'model': 'llava-llama3', 'created_at': '2025-12-06T21:52:11.014870523Z', 'message': {'role': 'assistant', 'content': 'Well'}, 'done': True, 'done_reason': 'stop', 'total_duration': 6595572657, 'load_duration': 6195228972, 'prompt_eval_count': 611, 'prompt_eval_duration': 303835355, 'eval_count': 2, 'eval_duration': 11643732}
Response: Well
Analyzing frame 97/125...
Prompt: Given the scenario shown on the video, you think this situation ends well or poorly? (Use only one word to answer)
Image size: 34996 bytes
Response status code: 200
{'model': 'llava-llama3', 'created_at': '2025-12-06T21:52:18.490026608Z', 'message': {'role': 'assistant', 'content': 'Well'}, 'done': True, 'done_reason': 'stop', 'total_duration': 6435567625, 'load_duration': 6016135448, 'prompt_eval_count': 611, 'prompt_eval_duration': 307027937, 'eval_count': 2, 'eval_duration': 11605722}
Response: Well
Analyzing frame 98/125...
Prompt: Given the scenario shown on the video, you think this situation ends well or poorly? (Use only one word to answer)
Image size: 34992 bytes
Response status code: 200
{'model': 'llava-llama3', 'created_at': '2025-12-06T21:52:25.917645315Z', 'message': {'role': 'assistant', 'content': 'Well'}, 'done': True, 'done_reason': 'stop', 'total_duration': 6387073143, 'load_duration': 5981977496, 'prompt_eval_count': 611, 'prompt_eval_duration': 306550616, 'eval_count': 2, 'eval_duration': 11643430}
Response: Well
Analyzing frame 99/125...
Prompt: Given the scenario shown on the video, you think this situation ends well or poorly? (Use only one word to answer)
Image size: 35016 bytes
Response status code: 200
{'model': 'llava-llama3', 'created_at': '2025-12-06T21:52:33.429254671Z', 'message': {'role': 'assistant', 'content': 'Well'}, 'done': True, 'done_reason': 'stop', 'total_duration': 6471758919, 'load_duration': 6052895195, 'prompt_eval_count': 611, 'prompt_eval_duration': 304664918, 'eval_count': 2, 'eval_duration': 13193311}
Response: Well
Analyzing frame 100/125...
Prompt: Given the scenario shown on the video, you think this situation ends well or poorly? (Use only one word to answer)
Image size: 35024 bytes
Response status code: 200
{'model': 'llava-llama3', 'created_at': '2025-12-06T21:52:40.979263144Z', 'message': {'role': 'assistant', 'content': 'Well'}, 'done': True, 'done_reason': 'stop', 'total_duration': 6510247582, 'load_duration': 6065268703, 'prompt_eval_count': 611, 'prompt_eval_duration': 315744977, 'eval_count': 2, 'eval_duration': 11871736}
Response: Well
Analyzing frame 101/125...
Prompt: Given the scenario shown on the video, you think this situation ends well or poorly? (Use only one word to answer)
Image size: 35020 bytes
Response status code: 200
{'model': 'llava-llama3', 'created_at': '2025-12-06T21:52:48.381578966Z', 'message': {'role': 'assistant', 'content': 'Well'}, 'done': True, 'done_reason': 'stop', 'total_duration': 6362888871, 'load_duration': 5922894177, 'prompt_eval_count': 611, 'prompt_eval_duration': 321719979, 'eval_count': 2, 'eval_duration': 13281014}
Response: Well
Analyzing frame 102/125...
Prompt: Given the scenario shown on the video, you think this situation ends well or poorly? (Use only one word to answer)
Image size: 35036 bytes
Response status code: 200
{'model': 'llava-llama3', 'created_at': '2025-12-06T21:52:55.991695266Z', 'message': {'role': 'assistant', 'content': 'Well'}, 'done': True, 'done_reason': 'stop', 'total_duration': 6572148547, 'load_duration': 6151964385, 'prompt_eval_count': 611, 'prompt_eval_duration': 306672733, 'eval_count': 2, 'eval_duration': 11612836}
Response: Well
Analyzing frame 103/125...
Prompt: Given the scenario shown on the video, you think this situation ends well or poorly? (Use only one word to answer)
Image size: 35024 bytes
Response status code: 200
{'model': 'llava-llama3', 'created_at': '2025-12-06T21:53:03.374068668Z', 'message': {'role': 'assistant', 'content': 'Well'}, 'done': True, 'done_reason': 'stop', 'total_duration': 6345518501, 'load_duration': 5930606028, 'prompt_eval_count': 611, 'prompt_eval_duration': 305364454, 'eval_count': 2, 'eval_duration': 11577662}
Response: Well
Analyzing frame 104/125...
Prompt: Given the scenario shown on the video, you think this situation ends well or poorly? (Use only one word to answer)
Image size: 35028 bytes
Response status code: 200
{'model': 'llava-llama3', 'created_at': '2025-12-06T21:53:10.99512645Z', 'message': {'role': 'assistant', 'content': 'Well'}, 'done': True, 'done_reason': 'stop', 'total_duration': 6585968673, 'load_duration': 6181935748, 'prompt_eval_count': 611, 'prompt_eval_duration': 305596132, 'eval_count': 2, 'eval_duration': 11589273}
Response: Well
Analyzing frame 105/125...
Prompt: Given the scenario shown on the video, you think this situation ends well or poorly? (Use only one word to answer)
Image size: 35020 bytes
Response status code: 200
{'model': 'llava-llama3', 'created_at': '2025-12-06T21:53:18.440215462Z', 'message': {'role': 'assistant', 'content': 'Well'}, 'done': True, 'done_reason': 'stop', 'total_duration': 6406938304, 'load_duration': 6001391192, 'prompt_eval_count': 611, 'prompt_eval_duration': 303313415, 'eval_count': 2, 'eval_duration': 11601195}
Response: Well
Analyzing frame 106/125...
Prompt: Given the scenario shown on the video, you think this situation ends well or poorly? (Use only one word to answer)
Image size: 35044 bytes
Response status code: 200
{'model': 'llava-llama3', 'created_at': '2025-12-06T21:53:26.142903451Z', 'message': {'role': 'assistant', 'content': 'Well'}, 'done': True, 'done_reason': 'stop', 'total_duration': 6667166029, 'load_duration': 6258664530, 'prompt_eval_count': 611, 'prompt_eval_duration': 306133288, 'eval_count': 2, 'eval_duration': 11569666}
Response: Well
Analyzing frame 107/125...
Prompt: Given the scenario shown on the video, you think this situation ends well or poorly? (Use only one word to answer)
Image size: 35044 bytes
Response status code: 200
{'model': 'llava-llama3', 'created_at': '2025-12-06T21:53:33.89597367Z', 'message': {'role': 'assistant', 'content': 'Well'}, 'done': True, 'done_reason': 'stop', 'total_duration': 6723897744, 'load_duration': 6302821266, 'prompt_eval_count': 611, 'prompt_eval_duration': 320824306, 'eval_count': 2, 'eval_duration': 11608231}
Response: Well
Analyzing frame 108/125...
Prompt: Given the scenario shown on the video, you think this situation ends well or poorly? (Use only one word to answer)
Image size: 35032 bytes
Response status code: 200
{'model': 'llava-llama3', 'created_at': '2025-12-06T21:53:41.39559123Z', 'message': {'role': 'assistant', 'content': 'Well'}, 'done': True, 'done_reason': 'stop', 'total_duration': 6473283013, 'load_duration': 6058471506, 'prompt_eval_count': 611, 'prompt_eval_duration': 311610074, 'eval_count': 2, 'eval_duration': 11576168}
Response: Well
Analyzing frame 109/125...
Prompt: Given the scenario shown on the video, you think this situation ends well or poorly? (Use only one word to answer)
Image size: 35040 bytes
Response status code: 200
{'model': 'llava-llama3', 'created_at': '2025-12-06T21:53:48.867684187Z', 'message': {'role': 'assistant', 'content': 'Well'}, 'done': True, 'done_reason': 'stop', 'total_duration': 6434344593, 'load_duration': 6009806737, 'prompt_eval_count': 611, 'prompt_eval_duration': 305013746, 'eval_count': 2, 'eval_duration': 11649859}
Response: Well
Analyzing frame 110/125...
Prompt: Given the scenario shown on the video, you think this situation ends well or poorly? (Use only one word to answer)
Image size: 35060 bytes
Response status code: 200
{'model': 'llava-llama3', 'created_at': '2025-12-06T21:53:56.490009995Z', 'message': {'role': 'assistant', 'content': 'Poorly'}, 'done': True, 'done_reason': 'stop', 'total_duration': 6586502077, 'load_duration': 6164451145, 'prompt_eval_count': 611, 'prompt_eval_duration': 305941926, 'eval_count': 3, 'eval_duration': 22967397}
Response: Poorly
Analyzing frame 111/125...
Prompt: Given the scenario shown on the video, you think this situation ends well or poorly? (Use only one word to answer)
Image size: 35024 bytes
Response status code: 200
{'model': 'llava-llama3', 'created_at': '2025-12-06T21:54:03.773659963Z', 'message': {'role': 'assistant', 'content': 'Well'}, 'done': True, 'done_reason': 'stop', 'total_duration': 6246970968, 'load_duration': 5836979352, 'prompt_eval_count': 611, 'prompt_eval_duration': 304969619, 'eval_count': 2, 'eval_duration': 11575928}
Response: Well
Analyzing frame 112/125...
Prompt: Given the scenario shown on the video, you think this situation ends well or poorly? (Use only one word to answer)
Image size: 35032 bytes
Response status code: 200
{'model': 'llava-llama3', 'created_at': '2025-12-06T21:54:11.248187882Z', 'message': {'role': 'assistant', 'content': 'Well'}, 'done': True, 'done_reason': 'stop', 'total_duration': 6434498770, 'load_duration': 6001372509, 'prompt_eval_count': 611, 'prompt_eval_duration': 317141238, 'eval_count': 2, 'eval_duration': 11550044}
Response: Well
Analyzing frame 113/125...
Prompt: Given the scenario shown on the video, you think this situation ends well or poorly? (Use only one word to answer)
Image size: 35044 bytes
Response status code: 200
{'model': 'llava-llama3', 'created_at': '2025-12-06T21:54:18.753636398Z', 'message': {'role': 'assistant', 'content': 'Well'}, 'done': True, 'done_reason': 'stop', 'total_duration': 6470117664, 'load_duration': 6050438956, 'prompt_eval_count': 611, 'prompt_eval_duration': 309728577, 'eval_count': 2, 'eval_duration': 13191980}
Response: Well
Analyzing frame 114/125...
Prompt: Given the scenario shown on the video, you think this situation ends well or poorly? (Use only one word to answer)
Image size: 35048 bytes
Response status code: 200
{'model': 'llava-llama3', 'created_at': '2025-12-06T21:54:26.150709928Z', 'message': {'role': 'assistant', 'content': 'Well'}, 'done': True, 'done_reason': 'stop', 'total_duration': 6359647358, 'load_duration': 5940530916, 'prompt_eval_count': 611, 'prompt_eval_duration': 316100765, 'eval_count': 2, 'eval_duration': 11560721}
Response: Well
Analyzing frame 115/125...
Prompt: Given the scenario shown on the video, you think this situation ends well or poorly? (Use only one word to answer)
Image size: 35032 bytes
Response status code: 200
{'model': 'llava-llama3', 'created_at': '2025-12-06T21:54:33.656602935Z', 'message': {'role': 'assistant', 'content': 'Well'}, 'done': True, 'done_reason': 'stop', 'total_duration': 6466236252, 'load_duration': 6046007670, 'prompt_eval_count': 611, 'prompt_eval_duration': 305408480, 'eval_count': 2, 'eval_duration': 11522837}
Response: Well
Analyzing frame 116/125...
Prompt: Given the scenario shown on the video, you think this situation ends well or poorly? (Use only one word to answer)
Image size: 35056 bytes
Response status code: 200
{'model': 'llava-llama3', 'created_at': '2025-12-06T21:54:41.163293025Z', 'message': {'role': 'assistant', 'content': 'Well'}, 'done': True, 'done_reason': 'stop', 'total_duration': 6468461869, 'load_duration': 6066875163, 'prompt_eval_count': 611, 'prompt_eval_duration': 304031746, 'eval_count': 2, 'eval_duration': 11680075}
Response: Well
Analyzing frame 117/125...
Prompt: Given the scenario shown on the video, you think this situation ends well or poorly? (Use only one word to answer)
Image size: 35040 bytes
Response status code: 200
{'model': 'llava-llama3', 'created_at': '2025-12-06T21:54:48.634611089Z', 'message': {'role': 'assistant', 'content': 'Poorly'}, 'done': True, 'done_reason': 'stop', 'total_duration': 6425296040, 'load_duration': 5994664079, 'prompt_eval_count': 611, 'prompt_eval_duration': 316092003, 'eval_count': 3, 'eval_duration': 22655149}
Response: Poorly
Analyzing frame 118/125...
Prompt: Given the scenario shown on the video, you think this situation ends well or poorly? (Use only one word to answer)
Image size: 35044 bytes
Response status code: 200
{'model': 'llava-llama3', 'created_at': '2025-12-06T21:54:56.155961343Z', 'message': {'role': 'assistant', 'content': 'Well'}, 'done': True, 'done_reason': 'stop', 'total_duration': 6481718629, 'load_duration': 6080076450, 'prompt_eval_count': 611, 'prompt_eval_duration': 304076802, 'eval_count': 2, 'eval_duration': 11881478}
Response: Well
Analyzing frame 119/125...
Prompt: Given the scenario shown on the video, you think this situation ends well or poorly? (Use only one word to answer)
Image size: 35052 bytes
Response status code: 200
{'model': 'llava-llama3', 'created_at': '2025-12-06T21:55:03.566692508Z', 'message': {'role': 'assistant', 'content': 'Well'}, 'done': True, 'done_reason': 'stop', 'total_duration': 6369586595, 'load_duration': 5940570935, 'prompt_eval_count': 611, 'prompt_eval_duration': 311604475, 'eval_count': 2, 'eval_duration': 11598913}
Response: Well
Analyzing frame 120/125...
Prompt: Given the scenario shown on the video, you think this situation ends well or poorly? (Use only one word to answer)
Image size: 35004 bytes
Response status code: 200
{'model': 'llava-llama3', 'created_at': '2025-12-06T21:55:11.01702863Z', 'message': {'role': 'assistant', 'content': 'Well'}, 'done': True, 'done_reason': 'stop', 'total_duration': 6410937822, 'load_duration': 6004203930, 'prompt_eval_count': 611, 'prompt_eval_duration': 304162850, 'eval_count': 2, 'eval_duration': 11970719}
Response: Well
Analyzing frame 121/125...
Prompt: Given the scenario shown on the video, you think this situation ends well or poorly? (Use only one word to answer)
Image size: 34992 bytes
Response status code: 200
{'model': 'llava-llama3', 'created_at': '2025-12-06T21:55:18.601333245Z', 'message': {'role': 'assistant', 'content': 'Well'}, 'done': True, 'done_reason': 'stop', 'total_duration': 6545098462, 'load_duration': 6107220249, 'prompt_eval_count': 611, 'prompt_eval_duration': 327354820, 'eval_count': 2, 'eval_duration': 11522020}
Response: Well
Analyzing frame 122/125...
Prompt: Given the scenario shown on the video, you think this situation ends well or poorly? (Use only one word to answer)
Image size: 34992 bytes
Response status code: 200
{'model': 'llava-llama3', 'created_at': '2025-12-06T21:55:26.091899992Z', 'message': {'role': 'assistant', 'content': 'Well'}, 'done': True, 'done_reason': 'stop', 'total_duration': 6459383488, 'load_duration': 6024530343, 'prompt_eval_count': 611, 'prompt_eval_duration': 319958118, 'eval_count': 2, 'eval_duration': 11570960}
Response: Well
Analyzing frame 123/125...
Prompt: Given the scenario shown on the video, you think this situation ends well or poorly? (Use only one word to answer)
Image size: 35004 bytes
Response status code: 200
{'model': 'llava-llama3', 'created_at': '2025-12-06T21:55:33.542568275Z', 'message': {'role': 'assistant', 'content': 'Well'}, 'done': True, 'done_reason': 'stop', 'total_duration': 6407461997, 'load_duration': 5973125280, 'prompt_eval_count': 611, 'prompt_eval_duration': 322848393, 'eval_count': 2, 'eval_duration': 11665832}
Response: Well
Analyzing frame 124/125...
Prompt: Given the scenario shown on the video, you think this situation ends well or poorly? (Use only one word to answer)
Image size: 34988 bytes
Response status code: 200
{'model': 'llava-llama3', 'created_at': '2025-12-06T21:55:40.923529509Z', 'message': {'role': 'assistant', 'content': 'Well'}, 'done': True, 'done_reason': 'stop', 'total_duration': 6340200738, 'load_duration': 5906708569, 'prompt_eval_count': 611, 'prompt_eval_duration': 329571591, 'eval_count': 2, 'eval_duration': 11555352}
Response: Well
Analyzing frame 125/125...
Prompt: Given the scenario shown on the video, you think this situation ends well or poorly? (Use only one word to answer)
Image size: 35008 bytes
Response status code: 200
{'model': 'llava-llama3', 'created_at': '2025-12-06T21:55:48.468855835Z', 'message': {'role': 'assistant', 'content': 'Well'}, 'done': True, 'done_reason': 'stop', 'total_duration': 6512158281, 'load_duration': 6100597616, 'prompt_eval_count': 611, 'prompt_eval_duration': 304853000, 'eval_count': 2, 'eval_duration': 11718087}
Response: Well
Final prediction for 24_final.mp4: Well

Results saved to ./results/results_llavallama3.csv
Total videos processed: 812

==================================================
Processing video 9/30

Processing video: 29_final.mp4
Video info: 218 frames, 30.00 FPS, 7.27 seconds
Extracted 73 frames for analysis
Analyzing frame 1/73...
Prompt: Given the scenario shown on the video, you think this situation ends well or poorly? (Use only one word to answer)
Image size: 15680 bytes
Response status code: 200
{'model': 'llava-llama3', 'created_at': '2025-12-06T21:55:56.138936164Z', 'message': {'role': 'assistant', 'content': 'Well'}, 'done': True, 'done_reason': 'stop', 'total_duration': 4005930068, 'load_duration': 3573122218, 'prompt_eval_count': 611, 'prompt_eval_duration': 321968658, 'eval_count': 2, 'eval_duration': 11619856}
Response: Well
Analyzing frame 2/73...
Prompt: Given the scenario shown on the video, you think this situation ends well or poorly? (Use only one word to answer)
Image size: 15680 bytes
Response status code: 200
{'model': 'llava-llama3', 'created_at': '2025-12-06T21:56:03.645818609Z', 'message': {'role': 'assistant', 'content': 'Well'}, 'done': True, 'done_reason': 'stop', 'total_duration': 6471452619, 'load_duration': 6055198664, 'prompt_eval_count': 611, 'prompt_eval_duration': 305245486, 'eval_count': 2, 'eval_duration': 11520932}
Response: Well
Analyzing frame 3/73...
Prompt: Given the scenario shown on the video, you think this situation ends well or poorly? (Use only one word to answer)
Image size: 15768 bytes
Response status code: 200
{'model': 'llava-llama3', 'created_at': '2025-12-06T21:56:11.262860847Z', 'message': {'role': 'assistant', 'content': 'Well'}, 'done': True, 'done_reason': 'stop', 'total_duration': 6580152716, 'load_duration': 6157331272, 'prompt_eval_count': 611, 'prompt_eval_duration': 311140212, 'eval_count': 2, 'eval_duration': 11562438}
Response: Well
Analyzing frame 4/73...
Prompt: Given the scenario shown on the video, you think this situation ends well or poorly? (Use only one word to answer)
Image size: 15784 bytes
Response status code: 200
{'model': 'llava-llama3', 'created_at': '2025-12-06T21:56:18.778553646Z', 'message': {'role': 'assistant', 'content': 'Poorly'}, 'done': True, 'done_reason': 'stop', 'total_duration': 6478666325, 'load_duration': 6053712246, 'prompt_eval_count': 611, 'prompt_eval_duration': 317080685, 'eval_count': 3, 'eval_duration': 22632759}
Response: Poorly
Analyzing frame 5/73...
Prompt: Given the scenario shown on the video, you think this situation ends well or poorly? (Use only one word to answer)
Image size: 15808 bytes
Response status code: 200
{'model': 'llava-llama3', 'created_at': '2025-12-06T21:56:26.310168821Z', 'message': {'role': 'assistant', 'content': 'Well'}, 'done': True, 'done_reason': 'stop', 'total_duration': 6495678182, 'load_duration': 6086260157, 'prompt_eval_count': 611, 'prompt_eval_duration': 304161966, 'eval_count': 2, 'eval_duration': 11545553}
Response: Well
Analyzing frame 6/73...
Prompt: Given the scenario shown on the video, you think this situation ends well or poorly? (Use only one word to answer)
Image size: 15864 bytes
Response status code: 200
{'model': 'llava-llama3', 'created_at': '2025-12-06T21:56:33.753682698Z', 'message': {'role': 'assistant', 'content': 'Well'}, 'done': True, 'done_reason': 'stop', 'total_duration': 6406477968, 'load_duration': 6001208284, 'prompt_eval_count': 611, 'prompt_eval_duration': 303566915, 'eval_count': 2, 'eval_duration': 11629286}
Response: Well
Analyzing frame 7/73...
Prompt: Given the scenario shown on the video, you think this situation ends well or poorly? (Use only one word to answer)
Image size: 15964 bytes
Response status code: 200
{'model': 'llava-llama3', 'created_at': '2025-12-06T21:56:41.100399962Z', 'message': {'role': 'assistant', 'content': 'Poorly'}, 'done': True, 'done_reason': 'stop', 'total_duration': 6312996187, 'load_duration': 5897557400, 'prompt_eval_count': 611, 'prompt_eval_duration': 304681853, 'eval_count': 3, 'eval_duration': 22992116}
Response: Poorly
Analyzing frame 8/73...
Prompt: Given the scenario shown on the video, you think this situation ends well or poorly? (Use only one word to answer)
Image size: 16004 bytes
Response status code: 200
{'model': 'llava-llama3', 'created_at': '2025-12-06T21:56:48.563672413Z', 'message': {'role': 'assistant', 'content': 'Well'}, 'done': True, 'done_reason': 'stop', 'total_duration': 6425320347, 'load_duration': 6015696756, 'prompt_eval_count': 611, 'prompt_eval_duration': 303988727, 'eval_count': 2, 'eval_duration': 11628777}
Response: Well
Analyzing frame 9/73...
Prompt: Given the scenario shown on the video, you think this situation ends well or poorly? (Use only one word to answer)
Image size: 16024 bytes
Response status code: 200
{'model': 'llava-llama3', 'created_at': '2025-12-06T21:56:56.096042804Z', 'message': {'role': 'assistant', 'content': 'Well'}, 'done': True, 'done_reason': 'stop', 'total_duration': 6494732539, 'load_duration': 6067638139, 'prompt_eval_count': 611, 'prompt_eval_duration': 323613135, 'eval_count': 2, 'eval_duration': 11608482}
Response: Well
Analyzing frame 10/73...
Prompt: Given the scenario shown on the video, you think this situation ends well or poorly? (Use only one word to answer)
Image size: 16224 bytes
Response status code: 200
{'model': 'llava-llama3', 'created_at': '2025-12-06T21:57:03.75777797Z', 'message': {'role': 'assistant', 'content': 'Well'}, 'done': True, 'done_reason': 'stop', 'total_duration': 6621870084, 'load_duration': 6199870848, 'prompt_eval_count': 611, 'prompt_eval_duration': 319300423, 'eval_count': 2, 'eval_duration': 11563321}
Response: Well
Analyzing frame 11/73...
Prompt: Given the scenario shown on the video, you think this situation ends well or poorly? (Use only one word to answer)
Image size: 16376 bytes
Response status code: 200
{'model': 'llava-llama3', 'created_at': '2025-12-06T21:57:11.224851982Z', 'message': {'role': 'assistant', 'content': 'Well'}, 'done': True, 'done_reason': 'stop', 'total_duration': 6427759706, 'load_duration': 6006921198, 'prompt_eval_count': 611, 'prompt_eval_duration': 321335068, 'eval_count': 2, 'eval_duration': 11584354}
Response: Well
Analyzing frame 12/73...
Prompt: Given the scenario shown on the video, you think this situation ends well or poorly? (Use only one word to answer)
Image size: 16284 bytes
Response status code: 200
{'model': 'llava-llama3', 'created_at': '2025-12-06T21:57:18.811129518Z', 'message': {'role': 'assistant', 'content': 'Well'}, 'done': True, 'done_reason': 'stop', 'total_duration': 6553386131, 'load_duration': 6108541011, 'prompt_eval_count': 611, 'prompt_eval_duration': 318054575, 'eval_count': 2, 'eval_duration': 11953244}
Response: Well
Analyzing frame 13/73...
Prompt: Given the scenario shown on the video, you think this situation ends well or poorly? (Use only one word to answer)
Image size: 16220 bytes
Response status code: 200
{'model': 'llava-llama3', 'created_at': '2025-12-06T21:57:26.307586383Z', 'message': {'role': 'assistant', 'content': 'Well'}, 'done': True, 'done_reason': 'stop', 'total_duration': 6458333820, 'load_duration': 6037885612, 'prompt_eval_count': 611, 'prompt_eval_duration': 315081990, 'eval_count': 2, 'eval_duration': 11563294}
Response: Well
Analyzing frame 14/73...
Prompt: Given the scenario shown on the video, you think this situation ends well or poorly? (Use only one word to answer)
Image size: 16164 bytes
Response status code: 200
{'model': 'llava-llama3', 'created_at': '2025-12-06T21:57:33.77504813Z', 'message': {'role': 'assistant', 'content': 'Well'}, 'done': True, 'done_reason': 'stop', 'total_duration': 6433308215, 'load_duration': 6031167522, 'prompt_eval_count': 611, 'prompt_eval_duration': 305434191, 'eval_count': 2, 'eval_duration': 11933963}
Response: Well
Analyzing frame 15/73...
Prompt: Given the scenario shown on the video, you think this situation ends well or poorly? (Use only one word to answer)
Image size: 16296 bytes
Response status code: 200
{'model': 'llava-llama3', 'created_at': '2025-12-06T21:57:41.353682158Z', 'message': {'role': 'assistant', 'content': 'Well'}, 'done': True, 'done_reason': 'stop', 'total_duration': 6541740590, 'load_duration': 6108908660, 'prompt_eval_count': 611, 'prompt_eval_duration': 320213600, 'eval_count': 2, 'eval_duration': 11628150}
Response: Well
Analyzing frame 16/73...
Prompt: Given the scenario shown on the video, you think this situation ends well or poorly? (Use only one word to answer)
Image size: 16356 bytes
Response status code: 200
{'model': 'llava-llama3', 'created_at': '2025-12-06T21:57:48.832775321Z', 'message': {'role': 'assistant', 'content': 'Well'}, 'done': True, 'done_reason': 'stop', 'total_duration': 6444065342, 'load_duration': 6022301459, 'prompt_eval_count': 611, 'prompt_eval_duration': 324867520, 'eval_count': 2, 'eval_duration': 11792431}
Response: Well
Analyzing frame 17/73...
Prompt: Given the scenario shown on the video, you think this situation ends well or poorly? (Use only one word to answer)
Image size: 16304 bytes
Response status code: 200
{'model': 'llava-llama3', 'created_at': '2025-12-06T21:57:56.426504176Z', 'message': {'role': 'assistant', 'content': 'Well'}, 'done': True, 'done_reason': 'stop', 'total_duration': 6555886508, 'load_duration': 6117859232, 'prompt_eval_count': 611, 'prompt_eval_duration': 319087213, 'eval_count': 2, 'eval_duration': 11569127}
Response: Well
Analyzing frame 18/73...
Prompt: Given the scenario shown on the video, you think this situation ends well or poorly? (Use only one word to answer)
Image size: 16016 bytes
Response status code: 200
{'model': 'llava-llama3', 'created_at': '2025-12-06T21:58:03.928309152Z', 'message': {'role': 'assistant', 'content': 'Poorly'}, 'done': True, 'done_reason': 'stop', 'total_duration': 6464515107, 'load_duration': 6033663617, 'prompt_eval_count': 611, 'prompt_eval_duration': 318659357, 'eval_count': 3, 'eval_duration': 22543795}
Response: Poorly
Analyzing frame 19/73...
Prompt: Given the scenario shown on the video, you think this situation ends well or poorly? (Use only one word to answer)
Image size: 15904 bytes
Response status code: 200
{'model': 'llava-llama3', 'created_at': '2025-12-06T21:58:05.500282057Z', 'message': {'role': 'assistant', 'content': 'Well'}, 'done': True, 'done_reason': 'stop', 'total_duration': 531877802, 'load_duration': 155496863, 'prompt_eval_count': 611, 'prompt_eval_duration': 285932232, 'eval_count': 2, 'eval_duration': 11499450}
Response: Well
Analyzing frame 20/73...
Prompt: Given the scenario shown on the video, you think this situation ends well or poorly? (Use only one word to answer)
Image size: 15804 bytes
Response status code: 200
{'model': 'llava-llama3', 'created_at': '2025-12-06T21:58:07.126771121Z', 'message': {'role': 'assistant', 'content': 'Well'}, 'done': True, 'done_reason': 'stop', 'total_duration': 586059209, 'load_duration': 203710949, 'prompt_eval_count': 611, 'prompt_eval_duration': 288077955, 'eval_count': 2, 'eval_duration': 11474792}
Response: Well
Analyzing frame 21/73...
Prompt: Given the scenario shown on the video, you think this situation ends well or poorly? (Use only one word to answer)
Image size: 15756 bytes
Response status code: 200
{'model': 'llava-llama3', 'created_at': '2025-12-06T21:58:08.712983839Z', 'message': {'role': 'assistant', 'content': 'Poorly'}, 'done': True, 'done_reason': 'stop', 'total_duration': 549309373, 'load_duration': 163312576, 'prompt_eval_count': 611, 'prompt_eval_duration': 285701904, 'eval_count': 3, 'eval_duration': 25168435}
Response: Poorly
Analyzing frame 22/73...
Prompt: Given the scenario shown on the video, you think this situation ends well or poorly? (Use only one word to answer)
Image size: 15728 bytes
Response status code: 200
{'model': 'llava-llama3', 'created_at': '2025-12-06T21:58:10.321290993Z', 'message': {'role': 'assistant', 'content': 'Well'}, 'done': True, 'done_reason': 'stop', 'total_duration': 568828303, 'load_duration': 203754008, 'prompt_eval_count': 611, 'prompt_eval_duration': 287610615, 'eval_count': 2, 'eval_duration': 11454187}
Response: Well
Analyzing frame 23/73...
Prompt: Given the scenario shown on the video, you think this situation ends well or poorly? (Use only one word to answer)
Image size: 15684 bytes
Response status code: 200
{'model': 'llava-llama3', 'created_at': '2025-12-06T21:58:11.971712084Z', 'message': {'role': 'assistant', 'content': 'Poorly'}, 'done': True, 'done_reason': 'stop', 'total_duration': 610211601, 'load_duration': 200096067, 'prompt_eval_count': 611, 'prompt_eval_duration': 300630162, 'eval_count': 3, 'eval_duration': 22547443}
Response: Poorly
Analyzing frame 24/73...
Prompt: Given the scenario shown on the video, you think this situation ends well or poorly? (Use only one word to answer)
Image size: 15836 bytes
Response status code: 200
{'model': 'llava-llama3', 'created_at': '2025-12-06T21:58:13.557347819Z', 'message': {'role': 'assistant', 'content': 'Poorly'}, 'done': True, 'done_reason': 'stop', 'total_duration': 546550757, 'load_duration': 182126944, 'prompt_eval_count': 611, 'prompt_eval_duration': 285706065, 'eval_count': 3, 'eval_duration': 22538535}
Response: Poorly
Analyzing frame 25/73...
Prompt: Given the scenario shown on the video, you think this situation ends well or poorly? (Use only one word to answer)
Image size: 15996 bytes
Response status code: 200
{'model': 'llava-llama3', 'created_at': '2025-12-06T21:58:15.178092059Z', 'message': {'role': 'assistant', 'content': 'Poorly'}, 'done': True, 'done_reason': 'stop', 'total_duration': 579596083, 'load_duration': 205781832, 'prompt_eval_count': 611, 'prompt_eval_duration': 286096691, 'eval_count': 3, 'eval_duration': 22555864}
Response: Poorly
Analyzing frame 26/73...
Prompt: Given the scenario shown on the video, you think this situation ends well or poorly? (Use only one word to answer)
Image size: 16032 bytes
Response status code: 200
{'model': 'llava-llama3', 'created_at': '2025-12-06T21:58:16.817091251Z', 'message': {'role': 'assistant', 'content': 'Poorly'}, 'done': True, 'done_reason': 'stop', 'total_duration': 599885228, 'load_duration': 231056073, 'prompt_eval_count': 611, 'prompt_eval_duration': 285575876, 'eval_count': 3, 'eval_duration': 22783223}
Response: Poorly
Analyzing frame 27/73...
Prompt: Given the scenario shown on the video, you think this situation ends well or poorly? (Use only one word to answer)
Image size: 15988 bytes
Response status code: 200
{'model': 'llava-llama3', 'created_at': '2025-12-06T21:58:18.42453733Z', 'message': {'role': 'assistant', 'content': 'Well'}, 'done': True, 'done_reason': 'stop', 'total_duration': 569187879, 'load_duration': 200316823, 'prompt_eval_count': 611, 'prompt_eval_duration': 285222649, 'eval_count': 2, 'eval_duration': 11472076}
Response: Well
Analyzing frame 28/73...
Prompt: Given the scenario shown on the video, you think this situation ends well or poorly? (Use only one word to answer)
Image size: 15956 bytes
Response status code: 200
{'model': 'llava-llama3', 'created_at': '2025-12-06T21:58:20.037028407Z', 'message': {'role': 'assistant', 'content': 'Poorly'}, 'done': True, 'done_reason': 'stop', 'total_duration': 572837767, 'load_duration': 173718951, 'prompt_eval_count': 611, 'prompt_eval_duration': 297075950, 'eval_count': 3, 'eval_duration': 22604136}
Response: Poorly
Analyzing frame 29/73...
Prompt: Given the scenario shown on the video, you think this situation ends well or poorly? (Use only one word to answer)
Image size: 15744 bytes
Response status code: 200
{'model': 'llava-llama3', 'created_at': '2025-12-06T21:58:21.697377454Z', 'message': {'role': 'assistant', 'content': 'Poorly'}, 'done': True, 'done_reason': 'stop', 'total_duration': 622019321, 'load_duration': 238490046, 'prompt_eval_count': 611, 'prompt_eval_duration': 288304254, 'eval_count': 3, 'eval_duration': 22648742}
Response: Poorly
Analyzing frame 30/73...
Prompt: Given the scenario shown on the video, you think this situation ends well or poorly? (Use only one word to answer)
Image size: 15888 bytes
Response status code: 200
{'model': 'llava-llama3', 'created_at': '2025-12-06T21:58:23.329213079Z', 'message': {'role': 'assistant', 'content': 'Poorly'}, 'done': True, 'done_reason': 'stop', 'total_duration': 590830036, 'load_duration': 229553199, 'prompt_eval_count': 611, 'prompt_eval_duration': 286797741, 'eval_count': 3, 'eval_duration': 22862718}
Response: Poorly
Analyzing frame 31/73...
Prompt: Given the scenario shown on the video, you think this situation ends well or poorly? (Use only one word to answer)
Image size: 15920 bytes
Response status code: 200
{'model': 'llava-llama3', 'created_at': '2025-12-06T21:58:24.913818935Z', 'message': {'role': 'assistant', 'content': 'Poorly'}, 'done': True, 'done_reason': 'stop', 'total_duration': 543407196, 'load_duration': 184070333, 'prompt_eval_count': 611, 'prompt_eval_duration': 285473156, 'eval_count': 3, 'eval_duration': 22564969}
Response: Poorly
Analyzing frame 32/73...
Prompt: Given the scenario shown on the video, you think this situation ends well or poorly? (Use only one word to answer)
Image size: 16072 bytes
Response status code: 200
{'model': 'llava-llama3', 'created_at': '2025-12-06T21:58:26.469909039Z', 'message': {'role': 'assistant', 'content': 'Well'}, 'done': True, 'done_reason': 'stop', 'total_duration': 516949681, 'load_duration': 163246703, 'prompt_eval_count': 611, 'prompt_eval_duration': 285640900, 'eval_count': 2, 'eval_duration': 11566099}
Response: Well
Analyzing frame 33/73...
Prompt: Given the scenario shown on the video, you think this situation ends well or poorly? (Use only one word to answer)
Image size: 16232 bytes
Response status code: 200
{'model': 'llava-llama3', 'created_at': '2025-12-06T21:58:28.071866991Z', 'message': {'role': 'assistant', 'content': 'Well'}, 'done': True, 'done_reason': 'stop', 'total_duration': 565341965, 'load_duration': 182028983, 'prompt_eval_count': 611, 'prompt_eval_duration': 300234035, 'eval_count': 2, 'eval_duration': 11537912}
Response: Well
Analyzing frame 34/73...
Prompt: Given the scenario shown on the video, you think this situation ends well or poorly? (Use only one word to answer)
Image size: 16240 bytes
Response status code: 200
{'model': 'llava-llama3', 'created_at': '2025-12-06T21:58:29.68806683Z', 'message': {'role': 'assistant', 'content': 'Poorly'}, 'done': True, 'done_reason': 'stop', 'total_duration': 576148394, 'load_duration': 183014822, 'prompt_eval_count': 611, 'prompt_eval_duration': 288144328, 'eval_count': 3, 'eval_duration': 22889576}
Response: Poorly
Analyzing frame 35/73...
Prompt: Given the scenario shown on the video, you think this situation ends well or poorly? (Use only one word to answer)
Image size: 16204 bytes
Response status code: 200
{'model': 'llava-llama3', 'created_at': '2025-12-06T21:58:31.332863344Z', 'message': {'role': 'assistant', 'content': 'Well'}, 'done': True, 'done_reason': 'stop', 'total_duration': 609815283, 'load_duration': 236005929, 'prompt_eval_count': 611, 'prompt_eval_duration': 288350610, 'eval_count': 2, 'eval_duration': 11800186}
Response: Well
Analyzing frame 36/73...
Prompt: Given the scenario shown on the video, you think this situation ends well or poorly? (Use only one word to answer)
Image size: 16416 bytes
Response status code: 200
{'model': 'llava-llama3', 'created_at': '2025-12-06T21:58:32.948323919Z', 'message': {'role': 'assistant', 'content': 'Well'}, 'done': True, 'done_reason': 'stop', 'total_duration': 577265198, 'load_duration': 222711673, 'prompt_eval_count': 611, 'prompt_eval_duration': 285675680, 'eval_count': 2, 'eval_duration': 11571749}
Response: Well
Analyzing frame 37/73...
Prompt: Given the scenario shown on the video, you think this situation ends well or poorly? (Use only one word to answer)
Image size: 16412 bytes
Response status code: 200
{'model': 'llava-llama3', 'created_at': '2025-12-06T21:58:34.514025093Z', 'message': {'role': 'assistant', 'content': 'Well'}, 'done': True, 'done_reason': 'stop', 'total_duration': 527875428, 'load_duration': 158045947, 'prompt_eval_count': 611, 'prompt_eval_duration': 288003371, 'eval_count': 2, 'eval_duration': 11566154}
Response: Well
Analyzing frame 38/73...
Prompt: Given the scenario shown on the video, you think this situation ends well or poorly? (Use only one word to answer)
Image size: 16556 bytes
Response status code: 200
{'model': 'llava-llama3', 'created_at': '2025-12-06T21:58:36.14267142Z', 'message': {'role': 'assistant', 'content': 'Well'}, 'done': True, 'done_reason': 'stop', 'total_duration': 589024757, 'load_duration': 231709157, 'prompt_eval_count': 611, 'prompt_eval_duration': 288554840, 'eval_count': 2, 'eval_duration': 11786347}
Response: Well
Analyzing frame 39/73...
Prompt: Given the scenario shown on the video, you think this situation ends well or poorly? (Use only one word to answer)
Image size: 16540 bytes
Response status code: 200
{'model': 'llava-llama3', 'created_at': '2025-12-06T21:58:37.70416819Z', 'message': {'role': 'assistant', 'content': 'Well'}, 'done': True, 'done_reason': 'stop', 'total_duration': 526389806, 'load_duration': 173677033, 'prompt_eval_count': 611, 'prompt_eval_duration': 288903511, 'eval_count': 2, 'eval_duration': 11560177}
Response: Well
Analyzing frame 40/73...
Prompt: Given the scenario shown on the video, you think this situation ends well or poorly? (Use only one word to answer)
Image size: 16548 bytes
Response status code: 200
{'model': 'llava-llama3', 'created_at': '2025-12-06T21:58:39.326502099Z', 'message': {'role': 'assistant', 'content': 'Well'}, 'done': True, 'done_reason': 'stop', 'total_duration': 587661728, 'load_duration': 231867618, 'prompt_eval_count': 611, 'prompt_eval_duration': 286461980, 'eval_count': 2, 'eval_duration': 11493808}
Response: Well
Analyzing frame 41/73...
Prompt: Given the scenario shown on the video, you think this situation ends well or poorly? (Use only one word to answer)
Image size: 16604 bytes
Response status code: 200
{'model': 'llava-llama3', 'created_at': '2025-12-06T21:58:40.914755556Z', 'message': {'role': 'assistant', 'content': 'Well'}, 'done': True, 'done_reason': 'stop', 'total_duration': 550418527, 'load_duration': 202708506, 'prompt_eval_count': 611, 'prompt_eval_duration': 286384648, 'eval_count': 2, 'eval_duration': 11472491}
Response: Well
Analyzing frame 42/73...
Prompt: Given the scenario shown on the video, you think this situation ends well or poorly? (Use only one word to answer)
Image size: 16520 bytes
Response status code: 200
{'model': 'llava-llama3', 'created_at': '2025-12-06T21:58:42.479768782Z', 'message': {'role': 'assistant', 'content': 'Well'}, 'done': True, 'done_reason': 'stop', 'total_duration': 525568797, 'load_duration': 175137841, 'prompt_eval_count': 611, 'prompt_eval_duration': 287310459, 'eval_count': 2, 'eval_duration': 11571773}
Response: Well
Analyzing frame 43/73...
Prompt: Given the scenario shown on the video, you think this situation ends well or poorly? (Use only one word to answer)
Image size: 16476 bytes
Response status code: 200
{'model': 'llava-llama3', 'created_at': '2025-12-06T21:58:44.102915815Z', 'message': {'role': 'assistant', 'content': 'Well'}, 'done': True, 'done_reason': 'stop', 'total_duration': 585411092, 'load_duration': 226410653, 'prompt_eval_count': 611, 'prompt_eval_duration': 292241519, 'eval_count': 2, 'eval_duration': 11902333}
Response: Well
Analyzing frame 44/73...
Prompt: Given the scenario shown on the video, you think this situation ends well or poorly? (Use only one word to answer)
Image size: 16492 bytes
Response status code: 200
{'model': 'llava-llama3', 'created_at': '2025-12-06T21:58:45.738764844Z', 'message': {'role': 'assistant', 'content': 'Well'}, 'done': True, 'done_reason': 'stop', 'total_duration': 598392759, 'load_duration': 241908755, 'prompt_eval_count': 611, 'prompt_eval_duration': 286373775, 'eval_count': 2, 'eval_duration': 11475472}
Response: Well
Analyzing frame 45/73...
Prompt: Given the scenario shown on the video, you think this situation ends well or poorly? (Use only one word to answer)
Image size: 16492 bytes
Response status code: 200
{'model': 'llava-llama3', 'created_at': '2025-12-06T21:58:47.365545475Z', 'message': {'role': 'assistant', 'content': 'Well'}, 'done': True, 'done_reason': 'stop', 'total_duration': 585709869, 'load_duration': 228812014, 'prompt_eval_count': 611, 'prompt_eval_duration': 289934904, 'eval_count': 2, 'eval_duration': 11543324}
Response: Well
Analyzing frame 46/73...
Prompt: Given the scenario shown on the video, you think this situation ends well or poorly? (Use only one word to answer)
Image size: 16484 bytes
Response status code: 200
{'model': 'llava-llama3', 'created_at': '2025-12-06T21:58:48.920238479Z', 'message': {'role': 'assistant', 'content': 'Well'}, 'done': True, 'done_reason': 'stop', 'total_duration': 516357998, 'load_duration': 139740224, 'prompt_eval_count': 611, 'prompt_eval_duration': 293685217, 'eval_count': 2, 'eval_duration': 11620650}
Response: Well
Analyzing frame 47/73...
Prompt: Given the scenario shown on the video, you think this situation ends well or poorly? (Use only one word to answer)
Image size: 16488 bytes
Response status code: 200
{'model': 'llava-llama3', 'created_at': '2025-12-06T21:58:50.470032227Z', 'message': {'role': 'assistant', 'content': 'Well'}, 'done': True, 'done_reason': 'stop', 'total_duration': 510709923, 'load_duration': 146640392, 'prompt_eval_count': 611, 'prompt_eval_duration': 285842773, 'eval_count': 2, 'eval_duration': 11500791}
Response: Well
Analyzing frame 48/73...
Prompt: Given the scenario shown on the video, you think this situation ends well or poorly? (Use only one word to answer)
Image size: 16488 bytes
Response status code: 200
{'model': 'llava-llama3', 'created_at': '2025-12-06T21:58:52.077531894Z', 'message': {'role': 'assistant', 'content': 'Poorly'}, 'done': True, 'done_reason': 'stop', 'total_duration': 568315584, 'load_duration': 182639991, 'prompt_eval_count': 611, 'prompt_eval_duration': 289012257, 'eval_count': 3, 'eval_duration': 22569705}
Response: Poorly
Analyzing frame 49/73...
Prompt: Given the scenario shown on the video, you think this situation ends well or poorly? (Use only one word to answer)
Image size: 16480 bytes
Response status code: 200
{'model': 'llava-llama3', 'created_at': '2025-12-06T21:58:53.61882019Z', 'message': {'role': 'assistant', 'content': 'Well'}, 'done': True, 'done_reason': 'stop', 'total_duration': 501062653, 'load_duration': 134474650, 'prompt_eval_count': 611, 'prompt_eval_duration': 286259608, 'eval_count': 2, 'eval_duration': 11474845}
Response: Well
Analyzing frame 50/73...
Prompt: Given the scenario shown on the video, you think this situation ends well or poorly? (Use only one word to answer)
Image size: 16480 bytes
Response status code: 200
{'model': 'llava-llama3', 'created_at': '2025-12-06T21:58:55.265976748Z', 'message': {'role': 'assistant', 'content': 'Well'}, 'done': True, 'done_reason': 'stop', 'total_duration': 607098019, 'load_duration': 237989189, 'prompt_eval_count': 611, 'prompt_eval_duration': 286719689, 'eval_count': 2, 'eval_duration': 11507113}
Response: Well
Analyzing frame 51/73...
Prompt: Given the scenario shown on the video, you think this situation ends well or poorly? (Use only one word to answer)
Image size: 16480 bytes
Response status code: 200
{'model': 'llava-llama3', 'created_at': '2025-12-06T21:58:56.868656627Z', 'message': {'role': 'assistant', 'content': 'Well'}, 'done': True, 'done_reason': 'stop', 'total_duration': 564945828, 'load_duration': 212176668, 'prompt_eval_count': 611, 'prompt_eval_duration': 285436736, 'eval_count': 2, 'eval_duration': 11473797}
Response: Well
Analyzing frame 52/73...
Prompt: Given the scenario shown on the video, you think this situation ends well or poorly? (Use only one word to answer)
Image size: 16488 bytes
Response status code: 200
{'model': 'llava-llama3', 'created_at': '2025-12-06T21:58:58.487975389Z', 'message': {'role': 'assistant', 'content': 'Well'}, 'done': True, 'done_reason': 'stop', 'total_duration': 581494107, 'load_duration': 215853661, 'prompt_eval_count': 611, 'prompt_eval_duration': 289124180, 'eval_count': 2, 'eval_duration': 11503259}
Response: Well
Analyzing frame 53/73...
Prompt: Given the scenario shown on the video, you think this situation ends well or poorly? (Use only one word to answer)
Image size: 16476 bytes
Response status code: 200
{'model': 'llava-llama3', 'created_at': '2025-12-06T21:59:00.102326896Z', 'message': {'role': 'assistant', 'content': 'Well'}, 'done': True, 'done_reason': 'stop', 'total_duration': 577978260, 'load_duration': 200351530, 'prompt_eval_count': 611, 'prompt_eval_duration': 292219395, 'eval_count': 2, 'eval_duration': 11495122}
Response: Well
Analyzing frame 54/73...
Prompt: Given the scenario shown on the video, you think this situation ends well or poorly? (Use only one word to answer)
Image size: 16488 bytes
Response status code: 200
{'model': 'llava-llama3', 'created_at': '2025-12-06T21:59:01.65870648Z', 'message': {'role': 'assistant', 'content': 'Well'}, 'done': True, 'done_reason': 'stop', 'total_duration': 518372370, 'load_duration': 205980401, 'prompt_eval_count': 611, 'prompt_eval_duration': 293565819, 'eval_count': 2, 'eval_duration': 11481953}
Response: Well
Analyzing frame 55/73...
Prompt: Given the scenario shown on the video, you think this situation ends well or poorly? (Use only one word to answer)
Image size: 16488 bytes
Response status code: 200
{'model': 'llava-llama3', 'created_at': '2025-12-06T21:59:02.894472432Z', 'message': {'role': 'assistant', 'content': 'Well'}, 'done': True, 'done_reason': 'stop', 'total_duration': 195051816, 'load_duration': 164128033, 'prompt_eval_count': 611, 'prompt_eval_duration': 11087723, 'eval_count': 2, 'eval_duration': 10969897}
Response: Well
Analyzing frame 56/73...
Prompt: Given the scenario shown on the video, you think this situation ends well or poorly? (Use only one word to answer)
Image size: 16488 bytes
Response status code: 200
{'model': 'llava-llama3', 'created_at': '2025-12-06T21:59:04.166473775Z', 'message': {'role': 'assistant', 'content': 'Well'}, 'done': True, 'done_reason': 'stop', 'total_duration': 233312801, 'load_duration': 198048954, 'prompt_eval_count': 611, 'prompt_eval_duration': 12632969, 'eval_count': 2, 'eval_duration': 12564916}
Response: Well
Analyzing frame 57/73...
Prompt: Given the scenario shown on the video, you think this situation ends well or poorly? (Use only one word to answer)
Image size: 16484 bytes
Response status code: 200
{'model': 'llava-llama3', 'created_at': '2025-12-06T21:59:05.846490338Z', 'message': {'role': 'assistant', 'content': 'Well'}, 'done': True, 'done_reason': 'stop', 'total_duration': 640206797, 'load_duration': 230889724, 'prompt_eval_count': 611, 'prompt_eval_duration': 321908336, 'eval_count': 2, 'eval_duration': 11466969}
Response: Well
Analyzing frame 58/73...
Prompt: Given the scenario shown on the video, you think this situation ends well or poorly? (Use only one word to answer)
Image size: 16488 bytes
Response status code: 200
{'model': 'llava-llama3', 'created_at': '2025-12-06T21:59:07.353839283Z', 'message': {'role': 'assistant', 'content': 'Well'}, 'done': True, 'done_reason': 'stop', 'total_duration': 468178544, 'load_duration': 161485053, 'prompt_eval_count': 611, 'prompt_eval_duration': 288000054, 'eval_count': 2, 'eval_duration': 11470039}
Response: Well
Analyzing frame 59/73...
Prompt: Given the scenario shown on the video, you think this situation ends well or poorly? (Use only one word to answer)
Image size: 16488 bytes
Response status code: 200
{'model': 'llava-llama3', 'created_at': '2025-12-06T21:59:08.615915638Z', 'message': {'role': 'assistant', 'content': 'Well'}, 'done': True, 'done_reason': 'stop', 'total_duration': 223106247, 'load_duration': 195305057, 'prompt_eval_count': 611, 'prompt_eval_duration': 10968683, 'eval_count': 2, 'eval_duration': 10913428}
Response: Well
Analyzing frame 60/73...
Prompt: Given the scenario shown on the video, you think this situation ends well or poorly? (Use only one word to answer)
Image size: 16488 bytes
Response status code: 200
{'model': 'llava-llama3', 'created_at': '2025-12-06T21:59:09.857900874Z', 'message': {'role': 'assistant', 'content': 'Well'}, 'done': True, 'done_reason': 'stop', 'total_duration': 205367390, 'load_duration': 171788931, 'prompt_eval_count': 611, 'prompt_eval_duration': 12612957, 'eval_count': 2, 'eval_duration': 12531695}
Response: Well
Analyzing frame 61/73...
Prompt: Given the scenario shown on the video, you think this situation ends well or poorly? (Use only one word to answer)
Image size: 16476 bytes
Response status code: 200
{'model': 'llava-llama3', 'created_at': '2025-12-06T21:59:11.449585628Z', 'message': {'role': 'assistant', 'content': 'Well'}, 'done': True, 'done_reason': 'stop', 'total_duration': 552044453, 'load_duration': 199735118, 'prompt_eval_count': 611, 'prompt_eval_duration': 333193775, 'eval_count': 2, 'eval_duration': 11440142}
Response: Well
Analyzing frame 62/73...
Prompt: Given the scenario shown on the video, you think this situation ends well or poorly? (Use only one word to answer)
Image size: 16496 bytes
Response status code: 200
{'model': 'llava-llama3', 'created_at': '2025-12-06T21:59:13.041042257Z', 'message': {'role': 'assistant', 'content': 'Well'}, 'done': True, 'done_reason': 'stop', 'total_duration': 551998029, 'load_duration': 181513212, 'prompt_eval_count': 611, 'prompt_eval_duration': 285221010, 'eval_count': 2, 'eval_duration': 12975751}
Response: Well
Analyzing frame 63/73...
Prompt: Given the scenario shown on the video, you think this situation ends well or poorly? (Use only one word to answer)
Image size: 16492 bytes
Response status code: 200
{'model': 'llava-llama3', 'created_at': '2025-12-06T21:59:14.666296861Z', 'message': {'role': 'assistant', 'content': 'Well'}, 'done': True, 'done_reason': 'stop', 'total_duration': 585754831, 'load_duration': 234371745, 'prompt_eval_count': 611, 'prompt_eval_duration': 287193667, 'eval_count': 2, 'eval_duration': 11500699}
Response: Well
Analyzing frame 64/73...
Prompt: Given the scenario shown on the video, you think this situation ends well or poorly? (Use only one word to answer)
Image size: 16496 bytes
Response status code: 200
{'model': 'llava-llama3', 'created_at': '2025-12-06T21:59:16.31249957Z', 'message': {'role': 'assistant', 'content': 'Well'}, 'done': True, 'done_reason': 'stop', 'total_duration': 606376846, 'load_duration': 238880590, 'prompt_eval_count': 611, 'prompt_eval_duration': 286059844, 'eval_count': 2, 'eval_duration': 11507937}
Response: Well
Analyzing frame 65/73...
Prompt: Given the scenario shown on the video, you think this situation ends well or poorly? (Use only one word to answer)
Image size: 16492 bytes
Response status code: 200
{'model': 'llava-llama3', 'created_at': '2025-12-06T21:59:17.91980879Z', 'message': {'role': 'assistant', 'content': 'Well'}, 'done': True, 'done_reason': 'stop', 'total_duration': 570056798, 'load_duration': 206930877, 'prompt_eval_count': 611, 'prompt_eval_duration': 285997097, 'eval_count': 2, 'eval_duration': 11555323}
Response: Well
Analyzing frame 66/73...
Prompt: Given the scenario shown on the video, you think this situation ends well or poorly? (Use only one word to answer)
Image size: 16484 bytes
Response status code: 200
{'model': 'llava-llama3', 'created_at': '2025-12-06T21:59:19.485344493Z', 'message': {'role': 'assistant', 'content': 'Well'}, 'done': True, 'done_reason': 'stop', 'total_duration': 525800771, 'load_duration': 160749930, 'prompt_eval_count': 611, 'prompt_eval_duration': 285490435, 'eval_count': 2, 'eval_duration': 11487739}
Response: Well
Analyzing frame 67/73...
Prompt: Given the scenario shown on the video, you think this situation ends well or poorly? (Use only one word to answer)
Image size: 16484 bytes
Response status code: 200
{'model': 'llava-llama3', 'created_at': '2025-12-06T21:59:21.098341662Z', 'message': {'role': 'assistant', 'content': 'Well'}, 'done': True, 'done_reason': 'stop', 'total_duration': 569960638, 'load_duration': 204402939, 'prompt_eval_count': 611, 'prompt_eval_duration': 286232148, 'eval_count': 2, 'eval_duration': 11474186}
Response: Well
Analyzing frame 68/73...
Prompt: Given the scenario shown on the video, you think this situation ends well or poorly? (Use only one word to answer)
Image size: 16496 bytes
Response status code: 200
{'model': 'llava-llama3', 'created_at': '2025-12-06T21:59:22.742236591Z', 'message': {'role': 'assistant', 'content': 'Well'}, 'done': True, 'done_reason': 'stop', 'total_duration': 608368292, 'load_duration': 231724111, 'prompt_eval_count': 611, 'prompt_eval_duration': 285645232, 'eval_count': 2, 'eval_duration': 11498792}
Response: Well
Analyzing frame 69/73...
Prompt: Given the scenario shown on the video, you think this situation ends well or poorly? (Use only one word to answer)
Image size: 16496 bytes
Response status code: 200
{'model': 'llava-llama3', 'created_at': '2025-12-06T21:59:24.325728412Z', 'message': {'role': 'assistant', 'content': 'Well'}, 'done': True, 'done_reason': 'stop', 'total_duration': 541875012, 'load_duration': 179374159, 'prompt_eval_count': 611, 'prompt_eval_duration': 287275420, 'eval_count': 2, 'eval_duration': 11504570}
Response: Well
Analyzing frame 70/73...
Prompt: Given the scenario shown on the video, you think this situation ends well or poorly? (Use only one word to answer)
Image size: 16492 bytes
Response status code: 200
{'model': 'llava-llama3', 'created_at': '2025-12-06T21:59:25.922946578Z', 'message': {'role': 'assistant', 'content': 'Well'}, 'done': True, 'done_reason': 'stop', 'total_duration': 556961368, 'load_duration': 172971896, 'prompt_eval_count': 611, 'prompt_eval_duration': 298600600, 'eval_count': 2, 'eval_duration': 11469980}
Response: Well
Analyzing frame 71/73...
Prompt: Given the scenario shown on the video, you think this situation ends well or poorly? (Use only one word to answer)
Image size: 16492 bytes
Response status code: 200
{'model': 'llava-llama3', 'created_at': '2025-12-06T21:59:27.476027664Z', 'message': {'role': 'assistant', 'content': 'Well'}, 'done': True, 'done_reason': 'stop', 'total_duration': 515831645, 'load_duration': 145086547, 'prompt_eval_count': 611, 'prompt_eval_duration': 287762293, 'eval_count': 2, 'eval_duration': 11493760}
Response: Well
Analyzing frame 72/73...
Prompt: Given the scenario shown on the video, you think this situation ends well or poorly? (Use only one word to answer)
Image size: 16492 bytes
Response status code: 200
{'model': 'llava-llama3', 'created_at': '2025-12-06T21:59:29.039526095Z', 'message': {'role': 'assistant', 'content': 'Well'}, 'done': True, 'done_reason': 'stop', 'total_duration': 526704104, 'load_duration': 166506022, 'prompt_eval_count': 611, 'prompt_eval_duration': 285735055, 'eval_count': 2, 'eval_duration': 11469277}
Response: Well
Analyzing frame 73/73...
Prompt: Given the scenario shown on the video, you think this situation ends well or poorly? (Use only one word to answer)
Image size: 16492 bytes
Response status code: 200
{'model': 'llava-llama3', 'created_at': '2025-12-06T21:59:30.294838738Z', 'message': {'role': 'assistant', 'content': 'Well'}, 'done': True, 'done_reason': 'stop', 'total_duration': 215940474, 'load_duration': 185855115, 'prompt_eval_count': 611, 'prompt_eval_duration': 11070317, 'eval_count': 2, 'eval_duration': 10955975}
Response: Well
Final prediction for 29_final.mp4: Well

Results saved to ./results/results_llavallama3.csv
Total videos processed: 885

==================================================
Processing video 10/30

Processing video: 30_final.mp4
Video info: 377 frames, 30.00 FPS, 12.57 seconds
Extracted 126 frames for analysis
Analyzing frame 1/126...
Prompt: Given the scenario shown on the video, you think this situation ends well or poorly? (Use only one word to answer)
Image size: 16412 bytes
Response status code: 200
{'model': 'llava-llama3', 'created_at': '2025-12-06T21:59:34.257045259Z', 'message': {'role': 'assistant', 'content': 'Well'}, 'done': True, 'done_reason': 'stop', 'total_duration': 562671693, 'load_duration': 186405135, 'prompt_eval_count': 611, 'prompt_eval_duration': 309062345, 'eval_count': 2, 'eval_duration': 11431374}
Response: Well
Analyzing frame 2/126...
Prompt: Given the scenario shown on the video, you think this situation ends well or poorly? (Use only one word to answer)
Image size: 16248 bytes
Response status code: 200
{'model': 'llava-llama3', 'created_at': '2025-12-06T21:59:35.878554668Z', 'message': {'role': 'assistant', 'content': 'Well'}, 'done': True, 'done_reason': 'stop', 'total_duration': 592384334, 'load_duration': 234460147, 'prompt_eval_count': 611, 'prompt_eval_duration': 285555423, 'eval_count': 2, 'eval_duration': 11464193}
Response: Well
Analyzing frame 3/126...
Prompt: Given the scenario shown on the video, you think this situation ends well or poorly? (Use only one word to answer)
Image size: 16012 bytes
Response status code: 200
{'model': 'llava-llama3', 'created_at': '2025-12-06T21:59:37.434862634Z', 'message': {'role': 'assistant', 'content': 'Well'}, 'done': True, 'done_reason': 'stop', 'total_duration': 526790579, 'load_duration': 176225079, 'prompt_eval_count': 611, 'prompt_eval_duration': 286948427, 'eval_count': 2, 'eval_duration': 11486897}
Response: Well
Analyzing frame 4/126...
Prompt: Given the scenario shown on the video, you think this situation ends well or poorly? (Use only one word to answer)
Image size: 15492 bytes
Response status code: 200
{'model': 'llava-llama3', 'created_at': '2025-12-06T21:59:39.043102625Z', 'message': {'role': 'assistant', 'content': 'Well'}, 'done': True, 'done_reason': 'stop', 'total_duration': 578595606, 'load_duration': 227127049, 'prompt_eval_count': 611, 'prompt_eval_duration': 288241252, 'eval_count': 2, 'eval_duration': 11482550}
Response: Well
Analyzing frame 5/126...
Prompt: Given the scenario shown on the video, you think this situation ends well or poorly? (Use only one word to answer)
Image size: 15964 bytes
Response status code: 200
{'model': 'llava-llama3', 'created_at': '2025-12-06T21:59:40.677335457Z', 'message': {'role': 'assistant', 'content': 'Well'}, 'done': True, 'done_reason': 'stop', 'total_duration': 603931687, 'load_duration': 241954422, 'prompt_eval_count': 611, 'prompt_eval_duration': 286589318, 'eval_count': 2, 'eval_duration': 11506849}
Response: Well
Analyzing frame 6/126...
Prompt: Given the scenario shown on the video, you think this situation ends well or poorly? (Use only one word to answer)
Image size: 15800 bytes
Response status code: 200
{'model': 'llava-llama3', 'created_at': '2025-12-06T21:59:42.26464589Z', 'message': {'role': 'assistant', 'content': 'Well'}, 'done': True, 'done_reason': 'stop', 'total_duration': 557160333, 'load_duration': 191117864, 'prompt_eval_count': 611, 'prompt_eval_duration': 285499155, 'eval_count': 2, 'eval_duration': 11486602}
Response: Well
Analyzing frame 7/126...
Prompt: Given the scenario shown on the video, you think this situation ends well or poorly? (Use only one word to answer)
Image size: 16692 bytes
Response status code: 200
{'model': 'llava-llama3', 'created_at': '2025-12-06T21:59:43.929925981Z', 'message': {'role': 'assistant', 'content': 'Well'}, 'done': True, 'done_reason': 'stop', 'total_duration': 634827421, 'load_duration': 279379879, 'prompt_eval_count': 611, 'prompt_eval_duration': 286338197, 'eval_count': 2, 'eval_duration': 11500854}
Response: Well
Analyzing frame 8/126...
Prompt: Given the scenario shown on the video, you think this situation ends well or poorly? (Use only one word to answer)
Image size: 17672 bytes
Response status code: 200
{'model': 'llava-llama3', 'created_at': '2025-12-06T21:59:45.562545687Z', 'message': {'role': 'assistant', 'content': 'Well'}, 'done': True, 'done_reason': 'stop', 'total_duration': 599864094, 'load_duration': 223973217, 'prompt_eval_count': 611, 'prompt_eval_duration': 292222324, 'eval_count': 2, 'eval_duration': 11567828}
Response: Well
Analyzing frame 9/126...
Prompt: Given the scenario shown on the video, you think this situation ends well or poorly? (Use only one word to answer)
Image size: 17816 bytes
Response status code: 200
{'model': 'llava-llama3', 'created_at': '2025-12-06T21:59:47.159688934Z', 'message': {'role': 'assistant', 'content': 'Well'}, 'done': True, 'done_reason': 'stop', 'total_duration': 563908190, 'load_duration': 203637831, 'prompt_eval_count': 611, 'prompt_eval_duration': 286290114, 'eval_count': 2, 'eval_duration': 11477935}
Response: Well
Analyzing frame 10/126...
Prompt: Given the scenario shown on the video, you think this situation ends well or poorly? (Use only one word to answer)
Image size: 17460 bytes
Response status code: 200
{'model': 'llava-llama3', 'created_at': '2025-12-06T21:59:48.766996044Z', 'message': {'role': 'assistant', 'content': 'Well'}, 'done': True, 'done_reason': 'stop', 'total_duration': 578218686, 'load_duration': 212716136, 'prompt_eval_count': 611, 'prompt_eval_duration': 287984547, 'eval_count': 2, 'eval_duration': 11608113}
Response: Well
Analyzing frame 11/126...
Prompt: Given the scenario shown on the video, you think this situation ends well or poorly? (Use only one word to answer)
Image size: 17500 bytes
Response status code: 200
{'model': 'llava-llama3', 'created_at': '2025-12-06T21:59:50.38920708Z', 'message': {'role': 'assistant', 'content': 'Well'}, 'done': True, 'done_reason': 'stop', 'total_duration': 590661177, 'load_duration': 226277126, 'prompt_eval_count': 611, 'prompt_eval_duration': 285471923, 'eval_count': 2, 'eval_duration': 11481649}
Response: Well
Analyzing frame 12/126...
Prompt: Given the scenario shown on the video, you think this situation ends well or poorly? (Use only one word to answer)
Image size: 17156 bytes
Response status code: 200
{'model': 'llava-llama3', 'created_at': '2025-12-06T21:59:51.989020297Z', 'message': {'role': 'assistant', 'content': 'Well'}, 'done': True, 'done_reason': 'stop', 'total_duration': 568054970, 'load_duration': 197141751, 'prompt_eval_count': 611, 'prompt_eval_duration': 288628222, 'eval_count': 2, 'eval_duration': 11472759}
Response: Well
Analyzing frame 13/126...
Prompt: Given the scenario shown on the video, you think this situation ends well or poorly? (Use only one word to answer)
Image size: 17512 bytes
Response status code: 200
{'model': 'llava-llama3', 'created_at': '2025-12-06T21:59:53.619484678Z', 'message': {'role': 'assistant', 'content': 'Well'}, 'done': True, 'done_reason': 'stop', 'total_duration': 597821769, 'load_duration': 213693553, 'prompt_eval_count': 611, 'prompt_eval_duration': 299048278, 'eval_count': 2, 'eval_duration': 11480931}
Response: Well
Analyzing frame 14/126...
Prompt: Given the scenario shown on the video, you think this situation ends well or poorly? (Use only one word to answer)
Image size: 17380 bytes
Response status code: 200
{'model': 'llava-llama3', 'created_at': '2025-12-06T21:59:55.242467292Z', 'message': {'role': 'assistant', 'content': 'Well'}, 'done': True, 'done_reason': 'stop', 'total_duration': 593493167, 'load_duration': 221407049, 'prompt_eval_count': 611, 'prompt_eval_duration': 288069711, 'eval_count': 2, 'eval_duration': 11807416}
Response: Well
Analyzing frame 15/126...
Prompt: Given the scenario shown on the video, you think this situation ends well or poorly? (Use only one word to answer)
Image size: 17784 bytes
Response status code: 200
{'model': 'llava-llama3', 'created_at': '2025-12-06T21:59:56.852752391Z', 'message': {'role': 'assistant', 'content': 'Well'}, 'done': True, 'done_reason': 'stop', 'total_duration': 578255729, 'load_duration': 208951694, 'prompt_eval_count': 611, 'prompt_eval_duration': 286352540, 'eval_count': 2, 'eval_duration': 11543182}
Response: Well
Analyzing frame 16/126...
Prompt: Given the scenario shown on the video, you think this situation ends well or poorly? (Use only one word to answer)
Image size: 17912 bytes
Response status code: 200
{'model': 'llava-llama3', 'created_at': '2025-12-06T21:59:58.437891008Z', 'message': {'role': 'assistant', 'content': 'Well'}, 'done': True, 'done_reason': 'stop', 'total_duration': 555716074, 'load_duration': 208479373, 'prompt_eval_count': 611, 'prompt_eval_duration': 285943144, 'eval_count': 2, 'eval_duration': 11495956}
Response: Well
Analyzing frame 17/126...
Prompt: Given the scenario shown on the video, you think this situation ends well or poorly? (Use only one word to answer)
Image size: 17980 bytes
Response status code: 200
{'model': 'llava-llama3', 'created_at': '2025-12-06T22:00:00.049436462Z', 'message': {'role': 'assistant', 'content': 'Well'}, 'done': True, 'done_reason': 'stop', 'total_duration': 579828409, 'load_duration': 211153257, 'prompt_eval_count': 611, 'prompt_eval_duration': 286280549, 'eval_count': 2, 'eval_duration': 11473507}
Response: Well
Analyzing frame 18/126...
Prompt: Given the scenario shown on the video, you think this situation ends well or poorly? (Use only one word to answer)
Image size: 18040 bytes
Response status code: 200
{'model': 'llava-llama3', 'created_at': '2025-12-06T22:00:01.668630394Z', 'message': {'role': 'assistant', 'content': 'Well'}, 'done': True, 'done_reason': 'stop', 'total_duration': 589289225, 'load_duration': 213970507, 'prompt_eval_count': 611, 'prompt_eval_duration': 285872514, 'eval_count': 2, 'eval_duration': 11483355}
Response: Well
Analyzing frame 19/126...
Prompt: Given the scenario shown on the video, you think this situation ends well or poorly? (Use only one word to answer)
Image size: 18340 bytes
Response status code: 200
{'model': 'llava-llama3', 'created_at': '2025-12-06T22:00:03.224262194Z', 'message': {'role': 'assistant', 'content': 'Well'}, 'done': True, 'done_reason': 'stop', 'total_duration': 524970988, 'load_duration': 156522106, 'prompt_eval_count': 611, 'prompt_eval_duration': 285870002, 'eval_count': 2, 'eval_duration': 11506886}
Response: Well
Analyzing frame 20/126...
Prompt: Given the scenario shown on the video, you think this situation ends well or poorly? (Use only one word to answer)
Image size: 18740 bytes
Response status code: 200
{'model': 'llava-llama3', 'created_at': '2025-12-06T22:00:04.828070324Z', 'message': {'role': 'assistant', 'content': 'Well'}, 'done': True, 'done_reason': 'stop', 'total_duration': 574832206, 'load_duration': 205622051, 'prompt_eval_count': 611, 'prompt_eval_duration': 286300822, 'eval_count': 2, 'eval_duration': 11557998}
Response: Well
Analyzing frame 21/126...
Prompt: Given the scenario shown on the video, you think this situation ends well or poorly? (Use only one word to answer)
Image size: 18556 bytes
Response status code: 200
{'model': 'llava-llama3', 'created_at': '2025-12-06T22:00:06.446828643Z', 'message': {'role': 'assistant', 'content': 'Well'}, 'done': True, 'done_reason': 'stop', 'total_duration': 587140406, 'load_duration': 216080273, 'prompt_eval_count': 611, 'prompt_eval_duration': 286281708, 'eval_count': 2, 'eval_duration': 11563178}
Response: Well
Analyzing frame 22/126...
Prompt: Given the scenario shown on the video, you think this situation ends well or poorly? (Use only one word to answer)
Image size: 18912 bytes
Response status code: 200
{'model': 'llava-llama3', 'created_at': '2025-12-06T22:00:08.033259748Z', 'message': {'role': 'assistant', 'content': 'Well'}, 'done': True, 'done_reason': 'stop', 'total_duration': 557189375, 'load_duration': 203827994, 'prompt_eval_count': 611, 'prompt_eval_duration': 286139593, 'eval_count': 2, 'eval_duration': 11495536}
Response: Well
Analyzing frame 23/126...
Prompt: Given the scenario shown on the video, you think this situation ends well or poorly? (Use only one word to answer)
Image size: 18968 bytes
Response status code: 200
{'model': 'llava-llama3', 'created_at': '2025-12-06T22:00:09.647558066Z', 'message': {'role': 'assistant', 'content': 'Well'}, 'done': True, 'done_reason': 'stop', 'total_duration': 582829967, 'load_duration': 195655986, 'prompt_eval_count': 611, 'prompt_eval_duration': 299075980, 'eval_count': 2, 'eval_duration': 11548716}
Response: Well
Analyzing frame 24/126...
Prompt: Given the scenario shown on the video, you think this situation ends well or poorly? (Use only one word to answer)
Image size: 19248 bytes
Response status code: 200
{'model': 'llava-llama3', 'created_at': '2025-12-06T22:00:11.30487649Z', 'message': {'role': 'assistant', 'content': 'Well'}, 'done': True, 'done_reason': 'stop', 'total_duration': 627345583, 'load_duration': 254927033, 'prompt_eval_count': 611, 'prompt_eval_duration': 286485826, 'eval_count': 2, 'eval_duration': 11571030}
Response: Well
Analyzing frame 25/126...
Prompt: Given the scenario shown on the video, you think this situation ends well or poorly? (Use only one word to answer)
Image size: 19124 bytes
Response status code: 200
{'model': 'llava-llama3', 'created_at': '2025-12-06T22:00:12.874790218Z', 'message': {'role': 'assistant', 'content': 'Well'}, 'done': True, 'done_reason': 'stop', 'total_duration': 541520133, 'load_duration': 169903935, 'prompt_eval_count': 611, 'prompt_eval_duration': 286038488, 'eval_count': 2, 'eval_duration': 11832097}
Response: Well
Analyzing frame 26/126...
Prompt: Given the scenario shown on the video, you think this situation ends well or poorly? (Use only one word to answer)
Image size: 19236 bytes
Response status code: 200
{'model': 'llava-llama3', 'created_at': '2025-12-06T22:00:14.492961319Z', 'message': {'role': 'assistant', 'content': 'Well'}, 'done': True, 'done_reason': 'stop', 'total_duration': 588189647, 'load_duration': 217744917, 'prompt_eval_count': 611, 'prompt_eval_duration': 288778668, 'eval_count': 2, 'eval_duration': 11566450}
Response: Well
Analyzing frame 27/126...
Prompt: Given the scenario shown on the video, you think this situation ends well or poorly? (Use only one word to answer)
Image size: 19404 bytes
Response status code: 200
{'model': 'llava-llama3', 'created_at': '2025-12-06T22:00:16.052940688Z', 'message': {'role': 'assistant', 'content': 'Well'}, 'done': True, 'done_reason': 'stop', 'total_duration': 528561911, 'load_duration': 173751454, 'prompt_eval_count': 611, 'prompt_eval_duration': 286025735, 'eval_count': 2, 'eval_duration': 11576574}
Response: Well
Analyzing frame 28/126...
Prompt: Given the scenario shown on the video, you think this situation ends well or poorly? (Use only one word to answer)
Image size: 19436 bytes
Response status code: 200
{'model': 'llava-llama3', 'created_at': '2025-12-06T22:00:17.645325358Z', 'message': {'role': 'assistant', 'content': 'Well'}, 'done': True, 'done_reason': 'stop', 'total_duration': 563577990, 'load_duration': 201452354, 'prompt_eval_count': 611, 'prompt_eval_duration': 290721633, 'eval_count': 2, 'eval_duration': 11572417}
Response: Well
Analyzing frame 29/126...
Prompt: Given the scenario shown on the video, you think this situation ends well or poorly? (Use only one word to answer)
Image size: 19360 bytes
Response status code: 200
{'model': 'llava-llama3', 'created_at': '2025-12-06T22:00:19.263266554Z', 'message': {'role': 'assistant', 'content': 'Well'}, 'done': True, 'done_reason': 'stop', 'total_duration': 588970946, 'load_duration': 218882352, 'prompt_eval_count': 611, 'prompt_eval_duration': 287620494, 'eval_count': 2, 'eval_duration': 11519417}
Response: Well
Analyzing frame 30/126...
Prompt: Given the scenario shown on the video, you think this situation ends well or poorly? (Use only one word to answer)
Image size: 19316 bytes
Response status code: 200
{'model': 'llava-llama3', 'created_at': '2025-12-06T22:00:20.851818612Z', 'message': {'role': 'assistant', 'content': 'Well'}, 'done': True, 'done_reason': 'stop', 'total_duration': 558760036, 'load_duration': 192462607, 'prompt_eval_count': 611, 'prompt_eval_duration': 286082870, 'eval_count': 2, 'eval_duration': 11546730}
Response: Well
Analyzing frame 31/126...
Prompt: Given the scenario shown on the video, you think this situation ends well or poorly? (Use only one word to answer)
Image size: 18988 bytes
Response status code: 200
{'model': 'llava-llama3', 'created_at': '2025-12-06T22:00:22.44491968Z', 'message': {'role': 'assistant', 'content': 'Well'}, 'done': True, 'done_reason': 'stop', 'total_duration': 564484567, 'load_duration': 183578637, 'prompt_eval_count': 611, 'prompt_eval_duration': 285969197, 'eval_count': 2, 'eval_duration': 11504265}
Response: Well
Analyzing frame 32/126...
Prompt: Given the scenario shown on the video, you think this situation ends well or poorly? (Use only one word to answer)
Image size: 19012 bytes
Response status code: 200
{'model': 'llava-llama3', 'created_at': '2025-12-06T22:00:24.010670053Z', 'message': {'role': 'assistant', 'content': 'Well'}, 'done': True, 'done_reason': 'stop', 'total_duration': 537063341, 'load_duration': 189371323, 'prompt_eval_count': 611, 'prompt_eval_duration': 286206043, 'eval_count': 2, 'eval_duration': 11484411}
Response: Well
Analyzing frame 33/126...
Prompt: Given the scenario shown on the video, you think this situation ends well or poorly? (Use only one word to answer)
Image size: 19124 bytes
Response status code: 200
{'model': 'llava-llama3', 'created_at': '2025-12-06T22:00:25.630300678Z', 'message': {'role': 'assistant', 'content': 'Well'}, 'done': True, 'done_reason': 'stop', 'total_duration': 588031788, 'load_duration': 219926172, 'prompt_eval_count': 611, 'prompt_eval_duration': 292978334, 'eval_count': 2, 'eval_duration': 11516363}
Response: Well
Analyzing frame 34/126...
Prompt: Given the scenario shown on the video, you think this situation ends well or poorly? (Use only one word to answer)
Image size: 19184 bytes
Response status code: 200
{'model': 'llava-llama3', 'created_at': '2025-12-06T22:00:27.219494416Z', 'message': {'role': 'assistant', 'content': 'Well'}, 'done': True, 'done_reason': 'stop', 'total_duration': 560662925, 'load_duration': 195660485, 'prompt_eval_count': 611, 'prompt_eval_duration': 286455530, 'eval_count': 2, 'eval_duration': 11473091}
Response: Well
Analyzing frame 35/126...
Prompt: Given the scenario shown on the video, you think this situation ends well or poorly? (Use only one word to answer)
Image size: 19084 bytes
Response status code: 200
{'model': 'llava-llama3', 'created_at': '2025-12-06T22:00:28.842911501Z', 'message': {'role': 'assistant', 'content': 'Well'}, 'done': True, 'done_reason': 'stop', 'total_duration': 594563642, 'load_duration': 225281599, 'prompt_eval_count': 611, 'prompt_eval_duration': 285757979, 'eval_count': 2, 'eval_duration': 11512373}
Response: Well
Analyzing frame 36/126...
Prompt: Given the scenario shown on the video, you think this situation ends well or poorly? (Use only one word to answer)
Image size: 19340 bytes
Response status code: 200
{'model': 'llava-llama3', 'created_at': '2025-12-06T22:00:30.483806391Z', 'message': {'role': 'assistant', 'content': 'Well'}, 'done': True, 'done_reason': 'stop', 'total_duration': 610012221, 'load_duration': 252999130, 'prompt_eval_count': 611, 'prompt_eval_duration': 286460449, 'eval_count': 2, 'eval_duration': 11491763}
Response: Well
Analyzing frame 37/126...
Prompt: Given the scenario shown on the video, you think this situation ends well or poorly? (Use only one word to answer)
Image size: 19192 bytes
Response status code: 200
{'model': 'llava-llama3', 'created_at': '2025-12-06T22:00:32.102805646Z', 'message': {'role': 'assistant', 'content': 'Well'}, 'done': True, 'done_reason': 'stop', 'total_duration': 587512441, 'load_duration': 216084649, 'prompt_eval_count': 611, 'prompt_eval_duration': 288395315, 'eval_count': 2, 'eval_duration': 11493764}
Response: Well
Analyzing frame 38/126...
Prompt: Given the scenario shown on the video, you think this situation ends well or poorly? (Use only one word to answer)
Image size: 19260 bytes
Response status code: 200
{'model': 'llava-llama3', 'created_at': '2025-12-06T22:00:33.668995687Z', 'message': {'role': 'assistant', 'content': 'Well'}, 'done': True, 'done_reason': 'stop', 'total_duration': 536259411, 'load_duration': 178828487, 'prompt_eval_count': 611, 'prompt_eval_duration': 291702869, 'eval_count': 2, 'eval_duration': 11510310}
Response: Well
Analyzing frame 39/126...
Prompt: Given the scenario shown on the video, you think this situation ends well or poorly? (Use only one word to answer)
Image size: 19484 bytes
Response status code: 200
{'model': 'llava-llama3', 'created_at': '2025-12-06T22:00:35.233724172Z', 'message': {'role': 'assistant', 'content': 'Well'}, 'done': True, 'done_reason': 'stop', 'total_duration': 535386057, 'load_duration': 167725072, 'prompt_eval_count': 611, 'prompt_eval_duration': 286238117, 'eval_count': 2, 'eval_duration': 11473065}
Response: Well
Analyzing frame 40/126...
Prompt: Given the scenario shown on the video, you think this situation ends well or poorly? (Use only one word to answer)
Image size: 19500 bytes
Response status code: 200
{'model': 'llava-llama3', 'created_at': '2025-12-06T22:00:36.871604316Z', 'message': {'role': 'assistant', 'content': 'Well'}, 'done': True, 'done_reason': 'stop', 'total_duration': 608892283, 'load_duration': 231896720, 'prompt_eval_count': 611, 'prompt_eval_duration': 286380763, 'eval_count': 2, 'eval_duration': 11554304}
Response: Well
Analyzing frame 41/126...
Prompt: Given the scenario shown on the video, you think this situation ends well or poorly? (Use only one word to answer)
Image size: 19436 bytes
Response status code: 200
{'model': 'llava-llama3', 'created_at': '2025-12-06T22:00:38.488986431Z', 'message': {'role': 'assistant', 'content': 'Well'}, 'done': True, 'done_reason': 'stop', 'total_duration': 586070129, 'load_duration': 224195997, 'prompt_eval_count': 611, 'prompt_eval_duration': 286592066, 'eval_count': 2, 'eval_duration': 11486578}
Response: Well
Analyzing frame 42/126...
Prompt: Given the scenario shown on the video, you think this situation ends well or poorly? (Use only one word to answer)
Image size: 19184 bytes
Response status code: 200
{'model': 'llava-llama3', 'created_at': '2025-12-06T22:00:40.071992308Z', 'message': {'role': 'assistant', 'content': 'Well'}, 'done': True, 'done_reason': 'stop', 'total_duration': 554906005, 'load_duration': 188168569, 'prompt_eval_count': 611, 'prompt_eval_duration': 286451447, 'eval_count': 2, 'eval_duration': 11472857}
Response: Well
Analyzing frame 43/126...
Prompt: Given the scenario shown on the video, you think this situation ends well or poorly? (Use only one word to answer)
Image size: 19112 bytes
Response status code: 200
{'model': 'llava-llama3', 'created_at': '2025-12-06T22:00:41.675065576Z', 'message': {'role': 'assistant', 'content': 'Well'}, 'done': True, 'done_reason': 'stop', 'total_duration': 574466588, 'load_duration': 217307349, 'prompt_eval_count': 611, 'prompt_eval_duration': 292936593, 'eval_count': 2, 'eval_duration': 11575978}
Response: Well
Analyzing frame 44/126...
Prompt: Given the scenario shown on the video, you think this situation ends well or poorly? (Use only one word to answer)
Image size: 19220 bytes
Response status code: 200
{'model': 'llava-llama3', 'created_at': '2025-12-06T22:00:43.303510156Z', 'message': {'role': 'assistant', 'content': 'Well'}, 'done': True, 'done_reason': 'stop', 'total_duration': 599067871, 'load_duration': 229726793, 'prompt_eval_count': 611, 'prompt_eval_duration': 285883368, 'eval_count': 2, 'eval_duration': 11803320}
Response: Well
Analyzing frame 45/126...
Prompt: Given the scenario shown on the video, you think this situation ends well or poorly? (Use only one word to answer)
Image size: 19368 bytes
Response status code: 200
{'model': 'llava-llama3', 'created_at': '2025-12-06T22:00:44.873507348Z', 'message': {'role': 'assistant', 'content': 'Well'}, 'done': True, 'done_reason': 'stop', 'total_duration': 541315402, 'load_duration': 192928714, 'prompt_eval_count': 611, 'prompt_eval_duration': 285756324, 'eval_count': 2, 'eval_duration': 12827865}
Response: Well
Analyzing frame 46/126...
Prompt: Given the scenario shown on the video, you think this situation ends well or poorly? (Use only one word to answer)
Image size: 19740 bytes
Response status code: 200
{'model': 'llava-llama3', 'created_at': '2025-12-06T22:00:46.373344598Z', 'message': {'role': 'assistant', 'content': 'Well'}, 'done': True, 'done_reason': 'stop', 'total_duration': 469063186, 'load_duration': 121822686, 'prompt_eval_count': 611, 'prompt_eval_duration': 286385926, 'eval_count': 2, 'eval_duration': 11482797}
Response: Well
Analyzing frame 47/126...
Prompt: Given the scenario shown on the video, you think this situation ends well or poorly? (Use only one word to answer)
Image size: 20044 bytes
Response status code: 200
{'model': 'llava-llama3', 'created_at': '2025-12-06T22:00:47.985761667Z', 'message': {'role': 'assistant', 'content': 'Well'}, 'done': True, 'done_reason': 'stop', 'total_duration': 581178503, 'load_duration': 225880462, 'prompt_eval_count': 611, 'prompt_eval_duration': 285376257, 'eval_count': 2, 'eval_duration': 11507597}
Response: Well
Analyzing frame 48/126...
Prompt: Given the scenario shown on the video, you think this situation ends well or poorly? (Use only one word to answer)
Image size: 20380 bytes
Response status code: 200
{'model': 'llava-llama3', 'created_at': '2025-12-06T22:00:49.643874501Z', 'message': {'role': 'assistant', 'content': 'Well'}, 'done': True, 'done_reason': 'stop', 'total_duration': 627358401, 'load_duration': 249386486, 'prompt_eval_count': 611, 'prompt_eval_duration': 292027038, 'eval_count': 2, 'eval_duration': 12809266}
Response: Well
Analyzing frame 49/126...
Prompt: Given the scenario shown on the video, you think this situation ends well or poorly? (Use only one word to answer)
Image size: 20308 bytes
Response status code: 200
{'model': 'llava-llama3', 'created_at': '2025-12-06T22:00:51.23572802Z', 'message': {'role': 'assistant', 'content': 'Well'}, 'done': True, 'done_reason': 'stop', 'total_duration': 559314746, 'load_duration': 188675766, 'prompt_eval_count': 611, 'prompt_eval_duration': 286902713, 'eval_count': 2, 'eval_duration': 11488362}
Response: Well
Analyzing frame 50/126...
Prompt: Given the scenario shown on the video, you think this situation ends well or poorly? (Use only one word to answer)
Image size: 20100 bytes
Response status code: 200
{'model': 'llava-llama3', 'created_at': '2025-12-06T22:00:52.851358118Z', 'message': {'role': 'assistant', 'content': 'Well'}, 'done': True, 'done_reason': 'stop', 'total_duration': 585190243, 'load_duration': 216856129, 'prompt_eval_count': 611, 'prompt_eval_duration': 286054816, 'eval_count': 2, 'eval_duration': 11496569}
Response: Well
Analyzing frame 51/126...
Prompt: Given the scenario shown on the video, you think this situation ends well or poorly? (Use only one word to answer)
Image size: 19832 bytes
Response status code: 200
{'model': 'llava-llama3', 'created_at': '2025-12-06T22:00:54.46718997Z', 'message': {'role': 'assistant', 'content': 'Well'}, 'done': True, 'done_reason': 'stop', 'total_duration': 584860385, 'load_duration': 218305763, 'prompt_eval_count': 611, 'prompt_eval_duration': 286522335, 'eval_count': 2, 'eval_duration': 11490878}
Response: Well
Analyzing frame 52/126...
Prompt: Given the scenario shown on the video, you think this situation ends well or poorly? (Use only one word to answer)
Image size: 19544 bytes
Response status code: 200
{'model': 'llava-llama3', 'created_at': '2025-12-06T22:00:56.033386295Z', 'message': {'role': 'assistant', 'content': 'Well'}, 'done': True, 'done_reason': 'stop', 'total_duration': 536290240, 'load_duration': 187483264, 'prompt_eval_count': 611, 'prompt_eval_duration': 285964964, 'eval_count': 2, 'eval_duration': 11475010}
Response: Well
Analyzing frame 53/126...
Prompt: Given the scenario shown on the video, you think this situation ends well or poorly? (Use only one word to answer)
Image size: 19708 bytes
Response status code: 200
{'model': 'llava-llama3', 'created_at': '2025-12-06T22:00:57.599595328Z', 'message': {'role': 'assistant', 'content': 'Well'}, 'done': True, 'done_reason': 'stop', 'total_duration': 534563362, 'load_duration': 171199725, 'prompt_eval_count': 611, 'prompt_eval_duration': 299426667, 'eval_count': 2, 'eval_duration': 11565798}
Response: Well
Analyzing frame 54/126...
Prompt: Given the scenario shown on the video, you think this situation ends well or poorly? (Use only one word to answer)
Image size: 19380 bytes
Response status code: 200
{'model': 'llava-llama3', 'created_at': '2025-12-06T22:00:59.196716135Z', 'message': {'role': 'assistant', 'content': 'Well'}, 'done': True, 'done_reason': 'stop', 'total_duration': 567654514, 'load_duration': 200137342, 'prompt_eval_count': 611, 'prompt_eval_duration': 286530341, 'eval_count': 2, 'eval_duration': 11513562}
Response: Well
Analyzing frame 55/126...
Prompt: Given the scenario shown on the video, you think this situation ends well or poorly? (Use only one word to answer)
Image size: 19764 bytes
Response status code: 200
{'model': 'llava-llama3', 'created_at': '2025-12-06T22:01:00.75437819Z', 'message': {'role': 'assistant', 'content': 'Well'}, 'done': True, 'done_reason': 'stop', 'total_duration': 526462987, 'load_duration': 168334873, 'prompt_eval_count': 611, 'prompt_eval_duration': 286320730, 'eval_count': 2, 'eval_duration': 11533459}
Response: Well
Analyzing frame 56/126...
Prompt: Given the scenario shown on the video, you think this situation ends well or poorly? (Use only one word to answer)
Image size: 20012 bytes
Response status code: 200
{'model': 'llava-llama3', 'created_at': '2025-12-06T22:01:02.412163714Z', 'message': {'role': 'assistant', 'content': 'Well'}, 'done': True, 'done_reason': 'stop', 'total_duration': 627048738, 'load_duration': 263951525, 'prompt_eval_count': 611, 'prompt_eval_duration': 286593050, 'eval_count': 2, 'eval_duration': 11466816}
Response: Well
Analyzing frame 57/126...
Prompt: Given the scenario shown on the video, you think this situation ends well or poorly? (Use only one word to answer)
Image size: 19872 bytes
Response status code: 200
{'model': 'llava-llama3', 'created_at': '2025-12-06T22:01:04.044964531Z', 'message': {'role': 'assistant', 'content': 'Well'}, 'done': True, 'done_reason': 'stop', 'total_duration': 602047922, 'load_duration': 231274637, 'prompt_eval_count': 611, 'prompt_eval_duration': 286544209, 'eval_count': 2, 'eval_duration': 11485374}
Response: Well
Analyzing frame 58/126...
Prompt: Given the scenario shown on the video, you think this situation ends well or poorly? (Use only one word to answer)
Image size: 19876 bytes
Response status code: 200
{'model': 'llava-llama3', 'created_at': '2025-12-06T22:01:05.67490224Z', 'message': {'role': 'assistant', 'content': 'Well'}, 'done': True, 'done_reason': 'stop', 'total_duration': 599919010, 'load_duration': 240480025, 'prompt_eval_count': 611, 'prompt_eval_duration': 293201110, 'eval_count': 2, 'eval_duration': 11490422}
Response: Well
Analyzing frame 59/126...
Prompt: Given the scenario shown on the video, you think this situation ends well or poorly? (Use only one word to answer)
Image size: 19948 bytes
Response status code: 200
{'model': 'llava-llama3', 'created_at': '2025-12-06T22:01:07.291586528Z', 'message': {'role': 'assistant', 'content': 'Well'}, 'done': True, 'done_reason': 'stop', 'total_duration': 585991963, 'load_duration': 220421535, 'prompt_eval_count': 611, 'prompt_eval_duration': 285591605, 'eval_count': 2, 'eval_duration': 11509626}
Response: Well
Analyzing frame 60/126...
Prompt: Given the scenario shown on the video, you think this situation ends well or poorly? (Use only one word to answer)
Image size: 19964 bytes
Response status code: 200
{'model': 'llava-llama3', 'created_at': '2025-12-06T22:01:08.928745592Z', 'message': {'role': 'assistant', 'content': 'Well'}, 'done': True, 'done_reason': 'stop', 'total_duration': 606947402, 'load_duration': 230652429, 'prompt_eval_count': 611, 'prompt_eval_duration': 286973241, 'eval_count': 2, 'eval_duration': 11478840}
Response: Well
Analyzing frame 61/126...
Prompt: Given the scenario shown on the video, you think this situation ends well or poorly? (Use only one word to answer)
Image size: 20136 bytes
Response status code: 200
{'model': 'llava-llama3', 'created_at': '2025-12-06T22:01:10.484701848Z', 'message': {'role': 'assistant', 'content': 'Well'}, 'done': True, 'done_reason': 'stop', 'total_duration': 524864839, 'load_duration': 155657310, 'prompt_eval_count': 611, 'prompt_eval_duration': 286854553, 'eval_count': 2, 'eval_duration': 11485286}
Response: Well
Analyzing frame 62/126...
Prompt: Given the scenario shown on the video, you think this situation ends well or poorly? (Use only one word to answer)
Image size: 20164 bytes
Response status code: 200
{'model': 'llava-llama3', 'created_at': '2025-12-06T22:01:12.095680688Z', 'message': {'role': 'assistant', 'content': 'Well'}, 'done': True, 'done_reason': 'stop', 'total_duration': 581826445, 'load_duration': 210808935, 'prompt_eval_count': 611, 'prompt_eval_duration': 285834022, 'eval_count': 2, 'eval_duration': 11524494}
Response: Well
Analyzing frame 63/126...
Prompt: Given the scenario shown on the video, you think this situation ends well or poorly? (Use only one word to answer)
Image size: 19732 bytes
Response status code: 200
{'model': 'llava-llama3', 'created_at': '2025-12-06T22:01:13.717215389Z', 'message': {'role': 'assistant', 'content': 'Well'}, 'done': True, 'done_reason': 'stop', 'total_duration': 591674681, 'load_duration': 240528041, 'prompt_eval_count': 611, 'prompt_eval_duration': 286476138, 'eval_count': 2, 'eval_duration': 11459400}
Response: Well
Analyzing frame 64/126...
Prompt: Given the scenario shown on the video, you think this situation ends well or poorly? (Use only one word to answer)
Image size: 19792 bytes
Response status code: 200
{'model': 'llava-llama3', 'created_at': '2025-12-06T22:01:15.350530191Z', 'message': {'role': 'assistant', 'content': 'Well'}, 'done': True, 'done_reason': 'stop', 'total_duration': 603985832, 'load_duration': 232421384, 'prompt_eval_count': 611, 'prompt_eval_duration': 287049294, 'eval_count': 2, 'eval_duration': 11480556}
Response: Well
Analyzing frame 65/126...
Prompt: Given the scenario shown on the video, you think this situation ends well or poorly? (Use only one word to answer)
Image size: 19844 bytes
Response status code: 200
{'model': 'llava-llama3', 'created_at': '2025-12-06T22:01:16.921467544Z', 'message': {'role': 'assistant', 'content': 'Well'}, 'done': True, 'done_reason': 'stop', 'total_duration': 541138614, 'load_duration': 176760231, 'prompt_eval_count': 611, 'prompt_eval_duration': 285435637, 'eval_count': 2, 'eval_duration': 11515569}
Response: Well
Analyzing frame 66/126...
Prompt: Given the scenario shown on the video, you think this situation ends well or poorly? (Use only one word to answer)
Image size: 20008 bytes
Response status code: 200
{'model': 'llava-llama3', 'created_at': '2025-12-06T22:01:18.543317255Z', 'message': {'role': 'assistant', 'content': 'Well'}, 'done': True, 'done_reason': 'stop', 'total_duration': 592196917, 'load_duration': 233088037, 'prompt_eval_count': 611, 'prompt_eval_duration': 286632044, 'eval_count': 2, 'eval_duration': 11472683}
Response: Well
Analyzing frame 67/126...
Prompt: Given the scenario shown on the video, you think this situation ends well or poorly? (Use only one word to answer)
Image size: 20172 bytes
Response status code: 200
{'model': 'llava-llama3', 'created_at': '2025-12-06T22:01:20.127115424Z', 'message': {'role': 'assistant', 'content': 'Well'}, 'done': True, 'done_reason': 'stop', 'total_duration': 554423670, 'load_duration': 185475988, 'prompt_eval_count': 611, 'prompt_eval_duration': 286463277, 'eval_count': 2, 'eval_duration': 11497927}
Response: Well
Analyzing frame 68/126...
Prompt: Given the scenario shown on the video, you think this situation ends well or poorly? (Use only one word to answer)
Image size: 20608 bytes
Response status code: 200
{'model': 'llava-llama3', 'created_at': '2025-12-06T22:01:21.7275862Z', 'message': {'role': 'assistant', 'content': 'Well'}, 'done': True, 'done_reason': 'stop', 'total_duration': 570267866, 'load_duration': 195114813, 'prompt_eval_count': 611, 'prompt_eval_duration': 292993029, 'eval_count': 2, 'eval_duration': 11526514}
Response: Well
Analyzing frame 69/126...
Prompt: Given the scenario shown on the video, you think this situation ends well or poorly? (Use only one word to answer)
Image size: 21004 bytes
Response status code: 200
{'model': 'llava-llama3', 'created_at': '2025-12-06T22:01:23.316498899Z', 'message': {'role': 'assistant', 'content': 'Well'}, 'done': True, 'done_reason': 'stop', 'total_duration': 559100409, 'load_duration': 210006582, 'prompt_eval_count': 611, 'prompt_eval_duration': 285790692, 'eval_count': 2, 'eval_duration': 11834541}
Response: Well
Analyzing frame 70/126...
Prompt: Given the scenario shown on the video, you think this situation ends well or poorly? (Use only one word to answer)
Image size: 21116 bytes
Response status code: 200
{'model': 'llava-llama3', 'created_at': '2025-12-06T22:01:24.864082887Z', 'message': {'role': 'assistant', 'content': 'Well'}, 'done': True, 'done_reason': 'stop', 'total_duration': 516373851, 'load_duration': 158462938, 'prompt_eval_count': 611, 'prompt_eval_duration': 286313238, 'eval_count': 2, 'eval_duration': 11522007}
Response: Well
Analyzing frame 71/126...
Prompt: Given the scenario shown on the video, you think this situation ends well or poorly? (Use only one word to answer)
Image size: 20916 bytes
Response status code: 200
{'model': 'llava-llama3', 'created_at': '2025-12-06T22:01:26.466810858Z', 'message': {'role': 'assistant', 'content': 'Well'}, 'done': True, 'done_reason': 'stop', 'total_duration': 570839833, 'load_duration': 220502355, 'prompt_eval_count': 611, 'prompt_eval_duration': 286497837, 'eval_count': 2, 'eval_duration': 11457177}
Response: Well
Analyzing frame 72/126...
Prompt: Given the scenario shown on the video, you think this situation ends well or poorly? (Use only one word to answer)
Image size: 20696 bytes
Response status code: 200
{'model': 'llava-llama3', 'created_at': '2025-12-06T22:01:28.0661933Z', 'message': {'role': 'assistant', 'content': 'Well'}, 'done': True, 'done_reason': 'stop', 'total_duration': 568824008, 'load_duration': 201339624, 'prompt_eval_count': 611, 'prompt_eval_duration': 286020604, 'eval_count': 2, 'eval_duration': 11583637}
Response: Well
Analyzing frame 73/126...
Prompt: Given the scenario shown on the video, you think this situation ends well or poorly? (Use only one word to answer)
Image size: 20384 bytes
Response status code: 200
{'model': 'llava-llama3', 'created_at': '2025-12-06T22:01:29.687362587Z', 'message': {'role': 'assistant', 'content': 'Well'}, 'done': True, 'done_reason': 'stop', 'total_duration': 591199951, 'load_duration': 217559188, 'prompt_eval_count': 611, 'prompt_eval_duration': 287034244, 'eval_count': 2, 'eval_duration': 11625392}
Response: Well
Analyzing frame 74/126...
Prompt: Given the scenario shown on the video, you think this situation ends well or poorly? (Use only one word to answer)
Image size: 20048 bytes
Response status code: 200
{'model': 'llava-llama3', 'created_at': '2025-12-06T22:01:31.226533034Z', 'message': {'role': 'assistant', 'content': 'Well'}, 'done': True, 'done_reason': 'stop', 'total_duration': 509281057, 'load_duration': 139887836, 'prompt_eval_count': 611, 'prompt_eval_duration': 286034670, 'eval_count': 2, 'eval_duration': 11804153}
Response: Well
Analyzing frame 75/126...
Prompt: Given the scenario shown on the video, you think this situation ends well or poorly? (Use only one word to answer)
Image size: 20144 bytes
Response status code: 200
{'model': 'llava-llama3', 'created_at': '2025-12-06T22:01:32.813530329Z', 'message': {'role': 'assistant', 'content': 'Well'}, 'done': True, 'done_reason': 'stop', 'total_duration': 557530875, 'load_duration': 207369978, 'prompt_eval_count': 611, 'prompt_eval_duration': 286292253, 'eval_count': 2, 'eval_duration': 11573298}
Response: Well
Analyzing frame 76/126...
Prompt: Given the scenario shown on the video, you think this situation ends well or poorly? (Use only one word to answer)
Image size: 19616 bytes
Response status code: 200
{'model': 'llava-llama3', 'created_at': '2025-12-06T22:01:34.368583873Z', 'message': {'role': 'assistant', 'content': 'Well'}, 'done': True, 'done_reason': 'stop', 'total_duration': 526462803, 'load_duration': 179017701, 'prompt_eval_count': 611, 'prompt_eval_duration': 285886590, 'eval_count': 2, 'eval_duration': 11536050}
Response: Well
Analyzing frame 77/126...
Prompt: Given the scenario shown on the video, you think this situation ends well or poorly? (Use only one word to answer)
Image size: 19572 bytes
Response status code: 200
{'model': 'llava-llama3', 'created_at': '2025-12-06T22:01:35.984164236Z', 'message': {'role': 'assistant', 'content': 'Well'}, 'done': True, 'done_reason': 'stop', 'total_duration': 584563288, 'load_duration': 216685934, 'prompt_eval_count': 611, 'prompt_eval_duration': 286313889, 'eval_count': 2, 'eval_duration': 11496398}
Response: Well
Analyzing frame 78/126...
Prompt: Given the scenario shown on the video, you think this situation ends well or poorly? (Use only one word to answer)
Image size: 19452 bytes
Response status code: 200
{'model': 'llava-llama3', 'created_at': '2025-12-06T22:01:37.6049145Z', 'message': {'role': 'assistant', 'content': 'Well'}, 'done': True, 'done_reason': 'stop', 'total_duration': 591126740, 'load_duration': 212682766, 'prompt_eval_count': 611, 'prompt_eval_duration': 292156359, 'eval_count': 2, 'eval_duration': 11508131}
Response: Well
Analyzing frame 79/126...
Prompt: Given the scenario shown on the video, you think this situation ends well or poorly? (Use only one word to answer)
Image size: 19544 bytes
Response status code: 200
{'model': 'llava-llama3', 'created_at': '2025-12-06T22:01:39.201327254Z', 'message': {'role': 'assistant', 'content': 'Well'}, 'done': True, 'done_reason': 'stop', 'total_duration': 566894520, 'load_duration': 197589420, 'prompt_eval_count': 611, 'prompt_eval_duration': 285985778, 'eval_count': 2, 'eval_duration': 11483441}
Response: Well
Analyzing frame 80/126...
Prompt: Given the scenario shown on the video, you think this situation ends well or poorly? (Use only one word to answer)
Image size: 19380 bytes
Response status code: 200
{'model': 'llava-llama3', 'created_at': '2025-12-06T22:01:40.800442623Z', 'message': {'role': 'assistant', 'content': 'Well'}, 'done': True, 'done_reason': 'stop', 'total_duration': 568655447, 'load_duration': 206434378, 'prompt_eval_count': 611, 'prompt_eval_duration': 286406779, 'eval_count': 2, 'eval_duration': 11476290}
Response: Well
Analyzing frame 81/126...
Prompt: Given the scenario shown on the video, you think this situation ends well or poorly? (Use only one word to answer)
Image size: 19172 bytes
Response status code: 200
{'model': 'llava-llama3', 'created_at': '2025-12-06T22:01:42.344380941Z', 'message': {'role': 'assistant', 'content': 'Well'}, 'done': True, 'done_reason': 'stop', 'total_duration': 514652513, 'load_duration': 144915217, 'prompt_eval_count': 611, 'prompt_eval_duration': 287647941, 'eval_count': 2, 'eval_duration': 11548085}
Response: Well
Analyzing frame 82/126...
Prompt: Given the scenario shown on the video, you think this situation ends well or poorly? (Use only one word to answer)
Image size: 18928 bytes
Response status code: 200
{'model': 'llava-llama3', 'created_at': '2025-12-06T22:01:43.945473682Z', 'message': {'role': 'assistant', 'content': 'Well'}, 'done': True, 'done_reason': 'stop', 'total_duration': 570865770, 'load_duration': 222262230, 'prompt_eval_count': 611, 'prompt_eval_duration': 286011099, 'eval_count': 2, 'eval_duration': 11526642}
Response: Well
Analyzing frame 83/126...
Prompt: Given the scenario shown on the video, you think this situation ends well or poorly? (Use only one word to answer)
Image size: 18700 bytes
Response status code: 200
{'model': 'llava-llama3', 'created_at': '2025-12-06T22:01:45.531695105Z', 'message': {'role': 'assistant', 'content': 'Well'}, 'done': True, 'done_reason': 'stop', 'total_duration': 557162937, 'load_duration': 195212909, 'prompt_eval_count': 611, 'prompt_eval_duration': 291951824, 'eval_count': 2, 'eval_duration': 11543128}
Response: Well
Analyzing frame 84/126...
Prompt: Given the scenario shown on the video, you think this situation ends well or poorly? (Use only one word to answer)
Image size: 18484 bytes
Response status code: 200
{'model': 'llava-llama3', 'created_at': '2025-12-06T22:01:47.146417253Z', 'message': {'role': 'assistant', 'content': 'Well'}, 'done': True, 'done_reason': 'stop', 'total_duration': 584354647, 'load_duration': 215451457, 'prompt_eval_count': 611, 'prompt_eval_duration': 285551330, 'eval_count': 2, 'eval_duration': 11509394}
Response: Well
Analyzing frame 85/126...
Prompt: Given the scenario shown on the video, you think this situation ends well or poorly? (Use only one word to answer)
Image size: 18388 bytes
Response status code: 200
{'model': 'llava-llama3', 'created_at': '2025-12-06T22:01:48.756243694Z', 'message': {'role': 'assistant', 'content': 'Well'}, 'done': True, 'done_reason': 'stop', 'total_duration': 580893700, 'load_duration': 225138469, 'prompt_eval_count': 611, 'prompt_eval_duration': 285675595, 'eval_count': 2, 'eval_duration': 11500914}
Response: Well
Analyzing frame 86/126...
Prompt: Given the scenario shown on the video, you think this situation ends well or poorly? (Use only one word to answer)
Image size: 18172 bytes
Response status code: 200
{'model': 'llava-llama3', 'created_at': '2025-12-06T22:01:50.332511551Z', 'message': {'role': 'assistant', 'content': 'Well'}, 'done': True, 'done_reason': 'stop', 'total_duration': 546661067, 'load_duration': 189603803, 'prompt_eval_count': 611, 'prompt_eval_duration': 286838762, 'eval_count': 2, 'eval_duration': 11471032}
Response: Well
Analyzing frame 87/126...
Prompt: Given the scenario shown on the video, you think this situation ends well or poorly? (Use only one word to answer)
Image size: 18296 bytes
Response status code: 200
{'model': 'llava-llama3', 'created_at': '2025-12-06T22:01:51.937105119Z', 'message': {'role': 'assistant', 'content': 'Well'}, 'done': True, 'done_reason': 'stop', 'total_duration': 574632709, 'load_duration': 207465901, 'prompt_eval_count': 611, 'prompt_eval_duration': 286315341, 'eval_count': 2, 'eval_duration': 11538057}
Response: Well
Analyzing frame 88/126...
Prompt: Given the scenario shown on the video, you think this situation ends well or poorly? (Use only one word to answer)
Image size: 18148 bytes
Response status code: 200
{'model': 'llava-llama3', 'created_at': '2025-12-06T22:01:53.558781304Z', 'message': {'role': 'assistant', 'content': 'Well'}, 'done': True, 'done_reason': 'stop', 'total_duration': 593519412, 'load_duration': 229348003, 'prompt_eval_count': 611, 'prompt_eval_duration': 286950578, 'eval_count': 2, 'eval_duration': 11603971}
Response: Well
Analyzing frame 89/126...
Prompt: Given the scenario shown on the video, you think this situation ends well or poorly? (Use only one word to answer)
Image size: 18140 bytes
Response status code: 200
{'model': 'llava-llama3', 'created_at': '2025-12-06T22:01:55.120571607Z', 'message': {'role': 'assistant', 'content': 'Well'}, 'done': True, 'done_reason': 'stop', 'total_duration': 531648135, 'load_duration': 182279100, 'prompt_eval_count': 611, 'prompt_eval_duration': 286282625, 'eval_count': 2, 'eval_duration': 11496420}
Response: Well
Analyzing frame 90/126...
Prompt: Given the scenario shown on the video, you think this situation ends well or poorly? (Use only one word to answer)
Image size: 18184 bytes
Response status code: 200
{'model': 'llava-llama3', 'created_at': '2025-12-06T22:01:56.737171061Z', 'message': {'role': 'assistant', 'content': 'Well'}, 'done': True, 'done_reason': 'stop', 'total_duration': 587212751, 'load_duration': 228374394, 'prompt_eval_count': 611, 'prompt_eval_duration': 286802014, 'eval_count': 2, 'eval_duration': 11485156}
Response: Well
Analyzing frame 91/126...
Prompt: Given the scenario shown on the video, you think this situation ends well or poorly? (Use only one word to answer)
Image size: 18480 bytes
Response status code: 200
{'model': 'llava-llama3', 'created_at': '2025-12-06T22:01:58.256193899Z', 'message': {'role': 'assistant', 'content': 'Well'}, 'done': True, 'done_reason': 'stop', 'total_duration': 488988285, 'load_duration': 141033599, 'prompt_eval_count': 611, 'prompt_eval_duration': 285985439, 'eval_count': 2, 'eval_duration': 11507693}
Response: Well
Analyzing frame 92/126...
Prompt: Given the scenario shown on the video, you think this situation ends well or poorly? (Use only one word to answer)
Image size: 18704 bytes
Response status code: 200
{'model': 'llava-llama3', 'created_at': '2025-12-06T22:01:59.798608071Z', 'message': {'role': 'assistant', 'content': 'Well'}, 'done': True, 'done_reason': 'stop', 'total_duration': 513180375, 'load_duration': 145201129, 'prompt_eval_count': 611, 'prompt_eval_duration': 286473424, 'eval_count': 2, 'eval_duration': 11519567}
Response: Well
Analyzing frame 93/126...
Prompt: Given the scenario shown on the video, you think this situation ends well or poorly? (Use only one word to answer)
Image size: 19064 bytes
Response status code: 200
{'model': 'llava-llama3', 'created_at': '2025-12-06T22:02:01.423470735Z', 'message': {'role': 'assistant', 'content': 'Well'}, 'done': True, 'done_reason': 'stop', 'total_duration': 595487776, 'load_duration': 215637382, 'prompt_eval_count': 611, 'prompt_eval_duration': 292949067, 'eval_count': 2, 'eval_duration': 11540549}
Response: Well
Analyzing frame 94/126...
Prompt: Given the scenario shown on the video, you think this situation ends well or poorly? (Use only one word to answer)
Image size: 19460 bytes
Response status code: 200
{'model': 'llava-llama3', 'created_at': '2025-12-06T22:02:03.024785779Z', 'message': {'role': 'assistant', 'content': 'Well'}, 'done': True, 'done_reason': 'stop', 'total_duration': 572031606, 'load_duration': 211475659, 'prompt_eval_count': 611, 'prompt_eval_duration': 286826481, 'eval_count': 2, 'eval_duration': 11469028}
Response: Well
Analyzing frame 95/126...
Prompt: Given the scenario shown on the video, you think this situation ends well or poorly? (Use only one word to answer)
Image size: 19856 bytes
Response status code: 200
{'model': 'llava-llama3', 'created_at': '2025-12-06T22:02:04.580604184Z', 'message': {'role': 'assistant', 'content': 'Well'}, 'done': True, 'done_reason': 'stop', 'total_duration': 527660214, 'load_duration': 171885751, 'prompt_eval_count': 611, 'prompt_eval_duration': 289107033, 'eval_count': 2, 'eval_duration': 11515176}
Response: Well
Analyzing frame 96/126...
Prompt: Given the scenario shown on the video, you think this situation ends well or poorly? (Use only one word to answer)
Image size: 20528 bytes
Response status code: 200
{'model': 'llava-llama3', 'created_at': '2025-12-06T22:02:06.202065007Z', 'message': {'role': 'assistant', 'content': 'Well'}, 'done': True, 'done_reason': 'stop', 'total_duration': 590844428, 'load_duration': 231918246, 'prompt_eval_count': 611, 'prompt_eval_duration': 286549952, 'eval_count': 2, 'eval_duration': 11472197}
Response: Well
Analyzing frame 97/126...
Prompt: Given the scenario shown on the video, you think this situation ends well or poorly? (Use only one word to answer)
Image size: 20896 bytes
Response status code: 200
{'model': 'llava-llama3', 'created_at': '2025-12-06T22:02:07.801860391Z', 'message': {'role': 'assistant', 'content': 'Well'}, 'done': True, 'done_reason': 'stop', 'total_duration': 569351518, 'load_duration': 195790678, 'prompt_eval_count': 611, 'prompt_eval_duration': 286487115, 'eval_count': 2, 'eval_duration': 14436768}
Response: Well
Analyzing frame 98/126...
Prompt: Given the scenario shown on the video, you think this situation ends well or poorly? (Use only one word to answer)
Image size: 20888 bytes
Response status code: 200
{'model': 'llava-llama3', 'created_at': '2025-12-06T22:02:09.38875868Z', 'message': {'role': 'assistant', 'content': 'Well'}, 'done': True, 'done_reason': 'stop', 'total_duration': 558386269, 'load_duration': 179817887, 'prompt_eval_count': 611, 'prompt_eval_duration': 285662380, 'eval_count': 2, 'eval_duration': 12869094}
Response: Well
Analyzing frame 99/126...
Prompt: Given the scenario shown on the video, you think this situation ends well or poorly? (Use only one word to answer)
Image size: 20860 bytes
Response status code: 200
{'model': 'llava-llama3', 'created_at': '2025-12-06T22:02:10.996483509Z', 'message': {'role': 'assistant', 'content': 'Well'}, 'done': True, 'done_reason': 'stop', 'total_duration': 577513842, 'load_duration': 209981822, 'prompt_eval_count': 611, 'prompt_eval_duration': 286204410, 'eval_count': 2, 'eval_duration': 11480785}
Response: Well
Analyzing frame 100/126...
Prompt: Given the scenario shown on the video, you think this situation ends well or poorly? (Use only one word to answer)
Image size: 20848 bytes
Response status code: 200
{'model': 'llava-llama3', 'created_at': '2025-12-06T22:02:12.5992274Z', 'message': {'role': 'assistant', 'content': 'Well'}, 'done': True, 'done_reason': 'stop', 'total_duration': 572642903, 'load_duration': 220574306, 'prompt_eval_count': 611, 'prompt_eval_duration': 285763104, 'eval_count': 2, 'eval_duration': 11569064}
Response: Well
Analyzing frame 101/126...
Prompt: Given the scenario shown on the video, you think this situation ends well or poorly? (Use only one word to answer)
Image size: 20860 bytes
Response status code: 200
{'model': 'llava-llama3', 'created_at': '2025-12-06T22:02:14.193129395Z', 'message': {'role': 'assistant', 'content': 'Well'}, 'done': True, 'done_reason': 'stop', 'total_duration': 562323056, 'load_duration': 214631764, 'prompt_eval_count': 611, 'prompt_eval_duration': 285881079, 'eval_count': 2, 'eval_duration': 11532539}
Response: Well
Analyzing frame 102/126...
Prompt: Given the scenario shown on the video, you think this situation ends well or poorly? (Use only one word to answer)
Image size: 20840 bytes
Response status code: 200
{'model': 'llava-llama3', 'created_at': '2025-12-06T22:02:15.800374062Z', 'message': {'role': 'assistant', 'content': 'Well'}, 'done': True, 'done_reason': 'stop', 'total_duration': 576890711, 'load_duration': 226054857, 'prompt_eval_count': 611, 'prompt_eval_duration': 286998112, 'eval_count': 2, 'eval_duration': 11504069}
Response: Well
Analyzing frame 103/126...
Prompt: Given the scenario shown on the video, you think this situation ends well or poorly? (Use only one word to answer)
Image size: 20884 bytes
Response status code: 200
{'model': 'llava-llama3', 'created_at': '2025-12-06T22:02:17.415769837Z', 'message': {'role': 'assistant', 'content': 'Well'}, 'done': True, 'done_reason': 'stop', 'total_duration': 586859305, 'load_duration': 212015607, 'prompt_eval_count': 611, 'prompt_eval_duration': 291204173, 'eval_count': 2, 'eval_duration': 11504650}
Response: Well
Analyzing frame 104/126...
Prompt: Given the scenario shown on the video, you think this situation ends well or poorly? (Use only one word to answer)
Image size: 20876 bytes
Response status code: 200
{'model': 'llava-llama3', 'created_at': '2025-12-06T22:02:19.035868889Z', 'message': {'role': 'assistant', 'content': 'Well'}, 'done': True, 'done_reason': 'stop', 'total_duration': 588799108, 'load_duration': 221962715, 'prompt_eval_count': 611, 'prompt_eval_duration': 286742051, 'eval_count': 2, 'eval_duration': 11487068}
Response: Well
Analyzing frame 105/126...
Prompt: Given the scenario shown on the video, you think this situation ends well or poorly? (Use only one word to answer)
Image size: 20852 bytes
Response status code: 200
{'model': 'llava-llama3', 'created_at': '2025-12-06T22:02:20.628403652Z', 'message': {'role': 'assistant', 'content': 'Well'}, 'done': True, 'done_reason': 'stop', 'total_duration': 562651894, 'load_duration': 196011064, 'prompt_eval_count': 611, 'prompt_eval_duration': 286537590, 'eval_count': 2, 'eval_duration': 11523821}
Response: Well
Analyzing frame 106/126...
Prompt: Given the scenario shown on the video, you think this situation ends well or poorly? (Use only one word to answer)
Image size: 20864 bytes
Response status code: 200
{'model': 'llava-llama3', 'created_at': '2025-12-06T22:02:22.20648504Z', 'message': {'role': 'assistant', 'content': 'Well'}, 'done': True, 'done_reason': 'stop', 'total_duration': 549706258, 'load_duration': 201681766, 'prompt_eval_count': 611, 'prompt_eval_duration': 285939626, 'eval_count': 2, 'eval_duration': 11484353}
Response: Well
Analyzing frame 107/126...
Prompt: Given the scenario shown on the video, you think this situation ends well or poorly? (Use only one word to answer)
Image size: 20864 bytes
Response status code: 200
{'model': 'llava-llama3', 'created_at': '2025-12-06T22:02:23.830633583Z', 'message': {'role': 'assistant', 'content': 'Well'}, 'done': True, 'done_reason': 'stop', 'total_duration': 594401226, 'load_duration': 210463312, 'prompt_eval_count': 611, 'prompt_eval_duration': 289221673, 'eval_count': 2, 'eval_duration': 12883516}
Response: Well
Analyzing frame 108/126...
Prompt: Given the scenario shown on the video, you think this situation ends well or poorly? (Use only one word to answer)
Image size: 20872 bytes
Response status code: 200
{'model': 'llava-llama3', 'created_at': '2025-12-06T22:02:25.428709589Z', 'message': {'role': 'assistant', 'content': 'Well'}, 'done': True, 'done_reason': 'stop', 'total_duration': 568890347, 'load_duration': 195470125, 'prompt_eval_count': 611, 'prompt_eval_duration': 288038020, 'eval_count': 2, 'eval_duration': 11481577}
Response: Well
Analyzing frame 109/126...
Prompt: Given the scenario shown on the video, you think this situation ends well or poorly? (Use only one word to answer)
Image size: 20864 bytes
Response status code: 200
{'model': 'llava-llama3', 'created_at': '2025-12-06T22:02:26.964652555Z', 'message': {'role': 'assistant', 'content': 'Well'}, 'done': True, 'done_reason': 'stop', 'total_duration': 506070130, 'load_duration': 195091629, 'prompt_eval_count': 611, 'prompt_eval_duration': 288712513, 'eval_count': 2, 'eval_duration': 14378567}
Response: Well
Analyzing frame 110/126...
Prompt: Given the scenario shown on the video, you think this situation ends well or poorly? (Use only one word to answer)
Image size: 20864 bytes
Response status code: 200
{'model': 'llava-llama3', 'created_at': '2025-12-06T22:02:28.264565373Z', 'message': {'role': 'assistant', 'content': 'Well'}, 'done': True, 'done_reason': 'stop', 'total_duration': 269428310, 'load_duration': 242022087, 'prompt_eval_count': 611, 'prompt_eval_duration': 11023348, 'eval_count': 2, 'eval_duration': 10910808}
Response: Well
Analyzing frame 111/126...
Prompt: Given the scenario shown on the video, you think this situation ends well or poorly? (Use only one word to answer)
Image size: 20864 bytes
Response status code: 200
{'model': 'llava-llama3', 'created_at': '2025-12-06T22:02:29.509217767Z', 'message': {'role': 'assistant', 'content': 'Well'}, 'done': True, 'done_reason': 'stop', 'total_duration': 214580232, 'load_duration': 185606713, 'prompt_eval_count': 611, 'prompt_eval_duration': 12474962, 'eval_count': 2, 'eval_duration': 12426621}
Response: Well
Analyzing frame 112/126...
Prompt: Given the scenario shown on the video, you think this situation ends well or poorly? (Use only one word to answer)
Image size: 20872 bytes
Response status code: 200
{'model': 'llava-llama3', 'created_at': '2025-12-06T22:02:31.147199168Z', 'message': {'role': 'assistant', 'content': 'Well'}, 'done': True, 'done_reason': 'stop', 'total_duration': 608804308, 'load_duration': 212230405, 'prompt_eval_count': 611, 'prompt_eval_duration': 311419173, 'eval_count': 2, 'eval_duration': 11504205}
Response: Well
Analyzing frame 113/126...
Prompt: Given the scenario shown on the video, you think this situation ends well or poorly? (Use only one word to answer)
Image size: 20864 bytes
Response status code: 200
{'model': 'llava-llama3', 'created_at': '2025-12-06T22:02:32.677189956Z', 'message': {'role': 'assistant', 'content': 'Well'}, 'done': True, 'done_reason': 'stop', 'total_duration': 498041215, 'load_duration': 187765680, 'prompt_eval_count': 611, 'prompt_eval_duration': 291390580, 'eval_count': 2, 'eval_duration': 11565840}
Response: Well
Analyzing frame 114/126...
Prompt: Given the scenario shown on the video, you think this situation ends well or poorly? (Use only one word to answer)
Image size: 20888 bytes
Response status code: 200
{'model': 'llava-llama3', 'created_at': '2025-12-06T22:02:34.301862048Z', 'message': {'role': 'assistant', 'content': 'Well'}, 'done': True, 'done_reason': 'stop', 'total_duration': 593886205, 'load_duration': 243443944, 'prompt_eval_count': 611, 'prompt_eval_duration': 287670473, 'eval_count': 2, 'eval_duration': 11498789}
Response: Well
Analyzing frame 115/126...
Prompt: Given the scenario shown on the video, you think this situation ends well or poorly? (Use only one word to answer)
Image size: 20868 bytes
Response status code: 200
{'model': 'llava-llama3', 'created_at': '2025-12-06T22:02:35.893285775Z', 'message': {'role': 'assistant', 'content': 'Well'}, 'done': True, 'done_reason': 'stop', 'total_duration': 562293496, 'load_duration': 211627957, 'prompt_eval_count': 611, 'prompt_eval_duration': 286820690, 'eval_count': 2, 'eval_duration': 11557762}
Response: Well
Analyzing frame 116/126...
Prompt: Given the scenario shown on the video, you think this situation ends well or poorly? (Use only one word to answer)
Image size: 20876 bytes
Response status code: 200
{'model': 'llava-llama3', 'created_at': '2025-12-06T22:02:37.477928517Z', 'message': {'role': 'assistant', 'content': 'Well'}, 'done': True, 'done_reason': 'stop', 'total_duration': 554878032, 'load_duration': 205208640, 'prompt_eval_count': 611, 'prompt_eval_duration': 286681247, 'eval_count': 2, 'eval_duration': 11573801}
Response: Well
Analyzing frame 117/126...
Prompt: Given the scenario shown on the video, you think this situation ends well or poorly? (Use only one word to answer)
Image size: 20868 bytes
Response status code: 200
{'model': 'llava-llama3', 'created_at': '2025-12-06T22:02:39.064154804Z', 'message': {'role': 'assistant', 'content': 'Well'}, 'done': True, 'done_reason': 'stop', 'total_duration': 557125987, 'load_duration': 180381127, 'prompt_eval_count': 611, 'prompt_eval_duration': 290656053, 'eval_count': 2, 'eval_duration': 11526188}
Response: Well
Analyzing frame 118/126...
Prompt: Given the scenario shown on the video, you think this situation ends well or poorly? (Use only one word to answer)
Image size: 20860 bytes
Response status code: 200
{'model': 'llava-llama3', 'created_at': '2025-12-06T22:02:40.674038363Z', 'message': {'role': 'assistant', 'content': 'Well'}, 'done': True, 'done_reason': 'stop', 'total_duration': 579375020, 'load_duration': 212794849, 'prompt_eval_count': 611, 'prompt_eval_duration': 285728027, 'eval_count': 2, 'eval_duration': 11495999}
Response: Well
Analyzing frame 119/126...
Prompt: Given the scenario shown on the video, you think this situation ends well or poorly? (Use only one word to answer)
Image size: 20896 bytes
Response status code: 200
{'model': 'llava-llama3', 'created_at': '2025-12-06T22:02:42.268903279Z', 'message': {'role': 'assistant', 'content': 'Well'}, 'done': True, 'done_reason': 'stop', 'total_duration': 564554765, 'load_duration': 198069038, 'prompt_eval_count': 611, 'prompt_eval_duration': 286240875, 'eval_count': 2, 'eval_duration': 11523144}
Response: Well
Analyzing frame 120/126...
Prompt: Given the scenario shown on the video, you think this situation ends well or poorly? (Use only one word to answer)
Image size: 20856 bytes
Response status code: 200
{'model': 'llava-llama3', 'created_at': '2025-12-06T22:02:43.865765492Z', 'message': {'role': 'assistant', 'content': 'Well'}, 'done': True, 'done_reason': 'stop', 'total_duration': 566135155, 'load_duration': 204334548, 'prompt_eval_count': 611, 'prompt_eval_duration': 286418854, 'eval_count': 2, 'eval_duration': 11508649}
Response: Well
Analyzing frame 121/126...
Prompt: Given the scenario shown on the video, you think this situation ends well or poorly? (Use only one word to answer)
Image size: 20860 bytes
Response status code: 200
{'model': 'llava-llama3', 'created_at': '2025-12-06T22:02:45.50578947Z', 'message': {'role': 'assistant', 'content': 'Well'}, 'done': True, 'done_reason': 'stop', 'total_duration': 610714380, 'load_duration': 250515008, 'prompt_eval_count': 611, 'prompt_eval_duration': 286142925, 'eval_count': 2, 'eval_duration': 11530932}
Response: Well
Analyzing frame 122/126...
Prompt: Given the scenario shown on the video, you think this situation ends well or poorly? (Use only one word to answer)
Image size: 20868 bytes
Response status code: 200
{'model': 'llava-llama3', 'created_at': '2025-12-06T22:02:47.110310805Z', 'message': {'role': 'assistant', 'content': 'Well'}, 'done': True, 'done_reason': 'stop', 'total_duration': 575286346, 'load_duration': 208254564, 'prompt_eval_count': 611, 'prompt_eval_duration': 286630153, 'eval_count': 2, 'eval_duration': 11509586}
Response: Well
Analyzing frame 123/126...
Prompt: Given the scenario shown on the video, you think this situation ends well or poorly? (Use only one word to answer)
Image size: 20876 bytes
Response status code: 200
{'model': 'llava-llama3', 'created_at': '2025-12-06T22:02:48.687597113Z', 'message': {'role': 'assistant', 'content': 'Well'}, 'done': True, 'done_reason': 'stop', 'total_duration': 549149827, 'load_duration': 185212066, 'prompt_eval_count': 611, 'prompt_eval_duration': 285945295, 'eval_count': 2, 'eval_duration': 11484176}
Response: Well
Analyzing frame 124/126...
Prompt: Given the scenario shown on the video, you think this situation ends well or poorly? (Use only one word to answer)
Image size: 20860 bytes
Response status code: 200
{'model': 'llava-llama3', 'created_at': '2025-12-06T22:02:50.302033853Z', 'message': {'role': 'assistant', 'content': 'Well'}, 'done': True, 'done_reason': 'stop', 'total_duration': 584999726, 'load_duration': 217864811, 'prompt_eval_count': 611, 'prompt_eval_duration': 285695055, 'eval_count': 2, 'eval_duration': 11745328}
Response: Well
Analyzing frame 125/126...
Prompt: Given the scenario shown on the video, you think this situation ends well or poorly? (Use only one word to answer)
Image size: 20860 bytes
Response status code: 200
{'model': 'llava-llama3', 'created_at': '2025-12-06T22:02:51.541741898Z', 'message': {'role': 'assistant', 'content': 'Well'}, 'done': True, 'done_reason': 'stop', 'total_duration': 211395842, 'load_duration': 183535281, 'prompt_eval_count': 611, 'prompt_eval_duration': 10959522, 'eval_count': 2, 'eval_duration': 10911325}
Response: Well
Analyzing frame 126/126...
Prompt: Given the scenario shown on the video, you think this situation ends well or poorly? (Use only one word to answer)
Image size: 20860 bytes
Response status code: 200
{'model': 'llava-llama3', 'created_at': '2025-12-06T22:02:52.781766355Z', 'message': {'role': 'assistant', 'content': 'Well'}, 'done': True, 'done_reason': 'stop', 'total_duration': 208918140, 'load_duration': 178108849, 'prompt_eval_count': 611, 'prompt_eval_duration': 12505802, 'eval_count': 2, 'eval_duration': 12501457}
Response: Well
Final prediction for 30_final.mp4: Well

Results saved to ./results/results_llavallama3.csv
Total videos processed: 1011

==================================================
Processing video 11/30

Processing video: 31_final.mp4
Video info: 296 frames, 30.00 FPS, 9.87 seconds
Extracted 99 frames for analysis
Analyzing frame 1/99...
Prompt: Given the scenario shown on the video, you think this situation ends well or poorly? (Use only one word to answer)
Image size: 26420 bytes
Response status code: 200
{'model': 'llava-llama3', 'created_at': '2025-12-06T22:02:58.750795487Z', 'message': {'role': 'assistant', 'content': 'Well'}, 'done': True, 'done_reason': 'stop', 'total_duration': 628865421, 'load_duration': 249876806, 'prompt_eval_count': 611, 'prompt_eval_duration': 300165417, 'eval_count': 2, 'eval_duration': 11497816}
Response: Well
Analyzing frame 2/99...
Prompt: Given the scenario shown on the video, you think this situation ends well or poorly? (Use only one word to answer)
Image size: 26396 bytes
Response status code: 200
{'model': 'llava-llama3', 'created_at': '2025-12-06T22:03:00.388856544Z', 'message': {'role': 'assistant', 'content': 'Well'}, 'done': True, 'done_reason': 'stop', 'total_duration': 596346447, 'load_duration': 228958552, 'prompt_eval_count': 611, 'prompt_eval_duration': 284842303, 'eval_count': 2, 'eval_duration': 11582934}
Response: Well
Analyzing frame 3/99...
Prompt: Given the scenario shown on the video, you think this situation ends well or poorly? (Use only one word to answer)
Image size: 26412 bytes
Response status code: 200
{'model': 'llava-llama3', 'created_at': '2025-12-06T22:03:02.008181648Z', 'message': {'role': 'assistant', 'content': 'Well'}, 'done': True, 'done_reason': 'stop', 'total_duration': 576074829, 'load_duration': 202287834, 'prompt_eval_count': 611, 'prompt_eval_duration': 290259152, 'eval_count': 2, 'eval_duration': 11797300}
Response: Well
Analyzing frame 4/99...
Prompt: Given the scenario shown on the video, you think this situation ends well or poorly? (Use only one word to answer)
Image size: 26344 bytes
Response status code: 200
{'model': 'llava-llama3', 'created_at': '2025-12-06T22:03:03.618534501Z', 'message': {'role': 'assistant', 'content': 'Well'}, 'done': True, 'done_reason': 'stop', 'total_duration': 571965249, 'load_duration': 214050323, 'prompt_eval_count': 611, 'prompt_eval_duration': 286137489, 'eval_count': 2, 'eval_duration': 12125160}
Response: Well
Analyzing frame 5/99...
Prompt: Given the scenario shown on the video, you think this situation ends well or poorly? (Use only one word to answer)
Image size: 26560 bytes
Response status code: 200
{'model': 'llava-llama3', 'created_at': '2025-12-06T22:03:05.240160015Z', 'message': {'role': 'assistant', 'content': 'Well'}, 'done': True, 'done_reason': 'stop', 'total_duration': 593628325, 'load_duration': 233314309, 'prompt_eval_count': 611, 'prompt_eval_duration': 286784960, 'eval_count': 2, 'eval_duration': 12132876}
Response: Well
Analyzing frame 6/99...
Prompt: Given the scenario shown on the video, you think this situation ends well or poorly? (Use only one word to answer)
Image size: 26408 bytes
Response status code: 200
{'model': 'llava-llama3', 'created_at': '2025-12-06T22:03:06.860345204Z', 'message': {'role': 'assistant', 'content': 'Well'}, 'done': True, 'done_reason': 'stop', 'total_duration': 591921689, 'load_duration': 232745691, 'prompt_eval_count': 611, 'prompt_eval_duration': 287233972, 'eval_count': 2, 'eval_duration': 12100772}
Response: Well
Analyzing frame 7/99...
Prompt: Given the scenario shown on the video, you think this situation ends well or poorly? (Use only one word to answer)
Image size: 26424 bytes
Response status code: 200
{'model': 'llava-llama3', 'created_at': '2025-12-06T22:03:08.476224202Z', 'message': {'role': 'assistant', 'content': 'Well'}, 'done': True, 'done_reason': 'stop', 'total_duration': 594461635, 'load_duration': 237772815, 'prompt_eval_count': 611, 'prompt_eval_duration': 286735522, 'eval_count': 2, 'eval_duration': 12030582}
Response: Well
Analyzing frame 8/99...
Prompt: Given the scenario shown on the video, you think this situation ends well or poorly? (Use only one word to answer)
Image size: 26540 bytes
Response status code: 200
{'model': 'llava-llama3', 'created_at': '2025-12-06T22:03:10.133327589Z', 'message': {'role': 'assistant', 'content': 'Well'}, 'done': True, 'done_reason': 'stop', 'total_duration': 614156482, 'load_duration': 253556505, 'prompt_eval_count': 611, 'prompt_eval_duration': 289632895, 'eval_count': 2, 'eval_duration': 11664937}
Response: Well
Analyzing frame 9/99...
Prompt: Given the scenario shown on the video, you think this situation ends well or poorly? (Use only one word to answer)
Image size: 26704 bytes
Response status code: 200
{'model': 'llava-llama3', 'created_at': '2025-12-06T22:03:20.053902067Z', 'message': {'role': 'assistant', 'content': 'Well'}, 'done': True, 'done_reason': 'stop', 'total_duration': 8881354235, 'load_duration': 8481854016, 'prompt_eval_count': 611, 'prompt_eval_duration': 311471438, 'eval_count': 2, 'eval_duration': 12183385}
Response: Well
Analyzing frame 10/99...
Prompt: Given the scenario shown on the video, you think this situation ends well or poorly? (Use only one word to answer)
Image size: 26568 bytes
Response status code: 200
{'model': 'llava-llama3', 'created_at': '2025-12-06T22:03:21.698349548Z', 'message': {'role': 'assistant', 'content': 'Well'}, 'done': True, 'done_reason': 'stop', 'total_duration': 618103858, 'load_duration': 233858318, 'prompt_eval_count': 611, 'prompt_eval_duration': 307380637, 'eval_count': 2, 'eval_duration': 12772266}
Response: Well
Analyzing frame 11/99...
Prompt: Given the scenario shown on the video, you think this situation ends well or poorly? (Use only one word to answer)
Image size: 26520 bytes
Response status code: 200
{'model': 'llava-llama3', 'created_at': '2025-12-06T22:03:30.632792587Z', 'message': {'role': 'assistant', 'content': 'Well'}, 'done': True, 'done_reason': 'stop', 'total_duration': 7897157198, 'load_duration': 7490880853, 'prompt_eval_count': 611, 'prompt_eval_duration': 306793520, 'eval_count': 2, 'eval_duration': 13406662}
Response: Well
Analyzing frame 12/99...
Prompt: Given the scenario shown on the video, you think this situation ends well or poorly? (Use only one word to answer)
Image size: 26556 bytes
Response status code: 200
{'model': 'llava-llama3', 'created_at': '2025-12-06T22:03:44.291709279Z', 'message': {'role': 'assistant', 'content': 'Well'}, 'done': True, 'done_reason': 'stop', 'total_duration': 12613534415, 'load_duration': 12183896513, 'prompt_eval_count': 611, 'prompt_eval_duration': 328853179, 'eval_count': 2, 'eval_duration': 11553413}
Response: Well
Analyzing frame 13/99...
Prompt: Given the scenario shown on the video, you think this situation ends well or poorly? (Use only one word to answer)
Image size: 26648 bytes
Response status code: 200
{'model': 'llava-llama3', 'created_at': '2025-12-06T22:03:57.993455728Z', 'message': {'role': 'assistant', 'content': 'Well'}, 'done': True, 'done_reason': 'stop', 'total_duration': 12674014470, 'load_duration': 12271443273, 'prompt_eval_count': 611, 'prompt_eval_duration': 302167042, 'eval_count': 2, 'eval_duration': 11627768}
Response: Well
Analyzing frame 14/99...
Prompt: Given the scenario shown on the video, you think this situation ends well or poorly? (Use only one word to answer)
Image size: 26572 bytes
Response status code: 200
{'model': 'llava-llama3', 'created_at': '2025-12-06T22:04:11.818351215Z', 'message': {'role': 'assistant', 'content': 'Well'}, 'done': True, 'done_reason': 'stop', 'total_duration': 12784507229, 'load_duration': 12361617314, 'prompt_eval_count': 611, 'prompt_eval_duration': 323680267, 'eval_count': 2, 'eval_duration': 11492823}
Response: Well
Analyzing frame 15/99...
Prompt: Given the scenario shown on the video, you think this situation ends well or poorly? (Use only one word to answer)
Image size: 26652 bytes
Response status code: 200
{'model': 'llava-llama3', 'created_at': '2025-12-06T22:04:25.014371368Z', 'message': {'role': 'assistant', 'content': 'Well'}, 'done': True, 'done_reason': 'stop', 'total_duration': 12156459430, 'load_duration': 11733852571, 'prompt_eval_count': 611, 'prompt_eval_duration': 316161666, 'eval_count': 2, 'eval_duration': 11605210}
Response: Well
Analyzing frame 16/99...
Prompt: Given the scenario shown on the video, you think this situation ends well or poorly? (Use only one word to answer)
Image size: 26596 bytes
Response status code: 200
{'model': 'llava-llama3', 'created_at': '2025-12-06T22:04:38.632656155Z', 'message': {'role': 'assistant', 'content': 'Well'}, 'done': True, 'done_reason': 'stop', 'total_duration': 12577439460, 'load_duration': 12172444725, 'prompt_eval_count': 611, 'prompt_eval_duration': 303330838, 'eval_count': 2, 'eval_duration': 11879842}
Response: Well
Analyzing frame 17/99...
Prompt: Given the scenario shown on the video, you think this situation ends well or poorly? (Use only one word to answer)
Image size: 26740 bytes
Response status code: 200
{'model': 'llava-llama3', 'created_at': '2025-12-06T22:04:52.340391659Z', 'message': {'role': 'assistant', 'content': 'Well'}, 'done': True, 'done_reason': 'stop', 'total_duration': 12684426224, 'load_duration': 12283509962, 'prompt_eval_count': 611, 'prompt_eval_duration': 301706867, 'eval_count': 2, 'eval_duration': 11583962}
Response: Well
Analyzing frame 18/99...
Prompt: Given the scenario shown on the video, you think this situation ends well or poorly? (Use only one word to answer)
Image size: 26580 bytes
Response status code: 200
{'model': 'llava-llama3', 'created_at': '2025-12-06T22:05:05.986598901Z', 'message': {'role': 'assistant', 'content': 'Well'}, 'done': True, 'done_reason': 'stop', 'total_duration': 12604131524, 'load_duration': 12181421194, 'prompt_eval_count': 611, 'prompt_eval_duration': 318063864, 'eval_count': 2, 'eval_duration': 11527604}
Response: Well
Analyzing frame 19/99...
Prompt: Given the scenario shown on the video, you think this situation ends well or poorly? (Use only one word to answer)
Image size: 26576 bytes
Response status code: 200
{'model': 'llava-llama3', 'created_at': '2025-12-06T22:05:19.364425768Z', 'message': {'role': 'assistant', 'content': 'Well'}, 'done': True, 'done_reason': 'stop', 'total_duration': 12339835602, 'load_duration': 11937848145, 'prompt_eval_count': 611, 'prompt_eval_duration': 304634142, 'eval_count': 2, 'eval_duration': 11535121}
Response: Well
Analyzing frame 20/99...
Prompt: Given the scenario shown on the video, you think this situation ends well or poorly? (Use only one word to answer)
Image size: 26560 bytes
Response status code: 200
{'model': 'llava-llama3', 'created_at': '2025-12-06T22:05:32.878748065Z', 'message': {'role': 'assistant', 'content': 'Well'}, 'done': True, 'done_reason': 'stop', 'total_duration': 12477075013, 'load_duration': 12045348388, 'prompt_eval_count': 611, 'prompt_eval_duration': 325387496, 'eval_count': 2, 'eval_duration': 11878732}
Response: Well
Analyzing frame 21/99...
Prompt: Given the scenario shown on the video, you think this situation ends well or poorly? (Use only one word to answer)
Image size: 26612 bytes
Response status code: 200
{'model': 'llava-llama3', 'created_at': '2025-12-06T22:05:46.656981529Z', 'message': {'role': 'assistant', 'content': 'Well'}, 'done': True, 'done_reason': 'stop', 'total_duration': 12740712581, 'load_duration': 12295285928, 'prompt_eval_count': 611, 'prompt_eval_duration': 324819030, 'eval_count': 2, 'eval_duration': 11536922}
Response: Well
Analyzing frame 22/99...
Prompt: Given the scenario shown on the video, you think this situation ends well or poorly? (Use only one word to answer)
Image size: 26504 bytes
Response status code: 200
{'model': 'llava-llama3', 'created_at': '2025-12-06T22:06:00.272450583Z', 'message': {'role': 'assistant', 'content': 'Well'}, 'done': True, 'done_reason': 'stop', 'total_duration': 12579315869, 'load_duration': 12163348536, 'prompt_eval_count': 611, 'prompt_eval_duration': 314626622, 'eval_count': 2, 'eval_duration': 11561039}
Response: Well
Analyzing frame 23/99...
Prompt: Given the scenario shown on the video, you think this situation ends well or poorly? (Use only one word to answer)
Image size: 26628 bytes
Response status code: 200
{'model': 'llava-llama3', 'created_at': '2025-12-06T22:06:13.820183982Z', 'message': {'role': 'assistant', 'content': 'Well'}, 'done': True, 'done_reason': 'stop', 'total_duration': 12508737966, 'load_duration': 12074259942, 'prompt_eval_count': 611, 'prompt_eval_duration': 317964771, 'eval_count': 2, 'eval_duration': 11515741}
Response: Well
Analyzing frame 24/99...
Prompt: Given the scenario shown on the video, you think this situation ends well or poorly? (Use only one word to answer)
Image size: 26620 bytes
Response status code: 200
{'model': 'llava-llama3', 'created_at': '2025-12-06T22:06:27.358588978Z', 'message': {'role': 'assistant', 'content': 'Well'}, 'done': True, 'done_reason': 'stop', 'total_duration': 12504477959, 'load_duration': 12084032191, 'prompt_eval_count': 611, 'prompt_eval_duration': 303730953, 'eval_count': 2, 'eval_duration': 14208398}
Response: Well
Analyzing frame 25/99...
Prompt: Given the scenario shown on the video, you think this situation ends well or poorly? (Use only one word to answer)
Image size: 26700 bytes
Response status code: 200
{'model': 'llava-llama3', 'created_at': '2025-12-06T22:06:40.929389506Z', 'message': {'role': 'assistant', 'content': 'Well'}, 'done': True, 'done_reason': 'stop', 'total_duration': 12532269815, 'load_duration': 12101359387, 'prompt_eval_count': 611, 'prompt_eval_duration': 317238775, 'eval_count': 2, 'eval_duration': 11590056}
Response: Well
Analyzing frame 26/99...
Prompt: Given the scenario shown on the video, you think this situation ends well or poorly? (Use only one word to answer)
Image size: 26552 bytes
Response status code: 200
{'model': 'llava-llama3', 'created_at': '2025-12-06T22:06:54.535475766Z', 'message': {'role': 'assistant', 'content': 'Well'}, 'done': True, 'done_reason': 'stop', 'total_duration': 12567033298, 'load_duration': 12165666160, 'prompt_eval_count': 611, 'prompt_eval_duration': 303594696, 'eval_count': 2, 'eval_duration': 11604746}
Response: Well
Analyzing frame 27/99...
Prompt: Given the scenario shown on the video, you think this situation ends well or poorly? (Use only one word to answer)
Image size: 26560 bytes
Response status code: 200
{'model': 'llava-llama3', 'created_at': '2025-12-06T22:07:07.919426675Z', 'message': {'role': 'assistant', 'content': 'Well'}, 'done': True, 'done_reason': 'stop', 'total_duration': 12348556953, 'load_duration': 11920662212, 'prompt_eval_count': 611, 'prompt_eval_duration': 323336590, 'eval_count': 2, 'eval_duration': 11531054}
Response: Well
Analyzing frame 28/99...
Prompt: Given the scenario shown on the video, you think this situation ends well or poorly? (Use only one word to answer)
Image size: 26440 bytes
Response status code: 200
{'model': 'llava-llama3', 'created_at': '2025-12-06T22:07:21.553969244Z', 'message': {'role': 'assistant', 'content': 'Well'}, 'done': True, 'done_reason': 'stop', 'total_duration': 12599263458, 'load_duration': 12178279496, 'prompt_eval_count': 611, 'prompt_eval_duration': 318364077, 'eval_count': 2, 'eval_duration': 12005056}
Response: Well
Analyzing frame 29/99...
Prompt: Given the scenario shown on the video, you think this situation ends well or poorly? (Use only one word to answer)
Image size: 26684 bytes
Response status code: 200
{'model': 'llava-llama3', 'created_at': '2025-12-06T22:07:35.243061336Z', 'message': {'role': 'assistant', 'content': 'Well'}, 'done': True, 'done_reason': 'stop', 'total_duration': 12649655568, 'load_duration': 12246751958, 'prompt_eval_count': 611, 'prompt_eval_duration': 303686898, 'eval_count': 2, 'eval_duration': 11871924}
Response: Well
Analyzing frame 30/99...
Prompt: Given the scenario shown on the video, you think this situation ends well or poorly? (Use only one word to answer)
Image size: 26484 bytes
Response status code: 200
{'model': 'llava-llama3', 'created_at': '2025-12-06T22:07:48.641425772Z', 'message': {'role': 'assistant', 'content': 'Well'}, 'done': True, 'done_reason': 'stop', 'total_duration': 12358876194, 'load_duration': 11923256647, 'prompt_eval_count': 611, 'prompt_eval_duration': 322410942, 'eval_count': 2, 'eval_duration': 11668481}
Response: Well
Analyzing frame 31/99...
Prompt: Given the scenario shown on the video, you think this situation ends well or poorly? (Use only one word to answer)
Image size: 26572 bytes
Response status code: 200
{'model': 'llava-llama3', 'created_at': '2025-12-06T22:08:02.188335496Z', 'message': {'role': 'assistant', 'content': 'Well'}, 'done': True, 'done_reason': 'stop', 'total_duration': 12508890322, 'load_duration': 12104639925, 'prompt_eval_count': 611, 'prompt_eval_duration': 303851970, 'eval_count': 2, 'eval_duration': 11910378}
Response: Well
Analyzing frame 32/99...
Prompt: Given the scenario shown on the video, you think this situation ends well or poorly? (Use only one word to answer)
Image size: 26632 bytes
Response status code: 200
{'model': 'llava-llama3', 'created_at': '2025-12-06T22:08:15.704302883Z', 'message': {'role': 'assistant', 'content': 'Well'}, 'done': True, 'done_reason': 'stop', 'total_duration': 12481490048, 'load_duration': 12081941499, 'prompt_eval_count': 611, 'prompt_eval_duration': 303005680, 'eval_count': 2, 'eval_duration': 11941829}
Response: Well
Analyzing frame 33/99...
Prompt: Given the scenario shown on the video, you think this situation ends well or poorly? (Use only one word to answer)
Image size: 26892 bytes
Response status code: 200
{'model': 'llava-llama3', 'created_at': '2025-12-06T22:08:29.460872457Z', 'message': {'role': 'assistant', 'content': 'Well'}, 'done': True, 'done_reason': 'stop', 'total_duration': 12728055040, 'load_duration': 12322196661, 'prompt_eval_count': 611, 'prompt_eval_duration': 304509906, 'eval_count': 2, 'eval_duration': 11715143}
Response: Well
Analyzing frame 34/99...
Prompt: Given the scenario shown on the video, you think this situation ends well or poorly? (Use only one word to answer)
Image size: 26836 bytes
Response status code: 200
{'model': 'llava-llama3', 'created_at': '2025-12-06T22:08:43.100579878Z', 'message': {'role': 'assistant', 'content': 'Well'}, 'done': True, 'done_reason': 'stop', 'total_duration': 12603075420, 'load_duration': 12202256834, 'prompt_eval_count': 611, 'prompt_eval_duration': 302613731, 'eval_count': 2, 'eval_duration': 11638627}
Response: Well
Analyzing frame 35/99...
Prompt: Given the scenario shown on the video, you think this situation ends well or poorly? (Use only one word to answer)
Image size: 26880 bytes
Response status code: 200
{'model': 'llava-llama3', 'created_at': '2025-12-06T22:08:56.786765837Z', 'message': {'role': 'assistant', 'content': 'Well'}, 'done': True, 'done_reason': 'stop', 'total_duration': 12647869803, 'load_duration': 12242037322, 'prompt_eval_count': 611, 'prompt_eval_duration': 305702107, 'eval_count': 2, 'eval_duration': 11542522}
Response: Well
Analyzing frame 36/99...
Prompt: Given the scenario shown on the video, you think this situation ends well or poorly? (Use only one word to answer)
Image size: 26972 bytes
Response status code: 200
{'model': 'llava-llama3', 'created_at': '2025-12-06T22:09:10.385170165Z', 'message': {'role': 'assistant', 'content': 'Well'}, 'done': True, 'done_reason': 'stop', 'total_duration': 12560585249, 'load_duration': 12154977524, 'prompt_eval_count': 611, 'prompt_eval_duration': 304546349, 'eval_count': 2, 'eval_duration': 11610428}
Response: Well
Analyzing frame 37/99...
Prompt: Given the scenario shown on the video, you think this situation ends well or poorly? (Use only one word to answer)
Image size: 27016 bytes
Response status code: 200
{'model': 'llava-llama3', 'created_at': '2025-12-06T22:09:24.109889379Z', 'message': {'role': 'assistant', 'content': 'Well'}, 'done': True, 'done_reason': 'stop', 'total_duration': 12684721273, 'load_duration': 12262241634, 'prompt_eval_count': 611, 'prompt_eval_duration': 319979450, 'eval_count': 2, 'eval_duration': 11782334}
Response: Well
Analyzing frame 38/99...
Prompt: Given the scenario shown on the video, you think this situation ends well or poorly? (Use only one word to answer)
Image size: 26948 bytes
Response status code: 200
{'model': 'llava-llama3', 'created_at': '2025-12-06T22:09:37.596860147Z', 'message': {'role': 'assistant', 'content': 'Well'}, 'done': True, 'done_reason': 'stop', 'total_duration': 12449267228, 'load_duration': 12024099292, 'prompt_eval_count': 611, 'prompt_eval_duration': 320999908, 'eval_count': 2, 'eval_duration': 11662746}
Response: Well
Analyzing frame 39/99...
Prompt: Given the scenario shown on the video, you think this situation ends well or poorly? (Use only one word to answer)
Image size: 26920 bytes
Response status code: 200
{'model': 'llava-llama3', 'created_at': '2025-12-06T22:09:51.31619207Z', 'message': {'role': 'assistant', 'content': 'Well'}, 'done': True, 'done_reason': 'stop', 'total_duration': 12685342159, 'load_duration': 12241379873, 'prompt_eval_count': 611, 'prompt_eval_duration': 316765495, 'eval_count': 2, 'eval_duration': 11598637}
Response: Well
Analyzing frame 40/99...
Prompt: Given the scenario shown on the video, you think this situation ends well or poorly? (Use only one word to answer)
Image size: 26872 bytes
Response status code: 200
{'model': 'llava-llama3', 'created_at': '2025-12-06T22:10:04.942033258Z', 'message': {'role': 'assistant', 'content': 'Well'}, 'done': True, 'done_reason': 'stop', 'total_duration': 12589101962, 'load_duration': 12179721331, 'prompt_eval_count': 611, 'prompt_eval_duration': 307185141, 'eval_count': 2, 'eval_duration': 11600986}
Response: Well
Analyzing frame 41/99...
Prompt: Given the scenario shown on the video, you think this situation ends well or poorly? (Use only one word to answer)
Image size: 27060 bytes
Response status code: 200
{'model': 'llava-llama3', 'created_at': '2025-12-06T22:10:18.359508315Z', 'message': {'role': 'assistant', 'content': 'Well'}, 'done': True, 'done_reason': 'stop', 'total_duration': 12376851760, 'load_duration': 11938701033, 'prompt_eval_count': 611, 'prompt_eval_duration': 320128685, 'eval_count': 2, 'eval_duration': 11756086}
Response: Well
Analyzing frame 42/99...
Prompt: Given the scenario shown on the video, you think this situation ends well or poorly? (Use only one word to answer)
Image size: 26908 bytes
Response status code: 200
{'model': 'llava-llama3', 'created_at': '2025-12-06T22:10:31.840652107Z', 'message': {'role': 'assistant', 'content': 'Well'}, 'done': True, 'done_reason': 'stop', 'total_duration': 12455696161, 'load_duration': 12053482974, 'prompt_eval_count': 611, 'prompt_eval_duration': 303565506, 'eval_count': 2, 'eval_duration': 11675528}
Response: Well
Analyzing frame 43/99...
Prompt: Given the scenario shown on the video, you think this situation ends well or poorly? (Use only one word to answer)
Image size: 26904 bytes
Response status code: 200
{'model': 'llava-llama3', 'created_at': '2025-12-06T22:10:45.378928723Z', 'message': {'role': 'assistant', 'content': 'Well'}, 'done': True, 'done_reason': 'stop', 'total_duration': 12499867941, 'load_duration': 12083858228, 'prompt_eval_count': 611, 'prompt_eval_duration': 315136427, 'eval_count': 2, 'eval_duration': 11714903}
Response: Well
Analyzing frame 44/99...
Prompt: Given the scenario shown on the video, you think this situation ends well or poorly? (Use only one word to answer)
Image size: 26924 bytes
Response status code: 200
{'model': 'llava-llama3', 'created_at': '2025-12-06T22:10:59.048788529Z', 'message': {'role': 'assistant', 'content': 'Well'}, 'done': True, 'done_reason': 'stop', 'total_duration': 12632463891, 'load_duration': 12205038734, 'prompt_eval_count': 611, 'prompt_eval_duration': 320462045, 'eval_count': 2, 'eval_duration': 11715069}
Response: Well
Analyzing frame 45/99...
Prompt: Given the scenario shown on the video, you think this situation ends well or poorly? (Use only one word to answer)
Image size: 27164 bytes
Response status code: 200
{'model': 'llava-llama3', 'created_at': '2025-12-06T22:11:12.816143638Z', 'message': {'role': 'assistant', 'content': 'Well'}, 'done': True, 'done_reason': 'stop', 'total_duration': 12729629339, 'load_duration': 12306000755, 'prompt_eval_count': 611, 'prompt_eval_duration': 321054985, 'eval_count': 2, 'eval_duration': 11925079}
Response: Well
Analyzing frame 46/99...
Prompt: Given the scenario shown on the video, you think this situation ends well or poorly? (Use only one word to answer)
Image size: 27140 bytes
Response status code: 200
{'model': 'llava-llama3', 'created_at': '2025-12-06T22:11:26.790498868Z', 'message': {'role': 'assistant', 'content': 'Well'}, 'done': True, 'done_reason': 'stop', 'total_duration': 12940434009, 'load_duration': 12535284256, 'prompt_eval_count': 611, 'prompt_eval_duration': 306456496, 'eval_count': 2, 'eval_duration': 11634793}
Response: Well
Analyzing frame 47/99...
Prompt: Given the scenario shown on the video, you think this situation ends well or poorly? (Use only one word to answer)
Image size: 27192 bytes
Response status code: 200
{'model': 'llava-llama3', 'created_at': '2025-12-06T22:11:40.484140592Z', 'message': {'role': 'assistant', 'content': 'Well'}, 'done': True, 'done_reason': 'stop', 'total_duration': 12661428686, 'load_duration': 12237967705, 'prompt_eval_count': 611, 'prompt_eval_duration': 309383576, 'eval_count': 2, 'eval_duration': 11858659}
Response: Well
Analyzing frame 48/99...
Prompt: Given the scenario shown on the video, you think this situation ends well or poorly? (Use only one word to answer)
Image size: 27172 bytes
Response status code: 200
{'model': 'llava-llama3', 'created_at': '2025-12-06T22:11:54.107113088Z', 'message': {'role': 'assistant', 'content': 'Well'}, 'done': True, 'done_reason': 'stop', 'total_duration': 12602576499, 'load_duration': 12182792559, 'prompt_eval_count': 611, 'prompt_eval_duration': 311224504, 'eval_count': 2, 'eval_duration': 11621161}
Response: Well
Analyzing frame 49/99...
Prompt: Given the scenario shown on the video, you think this situation ends well or poorly? (Use only one word to answer)
Image size: 27228 bytes
Response status code: 200
{'model': 'llava-llama3', 'created_at': '2025-12-06T22:12:07.743131679Z', 'message': {'role': 'assistant', 'content': 'Well'}, 'done': True, 'done_reason': 'stop', 'total_duration': 12597724270, 'load_duration': 12176847251, 'prompt_eval_count': 611, 'prompt_eval_duration': 319561936, 'eval_count': 2, 'eval_duration': 11946917}
Response: Well
Analyzing frame 50/99...
Prompt: Given the scenario shown on the video, you think this situation ends well or poorly? (Use only one word to answer)
Image size: 27016 bytes
Response status code: 200
{'model': 'llava-llama3', 'created_at': '2025-12-06T22:12:21.231319413Z', 'message': {'role': 'assistant', 'content': 'Well'}, 'done': True, 'done_reason': 'stop', 'total_duration': 12442427774, 'load_duration': 12034104032, 'prompt_eval_count': 611, 'prompt_eval_duration': 306982505, 'eval_count': 2, 'eval_duration': 11885558}
Response: Well
Analyzing frame 51/99...
Prompt: Given the scenario shown on the video, you think this situation ends well or poorly? (Use only one word to answer)
Image size: 27112 bytes
Response status code: 200
{'model': 'llava-llama3', 'created_at': '2025-12-06T22:12:34.58716136Z', 'message': {'role': 'assistant', 'content': 'Well'}, 'done': True, 'done_reason': 'stop', 'total_duration': 12317681090, 'load_duration': 11901174104, 'prompt_eval_count': 611, 'prompt_eval_duration': 316723895, 'eval_count': 2, 'eval_duration': 11900861}
Response: Well
Analyzing frame 52/99...
Prompt: Given the scenario shown on the video, you think this situation ends well or poorly? (Use only one word to answer)
Image size: 26704 bytes
Response status code: 200
{'model': 'llava-llama3', 'created_at': '2025-12-06T22:12:48.083777023Z', 'message': {'role': 'assistant', 'content': 'Well'}, 'done': True, 'done_reason': 'stop', 'total_duration': 12458325465, 'load_duration': 12059602229, 'prompt_eval_count': 611, 'prompt_eval_duration': 304067423, 'eval_count': 2, 'eval_duration': 11546726}
Response: Well
Analyzing frame 53/99...
Prompt: Given the scenario shown on the video, you think this situation ends well or poorly? (Use only one word to answer)
Image size: 26916 bytes
Response status code: 200
{'model': 'llava-llama3', 'created_at': '2025-12-06T22:13:01.691323166Z', 'message': {'role': 'assistant', 'content': 'Well'}, 'done': True, 'done_reason': 'stop', 'total_duration': 12567376269, 'load_duration': 12144713040, 'prompt_eval_count': 611, 'prompt_eval_duration': 319611873, 'eval_count': 2, 'eval_duration': 11569797}
Response: Well
Analyzing frame 54/99...
Prompt: Given the scenario shown on the video, you think this situation ends well or poorly? (Use only one word to answer)
Image size: 26916 bytes
Response status code: 200
{'model': 'llava-llama3', 'created_at': '2025-12-06T22:13:15.106511018Z', 'message': {'role': 'assistant', 'content': 'Well'}, 'done': True, 'done_reason': 'stop', 'total_duration': 12376067172, 'load_duration': 11961166584, 'prompt_eval_count': 611, 'prompt_eval_duration': 306287479, 'eval_count': 2, 'eval_duration': 11603363}
Response: Well
Analyzing frame 55/99...
Prompt: Given the scenario shown on the video, you think this situation ends well or poorly? (Use only one word to answer)
Image size: 27060 bytes
Response status code: 200
{'model': 'llava-llama3', 'created_at': '2025-12-06T22:13:28.738076419Z', 'message': {'role': 'assistant', 'content': 'Well'}, 'done': True, 'done_reason': 'stop', 'total_duration': 12607018997, 'load_duration': 12192951113, 'prompt_eval_count': 611, 'prompt_eval_duration': 303697238, 'eval_count': 2, 'eval_duration': 11981019}
Response: Well
Analyzing frame 56/99...
Prompt: Given the scenario shown on the video, you think this situation ends well or poorly? (Use only one word to answer)
Image size: 26792 bytes
Response status code: 200
{'model': 'llava-llama3', 'created_at': '2025-12-06T22:13:42.325399838Z', 'message': {'role': 'assistant', 'content': 'Well'}, 'done': True, 'done_reason': 'stop', 'total_duration': 12551276607, 'load_duration': 12145271868, 'prompt_eval_count': 611, 'prompt_eval_duration': 305138667, 'eval_count': 2, 'eval_duration': 11542161}
Response: Well
Analyzing frame 57/99...
Prompt: Given the scenario shown on the video, you think this situation ends well or poorly? (Use only one word to answer)
Image size: 27076 bytes
Response status code: 200
{'model': 'llava-llama3', 'created_at': '2025-12-06T22:13:55.847059496Z', 'message': {'role': 'assistant', 'content': 'Well'}, 'done': True, 'done_reason': 'stop', 'total_duration': 12483647883, 'load_duration': 12065070324, 'prompt_eval_count': 611, 'prompt_eval_duration': 306279589, 'eval_count': 2, 'eval_duration': 12005610}
Response: Well
Analyzing frame 58/99...
Prompt: Given the scenario shown on the video, you think this situation ends well or poorly? (Use only one word to answer)
Image size: 26972 bytes
Response status code: 200
{'model': 'llava-llama3', 'created_at': '2025-12-06T22:14:09.441982944Z', 'message': {'role': 'assistant', 'content': 'Well'}, 'done': True, 'done_reason': 'stop', 'total_duration': 12565741463, 'load_duration': 12141296186, 'prompt_eval_count': 611, 'prompt_eval_duration': 304772975, 'eval_count': 2, 'eval_duration': 11517152}
Response: Well
Analyzing frame 59/99...
Prompt: Given the scenario shown on the video, you think this situation ends well or poorly? (Use only one word to answer)
Image size: 26964 bytes
Response status code: 200
{'model': 'llava-llama3', 'created_at': '2025-12-06T22:14:22.849055292Z', 'message': {'role': 'assistant', 'content': 'Well'}, 'done': True, 'done_reason': 'stop', 'total_duration': 12367662827, 'load_duration': 11951070525, 'prompt_eval_count': 611, 'prompt_eval_duration': 317548448, 'eval_count': 2, 'eval_duration': 11585481}
Response: Well
Analyzing frame 60/99...
Prompt: Given the scenario shown on the video, you think this situation ends well or poorly? (Use only one word to answer)
Image size: 26764 bytes
Response status code: 200
{'model': 'llava-llama3', 'created_at': '2025-12-06T22:14:36.329708925Z', 'message': {'role': 'assistant', 'content': 'Well'}, 'done': True, 'done_reason': 'stop', 'total_duration': 12444341029, 'load_duration': 12018084947, 'prompt_eval_count': 611, 'prompt_eval_duration': 322048943, 'eval_count': 2, 'eval_duration': 11514032}
Response: Well
Analyzing frame 61/99...
Prompt: Given the scenario shown on the video, you think this situation ends well or poorly? (Use only one word to answer)
Image size: 26972 bytes
Response status code: 200
{'model': 'llava-llama3', 'created_at': '2025-12-06T22:14:50.107628884Z', 'message': {'role': 'assistant', 'content': 'Well'}, 'done': True, 'done_reason': 'stop', 'total_duration': 12735103865, 'load_duration': 12324993514, 'prompt_eval_count': 611, 'prompt_eval_duration': 302326288, 'eval_count': 2, 'eval_duration': 11987696}
Response: Well
Analyzing frame 62/99...
Prompt: Given the scenario shown on the video, you think this situation ends well or poorly? (Use only one word to answer)
Image size: 26760 bytes
Response status code: 200
{'model': 'llava-llama3', 'created_at': '2025-12-06T22:15:03.612410416Z', 'message': {'role': 'assistant', 'content': 'Well'}, 'done': True, 'done_reason': 'stop', 'total_duration': 12467986337, 'load_duration': 12061840661, 'prompt_eval_count': 611, 'prompt_eval_duration': 305862406, 'eval_count': 2, 'eval_duration': 11672846}
Response: Well
Analyzing frame 63/99...
Prompt: Given the scenario shown on the video, you think this situation ends well or poorly? (Use only one word to answer)
Image size: 27032 bytes
Response status code: 200
{'model': 'llava-llama3', 'created_at': '2025-12-06T22:15:17.3260523Z', 'message': {'role': 'assistant', 'content': 'Well'}, 'done': True, 'done_reason': 'stop', 'total_duration': 12685822781, 'load_duration': 12242475579, 'prompt_eval_count': 611, 'prompt_eval_duration': 328269610, 'eval_count': 2, 'eval_duration': 11524382}
Response: Well
Analyzing frame 64/99...
Prompt: Given the scenario shown on the video, you think this situation ends well or poorly? (Use only one word to answer)
Image size: 27052 bytes
Response status code: 200
{'model': 'llava-llama3', 'created_at': '2025-12-06T22:15:30.789048993Z', 'message': {'role': 'assistant', 'content': 'Well'}, 'done': True, 'done_reason': 'stop', 'total_duration': 12425432643, 'load_duration': 12013864403, 'prompt_eval_count': 611, 'prompt_eval_duration': 304565161, 'eval_count': 2, 'eval_duration': 13214495}
Response: Well
Analyzing frame 65/99...
Prompt: Given the scenario shown on the video, you think this situation ends well or poorly? (Use only one word to answer)
Image size: 27200 bytes
Response status code: 200
{'model': 'llava-llama3', 'created_at': '2025-12-06T22:15:44.456281Z', 'message': {'role': 'assistant', 'content': 'Well'}, 'done': True, 'done_reason': 'stop', 'total_duration': 12627083575, 'load_duration': 12212642702, 'prompt_eval_count': 611, 'prompt_eval_duration': 304153530, 'eval_count': 2, 'eval_duration': 11551644}
Response: Well
Analyzing frame 66/99...
Prompt: Given the scenario shown on the video, you think this situation ends well or poorly? (Use only one word to answer)
Image size: 26956 bytes
Response status code: 200
{'model': 'llava-llama3', 'created_at': '2025-12-06T22:15:58.111291185Z', 'message': {'role': 'assistant', 'content': 'Well'}, 'done': True, 'done_reason': 'stop', 'total_duration': 12619868844, 'load_duration': 12200896203, 'prompt_eval_count': 611, 'prompt_eval_duration': 319028838, 'eval_count': 2, 'eval_duration': 11582932}
Response: Well
Analyzing frame 67/99...
Prompt: Given the scenario shown on the video, you think this situation ends well or poorly? (Use only one word to answer)
Image size: 27052 bytes
Response status code: 200
{'model': 'llava-llama3', 'created_at': '2025-12-06T22:16:11.207250491Z', 'message': {'role': 'assistant', 'content': 'Well'}, 'done': True, 'done_reason': 'stop', 'total_duration': 12059762966, 'load_duration': 11640581390, 'prompt_eval_count': 611, 'prompt_eval_duration': 318025616, 'eval_count': 2, 'eval_duration': 11626632}
Response: Well
Analyzing frame 68/99...
Prompt: Given the scenario shown on the video, you think this situation ends well or poorly? (Use only one word to answer)
Image size: 26948 bytes
Response status code: 200
{'model': 'llava-llama3', 'created_at': '2025-12-06T22:16:24.865546347Z', 'message': {'role': 'assistant', 'content': 'Well'}, 'done': True, 'done_reason': 'stop', 'total_duration': 12610420076, 'load_duration': 12212902166, 'prompt_eval_count': 611, 'prompt_eval_duration': 301733888, 'eval_count': 2, 'eval_duration': 11538226}
Response: Well
Analyzing frame 69/99...
Prompt: Given the scenario shown on the video, you think this situation ends well or poorly? (Use only one word to answer)
Image size: 26972 bytes
Response status code: 200
{'model': 'llava-llama3', 'created_at': '2025-12-06T22:16:38.201988785Z', 'message': {'role': 'assistant', 'content': 'Well'}, 'done': True, 'done_reason': 'stop', 'total_duration': 12297987563, 'load_duration': 11873652700, 'prompt_eval_count': 611, 'prompt_eval_duration': 316746725, 'eval_count': 2, 'eval_duration': 11646186}
Response: Well
Analyzing frame 70/99...
Prompt: Given the scenario shown on the video, you think this situation ends well or poorly? (Use only one word to answer)
Image size: 26988 bytes
Response status code: 200
{'model': 'llava-llama3', 'created_at': '2025-12-06T22:16:51.577066621Z', 'message': {'role': 'assistant', 'content': 'Well'}, 'done': True, 'done_reason': 'stop', 'total_duration': 12336671061, 'load_duration': 11928270095, 'prompt_eval_count': 611, 'prompt_eval_duration': 304043534, 'eval_count': 2, 'eval_duration': 11700819}
Response: Well
Analyzing frame 71/99...
Prompt: Given the scenario shown on the video, you think this situation ends well or poorly? (Use only one word to answer)
Image size: 26972 bytes
Response status code: 200
{'model': 'llava-llama3', 'created_at': '2025-12-06T22:17:04.761437908Z', 'message': {'role': 'assistant', 'content': 'Well'}, 'done': True, 'done_reason': 'stop', 'total_duration': 12145958461, 'load_duration': 11745753774, 'prompt_eval_count': 611, 'prompt_eval_duration': 302303090, 'eval_count': 2, 'eval_duration': 11617797}
Response: Well
Analyzing frame 72/99...
Prompt: Given the scenario shown on the video, you think this situation ends well or poorly? (Use only one word to answer)
Image size: 26992 bytes
Response status code: 200
{'model': 'llava-llama3', 'created_at': '2025-12-06T22:17:18.073103538Z', 'message': {'role': 'assistant', 'content': 'Well'}, 'done': True, 'done_reason': 'stop', 'total_duration': 12275904632, 'load_duration': 11868308909, 'prompt_eval_count': 611, 'prompt_eval_duration': 305952613, 'eval_count': 2, 'eval_duration': 11852713}
Response: Well
Analyzing frame 73/99...
Prompt: Given the scenario shown on the video, you think this situation ends well or poorly? (Use only one word to answer)
Image size: 26992 bytes
Response status code: 200
{'model': 'llava-llama3', 'created_at': '2025-12-06T22:17:31.361968046Z', 'message': {'role': 'assistant', 'content': 'Well'}, 'done': True, 'done_reason': 'stop', 'total_duration': 12263509603, 'load_duration': 11859044847, 'prompt_eval_count': 611, 'prompt_eval_duration': 305874982, 'eval_count': 2, 'eval_duration': 11683787}
Response: Well
Analyzing frame 74/99...
Prompt: Given the scenario shown on the video, you think this situation ends well or poorly? (Use only one word to answer)
Image size: 27000 bytes
Response status code: 200
{'model': 'llava-llama3', 'created_at': '2025-12-06T22:17:45.11913528Z', 'message': {'role': 'assistant', 'content': 'Well'}, 'done': True, 'done_reason': 'stop', 'total_duration': 12719414667, 'load_duration': 12315312074, 'prompt_eval_count': 611, 'prompt_eval_duration': 302527603, 'eval_count': 2, 'eval_duration': 11906935}
Response: Well
Analyzing frame 75/99...
Prompt: Given the scenario shown on the video, you think this situation ends well or poorly? (Use only one word to answer)
Image size: 26992 bytes
Response status code: 200
{'model': 'llava-llama3', 'created_at': '2025-12-06T22:17:58.538347217Z', 'message': {'role': 'assistant', 'content': 'Well'}, 'done': True, 'done_reason': 'stop', 'total_duration': 12385805404, 'load_duration': 11985692453, 'prompt_eval_count': 611, 'prompt_eval_duration': 304909585, 'eval_count': 2, 'eval_duration': 11593471}
Response: Well
Analyzing frame 76/99...
Prompt: Given the scenario shown on the video, you think this situation ends well or poorly? (Use only one word to answer)
Image size: 26996 bytes
Response status code: 200
{'model': 'llava-llama3', 'created_at': '2025-12-06T22:18:12.088671001Z', 'message': {'role': 'assistant', 'content': 'Well'}, 'done': True, 'done_reason': 'stop', 'total_duration': 12511043857, 'load_duration': 12097843227, 'prompt_eval_count': 611, 'prompt_eval_duration': 303342525, 'eval_count': 2, 'eval_duration': 11908993}
Response: Well
Analyzing frame 77/99...
Prompt: Given the scenario shown on the video, you think this situation ends well or poorly? (Use only one word to answer)
Image size: 26988 bytes
Response status code: 200
{'model': 'llava-llama3', 'created_at': '2025-12-06T22:18:25.727001281Z', 'message': {'role': 'assistant', 'content': 'Well'}, 'done': True, 'done_reason': 'stop', 'total_duration': 12599640352, 'load_duration': 12190101793, 'prompt_eval_count': 611, 'prompt_eval_duration': 306162877, 'eval_count': 2, 'eval_duration': 11664289}
Response: Well
Analyzing frame 78/99...
Prompt: Given the scenario shown on the video, you think this situation ends well or poorly? (Use only one word to answer)
Image size: 27012 bytes
Response status code: 200
{'model': 'llava-llama3', 'created_at': '2025-12-06T22:18:39.561459536Z', 'message': {'role': 'assistant', 'content': 'Well'}, 'done': True, 'done_reason': 'stop', 'total_duration': 12794609317, 'load_duration': 12395371148, 'prompt_eval_count': 611, 'prompt_eval_duration': 303567066, 'eval_count': 2, 'eval_duration': 11655810}
Response: Well
Analyzing frame 79/99...
Prompt: Given the scenario shown on the video, you think this situation ends well or poorly? (Use only one word to answer)
Image size: 26988 bytes
Response status code: 200
{'model': 'llava-llama3', 'created_at': '2025-12-06T22:18:53.125716384Z', 'message': {'role': 'assistant', 'content': 'Well'}, 'done': True, 'done_reason': 'stop', 'total_duration': 12524349067, 'load_duration': 12082298708, 'prompt_eval_count': 611, 'prompt_eval_duration': 315741653, 'eval_count': 2, 'eval_duration': 11563667}
Response: Well
Analyzing frame 80/99...
Prompt: Given the scenario shown on the video, you think this situation ends well or poorly? (Use only one word to answer)
Image size: 27004 bytes
Response status code: 200
{'model': 'llava-llama3', 'created_at': '2025-12-06T22:19:06.676219859Z', 'message': {'role': 'assistant', 'content': 'Well'}, 'done': True, 'done_reason': 'stop', 'total_duration': 12509553028, 'load_duration': 12103186495, 'prompt_eval_count': 611, 'prompt_eval_duration': 305441942, 'eval_count': 2, 'eval_duration': 11558927}
Response: Well
Analyzing frame 81/99...
Prompt: Given the scenario shown on the video, you think this situation ends well or poorly? (Use only one word to answer)
Image size: 27008 bytes
Response status code: 200
{'model': 'llava-llama3', 'created_at': '2025-12-06T22:19:20.373402369Z', 'message': {'role': 'assistant', 'content': 'Well'}, 'done': True, 'done_reason': 'stop', 'total_duration': 12660399497, 'load_duration': 12236749589, 'prompt_eval_count': 611, 'prompt_eval_duration': 321069021, 'eval_count': 2, 'eval_duration': 11566490}
Response: Well
Analyzing frame 82/99...
Prompt: Given the scenario shown on the video, you think this situation ends well or poorly? (Use only one word to answer)
Image size: 27004 bytes
Response status code: 200
{'model': 'llava-llama3', 'created_at': '2025-12-06T22:19:33.953547166Z', 'message': {'role': 'assistant', 'content': 'Well'}, 'done': True, 'done_reason': 'stop', 'total_duration': 12544078194, 'load_duration': 12133605854, 'prompt_eval_count': 611, 'prompt_eval_duration': 305394381, 'eval_count': 2, 'eval_duration': 11576369}
Response: Well
Analyzing frame 83/99...
Prompt: Given the scenario shown on the video, you think this situation ends well or poorly? (Use only one word to answer)
Image size: 27012 bytes
Response status code: 200
{'model': 'llava-llama3', 'created_at': '2025-12-06T22:19:47.093429199Z', 'message': {'role': 'assistant', 'content': 'Well'}, 'done': True, 'done_reason': 'stop', 'total_duration': 12102446964, 'load_duration': 11719616275, 'prompt_eval_count': 611, 'prompt_eval_duration': 304459005, 'eval_count': 2, 'eval_duration': 11607941}
Response: Well
Analyzing frame 84/99...
Prompt: Given the scenario shown on the video, you think this situation ends well or poorly? (Use only one word to answer)
Image size: 27020 bytes
Response status code: 200
{'model': 'llava-llama3', 'created_at': '2025-12-06T22:20:00.441629811Z', 'message': {'role': 'assistant', 'content': 'Well'}, 'done': True, 'done_reason': 'stop', 'total_duration': 12309773515, 'load_duration': 11875154711, 'prompt_eval_count': 611, 'prompt_eval_duration': 319716032, 'eval_count': 2, 'eval_duration': 11565820}
Response: Well
Analyzing frame 85/99...
Prompt: Given the scenario shown on the video, you think this situation ends well or poorly? (Use only one word to answer)
Image size: 27064 bytes
Response status code: 200
{'model': 'llava-llama3', 'created_at': '2025-12-06T22:20:13.799563032Z', 'message': {'role': 'assistant', 'content': 'Well'}, 'done': True, 'done_reason': 'stop', 'total_duration': 12319366586, 'load_duration': 11916566788, 'prompt_eval_count': 611, 'prompt_eval_duration': 305355348, 'eval_count': 2, 'eval_duration': 12324419}
Response: Well
Analyzing frame 86/99...
Prompt: Given the scenario shown on the video, you think this situation ends well or poorly? (Use only one word to answer)
Image size: 27036 bytes
Response status code: 200
{'model': 'llava-llama3', 'created_at': '2025-12-06T22:20:27.228284895Z', 'message': {'role': 'assistant', 'content': 'Well'}, 'done': True, 'done_reason': 'stop', 'total_duration': 12389802627, 'load_duration': 11983976650, 'prompt_eval_count': 611, 'prompt_eval_duration': 305006356, 'eval_count': 2, 'eval_duration': 11559482}
Response: Well
Analyzing frame 87/99...
Prompt: Given the scenario shown on the video, you think this situation ends well or poorly? (Use only one word to answer)
Image size: 27068 bytes
Response status code: 200
{'model': 'llava-llama3', 'created_at': '2025-12-06T22:20:40.960734119Z', 'message': {'role': 'assistant', 'content': 'Well'}, 'done': True, 'done_reason': 'stop', 'total_duration': 12697327030, 'load_duration': 12266052838, 'prompt_eval_count': 611, 'prompt_eval_duration': 323509145, 'eval_count': 2, 'eval_duration': 11624898}
Response: Well
Analyzing frame 88/99...
Prompt: Given the scenario shown on the video, you think this situation ends well or poorly? (Use only one word to answer)
Image size: 27056 bytes
Response status code: 200
{'model': 'llava-llama3', 'created_at': '2025-12-06T22:20:54.913087916Z', 'message': {'role': 'assistant', 'content': 'Well'}, 'done': True, 'done_reason': 'stop', 'total_duration': 12920148745, 'load_duration': 12516584690, 'prompt_eval_count': 611, 'prompt_eval_duration': 304172900, 'eval_count': 2, 'eval_duration': 11526598}
Response: Well
Analyzing frame 89/99...
Prompt: Given the scenario shown on the video, you think this situation ends well or poorly? (Use only one word to answer)
Image size: 27064 bytes
Response status code: 200
{'model': 'llava-llama3', 'created_at': '2025-12-06T22:21:08.58724609Z', 'message': {'role': 'assistant', 'content': 'Well'}, 'done': True, 'done_reason': 'stop', 'total_duration': 12632437948, 'load_duration': 12210837488, 'prompt_eval_count': 611, 'prompt_eval_duration': 319171188, 'eval_count': 2, 'eval_duration': 11549228}
Response: Well
Analyzing frame 90/99...
Prompt: Given the scenario shown on the video, you think this situation ends well or poorly? (Use only one word to answer)
Image size: 27012 bytes
Response status code: 200
{'model': 'llava-llama3', 'created_at': '2025-12-06T22:21:22.341465217Z', 'message': {'role': 'assistant', 'content': 'Well'}, 'done': True, 'done_reason': 'stop', 'total_duration': 12716408574, 'load_duration': 12301079169, 'prompt_eval_count': 611, 'prompt_eval_duration': 305001329, 'eval_count': 2, 'eval_duration': 11544939}
Response: Well
Analyzing frame 91/99...
Prompt: Given the scenario shown on the video, you think this situation ends well or poorly? (Use only one word to answer)
Image size: 27060 bytes
Response status code: 200
{'model': 'llava-llama3', 'created_at': '2025-12-06T22:21:35.61818715Z', 'message': {'role': 'assistant', 'content': 'Well'}, 'done': True, 'done_reason': 'stop', 'total_duration': 12239905090, 'load_duration': 11831586920, 'prompt_eval_count': 611, 'prompt_eval_duration': 303451521, 'eval_count': 2, 'eval_duration': 11589650}
Response: Well
Analyzing frame 92/99...
Prompt: Given the scenario shown on the video, you think this situation ends well or poorly? (Use only one word to answer)
Image size: 27008 bytes
Response status code: 200
{'model': 'llava-llama3', 'created_at': '2025-12-06T22:21:49.366601943Z', 'message': {'role': 'assistant', 'content': 'Well'}, 'done': True, 'done_reason': 'stop', 'total_duration': 12712666122, 'load_duration': 12307619792, 'prompt_eval_count': 611, 'prompt_eval_duration': 303202302, 'eval_count': 2, 'eval_duration': 11510744}
Response: Well
Analyzing frame 93/99...
Prompt: Given the scenario shown on the video, you think this situation ends well or poorly? (Use only one word to answer)
Image size: 27048 bytes
Response status code: 200
{'model': 'llava-llama3', 'created_at': '2025-12-06T22:22:03.039723855Z', 'message': {'role': 'assistant', 'content': 'Well'}, 'done': True, 'done_reason': 'stop', 'total_duration': 12633324023, 'load_duration': 12217298667, 'prompt_eval_count': 611, 'prompt_eval_duration': 303883925, 'eval_count': 2, 'eval_duration': 11921657}
Response: Well
Analyzing frame 94/99...
Prompt: Given the scenario shown on the video, you think this situation ends well or poorly? (Use only one word to answer)
Image size: 26988 bytes
Response status code: 200
{'model': 'llava-llama3', 'created_at': '2025-12-06T22:22:16.600982231Z', 'message': {'role': 'assistant', 'content': 'Well'}, 'done': True, 'done_reason': 'stop', 'total_duration': 12518630779, 'load_duration': 12118921038, 'prompt_eval_count': 611, 'prompt_eval_duration': 302607940, 'eval_count': 2, 'eval_duration': 11530460}
Response: Well
Analyzing frame 95/99...
Prompt: Given the scenario shown on the video, you think this situation ends well or poorly? (Use only one word to answer)
Image size: 27048 bytes
Response status code: 200
{'model': 'llava-llama3', 'created_at': '2025-12-06T22:22:30.361185657Z', 'message': {'role': 'assistant', 'content': 'Well'}, 'done': True, 'done_reason': 'stop', 'total_duration': 12740692156, 'load_duration': 12334757422, 'prompt_eval_count': 611, 'prompt_eval_duration': 304377374, 'eval_count': 2, 'eval_duration': 11589802}
Response: Well
Analyzing frame 96/99...
Prompt: Given the scenario shown on the video, you think this situation ends well or poorly? (Use only one word to answer)
Image size: 26972 bytes
Response status code: 200
{'model': 'llava-llama3', 'created_at': '2025-12-06T22:22:44.071493189Z', 'message': {'role': 'assistant', 'content': 'Well'}, 'done': True, 'done_reason': 'stop', 'total_duration': 12677345376, 'load_duration': 12251776422, 'prompt_eval_count': 611, 'prompt_eval_duration': 320137823, 'eval_count': 2, 'eval_duration': 11554322}
Response: Well
Analyzing frame 97/99...
Prompt: Given the scenario shown on the video, you think this situation ends well or poorly? (Use only one word to answer)
Image size: 27040 bytes
Response status code: 200
{'model': 'llava-llama3', 'created_at': '2025-12-06T22:22:57.726163149Z', 'message': {'role': 'assistant', 'content': 'Well'}, 'done': True, 'done_reason': 'stop', 'total_duration': 12622371250, 'load_duration': 12191396859, 'prompt_eval_count': 611, 'prompt_eval_duration': 319288156, 'eval_count': 2, 'eval_duration': 11591112}
Response: Well
Analyzing frame 98/99...
Prompt: Given the scenario shown on the video, you think this situation ends well or poorly? (Use only one word to answer)
Image size: 26988 bytes
Response status code: 200
{'model': 'llava-llama3', 'created_at': '2025-12-06T22:23:11.079502607Z', 'message': {'role': 'assistant', 'content': 'Well'}, 'done': True, 'done_reason': 'stop', 'total_duration': 12316319026, 'load_duration': 11893373114, 'prompt_eval_count': 611, 'prompt_eval_duration': 318790113, 'eval_count': 2, 'eval_duration': 11587870}
Response: Well
Analyzing frame 99/99...
Prompt: Given the scenario shown on the video, you think this situation ends well or poorly? (Use only one word to answer)
Image size: 27044 bytes
Response status code: 200
{'model': 'llava-llama3', 'created_at': '2025-12-06T22:23:24.899569811Z', 'message': {'role': 'assistant', 'content': 'Well'}, 'done': True, 'done_reason': 'stop', 'total_duration': 12784612515, 'load_duration': 12386207427, 'prompt_eval_count': 611, 'prompt_eval_duration': 302428877, 'eval_count': 2, 'eval_duration': 11569388}
Response: Well
Final prediction for 31_final.mp4: Well

Results saved to ./results/results_llavallama3.csv
Total videos processed: 1110

==================================================
Processing video 12/30

Processing video: 33_final.mp4
Video info: 221 frames, 30.00 FPS, 7.37 seconds
Extracted 74 frames for analysis
Analyzing frame 1/74...
Prompt: Given the scenario shown on the video, you think this situation ends well or poorly? (Use only one word to answer)
Image size: 51524 bytes
Response status code: 200
{'model': 'llava-llama3', 'created_at': '2025-12-06T22:23:38.886529254Z', 'message': {'role': 'assistant', 'content': 'Well'}, 'done': True, 'done_reason': 'stop', 'total_duration': 9122184175, 'load_duration': 8684367193, 'prompt_eval_count': 611, 'prompt_eval_duration': 319798917, 'eval_count': 2, 'eval_duration': 11936145}
Response: Well
Analyzing frame 2/74...
Prompt: Given the scenario shown on the video, you think this situation ends well or poorly? (Use only one word to answer)
Image size: 51616 bytes
Response status code: 200
{'model': 'llava-llama3', 'created_at': '2025-12-06T22:23:52.167770598Z', 'message': {'role': 'assistant', 'content': 'Well'}, 'done': True, 'done_reason': 'stop', 'total_duration': 12247060057, 'load_duration': 11827364319, 'prompt_eval_count': 611, 'prompt_eval_duration': 303069449, 'eval_count': 2, 'eval_duration': 11593057}
Response: Well
Analyzing frame 3/74...
Prompt: Given the scenario shown on the video, you think this situation ends well or poorly? (Use only one word to answer)
Image size: 51832 bytes
Response status code: 200
{'model': 'llava-llama3', 'created_at': '2025-12-06T22:24:05.714785157Z', 'message': {'role': 'assistant', 'content': 'Well'}, 'done': True, 'done_reason': 'stop', 'total_duration': 12509708112, 'load_duration': 12104537668, 'prompt_eval_count': 611, 'prompt_eval_duration': 305934287, 'eval_count': 2, 'eval_duration': 11506019}
Response: Well
Analyzing frame 4/74...
Prompt: Given the scenario shown on the video, you think this situation ends well or poorly? (Use only one word to answer)
Image size: 51848 bytes
Response status code: 200
{'model': 'llava-llama3', 'created_at': '2025-12-06T22:24:19.020229932Z', 'message': {'role': 'assistant', 'content': 'Well'}, 'done': True, 'done_reason': 'stop', 'total_duration': 12271461581, 'load_duration': 11886670999, 'prompt_eval_count': 611, 'prompt_eval_duration': 305734011, 'eval_count': 2, 'eval_duration': 11555828}
Response: Well
Analyzing frame 5/74...
Prompt: Given the scenario shown on the video, you think this situation ends well or poorly? (Use only one word to answer)
Image size: 51984 bytes
Response status code: 200
{'model': 'llava-llama3', 'created_at': '2025-12-06T22:24:32.378281579Z', 'message': {'role': 'assistant', 'content': 'Well'}, 'done': True, 'done_reason': 'stop', 'total_duration': 12341446879, 'load_duration': 11928714179, 'prompt_eval_count': 611, 'prompt_eval_duration': 315980182, 'eval_count': 2, 'eval_duration': 11625637}
Response: Well
Analyzing frame 6/74...
Prompt: Given the scenario shown on the video, you think this situation ends well or poorly? (Use only one word to answer)
Image size: 52008 bytes
Response status code: 200
{'model': 'llava-llama3', 'created_at': '2025-12-06T22:24:45.877181813Z', 'message': {'role': 'assistant', 'content': 'Well'}, 'done': True, 'done_reason': 'stop', 'total_duration': 12459656760, 'load_duration': 12024353053, 'prompt_eval_count': 611, 'prompt_eval_duration': 319425418, 'eval_count': 2, 'eval_duration': 11865414}
Response: Well
Analyzing frame 7/74...
Prompt: Given the scenario shown on the video, you think this situation ends well or poorly? (Use only one word to answer)
Image size: 52068 bytes
Response status code: 200
{'model': 'llava-llama3', 'created_at': '2025-12-06T22:24:59.459888193Z', 'message': {'role': 'assistant', 'content': 'Well'}, 'done': True, 'done_reason': 'stop', 'total_duration': 12557112914, 'load_duration': 12134938472, 'prompt_eval_count': 611, 'prompt_eval_duration': 320313744, 'eval_count': 2, 'eval_duration': 11978571}
Response: Well
Analyzing frame 8/74...
Prompt: Given the scenario shown on the video, you think this situation ends well or poorly? (Use only one word to answer)
Image size: 52228 bytes
Response status code: 200
{'model': 'llava-llama3', 'created_at': '2025-12-06T22:25:13.019028333Z', 'message': {'role': 'assistant', 'content': 'Well'}, 'done': True, 'done_reason': 'stop', 'total_duration': 12524322303, 'load_duration': 12116064650, 'prompt_eval_count': 611, 'prompt_eval_duration': 304040372, 'eval_count': 2, 'eval_duration': 11593328}
Response: Well
Analyzing frame 9/74...
Prompt: Given the scenario shown on the video, you think this situation ends well or poorly? (Use only one word to answer)
Image size: 52396 bytes
Response status code: 200
{'model': 'llava-llama3', 'created_at': '2025-12-06T22:25:26.732759667Z', 'message': {'role': 'assistant', 'content': 'Well'}, 'done': True, 'done_reason': 'stop', 'total_duration': 12672129720, 'load_duration': 12261352920, 'prompt_eval_count': 611, 'prompt_eval_duration': 305277543, 'eval_count': 2, 'eval_duration': 11595069}
Response: Well
Analyzing frame 10/74...
Prompt: Given the scenario shown on the video, you think this situation ends well or poorly? (Use only one word to answer)
Image size: 52472 bytes
Response status code: 200
{'model': 'llava-llama3', 'created_at': '2025-12-06T22:25:40.146541125Z', 'message': {'role': 'assistant', 'content': 'Well'}, 'done': True, 'done_reason': 'stop', 'total_duration': 12377357023, 'load_duration': 11972394814, 'prompt_eval_count': 611, 'prompt_eval_duration': 303893573, 'eval_count': 2, 'eval_duration': 11578806}
Response: Well
Analyzing frame 11/74...
Prompt: Given the scenario shown on the video, you think this situation ends well or poorly? (Use only one word to answer)
Image size: 52516 bytes
Response status code: 200
{'model': 'llava-llama3', 'created_at': '2025-12-06T22:25:53.75380088Z', 'message': {'role': 'assistant', 'content': 'Well'}, 'done': True, 'done_reason': 'stop', 'total_duration': 12588994260, 'load_duration': 12158630031, 'prompt_eval_count': 611, 'prompt_eval_duration': 320189420, 'eval_count': 2, 'eval_duration': 11644392}
Response: Well
Analyzing frame 12/74...
Prompt: Given the scenario shown on the video, you think this situation ends well or poorly? (Use only one word to answer)
Image size: 52544 bytes
Response status code: 200
{'model': 'llava-llama3', 'created_at': '2025-12-06T22:26:07.170124562Z', 'message': {'role': 'assistant', 'content': 'Well'}, 'done': True, 'done_reason': 'stop', 'total_duration': 12378738585, 'load_duration': 11974106311, 'prompt_eval_count': 611, 'prompt_eval_duration': 306156521, 'eval_count': 2, 'eval_duration': 12018502}
Response: Well
Analyzing frame 13/74...
Prompt: Given the scenario shown on the video, you think this situation ends well or poorly? (Use only one word to answer)
Image size: 52704 bytes
Response status code: 200
{'model': 'llava-llama3', 'created_at': '2025-12-06T22:26:20.605289189Z', 'message': {'role': 'assistant', 'content': 'Well'}, 'done': True, 'done_reason': 'stop', 'total_duration': 12411235570, 'load_duration': 11958109030, 'prompt_eval_count': 611, 'prompt_eval_duration': 332036862, 'eval_count': 2, 'eval_duration': 11627490}
Response: Well
Analyzing frame 14/74...
Prompt: Given the scenario shown on the video, you think this situation ends well or poorly? (Use only one word to answer)
Image size: 52636 bytes
Response status code: 200
{'model': 'llava-llama3', 'created_at': '2025-12-06T22:26:34.122856954Z', 'message': {'role': 'assistant', 'content': 'Well'}, 'done': True, 'done_reason': 'stop', 'total_duration': 12495146650, 'load_duration': 12073247624, 'prompt_eval_count': 611, 'prompt_eval_duration': 319338827, 'eval_count': 2, 'eval_duration': 11609723}
Response: Well
Analyzing frame 15/74...
Prompt: Given the scenario shown on the video, you think this situation ends well or poorly? (Use only one word to answer)
Image size: 52664 bytes
Response status code: 200
{'model': 'llava-llama3', 'created_at': '2025-12-06T22:26:47.670189857Z', 'message': {'role': 'assistant', 'content': 'Well'}, 'done': True, 'done_reason': 'stop', 'total_duration': 12511981845, 'load_duration': 12090756780, 'prompt_eval_count': 611, 'prompt_eval_duration': 318439965, 'eval_count': 2, 'eval_duration': 11977661}
Response: Well
Analyzing frame 16/74...
Prompt: Given the scenario shown on the video, you think this situation ends well or poorly? (Use only one word to answer)
Image size: 52812 bytes
Response status code: 200
{'model': 'llava-llama3', 'created_at': '2025-12-06T22:27:01.313964541Z', 'message': {'role': 'assistant', 'content': 'Well'}, 'done': True, 'done_reason': 'stop', 'total_duration': 12606464011, 'load_duration': 12184881633, 'prompt_eval_count': 611, 'prompt_eval_duration': 319287227, 'eval_count': 2, 'eval_duration': 11607637}
Response: Well
Analyzing frame 17/74...
Prompt: Given the scenario shown on the video, you think this situation ends well or poorly? (Use only one word to answer)
Image size: 53136 bytes
Response status code: 200
{'model': 'llava-llama3', 'created_at': '2025-12-06T22:27:14.615260709Z', 'message': {'role': 'assistant', 'content': 'Well'}, 'done': True, 'done_reason': 'stop', 'total_duration': 12260924220, 'load_duration': 11858119835, 'prompt_eval_count': 611, 'prompt_eval_duration': 303445014, 'eval_count': 2, 'eval_duration': 11552134}
Response: Well
Analyzing frame 18/74...
Prompt: Given the scenario shown on the video, you think this situation ends well or poorly? (Use only one word to answer)
Image size: 53108 bytes
Response status code: 200
{'model': 'llava-llama3', 'created_at': '2025-12-06T22:27:28.189605311Z', 'message': {'role': 'assistant', 'content': 'Well'}, 'done': True, 'done_reason': 'stop', 'total_duration': 12537449934, 'load_duration': 12132259295, 'prompt_eval_count': 611, 'prompt_eval_duration': 304053092, 'eval_count': 2, 'eval_duration': 11582759}
Response: Well
Analyzing frame 19/74...
Prompt: Given the scenario shown on the video, you think this situation ends well or poorly? (Use only one word to answer)
Image size: 53224 bytes
Response status code: 200
{'model': 'llava-llama3', 'created_at': '2025-12-06T22:27:41.774504039Z', 'message': {'role': 'assistant', 'content': 'Well'}, 'done': True, 'done_reason': 'stop', 'total_duration': 12547202077, 'load_duration': 12115532129, 'prompt_eval_count': 611, 'prompt_eval_duration': 319697411, 'eval_count': 2, 'eval_duration': 11575232}
Response: Well
Analyzing frame 20/74...
Prompt: Given the scenario shown on the video, you think this situation ends well or poorly? (Use only one word to answer)
Image size: 53368 bytes
Response status code: 200
{'model': 'llava-llama3', 'created_at': '2025-12-06T22:27:55.630402132Z', 'message': {'role': 'assistant', 'content': 'Well'}, 'done': True, 'done_reason': 'stop', 'total_duration': 12818293353, 'load_duration': 12411741647, 'prompt_eval_count': 611, 'prompt_eval_duration': 305611207, 'eval_count': 2, 'eval_duration': 11538195}
Response: Well
Analyzing frame 21/74...
Prompt: Given the scenario shown on the video, you think this situation ends well or poorly? (Use only one word to answer)
Image size: 53540 bytes
Response status code: 200
{'model': 'llava-llama3', 'created_at': '2025-12-06T22:28:09.124830281Z', 'message': {'role': 'assistant', 'content': 'Well'}, 'done': True, 'done_reason': 'stop', 'total_duration': 12457779130, 'load_duration': 12032490653, 'prompt_eval_count': 611, 'prompt_eval_duration': 323450151, 'eval_count': 2, 'eval_duration': 11905565}
Response: Well
Analyzing frame 22/74...
Prompt: Given the scenario shown on the video, you think this situation ends well or poorly? (Use only one word to answer)
Image size: 53548 bytes
Response status code: 200
{'model': 'llava-llama3', 'created_at': '2025-12-06T22:28:22.673765793Z', 'message': {'role': 'assistant', 'content': 'Well'}, 'done': True, 'done_reason': 'stop', 'total_duration': 12510530251, 'load_duration': 12068419297, 'prompt_eval_count': 611, 'prompt_eval_duration': 318980403, 'eval_count': 2, 'eval_duration': 11606846}
Response: Well
Analyzing frame 23/74...
Prompt: Given the scenario shown on the video, you think this situation ends well or poorly? (Use only one word to answer)
Image size: 53672 bytes
Response status code: 200
{'model': 'llava-llama3', 'created_at': '2025-12-06T22:28:36.337792938Z', 'message': {'role': 'assistant', 'content': 'Well'}, 'done': True, 'done_reason': 'stop', 'total_duration': 12627312411, 'load_duration': 12219627561, 'prompt_eval_count': 611, 'prompt_eval_duration': 305311428, 'eval_count': 2, 'eval_duration': 11624699}
Response: Well
Analyzing frame 24/74...
Prompt: Given the scenario shown on the video, you think this situation ends well or poorly? (Use only one word to answer)
Image size: 53640 bytes
Response status code: 200
{'model': 'llava-llama3', 'created_at': '2025-12-06T22:28:49.861512062Z', 'message': {'role': 'assistant', 'content': 'Well'}, 'done': True, 'done_reason': 'stop', 'total_duration': 12484827313, 'load_duration': 12061702227, 'prompt_eval_count': 611, 'prompt_eval_duration': 321624262, 'eval_count': 2, 'eval_duration': 11675570}
Response: Well
Analyzing frame 25/74...
Prompt: Given the scenario shown on the video, you think this situation ends well or poorly? (Use only one word to answer)
Image size: 53712 bytes
Response status code: 200
{'model': 'llava-llama3', 'created_at': '2025-12-06T22:29:03.429509508Z', 'message': {'role': 'assistant', 'content': 'Well'}, 'done': True, 'done_reason': 'stop', 'total_duration': 12529820945, 'load_duration': 12102971900, 'prompt_eval_count': 611, 'prompt_eval_duration': 317238470, 'eval_count': 2, 'eval_duration': 11538230}
Response: Well
Analyzing frame 26/74...
Prompt: Given the scenario shown on the video, you think this situation ends well or poorly? (Use only one word to answer)
Image size: 53668 bytes
Response status code: 200
{'model': 'llava-llama3', 'created_at': '2025-12-06T22:29:17.018983806Z', 'message': {'role': 'assistant', 'content': 'Well'}, 'done': True, 'done_reason': 'stop', 'total_duration': 12558486772, 'load_duration': 12122354071, 'prompt_eval_count': 611, 'prompt_eval_duration': 318444856, 'eval_count': 2, 'eval_duration': 11587309}
Response: Well
Analyzing frame 27/74...
Prompt: Given the scenario shown on the video, you think this situation ends well or poorly? (Use only one word to answer)
Image size: 53616 bytes
Response status code: 200
{'model': 'llava-llama3', 'created_at': '2025-12-06T22:29:30.554334591Z', 'message': {'role': 'assistant', 'content': 'Well'}, 'done': True, 'done_reason': 'stop', 'total_duration': 12516750104, 'load_duration': 12113550293, 'prompt_eval_count': 611, 'prompt_eval_duration': 303138439, 'eval_count': 2, 'eval_duration': 11662546}
Response: Well
Analyzing frame 28/74...
Prompt: Given the scenario shown on the video, you think this situation ends well or poorly? (Use only one word to answer)
Image size: 53460 bytes
Response status code: 200
{'model': 'llava-llama3', 'created_at': '2025-12-06T22:29:44.059203379Z', 'message': {'role': 'assistant', 'content': 'Well'}, 'done': True, 'done_reason': 'stop', 'total_duration': 12466851632, 'load_duration': 12037621677, 'prompt_eval_count': 611, 'prompt_eval_duration': 315229603, 'eval_count': 2, 'eval_duration': 11578066}
Response: Well
Analyzing frame 29/74...
Prompt: Given the scenario shown on the video, you think this situation ends well or poorly? (Use only one word to answer)
Image size: 53544 bytes
Response status code: 200
{'model': 'llava-llama3', 'created_at': '2025-12-06T22:29:57.653003819Z', 'message': {'role': 'assistant', 'content': 'Well'}, 'done': True, 'done_reason': 'stop', 'total_duration': 12555076100, 'load_duration': 12132603089, 'prompt_eval_count': 611, 'prompt_eval_duration': 319715230, 'eval_count': 2, 'eval_duration': 11597885}
Response: Well
Analyzing frame 30/74...
Prompt: Given the scenario shown on the video, you think this situation ends well or poorly? (Use only one word to answer)
Image size: 53656 bytes
Response status code: 200
{'model': 'llava-llama3', 'created_at': '2025-12-06T22:30:11.180986349Z', 'message': {'role': 'assistant', 'content': 'Well'}, 'done': True, 'done_reason': 'stop', 'total_duration': 12487508720, 'load_duration': 12080770940, 'prompt_eval_count': 611, 'prompt_eval_duration': 305079715, 'eval_count': 2, 'eval_duration': 12028961}
Response: Well
Analyzing frame 31/74...
Prompt: Given the scenario shown on the video, you think this situation ends well or poorly? (Use only one word to answer)
Image size: 53608 bytes
Response status code: 200
{'model': 'llava-llama3', 'created_at': '2025-12-06T22:30:24.484694833Z', 'message': {'role': 'assistant', 'content': 'Poorly'}, 'done': True, 'done_reason': 'stop', 'total_duration': 12262098014, 'load_duration': 11814960658, 'prompt_eval_count': 611, 'prompt_eval_duration': 319766987, 'eval_count': 3, 'eval_duration': 22664879}
Response: Poorly
Analyzing frame 32/74...
Prompt: Given the scenario shown on the video, you think this situation ends well or poorly? (Use only one word to answer)
Image size: 53852 bytes
Response status code: 200
{'model': 'llava-llama3', 'created_at': '2025-12-06T22:30:38.036881429Z', 'message': {'role': 'assistant', 'content': 'Well'}, 'done': True, 'done_reason': 'stop', 'total_duration': 12515650805, 'load_duration': 12084628498, 'prompt_eval_count': 611, 'prompt_eval_duration': 318880124, 'eval_count': 2, 'eval_duration': 13185314}
Response: Well
Analyzing frame 33/74...
Prompt: Given the scenario shown on the video, you think this situation ends well or poorly? (Use only one word to answer)
Image size: 54104 bytes
Response status code: 200
{'model': 'llava-llama3', 'created_at': '2025-12-06T22:30:51.771696115Z', 'message': {'role': 'assistant', 'content': 'Well'}, 'done': True, 'done_reason': 'stop', 'total_duration': 12712586363, 'load_duration': 12287343927, 'prompt_eval_count': 611, 'prompt_eval_duration': 318020373, 'eval_count': 2, 'eval_duration': 11634271}
Response: Well
Analyzing frame 34/74...
Prompt: Given the scenario shown on the video, you think this situation ends well or poorly? (Use only one word to answer)
Image size: 53808 bytes
Response status code: 200
{'model': 'llava-llama3', 'created_at': '2025-12-06T22:31:05.32811686Z', 'message': {'role': 'assistant', 'content': 'Well'}, 'done': True, 'done_reason': 'stop', 'total_duration': 12516989416, 'load_duration': 12090722308, 'prompt_eval_count': 611, 'prompt_eval_duration': 319217566, 'eval_count': 2, 'eval_duration': 11574799}
Response: Well
Analyzing frame 35/74...
Prompt: Given the scenario shown on the video, you think this situation ends well or poorly? (Use only one word to answer)
Image size: 53824 bytes
Response status code: 200
{'model': 'llava-llama3', 'created_at': '2025-12-06T22:31:18.933980444Z', 'message': {'role': 'assistant', 'content': 'Well'}, 'done': True, 'done_reason': 'stop', 'total_duration': 12564068152, 'load_duration': 12123473283, 'prompt_eval_count': 611, 'prompt_eval_duration': 322147041, 'eval_count': 2, 'eval_duration': 11579931}
Response: Well
Analyzing frame 36/74...
Prompt: Given the scenario shown on the video, you think this situation ends well or poorly? (Use only one word to answer)
Image size: 53956 bytes
Response status code: 200
{'model': 'llava-llama3', 'created_at': '2025-12-06T22:31:32.573219895Z', 'message': {'role': 'assistant', 'content': 'Well'}, 'done': True, 'done_reason': 'stop', 'total_duration': 12602193641, 'load_duration': 12187101914, 'prompt_eval_count': 611, 'prompt_eval_duration': 303937849, 'eval_count': 2, 'eval_duration': 11968644}
Response: Well
Analyzing frame 37/74...
Prompt: Given the scenario shown on the video, you think this situation ends well or poorly? (Use only one word to answer)
Image size: 54272 bytes
Response status code: 200
{'model': 'llava-llama3', 'created_at': '2025-12-06T22:31:46.102590684Z', 'message': {'role': 'assistant', 'content': 'Well'}, 'done': True, 'done_reason': 'stop', 'total_duration': 12492219006, 'load_duration': 12092013180, 'prompt_eval_count': 611, 'prompt_eval_duration': 303942943, 'eval_count': 2, 'eval_duration': 11591798}
Response: Well
Analyzing frame 38/74...
Prompt: Given the scenario shown on the video, you think this situation ends well or poorly? (Use only one word to answer)
Image size: 54232 bytes
Response status code: 200
{'model': 'llava-llama3', 'created_at': '2025-12-06T22:31:59.793852915Z', 'message': {'role': 'assistant', 'content': 'Well'}, 'done': True, 'done_reason': 'stop', 'total_duration': 12654812498, 'load_duration': 12252018817, 'prompt_eval_count': 611, 'prompt_eval_duration': 305094535, 'eval_count': 2, 'eval_duration': 11561485}
Response: Well
Analyzing frame 39/74...
Prompt: Given the scenario shown on the video, you think this situation ends well or poorly? (Use only one word to answer)
Image size: 54304 bytes
Response status code: 200
{'model': 'llava-llama3', 'created_at': '2025-12-06T22:32:13.194594989Z', 'message': {'role': 'assistant', 'content': 'Poorly'}, 'done': True, 'done_reason': 'stop', 'total_duration': 12362827708, 'load_duration': 11928862464, 'prompt_eval_count': 611, 'prompt_eval_duration': 305830875, 'eval_count': 3, 'eval_duration': 22613464}
Response: Poorly
Analyzing frame 40/74...
Prompt: Given the scenario shown on the video, you think this situation ends well or poorly? (Use only one word to answer)
Image size: 54736 bytes
Response status code: 200
{'model': 'llava-llama3', 'created_at': '2025-12-06T22:32:26.832751595Z', 'message': {'role': 'assistant', 'content': 'Well'}, 'done': True, 'done_reason': 'stop', 'total_duration': 12599834884, 'load_duration': 12195276122, 'prompt_eval_count': 611, 'prompt_eval_duration': 303835659, 'eval_count': 2, 'eval_duration': 11612993}
Response: Well
Analyzing frame 41/74...
Prompt: Given the scenario shown on the video, you think this situation ends well or poorly? (Use only one word to answer)
Image size: 54656 bytes
Response status code: 200
{'model': 'llava-llama3', 'created_at': '2025-12-06T22:32:40.312745637Z', 'message': {'role': 'assistant', 'content': 'Well'}, 'done': True, 'done_reason': 'stop', 'total_duration': 12446410705, 'load_duration': 12026654621, 'prompt_eval_count': 611, 'prompt_eval_duration': 318278992, 'eval_count': 2, 'eval_duration': 11533434}
Response: Well
Analyzing frame 42/74...
Prompt: Given the scenario shown on the video, you think this situation ends well or poorly? (Use only one word to answer)
Image size: 54800 bytes
Response status code: 200
{'model': 'llava-llama3', 'created_at': '2025-12-06T22:32:53.881806648Z', 'message': {'role': 'assistant', 'content': 'Well'}, 'done': True, 'done_reason': 'stop', 'total_duration': 12529484545, 'load_duration': 12100579062, 'prompt_eval_count': 611, 'prompt_eval_duration': 309898929, 'eval_count': 2, 'eval_duration': 11640153}
Response: Well
Analyzing frame 43/74...
Prompt: Given the scenario shown on the video, you think this situation ends well or poorly? (Use only one word to answer)
Image size: 54876 bytes
Response status code: 200
{'model': 'llava-llama3', 'created_at': '2025-12-06T22:33:07.4274172Z', 'message': {'role': 'assistant', 'content': 'Well'}, 'done': True, 'done_reason': 'stop', 'total_duration': 12506150144, 'load_duration': 12095042084, 'prompt_eval_count': 611, 'prompt_eval_duration': 304785043, 'eval_count': 2, 'eval_duration': 11548874}
Response: Well
Analyzing frame 44/74...
Prompt: Given the scenario shown on the video, you think this situation ends well or poorly? (Use only one word to answer)
Image size: 54812 bytes
Response status code: 200
{'model': 'llava-llama3', 'created_at': '2025-12-06T22:33:20.796448443Z', 'message': {'role': 'assistant', 'content': 'Poorly'}, 'done': True, 'done_reason': 'stop', 'total_duration': 12333985077, 'load_duration': 11907512088, 'prompt_eval_count': 611, 'prompt_eval_duration': 303406926, 'eval_count': 3, 'eval_duration': 22910598}
Response: Poorly
Analyzing frame 45/74...
Prompt: Given the scenario shown on the video, you think this situation ends well or poorly? (Use only one word to answer)
Image size: 54932 bytes
Response status code: 200
{'model': 'llava-llama3', 'created_at': '2025-12-06T22:33:34.325190157Z', 'message': {'role': 'assistant', 'content': 'Well'}, 'done': True, 'done_reason': 'stop', 'total_duration': 12488394998, 'load_duration': 12086499015, 'prompt_eval_count': 611, 'prompt_eval_duration': 303835332, 'eval_count': 2, 'eval_duration': 11565258}
Response: Well
Analyzing frame 46/74...
Prompt: Given the scenario shown on the video, you think this situation ends well or poorly? (Use only one word to answer)
Image size: 54960 bytes
Response status code: 200
{'model': 'llava-llama3', 'created_at': '2025-12-06T22:33:47.807049423Z', 'message': {'role': 'assistant', 'content': 'Well'}, 'done': True, 'done_reason': 'stop', 'total_duration': 12443397199, 'load_duration': 12040136930, 'prompt_eval_count': 611, 'prompt_eval_duration': 303944444, 'eval_count': 2, 'eval_duration': 11689821}
Response: Well
Analyzing frame 47/74...
Prompt: Given the scenario shown on the video, you think this situation ends well or poorly? (Use only one word to answer)
Image size: 54940 bytes
Response status code: 200
{'model': 'llava-llama3', 'created_at': '2025-12-06T22:34:01.495191564Z', 'message': {'role': 'assistant', 'content': 'Well'}, 'done': True, 'done_reason': 'stop', 'total_duration': 12652612919, 'load_duration': 12253204334, 'prompt_eval_count': 611, 'prompt_eval_duration': 303689764, 'eval_count': 2, 'eval_duration': 11617585}
Response: Well
Analyzing frame 48/74...
Prompt: Given the scenario shown on the video, you think this situation ends well or poorly? (Use only one word to answer)
Image size: 54960 bytes
Response status code: 200
{'model': 'llava-llama3', 'created_at': '2025-12-06T22:34:15.147628321Z', 'message': {'role': 'assistant', 'content': 'Well'}, 'done': True, 'done_reason': 'stop', 'total_duration': 12616804720, 'load_duration': 12188253966, 'prompt_eval_count': 611, 'prompt_eval_duration': 324063859, 'eval_count': 2, 'eval_duration': 11620232}
Response: Well
Analyzing frame 49/74...
Prompt: Given the scenario shown on the video, you think this situation ends well or poorly? (Use only one word to answer)
Image size: 54980 bytes
Response status code: 200
{'model': 'llava-llama3', 'created_at': '2025-12-06T22:34:28.944323366Z', 'message': {'role': 'assistant', 'content': 'Well'}, 'done': True, 'done_reason': 'stop', 'total_duration': 12757495198, 'load_duration': 12329521014, 'prompt_eval_count': 611, 'prompt_eval_duration': 308915876, 'eval_count': 2, 'eval_duration': 11591176}
Response: Well
Analyzing frame 50/74...
Prompt: Given the scenario shown on the video, you think this situation ends well or poorly? (Use only one word to answer)
Image size: 54944 bytes
Response status code: 200
{'model': 'llava-llama3', 'created_at': '2025-12-06T22:34:42.729805128Z', 'message': {'role': 'assistant', 'content': 'Well'}, 'done': True, 'done_reason': 'stop', 'total_duration': 12752179301, 'load_duration': 12331560645, 'prompt_eval_count': 611, 'prompt_eval_duration': 318349409, 'eval_count': 2, 'eval_duration': 11597840}
Response: Well
Analyzing frame 51/74...
Prompt: Given the scenario shown on the video, you think this situation ends well or poorly? (Use only one word to answer)
Image size: 54952 bytes
Response status code: 200
{'model': 'llava-llama3', 'created_at': '2025-12-06T22:34:56.106463023Z', 'message': {'role': 'assistant', 'content': 'Well'}, 'done': True, 'done_reason': 'stop', 'total_duration': 12340686270, 'load_duration': 11920342497, 'prompt_eval_count': 611, 'prompt_eval_duration': 304937027, 'eval_count': 2, 'eval_duration': 11515883}
Response: Well
Analyzing frame 52/74...
Prompt: Given the scenario shown on the video, you think this situation ends well or poorly? (Use only one word to answer)
Image size: 54936 bytes
Response status code: 200
{'model': 'llava-llama3', 'created_at': '2025-12-06T22:35:10.094476083Z', 'message': {'role': 'assistant', 'content': 'Well'}, 'done': True, 'done_reason': 'stop', 'total_duration': 12945276924, 'load_duration': 12548501605, 'prompt_eval_count': 611, 'prompt_eval_duration': 309184983, 'eval_count': 2, 'eval_duration': 12402793}
Response: Well
Analyzing frame 53/74...
Prompt: Given the scenario shown on the video, you think this situation ends well or poorly? (Use only one word to answer)
Image size: 54944 bytes
Response status code: 200
{'model': 'llava-llama3', 'created_at': '2025-12-06T22:35:23.87169919Z', 'message': {'role': 'assistant', 'content': 'Poorly'}, 'done': True, 'done_reason': 'stop', 'total_duration': 12739536383, 'load_duration': 12279630355, 'prompt_eval_count': 611, 'prompt_eval_duration': 328659372, 'eval_count': 3, 'eval_duration': 22825497}
Response: Poorly
Analyzing frame 54/74...
Prompt: Given the scenario shown on the video, you think this situation ends well or poorly? (Use only one word to answer)
Image size: 54928 bytes
Response status code: 200
{'model': 'llava-llama3', 'created_at': '2025-12-06T22:35:38.314141512Z', 'message': {'role': 'assistant', 'content': 'Poorly'}, 'done': True, 'done_reason': 'stop', 'total_duration': 13404590953, 'load_duration': 12981082190, 'prompt_eval_count': 611, 'prompt_eval_duration': 304183346, 'eval_count': 3, 'eval_duration': 22661898}
Response: Poorly
Analyzing frame 55/74...
Prompt: Given the scenario shown on the video, you think this situation ends well or poorly? (Use only one word to answer)
Image size: 54924 bytes
Response status code: 200
{'model': 'llava-llama3', 'created_at': '2025-12-06T22:35:51.665739484Z', 'message': {'role': 'assistant', 'content': 'Well'}, 'done': True, 'done_reason': 'stop', 'total_duration': 12316025843, 'load_duration': 11898638964, 'prompt_eval_count': 611, 'prompt_eval_duration': 303867594, 'eval_count': 2, 'eval_duration': 11532832}
Response: Well
Analyzing frame 56/74...
Prompt: Given the scenario shown on the video, you think this situation ends well or poorly? (Use only one word to answer)
Image size: 54924 bytes
Response status code: 200
{'model': 'llava-llama3', 'created_at': '2025-12-06T22:36:05.334974268Z', 'message': {'role': 'assistant', 'content': 'Well'}, 'done': True, 'done_reason': 'stop', 'total_duration': 12630647841, 'load_duration': 12204405150, 'prompt_eval_count': 611, 'prompt_eval_duration': 318336577, 'eval_count': 2, 'eval_duration': 11749559}
Response: Well
Analyzing frame 57/74...
Prompt: Given the scenario shown on the video, you think this situation ends well or poorly? (Use only one word to answer)
Image size: 54948 bytes
Response status code: 200
{'model': 'llava-llama3', 'created_at': '2025-12-06T22:36:18.946436186Z', 'message': {'role': 'assistant', 'content': 'Poorly'}, 'done': True, 'done_reason': 'stop', 'total_duration': 12575481693, 'load_duration': 12143672854, 'prompt_eval_count': 611, 'prompt_eval_duration': 305336129, 'eval_count': 3, 'eval_duration': 22835914}
Response: Poorly
Analyzing frame 58/74...
Prompt: Given the scenario shown on the video, you think this situation ends well or poorly? (Use only one word to answer)
Image size: 54932 bytes
Response status code: 200
{'model': 'llava-llama3', 'created_at': '2025-12-06T22:36:32.615560877Z', 'message': {'role': 'assistant', 'content': 'Well'}, 'done': True, 'done_reason': 'stop', 'total_duration': 12629878422, 'load_duration': 12218319075, 'prompt_eval_count': 611, 'prompt_eval_duration': 306963632, 'eval_count': 2, 'eval_duration': 12981526}
Response: Well
Analyzing frame 59/74...
Prompt: Given the scenario shown on the video, you think this situation ends well or poorly? (Use only one word to answer)
Image size: 54940 bytes
Response status code: 200
{'model': 'llava-llama3', 'created_at': '2025-12-06T22:36:46.129138785Z', 'message': {'role': 'assistant', 'content': 'Well'}, 'done': True, 'done_reason': 'stop', 'total_duration': 12474015336, 'load_duration': 12059876708, 'prompt_eval_count': 611, 'prompt_eval_duration': 315023880, 'eval_count': 2, 'eval_duration': 11611076}
Response: Well
Analyzing frame 60/74...
Prompt: Given the scenario shown on the video, you think this situation ends well or poorly? (Use only one word to answer)
Image size: 54944 bytes
Response status code: 200
{'model': 'llava-llama3', 'created_at': '2025-12-06T22:36:59.603060908Z', 'message': {'role': 'assistant', 'content': 'Poorly'}, 'done': True, 'done_reason': 'stop', 'total_duration': 12435715458, 'load_duration': 12015503652, 'prompt_eval_count': 611, 'prompt_eval_duration': 305844157, 'eval_count': 3, 'eval_duration': 22546331}
Response: Poorly
Analyzing frame 61/74...
Prompt: Given the scenario shown on the video, you think this situation ends well or poorly? (Use only one word to answer)
Image size: 54924 bytes
Response status code: 200
{'model': 'llava-llama3', 'created_at': '2025-12-06T22:37:13.146997655Z', 'message': {'role': 'assistant', 'content': 'Well'}, 'done': True, 'done_reason': 'stop', 'total_duration': 12505222228, 'load_duration': 12105009647, 'prompt_eval_count': 611, 'prompt_eval_duration': 303043444, 'eval_count': 2, 'eval_duration': 11602052}
Response: Well
Analyzing frame 62/74...
Prompt: Given the scenario shown on the video, you think this situation ends well or poorly? (Use only one word to answer)
Image size: 54920 bytes
Response status code: 200
{'model': 'llava-llama3', 'created_at': '2025-12-06T22:37:26.586491799Z', 'message': {'role': 'assistant', 'content': 'Well'}, 'done': True, 'done_reason': 'stop', 'total_duration': 12397995285, 'load_duration': 11977927967, 'prompt_eval_count': 611, 'prompt_eval_duration': 304462920, 'eval_count': 2, 'eval_duration': 11559061}
Response: Well
Analyzing frame 63/74...
Prompt: Given the scenario shown on the video, you think this situation ends well or poorly? (Use only one word to answer)
Image size: 54936 bytes
Response status code: 200
{'model': 'llava-llama3', 'created_at': '2025-12-06T22:37:40.099180882Z', 'message': {'role': 'assistant', 'content': 'Poorly'}, 'done': True, 'done_reason': 'stop', 'total_duration': 12473009091, 'load_duration': 12046994739, 'prompt_eval_count': 611, 'prompt_eval_duration': 303416644, 'eval_count': 3, 'eval_duration': 22773481}
Response: Poorly
Analyzing frame 64/74...
Prompt: Given the scenario shown on the video, you think this situation ends well or poorly? (Use only one word to answer)
Image size: 54952 bytes
Response status code: 200
{'model': 'llava-llama3', 'created_at': '2025-12-06T22:37:53.713977308Z', 'message': {'role': 'assistant', 'content': 'Poorly'}, 'done': True, 'done_reason': 'stop', 'total_duration': 12578626825, 'load_duration': 12160785479, 'prompt_eval_count': 611, 'prompt_eval_duration': 304716003, 'eval_count': 3, 'eval_duration': 22786320}
Response: Poorly
Analyzing frame 65/74...
Prompt: Given the scenario shown on the video, you think this situation ends well or poorly? (Use only one word to answer)
Image size: 54940 bytes
Response status code: 200
{'model': 'llava-llama3', 'created_at': '2025-12-06T22:38:07.297863617Z', 'message': {'role': 'assistant', 'content': 'Well'}, 'done': True, 'done_reason': 'stop', 'total_duration': 12545171021, 'load_duration': 12141171676, 'prompt_eval_count': 611, 'prompt_eval_duration': 302929706, 'eval_count': 2, 'eval_duration': 11840940}
Response: Well
Analyzing frame 66/74...
Prompt: Given the scenario shown on the video, you think this situation ends well or poorly? (Use only one word to answer)
Image size: 54928 bytes
Response status code: 200
{'model': 'llava-llama3', 'created_at': '2025-12-06T22:38:20.97523458Z', 'message': {'role': 'assistant', 'content': 'Well'}, 'done': True, 'done_reason': 'stop', 'total_duration': 12639429136, 'load_duration': 12207372005, 'prompt_eval_count': 611, 'prompt_eval_duration': 327152837, 'eval_count': 2, 'eval_duration': 11598322}
Response: Well
Analyzing frame 67/74...
Prompt: Given the scenario shown on the video, you think this situation ends well or poorly? (Use only one word to answer)
Image size: 54940 bytes
Response status code: 200
{'model': 'llava-llama3', 'created_at': '2025-12-06T22:38:34.862983237Z', 'message': {'role': 'assistant', 'content': 'Poorly'}, 'done': True, 'done_reason': 'stop', 'total_duration': 12867247964, 'load_duration': 12414371276, 'prompt_eval_count': 611, 'prompt_eval_duration': 320854927, 'eval_count': 3, 'eval_duration': 22641561}
Response: Poorly
Analyzing frame 68/74...
Prompt: Given the scenario shown on the video, you think this situation ends well or poorly? (Use only one word to answer)
Image size: 54940 bytes
Response status code: 200
{'model': 'llava-llama3', 'created_at': '2025-12-06T22:38:48.438295749Z', 'message': {'role': 'assistant', 'content': 'Poorly'}, 'done': True, 'done_reason': 'stop', 'total_duration': 12537381005, 'load_duration': 12121635788, 'prompt_eval_count': 611, 'prompt_eval_duration': 302648948, 'eval_count': 3, 'eval_duration': 22808187}
Response: Poorly
Analyzing frame 69/74...
Prompt: Given the scenario shown on the video, you think this situation ends well or poorly? (Use only one word to answer)
Image size: 54948 bytes
Response status code: 200
{'model': 'llava-llama3', 'created_at': '2025-12-06T22:39:01.995886915Z', 'message': {'role': 'assistant', 'content': 'Poorly'}, 'done': True, 'done_reason': 'stop', 'total_duration': 12519099322, 'load_duration': 12099879213, 'prompt_eval_count': 611, 'prompt_eval_duration': 303427606, 'eval_count': 3, 'eval_duration': 22801555}
Response: Poorly
Analyzing frame 70/74...
Prompt: Given the scenario shown on the video, you think this situation ends well or poorly? (Use only one word to answer)
Image size: 54928 bytes
Response status code: 200
{'model': 'llava-llama3', 'created_at': '2025-12-06T22:39:15.480280608Z', 'message': {'role': 'assistant', 'content': 'Well'}, 'done': True, 'done_reason': 'stop', 'total_duration': 12444797817, 'load_duration': 12027521824, 'prompt_eval_count': 611, 'prompt_eval_duration': 316305635, 'eval_count': 2, 'eval_duration': 11762056}
Response: Well
Analyzing frame 71/74...
Prompt: Given the scenario shown on the video, you think this situation ends well or poorly? (Use only one word to answer)
Image size: 54944 bytes
Response status code: 200
{'model': 'llava-llama3', 'created_at': '2025-12-06T22:39:29.151086316Z', 'message': {'role': 'assistant', 'content': 'Poorly'}, 'done': True, 'done_reason': 'stop', 'total_duration': 12631314087, 'load_duration': 12217273813, 'prompt_eval_count': 611, 'prompt_eval_duration': 303303005, 'eval_count': 3, 'eval_duration': 22690591}
Response: Poorly
Analyzing frame 72/74...
Prompt: Given the scenario shown on the video, you think this situation ends well or poorly? (Use only one word to answer)
Image size: 54968 bytes
Response status code: 200
{'model': 'llava-llama3', 'created_at': '2025-12-06T22:39:42.685144518Z', 'message': {'role': 'assistant', 'content': 'Well'}, 'done': True, 'done_reason': 'stop', 'total_duration': 12494931756, 'load_duration': 12079183748, 'prompt_eval_count': 611, 'prompt_eval_duration': 305427732, 'eval_count': 2, 'eval_duration': 12795639}
Response: Well
Analyzing frame 73/74...
Prompt: Given the scenario shown on the video, you think this situation ends well or poorly? (Use only one word to answer)
Image size: 54932 bytes
Response status code: 200
{'model': 'llava-llama3', 'created_at': '2025-12-06T22:39:56.146798361Z', 'message': {'role': 'assistant', 'content': 'Well'}, 'done': True, 'done_reason': 'stop', 'total_duration': 12439486737, 'load_duration': 12030671992, 'prompt_eval_count': 611, 'prompt_eval_duration': 306770740, 'eval_count': 2, 'eval_duration': 11605115}
Response: Well
Analyzing frame 74/74...
Prompt: Given the scenario shown on the video, you think this situation ends well or poorly? (Use only one word to answer)
Image size: 54932 bytes
Response status code: 200
{'model': 'llava-llama3', 'created_at': '2025-12-06T22:40:09.606686887Z', 'message': {'role': 'assistant', 'content': 'Poorly'}, 'done': True, 'done_reason': 'stop', 'total_duration': 12423222558, 'load_duration': 12008781177, 'prompt_eval_count': 611, 'prompt_eval_duration': 303276965, 'eval_count': 3, 'eval_duration': 22649649}
Response: Poorly
Final prediction for 33_final.mp4: Well

Results saved to ./results/results_llavallama3.csv
Total videos processed: 1184

==================================================
Processing video 13/30

Processing video: 34_final.mp4
Video info: 213 frames, 30.00 FPS, 7.10 seconds
Extracted 71 frames for analysis
Analyzing frame 1/71...
Prompt: Given the scenario shown on the video, you think this situation ends well or poorly? (Use only one word to answer)
Image size: 29156 bytes
Response status code: 200
{'model': 'llava-llama3', 'created_at': '2025-12-06T22:40:22.729461667Z', 'message': {'role': 'assistant', 'content': 'Well'}, 'done': True, 'done_reason': 'stop', 'total_duration': 9267318750, 'load_duration': 8849956490, 'prompt_eval_count': 611, 'prompt_eval_duration': 317446588, 'eval_count': 2, 'eval_duration': 11554676}
Response: Well
Analyzing frame 2/71...
Prompt: Given the scenario shown on the video, you think this situation ends well or poorly? (Use only one word to answer)
Image size: 29112 bytes
Response status code: 200
{'model': 'llava-llama3', 'created_at': '2025-12-06T22:40:36.598901476Z', 'message': {'role': 'assistant', 'content': 'Well'}, 'done': True, 'done_reason': 'stop', 'total_duration': 12828487093, 'load_duration': 12382204869, 'prompt_eval_count': 611, 'prompt_eval_duration': 324814456, 'eval_count': 2, 'eval_duration': 11794741}
Response: Well
Analyzing frame 3/71...
Prompt: Given the scenario shown on the video, you think this situation ends well or poorly? (Use only one word to answer)
Image size: 29344 bytes
Response status code: 200
{'model': 'llava-llama3', 'created_at': '2025-12-06T22:40:50.430710505Z', 'message': {'role': 'assistant', 'content': 'Well'}, 'done': True, 'done_reason': 'stop', 'total_duration': 12785504758, 'load_duration': 12381230663, 'prompt_eval_count': 611, 'prompt_eval_duration': 306547568, 'eval_count': 2, 'eval_duration': 11568439}
Response: Well
Analyzing frame 4/71...
Prompt: Given the scenario shown on the video, you think this situation ends well or poorly? (Use only one word to answer)
Image size: 29224 bytes
Response status code: 200
{'model': 'llava-llama3', 'created_at': '2025-12-06T22:41:04.231177425Z', 'message': {'role': 'assistant', 'content': 'Well'}, 'done': True, 'done_reason': 'stop', 'total_duration': 12761325393, 'load_duration': 12340809563, 'prompt_eval_count': 611, 'prompt_eval_duration': 308857090, 'eval_count': 2, 'eval_duration': 11581983}
Response: Well
Analyzing frame 5/71...
Prompt: Given the scenario shown on the video, you think this situation ends well or poorly? (Use only one word to answer)
Image size: 29484 bytes
Response status code: 200
{'model': 'llava-llama3', 'created_at': '2025-12-06T22:41:17.938772091Z', 'message': {'role': 'assistant', 'content': 'Well'}, 'done': True, 'done_reason': 'stop', 'total_duration': 12667771837, 'load_duration': 12261492230, 'prompt_eval_count': 611, 'prompt_eval_duration': 304786587, 'eval_count': 2, 'eval_duration': 11570267}
Response: Well
Analyzing frame 6/71...
Prompt: Given the scenario shown on the video, you think this situation ends well or poorly? (Use only one word to answer)
Image size: 29188 bytes
Response status code: 200
{'model': 'llava-llama3', 'created_at': '2025-12-06T22:41:31.319336225Z', 'message': {'role': 'assistant', 'content': 'Well'}, 'done': True, 'done_reason': 'stop', 'total_duration': 12341007748, 'load_duration': 11934184800, 'prompt_eval_count': 611, 'prompt_eval_duration': 304577222, 'eval_count': 2, 'eval_duration': 11952080}
Response: Well
Analyzing frame 7/71...
Prompt: Given the scenario shown on the video, you think this situation ends well or poorly? (Use only one word to answer)
Image size: 29420 bytes
Response status code: 200
{'model': 'llava-llama3', 'created_at': '2025-12-06T22:41:45.026146402Z', 'message': {'role': 'assistant', 'content': 'Well'}, 'done': True, 'done_reason': 'stop', 'total_duration': 12671569879, 'load_duration': 12255177400, 'prompt_eval_count': 611, 'prompt_eval_duration': 315866330, 'eval_count': 2, 'eval_duration': 11590219}
Response: Well
Analyzing frame 8/71...
Prompt: Given the scenario shown on the video, you think this situation ends well or poorly? (Use only one word to answer)
Image size: 29464 bytes
Response status code: 200
{'model': 'llava-llama3', 'created_at': '2025-12-06T22:41:58.761071666Z', 'message': {'role': 'assistant', 'content': 'Well'}, 'done': True, 'done_reason': 'stop', 'total_duration': 12698467447, 'load_duration': 12293728399, 'prompt_eval_count': 611, 'prompt_eval_duration': 302809630, 'eval_count': 2, 'eval_duration': 11599532}
Response: Well
Analyzing frame 9/71...
Prompt: Given the scenario shown on the video, you think this situation ends well or poorly? (Use only one word to answer)
Image size: 29500 bytes
Response status code: 200
{'model': 'llava-llama3', 'created_at': '2025-12-06T22:42:12.398056645Z', 'message': {'role': 'assistant', 'content': 'Well'}, 'done': True, 'done_reason': 'stop', 'total_duration': 12598169546, 'load_duration': 12179911697, 'prompt_eval_count': 611, 'prompt_eval_duration': 319387761, 'eval_count': 2, 'eval_duration': 11905102}
Response: Well
Analyzing frame 10/71...
Prompt: Given the scenario shown on the video, you think this situation ends well or poorly? (Use only one word to answer)
Image size: 29496 bytes
Response status code: 200
{'model': 'llava-llama3', 'created_at': '2025-12-06T22:42:25.863105464Z', 'message': {'role': 'assistant', 'content': 'Well'}, 'done': True, 'done_reason': 'stop', 'total_duration': 12425249648, 'load_duration': 12009807376, 'prompt_eval_count': 611, 'prompt_eval_duration': 303610202, 'eval_count': 2, 'eval_duration': 11600583}
Response: Well
Analyzing frame 11/71...
Prompt: Given the scenario shown on the video, you think this situation ends well or poorly? (Use only one word to answer)
Image size: 29472 bytes
Response status code: 200
{'model': 'llava-llama3', 'created_at': '2025-12-06T22:42:39.565276202Z', 'message': {'role': 'assistant', 'content': 'Well'}, 'done': True, 'done_reason': 'stop', 'total_duration': 12667695187, 'load_duration': 12237178171, 'prompt_eval_count': 611, 'prompt_eval_duration': 323700623, 'eval_count': 2, 'eval_duration': 11626547}
Response: Well
Analyzing frame 12/71...
Prompt: Given the scenario shown on the video, you think this situation ends well or poorly? (Use only one word to answer)
Image size: 34616 bytes
Response status code: 200
{'model': 'llava-llama3', 'created_at': '2025-12-06T22:42:52.777477123Z', 'message': {'role': 'assistant', 'content': 'Poorly'}, 'done': True, 'done_reason': 'stop', 'total_duration': 12175159030, 'load_duration': 11759946502, 'prompt_eval_count': 611, 'prompt_eval_duration': 304382945, 'eval_count': 3, 'eval_duration': 22986431}
Response: Poorly
Analyzing frame 13/71...
Prompt: Given the scenario shown on the video, you think this situation ends well or poorly? (Use only one word to answer)
Image size: 34944 bytes
Response status code: 200
{'model': 'llava-llama3', 'created_at': '2025-12-06T22:43:06.319927998Z', 'message': {'role': 'assistant', 'content': 'Poorly'}, 'done': True, 'done_reason': 'stop', 'total_duration': 12502459388, 'load_duration': 12052528681, 'prompt_eval_count': 611, 'prompt_eval_duration': 327234085, 'eval_count': 3, 'eval_duration': 22983964}
Response: Poorly
Analyzing frame 14/71...
Prompt: Given the scenario shown on the video, you think this situation ends well or poorly? (Use only one word to answer)
Image size: 35904 bytes
Response status code: 200
{'model': 'llava-llama3', 'created_at': '2025-12-06T22:43:19.851320064Z', 'message': {'role': 'assistant', 'content': 'Poorly'}, 'done': True, 'done_reason': 'stop', 'total_duration': 12506055108, 'load_duration': 12084366730, 'prompt_eval_count': 611, 'prompt_eval_duration': 303626853, 'eval_count': 3, 'eval_duration': 22629965}
Response: Poorly
Analyzing frame 15/71...
Prompt: Given the scenario shown on the video, you think this situation ends well or poorly? (Use only one word to answer)
Image size: 36040 bytes
Response status code: 200
{'model': 'llava-llama3', 'created_at': '2025-12-06T22:43:33.541292402Z', 'message': {'role': 'assistant', 'content': 'Poorly'}, 'done': True, 'done_reason': 'stop', 'total_duration': 12652626111, 'load_duration': 12238803290, 'prompt_eval_count': 611, 'prompt_eval_duration': 303974343, 'eval_count': 3, 'eval_duration': 22723733}
Response: Poorly
Analyzing frame 16/71...
Prompt: Given the scenario shown on the video, you think this situation ends well or poorly? (Use only one word to answer)
Image size: 36440 bytes
Response status code: 200
{'model': 'llava-llama3', 'created_at': '2025-12-06T22:43:46.954430377Z', 'message': {'role': 'assistant', 'content': 'Poorly'}, 'done': True, 'done_reason': 'stop', 'total_duration': 12374936621, 'load_duration': 11964763621, 'prompt_eval_count': 611, 'prompt_eval_duration': 302950201, 'eval_count': 3, 'eval_duration': 22691157}
Response: Poorly
Analyzing frame 17/71...
Prompt: Given the scenario shown on the video, you think this situation ends well or poorly? (Use only one word to answer)
Image size: 36472 bytes
Response status code: 200
{'model': 'llava-llama3', 'created_at': '2025-12-06T22:44:00.674802694Z', 'message': {'role': 'assistant', 'content': 'Poorly'}, 'done': True, 'done_reason': 'stop', 'total_duration': 12682779396, 'load_duration': 12253743479, 'prompt_eval_count': 611, 'prompt_eval_duration': 305312110, 'eval_count': 3, 'eval_duration': 22673151}
Response: Poorly
Analyzing frame 18/71...
Prompt: Given the scenario shown on the video, you think this situation ends well or poorly? (Use only one word to answer)
Image size: 36472 bytes
Response status code: 200
{'model': 'llava-llama3', 'created_at': '2025-12-06T22:44:14.279850039Z', 'message': {'role': 'assistant', 'content': 'Poorly'}, 'done': True, 'done_reason': 'stop', 'total_duration': 12567665379, 'load_duration': 12128375445, 'prompt_eval_count': 611, 'prompt_eval_duration': 325095461, 'eval_count': 3, 'eval_duration': 22969968}
Response: Poorly
Analyzing frame 19/71...
Prompt: Given the scenario shown on the video, you think this situation ends well or poorly? (Use only one word to answer)
Image size: 36448 bytes
Response status code: 200
{'model': 'llava-llama3', 'created_at': '2025-12-06T22:44:27.79128256Z', 'message': {'role': 'assistant', 'content': 'Poorly'}, 'done': True, 'done_reason': 'stop', 'total_duration': 12478209876, 'load_duration': 12018696285, 'prompt_eval_count': 611, 'prompt_eval_duration': 322830974, 'eval_count': 3, 'eval_duration': 22728996}
Response: Poorly
Analyzing frame 20/71...
Prompt: Given the scenario shown on the video, you think this situation ends well or poorly? (Use only one word to answer)
Image size: 36196 bytes
Response status code: 200
{'model': 'llava-llama3', 'created_at': '2025-12-06T22:44:41.400395342Z', 'message': {'role': 'assistant', 'content': 'Poorly'}, 'done': True, 'done_reason': 'stop', 'total_duration': 12569590346, 'load_duration': 12149609056, 'prompt_eval_count': 611, 'prompt_eval_duration': 305637870, 'eval_count': 3, 'eval_duration': 22687138}
Response: Poorly
Analyzing frame 21/71...
Prompt: Given the scenario shown on the video, you think this situation ends well or poorly? (Use only one word to answer)
Image size: 35836 bytes
Response status code: 200
{'model': 'llava-llama3', 'created_at': '2025-12-06T22:44:55.09179189Z', 'message': {'role': 'assistant', 'content': 'Poorly'}, 'done': True, 'done_reason': 'stop', 'total_duration': 12655622337, 'load_duration': 12213051805, 'prompt_eval_count': 611, 'prompt_eval_duration': 318018865, 'eval_count': 3, 'eval_duration': 22840385}
Response: Poorly
Analyzing frame 22/71...
Prompt: Given the scenario shown on the video, you think this situation ends well or poorly? (Use only one word to answer)
Image size: 35564 bytes
Response status code: 200
{'model': 'llava-llama3', 'created_at': '2025-12-06T22:45:08.433101865Z', 'message': {'role': 'assistant', 'content': 'Poorly'}, 'done': True, 'done_reason': 'stop', 'total_duration': 12303115301, 'load_duration': 11869155476, 'prompt_eval_count': 611, 'prompt_eval_duration': 305965219, 'eval_count': 3, 'eval_duration': 22654926}
Response: Poorly
Analyzing frame 23/71...
Prompt: Given the scenario shown on the video, you think this situation ends well or poorly? (Use only one word to answer)
Image size: 35680 bytes
Response status code: 200
{'model': 'llava-llama3', 'created_at': '2025-12-06T22:45:22.069998124Z', 'message': {'role': 'assistant', 'content': 'Poorly'}, 'done': True, 'done_reason': 'stop', 'total_duration': 12594981399, 'load_duration': 12160921658, 'prompt_eval_count': 611, 'prompt_eval_duration': 317956359, 'eval_count': 3, 'eval_duration': 22797565}
Response: Poorly
Analyzing frame 24/71...
Prompt: Given the scenario shown on the video, you think this situation ends well or poorly? (Use only one word to answer)
Image size: 35796 bytes
Response status code: 200
{'model': 'llava-llama3', 'created_at': '2025-12-06T22:45:35.65197255Z', 'message': {'role': 'assistant', 'content': 'Poorly'}, 'done': True, 'done_reason': 'stop', 'total_duration': 12547072191, 'load_duration': 12103466051, 'prompt_eval_count': 611, 'prompt_eval_duration': 324192975, 'eval_count': 3, 'eval_duration': 22930807}
Response: Poorly
Analyzing frame 25/71...
Prompt: Given the scenario shown on the video, you think this situation ends well or poorly? (Use only one word to answer)
Image size: 35844 bytes
Response status code: 200
{'model': 'llava-llama3', 'created_at': '2025-12-06T22:45:49.209404882Z', 'message': {'role': 'assistant', 'content': 'Poorly'}, 'done': True, 'done_reason': 'stop', 'total_duration': 12520484699, 'load_duration': 12089716910, 'prompt_eval_count': 611, 'prompt_eval_duration': 319046213, 'eval_count': 3, 'eval_duration': 22647699}
Response: Poorly
Analyzing frame 26/71...
Prompt: Given the scenario shown on the video, you think this situation ends well or poorly? (Use only one word to answer)
Image size: 36020 bytes
Response status code: 200
{'model': 'llava-llama3', 'created_at': '2025-12-06T22:46:02.817910583Z', 'message': {'role': 'assistant', 'content': 'Poorly'}, 'done': True, 'done_reason': 'stop', 'total_duration': 12567768934, 'load_duration': 12139840527, 'prompt_eval_count': 611, 'prompt_eval_duration': 312875110, 'eval_count': 3, 'eval_duration': 24344082}
Response: Poorly
Analyzing frame 27/71...
Prompt: Given the scenario shown on the video, you think this situation ends well or poorly? (Use only one word to answer)
Image size: 36112 bytes
Response status code: 200
{'model': 'llava-llama3', 'created_at': '2025-12-06T22:46:16.324061217Z', 'message': {'role': 'assistant', 'content': 'Poorly'}, 'done': True, 'done_reason': 'stop', 'total_duration': 12468874381, 'load_duration': 12058474567, 'prompt_eval_count': 611, 'prompt_eval_duration': 302449078, 'eval_count': 3, 'eval_duration': 23043413}
Response: Poorly
Analyzing frame 28/71...
Prompt: Given the scenario shown on the video, you think this situation ends well or poorly? (Use only one word to answer)
Image size: 36340 bytes
Response status code: 200
{'model': 'llava-llama3', 'created_at': '2025-12-06T22:46:30.191181246Z', 'message': {'role': 'assistant', 'content': 'Poorly'}, 'done': True, 'done_reason': 'stop', 'total_duration': 12826832545, 'load_duration': 12406524669, 'prompt_eval_count': 611, 'prompt_eval_duration': 307666429, 'eval_count': 3, 'eval_duration': 22604818}
Response: Poorly
Analyzing frame 29/71...
Prompt: Given the scenario shown on the video, you think this situation ends well or poorly? (Use only one word to answer)
Image size: 36172 bytes
Response status code: 200
{'model': 'llava-llama3', 'created_at': '2025-12-06T22:46:43.69914158Z', 'message': {'role': 'assistant', 'content': 'Poorly'}, 'done': True, 'done_reason': 'stop', 'total_duration': 12473191496, 'load_duration': 12059200437, 'prompt_eval_count': 611, 'prompt_eval_duration': 302781984, 'eval_count': 3, 'eval_duration': 22620519}
Response: Poorly
Analyzing frame 30/71...
Prompt: Given the scenario shown on the video, you think this situation ends well or poorly? (Use only one word to answer)
Image size: 36696 bytes
Response status code: 200
{'model': 'llava-llama3', 'created_at': '2025-12-06T22:46:57.57284296Z', 'message': {'role': 'assistant', 'content': 'Poorly'}, 'done': True, 'done_reason': 'stop', 'total_duration': 12835403590, 'load_duration': 12410907321, 'prompt_eval_count': 611, 'prompt_eval_duration': 305679747, 'eval_count': 3, 'eval_duration': 22879331}
Response: Poorly
Analyzing frame 31/71...
Prompt: Given the scenario shown on the video, you think this situation ends well or poorly? (Use only one word to answer)
Image size: 37680 bytes
Response status code: 200
{'model': 'llava-llama3', 'created_at': '2025-12-06T22:47:10.933808867Z', 'message': {'role': 'assistant', 'content': 'Poorly'}, 'done': True, 'done_reason': 'stop', 'total_duration': 12322728829, 'load_duration': 11905951936, 'prompt_eval_count': 611, 'prompt_eval_duration': 305095038, 'eval_count': 3, 'eval_duration': 22635818}
Response: Poorly
Analyzing frame 32/71...
Prompt: Given the scenario shown on the video, you think this situation ends well or poorly? (Use only one word to answer)
Image size: 38592 bytes
Response status code: 200
{'model': 'llava-llama3', 'created_at': '2025-12-06T22:47:24.572576768Z', 'message': {'role': 'assistant', 'content': 'Poorly'}, 'done': True, 'done_reason': 'stop', 'total_duration': 12612563135, 'load_duration': 12188000316, 'prompt_eval_count': 611, 'prompt_eval_duration': 303819639, 'eval_count': 3, 'eval_duration': 22762394}
Response: Poorly
Analyzing frame 33/71...
Prompt: Given the scenario shown on the video, you think this situation ends well or poorly? (Use only one word to answer)
Image size: 39220 bytes
Response status code: 200
{'model': 'llava-llama3', 'created_at': '2025-12-06T22:47:38.167370023Z', 'message': {'role': 'assistant', 'content': 'Poorly'}, 'done': True, 'done_reason': 'stop', 'total_duration': 12555129708, 'load_duration': 12106376033, 'prompt_eval_count': 611, 'prompt_eval_duration': 311931249, 'eval_count': 3, 'eval_duration': 25649910}
Response: Poorly
Analyzing frame 34/71...
Prompt: Given the scenario shown on the video, you think this situation ends well or poorly? (Use only one word to answer)
Image size: 39636 bytes
Response status code: 200
{'model': 'llava-llama3', 'created_at': '2025-12-06T22:47:51.501138353Z', 'message': {'role': 'assistant', 'content': 'Poorly'}, 'done': True, 'done_reason': 'stop', 'total_duration': 12296032809, 'load_duration': 11847362821, 'prompt_eval_count': 611, 'prompt_eval_duration': 320705934, 'eval_count': 3, 'eval_duration': 22716391}
Response: Poorly
Analyzing frame 35/71...
Prompt: Given the scenario shown on the video, you think this situation ends well or poorly? (Use only one word to answer)
Image size: 39728 bytes
Response status code: 200
{'model': 'llava-llama3', 'created_at': '2025-12-06T22:48:05.279445401Z', 'message': {'role': 'assistant', 'content': 'Poorly'}, 'done': True, 'done_reason': 'stop', 'total_duration': 12738769168, 'load_duration': 12322937799, 'prompt_eval_count': 611, 'prompt_eval_duration': 302512792, 'eval_count': 3, 'eval_duration': 22985448}
Response: Poorly
Analyzing frame 36/71...
Prompt: Given the scenario shown on the video, you think this situation ends well or poorly? (Use only one word to answer)
Image size: 40960 bytes
Response status code: 200
{'model': 'llava-llama3', 'created_at': '2025-12-06T22:48:18.659083308Z', 'message': {'role': 'assistant', 'content': 'Poorly'}, 'done': True, 'done_reason': 'stop', 'total_duration': 12338850824, 'load_duration': 11918843004, 'prompt_eval_count': 611, 'prompt_eval_duration': 304321456, 'eval_count': 3, 'eval_duration': 22608874}
Response: Poorly
Analyzing frame 37/71...
Prompt: Given the scenario shown on the video, you think this situation ends well or poorly? (Use only one word to answer)
Image size: 41232 bytes
Response status code: 200
{'model': 'llava-llama3', 'created_at': '2025-12-06T22:48:32.337665258Z', 'message': {'role': 'assistant', 'content': 'Poorly'}, 'done': True, 'done_reason': 'stop', 'total_duration': 12637403599, 'load_duration': 12205968953, 'prompt_eval_count': 611, 'prompt_eval_duration': 314892012, 'eval_count': 3, 'eval_duration': 22698469}
Response: Poorly
Analyzing frame 38/71...
Prompt: Given the scenario shown on the video, you think this situation ends well or poorly? (Use only one word to answer)
Image size: 41100 bytes
Response status code: 200
{'model': 'llava-llama3', 'created_at': '2025-12-06T22:48:45.671457156Z', 'message': {'role': 'assistant', 'content': 'Poorly'}, 'done': True, 'done_reason': 'stop', 'total_duration': 12297208552, 'load_duration': 11883143995, 'prompt_eval_count': 611, 'prompt_eval_duration': 303809451, 'eval_count': 3, 'eval_duration': 22813427}
Response: Poorly
Analyzing frame 39/71...
Prompt: Given the scenario shown on the video, you think this situation ends well or poorly? (Use only one word to answer)
Image size: 40668 bytes
Response status code: 200
{'model': 'llava-llama3', 'created_at': '2025-12-06T22:48:59.034519803Z', 'message': {'role': 'assistant', 'content': 'Poorly'}, 'done': True, 'done_reason': 'stop', 'total_duration': 12326470353, 'load_duration': 11905418363, 'prompt_eval_count': 611, 'prompt_eval_duration': 305524106, 'eval_count': 3, 'eval_duration': 22788902}
Response: Poorly
Analyzing frame 40/71...
Prompt: Given the scenario shown on the video, you think this situation ends well or poorly? (Use only one word to answer)
Image size: 41076 bytes
Response status code: 200
{'model': 'llava-llama3', 'created_at': '2025-12-06T22:49:12.688629809Z', 'message': {'role': 'assistant', 'content': 'Poorly'}, 'done': True, 'done_reason': 'stop', 'total_duration': 12618307183, 'load_duration': 12201215713, 'prompt_eval_count': 611, 'prompt_eval_duration': 302827837, 'eval_count': 3, 'eval_duration': 22689033}
Response: Poorly
Analyzing frame 41/71...
Prompt: Given the scenario shown on the video, you think this situation ends well or poorly? (Use only one word to answer)
Image size: 41320 bytes
Response status code: 200
{'model': 'llava-llama3', 'created_at': '2025-12-06T22:49:26.172803354Z', 'message': {'role': 'assistant', 'content': 'Poorly'}, 'done': True, 'done_reason': 'stop', 'total_duration': 12455256365, 'load_duration': 12020962419, 'prompt_eval_count': 611, 'prompt_eval_duration': 321352234, 'eval_count': 3, 'eval_duration': 22705919}
Response: Poorly
Analyzing frame 42/71...
Prompt: Given the scenario shown on the video, you think this situation ends well or poorly? (Use only one word to answer)
Image size: 42276 bytes
Response status code: 200
{'model': 'llava-llama3', 'created_at': '2025-12-06T22:49:39.852817127Z', 'message': {'role': 'assistant', 'content': 'Poorly'}, 'done': True, 'done_reason': 'stop', 'total_duration': 12663623320, 'load_duration': 12248295561, 'prompt_eval_count': 611, 'prompt_eval_duration': 305759928, 'eval_count': 3, 'eval_duration': 23114658}
Response: Poorly
Analyzing frame 43/71...
Prompt: Given the scenario shown on the video, you think this situation ends well or poorly? (Use only one word to answer)
Image size: 42240 bytes
Response status code: 200
{'model': 'llava-llama3', 'created_at': '2025-12-06T22:49:53.374759187Z', 'message': {'role': 'assistant', 'content': 'Poorly'}, 'done': True, 'done_reason': 'stop', 'total_duration': 12484447453, 'load_duration': 12063498126, 'prompt_eval_count': 611, 'prompt_eval_duration': 305286763, 'eval_count': 3, 'eval_duration': 22927959}
Response: Poorly
Analyzing frame 44/71...
Prompt: Given the scenario shown on the video, you think this situation ends well or poorly? (Use only one word to answer)
Image size: 42252 bytes
Response status code: 200
{'model': 'llava-llama3', 'created_at': '2025-12-06T22:50:06.96729336Z', 'message': {'role': 'assistant', 'content': 'Poorly'}, 'done': True, 'done_reason': 'stop', 'total_duration': 12555892920, 'load_duration': 12127933698, 'prompt_eval_count': 611, 'prompt_eval_duration': 304228592, 'eval_count': 3, 'eval_duration': 23103615}
Response: Poorly
Analyzing frame 45/71...
Prompt: Given the scenario shown on the video, you think this situation ends well or poorly? (Use only one word to answer)
Image size: 42260 bytes
Response status code: 200
{'model': 'llava-llama3', 'created_at': '2025-12-06T22:50:20.257415162Z', 'message': {'role': 'assistant', 'content': 'Poorly'}, 'done': True, 'done_reason': 'stop', 'total_duration': 12254548966, 'load_duration': 11825774310, 'prompt_eval_count': 611, 'prompt_eval_duration': 316461667, 'eval_count': 3, 'eval_duration': 22658073}
Response: Poorly
Analyzing frame 46/71...
Prompt: Given the scenario shown on the video, you think this situation ends well or poorly? (Use only one word to answer)
Image size: 42276 bytes
Response status code: 200
{'model': 'llava-llama3', 'created_at': '2025-12-06T22:50:33.845937074Z', 'message': {'role': 'assistant', 'content': 'Poorly'}, 'done': True, 'done_reason': 'stop', 'total_duration': 12552607721, 'load_duration': 12108017179, 'prompt_eval_count': 611, 'prompt_eval_duration': 318012771, 'eval_count': 3, 'eval_duration': 22605300}
Response: Poorly
Analyzing frame 47/71...
Prompt: Given the scenario shown on the video, you think this situation ends well or poorly? (Use only one word to answer)
Image size: 42256 bytes
Response status code: 200
{'model': 'llava-llama3', 'created_at': '2025-12-06T22:50:47.23867245Z', 'message': {'role': 'assistant', 'content': 'Poorly'}, 'done': True, 'done_reason': 'stop', 'total_duration': 12355570544, 'load_duration': 11918831859, 'prompt_eval_count': 611, 'prompt_eval_duration': 304991488, 'eval_count': 3, 'eval_duration': 23051400}
Response: Poorly
Analyzing frame 48/71...
Prompt: Given the scenario shown on the video, you think this situation ends well or poorly? (Use only one word to answer)
Image size: 42272 bytes
Response status code: 200
{'model': 'llava-llama3', 'created_at': '2025-12-06T22:51:00.830833766Z', 'message': {'role': 'assistant', 'content': 'Poorly'}, 'done': True, 'done_reason': 'stop', 'total_duration': 12551469375, 'load_duration': 12132409220, 'prompt_eval_count': 611, 'prompt_eval_duration': 306046017, 'eval_count': 3, 'eval_duration': 23136578}
Response: Poorly
Analyzing frame 49/71...
Prompt: Given the scenario shown on the video, you think this situation ends well or poorly? (Use only one word to answer)
Image size: 42228 bytes
Response status code: 200
{'model': 'llava-llama3', 'created_at': '2025-12-06T22:51:14.569744442Z', 'message': {'role': 'assistant', 'content': 'Poorly'}, 'done': True, 'done_reason': 'stop', 'total_duration': 12702736847, 'load_duration': 12265029350, 'prompt_eval_count': 611, 'prompt_eval_duration': 306694919, 'eval_count': 3, 'eval_duration': 22647703}
Response: Poorly
Analyzing frame 50/71...
Prompt: Given the scenario shown on the video, you think this situation ends well or poorly? (Use only one word to answer)
Image size: 42272 bytes
Response status code: 200
{'model': 'llava-llama3', 'created_at': '2025-12-06T22:51:28.033608966Z', 'message': {'role': 'assistant', 'content': 'Poorly'}, 'done': True, 'done_reason': 'stop', 'total_duration': 12424375429, 'load_duration': 12006271527, 'prompt_eval_count': 611, 'prompt_eval_duration': 306224248, 'eval_count': 3, 'eval_duration': 22886569}
Response: Poorly
Analyzing frame 51/71...
Prompt: Given the scenario shown on the video, you think this situation ends well or poorly? (Use only one word to answer)
Image size: 42224 bytes
Response status code: 200
{'model': 'llava-llama3', 'created_at': '2025-12-06T22:51:42.249154399Z', 'message': {'role': 'assistant', 'content': 'Poorly'}, 'done': True, 'done_reason': 'stop', 'total_duration': 13178542932, 'load_duration': 12764902338, 'prompt_eval_count': 611, 'prompt_eval_duration': 311305535, 'eval_count': 3, 'eval_duration': 23432319}
Response: Poorly
Analyzing frame 52/71...
Prompt: Given the scenario shown on the video, you think this situation ends well or poorly? (Use only one word to answer)
Image size: 42276 bytes
Response status code: 200
{'model': 'llava-llama3', 'created_at': '2025-12-06T22:51:49.7500741Z', 'message': {'role': 'assistant', 'content': 'Poorly'}, 'done': True, 'done_reason': 'stop', 'total_duration': 6468884085, 'load_duration': 6051390297, 'prompt_eval_count': 611, 'prompt_eval_duration': 304309220, 'eval_count': 3, 'eval_duration': 22681551}
Response: Poorly
Analyzing frame 53/71...
Prompt: Given the scenario shown on the video, you think this situation ends well or poorly? (Use only one word to answer)
Image size: 42256 bytes
Response status code: 200
{'model': 'llava-llama3', 'created_at': '2025-12-06T22:52:03.678244844Z', 'message': {'role': 'assistant', 'content': 'Poorly'}, 'done': True, 'done_reason': 'stop', 'total_duration': 12890707165, 'load_duration': 12468689499, 'prompt_eval_count': 611, 'prompt_eval_duration': 319621113, 'eval_count': 3, 'eval_duration': 23322806}
Response: Poorly
Analyzing frame 54/71...
Prompt: Given the scenario shown on the video, you think this situation ends well or poorly? (Use only one word to answer)
Image size: 42256 bytes
Response status code: 200
{'model': 'llava-llama3', 'created_at': '2025-12-06T22:52:04.97067753Z', 'message': {'role': 'assistant', 'content': 'Poorly'}, 'done': True, 'done_reason': 'stop', 'total_duration': 266232733, 'load_duration': 224299832, 'prompt_eval_count': 611, 'prompt_eval_duration': 11227404, 'eval_count': 3, 'eval_duration': 22070471}
Response: Poorly
Analyzing frame 55/71...
Prompt: Given the scenario shown on the video, you think this situation ends well or poorly? (Use only one word to answer)
Image size: 42268 bytes
Response status code: 200
{'model': 'llava-llama3', 'created_at': '2025-12-06T22:52:14.140326795Z', 'message': {'role': 'assistant', 'content': 'Poorly'}, 'done': True, 'done_reason': 'stop', 'total_duration': 8143051911, 'load_duration': 7722137842, 'prompt_eval_count': 611, 'prompt_eval_duration': 303996168, 'eval_count': 3, 'eval_duration': 22709952}
Response: Poorly
Analyzing frame 56/71...
Prompt: Given the scenario shown on the video, you think this situation ends well or poorly? (Use only one word to answer)
Image size: 42256 bytes
Response status code: 200
{'model': 'llava-llama3', 'created_at': '2025-12-06T22:52:27.719302073Z', 'message': {'role': 'assistant', 'content': 'Poorly'}, 'done': True, 'done_reason': 'stop', 'total_duration': 12541796010, 'load_duration': 12126416499, 'prompt_eval_count': 611, 'prompt_eval_duration': 303487975, 'eval_count': 3, 'eval_duration': 22808705}
Response: Poorly
Analyzing frame 57/71...
Prompt: Given the scenario shown on the video, you think this situation ends well or poorly? (Use only one word to answer)
Image size: 42256 bytes
Response status code: 200
{'model': 'llava-llama3', 'created_at': '2025-12-06T22:52:41.16203448Z', 'message': {'role': 'assistant', 'content': 'Poorly'}, 'done': True, 'done_reason': 'stop', 'total_duration': 12400919581, 'load_duration': 11953248188, 'prompt_eval_count': 611, 'prompt_eval_duration': 317771791, 'eval_count': 3, 'eval_duration': 22558426}
Response: Poorly
Analyzing frame 58/71...
Prompt: Given the scenario shown on the video, you think this situation ends well or poorly? (Use only one word to answer)
Image size: 42256 bytes
Response status code: 200
{'model': 'llava-llama3', 'created_at': '2025-12-06T22:52:54.612843362Z', 'message': {'role': 'assistant', 'content': 'Poorly'}, 'done': True, 'done_reason': 'stop', 'total_duration': 12408931557, 'load_duration': 11979636257, 'prompt_eval_count': 611, 'prompt_eval_duration': 302596051, 'eval_count': 3, 'eval_duration': 22545270}
Response: Poorly
Analyzing frame 59/71...
Prompt: Given the scenario shown on the video, you think this situation ends well or poorly? (Use only one word to answer)
Image size: 42248 bytes
Response status code: 200
{'model': 'llava-llama3', 'created_at': '2025-12-06T22:53:08.224723248Z', 'message': {'role': 'assistant', 'content': 'Poorly'}, 'done': True, 'done_reason': 'stop', 'total_duration': 12574491748, 'load_duration': 12159995393, 'prompt_eval_count': 611, 'prompt_eval_duration': 303914729, 'eval_count': 3, 'eval_duration': 22634507}
Response: Poorly
Analyzing frame 60/71...
Prompt: Given the scenario shown on the video, you think this situation ends well or poorly? (Use only one word to answer)
Image size: 42272 bytes
Response status code: 200
{'model': 'llava-llama3', 'created_at': '2025-12-06T22:53:21.815869196Z', 'message': {'role': 'assistant', 'content': 'Poorly'}, 'done': True, 'done_reason': 'stop', 'total_duration': 12543536825, 'load_duration': 12108973478, 'prompt_eval_count': 611, 'prompt_eval_duration': 318628167, 'eval_count': 3, 'eval_duration': 22597140}
Response: Poorly
Analyzing frame 61/71...
Prompt: Given the scenario shown on the video, you think this situation ends well or poorly? (Use only one word to answer)
Image size: 42272 bytes
Response status code: 200
{'model': 'llava-llama3', 'created_at': '2025-12-06T22:53:35.406529475Z', 'message': {'role': 'assistant', 'content': 'Poorly'}, 'done': True, 'done_reason': 'stop', 'total_duration': 12571099460, 'load_duration': 12136698072, 'prompt_eval_count': 611, 'prompt_eval_duration': 319115246, 'eval_count': 3, 'eval_duration': 22656375}
Response: Poorly
Analyzing frame 62/71...
Prompt: Given the scenario shown on the video, you think this situation ends well or poorly? (Use only one word to answer)
Image size: 42292 bytes
Response status code: 200
{'model': 'llava-llama3', 'created_at': '2025-12-06T22:53:49.096015626Z', 'message': {'role': 'assistant', 'content': 'Poorly'}, 'done': True, 'done_reason': 'stop', 'total_duration': 12667806149, 'load_duration': 12245568598, 'prompt_eval_count': 611, 'prompt_eval_duration': 303317599, 'eval_count': 3, 'eval_duration': 24205468}
Response: Poorly
Analyzing frame 63/71...
Prompt: Given the scenario shown on the video, you think this situation ends well or poorly? (Use only one word to answer)
Image size: 42280 bytes
Response status code: 200
{'model': 'llava-llama3', 'created_at': '2025-12-06T22:54:02.60409484Z', 'message': {'role': 'assistant', 'content': 'Poorly'}, 'done': True, 'done_reason': 'stop', 'total_duration': 12474343754, 'load_duration': 12035344902, 'prompt_eval_count': 611, 'prompt_eval_duration': 308261040, 'eval_count': 3, 'eval_duration': 22606047}
Response: Poorly
Analyzing frame 64/71...
Prompt: Given the scenario shown on the video, you think this situation ends well or poorly? (Use only one word to answer)
Image size: 42276 bytes
Response status code: 200
{'model': 'llava-llama3', 'created_at': '2025-12-06T22:54:16.120076391Z', 'message': {'role': 'assistant', 'content': 'Poorly'}, 'done': True, 'done_reason': 'stop', 'total_duration': 12478565570, 'load_duration': 12046372302, 'prompt_eval_count': 611, 'prompt_eval_duration': 316974092, 'eval_count': 3, 'eval_duration': 22943304}
Response: Poorly
Analyzing frame 65/71...
Prompt: Given the scenario shown on the video, you think this situation ends well or poorly? (Use only one word to answer)
Image size: 42264 bytes
Response status code: 200
{'model': 'llava-llama3', 'created_at': '2025-12-06T22:54:29.695556478Z', 'message': {'role': 'assistant', 'content': 'Poorly'}, 'done': True, 'done_reason': 'stop', 'total_duration': 12538720117, 'load_duration': 12100724814, 'prompt_eval_count': 611, 'prompt_eval_duration': 319487776, 'eval_count': 3, 'eval_duration': 24220775}
Response: Poorly
Analyzing frame 66/71...
Prompt: Given the scenario shown on the video, you think this situation ends well or poorly? (Use only one word to answer)
Image size: 42256 bytes
Response status code: 200
{'model': 'llava-llama3', 'created_at': '2025-12-06T22:54:43.147846177Z', 'message': {'role': 'assistant', 'content': 'Poorly'}, 'done': True, 'done_reason': 'stop', 'total_duration': 12417445977, 'load_duration': 11981316519, 'prompt_eval_count': 611, 'prompt_eval_duration': 320996785, 'eval_count': 3, 'eval_duration': 23316651}
Response: Poorly
Analyzing frame 67/71...
Prompt: Given the scenario shown on the video, you think this situation ends well or poorly? (Use only one word to answer)
Image size: 42248 bytes
Response status code: 200
{'model': 'llava-llama3', 'created_at': '2025-12-06T22:54:56.668653532Z', 'message': {'role': 'assistant', 'content': 'Poorly'}, 'done': True, 'done_reason': 'stop', 'total_duration': 12481813821, 'load_duration': 12043106943, 'prompt_eval_count': 611, 'prompt_eval_duration': 318436361, 'eval_count': 3, 'eval_duration': 24254329}
Response: Poorly
Analyzing frame 68/71...
Prompt: Given the scenario shown on the video, you think this situation ends well or poorly? (Use only one word to answer)
Image size: 42248 bytes
Response status code: 200
{'model': 'llava-llama3', 'created_at': '2025-12-06T22:55:10.220491552Z', 'message': {'role': 'assistant', 'content': 'Poorly'}, 'done': True, 'done_reason': 'stop', 'total_duration': 12514690275, 'load_duration': 12084259565, 'prompt_eval_count': 611, 'prompt_eval_duration': 318985549, 'eval_count': 3, 'eval_duration': 23102405}
Response: Poorly
Analyzing frame 69/71...
Prompt: Given the scenario shown on the video, you think this situation ends well or poorly? (Use only one word to answer)
Image size: 42240 bytes
Response status code: 200
{'model': 'llava-llama3', 'created_at': '2025-12-06T22:55:23.852359149Z', 'message': {'role': 'assistant', 'content': 'Poorly'}, 'done': True, 'done_reason': 'stop', 'total_duration': 12591312304, 'load_duration': 12161000319, 'prompt_eval_count': 611, 'prompt_eval_duration': 316437767, 'eval_count': 3, 'eval_duration': 22648814}
Response: Poorly
Analyzing frame 70/71...
Prompt: Given the scenario shown on the video, you think this situation ends well or poorly? (Use only one word to answer)
Image size: 42284 bytes
Response status code: 200
{'model': 'llava-llama3', 'created_at': '2025-12-06T22:55:37.301606055Z', 'message': {'role': 'assistant', 'content': 'Poorly'}, 'done': True, 'done_reason': 'stop', 'total_duration': 12411300038, 'load_duration': 11978610029, 'prompt_eval_count': 611, 'prompt_eval_duration': 314111888, 'eval_count': 3, 'eval_duration': 22738816}
Response: Poorly
Analyzing frame 71/71...
Prompt: Given the scenario shown on the video, you think this situation ends well or poorly? (Use only one word to answer)
Image size: 42288 bytes
Response status code: 200
{'model': 'llava-llama3', 'created_at': '2025-12-06T22:55:50.847614849Z', 'message': {'role': 'assistant', 'content': 'Poorly'}, 'done': True, 'done_reason': 'stop', 'total_duration': 12509035506, 'load_duration': 12056324900, 'prompt_eval_count': 611, 'prompt_eval_duration': 320564698, 'eval_count': 3, 'eval_duration': 22629122}
Response: Poorly
Final prediction for 34_final.mp4: Well

Results saved to ./results/results_llavallama3.csv
Total videos processed: 1255

==================================================
Processing video 14/30

Processing video: 40_final.mp4
Video info: 252 frames, 30.00 FPS, 8.40 seconds
Extracted 84 frames for analysis
Analyzing frame 1/84...
Prompt: Given the scenario shown on the video, you think this situation ends well or poorly? (Use only one word to answer)
Image size: 23524 bytes
Response status code: 200
{'model': 'llava-llama3', 'created_at': '2025-12-06T22:56:04.683161807Z', 'message': {'role': 'assistant', 'content': 'Well'}, 'done': True, 'done_reason': 'stop', 'total_duration': 9440940738, 'load_duration': 9002872801, 'prompt_eval_count': 611, 'prompt_eval_duration': 318465173, 'eval_count': 2, 'eval_duration': 11930663}
Response: Well
Analyzing frame 2/84...
Prompt: Given the scenario shown on the video, you think this situation ends well or poorly? (Use only one word to answer)
Image size: 23560 bytes
Response status code: 200
{'model': 'llava-llama3', 'created_at': '2025-12-06T22:56:18.087645922Z', 'message': {'role': 'assistant', 'content': 'Well'}, 'done': True, 'done_reason': 'stop', 'total_duration': 12356745549, 'load_duration': 11934086206, 'prompt_eval_count': 611, 'prompt_eval_duration': 319750555, 'eval_count': 2, 'eval_duration': 11583826}
Response: Well
Analyzing frame 3/84...
Prompt: Given the scenario shown on the video, you think this situation ends well or poorly? (Use only one word to answer)
Image size: 23524 bytes
Response status code: 200
{'model': 'llava-llama3', 'created_at': '2025-12-06T22:56:31.52912425Z', 'message': {'role': 'assistant', 'content': 'Well'}, 'done': True, 'done_reason': 'stop', 'total_duration': 12402586686, 'load_duration': 11986031722, 'prompt_eval_count': 611, 'prompt_eval_duration': 303907565, 'eval_count': 2, 'eval_duration': 11835224}
Response: Well
Analyzing frame 4/84...
Prompt: Given the scenario shown on the video, you think this situation ends well or poorly? (Use only one word to answer)
Image size: 23584 bytes
Response status code: 200
{'model': 'llava-llama3', 'created_at': '2025-12-06T22:56:45.149604963Z', 'message': {'role': 'assistant', 'content': 'Well'}, 'done': True, 'done_reason': 'stop', 'total_duration': 12583813999, 'load_duration': 12167212722, 'prompt_eval_count': 611, 'prompt_eval_duration': 305183826, 'eval_count': 2, 'eval_duration': 12219749}
Response: Well
Analyzing frame 5/84...
Prompt: Given the scenario shown on the video, you think this situation ends well or poorly? (Use only one word to answer)
Image size: 23568 bytes
Response status code: 200
{'model': 'llava-llama3', 'created_at': '2025-12-06T22:56:58.580749753Z', 'message': {'role': 'assistant', 'content': 'Well'}, 'done': True, 'done_reason': 'stop', 'total_duration': 12397964383, 'load_duration': 11975382743, 'prompt_eval_count': 611, 'prompt_eval_duration': 315939359, 'eval_count': 2, 'eval_duration': 11954369}
Response: Well
Analyzing frame 6/84...
Prompt: Given the scenario shown on the video, you think this situation ends well or poorly? (Use only one word to answer)
Image size: 23592 bytes
Response status code: 200
{'model': 'llava-llama3', 'created_at': '2025-12-06T22:57:12.126828548Z', 'message': {'role': 'assistant', 'content': 'Well'}, 'done': True, 'done_reason': 'stop', 'total_duration': 12501976448, 'load_duration': 12101594985, 'prompt_eval_count': 611, 'prompt_eval_duration': 304838870, 'eval_count': 2, 'eval_duration': 11570412}
Response: Well
Analyzing frame 7/84...
Prompt: Given the scenario shown on the video, you think this situation ends well or poorly? (Use only one word to answer)
Image size: 23580 bytes
Response status code: 200
{'model': 'llava-llama3', 'created_at': '2025-12-06T22:57:25.685156922Z', 'message': {'role': 'assistant', 'content': 'Well'}, 'done': True, 'done_reason': 'stop', 'total_duration': 12518451415, 'load_duration': 12118344245, 'prompt_eval_count': 611, 'prompt_eval_duration': 303804693, 'eval_count': 2, 'eval_duration': 11917726}
Response: Well
Analyzing frame 8/84...
Prompt: Given the scenario shown on the video, you think this situation ends well or poorly? (Use only one word to answer)
Image size: 23584 bytes
Response status code: 200
{'model': 'llava-llama3', 'created_at': '2025-12-06T22:57:39.501808103Z', 'message': {'role': 'assistant', 'content': 'Well'}, 'done': True, 'done_reason': 'stop', 'total_duration': 12780034481, 'load_duration': 12369747444, 'prompt_eval_count': 611, 'prompt_eval_duration': 305259943, 'eval_count': 2, 'eval_duration': 11646277}
Response: Well
Analyzing frame 9/84...
Prompt: Given the scenario shown on the video, you think this situation ends well or poorly? (Use only one word to answer)
Image size: 23564 bytes
Response status code: 200
{'model': 'llava-llama3', 'created_at': '2025-12-06T22:57:53.506118952Z', 'message': {'role': 'assistant', 'content': 'Well'}, 'done': True, 'done_reason': 'stop', 'total_duration': 12984338874, 'load_duration': 12584668565, 'prompt_eval_count': 611, 'prompt_eval_duration': 301390234, 'eval_count': 2, 'eval_duration': 11636264}
Response: Well
Analyzing frame 10/84...
Prompt: Given the scenario shown on the video, you think this situation ends well or poorly? (Use only one word to answer)
Image size: 23576 bytes
Response status code: 200
{'model': 'llava-llama3', 'created_at': '2025-12-06T22:58:06.893298519Z', 'message': {'role': 'assistant', 'content': 'Well'}, 'done': True, 'done_reason': 'stop', 'total_duration': 12352296737, 'load_duration': 11945936165, 'prompt_eval_count': 611, 'prompt_eval_duration': 305437355, 'eval_count': 2, 'eval_duration': 11584366}
Response: Well
Analyzing frame 11/84...
Prompt: Given the scenario shown on the video, you think this situation ends well or poorly? (Use only one word to answer)
Image size: 23576 bytes
Response status code: 200
{'model': 'llava-llama3', 'created_at': '2025-12-06T22:58:20.546834137Z', 'message': {'role': 'assistant', 'content': 'Well'}, 'done': True, 'done_reason': 'stop', 'total_duration': 12615661257, 'load_duration': 12212936998, 'prompt_eval_count': 611, 'prompt_eval_duration': 303653761, 'eval_count': 2, 'eval_duration': 13125189}
Response: Well
Analyzing frame 12/84...
Prompt: Given the scenario shown on the video, you think this situation ends well or poorly? (Use only one word to answer)
Image size: 23580 bytes
Response status code: 200
{'model': 'llava-llama3', 'created_at': '2025-12-06T22:58:34.016867168Z', 'message': {'role': 'assistant', 'content': 'Well'}, 'done': True, 'done_reason': 'stop', 'total_duration': 12430250607, 'load_duration': 12018777322, 'prompt_eval_count': 611, 'prompt_eval_duration': 308414831, 'eval_count': 2, 'eval_duration': 11822481}
Response: Well
Analyzing frame 13/84...
Prompt: Given the scenario shown on the video, you think this situation ends well or poorly? (Use only one word to answer)
Image size: 23596 bytes
Response status code: 200
{'model': 'llava-llama3', 'created_at': '2025-12-06T22:58:47.368301383Z', 'message': {'role': 'assistant', 'content': 'Well'}, 'done': True, 'done_reason': 'stop', 'total_duration': 12312415160, 'load_duration': 11909638535, 'prompt_eval_count': 611, 'prompt_eval_duration': 305165938, 'eval_count': 2, 'eval_duration': 11621166}
Response: Well
Analyzing frame 14/84...
Prompt: Given the scenario shown on the video, you think this situation ends well or poorly? (Use only one word to answer)
Image size: 23620 bytes
Response status code: 200
{'model': 'llava-llama3', 'created_at': '2025-12-06T22:59:01.135107366Z', 'message': {'role': 'assistant', 'content': 'Well'}, 'done': True, 'done_reason': 'stop', 'total_duration': 12748099972, 'load_duration': 12331553164, 'prompt_eval_count': 611, 'prompt_eval_duration': 319376251, 'eval_count': 2, 'eval_duration': 11618382}
Response: Well
Analyzing frame 15/84...
Prompt: Given the scenario shown on the video, you think this situation ends well or poorly? (Use only one word to answer)
Image size: 23664 bytes
Response status code: 200
{'model': 'llava-llama3', 'created_at': '2025-12-06T22:59:14.803672202Z', 'message': {'role': 'assistant', 'content': 'Well'}, 'done': True, 'done_reason': 'stop', 'total_duration': 12642789151, 'load_duration': 12217479688, 'prompt_eval_count': 611, 'prompt_eval_duration': 316275436, 'eval_count': 2, 'eval_duration': 11444949}
Response: Well
Analyzing frame 16/84...
Prompt: Given the scenario shown on the video, you think this situation ends well or poorly? (Use only one word to answer)
Image size: 23644 bytes
Response status code: 200
{'model': 'llava-llama3', 'created_at': '2025-12-06T22:59:28.213542874Z', 'message': {'role': 'assistant', 'content': 'Well'}, 'done': True, 'done_reason': 'stop', 'total_duration': 12371338910, 'load_duration': 11955449544, 'prompt_eval_count': 611, 'prompt_eval_duration': 304231476, 'eval_count': 2, 'eval_duration': 11556474}
Response: Well
Analyzing frame 17/84...
Prompt: Given the scenario shown on the video, you think this situation ends well or poorly? (Use only one word to answer)
Image size: 23672 bytes
Response status code: 200
{'model': 'llava-llama3', 'created_at': '2025-12-06T22:59:41.956849024Z', 'message': {'role': 'assistant', 'content': 'Well'}, 'done': True, 'done_reason': 'stop', 'total_duration': 12703797761, 'load_duration': 12302855439, 'prompt_eval_count': 611, 'prompt_eval_duration': 305096756, 'eval_count': 2, 'eval_duration': 11621719}
Response: Well
Analyzing frame 18/84...
Prompt: Given the scenario shown on the video, you think this situation ends well or poorly? (Use only one word to answer)
Image size: 23636 bytes
Response status code: 200
{'model': 'llava-llama3', 'created_at': '2025-12-06T22:59:55.333576866Z', 'message': {'role': 'assistant', 'content': 'Well'}, 'done': True, 'done_reason': 'stop', 'total_duration': 12338534064, 'load_duration': 11938253973, 'prompt_eval_count': 611, 'prompt_eval_duration': 303679551, 'eval_count': 2, 'eval_duration': 11590217}
Response: Well
Analyzing frame 19/84...
Prompt: Given the scenario shown on the video, you think this situation ends well or poorly? (Use only one word to answer)
Image size: 23656 bytes
Response status code: 200
{'model': 'llava-llama3', 'created_at': '2025-12-06T23:00:09.067552646Z', 'message': {'role': 'assistant', 'content': 'Well'}, 'done': True, 'done_reason': 'stop', 'total_duration': 12695205346, 'load_duration': 12273801652, 'prompt_eval_count': 611, 'prompt_eval_duration': 302989505, 'eval_count': 2, 'eval_duration': 11927957}
Response: Well
Analyzing frame 20/84...
Prompt: Given the scenario shown on the video, you think this situation ends well or poorly? (Use only one word to answer)
Image size: 23616 bytes
Response status code: 200
{'model': 'llava-llama3', 'created_at': '2025-12-06T23:00:22.826966616Z', 'message': {'role': 'assistant', 'content': 'Well'}, 'done': True, 'done_reason': 'stop', 'total_duration': 12725912396, 'load_duration': 12309124843, 'prompt_eval_count': 611, 'prompt_eval_duration': 303162496, 'eval_count': 2, 'eval_duration': 11554442}
Response: Well
Analyzing frame 21/84...
Prompt: Given the scenario shown on the video, you think this situation ends well or poorly? (Use only one word to answer)
Image size: 23664 bytes
Response status code: 200
{'model': 'llava-llama3', 'created_at': '2025-12-06T23:00:36.250958649Z', 'message': {'role': 'assistant', 'content': 'Well'}, 'done': True, 'done_reason': 'stop', 'total_duration': 12386992390, 'load_duration': 11979536093, 'prompt_eval_count': 611, 'prompt_eval_duration': 304887327, 'eval_count': 2, 'eval_duration': 11588013}
Response: Well
Analyzing frame 22/84...
Prompt: Given the scenario shown on the video, you think this situation ends well or poorly? (Use only one word to answer)
Image size: 23660 bytes
Response status code: 200
{'model': 'llava-llama3', 'created_at': '2025-12-06T23:00:49.682527401Z', 'message': {'role': 'assistant', 'content': 'Well'}, 'done': True, 'done_reason': 'stop', 'total_duration': 12393377911, 'load_duration': 11989636602, 'prompt_eval_count': 611, 'prompt_eval_duration': 303448223, 'eval_count': 2, 'eval_duration': 13018630}
Response: Well
Analyzing frame 23/84...
Prompt: Given the scenario shown on the video, you think this situation ends well or poorly? (Use only one word to answer)
Image size: 23632 bytes
Response status code: 200
{'model': 'llava-llama3', 'created_at': '2025-12-06T23:01:03.163745343Z', 'message': {'role': 'assistant', 'content': 'Well'}, 'done': True, 'done_reason': 'stop', 'total_duration': 12444821787, 'load_duration': 12045075628, 'prompt_eval_count': 611, 'prompt_eval_duration': 305081179, 'eval_count': 2, 'eval_duration': 11728959}
Response: Well
Analyzing frame 24/84...
Prompt: Given the scenario shown on the video, you think this situation ends well or poorly? (Use only one word to answer)
Image size: 23640 bytes
Response status code: 200
{'model': 'llava-llama3', 'created_at': '2025-12-06T23:01:16.79758251Z', 'message': {'role': 'assistant', 'content': 'Well'}, 'done': True, 'done_reason': 'stop', 'total_duration': 12593930723, 'load_duration': 12188008979, 'prompt_eval_count': 611, 'prompt_eval_duration': 304342324, 'eval_count': 2, 'eval_duration': 11582065}
Response: Well
Analyzing frame 25/84...
Prompt: Given the scenario shown on the video, you think this situation ends well or poorly? (Use only one word to answer)
Image size: 23644 bytes
Response status code: 200
{'model': 'llava-llama3', 'created_at': '2025-12-06T23:01:30.344219625Z', 'message': {'role': 'assistant', 'content': 'Well'}, 'done': True, 'done_reason': 'stop', 'total_duration': 12508664006, 'load_duration': 12090394160, 'prompt_eval_count': 611, 'prompt_eval_duration': 304449986, 'eval_count': 2, 'eval_duration': 11906416}
Response: Well
Analyzing frame 26/84...
Prompt: Given the scenario shown on the video, you think this situation ends well or poorly? (Use only one word to answer)
Image size: 23664 bytes
Response status code: 200
{'model': 'llava-llama3', 'created_at': '2025-12-06T23:01:43.66987019Z', 'message': {'role': 'assistant', 'content': 'Well'}, 'done': True, 'done_reason': 'stop', 'total_duration': 12292646068, 'load_duration': 11888581372, 'prompt_eval_count': 611, 'prompt_eval_duration': 305462631, 'eval_count': 2, 'eval_duration': 13599678}
Response: Well
Analyzing frame 27/84...
Prompt: Given the scenario shown on the video, you think this situation ends well or poorly? (Use only one word to answer)
Image size: 23660 bytes
Response status code: 200
{'model': 'llava-llama3', 'created_at': '2025-12-06T23:01:57.090148405Z', 'message': {'role': 'assistant', 'content': 'Well'}, 'done': True, 'done_reason': 'stop', 'total_duration': 12382646893, 'load_duration': 11952481483, 'prompt_eval_count': 611, 'prompt_eval_duration': 328058085, 'eval_count': 2, 'eval_duration': 11582380}
Response: Well
Analyzing frame 28/84...
Prompt: Given the scenario shown on the video, you think this situation ends well or poorly? (Use only one word to answer)
Image size: 23672 bytes
Response status code: 200
{'model': 'llava-llama3', 'created_at': '2025-12-06T23:02:10.5102371Z', 'message': {'role': 'assistant', 'content': 'Well'}, 'done': True, 'done_reason': 'stop', 'total_duration': 12382742222, 'load_duration': 11961981972, 'prompt_eval_count': 611, 'prompt_eval_duration': 309021454, 'eval_count': 2, 'eval_duration': 11525040}
Response: Well
Analyzing frame 29/84...
Prompt: Given the scenario shown on the video, you think this situation ends well or poorly? (Use only one word to answer)
Image size: 23648 bytes
Response status code: 200
{'model': 'llava-llama3', 'created_at': '2025-12-06T23:02:24.236983399Z', 'message': {'role': 'assistant', 'content': 'Well'}, 'done': True, 'done_reason': 'stop', 'total_duration': 12705781126, 'load_duration': 12264313336, 'prompt_eval_count': 611, 'prompt_eval_duration': 328942306, 'eval_count': 2, 'eval_duration': 11591203}
Response: Well
Analyzing frame 30/84...
Prompt: Given the scenario shown on the video, you think this situation ends well or poorly? (Use only one word to answer)
Image size: 23676 bytes
Response status code: 200
{'model': 'llava-llama3', 'created_at': '2025-12-06T23:02:37.744323128Z', 'message': {'role': 'assistant', 'content': 'Well'}, 'done': True, 'done_reason': 'stop', 'total_duration': 12469133360, 'load_duration': 12041555123, 'prompt_eval_count': 611, 'prompt_eval_duration': 330014716, 'eval_count': 2, 'eval_duration': 11795100}
Response: Well
Analyzing frame 31/84...
Prompt: Given the scenario shown on the video, you think this situation ends well or poorly? (Use only one word to answer)
Image size: 23648 bytes
Response status code: 200
{'model': 'llava-llama3', 'created_at': '2025-12-06T23:02:51.364525299Z', 'message': {'role': 'assistant', 'content': 'Well'}, 'done': True, 'done_reason': 'stop', 'total_duration': 12580416354, 'load_duration': 12168650940, 'prompt_eval_count': 611, 'prompt_eval_duration': 306575763, 'eval_count': 2, 'eval_duration': 11547425}
Response: Well
Analyzing frame 32/84...
Prompt: Given the scenario shown on the video, you think this situation ends well or poorly? (Use only one word to answer)
Image size: 23672 bytes
Response status code: 200
{'model': 'llava-llama3', 'created_at': '2025-12-06T23:03:04.922015432Z', 'message': {'role': 'assistant', 'content': 'Well'}, 'done': True, 'done_reason': 'stop', 'total_duration': 12537625743, 'load_duration': 12128246389, 'prompt_eval_count': 611, 'prompt_eval_duration': 304764988, 'eval_count': 2, 'eval_duration': 11798296}
Response: Well
Analyzing frame 33/84...
Prompt: Given the scenario shown on the video, you think this situation ends well or poorly? (Use only one word to answer)
Image size: 23664 bytes
Response status code: 200
{'model': 'llava-llama3', 'created_at': '2025-12-06T23:03:18.479834902Z', 'message': {'role': 'assistant', 'content': 'Well'}, 'done': True, 'done_reason': 'stop', 'total_duration': 12522826396, 'load_duration': 12088189836, 'prompt_eval_count': 611, 'prompt_eval_duration': 305225784, 'eval_count': 2, 'eval_duration': 11669658}
Response: Well
Analyzing frame 34/84...
Prompt: Given the scenario shown on the video, you think this situation ends well or poorly? (Use only one word to answer)
Image size: 23668 bytes
Response status code: 200
{'model': 'llava-llama3', 'created_at': '2025-12-06T23:03:32.512235554Z', 'message': {'role': 'assistant', 'content': 'Well'}, 'done': True, 'done_reason': 'stop', 'total_duration': 12998418344, 'load_duration': 12593079182, 'prompt_eval_count': 611, 'prompt_eval_duration': 303558494, 'eval_count': 2, 'eval_duration': 11742565}
Response: Well
Analyzing frame 35/84...
Prompt: Given the scenario shown on the video, you think this situation ends well or poorly? (Use only one word to answer)
Image size: 23676 bytes
Response status code: 200
{'model': 'llava-llama3', 'created_at': '2025-12-06T23:03:45.850043588Z', 'message': {'role': 'assistant', 'content': 'Well'}, 'done': True, 'done_reason': 'stop', 'total_duration': 12303659948, 'load_duration': 11889731300, 'prompt_eval_count': 611, 'prompt_eval_duration': 304696293, 'eval_count': 2, 'eval_duration': 11767561}
Response: Well
Analyzing frame 36/84...
Prompt: Given the scenario shown on the video, you think this situation ends well or poorly? (Use only one word to answer)
Image size: 23652 bytes
Response status code: 200
{'model': 'llava-llama3', 'created_at': '2025-12-06T23:03:59.385528867Z', 'message': {'role': 'assistant', 'content': 'Well'}, 'done': True, 'done_reason': 'stop', 'total_duration': 12496705761, 'load_duration': 12076700494, 'prompt_eval_count': 611, 'prompt_eval_duration': 311857953, 'eval_count': 2, 'eval_duration': 11589609}
Response: Well
Analyzing frame 37/84...
Prompt: Given the scenario shown on the video, you think this situation ends well or poorly? (Use only one word to answer)
Image size: 23696 bytes
Response status code: 200
{'model': 'llava-llama3', 'created_at': '2025-12-06T23:04:12.932696928Z', 'message': {'role': 'assistant', 'content': 'Well'}, 'done': True, 'done_reason': 'stop', 'total_duration': 12508289169, 'load_duration': 12087426154, 'prompt_eval_count': 611, 'prompt_eval_duration': 318712121, 'eval_count': 2, 'eval_duration': 11546532}
Response: Well
Analyzing frame 38/84...
Prompt: Given the scenario shown on the video, you think this situation ends well or poorly? (Use only one word to answer)
Image size: 23664 bytes
Response status code: 200
{'model': 'llava-llama3', 'created_at': '2025-12-06T23:04:26.464963814Z', 'message': {'role': 'assistant', 'content': 'Well'}, 'done': True, 'done_reason': 'stop', 'total_duration': 12494552267, 'load_duration': 12088230471, 'prompt_eval_count': 611, 'prompt_eval_duration': 303683579, 'eval_count': 2, 'eval_duration': 11879832}
Response: Well
Analyzing frame 39/84...
Prompt: Given the scenario shown on the video, you think this situation ends well or poorly? (Use only one word to answer)
Image size: 23676 bytes
Response status code: 200
{'model': 'llava-llama3', 'created_at': '2025-12-06T23:04:40.088746729Z', 'message': {'role': 'assistant', 'content': 'Well'}, 'done': True, 'done_reason': 'stop', 'total_duration': 12587675345, 'load_duration': 12188464676, 'prompt_eval_count': 611, 'prompt_eval_duration': 301874501, 'eval_count': 2, 'eval_duration': 11527275}
Response: Well
Analyzing frame 40/84...
Prompt: Given the scenario shown on the video, you think this situation ends well or poorly? (Use only one word to answer)
Image size: 23660 bytes
Response status code: 200
{'model': 'llava-llama3', 'created_at': '2025-12-06T23:04:53.783874351Z', 'message': {'role': 'assistant', 'content': 'Well'}, 'done': True, 'done_reason': 'stop', 'total_duration': 12660277369, 'load_duration': 12261356027, 'prompt_eval_count': 611, 'prompt_eval_duration': 303534001, 'eval_count': 2, 'eval_duration': 11570277}
Response: Well
Analyzing frame 41/84...
Prompt: Given the scenario shown on the video, you think this situation ends well or poorly? (Use only one word to answer)
Image size: 23652 bytes
Response status code: 200
{'model': 'llava-llama3', 'created_at': '2025-12-06T23:05:07.359479325Z', 'message': {'role': 'assistant', 'content': 'Well'}, 'done': True, 'done_reason': 'stop', 'total_duration': 12543726798, 'load_duration': 12134306047, 'prompt_eval_count': 611, 'prompt_eval_duration': 305514024, 'eval_count': 2, 'eval_duration': 13123260}
Response: Well
Analyzing frame 42/84...
Prompt: Given the scenario shown on the video, you think this situation ends well or poorly? (Use only one word to answer)
Image size: 23720 bytes
Response status code: 200
{'model': 'llava-llama3', 'created_at': '2025-12-06T23:05:20.887577414Z', 'message': {'role': 'assistant', 'content': 'Well'}, 'done': True, 'done_reason': 'stop', 'total_duration': 12489568744, 'load_duration': 12069059020, 'prompt_eval_count': 611, 'prompt_eval_duration': 319184172, 'eval_count': 2, 'eval_duration': 11988781}
Response: Well
Analyzing frame 43/84...
Prompt: Given the scenario shown on the video, you think this situation ends well or poorly? (Use only one word to answer)
Image size: 23716 bytes
Response status code: 200
{'model': 'llava-llama3', 'created_at': '2025-12-06T23:05:34.259453112Z', 'message': {'role': 'assistant', 'content': 'Well'}, 'done': True, 'done_reason': 'stop', 'total_duration': 12337725025, 'load_duration': 11906774559, 'prompt_eval_count': 611, 'prompt_eval_duration': 318049544, 'eval_count': 2, 'eval_duration': 11617486}
Response: Well
Analyzing frame 44/84...
Prompt: Given the scenario shown on the video, you think this situation ends well or poorly? (Use only one word to answer)
Image size: 23724 bytes
Response status code: 200
{'model': 'llava-llama3', 'created_at': '2025-12-06T23:05:47.650250726Z', 'message': {'role': 'assistant', 'content': 'Well'}, 'done': True, 'done_reason': 'stop', 'total_duration': 12357399058, 'load_duration': 11939152140, 'prompt_eval_count': 611, 'prompt_eval_duration': 303219057, 'eval_count': 2, 'eval_duration': 11520879}
Response: Well
Analyzing frame 45/84...
Prompt: Given the scenario shown on the video, you think this situation ends well or poorly? (Use only one word to answer)
Image size: 23744 bytes
Response status code: 200
{'model': 'llava-llama3', 'created_at': '2025-12-06T23:06:01.359662385Z', 'message': {'role': 'assistant', 'content': 'Well'}, 'done': True, 'done_reason': 'stop', 'total_duration': 12669783618, 'load_duration': 12235975802, 'prompt_eval_count': 611, 'prompt_eval_duration': 315412167, 'eval_count': 2, 'eval_duration': 11589874}
Response: Well
Analyzing frame 46/84...
Prompt: Given the scenario shown on the video, you think this situation ends well or poorly? (Use only one word to answer)
Image size: 23752 bytes
Response status code: 200
{'model': 'llava-llama3', 'created_at': '2025-12-06T23:06:14.823377858Z', 'message': {'role': 'assistant', 'content': 'Well'}, 'done': True, 'done_reason': 'stop', 'total_duration': 12425169768, 'load_duration': 12003103625, 'prompt_eval_count': 611, 'prompt_eval_duration': 320861826, 'eval_count': 2, 'eval_duration': 11587443}
Response: Well
Analyzing frame 47/84...
Prompt: Given the scenario shown on the video, you think this situation ends well or poorly? (Use only one word to answer)
Image size: 23728 bytes
Response status code: 200
{'model': 'llava-llama3', 'created_at': '2025-12-06T23:06:28.213607782Z', 'message': {'role': 'assistant', 'content': 'Well'}, 'done': True, 'done_reason': 'stop', 'total_duration': 12360157514, 'load_duration': 11958409807, 'prompt_eval_count': 611, 'prompt_eval_duration': 304722523, 'eval_count': 2, 'eval_duration': 11573714}
Response: Well
Analyzing frame 48/84...
Prompt: Given the scenario shown on the video, you think this situation ends well or poorly? (Use only one word to answer)
Image size: 23696 bytes
Response status code: 200
{'model': 'llava-llama3', 'created_at': '2025-12-06T23:06:41.80642488Z', 'message': {'role': 'assistant', 'content': 'Well'}, 'done': True, 'done_reason': 'stop', 'total_duration': 12545142600, 'load_duration': 12124000665, 'prompt_eval_count': 611, 'prompt_eval_duration': 320218824, 'eval_count': 2, 'eval_duration': 11616937}
Response: Well
Analyzing frame 49/84...
Prompt: Given the scenario shown on the video, you think this situation ends well or poorly? (Use only one word to answer)
Image size: 23676 bytes
Response status code: 200
{'model': 'llava-llama3', 'created_at': '2025-12-06T23:06:55.322089129Z', 'message': {'role': 'assistant', 'content': 'Well'}, 'done': True, 'done_reason': 'stop', 'total_duration': 12477621598, 'load_duration': 12057370584, 'prompt_eval_count': 611, 'prompt_eval_duration': 318725267, 'eval_count': 2, 'eval_duration': 11904822}
Response: Well
Analyzing frame 50/84...
Prompt: Given the scenario shown on the video, you think this situation ends well or poorly? (Use only one word to answer)
Image size: 23648 bytes
Response status code: 200
{'model': 'llava-llama3', 'created_at': '2025-12-06T23:07:08.902574835Z', 'message': {'role': 'assistant', 'content': 'Well'}, 'done': True, 'done_reason': 'stop', 'total_duration': 12542633252, 'load_duration': 12141245611, 'prompt_eval_count': 611, 'prompt_eval_duration': 302652625, 'eval_count': 2, 'eval_duration': 11923959}
Response: Well
Analyzing frame 51/84...
Prompt: Given the scenario shown on the video, you think this situation ends well or poorly? (Use only one word to answer)
Image size: 23652 bytes
Response status code: 200
{'model': 'llava-llama3', 'created_at': '2025-12-06T23:07:22.412068359Z', 'message': {'role': 'assistant', 'content': 'Well'}, 'done': True, 'done_reason': 'stop', 'total_duration': 12473374800, 'load_duration': 12072433589, 'prompt_eval_count': 611, 'prompt_eval_duration': 303475261, 'eval_count': 2, 'eval_duration': 11683389}
Response: Well
Analyzing frame 52/84...
Prompt: Given the scenario shown on the video, you think this situation ends well or poorly? (Use only one word to answer)
Image size: 23716 bytes
Response status code: 200
{'model': 'llava-llama3', 'created_at': '2025-12-06T23:07:36.002105844Z', 'message': {'role': 'assistant', 'content': 'Well'}, 'done': True, 'done_reason': 'stop', 'total_duration': 12553402398, 'load_duration': 12123144301, 'prompt_eval_count': 611, 'prompt_eval_duration': 321260354, 'eval_count': 2, 'eval_duration': 11566774}
Response: Well
Analyzing frame 53/84...
Prompt: Given the scenario shown on the video, you think this situation ends well or poorly? (Use only one word to answer)
Image size: 23692 bytes
Response status code: 200
{'model': 'llava-llama3', 'created_at': '2025-12-06T23:07:49.50171302Z', 'message': {'role': 'assistant', 'content': 'Well'}, 'done': True, 'done_reason': 'stop', 'total_duration': 12463219377, 'load_duration': 12050882046, 'prompt_eval_count': 611, 'prompt_eval_duration': 303563069, 'eval_count': 2, 'eval_duration': 11571889}
Response: Well
Analyzing frame 54/84...
Prompt: Given the scenario shown on the video, you think this situation ends well or poorly? (Use only one word to answer)
Image size: 23700 bytes
Response status code: 200
{'model': 'llava-llama3', 'created_at': '2025-12-06T23:08:02.808540849Z', 'message': {'role': 'assistant', 'content': 'Well'}, 'done': True, 'done_reason': 'stop', 'total_duration': 12272318264, 'load_duration': 11862700559, 'prompt_eval_count': 611, 'prompt_eval_duration': 304066070, 'eval_count': 2, 'eval_duration': 11936126}
Response: Well
Analyzing frame 55/84...
Prompt: Given the scenario shown on the video, you think this situation ends well or poorly? (Use only one word to answer)
Image size: 23748 bytes
Response status code: 200
{'model': 'llava-llama3', 'created_at': '2025-12-06T23:08:16.397132Z', 'message': {'role': 'assistant', 'content': 'Well'}, 'done': True, 'done_reason': 'stop', 'total_duration': 12551756160, 'load_duration': 12142823213, 'prompt_eval_count': 611, 'prompt_eval_duration': 303353319, 'eval_count': 2, 'eval_duration': 11886751}
Response: Well
Analyzing frame 56/84...
Prompt: Given the scenario shown on the video, you think this situation ends well or poorly? (Use only one word to answer)
Image size: 23752 bytes
Response status code: 200
{'model': 'llava-llama3', 'created_at': '2025-12-06T23:08:29.917151227Z', 'message': {'role': 'assistant', 'content': 'Well'}, 'done': True, 'done_reason': 'stop', 'total_duration': 12481354917, 'load_duration': 12063288094, 'prompt_eval_count': 611, 'prompt_eval_duration': 307053474, 'eval_count': 2, 'eval_duration': 11611875}
Response: Well
Analyzing frame 57/84...
Prompt: Given the scenario shown on the video, you think this situation ends well or poorly? (Use only one word to answer)
Image size: 23764 bytes
Response status code: 200
{'model': 'llava-llama3', 'created_at': '2025-12-06T23:08:43.736882298Z', 'message': {'role': 'assistant', 'content': 'Well'}, 'done': True, 'done_reason': 'stop', 'total_duration': 12780020998, 'load_duration': 12355590310, 'prompt_eval_count': 611, 'prompt_eval_duration': 327080790, 'eval_count': 2, 'eval_duration': 11547221}
Response: Well
Analyzing frame 58/84...
Prompt: Given the scenario shown on the video, you think this situation ends well or poorly? (Use only one word to answer)
Image size: 23756 bytes
Response status code: 200
{'model': 'llava-llama3', 'created_at': '2025-12-06T23:08:57.261313719Z', 'message': {'role': 'assistant', 'content': 'Well'}, 'done': True, 'done_reason': 'stop', 'total_duration': 12487818446, 'load_duration': 12076330809, 'prompt_eval_count': 611, 'prompt_eval_duration': 304872467, 'eval_count': 2, 'eval_duration': 11650775}
Response: Well
Analyzing frame 59/84...
Prompt: Given the scenario shown on the video, you think this situation ends well or poorly? (Use only one word to answer)
Image size: 23744 bytes
Response status code: 200
{'model': 'llava-llama3', 'created_at': '2025-12-06T23:09:10.980203677Z', 'message': {'role': 'assistant', 'content': 'Well'}, 'done': True, 'done_reason': 'stop', 'total_duration': 12699308504, 'load_duration': 12264241462, 'prompt_eval_count': 611, 'prompt_eval_duration': 316730666, 'eval_count': 2, 'eval_duration': 11916449}
Response: Well
Analyzing frame 60/84...
Prompt: Given the scenario shown on the video, you think this situation ends well or poorly? (Use only one word to answer)
Image size: 23764 bytes
Response status code: 200
{'model': 'llava-llama3', 'created_at': '2025-12-06T23:09:25.009307192Z', 'message': {'role': 'assistant', 'content': 'Well'}, 'done': True, 'done_reason': 'stop', 'total_duration': 12994034230, 'load_duration': 12587048328, 'prompt_eval_count': 611, 'prompt_eval_duration': 304745516, 'eval_count': 2, 'eval_duration': 11608963}
Response: Well
Analyzing frame 61/84...
Prompt: Given the scenario shown on the video, you think this situation ends well or poorly? (Use only one word to answer)
Image size: 23732 bytes
Response status code: 200
{'model': 'llava-llama3', 'created_at': '2025-12-06T23:09:38.810403831Z', 'message': {'role': 'assistant', 'content': 'Well'}, 'done': True, 'done_reason': 'stop', 'total_duration': 12763904149, 'load_duration': 12329779735, 'prompt_eval_count': 611, 'prompt_eval_duration': 323177647, 'eval_count': 2, 'eval_duration': 11573235}
Response: Well
Analyzing frame 62/84...
Prompt: Given the scenario shown on the video, you think this situation ends well or poorly? (Use only one word to answer)
Image size: 23760 bytes
Response status code: 200
{'model': 'llava-llama3', 'created_at': '2025-12-06T23:09:52.46893045Z', 'message': {'role': 'assistant', 'content': 'Well'}, 'done': True, 'done_reason': 'stop', 'total_duration': 12624321999, 'load_duration': 12213090724, 'prompt_eval_count': 611, 'prompt_eval_duration': 305633081, 'eval_count': 2, 'eval_duration': 11619680}
Response: Well
Analyzing frame 63/84...
Prompt: Given the scenario shown on the video, you think this situation ends well or poorly? (Use only one word to answer)
Image size: 23748 bytes
Response status code: 200
{'model': 'llava-llama3', 'created_at': '2025-12-06T23:10:05.99855323Z', 'message': {'role': 'assistant', 'content': 'Well'}, 'done': True, 'done_reason': 'stop', 'total_duration': 12489244073, 'load_duration': 12082193158, 'prompt_eval_count': 611, 'prompt_eval_duration': 306475165, 'eval_count': 2, 'eval_duration': 11589534}
Response: Well
Analyzing frame 64/84...
Prompt: Given the scenario shown on the video, you think this situation ends well or poorly? (Use only one word to answer)
Image size: 23760 bytes
Response status code: 200
{'model': 'llava-llama3', 'created_at': '2025-12-06T23:10:19.755654412Z', 'message': {'role': 'assistant', 'content': 'Well'}, 'done': True, 'done_reason': 'stop', 'total_duration': 12719985360, 'load_duration': 12294869657, 'prompt_eval_count': 611, 'prompt_eval_duration': 311580983, 'eval_count': 2, 'eval_duration': 11596851}
Response: Well
Analyzing frame 65/84...
Prompt: Given the scenario shown on the video, you think this situation ends well or poorly? (Use only one word to answer)
Image size: 23732 bytes
Response status code: 200
{'model': 'llava-llama3', 'created_at': '2025-12-06T23:10:33.536603454Z', 'message': {'role': 'assistant', 'content': 'Well'}, 'done': True, 'done_reason': 'stop', 'total_duration': 12746262997, 'load_duration': 12328198412, 'prompt_eval_count': 611, 'prompt_eval_duration': 305602951, 'eval_count': 2, 'eval_duration': 11590748}
Response: Well
Analyzing frame 66/84...
Prompt: Given the scenario shown on the video, you think this situation ends well or poorly? (Use only one word to answer)
Image size: 23760 bytes
Response status code: 200
{'model': 'llava-llama3', 'created_at': '2025-12-06T23:10:46.819913054Z', 'message': {'role': 'assistant', 'content': 'Well'}, 'done': True, 'done_reason': 'stop', 'total_duration': 12243761395, 'load_duration': 11833034051, 'prompt_eval_count': 611, 'prompt_eval_duration': 312081607, 'eval_count': 2, 'eval_duration': 11525547}
Response: Well
Analyzing frame 67/84...
Prompt: Given the scenario shown on the video, you think this situation ends well or poorly? (Use only one word to answer)
Image size: 23748 bytes
Response status code: 200
{'model': 'llava-llama3', 'created_at': '2025-12-06T23:11:00.362111503Z', 'message': {'role': 'assistant', 'content': 'Well'}, 'done': True, 'done_reason': 'stop', 'total_duration': 12504887123, 'load_duration': 12071788781, 'prompt_eval_count': 611, 'prompt_eval_duration': 320701943, 'eval_count': 2, 'eval_duration': 11934789}
Response: Well
Analyzing frame 68/84...
Prompt: Given the scenario shown on the video, you think this situation ends well or poorly? (Use only one word to answer)
Image size: 23760 bytes
Response status code: 200
{'model': 'llava-llama3', 'created_at': '2025-12-06T23:11:14.390753777Z', 'message': {'role': 'assistant', 'content': 'Well'}, 'done': True, 'done_reason': 'stop', 'total_duration': 12991511128, 'load_duration': 12585017637, 'prompt_eval_count': 611, 'prompt_eval_duration': 304429756, 'eval_count': 2, 'eval_duration': 13186690}
Response: Well
Analyzing frame 69/84...
Prompt: Given the scenario shown on the video, you think this situation ends well or poorly? (Use only one word to answer)
Image size: 23732 bytes
Response status code: 200
{'model': 'llava-llama3', 'created_at': '2025-12-06T23:11:28.265576564Z', 'message': {'role': 'assistant', 'content': 'Well'}, 'done': True, 'done_reason': 'stop', 'total_duration': 12838959415, 'load_duration': 12422065239, 'prompt_eval_count': 611, 'prompt_eval_duration': 305040045, 'eval_count': 2, 'eval_duration': 14139888}
Response: Well
Analyzing frame 70/84...
Prompt: Given the scenario shown on the video, you think this situation ends well or poorly? (Use only one word to answer)
Image size: 23760 bytes
Response status code: 200
{'model': 'llava-llama3', 'created_at': '2025-12-06T23:11:41.787454611Z', 'message': {'role': 'assistant', 'content': 'Well'}, 'done': True, 'done_reason': 'stop', 'total_duration': 12483185322, 'load_duration': 12059212409, 'prompt_eval_count': 611, 'prompt_eval_duration': 306499386, 'eval_count': 2, 'eval_duration': 11660860}
Response: Well
Analyzing frame 71/84...
Prompt: Given the scenario shown on the video, you think this situation ends well or poorly? (Use only one word to answer)
Image size: 23748 bytes
Response status code: 200
{'model': 'llava-llama3', 'created_at': '2025-12-06T23:11:55.24323313Z', 'message': {'role': 'assistant', 'content': 'Well'}, 'done': True, 'done_reason': 'stop', 'total_duration': 12416467679, 'load_duration': 11981453405, 'prompt_eval_count': 611, 'prompt_eval_duration': 317998458, 'eval_count': 2, 'eval_duration': 11636873}
Response: Well
Analyzing frame 72/84...
Prompt: Given the scenario shown on the video, you think this situation ends well or poorly? (Use only one word to answer)
Image size: 23760 bytes
Response status code: 200
{'model': 'llava-llama3', 'created_at': '2025-12-06T23:12:09.154186925Z', 'message': {'role': 'assistant', 'content': 'Well'}, 'done': True, 'done_reason': 'stop', 'total_duration': 12872392833, 'load_duration': 12459059239, 'prompt_eval_count': 611, 'prompt_eval_duration': 303181877, 'eval_count': 2, 'eval_duration': 11690073}
Response: Well
Analyzing frame 73/84...
Prompt: Given the scenario shown on the video, you think this situation ends well or poorly? (Use only one word to answer)
Image size: 23744 bytes
Response status code: 200
{'model': 'llava-llama3', 'created_at': '2025-12-06T23:12:22.729961313Z', 'message': {'role': 'assistant', 'content': 'Well'}, 'done': True, 'done_reason': 'stop', 'total_duration': 12539284837, 'load_duration': 12128301873, 'prompt_eval_count': 611, 'prompt_eval_duration': 302796579, 'eval_count': 2, 'eval_duration': 11866257}
Response: Well
Analyzing frame 74/84...
Prompt: Given the scenario shown on the video, you think this situation ends well or poorly? (Use only one word to answer)
Image size: 23760 bytes
Response status code: 200
{'model': 'llava-llama3', 'created_at': '2025-12-06T23:12:36.171294665Z', 'message': {'role': 'assistant', 'content': 'Well'}, 'done': True, 'done_reason': 'stop', 'total_duration': 12403092883, 'load_duration': 11989438165, 'prompt_eval_count': 611, 'prompt_eval_duration': 303174560, 'eval_count': 2, 'eval_duration': 11569373}
Response: Well
Analyzing frame 75/84...
Prompt: Given the scenario shown on the video, you think this situation ends well or poorly? (Use only one word to answer)
Image size: 23748 bytes
Response status code: 200
{'model': 'llava-llama3', 'created_at': '2025-12-06T23:12:49.501523558Z', 'message': {'role': 'assistant', 'content': 'Well'}, 'done': True, 'done_reason': 'stop', 'total_duration': 12292669629, 'load_duration': 11873313747, 'prompt_eval_count': 611, 'prompt_eval_duration': 304187343, 'eval_count': 2, 'eval_duration': 11703836}
Response: Well
Analyzing frame 76/84...
Prompt: Given the scenario shown on the video, you think this situation ends well or poorly? (Use only one word to answer)
Image size: 23752 bytes
Response status code: 200
{'model': 'llava-llama3', 'created_at': '2025-12-06T23:13:03.621538206Z', 'message': {'role': 'assistant', 'content': 'Well'}, 'done': True, 'done_reason': 'stop', 'total_duration': 13084301044, 'load_duration': 12664715974, 'prompt_eval_count': 611, 'prompt_eval_duration': 308700969, 'eval_count': 2, 'eval_duration': 11542640}
Response: Well
Analyzing frame 77/84...
Prompt: Given the scenario shown on the video, you think this situation ends well or poorly? (Use only one word to answer)
Image size: 23736 bytes
Response status code: 200
{'model': 'llava-llama3', 'created_at': '2025-12-06T23:13:17.809560943Z', 'message': {'role': 'assistant', 'content': 'Well'}, 'done': True, 'done_reason': 'stop', 'total_duration': 13152026386, 'load_duration': 12752439920, 'prompt_eval_count': 611, 'prompt_eval_duration': 302149458, 'eval_count': 2, 'eval_duration': 11876794}
Response: Well
Analyzing frame 78/84...
Prompt: Given the scenario shown on the video, you think this situation ends well or poorly? (Use only one word to answer)
Image size: 23744 bytes
Response status code: 200
{'model': 'llava-llama3', 'created_at': '2025-12-06T23:13:31.425123502Z', 'message': {'role': 'assistant', 'content': 'Well'}, 'done': True, 'done_reason': 'stop', 'total_duration': 12576695936, 'load_duration': 12166546566, 'prompt_eval_count': 611, 'prompt_eval_duration': 306698408, 'eval_count': 2, 'eval_duration': 11937825}
Response: Well
Analyzing frame 79/84...
Prompt: Given the scenario shown on the video, you think this situation ends well or poorly? (Use only one word to answer)
Image size: 23736 bytes
Response status code: 200
{'model': 'llava-llama3', 'created_at': '2025-12-06T23:13:45.31258457Z', 'message': {'role': 'assistant', 'content': 'Well'}, 'done': True, 'done_reason': 'stop', 'total_duration': 12861101896, 'load_duration': 12439223440, 'prompt_eval_count': 611, 'prompt_eval_duration': 320169739, 'eval_count': 2, 'eval_duration': 11664957}
Response: Well
Analyzing frame 80/84...
Prompt: Given the scenario shown on the video, you think this situation ends well or poorly? (Use only one word to answer)
Image size: 23744 bytes
Response status code: 200
{'model': 'llava-llama3', 'created_at': '2025-12-06T23:13:59.00390592Z', 'message': {'role': 'assistant', 'content': 'Well'}, 'done': True, 'done_reason': 'stop', 'total_duration': 12652623730, 'load_duration': 12219942480, 'prompt_eval_count': 611, 'prompt_eval_duration': 320226618, 'eval_count': 2, 'eval_duration': 11934662}
Response: Well
Analyzing frame 81/84...
Prompt: Given the scenario shown on the video, you think this situation ends well or poorly? (Use only one word to answer)
Image size: 23748 bytes
Response status code: 200
{'model': 'llava-llama3', 'created_at': '2025-12-06T23:14:12.615003377Z', 'message': {'role': 'assistant', 'content': 'Well'}, 'done': True, 'done_reason': 'stop', 'total_duration': 12571977103, 'load_duration': 12170723884, 'prompt_eval_count': 611, 'prompt_eval_duration': 303546046, 'eval_count': 2, 'eval_duration': 11579585}
Response: Well
Analyzing frame 82/84...
Prompt: Given the scenario shown on the video, you think this situation ends well or poorly? (Use only one word to answer)
Image size: 23748 bytes
Response status code: 200
{'model': 'llava-llama3', 'created_at': '2025-12-06T23:14:26.470321531Z', 'message': {'role': 'assistant', 'content': 'Well'}, 'done': True, 'done_reason': 'stop', 'total_duration': 12818167175, 'load_duration': 12415118795, 'prompt_eval_count': 611, 'prompt_eval_duration': 303667376, 'eval_count': 2, 'eval_duration': 11969778}
Response: Well
Analyzing frame 83/84...
Prompt: Given the scenario shown on the video, you think this situation ends well or poorly? (Use only one word to answer)
Image size: 23744 bytes
Response status code: 200
{'model': 'llava-llama3', 'created_at': '2025-12-06T23:14:39.854473174Z', 'message': {'role': 'assistant', 'content': 'Well'}, 'done': True, 'done_reason': 'stop', 'total_duration': 12349029364, 'load_duration': 11933610280, 'prompt_eval_count': 611, 'prompt_eval_duration': 305525345, 'eval_count': 2, 'eval_duration': 12005831}
Response: Well
Analyzing frame 84/84...
Prompt: Given the scenario shown on the video, you think this situation ends well or poorly? (Use only one word to answer)
Image size: 23744 bytes
Response status code: 200
{'model': 'llava-llama3', 'created_at': '2025-12-06T23:14:53.656912343Z', 'message': {'role': 'assistant', 'content': 'Well'}, 'done': True, 'done_reason': 'stop', 'total_duration': 12782617071, 'load_duration': 12359019374, 'prompt_eval_count': 611, 'prompt_eval_duration': 310345237, 'eval_count': 2, 'eval_duration': 11681133}
Response: Well
Final prediction for 40_final.mp4: Well

Results saved to ./results/results_llavallama3.csv
Total videos processed: 1339

==================================================
Processing video 15/30

Processing video: 41_final.mp4
Video info: 272 frames, 30.00 FPS, 9.07 seconds
Extracted 91 frames for analysis
Analyzing frame 1/91...
Prompt: Given the scenario shown on the video, you think this situation ends well or poorly? (Use only one word to answer)
Image size: 33688 bytes
Response status code: 200
{'model': 'llava-llama3', 'created_at': '2025-12-06T23:15:11.774320473Z', 'message': {'role': 'assistant', 'content': 'Poorly'}, 'done': True, 'done_reason': 'stop', 'total_duration': 10909275625, 'load_duration': 10476786594, 'prompt_eval_count': 611, 'prompt_eval_duration': 307114923, 'eval_count': 3, 'eval_duration': 22582452}
Response: Poorly
Analyzing frame 2/91...
Prompt: Given the scenario shown on the video, you think this situation ends well or poorly? (Use only one word to answer)
Image size: 33492 bytes
Response status code: 200
{'model': 'llava-llama3', 'created_at': '2025-12-06T23:15:25.470211903Z', 'message': {'role': 'assistant', 'content': 'Well'}, 'done': True, 'done_reason': 'stop', 'total_duration': 12656414527, 'load_duration': 12242361537, 'prompt_eval_count': 611, 'prompt_eval_duration': 304637165, 'eval_count': 2, 'eval_duration': 11590607}
Response: Well
Analyzing frame 3/91...
Prompt: Given the scenario shown on the video, you think this situation ends well or poorly? (Use only one word to answer)
Image size: 33700 bytes
Response status code: 200
{'model': 'llava-llama3', 'created_at': '2025-12-06T23:15:39.018000001Z', 'message': {'role': 'assistant', 'content': 'Poorly'}, 'done': True, 'done_reason': 'stop', 'total_duration': 12510244112, 'load_duration': 12054365156, 'prompt_eval_count': 611, 'prompt_eval_duration': 319357290, 'eval_count': 3, 'eval_duration': 22594844}
Response: Poorly
Analyzing frame 4/91...
Prompt: Given the scenario shown on the video, you think this situation ends well or poorly? (Use only one word to answer)
Image size: 33716 bytes
Response status code: 200
{'model': 'llava-llama3', 'created_at': '2025-12-06T23:15:40.569442888Z', 'message': {'role': 'assistant', 'content': 'Poorly'}, 'done': True, 'done_reason': 'stop', 'total_duration': 514080594, 'load_duration': 144422690, 'prompt_eval_count': 611, 'prompt_eval_duration': 285383758, 'eval_count': 3, 'eval_duration': 22497903}
Response: Poorly
Analyzing frame 5/91...
Prompt: Given the scenario shown on the video, you think this situation ends well or poorly? (Use only one word to answer)
Image size: 34488 bytes
Response status code: 200
{'model': 'llava-llama3', 'created_at': '2025-12-06T23:15:52.90608307Z', 'message': {'role': 'assistant', 'content': 'Poorly'}, 'done': True, 'done_reason': 'stop', 'total_duration': 11299513234, 'load_duration': 10881458629, 'prompt_eval_count': 611, 'prompt_eval_duration': 304009041, 'eval_count': 3, 'eval_duration': 22672063}
Response: Poorly
Analyzing frame 6/91...
Prompt: Given the scenario shown on the video, you think this situation ends well or poorly? (Use only one word to answer)
Image size: 34392 bytes
Response status code: 200
{'model': 'llava-llama3', 'created_at': '2025-12-06T23:15:54.489633369Z', 'message': {'role': 'assistant', 'content': 'Well'}, 'done': True, 'done_reason': 'stop', 'total_duration': 546475812, 'load_duration': 180826372, 'prompt_eval_count': 611, 'prompt_eval_duration': 286982692, 'eval_count': 2, 'eval_duration': 11620790}
Response: Well
Analyzing frame 7/91...
Prompt: Given the scenario shown on the video, you think this situation ends well or poorly? (Use only one word to answer)
Image size: 34496 bytes
Response status code: 200
{'model': 'llava-llama3', 'created_at': '2025-12-06T23:16:06.799928422Z', 'message': {'role': 'assistant', 'content': 'Poorly'}, 'done': True, 'done_reason': 'stop', 'total_duration': 11275588731, 'load_duration': 10845900317, 'prompt_eval_count': 611, 'prompt_eval_duration': 319319655, 'eval_count': 3, 'eval_duration': 23065736}
Response: Poorly
Analyzing frame 8/91...
Prompt: Given the scenario shown on the video, you think this situation ends well or poorly? (Use only one word to answer)
Image size: 34772 bytes
Response status code: 200
{'model': 'llava-llama3', 'created_at': '2025-12-06T23:16:20.245745277Z', 'message': {'role': 'assistant', 'content': 'Poorly'}, 'done': True, 'done_reason': 'stop', 'total_duration': 12405771347, 'load_duration': 11978595164, 'prompt_eval_count': 611, 'prompt_eval_duration': 308918716, 'eval_count': 3, 'eval_duration': 22800461}
Response: Poorly
Analyzing frame 9/91...
Prompt: Given the scenario shown on the video, you think this situation ends well or poorly? (Use only one word to answer)
Image size: 34880 bytes
Response status code: 200
{'model': 'llava-llama3', 'created_at': '2025-12-06T23:16:33.905739633Z', 'message': {'role': 'assistant', 'content': 'Poorly'}, 'done': True, 'done_reason': 'stop', 'total_duration': 12619274481, 'load_duration': 12178184168, 'prompt_eval_count': 611, 'prompt_eval_duration': 319141367, 'eval_count': 3, 'eval_duration': 23146484}
Response: Poorly
Analyzing frame 10/91...
Prompt: Given the scenario shown on the video, you think this situation ends well or poorly? (Use only one word to answer)
Image size: 34328 bytes
Response status code: 200
{'model': 'llava-llama3', 'created_at': '2025-12-06T23:16:47.587957693Z', 'message': {'role': 'assistant', 'content': 'Poorly'}, 'done': True, 'done_reason': 'stop', 'total_duration': 12644890455, 'load_duration': 12209399036, 'prompt_eval_count': 611, 'prompt_eval_duration': 306666208, 'eval_count': 3, 'eval_duration': 22668902}
Response: Poorly
Analyzing frame 11/91...
Prompt: Given the scenario shown on the video, you think this situation ends well or poorly? (Use only one word to answer)
Image size: 34400 bytes
Response status code: 200
{'model': 'llava-llama3', 'created_at': '2025-12-06T23:17:01.070319805Z', 'message': {'role': 'assistant', 'content': 'Poorly'}, 'done': True, 'done_reason': 'stop', 'total_duration': 12445330644, 'load_duration': 12015051802, 'prompt_eval_count': 611, 'prompt_eval_duration': 310145029, 'eval_count': 3, 'eval_duration': 22857515}
Response: Poorly
Analyzing frame 12/91...
Prompt: Given the scenario shown on the video, you think this situation ends well or poorly? (Use only one word to answer)
Image size: 34500 bytes
Response status code: 200
{'model': 'llava-llama3', 'created_at': '2025-12-06T23:17:02.690587541Z', 'message': {'role': 'assistant', 'content': 'Poorly'}, 'done': True, 'done_reason': 'stop', 'total_duration': 582149952, 'load_duration': 201924713, 'prompt_eval_count': 611, 'prompt_eval_duration': 286160157, 'eval_count': 3, 'eval_duration': 22569653}
Response: Poorly
Analyzing frame 13/91...
Prompt: Given the scenario shown on the video, you think this situation ends well or poorly? (Use only one word to answer)
Image size: 34112 bytes
Response status code: 200
{'model': 'llava-llama3', 'created_at': '2025-12-06T23:17:14.943272173Z', 'message': {'role': 'assistant', 'content': 'Poorly'}, 'done': True, 'done_reason': 'stop', 'total_duration': 11211166675, 'load_duration': 10768431943, 'prompt_eval_count': 611, 'prompt_eval_duration': 305811012, 'eval_count': 3, 'eval_duration': 22876987}
Response: Poorly
Analyzing frame 14/91...
Prompt: Given the scenario shown on the video, you think this situation ends well or poorly? (Use only one word to answer)
Image size: 34164 bytes
Response status code: 200
{'model': 'llava-llama3', 'created_at': '2025-12-06T23:17:28.361067195Z', 'message': {'role': 'assistant', 'content': 'Poorly'}, 'done': True, 'done_reason': 'stop', 'total_duration': 12382580451, 'load_duration': 11957642592, 'prompt_eval_count': 611, 'prompt_eval_duration': 305050361, 'eval_count': 3, 'eval_duration': 22745412}
Response: Poorly
Analyzing frame 15/91...
Prompt: Given the scenario shown on the video, you think this situation ends well or poorly? (Use only one word to answer)
Image size: 33768 bytes
Response status code: 200
{'model': 'llava-llama3', 'created_at': '2025-12-06T23:17:41.73428843Z', 'message': {'role': 'assistant', 'content': 'Poorly'}, 'done': True, 'done_reason': 'stop', 'total_duration': 12331873443, 'load_duration': 11917390054, 'prompt_eval_count': 611, 'prompt_eval_duration': 303022378, 'eval_count': 3, 'eval_duration': 22610692}
Response: Poorly
Analyzing frame 16/91...
Prompt: Given the scenario shown on the video, you think this situation ends well or poorly? (Use only one word to answer)
Image size: 33980 bytes
Response status code: 200
{'model': 'llava-llama3', 'created_at': '2025-12-06T23:17:43.25703486Z', 'message': {'role': 'assistant', 'content': 'Well'}, 'done': True, 'done_reason': 'stop', 'total_duration': 487134242, 'load_duration': 131579747, 'prompt_eval_count': 611, 'prompt_eval_duration': 288769083, 'eval_count': 2, 'eval_duration': 11492236}
Response: Well
Analyzing frame 17/91...
Prompt: Given the scenario shown on the video, you think this situation ends well or poorly? (Use only one word to answer)
Image size: 33668 bytes
Response status code: 200
{'model': 'llava-llama3', 'created_at': '2025-12-06T23:17:55.632320526Z', 'message': {'role': 'assistant', 'content': 'Poorly'}, 'done': True, 'done_reason': 'stop', 'total_duration': 11336290887, 'load_duration': 10919410247, 'prompt_eval_count': 611, 'prompt_eval_duration': 303761207, 'eval_count': 3, 'eval_duration': 22976705}
Response: Poorly
Analyzing frame 18/91...
Prompt: Given the scenario shown on the video, you think this situation ends well or poorly? (Use only one word to answer)
Image size: 33936 bytes
Response status code: 200
{'model': 'llava-llama3', 'created_at': '2025-12-06T23:17:57.237598244Z', 'message': {'role': 'assistant', 'content': 'Poorly'}, 'done': True, 'done_reason': 'stop', 'total_duration': 567565771, 'load_duration': 173140244, 'prompt_eval_count': 611, 'prompt_eval_duration': 287711293, 'eval_count': 3, 'eval_duration': 23845802}
Response: Poorly
Analyzing frame 19/91...
Prompt: Given the scenario shown on the video, you think this situation ends well or poorly? (Use only one word to answer)
Image size: 34032 bytes
Response status code: 200
{'model': 'llava-llama3', 'created_at': '2025-12-06T23:18:09.851161237Z', 'message': {'role': 'assistant', 'content': 'Poorly'}, 'done': True, 'done_reason': 'stop', 'total_duration': 11576056800, 'load_duration': 11146519887, 'prompt_eval_count': 611, 'prompt_eval_duration': 318369648, 'eval_count': 3, 'eval_duration': 22701620}
Response: Poorly
Analyzing frame 20/91...
Prompt: Given the scenario shown on the video, you think this situation ends well or poorly? (Use only one word to answer)
Image size: 34128 bytes
Response status code: 200
{'model': 'llava-llama3', 'created_at': '2025-12-06T23:18:11.434093702Z', 'message': {'role': 'assistant', 'content': 'Poorly'}, 'done': True, 'done_reason': 'stop', 'total_duration': 543755468, 'load_duration': 153340056, 'prompt_eval_count': 611, 'prompt_eval_duration': 286442247, 'eval_count': 3, 'eval_duration': 24201598}
Response: Poorly
Analyzing frame 21/91...
Prompt: Given the scenario shown on the video, you think this situation ends well or poorly? (Use only one word to answer)
Image size: 33820 bytes
Response status code: 200
{'model': 'llava-llama3', 'created_at': '2025-12-06T23:18:23.856941132Z', 'message': {'role': 'assistant', 'content': 'Well'}, 'done': True, 'done_reason': 'stop', 'total_duration': 11384605439, 'load_duration': 10982144356, 'prompt_eval_count': 611, 'prompt_eval_duration': 303196508, 'eval_count': 2, 'eval_duration': 11654786}
Response: Well
Analyzing frame 22/91...
Prompt: Given the scenario shown on the video, you think this situation ends well or poorly? (Use only one word to answer)
Image size: 34600 bytes
Response status code: 200
{'model': 'llava-llama3', 'created_at': '2025-12-06T23:18:37.13084296Z', 'message': {'role': 'assistant', 'content': 'Poorly'}, 'done': True, 'done_reason': 'stop', 'total_duration': 12240263123, 'load_duration': 11805752432, 'prompt_eval_count': 611, 'prompt_eval_duration': 306343780, 'eval_count': 3, 'eval_duration': 22710110}
Response: Poorly
Analyzing frame 23/91...
Prompt: Given the scenario shown on the video, you think this situation ends well or poorly? (Use only one word to answer)
Image size: 34020 bytes
Response status code: 200
{'model': 'llava-llama3', 'created_at': '2025-12-06T23:18:50.801733033Z', 'message': {'role': 'assistant', 'content': 'Poorly'}, 'done': True, 'done_reason': 'stop', 'total_duration': 12630617536, 'load_duration': 12206132380, 'prompt_eval_count': 611, 'prompt_eval_duration': 310610347, 'eval_count': 3, 'eval_duration': 22802150}
Response: Poorly
Analyzing frame 24/91...
Prompt: Given the scenario shown on the video, you think this situation ends well or poorly? (Use only one word to answer)
Image size: 33028 bytes
Response status code: 200
{'model': 'llava-llama3', 'created_at': '2025-12-06T23:18:52.374491352Z', 'message': {'role': 'assistant', 'content': 'Well'}, 'done': True, 'done_reason': 'stop', 'total_duration': 534010206, 'load_duration': 164824979, 'prompt_eval_count': 611, 'prompt_eval_duration': 285913671, 'eval_count': 2, 'eval_duration': 11708651}
Response: Well
Analyzing frame 25/91...
Prompt: Given the scenario shown on the video, you think this situation ends well or poorly? (Use only one word to answer)
Image size: 33288 bytes
Response status code: 200
{'model': 'llava-llama3', 'created_at': '2025-12-06T23:19:04.666586948Z', 'message': {'role': 'assistant', 'content': 'Well'}, 'done': True, 'done_reason': 'stop', 'total_duration': 11253018929, 'load_duration': 10846843156, 'prompt_eval_count': 611, 'prompt_eval_duration': 305576874, 'eval_count': 2, 'eval_duration': 11664821}
Response: Well
Analyzing frame 26/91...
Prompt: Given the scenario shown on the video, you think this situation ends well or poorly? (Use only one word to answer)
Image size: 32664 bytes
Response status code: 200
{'model': 'llava-llama3', 'created_at': '2025-12-06T23:19:18.317063805Z', 'message': {'role': 'assistant', 'content': 'Well'}, 'done': True, 'done_reason': 'stop', 'total_duration': 12615088746, 'load_duration': 12187028929, 'prompt_eval_count': 611, 'prompt_eval_duration': 320388961, 'eval_count': 2, 'eval_duration': 11594522}
Response: Well
Analyzing frame 27/91...
Prompt: Given the scenario shown on the video, you think this situation ends well or poorly? (Use only one word to answer)
Image size: 33004 bytes
Response status code: 200
{'model': 'llava-llama3', 'created_at': '2025-12-06T23:19:31.980996867Z', 'message': {'role': 'assistant', 'content': 'Well'}, 'done': True, 'done_reason': 'stop', 'total_duration': 12625632271, 'load_duration': 12195552637, 'prompt_eval_count': 611, 'prompt_eval_duration': 321160480, 'eval_count': 2, 'eval_duration': 11594956}
Response: Well
Analyzing frame 28/91...
Prompt: Given the scenario shown on the video, you think this situation ends well or poorly? (Use only one word to answer)
Image size: 32812 bytes
Response status code: 200
{'model': 'llava-llama3', 'created_at': '2025-12-06T23:19:33.541097091Z', 'message': {'role': 'assistant', 'content': 'Poorly'}, 'done': True, 'done_reason': 'stop', 'total_duration': 521570730, 'load_duration': 145863665, 'prompt_eval_count': 611, 'prompt_eval_duration': 286602496, 'eval_count': 3, 'eval_duration': 22499736}
Response: Poorly
Analyzing frame 29/91...
Prompt: Given the scenario shown on the video, you think this situation ends well or poorly? (Use only one word to answer)
Image size: 33136 bytes
Response status code: 200
{'model': 'llava-llama3', 'created_at': '2025-12-06T23:19:45.803791869Z', 'message': {'role': 'assistant', 'content': 'Well'}, 'done': True, 'done_reason': 'stop', 'total_duration': 11225907383, 'load_duration': 10823907020, 'prompt_eval_count': 611, 'prompt_eval_duration': 303368367, 'eval_count': 2, 'eval_duration': 11676284}
Response: Well
Analyzing frame 30/91...
Prompt: Given the scenario shown on the video, you think this situation ends well or poorly? (Use only one word to answer)
Image size: 32800 bytes
Response status code: 200
{'model': 'llava-llama3', 'created_at': '2025-12-06T23:19:47.39229801Z', 'message': {'role': 'assistant', 'content': 'Well'}, 'done': True, 'done_reason': 'stop', 'total_duration': 549663797, 'load_duration': 171948878, 'prompt_eval_count': 611, 'prompt_eval_duration': 286587231, 'eval_count': 2, 'eval_duration': 11464094}
Response: Well
Analyzing frame 31/91...
Prompt: Given the scenario shown on the video, you think this situation ends well or poorly? (Use only one word to answer)
Image size: 33512 bytes
Response status code: 200
{'model': 'llava-llama3', 'created_at': '2025-12-06T23:19:59.844249241Z', 'message': {'role': 'assistant', 'content': 'Well'}, 'done': True, 'done_reason': 'stop', 'total_duration': 11412016766, 'load_duration': 10994977093, 'prompt_eval_count': 611, 'prompt_eval_duration': 303039995, 'eval_count': 2, 'eval_duration': 11725587}
Response: Well
Analyzing frame 32/91...
Prompt: Given the scenario shown on the video, you think this situation ends well or poorly? (Use only one word to answer)
Image size: 34240 bytes
Response status code: 200
{'model': 'llava-llama3', 'created_at': '2025-12-06T23:20:13.582715784Z', 'message': {'role': 'assistant', 'content': 'Poorly'}, 'done': True, 'done_reason': 'stop', 'total_duration': 12721188066, 'load_duration': 12287735866, 'prompt_eval_count': 611, 'prompt_eval_duration': 308669984, 'eval_count': 3, 'eval_duration': 22661233}
Response: Poorly
Analyzing frame 33/91...
Prompt: Given the scenario shown on the video, you think this situation ends well or poorly? (Use only one word to answer)
Image size: 34396 bytes
Response status code: 200
{'model': 'llava-llama3', 'created_at': '2025-12-06T23:20:15.14754257Z', 'message': {'role': 'assistant', 'content': 'Well'}, 'done': True, 'done_reason': 'stop', 'total_duration': 531132381, 'load_duration': 176824626, 'prompt_eval_count': 611, 'prompt_eval_duration': 287247816, 'eval_count': 2, 'eval_duration': 11518153}
Response: Well
Analyzing frame 34/91...
Prompt: Given the scenario shown on the video, you think this situation ends well or poorly? (Use only one word to answer)
Image size: 34832 bytes
Response status code: 200
{'model': 'llava-llama3', 'created_at': '2025-12-06T23:20:27.602861732Z', 'message': {'role': 'assistant', 'content': 'Poorly'}, 'done': True, 'done_reason': 'stop', 'total_duration': 11429166353, 'load_duration': 10990024650, 'prompt_eval_count': 611, 'prompt_eval_duration': 309872292, 'eval_count': 3, 'eval_duration': 22602330}
Response: Poorly
Analyzing frame 35/91...
Prompt: Given the scenario shown on the video, you think this situation ends well or poorly? (Use only one word to answer)
Image size: 34752 bytes
Response status code: 200
{'model': 'llava-llama3', 'created_at': '2025-12-06T23:20:29.185513611Z', 'message': {'role': 'assistant', 'content': 'Poorly'}, 'done': True, 'done_reason': 'stop', 'total_duration': 545618030, 'load_duration': 159234892, 'prompt_eval_count': 611, 'prompt_eval_duration': 286620156, 'eval_count': 3, 'eval_duration': 23959533}
Response: Poorly
Analyzing frame 36/91...
Prompt: Given the scenario shown on the video, you think this situation ends well or poorly? (Use only one word to answer)
Image size: 34212 bytes
Response status code: 200
{'model': 'llava-llama3', 'created_at': '2025-12-06T23:20:41.421181277Z', 'message': {'role': 'assistant', 'content': 'Well'}, 'done': True, 'done_reason': 'stop', 'total_duration': 11198135992, 'load_duration': 10765015666, 'prompt_eval_count': 611, 'prompt_eval_duration': 326100747, 'eval_count': 2, 'eval_duration': 11583192}
Response: Well
Analyzing frame 37/91...
Prompt: Given the scenario shown on the video, you think this situation ends well or poorly? (Use only one word to answer)
Image size: 33912 bytes
Response status code: 200
{'model': 'llava-llama3', 'created_at': '2025-12-06T23:20:55.046936596Z', 'message': {'role': 'assistant', 'content': 'Poorly'}, 'done': True, 'done_reason': 'stop', 'total_duration': 12586244766, 'load_duration': 12169681481, 'prompt_eval_count': 611, 'prompt_eval_duration': 303348137, 'eval_count': 3, 'eval_duration': 22794127}
Response: Poorly
Analyzing frame 38/91...
Prompt: Given the scenario shown on the video, you think this situation ends well or poorly? (Use only one word to answer)
Image size: 33888 bytes
Response status code: 200
{'model': 'llava-llama3', 'created_at': '2025-12-06T23:20:56.594690776Z', 'message': {'role': 'assistant', 'content': 'Well'}, 'done': True, 'done_reason': 'stop', 'total_duration': 511318719, 'load_duration': 158183526, 'prompt_eval_count': 611, 'prompt_eval_duration': 286324216, 'eval_count': 2, 'eval_duration': 11668260}
Response: Well
Analyzing frame 39/91...
Prompt: Given the scenario shown on the video, you think this situation ends well or poorly? (Use only one word to answer)
Image size: 33656 bytes
Response status code: 200
{'model': 'llava-llama3', 'created_at': '2025-12-06T23:21:08.905224519Z', 'message': {'role': 'assistant', 'content': 'Poorly'}, 'done': True, 'done_reason': 'stop', 'total_duration': 11271821665, 'load_duration': 10843000122, 'prompt_eval_count': 611, 'prompt_eval_duration': 305274208, 'eval_count': 3, 'eval_duration': 22649859}
Response: Poorly
Analyzing frame 40/91...
Prompt: Given the scenario shown on the video, you think this situation ends well or poorly? (Use only one word to answer)
Image size: 33020 bytes
Response status code: 200
{'model': 'llava-llama3', 'created_at': '2025-12-06T23:21:10.537377253Z', 'message': {'role': 'assistant', 'content': 'Poorly'}, 'done': True, 'done_reason': 'stop', 'total_duration': 594161476, 'load_duration': 204454921, 'prompt_eval_count': 611, 'prompt_eval_duration': 286635703, 'eval_count': 3, 'eval_duration': 22700169}
Response: Poorly
Analyzing frame 41/91...
Prompt: Given the scenario shown on the video, you think this situation ends well or poorly? (Use only one word to answer)
Image size: 32240 bytes
Response status code: 200
{'model': 'llava-llama3', 'created_at': '2025-12-06T23:21:22.754840411Z', 'message': {'role': 'assistant', 'content': 'Well'}, 'done': True, 'done_reason': 'stop', 'total_duration': 11179100944, 'load_duration': 10742374127, 'prompt_eval_count': 611, 'prompt_eval_duration': 320082740, 'eval_count': 2, 'eval_duration': 11705693}
Response: Well
Analyzing frame 42/91...
Prompt: Given the scenario shown on the video, you think this situation ends well or poorly? (Use only one word to answer)
Image size: 32352 bytes
Response status code: 200
{'model': 'llava-llama3', 'created_at': '2025-12-06T23:21:36.773158125Z', 'message': {'role': 'assistant', 'content': 'Well'}, 'done': True, 'done_reason': 'stop', 'total_duration': 12981119377, 'load_duration': 12574206112, 'prompt_eval_count': 611, 'prompt_eval_duration': 313132898, 'eval_count': 2, 'eval_duration': 11964349}
Response: Well
Analyzing frame 43/91...
Prompt: Given the scenario shown on the video, you think this situation ends well or poorly? (Use only one word to answer)
Image size: 31980 bytes
Response status code: 200
{'model': 'llava-llama3', 'created_at': '2025-12-06T23:21:38.424087129Z', 'message': {'role': 'assistant', 'content': 'Poorly'}, 'done': True, 'done_reason': 'stop', 'total_duration': 624386780, 'load_duration': 223185693, 'prompt_eval_count': 611, 'prompt_eval_duration': 307864074, 'eval_count': 3, 'eval_duration': 22620785}
Response: Poorly
Analyzing frame 44/91...
Prompt: Given the scenario shown on the video, you think this situation ends well or poorly? (Use only one word to answer)
Image size: 31704 bytes
Response status code: 200
{'model': 'llava-llama3', 'created_at': '2025-12-06T23:21:50.830773523Z', 'message': {'role': 'assistant', 'content': 'Well'}, 'done': True, 'done_reason': 'stop', 'total_duration': 11375116282, 'load_duration': 10947284654, 'prompt_eval_count': 611, 'prompt_eval_duration': 320028440, 'eval_count': 2, 'eval_duration': 11608594}
Response: Well
Analyzing frame 45/91...
Prompt: Given the scenario shown on the video, you think this situation ends well or poorly? (Use only one word to answer)
Image size: 31744 bytes
Response status code: 200
{'model': 'llava-llama3', 'created_at': '2025-12-06T23:22:04.367529463Z', 'message': {'role': 'assistant', 'content': 'Well'}, 'done': True, 'done_reason': 'stop', 'total_duration': 12496948297, 'load_duration': 12078886580, 'prompt_eval_count': 611, 'prompt_eval_duration': 316401143, 'eval_count': 2, 'eval_duration': 11604008}
Response: Well
Analyzing frame 46/91...
Prompt: Given the scenario shown on the video, you think this situation ends well or poorly? (Use only one word to answer)
Image size: 31684 bytes
Response status code: 200
{'model': 'llava-llama3', 'created_at': '2025-12-06T23:22:05.920022298Z', 'message': {'role': 'assistant', 'content': 'Well'}, 'done': True, 'done_reason': 'stop', 'total_duration': 511618356, 'load_duration': 159526059, 'prompt_eval_count': 611, 'prompt_eval_duration': 286005378, 'eval_count': 2, 'eval_duration': 11489663}
Response: Well
Analyzing frame 47/91...
Prompt: Given the scenario shown on the video, you think this situation ends well or poorly? (Use only one word to answer)
Image size: 31604 bytes
Response status code: 200
{'model': 'llava-llama3', 'created_at': '2025-12-06T23:22:18.280949251Z', 'message': {'role': 'assistant', 'content': 'Well'}, 'done': True, 'done_reason': 'stop', 'total_duration': 11324513242, 'load_duration': 10921356037, 'prompt_eval_count': 611, 'prompt_eval_duration': 304174621, 'eval_count': 2, 'eval_duration': 11687906}
Response: Well
Analyzing frame 48/91...
Prompt: Given the scenario shown on the video, you think this situation ends well or poorly? (Use only one word to answer)
Image size: 31540 bytes
Response status code: 200
{'model': 'llava-llama3', 'created_at': '2025-12-06T23:22:31.79577023Z', 'message': {'role': 'assistant', 'content': 'Poorly'}, 'done': True, 'done_reason': 'stop', 'total_duration': 12476289425, 'load_duration': 12058078444, 'prompt_eval_count': 611, 'prompt_eval_duration': 303194095, 'eval_count': 3, 'eval_duration': 22760451}
Response: Poorly
Analyzing frame 49/91...
Prompt: Given the scenario shown on the video, you think this situation ends well or poorly? (Use only one word to answer)
Image size: 31500 bytes
Response status code: 200
{'model': 'llava-llama3', 'created_at': '2025-12-06T23:22:45.307922372Z', 'message': {'role': 'assistant', 'content': 'Well'}, 'done': True, 'done_reason': 'stop', 'total_duration': 12473412973, 'load_duration': 12052492468, 'prompt_eval_count': 611, 'prompt_eval_duration': 304707185, 'eval_count': 2, 'eval_duration': 11581173}
Response: Well
Analyzing frame 50/91...
Prompt: Given the scenario shown on the video, you think this situation ends well or poorly? (Use only one word to answer)
Image size: 31308 bytes
Response status code: 200
{'model': 'llava-llama3', 'created_at': '2025-12-06T23:22:58.772160542Z', 'message': {'role': 'assistant', 'content': 'Well'}, 'done': True, 'done_reason': 'stop', 'total_duration': 12428393212, 'load_duration': 12002638288, 'prompt_eval_count': 611, 'prompt_eval_duration': 321046111, 'eval_count': 2, 'eval_duration': 11640922}
Response: Well
Analyzing frame 51/91...
Prompt: Given the scenario shown on the video, you think this situation ends well or poorly? (Use only one word to answer)
Image size: 31420 bytes
Response status code: 200
{'model': 'llava-llama3', 'created_at': '2025-12-06T23:23:00.309341836Z', 'message': {'role': 'assistant', 'content': 'Well'}, 'done': True, 'done_reason': 'stop', 'total_duration': 503096413, 'load_duration': 136492764, 'prompt_eval_count': 611, 'prompt_eval_duration': 293892798, 'eval_count': 2, 'eval_duration': 11541541}
Response: Well
Analyzing frame 52/91...
Prompt: Given the scenario shown on the video, you think this situation ends well or poorly? (Use only one word to answer)
Image size: 31460 bytes
Response status code: 200
{'model': 'llava-llama3', 'created_at': '2025-12-06T23:23:12.579035097Z', 'message': {'role': 'assistant', 'content': 'Poorly'}, 'done': True, 'done_reason': 'stop', 'total_duration': 11231728014, 'load_duration': 10815012096, 'prompt_eval_count': 611, 'prompt_eval_duration': 304282200, 'eval_count': 3, 'eval_duration': 22725652}
Response: Poorly
Analyzing frame 53/91...
Prompt: Given the scenario shown on the video, you think this situation ends well or poorly? (Use only one word to answer)
Image size: 30952 bytes
Response status code: 200
{'model': 'llava-llama3', 'created_at': '2025-12-06T23:23:14.170995869Z', 'message': {'role': 'assistant', 'content': 'Well'}, 'done': True, 'done_reason': 'stop', 'total_duration': 554104123, 'load_duration': 184047448, 'prompt_eval_count': 611, 'prompt_eval_duration': 286328663, 'eval_count': 2, 'eval_duration': 11564700}
Response: Well
Analyzing frame 54/91...
Prompt: Given the scenario shown on the video, you think this situation ends well or poorly? (Use only one word to answer)
Image size: 31196 bytes
Response status code: 200
{'model': 'llava-llama3', 'created_at': '2025-12-06T23:23:26.581500348Z', 'message': {'role': 'assistant', 'content': 'Poorly'}, 'done': True, 'done_reason': 'stop', 'total_duration': 11385835955, 'load_duration': 10946598850, 'prompt_eval_count': 611, 'prompt_eval_duration': 318671091, 'eval_count': 3, 'eval_duration': 22653460}
Response: Poorly
Analyzing frame 55/91...
Prompt: Given the scenario shown on the video, you think this situation ends well or poorly? (Use only one word to answer)
Image size: 31092 bytes
Response status code: 200
{'model': 'llava-llama3', 'created_at': '2025-12-06T23:23:28.15507744Z', 'message': {'role': 'assistant', 'content': 'Well'}, 'done': True, 'done_reason': 'stop', 'total_duration': 536906973, 'load_duration': 156511305, 'prompt_eval_count': 611, 'prompt_eval_duration': 288804934, 'eval_count': 2, 'eval_duration': 11586189}
Response: Well
Analyzing frame 56/91...
Prompt: Given the scenario shown on the video, you think this situation ends well or poorly? (Use only one word to answer)
Image size: 31864 bytes
Response status code: 200
{'model': 'llava-llama3', 'created_at': '2025-12-06T23:23:40.46269334Z', 'message': {'role': 'assistant', 'content': 'Well'}, 'done': True, 'done_reason': 'stop', 'total_duration': 11267214596, 'load_duration': 10866342801, 'prompt_eval_count': 611, 'prompt_eval_duration': 302012483, 'eval_count': 2, 'eval_duration': 11576731}
Response: Well
Analyzing frame 57/91...
Prompt: Given the scenario shown on the video, you think this situation ends well or poorly? (Use only one word to answer)
Image size: 31412 bytes
Response status code: 200
{'model': 'llava-llama3', 'created_at': '2025-12-06T23:23:53.893263993Z', 'message': {'role': 'assistant', 'content': 'Well'}, 'done': True, 'done_reason': 'stop', 'total_duration': 12382575264, 'load_duration': 11964872557, 'prompt_eval_count': 611, 'prompt_eval_duration': 305913742, 'eval_count': 2, 'eval_duration': 11566377}
Response: Well
Analyzing frame 58/91...
Prompt: Given the scenario shown on the video, you think this situation ends well or poorly? (Use only one word to answer)
Image size: 31584 bytes
Response status code: 200
{'model': 'llava-llama3', 'created_at': '2025-12-06T23:24:07.534025995Z', 'message': {'role': 'assistant', 'content': 'Well'}, 'done': True, 'done_reason': 'stop', 'total_duration': 12601660383, 'load_duration': 12164258885, 'prompt_eval_count': 611, 'prompt_eval_duration': 317920548, 'eval_count': 2, 'eval_duration': 11531543}
Response: Well
Analyzing frame 59/91...
Prompt: Given the scenario shown on the video, you think this situation ends well or poorly? (Use only one word to answer)
Image size: 31692 bytes
Response status code: 200
{'model': 'llava-llama3', 'created_at': '2025-12-06T23:24:09.059559605Z', 'message': {'role': 'assistant', 'content': 'Poorly'}, 'done': True, 'done_reason': 'stop', 'total_duration': 486507422, 'load_duration': 120642669, 'prompt_eval_count': 611, 'prompt_eval_duration': 286374298, 'eval_count': 3, 'eval_duration': 22735814}
Response: Poorly
Analyzing frame 60/91...
Prompt: Given the scenario shown on the video, you think this situation ends well or poorly? (Use only one word to answer)
Image size: 32308 bytes
Response status code: 200
{'model': 'llava-llama3', 'created_at': '2025-12-06T23:24:21.507780398Z', 'message': {'role': 'assistant', 'content': 'Poorly'}, 'done': True, 'done_reason': 'stop', 'total_duration': 11411671564, 'load_duration': 10998509566, 'prompt_eval_count': 611, 'prompt_eval_duration': 302242413, 'eval_count': 3, 'eval_duration': 22881264}
Response: Poorly
Analyzing frame 61/91...
Prompt: Given the scenario shown on the video, you think this situation ends well or poorly? (Use only one word to answer)
Image size: 32428 bytes
Response status code: 200
{'model': 'llava-llama3', 'created_at': '2025-12-06T23:24:35.137981596Z', 'message': {'role': 'assistant', 'content': 'Well'}, 'done': True, 'done_reason': 'stop', 'total_duration': 12590908430, 'load_duration': 12159234021, 'prompt_eval_count': 611, 'prompt_eval_duration': 313684107, 'eval_count': 2, 'eval_duration': 11656662}
Response: Well
Analyzing frame 62/91...
Prompt: Given the scenario shown on the video, you think this situation ends well or poorly? (Use only one word to answer)
Image size: 32676 bytes
Response status code: 200
{'model': 'llava-llama3', 'created_at': '2025-12-06T23:24:36.696533597Z', 'message': {'role': 'assistant', 'content': 'Well'}, 'done': True, 'done_reason': 'stop', 'total_duration': 521254223, 'load_duration': 151706485, 'prompt_eval_count': 611, 'prompt_eval_duration': 286225970, 'eval_count': 2, 'eval_duration': 11493157}
Response: Well
Analyzing frame 63/91...
Prompt: Given the scenario shown on the video, you think this situation ends well or poorly? (Use only one word to answer)
Image size: 32700 bytes
Response status code: 200
{'model': 'llava-llama3', 'created_at': '2025-12-06T23:24:48.784503036Z', 'message': {'role': 'assistant', 'content': 'Well'}, 'done': True, 'done_reason': 'stop', 'total_duration': 11053306218, 'load_duration': 10646880913, 'prompt_eval_count': 611, 'prompt_eval_duration': 307312429, 'eval_count': 2, 'eval_duration': 11561774}
Response: Well
Analyzing frame 64/91...
Prompt: Given the scenario shown on the video, you think this situation ends well or poorly? (Use only one word to answer)
Image size: 32716 bytes
Response status code: 200
{'model': 'llava-llama3', 'created_at': '2025-12-06T23:24:50.395582607Z', 'message': {'role': 'assistant', 'content': 'Well'}, 'done': True, 'done_reason': 'stop', 'total_duration': 573877236, 'load_duration': 187436518, 'prompt_eval_count': 611, 'prompt_eval_duration': 286244142, 'eval_count': 2, 'eval_duration': 11476491}
Response: Well
Analyzing frame 65/91...
Prompt: Given the scenario shown on the video, you think this situation ends well or poorly? (Use only one word to answer)
Image size: 32724 bytes
Response status code: 200
{'model': 'llava-llama3', 'created_at': '2025-12-06T23:25:02.870356772Z', 'message': {'role': 'assistant', 'content': 'Well'}, 'done': True, 'done_reason': 'stop', 'total_duration': 11441044496, 'load_duration': 11032841503, 'prompt_eval_count': 611, 'prompt_eval_duration': 306027408, 'eval_count': 2, 'eval_duration': 11580664}
Response: Well
Analyzing frame 66/91...
Prompt: Given the scenario shown on the video, you think this situation ends well or poorly? (Use only one word to answer)
Image size: 32724 bytes
Response status code: 200
{'model': 'llava-llama3', 'created_at': '2025-12-06T23:25:16.418663414Z', 'message': {'role': 'assistant', 'content': 'Well'}, 'done': True, 'done_reason': 'stop', 'total_duration': 12510590827, 'load_duration': 12105913448, 'prompt_eval_count': 611, 'prompt_eval_duration': 305222944, 'eval_count': 2, 'eval_duration': 11901808}
Response: Well
Analyzing frame 67/91...
Prompt: Given the scenario shown on the video, you think this situation ends well or poorly? (Use only one word to answer)
Image size: 32660 bytes
Response status code: 200
{'model': 'llava-llama3', 'created_at': '2025-12-06T23:25:18.001983968Z', 'message': {'role': 'assistant', 'content': 'Well'}, 'done': True, 'done_reason': 'stop', 'total_duration': 545993296, 'load_duration': 182581120, 'prompt_eval_count': 611, 'prompt_eval_duration': 286423288, 'eval_count': 2, 'eval_duration': 11576121}
Response: Well
Analyzing frame 68/91...
Prompt: Given the scenario shown on the video, you think this situation ends well or poorly? (Use only one word to answer)
Image size: 32744 bytes
Response status code: 200
{'model': 'llava-llama3', 'created_at': '2025-12-06T23:25:30.115963071Z', 'message': {'role': 'assistant', 'content': 'Well'}, 'done': True, 'done_reason': 'stop', 'total_duration': 11076338100, 'load_duration': 10676199017, 'prompt_eval_count': 611, 'prompt_eval_duration': 304319619, 'eval_count': 2, 'eval_duration': 11609444}
Response: Well
Analyzing frame 69/91...
Prompt: Given the scenario shown on the video, you think this situation ends well or poorly? (Use only one word to answer)
Image size: 32688 bytes
Response status code: 200
{'model': 'llava-llama3', 'created_at': '2025-12-06T23:25:43.407836944Z', 'message': {'role': 'assistant', 'content': 'Well'}, 'done': True, 'done_reason': 'stop', 'total_duration': 12256390073, 'load_duration': 11822809122, 'prompt_eval_count': 611, 'prompt_eval_duration': 305052230, 'eval_count': 2, 'eval_duration': 11917505}
Response: Well
Analyzing frame 70/91...
Prompt: Given the scenario shown on the video, you think this situation ends well or poorly? (Use only one word to answer)
Image size: 32696 bytes
Response status code: 200
{'model': 'llava-llama3', 'created_at': '2025-12-06T23:25:44.932771896Z', 'message': {'role': 'assistant', 'content': 'Well'}, 'done': True, 'done_reason': 'stop', 'total_duration': 490147863, 'load_duration': 119989161, 'prompt_eval_count': 611, 'prompt_eval_duration': 288560367, 'eval_count': 2, 'eval_duration': 11830027}
Response: Well
Analyzing frame 71/91...
Prompt: Given the scenario shown on the video, you think this situation ends well or poorly? (Use only one word to answer)
Image size: 32704 bytes
Response status code: 200
{'model': 'llava-llama3', 'created_at': '2025-12-06T23:25:57.417825753Z', 'message': {'role': 'assistant', 'content': 'Well'}, 'done': True, 'done_reason': 'stop', 'total_duration': 11452829894, 'load_duration': 11028413882, 'prompt_eval_count': 611, 'prompt_eval_duration': 319377555, 'eval_count': 2, 'eval_duration': 13267054}
Response: Well
Analyzing frame 72/91...
Prompt: Given the scenario shown on the video, you think this situation ends well or poorly? (Use only one word to answer)
Image size: 32704 bytes
Response status code: 200
{'model': 'llava-llama3', 'created_at': '2025-12-06T23:25:59.003858163Z', 'message': {'role': 'assistant', 'content': 'Well'}, 'done': True, 'done_reason': 'stop', 'total_duration': 550184768, 'load_duration': 192033349, 'prompt_eval_count': 611, 'prompt_eval_duration': 290169239, 'eval_count': 2, 'eval_duration': 11734360}
Response: Well
Analyzing frame 73/91...
Prompt: Given the scenario shown on the video, you think this situation ends well or poorly? (Use only one word to answer)
Image size: 32672 bytes
Response status code: 200
{'model': 'llava-llama3', 'created_at': '2025-12-06T23:26:11.610885391Z', 'message': {'role': 'assistant', 'content': 'Well'}, 'done': True, 'done_reason': 'stop', 'total_duration': 11567825340, 'load_duration': 11137105275, 'prompt_eval_count': 611, 'prompt_eval_duration': 321038358, 'eval_count': 2, 'eval_duration': 11558429}
Response: Well
Analyzing frame 74/91...
Prompt: Given the scenario shown on the video, you think this situation ends well or poorly? (Use only one word to answer)
Image size: 32716 bytes
Response status code: 200
{'model': 'llava-llama3', 'created_at': '2025-12-06T23:26:13.193349879Z', 'message': {'role': 'assistant', 'content': 'Well'}, 'done': True, 'done_reason': 'stop', 'total_duration': 543648830, 'load_duration': 191515058, 'prompt_eval_count': 611, 'prompt_eval_duration': 286088775, 'eval_count': 2, 'eval_duration': 11641525}
Response: Well
Analyzing frame 75/91...
Prompt: Given the scenario shown on the video, you think this situation ends well or poorly? (Use only one word to answer)
Image size: 32692 bytes
Response status code: 200
{'model': 'llava-llama3', 'created_at': '2025-12-06T23:26:25.686447094Z', 'message': {'role': 'assistant', 'content': 'Well'}, 'done': True, 'done_reason': 'stop', 'total_duration': 11456710682, 'load_duration': 11032631377, 'prompt_eval_count': 611, 'prompt_eval_duration': 311111345, 'eval_count': 2, 'eval_duration': 11629994}
Response: Well
Analyzing frame 76/91...
Prompt: Given the scenario shown on the video, you think this situation ends well or poorly? (Use only one word to answer)
Image size: 32696 bytes
Response status code: 200
{'model': 'llava-llama3', 'created_at': '2025-12-06T23:26:39.088988918Z', 'message': {'role': 'assistant', 'content': 'Well'}, 'done': True, 'done_reason': 'stop', 'total_duration': 12363000266, 'load_duration': 11955164105, 'prompt_eval_count': 611, 'prompt_eval_duration': 305416605, 'eval_count': 2, 'eval_duration': 11585459}
Response: Well
Analyzing frame 77/91...
Prompt: Given the scenario shown on the video, you think this situation ends well or poorly? (Use only one word to answer)
Image size: 32696 bytes
Response status code: 200
{'model': 'llava-llama3', 'created_at': '2025-12-06T23:26:52.730646239Z', 'message': {'role': 'assistant', 'content': 'Well'}, 'done': True, 'done_reason': 'stop', 'total_duration': 12600465987, 'load_duration': 12190014222, 'prompt_eval_count': 611, 'prompt_eval_duration': 307733311, 'eval_count': 2, 'eval_duration': 11718934}
Response: Well
Analyzing frame 78/91...
Prompt: Given the scenario shown on the video, you think this situation ends well or poorly? (Use only one word to answer)
Image size: 32716 bytes
Response status code: 200
{'model': 'llava-llama3', 'created_at': '2025-12-06T23:26:54.301634653Z', 'message': {'role': 'assistant', 'content': 'Well'}, 'done': True, 'done_reason': 'stop', 'total_duration': 533560612, 'load_duration': 154548258, 'prompt_eval_count': 611, 'prompt_eval_duration': 288714118, 'eval_count': 2, 'eval_duration': 11551980}
Response: Well
Analyzing frame 79/91...
Prompt: Given the scenario shown on the video, you think this situation ends well or poorly? (Use only one word to answer)
Image size: 32700 bytes
Response status code: 200
{'model': 'llava-llama3', 'created_at': '2025-12-06T23:27:06.47790802Z', 'message': {'role': 'assistant', 'content': 'Well'}, 'done': True, 'done_reason': 'stop', 'total_duration': 11148524401, 'load_duration': 10744015941, 'prompt_eval_count': 611, 'prompt_eval_duration': 303467369, 'eval_count': 2, 'eval_duration': 12003610}
Response: Well
Analyzing frame 80/91...
Prompt: Given the scenario shown on the video, you think this situation ends well or poorly? (Use only one word to answer)
Image size: 32712 bytes
Response status code: 200
{'model': 'llava-llama3', 'created_at': '2025-12-06T23:27:20.014305993Z', 'message': {'role': 'assistant', 'content': 'Well'}, 'done': True, 'done_reason': 'stop', 'total_duration': 12496737802, 'load_duration': 12079971997, 'prompt_eval_count': 611, 'prompt_eval_duration': 306551525, 'eval_count': 2, 'eval_duration': 13220313}
Response: Well
Analyzing frame 81/91...
Prompt: Given the scenario shown on the video, you think this situation ends well or poorly? (Use only one word to answer)
Image size: 32716 bytes
Response status code: 200
{'model': 'llava-llama3', 'created_at': '2025-12-06T23:27:33.31397252Z', 'message': {'role': 'assistant', 'content': 'Well'}, 'done': True, 'done_reason': 'stop', 'total_duration': 12262883485, 'load_duration': 11856240226, 'prompt_eval_count': 611, 'prompt_eval_duration': 305067205, 'eval_count': 2, 'eval_duration': 11526692}
Response: Well
Analyzing frame 82/91...
Prompt: Given the scenario shown on the video, you think this situation ends well or poorly? (Use only one word to answer)
Image size: 32696 bytes
Response status code: 200
{'model': 'llava-llama3', 'created_at': '2025-12-06T23:27:34.855760862Z', 'message': {'role': 'assistant', 'content': 'Well'}, 'done': True, 'done_reason': 'stop', 'total_duration': 502462383, 'load_duration': 148779372, 'prompt_eval_count': 611, 'prompt_eval_duration': 286459797, 'eval_count': 2, 'eval_duration': 11476346}
Response: Well
Analyzing frame 83/91...
Prompt: Given the scenario shown on the video, you think this situation ends well or poorly? (Use only one word to answer)
Image size: 32696 bytes
Response status code: 200
{'model': 'llava-llama3', 'created_at': '2025-12-06T23:27:47.265279663Z', 'message': {'role': 'assistant', 'content': 'Well'}, 'done': True, 'done_reason': 'stop', 'total_duration': 11370245503, 'load_duration': 10962800166, 'prompt_eval_count': 611, 'prompt_eval_duration': 306235760, 'eval_count': 2, 'eval_duration': 11558940}
Response: Well
Analyzing frame 84/91...
Prompt: Given the scenario shown on the video, you think this situation ends well or poorly? (Use only one word to answer)
Image size: 32732 bytes
Response status code: 200
{'model': 'llava-llama3', 'created_at': '2025-12-06T23:27:48.859747156Z', 'message': {'role': 'assistant', 'content': 'Well'}, 'done': True, 'done_reason': 'stop', 'total_duration': 555411620, 'load_duration': 177219377, 'prompt_eval_count': 611, 'prompt_eval_duration': 287108509, 'eval_count': 2, 'eval_duration': 11497802}
Response: Well
Analyzing frame 85/91...
Prompt: Given the scenario shown on the video, you think this situation ends well or poorly? (Use only one word to answer)
Image size: 32692 bytes
Response status code: 200
{'model': 'llava-llama3', 'created_at': '2025-12-06T23:28:01.275690964Z', 'message': {'role': 'assistant', 'content': 'Well'}, 'done': True, 'done_reason': 'stop', 'total_duration': 11380454739, 'load_duration': 10958899363, 'prompt_eval_count': 611, 'prompt_eval_duration': 318472866, 'eval_count': 2, 'eval_duration': 11554844}
Response: Well
Analyzing frame 86/91...
Prompt: Given the scenario shown on the video, you think this situation ends well or poorly? (Use only one word to answer)
Image size: 32676 bytes
Response status code: 200
{'model': 'llava-llama3', 'created_at': '2025-12-06T23:28:14.937543782Z', 'message': {'role': 'assistant', 'content': 'Well'}, 'done': True, 'done_reason': 'stop', 'total_duration': 12623752690, 'load_duration': 12186205780, 'prompt_eval_count': 611, 'prompt_eval_duration': 320269076, 'eval_count': 2, 'eval_duration': 11689399}
Response: Well
Analyzing frame 87/91...
Prompt: Given the scenario shown on the video, you think this situation ends well or poorly? (Use only one word to answer)
Image size: 32668 bytes
Response status code: 200
{'model': 'llava-llama3', 'created_at': '2025-12-06T23:28:28.438874175Z', 'message': {'role': 'assistant', 'content': 'Well'}, 'done': True, 'done_reason': 'stop', 'total_duration': 12462885928, 'load_duration': 12039520705, 'prompt_eval_count': 611, 'prompt_eval_duration': 316258244, 'eval_count': 2, 'eval_duration': 11642195}
Response: Well
Analyzing frame 88/91...
Prompt: Given the scenario shown on the video, you think this situation ends well or poorly? (Use only one word to answer)
Image size: 32680 bytes
Response status code: 200
{'model': 'llava-llama3', 'created_at': '2025-12-06T23:28:41.889020824Z', 'message': {'role': 'assistant', 'content': 'Well'}, 'done': True, 'done_reason': 'stop', 'total_duration': 12410952189, 'load_duration': 11968834053, 'prompt_eval_count': 611, 'prompt_eval_duration': 320266991, 'eval_count': 2, 'eval_duration': 12334933}
Response: Well
Analyzing frame 89/91...
Prompt: Given the scenario shown on the video, you think this situation ends well or poorly? (Use only one word to answer)
Image size: 32668 bytes
Response status code: 200
{'model': 'llava-llama3', 'created_at': '2025-12-06T23:28:43.471072555Z', 'message': {'role': 'assistant', 'content': 'Well'}, 'done': True, 'done_reason': 'stop', 'total_duration': 541177866, 'load_duration': 173142790, 'prompt_eval_count': 611, 'prompt_eval_duration': 287820052, 'eval_count': 2, 'eval_duration': 11480344}
Response: Well
Analyzing frame 90/91...
Prompt: Given the scenario shown on the video, you think this situation ends well or poorly? (Use only one word to answer)
Image size: 32668 bytes
Response status code: 200
{'model': 'llava-llama3', 'created_at': '2025-12-06T23:28:55.812750688Z', 'message': {'role': 'assistant', 'content': 'Well'}, 'done': True, 'done_reason': 'stop', 'total_duration': 11316090001, 'load_duration': 10902520357, 'prompt_eval_count': 611, 'prompt_eval_duration': 303985705, 'eval_count': 2, 'eval_duration': 11730312}
Response: Well
Analyzing frame 91/91...
Prompt: Given the scenario shown on the video, you think this situation ends well or poorly? (Use only one word to answer)
Image size: 32676 bytes
Response status code: 200
{'model': 'llava-llama3', 'created_at': '2025-12-06T23:28:57.390683492Z', 'message': {'role': 'assistant', 'content': 'Well'}, 'done': True, 'done_reason': 'stop', 'total_duration': 537475030, 'load_duration': 165176356, 'prompt_eval_count': 611, 'prompt_eval_duration': 287021742, 'eval_count': 2, 'eval_duration': 13551217}
Response: Well
Final prediction for 41_final.mp4: Poorly

Results saved to ./results/results_llavallama3.csv
Total videos processed: 1430

==================================================
Processing video 16/30

Processing video: 44_final.mp4
Video info: 231 frames, 30.00 FPS, 7.70 seconds
Extracted 77 frames for analysis
Analyzing frame 1/77...
Prompt: Given the scenario shown on the video, you think this situation ends well or poorly? (Use only one word to answer)
Image size: 15788 bytes
Response status code: 200
{'model': 'llava-llama3', 'created_at': '2025-12-06T23:29:10.100122799Z', 'message': {'role': 'assistant', 'content': 'Well'}, 'done': True, 'done_reason': 'stop', 'total_duration': 9786549107, 'load_duration': 9352824073, 'prompt_eval_count': 611, 'prompt_eval_duration': 320640314, 'eval_count': 2, 'eval_duration': 11900145}
Response: Well
Analyzing frame 2/77...
Prompt: Given the scenario shown on the video, you think this situation ends well or poorly? (Use only one word to answer)
Image size: 15772 bytes
Response status code: 200
{'model': 'llava-llama3', 'created_at': '2025-12-06T23:29:11.673221132Z', 'message': {'role': 'assistant', 'content': 'Well'}, 'done': True, 'done_reason': 'stop', 'total_duration': 535989927, 'load_duration': 178442943, 'prompt_eval_count': 611, 'prompt_eval_duration': 287995260, 'eval_count': 2, 'eval_duration': 11534867}
Response: Well
Analyzing frame 3/77...
Prompt: Given the scenario shown on the video, you think this situation ends well or poorly? (Use only one word to answer)
Image size: 15764 bytes
Response status code: 200
{'model': 'llava-llama3', 'created_at': '2025-12-06T23:29:24.236447682Z', 'message': {'role': 'assistant', 'content': 'Poorly'}, 'done': True, 'done_reason': 'stop', 'total_duration': 11524870388, 'load_duration': 11091509847, 'prompt_eval_count': 611, 'prompt_eval_duration': 320251065, 'eval_count': 3, 'eval_duration': 22774738}
Response: Poorly
Analyzing frame 4/77...
Prompt: Given the scenario shown on the video, you think this situation ends well or poorly? (Use only one word to answer)
Image size: 15852 bytes
Response status code: 200
{'model': 'llava-llama3', 'created_at': '2025-12-06T23:29:37.784724188Z', 'message': {'role': 'assistant', 'content': 'Well'}, 'done': True, 'done_reason': 'stop', 'total_duration': 12508868838, 'load_duration': 12109000693, 'prompt_eval_count': 611, 'prompt_eval_duration': 303962257, 'eval_count': 2, 'eval_duration': 11572996}
Response: Well
Analyzing frame 5/77...
Prompt: Given the scenario shown on the video, you think this situation ends well or poorly? (Use only one word to answer)
Image size: 15788 bytes
Response status code: 200
{'model': 'llava-llama3', 'created_at': '2025-12-06T23:29:39.35298183Z', 'message': {'role': 'assistant', 'content': 'Well'}, 'done': True, 'done_reason': 'stop', 'total_duration': 529183374, 'load_duration': 153061747, 'prompt_eval_count': 611, 'prompt_eval_duration': 287912348, 'eval_count': 2, 'eval_duration': 11582440}
Response: Well
Analyzing frame 6/77...
Prompt: Given the scenario shown on the video, you think this situation ends well or poorly? (Use only one word to answer)
Image size: 15756 bytes
Response status code: 200
{'model': 'llava-llama3', 'created_at': '2025-12-06T23:29:51.663461286Z', 'message': {'role': 'assistant', 'content': 'Well'}, 'done': True, 'done_reason': 'stop', 'total_duration': 11270812235, 'load_duration': 10848549536, 'prompt_eval_count': 611, 'prompt_eval_duration': 316683544, 'eval_count': 2, 'eval_duration': 11565252}
Response: Well
Analyzing frame 7/77...
Prompt: Given the scenario shown on the video, you think this situation ends well or poorly? (Use only one word to answer)
Image size: 15980 bytes
Response status code: 200
{'model': 'llava-llama3', 'created_at': '2025-12-06T23:29:53.253470262Z', 'message': {'role': 'assistant', 'content': 'Poorly'}, 'done': True, 'done_reason': 'stop', 'total_duration': 553070766, 'load_duration': 173307556, 'prompt_eval_count': 611, 'prompt_eval_duration': 292353403, 'eval_count': 3, 'eval_duration': 22520214}
Response: Poorly
Analyzing frame 8/77...
Prompt: Given the scenario shown on the video, you think this situation ends well or poorly? (Use only one word to answer)
Image size: 16012 bytes
Response status code: 200
{'model': 'llava-llama3', 'created_at': '2025-12-06T23:30:05.618815357Z', 'message': {'role': 'assistant', 'content': 'Poorly'}, 'done': True, 'done_reason': 'stop', 'total_duration': 11324536379, 'load_duration': 10896930794, 'prompt_eval_count': 611, 'prompt_eval_duration': 303668699, 'eval_count': 3, 'eval_duration': 22670129}
Response: Poorly
Analyzing frame 9/77...
Prompt: Given the scenario shown on the video, you think this situation ends well or poorly? (Use only one word to answer)
Image size: 16060 bytes
Response status code: 200
{'model': 'llava-llama3', 'created_at': '2025-12-06T23:30:07.189797027Z', 'message': {'role': 'assistant', 'content': 'Well'}, 'done': True, 'done_reason': 'stop', 'total_duration': 531560035, 'load_duration': 150007932, 'prompt_eval_count': 611, 'prompt_eval_duration': 289480499, 'eval_count': 2, 'eval_duration': 11494416}
Response: Well
Analyzing frame 10/77...
Prompt: Given the scenario shown on the video, you think this situation ends well or poorly? (Use only one word to answer)
Image size: 16140 bytes
Response status code: 200
{'model': 'llava-llama3', 'created_at': '2025-12-06T23:30:19.347485599Z', 'message': {'role': 'assistant', 'content': 'Well'}, 'done': True, 'done_reason': 'stop', 'total_duration': 11120184893, 'load_duration': 10722447147, 'prompt_eval_count': 611, 'prompt_eval_duration': 303299078, 'eval_count': 2, 'eval_duration': 11648383}
Response: Well
Analyzing frame 11/77...
Prompt: Given the scenario shown on the video, you think this situation ends well or poorly? (Use only one word to answer)
Image size: 16120 bytes
Response status code: 200
{'model': 'llava-llama3', 'created_at': '2025-12-06T23:30:32.7990748Z', 'message': {'role': 'assistant', 'content': 'Well'}, 'done': True, 'done_reason': 'stop', 'total_duration': 12410462533, 'load_duration': 11991496330, 'prompt_eval_count': 611, 'prompt_eval_duration': 318358046, 'eval_count': 2, 'eval_duration': 11661266}
Response: Well
Analyzing frame 12/77...
Prompt: Given the scenario shown on the video, you think this situation ends well or poorly? (Use only one word to answer)
Image size: 16168 bytes
Response status code: 200
{'model': 'llava-llama3', 'created_at': '2025-12-06T23:30:34.365444737Z', 'message': {'role': 'assistant', 'content': 'Well'}, 'done': True, 'done_reason': 'stop', 'total_duration': 526135091, 'load_duration': 170982487, 'prompt_eval_count': 611, 'prompt_eval_duration': 290049075, 'eval_count': 2, 'eval_duration': 11460265}
Response: Well
Analyzing frame 13/77...
Prompt: Given the scenario shown on the video, you think this situation ends well or poorly? (Use only one word to answer)
Image size: 16172 bytes
Response status code: 200
{'model': 'llava-llama3', 'created_at': '2025-12-06T23:30:46.528567646Z', 'message': {'role': 'assistant', 'content': 'Well'}, 'done': True, 'done_reason': 'stop', 'total_duration': 11123334113, 'load_duration': 10701198229, 'prompt_eval_count': 611, 'prompt_eval_duration': 318742604, 'eval_count': 2, 'eval_duration': 11605971}
Response: Well
Analyzing frame 14/77...
Prompt: Given the scenario shown on the video, you think this situation ends well or poorly? (Use only one word to answer)
Image size: 16136 bytes
Response status code: 200
{'model': 'llava-llama3', 'created_at': '2025-12-06T23:31:00.11144057Z', 'message': {'role': 'assistant', 'content': 'Well'}, 'done': True, 'done_reason': 'stop', 'total_duration': 12541499493, 'load_duration': 12120306387, 'prompt_eval_count': 611, 'prompt_eval_duration': 304582711, 'eval_count': 2, 'eval_duration': 14381341}
Response: Well
Analyzing frame 15/77...
Prompt: Given the scenario shown on the video, you think this situation ends well or poorly? (Use only one word to answer)
Image size: 16352 bytes
Response status code: 200
{'model': 'llava-llama3', 'created_at': '2025-12-06T23:31:01.70447866Z', 'message': {'role': 'assistant', 'content': 'Well'}, 'done': True, 'done_reason': 'stop', 'total_duration': 558143382, 'load_duration': 181221476, 'prompt_eval_count': 611, 'prompt_eval_duration': 286433359, 'eval_count': 2, 'eval_duration': 11705046}
Response: Well
Analyzing frame 16/77...
Prompt: Given the scenario shown on the video, you think this situation ends well or poorly? (Use only one word to answer)
Image size: 16604 bytes
Response status code: 200
{'model': 'llava-llama3', 'created_at': '2025-12-06T23:31:14.045489566Z', 'message': {'role': 'assistant', 'content': 'Well'}, 'done': True, 'done_reason': 'stop', 'total_duration': 11300987690, 'load_duration': 10892436850, 'prompt_eval_count': 611, 'prompt_eval_duration': 306801725, 'eval_count': 2, 'eval_duration': 11539194}
Response: Well
Analyzing frame 17/77...
Prompt: Given the scenario shown on the video, you think this situation ends well or poorly? (Use only one word to answer)
Image size: 16520 bytes
Response status code: 200
{'model': 'llava-llama3', 'created_at': '2025-12-06T23:31:15.610361294Z', 'message': {'role': 'assistant', 'content': 'Well'}, 'done': True, 'done_reason': 'stop', 'total_duration': 532112254, 'load_duration': 156290789, 'prompt_eval_count': 611, 'prompt_eval_duration': 288546559, 'eval_count': 2, 'eval_duration': 11601611}
Response: Well
Analyzing frame 18/77...
Prompt: Given the scenario shown on the video, you think this situation ends well or poorly? (Use only one word to answer)
Image size: 16080 bytes
Response status code: 200
{'model': 'llava-llama3', 'created_at': '2025-12-06T23:31:27.995693456Z', 'message': {'role': 'assistant', 'content': 'Well'}, 'done': True, 'done_reason': 'stop', 'total_duration': 11346701781, 'load_duration': 10903222255, 'prompt_eval_count': 611, 'prompt_eval_duration': 317324994, 'eval_count': 2, 'eval_duration': 12326380}
Response: Well
Analyzing frame 19/77...
Prompt: Given the scenario shown on the video, you think this situation ends well or poorly? (Use only one word to answer)
Image size: 16140 bytes
Response status code: 200
{'model': 'llava-llama3', 'created_at': '2025-12-06T23:31:29.566262247Z', 'message': {'role': 'assistant', 'content': 'Well'}, 'done': True, 'done_reason': 'stop', 'total_duration': 532545949, 'load_duration': 177184160, 'prompt_eval_count': 611, 'prompt_eval_duration': 286228045, 'eval_count': 2, 'eval_duration': 11574320}
Response: Well
Analyzing frame 20/77...
Prompt: Given the scenario shown on the video, you think this situation ends well or poorly? (Use only one word to answer)
Image size: 15800 bytes
Response status code: 200
{'model': 'llava-llama3', 'created_at': '2025-12-06T23:31:41.754335937Z', 'message': {'role': 'assistant', 'content': 'Well'}, 'done': True, 'done_reason': 'stop', 'total_duration': 11149771474, 'load_duration': 10741500240, 'prompt_eval_count': 611, 'prompt_eval_duration': 307446483, 'eval_count': 2, 'eval_duration': 11641606}
Response: Well
Analyzing frame 21/77...
Prompt: Given the scenario shown on the video, you think this situation ends well or poorly? (Use only one word to answer)
Image size: 15940 bytes
Response status code: 200
{'model': 'llava-llama3', 'created_at': '2025-12-06T23:31:43.294079967Z', 'message': {'role': 'assistant', 'content': 'Poorly'}, 'done': True, 'done_reason': 'stop', 'total_duration': 502617976, 'load_duration': 130116426, 'prompt_eval_count': 611, 'prompt_eval_duration': 290476753, 'eval_count': 3, 'eval_duration': 22837640}
Response: Poorly
Analyzing frame 22/77...
Prompt: Given the scenario shown on the video, you think this situation ends well or poorly? (Use only one word to answer)
Image size: 15596 bytes
Response status code: 200
{'model': 'llava-llama3', 'created_at': '2025-12-06T23:31:55.586884663Z', 'message': {'role': 'assistant', 'content': 'Well'}, 'done': True, 'done_reason': 'stop', 'total_duration': 11255297607, 'load_duration': 10849693957, 'prompt_eval_count': 611, 'prompt_eval_duration': 305416777, 'eval_count': 2, 'eval_duration': 11642686}
Response: Well
Analyzing frame 23/77...
Prompt: Given the scenario shown on the video, you think this situation ends well or poorly? (Use only one word to answer)
Image size: 15272 bytes
Response status code: 200
{'model': 'llava-llama3', 'created_at': '2025-12-06T23:32:09.126089778Z', 'message': {'role': 'assistant', 'content': 'Well'}, 'done': True, 'done_reason': 'stop', 'total_duration': 12503974106, 'load_duration': 12095905644, 'prompt_eval_count': 611, 'prompt_eval_duration': 305521075, 'eval_count': 2, 'eval_duration': 11874579}
Response: Well
Analyzing frame 24/77...
Prompt: Given the scenario shown on the video, you think this situation ends well or poorly? (Use only one word to answer)
Image size: 15092 bytes
Response status code: 200
{'model': 'llava-llama3', 'created_at': '2025-12-06T23:32:22.659666339Z', 'message': {'role': 'assistant', 'content': 'Well'}, 'done': True, 'done_reason': 'stop', 'total_duration': 12496304264, 'load_duration': 12080155207, 'prompt_eval_count': 611, 'prompt_eval_duration': 317847427, 'eval_count': 2, 'eval_duration': 11673440}
Response: Well
Analyzing frame 25/77...
Prompt: Given the scenario shown on the video, you think this situation ends well or poorly? (Use only one word to answer)
Image size: 15320 bytes
Response status code: 200
{'model': 'llava-llama3', 'created_at': '2025-12-06T23:32:24.215595269Z', 'message': {'role': 'assistant', 'content': 'Poorly'}, 'done': True, 'done_reason': 'stop', 'total_duration': 519659406, 'load_duration': 152271833, 'prompt_eval_count': 611, 'prompt_eval_duration': 289121848, 'eval_count': 3, 'eval_duration': 22513302}
Response: Poorly
Analyzing frame 26/77...
Prompt: Given the scenario shown on the video, you think this situation ends well or poorly? (Use only one word to answer)
Image size: 15244 bytes
Response status code: 200
{'model': 'llava-llama3', 'created_at': '2025-12-06T23:32:36.562776964Z', 'message': {'role': 'assistant', 'content': 'Well'}, 'done': True, 'done_reason': 'stop', 'total_duration': 11312381020, 'load_duration': 10894350503, 'prompt_eval_count': 611, 'prompt_eval_duration': 305643596, 'eval_count': 2, 'eval_duration': 11567801}
Response: Well
Analyzing frame 27/77...
Prompt: Given the scenario shown on the video, you think this situation ends well or poorly? (Use only one word to answer)
Image size: 14872 bytes
Response status code: 200
{'model': 'llava-llama3', 'created_at': '2025-12-06T23:32:38.140025294Z', 'message': {'role': 'assistant', 'content': 'Poorly'}, 'done': True, 'done_reason': 'stop', 'total_duration': 539904894, 'load_duration': 153069259, 'prompt_eval_count': 611, 'prompt_eval_duration': 293002161, 'eval_count': 3, 'eval_duration': 22688869}
Response: Poorly
Analyzing frame 28/77...
Prompt: Given the scenario shown on the video, you think this situation ends well or poorly? (Use only one word to answer)
Image size: 14536 bytes
Response status code: 200
{'model': 'llava-llama3', 'created_at': '2025-12-06T23:32:50.471684169Z', 'message': {'role': 'assistant', 'content': 'Poorly'}, 'done': True, 'done_reason': 'stop', 'total_duration': 11295154963, 'load_duration': 10879020523, 'prompt_eval_count': 611, 'prompt_eval_duration': 304119562, 'eval_count': 3, 'eval_duration': 23131275}
Response: Poorly
Analyzing frame 29/77...
Prompt: Given the scenario shown on the video, you think this situation ends well or poorly? (Use only one word to answer)
Image size: 13680 bytes
Response status code: 200
{'model': 'llava-llama3', 'created_at': '2025-12-06T23:32:52.07757139Z', 'message': {'role': 'assistant', 'content': 'Well'}, 'done': True, 'done_reason': 'stop', 'total_duration': 571068288, 'load_duration': 191425869, 'prompt_eval_count': 611, 'prompt_eval_duration': 287527628, 'eval_count': 2, 'eval_duration': 11535592}
Response: Well
Analyzing frame 30/77...
Prompt: Given the scenario shown on the video, you think this situation ends well or poorly? (Use only one word to answer)
Image size: 13324 bytes
Response status code: 200
{'model': 'llava-llama3', 'created_at': '2025-12-06T23:33:04.318904537Z', 'message': {'role': 'assistant', 'content': 'Poorly'}, 'done': True, 'done_reason': 'stop', 'total_duration': 11202641934, 'load_duration': 10774949156, 'prompt_eval_count': 611, 'prompt_eval_duration': 303768800, 'eval_count': 3, 'eval_duration': 23042099}
Response: Poorly
Analyzing frame 31/77...
Prompt: Given the scenario shown on the video, you think this situation ends well or poorly? (Use only one word to answer)
Image size: 13340 bytes
Response status code: 200
{'model': 'llava-llama3', 'created_at': '2025-12-06T23:33:17.821731133Z', 'message': {'role': 'assistant', 'content': 'Poorly'}, 'done': True, 'done_reason': 'stop', 'total_duration': 12467958924, 'load_duration': 12030733500, 'prompt_eval_count': 611, 'prompt_eval_duration': 310434838, 'eval_count': 3, 'eval_duration': 22687512}
Response: Poorly
Analyzing frame 32/77...
Prompt: Given the scenario shown on the video, you think this situation ends well or poorly? (Use only one word to answer)
Image size: 13108 bytes
Response status code: 200
{'model': 'llava-llama3', 'created_at': '2025-12-06T23:33:19.41655932Z', 'message': {'role': 'assistant', 'content': 'Poorly'}, 'done': True, 'done_reason': 'stop', 'total_duration': 557411823, 'load_duration': 185512395, 'prompt_eval_count': 611, 'prompt_eval_duration': 286327536, 'eval_count': 3, 'eval_duration': 22535340}
Response: Poorly
Analyzing frame 33/77...
Prompt: Given the scenario shown on the video, you think this situation ends well or poorly? (Use only one word to answer)
Image size: 13660 bytes
Response status code: 200
{'model': 'llava-llama3', 'created_at': '2025-12-06T23:33:31.927295831Z', 'message': {'role': 'assistant', 'content': 'Well'}, 'done': True, 'done_reason': 'stop', 'total_duration': 11474170364, 'load_duration': 11052556453, 'prompt_eval_count': 611, 'prompt_eval_duration': 321104137, 'eval_count': 2, 'eval_duration': 12013472}
Response: Well
Analyzing frame 34/77...
Prompt: Given the scenario shown on the video, you think this situation ends well or poorly? (Use only one word to answer)
Image size: 13352 bytes
Response status code: 200
{'model': 'llava-llama3', 'created_at': '2025-12-06T23:33:45.513829412Z', 'message': {'role': 'assistant', 'content': 'Poorly'}, 'done': True, 'done_reason': 'stop', 'total_duration': 12548149102, 'load_duration': 12114526766, 'prompt_eval_count': 611, 'prompt_eval_duration': 319447973, 'eval_count': 3, 'eval_duration': 22954045}
Response: Poorly
Analyzing frame 35/77...
Prompt: Given the scenario shown on the video, you think this situation ends well or poorly? (Use only one word to answer)
Image size: 14024 bytes
Response status code: 200
{'model': 'llava-llama3', 'created_at': '2025-12-06T23:33:47.061838151Z', 'message': {'role': 'assistant', 'content': 'Poorly'}, 'done': True, 'done_reason': 'stop', 'total_duration': 509303737, 'load_duration': 140224912, 'prompt_eval_count': 611, 'prompt_eval_duration': 288285778, 'eval_count': 3, 'eval_duration': 22543566}
Response: Poorly
Analyzing frame 36/77...
Prompt: Given the scenario shown on the video, you think this situation ends well or poorly? (Use only one word to answer)
Image size: 14596 bytes
Response status code: 200
{'model': 'llava-llama3', 'created_at': '2025-12-06T23:33:59.253329389Z', 'message': {'role': 'assistant', 'content': 'Well'}, 'done': True, 'done_reason': 'stop', 'total_duration': 11155686934, 'load_duration': 10739649767, 'prompt_eval_count': 611, 'prompt_eval_duration': 304457903, 'eval_count': 2, 'eval_duration': 11568248}
Response: Well
Analyzing frame 37/77...
Prompt: Given the scenario shown on the video, you think this situation ends well or poorly? (Use only one word to answer)
Image size: 14784 bytes
Response status code: 200
{'model': 'llava-llama3', 'created_at': '2025-12-06T23:34:00.843981806Z', 'message': {'role': 'assistant', 'content': 'Well'}, 'done': True, 'done_reason': 'stop', 'total_duration': 552479869, 'load_duration': 188662296, 'prompt_eval_count': 611, 'prompt_eval_duration': 287388725, 'eval_count': 2, 'eval_duration': 11702210}
Response: Well
Analyzing frame 38/77...
Prompt: Given the scenario shown on the video, you think this situation ends well or poorly? (Use only one word to answer)
Image size: 14856 bytes
Response status code: 200
{'model': 'llava-llama3', 'created_at': '2025-12-06T23:34:13.299249848Z', 'message': {'role': 'assistant', 'content': 'Well'}, 'done': True, 'done_reason': 'stop', 'total_duration': 11416620696, 'load_duration': 11003380252, 'prompt_eval_count': 611, 'prompt_eval_duration': 315571309, 'eval_count': 2, 'eval_duration': 12008456}
Response: Well
Analyzing frame 39/77...
Prompt: Given the scenario shown on the video, you think this situation ends well or poorly? (Use only one word to answer)
Image size: 14852 bytes
Response status code: 200
{'model': 'llava-llama3', 'created_at': '2025-12-06T23:34:26.533694283Z', 'message': {'role': 'assistant', 'content': 'Well'}, 'done': True, 'done_reason': 'stop', 'total_duration': 12198327457, 'load_duration': 11784154069, 'prompt_eval_count': 611, 'prompt_eval_duration': 316542408, 'eval_count': 2, 'eval_duration': 11666868}
Response: Well
Analyzing frame 40/77...
Prompt: Given the scenario shown on the video, you think this situation ends well or poorly? (Use only one word to answer)
Image size: 15696 bytes
Response status code: 200
{'model': 'llava-llama3', 'created_at': '2025-12-06T23:34:39.995482271Z', 'message': {'role': 'assistant', 'content': 'Well'}, 'done': True, 'done_reason': 'stop', 'total_duration': 12423876005, 'load_duration': 12007593189, 'prompt_eval_count': 611, 'prompt_eval_duration': 306334644, 'eval_count': 2, 'eval_duration': 11644032}
Response: Well
Analyzing frame 41/77...
Prompt: Given the scenario shown on the video, you think this situation ends well or poorly? (Use only one word to answer)
Image size: 15784 bytes
Response status code: 200
{'model': 'llava-llama3', 'created_at': '2025-12-06T23:34:53.670953338Z', 'message': {'role': 'assistant', 'content': 'Well'}, 'done': True, 'done_reason': 'stop', 'total_duration': 12639591479, 'load_duration': 12199625019, 'prompt_eval_count': 611, 'prompt_eval_duration': 318947699, 'eval_count': 2, 'eval_duration': 11654839}
Response: Well
Analyzing frame 42/77...
Prompt: Given the scenario shown on the video, you think this situation ends well or poorly? (Use only one word to answer)
Image size: 15380 bytes
Response status code: 200
{'model': 'llava-llama3', 'created_at': '2025-12-06T23:34:55.259800429Z', 'message': {'role': 'assistant', 'content': 'Poorly'}, 'done': True, 'done_reason': 'stop', 'total_duration': 549664470, 'load_duration': 160266120, 'prompt_eval_count': 611, 'prompt_eval_duration': 285898447, 'eval_count': 3, 'eval_duration': 22539339}
Response: Poorly
Analyzing frame 43/77...
Prompt: Given the scenario shown on the video, you think this situation ends well or poorly? (Use only one word to answer)
Image size: 15740 bytes
Response status code: 200
{'model': 'llava-llama3', 'created_at': '2025-12-06T23:35:07.428105179Z', 'message': {'role': 'assistant', 'content': 'Poorly'}, 'done': True, 'done_reason': 'stop', 'total_duration': 11134823465, 'load_duration': 10717585175, 'prompt_eval_count': 611, 'prompt_eval_duration': 305931078, 'eval_count': 3, 'eval_duration': 22912745}
Response: Poorly
Analyzing frame 44/77...
Prompt: Given the scenario shown on the video, you think this situation ends well or poorly? (Use only one word to answer)
Image size: 15920 bytes
Response status code: 200
{'model': 'llava-llama3', 'created_at': '2025-12-06T23:35:20.986497229Z', 'message': {'role': 'assistant', 'content': 'Poorly'}, 'done': True, 'done_reason': 'stop', 'total_duration': 12524037974, 'load_duration': 12093797285, 'prompt_eval_count': 611, 'prompt_eval_duration': 307214333, 'eval_count': 3, 'eval_duration': 22669303}
Response: Poorly
Analyzing frame 45/77...
Prompt: Given the scenario shown on the video, you think this situation ends well or poorly? (Use only one word to answer)
Image size: 15952 bytes
Response status code: 200
{'model': 'llava-llama3', 'created_at': '2025-12-06T23:35:22.590605631Z', 'message': {'role': 'assistant', 'content': 'Poorly'}, 'done': True, 'done_reason': 'stop', 'total_duration': 574048672, 'load_duration': 189056469, 'prompt_eval_count': 611, 'prompt_eval_duration': 285368797, 'eval_count': 3, 'eval_duration': 22569006}
Response: Poorly
Analyzing frame 46/77...
Prompt: Given the scenario shown on the video, you think this situation ends well or poorly? (Use only one word to answer)
Image size: 16104 bytes
Response status code: 200
{'model': 'llava-llama3', 'created_at': '2025-12-06T23:35:34.976187014Z', 'message': {'role': 'assistant', 'content': 'Poorly'}, 'done': True, 'done_reason': 'stop', 'total_duration': 11350708182, 'load_duration': 10936837921, 'prompt_eval_count': 611, 'prompt_eval_duration': 304388997, 'eval_count': 3, 'eval_duration': 22694345}
Response: Poorly
Analyzing frame 47/77...
Prompt: Given the scenario shown on the video, you think this situation ends well or poorly? (Use only one word to answer)
Image size: 16240 bytes
Response status code: 200
{'model': 'llava-llama3', 'created_at': '2025-12-06T23:35:48.693526083Z', 'message': {'role': 'assistant', 'content': 'Poorly'}, 'done': True, 'done_reason': 'stop', 'total_duration': 12681292804, 'load_duration': 12262566686, 'prompt_eval_count': 611, 'prompt_eval_duration': 306466049, 'eval_count': 3, 'eval_duration': 22659265}
Response: Poorly
Analyzing frame 48/77...
Prompt: Given the scenario shown on the video, you think this situation ends well or poorly? (Use only one word to answer)
Image size: 16360 bytes
Response status code: 200
{'model': 'llava-llama3', 'created_at': '2025-12-06T23:36:02.403957504Z', 'message': {'role': 'assistant', 'content': 'Poorly'}, 'done': True, 'done_reason': 'stop', 'total_duration': 12672479644, 'load_duration': 12255282600, 'prompt_eval_count': 611, 'prompt_eval_duration': 304107604, 'eval_count': 3, 'eval_duration': 23016318}
Response: Poorly
Analyzing frame 49/77...
Prompt: Given the scenario shown on the video, you think this situation ends well or poorly? (Use only one word to answer)
Image size: 16368 bytes
Response status code: 200
{'model': 'llava-llama3', 'created_at': '2025-12-06T23:36:03.93082468Z', 'message': {'role': 'assistant', 'content': 'Poorly'}, 'done': True, 'done_reason': 'stop', 'total_duration': 489721300, 'load_duration': 122805625, 'prompt_eval_count': 611, 'prompt_eval_duration': 287727407, 'eval_count': 3, 'eval_duration': 22580053}
Response: Poorly
Analyzing frame 50/77...
Prompt: Given the scenario shown on the video, you think this situation ends well or poorly? (Use only one word to answer)
Image size: 16348 bytes
Response status code: 200
{'model': 'llava-llama3', 'created_at': '2025-12-06T23:36:16.175628754Z', 'message': {'role': 'assistant', 'content': 'Poorly'}, 'done': True, 'done_reason': 'stop', 'total_duration': 11208308555, 'load_duration': 10776712070, 'prompt_eval_count': 611, 'prompt_eval_duration': 319583234, 'eval_count': 3, 'eval_duration': 22773539}
Response: Poorly
Analyzing frame 51/77...
Prompt: Given the scenario shown on the video, you think this situation ends well or poorly? (Use only one word to answer)
Image size: 16356 bytes
Response status code: 200
{'model': 'llava-llama3', 'created_at': '2025-12-06T23:36:17.770069955Z', 'message': {'role': 'assistant', 'content': 'Poorly'}, 'done': True, 'done_reason': 'stop', 'total_duration': 557714783, 'load_duration': 190516268, 'prompt_eval_count': 611, 'prompt_eval_duration': 288635009, 'eval_count': 3, 'eval_duration': 22891314}
Response: Poorly
Analyzing frame 52/77...
Prompt: Given the scenario shown on the video, you think this situation ends well or poorly? (Use only one word to answer)
Image size: 16360 bytes
Response status code: 200
{'model': 'llava-llama3', 'created_at': '2025-12-06T23:36:30.045340885Z', 'message': {'role': 'assistant', 'content': 'Poorly'}, 'done': True, 'done_reason': 'stop', 'total_duration': 11235666943, 'load_duration': 10814899938, 'prompt_eval_count': 611, 'prompt_eval_duration': 308396844, 'eval_count': 3, 'eval_duration': 23011859}
Response: Poorly
Analyzing frame 53/77...
Prompt: Given the scenario shown on the video, you think this situation ends well or poorly? (Use only one word to answer)
Image size: 16348 bytes
Response status code: 200
{'model': 'llava-llama3', 'created_at': '2025-12-06T23:36:43.830185079Z', 'message': {'role': 'assistant', 'content': 'Poorly'}, 'done': True, 'done_reason': 'stop', 'total_duration': 12743308713, 'load_duration': 12297686657, 'prompt_eval_count': 611, 'prompt_eval_duration': 321606923, 'eval_count': 3, 'eval_duration': 24677088}
Response: Poorly
Analyzing frame 54/77...
Prompt: Given the scenario shown on the video, you think this situation ends well or poorly? (Use only one word to answer)
Image size: 16348 bytes
Response status code: 200
{'model': 'llava-llama3', 'created_at': '2025-12-06T23:36:57.39718069Z', 'message': {'role': 'assistant', 'content': 'Well'}, 'done': True, 'done_reason': 'stop', 'total_duration': 12529059128, 'load_duration': 12094626327, 'prompt_eval_count': 611, 'prompt_eval_duration': 329733198, 'eval_count': 2, 'eval_duration': 11609625}
Response: Well
Analyzing frame 55/77...
Prompt: Given the scenario shown on the video, you think this situation ends well or poorly? (Use only one word to answer)
Image size: 16352 bytes
Response status code: 200
{'model': 'llava-llama3', 'created_at': '2025-12-06T23:36:58.951850027Z', 'message': {'role': 'assistant', 'content': 'Poorly'}, 'done': True, 'done_reason': 'stop', 'total_duration': 517179584, 'load_duration': 150452552, 'prompt_eval_count': 611, 'prompt_eval_duration': 288117070, 'eval_count': 3, 'eval_duration': 22564585}
Response: Poorly
Analyzing frame 56/77...
Prompt: Given the scenario shown on the video, you think this situation ends well or poorly? (Use only one word to answer)
Image size: 16356 bytes
Response status code: 200
{'model': 'llava-llama3', 'created_at': '2025-12-06T23:37:11.29012545Z', 'message': {'role': 'assistant', 'content': 'Poorly'}, 'done': True, 'done_reason': 'stop', 'total_duration': 11298760674, 'load_duration': 10859193095, 'prompt_eval_count': 611, 'prompt_eval_duration': 321250159, 'eval_count': 3, 'eval_duration': 22760688}
Response: Poorly
Analyzing frame 57/77...
Prompt: Given the scenario shown on the video, you think this situation ends well or poorly? (Use only one word to answer)
Image size: 16356 bytes
Response status code: 200
{'model': 'llava-llama3', 'created_at': '2025-12-06T23:37:24.565071977Z', 'message': {'role': 'assistant', 'content': 'Poorly'}, 'done': True, 'done_reason': 'stop', 'total_duration': 12235336921, 'load_duration': 11804555002, 'prompt_eval_count': 611, 'prompt_eval_duration': 319424243, 'eval_count': 3, 'eval_duration': 22832708}
Response: Poorly
Analyzing frame 58/77...
Prompt: Given the scenario shown on the video, you think this situation ends well or poorly? (Use only one word to answer)
Image size: 16348 bytes
Response status code: 200
{'model': 'llava-llama3', 'created_at': '2025-12-06T23:37:38.488543597Z', 'message': {'role': 'assistant', 'content': 'Poorly'}, 'done': True, 'done_reason': 'stop', 'total_duration': 12884354110, 'load_duration': 12470097293, 'prompt_eval_count': 611, 'prompt_eval_duration': 304282517, 'eval_count': 3, 'eval_duration': 22655461}
Response: Poorly
Analyzing frame 59/77...
Prompt: Given the scenario shown on the video, you think this situation ends well or poorly? (Use only one word to answer)
Image size: 16356 bytes
Response status code: 200
{'model': 'llava-llama3', 'created_at': '2025-12-06T23:37:51.964149403Z', 'message': {'role': 'assistant', 'content': 'Poorly'}, 'done': True, 'done_reason': 'stop', 'total_duration': 12437314757, 'load_duration': 12004755361, 'prompt_eval_count': 611, 'prompt_eval_duration': 308603634, 'eval_count': 3, 'eval_duration': 22664100}
Response: Poorly
Analyzing frame 60/77...
Prompt: Given the scenario shown on the video, you think this situation ends well or poorly? (Use only one word to answer)
Image size: 16352 bytes
Response status code: 200
{'model': 'llava-llama3', 'created_at': '2025-12-06T23:38:05.409966385Z', 'message': {'role': 'assistant', 'content': 'Poorly'}, 'done': True, 'done_reason': 'stop', 'total_duration': 12408186840, 'load_duration': 11972853609, 'prompt_eval_count': 611, 'prompt_eval_duration': 322099861, 'eval_count': 3, 'eval_duration': 22703188}
Response: Poorly
Analyzing frame 61/77...
Prompt: Given the scenario shown on the video, you think this situation ends well or poorly? (Use only one word to answer)
Image size: 16356 bytes
Response status code: 200
{'model': 'llava-llama3', 'created_at': '2025-12-06T23:38:18.840382391Z', 'message': {'role': 'assistant', 'content': 'Well'}, 'done': True, 'done_reason': 'stop', 'total_duration': 12391743242, 'load_duration': 11942661484, 'prompt_eval_count': 611, 'prompt_eval_duration': 319326214, 'eval_count': 2, 'eval_duration': 11948180}
Response: Well
Analyzing frame 62/77...
Prompt: Given the scenario shown on the video, you think this situation ends well or poorly? (Use only one word to answer)
Image size: 16348 bytes
Response status code: 200
{'model': 'llava-llama3', 'created_at': '2025-12-06T23:38:32.376791175Z', 'message': {'role': 'assistant', 'content': 'Poorly'}, 'done': True, 'done_reason': 'stop', 'total_duration': 12500322636, 'load_duration': 12062226393, 'prompt_eval_count': 611, 'prompt_eval_duration': 317189588, 'eval_count': 3, 'eval_duration': 22883691}
Response: Poorly
Analyzing frame 63/77...
Prompt: Given the scenario shown on the video, you think this situation ends well or poorly? (Use only one word to answer)
Image size: 16356 bytes
Response status code: 200
{'model': 'llava-llama3', 'created_at': '2025-12-06T23:38:46.071880925Z', 'message': {'role': 'assistant', 'content': 'Poorly'}, 'done': True, 'done_reason': 'stop', 'total_duration': 12660318873, 'load_duration': 12229081834, 'prompt_eval_count': 611, 'prompt_eval_duration': 306738770, 'eval_count': 3, 'eval_duration': 22796789}
Response: Poorly
Analyzing frame 64/77...
Prompt: Given the scenario shown on the video, you think this situation ends well or poorly? (Use only one word to answer)
Image size: 16352 bytes
Response status code: 200
{'model': 'llava-llama3', 'created_at': '2025-12-06T23:38:59.722116258Z', 'message': {'role': 'assistant', 'content': 'Well'}, 'done': True, 'done_reason': 'stop', 'total_duration': 12611327465, 'load_duration': 12199914274, 'prompt_eval_count': 611, 'prompt_eval_duration': 305946375, 'eval_count': 2, 'eval_duration': 11583737}
Response: Well
Analyzing frame 65/77...
Prompt: Given the scenario shown on the video, you think this situation ends well or poorly? (Use only one word to answer)
Image size: 16364 bytes
Response status code: 200
{'model': 'llava-llama3', 'created_at': '2025-12-06T23:39:13.212265329Z', 'message': {'role': 'assistant', 'content': 'Well'}, 'done': True, 'done_reason': 'stop', 'total_duration': 12452135464, 'load_duration': 12020878733, 'prompt_eval_count': 611, 'prompt_eval_duration': 318195764, 'eval_count': 2, 'eval_duration': 11912009}
Response: Well
Analyzing frame 66/77...
Prompt: Given the scenario shown on the video, you think this situation ends well or poorly? (Use only one word to answer)
Image size: 16368 bytes
Response status code: 200
{'model': 'llava-llama3', 'created_at': '2025-12-06T23:39:26.781117298Z', 'message': {'role': 'assistant', 'content': 'Poorly'}, 'done': True, 'done_reason': 'stop', 'total_duration': 12530439715, 'load_duration': 12096328216, 'prompt_eval_count': 611, 'prompt_eval_duration': 319832094, 'eval_count': 3, 'eval_duration': 22628139}
Response: Poorly
Analyzing frame 67/77...
Prompt: Given the scenario shown on the video, you think this situation ends well or poorly? (Use only one word to answer)
Image size: 16344 bytes
Response status code: 200
{'model': 'llava-llama3', 'created_at': '2025-12-06T23:39:40.248378756Z', 'message': {'role': 'assistant', 'content': 'Well'}, 'done': True, 'done_reason': 'stop', 'total_duration': 12428402548, 'load_duration': 12006690357, 'prompt_eval_count': 611, 'prompt_eval_duration': 320976181, 'eval_count': 2, 'eval_duration': 11590963}
Response: Well
Analyzing frame 68/77...
Prompt: Given the scenario shown on the video, you think this situation ends well or poorly? (Use only one word to answer)
Image size: 16368 bytes
Response status code: 200
{'model': 'llava-llama3', 'created_at': '2025-12-06T23:39:53.946780487Z', 'message': {'role': 'assistant', 'content': 'Poorly'}, 'done': True, 'done_reason': 'stop', 'total_duration': 12664073199, 'load_duration': 12224189671, 'prompt_eval_count': 611, 'prompt_eval_duration': 320640632, 'eval_count': 3, 'eval_duration': 22682762}
Response: Poorly
Analyzing frame 69/77...
Prompt: Given the scenario shown on the video, you think this situation ends well or poorly? (Use only one word to answer)
Image size: 16360 bytes
Response status code: 200
{'model': 'llava-llama3', 'created_at': '2025-12-06T23:40:07.407304703Z', 'message': {'role': 'assistant', 'content': 'Well'}, 'done': True, 'done_reason': 'stop', 'total_duration': 12423290906, 'load_duration': 12025212323, 'prompt_eval_count': 611, 'prompt_eval_duration': 302260807, 'eval_count': 2, 'eval_duration': 11519725}
Response: Well
Analyzing frame 70/77...
Prompt: Given the scenario shown on the video, you think this situation ends well or poorly? (Use only one word to answer)
Image size: 16356 bytes
Response status code: 200
{'model': 'llava-llama3', 'created_at': '2025-12-06T23:40:21.042774454Z', 'message': {'role': 'assistant', 'content': 'Poorly'}, 'done': True, 'done_reason': 'stop', 'total_duration': 12601811650, 'load_duration': 12177916577, 'prompt_eval_count': 611, 'prompt_eval_duration': 311173761, 'eval_count': 3, 'eval_duration': 22620222}
Response: Poorly
Analyzing frame 71/77...
Prompt: Given the scenario shown on the video, you think this situation ends well or poorly? (Use only one word to answer)
Image size: 16364 bytes
Response status code: 200
{'model': 'llava-llama3', 'created_at': '2025-12-06T23:40:34.595405794Z', 'message': {'role': 'assistant', 'content': 'Poorly'}, 'done': True, 'done_reason': 'stop', 'total_duration': 12514537050, 'load_duration': 12101959668, 'prompt_eval_count': 611, 'prompt_eval_duration': 303141855, 'eval_count': 3, 'eval_duration': 22656389}
Response: Poorly
Analyzing frame 72/77...
Prompt: Given the scenario shown on the video, you think this situation ends well or poorly? (Use only one word to answer)
Image size: 16368 bytes
Response status code: 200
{'model': 'llava-llama3', 'created_at': '2025-12-06T23:40:47.87542333Z', 'message': {'role': 'assistant', 'content': 'Well'}, 'done': True, 'done_reason': 'stop', 'total_duration': 12240567482, 'load_duration': 11821104252, 'prompt_eval_count': 611, 'prompt_eval_duration': 308589688, 'eval_count': 2, 'eval_duration': 11586531}
Response: Well
Analyzing frame 73/77...
Prompt: Given the scenario shown on the video, you think this situation ends well or poorly? (Use only one word to answer)
Image size: 16344 bytes
Response status code: 200
{'model': 'llava-llama3', 'created_at': '2025-12-06T23:41:01.413239617Z', 'message': {'role': 'assistant', 'content': 'Well'}, 'done': True, 'done_reason': 'stop', 'total_duration': 12502002303, 'load_duration': 12098088481, 'prompt_eval_count': 611, 'prompt_eval_duration': 304546250, 'eval_count': 2, 'eval_duration': 11886411}
Response: Well
Analyzing frame 74/77...
Prompt: Given the scenario shown on the video, you think this situation ends well or poorly? (Use only one word to answer)
Image size: 16348 bytes
Response status code: 200
{'model': 'llava-llama3', 'created_at': '2025-12-06T23:41:15.096370952Z', 'message': {'role': 'assistant', 'content': 'Well'}, 'done': True, 'done_reason': 'stop', 'total_duration': 12641290197, 'load_duration': 12240017348, 'prompt_eval_count': 611, 'prompt_eval_duration': 302812367, 'eval_count': 2, 'eval_duration': 11899408}
Response: Well
Analyzing frame 75/77...
Prompt: Given the scenario shown on the video, you think this situation ends well or poorly? (Use only one word to answer)
Image size: 16352 bytes
Response status code: 200
{'model': 'llava-llama3', 'created_at': '2025-12-06T23:41:28.880914247Z', 'message': {'role': 'assistant', 'content': 'Poorly'}, 'done': True, 'done_reason': 'stop', 'total_duration': 12765539264, 'load_duration': 12327539306, 'prompt_eval_count': 611, 'prompt_eval_duration': 315312357, 'eval_count': 3, 'eval_duration': 22716021}
Response: Poorly
Analyzing frame 76/77...
Prompt: Given the scenario shown on the video, you think this situation ends well or poorly? (Use only one word to answer)
Image size: 16348 bytes
Response status code: 200
{'model': 'llava-llama3', 'created_at': '2025-12-06T23:41:42.154172063Z', 'message': {'role': 'assistant', 'content': 'Poorly'}, 'done': True, 'done_reason': 'stop', 'total_duration': 12233255202, 'load_duration': 11818900769, 'prompt_eval_count': 611, 'prompt_eval_duration': 302747382, 'eval_count': 3, 'eval_duration': 22751483}
Response: Poorly
Analyzing frame 77/77...
Prompt: Given the scenario shown on the video, you think this situation ends well or poorly? (Use only one word to answer)
Image size: 16364 bytes
Response status code: 200
{'model': 'llava-llama3', 'created_at': '2025-12-06T23:41:55.726866529Z', 'message': {'role': 'assistant', 'content': 'Well'}, 'done': True, 'done_reason': 'stop', 'total_duration': 12554398424, 'load_duration': 12148205675, 'prompt_eval_count': 611, 'prompt_eval_duration': 305842251, 'eval_count': 2, 'eval_duration': 11575757}
Response: Well
Final prediction for 44_final.mp4: Well

Results saved to ./results/results_llavallama3.csv
Total videos processed: 1507

==================================================
Processing video 17/30

Processing video: 46_final.mp4
Video info: 300 frames, 30.00 FPS, 10.00 seconds
Extracted 100 frames for analysis
Analyzing frame 1/100...
Prompt: Given the scenario shown on the video, you think this situation ends well or poorly? (Use only one word to answer)
Image size: 52884 bytes
Response status code: 200
{'model': 'llava-llama3', 'created_at': '2025-12-06T23:42:13.56794727Z', 'message': {'role': 'assistant', 'content': 'Well'}, 'done': True, 'done_reason': 'stop', 'total_duration': 10508838152, 'load_duration': 10069068025, 'prompt_eval_count': 611, 'prompt_eval_duration': 317043672, 'eval_count': 2, 'eval_duration': 11803621}
Response: Well
Analyzing frame 2/100...
Prompt: Given the scenario shown on the video, you think this situation ends well or poorly? (Use only one word to answer)
Image size: 53016 bytes
Response status code: 200
{'model': 'llava-llama3', 'created_at': '2025-12-06T23:42:27.062191406Z', 'message': {'role': 'assistant', 'content': 'Well'}, 'done': True, 'done_reason': 'stop', 'total_duration': 12458447710, 'load_duration': 12031845431, 'prompt_eval_count': 611, 'prompt_eval_duration': 316292307, 'eval_count': 2, 'eval_duration': 12232227}
Response: Well
Analyzing frame 3/100...
Prompt: Given the scenario shown on the video, you think this situation ends well or poorly? (Use only one word to answer)
Image size: 52828 bytes
Response status code: 200
{'model': 'llava-llama3', 'created_at': '2025-12-06T23:42:40.657586577Z', 'message': {'role': 'assistant', 'content': 'Well'}, 'done': True, 'done_reason': 'stop', 'total_duration': 12558702254, 'load_duration': 12152247687, 'prompt_eval_count': 611, 'prompt_eval_duration': 302590997, 'eval_count': 2, 'eval_duration': 11743334}
Response: Well
Analyzing frame 4/100...
Prompt: Given the scenario shown on the video, you think this situation ends well or poorly? (Use only one word to answer)
Image size: 52856 bytes
Response status code: 200
{'model': 'llava-llama3', 'created_at': '2025-12-06T23:42:54.265174295Z', 'message': {'role': 'assistant', 'content': 'Well'}, 'done': True, 'done_reason': 'stop', 'total_duration': 12569529741, 'load_duration': 12163532082, 'prompt_eval_count': 611, 'prompt_eval_duration': 305896762, 'eval_count': 2, 'eval_duration': 11553610}
Response: Well
Analyzing frame 5/100...
Prompt: Given the scenario shown on the video, you think this situation ends well or poorly? (Use only one word to answer)
Image size: 53196 bytes
Response status code: 200
{'model': 'llava-llama3', 'created_at': '2025-12-06T23:43:07.665685283Z', 'message': {'role': 'assistant', 'content': 'Well'}, 'done': True, 'done_reason': 'stop', 'total_duration': 12361491123, 'load_duration': 11955024561, 'prompt_eval_count': 611, 'prompt_eval_duration': 303586596, 'eval_count': 2, 'eval_duration': 13126156}
Response: Well
Analyzing frame 6/100...
Prompt: Given the scenario shown on the video, you think this situation ends well or poorly? (Use only one word to answer)
Image size: 53292 bytes
Response status code: 200
{'model': 'llava-llama3', 'created_at': '2025-12-06T23:43:09.251532519Z', 'message': {'role': 'assistant', 'content': 'Well'}, 'done': True, 'done_reason': 'stop', 'total_duration': 545668089, 'load_duration': 169536988, 'prompt_eval_count': 611, 'prompt_eval_duration': 286681073, 'eval_count': 2, 'eval_duration': 11462728}
Response: Well
Analyzing frame 7/100...
Prompt: Given the scenario shown on the video, you think this situation ends well or poorly? (Use only one word to answer)
Image size: 53056 bytes
Response status code: 200
{'model': 'llava-llama3', 'created_at': '2025-12-06T23:43:21.458231261Z', 'message': {'role': 'assistant', 'content': 'Well'}, 'done': True, 'done_reason': 'stop', 'total_duration': 11169554298, 'load_duration': 10755494746, 'prompt_eval_count': 611, 'prompt_eval_duration': 305983029, 'eval_count': 2, 'eval_duration': 11662221}
Response: Well
Analyzing frame 8/100...
Prompt: Given the scenario shown on the video, you think this situation ends well or poorly? (Use only one word to answer)
Image size: 53032 bytes
Response status code: 200
{'model': 'llava-llama3', 'created_at': '2025-12-06T23:43:23.029022471Z', 'message': {'role': 'assistant', 'content': 'Well'}, 'done': True, 'done_reason': 'stop', 'total_duration': 531494022, 'load_duration': 155422927, 'prompt_eval_count': 611, 'prompt_eval_duration': 286513019, 'eval_count': 2, 'eval_duration': 11558041}
Response: Well
Analyzing frame 9/100...
Prompt: Given the scenario shown on the video, you think this situation ends well or poorly? (Use only one word to answer)
Image size: 52920 bytes
Response status code: 200
{'model': 'llava-llama3', 'created_at': '2025-12-06T23:43:35.544441607Z', 'message': {'role': 'assistant', 'content': 'Well'}, 'done': True, 'done_reason': 'stop', 'total_duration': 11477584552, 'load_duration': 11067695253, 'prompt_eval_count': 611, 'prompt_eval_duration': 304695778, 'eval_count': 2, 'eval_duration': 11577542}
Response: Well
Analyzing frame 10/100...
Prompt: Given the scenario shown on the video, you think this situation ends well or poorly? (Use only one word to answer)
Image size: 52880 bytes
Response status code: 200
{'model': 'llava-llama3', 'created_at': '2025-12-06T23:43:37.087110262Z', 'message': {'role': 'assistant', 'content': 'Well'}, 'done': True, 'done_reason': 'stop', 'total_duration': 507775209, 'load_duration': 155773359, 'prompt_eval_count': 611, 'prompt_eval_duration': 286126756, 'eval_count': 2, 'eval_duration': 11493071}
Response: Well
Analyzing frame 11/100...
Prompt: Given the scenario shown on the video, you think this situation ends well or poorly? (Use only one word to answer)
Image size: 52884 bytes
Response status code: 200
{'model': 'llava-llama3', 'created_at': '2025-12-06T23:43:49.28935547Z', 'message': {'role': 'assistant', 'content': 'Well'}, 'done': True, 'done_reason': 'stop', 'total_duration': 11166492605, 'load_duration': 10738286874, 'prompt_eval_count': 611, 'prompt_eval_duration': 313402392, 'eval_count': 2, 'eval_duration': 11709598}
Response: Well
Analyzing frame 12/100...
Prompt: Given the scenario shown on the video, you think this situation ends well or poorly? (Use only one word to answer)
Image size: 52924 bytes
Response status code: 200
{'model': 'llava-llama3', 'created_at': '2025-12-06T23:44:02.900453591Z', 'message': {'role': 'assistant', 'content': 'Well'}, 'done': True, 'done_reason': 'stop', 'total_duration': 12571340643, 'load_duration': 12164319863, 'prompt_eval_count': 611, 'prompt_eval_duration': 303328246, 'eval_count': 2, 'eval_duration': 11624352}
Response: Well
Analyzing frame 13/100...
Prompt: Given the scenario shown on the video, you think this situation ends well or poorly? (Use only one word to answer)
Image size: 52836 bytes
Response status code: 200
{'model': 'llava-llama3', 'created_at': '2025-12-06T23:44:04.426354475Z', 'message': {'role': 'assistant', 'content': 'Well'}, 'done': True, 'done_reason': 'stop', 'total_duration': 487197561, 'load_duration': 129428782, 'prompt_eval_count': 611, 'prompt_eval_duration': 286875116, 'eval_count': 2, 'eval_duration': 11522071}
Response: Well
Analyzing frame 14/100...
Prompt: Given the scenario shown on the video, you think this situation ends well or poorly? (Use only one word to answer)
Image size: 52600 bytes
Response status code: 200
{'model': 'llava-llama3', 'created_at': '2025-12-06T23:44:16.826368977Z', 'message': {'role': 'assistant', 'content': 'Well'}, 'done': True, 'done_reason': 'stop', 'total_duration': 11362619904, 'load_duration': 10945800184, 'prompt_eval_count': 611, 'prompt_eval_duration': 305353172, 'eval_count': 2, 'eval_duration': 11755832}
Response: Well
Analyzing frame 15/100...
Prompt: Given the scenario shown on the video, you think this situation ends well or poorly? (Use only one word to answer)
Image size: 52432 bytes
Response status code: 200
{'model': 'llava-llama3', 'created_at': '2025-12-06T23:44:18.412569291Z', 'message': {'role': 'assistant', 'content': 'Well'}, 'done': True, 'done_reason': 'stop', 'total_duration': 557602751, 'load_duration': 171172950, 'prompt_eval_count': 611, 'prompt_eval_duration': 285288303, 'eval_count': 2, 'eval_duration': 11611370}
Response: Well
Analyzing frame 16/100...
Prompt: Given the scenario shown on the video, you think this situation ends well or poorly? (Use only one word to answer)
Image size: 52616 bytes
Response status code: 200
{'model': 'llava-llama3', 'created_at': '2025-12-06T23:44:30.681835066Z', 'message': {'role': 'assistant', 'content': 'Well'}, 'done': True, 'done_reason': 'stop', 'total_duration': 11228845379, 'load_duration': 10813301586, 'prompt_eval_count': 611, 'prompt_eval_duration': 305964843, 'eval_count': 2, 'eval_duration': 11627916}
Response: Well
Analyzing frame 17/100...
Prompt: Given the scenario shown on the video, you think this situation ends well or poorly? (Use only one word to answer)
Image size: 52568 bytes
Response status code: 200
{'model': 'llava-llama3', 'created_at': '2025-12-06T23:44:32.235669098Z', 'message': {'role': 'assistant', 'content': 'Well'}, 'done': True, 'done_reason': 'stop', 'total_duration': 514084292, 'load_duration': 136521504, 'prompt_eval_count': 611, 'prompt_eval_duration': 286670973, 'eval_count': 2, 'eval_duration': 11604845}
Response: Well
Analyzing frame 18/100...
Prompt: Given the scenario shown on the video, you think this situation ends well or poorly? (Use only one word to answer)
Image size: 52428 bytes
Response status code: 200
{'model': 'llava-llama3', 'created_at': '2025-12-06T23:44:44.71500042Z', 'message': {'role': 'assistant', 'content': 'Well'}, 'done': True, 'done_reason': 'stop', 'total_duration': 11441169953, 'load_duration': 11017769594, 'prompt_eval_count': 611, 'prompt_eval_duration': 307699492, 'eval_count': 2, 'eval_duration': 11529344}
Response: Well
Analyzing frame 19/100...
Prompt: Given the scenario shown on the video, you think this situation ends well or poorly? (Use only one word to answer)
Image size: 52368 bytes
Response status code: 200
{'model': 'llava-llama3', 'created_at': '2025-12-06T23:44:58.1587861Z', 'message': {'role': 'assistant', 'content': 'Poorly'}, 'done': True, 'done_reason': 'stop', 'total_duration': 12409610454, 'load_duration': 11983765952, 'prompt_eval_count': 611, 'prompt_eval_duration': 306536328, 'eval_count': 3, 'eval_duration': 24211670}
Response: Poorly
Analyzing frame 20/100...
Prompt: Given the scenario shown on the video, you think this situation ends well or poorly? (Use only one word to answer)
Image size: 52588 bytes
Response status code: 200
{'model': 'llava-llama3', 'created_at': '2025-12-06T23:45:12.025279298Z', 'message': {'role': 'assistant', 'content': 'Well'}, 'done': True, 'done_reason': 'stop', 'total_duration': 12826460934, 'load_duration': 12422220613, 'prompt_eval_count': 611, 'prompt_eval_duration': 304762312, 'eval_count': 2, 'eval_duration': 11646493}
Response: Well
Analyzing frame 21/100...
Prompt: Given the scenario shown on the video, you think this situation ends well or poorly? (Use only one word to answer)
Image size: 52544 bytes
Response status code: 200
{'model': 'llava-llama3', 'created_at': '2025-12-06T23:45:25.682355509Z', 'message': {'role': 'assistant', 'content': 'Well'}, 'done': True, 'done_reason': 'stop', 'total_duration': 12620731732, 'load_duration': 12193338912, 'prompt_eval_count': 611, 'prompt_eval_duration': 311883980, 'eval_count': 2, 'eval_duration': 11622521}
Response: Well
Analyzing frame 22/100...
Prompt: Given the scenario shown on the video, you think this situation ends well or poorly? (Use only one word to answer)
Image size: 52540 bytes
Response status code: 200
{'model': 'llava-llama3', 'created_at': '2025-12-06T23:45:27.271404168Z', 'message': {'role': 'assistant', 'content': 'Well'}, 'done': True, 'done_reason': 'stop', 'total_duration': 552702521, 'load_duration': 163373761, 'prompt_eval_count': 611, 'prompt_eval_duration': 285997976, 'eval_count': 2, 'eval_duration': 11559123}
Response: Well
Analyzing frame 23/100...
Prompt: Given the scenario shown on the video, you think this situation ends well or poorly? (Use only one word to answer)
Image size: 52460 bytes
Response status code: 200
{'model': 'llava-llama3', 'created_at': '2025-12-06T23:45:39.625197362Z', 'message': {'role': 'assistant', 'content': 'Well'}, 'done': True, 'done_reason': 'stop', 'total_duration': 11315563064, 'load_duration': 10902953382, 'prompt_eval_count': 611, 'prompt_eval_duration': 304623675, 'eval_count': 2, 'eval_duration': 11588152}
Response: Well
Analyzing frame 24/100...
Prompt: Given the scenario shown on the video, you think this situation ends well or poorly? (Use only one word to answer)
Image size: 52500 bytes
Response status code: 200
{'model': 'llava-llama3', 'created_at': '2025-12-06T23:45:53.19219579Z', 'message': {'role': 'assistant', 'content': 'Well'}, 'done': True, 'done_reason': 'stop', 'total_duration': 12528178647, 'load_duration': 12106444248, 'prompt_eval_count': 611, 'prompt_eval_duration': 317140409, 'eval_count': 2, 'eval_duration': 11675290}
Response: Well
Analyzing frame 25/100...
Prompt: Given the scenario shown on the video, you think this situation ends well or poorly? (Use only one word to answer)
Image size: 52460 bytes
Response status code: 200
{'model': 'llava-llama3', 'created_at': '2025-12-06T23:46:06.655758811Z', 'message': {'role': 'assistant', 'content': 'Well'}, 'done': True, 'done_reason': 'stop', 'total_duration': 12424251129, 'load_duration': 12024901453, 'prompt_eval_count': 611, 'prompt_eval_duration': 303193986, 'eval_count': 2, 'eval_duration': 11561473}
Response: Well
Analyzing frame 26/100...
Prompt: Given the scenario shown on the video, you think this situation ends well or poorly? (Use only one word to answer)
Image size: 52368 bytes
Response status code: 200
{'model': 'llava-llama3', 'created_at': '2025-12-06T23:46:08.226195433Z', 'message': {'role': 'assistant', 'content': 'Well'}, 'done': True, 'done_reason': 'stop', 'total_duration': 535728173, 'load_duration': 152876989, 'prompt_eval_count': 611, 'prompt_eval_duration': 285880562, 'eval_count': 2, 'eval_duration': 11462416}
Response: Well
Analyzing frame 27/100...
Prompt: Given the scenario shown on the video, you think this situation ends well or poorly? (Use only one word to answer)
Image size: 52152 bytes
Response status code: 200
{'model': 'llava-llama3', 'created_at': '2025-12-06T23:46:20.578969938Z', 'message': {'role': 'assistant', 'content': 'Well'}, 'done': True, 'done_reason': 'stop', 'total_duration': 11315379248, 'load_duration': 10891314071, 'prompt_eval_count': 611, 'prompt_eval_duration': 314314319, 'eval_count': 2, 'eval_duration': 11575145}
Response: Well
Analyzing frame 28/100...
Prompt: Given the scenario shown on the video, you think this situation ends well or poorly? (Use only one word to answer)
Image size: 52160 bytes
Response status code: 200
{'model': 'llava-llama3', 'created_at': '2025-12-06T23:46:22.136888432Z', 'message': {'role': 'assistant', 'content': 'Well'}, 'done': True, 'done_reason': 'stop', 'total_duration': 520516978, 'load_duration': 161925986, 'prompt_eval_count': 611, 'prompt_eval_duration': 285223365, 'eval_count': 2, 'eval_duration': 11870326}
Response: Well
Analyzing frame 29/100...
Prompt: Given the scenario shown on the video, you think this situation ends well or poorly? (Use only one word to answer)
Image size: 52308 bytes
Response status code: 200
{'model': 'llava-llama3', 'created_at': '2025-12-06T23:46:34.609835077Z', 'message': {'role': 'assistant', 'content': 'Well'}, 'done': True, 'done_reason': 'stop', 'total_duration': 11433825303, 'load_duration': 11004832729, 'prompt_eval_count': 611, 'prompt_eval_duration': 312754381, 'eval_count': 2, 'eval_duration': 11927399}
Response: Well
Analyzing frame 30/100...
Prompt: Given the scenario shown on the video, you think this situation ends well or poorly? (Use only one word to answer)
Image size: 51984 bytes
Response status code: 200
{'model': 'llava-llama3', 'created_at': '2025-12-06T23:46:48.124406199Z', 'message': {'role': 'assistant', 'content': 'Well'}, 'done': True, 'done_reason': 'stop', 'total_duration': 12476358960, 'load_duration': 12054861153, 'prompt_eval_count': 611, 'prompt_eval_duration': 305151124, 'eval_count': 2, 'eval_duration': 11586612}
Response: Well
Analyzing frame 31/100...
Prompt: Given the scenario shown on the video, you think this situation ends well or poorly? (Use only one word to answer)
Image size: 51824 bytes
Response status code: 200
{'model': 'llava-llama3', 'created_at': '2025-12-06T23:46:49.647737282Z', 'message': {'role': 'assistant', 'content': 'Well'}, 'done': True, 'done_reason': 'stop', 'total_duration': 488532495, 'load_duration': 126364088, 'prompt_eval_count': 611, 'prompt_eval_duration': 286203127, 'eval_count': 2, 'eval_duration': 11456219}
Response: Well
Analyzing frame 32/100...
Prompt: Given the scenario shown on the video, you think this situation ends well or poorly? (Use only one word to answer)
Image size: 52128 bytes
Response status code: 200
{'model': 'llava-llama3', 'created_at': '2025-12-06T23:47:01.776610209Z', 'message': {'role': 'assistant', 'content': 'Well'}, 'done': True, 'done_reason': 'stop', 'total_duration': 11092215982, 'load_duration': 10674035206, 'prompt_eval_count': 611, 'prompt_eval_duration': 319682931, 'eval_count': 2, 'eval_duration': 11606730}
Response: Well
Analyzing frame 33/100...
Prompt: Given the scenario shown on the video, you think this situation ends well or poorly? (Use only one word to answer)
Image size: 51968 bytes
Response status code: 200
{'model': 'llava-llama3', 'created_at': '2025-12-06T23:47:15.346633247Z', 'message': {'role': 'assistant', 'content': 'Well'}, 'done': True, 'done_reason': 'stop', 'total_duration': 12531861311, 'load_duration': 12134215709, 'prompt_eval_count': 611, 'prompt_eval_duration': 301794579, 'eval_count': 2, 'eval_duration': 11620497}
Response: Well
Analyzing frame 34/100...
Prompt: Given the scenario shown on the video, you think this situation ends well or poorly? (Use only one word to answer)
Image size: 52088 bytes
Response status code: 200
{'model': 'llava-llama3', 'created_at': '2025-12-06T23:47:29.015606683Z', 'message': {'role': 'assistant', 'content': 'Well'}, 'done': True, 'done_reason': 'stop', 'total_duration': 12627811029, 'load_duration': 12228781729, 'prompt_eval_count': 611, 'prompt_eval_duration': 302756636, 'eval_count': 2, 'eval_duration': 11633076}
Response: Well
Analyzing frame 35/100...
Prompt: Given the scenario shown on the video, you think this situation ends well or poorly? (Use only one word to answer)
Image size: 51836 bytes
Response status code: 200
{'model': 'llava-llama3', 'created_at': '2025-12-06T23:47:30.594770853Z', 'message': {'role': 'assistant', 'content': 'Well'}, 'done': True, 'done_reason': 'stop', 'total_duration': 538435977, 'load_duration': 180969834, 'prompt_eval_count': 611, 'prompt_eval_duration': 285061397, 'eval_count': 2, 'eval_duration': 11486193}
Response: Well
Analyzing frame 36/100...
Prompt: Given the scenario shown on the video, you think this situation ends well or poorly? (Use only one word to answer)
Image size: 51992 bytes
Response status code: 200
{'model': 'llava-llama3', 'created_at': '2025-12-06T23:47:43.08203102Z', 'message': {'role': 'assistant', 'content': 'Well'}, 'done': True, 'done_reason': 'stop', 'total_duration': 11450858000, 'load_duration': 11015428596, 'prompt_eval_count': 611, 'prompt_eval_duration': 319459032, 'eval_count': 2, 'eval_duration': 11580281}
Response: Well
Analyzing frame 37/100...
Prompt: Given the scenario shown on the video, you think this situation ends well or poorly? (Use only one word to answer)
Image size: 52216 bytes
Response status code: 200
{'model': 'llava-llama3', 'created_at': '2025-12-06T23:47:56.612038744Z', 'message': {'role': 'assistant', 'content': 'Well'}, 'done': True, 'done_reason': 'stop', 'total_duration': 12490959592, 'load_duration': 12068326254, 'prompt_eval_count': 611, 'prompt_eval_duration': 316020780, 'eval_count': 2, 'eval_duration': 11690422}
Response: Well
Analyzing frame 38/100...
Prompt: Given the scenario shown on the video, you think this situation ends well or poorly? (Use only one word to answer)
Image size: 52364 bytes
Response status code: 200
{'model': 'llava-llama3', 'created_at': '2025-12-06T23:47:58.181757439Z', 'message': {'role': 'assistant', 'content': 'Well'}, 'done': True, 'done_reason': 'stop', 'total_duration': 528801729, 'load_duration': 170117208, 'prompt_eval_count': 611, 'prompt_eval_duration': 286074637, 'eval_count': 2, 'eval_duration': 11547200}
Response: Well
Analyzing frame 39/100...
Prompt: Given the scenario shown on the video, you think this situation ends well or poorly? (Use only one word to answer)
Image size: 52388 bytes
Response status code: 200
{'model': 'llava-llama3', 'created_at': '2025-12-06T23:48:10.54429443Z', 'message': {'role': 'assistant', 'content': 'Well'}, 'done': True, 'done_reason': 'stop', 'total_duration': 11323240419, 'load_duration': 10921266472, 'prompt_eval_count': 611, 'prompt_eval_duration': 301883415, 'eval_count': 2, 'eval_duration': 11573705}
Response: Well
Analyzing frame 40/100...
Prompt: Given the scenario shown on the video, you think this situation ends well or poorly? (Use only one word to answer)
Image size: 52056 bytes
Response status code: 200
{'model': 'llava-llama3', 'created_at': '2025-12-06T23:48:12.119127733Z', 'message': {'role': 'assistant', 'content': 'Poorly'}, 'done': True, 'done_reason': 'stop', 'total_duration': 535760470, 'load_duration': 159757152, 'prompt_eval_count': 611, 'prompt_eval_duration': 289702676, 'eval_count': 3, 'eval_duration': 22753110}
Response: Poorly
Analyzing frame 41/100...
Prompt: Given the scenario shown on the video, you think this situation ends well or poorly? (Use only one word to answer)
Image size: 52140 bytes
Response status code: 200
{'model': 'llava-llama3', 'created_at': '2025-12-06T23:48:24.572619075Z', 'message': {'role': 'assistant', 'content': 'Well'}, 'done': True, 'done_reason': 'stop', 'total_duration': 11413047433, 'load_duration': 11004828424, 'prompt_eval_count': 611, 'prompt_eval_duration': 304836506, 'eval_count': 2, 'eval_duration': 11676101}
Response: Well
Analyzing frame 42/100...
Prompt: Given the scenario shown on the video, you think this situation ends well or poorly? (Use only one word to answer)
Image size: 51928 bytes
Response status code: 200
{'model': 'llava-llama3', 'created_at': '2025-12-06T23:48:26.143746361Z', 'message': {'role': 'assistant', 'content': 'Well'}, 'done': True, 'done_reason': 'stop', 'total_duration': 531640411, 'load_duration': 176487740, 'prompt_eval_count': 611, 'prompt_eval_duration': 286829223, 'eval_count': 2, 'eval_duration': 11546126}
Response: Well
Analyzing frame 43/100...
Prompt: Given the scenario shown on the video, you think this situation ends well or poorly? (Use only one word to answer)
Image size: 51916 bytes
Response status code: 200
{'model': 'llava-llama3', 'created_at': '2025-12-06T23:48:38.513229205Z', 'message': {'role': 'assistant', 'content': 'Well'}, 'done': True, 'done_reason': 'stop', 'total_duration': 11331559695, 'load_duration': 10918459273, 'prompt_eval_count': 611, 'prompt_eval_duration': 306046488, 'eval_count': 2, 'eval_duration': 11562859}
Response: Well
Analyzing frame 44/100...
Prompt: Given the scenario shown on the video, you think this situation ends well or poorly? (Use only one word to answer)
Image size: 51872 bytes
Response status code: 200
{'model': 'llava-llama3', 'created_at': '2025-12-06T23:48:40.082011037Z', 'message': {'role': 'assistant', 'content': 'Well'}, 'done': True, 'done_reason': 'stop', 'total_duration': 530206762, 'load_duration': 155695001, 'prompt_eval_count': 611, 'prompt_eval_duration': 286062547, 'eval_count': 2, 'eval_duration': 11450134}
Response: Well
Analyzing frame 45/100...
Prompt: Given the scenario shown on the video, you think this situation ends well or poorly? (Use only one word to answer)
Image size: 51240 bytes
Response status code: 200
{'model': 'llava-llama3', 'created_at': '2025-12-06T23:48:52.466946027Z', 'message': {'role': 'assistant', 'content': 'Well'}, 'done': True, 'done_reason': 'stop', 'total_duration': 11344647709, 'load_duration': 10904311896, 'prompt_eval_count': 611, 'prompt_eval_duration': 323326661, 'eval_count': 2, 'eval_duration': 11574819}
Response: Well
Analyzing frame 46/100...
Prompt: Given the scenario shown on the video, you think this situation ends well or poorly? (Use only one word to answer)
Image size: 51172 bytes
Response status code: 200
{'model': 'llava-llama3', 'created_at': '2025-12-06T23:48:54.026102104Z', 'message': {'role': 'assistant', 'content': 'Well'}, 'done': True, 'done_reason': 'stop', 'total_duration': 522578878, 'load_duration': 157151752, 'prompt_eval_count': 611, 'prompt_eval_duration': 285816849, 'eval_count': 2, 'eval_duration': 11814349}
Response: Well
Analyzing frame 47/100...
Prompt: Given the scenario shown on the video, you think this situation ends well or poorly? (Use only one word to answer)
Image size: 50836 bytes
Response status code: 200
{'model': 'llava-llama3', 'created_at': '2025-12-06T23:49:06.370870139Z', 'message': {'role': 'assistant', 'content': 'Well'}, 'done': True, 'done_reason': 'stop', 'total_duration': 11306491336, 'load_duration': 10868301862, 'prompt_eval_count': 611, 'prompt_eval_duration': 320763033, 'eval_count': 2, 'eval_duration': 11596383}
Response: Well
Analyzing frame 48/100...
Prompt: Given the scenario shown on the video, you think this situation ends well or poorly? (Use only one word to answer)
Image size: 51252 bytes
Response status code: 200
{'model': 'llava-llama3', 'created_at': '2025-12-06T23:49:19.891074027Z', 'message': {'role': 'assistant', 'content': 'Well'}, 'done': True, 'done_reason': 'stop', 'total_duration': 12484200155, 'load_duration': 12080376406, 'prompt_eval_count': 611, 'prompt_eval_duration': 303858589, 'eval_count': 2, 'eval_duration': 11654688}
Response: Well
Analyzing frame 49/100...
Prompt: Given the scenario shown on the video, you think this situation ends well or poorly? (Use only one word to answer)
Image size: 50856 bytes
Response status code: 200
{'model': 'llava-llama3', 'created_at': '2025-12-06T23:49:21.502829248Z', 'message': {'role': 'assistant', 'content': 'Well'}, 'done': True, 'done_reason': 'stop', 'total_duration': 572049700, 'load_duration': 196210243, 'prompt_eval_count': 611, 'prompt_eval_duration': 285825598, 'eval_count': 2, 'eval_duration': 11495216}
Response: Well
Analyzing frame 50/100...
Prompt: Given the scenario shown on the video, you think this situation ends well or poorly? (Use only one word to answer)
Image size: 51504 bytes
Response status code: 200
{'model': 'llava-llama3', 'created_at': '2025-12-06T23:49:34.0389892Z', 'message': {'role': 'assistant', 'content': 'Well'}, 'done': True, 'done_reason': 'stop', 'total_duration': 11496715332, 'load_duration': 11087562762, 'prompt_eval_count': 611, 'prompt_eval_duration': 304095781, 'eval_count': 2, 'eval_duration': 11647272}
Response: Well
Analyzing frame 51/100...
Prompt: Given the scenario shown on the video, you think this situation ends well or poorly? (Use only one word to answer)
Image size: 50936 bytes
Response status code: 200
{'model': 'llava-llama3', 'created_at': '2025-12-06T23:49:47.47754029Z', 'message': {'role': 'assistant', 'content': 'Poorly'}, 'done': True, 'done_reason': 'stop', 'total_duration': 12397170183, 'load_duration': 11950025251, 'prompt_eval_count': 611, 'prompt_eval_duration': 327347423, 'eval_count': 3, 'eval_duration': 22719952}
Response: Poorly
Analyzing frame 52/100...
Prompt: Given the scenario shown on the video, you think this situation ends well or poorly? (Use only one word to answer)
Image size: 50940 bytes
Response status code: 200
{'model': 'llava-llama3', 'created_at': '2025-12-06T23:50:01.20924823Z', 'message': {'role': 'assistant', 'content': 'Well'}, 'done': True, 'done_reason': 'stop', 'total_duration': 12692221310, 'load_duration': 12264400583, 'prompt_eval_count': 611, 'prompt_eval_duration': 304830885, 'eval_count': 2, 'eval_duration': 13185065}
Response: Well
Analyzing frame 53/100...
Prompt: Given the scenario shown on the video, you think this situation ends well or poorly? (Use only one word to answer)
Image size: 50240 bytes
Response status code: 200
{'model': 'llava-llama3', 'created_at': '2025-12-06T23:50:14.732906269Z', 'message': {'role': 'assistant', 'content': 'Well'}, 'done': True, 'done_reason': 'stop', 'total_duration': 12485014807, 'load_duration': 12061812929, 'prompt_eval_count': 611, 'prompt_eval_duration': 317990068, 'eval_count': 2, 'eval_duration': 11687489}
Response: Well
Analyzing frame 54/100...
Prompt: Given the scenario shown on the video, you think this situation ends well or poorly? (Use only one word to answer)
Image size: 50144 bytes
Response status code: 200
{'model': 'llava-llama3', 'created_at': '2025-12-06T23:50:16.32072059Z', 'message': {'role': 'assistant', 'content': 'Well'}, 'done': True, 'done_reason': 'stop', 'total_duration': 548707945, 'load_duration': 163824108, 'prompt_eval_count': 611, 'prompt_eval_duration': 285165287, 'eval_count': 2, 'eval_duration': 11589234}
Response: Well
Analyzing frame 55/100...
Prompt: Given the scenario shown on the video, you think this situation ends well or poorly? (Use only one word to answer)
Image size: 49820 bytes
Response status code: 200
{'model': 'llava-llama3', 'created_at': '2025-12-06T23:50:28.667330981Z', 'message': {'role': 'assistant', 'content': 'Well'}, 'done': True, 'done_reason': 'stop', 'total_duration': 11311593646, 'load_duration': 10909200545, 'prompt_eval_count': 611, 'prompt_eval_duration': 301993990, 'eval_count': 2, 'eval_duration': 11763820}
Response: Well
Analyzing frame 56/100...
Prompt: Given the scenario shown on the video, you think this situation ends well or poorly? (Use only one word to answer)
Image size: 50196 bytes
Response status code: 200
{'model': 'llava-llama3', 'created_at': '2025-12-06T23:50:42.113046214Z', 'message': {'role': 'assistant', 'content': 'Well'}, 'done': True, 'done_reason': 'stop', 'total_duration': 12409973192, 'load_duration': 11997003873, 'prompt_eval_count': 611, 'prompt_eval_duration': 308523706, 'eval_count': 2, 'eval_duration': 11667635}
Response: Well
Analyzing frame 57/100...
Prompt: Given the scenario shown on the video, you think this situation ends well or poorly? (Use only one word to answer)
Image size: 49720 bytes
Response status code: 200
{'model': 'llava-llama3', 'created_at': '2025-12-06T23:50:55.324207757Z', 'message': {'role': 'assistant', 'content': 'Poorly'}, 'done': True, 'done_reason': 'stop', 'total_duration': 12174507476, 'load_duration': 11757385116, 'prompt_eval_count': 611, 'prompt_eval_duration': 303983264, 'eval_count': 3, 'eval_duration': 23016394}
Response: Poorly
Analyzing frame 58/100...
Prompt: Given the scenario shown on the video, you think this situation ends well or poorly? (Use only one word to answer)
Image size: 49704 bytes
Response status code: 200
{'model': 'llava-llama3', 'created_at': '2025-12-06T23:51:09.292527668Z', 'message': {'role': 'assistant', 'content': 'Well'}, 'done': True, 'done_reason': 'stop', 'total_duration': 12935151900, 'load_duration': 12534708895, 'prompt_eval_count': 611, 'prompt_eval_duration': 303364171, 'eval_count': 2, 'eval_duration': 11590884}
Response: Well
Analyzing frame 59/100...
Prompt: Given the scenario shown on the video, you think this situation ends well or poorly? (Use only one word to answer)
Image size: 49692 bytes
Response status code: 200
{'model': 'llava-llama3', 'created_at': '2025-12-06T23:51:10.892615158Z', 'message': {'role': 'assistant', 'content': 'Well'}, 'done': True, 'done_reason': 'stop', 'total_duration': 567257708, 'load_duration': 189589848, 'prompt_eval_count': 611, 'prompt_eval_duration': 287718471, 'eval_count': 2, 'eval_duration': 11688332}
Response: Well
Analyzing frame 60/100...
Prompt: Given the scenario shown on the video, you think this situation ends well or poorly? (Use only one word to answer)
Image size: 49772 bytes
Response status code: 200
{'model': 'llava-llama3', 'created_at': '2025-12-06T23:51:23.304954952Z', 'message': {'role': 'assistant', 'content': 'Well'}, 'done': True, 'done_reason': 'stop', 'total_duration': 11371762072, 'load_duration': 10936009606, 'prompt_eval_count': 611, 'prompt_eval_duration': 326986142, 'eval_count': 2, 'eval_duration': 11621348}
Response: Well
Analyzing frame 61/100...
Prompt: Given the scenario shown on the video, you think this situation ends well or poorly? (Use only one word to answer)
Image size: 49348 bytes
Response status code: 200
{'model': 'llava-llama3', 'created_at': '2025-12-06T23:51:37.053550393Z', 'message': {'role': 'assistant', 'content': 'Well'}, 'done': True, 'done_reason': 'stop', 'total_duration': 12711466584, 'load_duration': 12287540233, 'prompt_eval_count': 611, 'prompt_eval_duration': 308713224, 'eval_count': 2, 'eval_duration': 12655988}
Response: Well
Analyzing frame 62/100...
Prompt: Given the scenario shown on the video, you think this situation ends well or poorly? (Use only one word to answer)
Image size: 49528 bytes
Response status code: 200
{'model': 'llava-llama3', 'created_at': '2025-12-06T23:51:38.662173416Z', 'message': {'role': 'assistant', 'content': 'Well'}, 'done': True, 'done_reason': 'stop', 'total_duration': 568969461, 'load_duration': 191122330, 'prompt_eval_count': 611, 'prompt_eval_duration': 286584768, 'eval_count': 2, 'eval_duration': 11484536}
Response: Well
Analyzing frame 63/100...
Prompt: Given the scenario shown on the video, you think this situation ends well or poorly? (Use only one word to answer)
Image size: 49764 bytes
Response status code: 200
{'model': 'llava-llama3', 'created_at': '2025-12-06T23:51:50.933606774Z', 'message': {'role': 'assistant', 'content': 'Well'}, 'done': True, 'done_reason': 'stop', 'total_duration': 11236417917, 'load_duration': 10810647843, 'prompt_eval_count': 611, 'prompt_eval_duration': 321351616, 'eval_count': 2, 'eval_duration': 11601555}
Response: Well
Analyzing frame 64/100...
Prompt: Given the scenario shown on the video, you think this situation ends well or poorly? (Use only one word to answer)
Image size: 49700 bytes
Response status code: 200
{'model': 'llava-llama3', 'created_at': '2025-12-06T23:52:04.387634256Z', 'message': {'role': 'assistant', 'content': 'Poorly'}, 'done': True, 'done_reason': 'stop', 'total_duration': 12416268655, 'load_duration': 11972251763, 'prompt_eval_count': 611, 'prompt_eval_duration': 323295839, 'eval_count': 3, 'eval_duration': 22859107}
Response: Poorly
Analyzing frame 65/100...
Prompt: Given the scenario shown on the video, you think this situation ends well or poorly? (Use only one word to answer)
Image size: 49636 bytes
Response status code: 200
{'model': 'llava-llama3', 'created_at': '2025-12-06T23:52:18.0329142Z', 'message': {'role': 'assistant', 'content': 'Well'}, 'done': True, 'done_reason': 'stop', 'total_duration': 12608512541, 'load_duration': 12166006694, 'prompt_eval_count': 611, 'prompt_eval_duration': 303965695, 'eval_count': 2, 'eval_duration': 11629129}
Response: Well
Analyzing frame 66/100...
Prompt: Given the scenario shown on the video, you think this situation ends well or poorly? (Use only one word to answer)
Image size: 50196 bytes
Response status code: 200
{'model': 'llava-llama3', 'created_at': '2025-12-06T23:52:31.538611446Z', 'message': {'role': 'assistant', 'content': 'Well'}, 'done': True, 'done_reason': 'stop', 'total_duration': 12467766800, 'load_duration': 12045786225, 'prompt_eval_count': 611, 'prompt_eval_duration': 320030086, 'eval_count': 2, 'eval_duration': 11654153}
Response: Well
Analyzing frame 67/100...
Prompt: Given the scenario shown on the video, you think this situation ends well or poorly? (Use only one word to answer)
Image size: 49884 bytes
Response status code: 200
{'model': 'llava-llama3', 'created_at': '2025-12-06T23:52:44.930774226Z', 'message': {'role': 'assistant', 'content': 'Well'}, 'done': True, 'done_reason': 'stop', 'total_duration': 12354060211, 'load_duration': 11952050936, 'prompt_eval_count': 611, 'prompt_eval_duration': 303671892, 'eval_count': 2, 'eval_duration': 11544627}
Response: Well
Analyzing frame 68/100...
Prompt: Given the scenario shown on the video, you think this situation ends well or poorly? (Use only one word to answer)
Image size: 50376 bytes
Response status code: 200
{'model': 'llava-llama3', 'created_at': '2025-12-06T23:52:46.559517909Z', 'message': {'role': 'assistant', 'content': 'Well'}, 'done': True, 'done_reason': 'stop', 'total_duration': 587106962, 'load_duration': 201516692, 'prompt_eval_count': 611, 'prompt_eval_duration': 286971805, 'eval_count': 2, 'eval_duration': 11480622}
Response: Well
Analyzing frame 69/100...
Prompt: Given the scenario shown on the video, you think this situation ends well or poorly? (Use only one word to answer)
Image size: 50456 bytes
Response status code: 200
{'model': 'llava-llama3', 'created_at': '2025-12-06T23:52:58.825201952Z', 'message': {'role': 'assistant', 'content': 'Well'}, 'done': True, 'done_reason': 'stop', 'total_duration': 11227045624, 'load_duration': 10800169028, 'prompt_eval_count': 611, 'prompt_eval_duration': 310828560, 'eval_count': 2, 'eval_duration': 11763705}
Response: Well
Analyzing frame 70/100...
Prompt: Given the scenario shown on the video, you think this situation ends well or poorly? (Use only one word to answer)
Image size: 50336 bytes
Response status code: 200
{'model': 'llava-llama3', 'created_at': '2025-12-06T23:53:00.38749256Z', 'message': {'role': 'assistant', 'content': 'Poorly'}, 'done': True, 'done_reason': 'stop', 'total_duration': 525119660, 'load_duration': 139286149, 'prompt_eval_count': 611, 'prompt_eval_duration': 286999339, 'eval_count': 3, 'eval_duration': 22708713}
Response: Poorly
Analyzing frame 71/100...
Prompt: Given the scenario shown on the video, you think this situation ends well or poorly? (Use only one word to answer)
Image size: 50480 bytes
Response status code: 200
{'model': 'llava-llama3', 'created_at': '2025-12-06T23:53:12.654573121Z', 'message': {'role': 'assistant', 'content': 'Well'}, 'done': True, 'done_reason': 'stop', 'total_duration': 11228119817, 'load_duration': 10815421862, 'prompt_eval_count': 611, 'prompt_eval_duration': 307096536, 'eval_count': 2, 'eval_duration': 11565990}
Response: Well
Analyzing frame 72/100...
Prompt: Given the scenario shown on the video, you think this situation ends well or poorly? (Use only one word to answer)
Image size: 50480 bytes
Response status code: 200
{'model': 'llava-llama3', 'created_at': '2025-12-06T23:53:25.99321202Z', 'message': {'role': 'assistant', 'content': 'Well'}, 'done': True, 'done_reason': 'stop', 'total_duration': 12299412393, 'load_duration': 11884106181, 'prompt_eval_count': 611, 'prompt_eval_duration': 304915497, 'eval_count': 2, 'eval_duration': 11860381}
Response: Well
Analyzing frame 73/100...
Prompt: Given the scenario shown on the video, you think this situation ends well or poorly? (Use only one word to answer)
Image size: 50500 bytes
Response status code: 200
{'model': 'llava-llama3', 'created_at': '2025-12-06T23:53:27.5747433Z', 'message': {'role': 'assistant', 'content': 'Well'}, 'done': True, 'done_reason': 'stop', 'total_duration': 539425871, 'load_duration': 162676637, 'prompt_eval_count': 611, 'prompt_eval_duration': 286655725, 'eval_count': 2, 'eval_duration': 11789025}
Response: Well
Analyzing frame 74/100...
Prompt: Given the scenario shown on the video, you think this situation ends well or poorly? (Use only one word to answer)
Image size: 50464 bytes
Response status code: 200
{'model': 'llava-llama3', 'created_at': '2025-12-06T23:53:39.978467812Z', 'message': {'role': 'assistant', 'content': 'Well'}, 'done': True, 'done_reason': 'stop', 'total_duration': 11362669463, 'load_duration': 10956822329, 'prompt_eval_count': 611, 'prompt_eval_duration': 306610357, 'eval_count': 2, 'eval_duration': 11659620}
Response: Well
Analyzing frame 75/100...
Prompt: Given the scenario shown on the video, you think this situation ends well or poorly? (Use only one word to answer)
Image size: 50504 bytes
Response status code: 200
{'model': 'llava-llama3', 'created_at': '2025-12-06T23:53:41.591801522Z', 'message': {'role': 'assistant', 'content': 'Well'}, 'done': True, 'done_reason': 'stop', 'total_duration': 576374074, 'load_duration': 199103811, 'prompt_eval_count': 611, 'prompt_eval_duration': 287167944, 'eval_count': 2, 'eval_duration': 11884636}
Response: Well
Analyzing frame 76/100...
Prompt: Given the scenario shown on the video, you think this situation ends well or poorly? (Use only one word to answer)
Image size: 50500 bytes
Response status code: 200
{'model': 'llava-llama3', 'created_at': '2025-12-06T23:53:54.100497693Z', 'message': {'role': 'assistant', 'content': 'Well'}, 'done': True, 'done_reason': 'stop', 'total_duration': 11475271760, 'load_duration': 11056385420, 'prompt_eval_count': 611, 'prompt_eval_duration': 317234044, 'eval_count': 2, 'eval_duration': 11630672}
Response: Well
Analyzing frame 77/100...
Prompt: Given the scenario shown on the video, you think this situation ends well or poorly? (Use only one word to answer)
Image size: 50500 bytes
Response status code: 200
{'model': 'llava-llama3', 'created_at': '2025-12-06T23:54:07.497910094Z', 'message': {'role': 'assistant', 'content': 'Well'}, 'done': True, 'done_reason': 'stop', 'total_duration': 12357847685, 'load_duration': 11952891657, 'prompt_eval_count': 611, 'prompt_eval_duration': 304453273, 'eval_count': 2, 'eval_duration': 11650903}
Response: Well
Analyzing frame 78/100...
Prompt: Given the scenario shown on the video, you think this situation ends well or poorly? (Use only one word to answer)
Image size: 50460 bytes
Response status code: 200
{'model': 'llava-llama3', 'created_at': '2025-12-06T23:54:09.09924036Z', 'message': {'role': 'assistant', 'content': 'Well'}, 'done': True, 'done_reason': 'stop', 'total_duration': 563110723, 'load_duration': 191260936, 'prompt_eval_count': 611, 'prompt_eval_duration': 285882966, 'eval_count': 2, 'eval_duration': 11491283}
Response: Well
Analyzing frame 79/100...
Prompt: Given the scenario shown on the video, you think this situation ends well or poorly? (Use only one word to answer)
Image size: 50456 bytes
Response status code: 200
{'model': 'llava-llama3', 'created_at': '2025-12-06T23:54:21.471912197Z', 'message': {'role': 'assistant', 'content': 'Well'}, 'done': True, 'done_reason': 'stop', 'total_duration': 11335162362, 'load_duration': 10915533503, 'prompt_eval_count': 611, 'prompt_eval_duration': 317791629, 'eval_count': 2, 'eval_duration': 11634591}
Response: Well
Analyzing frame 80/100...
Prompt: Given the scenario shown on the video, you think this situation ends well or poorly? (Use only one word to answer)
Image size: 50504 bytes
Response status code: 200
{'model': 'llava-llama3', 'created_at': '2025-12-06T23:54:35.082407016Z', 'message': {'role': 'assistant', 'content': 'Well'}, 'done': True, 'done_reason': 'stop', 'total_duration': 12575127803, 'load_duration': 12166750786, 'prompt_eval_count': 611, 'prompt_eval_duration': 307258814, 'eval_count': 2, 'eval_duration': 11637299}
Response: Well
Analyzing frame 81/100...
Prompt: Given the scenario shown on the video, you think this situation ends well or poorly? (Use only one word to answer)
Image size: 50476 bytes
Response status code: 200
{'model': 'llava-llama3', 'created_at': '2025-12-06T23:54:48.724735246Z', 'message': {'role': 'assistant', 'content': 'Well'}, 'done': True, 'done_reason': 'stop', 'total_duration': 12605356719, 'load_duration': 12184709166, 'prompt_eval_count': 611, 'prompt_eval_duration': 308396147, 'eval_count': 2, 'eval_duration': 11731269}
Response: Well
Analyzing frame 82/100...
Prompt: Given the scenario shown on the video, you think this situation ends well or poorly? (Use only one word to answer)
Image size: 50468 bytes
Response status code: 200
{'model': 'llava-llama3', 'created_at': '2025-12-06T23:54:50.289398256Z', 'message': {'role': 'assistant', 'content': 'Well'}, 'done': True, 'done_reason': 'stop', 'total_duration': 524492863, 'load_duration': 166924978, 'prompt_eval_count': 611, 'prompt_eval_duration': 286335692, 'eval_count': 2, 'eval_duration': 11564901}
Response: Well
Analyzing frame 83/100...
Prompt: Given the scenario shown on the video, you think this situation ends well or poorly? (Use only one word to answer)
Image size: 50484 bytes
Response status code: 200
{'model': 'llava-llama3', 'created_at': '2025-12-06T23:55:02.643181459Z', 'message': {'role': 'assistant', 'content': 'Poorly'}, 'done': True, 'done_reason': 'stop', 'total_duration': 11316110236, 'load_duration': 10880985146, 'prompt_eval_count': 611, 'prompt_eval_duration': 307376178, 'eval_count': 3, 'eval_duration': 23167338}
Response: Poorly
Analyzing frame 84/100...
Prompt: Given the scenario shown on the video, you think this situation ends well or poorly? (Use only one word to answer)
Image size: 50520 bytes
Response status code: 200
{'model': 'llava-llama3', 'created_at': '2025-12-06T23:55:16.271844103Z', 'message': {'role': 'assistant', 'content': 'Well'}, 'done': True, 'done_reason': 'stop', 'total_duration': 12590209970, 'load_duration': 12170195025, 'prompt_eval_count': 611, 'prompt_eval_duration': 306275603, 'eval_count': 2, 'eval_duration': 11768829}
Response: Well
Analyzing frame 85/100...
Prompt: Given the scenario shown on the video, you think this situation ends well or poorly? (Use only one word to answer)
Image size: 50560 bytes
Response status code: 200
{'model': 'llava-llama3', 'created_at': '2025-12-06T23:55:29.77323844Z', 'message': {'role': 'assistant', 'content': 'Well'}, 'done': True, 'done_reason': 'stop', 'total_duration': 12462858226, 'load_duration': 12057182210, 'prompt_eval_count': 611, 'prompt_eval_duration': 306002824, 'eval_count': 2, 'eval_duration': 11676665}
Response: Well
Analyzing frame 86/100...
Prompt: Given the scenario shown on the video, you think this situation ends well or poorly? (Use only one word to answer)
Image size: 50544 bytes
Response status code: 200
{'model': 'llava-llama3', 'created_at': '2025-12-06T23:55:43.349493618Z', 'message': {'role': 'assistant', 'content': 'Well'}, 'done': True, 'done_reason': 'stop', 'total_duration': 12537871832, 'load_duration': 12130649933, 'prompt_eval_count': 611, 'prompt_eval_duration': 303625969, 'eval_count': 2, 'eval_duration': 13149536}
Response: Well
Analyzing frame 87/100...
Prompt: Given the scenario shown on the video, you think this situation ends well or poorly? (Use only one word to answer)
Image size: 50532 bytes
Response status code: 200
{'model': 'llava-llama3', 'created_at': '2025-12-06T23:55:44.934546133Z', 'message': {'role': 'assistant', 'content': 'Well'}, 'done': True, 'done_reason': 'stop', 'total_duration': 546816710, 'load_duration': 178748297, 'prompt_eval_count': 611, 'prompt_eval_duration': 287261592, 'eval_count': 2, 'eval_duration': 11508877}
Response: Well
Analyzing frame 88/100...
Prompt: Given the scenario shown on the video, you think this situation ends well or poorly? (Use only one word to answer)
Image size: 50556 bytes
Response status code: 200
{'model': 'llava-llama3', 'created_at': '2025-12-06T23:55:57.290324992Z', 'message': {'role': 'assistant', 'content': 'Well'}, 'done': True, 'done_reason': 'stop', 'total_duration': 11318490726, 'load_duration': 10880611046, 'prompt_eval_count': 611, 'prompt_eval_duration': 333308296, 'eval_count': 2, 'eval_duration': 11665308}
Response: Well
Analyzing frame 89/100...
Prompt: Given the scenario shown on the video, you think this situation ends well or poorly? (Use only one word to answer)
Image size: 50532 bytes
Response status code: 200
{'model': 'llava-llama3', 'created_at': '2025-12-06T23:55:58.848218886Z', 'message': {'role': 'assistant', 'content': 'Well'}, 'done': True, 'done_reason': 'stop', 'total_duration': 520860054, 'load_duration': 161962149, 'prompt_eval_count': 611, 'prompt_eval_duration': 290808820, 'eval_count': 2, 'eval_duration': 11509049}
Response: Well
Analyzing frame 90/100...
Prompt: Given the scenario shown on the video, you think this situation ends well or poorly? (Use only one word to answer)
Image size: 50532 bytes
Response status code: 200
{'model': 'llava-llama3', 'created_at': '2025-12-06T23:56:11.021860092Z', 'message': {'role': 'assistant', 'content': 'Well'}, 'done': True, 'done_reason': 'stop', 'total_duration': 11139239790, 'load_duration': 10732665678, 'prompt_eval_count': 611, 'prompt_eval_duration': 304889892, 'eval_count': 2, 'eval_duration': 11582097}
Response: Well
Analyzing frame 91/100...
Prompt: Given the scenario shown on the video, you think this situation ends well or poorly? (Use only one word to answer)
Image size: 50516 bytes
Response status code: 200
{'model': 'llava-llama3', 'created_at': '2025-12-06T23:56:12.568678525Z', 'message': {'role': 'assistant', 'content': 'Well'}, 'done': True, 'done_reason': 'stop', 'total_duration': 510807144, 'load_duration': 149687435, 'prompt_eval_count': 611, 'prompt_eval_duration': 286937561, 'eval_count': 2, 'eval_duration': 11501439}
Response: Well
Analyzing frame 92/100...
Prompt: Given the scenario shown on the video, you think this situation ends well or poorly? (Use only one word to answer)
Image size: 50532 bytes
Response status code: 200
{'model': 'llava-llama3', 'created_at': '2025-12-06T23:56:24.81159325Z', 'message': {'role': 'assistant', 'content': 'Well'}, 'done': True, 'done_reason': 'stop', 'total_duration': 11212827616, 'load_duration': 10809651787, 'prompt_eval_count': 611, 'prompt_eval_duration': 303200906, 'eval_count': 2, 'eval_duration': 11624092}
Response: Well
Analyzing frame 93/100...
Prompt: Given the scenario shown on the video, you think this situation ends well or poorly? (Use only one word to answer)
Image size: 50532 bytes
Response status code: 200
{'model': 'llava-llama3', 'created_at': '2025-12-06T23:56:38.271987433Z', 'message': {'role': 'assistant', 'content': 'Well'}, 'done': True, 'done_reason': 'stop', 'total_duration': 12424720854, 'load_duration': 12013660717, 'prompt_eval_count': 611, 'prompt_eval_duration': 304079844, 'eval_count': 2, 'eval_duration': 11596202}
Response: Well
Analyzing frame 94/100...
Prompt: Given the scenario shown on the video, you think this situation ends well or poorly? (Use only one word to answer)
Image size: 50524 bytes
Response status code: 200
{'model': 'llava-llama3', 'created_at': '2025-12-06T23:56:51.63854907Z', 'message': {'role': 'assistant', 'content': 'Well'}, 'done': True, 'done_reason': 'stop', 'total_duration': 12329793134, 'load_duration': 11913088781, 'prompt_eval_count': 611, 'prompt_eval_duration': 318539915, 'eval_count': 2, 'eval_duration': 11569914}
Response: Well
Analyzing frame 95/100...
Prompt: Given the scenario shown on the video, you think this situation ends well or poorly? (Use only one word to answer)
Image size: 50544 bytes
Response status code: 200
{'model': 'llava-llama3', 'created_at': '2025-12-06T23:57:05.105185998Z', 'message': {'role': 'assistant', 'content': 'Poorly'}, 'done': True, 'done_reason': 'stop', 'total_duration': 12426855898, 'load_duration': 12009074265, 'prompt_eval_count': 611, 'prompt_eval_duration': 305823559, 'eval_count': 3, 'eval_duration': 22721056}
Response: Poorly
Analyzing frame 96/100...
Prompt: Given the scenario shown on the video, you think this situation ends well or poorly? (Use only one word to answer)
Image size: 50544 bytes
Response status code: 200
{'model': 'llava-llama3', 'created_at': '2025-12-06T23:57:06.357226362Z', 'message': {'role': 'assistant', 'content': 'Well'}, 'done': True, 'done_reason': 'stop', 'total_duration': 212291120, 'load_duration': 180090741, 'prompt_eval_count': 611, 'prompt_eval_duration': 11199139, 'eval_count': 2, 'eval_duration': 11071005}
Response: Well
Analyzing frame 97/100...
Prompt: Given the scenario shown on the video, you think this situation ends well or poorly? (Use only one word to answer)
Image size: 50544 bytes
Response status code: 200
{'model': 'llava-llama3', 'created_at': '2025-12-06T23:57:18.654798536Z', 'message': {'role': 'assistant', 'content': 'Well'}, 'done': True, 'done_reason': 'stop', 'total_duration': 11252814365, 'load_duration': 10839037311, 'prompt_eval_count': 611, 'prompt_eval_duration': 314825755, 'eval_count': 2, 'eval_duration': 11545959}
Response: Well
Analyzing frame 98/100...
Prompt: Given the scenario shown on the video, you think this situation ends well or poorly? (Use only one word to answer)
Image size: 50532 bytes
Response status code: 200
{'model': 'llava-llama3', 'created_at': '2025-12-06T23:57:20.197089418Z', 'message': {'role': 'assistant', 'content': 'Poorly'}, 'done': True, 'done_reason': 'stop', 'total_duration': 502804785, 'load_duration': 119687216, 'prompt_eval_count': 611, 'prompt_eval_duration': 286437547, 'eval_count': 3, 'eval_duration': 22532065}
Response: Poorly
Analyzing frame 99/100...
Prompt: Given the scenario shown on the video, you think this situation ends well or poorly? (Use only one word to answer)
Image size: 50532 bytes
Response status code: 200
{'model': 'llava-llama3', 'created_at': '2025-12-06T23:57:32.362376176Z', 'message': {'role': 'assistant', 'content': 'Well'}, 'done': True, 'done_reason': 'stop', 'total_duration': 11126466480, 'load_duration': 10725329040, 'prompt_eval_count': 611, 'prompt_eval_duration': 302989124, 'eval_count': 2, 'eval_duration': 11808956}
Response: Well
Analyzing frame 100/100...
Prompt: Given the scenario shown on the video, you think this situation ends well or poorly? (Use only one word to answer)
Image size: 50532 bytes
Response status code: 200
{'model': 'llava-llama3', 'created_at': '2025-12-06T23:57:45.874073245Z', 'message': {'role': 'assistant', 'content': 'Well'}, 'done': True, 'done_reason': 'stop', 'total_duration': 12473380947, 'load_duration': 12050831419, 'prompt_eval_count': 611, 'prompt_eval_duration': 318845477, 'eval_count': 2, 'eval_duration': 11710313}
Response: Well
Final prediction for 46_final.mp4: Well

Results saved to ./results/results_llavallama3.csv
Total videos processed: 1607

==================================================
Processing video 18/30

Processing video: 48_final.mp4
Video info: 242 frames, 30.00 FPS, 8.07 seconds
Extracted 81 frames for analysis
Analyzing frame 1/81...
Prompt: Given the scenario shown on the video, you think this situation ends well or poorly? (Use only one word to answer)
Image size: 37852 bytes
Response status code: 200
{'model': 'llava-llama3', 'created_at': '2025-12-06T23:57:59.457817416Z', 'message': {'role': 'assistant', 'content': 'Poorly'}, 'done': True, 'done_reason': 'stop', 'total_duration': 8184082735, 'load_duration': 7757304205, 'prompt_eval_count': 611, 'prompt_eval_duration': 314752087, 'eval_count': 3, 'eval_duration': 22896422}
Response: Poorly
Analyzing frame 2/81...
Prompt: Given the scenario shown on the video, you think this situation ends well or poorly? (Use only one word to answer)
Image size: 37724 bytes
Response status code: 200
{'model': 'llava-llama3', 'created_at': '2025-12-06T23:58:01.044505527Z', 'message': {'role': 'assistant', 'content': 'Poorly'}, 'done': True, 'done_reason': 'stop', 'total_duration': 549090772, 'load_duration': 165051785, 'prompt_eval_count': 611, 'prompt_eval_duration': 286177438, 'eval_count': 3, 'eval_duration': 22593945}
Response: Poorly
Analyzing frame 3/81...
Prompt: Given the scenario shown on the video, you think this situation ends well or poorly? (Use only one word to answer)
Image size: 37772 bytes
Response status code: 200
{'model': 'llava-llama3', 'created_at': '2025-12-06T23:58:13.407439493Z', 'message': {'role': 'assistant', 'content': 'Well'}, 'done': True, 'done_reason': 'stop', 'total_duration': 11326666247, 'load_duration': 10924284654, 'prompt_eval_count': 611, 'prompt_eval_duration': 302191448, 'eval_count': 2, 'eval_duration': 11642818}
Response: Well
Analyzing frame 4/81...
Prompt: Given the scenario shown on the video, you think this situation ends well or poorly? (Use only one word to answer)
Image size: 37864 bytes
Response status code: 200
{'model': 'llava-llama3', 'created_at': '2025-12-06T23:58:14.942417949Z', 'message': {'role': 'assistant', 'content': 'Well'}, 'done': True, 'done_reason': 'stop', 'total_duration': 498444875, 'load_duration': 143400117, 'prompt_eval_count': 611, 'prompt_eval_duration': 288674596, 'eval_count': 2, 'eval_duration': 11485850}
Response: Well
Analyzing frame 5/81...
Prompt: Given the scenario shown on the video, you think this situation ends well or poorly? (Use only one word to answer)
Image size: 37768 bytes
Response status code: 200
{'model': 'llava-llama3', 'created_at': '2025-12-06T23:58:27.286411525Z', 'message': {'role': 'assistant', 'content': 'Poorly'}, 'done': True, 'done_reason': 'stop', 'total_duration': 11304775362, 'load_duration': 10894179436, 'prompt_eval_count': 611, 'prompt_eval_duration': 304350663, 'eval_count': 3, 'eval_duration': 22765065}
Response: Poorly
Analyzing frame 6/81...
Prompt: Given the scenario shown on the video, you think this situation ends well or poorly? (Use only one word to answer)
Image size: 37992 bytes
Response status code: 200
{'model': 'llava-llama3', 'created_at': '2025-12-06T23:58:28.868757276Z', 'message': {'role': 'assistant', 'content': 'Poorly'}, 'done': True, 'done_reason': 'stop', 'total_duration': 545691817, 'load_duration': 156905809, 'prompt_eval_count': 611, 'prompt_eval_duration': 288347471, 'eval_count': 3, 'eval_duration': 22553766}
Response: Poorly
Analyzing frame 7/81...
Prompt: Given the scenario shown on the video, you think this situation ends well or poorly? (Use only one word to answer)
Image size: 38224 bytes
Response status code: 200
{'model': 'llava-llama3', 'created_at': '2025-12-06T23:58:42.073118326Z', 'message': {'role': 'assistant', 'content': 'Well'}, 'done': True, 'done_reason': 'stop', 'total_duration': 12169015661, 'load_duration': 11766090478, 'prompt_eval_count': 611, 'prompt_eval_duration': 314096058, 'eval_count': 2, 'eval_duration': 12061097}
Response: Well
Analyzing frame 8/81...
Prompt: Given the scenario shown on the video, you think this situation ends well or poorly? (Use only one word to answer)
Image size: 38356 bytes
Response status code: 200
{'model': 'llava-llama3', 'created_at': '2025-12-06T23:58:43.723742011Z', 'message': {'role': 'assistant', 'content': 'Well'}, 'done': True, 'done_reason': 'stop', 'total_duration': 621763047, 'load_duration': 241980972, 'prompt_eval_count': 611, 'prompt_eval_duration': 300023905, 'eval_count': 2, 'eval_duration': 12216146}
Response: Well
Analyzing frame 9/81...
Prompt: Given the scenario shown on the video, you think this situation ends well or poorly? (Use only one word to answer)
Image size: 38584 bytes
Response status code: 500
{'error': 'timed out waiting for llama runner to start - progress 0.00 - '}
Response: Error: Could not process the image.
Analyzing frame 10/81...
Prompt: Given the scenario shown on the video, you think this situation ends well or poorly? (Use only one word to answer)
Image size: 38480 bytes
Response status code: 500
{'error': 'timed out waiting for llama runner to start - progress 0.00 - '}
Response: Error: Could not process the image.
Analyzing frame 11/81...
Prompt: Given the scenario shown on the video, you think this situation ends well or poorly? (Use only one word to answer)
Image size: 38180 bytes
Response status code: 500
{'error': 'timed out waiting for llama runner to start - progress 0.00 - '}
Response: Error: Could not process the image.
Analyzing frame 12/81...
Prompt: Given the scenario shown on the video, you think this situation ends well or poorly? (Use only one word to answer)
Image size: 38064 bytes
Response status code: 500
{'error': 'timed out waiting for llama runner to start - progress 0.00 - '}
Response: Error: Could not process the image.
Analyzing frame 13/81...
Prompt: Given the scenario shown on the video, you think this situation ends well or poorly? (Use only one word to answer)
Image size: 37852 bytes
Response status code: 500
{'error': 'timed out waiting for llama runner to start - progress 0.00 - '}
Response: Error: Could not process the image.
Analyzing frame 14/81...
Prompt: Given the scenario shown on the video, you think this situation ends well or poorly? (Use only one word to answer)
Image size: 37404 bytes
Response status code: 500
{'error': 'timed out waiting for llama runner to start - progress 0.00 - '}
Response: Error: Could not process the image.
Analyzing frame 15/81...
Prompt: Given the scenario shown on the video, you think this situation ends well or poorly? (Use only one word to answer)
Image size: 36664 bytes
Response status code: 500
{'error': 'timed out waiting for llama runner to start - progress 0.00 - '}
Response: Error: Could not process the image.
Analyzing frame 16/81...
Prompt: Given the scenario shown on the video, you think this situation ends well or poorly? (Use only one word to answer)
Image size: 35980 bytes
Response status code: 500
{'error': 'timed out waiting for llama runner to start - progress 0.00 - '}
Response: Error: Could not process the image.
Analyzing frame 17/81...
Prompt: Given the scenario shown on the video, you think this situation ends well or poorly? (Use only one word to answer)
Image size: 34420 bytes
Response status code: 500
{'error': 'timed out waiting for llama runner to start - progress 0.00 - '}
Response: Error: Could not process the image.
Analyzing frame 18/81...
Prompt: Given the scenario shown on the video, you think this situation ends well or poorly? (Use only one word to answer)
Image size: 33464 bytes
Response status code: 500
{'error': 'timed out waiting for llama runner to start - progress 0.00 - '}
Response: Error: Could not process the image.
Analyzing frame 19/81...
Prompt: Given the scenario shown on the video, you think this situation ends well or poorly? (Use only one word to answer)
Image size: 32720 bytes
Response status code: 500
{'error': 'timed out waiting for llama runner to start - progress 0.00 - '}
Response: Error: Could not process the image.
Analyzing frame 20/81...
Prompt: Given the scenario shown on the video, you think this situation ends well or poorly? (Use only one word to answer)
Image size: 31528 bytes
Response status code: 500
{'error': 'timed out waiting for llama runner to start - progress 0.00 - '}
Response: Error: Could not process the image.
Analyzing frame 21/81...
Prompt: Given the scenario shown on the video, you think this situation ends well or poorly? (Use only one word to answer)
Image size: 31200 bytes
Response status code: 500
{'error': 'timed out waiting for llama runner to start - progress 0.00 - '}
Response: Error: Could not process the image.
Analyzing frame 22/81...
Prompt: Given the scenario shown on the video, you think this situation ends well or poorly? (Use only one word to answer)
Image size: 30156 bytes
Response status code: 500
{'error': 'timed out waiting for llama runner to start - progress 0.00 - '}
Response: Error: Could not process the image.
Analyzing frame 23/81...
Prompt: Given the scenario shown on the video, you think this situation ends well or poorly? (Use only one word to answer)
Image size: 29716 bytes
Response status code: 500
{'error': 'timed out waiting for llama runner to start - progress 0.00 - '}
Response: Error: Could not process the image.
Analyzing frame 24/81...
Prompt: Given the scenario shown on the video, you think this situation ends well or poorly? (Use only one word to answer)
Image size: 29216 bytes
Response status code: 500
{'error': 'timed out waiting for llama runner to start - progress 0.00 - '}
Response: Error: Could not process the image.
Analyzing frame 25/81...
Prompt: Given the scenario shown on the video, you think this situation ends well or poorly? (Use only one word to answer)
Image size: 29216 bytes
Response status code: 500
{'error': 'timed out waiting for llama runner to start - progress 0.00 - '}
Response: Error: Could not process the image.
Analyzing frame 26/81...
Prompt: Given the scenario shown on the video, you think this situation ends well or poorly? (Use only one word to answer)
Image size: 29424 bytes
Response status code: 500
{'error': 'timed out waiting for llama runner to start - progress 0.00 - '}
Response: Error: Could not process the image.
Analyzing frame 27/81...
Prompt: Given the scenario shown on the video, you think this situation ends well or poorly? (Use only one word to answer)
Image size: 30720 bytes
Response status code: 500
{'error': 'timed out waiting for llama runner to start - progress 0.00 - '}
Response: Error: Could not process the image.
Analyzing frame 28/81...
Prompt: Given the scenario shown on the video, you think this situation ends well or poorly? (Use only one word to answer)
Image size: 30732 bytes
Response status code: 500
{'error': 'timed out waiting for llama runner to start - progress 0.00 - '}
Response: Error: Could not process the image.
Analyzing frame 29/81...
Prompt: Given the scenario shown on the video, you think this situation ends well or poorly? (Use only one word to answer)
Image size: 30504 bytes
Response status code: 500
{'error': 'timed out waiting for llama runner to start - progress 0.00 - '}
Response: Error: Could not process the image.
Analyzing frame 30/81...
Prompt: Given the scenario shown on the video, you think this situation ends well or poorly? (Use only one word to answer)
Image size: 30424 bytes
Response status code: 500
{'error': 'timed out waiting for llama runner to start - progress 0.00 - '}
Response: Error: Could not process the image.
Analyzing frame 31/81...
Prompt: Given the scenario shown on the video, you think this situation ends well or poorly? (Use only one word to answer)
Image size: 30400 bytes
Response status code: 500
{'error': 'timed out waiting for llama runner to start - progress 0.00 - '}
Response: Error: Could not process the image.
Analyzing frame 32/81...
Prompt: Given the scenario shown on the video, you think this situation ends well or poorly? (Use only one word to answer)
Image size: 30408 bytes
Response status code: 500
{'error': 'timed out waiting for llama runner to start - progress 0.00 - '}
Response: Error: Could not process the image.
Analyzing frame 33/81...
Prompt: Given the scenario shown on the video, you think this situation ends well or poorly? (Use only one word to answer)
Image size: 30400 bytes
Response status code: 500
{'error': 'timed out waiting for llama runner to start - progress 0.00 - '}
Response: Error: Could not process the image.
Analyzing frame 34/81...
Prompt: Given the scenario shown on the video, you think this situation ends well or poorly? (Use only one word to answer)
Image size: 30308 bytes
Response status code: 500
{'error': 'timed out waiting for llama runner to start - progress 0.00 - '}
Response: Error: Could not process the image.
Analyzing frame 35/81...
Prompt: Given the scenario shown on the video, you think this situation ends well or poorly? (Use only one word to answer)
Image size: 30744 bytes
Response status code: 500
{'error': 'timed out waiting for llama runner to start - progress 0.00 - '}
Response: Error: Could not process the image.
Analyzing frame 36/81...
Prompt: Given the scenario shown on the video, you think this situation ends well or poorly? (Use only one word to answer)
Image size: 31284 bytes
Response status code: 500
{'error': 'timed out waiting for llama runner to start - progress 0.00 - '}
Response: Error: Could not process the image.
Analyzing frame 37/81...
Prompt: Given the scenario shown on the video, you think this situation ends well or poorly? (Use only one word to answer)
Image size: 32060 bytes
Response status code: 500
{'error': 'timed out waiting for llama runner to start - progress 0.00 - '}
Response: Error: Could not process the image.
Analyzing frame 38/81...
Prompt: Given the scenario shown on the video, you think this situation ends well or poorly? (Use only one word to answer)
Image size: 32572 bytes
Response status code: 500
{'error': 'timed out waiting for llama runner to start - progress 0.00 - '}
Response: Error: Could not process the image.
Analyzing frame 39/81...
Prompt: Given the scenario shown on the video, you think this situation ends well or poorly? (Use only one word to answer)
Image size: 32008 bytes
Response status code: 500
{'error': 'timed out waiting for llama runner to start - progress 0.00 - '}
Response: Error: Could not process the image.
Analyzing frame 40/81...
Prompt: Given the scenario shown on the video, you think this situation ends well or poorly? (Use only one word to answer)
Image size: 30692 bytes
Response status code: 500
{'error': 'timed out waiting for llama runner to start - progress 0.00 - '}
Response: Error: Could not process the image.
Analyzing frame 41/81...
Prompt: Given the scenario shown on the video, you think this situation ends well or poorly? (Use only one word to answer)
Image size: 30700 bytes
Response status code: 500
{'error': 'timed out waiting for llama runner to start - progress 0.00 - '}
Response: Error: Could not process the image.
Analyzing frame 42/81...
Prompt: Given the scenario shown on the video, you think this situation ends well or poorly? (Use only one word to answer)
Image size: 31032 bytes
Response status code: 500
{'error': 'timed out waiting for llama runner to start - progress 0.00 - '}
Response: Error: Could not process the image.
Analyzing frame 43/81...
Prompt: Given the scenario shown on the video, you think this situation ends well or poorly? (Use only one word to answer)
Image size: 32112 bytes
Response status code: 500
{'error': 'timed out waiting for llama runner to start - progress 0.00 - '}
Response: Error: Could not process the image.
Analyzing frame 44/81...
Prompt: Given the scenario shown on the video, you think this situation ends well or poorly? (Use only one word to answer)
Image size: 32744 bytes
Response status code: 500
{'error': 'timed out waiting for llama runner to start - progress 0.00 - '}
Response: Error: Could not process the image.
Analyzing frame 45/81...
Prompt: Given the scenario shown on the video, you think this situation ends well or poorly? (Use only one word to answer)
Image size: 32648 bytes
Response status code: 500
{'error': 'timed out waiting for llama runner to start - progress 0.00 - '}
Response: Error: Could not process the image.
Analyzing frame 46/81...
Prompt: Given the scenario shown on the video, you think this situation ends well or poorly? (Use only one word to answer)
Image size: 33356 bytes
Response status code: 500
{'error': 'timed out waiting for llama runner to start - progress 0.00 - '}
Response: Error: Could not process the image.
Analyzing frame 47/81...
Prompt: Given the scenario shown on the video, you think this situation ends well or poorly? (Use only one word to answer)
Image size: 33404 bytes
Response status code: 500
{'error': 'timed out waiting for llama runner to start - progress 0.00 - '}
Response: Error: Could not process the image.
Analyzing frame 48/81...
Prompt: Given the scenario shown on the video, you think this situation ends well or poorly? (Use only one word to answer)
Image size: 32720 bytes
Response status code: 500
{'error': 'timed out waiting for llama runner to start - progress 0.00 - '}
Response: Error: Could not process the image.
Analyzing frame 49/81...
Prompt: Given the scenario shown on the video, you think this situation ends well or poorly? (Use only one word to answer)
Image size: 32680 bytes
Response status code: 500
{'error': 'timed out waiting for llama runner to start - progress 0.00 - '}
Response: Error: Could not process the image.
Analyzing frame 50/81...
Prompt: Given the scenario shown on the video, you think this situation ends well or poorly? (Use only one word to answer)
Image size: 33860 bytes
Response status code: 500
{'error': 'timed out waiting for llama runner to start - progress 0.00 - '}
Response: Error: Could not process the image.
Analyzing frame 51/81...
Prompt: Given the scenario shown on the video, you think this situation ends well or poorly? (Use only one word to answer)
Image size: 34124 bytes
Response status code: 500
{'error': 'timed out waiting for llama runner to start - progress 0.00 - '}
Response: Error: Could not process the image.
Analyzing frame 52/81...
Prompt: Given the scenario shown on the video, you think this situation ends well or poorly? (Use only one word to answer)
Image size: 34364 bytes
Response status code: 500
{'error': 'timed out waiting for llama runner to start - progress 0.00 - '}
Response: Error: Could not process the image.
Analyzing frame 53/81...
Prompt: Given the scenario shown on the video, you think this situation ends well or poorly? (Use only one word to answer)
Image size: 34368 bytes
Response status code: 500
{'error': 'timed out waiting for llama runner to start - progress 0.00 - '}
Response: Error: Could not process the image.
Analyzing frame 54/81...
Prompt: Given the scenario shown on the video, you think this situation ends well or poorly? (Use only one word to answer)
Image size: 34380 bytes
Response status code: 500
{'error': 'timed out waiting for llama runner to start - progress 0.00 - '}
Response: Error: Could not process the image.
Analyzing frame 55/81...
Prompt: Given the scenario shown on the video, you think this situation ends well or poorly? (Use only one word to answer)
Image size: 34364 bytes
Response status code: 500
{'error': 'timed out waiting for llama runner to start - progress 0.00 - '}
Response: Error: Could not process the image.
Analyzing frame 56/81...
Prompt: Given the scenario shown on the video, you think this situation ends well or poorly? (Use only one word to answer)
Image size: 34336 bytes
Response status code: 500
{'error': 'timed out waiting for llama runner to start - progress 0.00 - '}
Response: Error: Could not process the image.
Analyzing frame 57/81...
Prompt: Given the scenario shown on the video, you think this situation ends well or poorly? (Use only one word to answer)
Image size: 34360 bytes
Response status code: 500
{'error': 'timed out waiting for llama runner to start - progress 0.00 - '}
Response: Error: Could not process the image.
Analyzing frame 58/81...
Prompt: Given the scenario shown on the video, you think this situation ends well or poorly? (Use only one word to answer)
Image size: 34348 bytes
Response status code: 500
{'error': 'timed out waiting for llama runner to start - progress 0.00 - '}
Response: Error: Could not process the image.
Analyzing frame 59/81...
Prompt: Given the scenario shown on the video, you think this situation ends well or poorly? (Use only one word to answer)
Image size: 34368 bytes
Response status code: 500
{'error': 'timed out waiting for llama runner to start - progress 0.00 - '}
Response: Error: Could not process the image.
Analyzing frame 60/81...
Prompt: Given the scenario shown on the video, you think this situation ends well or poorly? (Use only one word to answer)
Image size: 34372 bytes
Response status code: 500
{'error': 'timed out waiting for llama runner to start - progress 0.00 - '}
Response: Error: Could not process the image.
Analyzing frame 61/81...
Prompt: Given the scenario shown on the video, you think this situation ends well or poorly? (Use only one word to answer)
Image size: 34340 bytes
Response status code: 500
{'error': 'timed out waiting for llama runner to start - progress 0.00 - '}
Response: Error: Could not process the image.
Analyzing frame 62/81...
Prompt: Given the scenario shown on the video, you think this situation ends well or poorly? (Use only one word to answer)
Image size: 34340 bytes
Response status code: 500
{'error': 'timed out waiting for llama runner to start - progress 0.00 - '}
Response: Error: Could not process the image.
Analyzing frame 63/81...
Prompt: Given the scenario shown on the video, you think this situation ends well or poorly? (Use only one word to answer)
Image size: 34344 bytes
Response status code: 500
{'error': 'timed out waiting for llama runner to start - progress 0.00 - '}
Response: Error: Could not process the image.
Analyzing frame 64/81...
Prompt: Given the scenario shown on the video, you think this situation ends well or poorly? (Use only one word to answer)
Image size: 34344 bytes
Response status code: 500
{'error': 'timed out waiting for llama runner to start - progress 0.00 - '}
Response: Error: Could not process the image.
Analyzing frame 65/81...
Prompt: Given the scenario shown on the video, you think this situation ends well or poorly? (Use only one word to answer)
Image size: 34336 bytes
Response status code: 500
{'error': 'timed out waiting for llama runner to start - progress 0.00 - '}
Response: Error: Could not process the image.
Analyzing frame 66/81...
Prompt: Given the scenario shown on the video, you think this situation ends well or poorly? (Use only one word to answer)
Image size: 34328 bytes
Response status code: 500
{'error': 'timed out waiting for llama runner to start - progress 0.00 - '}
Response: Error: Could not process the image.
Analyzing frame 67/81...
Prompt: Given the scenario shown on the video, you think this situation ends well or poorly? (Use only one word to answer)
Image size: 34356 bytes
Response status code: 500
{'error': 'timed out waiting for llama runner to start - progress 0.00 - '}
Response: Error: Could not process the image.
Analyzing frame 68/81...
Prompt: Given the scenario shown on the video, you think this situation ends well or poorly? (Use only one word to answer)
Image size: 34352 bytes
Response status code: 500
{'error': 'timed out waiting for llama runner to start - progress 0.00 - '}
Response: Error: Could not process the image.
Analyzing frame 69/81...
Prompt: Given the scenario shown on the video, you think this situation ends well or poorly? (Use only one word to answer)
Image size: 34348 bytes
Response status code: 500
{'error': 'timed out waiting for llama runner to start - progress 0.00 - '}
Response: Error: Could not process the image.
Analyzing frame 70/81...
Prompt: Given the scenario shown on the video, you think this situation ends well or poorly? (Use only one word to answer)
Image size: 34352 bytes
Response status code: 500
{'error': 'timed out waiting for llama runner to start - progress 0.00 - '}
Response: Error: Could not process the image.
Analyzing frame 71/81...
Prompt: Given the scenario shown on the video, you think this situation ends well or poorly? (Use only one word to answer)
Image size: 34360 bytes
Response status code: 500
{'error': 'timed out waiting for llama runner to start - progress 0.00 - '}
Response: Error: Could not process the image.
Analyzing frame 72/81...
Prompt: Given the scenario shown on the video, you think this situation ends well or poorly? (Use only one word to answer)
Image size: 34380 bytes
Response status code: 500
{'error': 'timed out waiting for llama runner to start - progress 0.00 - '}
Response: Error: Could not process the image.
Analyzing frame 73/81...
Prompt: Given the scenario shown on the video, you think this situation ends well or poorly? (Use only one word to answer)
Image size: 34356 bytes
Response status code: 500
{'error': 'timed out waiting for llama runner to start - progress 0.00 - '}
Response: Error: Could not process the image.
Analyzing frame 74/81...
Prompt: Given the scenario shown on the video, you think this situation ends well or poorly? (Use only one word to answer)
Image size: 34372 bytes
Response status code: 500
{'error': 'timed out waiting for llama runner to start - progress 0.00 - '}
Response: Error: Could not process the image.
Analyzing frame 75/81...
Prompt: Given the scenario shown on the video, you think this situation ends well or poorly? (Use only one word to answer)
Image size: 34364 bytes
Response status code: 500
{'error': 'timed out waiting for llama runner to start - progress 0.00 - '}
Response: Error: Could not process the image.
Analyzing frame 76/81...
Prompt: Given the scenario shown on the video, you think this situation ends well or poorly? (Use only one word to answer)
Image size: 34352 bytes
Response status code: 500
{'error': 'timed out waiting for llama runner to start - progress 0.00 - '}
Response: Error: Could not process the image.
Analyzing frame 77/81...
Prompt: Given the scenario shown on the video, you think this situation ends well or poorly? (Use only one word to answer)
Image size: 34368 bytes
Response status code: 500
{'error': 'timed out waiting for llama runner to start - progress 0.00 - '}
Response: Error: Could not process the image.
Analyzing frame 78/81...
Prompt: Given the scenario shown on the video, you think this situation ends well or poorly? (Use only one word to answer)
Image size: 34364 bytes
Response status code: 500
{'error': 'timed out waiting for llama runner to start - progress 0.00 - '}
Response: Error: Could not process the image.
Analyzing frame 79/81...
Prompt: Given the scenario shown on the video, you think this situation ends well or poorly? (Use only one word to answer)
Image size: 34368 bytes
Response status code: 500
{'error': 'timed out waiting for llama runner to start - progress 0.00 - '}
Response: Error: Could not process the image.
Analyzing frame 80/81...
Prompt: Given the scenario shown on the video, you think this situation ends well or poorly? (Use only one word to answer)
Image size: 34364 bytes
Response status code: 500
{'error': 'timed out waiting for llama runner to start - progress 0.00 - '}
Response: Error: Could not process the image.
Analyzing frame 81/81...
Prompt: Given the scenario shown on the video, you think this situation ends well or poorly? (Use only one word to answer)
Image size: 34356 bytes
Response status code: 500
{'error': 'timed out waiting for llama runner to start - progress 0.00 - '}
Response: Error: Could not process the image.
Final prediction for 48_final.mp4: Poorly

Results saved to ./results/results_llavallama3.csv
Total videos processed: 1688

==================================================
Processing video 19/30

Processing video: 49_final.mp4
Video info: 350 frames, 30.00 FPS, 11.67 seconds
Extracted 117 frames for analysis
Analyzing frame 1/117...
Prompt: Given the scenario shown on the video, you think this situation ends well or poorly? (Use only one word to answer)
Image size: 37564 bytes
Response status code: 500
{'error': 'timed out waiting for llama runner to start - progress 0.00 - '}
Response: Error: Could not process the image.
Analyzing frame 2/117...
Prompt: Given the scenario shown on the video, you think this situation ends well or poorly? (Use only one word to answer)
Image size: 37560 bytes
Response status code: 500
{'error': 'timed out waiting for llama runner to start - progress 0.00 - '}
Response: Error: Could not process the image.
Analyzing frame 3/117...
Prompt: Given the scenario shown on the video, you think this situation ends well or poorly? (Use only one word to answer)
Image size: 37832 bytes
Response status code: 500
{'error': 'timed out waiting for llama runner to start - progress 0.00 - '}
Response: Error: Could not process the image.
Analyzing frame 4/117...
Prompt: Given the scenario shown on the video, you think this situation ends well or poorly? (Use only one word to answer)
Image size: 38140 bytes
Response status code: 500
{'error': 'timed out waiting for llama runner to start - progress 0.00 - '}
Response: Error: Could not process the image.
Analyzing frame 5/117...
Prompt: Given the scenario shown on the video, you think this situation ends well or poorly? (Use only one word to answer)
Image size: 38340 bytes
Response status code: 500
{'error': 'timed out waiting for llama runner to start - progress 0.00 - '}
Response: Error: Could not process the image.
Analyzing frame 6/117...
Prompt: Given the scenario shown on the video, you think this situation ends well or poorly? (Use only one word to answer)
Image size: 38616 bytes
Response status code: 500
{'error': 'timed out waiting for llama runner to start - progress 0.00 - '}
Response: Error: Could not process the image.
Analyzing frame 7/117...
Prompt: Given the scenario shown on the video, you think this situation ends well or poorly? (Use only one word to answer)
Image size: 38576 bytes
Response status code: 500
{'error': 'timed out waiting for llama runner to start - progress 0.00 - '}
Response: Error: Could not process the image.
Analyzing frame 8/117...
Prompt: Given the scenario shown on the video, you think this situation ends well or poorly? (Use only one word to answer)
Image size: 38696 bytes
Response status code: 500
{'error': 'timed out waiting for llama runner to start - progress 0.00 - '}
Response: Error: Could not process the image.
Analyzing frame 9/117...
Prompt: Given the scenario shown on the video, you think this situation ends well or poorly? (Use only one word to answer)
Image size: 38508 bytes
Response status code: 500
{'error': 'timed out waiting for llama runner to start - progress 0.00 - '}
Response: Error: Could not process the image.
Analyzing frame 10/117...
Prompt: Given the scenario shown on the video, you think this situation ends well or poorly? (Use only one word to answer)
Image size: 38456 bytes
Response status code: 500
{'error': 'timed out waiting for llama runner to start - progress 0.00 - '}
Response: Error: Could not process the image.
Analyzing frame 11/117...
Prompt: Given the scenario shown on the video, you think this situation ends well or poorly? (Use only one word to answer)
Image size: 38444 bytes
Response status code: 500
{'error': 'timed out waiting for llama runner to start - progress 0.00 - '}
Response: Error: Could not process the image.
Analyzing frame 12/117...
Prompt: Given the scenario shown on the video, you think this situation ends well or poorly? (Use only one word to answer)
Image size: 38604 bytes
Response status code: 500
{'error': 'timed out waiting for llama runner to start - progress 0.00 - '}
Response: Error: Could not process the image.
Analyzing frame 13/117...
Prompt: Given the scenario shown on the video, you think this situation ends well or poorly? (Use only one word to answer)
Image size: 38700 bytes
Response status code: 500
{'error': 'timed out waiting for llama runner to start - progress 0.00 - '}
Response: Error: Could not process the image.
Analyzing frame 14/117...
Prompt: Given the scenario shown on the video, you think this situation ends well or poorly? (Use only one word to answer)
Image size: 38504 bytes
Response status code: 500
{'error': 'timed out waiting for llama runner to start - progress 0.00 - '}
Response: Error: Could not process the image.
Analyzing frame 15/117...
Prompt: Given the scenario shown on the video, you think this situation ends well or poorly? (Use only one word to answer)
Image size: 38468 bytes
Response status code: 500
{'error': 'timed out waiting for llama runner to start - progress 0.00 - '}
Response: Error: Could not process the image.
Analyzing frame 16/117...
Prompt: Given the scenario shown on the video, you think this situation ends well or poorly? (Use only one word to answer)
Image size: 37964 bytes
Response status code: 500
{'error': 'timed out waiting for llama runner to start - progress 0.00 - '}
Response: Error: Could not process the image.
Analyzing frame 17/117...
Prompt: Given the scenario shown on the video, you think this situation ends well or poorly? (Use only one word to answer)
Image size: 37836 bytes
Response status code: 500
{'error': 'timed out waiting for llama runner to start - progress 0.00 - '}
Response: Error: Could not process the image.
Analyzing frame 18/117...
Prompt: Given the scenario shown on the video, you think this situation ends well or poorly? (Use only one word to answer)
Image size: 37544 bytes
Response status code: 500
{'error': 'timed out waiting for llama runner to start - progress 0.00 - '}
Response: Error: Could not process the image.
Analyzing frame 19/117...
Prompt: Given the scenario shown on the video, you think this situation ends well or poorly? (Use only one word to answer)
Image size: 37372 bytes
Response status code: 500
{'error': 'timed out waiting for llama runner to start - progress 0.00 - '}
Response: Error: Could not process the image.
Analyzing frame 20/117...
Prompt: Given the scenario shown on the video, you think this situation ends well or poorly? (Use only one word to answer)
Image size: 37208 bytes
Response status code: 500
{'error': 'timed out waiting for llama runner to start - progress 0.00 - '}
Response: Error: Could not process the image.
Analyzing frame 21/117...
Prompt: Given the scenario shown on the video, you think this situation ends well or poorly? (Use only one word to answer)
Image size: 37260 bytes
Response status code: 500
{'error': 'timed out waiting for llama runner to start - progress 0.00 - '}
Response: Error: Could not process the image.
Analyzing frame 22/117...
Prompt: Given the scenario shown on the video, you think this situation ends well or poorly? (Use only one word to answer)
Image size: 37008 bytes
Response status code: 500
{'error': 'timed out waiting for llama runner to start - progress 0.00 - '}
Response: Error: Could not process the image.
Analyzing frame 23/117...
Prompt: Given the scenario shown on the video, you think this situation ends well or poorly? (Use only one word to answer)
Image size: 36960 bytes
Response status code: 500
{'error': 'timed out waiting for llama runner to start - progress 0.00 - '}
Response: Error: Could not process the image.
Analyzing frame 24/117...
Prompt: Given the scenario shown on the video, you think this situation ends well or poorly? (Use only one word to answer)
Image size: 37140 bytes
Response status code: 500
{'error': 'timed out waiting for llama runner to start - progress 0.00 - '}
Response: Error: Could not process the image.
Analyzing frame 25/117...
Prompt: Given the scenario shown on the video, you think this situation ends well or poorly? (Use only one word to answer)
Image size: 37116 bytes
Response status code: 500
{'error': 'timed out waiting for llama runner to start - progress 0.00 - '}
Response: Error: Could not process the image.
Analyzing frame 26/117...
Prompt: Given the scenario shown on the video, you think this situation ends well or poorly? (Use only one word to answer)
Image size: 36812 bytes
Response status code: 500
{'error': 'timed out waiting for llama runner to start - progress 0.00 - '}
Response: Error: Could not process the image.
Analyzing frame 27/117...
Prompt: Given the scenario shown on the video, you think this situation ends well or poorly? (Use only one word to answer)
Image size: 36520 bytes
Response status code: 500
{'error': 'timed out waiting for llama runner to start - progress 0.00 - '}
Response: Error: Could not process the image.
Analyzing frame 28/117...
Prompt: Given the scenario shown on the video, you think this situation ends well or poorly? (Use only one word to answer)
Image size: 36284 bytes
Response status code: 500
{'error': 'timed out waiting for llama runner to start - progress 0.00 - '}
Response: Error: Could not process the image.
Analyzing frame 29/117...
Prompt: Given the scenario shown on the video, you think this situation ends well or poorly? (Use only one word to answer)
Image size: 36356 bytes
Response status code: 500
{'error': 'timed out waiting for llama runner to start - progress 0.00 - '}
Response: Error: Could not process the image.
Analyzing frame 30/117...
Prompt: Given the scenario shown on the video, you think this situation ends well or poorly? (Use only one word to answer)
Image size: 36308 bytes
Response status code: 500
{'error': 'timed out waiting for llama runner to start - progress 0.00 - '}
Response: Error: Could not process the image.
Analyzing frame 31/117...
Prompt: Given the scenario shown on the video, you think this situation ends well or poorly? (Use only one word to answer)
Image size: 36148 bytes
Response status code: 500
{'error': 'timed out waiting for llama runner to start - progress 0.00 - '}
Response: Error: Could not process the image.
Analyzing frame 32/117...
Prompt: Given the scenario shown on the video, you think this situation ends well or poorly? (Use only one word to answer)
Image size: 36140 bytes
Response status code: 500
{'error': 'timed out waiting for llama runner to start - progress 0.00 - '}
Response: Error: Could not process the image.
Analyzing frame 33/117...
Prompt: Given the scenario shown on the video, you think this situation ends well or poorly? (Use only one word to answer)
Image size: 36124 bytes
Response status code: 500
{'error': 'timed out waiting for llama runner to start - progress 0.00 - '}
Response: Error: Could not process the image.
Analyzing frame 34/117...
Prompt: Given the scenario shown on the video, you think this situation ends well or poorly? (Use only one word to answer)
Image size: 36184 bytes
Response status code: 500
{'error': 'timed out waiting for llama runner to start - progress 0.00 - '}
Response: Error: Could not process the image.
Analyzing frame 35/117...
Prompt: Given the scenario shown on the video, you think this situation ends well or poorly? (Use only one word to answer)
Image size: 36152 bytes
Response status code: 500
{'error': 'timed out waiting for llama runner to start - progress 0.00 - '}
Response: Error: Could not process the image.
Analyzing frame 36/117...
Prompt: Given the scenario shown on the video, you think this situation ends well or poorly? (Use only one word to answer)
Image size: 36076 bytes
Response status code: 500
{'error': 'timed out waiting for llama runner to start - progress 0.00 - '}
Response: Error: Could not process the image.
Analyzing frame 37/117...
Prompt: Given the scenario shown on the video, you think this situation ends well or poorly? (Use only one word to answer)
Image size: 36136 bytes
Response status code: 500
{'error': 'timed out waiting for llama runner to start - progress 0.00 - '}
Response: Error: Could not process the image.
Analyzing frame 38/117...
Prompt: Given the scenario shown on the video, you think this situation ends well or poorly? (Use only one word to answer)
Image size: 36152 bytes
Response status code: 500
{'error': 'timed out waiting for llama runner to start - progress 0.00 - '}
Response: Error: Could not process the image.
Analyzing frame 39/117...
Prompt: Given the scenario shown on the video, you think this situation ends well or poorly? (Use only one word to answer)
Image size: 36260 bytes
Response status code: 500
{'error': 'timed out waiting for llama runner to start - progress 0.00 - '}
Response: Error: Could not process the image.
Analyzing frame 40/117...
Prompt: Given the scenario shown on the video, you think this situation ends well or poorly? (Use only one word to answer)
Image size: 36224 bytes
Response status code: 500
{'error': 'timed out waiting for llama runner to start - progress 0.00 - '}
Response: Error: Could not process the image.
Analyzing frame 41/117...
Prompt: Given the scenario shown on the video, you think this situation ends well or poorly? (Use only one word to answer)
Image size: 36272 bytes
Response status code: 500
{'error': 'timed out waiting for llama runner to start - progress 0.00 - '}
Response: Error: Could not process the image.
Analyzing frame 42/117...
Prompt: Given the scenario shown on the video, you think this situation ends well or poorly? (Use only one word to answer)
Image size: 36312 bytes
Response status code: 500
{'error': 'timed out waiting for llama runner to start - progress 0.00 - '}
Response: Error: Could not process the image.
Analyzing frame 43/117...
Prompt: Given the scenario shown on the video, you think this situation ends well or poorly? (Use only one word to answer)
Image size: 36368 bytes
Response status code: 500
{'error': 'timed out waiting for llama runner to start - progress 0.00 - '}
Response: Error: Could not process the image.
Analyzing frame 44/117...
Prompt: Given the scenario shown on the video, you think this situation ends well or poorly? (Use only one word to answer)
Image size: 36364 bytes
Response status code: 500
{'error': 'timed out waiting for llama runner to start - progress 0.00 - '}
Response: Error: Could not process the image.
Analyzing frame 45/117...
Prompt: Given the scenario shown on the video, you think this situation ends well or poorly? (Use only one word to answer)
Image size: 36356 bytes
Response status code: 500
{'error': 'timed out waiting for llama runner to start - progress 0.00 - '}
Response: Error: Could not process the image.
Analyzing frame 46/117...
Prompt: Given the scenario shown on the video, you think this situation ends well or poorly? (Use only one word to answer)
Image size: 36308 bytes
Response status code: 500
{'error': 'timed out waiting for llama runner to start - progress 0.00 - '}
Response: Error: Could not process the image.
Analyzing frame 47/117...
Prompt: Given the scenario shown on the video, you think this situation ends well or poorly? (Use only one word to answer)
Image size: 36320 bytes
Response status code: 500
{'error': 'timed out waiting for llama runner to start - progress 0.00 - '}
Response: Error: Could not process the image.
Analyzing frame 48/117...
Prompt: Given the scenario shown on the video, you think this situation ends well or poorly? (Use only one word to answer)
Image size: 36244 bytes
Response status code: 500
{'error': 'timed out waiting for llama runner to start - progress 0.00 - '}
Response: Error: Could not process the image.
Analyzing frame 49/117...
Prompt: Given the scenario shown on the video, you think this situation ends well or poorly? (Use only one word to answer)
Image size: 36156 bytes
Response status code: 500
{'error': 'timed out waiting for llama runner to start - progress 0.00 - '}
Response: Error: Could not process the image.
Analyzing frame 50/117...
Prompt: Given the scenario shown on the video, you think this situation ends well or poorly? (Use only one word to answer)
Image size: 36216 bytes
Response status code: 500
{'error': 'timed out waiting for llama runner to start - progress 0.00 - '}
Response: Error: Could not process the image.
Analyzing frame 51/117...
Prompt: Given the scenario shown on the video, you think this situation ends well or poorly? (Use only one word to answer)
Image size: 36388 bytes
Response status code: 500
{'error': 'timed out waiting for llama runner to start - progress 0.00 - '}
Response: Error: Could not process the image.
Analyzing frame 52/117...
Prompt: Given the scenario shown on the video, you think this situation ends well or poorly? (Use only one word to answer)
Image size: 36360 bytes
Response status code: 500
{'error': 'timed out waiting for llama runner to start - progress 0.00 - '}
Response: Error: Could not process the image.
Analyzing frame 53/117...
Prompt: Given the scenario shown on the video, you think this situation ends well or poorly? (Use only one word to answer)
Image size: 36292 bytes
Response status code: 500
{'error': 'timed out waiting for llama runner to start - progress 0.00 - '}
Response: Error: Could not process the image.
Analyzing frame 54/117...
Prompt: Given the scenario shown on the video, you think this situation ends well or poorly? (Use only one word to answer)
Image size: 36192 bytes
Response status code: 500
{'error': 'timed out waiting for llama runner to start - progress 0.00 - '}
Response: Error: Could not process the image.
Analyzing frame 55/117...
Prompt: Given the scenario shown on the video, you think this situation ends well or poorly? (Use only one word to answer)
Image size: 36520 bytes
Response status code: 500
{'error': 'timed out waiting for llama runner to start - progress 0.00 - '}
Response: Error: Could not process the image.
Analyzing frame 56/117...
Prompt: Given the scenario shown on the video, you think this situation ends well or poorly? (Use only one word to answer)
Image size: 36548 bytes
Response status code: 500
{'error': 'timed out waiting for llama runner to start - progress 0.00 - '}
Response: Error: Could not process the image.
Analyzing frame 57/117...
Prompt: Given the scenario shown on the video, you think this situation ends well or poorly? (Use only one word to answer)
Image size: 37092 bytes
Response status code: 500
{'error': 'timed out waiting for llama runner to start - progress 0.00 - '}
Response: Error: Could not process the image.
Analyzing frame 58/117...
Prompt: Given the scenario shown on the video, you think this situation ends well or poorly? (Use only one word to answer)
Image size: 37224 bytes
Response status code: 500
{'error': 'timed out waiting for llama runner to start - progress 0.00 - '}
Response: Error: Could not process the image.
Analyzing frame 59/117...
Prompt: Given the scenario shown on the video, you think this situation ends well or poorly? (Use only one word to answer)
Image size: 37552 bytes
Response status code: 500
{'error': 'timed out waiting for llama runner to start - progress 0.00 - '}
Response: Error: Could not process the image.
Analyzing frame 60/117...
Prompt: Given the scenario shown on the video, you think this situation ends well or poorly? (Use only one word to answer)
Image size: 37592 bytes
Response status code: 500
{'error': 'timed out waiting for llama runner to start - progress 0.00 - '}
Response: Error: Could not process the image.
Analyzing frame 61/117...
Prompt: Given the scenario shown on the video, you think this situation ends well or poorly? (Use only one word to answer)
Image size: 37932 bytes
Response status code: 500
{'error': 'timed out waiting for llama runner to start - progress 0.00 - '}
Response: Error: Could not process the image.
Analyzing frame 62/117...
Prompt: Given the scenario shown on the video, you think this situation ends well or poorly? (Use only one word to answer)
Image size: 38200 bytes
Response status code: 500
{'error': 'timed out waiting for llama runner to start - progress 0.00 - '}
Response: Error: Could not process the image.
Analyzing frame 63/117...
Prompt: Given the scenario shown on the video, you think this situation ends well or poorly? (Use only one word to answer)
Image size: 38760 bytes
Response status code: 500
{'error': 'timed out waiting for llama runner to start - progress 0.00 - '}
Response: Error: Could not process the image.
Analyzing frame 64/117...
Prompt: Given the scenario shown on the video, you think this situation ends well or poorly? (Use only one word to answer)
Image size: 38756 bytes
Response status code: 500
{'error': 'timed out waiting for llama runner to start - progress 0.00 - '}
Response: Error: Could not process the image.
Analyzing frame 65/117...
Prompt: Given the scenario shown on the video, you think this situation ends well or poorly? (Use only one word to answer)
Image size: 38692 bytes
Response status code: 500
{'error': 'timed out waiting for llama runner to start - progress 0.00 - '}
Response: Error: Could not process the image.
Analyzing frame 66/117...
Prompt: Given the scenario shown on the video, you think this situation ends well or poorly? (Use only one word to answer)
Image size: 38552 bytes
Response status code: 500
{'error': 'timed out waiting for llama runner to start - progress 0.00 - '}
Response: Error: Could not process the image.
Analyzing frame 67/117...
Prompt: Given the scenario shown on the video, you think this situation ends well or poorly? (Use only one word to answer)
Image size: 38580 bytes
Response status code: 500
{'error': 'timed out waiting for llama runner to start - progress 0.00 - '}
Response: Error: Could not process the image.
Analyzing frame 68/117...
Prompt: Given the scenario shown on the video, you think this situation ends well or poorly? (Use only one word to answer)
Image size: 38516 bytes
Response status code: 500
{'error': 'timed out waiting for llama runner to start - progress 0.00 - '}
Response: Error: Could not process the image.
Analyzing frame 69/117...
Prompt: Given the scenario shown on the video, you think this situation ends well or poorly? (Use only one word to answer)
Image size: 38688 bytes
Response status code: 500
{'error': 'timed out waiting for llama runner to start - progress 0.00 - '}
Response: Error: Could not process the image.
Analyzing frame 70/117...
Prompt: Given the scenario shown on the video, you think this situation ends well or poorly? (Use only one word to answer)
Image size: 38620 bytes
Response status code: 500
{'error': 'timed out waiting for llama runner to start - progress 0.00 - '}
Response: Error: Could not process the image.
Analyzing frame 71/117...
Prompt: Given the scenario shown on the video, you think this situation ends well or poorly? (Use only one word to answer)
Image size: 38640 bytes
Response status code: 500
{'error': 'timed out waiting for llama runner to start - progress 0.00 - '}
Response: Error: Could not process the image.
Analyzing frame 72/117...
Prompt: Given the scenario shown on the video, you think this situation ends well or poorly? (Use only one word to answer)
Image size: 38584 bytes
Response status code: 500
{'error': 'timed out waiting for llama runner to start - progress 0.00 - '}
Response: Error: Could not process the image.
Analyzing frame 73/117...
Prompt: Given the scenario shown on the video, you think this situation ends well or poorly? (Use only one word to answer)
Image size: 38692 bytes
Response status code: 500
{'error': 'timed out waiting for llama runner to start - progress 0.00 - '}
Response: Error: Could not process the image.
Analyzing frame 74/117...
Prompt: Given the scenario shown on the video, you think this situation ends well or poorly? (Use only one word to answer)
Image size: 38520 bytes
Response status code: 500
{'error': 'timed out waiting for llama runner to start - progress 0.00 - '}
Response: Error: Could not process the image.
Analyzing frame 75/117...
Prompt: Given the scenario shown on the video, you think this situation ends well or poorly? (Use only one word to answer)
Image size: 38524 bytes
Response status code: 500
{'error': 'timed out waiting for llama runner to start - progress 0.00 - '}
Response: Error: Could not process the image.
Analyzing frame 76/117...
Prompt: Given the scenario shown on the video, you think this situation ends well or poorly? (Use only one word to answer)
Image size: 38520 bytes
Response status code: 500
{'error': 'timed out waiting for llama runner to start - progress 0.00 - '}
Response: Error: Could not process the image.
Analyzing frame 77/117...
Prompt: Given the scenario shown on the video, you think this situation ends well or poorly? (Use only one word to answer)
Image size: 38680 bytes
Response status code: 500
{'error': 'timed out waiting for llama runner to start - progress 0.00 - '}
Response: Error: Could not process the image.
Analyzing frame 78/117...
Prompt: Given the scenario shown on the video, you think this situation ends well or poorly? (Use only one word to answer)
Image size: 38568 bytes
Response status code: 500
{'error': 'timed out waiting for llama runner to start - progress 0.00 - '}
Response: Error: Could not process the image.
Analyzing frame 79/117...
Prompt: Given the scenario shown on the video, you think this situation ends well or poorly? (Use only one word to answer)
Image size: 38604 bytes
Response status code: 500
{'error': 'timed out waiting for llama runner to start - progress 0.00 - '}
Response: Error: Could not process the image.
Analyzing frame 80/117...
Prompt: Given the scenario shown on the video, you think this situation ends well or poorly? (Use only one word to answer)
Image size: 38632 bytes
Response status code: 500
{'error': 'timed out waiting for llama runner to start - progress 0.00 - '}
Response: Error: Could not process the image.
Analyzing frame 81/117...
Prompt: Given the scenario shown on the video, you think this situation ends well or poorly? (Use only one word to answer)
Image size: 38724 bytes
Response status code: 500
{'error': 'timed out waiting for llama runner to start - progress 0.00 - '}
Response: Error: Could not process the image.
Analyzing frame 82/117...
Prompt: Given the scenario shown on the video, you think this situation ends well or poorly? (Use only one word to answer)
Image size: 38624 bytes
Response status code: 500
{'error': 'timed out waiting for llama runner to start - progress 0.00 - '}
Response: Error: Could not process the image.
Analyzing frame 83/117...
Prompt: Given the scenario shown on the video, you think this situation ends well or poorly? (Use only one word to answer)
Image size: 38552 bytes
Response status code: 500
{'error': 'timed out waiting for llama runner to start - progress 0.00 - '}
Response: Error: Could not process the image.
Analyzing frame 84/117...
Prompt: Given the scenario shown on the video, you think this situation ends well or poorly? (Use only one word to answer)
Image size: 38456 bytes
Response status code: 500
{'error': 'timed out waiting for llama runner to start - progress 0.00 - '}
Response: Error: Could not process the image.
Analyzing frame 85/117...
Prompt: Given the scenario shown on the video, you think this situation ends well or poorly? (Use only one word to answer)
Image size: 38104 bytes
Response status code: 500
{'error': 'timed out waiting for llama runner to start - progress 0.00 - '}
Response: Error: Could not process the image.
Analyzing frame 86/117...
Prompt: Given the scenario shown on the video, you think this situation ends well or poorly? (Use only one word to answer)
Image size: 37956 bytes
Response status code: 500
{'error': 'timed out waiting for llama runner to start - progress 0.00 - '}
Response: Error: Could not process the image.
Analyzing frame 87/117...
Prompt: Given the scenario shown on the video, you think this situation ends well or poorly? (Use only one word to answer)
Image size: 37940 bytes
Response status code: 500
{'error': 'timed out waiting for llama runner to start - progress 0.00 - '}
Response: Error: Could not process the image.
Analyzing frame 88/117...
Prompt: Given the scenario shown on the video, you think this situation ends well or poorly? (Use only one word to answer)
Image size: 37916 bytes
Response status code: 500
{'error': 'timed out waiting for llama runner to start - progress 0.00 - '}
Response: Error: Could not process the image.
Analyzing frame 89/117...
Prompt: Given the scenario shown on the video, you think this situation ends well or poorly? (Use only one word to answer)
Image size: 37876 bytes
Response status code: 500
{'error': 'timed out waiting for llama runner to start - progress 0.00 - '}
Response: Error: Could not process the image.
Analyzing frame 90/117...
Prompt: Given the scenario shown on the video, you think this situation ends well or poorly? (Use only one word to answer)
Image size: 37888 bytes
Response status code: 500
{'error': 'timed out waiting for llama runner to start - progress 0.00 - '}
Response: Error: Could not process the image.
Analyzing frame 91/117...
Prompt: Given the scenario shown on the video, you think this situation ends well or poorly? (Use only one word to answer)
Image size: 37892 bytes
Response status code: 500
{'error': 'timed out waiting for llama runner to start - progress 0.00 - '}
Response: Error: Could not process the image.
Analyzing frame 92/117...
Prompt: Given the scenario shown on the video, you think this situation ends well or poorly? (Use only one word to answer)
Image size: 37888 bytes
Response status code: 500
{'error': 'timed out waiting for llama runner to start - progress 0.00 - '}
Response: Error: Could not process the image.
Analyzing frame 93/117...
Prompt: Given the scenario shown on the video, you think this situation ends well or poorly? (Use only one word to answer)
Image size: 37852 bytes
Response status code: 500
{'error': 'timed out waiting for llama runner to start - progress 0.00 - '}
Response: Error: Could not process the image.
Analyzing frame 94/117...
Prompt: Given the scenario shown on the video, you think this situation ends well or poorly? (Use only one word to answer)
Image size: 37840 bytes
Response status code: 500
{'error': 'timed out waiting for llama runner to start - progress 0.00 - '}
Response: Error: Could not process the image.
Analyzing frame 95/117...
Prompt: Given the scenario shown on the video, you think this situation ends well or poorly? (Use only one word to answer)
Image size: 37884 bytes
Response status code: 500
{'error': 'timed out waiting for llama runner to start - progress 0.00 - '}
Response: Error: Could not process the image.
Analyzing frame 96/117...
Prompt: Given the scenario shown on the video, you think this situation ends well or poorly? (Use only one word to answer)
Image size: 37844 bytes
Response status code: 500
{'error': 'timed out waiting for llama runner to start - progress 0.00 - '}
Response: Error: Could not process the image.
Analyzing frame 97/117...
Prompt: Given the scenario shown on the video, you think this situation ends well or poorly? (Use only one word to answer)
Image size: 37856 bytes
Response status code: 500
{'error': 'timed out waiting for llama runner to start - progress 0.00 - '}
Response: Error: Could not process the image.
Analyzing frame 98/117...
Prompt: Given the scenario shown on the video, you think this situation ends well or poorly? (Use only one word to answer)
Image size: 37844 bytes
Response status code: 500
{'error': 'timed out waiting for llama runner to start - progress 0.00 - '}
Response: Error: Could not process the image.
Analyzing frame 99/117...
Prompt: Given the scenario shown on the video, you think this situation ends well or poorly? (Use only one word to answer)
Image size: 37864 bytes
Response status code: 500
{'error': 'timed out waiting for llama runner to start - progress 0.00 - '}
Response: Error: Could not process the image.
Analyzing frame 100/117...
Prompt: Given the scenario shown on the video, you think this situation ends well or poorly? (Use only one word to answer)
Image size: 37852 bytes
Response status code: 500
{'error': 'timed out waiting for llama runner to start - progress 0.00 - '}
Response: Error: Could not process the image.
Analyzing frame 101/117...
Prompt: Given the scenario shown on the video, you think this situation ends well or poorly? (Use only one word to answer)
Image size: 37848 bytes
Response status code: 500
{'error': 'timed out waiting for llama runner to start - progress 0.00 - '}
Response: Error: Could not process the image.
Analyzing frame 102/117...
Prompt: Given the scenario shown on the video, you think this situation ends well or poorly? (Use only one word to answer)
Image size: 37848 bytes
Response status code: 500
{'error': 'timed out waiting for llama runner to start - progress 0.00 - '}
Response: Error: Could not process the image.
Analyzing frame 103/117...
Prompt: Given the scenario shown on the video, you think this situation ends well or poorly? (Use only one word to answer)
Image size: 37872 bytes
Response status code: 500
{'error': 'timed out waiting for llama runner to start - progress 0.00 - '}
Response: Error: Could not process the image.
Analyzing frame 104/117...
Prompt: Given the scenario shown on the video, you think this situation ends well or poorly? (Use only one word to answer)
Image size: 37852 bytes
Response status code: 500
{'error': 'timed out waiting for llama runner to start - progress 0.00 - '}
Response: Error: Could not process the image.
Analyzing frame 105/117...
Prompt: Given the scenario shown on the video, you think this situation ends well or poorly? (Use only one word to answer)
Image size: 37864 bytes
Response status code: 500
{'error': 'timed out waiting for llama runner to start - progress 0.00 - '}
Response: Error: Could not process the image.
Analyzing frame 106/117...
Prompt: Given the scenario shown on the video, you think this situation ends well or poorly? (Use only one word to answer)
Image size: 37856 bytes
Response status code: 500
{'error': 'timed out waiting for llama runner to start - progress 0.00 - '}
Response: Error: Could not process the image.
Analyzing frame 107/117...
Prompt: Given the scenario shown on the video, you think this situation ends well or poorly? (Use only one word to answer)
Image size: 37864 bytes
Response status code: 500
{'error': 'timed out waiting for llama runner to start - progress 0.00 - '}
Response: Error: Could not process the image.
Analyzing frame 108/117...
Prompt: Given the scenario shown on the video, you think this situation ends well or poorly? (Use only one word to answer)
Image size: 37852 bytes
Response status code: 500
{'error': 'timed out waiting for llama runner to start - progress 0.00 - '}
Response: Error: Could not process the image.
Analyzing frame 109/117...
Prompt: Given the scenario shown on the video, you think this situation ends well or poorly? (Use only one word to answer)
Image size: 37876 bytes
Response status code: 500
{'error': 'timed out waiting for llama runner to start - progress 0.00 - '}
Response: Error: Could not process the image.
Analyzing frame 110/117...
Prompt: Given the scenario shown on the video, you think this situation ends well or poorly? (Use only one word to answer)
Image size: 37856 bytes
Response status code: 500
{'error': 'timed out waiting for llama runner to start - progress 0.00 - '}
Response: Error: Could not process the image.
Analyzing frame 111/117...
Prompt: Given the scenario shown on the video, you think this situation ends well or poorly? (Use only one word to answer)
Image size: 37876 bytes
Response status code: 500
{'error': 'timed out waiting for llama runner to start - progress 0.00 - '}
Response: Error: Could not process the image.
Analyzing frame 112/117...
Prompt: Given the scenario shown on the video, you think this situation ends well or poorly? (Use only one word to answer)
Image size: 37856 bytes
Response status code: 500
{'error': 'timed out waiting for llama runner to start - progress 0.00 - '}
Response: Error: Could not process the image.
Analyzing frame 113/117...
Prompt: Given the scenario shown on the video, you think this situation ends well or poorly? (Use only one word to answer)
Image size: 37860 bytes
Response status code: 500
{'error': 'timed out waiting for llama runner to start - progress 0.00 - '}
Response: Error: Could not process the image.
Analyzing frame 114/117...
Prompt: Given the scenario shown on the video, you think this situation ends well or poorly? (Use only one word to answer)
Image size: 37844 bytes
Response status code: 500
{'error': 'timed out waiting for llama runner to start - progress 0.00 - '}
Response: Error: Could not process the image.
Analyzing frame 115/117...
Prompt: Given the scenario shown on the video, you think this situation ends well or poorly? (Use only one word to answer)
Image size: 37852 bytes
Response status code: 500
{'error': 'timed out waiting for llama runner to start - progress 0.00 - '}
Response: Error: Could not process the image.
Analyzing frame 116/117...
Prompt: Given the scenario shown on the video, you think this situation ends well or poorly? (Use only one word to answer)
Image size: 37856 bytes
Response status code: 500
{'error': 'timed out waiting for llama runner to start - progress 0.00 - '}
Response: Error: Could not process the image.
Analyzing frame 117/117...
Prompt: Given the scenario shown on the video, you think this situation ends well or poorly? (Use only one word to answer)
Image size: 37844 bytes
Response status code: 500
{'error': 'timed out waiting for llama runner to start - progress 0.00 - '}
Response: Error: Could not process the image.
Final prediction for 49_final.mp4: Error: Could not process the image.

Results saved to ./results/results_llavallama3.csv
Total videos processed: 1805

==================================================
Processing video 20/30

Processing video: 50_final.mp4
Video info: 268 frames, 30.00 FPS, 8.93 seconds
Extracted 90 frames for analysis
Analyzing frame 1/90...
Prompt: Given the scenario shown on the video, you think this situation ends well or poorly? (Use only one word to answer)
Image size: 29468 bytes
Response status code: 500
{'error': 'timed out waiting for llama runner to start - progress 0.00 - '}
Response: Error: Could not process the image.
Analyzing frame 2/90...
Prompt: Given the scenario shown on the video, you think this situation ends well or poorly? (Use only one word to answer)
Image size: 29624 bytes
Response status code: 500
{'error': 'timed out waiting for llama runner to start - progress 0.00 - '}
Response: Error: Could not process the image.
Analyzing frame 3/90...
Prompt: Given the scenario shown on the video, you think this situation ends well or poorly? (Use only one word to answer)
Image size: 29800 bytes
Response status code: 500
{'error': 'timed out waiting for llama runner to start - progress 0.00 - '}
Response: Error: Could not process the image.
Analyzing frame 4/90...
Prompt: Given the scenario shown on the video, you think this situation ends well or poorly? (Use only one word to answer)
Image size: 29672 bytes
Response status code: 500
{'error': 'timed out waiting for llama runner to start - progress 0.00 - '}
Response: Error: Could not process the image.
Analyzing frame 5/90...
Prompt: Given the scenario shown on the video, you think this situation ends well or poorly? (Use only one word to answer)
Image size: 29888 bytes
Response status code: 500
{'error': 'timed out waiting for llama runner to start - progress 0.00 - '}
Response: Error: Could not process the image.
Analyzing frame 6/90...
Prompt: Given the scenario shown on the video, you think this situation ends well or poorly? (Use only one word to answer)
Image size: 29692 bytes
Response status code: 500
{'error': 'timed out waiting for llama runner to start - progress 0.00 - '}
Response: Error: Could not process the image.
Analyzing frame 7/90...
Prompt: Given the scenario shown on the video, you think this situation ends well or poorly? (Use only one word to answer)
Image size: 29760 bytes
Response status code: 500
{'error': 'timed out waiting for llama runner to start - progress 0.00 - '}
Response: Error: Could not process the image.
Analyzing frame 8/90...
Prompt: Given the scenario shown on the video, you think this situation ends well or poorly? (Use only one word to answer)
Image size: 29504 bytes
Response status code: 500
{'error': 'timed out waiting for llama runner to start - progress 0.00 - '}
Response: Error: Could not process the image.
Analyzing frame 9/90...
Prompt: Given the scenario shown on the video, you think this situation ends well or poorly? (Use only one word to answer)
Image size: 29540 bytes
Response status code: 500
{'error': 'timed out waiting for llama runner to start - progress 0.00 - '}
Response: Error: Could not process the image.
Analyzing frame 10/90...
Prompt: Given the scenario shown on the video, you think this situation ends well or poorly? (Use only one word to answer)
Image size: 29124 bytes
Response status code: 500
{'error': 'timed out waiting for llama runner to start - progress 0.00 - '}
Response: Error: Could not process the image.
Analyzing frame 11/90...
Prompt: Given the scenario shown on the video, you think this situation ends well or poorly? (Use only one word to answer)
Image size: 29112 bytes
Response status code: 500
{'error': 'timed out waiting for llama runner to start - progress 0.00 - '}
Response: Error: Could not process the image.
Analyzing frame 12/90...
Prompt: Given the scenario shown on the video, you think this situation ends well or poorly? (Use only one word to answer)
Image size: 28868 bytes
Response status code: 500
{'error': 'timed out waiting for llama runner to start - progress 0.00 - '}
Response: Error: Could not process the image.
Analyzing frame 13/90...
Prompt: Given the scenario shown on the video, you think this situation ends well or poorly? (Use only one word to answer)
Image size: 28940 bytes
Response status code: 500
{'error': 'timed out waiting for llama runner to start - progress 0.00 - '}
Response: Error: Could not process the image.
Analyzing frame 14/90...
Prompt: Given the scenario shown on the video, you think this situation ends well or poorly? (Use only one word to answer)
Image size: 28644 bytes
Response status code: 500
{'error': 'timed out waiting for llama runner to start - progress 0.00 - '}
Response: Error: Could not process the image.
Analyzing frame 15/90...
Prompt: Given the scenario shown on the video, you think this situation ends well or poorly? (Use only one word to answer)
Image size: 28272 bytes
Response status code: 500
{'error': 'timed out waiting for llama runner to start - progress 0.00 - '}
Response: Error: Could not process the image.
Analyzing frame 16/90...
Prompt: Given the scenario shown on the video, you think this situation ends well or poorly? (Use only one word to answer)
Image size: 28356 bytes
Response status code: 500
{'error': 'timed out waiting for llama runner to start - progress 0.00 - '}
Response: Error: Could not process the image.
Analyzing frame 17/90...
Prompt: Given the scenario shown on the video, you think this situation ends well or poorly? (Use only one word to answer)
Image size: 28312 bytes
Response status code: 500
{'error': 'timed out waiting for llama runner to start - progress 0.00 - '}
Response: Error: Could not process the image.
Analyzing frame 18/90...
Prompt: Given the scenario shown on the video, you think this situation ends well or poorly? (Use only one word to answer)
Image size: 28000 bytes
Response status code: 500
{'error': 'timed out waiting for llama runner to start - progress 0.00 - '}
Response: Error: Could not process the image.
Analyzing frame 19/90...
