nohup: ignoring input
Starting video analysis with mistral-small3.2...
Video folder: ../../../data/final_cut_videos/
Output CSV: ./results/results_mistralsmall32.csv
Prompt: Given the scenario shown on the video, you think this situation ends well or poorly? (Use only one word to answer)
Found 30 video files

==================================================
Processing video 1/30

Processing video: 11_final.mp4
Video info: 424 frames, 30.00 FPS, 14.13 seconds
Extracted 29 frames for analysis
Analyzing frame 1/29...
Prompt: Given the scenario shown on the video, you think this situation ends well or poorly? (Use only one word to answer)
Image size: 31940 bytes
Response status code: 200
{'model': 'mistral-small3.2', 'created_at': '2025-12-04T17:19:42.289986322Z', 'message': {'role': 'assistant', 'content': 'Poorly'}, 'done': True, 'done_reason': 'stop', 'total_duration': 168460213313, 'load_duration': 155510650853, 'prompt_eval_count': 844, 'prompt_eval_duration': 10498404817, 'eval_count': 4, 'eval_duration': 2052139026}
Response: Poorly
Analyzing frame 2/29...
Prompt: Given the scenario shown on the video, you think this situation ends well or poorly? (Use only one word to answer)
Image size: 32676 bytes
Response status code: 200
{'model': 'mistral-small3.2', 'created_at': '2025-12-04T17:19:47.731822019Z', 'message': {'role': 'assistant', 'content': 'Poorly'}, 'done': True, 'done_reason': 'stop', 'total_duration': 4383146685, 'load_duration': 454967595, 'prompt_eval_count': 844, 'prompt_eval_duration': 2005352254, 'eval_count': 4, 'eval_duration': 1620155706}
Response: Poorly
Analyzing frame 3/29...
Prompt: Given the scenario shown on the video, you think this situation ends well or poorly? (Use only one word to answer)
Image size: 32352 bytes
Response status code: 200
{'model': 'mistral-small3.2', 'created_at': '2025-12-04T17:19:52.749089252Z', 'message': {'role': 'assistant', 'content': 'Poorly'}, 'done': True, 'done_reason': 'stop', 'total_duration': 3974783971, 'load_duration': 150591566, 'prompt_eval_count': 844, 'prompt_eval_duration': 2037864833, 'eval_count': 4, 'eval_duration': 1518647523}
Response: Poorly
Analyzing frame 4/29...
Prompt: Given the scenario shown on the video, you think this situation ends well or poorly? (Use only one word to answer)
Image size: 32292 bytes
Response status code: 200
{'model': 'mistral-small3.2', 'created_at': '2025-12-04T17:19:57.763902915Z', 'message': {'role': 'assistant', 'content': 'Poorly'}, 'done': True, 'done_reason': 'stop', 'total_duration': 3975069374, 'load_duration': 104260686, 'prompt_eval_count': 844, 'prompt_eval_duration': 1999528201, 'eval_count': 4, 'eval_duration': 1597404049}
Response: Poorly
Analyzing frame 5/29...
Prompt: Given the scenario shown on the video, you think this situation ends well or poorly? (Use only one word to answer)
Image size: 32280 bytes
Response status code: 200
{'model': 'mistral-small3.2', 'created_at': '2025-12-04T17:20:02.888709Z', 'message': {'role': 'assistant', 'content': 'Poorly'}, 'done': True, 'done_reason': 'stop', 'total_duration': 4086481026, 'load_duration': 125756575, 'prompt_eval_count': 844, 'prompt_eval_duration': 2014559837, 'eval_count': 4, 'eval_duration': 1664518531}
Response: Poorly
Analyzing frame 6/29...
Prompt: Given the scenario shown on the video, you think this situation ends well or poorly? (Use only one word to answer)
Image size: 31268 bytes
Response status code: 200
{'model': 'mistral-small3.2', 'created_at': '2025-12-04T17:20:07.990497066Z', 'message': {'role': 'assistant', 'content': 'Poorly'}, 'done': True, 'done_reason': 'stop', 'total_duration': 4061773173, 'load_duration': 102794218, 'prompt_eval_count': 844, 'prompt_eval_duration': 2008060402, 'eval_count': 4, 'eval_duration': 1650866893}
Response: Poorly
Analyzing frame 7/29...
Prompt: Given the scenario shown on the video, you think this situation ends well or poorly? (Use only one word to answer)
Image size: 30924 bytes
Response status code: 200
{'model': 'mistral-small3.2', 'created_at': '2025-12-04T17:20:13.067518096Z', 'message': {'role': 'assistant', 'content': 'Poorly'}, 'done': True, 'done_reason': 'stop', 'total_duration': 4035836563, 'load_duration': 124053605, 'prompt_eval_count': 844, 'prompt_eval_duration': 1998225153, 'eval_count': 4, 'eval_duration': 1655657226}
Response: Poorly
Analyzing frame 8/29...
Prompt: Given the scenario shown on the video, you think this situation ends well or poorly? (Use only one word to answer)
Image size: 32056 bytes
Response status code: 200
{'model': 'mistral-small3.2', 'created_at': '2025-12-04T17:20:18.156051952Z', 'message': {'role': 'assistant', 'content': 'Poorly'}, 'done': True, 'done_reason': 'stop', 'total_duration': 4046579139, 'load_duration': 129772422, 'prompt_eval_count': 844, 'prompt_eval_duration': 1990547204, 'eval_count': 4, 'eval_duration': 1643989826}
Response: Poorly
Analyzing frame 9/29...
Prompt: Given the scenario shown on the video, you think this situation ends well or poorly? (Use only one word to answer)
Image size: 32272 bytes
Response status code: 200
{'model': 'mistral-small3.2', 'created_at': '2025-12-04T17:20:23.065211364Z', 'message': {'role': 'assistant', 'content': 'Poorly'}, 'done': True, 'done_reason': 'stop', 'total_duration': 3858698977, 'load_duration': 142841308, 'prompt_eval_count': 844, 'prompt_eval_duration': 2009691245, 'eval_count': 4, 'eval_duration': 1388897867}
Response: Poorly
Analyzing frame 10/29...
Prompt: Given the scenario shown on the video, you think this situation ends well or poorly? (Use only one word to answer)
Image size: 31692 bytes
Response status code: 200
{'model': 'mistral-small3.2', 'created_at': '2025-12-04T17:20:28.175417689Z', 'message': {'role': 'assistant', 'content': 'Poorly'}, 'done': True, 'done_reason': 'stop', 'total_duration': 4070460055, 'load_duration': 105812376, 'prompt_eval_count': 844, 'prompt_eval_duration': 2002891834, 'eval_count': 4, 'eval_duration': 1678659596}
Response: Poorly
Analyzing frame 11/29...
Prompt: Given the scenario shown on the video, you think this situation ends well or poorly? (Use only one word to answer)
Image size: 32284 bytes
Response status code: 200
{'model': 'mistral-small3.2', 'created_at': '2025-12-04T17:20:33.342551228Z', 'message': {'role': 'assistant', 'content': 'Poorly'}, 'done': True, 'done_reason': 'stop', 'total_duration': 4126634299, 'load_duration': 157062791, 'prompt_eval_count': 844, 'prompt_eval_duration': 2017055859, 'eval_count': 4, 'eval_duration': 1689582299}
Response: Poorly
Analyzing frame 12/29...
Prompt: Given the scenario shown on the video, you think this situation ends well or poorly? (Use only one word to answer)
Image size: 31840 bytes
Response status code: 200
{'model': 'mistral-small3.2', 'created_at': '2025-12-04T17:20:38.494258488Z', 'message': {'role': 'assistant', 'content': 'Poorly'}, 'done': True, 'done_reason': 'stop', 'total_duration': 4110642546, 'load_duration': 155309049, 'prompt_eval_count': 844, 'prompt_eval_duration': 2005041703, 'eval_count': 4, 'eval_duration': 1663804555}
Response: Poorly
Analyzing frame 13/29...
Prompt: Given the scenario shown on the video, you think this situation ends well or poorly? (Use only one word to answer)
Image size: 31424 bytes
Response status code: 200
{'model': 'mistral-small3.2', 'created_at': '2025-12-04T17:20:43.607626185Z', 'message': {'role': 'assistant', 'content': 'Poorly'}, 'done': True, 'done_reason': 'stop', 'total_duration': 4074500149, 'load_duration': 101439876, 'prompt_eval_count': 844, 'prompt_eval_duration': 2017776365, 'eval_count': 4, 'eval_duration': 1666236310}
Response: Poorly
Analyzing frame 14/29...
Prompt: Given the scenario shown on the video, you think this situation ends well or poorly? (Use only one word to answer)
Image size: 31632 bytes
Response status code: 200
{'model': 'mistral-small3.2', 'created_at': '2025-12-04T17:20:48.738969468Z', 'message': {'role': 'assistant', 'content': 'Poorly'}, 'done': True, 'done_reason': 'stop', 'total_duration': 4091198327, 'load_duration': 137679028, 'prompt_eval_count': 844, 'prompt_eval_duration': 2010253777, 'eval_count': 4, 'eval_duration': 1672776423}
Response: Poorly
Analyzing frame 15/29...
Prompt: Given the scenario shown on the video, you think this situation ends well or poorly? (Use only one word to answer)
Image size: 32108 bytes
Response status code: 200
{'model': 'mistral-small3.2', 'created_at': '2025-12-04T17:20:53.487450876Z', 'message': {'role': 'assistant', 'content': 'Poorly'}, 'done': True, 'done_reason': 'stop', 'total_duration': 3686771617, 'load_duration': 135183840, 'prompt_eval_count': 844, 'prompt_eval_duration': 2026638490, 'eval_count': 4, 'eval_duration': 1210579219}
Response: Poorly
Analyzing frame 16/29...
Prompt: Given the scenario shown on the video, you think this situation ends well or poorly? (Use only one word to answer)
Image size: 31220 bytes
Response status code: 200
{'model': 'mistral-small3.2', 'created_at': '2025-12-04T17:20:58.530856354Z', 'message': {'role': 'assistant', 'content': 'Poorly'}, 'done': True, 'done_reason': 'stop', 'total_duration': 4003065858, 'load_duration': 106483144, 'prompt_eval_count': 844, 'prompt_eval_duration': 2003775815, 'eval_count': 4, 'eval_duration': 1645746719}
Response: Poorly
Analyzing frame 17/29...
Prompt: Given the scenario shown on the video, you think this situation ends well or poorly? (Use only one word to answer)
Image size: 30640 bytes
Response status code: 200
{'model': 'mistral-small3.2', 'created_at': '2025-12-04T17:21:03.453531737Z', 'message': {'role': 'assistant', 'content': 'Poorly'}, 'done': True, 'done_reason': 'stop', 'total_duration': 3883221706, 'load_duration': 127222093, 'prompt_eval_count': 844, 'prompt_eval_duration': 2006825691, 'eval_count': 4, 'eval_duration': 1476642759}
Response: Poorly
Analyzing frame 18/29...
Prompt: Given the scenario shown on the video, you think this situation ends well or poorly? (Use only one word to answer)
Image size: 31888 bytes
Response status code: 200
{'model': 'mistral-small3.2', 'created_at': '2025-12-04T17:21:08.552746119Z', 'message': {'role': 'assistant', 'content': 'Poorly'}, 'done': True, 'done_reason': 'stop', 'total_duration': 4056927779, 'load_duration': 172006280, 'prompt_eval_count': 844, 'prompt_eval_duration': 2001728368, 'eval_count': 4, 'eval_duration': 1601709265}
Response: Poorly
Analyzing frame 19/29...
Prompt: Given the scenario shown on the video, you think this situation ends well or poorly? (Use only one word to answer)
Image size: 32460 bytes
Response status code: 200
{'model': 'mistral-small3.2', 'created_at': '2025-12-04T17:21:13.633618633Z', 'message': {'role': 'assistant', 'content': 'Poorly'}, 'done': True, 'done_reason': 'stop', 'total_duration': 4040430798, 'load_duration': 106359552, 'prompt_eval_count': 844, 'prompt_eval_duration': 1998357617, 'eval_count': 4, 'eval_duration': 1653031032}
Response: Poorly
Analyzing frame 20/29...
Prompt: Given the scenario shown on the video, you think this situation ends well or poorly? (Use only one word to answer)
Image size: 32504 bytes
Response status code: 200
{'model': 'mistral-small3.2', 'created_at': '2025-12-04T17:21:18.574212469Z', 'message': {'role': 'assistant', 'content': 'Poorly'}, 'done': True, 'done_reason': 'stop', 'total_duration': 3902215204, 'load_duration': 153259097, 'prompt_eval_count': 844, 'prompt_eval_duration': 1996875684, 'eval_count': 4, 'eval_duration': 1476453028}
Response: Poorly
Analyzing frame 21/29...
Prompt: Given the scenario shown on the video, you think this situation ends well or poorly? (Use only one word to answer)
Image size: 33992 bytes
Response status code: 200
{'model': 'mistral-small3.2', 'created_at': '2025-12-04T17:21:24.149181117Z', 'message': {'role': 'assistant', 'content': 'Poorly'}, 'done': True, 'done_reason': 'stop', 'total_duration': 4535978162, 'load_duration': 165540798, 'prompt_eval_count': 844, 'prompt_eval_duration': 2000423316, 'eval_count': 4, 'eval_duration': 2089330093}
Response: Poorly
Analyzing frame 22/29...
Prompt: Given the scenario shown on the video, you think this situation ends well or poorly? (Use only one word to answer)
Image size: 33772 bytes
Response status code: 200
{'model': 'mistral-small3.2', 'created_at': '2025-12-04T17:21:29.211481032Z', 'message': {'role': 'assistant', 'content': 'Poorly'}, 'done': True, 'done_reason': 'stop', 'total_duration': 4021031441, 'load_duration': 105678965, 'prompt_eval_count': 844, 'prompt_eval_duration': 1998846351, 'eval_count': 4, 'eval_duration': 1634429712}
Response: Poorly
Analyzing frame 23/29...
Prompt: Given the scenario shown on the video, you think this situation ends well or poorly? (Use only one word to answer)
Image size: 33020 bytes
Response status code: 200
{'model': 'mistral-small3.2', 'created_at': '2025-12-04T17:21:34.202691341Z', 'message': {'role': 'assistant', 'content': 'Poorly'}, 'done': True, 'done_reason': 'stop', 'total_duration': 3952581319, 'load_duration': 145074159, 'prompt_eval_count': 844, 'prompt_eval_duration': 2007326933, 'eval_count': 4, 'eval_duration': 1521926553}
Response: Poorly
Analyzing frame 24/29...
Prompt: Given the scenario shown on the video, you think this situation ends well or poorly? (Use only one word to answer)
Image size: 32816 bytes
Response status code: 200
{'model': 'mistral-small3.2', 'created_at': '2025-12-04T17:21:39.303195165Z', 'message': {'role': 'assistant', 'content': 'Poorly'}, 'done': True, 'done_reason': 'stop', 'total_duration': 4060417336, 'load_duration': 125890409, 'prompt_eval_count': 844, 'prompt_eval_duration': 2009721582, 'eval_count': 4, 'eval_duration': 1669949546}
Response: Poorly
Analyzing frame 25/29...
Prompt: Given the scenario shown on the video, you think this situation ends well or poorly? (Use only one word to answer)
Image size: 32816 bytes
Response status code: 200
{'model': 'mistral-small3.2', 'created_at': '2025-12-04T17:21:44.445152973Z', 'message': {'role': 'assistant', 'content': 'Poorly'}, 'done': True, 'done_reason': 'stop', 'total_duration': 4099733091, 'load_duration': 134630224, 'prompt_eval_count': 844, 'prompt_eval_duration': 2007340200, 'eval_count': 4, 'eval_duration': 1677468402}
Response: Poorly
Analyzing frame 26/29...
Prompt: Given the scenario shown on the video, you think this situation ends well or poorly? (Use only one word to answer)
Image size: 32812 bytes
Response status code: 200
{'model': 'mistral-small3.2', 'created_at': '2025-12-04T17:21:49.61589683Z', 'message': {'role': 'assistant', 'content': 'Poorly'}, 'done': True, 'done_reason': 'stop', 'total_duration': 4134713255, 'load_duration': 148052622, 'prompt_eval_count': 844, 'prompt_eval_duration': 2025444510, 'eval_count': 4, 'eval_duration': 1670830622}
Response: Poorly
Analyzing frame 27/29...
Prompt: Given the scenario shown on the video, you think this situation ends well or poorly? (Use only one word to answer)
Image size: 32824 bytes
Response status code: 200
{'model': 'mistral-small3.2', 'created_at': '2025-12-04T17:21:54.778207957Z', 'message': {'role': 'assistant', 'content': 'Poorly'}, 'done': True, 'done_reason': 'stop', 'total_duration': 4121475246, 'load_duration': 164584942, 'prompt_eval_count': 844, 'prompt_eval_duration': 2014900508, 'eval_count': 4, 'eval_duration': 1692323391}
Response: Poorly
Analyzing frame 28/29...
Prompt: Given the scenario shown on the video, you think this situation ends well or poorly? (Use only one word to answer)
Image size: 32844 bytes
Response status code: 200
{'model': 'mistral-small3.2', 'created_at': '2025-12-04T17:22:00.056867753Z', 'message': {'role': 'assistant', 'content': 'Poorly'}, 'done': True, 'done_reason': 'stop', 'total_duration': 4240124265, 'load_duration': 172218521, 'prompt_eval_count': 844, 'prompt_eval_duration': 2009586080, 'eval_count': 4, 'eval_duration': 1769322571}
Response: Poorly
Analyzing frame 29/29...
Prompt: Given the scenario shown on the video, you think this situation ends well or poorly? (Use only one word to answer)
Image size: 32836 bytes
Response status code: 200
{'model': 'mistral-small3.2', 'created_at': '2025-12-04T17:22:04.925500548Z', 'message': {'role': 'assistant', 'content': 'Poorly'}, 'done': True, 'done_reason': 'stop', 'total_duration': 3831565477, 'load_duration': 144726797, 'prompt_eval_count': 844, 'prompt_eval_duration': 1995987189, 'eval_count': 4, 'eval_duration': 1445157870}
Response: Poorly
Final prediction for 11_final.mp4: Poorly

Results saved to ./results/results_mistralsmall32.csv
Total videos processed: 29

==================================================
Processing video 2/30

Processing video: 12_final.mp4
Video info: 217 frames, 30.00 FPS, 7.23 seconds
Extracted 15 frames for analysis
Analyzing frame 1/15...
Prompt: Given the scenario shown on the video, you think this situation ends well or poorly? (Use only one word to answer)
Image size: 22340 bytes
Response status code: 200
{'model': 'mistral-small3.2', 'created_at': '2025-12-04T17:22:10.739132843Z', 'message': {'role': 'assistant', 'content': 'Poorly'}, 'done': True, 'done_reason': 'stop', 'total_duration': 4078654196, 'load_duration': 116773701, 'prompt_eval_count': 844, 'prompt_eval_duration': 2007378110, 'eval_count': 4, 'eval_duration': 1681008488}
Response: Poorly
Analyzing frame 2/15...
Prompt: Given the scenario shown on the video, you think this situation ends well or poorly? (Use only one word to answer)
Image size: 21808 bytes
Response status code: 200
{'model': 'mistral-small3.2', 'created_at': '2025-12-04T17:22:15.730692131Z', 'message': {'role': 'assistant', 'content': 'Poorly'}, 'done': True, 'done_reason': 'stop', 'total_duration': 3951329119, 'load_duration': 143661847, 'prompt_eval_count': 844, 'prompt_eval_duration': 1999775520, 'eval_count': 4, 'eval_duration': 1555165992}
Response: Poorly
Analyzing frame 3/15...
Prompt: Given the scenario shown on the video, you think this situation ends well or poorly? (Use only one word to answer)
Image size: 21464 bytes
Response status code: 200
{'model': 'mistral-small3.2', 'created_at': '2025-12-04T17:22:20.82839543Z', 'message': {'role': 'assistant', 'content': 'Poorly'}, 'done': True, 'done_reason': 'stop', 'total_duration': 4057744926, 'load_duration': 159331353, 'prompt_eval_count': 844, 'prompt_eval_duration': 2011149853, 'eval_count': 4, 'eval_duration': 1635306985}
Response: Poorly
Analyzing frame 4/15...
Prompt: Given the scenario shown on the video, you think this situation ends well or poorly? (Use only one word to answer)
Image size: 21516 bytes
Response status code: 200
{'model': 'mistral-small3.2', 'created_at': '2025-12-04T17:22:25.947117234Z', 'message': {'role': 'assistant', 'content': 'Poorly'}, 'done': True, 'done_reason': 'stop', 'total_duration': 4079594289, 'load_duration': 137782037, 'prompt_eval_count': 844, 'prompt_eval_duration': 2004901681, 'eval_count': 4, 'eval_duration': 1658914544}
Response: Poorly
Analyzing frame 5/15...
Prompt: Given the scenario shown on the video, you think this situation ends well or poorly? (Use only one word to answer)
Image size: 24696 bytes
Response status code: 200
{'model': 'mistral-small3.2', 'created_at': '2025-12-04T17:22:31.040362897Z', 'message': {'role': 'assistant', 'content': 'Poorly'}, 'done': True, 'done_reason': 'stop', 'total_duration': 4054864879, 'load_duration': 121909774, 'prompt_eval_count': 844, 'prompt_eval_duration': 2002188498, 'eval_count': 4, 'eval_duration': 1644387562}
Response: Poorly
Analyzing frame 6/15...
Prompt: Given the scenario shown on the video, you think this situation ends well or poorly? (Use only one word to answer)
Image size: 25580 bytes
Response status code: 200
{'model': 'mistral-small3.2', 'created_at': '2025-12-04T17:22:35.962022174Z', 'message': {'role': 'assistant', 'content': 'Poorly'}, 'done': True, 'done_reason': 'stop', 'total_duration': 3882213338, 'load_duration': 149158679, 'prompt_eval_count': 844, 'prompt_eval_duration': 2032707071, 'eval_count': 4, 'eval_duration': 1428089957}
Response: Poorly
Analyzing frame 7/15...
Prompt: Given the scenario shown on the video, you think this situation ends well or poorly? (Use only one word to answer)
Image size: 25660 bytes
Response status code: 200
{'model': 'mistral-small3.2', 'created_at': '2025-12-04T17:22:41.154480675Z', 'message': {'role': 'assistant', 'content': 'Poorly'}, 'done': True, 'done_reason': 'stop', 'total_duration': 4152150155, 'load_duration': 181136829, 'prompt_eval_count': 844, 'prompt_eval_duration': 2011601721, 'eval_count': 4, 'eval_duration': 1679458518}
Response: Poorly
Analyzing frame 8/15...
Prompt: Given the scenario shown on the video, you think this situation ends well or poorly? (Use only one word to answer)
Image size: 26012 bytes
Response status code: 200
{'model': 'mistral-small3.2', 'created_at': '2025-12-04T17:22:46.229568085Z', 'message': {'role': 'assistant', 'content': 'Poorly'}, 'done': True, 'done_reason': 'stop', 'total_duration': 4036013001, 'load_duration': 105059678, 'prompt_eval_count': 844, 'prompt_eval_duration': 2008442451, 'eval_count': 4, 'eval_duration': 1658764976}
Response: Poorly
Analyzing frame 9/15...
Prompt: Given the scenario shown on the video, you think this situation ends well or poorly? (Use only one word to answer)
Image size: 26264 bytes
Response status code: 200
{'model': 'mistral-small3.2', 'created_at': '2025-12-04T17:22:51.376642974Z', 'message': {'role': 'assistant', 'content': 'Poorly'}, 'done': True, 'done_reason': 'stop', 'total_duration': 4105816503, 'load_duration': 128201036, 'prompt_eval_count': 844, 'prompt_eval_duration': 2007161989, 'eval_count': 4, 'eval_duration': 1704410354}
Response: Poorly
Analyzing frame 10/15...
Prompt: Given the scenario shown on the video, you think this situation ends well or poorly? (Use only one word to answer)
Image size: 26272 bytes
Response status code: 200
{'model': 'mistral-small3.2', 'created_at': '2025-12-04T17:22:56.530022669Z', 'message': {'role': 'assistant', 'content': 'Poorly'}, 'done': True, 'done_reason': 'stop', 'total_duration': 4112139838, 'load_duration': 147525349, 'prompt_eval_count': 844, 'prompt_eval_duration': 2009595977, 'eval_count': 4, 'eval_duration': 1678538589}
Response: Poorly
Analyzing frame 11/15...
Prompt: Given the scenario shown on the video, you think this situation ends well or poorly? (Use only one word to answer)
Image size: 26292 bytes
Response status code: 200
{'model': 'mistral-small3.2', 'created_at': '2025-12-04T17:23:01.640839783Z', 'message': {'role': 'assistant', 'content': 'Poorly'}, 'done': True, 'done_reason': 'stop', 'total_duration': 4068479039, 'load_duration': 136130072, 'prompt_eval_count': 844, 'prompt_eval_duration': 2004367648, 'eval_count': 4, 'eval_duration': 1644396753}
Response: Poorly
Analyzing frame 12/15...
Prompt: Given the scenario shown on the video, you think this situation ends well or poorly? (Use only one word to answer)
Image size: 26256 bytes
Response status code: 200
{'model': 'mistral-small3.2', 'created_at': '2025-12-04T17:23:06.778016229Z', 'message': {'role': 'assistant', 'content': 'Poorly'}, 'done': True, 'done_reason': 'stop', 'total_duration': 4096629014, 'load_duration': 144946527, 'prompt_eval_count': 844, 'prompt_eval_duration': 2013930195, 'eval_count': 4, 'eval_duration': 1653525046}
Response: Poorly
Analyzing frame 13/15...
Prompt: Given the scenario shown on the video, you think this situation ends well or poorly? (Use only one word to answer)
Image size: 26300 bytes
Response status code: 200
{'model': 'mistral-small3.2', 'created_at': '2025-12-04T17:23:11.948184813Z', 'message': {'role': 'assistant', 'content': 'Poorly'}, 'done': True, 'done_reason': 'stop', 'total_duration': 4127913588, 'load_duration': 169259999, 'prompt_eval_count': 844, 'prompt_eval_duration': 2013962838, 'eval_count': 4, 'eval_duration': 1664235301}
Response: Poorly
Analyzing frame 14/15...
Prompt: Given the scenario shown on the video, you think this situation ends well or poorly? (Use only one word to answer)
Image size: 26272 bytes
Response status code: 200
{'model': 'mistral-small3.2', 'created_at': '2025-12-04T17:23:17.083520374Z', 'message': {'role': 'assistant', 'content': 'Poorly'}, 'done': True, 'done_reason': 'stop', 'total_duration': 4095889811, 'load_duration': 139662037, 'prompt_eval_count': 844, 'prompt_eval_duration': 2016423655, 'eval_count': 4, 'eval_duration': 1667063072}
Response: Poorly
Analyzing frame 15/15...
Prompt: Given the scenario shown on the video, you think this situation ends well or poorly? (Use only one word to answer)
Image size: 26292 bytes
Response status code: 200
{'model': 'mistral-small3.2', 'created_at': '2025-12-04T17:23:22.088149209Z', 'message': {'role': 'assistant', 'content': 'Poorly'}, 'done': True, 'done_reason': 'stop', 'total_duration': 3944908035, 'load_duration': 146428336, 'prompt_eval_count': 844, 'prompt_eval_duration': 2000334340, 'eval_count': 4, 'eval_duration': 1547365092}
Response: Poorly
Final prediction for 12_final.mp4: Poorly

Results saved to ./results/results_mistralsmall32.csv
Total videos processed: 44

==================================================
Processing video 3/30

Processing video: 14_final.mp4
Video info: 388 frames, 30.00 FPS, 12.93 seconds
Extracted 26 frames for analysis
Analyzing frame 1/26...
Prompt: Given the scenario shown on the video, you think this situation ends well or poorly? (Use only one word to answer)
Image size: 31260 bytes
Response status code: 200
{'model': 'mistral-small3.2', 'created_at': '2025-12-04T17:23:28.292920893Z', 'message': {'role': 'assistant', 'content': 'Poorly'}, 'done': True, 'done_reason': 'stop', 'total_duration': 4083551749, 'load_duration': 122325572, 'prompt_eval_count': 844, 'prompt_eval_duration': 2007118138, 'eval_count': 4, 'eval_duration': 1678188311}
Response: Poorly
Analyzing frame 2/26...
Prompt: Given the scenario shown on the video, you think this situation ends well or poorly? (Use only one word to answer)
Image size: 31308 bytes
Response status code: 200
{'model': 'mistral-small3.2', 'created_at': '2025-12-04T17:23:33.292981467Z', 'message': {'role': 'assistant', 'content': 'Poorly'}, 'done': True, 'done_reason': 'stop', 'total_duration': 3959763189, 'load_duration': 152550908, 'prompt_eval_count': 844, 'prompt_eval_duration': 2012476998, 'eval_count': 4, 'eval_duration': 1514559112}
Response: Poorly
Analyzing frame 3/26...
Prompt: Given the scenario shown on the video, you think this situation ends well or poorly? (Use only one word to answer)
Image size: 31580 bytes
Response status code: 200
{'model': 'mistral-small3.2', 'created_at': '2025-12-04T17:23:38.466037338Z', 'message': {'role': 'assistant', 'content': 'Poorly'}, 'done': True, 'done_reason': 'stop', 'total_duration': 4130900979, 'load_duration': 120857325, 'prompt_eval_count': 844, 'prompt_eval_duration': 2012361753, 'eval_count': 4, 'eval_duration': 1738941103}
Response: Poorly
Analyzing frame 4/26...
Prompt: Given the scenario shown on the video, you think this situation ends well or poorly? (Use only one word to answer)
Image size: 31456 bytes
Response status code: 200
{'model': 'mistral-small3.2', 'created_at': '2025-12-04T17:23:43.619043678Z', 'message': {'role': 'assistant', 'content': 'Poorly'}, 'done': True, 'done_reason': 'stop', 'total_duration': 4111363099, 'load_duration': 163959978, 'prompt_eval_count': 844, 'prompt_eval_duration': 2014121702, 'eval_count': 4, 'eval_duration': 1652706090}
Response: Poorly
Analyzing frame 5/26...
Prompt: Given the scenario shown on the video, you think this situation ends well or poorly? (Use only one word to answer)
Image size: 32068 bytes
Response status code: 200
{'model': 'mistral-small3.2', 'created_at': '2025-12-04T17:23:48.470872507Z', 'message': {'role': 'assistant', 'content': 'Poorly'}, 'done': True, 'done_reason': 'stop', 'total_duration': 3810952499, 'load_duration': 162984422, 'prompt_eval_count': 844, 'prompt_eval_duration': 1994149419, 'eval_count': 4, 'eval_duration': 1396868899}
Response: Poorly
Analyzing frame 6/26...
Prompt: Given the scenario shown on the video, you think this situation ends well or poorly? (Use only one word to answer)
Image size: 32428 bytes
Response status code: 200
{'model': 'mistral-small3.2', 'created_at': '2025-12-04T17:23:53.553152064Z', 'message': {'role': 'assistant', 'content': 'Poorly'}, 'done': True, 'done_reason': 'stop', 'total_duration': 4041613676, 'load_duration': 105378761, 'prompt_eval_count': 844, 'prompt_eval_duration': 2001298863, 'eval_count': 4, 'eval_duration': 1667236739}
Response: Poorly
Analyzing frame 7/26...
Prompt: Given the scenario shown on the video, you think this situation ends well or poorly? (Use only one word to answer)
Image size: 32720 bytes
Response status code: 200
{'model': 'mistral-small3.2', 'created_at': '2025-12-04T17:23:58.699255632Z', 'message': {'role': 'assistant', 'content': 'Poorly'}, 'done': True, 'done_reason': 'stop', 'total_duration': 4105798399, 'load_duration': 166492727, 'prompt_eval_count': 844, 'prompt_eval_duration': 2014430581, 'eval_count': 4, 'eval_duration': 1672426787}
Response: Poorly
Analyzing frame 8/26...
Prompt: Given the scenario shown on the video, you think this situation ends well or poorly? (Use only one word to answer)
Image size: 32656 bytes
Response status code: 200
{'model': 'mistral-small3.2', 'created_at': '2025-12-04T17:24:03.880795188Z', 'message': {'role': 'assistant', 'content': 'Poorly'}, 'done': True, 'done_reason': 'stop', 'total_duration': 4142613167, 'load_duration': 175217928, 'prompt_eval_count': 844, 'prompt_eval_duration': 2012699209, 'eval_count': 4, 'eval_duration': 1679867306}
Response: Poorly
Analyzing frame 9/26...
Prompt: Given the scenario shown on the video, you think this situation ends well or poorly? (Use only one word to answer)
Image size: 32124 bytes
Response status code: 200
{'model': 'mistral-small3.2', 'created_at': '2025-12-04T17:24:07.878066214Z', 'message': {'role': 'assistant', 'content': 'Well'}, 'done': True, 'done_reason': 'stop', 'total_duration': 2959129680, 'load_duration': 109335119, 'prompt_eval_count': 844, 'prompt_eval_duration': 2010064834, 'eval_count': 2, 'eval_duration': 561539970}
Response: Well
Analyzing frame 10/26...
Prompt: Given the scenario shown on the video, you think this situation ends well or poorly? (Use only one word to answer)
Image size: 31760 bytes
Response status code: 200
{'model': 'mistral-small3.2', 'created_at': '2025-12-04T17:24:11.876382775Z', 'message': {'role': 'assistant', 'content': 'Well'}, 'done': True, 'done_reason': 'stop', 'total_duration': 2960218763, 'load_duration': 145294041, 'prompt_eval_count': 844, 'prompt_eval_duration': 2002756435, 'eval_count': 2, 'eval_duration': 557405600}
Response: Well
Analyzing frame 11/26...
Prompt: Given the scenario shown on the video, you think this situation ends well or poorly? (Use only one word to answer)
Image size: 32052 bytes
Response status code: 200
{'model': 'mistral-small3.2', 'created_at': '2025-12-04T17:24:15.887597456Z', 'message': {'role': 'assistant', 'content': 'Well'}, 'done': True, 'done_reason': 'stop', 'total_duration': 2970317128, 'load_duration': 149548023, 'prompt_eval_count': 844, 'prompt_eval_duration': 2008313119, 'eval_count': 2, 'eval_duration': 556700465}
Response: Well
Analyzing frame 12/26...
Prompt: Given the scenario shown on the video, you think this situation ends well or poorly? (Use only one word to answer)
Image size: 31840 bytes
Response status code: 200
{'model': 'mistral-small3.2', 'created_at': '2025-12-04T17:24:21.019299802Z', 'message': {'role': 'assistant', 'content': 'Poorly'}, 'done': True, 'done_reason': 'stop', 'total_duration': 4087937647, 'load_duration': 142778816, 'prompt_eval_count': 844, 'prompt_eval_duration': 2008912118, 'eval_count': 4, 'eval_duration': 1679612229}
Response: Poorly
Analyzing frame 13/26...
Prompt: Given the scenario shown on the video, you think this situation ends well or poorly? (Use only one word to answer)
Image size: 31028 bytes
Response status code: 200
{'model': 'mistral-small3.2', 'created_at': '2025-12-04T17:24:26.156272368Z', 'message': {'role': 'assistant', 'content': 'Poorly'}, 'done': True, 'done_reason': 'stop', 'total_duration': 4097206748, 'load_duration': 159421758, 'prompt_eval_count': 844, 'prompt_eval_duration': 2008692596, 'eval_count': 4, 'eval_duration': 1676500740}
Response: Poorly
Analyzing frame 14/26...
Prompt: Given the scenario shown on the video, you think this situation ends well or poorly? (Use only one word to answer)
Image size: 31292 bytes
Response status code: 200
{'model': 'mistral-small3.2', 'created_at': '2025-12-04T17:24:31.37602004Z', 'message': {'role': 'assistant', 'content': 'Poorly'}, 'done': True, 'done_reason': 'stop', 'total_duration': 4178747242, 'load_duration': 147549729, 'prompt_eval_count': 844, 'prompt_eval_duration': 2035673665, 'eval_count': 4, 'eval_duration': 1712279124}
Response: Poorly
Analyzing frame 15/26...
Prompt: Given the scenario shown on the video, you think this situation ends well or poorly? (Use only one word to answer)
Image size: 32016 bytes
Response status code: 200
{'model': 'mistral-small3.2', 'created_at': '2025-12-04T17:24:36.453729545Z', 'message': {'role': 'assistant', 'content': 'Poorly'}, 'done': True, 'done_reason': 'stop', 'total_duration': 4036746282, 'load_duration': 130843329, 'prompt_eval_count': 844, 'prompt_eval_duration': 2007350918, 'eval_count': 4, 'eval_duration': 1637899507}
Response: Poorly
Analyzing frame 16/26...
Prompt: Given the scenario shown on the video, you think this situation ends well or poorly? (Use only one word to answer)
Image size: 31296 bytes
Response status code: 200
{'model': 'mistral-small3.2', 'created_at': '2025-12-04T17:24:41.539884826Z', 'message': {'role': 'assistant', 'content': 'Poorly'}, 'done': True, 'done_reason': 'stop', 'total_duration': 4046289274, 'load_duration': 145293102, 'prompt_eval_count': 844, 'prompt_eval_duration': 1996477510, 'eval_count': 4, 'eval_duration': 1650760288}
Response: Poorly
Analyzing frame 17/26...
Prompt: Given the scenario shown on the video, you think this situation ends well or poorly? (Use only one word to answer)
Image size: 31560 bytes
Response status code: 200
{'model': 'mistral-small3.2', 'created_at': '2025-12-04T17:24:46.592381491Z', 'message': {'role': 'assistant', 'content': 'Poorly'}, 'done': True, 'done_reason': 'stop', 'total_duration': 4012517922, 'load_duration': 186630842, 'prompt_eval_count': 844, 'prompt_eval_duration': 2003986510, 'eval_count': 4, 'eval_duration': 1551795889}
Response: Poorly
Analyzing frame 18/26...
Prompt: Given the scenario shown on the video, you think this situation ends well or poorly? (Use only one word to answer)
Image size: 29720 bytes
Response status code: 200
{'model': 'mistral-small3.2', 'created_at': '2025-12-04T17:24:51.693912861Z', 'message': {'role': 'assistant', 'content': 'Poorly'}, 'done': True, 'done_reason': 'stop', 'total_duration': 4062803664, 'load_duration': 112699935, 'prompt_eval_count': 844, 'prompt_eval_duration': 2009193612, 'eval_count': 4, 'eval_duration': 1660211875}
Response: Poorly
Analyzing frame 19/26...
Prompt: Given the scenario shown on the video, you think this situation ends well or poorly? (Use only one word to answer)
Image size: 28776 bytes
Response status code: 200
{'model': 'mistral-small3.2', 'created_at': '2025-12-04T17:24:56.934288262Z', 'message': {'role': 'assistant', 'content': 'Poorly'}, 'done': True, 'done_reason': 'stop', 'total_duration': 4201428174, 'load_duration': 149742854, 'prompt_eval_count': 844, 'prompt_eval_duration': 2028411100, 'eval_count': 4, 'eval_duration': 1740100540}
Response: Poorly
Analyzing frame 20/26...
Prompt: Given the scenario shown on the video, you think this situation ends well or poorly? (Use only one word to answer)
Image size: 29380 bytes
Response status code: 200
{'model': 'mistral-small3.2', 'created_at': '2025-12-04T17:25:02.055507284Z', 'message': {'role': 'assistant', 'content': 'Poorly'}, 'done': True, 'done_reason': 'stop', 'total_duration': 4079482332, 'load_duration': 139179188, 'prompt_eval_count': 844, 'prompt_eval_duration': 2012342337, 'eval_count': 4, 'eval_duration': 1660291070}
Response: Poorly
Analyzing frame 21/26...
Prompt: Given the scenario shown on the video, you think this situation ends well or poorly? (Use only one word to answer)
Image size: 28492 bytes
Response status code: 200
{'model': 'mistral-small3.2', 'created_at': '2025-12-04T17:25:07.037357912Z', 'message': {'role': 'assistant', 'content': 'Poorly'}, 'done': True, 'done_reason': 'stop', 'total_duration': 3941229148, 'load_duration': 159654732, 'prompt_eval_count': 844, 'prompt_eval_duration': 2009367693, 'eval_count': 4, 'eval_duration': 1509015757}
Response: Poorly
Analyzing frame 22/26...
Prompt: Given the scenario shown on the video, you think this situation ends well or poorly? (Use only one word to answer)
Image size: 28496 bytes
Response status code: 200
{'model': 'mistral-small3.2', 'created_at': '2025-12-04T17:25:12.148917831Z', 'message': {'role': 'assistant', 'content': 'Poorly'}, 'done': True, 'done_reason': 'stop', 'total_duration': 4072095562, 'load_duration': 135495183, 'prompt_eval_count': 844, 'prompt_eval_duration': 2000542791, 'eval_count': 4, 'eval_duration': 1652015863}
Response: Poorly
Analyzing frame 23/26...
Prompt: Given the scenario shown on the video, you think this situation ends well or poorly? (Use only one word to answer)
Image size: 28516 bytes
Response status code: 200
{'model': 'mistral-small3.2', 'created_at': '2025-12-04T17:25:17.212688809Z', 'message': {'role': 'assistant', 'content': 'Poorly'}, 'done': True, 'done_reason': 'stop', 'total_duration': 4023159721, 'load_duration': 105107538, 'prompt_eval_count': 844, 'prompt_eval_duration': 1998652045, 'eval_count': 4, 'eval_duration': 1654741189}
Response: Poorly
Analyzing frame 24/26...
Prompt: Given the scenario shown on the video, you think this situation ends well or poorly? (Use only one word to answer)
Image size: 28500 bytes
Response status code: 200
{'model': 'mistral-small3.2', 'created_at': '2025-12-04T17:25:22.3182496Z', 'message': {'role': 'assistant', 'content': 'Poorly'}, 'done': True, 'done_reason': 'stop', 'total_duration': 4064976419, 'load_duration': 132056582, 'prompt_eval_count': 844, 'prompt_eval_duration': 2001552548, 'eval_count': 4, 'eval_duration': 1665559342}
Response: Poorly
Analyzing frame 25/26...
Prompt: Given the scenario shown on the video, you think this situation ends well or poorly? (Use only one word to answer)
Image size: 28536 bytes
Response status code: 200
{'model': 'mistral-small3.2', 'created_at': '2025-12-04T17:25:27.43945165Z', 'message': {'role': 'assistant', 'content': 'Poorly'}, 'done': True, 'done_reason': 'stop', 'total_duration': 4078263485, 'load_duration': 130037808, 'prompt_eval_count': 844, 'prompt_eval_duration': 2000470227, 'eval_count': 4, 'eval_duration': 1665903408}
Response: Poorly
Analyzing frame 26/26...
Prompt: Given the scenario shown on the video, you think this situation ends well or poorly? (Use only one word to answer)
Image size: 28504 bytes
Response status code: 200
{'model': 'mistral-small3.2', 'created_at': '2025-12-04T17:25:32.549966765Z', 'message': {'role': 'assistant', 'content': 'Poorly'}, 'done': True, 'done_reason': 'stop', 'total_duration': 4070560485, 'load_duration': 110154336, 'prompt_eval_count': 844, 'prompt_eval_duration': 2008332493, 'eval_count': 4, 'eval_duration': 1673499484}
Response: Poorly
Final prediction for 14_final.mp4: Poorly

Results saved to ./results/results_mistralsmall32.csv
Total videos processed: 70

==================================================
Processing video 4/30

Processing video: 15_final.mp4
Video info: 217 frames, 30.00 FPS, 7.23 seconds
Extracted 15 frames for analysis
Analyzing frame 1/15...
Prompt: Given the scenario shown on the video, you think this situation ends well or poorly? (Use only one word to answer)
Image size: 34292 bytes
Response status code: 200
{'model': 'mistral-small3.2', 'created_at': '2025-12-04T17:25:38.438435625Z', 'message': {'role': 'assistant', 'content': 'Poorly'}, 'done': True, 'done_reason': 'stop', 'total_duration': 4115564320, 'load_duration': 162620299, 'prompt_eval_count': 844, 'prompt_eval_duration': 2011662640, 'eval_count': 4, 'eval_duration': 1680397616}
Response: Poorly
Analyzing frame 2/15...
Prompt: Given the scenario shown on the video, you think this situation ends well or poorly? (Use only one word to answer)
Image size: 34048 bytes
Response status code: 200
{'model': 'mistral-small3.2', 'created_at': '2025-12-04T17:25:43.440885584Z', 'message': {'role': 'assistant', 'content': 'Poorly'}, 'done': True, 'done_reason': 'stop', 'total_duration': 3962279893, 'load_duration': 175896332, 'prompt_eval_count': 844, 'prompt_eval_duration': 1999348765, 'eval_count': 4, 'eval_duration': 1522917977}
Response: Poorly
Analyzing frame 3/15...
Prompt: Given the scenario shown on the video, you think this situation ends well or poorly? (Use only one word to answer)
Image size: 34508 bytes
Response status code: 200
{'model': 'mistral-small3.2', 'created_at': '2025-12-04T17:25:48.402820839Z', 'message': {'role': 'assistant', 'content': 'Poorly'}, 'done': True, 'done_reason': 'stop', 'total_duration': 3919144239, 'load_duration': 146503152, 'prompt_eval_count': 844, 'prompt_eval_duration': 1998804899, 'eval_count': 4, 'eval_duration': 1486616520}
Response: Poorly
Analyzing frame 4/15...
Prompt: Given the scenario shown on the video, you think this situation ends well or poorly? (Use only one word to answer)
Image size: 34048 bytes
Response status code: 200
{'model': 'mistral-small3.2', 'created_at': '2025-12-04T17:25:53.487352331Z', 'message': {'role': 'assistant', 'content': 'Poorly'}, 'done': True, 'done_reason': 'stop', 'total_duration': 4039455411, 'load_duration': 128131088, 'prompt_eval_count': 844, 'prompt_eval_duration': 2000509053, 'eval_count': 4, 'eval_duration': 1641461675}
Response: Poorly
Analyzing frame 5/15...
Prompt: Given the scenario shown on the video, you think this situation ends well or poorly? (Use only one word to answer)
Image size: 33444 bytes
Response status code: 200
{'model': 'mistral-small3.2', 'created_at': '2025-12-04T17:25:58.540064176Z', 'message': {'role': 'assistant', 'content': 'Poorly'}, 'done': True, 'done_reason': 'stop', 'total_duration': 4013176125, 'load_duration': 152663830, 'prompt_eval_count': 844, 'prompt_eval_duration': 2010988093, 'eval_count': 4, 'eval_duration': 1568596681}
Response: Poorly
Analyzing frame 6/15...
Prompt: Given the scenario shown on the video, you think this situation ends well or poorly? (Use only one word to answer)
Image size: 32832 bytes
Response status code: 200
{'model': 'mistral-small3.2', 'created_at': '2025-12-04T17:26:03.646012729Z', 'message': {'role': 'assistant', 'content': 'Poorly'}, 'done': True, 'done_reason': 'stop', 'total_duration': 4069506070, 'load_duration': 171362449, 'prompt_eval_count': 844, 'prompt_eval_duration': 2006923625, 'eval_count': 4, 'eval_duration': 1636404237}
Response: Poorly
Analyzing frame 7/15...
Prompt: Given the scenario shown on the video, you think this situation ends well or poorly? (Use only one word to answer)
Image size: 33072 bytes
Response status code: 200
{'model': 'mistral-small3.2', 'created_at': '2025-12-04T17:26:08.751426196Z', 'message': {'role': 'assistant', 'content': 'Poorly'}, 'done': True, 'done_reason': 'stop', 'total_duration': 4064490002, 'load_duration': 155102078, 'prompt_eval_count': 844, 'prompt_eval_duration': 2014685556, 'eval_count': 4, 'eval_duration': 1631196969}
Response: Poorly
Analyzing frame 8/15...
Prompt: Given the scenario shown on the video, you think this situation ends well or poorly? (Use only one word to answer)
Image size: 34348 bytes
Response status code: 200
{'model': 'mistral-small3.2', 'created_at': '2025-12-04T17:26:13.76740792Z', 'message': {'role': 'assistant', 'content': 'Poorly'}, 'done': True, 'done_reason': 'stop', 'total_duration': 3976696406, 'load_duration': 142287436, 'prompt_eval_count': 844, 'prompt_eval_duration': 2009962606, 'eval_count': 4, 'eval_duration': 1550303659}
Response: Poorly
Analyzing frame 9/15...
Prompt: Given the scenario shown on the video, you think this situation ends well or poorly? (Use only one word to answer)
Image size: 35128 bytes
Response status code: 200
{'model': 'mistral-small3.2', 'created_at': '2025-12-04T17:26:18.937421593Z', 'message': {'role': 'assistant', 'content': 'Poorly'}, 'done': True, 'done_reason': 'stop', 'total_duration': 4129322023, 'load_duration': 153803495, 'prompt_eval_count': 844, 'prompt_eval_duration': 2012144772, 'eval_count': 4, 'eval_duration': 1685602516}
Response: Poorly
Analyzing frame 10/15...
Prompt: Given the scenario shown on the video, you think this situation ends well or poorly? (Use only one word to answer)
Image size: 35220 bytes
Response status code: 200
{'model': 'mistral-small3.2', 'created_at': '2025-12-04T17:26:24.091909279Z', 'message': {'role': 'assistant', 'content': 'Poorly'}, 'done': True, 'done_reason': 'stop', 'total_duration': 4113590496, 'load_duration': 153646390, 'prompt_eval_count': 844, 'prompt_eval_duration': 2022098104, 'eval_count': 4, 'eval_duration': 1670979966}
Response: Poorly
Analyzing frame 11/15...
Prompt: Given the scenario shown on the video, you think this situation ends well or poorly? (Use only one word to answer)
Image size: 35188 bytes
Response status code: 200
{'model': 'mistral-small3.2', 'created_at': '2025-12-04T17:26:29.226233493Z', 'message': {'role': 'assistant', 'content': 'Poorly'}, 'done': True, 'done_reason': 'stop', 'total_duration': 4092428033, 'load_duration': 124373631, 'prompt_eval_count': 844, 'prompt_eval_duration': 2016113384, 'eval_count': 4, 'eval_duration': 1669297948}
Response: Poorly
Analyzing frame 12/15...
Prompt: Given the scenario shown on the video, you think this situation ends well or poorly? (Use only one word to answer)
Image size: 35224 bytes
Response status code: 200
{'model': 'mistral-small3.2', 'created_at': '2025-12-04T17:26:34.361125729Z', 'message': {'role': 'assistant', 'content': 'Poorly'}, 'done': True, 'done_reason': 'stop', 'total_duration': 4093996723, 'load_duration': 150830047, 'prompt_eval_count': 844, 'prompt_eval_duration': 2004905072, 'eval_count': 4, 'eval_duration': 1663423191}
Response: Poorly
Analyzing frame 13/15...
Prompt: Given the scenario shown on the video, you think this situation ends well or poorly? (Use only one word to answer)
Image size: 35216 bytes
Response status code: 200
{'model': 'mistral-small3.2', 'created_at': '2025-12-04T17:26:39.519587808Z', 'message': {'role': 'assistant', 'content': 'Poorly'}, 'done': True, 'done_reason': 'stop', 'total_duration': 4116094388, 'load_duration': 158251680, 'prompt_eval_count': 844, 'prompt_eval_duration': 2012904683, 'eval_count': 4, 'eval_duration': 1666647893}
Response: Poorly
Analyzing frame 14/15...
Prompt: Given the scenario shown on the video, you think this situation ends well or poorly? (Use only one word to answer)
Image size: 35236 bytes
Response status code: 200
{'model': 'mistral-small3.2', 'created_at': '2025-12-04T17:26:44.711109705Z', 'message': {'role': 'assistant', 'content': 'Poorly'}, 'done': True, 'done_reason': 'stop', 'total_duration': 4153537941, 'load_duration': 140347202, 'prompt_eval_count': 844, 'prompt_eval_duration': 2015896672, 'eval_count': 4, 'eval_duration': 1709372691}
Response: Poorly
Analyzing frame 15/15...
Prompt: Given the scenario shown on the video, you think this situation ends well or poorly? (Use only one word to answer)
Image size: 35216 bytes
Response status code: 200
{'model': 'mistral-small3.2', 'created_at': '2025-12-04T17:26:49.800163283Z', 'message': {'role': 'assistant', 'content': 'Poorly'}, 'done': True, 'done_reason': 'stop', 'total_duration': 4046002288, 'load_duration': 145791874, 'prompt_eval_count': 844, 'prompt_eval_duration': 2002606685, 'eval_count': 4, 'eval_duration': 1627639273}
Response: Poorly
Final prediction for 15_final.mp4: Poorly

Results saved to ./results/results_mistralsmall32.csv
Total videos processed: 85

==================================================
Processing video 5/30

Processing video: 19_final.mp4
Video info: 270 frames, 30.00 FPS, 9.00 seconds
Extracted 18 frames for analysis
Analyzing frame 1/18...
Prompt: Given the scenario shown on the video, you think this situation ends well or poorly? (Use only one word to answer)
Image size: 31308 bytes
Response status code: 200
{'model': 'mistral-small3.2', 'created_at': '2025-12-04T17:26:55.676387307Z', 'message': {'role': 'assistant', 'content': 'Poorly'}, 'done': True, 'done_reason': 'stop', 'total_duration': 4079451773, 'load_duration': 135375374, 'prompt_eval_count': 844, 'prompt_eval_duration': 2013049890, 'eval_count': 4, 'eval_duration': 1666357597}
Response: Poorly
Analyzing frame 2/18...
Prompt: Given the scenario shown on the video, you think this situation ends well or poorly? (Use only one word to answer)
Image size: 33288 bytes
Response status code: 200
{'model': 'mistral-small3.2', 'created_at': '2025-12-04T17:27:00.532373137Z', 'message': {'role': 'assistant', 'content': 'Poorly'}, 'done': True, 'done_reason': 'stop', 'total_duration': 3817387585, 'load_duration': 102427741, 'prompt_eval_count': 844, 'prompt_eval_duration': 2006600214, 'eval_count': 4, 'eval_duration': 1442741488}
Response: Poorly
Analyzing frame 3/18...
Prompt: Given the scenario shown on the video, you think this situation ends well or poorly? (Use only one word to answer)
Image size: 32840 bytes
Response status code: 200
{'model': 'mistral-small3.2', 'created_at': '2025-12-04T17:27:05.476138916Z', 'message': {'role': 'assistant', 'content': 'Poorly'}, 'done': True, 'done_reason': 'stop', 'total_duration': 3903954163, 'load_duration': 104857133, 'prompt_eval_count': 844, 'prompt_eval_duration': 2021392743, 'eval_count': 4, 'eval_duration': 1510426355}
Response: Poorly
Analyzing frame 4/18...
Prompt: Given the scenario shown on the video, you think this situation ends well or poorly? (Use only one word to answer)
Image size: 33492 bytes
Response status code: 200
{'model': 'mistral-small3.2', 'created_at': '2025-12-04T17:27:10.620176297Z', 'message': {'role': 'assistant', 'content': 'Poorly'}, 'done': True, 'done_reason': 'stop', 'total_duration': 4101411400, 'load_duration': 132909147, 'prompt_eval_count': 844, 'prompt_eval_duration': 2013350749, 'eval_count': 4, 'eval_duration': 1678208442}
Response: Poorly
Analyzing frame 5/18...
Prompt: Given the scenario shown on the video, you think this situation ends well or poorly? (Use only one word to answer)
Image size: 32312 bytes
Response status code: 200
{'model': 'mistral-small3.2', 'created_at': '2025-12-04T17:27:15.766141855Z', 'message': {'role': 'assistant', 'content': 'Poorly'}, 'done': True, 'done_reason': 'stop', 'total_duration': 4107699323, 'load_duration': 143904076, 'prompt_eval_count': 844, 'prompt_eval_duration': 2009898371, 'eval_count': 4, 'eval_duration': 1695253147}
Response: Poorly
Analyzing frame 6/18...
Prompt: Given the scenario shown on the video, you think this situation ends well or poorly? (Use only one word to answer)
Image size: 31804 bytes
Response status code: 200
{'model': 'mistral-small3.2', 'created_at': '2025-12-04T17:27:20.832253729Z', 'message': {'role': 'assistant', 'content': 'Poorly'}, 'done': True, 'done_reason': 'stop', 'total_duration': 4027372192, 'load_duration': 102334765, 'prompt_eval_count': 844, 'prompt_eval_duration': 2010275930, 'eval_count': 4, 'eval_duration': 1643408311}
Response: Poorly
Analyzing frame 7/18...
Prompt: Given the scenario shown on the video, you think this situation ends well or poorly? (Use only one word to answer)
Image size: 32884 bytes
Response status code: 200
{'model': 'mistral-small3.2', 'created_at': '2025-12-04T17:27:25.931737767Z', 'message': {'role': 'assistant', 'content': 'Poorly'}, 'done': True, 'done_reason': 'stop', 'total_duration': 4060015736, 'load_duration': 104619868, 'prompt_eval_count': 844, 'prompt_eval_duration': 2007842860, 'eval_count': 4, 'eval_duration': 1671163992}
Response: Poorly
Analyzing frame 8/18...
Prompt: Given the scenario shown on the video, you think this situation ends well or poorly? (Use only one word to answer)
Image size: 33224 bytes
Response status code: 200
{'model': 'mistral-small3.2', 'created_at': '2025-12-04T17:27:31.014365659Z', 'message': {'role': 'assistant', 'content': 'Poorly'}, 'done': True, 'done_reason': 'stop', 'total_duration': 4039355073, 'load_duration': 116766909, 'prompt_eval_count': 844, 'prompt_eval_duration': 2000435172, 'eval_count': 4, 'eval_duration': 1641489732}
Response: Poorly
Analyzing frame 9/18...
Prompt: Given the scenario shown on the video, you think this situation ends well or poorly? (Use only one word to answer)
Image size: 33780 bytes
Response status code: 200
{'model': 'mistral-small3.2', 'created_at': '2025-12-04T17:27:36.461202344Z', 'message': {'role': 'assistant', 'content': 'Poorly'}, 'done': True, 'done_reason': 'stop', 'total_duration': 4407618063, 'load_duration': 121227972, 'prompt_eval_count': 844, 'prompt_eval_duration': 1997144801, 'eval_count': 4, 'eval_duration': 2022546693}
Response: Poorly
Analyzing frame 10/18...
Prompt: Given the scenario shown on the video, you think this situation ends well or poorly? (Use only one word to answer)
Image size: 33448 bytes
Response status code: 200
{'model': 'mistral-small3.2', 'created_at': '2025-12-04T17:27:41.509396729Z', 'message': {'role': 'assistant', 'content': 'Poorly'}, 'done': True, 'done_reason': 'stop', 'total_duration': 4007347769, 'load_duration': 105943311, 'prompt_eval_count': 844, 'prompt_eval_duration': 2000261050, 'eval_count': 4, 'eval_duration': 1644154276}
Response: Poorly
Analyzing frame 11/18...
Prompt: Given the scenario shown on the video, you think this situation ends well or poorly? (Use only one word to answer)
Image size: 32548 bytes
Response status code: 200
{'model': 'mistral-small3.2', 'created_at': '2025-12-04T17:27:46.609756055Z', 'message': {'role': 'assistant', 'content': 'Poorly'}, 'done': True, 'done_reason': 'stop', 'total_duration': 4058922819, 'load_duration': 145448478, 'prompt_eval_count': 844, 'prompt_eval_duration': 2005408261, 'eval_count': 4, 'eval_duration': 1647571689}
Response: Poorly
Analyzing frame 12/18...
Prompt: Given the scenario shown on the video, you think this situation ends well or poorly? (Use only one word to answer)
Image size: 35444 bytes
Response status code: 200
{'model': 'mistral-small3.2', 'created_at': '2025-12-04T17:27:51.487272187Z', 'message': {'role': 'assistant', 'content': 'Poorly'}, 'done': True, 'done_reason': 'stop', 'total_duration': 3837682177, 'load_duration': 122275530, 'prompt_eval_count': 844, 'prompt_eval_duration': 2006714682, 'eval_count': 4, 'eval_duration': 1431866774}
Response: Poorly
Analyzing frame 13/18...
Prompt: Given the scenario shown on the video, you think this situation ends well or poorly? (Use only one word to answer)
Image size: 35816 bytes
Response status code: 200
{'model': 'mistral-small3.2', 'created_at': '2025-12-04T17:27:56.291152336Z', 'message': {'role': 'assistant', 'content': 'Poorly'}, 'done': True, 'done_reason': 'stop', 'total_duration': 3763822891, 'load_duration': 118616513, 'prompt_eval_count': 844, 'prompt_eval_duration': 1998548793, 'eval_count': 4, 'eval_duration': 1377725748}
Response: Poorly
Analyzing frame 14/18...
Prompt: Given the scenario shown on the video, you think this situation ends well or poorly? (Use only one word to answer)
Image size: 35864 bytes
Response status code: 200
{'model': 'mistral-small3.2', 'created_at': '2025-12-04T17:28:01.378886354Z', 'message': {'role': 'assistant', 'content': 'Poorly'}, 'done': True, 'done_reason': 'stop', 'total_duration': 4048761189, 'load_duration': 105822910, 'prompt_eval_count': 844, 'prompt_eval_duration': 2002900099, 'eval_count': 4, 'eval_duration': 1649813731}
Response: Poorly
Analyzing frame 15/18...
Prompt: Given the scenario shown on the video, you think this situation ends well or poorly? (Use only one word to answer)
Image size: 35792 bytes
Response status code: 200
{'model': 'mistral-small3.2', 'created_at': '2025-12-04T17:28:06.534286145Z', 'message': {'role': 'assistant', 'content': 'Poorly'}, 'done': True, 'done_reason': 'stop', 'total_duration': 4115982430, 'load_duration': 148691479, 'prompt_eval_count': 844, 'prompt_eval_duration': 2020159168, 'eval_count': 4, 'eval_duration': 1667022001}
Response: Poorly
Analyzing frame 16/18...
Prompt: Given the scenario shown on the video, you think this situation ends well or poorly? (Use only one word to answer)
Image size: 35828 bytes
Response status code: 200
{'model': 'mistral-small3.2', 'created_at': '2025-12-04T17:28:11.521934044Z', 'message': {'role': 'assistant', 'content': 'Poorly'}, 'done': True, 'done_reason': 'stop', 'total_duration': 3947505036, 'load_duration': 164613460, 'prompt_eval_count': 844, 'prompt_eval_duration': 2013701533, 'eval_count': 4, 'eval_duration': 1473008071}
Response: Poorly
Analyzing frame 17/18...
Prompt: Given the scenario shown on the video, you think this situation ends well or poorly? (Use only one word to answer)
Image size: 35816 bytes
Response status code: 200
{'model': 'mistral-small3.2', 'created_at': '2025-12-04T17:28:16.629920906Z', 'message': {'role': 'assistant', 'content': 'Poorly'}, 'done': True, 'done_reason': 'stop', 'total_duration': 4068007764, 'load_duration': 108503823, 'prompt_eval_count': 844, 'prompt_eval_duration': 2015125732, 'eval_count': 4, 'eval_duration': 1668475070}
Response: Poorly
Analyzing frame 18/18...
Prompt: Given the scenario shown on the video, you think this situation ends well or poorly? (Use only one word to answer)
Image size: 35832 bytes
Response status code: 200
{'model': 'mistral-small3.2', 'created_at': '2025-12-04T17:28:21.643100797Z', 'message': {'role': 'assistant', 'content': 'Poorly'}, 'done': True, 'done_reason': 'stop', 'total_duration': 3971433856, 'load_duration': 145061323, 'prompt_eval_count': 844, 'prompt_eval_duration': 2015616106, 'eval_count': 4, 'eval_duration': 1536727857}
Response: Poorly
Final prediction for 19_final.mp4: Poorly

Results saved to ./results/results_mistralsmall32.csv
Total videos processed: 103

==================================================
Processing video 6/30

Processing video: 21_final.mp4
Video info: 328 frames, 30.00 FPS, 10.93 seconds
Extracted 22 frames for analysis
Analyzing frame 1/22...
Prompt: Given the scenario shown on the video, you think this situation ends well or poorly? (Use only one word to answer)
Image size: 13940 bytes
Response status code: 200
{'model': 'mistral-small3.2', 'created_at': '2025-12-04T17:28:27.606472243Z', 'message': {'role': 'assistant', 'content': 'Poorly'}, 'done': True, 'done_reason': 'stop', 'total_duration': 4108532880, 'load_duration': 136180933, 'prompt_eval_count': 844, 'prompt_eval_duration': 2006720053, 'eval_count': 4, 'eval_duration': 1697170029}
Response: Poorly
Analyzing frame 2/22...
Prompt: Given the scenario shown on the video, you think this situation ends well or poorly? (Use only one word to answer)
Image size: 14128 bytes
Response status code: 200
{'model': 'mistral-small3.2', 'created_at': '2025-12-04T17:28:32.728630293Z', 'message': {'role': 'assistant', 'content': 'Poorly'}, 'done': True, 'done_reason': 'stop', 'total_duration': 4083585409, 'load_duration': 145609199, 'prompt_eval_count': 844, 'prompt_eval_duration': 2012837939, 'eval_count': 4, 'eval_duration': 1643165435}
Response: Poorly
Analyzing frame 3/22...
Prompt: Given the scenario shown on the video, you think this situation ends well or poorly? (Use only one word to answer)
Image size: 14112 bytes
Response status code: 200
{'model': 'mistral-small3.2', 'created_at': '2025-12-04T17:28:37.922539514Z', 'message': {'role': 'assistant', 'content': 'Poorly'}, 'done': True, 'done_reason': 'stop', 'total_duration': 4152794352, 'load_duration': 135957032, 'prompt_eval_count': 844, 'prompt_eval_duration': 2020815118, 'eval_count': 4, 'eval_duration': 1722854049}
Response: Poorly
Analyzing frame 4/22...
Prompt: Given the scenario shown on the video, you think this situation ends well or poorly? (Use only one word to answer)
Image size: 14356 bytes
Response status code: 200
{'model': 'mistral-small3.2', 'created_at': '2025-12-04T17:28:43.012169913Z', 'message': {'role': 'assistant', 'content': 'Poorly'}, 'done': True, 'done_reason': 'stop', 'total_duration': 4051009890, 'load_duration': 127784067, 'prompt_eval_count': 844, 'prompt_eval_duration': 2000145521, 'eval_count': 4, 'eval_duration': 1645928468}
Response: Poorly
Analyzing frame 5/22...
Prompt: Given the scenario shown on the video, you think this situation ends well or poorly? (Use only one word to answer)
Image size: 14284 bytes
Response status code: 200
{'model': 'mistral-small3.2', 'created_at': '2025-12-04T17:28:48.131379935Z', 'message': {'role': 'assistant', 'content': 'Poorly'}, 'done': True, 'done_reason': 'stop', 'total_duration': 4077583432, 'load_duration': 128160056, 'prompt_eval_count': 844, 'prompt_eval_duration': 2020504975, 'eval_count': 4, 'eval_duration': 1674666868}
Response: Poorly
Analyzing frame 6/22...
Prompt: Given the scenario shown on the video, you think this situation ends well or poorly? (Use only one word to answer)
Image size: 14732 bytes
Response status code: 200
{'model': 'mistral-small3.2', 'created_at': '2025-12-04T17:28:53.007755484Z', 'message': {'role': 'assistant', 'content': 'Poorly'}, 'done': True, 'done_reason': 'stop', 'total_duration': 3835327726, 'load_duration': 148689586, 'prompt_eval_count': 844, 'prompt_eval_duration': 2017551547, 'eval_count': 4, 'eval_duration': 1387007554}
Response: Poorly
Analyzing frame 7/22...
Prompt: Given the scenario shown on the video, you think this situation ends well or poorly? (Use only one word to answer)
Image size: 15284 bytes
Response status code: 200
{'model': 'mistral-small3.2', 'created_at': '2025-12-04T17:28:57.532836203Z', 'message': {'role': 'assistant', 'content': 'poorly'}, 'done': True, 'done_reason': 'stop', 'total_duration': 3485649040, 'load_duration': 107183756, 'prompt_eval_count': 844, 'prompt_eval_duration': 2010970844, 'eval_count': 3, 'eval_duration': 1115502288}
Response: poorly
Analyzing frame 8/22...
Prompt: Given the scenario shown on the video, you think this situation ends well or poorly? (Use only one word to answer)
Image size: 15776 bytes
Response status code: 200
{'model': 'mistral-small3.2', 'created_at': '2025-12-04T17:29:02.681718579Z', 'message': {'role': 'assistant', 'content': 'Poorly'}, 'done': True, 'done_reason': 'stop', 'total_duration': 4110038640, 'load_duration': 153380429, 'prompt_eval_count': 844, 'prompt_eval_duration': 2008481660, 'eval_count': 4, 'eval_duration': 1692542736}
Response: Poorly
Analyzing frame 9/22...
Prompt: Given the scenario shown on the video, you think this situation ends well or poorly? (Use only one word to answer)
Image size: 16700 bytes
Response status code: 200
{'model': 'mistral-small3.2', 'created_at': '2025-12-04T17:29:07.715529609Z', 'message': {'role': 'assistant', 'content': 'Poorly'}, 'done': True, 'done_reason': 'stop', 'total_duration': 3995202218, 'load_duration': 140907979, 'prompt_eval_count': 844, 'prompt_eval_duration': 2012716316, 'eval_count': 4, 'eval_duration': 1565002497}
Response: Poorly
Analyzing frame 10/22...
Prompt: Given the scenario shown on the video, you think this situation ends well or poorly? (Use only one word to answer)
Image size: 18008 bytes
Response status code: 200
{'model': 'mistral-small3.2', 'created_at': '2025-12-04T17:29:12.256911394Z', 'message': {'role': 'assistant', 'content': 'poorly'}, 'done': True, 'done_reason': 'stop', 'total_duration': 3501325862, 'load_duration': 125326145, 'prompt_eval_count': 844, 'prompt_eval_duration': 2007684523, 'eval_count': 3, 'eval_duration': 1111734413}
Response: poorly
Analyzing frame 11/22...
Prompt: Given the scenario shown on the video, you think this situation ends well or poorly? (Use only one word to answer)
Image size: 15112 bytes
Response status code: 200
{'model': 'mistral-small3.2', 'created_at': '2025-12-04T17:29:17.346440577Z', 'message': {'role': 'assistant', 'content': 'Poorly'}, 'done': True, 'done_reason': 'stop', 'total_duration': 4048665043, 'load_duration': 107110444, 'prompt_eval_count': 844, 'prompt_eval_duration': 2020995680, 'eval_count': 4, 'eval_duration': 1643088547}
Response: Poorly
Analyzing frame 12/22...
Prompt: Given the scenario shown on the video, you think this situation ends well or poorly? (Use only one word to answer)
Image size: 15512 bytes
Response status code: 200
{'model': 'mistral-small3.2', 'created_at': '2025-12-04T17:29:22.269979443Z', 'message': {'role': 'assistant', 'content': 'Poorly'}, 'done': True, 'done_reason': 'stop', 'total_duration': 3883102579, 'load_duration': 134464681, 'prompt_eval_count': 844, 'prompt_eval_duration': 2020114565, 'eval_count': 4, 'eval_duration': 1438400069}
Response: Poorly
Analyzing frame 13/22...
Prompt: Given the scenario shown on the video, you think this situation ends well or poorly? (Use only one word to answer)
Image size: 17356 bytes
Response status code: 200
{'model': 'mistral-small3.2', 'created_at': '2025-12-04T17:29:27.428426945Z', 'message': {'role': 'assistant', 'content': 'Poorly'}, 'done': True, 'done_reason': 'stop', 'total_duration': 4118045326, 'load_duration': 131253587, 'prompt_eval_count': 844, 'prompt_eval_duration': 2010914813, 'eval_count': 4, 'eval_duration': 1697867845}
Response: Poorly
Analyzing frame 14/22...
Prompt: Given the scenario shown on the video, you think this situation ends well or poorly? (Use only one word to answer)
Image size: 20084 bytes
Response status code: 200
{'model': 'mistral-small3.2', 'created_at': '2025-12-04T17:29:32.430072124Z', 'message': {'role': 'assistant', 'content': 'Poorly'}, 'done': True, 'done_reason': 'stop', 'total_duration': 3961964873, 'load_duration': 108546568, 'prompt_eval_count': 844, 'prompt_eval_duration': 2000576966, 'eval_count': 4, 'eval_duration': 1601198293}
Response: Poorly
Analyzing frame 15/22...
Prompt: Given the scenario shown on the video, you think this situation ends well or poorly? (Use only one word to answer)
Image size: 18060 bytes
Response status code: 200
{'model': 'mistral-small3.2', 'created_at': '2025-12-04T17:29:36.819187975Z', 'message': {'role': 'assistant', 'content': 'Poorly'}, 'done': True, 'done_reason': 'stop', 'total_duration': 3350060876, 'load_duration': 135601006, 'prompt_eval_count': 844, 'prompt_eval_duration': 2011657719, 'eval_count': 4, 'eval_duration': 948935059}
Response: Poorly
Analyzing frame 16/22...
Prompt: Given the scenario shown on the video, you think this situation ends well or poorly? (Use only one word to answer)
Image size: 17664 bytes
Response status code: 200
{'model': 'mistral-small3.2', 'created_at': '2025-12-04T17:29:41.99418579Z', 'message': {'role': 'assistant', 'content': 'Poorly'}, 'done': True, 'done_reason': 'stop', 'total_duration': 4134971130, 'load_duration': 168831766, 'prompt_eval_count': 844, 'prompt_eval_duration': 2014159597, 'eval_count': 4, 'eval_duration': 1675077039}
Response: Poorly
Analyzing frame 17/22...
Prompt: Given the scenario shown on the video, you think this situation ends well or poorly? (Use only one word to answer)
Image size: 17968 bytes
Response status code: 200
{'model': 'mistral-small3.2', 'created_at': '2025-12-04T17:29:46.840866174Z', 'message': {'role': 'assistant', 'content': 'Poorly'}, 'done': True, 'done_reason': 'stop', 'total_duration': 3806815489, 'load_duration': 103908135, 'prompt_eval_count': 844, 'prompt_eval_duration': 2013314432, 'eval_count': 4, 'eval_duration': 1426849873}
Response: Poorly
Analyzing frame 18/22...
Prompt: Given the scenario shown on the video, you think this situation ends well or poorly? (Use only one word to answer)
Image size: 17972 bytes
Response status code: 200
{'model': 'mistral-small3.2', 'created_at': '2025-12-04T17:29:52.003504165Z', 'message': {'role': 'assistant', 'content': 'Poorly'}, 'done': True, 'done_reason': 'stop', 'total_duration': 4123786533, 'load_duration': 148690810, 'prompt_eval_count': 844, 'prompt_eval_duration': 2013578749, 'eval_count': 4, 'eval_duration': 1677538974}
Response: Poorly
Analyzing frame 19/22...
Prompt: Given the scenario shown on the video, you think this situation ends well or poorly? (Use only one word to answer)
Image size: 17996 bytes
Response status code: 200
{'model': 'mistral-small3.2', 'created_at': '2025-12-04T17:29:57.129685413Z', 'message': {'role': 'assistant', 'content': 'Poorly'}, 'done': True, 'done_reason': 'stop', 'total_duration': 4084422085, 'load_duration': 163236675, 'prompt_eval_count': 844, 'prompt_eval_duration': 2001040806, 'eval_count': 4, 'eval_duration': 1652557072}
Response: Poorly
Analyzing frame 20/22...
Prompt: Given the scenario shown on the video, you think this situation ends well or poorly? (Use only one word to answer)
Image size: 17980 bytes
Response status code: 200
{'model': 'mistral-small3.2', 'created_at': '2025-12-04T17:30:02.256892995Z', 'message': {'role': 'assistant', 'content': 'Poorly'}, 'done': True, 'done_reason': 'stop', 'total_duration': 4086321165, 'load_duration': 139619893, 'prompt_eval_count': 844, 'prompt_eval_duration': 1998967730, 'eval_count': 4, 'eval_duration': 1666872870}
Response: Poorly
Analyzing frame 21/22...
Prompt: Given the scenario shown on the video, you think this situation ends well or poorly? (Use only one word to answer)
Image size: 18012 bytes
Response status code: 200
{'model': 'mistral-small3.2', 'created_at': '2025-12-04T17:30:07.337085996Z', 'message': {'role': 'assistant', 'content': 'Poorly'}, 'done': True, 'done_reason': 'stop', 'total_duration': 4039832881, 'load_duration': 128811209, 'prompt_eval_count': 844, 'prompt_eval_duration': 1999688168, 'eval_count': 4, 'eval_duration': 1648012641}
Response: Poorly
Analyzing frame 22/22...
Prompt: Given the scenario shown on the video, you think this situation ends well or poorly? (Use only one word to answer)
Image size: 17988 bytes
Response status code: 200
{'model': 'mistral-small3.2', 'created_at': '2025-12-04T17:30:12.509036382Z', 'message': {'role': 'assistant', 'content': 'Poorly'}, 'done': True, 'done_reason': 'stop', 'total_duration': 4126932884, 'load_duration': 155918796, 'prompt_eval_count': 844, 'prompt_eval_duration': 2005918651, 'eval_count': 4, 'eval_duration': 1688688785}
Response: Poorly
Final prediction for 21_final.mp4: Poorly

Results saved to ./results/results_mistralsmall32.csv
Total videos processed: 125

==================================================
Processing video 7/30

Processing video: 22_final.mp4
Video info: 206 frames, 30.00 FPS, 6.87 seconds
Extracted 14 frames for analysis
Analyzing frame 1/14...
Prompt: Given the scenario shown on the video, you think this situation ends well or poorly? (Use only one word to answer)
Image size: 17840 bytes
Response status code: 200
{'model': 'mistral-small3.2', 'created_at': '2025-12-04T17:30:18.110529794Z', 'message': {'role': 'assistant', 'content': 'Poorly'}, 'done': True, 'done_reason': 'stop', 'total_duration': 4062079467, 'load_duration': 117540722, 'prompt_eval_count': 844, 'prompt_eval_duration': 2002891932, 'eval_count': 4, 'eval_duration': 1689150898}
Response: Poorly
Analyzing frame 2/14...
Prompt: Given the scenario shown on the video, you think this situation ends well or poorly? (Use only one word to answer)
Image size: 17744 bytes
Response status code: 200
{'model': 'mistral-small3.2', 'created_at': '2025-12-04T17:30:23.249809403Z', 'message': {'role': 'assistant', 'content': 'Poorly'}, 'done': True, 'done_reason': 'stop', 'total_duration': 4090793540, 'load_duration': 132931256, 'prompt_eval_count': 844, 'prompt_eval_duration': 2010133330, 'eval_count': 4, 'eval_duration': 1692636206}
Response: Poorly
Analyzing frame 3/14...
Prompt: Given the scenario shown on the video, you think this situation ends well or poorly? (Use only one word to answer)
Image size: 17764 bytes
Response status code: 200
{'model': 'mistral-small3.2', 'created_at': '2025-12-04T17:30:28.285513386Z', 'message': {'role': 'assistant', 'content': 'Poorly'}, 'done': True, 'done_reason': 'stop', 'total_duration': 3993115209, 'load_duration': 159325178, 'prompt_eval_count': 844, 'prompt_eval_duration': 2006320839, 'eval_count': 4, 'eval_duration': 1540035259}
Response: Poorly
Analyzing frame 4/14...
Prompt: Given the scenario shown on the video, you think this situation ends well or poorly? (Use only one word to answer)
Image size: 17904 bytes
Response status code: 200
{'model': 'mistral-small3.2', 'created_at': '2025-12-04T17:30:33.46093973Z', 'message': {'role': 'assistant', 'content': 'Poorly'}, 'done': True, 'done_reason': 'stop', 'total_duration': 4131659089, 'load_duration': 143467118, 'prompt_eval_count': 844, 'prompt_eval_duration': 2010659808, 'eval_count': 4, 'eval_duration': 1692449653}
Response: Poorly
Analyzing frame 5/14...
Prompt: Given the scenario shown on the video, you think this situation ends well or poorly? (Use only one word to answer)
Image size: 17872 bytes
Response status code: 200
{'model': 'mistral-small3.2', 'created_at': '2025-12-04T17:30:38.596507474Z', 'message': {'role': 'assistant', 'content': 'Poorly'}, 'done': True, 'done_reason': 'stop', 'total_duration': 4096854772, 'load_duration': 149307103, 'prompt_eval_count': 844, 'prompt_eval_duration': 2014667471, 'eval_count': 4, 'eval_duration': 1674057571}
Response: Poorly
Analyzing frame 6/14...
Prompt: Given the scenario shown on the video, you think this situation ends well or poorly? (Use only one word to answer)
Image size: 18224 bytes
Response status code: 200
{'model': 'mistral-small3.2', 'created_at': '2025-12-04T17:30:43.741410444Z', 'message': {'role': 'assistant', 'content': 'Poorly'}, 'done': True, 'done_reason': 'stop', 'total_duration': 4104268242, 'load_duration': 148076138, 'prompt_eval_count': 844, 'prompt_eval_duration': 2013994768, 'eval_count': 4, 'eval_duration': 1674036490}
Response: Poorly
Analyzing frame 7/14...
Prompt: Given the scenario shown on the video, you think this situation ends well or poorly? (Use only one word to answer)
Image size: 18196 bytes
Response status code: 200
{'model': 'mistral-small3.2', 'created_at': '2025-12-04T17:30:48.664701362Z', 'message': {'role': 'assistant', 'content': 'Poorly'}, 'done': True, 'done_reason': 'stop', 'total_duration': 3884556084, 'load_duration': 103692510, 'prompt_eval_count': 844, 'prompt_eval_duration': 1997474683, 'eval_count': 4, 'eval_duration': 1499185197}
Response: Poorly
Analyzing frame 8/14...
Prompt: Given the scenario shown on the video, you think this situation ends well or poorly? (Use only one word to answer)
Image size: 18372 bytes
Response status code: 200
{'model': 'mistral-small3.2', 'created_at': '2025-12-04T17:30:53.833048842Z', 'message': {'role': 'assistant', 'content': 'Poorly'}, 'done': True, 'done_reason': 'stop', 'total_duration': 4126019207, 'load_duration': 148743367, 'prompt_eval_count': 844, 'prompt_eval_duration': 2012213191, 'eval_count': 4, 'eval_duration': 1706478982}
Response: Poorly
Analyzing frame 9/14...
Prompt: Given the scenario shown on the video, you think this situation ends well or poorly? (Use only one word to answer)
Image size: 18292 bytes
Response status code: 200
{'model': 'mistral-small3.2', 'created_at': '2025-12-04T17:30:58.989587409Z', 'message': {'role': 'assistant', 'content': 'Poorly'}, 'done': True, 'done_reason': 'stop', 'total_duration': 4116396162, 'load_duration': 144198948, 'prompt_eval_count': 844, 'prompt_eval_duration': 2013213841, 'eval_count': 4, 'eval_duration': 1684666556}
Response: Poorly
Analyzing frame 10/14...
Prompt: Given the scenario shown on the video, you think this situation ends well or poorly? (Use only one word to answer)
Image size: 18308 bytes
Response status code: 200
{'model': 'mistral-small3.2', 'created_at': '2025-12-04T17:31:04.067649239Z', 'message': {'role': 'assistant', 'content': 'Poorly'}, 'done': True, 'done_reason': 'stop', 'total_duration': 4037384198, 'load_duration': 123739903, 'prompt_eval_count': 844, 'prompt_eval_duration': 1998827669, 'eval_count': 4, 'eval_duration': 1639334815}
Response: Poorly
Analyzing frame 11/14...
Prompt: Given the scenario shown on the video, you think this situation ends well or poorly? (Use only one word to answer)
Image size: 18308 bytes
Response status code: 200
{'model': 'mistral-small3.2', 'created_at': '2025-12-04T17:31:09.230369498Z', 'message': {'role': 'assistant', 'content': 'Poorly'}, 'done': True, 'done_reason': 'stop', 'total_duration': 4122629688, 'load_duration': 148956098, 'prompt_eval_count': 844, 'prompt_eval_duration': 2011959435, 'eval_count': 4, 'eval_duration': 1709732639}
Response: Poorly
Analyzing frame 12/14...
Prompt: Given the scenario shown on the video, you think this situation ends well or poorly? (Use only one word to answer)
Image size: 18312 bytes
Response status code: 200
{'model': 'mistral-small3.2', 'created_at': '2025-12-04T17:31:14.366812363Z', 'message': {'role': 'assistant', 'content': 'Poorly'}, 'done': True, 'done_reason': 'stop', 'total_duration': 4096752932, 'load_duration': 132284490, 'prompt_eval_count': 844, 'prompt_eval_duration': 2011499502, 'eval_count': 4, 'eval_duration': 1675890994}
Response: Poorly
Analyzing frame 13/14...
Prompt: Given the scenario shown on the video, you think this situation ends well or poorly? (Use only one word to answer)
Image size: 18300 bytes
Response status code: 200
{'model': 'mistral-small3.2', 'created_at': '2025-12-04T17:31:19.424881769Z', 'message': {'role': 'assistant', 'content': 'Poorly'}, 'done': True, 'done_reason': 'stop', 'total_duration': 4013680800, 'load_duration': 133807424, 'prompt_eval_count': 844, 'prompt_eval_duration': 2002512059, 'eval_count': 4, 'eval_duration': 1630544451}
Response: Poorly
Analyzing frame 14/14...
Prompt: Given the scenario shown on the video, you think this situation ends well or poorly? (Use only one word to answer)
Image size: 18300 bytes
Response status code: 200
{'model': 'mistral-small3.2', 'created_at': '2025-12-04T17:31:24.460488746Z', 'message': {'role': 'assistant', 'content': 'Poorly'}, 'done': True, 'done_reason': 'stop', 'total_duration': 3996758195, 'load_duration': 102395978, 'prompt_eval_count': 844, 'prompt_eval_duration': 1999928942, 'eval_count': 4, 'eval_duration': 1649109652}
Response: Poorly
Final prediction for 22_final.mp4: Poorly

Results saved to ./results/results_mistralsmall32.csv
Total videos processed: 139

==================================================
Processing video 8/30

Processing video: 24_final.mp4
Video info: 374 frames, 30.00 FPS, 12.47 seconds
Extracted 25 frames for analysis
Analyzing frame 1/25...
Prompt: Given the scenario shown on the video, you think this situation ends well or poorly? (Use only one word to answer)
Image size: 38960 bytes
Response status code: 200
{'model': 'mistral-small3.2', 'created_at': '2025-12-04T17:31:30.952839221Z', 'message': {'role': 'assistant', 'content': 'Poorly'}, 'done': True, 'done_reason': 'stop', 'total_duration': 4045156704, 'load_duration': 139553379, 'prompt_eval_count': 844, 'prompt_eval_duration': 1993562921, 'eval_count': 4, 'eval_duration': 1667994193}
Response: Poorly
Analyzing frame 2/25...
Prompt: Given the scenario shown on the video, you think this situation ends well or poorly? (Use only one word to answer)
Image size: 37076 bytes
Response status code: 200
{'model': 'mistral-small3.2', 'created_at': '2025-12-04T17:31:36.076539078Z', 'message': {'role': 'assistant', 'content': 'Poorly'}, 'done': True, 'done_reason': 'stop', 'total_duration': 4084852323, 'load_duration': 127372141, 'prompt_eval_count': 844, 'prompt_eval_duration': 2016702747, 'eval_count': 4, 'eval_duration': 1669888799}
Response: Poorly
Analyzing frame 3/25...
Prompt: Given the scenario shown on the video, you think this situation ends well or poorly? (Use only one word to answer)
Image size: 39428 bytes
Response status code: 200
{'model': 'mistral-small3.2', 'created_at': '2025-12-04T17:31:41.279975685Z', 'message': {'role': 'assistant', 'content': 'Poorly'}, 'done': True, 'done_reason': 'stop', 'total_duration': 4161818209, 'load_duration': 153499700, 'prompt_eval_count': 844, 'prompt_eval_duration': 2003765128, 'eval_count': 4, 'eval_duration': 1722463151}
Response: Poorly
Analyzing frame 4/25...
Prompt: Given the scenario shown on the video, you think this situation ends well or poorly? (Use only one word to answer)
Image size: 39032 bytes
Response status code: 200
{'model': 'mistral-small3.2', 'created_at': '2025-12-04T17:31:46.29175206Z', 'message': {'role': 'assistant', 'content': 'Poorly'}, 'done': True, 'done_reason': 'stop', 'total_duration': 3970049865, 'load_duration': 130320430, 'prompt_eval_count': 844, 'prompt_eval_duration': 2009910554, 'eval_count': 4, 'eval_duration': 1545847724}
Response: Poorly
Analyzing frame 5/25...
Prompt: Given the scenario shown on the video, you think this situation ends well or poorly? (Use only one word to answer)
Image size: 42208 bytes
Response status code: 200
{'model': 'mistral-small3.2', 'created_at': '2025-12-04T17:31:51.395565632Z', 'message': {'role': 'assistant', 'content': 'Poorly'}, 'done': True, 'done_reason': 'stop', 'total_duration': 4063400306, 'load_duration': 133264124, 'prompt_eval_count': 844, 'prompt_eval_duration': 1997120980, 'eval_count': 4, 'eval_duration': 1653360977}
Response: Poorly
Analyzing frame 6/25...
Prompt: Given the scenario shown on the video, you think this situation ends well or poorly? (Use only one word to answer)
Image size: 43340 bytes
Response status code: 200
{'model': 'mistral-small3.2', 'created_at': '2025-12-04T17:31:56.56331595Z', 'message': {'role': 'assistant', 'content': 'Poorly'}, 'done': True, 'done_reason': 'stop', 'total_duration': 4126267511, 'load_duration': 194894918, 'prompt_eval_count': 844, 'prompt_eval_duration': 2002830456, 'eval_count': 4, 'eval_duration': 1663001986}
Response: Poorly
Analyzing frame 7/25...
Prompt: Given the scenario shown on the video, you think this situation ends well or poorly? (Use only one word to answer)
Image size: 41520 bytes
Response status code: 200
{'model': 'mistral-small3.2', 'created_at': '2025-12-04T17:32:01.661449222Z', 'message': {'role': 'assistant', 'content': 'Poorly'}, 'done': True, 'done_reason': 'stop', 'total_duration': 4059294365, 'load_duration': 101899736, 'prompt_eval_count': 844, 'prompt_eval_duration': 2004160913, 'eval_count': 4, 'eval_duration': 1705013065}
Response: Poorly
Analyzing frame 8/25...
Prompt: Given the scenario shown on the video, you think this situation ends well or poorly? (Use only one word to answer)
Image size: 35880 bytes
Response status code: 200
{'model': 'mistral-small3.2', 'created_at': '2025-12-04T17:32:06.816645482Z', 'message': {'role': 'assistant', 'content': 'Poorly'}, 'done': True, 'done_reason': 'stop', 'total_duration': 4115697245, 'load_duration': 146158903, 'prompt_eval_count': 844, 'prompt_eval_duration': 2010112848, 'eval_count': 4, 'eval_duration': 1685527746}
Response: Poorly
Analyzing frame 9/25...
Prompt: Given the scenario shown on the video, you think this situation ends well or poorly? (Use only one word to answer)
Image size: 37532 bytes
Response status code: 200
{'model': 'mistral-small3.2', 'created_at': '2025-12-04T17:32:11.897693695Z', 'message': {'role': 'assistant', 'content': 'Poorly'}, 'done': True, 'done_reason': 'stop', 'total_duration': 4040443630, 'load_duration': 143453901, 'prompt_eval_count': 844, 'prompt_eval_duration': 2011773362, 'eval_count': 4, 'eval_duration': 1603928303}
Response: Poorly
Analyzing frame 10/25...
Prompt: Given the scenario shown on the video, you think this situation ends well or poorly? (Use only one word to answer)
Image size: 36720 bytes
Response status code: 200
{'model': 'mistral-small3.2', 'created_at': '2025-12-04T17:32:16.999316198Z', 'message': {'role': 'assistant', 'content': 'Poorly'}, 'done': True, 'done_reason': 'stop', 'total_duration': 4062941507, 'load_duration': 126581510, 'prompt_eval_count': 844, 'prompt_eval_duration': 2009307172, 'eval_count': 4, 'eval_duration': 1650406034}
Response: Poorly
Analyzing frame 11/25...
Prompt: Given the scenario shown on the video, you think this situation ends well or poorly? (Use only one word to answer)
Image size: 40012 bytes
Response status code: 200
{'model': 'mistral-small3.2', 'created_at': '2025-12-04T17:32:22.074365901Z', 'message': {'role': 'assistant', 'content': 'Poorly'}, 'done': True, 'done_reason': 'stop', 'total_duration': 4035753941, 'load_duration': 116713903, 'prompt_eval_count': 844, 'prompt_eval_duration': 2014103523, 'eval_count': 4, 'eval_duration': 1629562762}
Response: Poorly
Analyzing frame 12/25...
Prompt: Given the scenario shown on the video, you think this situation ends well or poorly? (Use only one word to answer)
Image size: 40476 bytes
Response status code: 200
{'model': 'mistral-small3.2', 'created_at': '2025-12-04T17:32:27.220500858Z', 'message': {'role': 'assistant', 'content': 'Poorly'}, 'done': True, 'done_reason': 'stop', 'total_duration': 4103345047, 'load_duration': 145984588, 'prompt_eval_count': 844, 'prompt_eval_duration': 2001207621, 'eval_count': 4, 'eval_duration': 1679310071}
Response: Poorly
Analyzing frame 13/25...
Prompt: Given the scenario shown on the video, you think this situation ends well or poorly? (Use only one word to answer)
Image size: 41268 bytes
Response status code: 200
{'model': 'mistral-small3.2', 'created_at': '2025-12-04T17:32:32.359980973Z', 'message': {'role': 'assistant', 'content': 'Poorly'}, 'done': True, 'done_reason': 'stop', 'total_duration': 4100162061, 'load_duration': 126513366, 'prompt_eval_count': 844, 'prompt_eval_duration': 2025440918, 'eval_count': 4, 'eval_duration': 1666622777}
Response: Poorly
Analyzing frame 14/25...
Prompt: Given the scenario shown on the video, you think this situation ends well or poorly? (Use only one word to answer)
Image size: 39644 bytes
Response status code: 200
{'model': 'mistral-small3.2', 'created_at': '2025-12-04T17:32:37.506954532Z', 'message': {'role': 'assistant', 'content': 'Poorly'}, 'done': True, 'done_reason': 'stop', 'total_duration': 4105545945, 'load_duration': 135412140, 'prompt_eval_count': 844, 'prompt_eval_duration': 2001262050, 'eval_count': 4, 'eval_duration': 1706839552}
Response: Poorly
Analyzing frame 15/25...
Prompt: Given the scenario shown on the video, you think this situation ends well or poorly? (Use only one word to answer)
Image size: 39816 bytes
Response status code: 200
{'model': 'mistral-small3.2', 'created_at': '2025-12-04T17:32:42.654587027Z', 'message': {'role': 'assistant', 'content': 'Poorly'}, 'done': True, 'done_reason': 'stop', 'total_duration': 4104508163, 'load_duration': 137282103, 'prompt_eval_count': 844, 'prompt_eval_duration': 2009945920, 'eval_count': 4, 'eval_duration': 1673163348}
Response: Poorly
Analyzing frame 16/25...
Prompt: Given the scenario shown on the video, you think this situation ends well or poorly? (Use only one word to answer)
Image size: 38136 bytes
Response status code: 200
{'model': 'mistral-small3.2', 'created_at': '2025-12-04T17:32:47.527063514Z', 'message': {'role': 'assistant', 'content': 'Poorly'}, 'done': True, 'done_reason': 'stop', 'total_duration': 3833312340, 'load_duration': 137171012, 'prompt_eval_count': 844, 'prompt_eval_duration': 2001348792, 'eval_count': 4, 'eval_duration': 1421304227}
Response: Poorly
Analyzing frame 17/25...
Prompt: Given the scenario shown on the video, you think this situation ends well or poorly? (Use only one word to answer)
Image size: 40308 bytes
Response status code: 200
{'model': 'mistral-small3.2', 'created_at': '2025-12-04T17:32:52.419790497Z', 'message': {'role': 'assistant', 'content': 'Poorly'}, 'done': True, 'done_reason': 'stop', 'total_duration': 3852534513, 'load_duration': 102060019, 'prompt_eval_count': 844, 'prompt_eval_duration': 2014650933, 'eval_count': 4, 'eval_duration': 1449202633}
Response: Poorly
Analyzing frame 18/25...
Prompt: Given the scenario shown on the video, you think this situation ends well or poorly? (Use only one word to answer)
Image size: 38956 bytes
Response status code: 200
{'model': 'mistral-small3.2', 'created_at': '2025-12-04T17:32:57.532739342Z', 'message': {'role': 'assistant', 'content': 'Poorly'}, 'done': True, 'done_reason': 'stop', 'total_duration': 4073502000, 'load_duration': 143717800, 'prompt_eval_count': 844, 'prompt_eval_duration': 2038750290, 'eval_count': 4, 'eval_duration': 1614634374}
Response: Poorly
Analyzing frame 19/25...
Prompt: Given the scenario shown on the video, you think this situation ends well or poorly? (Use only one word to answer)
Image size: 37916 bytes
Response status code: 200
{'model': 'mistral-small3.2', 'created_at': '2025-12-04T17:33:02.681858336Z', 'message': {'role': 'assistant', 'content': 'Poorly'}, 'done': True, 'done_reason': 'stop', 'total_duration': 4107114147, 'load_duration': 148759492, 'prompt_eval_count': 844, 'prompt_eval_duration': 2019103778, 'eval_count': 4, 'eval_duration': 1686813099}
Response: Poorly
Analyzing frame 20/25...
Prompt: Given the scenario shown on the video, you think this situation ends well or poorly? (Use only one word to answer)
Image size: 34980 bytes
Response status code: 200
{'model': 'mistral-small3.2', 'created_at': '2025-12-04T17:33:07.810602185Z', 'message': {'role': 'assistant', 'content': 'Poorly'}, 'done': True, 'done_reason': 'stop', 'total_duration': 4087378767, 'load_duration': 137014989, 'prompt_eval_count': 844, 'prompt_eval_duration': 2009305056, 'eval_count': 4, 'eval_duration': 1675476312}
Response: Poorly
Analyzing frame 21/25...
Prompt: Given the scenario shown on the video, you think this situation ends well or poorly? (Use only one word to answer)
Image size: 35020 bytes
Response status code: 200
{'model': 'mistral-small3.2', 'created_at': '2025-12-04T17:33:12.969506244Z', 'message': {'role': 'assistant', 'content': 'Poorly'}, 'done': True, 'done_reason': 'stop', 'total_duration': 4116268175, 'load_duration': 125773500, 'prompt_eval_count': 844, 'prompt_eval_duration': 2017914192, 'eval_count': 4, 'eval_duration': 1695431368}
Response: Poorly
Analyzing frame 22/25...
Prompt: Given the scenario shown on the video, you think this situation ends well or poorly? (Use only one word to answer)
Image size: 35044 bytes
Response status code: 200
{'model': 'mistral-small3.2', 'created_at': '2025-12-04T17:33:18.08986742Z', 'message': {'role': 'assistant', 'content': 'Poorly'}, 'done': True, 'done_reason': 'stop', 'total_duration': 4078424200, 'load_duration': 149740635, 'prompt_eval_count': 844, 'prompt_eval_duration': 2007937736, 'eval_count': 4, 'eval_duration': 1665699103}
Response: Poorly
Analyzing frame 23/25...
Prompt: Given the scenario shown on the video, you think this situation ends well or poorly? (Use only one word to answer)
Image size: 35024 bytes
Response status code: 200
{'model': 'mistral-small3.2', 'created_at': '2025-12-04T17:33:23.23517765Z', 'message': {'role': 'assistant', 'content': 'Poorly'}, 'done': True, 'done_reason': 'stop', 'total_duration': 4104251696, 'load_duration': 150951510, 'prompt_eval_count': 844, 'prompt_eval_duration': 2014858873, 'eval_count': 4, 'eval_duration': 1675452965}
Response: Poorly
Analyzing frame 24/25...
Prompt: Given the scenario shown on the video, you think this situation ends well or poorly? (Use only one word to answer)
Image size: 35056 bytes
Response status code: 200
{'model': 'mistral-small3.2', 'created_at': '2025-12-04T17:33:28.360408723Z', 'message': {'role': 'assistant', 'content': 'Poorly'}, 'done': True, 'done_reason': 'stop', 'total_duration': 4083486769, 'load_duration': 123247469, 'prompt_eval_count': 844, 'prompt_eval_duration': 2004318787, 'eval_count': 4, 'eval_duration': 1690645904}
Response: Poorly
Analyzing frame 25/25...
Prompt: Given the scenario shown on the video, you think this situation ends well or poorly? (Use only one word to answer)
Image size: 34992 bytes
Response status code: 200
{'model': 'mistral-small3.2', 'created_at': '2025-12-04T17:33:33.589029114Z', 'message': {'role': 'assistant', 'content': 'Poorly'}, 'done': True, 'done_reason': 'stop', 'total_duration': 4187626338, 'load_duration': 184598824, 'prompt_eval_count': 844, 'prompt_eval_duration': 2029888775, 'eval_count': 4, 'eval_duration': 1682976394}
Response: Poorly
Final prediction for 24_final.mp4: Poorly

Results saved to ./results/results_mistralsmall32.csv
Total videos processed: 164

==================================================
Processing video 9/30

Processing video: 29_final.mp4
Video info: 218 frames, 30.00 FPS, 7.27 seconds
Extracted 15 frames for analysis
Analyzing frame 1/15...
Prompt: Given the scenario shown on the video, you think this situation ends well or poorly? (Use only one word to answer)
Image size: 15680 bytes
Response status code: 200
{'model': 'mistral-small3.2', 'created_at': '2025-12-04T17:33:39.258883335Z', 'message': {'role': 'assistant', 'content': 'Poorly'}, 'done': True, 'done_reason': 'stop', 'total_duration': 4085611435, 'load_duration': 145730982, 'prompt_eval_count': 844, 'prompt_eval_duration': 1999654102, 'eval_count': 4, 'eval_duration': 1667791485}
Response: Poorly
Analyzing frame 2/15...
Prompt: Given the scenario shown on the video, you think this situation ends well or poorly? (Use only one word to answer)
Image size: 15864 bytes
Response status code: 200
{'model': 'mistral-small3.2', 'created_at': '2025-12-04T17:33:44.410491211Z', 'message': {'role': 'assistant', 'content': 'Poorly'}, 'done': True, 'done_reason': 'stop', 'total_duration': 4113009170, 'load_duration': 144645406, 'prompt_eval_count': 844, 'prompt_eval_duration': 2009671738, 'eval_count': 4, 'eval_duration': 1683692807}
Response: Poorly
Analyzing frame 3/15...
Prompt: Given the scenario shown on the video, you think this situation ends well or poorly? (Use only one word to answer)
Image size: 16376 bytes
Response status code: 200
{'model': 'mistral-small3.2', 'created_at': '2025-12-04T17:33:49.519905091Z', 'message': {'role': 'assistant', 'content': 'Poorly'}, 'done': True, 'done_reason': 'stop', 'total_duration': 4070186959, 'load_duration': 106207923, 'prompt_eval_count': 844, 'prompt_eval_duration': 2016068020, 'eval_count': 4, 'eval_duration': 1686394687}
Response: Poorly
Analyzing frame 4/15...
Prompt: Given the scenario shown on the video, you think this situation ends well or poorly? (Use only one word to answer)
Image size: 16356 bytes
Response status code: 200
{'model': 'mistral-small3.2', 'created_at': '2025-12-04T17:33:54.464851145Z', 'message': {'role': 'assistant', 'content': 'Poorly'}, 'done': True, 'done_reason': 'stop', 'total_duration': 3902464260, 'load_duration': 142417191, 'prompt_eval_count': 844, 'prompt_eval_duration': 2003044702, 'eval_count': 4, 'eval_duration': 1479516332}
Response: Poorly
Analyzing frame 5/15...
Prompt: Given the scenario shown on the video, you think this situation ends well or poorly? (Use only one word to answer)
Image size: 15756 bytes
Response status code: 200
{'model': 'mistral-small3.2', 'created_at': '2025-12-04T17:33:59.576670815Z', 'message': {'role': 'assistant', 'content': 'Poorly'}, 'done': True, 'done_reason': 'stop', 'total_duration': 4070036225, 'load_duration': 146822558, 'prompt_eval_count': 844, 'prompt_eval_duration': 1998742141, 'eval_count': 4, 'eval_duration': 1644482228}
Response: Poorly
Analyzing frame 6/15...
Prompt: Given the scenario shown on the video, you think this situation ends well or poorly? (Use only one word to answer)
Image size: 16032 bytes
Response status code: 200
{'model': 'mistral-small3.2', 'created_at': '2025-12-04T17:34:04.508917934Z', 'message': {'role': 'assistant', 'content': 'Poorly'}, 'done': True, 'done_reason': 'stop', 'total_duration': 3893792916, 'load_duration': 151840963, 'prompt_eval_count': 844, 'prompt_eval_duration': 1996175056, 'eval_count': 4, 'eval_duration': 1483405820}
Response: Poorly
Analyzing frame 7/15...
Prompt: Given the scenario shown on the video, you think this situation ends well or poorly? (Use only one word to answer)
Image size: 15920 bytes
Response status code: 200
{'model': 'mistral-small3.2', 'created_at': '2025-12-04T17:34:09.573061485Z', 'message': {'role': 'assistant', 'content': 'Poorly'}, 'done': True, 'done_reason': 'stop', 'total_duration': 4024866624, 'load_duration': 104363353, 'prompt_eval_count': 844, 'prompt_eval_duration': 1997824004, 'eval_count': 4, 'eval_duration': 1645364088}
Response: Poorly
Analyzing frame 8/15...
Prompt: Given the scenario shown on the video, you think this situation ends well or poorly? (Use only one word to answer)
Image size: 16416 bytes
Response status code: 200
{'model': 'mistral-small3.2', 'created_at': '2025-12-04T17:34:14.707627272Z', 'message': {'role': 'assistant', 'content': 'Poorly'}, 'done': True, 'done_reason': 'stop', 'total_duration': 4095148535, 'load_duration': 170966524, 'prompt_eval_count': 844, 'prompt_eval_duration': 2005669025, 'eval_count': 4, 'eval_duration': 1661349340}
Response: Poorly
Analyzing frame 9/15...
Prompt: Given the scenario shown on the video, you think this situation ends well or poorly? (Use only one word to answer)
Image size: 16604 bytes
Response status code: 200
{'model': 'mistral-small3.2', 'created_at': '2025-12-04T17:34:19.655282266Z', 'message': {'role': 'assistant', 'content': 'Poorly'}, 'done': True, 'done_reason': 'stop', 'total_duration': 3906754330, 'load_duration': 157259101, 'prompt_eval_count': 844, 'prompt_eval_duration': 2014305389, 'eval_count': 4, 'eval_duration': 1447936311}
Response: Poorly
Analyzing frame 10/15...
Prompt: Given the scenario shown on the video, you think this situation ends well or poorly? (Use only one word to answer)
Image size: 16484 bytes
Response status code: 200
{'model': 'mistral-small3.2', 'created_at': '2025-12-04T17:34:24.79920451Z', 'message': {'role': 'assistant', 'content': 'Poorly'}, 'done': True, 'done_reason': 'stop', 'total_duration': 4103872622, 'load_duration': 170253380, 'prompt_eval_count': 844, 'prompt_eval_duration': 2011714617, 'eval_count': 4, 'eval_duration': 1673742312}
Response: Poorly
Analyzing frame 11/15...
Prompt: Given the scenario shown on the video, you think this situation ends well or poorly? (Use only one word to answer)
Image size: 16480 bytes
Response status code: 200
{'model': 'mistral-small3.2', 'created_at': '2025-12-04T17:34:29.760804637Z', 'message': {'role': 'assistant', 'content': 'Poorly'}, 'done': True, 'done_reason': 'stop', 'total_duration': 3922636540, 'load_duration': 120402174, 'prompt_eval_count': 844, 'prompt_eval_duration': 1998220755, 'eval_count': 4, 'eval_duration': 1558919965}
Response: Poorly
Analyzing frame 12/15...
Prompt: Given the scenario shown on the video, you think this situation ends well or poorly? (Use only one word to answer)
Image size: 16488 bytes
Response status code: 200
{'model': 'mistral-small3.2', 'created_at': '2025-12-04T17:34:34.645476609Z', 'message': {'role': 'assistant', 'content': 'Poorly'}, 'done': True, 'done_reason': 'stop', 'total_duration': 3845591422, 'load_duration': 127283334, 'prompt_eval_count': 844, 'prompt_eval_duration': 2002187487, 'eval_count': 4, 'eval_duration': 1451200346}
Response: Poorly
Analyzing frame 13/15...
Prompt: Given the scenario shown on the video, you think this situation ends well or poorly? (Use only one word to answer)
Image size: 16476 bytes
Response status code: 200
{'model': 'mistral-small3.2', 'created_at': '2025-12-04T17:34:39.708871084Z', 'message': {'role': 'assistant', 'content': 'Poorly'}, 'done': True, 'done_reason': 'stop', 'total_duration': 4024649392, 'load_duration': 112423305, 'prompt_eval_count': 844, 'prompt_eval_duration': 1996240345, 'eval_count': 4, 'eval_duration': 1661858533}
Response: Poorly
Analyzing frame 14/15...
Prompt: Given the scenario shown on the video, you think this situation ends well or poorly? (Use only one word to answer)
Image size: 16484 bytes
Response status code: 200
{'model': 'mistral-small3.2', 'created_at': '2025-12-04T17:34:44.608243393Z', 'message': {'role': 'assistant', 'content': 'Poorly'}, 'done': True, 'done_reason': 'stop', 'total_duration': 3855603854, 'load_duration': 156491751, 'prompt_eval_count': 844, 'prompt_eval_duration': 2000579380, 'eval_count': 4, 'eval_duration': 1436598734}
Response: Poorly
Analyzing frame 15/15...
Prompt: Given the scenario shown on the video, you think this situation ends well or poorly? (Use only one word to answer)
Image size: 16492 bytes
Response status code: 200
{'model': 'mistral-small3.2', 'created_at': '2025-12-04T17:34:49.768164804Z', 'message': {'role': 'assistant', 'content': 'Poorly'}, 'done': True, 'done_reason': 'stop', 'total_duration': 4120272191, 'load_duration': 150937543, 'prompt_eval_count': 844, 'prompt_eval_duration': 2022234570, 'eval_count': 4, 'eval_duration': 1671104794}
Response: Poorly
Final prediction for 29_final.mp4: Poorly

Results saved to ./results/results_mistralsmall32.csv
Total videos processed: 179

==================================================
Processing video 10/30

Processing video: 30_final.mp4
Video info: 377 frames, 30.00 FPS, 12.57 seconds
Extracted 26 frames for analysis
Analyzing frame 1/26...
Prompt: Given the scenario shown on the video, you think this situation ends well or poorly? (Use only one word to answer)
Image size: 16412 bytes
Response status code: 200
{'model': 'mistral-small3.2', 'created_at': '2025-12-04T17:34:54.472884695Z', 'message': {'role': 'assistant', 'content': 'poorly'}, 'done': True, 'done_reason': 'stop', 'total_duration': 3164970984, 'load_duration': 103087974, 'prompt_eval_count': 844, 'prompt_eval_duration': 2009653863, 'eval_count': 3, 'eval_duration': 781772481}
Response: poorly
Analyzing frame 2/26...
Prompt: Given the scenario shown on the video, you think this situation ends well or poorly? (Use only one word to answer)
Image size: 15800 bytes
Response status code: 200
{'model': 'mistral-small3.2', 'created_at': '2025-12-04T17:34:58.933119188Z', 'message': {'role': 'assistant', 'content': 'poorly'}, 'done': True, 'done_reason': 'stop', 'total_duration': 3429449206, 'load_duration': 108225327, 'prompt_eval_count': 844, 'prompt_eval_duration': 2007196117, 'eval_count': 3, 'eval_duration': 1031043396}
Response: poorly
Analyzing frame 3/26...
Prompt: Given the scenario shown on the video, you think this situation ends well or poorly? (Use only one word to answer)
Image size: 17500 bytes
Response status code: 200
{'model': 'mistral-small3.2', 'created_at': '2025-12-04T17:35:03.51753159Z', 'message': {'role': 'assistant', 'content': 'poorly'}, 'done': True, 'done_reason': 'stop', 'total_duration': 3552449657, 'load_duration': 163163899, 'prompt_eval_count': 844, 'prompt_eval_duration': 2012458806, 'eval_count': 3, 'eval_duration': 1123397693}
Response: poorly
Analyzing frame 4/26...
Prompt: Given the scenario shown on the video, you think this situation ends well or poorly? (Use only one word to answer)
Image size: 17912 bytes
Response status code: 200
{'model': 'mistral-small3.2', 'created_at': '2025-12-04T17:35:08.09837418Z', 'message': {'role': 'assistant', 'content': 'poorly'}, 'done': True, 'done_reason': 'stop', 'total_duration': 3549394353, 'load_duration': 136852688, 'prompt_eval_count': 844, 'prompt_eval_duration': 2012686379, 'eval_count': 3, 'eval_duration': 1124263478}
Response: poorly
Analyzing frame 5/26...
Prompt: Given the scenario shown on the video, you think this situation ends well or poorly? (Use only one word to answer)
Image size: 18556 bytes
Response status code: 200
{'model': 'mistral-small3.2', 'created_at': '2025-12-04T17:35:12.607062908Z', 'message': {'role': 'assistant', 'content': 'poorly'}, 'done': True, 'done_reason': 'stop', 'total_duration': 3477119479, 'load_duration': 147029616, 'prompt_eval_count': 844, 'prompt_eval_duration': 1994855915, 'eval_count': 3, 'eval_duration': 1094499011}
Response: poorly
Analyzing frame 6/26...
Prompt: Given the scenario shown on the video, you think this situation ends well or poorly? (Use only one word to answer)
Image size: 19236 bytes
Response status code: 200
{'model': 'mistral-small3.2', 'created_at': '2025-12-04T17:35:17.15049335Z', 'message': {'role': 'assistant', 'content': 'poorly'}, 'done': True, 'done_reason': 'stop', 'total_duration': 3511245049, 'load_duration': 121792228, 'prompt_eval_count': 844, 'prompt_eval_duration': 2014017172, 'eval_count': 3, 'eval_duration': 1095689770}
Response: poorly
Analyzing frame 7/26...
Prompt: Given the scenario shown on the video, you think this situation ends well or poorly? (Use only one word to answer)
Image size: 18988 bytes
Response status code: 200
{'model': 'mistral-small3.2', 'created_at': '2025-12-04T17:35:21.712359713Z', 'message': {'role': 'assistant', 'content': 'poorly'}, 'done': True, 'done_reason': 'stop', 'total_duration': 3529954933, 'load_duration': 171106541, 'prompt_eval_count': 844, 'prompt_eval_duration': 2003271451, 'eval_count': 3, 'eval_duration': 1074778026}
Response: poorly
Analyzing frame 8/26...
Prompt: Given the scenario shown on the video, you think this situation ends well or poorly? (Use only one word to answer)
Image size: 19340 bytes
Response status code: 200
{'model': 'mistral-small3.2', 'created_at': '2025-12-04T17:35:26.812925413Z', 'message': {'role': 'assistant', 'content': 'Poorly'}, 'done': True, 'done_reason': 'stop', 'total_duration': 4069741206, 'load_duration': 159717184, 'prompt_eval_count': 844, 'prompt_eval_duration': 1998662668, 'eval_count': 4, 'eval_duration': 1654072385}
Response: Poorly
Analyzing frame 9/26...
Prompt: Given the scenario shown on the video, you think this situation ends well or poorly? (Use only one word to answer)
Image size: 19436 bytes
Response status code: 200
{'model': 'mistral-small3.2', 'created_at': '2025-12-04T17:35:31.328739839Z', 'message': {'role': 'assistant', 'content': 'poorly'}, 'done': True, 'done_reason': 'stop', 'total_duration': 3483978569, 'load_duration': 107290359, 'prompt_eval_count': 844, 'prompt_eval_duration': 2016984644, 'eval_count': 3, 'eval_duration': 1112790662}
Response: poorly
Analyzing frame 10/26...
Prompt: Given the scenario shown on the video, you think this situation ends well or poorly? (Use only one word to answer)
Image size: 19740 bytes
Response status code: 200
{'model': 'mistral-small3.2', 'created_at': '2025-12-04T17:35:35.686326764Z', 'message': {'role': 'assistant', 'content': 'poorly'}, 'done': True, 'done_reason': 'stop', 'total_duration': 3326149373, 'load_duration': 135294638, 'prompt_eval_count': 844, 'prompt_eval_duration': 1999585378, 'eval_count': 3, 'eval_duration': 939932869}
Response: poorly
Analyzing frame 11/26...
Prompt: Given the scenario shown on the video, you think this situation ends well or poorly? (Use only one word to answer)
Image size: 19832 bytes
Response status code: 200
{'model': 'mistral-small3.2', 'created_at': '2025-12-04T17:35:40.239846773Z', 'message': {'role': 'assistant', 'content': 'poorly'}, 'done': True, 'done_reason': 'stop', 'total_duration': 3522708756, 'load_duration': 168902207, 'prompt_eval_count': 844, 'prompt_eval_duration': 2009920103, 'eval_count': 3, 'eval_duration': 1090555470}
Response: poorly
Analyzing frame 12/26...
Prompt: Given the scenario shown on the video, you think this situation ends well or poorly? (Use only one word to answer)
Image size: 20012 bytes
Response status code: 200
{'model': 'mistral-small3.2', 'created_at': '2025-12-04T17:35:44.812650857Z', 'message': {'role': 'assistant', 'content': 'poorly'}, 'done': True, 'done_reason': 'stop', 'total_duration': 3540175380, 'load_duration': 127562844, 'prompt_eval_count': 844, 'prompt_eval_duration': 2099981807, 'eval_count': 3, 'eval_duration': 1033463363}
Response: poorly
Analyzing frame 13/26...
Prompt: Given the scenario shown on the video, you think this situation ends well or poorly? (Use only one word to answer)
Image size: 20136 bytes
Response status code: 200
{'model': 'mistral-small3.2', 'created_at': '2025-12-04T17:35:49.439977525Z', 'message': {'role': 'assistant', 'content': 'poorly'}, 'done': True, 'done_reason': 'stop', 'total_duration': 3597046324, 'load_duration': 154152568, 'prompt_eval_count': 844, 'prompt_eval_duration': 2013257190, 'eval_count': 3, 'eval_duration': 1173226328}
Response: poorly
Analyzing frame 14/26...
Prompt: Given the scenario shown on the video, you think this situation ends well or poorly? (Use only one word to answer)
Image size: 20008 bytes
Response status code: 200
{'model': 'mistral-small3.2', 'created_at': '2025-12-04T17:35:53.980963034Z', 'message': {'role': 'assistant', 'content': 'poorly'}, 'done': True, 'done_reason': 'stop', 'total_duration': 3510141395, 'load_duration': 122957199, 'prompt_eval_count': 844, 'prompt_eval_duration': 2017547561, 'eval_count': 3, 'eval_duration': 1094357189}
Response: poorly
Analyzing frame 15/26...
Prompt: Given the scenario shown on the video, you think this situation ends well or poorly? (Use only one word to answer)
Image size: 20916 bytes
Response status code: 200
{'model': 'mistral-small3.2', 'created_at': '2025-12-04T17:35:58.30846345Z', 'message': {'role': 'assistant', 'content': 'poorly'}, 'done': True, 'done_reason': 'stop', 'total_duration': 3294256038, 'load_duration': 133769145, 'prompt_eval_count': 844, 'prompt_eval_duration': 2010184874, 'eval_count': 3, 'eval_duration': 883806421}
Response: poorly
Analyzing frame 16/26...
Prompt: Given the scenario shown on the video, you think this situation ends well or poorly? (Use only one word to answer)
Image size: 19616 bytes
Response status code: 200
{'model': 'mistral-small3.2', 'created_at': '2025-12-04T17:36:02.530180077Z', 'message': {'role': 'assistant', 'content': 'poorly'}, 'done': True, 'done_reason': 'stop', 'total_duration': 3187644510, 'load_duration': 148318222, 'prompt_eval_count': 844, 'prompt_eval_duration': 2023666112, 'eval_count': 3, 'eval_duration': 763587210}
Response: poorly
Analyzing frame 17/26...
Prompt: Given the scenario shown on the video, you think this situation ends well or poorly? (Use only one word to answer)
Image size: 19172 bytes
Response status code: 200
{'model': 'mistral-small3.2', 'created_at': '2025-12-04T17:36:07.053772004Z', 'message': {'role': 'assistant', 'content': 'poorly'}, 'done': True, 'done_reason': 'stop', 'total_duration': 3491737068, 'load_duration': 137903801, 'prompt_eval_count': 844, 'prompt_eval_duration': 2031891198, 'eval_count': 3, 'eval_duration': 1046266193}
Response: poorly
Analyzing frame 18/26...
Prompt: Given the scenario shown on the video, you think this situation ends well or poorly? (Use only one word to answer)
Image size: 18172 bytes
Response status code: 200
{'model': 'mistral-small3.2', 'created_at': '2025-12-04T17:36:11.464045514Z', 'message': {'role': 'assistant', 'content': 'poorly'}, 'done': True, 'done_reason': 'stop', 'total_duration': 3377259810, 'load_duration': 140073717, 'prompt_eval_count': 844, 'prompt_eval_duration': 2030149343, 'eval_count': 3, 'eval_duration': 948369269}
Response: poorly
Analyzing frame 19/26...
Prompt: Given the scenario shown on the video, you think this situation ends well or poorly? (Use only one word to answer)
Image size: 18480 bytes
Response status code: 200
{'model': 'mistral-small3.2', 'created_at': '2025-12-04T17:36:16.633598616Z', 'message': {'role': 'assistant', 'content': 'Poorly'}, 'done': True, 'done_reason': 'stop', 'total_duration': 4141245943, 'load_duration': 170477557, 'prompt_eval_count': 844, 'prompt_eval_duration': 2020790945, 'eval_count': 4, 'eval_duration': 1679469286}
Response: Poorly
Analyzing frame 20/26...
Prompt: Given the scenario shown on the video, you think this situation ends well or poorly? (Use only one word to answer)
Image size: 20528 bytes
Response status code: 200
{'model': 'mistral-small3.2', 'created_at': '2025-12-04T17:36:21.836417804Z', 'message': {'role': 'assistant', 'content': 'Poorly'}, 'done': True, 'done_reason': 'stop', 'total_duration': 4170176023, 'load_duration': 163242663, 'prompt_eval_count': 844, 'prompt_eval_duration': 2017258280, 'eval_count': 4, 'eval_duration': 1701726392}
Response: Poorly
Analyzing frame 21/26...
Prompt: Given the scenario shown on the video, you think this situation ends well or poorly? (Use only one word to answer)
Image size: 20860 bytes
Response status code: 200
{'model': 'mistral-small3.2', 'created_at': '2025-12-04T17:36:26.4545961Z', 'message': {'role': 'assistant', 'content': 'poorly'}, 'done': True, 'done_reason': 'stop', 'total_duration': 3587306097, 'load_duration': 170315514, 'prompt_eval_count': 844, 'prompt_eval_duration': 2017380548, 'eval_count': 3, 'eval_duration': 1116689155}
Response: poorly
Analyzing frame 22/26...
Prompt: Given the scenario shown on the video, you think this situation ends well or poorly? (Use only one word to answer)
Image size: 20864 bytes
Response status code: 200
{'model': 'mistral-small3.2', 'created_at': '2025-12-04T17:36:30.948945024Z', 'message': {'role': 'assistant', 'content': 'poorly'}, 'done': True, 'done_reason': 'stop', 'total_duration': 3461815077, 'load_duration': 108563195, 'prompt_eval_count': 844, 'prompt_eval_duration': 2009087660, 'eval_count': 3, 'eval_duration': 1096042108}
Response: poorly
Analyzing frame 23/26...
Prompt: Given the scenario shown on the video, you think this situation ends well or poorly? (Use only one word to answer)
Image size: 20864 bytes
Response status code: 200
{'model': 'mistral-small3.2', 'created_at': '2025-12-04T17:36:35.487302112Z', 'message': {'role': 'assistant', 'content': 'poorly'}, 'done': True, 'done_reason': 'stop', 'total_duration': 3507289897, 'load_duration': 137282637, 'prompt_eval_count': 844, 'prompt_eval_duration': 2006045390, 'eval_count': 3, 'eval_duration': 1112869806}
Response: poorly
Analyzing frame 24/26...
Prompt: Given the scenario shown on the video, you think this situation ends well or poorly? (Use only one word to answer)
Image size: 20876 bytes
Response status code: 200
{'model': 'mistral-small3.2', 'created_at': '2025-12-04T17:36:40.075101406Z', 'message': {'role': 'assistant', 'content': 'poorly'}, 'done': True, 'done_reason': 'stop', 'total_duration': 3555380629, 'load_duration': 149830023, 'prompt_eval_count': 844, 'prompt_eval_duration': 2017319020, 'eval_count': 3, 'eval_duration': 1120765764}
Response: poorly
Analyzing frame 25/26...
Prompt: Given the scenario shown on the video, you think this situation ends well or poorly? (Use only one word to answer)
Image size: 20860 bytes
Response status code: 200
{'model': 'mistral-small3.2', 'created_at': '2025-12-04T17:36:44.648826588Z', 'message': {'role': 'assistant', 'content': 'poorly'}, 'done': True, 'done_reason': 'stop', 'total_duration': 3539561532, 'load_duration': 126778713, 'prompt_eval_count': 844, 'prompt_eval_duration': 2018472900, 'eval_count': 3, 'eval_duration': 1121538758}
Response: poorly
Analyzing frame 26/26...
Prompt: Given the scenario shown on the video, you think this situation ends well or poorly? (Use only one word to answer)
Image size: 20860 bytes
Response status code: 200
{'model': 'mistral-small3.2', 'created_at': '2025-12-04T17:36:49.121332206Z', 'message': {'role': 'assistant', 'content': 'poorly'}, 'done': True, 'done_reason': 'stop', 'total_duration': 3442447918, 'load_duration': 138855854, 'prompt_eval_count': 844, 'prompt_eval_duration': 2010441173, 'eval_count': 3, 'eval_duration': 1006912507}
Response: poorly
Final prediction for 30_final.mp4: poorly

Results saved to ./results/results_mistralsmall32.csv
Total videos processed: 205

==================================================
Processing video 11/30

Processing video: 31_final.mp4
Video info: 296 frames, 30.00 FPS, 9.87 seconds
Extracted 20 frames for analysis
Analyzing frame 1/20...
Prompt: Given the scenario shown on the video, you think this situation ends well or poorly? (Use only one word to answer)
Image size: 26420 bytes
Response status code: 200
{'model': 'mistral-small3.2', 'created_at': '2025-12-04T17:36:54.713489782Z', 'message': {'role': 'assistant', 'content': 'Poorly'}, 'done': True, 'done_reason': 'stop', 'total_duration': 3647997353, 'load_duration': 143397181, 'prompt_eval_count': 844, 'prompt_eval_duration': 2008812169, 'eval_count': 4, 'eval_duration': 1233810073}
Response: Poorly
Analyzing frame 2/20...
Prompt: Given the scenario shown on the video, you think this situation ends well or poorly? (Use only one word to answer)
Image size: 26408 bytes
Response status code: 200
{'model': 'mistral-small3.2', 'created_at': '2025-12-04T17:36:59.557669193Z', 'message': {'role': 'assistant', 'content': 'Poorly'}, 'done': True, 'done_reason': 'stop', 'total_duration': 3803421134, 'load_duration': 106653033, 'prompt_eval_count': 844, 'prompt_eval_duration': 2012489032, 'eval_count': 4, 'eval_duration': 1419627504}
Response: Poorly
Analyzing frame 3/20...
Prompt: Given the scenario shown on the video, you think this situation ends well or poorly? (Use only one word to answer)
Image size: 26520 bytes
Response status code: 200
{'model': 'mistral-small3.2', 'created_at': '2025-12-04T17:37:04.627971972Z', 'message': {'role': 'assistant', 'content': 'Poorly'}, 'done': True, 'done_reason': 'stop', 'total_duration': 4032976051, 'load_duration': 148805267, 'prompt_eval_count': 844, 'prompt_eval_duration': 2012135107, 'eval_count': 4, 'eval_duration': 1622541658}
Response: Poorly
Analyzing frame 4/20...
Prompt: Given the scenario shown on the video, you think this situation ends well or poorly? (Use only one word to answer)
Image size: 26596 bytes
Response status code: 200
{'model': 'mistral-small3.2', 'created_at': '2025-12-04T17:37:08.655623688Z', 'message': {'role': 'assistant', 'content': 'Well'}, 'done': True, 'done_reason': 'stop', 'total_duration': 2986113924, 'load_duration': 147568630, 'prompt_eval_count': 844, 'prompt_eval_duration': 2012574550, 'eval_count': 2, 'eval_duration': 560902727}
Response: Well
Analyzing frame 5/20...
Prompt: Given the scenario shown on the video, you think this situation ends well or poorly? (Use only one word to answer)
Image size: 26612 bytes
Response status code: 200
{'model': 'mistral-small3.2', 'created_at': '2025-12-04T17:37:13.786782574Z', 'message': {'role': 'assistant', 'content': 'Poorly'}, 'done': True, 'done_reason': 'stop', 'total_duration': 4088702636, 'load_duration': 130769843, 'prompt_eval_count': 844, 'prompt_eval_duration': 2011894823, 'eval_count': 4, 'eval_duration': 1682229584}
Response: Poorly
Analyzing frame 6/20...
Prompt: Given the scenario shown on the video, you think this situation ends well or poorly? (Use only one word to answer)
Image size: 26552 bytes
Response status code: 200
{'model': 'mistral-small3.2', 'created_at': '2025-12-04T17:37:18.634461734Z', 'message': {'role': 'assistant', 'content': 'Poorly'}, 'done': True, 'done_reason': 'stop', 'total_duration': 3805921429, 'load_duration': 146074605, 'prompt_eval_count': 844, 'prompt_eval_duration': 1998308393, 'eval_count': 4, 'eval_duration': 1389582728}
Response: Poorly
Analyzing frame 7/20...
Prompt: Given the scenario shown on the video, you think this situation ends well or poorly? (Use only one word to answer)
Image size: 26572 bytes
Response status code: 200
{'model': 'mistral-small3.2', 'created_at': '2025-12-04T17:37:23.766254387Z', 'message': {'role': 'assistant', 'content': 'Poorly'}, 'done': True, 'done_reason': 'stop', 'total_duration': 4089512279, 'load_duration': 126668032, 'prompt_eval_count': 844, 'prompt_eval_duration': 2023637826, 'eval_count': 4, 'eval_duration': 1670908972}
Response: Poorly
Analyzing frame 8/20...
Prompt: Given the scenario shown on the video, you think this situation ends well or poorly? (Use only one word to answer)
Image size: 26972 bytes
Response status code: 200
{'model': 'mistral-small3.2', 'created_at': '2025-12-04T17:37:28.627899877Z', 'message': {'role': 'assistant', 'content': 'Poorly'}, 'done': True, 'done_reason': 'stop', 'total_duration': 3822450260, 'load_duration': 148011896, 'prompt_eval_count': 844, 'prompt_eval_duration': 2001243285, 'eval_count': 4, 'eval_duration': 1411247623}
Response: Poorly
Analyzing frame 9/20...
Prompt: Given the scenario shown on the video, you think this situation ends well or poorly? (Use only one word to answer)
Image size: 27060 bytes
Response status code: 200
{'model': 'mistral-small3.2', 'created_at': '2025-12-04T17:37:33.280455757Z', 'message': {'role': 'assistant', 'content': 'Poorly'}, 'done': True, 'done_reason': 'stop', 'total_duration': 3610101561, 'load_duration': 158860958, 'prompt_eval_count': 844, 'prompt_eval_duration': 2017304613, 'eval_count': 4, 'eval_duration': 1180772657}
Response: Poorly
Analyzing frame 10/20...
Prompt: Given the scenario shown on the video, you think this situation ends well or poorly? (Use only one word to answer)
Image size: 27140 bytes
Response status code: 200
{'model': 'mistral-small3.2', 'created_at': '2025-12-04T17:37:38.336884989Z', 'message': {'role': 'assistant', 'content': 'Poorly'}, 'done': True, 'done_reason': 'stop', 'total_duration': 4019799564, 'load_duration': 105454144, 'prompt_eval_count': 844, 'prompt_eval_duration': 1998833504, 'eval_count': 4, 'eval_duration': 1642743467}
Response: Poorly
Analyzing frame 11/20...
Prompt: Given the scenario shown on the video, you think this situation ends well or poorly? (Use only one word to answer)
Image size: 27112 bytes
Response status code: 200
{'model': 'mistral-small3.2', 'created_at': '2025-12-04T17:37:43.363352862Z', 'message': {'role': 'assistant', 'content': 'Poorly'}, 'done': True, 'done_reason': 'stop', 'total_duration': 3987202492, 'load_duration': 159373682, 'prompt_eval_count': 844, 'prompt_eval_duration': 2004938590, 'eval_count': 4, 'eval_duration': 1566826722}
Response: Poorly
Analyzing frame 12/20...
Prompt: Given the scenario shown on the video, you think this situation ends well or poorly? (Use only one word to answer)
Image size: 26792 bytes
Response status code: 200
{'model': 'mistral-small3.2', 'created_at': '2025-12-04T17:37:48.502835361Z', 'message': {'role': 'assistant', 'content': 'Poorly'}, 'done': True, 'done_reason': 'stop', 'total_duration': 4100277676, 'load_duration': 145290245, 'prompt_eval_count': 844, 'prompt_eval_duration': 2006417953, 'eval_count': 4, 'eval_duration': 1672199353}
Response: Poorly
Analyzing frame 13/20...
Prompt: Given the scenario shown on the video, you think this situation ends well or poorly? (Use only one word to answer)
Image size: 26972 bytes
Response status code: 200
{'model': 'mistral-small3.2', 'created_at': '2025-12-04T17:37:53.641957045Z', 'message': {'role': 'assistant', 'content': 'Poorly'}, 'done': True, 'done_reason': 'stop', 'total_duration': 4099982752, 'load_duration': 142241840, 'prompt_eval_count': 844, 'prompt_eval_duration': 2012218305, 'eval_count': 4, 'eval_duration': 1669320942}
Response: Poorly
Analyzing frame 14/20...
Prompt: Given the scenario shown on the video, you think this situation ends well or poorly? (Use only one word to answer)
Image size: 26956 bytes
Response status code: 200
{'model': 'mistral-small3.2', 'created_at': '2025-12-04T17:37:58.772582777Z', 'message': {'role': 'assistant', 'content': 'Poorly'}, 'done': True, 'done_reason': 'stop', 'total_duration': 4089604960, 'load_duration': 144040133, 'prompt_eval_count': 844, 'prompt_eval_duration': 2017252476, 'eval_count': 4, 'eval_duration': 1655372109}
Response: Poorly
Analyzing frame 15/20...
Prompt: Given the scenario shown on the video, you think this situation ends well or poorly? (Use only one word to answer)
Image size: 26972 bytes
Response status code: 200
{'model': 'mistral-small3.2', 'created_at': '2025-12-04T17:38:03.893906852Z', 'message': {'role': 'assistant', 'content': 'Poorly'}, 'done': True, 'done_reason': 'stop', 'total_duration': 4081028440, 'load_duration': 170276319, 'prompt_eval_count': 844, 'prompt_eval_duration': 2000201730, 'eval_count': 4, 'eval_duration': 1632436190}
Response: Poorly
Analyzing frame 16/20...
Prompt: Given the scenario shown on the video, you think this situation ends well or poorly? (Use only one word to answer)
Image size: 26996 bytes
Response status code: 200
{'model': 'mistral-small3.2', 'created_at': '2025-12-04T17:38:08.980141301Z', 'message': {'role': 'assistant', 'content': 'Poorly'}, 'done': True, 'done_reason': 'stop', 'total_duration': 4046197199, 'load_duration': 104146263, 'prompt_eval_count': 844, 'prompt_eval_duration': 2004674125, 'eval_count': 4, 'eval_duration': 1665954395}
Response: Poorly
Analyzing frame 17/20...
Prompt: Given the scenario shown on the video, you think this situation ends well or poorly? (Use only one word to answer)
Image size: 27008 bytes
Response status code: 200
{'model': 'mistral-small3.2', 'created_at': '2025-12-04T17:38:14.156232154Z', 'message': {'role': 'assistant', 'content': 'Poorly'}, 'done': True, 'done_reason': 'stop', 'total_duration': 4135900148, 'load_duration': 151702765, 'prompt_eval_count': 844, 'prompt_eval_duration': 2025873957, 'eval_count': 4, 'eval_duration': 1694933695}
Response: Poorly
Analyzing frame 18/20...
Prompt: Given the scenario shown on the video, you think this situation ends well or poorly? (Use only one word to answer)
Image size: 27036 bytes
Response status code: 200
{'model': 'mistral-small3.2', 'created_at': '2025-12-04T17:38:19.244399622Z', 'message': {'role': 'assistant', 'content': 'Poorly'}, 'done': True, 'done_reason': 'stop', 'total_duration': 4047885007, 'load_duration': 131080160, 'prompt_eval_count': 844, 'prompt_eval_duration': 2007567944, 'eval_count': 4, 'eval_duration': 1662236451}
Response: Poorly
Analyzing frame 19/20...
Prompt: Given the scenario shown on the video, you think this situation ends well or poorly? (Use only one word to answer)
Image size: 27060 bytes
Response status code: 200
{'model': 'mistral-small3.2', 'created_at': '2025-12-04T17:38:24.369862202Z', 'message': {'role': 'assistant', 'content': 'Poorly'}, 'done': True, 'done_reason': 'stop', 'total_duration': 4085981489, 'load_duration': 125599786, 'prompt_eval_count': 844, 'prompt_eval_duration': 2002066906, 'eval_count': 4, 'eval_duration': 1680411408}
Response: Poorly
Analyzing frame 20/20...
Prompt: Given the scenario shown on the video, you think this situation ends well or poorly? (Use only one word to answer)
Image size: 26972 bytes
Response status code: 200
{'model': 'mistral-small3.2', 'created_at': '2025-12-04T17:38:29.217108104Z', 'message': {'role': 'assistant', 'content': 'Poorly'}, 'done': True, 'done_reason': 'stop', 'total_duration': 3806486951, 'load_duration': 104548976, 'prompt_eval_count': 844, 'prompt_eval_duration': 2003962366, 'eval_count': 4, 'eval_duration': 1440604510}
Response: Poorly
Final prediction for 31_final.mp4: Poorly

Results saved to ./results/results_mistralsmall32.csv
Total videos processed: 225

==================================================
Processing video 12/30

Processing video: 33_final.mp4
Video info: 221 frames, 30.00 FPS, 7.37 seconds
Extracted 15 frames for analysis
Analyzing frame 1/15...
Prompt: Given the scenario shown on the video, you think this situation ends well or poorly? (Use only one word to answer)
Image size: 51524 bytes
Response status code: 200
{'model': 'mistral-small3.2', 'created_at': '2025-12-04T17:38:34.987699343Z', 'message': {'role': 'assistant', 'content': 'Poorly'}, 'done': True, 'done_reason': 'stop', 'total_duration': 3970181043, 'load_duration': 109976665, 'prompt_eval_count': 844, 'prompt_eval_duration': 1999320328, 'eval_count': 4, 'eval_duration': 1585411537}
Response: Poorly
Analyzing frame 2/15...
Prompt: Given the scenario shown on the video, you think this situation ends well or poorly? (Use only one word to answer)
Image size: 52008 bytes
Response status code: 200
{'model': 'mistral-small3.2', 'created_at': '2025-12-04T17:38:40.088528395Z', 'message': {'role': 'assistant', 'content': 'Poorly'}, 'done': True, 'done_reason': 'stop', 'total_duration': 4061156433, 'load_duration': 146707463, 'prompt_eval_count': 844, 'prompt_eval_duration': 1999251404, 'eval_count': 4, 'eval_duration': 1639451634}
Response: Poorly
Analyzing frame 3/15...
Prompt: Given the scenario shown on the video, you think this situation ends well or poorly? (Use only one word to answer)
Image size: 52516 bytes
Response status code: 200
{'model': 'mistral-small3.2', 'created_at': '2025-12-04T17:38:45.189979137Z', 'message': {'role': 'assistant', 'content': 'Poorly'}, 'done': True, 'done_reason': 'stop', 'total_duration': 4059464095, 'load_duration': 107553581, 'prompt_eval_count': 844, 'prompt_eval_duration': 2008865356, 'eval_count': 4, 'eval_duration': 1686822186}
Response: Poorly
Analyzing frame 4/15...
Prompt: Given the scenario shown on the video, you think this situation ends well or poorly? (Use only one word to answer)
Image size: 52812 bytes
Response status code: 200
{'model': 'mistral-small3.2', 'created_at': '2025-12-04T17:38:50.175433077Z', 'message': {'role': 'assistant', 'content': 'Poorly'}, 'done': True, 'done_reason': 'stop', 'total_duration': 3945423183, 'load_duration': 148492451, 'prompt_eval_count': 844, 'prompt_eval_duration': 2004498361, 'eval_count': 4, 'eval_duration': 1506487704}
Response: Poorly
Analyzing frame 5/15...
Prompt: Given the scenario shown on the video, you think this situation ends well or poorly? (Use only one word to answer)
Image size: 53540 bytes
Response status code: 200
{'model': 'mistral-small3.2', 'created_at': '2025-12-04T17:38:55.304861259Z', 'message': {'role': 'assistant', 'content': 'Poorly'}, 'done': True, 'done_reason': 'stop', 'total_duration': 4086518601, 'load_duration': 155160711, 'prompt_eval_count': 844, 'prompt_eval_duration': 2004327436, 'eval_count': 4, 'eval_duration': 1666936025}
Response: Poorly
Analyzing frame 6/15...
Prompt: Given the scenario shown on the video, you think this situation ends well or poorly? (Use only one word to answer)
Image size: 53668 bytes
Response status code: 200
{'model': 'mistral-small3.2', 'created_at': '2025-12-04T17:39:00.462084302Z', 'message': {'role': 'assistant', 'content': 'Poorly'}, 'done': True, 'done_reason': 'stop', 'total_duration': 4115444964, 'load_duration': 144088235, 'prompt_eval_count': 844, 'prompt_eval_duration': 2012305520, 'eval_count': 4, 'eval_duration': 1679652328}
Response: Poorly
Analyzing frame 7/15...
Prompt: Given the scenario shown on the video, you think this situation ends well or poorly? (Use only one word to answer)
Image size: 53608 bytes
Response status code: 200
{'model': 'mistral-small3.2', 'created_at': '2025-12-04T17:39:05.10698975Z', 'message': {'role': 'assistant', 'content': 'Poorly'}, 'done': True, 'done_reason': 'stop', 'total_duration': 3604535998, 'load_duration': 129690712, 'prompt_eval_count': 844, 'prompt_eval_duration': 2016691657, 'eval_count': 4, 'eval_duration': 1175764260}
Response: Poorly
Analyzing frame 8/15...
Prompt: Given the scenario shown on the video, you think this situation ends well or poorly? (Use only one word to answer)
Image size: 53956 bytes
Response status code: 200
{'model': 'mistral-small3.2', 'created_at': '2025-12-04T17:39:10.232385406Z', 'message': {'role': 'assistant', 'content': 'Poorly'}, 'done': True, 'done_reason': 'stop', 'total_duration': 4086994281, 'load_duration': 163315098, 'prompt_eval_count': 844, 'prompt_eval_duration': 2000076170, 'eval_count': 4, 'eval_duration': 1652132771}
Response: Poorly
Analyzing frame 9/15...
Prompt: Given the scenario shown on the video, you think this situation ends well or poorly? (Use only one word to answer)
Image size: 54656 bytes
Response status code: 200
{'model': 'mistral-small3.2', 'created_at': '2025-12-04T17:39:15.347648108Z', 'message': {'role': 'assistant', 'content': 'Poorly'}, 'done': True, 'done_reason': 'stop', 'total_duration': 4075268565, 'load_duration': 152445288, 'prompt_eval_count': 844, 'prompt_eval_duration': 2002205419, 'eval_count': 4, 'eval_duration': 1646733736}
Response: Poorly
Analyzing frame 10/15...
Prompt: Given the scenario shown on the video, you think this situation ends well or poorly? (Use only one word to answer)
Image size: 54960 bytes
Response status code: 200
{'model': 'mistral-small3.2', 'created_at': '2025-12-04T17:39:20.361660147Z', 'message': {'role': 'assistant', 'content': 'Poorly'}, 'done': True, 'done_reason': 'stop', 'total_duration': 3965955072, 'load_duration': 148804136, 'prompt_eval_count': 844, 'prompt_eval_duration': 2013699062, 'eval_count': 4, 'eval_duration': 1528973741}
Response: Poorly
Analyzing frame 11/15...
Prompt: Given the scenario shown on the video, you think this situation ends well or poorly? (Use only one word to answer)
Image size: 54952 bytes
Response status code: 200
{'model': 'mistral-small3.2', 'created_at': '2025-12-04T17:39:25.3500311Z', 'message': {'role': 'assistant', 'content': 'Poorly'}, 'done': True, 'done_reason': 'stop', 'total_duration': 3948746982, 'load_duration': 133215899, 'prompt_eval_count': 844, 'prompt_eval_duration': 2012665384, 'eval_count': 4, 'eval_duration': 1516714469}
Response: Poorly
Analyzing frame 12/15...
Prompt: Given the scenario shown on the video, you think this situation ends well or poorly? (Use only one word to answer)
Image size: 54924 bytes
Response status code: 200
{'model': 'mistral-small3.2', 'created_at': '2025-12-04T17:39:30.520045633Z', 'message': {'role': 'assistant', 'content': 'Poorly'}, 'done': True, 'done_reason': 'stop', 'total_duration': 4128921449, 'load_duration': 153369965, 'prompt_eval_count': 844, 'prompt_eval_duration': 2010956740, 'eval_count': 4, 'eval_duration': 1690783195}
Response: Poorly
Analyzing frame 13/15...
Prompt: Given the scenario shown on the video, you think this situation ends well or poorly? (Use only one word to answer)
Image size: 54924 bytes
Response status code: 200
{'model': 'mistral-small3.2', 'created_at': '2025-12-04T17:39:35.710315242Z', 'message': {'role': 'assistant', 'content': 'Poorly'}, 'done': True, 'done_reason': 'stop', 'total_duration': 4150209272, 'load_duration': 147813574, 'prompt_eval_count': 844, 'prompt_eval_duration': 2011481382, 'eval_count': 4, 'eval_duration': 1709118963}
Response: Poorly
Analyzing frame 14/15...
Prompt: Given the scenario shown on the video, you think this situation ends well or poorly? (Use only one word to answer)
Image size: 54928 bytes
Response status code: 200
{'model': 'mistral-small3.2', 'created_at': '2025-12-04T17:39:40.631994255Z', 'message': {'role': 'assistant', 'content': 'Poorly'}, 'done': True, 'done_reason': 'stop', 'total_duration': 3883719763, 'load_duration': 144084307, 'prompt_eval_count': 844, 'prompt_eval_duration': 2007038526, 'eval_count': 4, 'eval_duration': 1454020048}
Response: Poorly
Analyzing frame 15/15...
Prompt: Given the scenario shown on the video, you think this situation ends well or poorly? (Use only one word to answer)
Image size: 54944 bytes
Response status code: 200
{'model': 'mistral-small3.2', 'created_at': '2025-12-04T17:39:45.62128873Z', 'message': {'role': 'assistant', 'content': 'Poorly'}, 'done': True, 'done_reason': 'stop', 'total_duration': 3947258106, 'load_duration': 160952552, 'prompt_eval_count': 844, 'prompt_eval_duration': 2007443031, 'eval_count': 4, 'eval_duration': 1513682041}
Response: Poorly
Final prediction for 33_final.mp4: Poorly

Results saved to ./results/results_mistralsmall32.csv
Total videos processed: 240

==================================================
Processing video 13/30

Processing video: 34_final.mp4
Video info: 213 frames, 30.00 FPS, 7.10 seconds
Extracted 15 frames for analysis
Analyzing frame 1/15...
Prompt: Given the scenario shown on the video, you think this situation ends well or poorly? (Use only one word to answer)
Image size: 29156 bytes
Response status code: 200
{'model': 'mistral-small3.2', 'created_at': '2025-12-04T17:39:50.859610599Z', 'message': {'role': 'assistant', 'content': 'poorly'}, 'done': True, 'done_reason': 'stop', 'total_duration': 3522181862, 'load_duration': 127758096, 'prompt_eval_count': 844, 'prompt_eval_duration': 2019020716, 'eval_count': 3, 'eval_duration': 1120813943}
Response: poorly
Analyzing frame 2/15...
Prompt: Given the scenario shown on the video, you think this situation ends well or poorly? (Use only one word to answer)
Image size: 29188 bytes
Response status code: 200
{'model': 'mistral-small3.2', 'created_at': '2025-12-04T17:39:55.933966127Z', 'message': {'role': 'assistant', 'content': 'Poorly'}, 'done': True, 'done_reason': 'stop', 'total_duration': 4034590335, 'load_duration': 103650720, 'prompt_eval_count': 844, 'prompt_eval_duration': 1999038748, 'eval_count': 4, 'eval_duration': 1679847466}
Response: Poorly
Analyzing frame 3/15...
Prompt: Given the scenario shown on the video, you think this situation ends well or poorly? (Use only one word to answer)
Image size: 29472 bytes
Response status code: 200
{'model': 'mistral-small3.2', 'created_at': '2025-12-04T17:40:01.001923277Z', 'message': {'role': 'assistant', 'content': 'Poorly'}, 'done': True, 'done_reason': 'stop', 'total_duration': 4028262380, 'load_duration': 116107456, 'prompt_eval_count': 844, 'prompt_eval_duration': 2002251855, 'eval_count': 4, 'eval_duration': 1651991081}
Response: Poorly
Analyzing frame 4/15...
Prompt: Given the scenario shown on the video, you think this situation ends well or poorly? (Use only one word to answer)
Image size: 36440 bytes
Response status code: 200
{'model': 'mistral-small3.2', 'created_at': '2025-12-04T17:40:06.113454822Z', 'message': {'role': 'assistant', 'content': 'Poorly'}, 'done': True, 'done_reason': 'stop', 'total_duration': 4065672961, 'load_duration': 137618441, 'prompt_eval_count': 844, 'prompt_eval_duration': 1997927092, 'eval_count': 4, 'eval_duration': 1648649341}
Response: Poorly
Analyzing frame 5/15...
Prompt: Given the scenario shown on the video, you think this situation ends well or poorly? (Use only one word to answer)
Image size: 35836 bytes
Response status code: 200
{'model': 'mistral-small3.2', 'created_at': '2025-12-04T17:40:11.197048883Z', 'message': {'role': 'assistant', 'content': 'Poorly'}, 'done': True, 'done_reason': 'stop', 'total_duration': 4043856446, 'load_duration': 108319592, 'prompt_eval_count': 844, 'prompt_eval_duration': 2007188346, 'eval_count': 4, 'eval_duration': 1657318363}
Response: Poorly
Analyzing frame 6/15...
Prompt: Given the scenario shown on the video, you think this situation ends well or poorly? (Use only one word to answer)
Image size: 36020 bytes
Response status code: 200
{'model': 'mistral-small3.2', 'created_at': '2025-12-04T17:40:16.376486503Z', 'message': {'role': 'assistant', 'content': 'Poorly'}, 'done': True, 'done_reason': 'stop', 'total_duration': 4130697624, 'load_duration': 131975889, 'prompt_eval_count': 844, 'prompt_eval_duration': 2011418845, 'eval_count': 4, 'eval_duration': 1727776470}
Response: Poorly
Analyzing frame 7/15...
Prompt: Given the scenario shown on the video, you think this situation ends well or poorly? (Use only one word to answer)
Image size: 37680 bytes
Response status code: 200
{'model': 'mistral-small3.2', 'created_at': '2025-12-04T17:40:21.520450356Z', 'message': {'role': 'assistant', 'content': 'Poorly'}, 'done': True, 'done_reason': 'stop', 'total_duration': 4104885243, 'load_duration': 154203198, 'prompt_eval_count': 844, 'prompt_eval_duration': 2005763228, 'eval_count': 4, 'eval_duration': 1661628734}
Response: Poorly
Analyzing frame 8/15...
Prompt: Given the scenario shown on the video, you think this situation ends well or poorly? (Use only one word to answer)
Image size: 40960 bytes
Response status code: 200
{'model': 'mistral-small3.2', 'created_at': '2025-12-04T17:40:26.7313502Z', 'message': {'role': 'assistant', 'content': 'Poorly'}, 'done': True, 'done_reason': 'stop', 'total_duration': 4168716201, 'load_duration': 138462895, 'prompt_eval_count': 844, 'prompt_eval_duration': 2025771881, 'eval_count': 4, 'eval_duration': 1742218603}
Response: Poorly
Analyzing frame 9/15...
Prompt: Given the scenario shown on the video, you think this situation ends well or poorly? (Use only one word to answer)
Image size: 41320 bytes
Response status code: 200
{'model': 'mistral-small3.2', 'created_at': '2025-12-04T17:40:31.614190382Z', 'message': {'role': 'assistant', 'content': 'Poorly'}, 'done': True, 'done_reason': 'stop', 'total_duration': 3843027126, 'load_duration': 125604374, 'prompt_eval_count': 844, 'prompt_eval_duration': 2016349026, 'eval_count': 4, 'eval_duration': 1411846188}
Response: Poorly
Analyzing frame 10/15...
Prompt: Given the scenario shown on the video, you think this situation ends well or poorly? (Use only one word to answer)
Image size: 42276 bytes
Response status code: 200
{'model': 'mistral-small3.2', 'created_at': '2025-12-04T17:40:36.701832429Z', 'message': {'role': 'assistant', 'content': 'Poorly'}, 'done': True, 'done_reason': 'stop', 'total_duration': 4045925992, 'load_duration': 118538078, 'prompt_eval_count': 844, 'prompt_eval_duration': 1999179125, 'eval_count': 4, 'eval_duration': 1649221893}
Response: Poorly
Analyzing frame 11/15...
Prompt: Given the scenario shown on the video, you think this situation ends well or poorly? (Use only one word to answer)
Image size: 42224 bytes
Response status code: 200
{'model': 'mistral-small3.2', 'created_at': '2025-12-04T17:40:41.834876444Z', 'message': {'role': 'assistant', 'content': 'Poorly'}, 'done': True, 'done_reason': 'stop', 'total_duration': 4089782745, 'load_duration': 155062493, 'prompt_eval_count': 844, 'prompt_eval_duration': 2002970982, 'eval_count': 4, 'eval_duration': 1657793773}
Response: Poorly
Analyzing frame 12/15...
Prompt: Given the scenario shown on the video, you think this situation ends well or poorly? (Use only one word to answer)
Image size: 42256 bytes
Response status code: 200
{'model': 'mistral-small3.2', 'created_at': '2025-12-04T17:40:46.987187976Z', 'message': {'role': 'assistant', 'content': 'Poorly'}, 'done': True, 'done_reason': 'stop', 'total_duration': 4111098426, 'load_duration': 162403837, 'prompt_eval_count': 844, 'prompt_eval_duration': 2008485470, 'eval_count': 4, 'eval_duration': 1655659188}
Response: Poorly
Analyzing frame 13/15...
Prompt: Given the scenario shown on the video, you think this situation ends well or poorly? (Use only one word to answer)
Image size: 42272 bytes
Response status code: 200
{'model': 'mistral-small3.2', 'created_at': '2025-12-04T17:40:52.026604215Z', 'message': {'role': 'assistant', 'content': 'Poorly'}, 'done': True, 'done_reason': 'stop', 'total_duration': 4000288376, 'load_duration': 144969958, 'prompt_eval_count': 844, 'prompt_eval_duration': 2009274182, 'eval_count': 4, 'eval_duration': 1560826758}
Response: Poorly
Analyzing frame 14/15...
Prompt: Given the scenario shown on the video, you think this situation ends well or poorly? (Use only one word to answer)
Image size: 42256 bytes
Response status code: 200
{'model': 'mistral-small3.2', 'created_at': '2025-12-04T17:40:56.954466388Z', 'message': {'role': 'assistant', 'content': 'Poorly'}, 'done': True, 'done_reason': 'stop', 'total_duration': 3890104696, 'load_duration': 118243797, 'prompt_eval_count': 844, 'prompt_eval_duration': 2034725137, 'eval_count': 4, 'eval_duration': 1461193239}
Response: Poorly
Analyzing frame 15/15...
Prompt: Given the scenario shown on the video, you think this situation ends well or poorly? (Use only one word to answer)
Image size: 42288 bytes
Response status code: 200
{'model': 'mistral-small3.2', 'created_at': '2025-12-04T17:41:02.075758775Z', 'message': {'role': 'assistant', 'content': 'Poorly'}, 'done': True, 'done_reason': 'stop', 'total_duration': 4082695268, 'load_duration': 141081927, 'prompt_eval_count': 844, 'prompt_eval_duration': 2001730414, 'eval_count': 4, 'eval_duration': 1647682641}
Response: Poorly
Final prediction for 34_final.mp4: poorly

Results saved to ./results/results_mistralsmall32.csv
Total videos processed: 255

==================================================
Processing video 14/30

Processing video: 40_final.mp4
Video info: 252 frames, 30.00 FPS, 8.40 seconds
Extracted 17 frames for analysis
Analyzing frame 1/17...
Prompt: Given the scenario shown on the video, you think this situation ends well or poorly? (Use only one word to answer)
Image size: 23524 bytes
Response status code: 200
{'model': 'mistral-small3.2', 'created_at': '2025-12-04T17:41:07.828629714Z', 'message': {'role': 'assistant', 'content': 'Poorly'}, 'done': True, 'done_reason': 'stop', 'total_duration': 4067644401, 'load_duration': 100802196, 'prompt_eval_count': 844, 'prompt_eval_duration': 2022179887, 'eval_count': 4, 'eval_duration': 1665837002}
Response: Poorly
Analyzing frame 2/17...
Prompt: Given the scenario shown on the video, you think this situation ends well or poorly? (Use only one word to answer)
Image size: 23592 bytes
Response status code: 200
{'model': 'mistral-small3.2', 'created_at': '2025-12-04T17:41:12.8570404Z', 'message': {'role': 'assistant', 'content': 'Poorly'}, 'done': True, 'done_reason': 'stop', 'total_duration': 3988327919, 'load_duration': 156558088, 'prompt_eval_count': 844, 'prompt_eval_duration': 2018134483, 'eval_count': 4, 'eval_duration': 1521000949}
Response: Poorly
Analyzing frame 3/17...
Prompt: Given the scenario shown on the video, you think this situation ends well or poorly? (Use only one word to answer)
Image size: 23576 bytes
Response status code: 200
{'model': 'mistral-small3.2', 'created_at': '2025-12-04T17:41:17.750688495Z', 'message': {'role': 'assistant', 'content': 'Poorly'}, 'done': True, 'done_reason': 'stop', 'total_duration': 3858114326, 'load_duration': 163587718, 'prompt_eval_count': 844, 'prompt_eval_duration': 2010998810, 'eval_count': 4, 'eval_duration': 1398059206}
Response: Poorly
Analyzing frame 4/17...
Prompt: Given the scenario shown on the video, you think this situation ends well or poorly? (Use only one word to answer)
Image size: 23644 bytes
Response status code: 200
{'model': 'mistral-small3.2', 'created_at': '2025-12-04T17:41:22.885438233Z', 'message': {'role': 'assistant', 'content': 'Poorly'}, 'done': True, 'done_reason': 'stop', 'total_duration': 4095383797, 'load_duration': 133175182, 'prompt_eval_count': 844, 'prompt_eval_duration': 2015572865, 'eval_count': 4, 'eval_duration': 1678941222}
Response: Poorly
Analyzing frame 5/17...
Prompt: Given the scenario shown on the video, you think this situation ends well or poorly? (Use only one word to answer)
Image size: 23664 bytes
Response status code: 200
{'model': 'mistral-small3.2', 'created_at': '2025-12-04T17:41:27.945245758Z', 'message': {'role': 'assistant', 'content': 'Poorly'}, 'done': True, 'done_reason': 'stop', 'total_duration': 4023450072, 'load_duration': 136575122, 'prompt_eval_count': 844, 'prompt_eval_duration': 2020112204, 'eval_count': 4, 'eval_duration': 1589232309}
Response: Poorly
Analyzing frame 6/17...
Prompt: Given the scenario shown on the video, you think this situation ends well or poorly? (Use only one word to answer)
Image size: 23664 bytes
Response status code: 200
{'model': 'mistral-small3.2', 'created_at': '2025-12-04T17:41:33.114227958Z', 'message': {'role': 'assistant', 'content': 'Poorly'}, 'done': True, 'done_reason': 'stop', 'total_duration': 4128092289, 'load_duration': 129522342, 'prompt_eval_count': 844, 'prompt_eval_duration': 2017025192, 'eval_count': 4, 'eval_duration': 1694899769}
Response: Poorly
Analyzing frame 7/17...
Prompt: Given the scenario shown on the video, you think this situation ends well or poorly? (Use only one word to answer)
Image size: 23648 bytes
Response status code: 200
{'model': 'mistral-small3.2', 'created_at': '2025-12-04T17:41:38.256520172Z', 'message': {'role': 'assistant', 'content': 'Poorly'}, 'done': True, 'done_reason': 'stop', 'total_duration': 4102645498, 'load_duration': 152780133, 'prompt_eval_count': 844, 'prompt_eval_duration': 2024610323, 'eval_count': 4, 'eval_duration': 1642266425}
Response: Poorly
Analyzing frame 8/17...
Prompt: Given the scenario shown on the video, you think this situation ends well or poorly? (Use only one word to answer)
Image size: 23652 bytes
Response status code: 200
{'model': 'mistral-small3.2', 'created_at': '2025-12-04T17:41:42.925052114Z', 'message': {'role': 'assistant', 'content': 'Poorly'}, 'done': True, 'done_reason': 'stop', 'total_duration': 3629384956, 'load_duration': 103852266, 'prompt_eval_count': 844, 'prompt_eval_duration': 2037054507, 'eval_count': 4, 'eval_duration': 1203360093}
Response: Poorly
Analyzing frame 9/17...
Prompt: Given the scenario shown on the video, you think this situation ends well or poorly? (Use only one word to answer)
Image size: 23652 bytes
Response status code: 200
{'model': 'mistral-small3.2', 'created_at': '2025-12-04T17:41:47.715371515Z', 'message': {'role': 'assistant', 'content': 'Poorly'}, 'done': True, 'done_reason': 'stop', 'total_duration': 3751331550, 'load_duration': 128053756, 'prompt_eval_count': 844, 'prompt_eval_duration': 2034588734, 'eval_count': 4, 'eval_duration': 1332210245}
Response: Poorly
Analyzing frame 10/17...
Prompt: Given the scenario shown on the video, you think this situation ends well or poorly? (Use only one word to answer)
Image size: 23752 bytes
Response status code: 200
{'model': 'mistral-small3.2', 'created_at': '2025-12-04T17:41:52.802891421Z', 'message': {'role': 'assistant', 'content': 'Poorly'}, 'done': True, 'done_reason': 'stop', 'total_duration': 4049942445, 'load_duration': 115262474, 'prompt_eval_count': 844, 'prompt_eval_duration': 2015791874, 'eval_count': 4, 'eval_duration': 1631744733}
Response: Poorly
Analyzing frame 11/17...
Prompt: Given the scenario shown on the video, you think this situation ends well or poorly? (Use only one word to answer)
Image size: 23652 bytes
Response status code: 200
{'model': 'mistral-small3.2', 'created_at': '2025-12-04T17:41:57.903811981Z', 'message': {'role': 'assistant', 'content': 'Poorly'}, 'done': True, 'done_reason': 'stop', 'total_duration': 4063347669, 'load_duration': 127170815, 'prompt_eval_count': 844, 'prompt_eval_duration': 2003875016, 'eval_count': 4, 'eval_duration': 1674527126}
Response: Poorly
Analyzing frame 12/17...
Prompt: Given the scenario shown on the video, you think this situation ends well or poorly? (Use only one word to answer)
Image size: 23752 bytes
Response status code: 200
{'model': 'mistral-small3.2', 'created_at': '2025-12-04T17:42:02.629531124Z', 'message': {'role': 'assistant', 'content': 'Poorly'}, 'done': True, 'done_reason': 'stop', 'total_duration': 3684470344, 'load_duration': 128825864, 'prompt_eval_count': 844, 'prompt_eval_duration': 2010543035, 'eval_count': 4, 'eval_duration': 1289420588}
Response: Poorly
Analyzing frame 13/17...
Prompt: Given the scenario shown on the video, you think this situation ends well or poorly? (Use only one word to answer)
Image size: 23732 bytes
Response status code: 200
{'model': 'mistral-small3.2', 'created_at': '2025-12-04T17:42:07.737517115Z', 'message': {'role': 'assistant', 'content': 'Poorly'}, 'done': True, 'done_reason': 'stop', 'total_duration': 4057321781, 'load_duration': 146118103, 'prompt_eval_count': 844, 'prompt_eval_duration': 2012862697, 'eval_count': 4, 'eval_duration': 1628400602}
Response: Poorly
Analyzing frame 14/17...
Prompt: Given the scenario shown on the video, you think this situation ends well or poorly? (Use only one word to answer)
Image size: 23760 bytes
Response status code: 200
{'model': 'mistral-small3.2', 'created_at': '2025-12-04T17:42:12.420421699Z', 'message': {'role': 'assistant', 'content': 'Poorly'}, 'done': True, 'done_reason': 'stop', 'total_duration': 3642592146, 'load_duration': 206626556, 'prompt_eval_count': 844, 'prompt_eval_duration': 2009639697, 'eval_count': 4, 'eval_duration': 1162534722}
Response: Poorly
Analyzing frame 15/17...
Prompt: Given the scenario shown on the video, you think this situation ends well or poorly? (Use only one word to answer)
Image size: 23748 bytes
Response status code: 200
{'model': 'mistral-small3.2', 'created_at': '2025-12-04T17:42:17.377743257Z', 'message': {'role': 'assistant', 'content': 'Poorly'}, 'done': True, 'done_reason': 'stop', 'total_duration': 3920516516, 'load_duration': 139563805, 'prompt_eval_count': 844, 'prompt_eval_duration': 2023782105, 'eval_count': 4, 'eval_duration': 1475079036}
Response: Poorly
Analyzing frame 16/17...
Prompt: Given the scenario shown on the video, you think this situation ends well or poorly? (Use only one word to answer)
Image size: 23752 bytes
Response status code: 200
{'model': 'mistral-small3.2', 'created_at': '2025-12-04T17:42:22.466700414Z', 'message': {'role': 'assistant', 'content': 'Poorly'}, 'done': True, 'done_reason': 'stop', 'total_duration': 4049421740, 'load_duration': 140335395, 'prompt_eval_count': 844, 'prompt_eval_duration': 2008037440, 'eval_count': 4, 'eval_duration': 1643547914}
Response: Poorly
Analyzing frame 17/17...
Prompt: Given the scenario shown on the video, you think this situation ends well or poorly? (Use only one word to answer)
Image size: 23748 bytes
Response status code: 200
{'model': 'mistral-small3.2', 'created_at': '2025-12-04T17:42:27.009912895Z', 'message': {'role': 'assistant', 'content': 'Poorly'}, 'done': True, 'done_reason': 'stop', 'total_duration': 3502715727, 'load_duration': 147516723, 'prompt_eval_count': 844, 'prompt_eval_duration': 2026521505, 'eval_count': 4, 'eval_duration': 1056226640}
Response: Poorly
Final prediction for 40_final.mp4: Poorly

Results saved to ./results/results_mistralsmall32.csv
Total videos processed: 272

==================================================
Processing video 15/30

Processing video: 41_final.mp4
Video info: 272 frames, 30.00 FPS, 9.07 seconds
Extracted 19 frames for analysis
Analyzing frame 1/19...
Prompt: Given the scenario shown on the video, you think this situation ends well or poorly? (Use only one word to answer)
Image size: 33688 bytes
Response status code: 200
{'model': 'mistral-small3.2', 'created_at': '2025-12-04T17:42:33.346345232Z', 'message': {'role': 'assistant', 'content': 'Poorly'}, 'done': True, 'done_reason': 'stop', 'total_duration': 4102504767, 'load_duration': 143742688, 'prompt_eval_count': 844, 'prompt_eval_duration': 2014326382, 'eval_count': 4, 'eval_duration': 1681726466}
Response: Poorly
Analyzing frame 2/19...
Prompt: Given the scenario shown on the video, you think this situation ends well or poorly? (Use only one word to answer)
Image size: 34392 bytes
Response status code: 200
{'model': 'mistral-small3.2', 'created_at': '2025-12-04T17:42:37.824739237Z', 'message': {'role': 'assistant', 'content': 'poorly'}, 'done': True, 'done_reason': 'stop', 'total_duration': 3439699405, 'load_duration': 161296559, 'prompt_eval_count': 844, 'prompt_eval_duration': 2020060185, 'eval_count': 3, 'eval_duration': 1005909278}
Response: poorly
Analyzing frame 3/19...
Prompt: Given the scenario shown on the video, you think this situation ends well or poorly? (Use only one word to answer)
Image size: 34400 bytes
Response status code: 200
{'model': 'mistral-small3.2', 'created_at': '2025-12-04T17:42:42.837831024Z', 'message': {'role': 'assistant', 'content': 'Poorly'}, 'done': True, 'done_reason': 'stop', 'total_duration': 3970786600, 'load_duration': 138595312, 'prompt_eval_count': 844, 'prompt_eval_duration': 2057345394, 'eval_count': 4, 'eval_duration': 1500151005}
Response: Poorly
Analyzing frame 4/19...
Prompt: Given the scenario shown on the video, you think this situation ends well or poorly? (Use only one word to answer)
Image size: 33980 bytes
Response status code: 200
{'model': 'mistral-small3.2', 'created_at': '2025-12-04T17:42:47.920151625Z', 'message': {'role': 'assistant', 'content': 'Poorly'}, 'done': True, 'done_reason': 'stop', 'total_duration': 4040961923, 'load_duration': 120311528, 'prompt_eval_count': 844, 'prompt_eval_duration': 2013935589, 'eval_count': 4, 'eval_duration': 1623520896}
Response: Poorly
Analyzing frame 5/19...
Prompt: Given the scenario shown on the video, you think this situation ends well or poorly? (Use only one word to answer)
Image size: 33820 bytes
Response status code: 200
{'model': 'mistral-small3.2', 'created_at': '2025-12-04T17:42:52.311654453Z', 'message': {'role': 'assistant', 'content': 'poorly'}, 'done': True, 'done_reason': 'stop', 'total_duration': 3349755191, 'load_duration': 172969536, 'prompt_eval_count': 844, 'prompt_eval_duration': 1999104404, 'eval_count': 3, 'eval_duration': 906772363}
Response: poorly
Analyzing frame 6/19...
Prompt: Given the scenario shown on the video, you think this situation ends well or poorly? (Use only one word to answer)
Image size: 32664 bytes
Response status code: 200
{'model': 'mistral-small3.2', 'created_at': '2025-12-04T17:42:56.85113863Z', 'message': {'role': 'assistant', 'content': 'poorly'}, 'done': True, 'done_reason': 'stop', 'total_duration': 3496643477, 'load_duration': 127382415, 'prompt_eval_count': 844, 'prompt_eval_duration': 2024205584, 'eval_count': 3, 'eval_duration': 1093840173}
Response: poorly
Analyzing frame 7/19...
Prompt: Given the scenario shown on the video, you think this situation ends well or poorly? (Use only one word to answer)
Image size: 33512 bytes
Response status code: 200
{'model': 'mistral-small3.2', 'created_at': '2025-12-04T17:43:01.92109181Z', 'message': {'role': 'assistant', 'content': 'Poorly'}, 'done': True, 'done_reason': 'stop', 'total_duration': 4030481685, 'load_duration': 105759046, 'prompt_eval_count': 844, 'prompt_eval_duration': 2005578030, 'eval_count': 4, 'eval_duration': 1667612842}
Response: Poorly
Analyzing frame 8/19...
Prompt: Given the scenario shown on the video, you think this situation ends well or poorly? (Use only one word to answer)
Image size: 34212 bytes
Response status code: 200
{'model': 'mistral-small3.2', 'created_at': '2025-12-04T17:43:06.397219903Z', 'message': {'role': 'assistant', 'content': 'poorly'}, 'done': True, 'done_reason': 'stop', 'total_duration': 3435035748, 'load_duration': 163794854, 'prompt_eval_count': 844, 'prompt_eval_duration': 2018171377, 'eval_count': 3, 'eval_duration': 970411035}
Response: poorly
Analyzing frame 9/19...
Prompt: Given the scenario shown on the video, you think this situation ends well or poorly? (Use only one word to answer)
Image size: 32240 bytes
Response status code: 200
{'model': 'mistral-small3.2', 'created_at': '2025-12-04T17:43:10.953757161Z', 'message': {'role': 'assistant', 'content': 'poorly'}, 'done': True, 'done_reason': 'stop', 'total_duration': 3514448841, 'load_duration': 138674338, 'prompt_eval_count': 844, 'prompt_eval_duration': 2003442598, 'eval_count': 3, 'eval_duration': 1094347208}
Response: poorly
Analyzing frame 10/19...
Prompt: Given the scenario shown on the video, you think this situation ends well or poorly? (Use only one word to answer)
Image size: 31684 bytes
Response status code: 200
{'model': 'mistral-small3.2', 'created_at': '2025-12-04T17:43:15.864500987Z', 'message': {'role': 'assistant', 'content': 'Poorly'}, 'done': True, 'done_reason': 'stop', 'total_duration': 3870356826, 'load_duration': 126346080, 'prompt_eval_count': 844, 'prompt_eval_duration': 2013397930, 'eval_count': 4, 'eval_duration': 1448620033}
Response: Poorly
Analyzing frame 11/19...
Prompt: Given the scenario shown on the video, you think this situation ends well or poorly? (Use only one word to answer)
Image size: 31420 bytes
Response status code: 200
{'model': 'mistral-small3.2', 'created_at': '2025-12-04T17:43:20.999395405Z', 'message': {'role': 'assistant', 'content': 'Poorly'}, 'done': True, 'done_reason': 'stop', 'total_duration': 4093750037, 'load_duration': 137313738, 'prompt_eval_count': 844, 'prompt_eval_duration': 2017808948, 'eval_count': 4, 'eval_duration': 1649344393}
Response: Poorly
Analyzing frame 12/19...
Prompt: Given the scenario shown on the video, you think this situation ends well or poorly? (Use only one word to answer)
Image size: 31864 bytes
Response status code: 200
{'model': 'mistral-small3.2', 'created_at': '2025-12-04T17:43:25.540616539Z', 'message': {'role': 'assistant', 'content': 'Poorly'}, 'done': True, 'done_reason': 'stop', 'total_duration': 3500119966, 'load_duration': 154505062, 'prompt_eval_count': 844, 'prompt_eval_duration': 2013101900, 'eval_count': 4, 'eval_duration': 1071138521}
Response: Poorly
Analyzing frame 13/19...
Prompt: Given the scenario shown on the video, you think this situation ends well or poorly? (Use only one word to answer)
Image size: 32428 bytes
Response status code: 200
{'model': 'mistral-small3.2', 'created_at': '2025-12-04T17:43:30.747937585Z', 'message': {'role': 'assistant', 'content': 'Poorly'}, 'done': True, 'done_reason': 'stop', 'total_duration': 4168588187, 'load_duration': 147328173, 'prompt_eval_count': 844, 'prompt_eval_duration': 2004555931, 'eval_count': 4, 'eval_duration': 1727649161}
Response: Poorly
Analyzing frame 14/19...
Prompt: Given the scenario shown on the video, you think this situation ends well or poorly? (Use only one word to answer)
Image size: 32724 bytes
Response status code: 200
{'model': 'mistral-small3.2', 'created_at': '2025-12-04T17:43:35.663124823Z', 'message': {'role': 'assistant', 'content': 'Poorly'}, 'done': True, 'done_reason': 'stop', 'total_duration': 3874384532, 'load_duration': 144352679, 'prompt_eval_count': 844, 'prompt_eval_duration': 2018714227, 'eval_count': 4, 'eval_duration': 1442935227}
Response: Poorly
Analyzing frame 15/19...
Prompt: Given the scenario shown on the video, you think this situation ends well or poorly? (Use only one word to answer)
Image size: 32704 bytes
Response status code: 200
{'model': 'mistral-small3.2', 'created_at': '2025-12-04T17:43:40.248382963Z', 'message': {'role': 'assistant', 'content': 'poorly'}, 'done': True, 'done_reason': 'stop', 'total_duration': 3544565285, 'load_duration': 136402389, 'prompt_eval_count': 844, 'prompt_eval_duration': 2010730191, 'eval_count': 3, 'eval_duration': 1125298030}
Response: poorly
Analyzing frame 16/19...
Prompt: Given the scenario shown on the video, you think this situation ends well or poorly? (Use only one word to answer)
Image size: 32696 bytes
Response status code: 200
{'model': 'mistral-small3.2', 'created_at': '2025-12-04T17:43:45.140704395Z', 'message': {'role': 'assistant', 'content': 'Poorly'}, 'done': True, 'done_reason': 'stop', 'total_duration': 3850422223, 'load_duration': 104561350, 'prompt_eval_count': 844, 'prompt_eval_duration': 2042511710, 'eval_count': 4, 'eval_duration': 1446303029}
Response: Poorly
Analyzing frame 17/19...
Prompt: Given the scenario shown on the video, you think this situation ends well or poorly? (Use only one word to answer)
Image size: 32716 bytes
Response status code: 200
{'model': 'mistral-small3.2', 'created_at': '2025-12-04T17:43:49.93756075Z', 'message': {'role': 'assistant', 'content': 'Poorly'}, 'done': True, 'done_reason': 'stop', 'total_duration': 3755426055, 'load_duration': 133109244, 'prompt_eval_count': 844, 'prompt_eval_duration': 2029637452, 'eval_count': 4, 'eval_duration': 1311780528}
Response: Poorly
Analyzing frame 18/19...
Prompt: Given the scenario shown on the video, you think this situation ends well or poorly? (Use only one word to answer)
Image size: 32676 bytes
Response status code: 200
{'model': 'mistral-small3.2', 'created_at': '2025-12-04T17:43:54.930906943Z', 'message': {'role': 'assistant', 'content': 'Poorly'}, 'done': True, 'done_reason': 'stop', 'total_duration': 3952462989, 'load_duration': 133504565, 'prompt_eval_count': 844, 'prompt_eval_duration': 2002547103, 'eval_count': 4, 'eval_duration': 1558737115}
Response: Poorly
Analyzing frame 19/19...
Prompt: Given the scenario shown on the video, you think this situation ends well or poorly? (Use only one word to answer)
Image size: 32676 bytes
Response status code: 200
{'model': 'mistral-small3.2', 'created_at': '2025-12-04T17:43:59.451771033Z', 'message': {'role': 'assistant', 'content': 'Poorly'}, 'done': True, 'done_reason': 'stop', 'total_duration': 3482321164, 'load_duration': 104158440, 'prompt_eval_count': 844, 'prompt_eval_duration': 2016440573, 'eval_count': 4, 'eval_duration': 1086496681}
Response: Poorly
Final prediction for 41_final.mp4: Poorly

Results saved to ./results/results_mistralsmall32.csv
Total videos processed: 291

==================================================
Processing video 16/30

Processing video: 44_final.mp4
Video info: 231 frames, 30.00 FPS, 7.70 seconds
Extracted 16 frames for analysis
Analyzing frame 1/16...
Prompt: Given the scenario shown on the video, you think this situation ends well or poorly? (Use only one word to answer)
Image size: 15788 bytes
Response status code: 200
{'model': 'mistral-small3.2', 'created_at': '2025-12-04T17:44:04.842290781Z', 'message': {'role': 'assistant', 'content': 'Poorly'}, 'done': True, 'done_reason': 'stop', 'total_duration': 3944655267, 'load_duration': 129834677, 'prompt_eval_count': 844, 'prompt_eval_duration': 2033953853, 'eval_count': 4, 'eval_duration': 1534415465}
Response: Poorly
Analyzing frame 2/16...
Prompt: Given the scenario shown on the video, you think this situation ends well or poorly? (Use only one word to answer)
Image size: 15756 bytes
Response status code: 200
{'model': 'mistral-small3.2', 'created_at': '2025-12-04T17:44:09.970740002Z', 'message': {'role': 'assistant', 'content': 'Poorly'}, 'done': True, 'done_reason': 'stop', 'total_duration': 4087345909, 'load_duration': 157845541, 'prompt_eval_count': 844, 'prompt_eval_duration': 2015189775, 'eval_count': 4, 'eval_duration': 1657215424}
Response: Poorly
Analyzing frame 3/16...
Prompt: Given the scenario shown on the video, you think this situation ends well or poorly? (Use only one word to answer)
Image size: 16120 bytes
Response status code: 200
{'model': 'mistral-small3.2', 'created_at': '2025-12-04T17:44:15.121230653Z', 'message': {'role': 'assistant', 'content': 'Poorly'}, 'done': True, 'done_reason': 'stop', 'total_duration': 4109014768, 'load_duration': 145030641, 'prompt_eval_count': 844, 'prompt_eval_duration': 2022820700, 'eval_count': 4, 'eval_duration': 1673430045}
Response: Poorly
Analyzing frame 4/16...
Prompt: Given the scenario shown on the video, you think this situation ends well or poorly? (Use only one word to answer)
Image size: 16604 bytes
Response status code: 200
{'model': 'mistral-small3.2', 'created_at': '2025-12-04T17:44:20.265999267Z', 'message': {'role': 'assistant', 'content': 'Poorly'}, 'done': True, 'done_reason': 'stop', 'total_duration': 4104444332, 'load_duration': 146020842, 'prompt_eval_count': 844, 'prompt_eval_duration': 2013752921, 'eval_count': 4, 'eval_duration': 1672991027}
Response: Poorly
Analyzing frame 5/16...
Prompt: Given the scenario shown on the video, you think this situation ends well or poorly? (Use only one word to answer)
Image size: 15940 bytes
Response status code: 200
{'model': 'mistral-small3.2', 'created_at': '2025-12-04T17:44:25.460988415Z', 'message': {'role': 'assistant', 'content': 'Poorly'}, 'done': True, 'done_reason': 'stop', 'total_duration': 4154355954, 'load_duration': 149066163, 'prompt_eval_count': 844, 'prompt_eval_duration': 2033728480, 'eval_count': 4, 'eval_duration': 1674638436}
Response: Poorly
Analyzing frame 6/16...
Prompt: Given the scenario shown on the video, you think this situation ends well or poorly? (Use only one word to answer)
Image size: 15244 bytes
Response status code: 200
{'model': 'mistral-small3.2', 'created_at': '2025-12-04T17:44:30.551804492Z', 'message': {'role': 'assistant', 'content': 'Poorly'}, 'done': True, 'done_reason': 'stop', 'total_duration': 4049882769, 'load_duration': 126563673, 'prompt_eval_count': 844, 'prompt_eval_duration': 1999894473, 'eval_count': 4, 'eval_duration': 1647676401}
Response: Poorly
Analyzing frame 7/16...
Prompt: Given the scenario shown on the video, you think this situation ends well or poorly? (Use only one word to answer)
Image size: 13340 bytes
Response status code: 200
{'model': 'mistral-small3.2', 'created_at': '2025-12-04T17:44:35.631721993Z', 'message': {'role': 'assistant', 'content': 'Poorly'}, 'done': True, 'done_reason': 'stop', 'total_duration': 4036852575, 'load_duration': 133333627, 'prompt_eval_count': 844, 'prompt_eval_duration': 2005339304, 'eval_count': 4, 'eval_duration': 1623376975}
Response: Poorly
Analyzing frame 8/16...
Prompt: Given the scenario shown on the video, you think this situation ends well or poorly? (Use only one word to answer)
Image size: 14596 bytes
Response status code: 200
{'model': 'mistral-small3.2', 'created_at': '2025-12-04T17:44:40.752678698Z', 'message': {'role': 'assistant', 'content': 'Poorly'}, 'done': True, 'done_reason': 'stop', 'total_duration': 4082520977, 'load_duration': 139981892, 'prompt_eval_count': 844, 'prompt_eval_duration': 2013727157, 'eval_count': 4, 'eval_duration': 1643277916}
Response: Poorly
Analyzing frame 9/16...
Prompt: Given the scenario shown on the video, you think this situation ends well or poorly? (Use only one word to answer)
Image size: 15784 bytes
Response status code: 200
{'model': 'mistral-small3.2', 'created_at': '2025-12-04T17:44:45.779596121Z', 'message': {'role': 'assistant', 'content': 'Poorly'}, 'done': True, 'done_reason': 'stop', 'total_duration': 3986424232, 'load_duration': 103552210, 'prompt_eval_count': 844, 'prompt_eval_duration': 1997494694, 'eval_count': 4, 'eval_duration': 1603136850}
Response: Poorly
Analyzing frame 10/16...
Prompt: Given the scenario shown on the video, you think this situation ends well or poorly? (Use only one word to answer)
Image size: 16104 bytes
Response status code: 200
{'model': 'mistral-small3.2', 'created_at': '2025-12-04T17:44:50.675282805Z', 'message': {'role': 'assistant', 'content': 'Poorly'}, 'done': True, 'done_reason': 'stop', 'total_duration': 3854629615, 'load_duration': 134917079, 'prompt_eval_count': 844, 'prompt_eval_duration': 1996501761, 'eval_count': 4, 'eval_duration': 1449327169}
Response: Poorly
Analyzing frame 11/16...
Prompt: Given the scenario shown on the video, you think this situation ends well or poorly? (Use only one word to answer)
Image size: 16356 bytes
Response status code: 200
{'model': 'mistral-small3.2', 'created_at': '2025-12-04T17:44:55.901018327Z', 'message': {'role': 'assistant', 'content': 'Poorly'}, 'done': True, 'done_reason': 'stop', 'total_duration': 4187174055, 'load_duration': 138169468, 'prompt_eval_count': 844, 'prompt_eval_duration': 2010819646, 'eval_count': 4, 'eval_duration': 1758327025}
Response: Poorly
Analyzing frame 12/16...
Prompt: Given the scenario shown on the video, you think this situation ends well or poorly? (Use only one word to answer)
Image size: 16356 bytes
Response status code: 200
{'model': 'mistral-small3.2', 'created_at': '2025-12-04T17:45:00.895762437Z', 'message': {'role': 'assistant', 'content': 'Poorly'}, 'done': True, 'done_reason': 'stop', 'total_duration': 3956975359, 'load_duration': 105172640, 'prompt_eval_count': 844, 'prompt_eval_duration': 2015374658, 'eval_count': 4, 'eval_duration': 1569553007}
Response: Poorly
Analyzing frame 13/16...
Prompt: Given the scenario shown on the video, you think this situation ends well or poorly? (Use only one word to answer)
Image size: 16356 bytes
Response status code: 200
{'model': 'mistral-small3.2', 'created_at': '2025-12-04T17:45:05.894296037Z', 'message': {'role': 'assistant', 'content': 'Poorly'}, 'done': True, 'done_reason': 'stop', 'total_duration': 3954824501, 'load_duration': 142379118, 'prompt_eval_count': 844, 'prompt_eval_duration': 2037480541, 'eval_count': 4, 'eval_duration': 1525632440}
Response: Poorly
Analyzing frame 14/16...
Prompt: Given the scenario shown on the video, you think this situation ends well or poorly? (Use only one word to answer)
Image size: 16368 bytes
Response status code: 200
{'model': 'mistral-small3.2', 'created_at': '2025-12-04T17:45:10.333452839Z', 'message': {'role': 'assistant', 'content': 'Poorly'}, 'done': True, 'done_reason': 'stop', 'total_duration': 3393382330, 'load_duration': 141708115, 'prompt_eval_count': 844, 'prompt_eval_duration': 2078268607, 'eval_count': 4, 'eval_duration': 917269917}
Response: Poorly
Analyzing frame 15/16...
Prompt: Given the scenario shown on the video, you think this situation ends well or poorly? (Use only one word to answer)
Image size: 16364 bytes
Response status code: 200
{'model': 'mistral-small3.2', 'created_at': '2025-12-04T17:45:14.834243947Z', 'message': {'role': 'assistant', 'content': 'Poorly'}, 'done': True, 'done_reason': 'stop', 'total_duration': 3456157853, 'load_duration': 103191723, 'prompt_eval_count': 844, 'prompt_eval_duration': 2057097314, 'eval_count': 4, 'eval_duration': 1012536220}
Response: Poorly
Analyzing frame 16/16...
Prompt: Given the scenario shown on the video, you think this situation ends well or poorly? (Use only one word to answer)
Image size: 16348 bytes
Response status code: 200
{'model': 'mistral-small3.2', 'created_at': '2025-12-04T17:45:19.605742387Z', 'message': {'role': 'assistant', 'content': 'Poorly'}, 'done': True, 'done_reason': 'stop', 'total_duration': 3733931856, 'load_duration': 125135776, 'prompt_eval_count': 844, 'prompt_eval_duration': 2041495825, 'eval_count': 4, 'eval_duration': 1284905560}
Response: Poorly
Final prediction for 44_final.mp4: Poorly

Results saved to ./results/results_mistralsmall32.csv
Total videos processed: 307

==================================================
Processing video 17/30

Processing video: 46_final.mp4
Video info: 300 frames, 30.00 FPS, 10.00 seconds
Extracted 20 frames for analysis
Analyzing frame 1/20...
Prompt: Given the scenario shown on the video, you think this situation ends well or poorly? (Use only one word to answer)
Image size: 52884 bytes
Response status code: 200
{'model': 'mistral-small3.2', 'created_at': '2025-12-04T17:45:25.399253306Z', 'message': {'role': 'assistant', 'content': 'Poorly'}, 'done': True, 'done_reason': 'stop', 'total_duration': 3520411503, 'load_duration': 115789392, 'prompt_eval_count': 844, 'prompt_eval_duration': 2026107899, 'eval_count': 4, 'eval_duration': 1110594679}
Response: Poorly
Analyzing frame 2/20...
Prompt: Given the scenario shown on the video, you think this situation ends well or poorly? (Use only one word to answer)
Image size: 53292 bytes
Response status code: 200
{'model': 'mistral-small3.2', 'created_at': '2025-12-04T17:45:30.285347416Z', 'message': {'role': 'assistant', 'content': 'Poorly'}, 'done': True, 'done_reason': 'stop', 'total_duration': 3843809391, 'load_duration': 144577545, 'prompt_eval_count': 844, 'prompt_eval_duration': 2053999806, 'eval_count': 4, 'eval_duration': 1374229169}
Response: Poorly
Analyzing frame 3/20...
Prompt: Given the scenario shown on the video, you think this situation ends well or poorly? (Use only one word to answer)
Image size: 52884 bytes
Response status code: 200
{'model': 'mistral-small3.2', 'created_at': '2025-12-04T17:45:34.842280303Z', 'message': {'role': 'assistant', 'content': 'Poorly'}, 'done': True, 'done_reason': 'stop', 'total_duration': 3510191590, 'load_duration': 111517664, 'prompt_eval_count': 844, 'prompt_eval_duration': 2043336912, 'eval_count': 4, 'eval_duration': 1074746524}
Response: Poorly
Analyzing frame 4/20...
Prompt: Given the scenario shown on the video, you think this situation ends well or poorly? (Use only one word to answer)
Image size: 52616 bytes
Response status code: 200
{'model': 'mistral-small3.2', 'created_at': '2025-12-04T17:45:39.375657248Z', 'message': {'role': 'assistant', 'content': 'Poorly'}, 'done': True, 'done_reason': 'stop', 'total_duration': 3492947794, 'load_duration': 158321633, 'prompt_eval_count': 844, 'prompt_eval_duration': 2055465723, 'eval_count': 4, 'eval_duration': 1009853925}
Response: Poorly
Analyzing frame 5/20...
Prompt: Given the scenario shown on the video, you think this situation ends well or poorly? (Use only one word to answer)
Image size: 52544 bytes
Response status code: 200
{'model': 'mistral-small3.2', 'created_at': '2025-12-04T17:45:44.064049883Z', 'message': {'role': 'assistant', 'content': 'Poorly'}, 'done': True, 'done_reason': 'stop', 'total_duration': 3651114319, 'load_duration': 159534702, 'prompt_eval_count': 844, 'prompt_eval_duration': 2028689688, 'eval_count': 4, 'eval_duration': 1197562940}
Response: Poorly
Analyzing frame 6/20...
Prompt: Given the scenario shown on the video, you think this situation ends well or poorly? (Use only one word to answer)
Image size: 52368 bytes
Response status code: 200
{'model': 'mistral-small3.2', 'created_at': '2025-12-04T17:45:48.63725711Z', 'message': {'role': 'assistant', 'content': 'Poorly'}, 'done': True, 'done_reason': 'stop', 'total_duration': 3553329728, 'load_duration': 106762668, 'prompt_eval_count': 844, 'prompt_eval_duration': 2033610190, 'eval_count': 4, 'eval_duration': 1134376109}
Response: Poorly
Analyzing frame 7/20...
Prompt: Given the scenario shown on the video, you think this situation ends well or poorly? (Use only one word to answer)
Image size: 51824 bytes
Response status code: 200
{'model': 'mistral-small3.2', 'created_at': '2025-12-04T17:45:53.630465063Z', 'message': {'role': 'assistant', 'content': 'Poorly'}, 'done': True, 'done_reason': 'stop', 'total_duration': 3952594586, 'load_duration': 129047523, 'prompt_eval_count': 844, 'prompt_eval_duration': 2021375047, 'eval_count': 4, 'eval_duration': 1532469520}
Response: Poorly
Analyzing frame 8/20...
Prompt: Given the scenario shown on the video, you think this situation ends well or poorly? (Use only one word to answer)
Image size: 51992 bytes
Response status code: 200
{'model': 'mistral-small3.2', 'created_at': '2025-12-04T17:45:58.756295308Z', 'message': {'role': 'assistant', 'content': 'Poorly'}, 'done': True, 'done_reason': 'stop', 'total_duration': 4085616803, 'load_duration': 143640940, 'prompt_eval_count': 844, 'prompt_eval_duration': 2018698704, 'eval_count': 4, 'eval_duration': 1667307768}
Response: Poorly
Analyzing frame 9/20...
Prompt: Given the scenario shown on the video, you think this situation ends well or poorly? (Use only one word to answer)
Image size: 52140 bytes
Response status code: 200
{'model': 'mistral-small3.2', 'created_at': '2025-12-04T17:46:03.327740399Z', 'message': {'role': 'assistant', 'content': 'Poorly'}, 'done': True, 'done_reason': 'stop', 'total_duration': 3533529329, 'load_duration': 104670315, 'prompt_eval_count': 844, 'prompt_eval_duration': 2012726842, 'eval_count': 4, 'eval_duration': 1150104688}
Response: Poorly
Analyzing frame 10/20...
Prompt: Given the scenario shown on the video, you think this situation ends well or poorly? (Use only one word to answer)
Image size: 51172 bytes
Response status code: 200
{'model': 'mistral-small3.2', 'created_at': '2025-12-04T17:46:08.372948897Z', 'message': {'role': 'assistant', 'content': 'Poorly'}, 'done': True, 'done_reason': 'stop', 'total_duration': 4005494707, 'load_duration': 106116470, 'prompt_eval_count': 844, 'prompt_eval_duration': 2014862836, 'eval_count': 4, 'eval_duration': 1590446244}
Response: Poorly
Analyzing frame 11/20...
Prompt: Given the scenario shown on the video, you think this situation ends well or poorly? (Use only one word to answer)
Image size: 50936 bytes
Response status code: 200
{'model': 'mistral-small3.2', 'created_at': '2025-12-04T17:46:12.836434806Z', 'message': {'role': 'assistant', 'content': 'Poorly'}, 'done': True, 'done_reason': 'stop', 'total_duration': 3423270097, 'load_duration': 123379792, 'prompt_eval_count': 844, 'prompt_eval_duration': 2015346604, 'eval_count': 4, 'eval_duration': 1011662580}
Response: Poorly
Analyzing frame 12/20...
Prompt: Given the scenario shown on the video, you think this situation ends well or poorly? (Use only one word to answer)
Image size: 50196 bytes
Response status code: 200
{'model': 'mistral-small3.2', 'created_at': '2025-12-04T17:46:17.582015885Z', 'message': {'role': 'assistant', 'content': 'Poorly'}, 'done': True, 'done_reason': 'stop', 'total_duration': 3705558577, 'load_duration': 160864364, 'prompt_eval_count': 844, 'prompt_eval_duration': 2066236429, 'eval_count': 4, 'eval_duration': 1184830238}
Response: Poorly
Analyzing frame 13/20...
Prompt: Given the scenario shown on the video, you think this situation ends well or poorly? (Use only one word to answer)
Image size: 49348 bytes
Response status code: 200
{'model': 'mistral-small3.2', 'created_at': '2025-12-04T17:46:22.435445341Z', 'message': {'role': 'assistant', 'content': 'Poorly'}, 'done': True, 'done_reason': 'stop', 'total_duration': 3813658604, 'load_duration': 107145955, 'prompt_eval_count': 844, 'prompt_eval_duration': 2012901108, 'eval_count': 4, 'eval_duration': 1432231210}
Response: Poorly
Analyzing frame 14/20...
Prompt: Given the scenario shown on the video, you think this situation ends well or poorly? (Use only one word to answer)
Image size: 50196 bytes
Response status code: 200
{'model': 'mistral-small3.2', 'created_at': '2025-12-04T17:46:27.591616375Z', 'message': {'role': 'assistant', 'content': 'Poorly'}, 'done': True, 'done_reason': 'stop', 'total_duration': 4117494291, 'load_duration': 134635946, 'prompt_eval_count': 844, 'prompt_eval_duration': 2012102953, 'eval_count': 4, 'eval_duration': 1696749570}
Response: Poorly
Analyzing frame 15/20...
Prompt: Given the scenario shown on the video, you think this situation ends well or poorly? (Use only one word to answer)
Image size: 50480 bytes
Response status code: 200
{'model': 'mistral-small3.2', 'created_at': '2025-12-04T17:46:32.660490581Z', 'message': {'role': 'assistant', 'content': 'Poorly'}, 'done': True, 'done_reason': 'stop', 'total_duration': 4030167252, 'load_duration': 124444481, 'prompt_eval_count': 844, 'prompt_eval_duration': 2012444178, 'eval_count': 4, 'eval_duration': 1610987726}
Response: Poorly
Analyzing frame 16/20...
Prompt: Given the scenario shown on the video, you think this situation ends well or poorly? (Use only one word to answer)
Image size: 50500 bytes
Response status code: 200
{'model': 'mistral-small3.2', 'created_at': '2025-12-04T17:46:37.213525303Z', 'message': {'role': 'assistant', 'content': 'Poorly'}, 'done': True, 'done_reason': 'stop', 'total_duration': 3516284282, 'load_duration': 136414963, 'prompt_eval_count': 844, 'prompt_eval_duration': 2029691438, 'eval_count': 4, 'eval_duration': 1078745900}
Response: Poorly
Analyzing frame 17/20...
Prompt: Given the scenario shown on the video, you think this situation ends well or poorly? (Use only one word to answer)
Image size: 50476 bytes
Response status code: 200
{'model': 'mistral-small3.2', 'created_at': '2025-12-04T17:46:41.854656314Z', 'message': {'role': 'assistant', 'content': 'Poorly'}, 'done': True, 'done_reason': 'stop', 'total_duration': 3603450466, 'load_duration': 103666043, 'prompt_eval_count': 844, 'prompt_eval_duration': 2021667239, 'eval_count': 4, 'eval_duration': 1195298641}
Response: Poorly
Analyzing frame 18/20...
Prompt: Given the scenario shown on the video, you think this situation ends well or poorly? (Use only one word to answer)
Image size: 50544 bytes
Response status code: 200
{'model': 'mistral-small3.2', 'created_at': '2025-12-04T17:46:46.35491854Z', 'message': {'role': 'assistant', 'content': 'Poorly'}, 'done': True, 'done_reason': 'stop', 'total_duration': 3458805243, 'load_duration': 120453179, 'prompt_eval_count': 844, 'prompt_eval_duration': 2009088966, 'eval_count': 4, 'eval_duration': 1080892735}
Response: Poorly
Analyzing frame 19/20...
Prompt: Given the scenario shown on the video, you think this situation ends well or poorly? (Use only one word to answer)
Image size: 50516 bytes
Response status code: 200
{'model': 'mistral-small3.2', 'created_at': '2025-12-04T17:46:50.926695709Z', 'message': {'role': 'assistant', 'content': 'Poorly'}, 'done': True, 'done_reason': 'stop', 'total_duration': 3533235226, 'load_duration': 127393285, 'prompt_eval_count': 844, 'prompt_eval_duration': 2020808527, 'eval_count': 4, 'eval_duration': 1131374246}
Response: Poorly
Analyzing frame 20/20...
Prompt: Given the scenario shown on the video, you think this situation ends well or poorly? (Use only one word to answer)
Image size: 50544 bytes
Response status code: 200
{'model': 'mistral-small3.2', 'created_at': '2025-12-04T17:46:55.683162507Z', 'message': {'role': 'assistant', 'content': 'Poorly'}, 'done': True, 'done_reason': 'stop', 'total_duration': 3712997845, 'load_duration': 127475681, 'prompt_eval_count': 844, 'prompt_eval_duration': 2012028084, 'eval_count': 4, 'eval_duration': 1302659788}
Response: Poorly
Final prediction for 46_final.mp4: Poorly

Results saved to ./results/results_mistralsmall32.csv
Total videos processed: 327

==================================================
Processing video 18/30

Processing video: 48_final.mp4
Video info: 242 frames, 30.00 FPS, 8.07 seconds
Extracted 17 frames for analysis
Analyzing frame 1/17...
Prompt: Given the scenario shown on the video, you think this situation ends well or poorly? (Use only one word to answer)
Image size: 37852 bytes
Response status code: 200
{'model': 'mistral-small3.2', 'created_at': '2025-12-04T17:47:01.660682956Z', 'message': {'role': 'assistant', 'content': 'Poorly'}, 'done': True, 'done_reason': 'stop', 'total_duration': 4049478244, 'load_duration': 127332328, 'prompt_eval_count': 844, 'prompt_eval_duration': 2008515629, 'eval_count': 4, 'eval_duration': 1647879510}
Response: Poorly
Analyzing frame 2/17...
Prompt: Given the scenario shown on the video, you think this situation ends well or poorly? (Use only one word to answer)
Image size: 37992 bytes
Response status code: 200
{'model': 'mistral-small3.2', 'created_at': '2025-12-04T17:47:06.266476451Z', 'message': {'role': 'assistant', 'content': 'Poorly'}, 'done': True, 'done_reason': 'stop', 'total_duration': 3564815204, 'load_duration': 144745538, 'prompt_eval_count': 844, 'prompt_eval_duration': 2024823570, 'eval_count': 4, 'eval_duration': 1141231979}
Response: Poorly
Analyzing frame 3/17...
Prompt: Given the scenario shown on the video, you think this situation ends well or poorly? (Use only one word to answer)
Image size: 38180 bytes
Response status code: 200
{'model': 'mistral-small3.2', 'created_at': '2025-12-04T17:47:11.146153265Z', 'message': {'role': 'assistant', 'content': 'Poorly'}, 'done': True, 'done_reason': 'stop', 'total_duration': 3841471322, 'load_duration': 124475459, 'prompt_eval_count': 844, 'prompt_eval_duration': 2017706789, 'eval_count': 4, 'eval_duration': 1423404347}
Response: Poorly
Analyzing frame 4/17...
Prompt: Given the scenario shown on the video, you think this situation ends well or poorly? (Use only one word to answer)
Image size: 35980 bytes
Response status code: 200
{'model': 'mistral-small3.2', 'created_at': '2025-12-04T17:47:16.111953665Z', 'message': {'role': 'assistant', 'content': 'Poorly'}, 'done': True, 'done_reason': 'stop', 'total_duration': 3920785513, 'load_duration': 116523337, 'prompt_eval_count': 844, 'prompt_eval_duration': 2008396821, 'eval_count': 4, 'eval_duration': 1518323802}
Response: Poorly
Analyzing frame 5/17...
Prompt: Given the scenario shown on the video, you think this situation ends well or poorly? (Use only one word to answer)
Image size: 31200 bytes
Response status code: 200
{'model': 'mistral-small3.2', 'created_at': '2025-12-04T17:47:21.015428943Z', 'message': {'role': 'assistant', 'content': 'Poorly'}, 'done': True, 'done_reason': 'stop', 'total_duration': 3861440704, 'load_duration': 168075173, 'prompt_eval_count': 844, 'prompt_eval_duration': 2011831669, 'eval_count': 4, 'eval_duration': 1410260920}
Response: Poorly
Analyzing frame 6/17...
Prompt: Given the scenario shown on the video, you think this situation ends well or poorly? (Use only one word to answer)
Image size: 29424 bytes
Response status code: 200
{'model': 'mistral-small3.2', 'created_at': '2025-12-04T17:47:26.037498853Z', 'message': {'role': 'assistant', 'content': 'Poorly'}, 'done': True, 'done_reason': 'stop', 'total_duration': 3982327590, 'load_duration': 146332726, 'prompt_eval_count': 844, 'prompt_eval_duration': 2016492476, 'eval_count': 4, 'eval_duration': 1523640889}
Response: Poorly
Analyzing frame 7/17...
Prompt: Given the scenario shown on the video, you think this situation ends well or poorly? (Use only one word to answer)
Image size: 30400 bytes
Response status code: 200
{'model': 'mistral-small3.2', 'created_at': '2025-12-04T17:47:30.933784282Z', 'message': {'role': 'assistant', 'content': 'Poorly'}, 'done': True, 'done_reason': 'stop', 'total_duration': 3853567152, 'load_duration': 144545744, 'prompt_eval_count': 844, 'prompt_eval_duration': 2012179612, 'eval_count': 4, 'eval_duration': 1423838205}
Response: Poorly
Analyzing frame 8/17...
Prompt: Given the scenario shown on the video, you think this situation ends well or poorly? (Use only one word to answer)
Image size: 31284 bytes
Response status code: 200
{'model': 'mistral-small3.2', 'created_at': '2025-12-04T17:47:35.451404233Z', 'message': {'role': 'assistant', 'content': 'Poorly'}, 'done': True, 'done_reason': 'stop', 'total_duration': 3475179146, 'load_duration': 147522585, 'prompt_eval_count': 844, 'prompt_eval_duration': 2015867014, 'eval_count': 4, 'eval_duration': 1053200116}
Response: Poorly
Analyzing frame 9/17...
Prompt: Given the scenario shown on the video, you think this situation ends well or poorly? (Use only one word to answer)
Image size: 30700 bytes
Response status code: 200
{'model': 'mistral-small3.2', 'created_at': '2025-12-04T17:47:40.306959175Z', 'message': {'role': 'assistant', 'content': 'Poorly'}, 'done': True, 'done_reason': 'stop', 'total_duration': 3810708272, 'load_duration': 173765781, 'prompt_eval_count': 844, 'prompt_eval_duration': 2009273475, 'eval_count': 4, 'eval_duration': 1348186351}
Response: Poorly
Analyzing frame 10/17...
Prompt: Given the scenario shown on the video, you think this situation ends well or poorly? (Use only one word to answer)
Image size: 33356 bytes
Response status code: 200
{'model': 'mistral-small3.2', 'created_at': '2025-12-04T17:47:45.299537101Z', 'message': {'role': 'assistant', 'content': 'Poorly'}, 'done': True, 'done_reason': 'stop', 'total_duration': 3952099042, 'load_duration': 120935337, 'prompt_eval_count': 844, 'prompt_eval_duration': 2000745360, 'eval_count': 4, 'eval_duration': 1570979491}
Response: Poorly
Analyzing frame 11/17...
Prompt: Given the scenario shown on the video, you think this situation ends well or poorly? (Use only one word to answer)
Image size: 34124 bytes
Response status code: 200
{'model': 'mistral-small3.2', 'created_at': '2025-12-04T17:47:50.450650641Z', 'message': {'role': 'assistant', 'content': 'Poorly'}, 'done': True, 'done_reason': 'stop', 'total_duration': 4113180204, 'load_duration': 150088801, 'prompt_eval_count': 844, 'prompt_eval_duration': 2014838535, 'eval_count': 4, 'eval_duration': 1665966430}
Response: Poorly
Analyzing frame 12/17...
Prompt: Given the scenario shown on the video, you think this situation ends well or poorly? (Use only one word to answer)
Image size: 34336 bytes
Response status code: 200
{'model': 'mistral-small3.2', 'created_at': '2025-12-04T17:47:55.438911874Z', 'message': {'role': 'assistant', 'content': 'Poorly'}, 'done': True, 'done_reason': 'stop', 'total_duration': 3944832927, 'load_duration': 143441655, 'prompt_eval_count': 844, 'prompt_eval_duration': 2008263556, 'eval_count': 4, 'eval_duration': 1508954710}
Response: Poorly
Analyzing frame 13/17...
Prompt: Given the scenario shown on the video, you think this situation ends well or poorly? (Use only one word to answer)
Image size: 34340 bytes
Response status code: 200
{'model': 'mistral-small3.2', 'created_at': '2025-12-04T17:48:00.533734028Z', 'message': {'role': 'assistant', 'content': 'Poorly'}, 'done': True, 'done_reason': 'stop', 'total_duration': 4056305168, 'load_duration': 107841927, 'prompt_eval_count': 844, 'prompt_eval_duration': 2017391942, 'eval_count': 4, 'eval_duration': 1678202559}
Response: Poorly
Analyzing frame 14/17...
Prompt: Given the scenario shown on the video, you think this situation ends well or poorly? (Use only one word to answer)
Image size: 34328 bytes
Response status code: 200
{'model': 'mistral-small3.2', 'created_at': '2025-12-04T17:48:05.444622637Z', 'message': {'role': 'assistant', 'content': 'Poorly'}, 'done': True, 'done_reason': 'stop', 'total_duration': 3869478336, 'load_duration': 149999320, 'prompt_eval_count': 844, 'prompt_eval_duration': 2028797204, 'eval_count': 4, 'eval_duration': 1424650758}
Response: Poorly
Analyzing frame 15/17...
Prompt: Given the scenario shown on the video, you think this situation ends well or poorly? (Use only one word to answer)
Image size: 34360 bytes
Response status code: 200
{'model': 'mistral-small3.2', 'created_at': '2025-12-04T17:48:10.541333103Z', 'message': {'role': 'assistant', 'content': 'Poorly'}, 'done': True, 'done_reason': 'stop', 'total_duration': 4056037893, 'load_duration': 150009761, 'prompt_eval_count': 844, 'prompt_eval_duration': 2015264548, 'eval_count': 4, 'eval_duration': 1629535830}
Response: Poorly
Analyzing frame 16/17...
Prompt: Given the scenario shown on the video, you think this situation ends well or poorly? (Use only one word to answer)
Image size: 34352 bytes
Response status code: 200
{'model': 'mistral-small3.2', 'created_at': '2025-12-04T17:48:15.500590052Z', 'message': {'role': 'assistant', 'content': 'Poorly'}, 'done': True, 'done_reason': 'stop', 'total_duration': 3925065755, 'load_duration': 144615620, 'prompt_eval_count': 844, 'prompt_eval_duration': 2022292199, 'eval_count': 4, 'eval_duration': 1478665222}
Response: Poorly
Analyzing frame 17/17...
Prompt: Given the scenario shown on the video, you think this situation ends well or poorly? (Use only one word to answer)
Image size: 34356 bytes
Response status code: 200
{'model': 'mistral-small3.2', 'created_at': '2025-12-04T17:48:20.524144787Z', 'message': {'role': 'assistant', 'content': 'Poorly'}, 'done': True, 'done_reason': 'stop', 'total_duration': 3984191014, 'load_duration': 127234638, 'prompt_eval_count': 844, 'prompt_eval_duration': 2000069588, 'eval_count': 4, 'eval_duration': 1600096797}
Response: Poorly
Final prediction for 48_final.mp4: Poorly

Results saved to ./results/results_mistralsmall32.csv
Total videos processed: 344

==================================================
Processing video 19/30

Processing video: 49_final.mp4
Video info: 350 frames, 30.00 FPS, 11.67 seconds
Extracted 24 frames for analysis
Analyzing frame 1/24...
Prompt: Given the scenario shown on the video, you think this situation ends well or poorly? (Use only one word to answer)
Image size: 37564 bytes
Response status code: 200
{'model': 'mistral-small3.2', 'created_at': '2025-12-04T17:48:26.634722588Z', 'message': {'role': 'assistant', 'content': 'Poorly'}, 'done': True, 'done_reason': 'stop', 'total_duration': 3998538588, 'load_duration': 144476917, 'prompt_eval_count': 844, 'prompt_eval_duration': 2010799465, 'eval_count': 4, 'eval_duration': 1562609832}
Response: Poorly
Analyzing frame 2/24...
Prompt: Given the scenario shown on the video, you think this situation ends well or poorly? (Use only one word to answer)
Image size: 38616 bytes
Response status code: 200
{'model': 'mistral-small3.2', 'created_at': '2025-12-04T17:48:31.042384573Z', 'message': {'role': 'assistant', 'content': 'Poorly'}, 'done': True, 'done_reason': 'stop', 'total_duration': 3367866790, 'load_duration': 108442573, 'prompt_eval_count': 844, 'prompt_eval_duration': 1999968333, 'eval_count': 4, 'eval_duration': 1013679548}
Response: Poorly
Analyzing frame 3/24...
Prompt: Given the scenario shown on the video, you think this situation ends well or poorly? (Use only one word to answer)
Image size: 38444 bytes
Response status code: 200
{'model': 'mistral-small3.2', 'created_at': '2025-12-04T17:48:35.604585402Z', 'message': {'role': 'assistant', 'content': 'Poorly'}, 'done': True, 'done_reason': 'stop', 'total_duration': 3520518577, 'load_duration': 120415556, 'prompt_eval_count': 844, 'prompt_eval_duration': 2047506039, 'eval_count': 4, 'eval_duration': 1082671184}
Response: Poorly
Analyzing frame 4/24...
Prompt: Given the scenario shown on the video, you think this situation ends well or poorly? (Use only one word to answer)
Image size: 37964 bytes
Response status code: 200
{'model': 'mistral-small3.2', 'created_at': '2025-12-04T17:48:40.497099175Z', 'message': {'role': 'assistant', 'content': 'Poorly'}, 'done': True, 'done_reason': 'stop', 'total_duration': 3855573747, 'load_duration': 133533304, 'prompt_eval_count': 844, 'prompt_eval_duration': 2011978244, 'eval_count': 4, 'eval_duration': 1421563715}
Response: Poorly
Analyzing frame 5/24...
Prompt: Given the scenario shown on the video, you think this situation ends well or poorly? (Use only one word to answer)
Image size: 37260 bytes
Response status code: 200
{'model': 'mistral-small3.2', 'created_at': '2025-12-04T17:48:45.676633787Z', 'message': {'role': 'assistant', 'content': 'Poorly'}, 'done': True, 'done_reason': 'stop', 'total_duration': 4139492422, 'load_duration': 135616040, 'prompt_eval_count': 844, 'prompt_eval_duration': 2060450821, 'eval_count': 4, 'eval_duration': 1674218007}
Response: Poorly
Analyzing frame 6/24...
Prompt: Given the scenario shown on the video, you think this situation ends well or poorly? (Use only one word to answer)
Image size: 36812 bytes
Response status code: 200
{'model': 'mistral-small3.2', 'created_at': '2025-12-04T17:48:50.772559496Z', 'message': {'role': 'assistant', 'content': 'Poorly'}, 'done': True, 'done_reason': 'stop', 'total_duration': 4056899486, 'load_duration': 125330590, 'prompt_eval_count': 844, 'prompt_eval_duration': 2002868175, 'eval_count': 4, 'eval_duration': 1655324629}
Response: Poorly
Analyzing frame 7/24...
Prompt: Given the scenario shown on the video, you think this situation ends well or poorly? (Use only one word to answer)
Image size: 36148 bytes
Response status code: 200
{'model': 'mistral-small3.2', 'created_at': '2025-12-04T17:48:55.628100067Z', 'message': {'role': 'assistant', 'content': 'Poorly'}, 'done': True, 'done_reason': 'stop', 'total_duration': 3815687367, 'load_duration': 123089709, 'prompt_eval_count': 844, 'prompt_eval_duration': 2008993050, 'eval_count': 4, 'eval_duration': 1430903043}
Response: Poorly
Analyzing frame 8/24...
Prompt: Given the scenario shown on the video, you think this situation ends well or poorly? (Use only one word to answer)
Image size: 36076 bytes
Response status code: 200
{'model': 'mistral-small3.2', 'created_at': '2025-12-04T17:49:00.767211412Z', 'message': {'role': 'assistant', 'content': 'Poorly'}, 'done': True, 'done_reason': 'stop', 'total_duration': 4098779244, 'load_duration': 147911500, 'prompt_eval_count': 844, 'prompt_eval_duration': 2012336361, 'eval_count': 4, 'eval_duration': 1673300089}
Response: Poorly
Analyzing frame 9/24...
Prompt: Given the scenario shown on the video, you think this situation ends well or poorly? (Use only one word to answer)
Image size: 36272 bytes
Response status code: 200
{'model': 'mistral-small3.2', 'created_at': '2025-12-04T17:49:05.692503014Z', 'message': {'role': 'assistant', 'content': 'Poorly'}, 'done': True, 'done_reason': 'stop', 'total_duration': 3883445566, 'load_duration': 141571203, 'prompt_eval_count': 844, 'prompt_eval_duration': 2001100669, 'eval_count': 4, 'eval_duration': 1474447701}
Response: Poorly
Analyzing frame 10/24...
Prompt: Given the scenario shown on the video, you think this situation ends well or poorly? (Use only one word to answer)
Image size: 36308 bytes
Response status code: 200
{'model': 'mistral-small3.2', 'created_at': '2025-12-04T17:49:10.172200106Z', 'message': {'role': 'assistant', 'content': 'Poorly'}, 'done': True, 'done_reason': 'stop', 'total_duration': 3438644099, 'load_duration': 106641494, 'prompt_eval_count': 844, 'prompt_eval_duration': 2036443903, 'eval_count': 4, 'eval_duration': 1012801246}
Response: Poorly
Analyzing frame 11/24...
Prompt: Given the scenario shown on the video, you think this situation ends well or poorly? (Use only one word to answer)
Image size: 36388 bytes
Response status code: 200
{'model': 'mistral-small3.2', 'created_at': '2025-12-04T17:49:14.704170555Z', 'message': {'role': 'assistant', 'content': 'Poorly'}, 'done': True, 'done_reason': 'stop', 'total_duration': 3491621754, 'load_duration': 145587695, 'prompt_eval_count': 844, 'prompt_eval_duration': 2003185244, 'eval_count': 4, 'eval_duration': 1089965361}
Response: Poorly
Analyzing frame 12/24...
Prompt: Given the scenario shown on the video, you think this situation ends well or poorly? (Use only one word to answer)
Image size: 36548 bytes
Response status code: 200
{'model': 'mistral-small3.2', 'created_at': '2025-12-04T17:49:19.310209918Z', 'message': {'role': 'assistant', 'content': 'Poorly'}, 'done': True, 'done_reason': 'stop', 'total_duration': 3571159548, 'load_duration': 122558940, 'prompt_eval_count': 844, 'prompt_eval_duration': 2041081814, 'eval_count': 4, 'eval_duration': 1134674249}
Response: Poorly
Analyzing frame 13/24...
Prompt: Given the scenario shown on the video, you think this situation ends well or poorly? (Use only one word to answer)
Image size: 37932 bytes
Response status code: 200
{'model': 'mistral-small3.2', 'created_at': '2025-12-04T17:49:24.06382727Z', 'message': {'role': 'assistant', 'content': 'Poorly'}, 'done': True, 'done_reason': 'stop', 'total_duration': 3712781295, 'load_duration': 126745886, 'prompt_eval_count': 844, 'prompt_eval_duration': 2035954798, 'eval_count': 4, 'eval_duration': 1270067023}
Response: Poorly
Analyzing frame 14/24...
Prompt: Given the scenario shown on the video, you think this situation ends well or poorly? (Use only one word to answer)
Image size: 38552 bytes
Response status code: 200
{'model': 'mistral-small3.2', 'created_at': '2025-12-04T17:49:29.143592924Z', 'message': {'role': 'assistant', 'content': 'Poorly'}, 'done': True, 'done_reason': 'stop', 'total_duration': 4039510214, 'load_duration': 116354716, 'prompt_eval_count': 844, 'prompt_eval_duration': 2006079567, 'eval_count': 4, 'eval_duration': 1649533257}
Response: Poorly
Analyzing frame 15/24...
Prompt: Given the scenario shown on the video, you think this situation ends well or poorly? (Use only one word to answer)
Image size: 38640 bytes
Response status code: 200
{'model': 'mistral-small3.2', 'created_at': '2025-12-04T17:49:34.058283811Z', 'message': {'role': 'assistant', 'content': 'Poorly'}, 'done': True, 'done_reason': 'stop', 'total_duration': 3873992273, 'load_duration': 131896447, 'prompt_eval_count': 844, 'prompt_eval_duration': 2006846646, 'eval_count': 4, 'eval_duration': 1453654874}
Response: Poorly
Analyzing frame 16/24...
Prompt: Given the scenario shown on the video, you think this situation ends well or poorly? (Use only one word to answer)
Image size: 38520 bytes
Response status code: 200
{'model': 'mistral-small3.2', 'created_at': '2025-12-04T17:49:39.142316293Z', 'message': {'role': 'assistant', 'content': 'Poorly'}, 'done': True, 'done_reason': 'stop', 'total_duration': 4042501131, 'load_duration': 121801805, 'prompt_eval_count': 844, 'prompt_eval_duration': 2004490229, 'eval_count': 4, 'eval_duration': 1655996553}
Response: Poorly
Analyzing frame 17/24...
Prompt: Given the scenario shown on the video, you think this situation ends well or poorly? (Use only one word to answer)
Image size: 38724 bytes
Response status code: 200
{'model': 'mistral-small3.2', 'created_at': '2025-12-04T17:49:44.219145007Z', 'message': {'role': 'assistant', 'content': 'Poorly'}, 'done': True, 'done_reason': 'stop', 'total_duration': 4035770984, 'load_duration': 149649980, 'prompt_eval_count': 844, 'prompt_eval_duration': 2006433355, 'eval_count': 4, 'eval_duration': 1609792751}
Response: Poorly
Analyzing frame 18/24...
Prompt: Given the scenario shown on the video, you think this situation ends well or poorly? (Use only one word to answer)
Image size: 37956 bytes
Response status code: 200
{'model': 'mistral-small3.2', 'created_at': '2025-12-04T17:49:49.383482639Z', 'message': {'role': 'assistant', 'content': 'Poorly'}, 'done': True, 'done_reason': 'stop', 'total_duration': 4121829479, 'load_duration': 147838594, 'prompt_eval_count': 844, 'prompt_eval_duration': 2026339834, 'eval_count': 4, 'eval_duration': 1670084008}
Response: Poorly
Analyzing frame 19/24...
Prompt: Given the scenario shown on the video, you think this situation ends well or poorly? (Use only one word to answer)
Image size: 37892 bytes
Response status code: 200
{'model': 'mistral-small3.2', 'created_at': '2025-12-04T17:49:54.348235563Z', 'message': {'role': 'assistant', 'content': 'Poorly'}, 'done': True, 'done_reason': 'stop', 'total_duration': 3924611211, 'load_duration': 106698494, 'prompt_eval_count': 844, 'prompt_eval_duration': 2015911257, 'eval_count': 4, 'eval_duration': 1511690121}
Response: Poorly
Analyzing frame 20/24...
Prompt: Given the scenario shown on the video, you think this situation ends well or poorly? (Use only one word to answer)
Image size: 37844 bytes
Response status code: 200
{'model': 'mistral-small3.2', 'created_at': '2025-12-04T17:49:59.526300807Z', 'message': {'role': 'assistant', 'content': 'Poorly'}, 'done': True, 'done_reason': 'stop', 'total_duration': 4137758287, 'load_duration': 179359527, 'prompt_eval_count': 844, 'prompt_eval_duration': 2014296750, 'eval_count': 4, 'eval_duration': 1665092960}
Response: Poorly
Analyzing frame 21/24...
Prompt: Given the scenario shown on the video, you think this situation ends well or poorly? (Use only one word to answer)
Image size: 37848 bytes
Response status code: 200
{'model': 'mistral-small3.2', 'created_at': '2025-12-04T17:50:04.490328673Z', 'message': {'role': 'assistant', 'content': 'Poorly'}, 'done': True, 'done_reason': 'stop', 'total_duration': 3924158515, 'load_duration': 137447749, 'prompt_eval_count': 844, 'prompt_eval_duration': 2010983992, 'eval_count': 4, 'eval_duration': 1506414658}
Response: Poorly
Analyzing frame 22/24...
Prompt: Given the scenario shown on the video, you think this situation ends well or poorly? (Use only one word to answer)
Image size: 37856 bytes
Response status code: 200
{'model': 'mistral-small3.2', 'created_at': '2025-12-04T17:50:09.570767874Z', 'message': {'role': 'assistant', 'content': 'Poorly'}, 'done': True, 'done_reason': 'stop', 'total_duration': 4037754818, 'load_duration': 141450265, 'prompt_eval_count': 844, 'prompt_eval_duration': 1996876793, 'eval_count': 4, 'eval_duration': 1649264016}
Response: Poorly
Analyzing frame 23/24...
Prompt: Given the scenario shown on the video, you think this situation ends well or poorly? (Use only one word to answer)
Image size: 37876 bytes
Response status code: 200
{'model': 'mistral-small3.2', 'created_at': '2025-12-04T17:50:15.030113453Z', 'message': {'role': 'assistant', 'content': 'Poorly'}, 'done': True, 'done_reason': 'stop', 'total_duration': 4419468631, 'load_duration': 136194871, 'prompt_eval_count': 844, 'prompt_eval_duration': 2015249733, 'eval_count': 4, 'eval_duration': 2015561853}
Response: Poorly
Analyzing frame 24/24...
Prompt: Given the scenario shown on the video, you think this situation ends well or poorly? (Use only one word to answer)
Image size: 37856 bytes
Response status code: 200
{'model': 'mistral-small3.2', 'created_at': '2025-12-04T17:50:20.154424912Z', 'message': {'role': 'assistant', 'content': 'Poorly'}, 'done': True, 'done_reason': 'stop', 'total_duration': 4084112792, 'load_duration': 142297967, 'prompt_eval_count': 844, 'prompt_eval_duration': 2005065302, 'eval_count': 4, 'eval_duration': 1671441690}
Response: Poorly
Final prediction for 49_final.mp4: Poorly

Results saved to ./results/results_mistralsmall32.csv
Total videos processed: 368

==================================================
Processing video 20/30

Processing video: 50_final.mp4
Video info: 268 frames, 30.00 FPS, 8.93 seconds
Extracted 18 frames for analysis
Analyzing frame 1/18...
Prompt: Given the scenario shown on the video, you think this situation ends well or poorly? (Use only one word to answer)
Image size: 29468 bytes
Response status code: 200
{'model': 'mistral-small3.2', 'created_at': '2025-12-04T17:50:26.200924165Z', 'message': {'role': 'assistant', 'content': 'Poorly'}, 'done': True, 'done_reason': 'stop', 'total_duration': 4076254340, 'load_duration': 137853645, 'prompt_eval_count': 844, 'prompt_eval_duration': 2007232684, 'eval_count': 4, 'eval_duration': 1675484166}
Response: Poorly
Analyzing frame 2/18...
Prompt: Given the scenario shown on the video, you think this situation ends well or poorly? (Use only one word to answer)
Image size: 29692 bytes
Response status code: 200
{'model': 'mistral-small3.2', 'created_at': '2025-12-04T17:50:31.279578437Z', 'message': {'role': 'assistant', 'content': 'Poorly'}, 'done': True, 'done_reason': 'stop', 'total_duration': 4037283637, 'load_duration': 129426849, 'prompt_eval_count': 844, 'prompt_eval_duration': 2014968604, 'eval_count': 4, 'eval_duration': 1617960781}
Response: Poorly
Analyzing frame 3/18...
Prompt: Given the scenario shown on the video, you think this situation ends well or poorly? (Use only one word to answer)
Image size: 29112 bytes
Response status code: 200
{'model': 'mistral-small3.2', 'created_at': '2025-12-04T17:50:36.388744428Z', 'message': {'role': 'assistant', 'content': 'Poorly'}, 'done': True, 'done_reason': 'stop', 'total_duration': 4069049490, 'load_duration': 137824998, 'prompt_eval_count': 844, 'prompt_eval_duration': 2001181078, 'eval_count': 4, 'eval_duration': 1642717232}
Response: Poorly
Analyzing frame 4/18...
Prompt: Given the scenario shown on the video, you think this situation ends well or poorly? (Use only one word to answer)
Image size: 28356 bytes
Response status code: 200
{'model': 'mistral-small3.2', 'created_at': '2025-12-04T17:50:41.515566874Z', 'message': {'role': 'assistant', 'content': 'Poorly'}, 'done': True, 'done_reason': 'stop', 'total_duration': 4084358442, 'load_duration': 160452414, 'prompt_eval_count': 844, 'prompt_eval_duration': 2014061042, 'eval_count': 4, 'eval_duration': 1642287490}
Response: Poorly
Analyzing frame 5/18...
Prompt: Given the scenario shown on the video, you think this situation ends well or poorly? (Use only one word to answer)
Image size: 27652 bytes
Response status code: 200
{'model': 'mistral-small3.2', 'created_at': '2025-12-04T17:50:46.638948311Z', 'message': {'role': 'assistant', 'content': 'Poorly'}, 'done': True, 'done_reason': 'stop', 'total_duration': 4085245646, 'load_duration': 108044789, 'prompt_eval_count': 844, 'prompt_eval_duration': 2030546494, 'eval_count': 4, 'eval_duration': 1672560961}
Response: Poorly
Analyzing frame 6/18...
Prompt: Given the scenario shown on the video, you think this situation ends well or poorly? (Use only one word to answer)
Image size: 26932 bytes
Response status code: 200
{'model': 'mistral-small3.2', 'created_at': '2025-12-04T17:50:51.729776223Z', 'message': {'role': 'assistant', 'content': 'Poorly'}, 'done': True, 'done_reason': 'stop', 'total_duration': 4050692771, 'load_duration': 138174151, 'prompt_eval_count': 844, 'prompt_eval_duration': 2001087938, 'eval_count': 4, 'eval_duration': 1656762621}
Response: Poorly
Analyzing frame 7/18...
Prompt: Given the scenario shown on the video, you think this situation ends well or poorly? (Use only one word to answer)
Image size: 27276 bytes
Response status code: 200
{'model': 'mistral-small3.2', 'created_at': '2025-12-04T17:50:56.368194256Z', 'message': {'role': 'assistant', 'content': 'Poorly'}, 'done': True, 'done_reason': 'stop', 'total_duration': 3596714432, 'load_duration': 151680866, 'prompt_eval_count': 844, 'prompt_eval_duration': 2008369701, 'eval_count': 4, 'eval_duration': 1161331422}
Response: Poorly
Analyzing frame 8/18...
Prompt: Given the scenario shown on the video, you think this situation ends well or poorly? (Use only one word to answer)
Image size: 28960 bytes
Response status code: 200
{'model': 'mistral-small3.2', 'created_at': '2025-12-04T17:51:01.53755144Z', 'message': {'role': 'assistant', 'content': 'Poorly'}, 'done': True, 'done_reason': 'stop', 'total_duration': 4131044630, 'load_duration': 136926917, 'prompt_eval_count': 844, 'prompt_eval_duration': 2002228742, 'eval_count': 4, 'eval_duration': 1720457877}
Response: Poorly
Analyzing frame 9/18...
Prompt: Given the scenario shown on the video, you think this situation ends well or poorly? (Use only one word to answer)
Image size: 30400 bytes
Response status code: 200
{'model': 'mistral-small3.2', 'created_at': '2025-12-04T17:51:06.639809154Z', 'message': {'role': 'assistant', 'content': 'Poorly'}, 'done': True, 'done_reason': 'stop', 'total_duration': 4061340581, 'load_duration': 104810288, 'prompt_eval_count': 844, 'prompt_eval_duration': 2003425483, 'eval_count': 4, 'eval_duration': 1674500361}
Response: Poorly
Analyzing frame 10/18...
Prompt: Given the scenario shown on the video, you think this situation ends well or poorly? (Use only one word to answer)
Image size: 30980 bytes
Response status code: 200
{'model': 'mistral-small3.2', 'created_at': '2025-12-04T17:51:11.793482181Z', 'message': {'role': 'assistant', 'content': 'Poorly'}, 'done': True, 'done_reason': 'stop', 'total_duration': 4113647867, 'load_duration': 153182620, 'prompt_eval_count': 844, 'prompt_eval_duration': 2012713728, 'eval_count': 4, 'eval_duration': 1674241231}
Response: Poorly
Analyzing frame 11/18...
Prompt: Given the scenario shown on the video, you think this situation ends well or poorly? (Use only one word to answer)
Image size: 31248 bytes
Response status code: 200
{'model': 'mistral-small3.2', 'created_at': '2025-12-04T17:51:16.794514174Z', 'message': {'role': 'assistant', 'content': 'Poorly'}, 'done': True, 'done_reason': 'stop', 'total_duration': 3960263243, 'load_duration': 148829448, 'prompt_eval_count': 844, 'prompt_eval_duration': 2014851827, 'eval_count': 4, 'eval_duration': 1528901535}
Response: Poorly
Analyzing frame 12/18...
Prompt: Given the scenario shown on the video, you think this situation ends well or poorly? (Use only one word to answer)
Image size: 31476 bytes
Response status code: 200
{'model': 'mistral-small3.2', 'created_at': '2025-12-04T17:51:21.855772217Z', 'message': {'role': 'assistant', 'content': 'Poorly'}, 'done': True, 'done_reason': 'stop', 'total_duration': 4021897976, 'load_duration': 104444847, 'prompt_eval_count': 844, 'prompt_eval_duration': 2006529504, 'eval_count': 4, 'eval_duration': 1658454250}
Response: Poorly
Analyzing frame 13/18...
Prompt: Given the scenario shown on the video, you think this situation ends well or poorly? (Use only one word to answer)
Image size: 31604 bytes
Response status code: 200
{'model': 'mistral-small3.2', 'created_at': '2025-12-04T17:51:26.939109661Z', 'message': {'role': 'assistant', 'content': 'Poorly'}, 'done': True, 'done_reason': 'stop', 'total_duration': 4042157419, 'load_duration': 132919172, 'prompt_eval_count': 844, 'prompt_eval_duration': 2008504959, 'eval_count': 4, 'eval_duration': 1647737286}
Response: Poorly
Analyzing frame 14/18...
Prompt: Given the scenario shown on the video, you think this situation ends well or poorly? (Use only one word to answer)
Image size: 31620 bytes
Response status code: 200
{'model': 'mistral-small3.2', 'created_at': '2025-12-04T17:51:32.084231606Z', 'message': {'role': 'assistant', 'content': 'Poorly'}, 'done': True, 'done_reason': 'stop', 'total_duration': 4118799653, 'load_duration': 156231292, 'prompt_eval_count': 844, 'prompt_eval_duration': 2026153580, 'eval_count': 4, 'eval_duration': 1674034540}
Response: Poorly
Analyzing frame 15/18...
Prompt: Given the scenario shown on the video, you think this situation ends well or poorly? (Use only one word to answer)
Image size: 31620 bytes
Response status code: 200
{'model': 'mistral-small3.2', 'created_at': '2025-12-04T17:51:37.215407Z', 'message': {'role': 'assistant', 'content': 'Poorly'}, 'done': True, 'done_reason': 'stop', 'total_duration': 4089028732, 'load_duration': 141229213, 'prompt_eval_count': 844, 'prompt_eval_duration': 2015522657, 'eval_count': 4, 'eval_duration': 1661995125}
Response: Poorly
Analyzing frame 16/18...
Prompt: Given the scenario shown on the video, you think this situation ends well or poorly? (Use only one word to answer)
Image size: 31596 bytes
Response status code: 200
{'model': 'mistral-small3.2', 'created_at': '2025-12-04T17:51:42.334478049Z', 'message': {'role': 'assistant', 'content': 'Poorly'}, 'done': True, 'done_reason': 'stop', 'total_duration': 4075865669, 'load_duration': 105680982, 'prompt_eval_count': 844, 'prompt_eval_duration': 2025320496, 'eval_count': 4, 'eval_duration': 1680030926}
Response: Poorly
Analyzing frame 17/18...
Prompt: Given the scenario shown on the video, you think this situation ends well or poorly? (Use only one word to answer)
Image size: 31580 bytes
Response status code: 200
{'model': 'mistral-small3.2', 'created_at': '2025-12-04T17:51:47.467917262Z', 'message': {'role': 'assistant', 'content': 'Poorly'}, 'done': True, 'done_reason': 'stop', 'total_duration': 4092214480, 'load_duration': 130557398, 'prompt_eval_count': 844, 'prompt_eval_duration': 2018880146, 'eval_count': 4, 'eval_duration': 1675032228}
Response: Poorly
Analyzing frame 18/18...
Prompt: Given the scenario shown on the video, you think this situation ends well or poorly? (Use only one word to answer)
Image size: 31664 bytes
Response status code: 200
{'model': 'mistral-small3.2', 'created_at': '2025-12-04T17:51:52.554217117Z', 'message': {'role': 'assistant', 'content': 'Poorly'}, 'done': True, 'done_reason': 'stop', 'total_duration': 4048854099, 'load_duration': 121991318, 'prompt_eval_count': 844, 'prompt_eval_duration': 2007471053, 'eval_count': 4, 'eval_duration': 1643685038}
Response: Poorly
Final prediction for 50_final.mp4: Poorly

Results saved to ./results/results_mistralsmall32.csv
Total videos processed: 386

==================================================
Processing video 21/30

Processing video: 52_final.mp4
Video info: 597 frames, 30.00 FPS, 19.90 seconds
Extracted 40 frames for analysis
Analyzing frame 1/40...
Prompt: Given the scenario shown on the video, you think this situation ends well or poorly? (Use only one word to answer)
Image size: 22876 bytes
Response status code: 200
{'model': 'mistral-small3.2', 'created_at': '2025-12-04T17:51:59.140241329Z', 'message': {'role': 'assistant', 'content': 'Poorly'}, 'done': True, 'done_reason': 'stop', 'total_duration': 4097199676, 'load_duration': 132526529, 'prompt_eval_count': 844, 'prompt_eval_duration': 2034349494, 'eval_count': 4, 'eval_duration': 1681912408}
Response: Poorly
Analyzing frame 2/40...
Prompt: Given the scenario shown on the video, you think this situation ends well or poorly? (Use only one word to answer)
Image size: 22920 bytes
Response status code: 200
{'model': 'mistral-small3.2', 'created_at': '2025-12-04T17:52:04.227518385Z', 'message': {'role': 'assistant', 'content': 'Poorly'}, 'done': True, 'done_reason': 'stop', 'total_duration': 4049403077, 'load_duration': 121582237, 'prompt_eval_count': 844, 'prompt_eval_duration': 2002576645, 'eval_count': 4, 'eval_duration': 1643079797}
Response: Poorly
Analyzing frame 3/40...
Prompt: Given the scenario shown on the video, you think this situation ends well or poorly? (Use only one word to answer)
Image size: 22940 bytes
Response status code: 200
{'model': 'mistral-small3.2', 'created_at': '2025-12-04T17:52:09.433380738Z', 'message': {'role': 'assistant', 'content': 'Poorly'}, 'done': True, 'done_reason': 'stop', 'total_duration': 4166377010, 'load_duration': 148741840, 'prompt_eval_count': 844, 'prompt_eval_duration': 2046302910, 'eval_count': 4, 'eval_duration': 1695127114}
Response: Poorly
Analyzing frame 4/40...
Prompt: Given the scenario shown on the video, you think this situation ends well or poorly? (Use only one word to answer)
Image size: 22836 bytes
Response status code: 200
{'model': 'mistral-small3.2', 'created_at': '2025-12-04T17:52:14.550622967Z', 'message': {'role': 'assistant', 'content': 'Poorly'}, 'done': True, 'done_reason': 'stop', 'total_duration': 4075876921, 'load_duration': 141714648, 'prompt_eval_count': 844, 'prompt_eval_duration': 2002089147, 'eval_count': 4, 'eval_duration': 1650461697}
Response: Poorly
Analyzing frame 5/40...
Prompt: Given the scenario shown on the video, you think this situation ends well or poorly? (Use only one word to answer)
Image size: 22920 bytes
Response status code: 200
{'model': 'mistral-small3.2', 'created_at': '2025-12-04T17:52:19.664219952Z', 'message': {'role': 'assistant', 'content': 'Poorly'}, 'done': True, 'done_reason': 'stop', 'total_duration': 4069192466, 'load_duration': 110252150, 'prompt_eval_count': 844, 'prompt_eval_duration': 2017644155, 'eval_count': 4, 'eval_duration': 1665896641}
Response: Poorly
Analyzing frame 6/40...
Prompt: Given the scenario shown on the video, you think this situation ends well or poorly? (Use only one word to answer)
Image size: 22860 bytes
Response status code: 200
{'model': 'mistral-small3.2', 'created_at': '2025-12-04T17:52:24.834818687Z', 'message': {'role': 'assistant', 'content': 'Poorly'}, 'done': True, 'done_reason': 'stop', 'total_duration': 4129914579, 'load_duration': 182172917, 'prompt_eval_count': 844, 'prompt_eval_duration': 2034825774, 'eval_count': 4, 'eval_duration': 1666229346}
Response: Poorly
Analyzing frame 7/40...
Prompt: Given the scenario shown on the video, you think this situation ends well or poorly? (Use only one word to answer)
Image size: 23176 bytes
Response status code: 200
{'model': 'mistral-small3.2', 'created_at': '2025-12-04T17:52:29.995246598Z', 'message': {'role': 'assistant', 'content': 'Poorly'}, 'done': True, 'done_reason': 'stop', 'total_duration': 4119992677, 'load_duration': 163220229, 'prompt_eval_count': 844, 'prompt_eval_duration': 2015595958, 'eval_count': 4, 'eval_duration': 1682289187}
Response: Poorly
Analyzing frame 8/40...
Prompt: Given the scenario shown on the video, you think this situation ends well or poorly? (Use only one word to answer)
Image size: 23084 bytes
Response status code: 200
{'model': 'mistral-small3.2', 'created_at': '2025-12-04T17:52:34.53129824Z', 'message': {'role': 'assistant', 'content': 'poorly'}, 'done': True, 'done_reason': 'stop', 'total_duration': 3495163370, 'load_duration': 124994548, 'prompt_eval_count': 844, 'prompt_eval_duration': 2007968029, 'eval_count': 3, 'eval_duration': 1118379186}
Response: poorly
Analyzing frame 9/40...
Prompt: Given the scenario shown on the video, you think this situation ends well or poorly? (Use only one word to answer)
Image size: 23152 bytes
Response status code: 200
{'model': 'mistral-small3.2', 'created_at': '2025-12-04T17:52:39.622648239Z', 'message': {'role': 'assistant', 'content': 'Poorly'}, 'done': True, 'done_reason': 'stop', 'total_duration': 4050546248, 'load_duration': 118978639, 'prompt_eval_count': 844, 'prompt_eval_duration': 2013485240, 'eval_count': 4, 'eval_duration': 1662945705}
Response: Poorly
Analyzing frame 10/40...
Prompt: Given the scenario shown on the video, you think this situation ends well or poorly? (Use only one word to answer)
Image size: 23244 bytes
Response status code: 200
{'model': 'mistral-small3.2', 'created_at': '2025-12-04T17:52:44.696666482Z', 'message': {'role': 'assistant', 'content': 'Poorly'}, 'done': True, 'done_reason': 'stop', 'total_duration': 4034657475, 'load_duration': 129990800, 'prompt_eval_count': 844, 'prompt_eval_duration': 2003201415, 'eval_count': 4, 'eval_duration': 1647321928}
Response: Poorly
Analyzing frame 11/40...
Prompt: Given the scenario shown on the video, you think this situation ends well or poorly? (Use only one word to answer)
Image size: 23328 bytes
Response status code: 200
{'model': 'mistral-small3.2', 'created_at': '2025-12-04T17:52:49.702976113Z', 'message': {'role': 'assistant', 'content': 'Poorly'}, 'done': True, 'done_reason': 'stop', 'total_duration': 3967108730, 'load_duration': 131185670, 'prompt_eval_count': 844, 'prompt_eval_duration': 2012678273, 'eval_count': 4, 'eval_duration': 1539953525}
Response: Poorly
Analyzing frame 12/40...
Prompt: Given the scenario shown on the video, you think this situation ends well or poorly? (Use only one word to answer)
Image size: 23264 bytes
Response status code: 200
{'model': 'mistral-small3.2', 'created_at': '2025-12-04T17:52:54.836905096Z', 'message': {'role': 'assistant', 'content': 'Poorly'}, 'done': True, 'done_reason': 'stop', 'total_duration': 4096000475, 'load_duration': 122244386, 'prompt_eval_count': 844, 'prompt_eval_duration': 2010139591, 'eval_count': 4, 'eval_duration': 1699555533}
Response: Poorly
Analyzing frame 13/40...
Prompt: Given the scenario shown on the video, you think this situation ends well or poorly? (Use only one word to answer)
Image size: 22784 bytes
Response status code: 200
{'model': 'mistral-small3.2', 'created_at': '2025-12-04T17:52:59.94513273Z', 'message': {'role': 'assistant', 'content': 'Poorly'}, 'done': True, 'done_reason': 'stop', 'total_duration': 4067759756, 'load_duration': 119019485, 'prompt_eval_count': 844, 'prompt_eval_duration': 2014343634, 'eval_count': 4, 'eval_duration': 1668360733}
Response: Poorly
Analyzing frame 14/40...
Prompt: Given the scenario shown on the video, you think this situation ends well or poorly? (Use only one word to answer)
Image size: 22148 bytes
Response status code: 200
{'model': 'mistral-small3.2', 'created_at': '2025-12-04T17:53:05.06907223Z', 'message': {'role': 'assistant', 'content': 'Poorly'}, 'done': True, 'done_reason': 'stop', 'total_duration': 4082467931, 'load_duration': 154405766, 'prompt_eval_count': 844, 'prompt_eval_duration': 2014103641, 'eval_count': 4, 'eval_duration': 1663643774}
Response: Poorly
Analyzing frame 15/40...
Prompt: Given the scenario shown on the video, you think this situation ends well or poorly? (Use only one word to answer)
Image size: 23012 bytes
Response status code: 200
{'model': 'mistral-small3.2', 'created_at': '2025-12-04T17:53:10.179231124Z', 'message': {'role': 'assistant', 'content': 'Poorly'}, 'done': True, 'done_reason': 'stop', 'total_duration': 4071318133, 'load_duration': 124895892, 'prompt_eval_count': 844, 'prompt_eval_duration': 2010570858, 'eval_count': 4, 'eval_duration': 1678475734}
Response: Poorly
Analyzing frame 16/40...
Prompt: Given the scenario shown on the video, you think this situation ends well or poorly? (Use only one word to answer)
Image size: 24188 bytes
Response status code: 200
{'model': 'mistral-small3.2', 'created_at': '2025-12-04T17:53:15.291665712Z', 'message': {'role': 'assistant', 'content': 'Poorly'}, 'done': True, 'done_reason': 'stop', 'total_duration': 4072503892, 'load_duration': 139274195, 'prompt_eval_count': 844, 'prompt_eval_duration': 2011897861, 'eval_count': 4, 'eval_duration': 1661414831}
Response: Poorly
Analyzing frame 17/40...
Prompt: Given the scenario shown on the video, you think this situation ends well or poorly? (Use only one word to answer)
Image size: 24500 bytes
Response status code: 200
{'model': 'mistral-small3.2', 'created_at': '2025-12-04T17:53:20.369105695Z', 'message': {'role': 'assistant', 'content': 'Poorly'}, 'done': True, 'done_reason': 'stop', 'total_duration': 4035508420, 'load_duration': 149105095, 'prompt_eval_count': 844, 'prompt_eval_duration': 2004623948, 'eval_count': 4, 'eval_duration': 1599895270}
Response: Poorly
Analyzing frame 18/40...
Prompt: Given the scenario shown on the video, you think this situation ends well or poorly? (Use only one word to answer)
Image size: 24960 bytes
Response status code: 200
{'model': 'mistral-small3.2', 'created_at': '2025-12-04T17:53:25.485363704Z', 'message': {'role': 'assistant', 'content': 'Poorly'}, 'done': True, 'done_reason': 'stop', 'total_duration': 4081131387, 'load_duration': 169544685, 'prompt_eval_count': 844, 'prompt_eval_duration': 2005032341, 'eval_count': 4, 'eval_duration': 1641866795}
Response: Poorly
Analyzing frame 19/40...
Prompt: Given the scenario shown on the video, you think this situation ends well or poorly? (Use only one word to answer)
Image size: 25112 bytes
Response status code: 200
{'model': 'mistral-small3.2', 'created_at': '2025-12-04T17:53:30.657755805Z', 'message': {'role': 'assistant', 'content': 'Poorly'}, 'done': True, 'done_reason': 'stop', 'total_duration': 4131934503, 'load_duration': 132394685, 'prompt_eval_count': 844, 'prompt_eval_duration': 2015423910, 'eval_count': 4, 'eval_duration': 1706431976}
Response: Poorly
Analyzing frame 20/40...
Prompt: Given the scenario shown on the video, you think this situation ends well or poorly? (Use only one word to answer)
Image size: 24136 bytes
Response status code: 200
{'model': 'mistral-small3.2', 'created_at': '2025-12-04T17:53:35.666381572Z', 'message': {'role': 'assistant', 'content': 'Poorly'}, 'done': True, 'done_reason': 'stop', 'total_duration': 3966502424, 'load_duration': 152964144, 'prompt_eval_count': 844, 'prompt_eval_duration': 2002019123, 'eval_count': 4, 'eval_duration': 1557341474}
Response: Poorly
Analyzing frame 21/40...
Prompt: Given the scenario shown on the video, you think this situation ends well or poorly? (Use only one word to answer)
Image size: 24088 bytes
Response status code: 200
{'model': 'mistral-small3.2', 'created_at': '2025-12-04T17:53:40.810756542Z', 'message': {'role': 'assistant', 'content': 'Poorly'}, 'done': True, 'done_reason': 'stop', 'total_duration': 4105173315, 'load_duration': 145554178, 'prompt_eval_count': 844, 'prompt_eval_duration': 2012642910, 'eval_count': 4, 'eval_duration': 1675622434}
Response: Poorly
Analyzing frame 22/40...
Prompt: Given the scenario shown on the video, you think this situation ends well or poorly? (Use only one word to answer)
Image size: 24248 bytes
Response status code: 200
{'model': 'mistral-small3.2', 'created_at': '2025-12-04T17:53:46.221645513Z', 'message': {'role': 'assistant', 'content': 'Poorly'}, 'done': True, 'done_reason': 'stop', 'total_duration': 4370806808, 'load_duration': 126431573, 'prompt_eval_count': 844, 'prompt_eval_duration': 2000470413, 'eval_count': 4, 'eval_duration': 1959630810}
Response: Poorly
Analyzing frame 23/40...
Prompt: Given the scenario shown on the video, you think this situation ends well or poorly? (Use only one word to answer)
Image size: 24224 bytes
Response status code: 200
{'model': 'mistral-small3.2', 'created_at': '2025-12-04T17:53:51.114970014Z', 'message': {'role': 'assistant', 'content': 'Poorly'}, 'done': True, 'done_reason': 'stop', 'total_duration': 3852039502, 'load_duration': 133034795, 'prompt_eval_count': 844, 'prompt_eval_duration': 1998132779, 'eval_count': 4, 'eval_duration': 1453604364}
Response: Poorly
Analyzing frame 24/40...
Prompt: Given the scenario shown on the video, you think this situation ends well or poorly? (Use only one word to answer)
Image size: 24276 bytes
Response status code: 200
{'model': 'mistral-small3.2', 'created_at': '2025-12-04T17:53:56.237538471Z', 'message': {'role': 'assistant', 'content': 'Poorly'}, 'done': True, 'done_reason': 'stop', 'total_duration': 4079721987, 'load_duration': 169884661, 'prompt_eval_count': 844, 'prompt_eval_duration': 2010407276, 'eval_count': 4, 'eval_duration': 1630739810}
Response: Poorly
Analyzing frame 25/40...
Prompt: Given the scenario shown on the video, you think this situation ends well or poorly? (Use only one word to answer)
Image size: 23784 bytes
Response status code: 200
{'model': 'mistral-small3.2', 'created_at': '2025-12-04T17:54:01.358172095Z', 'message': {'role': 'assistant', 'content': 'Poorly'}, 'done': True, 'done_reason': 'stop', 'total_duration': 4079833427, 'load_duration': 170905962, 'prompt_eval_count': 844, 'prompt_eval_duration': 2017892511, 'eval_count': 4, 'eval_duration': 1642665989}
Response: Poorly
Analyzing frame 26/40...
Prompt: Given the scenario shown on the video, you think this situation ends well or poorly? (Use only one word to answer)
Image size: 23824 bytes
Response status code: 200
{'model': 'mistral-small3.2', 'created_at': '2025-12-04T17:54:06.480055804Z', 'message': {'role': 'assistant', 'content': 'Poorly'}, 'done': True, 'done_reason': 'stop', 'total_duration': 4079839843, 'load_duration': 124332564, 'prompt_eval_count': 844, 'prompt_eval_duration': 2003278380, 'eval_count': 4, 'eval_duration': 1678396801}
Response: Poorly
Analyzing frame 27/40...
Prompt: Given the scenario shown on the video, you think this situation ends well or poorly? (Use only one word to answer)
Image size: 23944 bytes
Response status code: 200
{'model': 'mistral-small3.2', 'created_at': '2025-12-04T17:54:11.595856487Z', 'message': {'role': 'assistant', 'content': 'Poorly'}, 'done': True, 'done_reason': 'stop', 'total_duration': 4076598878, 'load_duration': 125677779, 'prompt_eval_count': 844, 'prompt_eval_duration': 2015473271, 'eval_count': 4, 'eval_duration': 1687086404}
Response: Poorly
Analyzing frame 28/40...
Prompt: Given the scenario shown on the video, you think this situation ends well or poorly? (Use only one word to answer)
Image size: 24020 bytes
Response status code: 200
{'model': 'mistral-small3.2', 'created_at': '2025-12-04T17:54:16.530147688Z', 'message': {'role': 'assistant', 'content': 'Poorly'}, 'done': True, 'done_reason': 'stop', 'total_duration': 3894994370, 'load_duration': 128801661, 'prompt_eval_count': 844, 'prompt_eval_duration': 2009050371, 'eval_count': 4, 'eval_duration': 1480575057}
Response: Poorly
Analyzing frame 29/40...
Prompt: Given the scenario shown on the video, you think this situation ends well or poorly? (Use only one word to answer)
Image size: 23884 bytes
Response status code: 200
{'model': 'mistral-small3.2', 'created_at': '2025-12-04T17:54:21.531113009Z', 'message': {'role': 'assistant', 'content': 'Poorly'}, 'done': True, 'done_reason': 'stop', 'total_duration': 3959602635, 'load_duration': 125342307, 'prompt_eval_count': 844, 'prompt_eval_duration': 2010597206, 'eval_count': 4, 'eval_duration': 1565302668}
Response: Poorly
Analyzing frame 30/40...
Prompt: Given the scenario shown on the video, you think this situation ends well or poorly? (Use only one word to answer)
Image size: 23284 bytes
Response status code: 200
{'model': 'mistral-small3.2', 'created_at': '2025-12-04T17:54:26.608924706Z', 'message': {'role': 'assistant', 'content': 'Poorly'}, 'done': True, 'done_reason': 'stop', 'total_duration': 4038837569, 'load_duration': 146893425, 'prompt_eval_count': 844, 'prompt_eval_duration': 2000142857, 'eval_count': 4, 'eval_duration': 1644187918}
Response: Poorly
Analyzing frame 31/40...
Prompt: Given the scenario shown on the video, you think this situation ends well or poorly? (Use only one word to answer)
Image size: 23532 bytes
Response status code: 200
{'model': 'mistral-small3.2', 'created_at': '2025-12-04T17:54:31.749193021Z', 'message': {'role': 'assistant', 'content': 'Poorly'}, 'done': True, 'done_reason': 'stop', 'total_duration': 4100737618, 'load_duration': 151332425, 'prompt_eval_count': 844, 'prompt_eval_duration': 2010356513, 'eval_count': 4, 'eval_duration': 1668121141}
Response: Poorly
Analyzing frame 32/40...
Prompt: Given the scenario shown on the video, you think this situation ends well or poorly? (Use only one word to answer)
Image size: 22896 bytes
Response status code: 200
{'model': 'mistral-small3.2', 'created_at': '2025-12-04T17:54:36.861412034Z', 'message': {'role': 'assistant', 'content': 'Poorly'}, 'done': True, 'done_reason': 'stop', 'total_duration': 4071698749, 'load_duration': 152793668, 'prompt_eval_count': 844, 'prompt_eval_duration': 2003553050, 'eval_count': 4, 'eval_duration': 1656546824}
Response: Poorly
Analyzing frame 33/40...
Prompt: Given the scenario shown on the video, you think this situation ends well or poorly? (Use only one word to answer)
Image size: 22204 bytes
Response status code: 200
{'model': 'mistral-small3.2', 'created_at': '2025-12-04T17:54:41.789747161Z', 'message': {'role': 'assistant', 'content': 'Poorly'}, 'done': True, 'done_reason': 'stop', 'total_duration': 3886401847, 'load_duration': 108438586, 'prompt_eval_count': 844, 'prompt_eval_duration': 2007311019, 'eval_count': 4, 'eval_duration': 1515136327}
Response: Poorly
Analyzing frame 34/40...
Prompt: Given the scenario shown on the video, you think this situation ends well or poorly? (Use only one word to answer)
Image size: 22332 bytes
Response status code: 200
{'model': 'mistral-small3.2', 'created_at': '2025-12-04T17:54:46.294713307Z', 'message': {'role': 'assistant', 'content': 'poorly'}, 'done': True, 'done_reason': 'stop', 'total_duration': 3464494935, 'load_duration': 134460248, 'prompt_eval_count': 844, 'prompt_eval_duration': 1995320834, 'eval_count': 3, 'eval_duration': 1060828432}
Response: poorly
Analyzing frame 35/40...
Prompt: Given the scenario shown on the video, you think this situation ends well or poorly? (Use only one word to answer)
Image size: 22656 bytes
Response status code: 200
{'model': 'mistral-small3.2', 'created_at': '2025-12-04T17:54:50.884619172Z', 'message': {'role': 'assistant', 'content': 'poorly'}, 'done': True, 'done_reason': 'stop', 'total_duration': 3548107191, 'load_duration': 164909165, 'prompt_eval_count': 844, 'prompt_eval_duration': 2007258889, 'eval_count': 3, 'eval_duration': 1107357119}
Response: poorly
Analyzing frame 36/40...
Prompt: Given the scenario shown on the video, you think this situation ends well or poorly? (Use only one word to answer)
Image size: 22692 bytes
Response status code: 200
{'model': 'mistral-small3.2', 'created_at': '2025-12-04T17:54:55.461462173Z', 'message': {'role': 'assistant', 'content': 'poorly'}, 'done': True, 'done_reason': 'stop', 'total_duration': 3536369480, 'load_duration': 123515525, 'prompt_eval_count': 844, 'prompt_eval_duration': 2024823868, 'eval_count': 3, 'eval_duration': 1114806555}
Response: poorly
Analyzing frame 37/40...
Prompt: Given the scenario shown on the video, you think this situation ends well or poorly? (Use only one word to answer)
Image size: 22664 bytes
Response status code: 200
{'model': 'mistral-small3.2', 'created_at': '2025-12-04T17:55:00.087284532Z', 'message': {'role': 'assistant', 'content': 'poorly'}, 'done': True, 'done_reason': 'stop', 'total_duration': 3584566873, 'load_duration': 159281617, 'prompt_eval_count': 844, 'prompt_eval_duration': 2011819832, 'eval_count': 3, 'eval_duration': 1139937102}
Response: poorly
Analyzing frame 38/40...
Prompt: Given the scenario shown on the video, you think this situation ends well or poorly? (Use only one word to answer)
Image size: 22704 bytes
Response status code: 200
{'model': 'mistral-small3.2', 'created_at': '2025-12-04T17:55:04.655645211Z', 'message': {'role': 'assistant', 'content': 'poorly'}, 'done': True, 'done_reason': 'stop', 'total_duration': 3530091614, 'load_duration': 130311663, 'prompt_eval_count': 844, 'prompt_eval_duration': 2015443408, 'eval_count': 3, 'eval_duration': 1123938063}
Response: poorly
Analyzing frame 39/40...
Prompt: Given the scenario shown on the video, you think this situation ends well or poorly? (Use only one word to answer)
Image size: 22684 bytes
Response status code: 200
{'model': 'mistral-small3.2', 'created_at': '2025-12-04T17:55:09.515537071Z', 'message': {'role': 'assistant', 'content': 'Poorly'}, 'done': True, 'done_reason': 'stop', 'total_duration': 3819168084, 'load_duration': 107436459, 'prompt_eval_count': 844, 'prompt_eval_duration': 2002832689, 'eval_count': 4, 'eval_duration': 1428733500}
Response: Poorly
Analyzing frame 40/40...
Prompt: Given the scenario shown on the video, you think this situation ends well or poorly? (Use only one word to answer)
Image size: 22736 bytes
Response status code: 200
{'model': 'mistral-small3.2', 'created_at': '2025-12-04T17:55:14.018989374Z', 'message': {'role': 'assistant', 'content': 'poorly'}, 'done': True, 'done_reason': 'stop', 'total_duration': 3465012362, 'load_duration': 106983678, 'prompt_eval_count': 844, 'prompt_eval_duration': 2000021864, 'eval_count': 3, 'eval_duration': 1094542275}
Response: poorly
Final prediction for 52_final.mp4: Poorly

Results saved to ./results/results_mistralsmall32.csv
Total videos processed: 426

==================================================
Processing video 22/30

Processing video: 53_final.mp4
Video info: 328 frames, 30.00 FPS, 10.93 seconds
Extracted 22 frames for analysis
Analyzing frame 1/22...
Prompt: Given the scenario shown on the video, you think this situation ends well or poorly? (Use only one word to answer)
Image size: 19076 bytes
Response status code: 200
{'model': 'mistral-small3.2', 'created_at': '2025-12-04T17:55:20.005110155Z', 'message': {'role': 'assistant', 'content': 'Poorly'}, 'done': True, 'done_reason': 'stop', 'total_duration': 4112472963, 'load_duration': 130217623, 'prompt_eval_count': 844, 'prompt_eval_duration': 2010128886, 'eval_count': 4, 'eval_duration': 1692289575}
Response: Poorly
Analyzing frame 2/22...
Prompt: Given the scenario shown on the video, you think this situation ends well or poorly? (Use only one word to answer)
Image size: 18616 bytes
Response status code: 200
{'model': 'mistral-small3.2', 'created_at': '2025-12-04T17:55:25.173269621Z', 'message': {'role': 'assistant', 'content': 'Poorly'}, 'done': True, 'done_reason': 'stop', 'total_duration': 4130447898, 'load_duration': 151140834, 'prompt_eval_count': 844, 'prompt_eval_duration': 2020061074, 'eval_count': 4, 'eval_duration': 1713268562}
Response: Poorly
Analyzing frame 3/22...
Prompt: Given the scenario shown on the video, you think this situation ends well or poorly? (Use only one word to answer)
Image size: 19008 bytes
Response status code: 200
{'model': 'mistral-small3.2', 'created_at': '2025-12-04T17:55:30.27527352Z', 'message': {'role': 'assistant', 'content': 'Poorly'}, 'done': True, 'done_reason': 'stop', 'total_duration': 4064652690, 'load_duration': 105646951, 'prompt_eval_count': 844, 'prompt_eval_duration': 2007010219, 'eval_count': 4, 'eval_duration': 1677677345}
Response: Poorly
Analyzing frame 4/22...
Prompt: Given the scenario shown on the video, you think this situation ends well or poorly? (Use only one word to answer)
Image size: 18716 bytes
Response status code: 200
{'model': 'mistral-small3.2', 'created_at': '2025-12-04T17:55:35.397110224Z', 'message': {'role': 'assistant', 'content': 'Poorly'}, 'done': True, 'done_reason': 'stop', 'total_duration': 4080104332, 'load_duration': 153033623, 'prompt_eval_count': 844, 'prompt_eval_duration': 2016461127, 'eval_count': 4, 'eval_duration': 1650535368}
Response: Poorly
Analyzing frame 5/22...
Prompt: Given the scenario shown on the video, you think this situation ends well or poorly? (Use only one word to answer)
Image size: 18444 bytes
Response status code: 200
{'model': 'mistral-small3.2', 'created_at': '2025-12-04T17:55:40.491030837Z', 'message': {'role': 'assistant', 'content': 'Poorly'}, 'done': True, 'done_reason': 'stop', 'total_duration': 4053284376, 'load_duration': 206439162, 'prompt_eval_count': 844, 'prompt_eval_duration': 2004357167, 'eval_count': 4, 'eval_duration': 1586367978}
Response: Poorly
Analyzing frame 6/22...
Prompt: Given the scenario shown on the video, you think this situation ends well or poorly? (Use only one word to answer)
Image size: 18672 bytes
Response status code: 200
{'model': 'mistral-small3.2', 'created_at': '2025-12-04T17:55:45.501040051Z', 'message': {'role': 'assistant', 'content': 'Poorly'}, 'done': True, 'done_reason': 'stop', 'total_duration': 3970182833, 'load_duration': 150542048, 'prompt_eval_count': 844, 'prompt_eval_duration': 2004113899, 'eval_count': 4, 'eval_duration': 1540765078}
Response: Poorly
Analyzing frame 7/22...
Prompt: Given the scenario shown on the video, you think this situation ends well or poorly? (Use only one word to answer)
Image size: 18408 bytes
Response status code: 200
{'model': 'mistral-small3.2', 'created_at': '2025-12-04T17:55:50.462649843Z', 'message': {'role': 'assistant', 'content': 'Poorly'}, 'done': True, 'done_reason': 'stop', 'total_duration': 3923474205, 'load_duration': 125261365, 'prompt_eval_count': 844, 'prompt_eval_duration': 2022129936, 'eval_count': 4, 'eval_duration': 1505257939}
Response: Poorly
Analyzing frame 8/22...
Prompt: Given the scenario shown on the video, you think this situation ends well or poorly? (Use only one word to answer)
Image size: 18752 bytes
Response status code: 200
{'model': 'mistral-small3.2', 'created_at': '2025-12-04T17:55:55.502777653Z', 'message': {'role': 'assistant', 'content': 'Poorly'}, 'done': True, 'done_reason': 'stop', 'total_duration': 4001171229, 'load_duration': 107577917, 'prompt_eval_count': 844, 'prompt_eval_duration': 2000838929, 'eval_count': 4, 'eval_duration': 1649580936}
Response: Poorly
Analyzing frame 9/22...
Prompt: Given the scenario shown on the video, you think this situation ends well or poorly? (Use only one word to answer)
Image size: 18512 bytes
Response status code: 200
{'model': 'mistral-small3.2', 'created_at': '2025-12-04T17:56:00.593706123Z', 'message': {'role': 'assistant', 'content': 'Poorly'}, 'done': True, 'done_reason': 'stop', 'total_duration': 4047725126, 'load_duration': 124121829, 'prompt_eval_count': 844, 'prompt_eval_duration': 1998690232, 'eval_count': 4, 'eval_duration': 1652656478}
Response: Poorly
Analyzing frame 10/22...
Prompt: Given the scenario shown on the video, you think this situation ends well or poorly? (Use only one word to answer)
Image size: 19792 bytes
Response status code: 200
{'model': 'mistral-small3.2', 'created_at': '2025-12-04T17:56:05.714583096Z', 'message': {'role': 'assistant', 'content': 'Poorly'}, 'done': True, 'done_reason': 'stop', 'total_duration': 4080637861, 'load_duration': 148572149, 'prompt_eval_count': 844, 'prompt_eval_duration': 2005968028, 'eval_count': 4, 'eval_duration': 1672106798}
Response: Poorly
Analyzing frame 11/22...
Prompt: Given the scenario shown on the video, you think this situation ends well or poorly? (Use only one word to answer)
Image size: 20268 bytes
Response status code: 200
{'model': 'mistral-small3.2', 'created_at': '2025-12-04T17:56:10.615852668Z', 'message': {'role': 'assistant', 'content': 'Poorly'}, 'done': True, 'done_reason': 'stop', 'total_duration': 3862699090, 'load_duration': 139831911, 'prompt_eval_count': 844, 'prompt_eval_duration': 2003187954, 'eval_count': 4, 'eval_duration': 1449428064}
Response: Poorly
Analyzing frame 12/22...
Prompt: Given the scenario shown on the video, you think this situation ends well or poorly? (Use only one word to answer)
Image size: 20732 bytes
Response status code: 200
{'model': 'mistral-small3.2', 'created_at': '2025-12-04T17:56:15.440332154Z', 'message': {'role': 'assistant', 'content': 'Poorly'}, 'done': True, 'done_reason': 'stop', 'total_duration': 3783986254, 'load_duration': 129563967, 'prompt_eval_count': 844, 'prompt_eval_duration': 2001679977, 'eval_count': 4, 'eval_duration': 1377378520}
Response: Poorly
Analyzing frame 13/22...
Prompt: Given the scenario shown on the video, you think this situation ends well or poorly? (Use only one word to answer)
Image size: 21384 bytes
Response status code: 200
{'model': 'mistral-small3.2', 'created_at': '2025-12-04T17:56:20.573436531Z', 'message': {'role': 'assistant', 'content': 'Poorly'}, 'done': True, 'done_reason': 'stop', 'total_duration': 4091385525, 'load_duration': 129390103, 'prompt_eval_count': 844, 'prompt_eval_duration': 2013132082, 'eval_count': 4, 'eval_duration': 1662235129}
Response: Poorly
Analyzing frame 14/22...
Prompt: Given the scenario shown on the video, you think this situation ends well or poorly? (Use only one word to answer)
Image size: 21368 bytes
Response status code: 200
{'model': 'mistral-small3.2', 'created_at': '2025-12-04T17:56:25.758428073Z', 'message': {'role': 'assistant', 'content': 'Poorly'}, 'done': True, 'done_reason': 'stop', 'total_duration': 4146598826, 'load_duration': 164512036, 'prompt_eval_count': 844, 'prompt_eval_duration': 2018768873, 'eval_count': 4, 'eval_duration': 1698028626}
Response: Poorly
Analyzing frame 15/22...
Prompt: Given the scenario shown on the video, you think this situation ends well or poorly? (Use only one word to answer)
Image size: 21492 bytes
Response status code: 200
{'model': 'mistral-small3.2', 'created_at': '2025-12-04T17:56:30.878943092Z', 'message': {'role': 'assistant', 'content': 'Poorly'}, 'done': True, 'done_reason': 'stop', 'total_duration': 4080884006, 'load_duration': 145609676, 'prompt_eval_count': 844, 'prompt_eval_duration': 2016166126, 'eval_count': 4, 'eval_duration': 1666435706}
Response: Poorly
Analyzing frame 16/22...
Prompt: Given the scenario shown on the video, you think this situation ends well or poorly? (Use only one word to answer)
Image size: 21664 bytes
Response status code: 200
{'model': 'mistral-small3.2', 'created_at': '2025-12-04T17:56:35.973562124Z', 'message': {'role': 'assistant', 'content': 'Poorly'}, 'done': True, 'done_reason': 'stop', 'total_duration': 4056046761, 'load_duration': 106254628, 'prompt_eval_count': 844, 'prompt_eval_duration': 2012946567, 'eval_count': 4, 'eval_duration': 1676298272}
Response: Poorly
Analyzing frame 17/22...
Prompt: Given the scenario shown on the video, you think this situation ends well or poorly? (Use only one word to answer)
Image size: 21656 bytes
Response status code: 200
{'model': 'mistral-small3.2', 'created_at': '2025-12-04T17:56:41.066412751Z', 'message': {'role': 'assistant', 'content': 'Poorly'}, 'done': True, 'done_reason': 'stop', 'total_duration': 4052455945, 'load_duration': 133757924, 'prompt_eval_count': 844, 'prompt_eval_duration': 2010937792, 'eval_count': 4, 'eval_duration': 1634032508}
Response: Poorly
Analyzing frame 18/22...
Prompt: Given the scenario shown on the video, you think this situation ends well or poorly? (Use only one word to answer)
Image size: 21644 bytes
Response status code: 200
{'model': 'mistral-small3.2', 'created_at': '2025-12-04T17:56:46.12042377Z', 'message': {'role': 'assistant', 'content': 'Poorly'}, 'done': True, 'done_reason': 'stop', 'total_duration': 4016020713, 'load_duration': 135437126, 'prompt_eval_count': 844, 'prompt_eval_duration': 2008826608, 'eval_count': 4, 'eval_duration': 1590547946}
Response: Poorly
Analyzing frame 19/22...
Prompt: Given the scenario shown on the video, you think this situation ends well or poorly? (Use only one word to answer)
Image size: 21656 bytes
Response status code: 200
{'model': 'mistral-small3.2', 'created_at': '2025-12-04T17:56:51.220834644Z', 'message': {'role': 'assistant', 'content': 'Poorly'}, 'done': True, 'done_reason': 'stop', 'total_duration': 4065783945, 'load_duration': 129185108, 'prompt_eval_count': 844, 'prompt_eval_duration': 2015663644, 'eval_count': 4, 'eval_duration': 1673734940}
Response: Poorly
Analyzing frame 20/22...
Prompt: Given the scenario shown on the video, you think this situation ends well or poorly? (Use only one word to answer)
Image size: 21672 bytes
Response status code: 200
{'model': 'mistral-small3.2', 'created_at': '2025-12-04T17:56:56.366888603Z', 'message': {'role': 'assistant', 'content': 'Poorly'}, 'done': True, 'done_reason': 'stop', 'total_duration': 4108229790, 'load_duration': 162262301, 'prompt_eval_count': 844, 'prompt_eval_duration': 2017658771, 'eval_count': 4, 'eval_duration': 1672141340}
Response: Poorly
Analyzing frame 21/22...
Prompt: Given the scenario shown on the video, you think this situation ends well or poorly? (Use only one word to answer)
Image size: 21672 bytes
Response status code: 200
{'model': 'mistral-small3.2', 'created_at': '2025-12-04T17:57:01.498166514Z', 'message': {'role': 'assistant', 'content': 'Poorly'}, 'done': True, 'done_reason': 'stop', 'total_duration': 4090063360, 'load_duration': 124944492, 'prompt_eval_count': 844, 'prompt_eval_duration': 2012145765, 'eval_count': 4, 'eval_duration': 1679358491}
Response: Poorly
Analyzing frame 22/22...
Prompt: Given the scenario shown on the video, you think this situation ends well or poorly? (Use only one word to answer)
Image size: 21664 bytes
Response status code: 200
{'model': 'mistral-small3.2', 'created_at': '2025-12-04T17:57:06.59356326Z', 'message': {'role': 'assistant', 'content': 'Poorly'}, 'done': True, 'done_reason': 'stop', 'total_duration': 4056554248, 'load_duration': 142625577, 'prompt_eval_count': 844, 'prompt_eval_duration': 2003716369, 'eval_count': 4, 'eval_duration': 1644317209}
Response: Poorly
Final prediction for 53_final.mp4: Poorly

Results saved to ./results/results_mistralsmall32.csv
Total videos processed: 448

==================================================
Processing video 23/30

Processing video: 54_final.mp4
Video info: 260 frames, 30.00 FPS, 8.67 seconds
Extracted 18 frames for analysis
Analyzing frame 1/18...
Prompt: Given the scenario shown on the video, you think this situation ends well or poorly? (Use only one word to answer)
Image size: 38252 bytes
Response status code: 200
{'model': 'mistral-small3.2', 'created_at': '2025-12-04T17:57:12.707569751Z', 'message': {'role': 'assistant', 'content': 'Poorly'}, 'done': True, 'done_reason': 'stop', 'total_duration': 4067385305, 'load_duration': 138849523, 'prompt_eval_count': 844, 'prompt_eval_duration': 2015484071, 'eval_count': 4, 'eval_duration': 1654983189}
Response: Poorly
Analyzing frame 2/18...
Prompt: Given the scenario shown on the video, you think this situation ends well or poorly? (Use only one word to answer)
Image size: 38508 bytes
Response status code: 200
{'model': 'mistral-small3.2', 'created_at': '2025-12-04T17:57:16.665600257Z', 'message': {'role': 'assistant', 'content': 'Well'}, 'done': True, 'done_reason': 'stop', 'total_duration': 2914578351, 'load_duration': 115234689, 'prompt_eval_count': 844, 'prompt_eval_duration': 2003931633, 'eval_count': 2, 'eval_duration': 551906380}
Response: Well
Analyzing frame 3/18...
Prompt: Given the scenario shown on the video, you think this situation ends well or poorly? (Use only one word to answer)
Image size: 36416 bytes
Response status code: 200
{'model': 'mistral-small3.2', 'created_at': '2025-12-04T17:57:21.801166411Z', 'message': {'role': 'assistant', 'content': 'Poorly'}, 'done': True, 'done_reason': 'stop', 'total_duration': 4096093035, 'load_duration': 106077933, 'prompt_eval_count': 844, 'prompt_eval_duration': 2031025127, 'eval_count': 4, 'eval_duration': 1691403714}
Response: Poorly
Analyzing frame 4/18...
Prompt: Given the scenario shown on the video, you think this situation ends well or poorly? (Use only one word to answer)
Image size: 35308 bytes
Response status code: 200
{'model': 'mistral-small3.2', 'created_at': '2025-12-04T17:57:26.747530999Z', 'message': {'role': 'assistant', 'content': 'Poorly'}, 'done': True, 'done_reason': 'stop', 'total_duration': 3906574125, 'load_duration': 133455739, 'prompt_eval_count': 844, 'prompt_eval_duration': 2004540000, 'eval_count': 4, 'eval_duration': 1503826255}
Response: Poorly
Analyzing frame 5/18...
Prompt: Given the scenario shown on the video, you think this situation ends well or poorly? (Use only one word to answer)
Image size: 35096 bytes
Response status code: 200
{'model': 'mistral-small3.2', 'created_at': '2025-12-04T17:57:31.873276813Z', 'message': {'role': 'assistant', 'content': 'Poorly'}, 'done': True, 'done_reason': 'stop', 'total_duration': 4083716447, 'load_duration': 141439071, 'prompt_eval_count': 844, 'prompt_eval_duration': 1998985637, 'eval_count': 4, 'eval_duration': 1673874053}
Response: Poorly
Analyzing frame 6/18...
Prompt: Given the scenario shown on the video, you think this situation ends well or poorly? (Use only one word to answer)
Image size: 35220 bytes
Response status code: 200
{'model': 'mistral-small3.2', 'created_at': '2025-12-04T17:57:35.852391027Z', 'message': {'role': 'assistant', 'content': 'Well'}, 'done': True, 'done_reason': 'stop', 'total_duration': 2935742187, 'load_duration': 117028094, 'prompt_eval_count': 844, 'prompt_eval_duration': 2003053113, 'eval_count': 2, 'eval_duration': 551143437}
Response: Well
Analyzing frame 7/18...
Prompt: Given the scenario shown on the video, you think this situation ends well or poorly? (Use only one word to answer)
Image size: 31768 bytes
Response status code: 200
{'model': 'mistral-small3.2', 'created_at': '2025-12-04T17:57:39.81943287Z', 'message': {'role': 'assistant', 'content': 'Well'}, 'done': True, 'done_reason': 'stop', 'total_duration': 2927922399, 'load_duration': 111063169, 'prompt_eval_count': 844, 'prompt_eval_duration': 1999749898, 'eval_count': 2, 'eval_duration': 548002307}
Response: Well
Analyzing frame 8/18...
Prompt: Given the scenario shown on the video, you think this situation ends well or poorly? (Use only one word to answer)
Image size: 32644 bytes
Response status code: 200
{'model': 'mistral-small3.2', 'created_at': '2025-12-04T17:57:44.916761687Z', 'message': {'role': 'assistant', 'content': 'Poorly'}, 'done': True, 'done_reason': 'stop', 'total_duration': 4057500034, 'load_duration': 124223939, 'prompt_eval_count': 844, 'prompt_eval_duration': 2003333206, 'eval_count': 4, 'eval_duration': 1658700813}
Response: Poorly
Analyzing frame 9/18...
Prompt: Given the scenario shown on the video, you think this situation ends well or poorly? (Use only one word to answer)
Image size: 34196 bytes
Response status code: 200
{'model': 'mistral-small3.2', 'created_at': '2025-12-04T17:57:48.899120988Z', 'message': {'role': 'assistant', 'content': 'Well'}, 'done': True, 'done_reason': 'stop', 'total_duration': 2941292095, 'load_duration': 134334216, 'prompt_eval_count': 844, 'prompt_eval_duration': 2003038542, 'eval_count': 2, 'eval_duration': 549258433}
Response: Well
Analyzing frame 10/18...
Prompt: Given the scenario shown on the video, you think this situation ends well or poorly? (Use only one word to answer)
Image size: 34304 bytes
Response status code: 200
{'model': 'mistral-small3.2', 'created_at': '2025-12-04T17:57:52.902620148Z', 'message': {'role': 'assistant', 'content': 'Well'}, 'done': True, 'done_reason': 'stop', 'total_duration': 2961437340, 'load_duration': 125965000, 'prompt_eval_count': 844, 'prompt_eval_duration': 2005888298, 'eval_count': 2, 'eval_duration': 553946100}
Response: Well
Analyzing frame 11/18...
Prompt: Given the scenario shown on the video, you think this situation ends well or poorly? (Use only one word to answer)
Image size: 33284 bytes
Response status code: 200
{'model': 'mistral-small3.2', 'created_at': '2025-12-04T17:57:58.045140073Z', 'message': {'role': 'assistant', 'content': 'Poorly'}, 'done': True, 'done_reason': 'stop', 'total_duration': 4101701705, 'load_duration': 167507476, 'prompt_eval_count': 844, 'prompt_eval_duration': 1999096737, 'eval_count': 4, 'eval_duration': 1666484490}
Response: Poorly
Analyzing frame 12/18...
Prompt: Given the scenario shown on the video, you think this situation ends well or poorly? (Use only one word to answer)
Image size: 30712 bytes
Response status code: 200
{'model': 'mistral-small3.2', 'created_at': '2025-12-04T17:58:03.184115209Z', 'message': {'role': 'assistant', 'content': 'Poorly'}, 'done': True, 'done_reason': 'stop', 'total_duration': 4096914031, 'load_duration': 132068602, 'prompt_eval_count': 844, 'prompt_eval_duration': 2014606190, 'eval_count': 4, 'eval_duration': 1674177045}
Response: Poorly
Analyzing frame 13/18...
Prompt: Given the scenario shown on the video, you think this situation ends well or poorly? (Use only one word to answer)
Image size: 30696 bytes
Response status code: 200
{'model': 'mistral-small3.2', 'created_at': '2025-12-04T17:58:08.340080758Z', 'message': {'role': 'assistant', 'content': 'Poorly'}, 'done': True, 'done_reason': 'stop', 'total_duration': 4114978836, 'load_duration': 126238562, 'prompt_eval_count': 844, 'prompt_eval_duration': 2010287810, 'eval_count': 4, 'eval_duration': 1691679737}
Response: Poorly
Analyzing frame 14/18...
Prompt: Given the scenario shown on the video, you think this situation ends well or poorly? (Use only one word to answer)
Image size: 30692 bytes
Response status code: 200
{'model': 'mistral-small3.2', 'created_at': '2025-12-04T17:58:13.473033704Z', 'message': {'role': 'assistant', 'content': 'Poorly'}, 'done': True, 'done_reason': 'stop', 'total_duration': 4092654033, 'load_duration': 127726122, 'prompt_eval_count': 844, 'prompt_eval_duration': 2020781953, 'eval_count': 4, 'eval_duration': 1671668922}
Response: Poorly
Analyzing frame 15/18...
Prompt: Given the scenario shown on the video, you think this situation ends well or poorly? (Use only one word to answer)
Image size: 30704 bytes
Response status code: 200
{'model': 'mistral-small3.2', 'created_at': '2025-12-04T17:58:18.619780439Z', 'message': {'role': 'assistant', 'content': 'Poorly'}, 'done': True, 'done_reason': 'stop', 'total_duration': 4106431057, 'load_duration': 157707887, 'prompt_eval_count': 844, 'prompt_eval_duration': 2017441785, 'eval_count': 4, 'eval_duration': 1681912487}
Response: Poorly
Analyzing frame 16/18...
Prompt: Given the scenario shown on the video, you think this situation ends well or poorly? (Use only one word to answer)
Image size: 30696 bytes
Response status code: 200
{'model': 'mistral-small3.2', 'created_at': '2025-12-04T17:58:23.756592126Z', 'message': {'role': 'assistant', 'content': 'Poorly'}, 'done': True, 'done_reason': 'stop', 'total_duration': 4097645492, 'load_duration': 128185639, 'prompt_eval_count': 844, 'prompt_eval_duration': 2006776037, 'eval_count': 4, 'eval_duration': 1685833771}
Response: Poorly
Analyzing frame 17/18...
Prompt: Given the scenario shown on the video, you think this situation ends well or poorly? (Use only one word to answer)
Image size: 30692 bytes
Response status code: 200
{'model': 'mistral-small3.2', 'created_at': '2025-12-04T17:58:28.898578363Z', 'message': {'role': 'assistant', 'content': 'Poorly'}, 'done': True, 'done_reason': 'stop', 'total_duration': 4102932859, 'load_duration': 108466171, 'prompt_eval_count': 844, 'prompt_eval_duration': 2000109554, 'eval_count': 4, 'eval_duration': 1712494946}
Response: Poorly
Analyzing frame 18/18...
Prompt: Given the scenario shown on the video, you think this situation ends well or poorly? (Use only one word to answer)
Image size: 30624 bytes
Response status code: 200
{'model': 'mistral-small3.2', 'created_at': '2025-12-04T17:58:34.039873337Z', 'message': {'role': 'assistant', 'content': 'Poorly'}, 'done': True, 'done_reason': 'stop', 'total_duration': 4100946263, 'load_duration': 115482772, 'prompt_eval_count': 844, 'prompt_eval_duration': 2009599489, 'eval_count': 4, 'eval_duration': 1695576607}
Response: Poorly
Final prediction for 54_final.mp4: Poorly

Results saved to ./results/results_mistralsmall32.csv
Total videos processed: 466

==================================================
Processing video 24/30

Processing video: 55_final.mp4
Video info: 269 frames, 30.00 FPS, 8.97 seconds
Extracted 18 frames for analysis
Analyzing frame 1/18...
Prompt: Given the scenario shown on the video, you think this situation ends well or poorly? (Use only one word to answer)
Image size: 80728 bytes
Response status code: 200
{'model': 'mistral-small3.2', 'created_at': '2025-12-04T17:58:40.817899193Z', 'message': {'role': 'assistant', 'content': 'Poorly'}, 'done': True, 'done_reason': 'stop', 'total_duration': 4045058160, 'load_duration': 144898839, 'prompt_eval_count': 844, 'prompt_eval_duration': 1994623587, 'eval_count': 4, 'eval_duration': 1656875656}
Response: Poorly
Analyzing frame 2/18...
Prompt: Given the scenario shown on the video, you think this situation ends well or poorly? (Use only one word to answer)
Image size: 81340 bytes
Response status code: 200
{'model': 'mistral-small3.2', 'created_at': '2025-12-04T17:58:45.850799254Z', 'message': {'role': 'assistant', 'content': 'Poorly'}, 'done': True, 'done_reason': 'stop', 'total_duration': 3990867088, 'load_duration': 132626255, 'prompt_eval_count': 844, 'prompt_eval_duration': 2011715161, 'eval_count': 4, 'eval_duration': 1564003707}
Response: Poorly
Analyzing frame 3/18...
Prompt: Given the scenario shown on the video, you think this situation ends well or poorly? (Use only one word to answer)
Image size: 81636 bytes
Response status code: 200
{'model': 'mistral-small3.2', 'created_at': '2025-12-04T17:58:50.984056473Z', 'message': {'role': 'assistant', 'content': 'Poorly'}, 'done': True, 'done_reason': 'stop', 'total_duration': 4090989861, 'load_duration': 103465702, 'prompt_eval_count': 844, 'prompt_eval_duration': 2020428705, 'eval_count': 4, 'eval_duration': 1684856230}
Response: Poorly
Analyzing frame 4/18...
Prompt: Given the scenario shown on the video, you think this situation ends well or poorly? (Use only one word to answer)
Image size: 81776 bytes
Response status code: 200
{'model': 'mistral-small3.2', 'created_at': '2025-12-04T17:58:56.047659928Z', 'message': {'role': 'assistant', 'content': 'Poorly'}, 'done': True, 'done_reason': 'stop', 'total_duration': 4025503096, 'load_duration': 112308128, 'prompt_eval_count': 844, 'prompt_eval_duration': 1991023323, 'eval_count': 4, 'eval_duration': 1652997954}
Response: Poorly
Analyzing frame 5/18...
Prompt: Given the scenario shown on the video, you think this situation ends well or poorly? (Use only one word to answer)
Image size: 81368 bytes
Response status code: 200
{'model': 'mistral-small3.2', 'created_at': '2025-12-04T17:59:01.265022556Z', 'message': {'role': 'assistant', 'content': 'Poorly'}, 'done': True, 'done_reason': 'stop', 'total_duration': 4174499546, 'load_duration': 143236570, 'prompt_eval_count': 844, 'prompt_eval_duration': 2007187437, 'eval_count': 4, 'eval_duration': 1743687843}
Response: Poorly
Analyzing frame 6/18...
Prompt: Given the scenario shown on the video, you think this situation ends well or poorly? (Use only one word to answer)
Image size: 81088 bytes
Response status code: 200
{'model': 'mistral-small3.2', 'created_at': '2025-12-04T17:59:06.345449158Z', 'message': {'role': 'assistant', 'content': 'Poorly'}, 'done': True, 'done_reason': 'stop', 'total_duration': 4038061331, 'load_duration': 106017198, 'prompt_eval_count': 844, 'prompt_eval_duration': 2000280364, 'eval_count': 4, 'eval_duration': 1651375361}
Response: Poorly
Analyzing frame 7/18...
Prompt: Given the scenario shown on the video, you think this situation ends well or poorly? (Use only one word to answer)
Image size: 81448 bytes
Response status code: 200
{'model': 'mistral-small3.2', 'created_at': '2025-12-04T17:59:11.463639124Z', 'message': {'role': 'assistant', 'content': 'Poorly'}, 'done': True, 'done_reason': 'stop', 'total_duration': 4077016603, 'load_duration': 157374742, 'prompt_eval_count': 844, 'prompt_eval_duration': 2005204503, 'eval_count': 4, 'eval_duration': 1650290771}
Response: Poorly
Analyzing frame 8/18...
Prompt: Given the scenario shown on the video, you think this situation ends well or poorly? (Use only one word to answer)
Image size: 81584 bytes
Response status code: 200
{'model': 'mistral-small3.2', 'created_at': '2025-12-04T17:59:16.45292223Z', 'message': {'role': 'assistant', 'content': 'Poorly'}, 'done': True, 'done_reason': 'stop', 'total_duration': 3946791534, 'load_duration': 151336003, 'prompt_eval_count': 844, 'prompt_eval_duration': 2010478120, 'eval_count': 4, 'eval_duration': 1499685245}
Response: Poorly
Analyzing frame 9/18...
Prompt: Given the scenario shown on the video, you think this situation ends well or poorly? (Use only one word to answer)
Image size: 81392 bytes
Response status code: 200
{'model': 'mistral-small3.2', 'created_at': '2025-12-04T17:59:21.521106067Z', 'message': {'role': 'assistant', 'content': 'Poorly'}, 'done': True, 'done_reason': 'stop', 'total_duration': 4034846228, 'load_duration': 111061829, 'prompt_eval_count': 844, 'prompt_eval_duration': 2001424459, 'eval_count': 4, 'eval_duration': 1656107058}
Response: Poorly
Analyzing frame 10/18...
Prompt: Given the scenario shown on the video, you think this situation ends well or poorly? (Use only one word to answer)
Image size: 81416 bytes
Response status code: 200
{'model': 'mistral-small3.2', 'created_at': '2025-12-04T17:59:26.549927762Z', 'message': {'role': 'assistant', 'content': 'Poorly'}, 'done': True, 'done_reason': 'stop', 'total_duration': 3985430043, 'load_duration': 119746766, 'prompt_eval_count': 844, 'prompt_eval_duration': 1994422277, 'eval_count': 4, 'eval_duration': 1607934292}
Response: Poorly
Analyzing frame 11/18...
Prompt: Given the scenario shown on the video, you think this situation ends well or poorly? (Use only one word to answer)
Image size: 81772 bytes
Response status code: 200
{'model': 'mistral-small3.2', 'created_at': '2025-12-04T17:59:31.665522745Z', 'message': {'role': 'assistant', 'content': 'Poorly'}, 'done': True, 'done_reason': 'stop', 'total_duration': 4072417128, 'load_duration': 158958030, 'prompt_eval_count': 844, 'prompt_eval_duration': 2000461167, 'eval_count': 4, 'eval_duration': 1636759349}
Response: Poorly
Analyzing frame 12/18...
Prompt: Given the scenario shown on the video, you think this situation ends well or poorly? (Use only one word to answer)
Image size: 81456 bytes
Response status code: 200
{'model': 'mistral-small3.2', 'created_at': '2025-12-04T17:59:36.74540283Z', 'message': {'role': 'assistant', 'content': 'Poorly'}, 'done': True, 'done_reason': 'stop', 'total_duration': 4039876344, 'load_duration': 128049097, 'prompt_eval_count': 844, 'prompt_eval_duration': 2002294544, 'eval_count': 4, 'eval_duration': 1633317148}
Response: Poorly
Analyzing frame 13/18...
Prompt: Given the scenario shown on the video, you think this situation ends well or poorly? (Use only one word to answer)
Image size: 80960 bytes
Response status code: 200
{'model': 'mistral-small3.2', 'created_at': '2025-12-04T17:59:41.845435967Z', 'message': {'role': 'assistant', 'content': 'Poorly'}, 'done': True, 'done_reason': 'stop', 'total_duration': 4057730110, 'load_duration': 139518006, 'prompt_eval_count': 844, 'prompt_eval_duration': 2009346263, 'eval_count': 4, 'eval_duration': 1631454689}
Response: Poorly
Analyzing frame 14/18...
Prompt: Given the scenario shown on the video, you think this situation ends well or poorly? (Use only one word to answer)
Image size: 81016 bytes
Response status code: 200
{'model': 'mistral-small3.2', 'created_at': '2025-12-04T17:59:46.956331345Z', 'message': {'role': 'assistant', 'content': 'Poorly'}, 'done': True, 'done_reason': 'stop', 'total_duration': 4059800358, 'load_duration': 129916600, 'prompt_eval_count': 844, 'prompt_eval_duration': 2009928932, 'eval_count': 4, 'eval_duration': 1669197307}
Response: Poorly
Analyzing frame 15/18...
Prompt: Given the scenario shown on the video, you think this situation ends well or poorly? (Use only one word to answer)
Image size: 81036 bytes
Response status code: 200
{'model': 'mistral-small3.2', 'created_at': '2025-12-04T17:59:52.039752493Z', 'message': {'role': 'assistant', 'content': 'Poorly'}, 'done': True, 'done_reason': 'stop', 'total_duration': 4042182176, 'load_duration': 115488035, 'prompt_eval_count': 844, 'prompt_eval_duration': 2002223431, 'eval_count': 4, 'eval_duration': 1657463566}
Response: Poorly
Analyzing frame 16/18...
Prompt: Given the scenario shown on the video, you think this situation ends well or poorly? (Use only one word to answer)
Image size: 81048 bytes
Response status code: 200
{'model': 'mistral-small3.2', 'created_at': '2025-12-04T17:59:56.984367569Z', 'message': {'role': 'assistant', 'content': 'Poorly'}, 'done': True, 'done_reason': 'stop', 'total_duration': 3905093006, 'load_duration': 144640910, 'prompt_eval_count': 844, 'prompt_eval_duration': 1994258244, 'eval_count': 4, 'eval_duration': 1484193531}
Response: Poorly
Analyzing frame 17/18...
Prompt: Given the scenario shown on the video, you think this situation ends well or poorly? (Use only one word to answer)
Image size: 81012 bytes
Response status code: 200
{'model': 'mistral-small3.2', 'created_at': '2025-12-04T18:00:02.10146386Z', 'message': {'role': 'assistant', 'content': 'Poorly'}, 'done': True, 'done_reason': 'stop', 'total_duration': 4078521616, 'load_duration': 134343122, 'prompt_eval_count': 844, 'prompt_eval_duration': 1998952718, 'eval_count': 4, 'eval_duration': 1657607773}
Response: Poorly
Analyzing frame 18/18...
Prompt: Given the scenario shown on the video, you think this situation ends well or poorly? (Use only one word to answer)
Image size: 80756 bytes
Response status code: 200
{'model': 'mistral-small3.2', 'created_at': '2025-12-04T18:00:07.213239911Z', 'message': {'role': 'assistant', 'content': 'Poorly'}, 'done': True, 'done_reason': 'stop', 'total_duration': 4071842146, 'load_duration': 158241835, 'prompt_eval_count': 844, 'prompt_eval_duration': 2002990094, 'eval_count': 4, 'eval_duration': 1644441089}
Response: Poorly
Final prediction for 55_final.mp4: Poorly

Results saved to ./results/results_mistralsmall32.csv
Total videos processed: 484

==================================================
Processing video 25/30

Processing video: 57_final.mp4
Video info: 275 frames, 30.00 FPS, 9.17 seconds
Extracted 19 frames for analysis
Analyzing frame 1/19...
Prompt: Given the scenario shown on the video, you think this situation ends well or poorly? (Use only one word to answer)
Image size: 34276 bytes
Response status code: 200
{'model': 'mistral-small3.2', 'created_at': '2025-12-04T18:00:13.066756496Z', 'message': {'role': 'assistant', 'content': 'Poorly'}, 'done': True, 'done_reason': 'stop', 'total_duration': 4134025767, 'load_duration': 142926800, 'prompt_eval_count': 844, 'prompt_eval_duration': 2000956565, 'eval_count': 4, 'eval_duration': 1734141303}
Response: Poorly
Analyzing frame 2/19...
Prompt: Given the scenario shown on the video, you think this situation ends well or poorly? (Use only one word to answer)
Image size: 34172 bytes
Response status code: 200
{'model': 'mistral-small3.2', 'created_at': '2025-12-04T18:00:17.96895691Z', 'message': {'role': 'assistant', 'content': 'Poorly'}, 'done': True, 'done_reason': 'stop', 'total_duration': 3862498497, 'load_duration': 124513826, 'prompt_eval_count': 844, 'prompt_eval_duration': 2001252988, 'eval_count': 4, 'eval_duration': 1457633935}
Response: Poorly
Analyzing frame 3/19...
Prompt: Given the scenario shown on the video, you think this situation ends well or poorly? (Use only one word to answer)
Image size: 34580 bytes
Response status code: 200
{'model': 'mistral-small3.2', 'created_at': '2025-12-04T18:00:23.174893959Z', 'message': {'role': 'assistant', 'content': 'Poorly'}, 'done': True, 'done_reason': 'stop', 'total_duration': 4159945480, 'load_duration': 152964560, 'prompt_eval_count': 844, 'prompt_eval_duration': 2037256358, 'eval_count': 4, 'eval_duration': 1682904049}
Response: Poorly
Analyzing frame 4/19...
Prompt: Given the scenario shown on the video, you think this situation ends well or poorly? (Use only one word to answer)
Image size: 35296 bytes
Response status code: 200
{'model': 'mistral-small3.2', 'created_at': '2025-12-04T18:00:28.317339361Z', 'message': {'role': 'assistant', 'content': 'Poorly'}, 'done': True, 'done_reason': 'stop', 'total_duration': 4102930164, 'load_duration': 150653160, 'prompt_eval_count': 844, 'prompt_eval_duration': 2010932625, 'eval_count': 4, 'eval_duration': 1674785633}
Response: Poorly
Analyzing frame 5/19...
Prompt: Given the scenario shown on the video, you think this situation ends well or poorly? (Use only one word to answer)
Image size: 35868 bytes
Response status code: 200
{'model': 'mistral-small3.2', 'created_at': '2025-12-04T18:00:33.437222119Z', 'message': {'role': 'assistant', 'content': 'Poorly'}, 'done': True, 'done_reason': 'stop', 'total_duration': 4080200989, 'load_duration': 121437930, 'prompt_eval_count': 844, 'prompt_eval_duration': 2014781435, 'eval_count': 4, 'eval_duration': 1674425901}
Response: Poorly
Analyzing frame 6/19...
Prompt: Given the scenario shown on the video, you think this situation ends well or poorly? (Use only one word to answer)
Image size: 38204 bytes
Response status code: 200
{'model': 'mistral-small3.2', 'created_at': '2025-12-04T18:00:38.498418743Z', 'message': {'role': 'assistant', 'content': 'Poorly'}, 'done': True, 'done_reason': 'stop', 'total_duration': 4022116269, 'load_duration': 117500909, 'prompt_eval_count': 844, 'prompt_eval_duration': 2001037421, 'eval_count': 4, 'eval_duration': 1653613597}
Response: Poorly
Analyzing frame 7/19...
Prompt: Given the scenario shown on the video, you think this situation ends well or poorly? (Use only one word to answer)
Image size: 38508 bytes
Response status code: 200
{'model': 'mistral-small3.2', 'created_at': '2025-12-04T18:00:43.606993042Z', 'message': {'role': 'assistant', 'content': 'Poorly'}, 'done': True, 'done_reason': 'stop', 'total_duration': 4068206829, 'load_duration': 150785050, 'prompt_eval_count': 844, 'prompt_eval_duration': 1995347190, 'eval_count': 4, 'eval_duration': 1643120008}
Response: Poorly
Analyzing frame 8/19...
Prompt: Given the scenario shown on the video, you think this situation ends well or poorly? (Use only one word to answer)
Image size: 38412 bytes
Response status code: 200
{'model': 'mistral-small3.2', 'created_at': '2025-12-04T18:00:48.259772639Z', 'message': {'role': 'assistant', 'content': 'Poorly'}, 'done': True, 'done_reason': 'stop', 'total_duration': 3611888125, 'load_duration': 103597812, 'prompt_eval_count': 844, 'prompt_eval_duration': 2000561731, 'eval_count': 4, 'eval_duration': 1230313677}
Response: Poorly
Analyzing frame 9/19...
Prompt: Given the scenario shown on the video, you think this situation ends well or poorly? (Use only one word to answer)
Image size: 38340 bytes
Response status code: 200
{'model': 'mistral-small3.2', 'created_at': '2025-12-04T18:00:53.260665124Z', 'message': {'role': 'assistant', 'content': 'Poorly'}, 'done': True, 'done_reason': 'stop', 'total_duration': 3959691640, 'load_duration': 144455038, 'prompt_eval_count': 844, 'prompt_eval_duration': 2017997652, 'eval_count': 4, 'eval_duration': 1514734550}
Response: Poorly
Analyzing frame 10/19...
Prompt: Given the scenario shown on the video, you think this situation ends well or poorly? (Use only one word to answer)
Image size: 34044 bytes
Response status code: 200
{'model': 'mistral-small3.2', 'created_at': '2025-12-04T18:00:58.283025259Z', 'message': {'role': 'assistant', 'content': 'Poorly'}, 'done': True, 'done_reason': 'stop', 'total_duration': 3982444403, 'load_duration': 168225936, 'prompt_eval_count': 844, 'prompt_eval_duration': 2010157495, 'eval_count': 4, 'eval_duration': 1533784294}
Response: Poorly
Analyzing frame 11/19...
Prompt: Given the scenario shown on the video, you think this situation ends well or poorly? (Use only one word to answer)
Image size: 33508 bytes
Response status code: 200
{'model': 'mistral-small3.2', 'created_at': '2025-12-04T18:01:03.334302154Z', 'message': {'role': 'assistant', 'content': 'Poorly'}, 'done': True, 'done_reason': 'stop', 'total_duration': 4015027362, 'load_duration': 131354779, 'prompt_eval_count': 844, 'prompt_eval_duration': 2009702460, 'eval_count': 4, 'eval_duration': 1581400625}
Response: Poorly
Analyzing frame 12/19...
Prompt: Given the scenario shown on the video, you think this situation ends well or poorly? (Use only one word to answer)
Image size: 33404 bytes
Response status code: 200
{'model': 'mistral-small3.2', 'created_at': '2025-12-04T18:01:08.523196594Z', 'message': {'role': 'assistant', 'content': 'Poorly'}, 'done': True, 'done_reason': 'stop', 'total_duration': 4148826100, 'load_duration': 157185149, 'prompt_eval_count': 844, 'prompt_eval_duration': 2012491465, 'eval_count': 4, 'eval_duration': 1702532917}
Response: Poorly
Analyzing frame 13/19...
Prompt: Given the scenario shown on the video, you think this situation ends well or poorly? (Use only one word to answer)
Image size: 32968 bytes
Response status code: 200
{'model': 'mistral-small3.2', 'created_at': '2025-12-04T18:01:13.714030912Z', 'message': {'role': 'assistant', 'content': 'Poorly'}, 'done': True, 'done_reason': 'stop', 'total_duration': 4150375937, 'load_duration': 157837377, 'prompt_eval_count': 844, 'prompt_eval_duration': 2014472719, 'eval_count': 4, 'eval_duration': 1688734483}
Response: Poorly
Analyzing frame 14/19...
Prompt: Given the scenario shown on the video, you think this situation ends well or poorly? (Use only one word to answer)
Image size: 33052 bytes
Response status code: 200
{'model': 'mistral-small3.2', 'created_at': '2025-12-04T18:01:18.877577502Z', 'message': {'role': 'assistant', 'content': 'Poorly'}, 'done': True, 'done_reason': 'stop', 'total_duration': 4123147548, 'load_duration': 131145347, 'prompt_eval_count': 844, 'prompt_eval_duration': 2013330120, 'eval_count': 4, 'eval_duration': 1709473846}
Response: Poorly
Analyzing frame 15/19...
Prompt: Given the scenario shown on the video, you think this situation ends well or poorly? (Use only one word to answer)
Image size: 33068 bytes
Response status code: 200
{'model': 'mistral-small3.2', 'created_at': '2025-12-04T18:01:23.996419075Z', 'message': {'role': 'assistant', 'content': 'Poorly'}, 'done': True, 'done_reason': 'stop', 'total_duration': 4081867722, 'load_duration': 101366038, 'prompt_eval_count': 844, 'prompt_eval_duration': 2010766790, 'eval_count': 4, 'eval_duration': 1685217735}
Response: Poorly
Analyzing frame 16/19...
Prompt: Given the scenario shown on the video, you think this situation ends well or poorly? (Use only one word to answer)
Image size: 33088 bytes
Response status code: 200
{'model': 'mistral-small3.2', 'created_at': '2025-12-04T18:01:29.143408536Z', 'message': {'role': 'assistant', 'content': 'Poorly'}, 'done': True, 'done_reason': 'stop', 'total_duration': 4111298929, 'load_duration': 141434782, 'prompt_eval_count': 844, 'prompt_eval_duration': 2014317117, 'eval_count': 4, 'eval_duration': 1672436531}
Response: Poorly
Analyzing frame 17/19...
Prompt: Given the scenario shown on the video, you think this situation ends well or poorly? (Use only one word to answer)
Image size: 33084 bytes
Response status code: 200
{'model': 'mistral-small3.2', 'created_at': '2025-12-04T18:01:34.226069017Z', 'message': {'role': 'assistant', 'content': 'Poorly'}, 'done': True, 'done_reason': 'stop', 'total_duration': 4042161025, 'load_duration': 177748517, 'prompt_eval_count': 844, 'prompt_eval_duration': 2004319203, 'eval_count': 4, 'eval_duration': 1577715003}
Response: Poorly
Analyzing frame 18/19...
Prompt: Given the scenario shown on the video, you think this situation ends well or poorly? (Use only one word to answer)
Image size: 33084 bytes
Response status code: 200
{'model': 'mistral-small3.2', 'created_at': '2025-12-04T18:01:39.262874881Z', 'message': {'role': 'assistant', 'content': 'Poorly'}, 'done': True, 'done_reason': 'stop', 'total_duration': 3987277511, 'load_duration': 147348666, 'prompt_eval_count': 844, 'prompt_eval_duration': 2010349677, 'eval_count': 4, 'eval_duration': 1562239847}
Response: Poorly
Analyzing frame 19/19...
Prompt: Given the scenario shown on the video, you think this situation ends well or poorly? (Use only one word to answer)
Image size: 33088 bytes
Response status code: 200
{'model': 'mistral-small3.2', 'created_at': '2025-12-04T18:01:44.304790554Z', 'message': {'role': 'assistant', 'content': 'Poorly'}, 'done': True, 'done_reason': 'stop', 'total_duration': 3999725275, 'load_duration': 107625609, 'prompt_eval_count': 844, 'prompt_eval_duration': 2001486383, 'eval_count': 4, 'eval_duration': 1643089879}
Response: Poorly
Final prediction for 57_final.mp4: Poorly

Results saved to ./results/results_mistralsmall32.csv
Total videos processed: 503

==================================================
Processing video 26/30

Processing video: 59_final.mp4
Video info: 270 frames, 30.00 FPS, 9.00 seconds
Extracted 18 frames for analysis
Analyzing frame 1/18...
Prompt: Given the scenario shown on the video, you think this situation ends well or poorly? (Use only one word to answer)
Image size: 21280 bytes
Response status code: 200
{'model': 'mistral-small3.2', 'created_at': '2025-12-04T18:01:48.775307666Z', 'message': {'role': 'assistant', 'content': 'Well'}, 'done': True, 'done_reason': 'stop', 'total_duration': 2941032294, 'load_duration': 107677880, 'prompt_eval_count': 844, 'prompt_eval_duration': 2010883968, 'eval_count': 2, 'eval_duration': 558666197}
Response: Well
Analyzing frame 2/18...
Prompt: Given the scenario shown on the video, you think this situation ends well or poorly? (Use only one word to answer)
Image size: 21644 bytes
Response status code: 200
{'model': 'mistral-small3.2', 'created_at': '2025-12-04T18:01:53.870909318Z', 'message': {'role': 'assistant', 'content': 'Poorly'}, 'done': True, 'done_reason': 'stop', 'total_duration': 4055484023, 'load_duration': 128604177, 'prompt_eval_count': 844, 'prompt_eval_duration': 1999691408, 'eval_count': 4, 'eval_duration': 1646634874}
Response: Poorly
Analyzing frame 3/18...
Prompt: Given the scenario shown on the video, you think this situation ends well or poorly? (Use only one word to answer)
Image size: 21764 bytes
Response status code: 200
{'model': 'mistral-small3.2', 'created_at': '2025-12-04T18:01:57.860371489Z', 'message': {'role': 'assistant', 'content': 'Well'}, 'done': True, 'done_reason': 'stop', 'total_duration': 2953419838, 'load_duration': 145751455, 'prompt_eval_count': 844, 'prompt_eval_duration': 2008769204, 'eval_count': 2, 'eval_duration': 549207208}
Response: Well
Analyzing frame 4/18...
Prompt: Given the scenario shown on the video, you think this situation ends well or poorly? (Use only one word to answer)
Image size: 22084 bytes
Response status code: 200
{'model': 'mistral-small3.2', 'created_at': '2025-12-04T18:02:01.832481002Z', 'message': {'role': 'assistant', 'content': 'Well'}, 'done': True, 'done_reason': 'stop', 'total_duration': 2933770119, 'load_duration': 105406275, 'prompt_eval_count': 844, 'prompt_eval_duration': 2010051688, 'eval_count': 2, 'eval_duration': 562440078}
Response: Well
Analyzing frame 5/18...
Prompt: Given the scenario shown on the video, you think this situation ends well or poorly? (Use only one word to answer)
Image size: 22192 bytes
Response status code: 200
{'model': 'mistral-small3.2', 'created_at': '2025-12-04T18:02:05.845582426Z', 'message': {'role': 'assistant', 'content': 'Well'}, 'done': True, 'done_reason': 'stop', 'total_duration': 2969535758, 'load_duration': 147267792, 'prompt_eval_count': 844, 'prompt_eval_duration': 2010730060, 'eval_count': 2, 'eval_duration': 558088270}
Response: Well
Analyzing frame 6/18...
Prompt: Given the scenario shown on the video, you think this situation ends well or poorly? (Use only one word to answer)
Image size: 22328 bytes
Response status code: 200
{'model': 'mistral-small3.2', 'created_at': '2025-12-04T18:02:09.809720168Z', 'message': {'role': 'assistant', 'content': 'Well'}, 'done': True, 'done_reason': 'stop', 'total_duration': 2923169765, 'load_duration': 152311477, 'prompt_eval_count': 844, 'prompt_eval_duration': 1999253831, 'eval_count': 2, 'eval_duration': 493491157}
Response: Well
Analyzing frame 7/18...
Prompt: Given the scenario shown on the video, you think this situation ends well or poorly? (Use only one word to answer)
Image size: 22328 bytes
Response status code: 200
{'model': 'mistral-small3.2', 'created_at': '2025-12-04T18:02:13.753525406Z', 'message': {'role': 'assistant', 'content': 'Well'}, 'done': True, 'done_reason': 'stop', 'total_duration': 2906344066, 'load_duration': 105496013, 'prompt_eval_count': 844, 'prompt_eval_duration': 1997314010, 'eval_count': 2, 'eval_duration': 554855900}
Response: Well
Analyzing frame 8/18...
Prompt: Given the scenario shown on the video, you think this situation ends well or poorly? (Use only one word to answer)
Image size: 21204 bytes
Response status code: 200
{'model': 'mistral-small3.2', 'created_at': '2025-12-04T18:02:18.376466088Z', 'message': {'role': 'assistant', 'content': 'poorly'}, 'done': True, 'done_reason': 'stop', 'total_duration': 3581400555, 'load_duration': 166122833, 'prompt_eval_count': 844, 'prompt_eval_duration': 2011642011, 'eval_count': 3, 'eval_duration': 1122732402}
Response: poorly
Analyzing frame 9/18...
Prompt: Given the scenario shown on the video, you think this situation ends well or poorly? (Use only one word to answer)
Image size: 21332 bytes
Response status code: 200
{'model': 'mistral-small3.2', 'created_at': '2025-12-04T18:02:23.569749209Z', 'message': {'role': 'assistant', 'content': 'Poorly'}, 'done': True, 'done_reason': 'stop', 'total_duration': 4154320746, 'load_duration': 173997093, 'prompt_eval_count': 844, 'prompt_eval_duration': 2024254757, 'eval_count': 4, 'eval_duration': 1672527865}
Response: Poorly
Analyzing frame 10/18...
Prompt: Given the scenario shown on the video, you think this situation ends well or poorly? (Use only one word to answer)
Image size: 21384 bytes
Response status code: 200
{'model': 'mistral-small3.2', 'created_at': '2025-12-04T18:02:27.533282909Z', 'message': {'role': 'assistant', 'content': 'Well'}, 'done': True, 'done_reason': 'stop', 'total_duration': 2925097129, 'load_duration': 104938519, 'prompt_eval_count': 844, 'prompt_eval_duration': 2009701177, 'eval_count': 2, 'eval_duration': 559648774}
Response: Well
Analyzing frame 11/18...
Prompt: Given the scenario shown on the video, you think this situation ends well or poorly? (Use only one word to answer)
Image size: 21748 bytes
Response status code: 200
{'model': 'mistral-small3.2', 'created_at': '2025-12-04T18:02:31.6271522Z', 'message': {'role': 'assistant', 'content': 'Well'}, 'done': True, 'done_reason': 'stop', 'total_duration': 3054839973, 'load_duration': 201273230, 'prompt_eval_count': 844, 'prompt_eval_duration': 2018584916, 'eval_count': 2, 'eval_duration': 558073839}
Response: Well
Analyzing frame 12/18...
Prompt: Given the scenario shown on the video, you think this situation ends well or poorly? (Use only one word to answer)
Image size: 21912 bytes
Response status code: 200
{'model': 'mistral-small3.2', 'created_at': '2025-12-04T18:02:36.713676102Z', 'message': {'role': 'assistant', 'content': 'Poorly'}, 'done': True, 'done_reason': 'stop', 'total_duration': 4047874513, 'load_duration': 129649424, 'prompt_eval_count': 844, 'prompt_eval_duration': 2001182521, 'eval_count': 4, 'eval_duration': 1656284666}
Response: Poorly
Analyzing frame 13/18...
Prompt: Given the scenario shown on the video, you think this situation ends well or poorly? (Use only one word to answer)
Image size: 22176 bytes
Response status code: 200
{'model': 'mistral-small3.2', 'created_at': '2025-12-04T18:02:41.553771387Z', 'message': {'role': 'assistant', 'content': 'Poorly'}, 'done': True, 'done_reason': 'stop', 'total_duration': 3800128705, 'load_duration': 104792998, 'prompt_eval_count': 844, 'prompt_eval_duration': 1998291091, 'eval_count': 4, 'eval_duration': 1454047503}
Response: Poorly
Analyzing frame 14/18...
Prompt: Given the scenario shown on the video, you think this situation ends well or poorly? (Use only one word to answer)
Image size: 22184 bytes
Response status code: 200
{'model': 'mistral-small3.2', 'created_at': '2025-12-04T18:02:46.500184835Z', 'message': {'role': 'assistant', 'content': 'Poorly'}, 'done': True, 'done_reason': 'stop', 'total_duration': 3906130826, 'load_duration': 141888302, 'prompt_eval_count': 844, 'prompt_eval_duration': 1994971176, 'eval_count': 4, 'eval_duration': 1502725244}
Response: Poorly
Analyzing frame 15/18...
Prompt: Given the scenario shown on the video, you think this situation ends well or poorly? (Use only one word to answer)
Image size: 22180 bytes
Response status code: 200
{'model': 'mistral-small3.2', 'created_at': '2025-12-04T18:02:51.074244888Z', 'message': {'role': 'assistant', 'content': 'poorly'}, 'done': True, 'done_reason': 'stop', 'total_duration': 3534628552, 'load_duration': 130575946, 'prompt_eval_count': 844, 'prompt_eval_duration': 2011955043, 'eval_count': 3, 'eval_duration': 1121705455}
Response: poorly
Analyzing frame 16/18...
Prompt: Given the scenario shown on the video, you think this situation ends well or poorly? (Use only one word to answer)
Image size: 22192 bytes
Response status code: 200
{'model': 'mistral-small3.2', 'created_at': '2025-12-04T18:02:55.646669225Z', 'message': {'role': 'assistant', 'content': 'Poorly'}, 'done': True, 'done_reason': 'stop', 'total_duration': 3532765544, 'load_duration': 105786078, 'prompt_eval_count': 844, 'prompt_eval_duration': 1998850610, 'eval_count': 4, 'eval_duration': 1144705760}
Response: Poorly
Analyzing frame 17/18...
Prompt: Given the scenario shown on the video, you think this situation ends well or poorly? (Use only one word to answer)
Image size: 22164 bytes
Response status code: 200
{'model': 'mistral-small3.2', 'created_at': '2025-12-04T18:03:00.702885607Z', 'message': {'role': 'assistant', 'content': 'Poorly'}, 'done': True, 'done_reason': 'stop', 'total_duration': 4020789739, 'load_duration': 128640319, 'prompt_eval_count': 844, 'prompt_eval_duration': 2009814926, 'eval_count': 4, 'eval_duration': 1609129073}
Response: Poorly
Analyzing frame 18/18...
Prompt: Given the scenario shown on the video, you think this situation ends well or poorly? (Use only one word to answer)
Image size: 22172 bytes
Response status code: 200
{'model': 'mistral-small3.2', 'created_at': '2025-12-04T18:03:05.797343066Z', 'message': {'role': 'assistant', 'content': 'Poorly'}, 'done': True, 'done_reason': 'stop', 'total_duration': 4054344468, 'load_duration': 118910416, 'prompt_eval_count': 844, 'prompt_eval_duration': 2004334977, 'eval_count': 4, 'eval_duration': 1655341563}
Response: Poorly
Final prediction for 59_final.mp4: Well

Results saved to ./results/results_mistralsmall32.csv
Total videos processed: 521

==================================================
Processing video 27/30

Processing video: 60_final.mp4
Video info: 270 frames, 30.00 FPS, 9.00 seconds
Extracted 18 frames for analysis
Analyzing frame 1/18...
Prompt: Given the scenario shown on the video, you think this situation ends well or poorly? (Use only one word to answer)
Image size: 57628 bytes
Response status code: 200
{'model': 'mistral-small3.2', 'created_at': '2025-12-04T18:03:11.139352178Z', 'message': {'role': 'assistant', 'content': 'Well'}, 'done': True, 'done_reason': 'stop', 'total_duration': 2961804884, 'load_duration': 141180554, 'prompt_eval_count': 844, 'prompt_eval_duration': 1997777167, 'eval_count': 2, 'eval_duration': 553594321}
Response: Well
Analyzing frame 2/18...
Prompt: Given the scenario shown on the video, you think this situation ends well or poorly? (Use only one word to answer)
Image size: 56592 bytes
Response status code: 200
{'model': 'mistral-small3.2', 'created_at': '2025-12-04T18:03:15.143784003Z', 'message': {'role': 'assistant', 'content': 'Well'}, 'done': True, 'done_reason': 'stop', 'total_duration': 2965970803, 'load_duration': 133470731, 'prompt_eval_count': 844, 'prompt_eval_duration': 2016230388, 'eval_count': 2, 'eval_duration': 557958128}
Response: Well
Analyzing frame 3/18...
Prompt: Given the scenario shown on the video, you think this situation ends well or poorly? (Use only one word to answer)
Image size: 57196 bytes
Response status code: 200
{'model': 'mistral-small3.2', 'created_at': '2025-12-04T18:03:19.182064889Z', 'message': {'role': 'assistant', 'content': 'Well'}, 'done': True, 'done_reason': 'stop', 'total_duration': 2999989285, 'load_duration': 152951723, 'prompt_eval_count': 844, 'prompt_eval_duration': 2009714829, 'eval_count': 2, 'eval_duration': 560968412}
Response: Well
Analyzing frame 4/18...
Prompt: Given the scenario shown on the video, you think this situation ends well or poorly? (Use only one word to answer)
Image size: 56696 bytes
Response status code: 200
{'model': 'mistral-small3.2', 'created_at': '2025-12-04T18:03:23.258573007Z', 'message': {'role': 'assistant', 'content': 'Well'}, 'done': True, 'done_reason': 'stop', 'total_duration': 3035131857, 'load_duration': 160544402, 'prompt_eval_count': 844, 'prompt_eval_duration': 2009855319, 'eval_count': 2, 'eval_duration': 575446483}
Response: Well
Analyzing frame 5/18...
Prompt: Given the scenario shown on the video, you think this situation ends well or poorly? (Use only one word to answer)
Image size: 57680 bytes
Response status code: 200
{'model': 'mistral-small3.2', 'created_at': '2025-12-04T18:03:27.281787622Z', 'message': {'role': 'assistant', 'content': 'Well'}, 'done': True, 'done_reason': 'stop', 'total_duration': 2981099756, 'load_duration': 137042052, 'prompt_eval_count': 844, 'prompt_eval_duration': 2014948181, 'eval_count': 2, 'eval_duration': 550696160}
Response: Well
Analyzing frame 6/18...
Prompt: Given the scenario shown on the video, you think this situation ends well or poorly? (Use only one word to answer)
Image size: 56032 bytes
Response status code: 200
{'model': 'mistral-small3.2', 'created_at': '2025-12-04T18:03:31.21909185Z', 'message': {'role': 'assistant', 'content': 'Well'}, 'done': True, 'done_reason': 'stop', 'total_duration': 2892131322, 'load_duration': 105188530, 'prompt_eval_count': 844, 'prompt_eval_duration': 1998914901, 'eval_count': 2, 'eval_duration': 552453749}
Response: Well
Analyzing frame 7/18...
Prompt: Given the scenario shown on the video, you think this situation ends well or poorly? (Use only one word to answer)
Image size: 54896 bytes
Response status code: 200
{'model': 'mistral-small3.2', 'created_at': '2025-12-04T18:03:35.281807559Z', 'message': {'role': 'assistant', 'content': 'Well'}, 'done': True, 'done_reason': 'stop', 'total_duration': 3020199972, 'load_duration': 164374149, 'prompt_eval_count': 844, 'prompt_eval_duration': 2016828570, 'eval_count': 2, 'eval_duration': 556548165}
Response: Well
Analyzing frame 8/18...
Prompt: Given the scenario shown on the video, you think this situation ends well or poorly? (Use only one word to answer)
Image size: 51100 bytes
Response status code: 200
{'model': 'mistral-small3.2', 'created_at': '2025-12-04T18:03:40.356223151Z', 'message': {'role': 'assistant', 'content': 'Poorly'}, 'done': True, 'done_reason': 'stop', 'total_duration': 4032655219, 'load_duration': 172990766, 'prompt_eval_count': 844, 'prompt_eval_duration': 2007929359, 'eval_count': 4, 'eval_duration': 1561348138}
Response: Poorly
Analyzing frame 9/18...
Prompt: Given the scenario shown on the video, you think this situation ends well or poorly? (Use only one word to answer)
Image size: 49072 bytes
Response status code: 200
{'model': 'mistral-small3.2', 'created_at': '2025-12-04T18:03:45.488894119Z', 'message': {'role': 'assistant', 'content': 'Poorly'}, 'done': True, 'done_reason': 'stop', 'total_duration': 4089573022, 'load_duration': 135346697, 'prompt_eval_count': 844, 'prompt_eval_duration': 2015760865, 'eval_count': 4, 'eval_duration': 1668042841}
Response: Poorly
Analyzing frame 10/18...
Prompt: Given the scenario shown on the video, you think this situation ends well or poorly? (Use only one word to answer)
Image size: 44804 bytes
Response status code: 200
{'model': 'mistral-small3.2', 'created_at': '2025-12-04T18:03:50.595012932Z', 'message': {'role': 'assistant', 'content': 'Poorly'}, 'done': True, 'done_reason': 'stop', 'total_duration': 4067428694, 'load_duration': 131190993, 'prompt_eval_count': 844, 'prompt_eval_duration': 2004318613, 'eval_count': 4, 'eval_duration': 1669731430}
Response: Poorly
Analyzing frame 11/18...
Prompt: Given the scenario shown on the video, you think this situation ends well or poorly? (Use only one word to answer)
Image size: 43936 bytes
Response status code: 200
{'model': 'mistral-small3.2', 'created_at': '2025-12-04T18:03:55.804990517Z', 'message': {'role': 'assistant', 'content': 'Poorly'}, 'done': True, 'done_reason': 'stop', 'total_duration': 4170700971, 'load_duration': 126200707, 'prompt_eval_count': 844, 'prompt_eval_duration': 2030630295, 'eval_count': 4, 'eval_duration': 1736014570}
Response: Poorly
Analyzing frame 12/18...
Prompt: Given the scenario shown on the video, you think this situation ends well or poorly? (Use only one word to answer)
Image size: 42516 bytes
Response status code: 200
{'model': 'mistral-small3.2', 'created_at': '2025-12-04T18:04:00.94732631Z', 'message': {'role': 'assistant', 'content': 'Poorly'}, 'done': True, 'done_reason': 'stop', 'total_duration': 4100559122, 'load_duration': 144825265, 'prompt_eval_count': 844, 'prompt_eval_duration': 2019384523, 'eval_count': 4, 'eval_duration': 1681881480}
Response: Poorly
Analyzing frame 13/18...
Prompt: Given the scenario shown on the video, you think this situation ends well or poorly? (Use only one word to answer)
Image size: 40152 bytes
Response status code: 200
{'model': 'mistral-small3.2', 'created_at': '2025-12-04T18:04:04.951778565Z', 'message': {'role': 'assistant', 'content': 'Well'}, 'done': True, 'done_reason': 'stop', 'total_duration': 2962529431, 'load_duration': 127250586, 'prompt_eval_count': 844, 'prompt_eval_duration': 2000159322, 'eval_count': 2, 'eval_duration': 554838106}
Response: Well
Analyzing frame 14/18...
Prompt: Given the scenario shown on the video, you think this situation ends well or poorly? (Use only one word to answer)
Image size: 40184 bytes
Response status code: 200
{'model': 'mistral-small3.2', 'created_at': '2025-12-04T18:04:10.092742913Z', 'message': {'role': 'assistant', 'content': 'Poorly'}, 'done': True, 'done_reason': 'stop', 'total_duration': 4097707660, 'load_duration': 136381687, 'prompt_eval_count': 844, 'prompt_eval_duration': 2007376403, 'eval_count': 4, 'eval_duration': 1674869857}
Response: Poorly
Analyzing frame 15/18...
Prompt: Given the scenario shown on the video, you think this situation ends well or poorly? (Use only one word to answer)
Image size: 40204 bytes
Response status code: 200
{'model': 'mistral-small3.2', 'created_at': '2025-12-04T18:04:14.136571708Z', 'message': {'role': 'assistant', 'content': 'Well'}, 'done': True, 'done_reason': 'stop', 'total_duration': 3004045576, 'load_duration': 163967303, 'prompt_eval_count': 844, 'prompt_eval_duration': 2005474326, 'eval_count': 2, 'eval_duration': 561961966}
Response: Well
Analyzing frame 16/18...
Prompt: Given the scenario shown on the video, you think this situation ends well or poorly? (Use only one word to answer)
Image size: 40180 bytes
Response status code: 200
{'model': 'mistral-small3.2', 'created_at': '2025-12-04T18:04:19.257058031Z', 'message': {'role': 'assistant', 'content': 'Poorly'}, 'done': True, 'done_reason': 'stop', 'total_duration': 4078196716, 'load_duration': 125015317, 'prompt_eval_count': 844, 'prompt_eval_duration': 2009800389, 'eval_count': 4, 'eval_duration': 1675119437}
Response: Poorly
Analyzing frame 17/18...
Prompt: Given the scenario shown on the video, you think this situation ends well or poorly? (Use only one word to answer)
Image size: 40192 bytes
Response status code: 200
{'model': 'mistral-small3.2', 'created_at': '2025-12-04T18:04:24.414887006Z', 'message': {'role': 'assistant', 'content': 'Poorly'}, 'done': True, 'done_reason': 'stop', 'total_duration': 4116665599, 'load_duration': 149179773, 'prompt_eval_count': 844, 'prompt_eval_duration': 2010745481, 'eval_count': 4, 'eval_duration': 1675007633}
Response: Poorly
Analyzing frame 18/18...
Prompt: Given the scenario shown on the video, you think this situation ends well or poorly? (Use only one word to answer)
Image size: 40204 bytes
Response status code: 200
{'model': 'mistral-small3.2', 'created_at': '2025-12-04T18:04:29.399169299Z', 'message': {'role': 'assistant', 'content': 'Poorly'}, 'done': True, 'done_reason': 'stop', 'total_duration': 3942081975, 'load_duration': 146419610, 'prompt_eval_count': 844, 'prompt_eval_duration': 2015091178, 'eval_count': 4, 'eval_duration': 1506599179}
Response: Poorly
Final prediction for 60_final.mp4: Well

Results saved to ./results/results_mistralsmall32.csv
Total videos processed: 539

==================================================
Processing video 28/30

Processing video: 6_final.mp4
Video info: 184 frames, 30.00 FPS, 6.13 seconds
Extracted 13 frames for analysis
Analyzing frame 1/13...
Prompt: Given the scenario shown on the video, you think this situation ends well or poorly? (Use only one word to answer)
Image size: 24552 bytes
Response status code: 200
{'model': 'mistral-small3.2', 'created_at': '2025-12-04T18:04:35.00299461Z', 'message': {'role': 'assistant', 'content': 'Poorly'}, 'done': True, 'done_reason': 'stop', 'total_duration': 4027520892, 'load_duration': 100280195, 'prompt_eval_count': 844, 'prompt_eval_duration': 2006658031, 'eval_count': 4, 'eval_duration': 1674061056}
Response: Poorly
Analyzing frame 2/13...
Prompt: Given the scenario shown on the video, you think this situation ends well or poorly? (Use only one word to answer)
Image size: 24704 bytes
Response status code: 200
{'model': 'mistral-small3.2', 'created_at': '2025-12-04T18:04:40.004231706Z', 'message': {'role': 'assistant', 'content': 'Poorly'}, 'done': True, 'done_reason': 'stop', 'total_duration': 3959401602, 'load_duration': 143925781, 'prompt_eval_count': 844, 'prompt_eval_duration': 2002308006, 'eval_count': 4, 'eval_duration': 1563391982}
Response: Poorly
Analyzing frame 3/13...
Prompt: Given the scenario shown on the video, you think this situation ends well or poorly? (Use only one word to answer)
Image size: 25440 bytes
Response status code: 200
{'model': 'mistral-small3.2', 'created_at': '2025-12-04T18:04:45.18826625Z', 'message': {'role': 'assistant', 'content': 'Poorly'}, 'done': True, 'done_reason': 'stop', 'total_duration': 4143532403, 'load_duration': 169713392, 'prompt_eval_count': 844, 'prompt_eval_duration': 2006552834, 'eval_count': 4, 'eval_duration': 1694166238}
Response: Poorly
Analyzing frame 4/13...
Prompt: Given the scenario shown on the video, you think this situation ends well or poorly? (Use only one word to answer)
Image size: 25292 bytes
Response status code: 200
{'model': 'mistral-small3.2', 'created_at': '2025-12-04T18:04:50.241161578Z', 'message': {'role': 'assistant', 'content': 'Poorly'}, 'done': True, 'done_reason': 'stop', 'total_duration': 4010099275, 'load_duration': 112850470, 'prompt_eval_count': 844, 'prompt_eval_duration': 1999803771, 'eval_count': 4, 'eval_duration': 1645130169}
Response: Poorly
Analyzing frame 5/13...
Prompt: Given the scenario shown on the video, you think this situation ends well or poorly? (Use only one word to answer)
Image size: 24136 bytes
Response status code: 200
{'model': 'mistral-small3.2', 'created_at': '2025-12-04T18:04:54.249793337Z', 'message': {'role': 'assistant', 'content': 'Well'}, 'done': True, 'done_reason': 'stop', 'total_duration': 2967306622, 'load_duration': 143568170, 'prompt_eval_count': 844, 'prompt_eval_duration': 2012975238, 'eval_count': 2, 'eval_duration': 554813694}
Response: Well
Analyzing frame 6/13...
Prompt: Given the scenario shown on the video, you think this situation ends well or poorly? (Use only one word to answer)
Image size: 22548 bytes
Response status code: 200
{'model': 'mistral-small3.2', 'created_at': '2025-12-04T18:04:58.306597497Z', 'message': {'role': 'assistant', 'content': 'Well'}, 'done': True, 'done_reason': 'stop', 'total_duration': 3014931230, 'load_duration': 172649957, 'prompt_eval_count': 844, 'prompt_eval_duration': 2001077991, 'eval_count': 2, 'eval_duration': 553392447}
Response: Well
Analyzing frame 7/13...
Prompt: Given the scenario shown on the video, you think this situation ends well or poorly? (Use only one word to answer)
Image size: 22744 bytes
Response status code: 200
{'model': 'mistral-small3.2', 'created_at': '2025-12-04T18:05:03.431743744Z', 'message': {'role': 'assistant', 'content': 'Poorly'}, 'done': True, 'done_reason': 'stop', 'total_duration': 4083731732, 'load_duration': 135741014, 'prompt_eval_count': 844, 'prompt_eval_duration': 2009345392, 'eval_count': 4, 'eval_duration': 1682203153}
Response: Poorly
Analyzing frame 8/13...
Prompt: Given the scenario shown on the video, you think this situation ends well or poorly? (Use only one word to answer)
Image size: 22648 bytes
Response status code: 200
{'model': 'mistral-small3.2', 'created_at': '2025-12-04T18:05:08.541860299Z', 'message': {'role': 'assistant', 'content': 'Poorly'}, 'done': True, 'done_reason': 'stop', 'total_duration': 4070603758, 'load_duration': 123266332, 'prompt_eval_count': 844, 'prompt_eval_duration': 2007090979, 'eval_count': 4, 'eval_duration': 1672677618}
Response: Poorly
Analyzing frame 9/13...
Prompt: Given the scenario shown on the video, you think this situation ends well or poorly? (Use only one word to answer)
Image size: 22632 bytes
Response status code: 200
{'model': 'mistral-small3.2', 'created_at': '2025-12-04T18:05:13.6624701Z', 'message': {'role': 'assistant', 'content': 'Poorly'}, 'done': True, 'done_reason': 'stop', 'total_duration': 4079628000, 'load_duration': 124192902, 'prompt_eval_count': 844, 'prompt_eval_duration': 2008157697, 'eval_count': 4, 'eval_duration': 1667566631}
Response: Poorly
Analyzing frame 10/13...
Prompt: Given the scenario shown on the video, you think this situation ends well or poorly? (Use only one word to answer)
Image size: 22652 bytes
Response status code: 200
{'model': 'mistral-small3.2', 'created_at': '2025-12-04T18:05:18.741961608Z', 'message': {'role': 'assistant', 'content': 'Poorly'}, 'done': True, 'done_reason': 'stop', 'total_duration': 4038490231, 'load_duration': 108455059, 'prompt_eval_count': 844, 'prompt_eval_duration': 2008099437, 'eval_count': 4, 'eval_duration': 1672355885}
Response: Poorly
Analyzing frame 11/13...
Prompt: Given the scenario shown on the video, you think this situation ends well or poorly? (Use only one word to answer)
Image size: 22652 bytes
Response status code: 200
{'model': 'mistral-small3.2', 'created_at': '2025-12-04T18:05:23.912227112Z', 'message': {'role': 'assistant', 'content': 'Poorly'}, 'done': True, 'done_reason': 'stop', 'total_duration': 4127846210, 'load_duration': 153558344, 'prompt_eval_count': 844, 'prompt_eval_duration': 2005536486, 'eval_count': 4, 'eval_duration': 1693246181}
Response: Poorly
Analyzing frame 12/13...
Prompt: Given the scenario shown on the video, you think this situation ends well or poorly? (Use only one word to answer)
Image size: 22648 bytes
Response status code: 200
{'model': 'mistral-small3.2', 'created_at': '2025-12-04T18:05:28.996174953Z', 'message': {'role': 'assistant', 'content': 'Poorly'}, 'done': True, 'done_reason': 'stop', 'total_duration': 4043547622, 'load_duration': 149526231, 'prompt_eval_count': 844, 'prompt_eval_duration': 2007603147, 'eval_count': 4, 'eval_duration': 1611034038}
Response: Poorly
Analyzing frame 13/13...
Prompt: Given the scenario shown on the video, you think this situation ends well or poorly? (Use only one word to answer)
Image size: 22644 bytes
Response status code: 200
{'model': 'mistral-small3.2', 'created_at': '2025-12-04T18:05:34.009223306Z', 'message': {'role': 'assistant', 'content': 'Poorly'}, 'done': True, 'done_reason': 'stop', 'total_duration': 3972728483, 'load_duration': 132792909, 'prompt_eval_count': 844, 'prompt_eval_duration': 2002642517, 'eval_count': 4, 'eval_duration': 1562378139}
Response: Poorly
Final prediction for 6_final.mp4: Poorly

Results saved to ./results/results_mistralsmall32.csv
Total videos processed: 552

==================================================
Processing video 29/30

Processing video: 7_final.mp4
Video info: 244 frames, 30.00 FPS, 8.13 seconds
Extracted 17 frames for analysis
Analyzing frame 1/17...
Prompt: Given the scenario shown on the video, you think this situation ends well or poorly? (Use only one word to answer)
Image size: 18156 bytes
Response status code: 200
{'model': 'mistral-small3.2', 'created_at': '2025-12-04T18:05:39.84707012Z', 'message': {'role': 'assistant', 'content': 'Poorly'}, 'done': True, 'done_reason': 'stop', 'total_duration': 4147079426, 'load_duration': 125133472, 'prompt_eval_count': 844, 'prompt_eval_duration': 2012873639, 'eval_count': 4, 'eval_duration': 1724123214}
Response: Poorly
Analyzing frame 2/17...
Prompt: Given the scenario shown on the video, you think this situation ends well or poorly? (Use only one word to answer)
Image size: 18568 bytes
Response status code: 200
{'model': 'mistral-small3.2', 'created_at': '2025-12-04T18:05:44.372642206Z', 'message': {'role': 'assistant', 'content': 'poorly'}, 'done': True, 'done_reason': 'stop', 'total_duration': 3487924120, 'load_duration': 105093173, 'prompt_eval_count': 844, 'prompt_eval_duration': 2000237055, 'eval_count': 3, 'eval_duration': 1100025100}
Response: poorly
Analyzing frame 3/17...
Prompt: Given the scenario shown on the video, you think this situation ends well or poorly? (Use only one word to answer)
Image size: 18940 bytes
Response status code: 200
{'model': 'mistral-small3.2', 'created_at': '2025-12-04T18:05:49.534400431Z', 'message': {'role': 'assistant', 'content': 'Poorly'}, 'done': True, 'done_reason': 'stop', 'total_duration': 4120040090, 'load_duration': 166867931, 'prompt_eval_count': 844, 'prompt_eval_duration': 2008934157, 'eval_count': 4, 'eval_duration': 1669317559}
Response: Poorly
Analyzing frame 4/17...
Prompt: Given the scenario shown on the video, you think this situation ends well or poorly? (Use only one word to answer)
Image size: 19036 bytes
Response status code: 200
{'model': 'mistral-small3.2', 'created_at': '2025-12-04T18:05:54.712681146Z', 'message': {'role': 'assistant', 'content': 'Poorly'}, 'done': True, 'done_reason': 'stop', 'total_duration': 4137329348, 'load_duration': 135782906, 'prompt_eval_count': 844, 'prompt_eval_duration': 2017245550, 'eval_count': 4, 'eval_duration': 1692935031}
Response: Poorly
Analyzing frame 5/17...
Prompt: Given the scenario shown on the video, you think this situation ends well or poorly? (Use only one word to answer)
Image size: 19112 bytes
Response status code: 200
{'model': 'mistral-small3.2', 'created_at': '2025-12-04T18:05:59.893407984Z', 'message': {'role': 'assistant', 'content': 'Poorly'}, 'done': True, 'done_reason': 'stop', 'total_duration': 4139136897, 'load_duration': 163170489, 'prompt_eval_count': 844, 'prompt_eval_duration': 2023932276, 'eval_count': 4, 'eval_duration': 1671768948}
Response: Poorly
Analyzing frame 6/17...
Prompt: Given the scenario shown on the video, you think this situation ends well or poorly? (Use only one word to answer)
Image size: 19152 bytes
Response status code: 200
{'model': 'mistral-small3.2', 'created_at': '2025-12-04T18:06:04.787465196Z', 'message': {'role': 'assistant', 'content': 'Poorly'}, 'done': True, 'done_reason': 'stop', 'total_duration': 3852843410, 'load_duration': 121112700, 'prompt_eval_count': 844, 'prompt_eval_duration': 1999665294, 'eval_count': 4, 'eval_duration': 1454263062}
Response: Poorly
Analyzing frame 7/17...
Prompt: Given the scenario shown on the video, you think this situation ends well or poorly? (Use only one word to answer)
Image size: 18908 bytes
Response status code: 200
{'model': 'mistral-small3.2', 'created_at': '2025-12-04T18:06:10.02732205Z', 'message': {'role': 'assistant', 'content': 'Poorly'}, 'done': True, 'done_reason': 'stop', 'total_duration': 4198479095, 'load_duration': 163899889, 'prompt_eval_count': 844, 'prompt_eval_duration': 2008310915, 'eval_count': 4, 'eval_duration': 1744553707}
Response: Poorly
Analyzing frame 8/17...
Prompt: Given the scenario shown on the video, you think this situation ends well or poorly? (Use only one word to answer)
Image size: 18444 bytes
Response status code: 200
{'model': 'mistral-small3.2', 'created_at': '2025-12-04T18:06:15.13938615Z', 'message': {'role': 'assistant', 'content': 'Poorly'}, 'done': True, 'done_reason': 'stop', 'total_duration': 4071182743, 'load_duration': 148706237, 'prompt_eval_count': 844, 'prompt_eval_duration': 2011919624, 'eval_count': 4, 'eval_duration': 1634623833}
Response: Poorly
Analyzing frame 9/17...
Prompt: Given the scenario shown on the video, you think this situation ends well or poorly? (Use only one word to answer)
Image size: 18492 bytes
Response status code: 200
{'model': 'mistral-small3.2', 'created_at': '2025-12-04T18:06:20.211511278Z', 'message': {'role': 'assistant', 'content': 'Poorly'}, 'done': True, 'done_reason': 'stop', 'total_duration': 4032939115, 'load_duration': 125832259, 'prompt_eval_count': 844, 'prompt_eval_duration': 2000395167, 'eval_count': 4, 'eval_duration': 1626061694}
Response: Poorly
Analyzing frame 10/17...
Prompt: Given the scenario shown on the video, you think this situation ends well or poorly? (Use only one word to answer)
Image size: 18340 bytes
Response status code: 200
{'model': 'mistral-small3.2', 'created_at': '2025-12-04T18:06:25.325409777Z', 'message': {'role': 'assistant', 'content': 'Poorly'}, 'done': True, 'done_reason': 'stop', 'total_duration': 4072232249, 'load_duration': 150902512, 'prompt_eval_count': 844, 'prompt_eval_duration': 2003058174, 'eval_count': 4, 'eval_duration': 1666176467}
Response: Poorly
Analyzing frame 11/17...
Prompt: Given the scenario shown on the video, you think this situation ends well or poorly? (Use only one word to answer)
Image size: 17280 bytes
Response status code: 200
{'model': 'mistral-small3.2', 'created_at': '2025-12-04T18:06:29.914715397Z', 'message': {'role': 'assistant', 'content': 'poorly'}, 'done': True, 'done_reason': 'stop', 'total_duration': 3550273849, 'load_duration': 149767718, 'prompt_eval_count': 844, 'prompt_eval_duration': 2004584830, 'eval_count': 3, 'eval_duration': 1117287724}
Response: poorly
Analyzing frame 12/17...
Prompt: Given the scenario shown on the video, you think this situation ends well or poorly? (Use only one word to answer)
Image size: 18360 bytes
Response status code: 200
{'model': 'mistral-small3.2', 'created_at': '2025-12-04T18:06:34.528668907Z', 'message': {'role': 'assistant', 'content': 'poorly'}, 'done': True, 'done_reason': 'stop', 'total_duration': 3573286146, 'load_duration': 162349377, 'prompt_eval_count': 844, 'prompt_eval_duration': 2012980473, 'eval_count': 3, 'eval_duration': 1119462725}
Response: poorly
Analyzing frame 13/17...
Prompt: Given the scenario shown on the video, you think this situation ends well or poorly? (Use only one word to answer)
Image size: 18368 bytes
Response status code: 200
{'model': 'mistral-small3.2', 'created_at': '2025-12-04T18:06:39.727135778Z', 'message': {'role': 'assistant', 'content': 'Poorly'}, 'done': True, 'done_reason': 'stop', 'total_duration': 4159030979, 'load_duration': 136416565, 'prompt_eval_count': 844, 'prompt_eval_duration': 2014266347, 'eval_count': 4, 'eval_duration': 1722414868}
Response: Poorly
Analyzing frame 14/17...
Prompt: Given the scenario shown on the video, you think this situation ends well or poorly? (Use only one word to answer)
Image size: 18368 bytes
Response status code: 200
{'model': 'mistral-small3.2', 'created_at': '2025-12-04T18:06:44.268407645Z', 'message': {'role': 'assistant', 'content': 'poorly'}, 'done': True, 'done_reason': 'stop', 'total_duration': 3502388003, 'load_duration': 134267256, 'prompt_eval_count': 844, 'prompt_eval_duration': 2006899933, 'eval_count': 3, 'eval_duration': 1100486861}
Response: poorly
Analyzing frame 15/17...
Prompt: Given the scenario shown on the video, you think this situation ends well or poorly? (Use only one word to answer)
Image size: 18364 bytes
Response status code: 200
{'model': 'mistral-small3.2', 'created_at': '2025-12-04T18:06:49.435794848Z', 'message': {'role': 'assistant', 'content': 'Poorly'}, 'done': True, 'done_reason': 'stop', 'total_duration': 4125153406, 'load_duration': 156236432, 'prompt_eval_count': 844, 'prompt_eval_duration': 2004676408, 'eval_count': 4, 'eval_duration': 1688067550}
Response: Poorly
Analyzing frame 16/17...
Prompt: Given the scenario shown on the video, you think this situation ends well or poorly? (Use only one word to answer)
Image size: 18372 bytes
Response status code: 200
{'model': 'mistral-small3.2', 'created_at': '2025-12-04T18:06:54.529683355Z', 'message': {'role': 'assistant', 'content': 'Poorly'}, 'done': True, 'done_reason': 'stop', 'total_duration': 4052575018, 'load_duration': 146360209, 'prompt_eval_count': 844, 'prompt_eval_duration': 1997573549, 'eval_count': 4, 'eval_duration': 1634505896}
Response: Poorly
Analyzing frame 17/17...
Prompt: Given the scenario shown on the video, you think this situation ends well or poorly? (Use only one word to answer)
Image size: 18372 bytes
Response status code: 200
{'model': 'mistral-small3.2', 'created_at': '2025-12-04T18:06:59.030145444Z', 'message': {'role': 'assistant', 'content': 'poorly'}, 'done': True, 'done_reason': 'stop', 'total_duration': 3460384937, 'load_duration': 104313032, 'prompt_eval_count': 844, 'prompt_eval_duration': 2000876104, 'eval_count': 3, 'eval_duration': 1105387828}
Response: poorly
Final prediction for 7_final.mp4: Poorly

Results saved to ./results/results_mistralsmall32.csv
Total videos processed: 569

==================================================
Processing video 30/30

Processing video: 9_final.mp4
Video info: 296 frames, 30.00 FPS, 9.87 seconds
Extracted 20 frames for analysis
Analyzing frame 1/20...
Prompt: Given the scenario shown on the video, you think this situation ends well or poorly? (Use only one word to answer)
Image size: 16956 bytes
Response status code: 200
{'model': 'mistral-small3.2', 'created_at': '2025-12-04T18:07:04.685351904Z', 'message': {'role': 'assistant', 'content': 'Poorly'}, 'done': True, 'done_reason': 'stop', 'total_duration': 3865716470, 'load_duration': 143408976, 'prompt_eval_count': 844, 'prompt_eval_duration': 2006945166, 'eval_count': 4, 'eval_duration': 1448909908}
Response: Poorly
Analyzing frame 2/20...
Prompt: Given the scenario shown on the video, you think this situation ends well or poorly? (Use only one word to answer)
Image size: 17152 bytes
Response status code: 200
{'model': 'mistral-small3.2', 'created_at': '2025-12-04T18:07:09.889172834Z', 'message': {'role': 'assistant', 'content': 'Poorly'}, 'done': True, 'done_reason': 'stop', 'total_duration': 4165522545, 'load_duration': 145581763, 'prompt_eval_count': 844, 'prompt_eval_duration': 2008367525, 'eval_count': 4, 'eval_duration': 1720248101}
Response: Poorly
Analyzing frame 3/20...
Prompt: Given the scenario shown on the video, you think this situation ends well or poorly? (Use only one word to answer)
Image size: 17140 bytes
Response status code: 200
{'model': 'mistral-small3.2', 'created_at': '2025-12-04T18:07:14.986324302Z', 'message': {'role': 'assistant', 'content': 'Poorly'}, 'done': True, 'done_reason': 'stop', 'total_duration': 4057090295, 'load_duration': 124354190, 'prompt_eval_count': 844, 'prompt_eval_duration': 2003907556, 'eval_count': 4, 'eval_duration': 1676885325}
Response: Poorly
Analyzing frame 4/20...
Prompt: Given the scenario shown on the video, you think this situation ends well or poorly? (Use only one word to answer)
Image size: 17128 bytes
Response status code: 200
{'model': 'mistral-small3.2', 'created_at': '2025-12-04T18:07:20.102356143Z', 'message': {'role': 'assistant', 'content': 'Poorly'}, 'done': True, 'done_reason': 'stop', 'total_duration': 4070989546, 'load_duration': 132858542, 'prompt_eval_count': 844, 'prompt_eval_duration': 2004494743, 'eval_count': 4, 'eval_duration': 1662211393}
Response: Poorly
Analyzing frame 5/20...
Prompt: Given the scenario shown on the video, you think this situation ends well or poorly? (Use only one word to answer)
Image size: 17052 bytes
Response status code: 200
{'model': 'mistral-small3.2', 'created_at': '2025-12-04T18:07:25.242377201Z', 'message': {'role': 'assistant', 'content': 'Poorly'}, 'done': True, 'done_reason': 'stop', 'total_duration': 4099324986, 'load_duration': 140877865, 'prompt_eval_count': 844, 'prompt_eval_duration': 2010513449, 'eval_count': 4, 'eval_duration': 1663576961}
Response: Poorly
Analyzing frame 6/20...
Prompt: Given the scenario shown on the video, you think this situation ends well or poorly? (Use only one word to answer)
Image size: 17080 bytes
Response status code: 200
{'model': 'mistral-small3.2', 'created_at': '2025-12-04T18:07:30.362528227Z', 'message': {'role': 'assistant', 'content': 'Poorly'}, 'done': True, 'done_reason': 'stop', 'total_duration': 4080827351, 'load_duration': 129899735, 'prompt_eval_count': 844, 'prompt_eval_duration': 2018826875, 'eval_count': 4, 'eval_duration': 1684491719}
Response: Poorly
Analyzing frame 7/20...
Prompt: Given the scenario shown on the video, you think this situation ends well or poorly? (Use only one word to answer)
Image size: 17240 bytes
Response status code: 200
{'model': 'mistral-small3.2', 'created_at': '2025-12-04T18:07:35.453795446Z', 'message': {'role': 'assistant', 'content': 'Poorly'}, 'done': True, 'done_reason': 'stop', 'total_duration': 4049855946, 'load_duration': 104333837, 'prompt_eval_count': 844, 'prompt_eval_duration': 2002112902, 'eval_count': 4, 'eval_duration': 1670716804}
Response: Poorly
Analyzing frame 8/20...
Prompt: Given the scenario shown on the video, you think this situation ends well or poorly? (Use only one word to answer)
Image size: 17700 bytes
Response status code: 200
{'model': 'mistral-small3.2', 'created_at': '2025-12-04T18:07:40.594369332Z', 'message': {'role': 'assistant', 'content': 'Poorly'}, 'done': True, 'done_reason': 'stop', 'total_duration': 4100832111, 'load_duration': 130729380, 'prompt_eval_count': 844, 'prompt_eval_duration': 2006526455, 'eval_count': 4, 'eval_duration': 1685009619}
Response: Poorly
Analyzing frame 9/20...
Prompt: Given the scenario shown on the video, you think this situation ends well or poorly? (Use only one word to answer)
Image size: 17572 bytes
Response status code: 200
{'model': 'mistral-small3.2', 'created_at': '2025-12-04T18:07:45.777470168Z', 'message': {'role': 'assistant', 'content': 'Poorly'}, 'done': True, 'done_reason': 'stop', 'total_duration': 4142656053, 'load_duration': 144368533, 'prompt_eval_count': 844, 'prompt_eval_duration': 2009785750, 'eval_count': 4, 'eval_duration': 1722636083}
Response: Poorly
Analyzing frame 10/20...
Prompt: Given the scenario shown on the video, you think this situation ends well or poorly? (Use only one word to answer)
Image size: 17684 bytes
Response status code: 200
{'model': 'mistral-small3.2', 'created_at': '2025-12-04T18:07:50.876903986Z', 'message': {'role': 'assistant', 'content': 'Poorly'}, 'done': True, 'done_reason': 'stop', 'total_duration': 4055825998, 'load_duration': 137361472, 'prompt_eval_count': 844, 'prompt_eval_duration': 1998234727, 'eval_count': 4, 'eval_duration': 1662290244}
Response: Poorly
Analyzing frame 11/20...
Prompt: Given the scenario shown on the video, you think this situation ends well or poorly? (Use only one word to answer)
Image size: 17752 bytes
Response status code: 200
{'model': 'mistral-small3.2', 'created_at': '2025-12-04T18:07:55.967457002Z', 'message': {'role': 'assistant', 'content': 'Poorly'}, 'done': True, 'done_reason': 'stop', 'total_duration': 4047539029, 'load_duration': 122787693, 'prompt_eval_count': 844, 'prompt_eval_duration': 2006792829, 'eval_count': 4, 'eval_duration': 1651396962}
Response: Poorly
Analyzing frame 12/20...
Prompt: Given the scenario shown on the video, you think this situation ends well or poorly? (Use only one word to answer)
Image size: 17668 bytes
Response status code: 200
{'model': 'mistral-small3.2', 'created_at': '2025-12-04T18:08:01.095869198Z', 'message': {'role': 'assistant', 'content': 'Poorly'}, 'done': True, 'done_reason': 'stop', 'total_duration': 4087795557, 'load_duration': 148540690, 'prompt_eval_count': 844, 'prompt_eval_duration': 2004734100, 'eval_count': 4, 'eval_duration': 1653610884}
Response: Poorly
Analyzing frame 13/20...
Prompt: Given the scenario shown on the video, you think this situation ends well or poorly? (Use only one word to answer)
Image size: 17636 bytes
Response status code: 200
{'model': 'mistral-small3.2', 'created_at': '2025-12-04T18:08:06.246902409Z', 'message': {'role': 'assistant', 'content': 'Poorly'}, 'done': True, 'done_reason': 'stop', 'total_duration': 4108981300, 'load_duration': 153748980, 'prompt_eval_count': 844, 'prompt_eval_duration': 2013370550, 'eval_count': 4, 'eval_duration': 1661548400}
Response: Poorly
Analyzing frame 14/20...
Prompt: Given the scenario shown on the video, you think this situation ends well or poorly? (Use only one word to answer)
Image size: 17668 bytes
Response status code: 200
{'model': 'mistral-small3.2', 'created_at': '2025-12-04T18:08:11.294416128Z', 'message': {'role': 'assistant', 'content': 'Poorly'}, 'done': True, 'done_reason': 'stop', 'total_duration': 4004957500, 'load_duration': 127513813, 'prompt_eval_count': 844, 'prompt_eval_duration': 2009030081, 'eval_count': 4, 'eval_duration': 1573372168}
Response: Poorly
Analyzing frame 15/20...
Prompt: Given the scenario shown on the video, you think this situation ends well or poorly? (Use only one word to answer)
Image size: 17744 bytes
Response status code: 200
{'model': 'mistral-small3.2', 'created_at': '2025-12-04T18:08:16.271565738Z', 'message': {'role': 'assistant', 'content': 'Poorly'}, 'done': True, 'done_reason': 'stop', 'total_duration': 3936929263, 'load_duration': 134738270, 'prompt_eval_count': 844, 'prompt_eval_duration': 2006988309, 'eval_count': 4, 'eval_duration': 1514060126}
Response: Poorly
Analyzing frame 16/20...
Prompt: Given the scenario shown on the video, you think this situation ends well or poorly? (Use only one word to answer)
Image size: 17732 bytes
Response status code: 200
{'model': 'mistral-small3.2', 'created_at': '2025-12-04T18:08:21.367705099Z', 'message': {'role': 'assistant', 'content': 'Poorly'}, 'done': True, 'done_reason': 'stop', 'total_duration': 4056940205, 'load_duration': 153806083, 'prompt_eval_count': 844, 'prompt_eval_duration': 2003242082, 'eval_count': 4, 'eval_duration': 1644920326}
Response: Poorly
Analyzing frame 17/20...
Prompt: Given the scenario shown on the video, you think this situation ends well or poorly? (Use only one word to answer)
Image size: 17760 bytes
Response status code: 200
{'model': 'mistral-small3.2', 'created_at': '2025-12-04T18:08:26.265578422Z', 'message': {'role': 'assistant', 'content': 'Poorly'}, 'done': True, 'done_reason': 'stop', 'total_duration': 3855180554, 'load_duration': 142874077, 'prompt_eval_count': 844, 'prompt_eval_duration': 2000272977, 'eval_count': 4, 'eval_duration': 1453525832}
Response: Poorly
Analyzing frame 18/20...
Prompt: Given the scenario shown on the video, you think this situation ends well or poorly? (Use only one word to answer)
Image size: 17768 bytes
Response status code: 200
{'model': 'mistral-small3.2', 'created_at': '2025-12-04T18:08:31.237042195Z', 'message': {'role': 'assistant', 'content': 'Poorly'}, 'done': True, 'done_reason': 'stop', 'total_duration': 3930734363, 'load_duration': 149623845, 'prompt_eval_count': 844, 'prompt_eval_duration': 2001905470, 'eval_count': 4, 'eval_duration': 1512700157}
Response: Poorly
Analyzing frame 19/20...
Prompt: Given the scenario shown on the video, you think this situation ends well or poorly? (Use only one word to answer)
Image size: 17756 bytes
Response status code: 200
{'model': 'mistral-small3.2', 'created_at': '2025-12-04T18:08:36.328191818Z', 'message': {'role': 'assistant', 'content': 'Poorly'}, 'done': True, 'done_reason': 'stop', 'total_duration': 4049380213, 'load_duration': 140340186, 'prompt_eval_count': 844, 'prompt_eval_duration': 1994510442, 'eval_count': 4, 'eval_duration': 1654884900}
Response: Poorly
Analyzing frame 20/20...
Prompt: Given the scenario shown on the video, you think this situation ends well or poorly? (Use only one word to answer)
Image size: 17772 bytes
Response status code: 200
{'model': 'mistral-small3.2', 'created_at': '2025-12-04T18:08:41.479048978Z', 'message': {'role': 'assistant', 'content': 'Poorly'}, 'done': True, 'done_reason': 'stop', 'total_duration': 4109162756, 'load_duration': 139250253, 'prompt_eval_count': 844, 'prompt_eval_duration': 2012798003, 'eval_count': 4, 'eval_duration': 1684399087}
Response: Poorly
Final prediction for 9_final.mp4: Poorly

Results saved to ./results/results_mistralsmall32.csv
Total videos processed: 589

Results saved to ./results/results_mistralsmall32.csv
Total videos processed: 589

==================================================
Analysis complete!
