nohup: ignoring input
Starting video analysis with gemma3...
Video folder: ../../../data/final_cut_videos/
Output CSV: ./results/results_gemma3_promptA.csv
Prompt: Given the scenario shown on the video, you think this situation ends well or poorly? (Use only one word to answer)
Found 30 video files

==================================================
Processing video 1/30

Processing video: 11_final.mp4
Video info: 424 frames, 30.00 FPS, 14.13 seconds
Extracted 142 frames for analysis
Analyzing frame 1/142...
Prompt: Given the scenario shown on the video, you think this situation ends well or poorly? (Use only one word to answer)
Image size: 31940 bytes
Response: Error analyzing image: HTTPConnectionPool(host='localhost', port=11434): Max retries exceeded with url: /api/chat (Caused by NewConnectionError('<urllib3.connection.HTTPConnection object at 0x7f7439e7fc10>: Failed to establish a new connection: [Errno 111] Connection refused'))
Analyzing frame 2/142...
Prompt: Given the scenario shown on the video, you think this situation ends well or poorly? (Use only one word to answer)
Image size: 31828 bytes
Response: Error analyzing image: HTTPConnectionPool(host='localhost', port=11434): Max retries exceeded with url: /api/chat (Caused by NewConnectionError('<urllib3.connection.HTTPConnection object at 0x7f7439ea57f0>: Failed to establish a new connection: [Errno 111] Connection refused'))
Analyzing frame 3/142...
Prompt: Given the scenario shown on the video, you think this situation ends well or poorly? (Use only one word to answer)
Image size: 31928 bytes
Response: Error analyzing image: HTTPConnectionPool(host='localhost', port=11434): Max retries exceeded with url: /api/chat (Caused by NewConnectionError('<urllib3.connection.HTTPConnection object at 0x7f7439dfd220>: Failed to establish a new connection: [Errno 111] Connection refused'))
Analyzing frame 4/142...
Prompt: Given the scenario shown on the video, you think this situation ends well or poorly? (Use only one word to answer)
Image size: 32380 bytes
Response: Error analyzing image: HTTPConnectionPool(host='localhost', port=11434): Max retries exceeded with url: /api/chat (Caused by NewConnectionError('<urllib3.connection.HTTPConnection object at 0x7f7439dfdc10>: Failed to establish a new connection: [Errno 111] Connection refused'))
Analyzing frame 5/142...
Prompt: Given the scenario shown on the video, you think this situation ends well or poorly? (Use only one word to answer)
Image size: 32540 bytes
Response: Error analyzing image: HTTPConnectionPool(host='localhost', port=11434): Max retries exceeded with url: /api/chat (Caused by NewConnectionError('<urllib3.connection.HTTPConnection object at 0x7f7439dfdaf0>: Failed to establish a new connection: [Errno 111] Connection refused'))
Analyzing frame 6/142...
Prompt: Given the scenario shown on the video, you think this situation ends well or poorly? (Use only one word to answer)
Image size: 32676 bytes
Response: Error analyzing image: HTTPConnectionPool(host='localhost', port=11434): Max retries exceeded with url: /api/chat (Caused by NewConnectionError('<urllib3.connection.HTTPConnection object at 0x7f7439ea5d60>: Failed to establish a new connection: [Errno 111] Connection refused'))
Analyzing frame 7/142...
Prompt: Given the scenario shown on the video, you think this situation ends well or poorly? (Use only one word to answer)
Image size: 32688 bytes
Response: Error analyzing image: HTTPConnectionPool(host='localhost', port=11434): Max retries exceeded with url: /api/chat (Caused by NewConnectionError('<urllib3.connection.HTTPConnection object at 0x7f7439ea5700>: Failed to establish a new connection: [Errno 111] Connection refused'))
Analyzing frame 8/142...
Prompt: Given the scenario shown on the video, you think this situation ends well or poorly? (Use only one word to answer)
Image size: 32256 bytes
Response: Error analyzing image: HTTPConnectionPool(host='localhost', port=11434): Max retries exceeded with url: /api/chat (Caused by NewConnectionError('<urllib3.connection.HTTPConnection object at 0x7f7439e06640>: Failed to establish a new connection: [Errno 111] Connection refused'))
Analyzing frame 9/142...
Prompt: Given the scenario shown on the video, you think this situation ends well or poorly? (Use only one word to answer)
Image size: 32444 bytes
Response: Error analyzing image: HTTPConnectionPool(host='localhost', port=11434): Max retries exceeded with url: /api/chat (Caused by NewConnectionError('<urllib3.connection.HTTPConnection object at 0x7f7439e12070>: Failed to establish a new connection: [Errno 111] Connection refused'))
Analyzing frame 10/142...
Prompt: Given the scenario shown on the video, you think this situation ends well or poorly? (Use only one word to answer)
Image size: 32336 bytes
Response: Error analyzing image: HTTPConnectionPool(host='localhost', port=11434): Max retries exceeded with url: /api/chat (Caused by NewConnectionError('<urllib3.connection.HTTPConnection object at 0x7f7439ea54f0>: Failed to establish a new connection: [Errno 111] Connection refused'))
Analyzing frame 11/142...
Prompt: Given the scenario shown on the video, you think this situation ends well or poorly? (Use only one word to answer)
Image size: 32352 bytes
Response: Error analyzing image: HTTPConnectionPool(host='localhost', port=11434): Max retries exceeded with url: /api/chat (Caused by NewConnectionError('<urllib3.connection.HTTPConnection object at 0x7f7439ea5c40>: Failed to establish a new connection: [Errno 111] Connection refused'))
Analyzing frame 12/142...
Prompt: Given the scenario shown on the video, you think this situation ends well or poorly? (Use only one word to answer)
Image size: 32412 bytes
Response: Error analyzing image: HTTPConnectionPool(host='localhost', port=11434): Max retries exceeded with url: /api/chat (Caused by NewConnectionError('<urllib3.connection.HTTPConnection object at 0x7f7439e06940>: Failed to establish a new connection: [Errno 111] Connection refused'))
Analyzing frame 13/142...
Prompt: Given the scenario shown on the video, you think this situation ends well or poorly? (Use only one word to answer)
Image size: 32488 bytes
Response: Error analyzing image: HTTPConnectionPool(host='localhost', port=11434): Max retries exceeded with url: /api/chat (Caused by NewConnectionError('<urllib3.connection.HTTPConnection object at 0x7f7439dfd850>: Failed to establish a new connection: [Errno 111] Connection refused'))
Analyzing frame 14/142...
Prompt: Given the scenario shown on the video, you think this situation ends well or poorly? (Use only one word to answer)
Image size: 32380 bytes
Response: Error analyzing image: HTTPConnectionPool(host='localhost', port=11434): Max retries exceeded with url: /api/chat (Caused by NewConnectionError('<urllib3.connection.HTTPConnection object at 0x7f7439dfd6a0>: Failed to establish a new connection: [Errno 111] Connection refused'))
Analyzing frame 15/142...
Prompt: Given the scenario shown on the video, you think this situation ends well or poorly? (Use only one word to answer)
Image size: 32316 bytes
Response: Error analyzing image: HTTPConnectionPool(host='localhost', port=11434): Max retries exceeded with url: /api/chat (Caused by NewConnectionError('<urllib3.connection.HTTPConnection object at 0x7f7439e12a60>: Failed to establish a new connection: [Errno 111] Connection refused'))
Analyzing frame 16/142...
Prompt: Given the scenario shown on the video, you think this situation ends well or poorly? (Use only one word to answer)
Image size: 32292 bytes
Response: Error analyzing image: HTTPConnectionPool(host='localhost', port=11434): Max retries exceeded with url: /api/chat (Caused by NewConnectionError('<urllib3.connection.HTTPConnection object at 0x7f7439dfd460>: Failed to establish a new connection: [Errno 111] Connection refused'))
Analyzing frame 17/142...
Prompt: Given the scenario shown on the video, you think this situation ends well or poorly? (Use only one word to answer)
Image size: 32324 bytes
Response: Error analyzing image: HTTPConnectionPool(host='localhost', port=11434): Max retries exceeded with url: /api/chat (Caused by NewConnectionError('<urllib3.connection.HTTPConnection object at 0x7f7439e066d0>: Failed to establish a new connection: [Errno 111] Connection refused'))
Analyzing frame 18/142...
Prompt: Given the scenario shown on the video, you think this situation ends well or poorly? (Use only one word to answer)
Image size: 32356 bytes
Response: Error analyzing image: HTTPConnectionPool(host='localhost', port=11434): Max retries exceeded with url: /api/chat (Caused by NewConnectionError('<urllib3.connection.HTTPConnection object at 0x7f7439ea5d90>: Failed to establish a new connection: [Errno 111] Connection refused'))
Analyzing frame 19/142...
Prompt: Given the scenario shown on the video, you think this situation ends well or poorly? (Use only one word to answer)
Image size: 32220 bytes
Response: Error analyzing image: HTTPConnectionPool(host='localhost', port=11434): Max retries exceeded with url: /api/chat (Caused by NewConnectionError('<urllib3.connection.HTTPConnection object at 0x7f7439ea5640>: Failed to establish a new connection: [Errno 111] Connection refused'))
Analyzing frame 20/142...
Prompt: Given the scenario shown on the video, you think this situation ends well or poorly? (Use only one word to answer)
Image size: 32252 bytes
Response: Error analyzing image: HTTPConnectionPool(host='localhost', port=11434): Max retries exceeded with url: /api/chat (Caused by NewConnectionError('<urllib3.connection.HTTPConnection object at 0x7f7439e126d0>: Failed to establish a new connection: [Errno 111] Connection refused'))
Analyzing frame 21/142...
Prompt: Given the scenario shown on the video, you think this situation ends well or poorly? (Use only one word to answer)
Image size: 32280 bytes
Response: Error analyzing image: HTTPConnectionPool(host='localhost', port=11434): Max retries exceeded with url: /api/chat (Caused by NewConnectionError('<urllib3.connection.HTTPConnection object at 0x7f7439e12490>: Failed to establish a new connection: [Errno 111] Connection refused'))
Analyzing frame 22/142...
Prompt: Given the scenario shown on the video, you think this situation ends well or poorly? (Use only one word to answer)
Image size: 31832 bytes
Response: Error analyzing image: HTTPConnectionPool(host='localhost', port=11434): Max retries exceeded with url: /api/chat (Caused by NewConnectionError('<urllib3.connection.HTTPConnection object at 0x7f7439ea58b0>: Failed to establish a new connection: [Errno 111] Connection refused'))
Analyzing frame 23/142...
Prompt: Given the scenario shown on the video, you think this situation ends well or poorly? (Use only one word to answer)
Image size: 31820 bytes
Response: Error analyzing image: HTTPConnectionPool(host='localhost', port=11434): Max retries exceeded with url: /api/chat (Caused by NewConnectionError('<urllib3.connection.HTTPConnection object at 0x7f7439e06a60>: Failed to establish a new connection: [Errno 111] Connection refused'))
Analyzing frame 24/142...
Prompt: Given the scenario shown on the video, you think this situation ends well or poorly? (Use only one word to answer)
Image size: 31396 bytes
Response: Error analyzing image: HTTPConnectionPool(host='localhost', port=11434): Max retries exceeded with url: /api/chat (Caused by NewConnectionError('<urllib3.connection.HTTPConnection object at 0x7f7439e060d0>: Failed to establish a new connection: [Errno 111] Connection refused'))
Analyzing frame 25/142...
Prompt: Given the scenario shown on the video, you think this situation ends well or poorly? (Use only one word to answer)
Image size: 31184 bytes
Response: Error analyzing image: HTTPConnectionPool(host='localhost', port=11434): Max retries exceeded with url: /api/chat (Caused by NewConnectionError('<urllib3.connection.HTTPConnection object at 0x7f7439dfd130>: Failed to establish a new connection: [Errno 111] Connection refused'))
Analyzing frame 26/142...
Prompt: Given the scenario shown on the video, you think this situation ends well or poorly? (Use only one word to answer)
Image size: 31268 bytes
Response: Error analyzing image: HTTPConnectionPool(host='localhost', port=11434): Max retries exceeded with url: /api/chat (Caused by NewConnectionError('<urllib3.connection.HTTPConnection object at 0x7f7439e1e490>: Failed to establish a new connection: [Errno 111] Connection refused'))
Analyzing frame 27/142...
Prompt: Given the scenario shown on the video, you think this situation ends well or poorly? (Use only one word to answer)
Image size: 31080 bytes
Response: Error analyzing image: HTTPConnectionPool(host='localhost', port=11434): Max retries exceeded with url: /api/chat (Caused by NewConnectionError('<urllib3.connection.HTTPConnection object at 0x7f7439e06190>: Failed to establish a new connection: [Errno 111] Connection refused'))
Analyzing frame 28/142...
Prompt: Given the scenario shown on the video, you think this situation ends well or poorly? (Use only one word to answer)
Image size: 31260 bytes
Response: Error analyzing image: HTTPConnectionPool(host='localhost', port=11434): Max retries exceeded with url: /api/chat (Caused by NewConnectionError('<urllib3.connection.HTTPConnection object at 0x7f7439e06be0>: Failed to establish a new connection: [Errno 111] Connection refused'))
Analyzing frame 29/142...
Prompt: Given the scenario shown on the video, you think this situation ends well or poorly? (Use only one word to answer)
Image size: 31120 bytes
Response: Error analyzing image: HTTPConnectionPool(host='localhost', port=11434): Max retries exceeded with url: /api/chat (Caused by NewConnectionError('<urllib3.connection.HTTPConnection object at 0x7f7439ea5b80>: Failed to establish a new connection: [Errno 111] Connection refused'))
Analyzing frame 30/142...
Prompt: Given the scenario shown on the video, you think this situation ends well or poorly? (Use only one word to answer)
Image size: 31144 bytes
Response: Error analyzing image: HTTPConnectionPool(host='localhost', port=11434): Max retries exceeded with url: /api/chat (Caused by NewConnectionError('<urllib3.connection.HTTPConnection object at 0x7f7439e7fe50>: Failed to establish a new connection: [Errno 111] Connection refused'))
Analyzing frame 31/142...
Prompt: Given the scenario shown on the video, you think this situation ends well or poorly? (Use only one word to answer)
Image size: 30924 bytes
Response: Error analyzing image: HTTPConnectionPool(host='localhost', port=11434): Max retries exceeded with url: /api/chat (Caused by NewConnectionError('<urllib3.connection.HTTPConnection object at 0x7f7439e12730>: Failed to establish a new connection: [Errno 111] Connection refused'))
Analyzing frame 32/142...
Prompt: Given the scenario shown on the video, you think this situation ends well or poorly? (Use only one word to answer)
Image size: 31200 bytes
Response: Error analyzing image: HTTPConnectionPool(host='localhost', port=11434): Max retries exceeded with url: /api/chat (Caused by NewConnectionError('<urllib3.connection.HTTPConnection object at 0x7f7439e12b50>: Failed to establish a new connection: [Errno 111] Connection refused'))
Analyzing frame 33/142...
Prompt: Given the scenario shown on the video, you think this situation ends well or poorly? (Use only one word to answer)
Image size: 31320 bytes
Response: Error analyzing image: HTTPConnectionPool(host='localhost', port=11434): Max retries exceeded with url: /api/chat (Caused by NewConnectionError('<urllib3.connection.HTTPConnection object at 0x7f7439ea5880>: Failed to establish a new connection: [Errno 111] Connection refused'))
Analyzing frame 34/142...
Prompt: Given the scenario shown on the video, you think this situation ends well or poorly? (Use only one word to answer)
Image size: 31872 bytes
Response: Error analyzing image: HTTPConnectionPool(host='localhost', port=11434): Max retries exceeded with url: /api/chat (Caused by NewConnectionError('<urllib3.connection.HTTPConnection object at 0x7f7439ea5a00>: Failed to establish a new connection: [Errno 111] Connection refused'))
Analyzing frame 35/142...
Prompt: Given the scenario shown on the video, you think this situation ends well or poorly? (Use only one word to answer)
Image size: 31856 bytes
Response: Error analyzing image: HTTPConnectionPool(host='localhost', port=11434): Max retries exceeded with url: /api/chat (Caused by NewConnectionError('<urllib3.connection.HTTPConnection object at 0x7f7439e06700>: Failed to establish a new connection: [Errno 111] Connection refused'))
Analyzing frame 36/142...
Prompt: Given the scenario shown on the video, you think this situation ends well or poorly? (Use only one word to answer)
Image size: 32056 bytes
Response: Error analyzing image: HTTPConnectionPool(host='localhost', port=11434): Max retries exceeded with url: /api/chat (Caused by NewConnectionError('<urllib3.connection.HTTPConnection object at 0x7f7439dfd220>: Failed to establish a new connection: [Errno 111] Connection refused'))
Analyzing frame 37/142...
Prompt: Given the scenario shown on the video, you think this situation ends well or poorly? (Use only one word to answer)
Image size: 32096 bytes
Response: Error analyzing image: HTTPConnectionPool(host='localhost', port=11434): Max retries exceeded with url: /api/chat (Caused by NewConnectionError('<urllib3.connection.HTTPConnection object at 0x7f7439e1e520>: Failed to establish a new connection: [Errno 111] Connection refused'))
Analyzing frame 38/142...
Prompt: Given the scenario shown on the video, you think this situation ends well or poorly? (Use only one word to answer)
Image size: 32256 bytes
Response: Error analyzing image: HTTPConnectionPool(host='localhost', port=11434): Max retries exceeded with url: /api/chat (Caused by NewConnectionError('<urllib3.connection.HTTPConnection object at 0x7f7439e06550>: Failed to establish a new connection: [Errno 111] Connection refused'))
Analyzing frame 39/142...
Prompt: Given the scenario shown on the video, you think this situation ends well or poorly? (Use only one word to answer)
Image size: 32172 bytes
Response: Error analyzing image: HTTPConnectionPool(host='localhost', port=11434): Max retries exceeded with url: /api/chat (Caused by NewConnectionError('<urllib3.connection.HTTPConnection object at 0x7f7439e7fee0>: Failed to establish a new connection: [Errno 111] Connection refused'))
Analyzing frame 40/142...
Prompt: Given the scenario shown on the video, you think this situation ends well or poorly? (Use only one word to answer)
Image size: 32224 bytes
Response: Error analyzing image: HTTPConnectionPool(host='localhost', port=11434): Max retries exceeded with url: /api/chat (Caused by NewConnectionError('<urllib3.connection.HTTPConnection object at 0x7f7439ea5130>: Failed to establish a new connection: [Errno 111] Connection refused'))
Analyzing frame 41/142...
Prompt: Given the scenario shown on the video, you think this situation ends well or poorly? (Use only one word to answer)
Image size: 32272 bytes
Response: Error analyzing image: HTTPConnectionPool(host='localhost', port=11434): Max retries exceeded with url: /api/chat (Caused by NewConnectionError('<urllib3.connection.HTTPConnection object at 0x7f7439e12b80>: Failed to establish a new connection: [Errno 111] Connection refused'))
Analyzing frame 42/142...
Prompt: Given the scenario shown on the video, you think this situation ends well or poorly? (Use only one word to answer)
Image size: 31988 bytes
Response: Error analyzing image: HTTPConnectionPool(host='localhost', port=11434): Max retries exceeded with url: /api/chat (Caused by NewConnectionError('<urllib3.connection.HTTPConnection object at 0x7f7439e1e700>: Failed to establish a new connection: [Errno 111] Connection refused'))
Analyzing frame 43/142...
Prompt: Given the scenario shown on the video, you think this situation ends well or poorly? (Use only one word to answer)
Image size: 31844 bytes
Response: Error analyzing image: HTTPConnectionPool(host='localhost', port=11434): Max retries exceeded with url: /api/chat (Caused by NewConnectionError('<urllib3.connection.HTTPConnection object at 0x7f7439e122e0>: Failed to establish a new connection: [Errno 111] Connection refused'))
Analyzing frame 44/142...
Prompt: Given the scenario shown on the video, you think this situation ends well or poorly? (Use only one word to answer)
Image size: 31988 bytes
Response: Error analyzing image: HTTPConnectionPool(host='localhost', port=11434): Max retries exceeded with url: /api/chat (Caused by NewConnectionError('<urllib3.connection.HTTPConnection object at 0x7f7439ea5580>: Failed to establish a new connection: [Errno 111] Connection refused'))
Analyzing frame 45/142...
Prompt: Given the scenario shown on the video, you think this situation ends well or poorly? (Use only one word to answer)
Image size: 31880 bytes
Response: Error analyzing image: HTTPConnectionPool(host='localhost', port=11434): Max retries exceeded with url: /api/chat (Caused by NewConnectionError('<urllib3.connection.HTTPConnection object at 0x7f7439ea5e50>: Failed to establish a new connection: [Errno 111] Connection refused'))
Analyzing frame 46/142...
Prompt: Given the scenario shown on the video, you think this situation ends well or poorly? (Use only one word to answer)
Image size: 31692 bytes
Response: Error analyzing image: HTTPConnectionPool(host='localhost', port=11434): Max retries exceeded with url: /api/chat (Caused by NewConnectionError('<urllib3.connection.HTTPConnection object at 0x7f7439e06b20>: Failed to establish a new connection: [Errno 111] Connection refused'))
Analyzing frame 47/142...
Prompt: Given the scenario shown on the video, you think this situation ends well or poorly? (Use only one word to answer)
Image size: 31848 bytes
Response: Error analyzing image: HTTPConnectionPool(host='localhost', port=11434): Max retries exceeded with url: /api/chat (Caused by NewConnectionError('<urllib3.connection.HTTPConnection object at 0x7f7439dfd1f0>: Failed to establish a new connection: [Errno 111] Connection refused'))
Analyzing frame 48/142...
Prompt: Given the scenario shown on the video, you think this situation ends well or poorly? (Use only one word to answer)
Image size: 31692 bytes
Response: Error analyzing image: HTTPConnectionPool(host='localhost', port=11434): Max retries exceeded with url: /api/chat (Caused by NewConnectionError('<urllib3.connection.HTTPConnection object at 0x7f7439e1ee80>: Failed to establish a new connection: [Errno 111] Connection refused'))
Analyzing frame 49/142...
Prompt: Given the scenario shown on the video, you think this situation ends well or poorly? (Use only one word to answer)
Image size: 31880 bytes
Response: Error analyzing image: HTTPConnectionPool(host='localhost', port=11434): Max retries exceeded with url: /api/chat (Caused by NewConnectionError('<urllib3.connection.HTTPConnection object at 0x7f7439e06700>: Failed to establish a new connection: [Errno 111] Connection refused'))
Analyzing frame 50/142...
Prompt: Given the scenario shown on the video, you think this situation ends well or poorly? (Use only one word to answer)
Image size: 32196 bytes
Response: Error analyzing image: HTTPConnectionPool(host='localhost', port=11434): Max retries exceeded with url: /api/chat (Caused by NewConnectionError('<urllib3.connection.HTTPConnection object at 0x7f7439ea5f70>: Failed to establish a new connection: [Errno 111] Connection refused'))
Analyzing frame 51/142...
Prompt: Given the scenario shown on the video, you think this situation ends well or poorly? (Use only one word to answer)
Image size: 32284 bytes
Response: Error analyzing image: HTTPConnectionPool(host='localhost', port=11434): Max retries exceeded with url: /api/chat (Caused by NewConnectionError('<urllib3.connection.HTTPConnection object at 0x7f7439ea5c10>: Failed to establish a new connection: [Errno 111] Connection refused'))
Analyzing frame 52/142...
Prompt: Given the scenario shown on the video, you think this situation ends well or poorly? (Use only one word to answer)
Image size: 32356 bytes
Response: Error analyzing image: HTTPConnectionPool(host='localhost', port=11434): Max retries exceeded with url: /api/chat (Caused by NewConnectionError('<urllib3.connection.HTTPConnection object at 0x7f7439e12e20>: Failed to establish a new connection: [Errno 111] Connection refused'))
Analyzing frame 53/142...
Prompt: Given the scenario shown on the video, you think this situation ends well or poorly? (Use only one word to answer)
Image size: 32352 bytes
Response: Error analyzing image: HTTPConnectionPool(host='localhost', port=11434): Max retries exceeded with url: /api/chat (Caused by NewConnectionError('<urllib3.connection.HTTPConnection object at 0x7f7439e1e1f0>: Failed to establish a new connection: [Errno 111] Connection refused'))
Analyzing frame 54/142...
Prompt: Given the scenario shown on the video, you think this situation ends well or poorly? (Use only one word to answer)
Image size: 32332 bytes
Response: Error analyzing image: HTTPConnectionPool(host='localhost', port=11434): Max retries exceeded with url: /api/chat (Caused by NewConnectionError('<urllib3.connection.HTTPConnection object at 0x7f7439ea5dc0>: Failed to establish a new connection: [Errno 111] Connection refused'))
Analyzing frame 55/142...
Prompt: Given the scenario shown on the video, you think this situation ends well or poorly? (Use only one word to answer)
Image size: 31956 bytes
Response: Error analyzing image: HTTPConnectionPool(host='localhost', port=11434): Max retries exceeded with url: /api/chat (Caused by NewConnectionError('<urllib3.connection.HTTPConnection object at 0x7f7439ea5e50>: Failed to establish a new connection: [Errno 111] Connection refused'))
Analyzing frame 56/142...
Prompt: Given the scenario shown on the video, you think this situation ends well or poorly? (Use only one word to answer)
Image size: 31840 bytes
Response: Error analyzing image: HTTPConnectionPool(host='localhost', port=11434): Max retries exceeded with url: /api/chat (Caused by NewConnectionError('<urllib3.connection.HTTPConnection object at 0x7f7439e06670>: Failed to establish a new connection: [Errno 111] Connection refused'))
Analyzing frame 57/142...
Prompt: Given the scenario shown on the video, you think this situation ends well or poorly? (Use only one word to answer)
Image size: 31720 bytes
Response: Error analyzing image: HTTPConnectionPool(host='localhost', port=11434): Max retries exceeded with url: /api/chat (Caused by NewConnectionError('<urllib3.connection.HTTPConnection object at 0x7f7439e1e250>: Failed to establish a new connection: [Errno 111] Connection refused'))
Analyzing frame 58/142...
Prompt: Given the scenario shown on the video, you think this situation ends well or poorly? (Use only one word to answer)
Image size: 31840 bytes
Response: Error analyzing image: HTTPConnectionPool(host='localhost', port=11434): Max retries exceeded with url: /api/chat (Caused by NewConnectionError('<urllib3.connection.HTTPConnection object at 0x7f7439e1ec70>: Failed to establish a new connection: [Errno 111] Connection refused'))
Analyzing frame 59/142...
Prompt: Given the scenario shown on the video, you think this situation ends well or poorly? (Use only one word to answer)
Image size: 31544 bytes
Response: Error analyzing image: HTTPConnectionPool(host='localhost', port=11434): Max retries exceeded with url: /api/chat (Caused by NewConnectionError('<urllib3.connection.HTTPConnection object at 0x7f7439e12f10>: Failed to establish a new connection: [Errno 111] Connection refused'))
Analyzing frame 60/142...
Prompt: Given the scenario shown on the video, you think this situation ends well or poorly? (Use only one word to answer)
Image size: 31612 bytes
Response: Error analyzing image: HTTPConnectionPool(host='localhost', port=11434): Max retries exceeded with url: /api/chat (Caused by NewConnectionError('<urllib3.connection.HTTPConnection object at 0x7f7439e06fa0>: Failed to establish a new connection: [Errno 111] Connection refused'))
Analyzing frame 61/142...
Prompt: Given the scenario shown on the video, you think this situation ends well or poorly? (Use only one word to answer)
Image size: 31424 bytes
Response: Error analyzing image: HTTPConnectionPool(host='localhost', port=11434): Max retries exceeded with url: /api/chat (Caused by NewConnectionError('<urllib3.connection.HTTPConnection object at 0x7f7439e1e880>: Failed to establish a new connection: [Errno 111] Connection refused'))
Analyzing frame 62/142...
Prompt: Given the scenario shown on the video, you think this situation ends well or poorly? (Use only one word to answer)
Image size: 31600 bytes
Response: Error analyzing image: HTTPConnectionPool(host='localhost', port=11434): Max retries exceeded with url: /api/chat (Caused by NewConnectionError('<urllib3.connection.HTTPConnection object at 0x7f7439e1e430>: Failed to establish a new connection: [Errno 111] Connection refused'))
Analyzing frame 63/142...
Prompt: Given the scenario shown on the video, you think this situation ends well or poorly? (Use only one word to answer)
Image size: 31536 bytes
Response: Error analyzing image: HTTPConnectionPool(host='localhost', port=11434): Max retries exceeded with url: /api/chat (Caused by NewConnectionError('<urllib3.connection.HTTPConnection object at 0x7f7439ea5be0>: Failed to establish a new connection: [Errno 111] Connection refused'))
Analyzing frame 64/142...
Prompt: Given the scenario shown on the video, you think this situation ends well or poorly? (Use only one word to answer)
Image size: 31496 bytes
Response: Error analyzing image: HTTPConnectionPool(host='localhost', port=11434): Max retries exceeded with url: /api/chat (Caused by NewConnectionError('<urllib3.connection.HTTPConnection object at 0x7f7439e12a00>: Failed to establish a new connection: [Errno 111] Connection refused'))
Analyzing frame 65/142...
Prompt: Given the scenario shown on the video, you think this situation ends well or poorly? (Use only one word to answer)
Image size: 31480 bytes
Response: Error analyzing image: HTTPConnectionPool(host='localhost', port=11434): Max retries exceeded with url: /api/chat (Caused by NewConnectionError('<urllib3.connection.HTTPConnection object at 0x7f7439e122b0>: Failed to establish a new connection: [Errno 111] Connection refused'))
Analyzing frame 66/142...
Prompt: Given the scenario shown on the video, you think this situation ends well or poorly? (Use only one word to answer)
Image size: 31632 bytes
Response: Error analyzing image: HTTPConnectionPool(host='localhost', port=11434): Max retries exceeded with url: /api/chat (Caused by NewConnectionError('<urllib3.connection.HTTPConnection object at 0x7f7439ea58b0>: Failed to establish a new connection: [Errno 111] Connection refused'))
Analyzing frame 67/142...
Prompt: Given the scenario shown on the video, you think this situation ends well or poorly? (Use only one word to answer)
Image size: 31908 bytes
Response: Error analyzing image: HTTPConnectionPool(host='localhost', port=11434): Max retries exceeded with url: /api/chat (Caused by NewConnectionError('<urllib3.connection.HTTPConnection object at 0x7f7439e1e280>: Failed to establish a new connection: [Errno 111] Connection refused'))
Analyzing frame 68/142...
Prompt: Given the scenario shown on the video, you think this situation ends well or poorly? (Use only one word to answer)
Image size: 31976 bytes
Response: Error analyzing image: HTTPConnectionPool(host='localhost', port=11434): Max retries exceeded with url: /api/chat (Caused by NewConnectionError('<urllib3.connection.HTTPConnection object at 0x7f7439e066a0>: Failed to establish a new connection: [Errno 111] Connection refused'))
Analyzing frame 69/142...
Prompt: Given the scenario shown on the video, you think this situation ends well or poorly? (Use only one word to answer)
Image size: 32132 bytes
Response: Error analyzing image: HTTPConnectionPool(host='localhost', port=11434): Max retries exceeded with url: /api/chat (Caused by NewConnectionError('<urllib3.connection.HTTPConnection object at 0x7f7439e06790>: Failed to establish a new connection: [Errno 111] Connection refused'))
Analyzing frame 70/142...
Prompt: Given the scenario shown on the video, you think this situation ends well or poorly? (Use only one word to answer)
Image size: 32224 bytes
Response: Error analyzing image: HTTPConnectionPool(host='localhost', port=11434): Max retries exceeded with url: /api/chat (Caused by NewConnectionError('<urllib3.connection.HTTPConnection object at 0x7f7439dfdee0>: Failed to establish a new connection: [Errno 111] Connection refused'))
Analyzing frame 71/142...
Prompt: Given the scenario shown on the video, you think this situation ends well or poorly? (Use only one word to answer)
Image size: 32108 bytes
Response: Error analyzing image: HTTPConnectionPool(host='localhost', port=11434): Max retries exceeded with url: /api/chat (Caused by NewConnectionError('<urllib3.connection.HTTPConnection object at 0x7f7439e06040>: Failed to establish a new connection: [Errno 111] Connection refused'))
Analyzing frame 72/142...
Prompt: Given the scenario shown on the video, you think this situation ends well or poorly? (Use only one word to answer)
Image size: 31988 bytes
Response: Error analyzing image: HTTPConnectionPool(host='localhost', port=11434): Max retries exceeded with url: /api/chat (Caused by NewConnectionError('<urllib3.connection.HTTPConnection object at 0x7f7439e1e400>: Failed to establish a new connection: [Errno 111] Connection refused'))
Analyzing frame 73/142...
Prompt: Given the scenario shown on the video, you think this situation ends well or poorly? (Use only one word to answer)
Image size: 31912 bytes
Response: Error analyzing image: HTTPConnectionPool(host='localhost', port=11434): Max retries exceeded with url: /api/chat (Caused by NewConnectionError('<urllib3.connection.HTTPConnection object at 0x7f7439ea55e0>: Failed to establish a new connection: [Errno 111] Connection refused'))
Analyzing frame 74/142...
Prompt: Given the scenario shown on the video, you think this situation ends well or poorly? (Use only one word to answer)
Image size: 31472 bytes
Response: Error analyzing image: HTTPConnectionPool(host='localhost', port=11434): Max retries exceeded with url: /api/chat (Caused by NewConnectionError('<urllib3.connection.HTTPConnection object at 0x7f7439ea54f0>: Failed to establish a new connection: [Errno 111] Connection refused'))
Analyzing frame 75/142...
Prompt: Given the scenario shown on the video, you think this situation ends well or poorly? (Use only one word to answer)
Image size: 31248 bytes
Response: Error analyzing image: HTTPConnectionPool(host='localhost', port=11434): Max retries exceeded with url: /api/chat (Caused by NewConnectionError('<urllib3.connection.HTTPConnection object at 0x7f7439dfd5b0>: Failed to establish a new connection: [Errno 111] Connection refused'))
Analyzing frame 76/142...
Prompt: Given the scenario shown on the video, you think this situation ends well or poorly? (Use only one word to answer)
Image size: 31220 bytes
Response: Error analyzing image: HTTPConnectionPool(host='localhost', port=11434): Max retries exceeded with url: /api/chat (Caused by NewConnectionError('<urllib3.connection.HTTPConnection object at 0x7f7439e12df0>: Failed to establish a new connection: [Errno 111] Connection refused'))
Analyzing frame 77/142...
Prompt: Given the scenario shown on the video, you think this situation ends well or poorly? (Use only one word to answer)
Image size: 31124 bytes
Response: Error analyzing image: HTTPConnectionPool(host='localhost', port=11434): Max retries exceeded with url: /api/chat (Caused by NewConnectionError('<urllib3.connection.HTTPConnection object at 0x7f7439ea5370>: Failed to establish a new connection: [Errno 111] Connection refused'))
Analyzing frame 78/142...
Prompt: Given the scenario shown on the video, you think this situation ends well or poorly? (Use only one word to answer)
Image size: 31284 bytes
Response: Error analyzing image: HTTPConnectionPool(host='localhost', port=11434): Max retries exceeded with url: /api/chat (Caused by NewConnectionError('<urllib3.connection.HTTPConnection object at 0x7f7439e1e3a0>: Failed to establish a new connection: [Errno 111] Connection refused'))
Analyzing frame 79/142...
Prompt: Given the scenario shown on the video, you think this situation ends well or poorly? (Use only one word to answer)
Image size: 31096 bytes
Response: Error analyzing image: HTTPConnectionPool(host='localhost', port=11434): Max retries exceeded with url: /api/chat (Caused by NewConnectionError('<urllib3.connection.HTTPConnection object at 0x7f7439e1e7f0>: Failed to establish a new connection: [Errno 111] Connection refused'))
Analyzing frame 80/142...
Prompt: Given the scenario shown on the video, you think this situation ends well or poorly? (Use only one word to answer)
Image size: 30824 bytes
Response: Error analyzing image: HTTPConnectionPool(host='localhost', port=11434): Max retries exceeded with url: /api/chat (Caused by NewConnectionError('<urllib3.connection.HTTPConnection object at 0x7f7439e06f10>: Failed to establish a new connection: [Errno 111] Connection refused'))
Analyzing frame 81/142...
Prompt: Given the scenario shown on the video, you think this situation ends well or poorly? (Use only one word to answer)
Image size: 30640 bytes
Response: Error analyzing image: HTTPConnectionPool(host='localhost', port=11434): Max retries exceeded with url: /api/chat (Caused by NewConnectionError('<urllib3.connection.HTTPConnection object at 0x7f7439e7fee0>: Failed to establish a new connection: [Errno 111] Connection refused'))
Analyzing frame 82/142...
Prompt: Given the scenario shown on the video, you think this situation ends well or poorly? (Use only one word to answer)
Image size: 31088 bytes
Response: Error analyzing image: HTTPConnectionPool(host='localhost', port=11434): Max retries exceeded with url: /api/chat (Caused by NewConnectionError('<urllib3.connection.HTTPConnection object at 0x7f7439e1edf0>: Failed to establish a new connection: [Errno 111] Connection refused'))
Analyzing frame 83/142...
Prompt: Given the scenario shown on the video, you think this situation ends well or poorly? (Use only one word to answer)
Image size: 31408 bytes
Response: Error analyzing image: HTTPConnectionPool(host='localhost', port=11434): Max retries exceeded with url: /api/chat (Caused by NewConnectionError('<urllib3.connection.HTTPConnection object at 0x7f7439e1e4c0>: Failed to establish a new connection: [Errno 111] Connection refused'))
Analyzing frame 84/142...
Prompt: Given the scenario shown on the video, you think this situation ends well or poorly? (Use only one word to answer)
Image size: 31240 bytes
Response: Error analyzing image: HTTPConnectionPool(host='localhost', port=11434): Max retries exceeded with url: /api/chat (Caused by NewConnectionError('<urllib3.connection.HTTPConnection object at 0x7f7439ea52b0>: Failed to establish a new connection: [Errno 111] Connection refused'))
Analyzing frame 85/142...
Prompt: Given the scenario shown on the video, you think this situation ends well or poorly? (Use only one word to answer)
Image size: 31372 bytes
Response: Error analyzing image: HTTPConnectionPool(host='localhost', port=11434): Max retries exceeded with url: /api/chat (Caused by NewConnectionError('<urllib3.connection.HTTPConnection object at 0x7f7439dfda60>: Failed to establish a new connection: [Errno 111] Connection refused'))
Analyzing frame 86/142...
Prompt: Given the scenario shown on the video, you think this situation ends well or poorly? (Use only one word to answer)
Image size: 31888 bytes
Response: Error analyzing image: HTTPConnectionPool(host='localhost', port=11434): Max retries exceeded with url: /api/chat (Caused by NewConnectionError('<urllib3.connection.HTTPConnection object at 0x7f7439e12a30>: Failed to establish a new connection: [Errno 111] Connection refused'))
Analyzing frame 87/142...
Prompt: Given the scenario shown on the video, you think this situation ends well or poorly? (Use only one word to answer)
Image size: 32436 bytes
Response: Error analyzing image: HTTPConnectionPool(host='localhost', port=11434): Max retries exceeded with url: /api/chat (Caused by NewConnectionError('<urllib3.connection.HTTPConnection object at 0x7f7439e12040>: Failed to establish a new connection: [Errno 111] Connection refused'))
Analyzing frame 88/142...
Prompt: Given the scenario shown on the video, you think this situation ends well or poorly? (Use only one word to answer)
Image size: 32244 bytes
Response: Error analyzing image: HTTPConnectionPool(host='localhost', port=11434): Max retries exceeded with url: /api/chat (Caused by NewConnectionError('<urllib3.connection.HTTPConnection object at 0x7f7439dfd040>: Failed to establish a new connection: [Errno 111] Connection refused'))
Analyzing frame 89/142...
Prompt: Given the scenario shown on the video, you think this situation ends well or poorly? (Use only one word to answer)
Image size: 32392 bytes
Response: Error analyzing image: HTTPConnectionPool(host='localhost', port=11434): Max retries exceeded with url: /api/chat (Caused by NewConnectionError('<urllib3.connection.HTTPConnection object at 0x7f7439ea56d0>: Failed to establish a new connection: [Errno 111] Connection refused'))
Analyzing frame 90/142...
Prompt: Given the scenario shown on the video, you think this situation ends well or poorly? (Use only one word to answer)
Image size: 32260 bytes
Response: Error analyzing image: HTTPConnectionPool(host='localhost', port=11434): Max retries exceeded with url: /api/chat (Caused by NewConnectionError('<urllib3.connection.HTTPConnection object at 0x7f7439e1efd0>: Failed to establish a new connection: [Errno 111] Connection refused'))
Analyzing frame 91/142...
Prompt: Given the scenario shown on the video, you think this situation ends well or poorly? (Use only one word to answer)
Image size: 32460 bytes
Response: Error analyzing image: HTTPConnectionPool(host='localhost', port=11434): Max retries exceeded with url: /api/chat (Caused by NewConnectionError('<urllib3.connection.HTTPConnection object at 0x7f7439e1eeb0>: Failed to establish a new connection: [Errno 111] Connection refused'))
Analyzing frame 92/142...
Prompt: Given the scenario shown on the video, you think this situation ends well or poorly? (Use only one word to answer)
Image size: 32280 bytes
Response: Error analyzing image: HTTPConnectionPool(host='localhost', port=11434): Max retries exceeded with url: /api/chat (Caused by NewConnectionError('<urllib3.connection.HTTPConnection object at 0x7f7440d35a90>: Failed to establish a new connection: [Errno 111] Connection refused'))
Analyzing frame 93/142...
Prompt: Given the scenario shown on the video, you think this situation ends well or poorly? (Use only one word to answer)
Image size: 32320 bytes
Response: Error analyzing image: HTTPConnectionPool(host='localhost', port=11434): Max retries exceeded with url: /api/chat (Caused by NewConnectionError('<urllib3.connection.HTTPConnection object at 0x7f7439e1ef10>: Failed to establish a new connection: [Errno 111] Connection refused'))
Analyzing frame 94/142...
Prompt: Given the scenario shown on the video, you think this situation ends well or poorly? (Use only one word to answer)
Image size: 32072 bytes
Response: Error analyzing image: HTTPConnectionPool(host='localhost', port=11434): Max retries exceeded with url: /api/chat (Caused by NewConnectionError('<urllib3.connection.HTTPConnection object at 0x7f7439ea58b0>: Failed to establish a new connection: [Errno 111] Connection refused'))
Analyzing frame 95/142...
Prompt: Given the scenario shown on the video, you think this situation ends well or poorly? (Use only one word to answer)
Image size: 32160 bytes
Response: Error analyzing image: HTTPConnectionPool(host='localhost', port=11434): Max retries exceeded with url: /api/chat (Caused by NewConnectionError('<urllib3.connection.HTTPConnection object at 0x7f7439ea5040>: Failed to establish a new connection: [Errno 111] Connection refused'))
Analyzing frame 96/142...
Prompt: Given the scenario shown on the video, you think this situation ends well or poorly? (Use only one word to answer)
Image size: 32504 bytes
Response: Error analyzing image: HTTPConnectionPool(host='localhost', port=11434): Max retries exceeded with url: /api/chat (Caused by NewConnectionError('<urllib3.connection.HTTPConnection object at 0x7f7439e129a0>: Failed to establish a new connection: [Errno 111] Connection refused'))
Analyzing frame 97/142...
Prompt: Given the scenario shown on the video, you think this situation ends well or poorly? (Use only one word to answer)
Image size: 32652 bytes
Response: Error analyzing image: HTTPConnectionPool(host='localhost', port=11434): Max retries exceeded with url: /api/chat (Caused by NewConnectionError('<urllib3.connection.HTTPConnection object at 0x7f7439e7f040>: Failed to establish a new connection: [Errno 111] Connection refused'))
Analyzing frame 98/142...
Prompt: Given the scenario shown on the video, you think this situation ends well or poorly? (Use only one word to answer)
Image size: 33004 bytes
Response: Error analyzing image: HTTPConnectionPool(host='localhost', port=11434): Max retries exceeded with url: /api/chat (Caused by NewConnectionError('<urllib3.connection.HTTPConnection object at 0x7f7439e7f4f0>: Failed to establish a new connection: [Errno 111] Connection refused'))
Analyzing frame 99/142...
Prompt: Given the scenario shown on the video, you think this situation ends well or poorly? (Use only one word to answer)
Image size: 33572 bytes
Response: Error analyzing image: HTTPConnectionPool(host='localhost', port=11434): Max retries exceeded with url: /api/chat (Caused by NewConnectionError('<urllib3.connection.HTTPConnection object at 0x7f7439e12610>: Failed to establish a new connection: [Errno 111] Connection refused'))
Analyzing frame 100/142...
Prompt: Given the scenario shown on the video, you think this situation ends well or poorly? (Use only one word to answer)
Image size: 33604 bytes
Response: Error analyzing image: HTTPConnectionPool(host='localhost', port=11434): Max retries exceeded with url: /api/chat (Caused by NewConnectionError('<urllib3.connection.HTTPConnection object at 0x7f7439ea5490>: Failed to establish a new connection: [Errno 111] Connection refused'))
Analyzing frame 101/142...
Prompt: Given the scenario shown on the video, you think this situation ends well or poorly? (Use only one word to answer)
Image size: 33992 bytes
Response: Error analyzing image: HTTPConnectionPool(host='localhost', port=11434): Max retries exceeded with url: /api/chat (Caused by NewConnectionError('<urllib3.connection.HTTPConnection object at 0x7f7439ea5a00>: Failed to establish a new connection: [Errno 111] Connection refused'))
Analyzing frame 102/142...
Prompt: Given the scenario shown on the video, you think this situation ends well or poorly? (Use only one word to answer)
Image size: 34204 bytes
Response: Error analyzing image: HTTPConnectionPool(host='localhost', port=11434): Max retries exceeded with url: /api/chat (Caused by NewConnectionError('<urllib3.connection.HTTPConnection object at 0x7f7439e1e040>: Failed to establish a new connection: [Errno 111] Connection refused'))
Analyzing frame 103/142...
Prompt: Given the scenario shown on the video, you think this situation ends well or poorly? (Use only one word to answer)
Image size: 34108 bytes
Response: Error analyzing image: HTTPConnectionPool(host='localhost', port=11434): Max retries exceeded with url: /api/chat (Caused by NewConnectionError('<urllib3.connection.HTTPConnection object at 0x7f7439e29910>: Failed to establish a new connection: [Errno 111] Connection refused'))
Analyzing frame 104/142...
Prompt: Given the scenario shown on the video, you think this situation ends well or poorly? (Use only one word to answer)
Image size: 34180 bytes
Response: Error analyzing image: HTTPConnectionPool(host='localhost', port=11434): Max retries exceeded with url: /api/chat (Caused by NewConnectionError('<urllib3.connection.HTTPConnection object at 0x7f7439ea5130>: Failed to establish a new connection: [Errno 111] Connection refused'))
Analyzing frame 105/142...
Prompt: Given the scenario shown on the video, you think this situation ends well or poorly? (Use only one word to answer)
Image size: 33936 bytes
Response: Error analyzing image: HTTPConnectionPool(host='localhost', port=11434): Max retries exceeded with url: /api/chat (Caused by NewConnectionError('<urllib3.connection.HTTPConnection object at 0x7f7439ea53a0>: Failed to establish a new connection: [Errno 111] Connection refused'))
Analyzing frame 106/142...
Prompt: Given the scenario shown on the video, you think this situation ends well or poorly? (Use only one word to answer)
Image size: 33772 bytes
Response: Error analyzing image: HTTPConnectionPool(host='localhost', port=11434): Max retries exceeded with url: /api/chat (Caused by NewConnectionError('<urllib3.connection.HTTPConnection object at 0x7f7439dfd430>: Failed to establish a new connection: [Errno 111] Connection refused'))
Analyzing frame 107/142...
Prompt: Given the scenario shown on the video, you think this situation ends well or poorly? (Use only one word to answer)
Image size: 33700 bytes
Response: Error analyzing image: HTTPConnectionPool(host='localhost', port=11434): Max retries exceeded with url: /api/chat (Caused by NewConnectionError('<urllib3.connection.HTTPConnection object at 0x7f7439e7f610>: Failed to establish a new connection: [Errno 111] Connection refused'))
Analyzing frame 108/142...
Prompt: Given the scenario shown on the video, you think this situation ends well or poorly? (Use only one word to answer)
Image size: 33808 bytes
Response: Error analyzing image: HTTPConnectionPool(host='localhost', port=11434): Max retries exceeded with url: /api/chat (Caused by NewConnectionError('<urllib3.connection.HTTPConnection object at 0x7f7439e29310>: Failed to establish a new connection: [Errno 111] Connection refused'))
Analyzing frame 109/142...
Prompt: Given the scenario shown on the video, you think this situation ends well or poorly? (Use only one word to answer)
Image size: 33096 bytes
Response: Error analyzing image: HTTPConnectionPool(host='localhost', port=11434): Max retries exceeded with url: /api/chat (Caused by NewConnectionError('<urllib3.connection.HTTPConnection object at 0x7f7439e7f610>: Failed to establish a new connection: [Errno 111] Connection refused'))
Analyzing frame 110/142...
Prompt: Given the scenario shown on the video, you think this situation ends well or poorly? (Use only one word to answer)
Image size: 33116 bytes
Response: Error analyzing image: HTTPConnectionPool(host='localhost', port=11434): Max retries exceeded with url: /api/chat (Caused by NewConnectionError('<urllib3.connection.HTTPConnection object at 0x7f7439dfd2b0>: Failed to establish a new connection: [Errno 111] Connection refused'))
Analyzing frame 111/142...
Prompt: Given the scenario shown on the video, you think this situation ends well or poorly? (Use only one word to answer)
Image size: 33020 bytes
Response: Error analyzing image: HTTPConnectionPool(host='localhost', port=11434): Max retries exceeded with url: /api/chat (Caused by NewConnectionError('<urllib3.connection.HTTPConnection object at 0x7f7439ea5850>: Failed to establish a new connection: [Errno 111] Connection refused'))
Analyzing frame 112/142...
Prompt: Given the scenario shown on the video, you think this situation ends well or poorly? (Use only one word to answer)
Image size: 32860 bytes
Response: Error analyzing image: HTTPConnectionPool(host='localhost', port=11434): Max retries exceeded with url: /api/chat (Caused by NewConnectionError('<urllib3.connection.HTTPConnection object at 0x7f7439ea5a00>: Failed to establish a new connection: [Errno 111] Connection refused'))
Analyzing frame 113/142...
Prompt: Given the scenario shown on the video, you think this situation ends well or poorly? (Use only one word to answer)
Image size: 32884 bytes
Response: Error analyzing image: HTTPConnectionPool(host='localhost', port=11434): Max retries exceeded with url: /api/chat (Caused by NewConnectionError('<urllib3.connection.HTTPConnection object at 0x7f7439e1e790>: Failed to establish a new connection: [Errno 111] Connection refused'))
Analyzing frame 114/142...
Prompt: Given the scenario shown on the video, you think this situation ends well or poorly? (Use only one word to answer)
Image size: 32840 bytes
Response: Error analyzing image: HTTPConnectionPool(host='localhost', port=11434): Max retries exceeded with url: /api/chat (Caused by NewConnectionError('<urllib3.connection.HTTPConnection object at 0x7f7439e290d0>: Failed to establish a new connection: [Errno 111] Connection refused'))
Analyzing frame 115/142...
Prompt: Given the scenario shown on the video, you think this situation ends well or poorly? (Use only one word to answer)
Image size: 32828 bytes
Response: Error analyzing image: HTTPConnectionPool(host='localhost', port=11434): Max retries exceeded with url: /api/chat (Caused by NewConnectionError('<urllib3.connection.HTTPConnection object at 0x7f7439e06580>: Failed to establish a new connection: [Errno 111] Connection refused'))
Analyzing frame 116/142...
Prompt: Given the scenario shown on the video, you think this situation ends well or poorly? (Use only one word to answer)
Image size: 32816 bytes
Response: Error analyzing image: HTTPConnectionPool(host='localhost', port=11434): Max retries exceeded with url: /api/chat (Caused by NewConnectionError('<urllib3.connection.HTTPConnection object at 0x7f7439ea53d0>: Failed to establish a new connection: [Errno 111] Connection refused'))
Analyzing frame 117/142...
Prompt: Given the scenario shown on the video, you think this situation ends well or poorly? (Use only one word to answer)
Image size: 32828 bytes
Response: Error analyzing image: HTTPConnectionPool(host='localhost', port=11434): Max retries exceeded with url: /api/chat (Caused by NewConnectionError('<urllib3.connection.HTTPConnection object at 0x7f7439dfd100>: Failed to establish a new connection: [Errno 111] Connection refused'))
Analyzing frame 118/142...
Prompt: Given the scenario shown on the video, you think this situation ends well or poorly? (Use only one word to answer)
Image size: 32820 bytes
Response: Error analyzing image: HTTPConnectionPool(host='localhost', port=11434): Max retries exceeded with url: /api/chat (Caused by NewConnectionError('<urllib3.connection.HTTPConnection object at 0x7f7439e7f730>: Failed to establish a new connection: [Errno 111] Connection refused'))
Analyzing frame 119/142...
Prompt: Given the scenario shown on the video, you think this situation ends well or poorly? (Use only one word to answer)
Image size: 32804 bytes
Response: Error analyzing image: HTTPConnectionPool(host='localhost', port=11434): Max retries exceeded with url: /api/chat (Caused by NewConnectionError('<urllib3.connection.HTTPConnection object at 0x7f7439e29b80>: Failed to establish a new connection: [Errno 111] Connection refused'))
Analyzing frame 120/142...
Prompt: Given the scenario shown on the video, you think this situation ends well or poorly? (Use only one word to answer)
Image size: 32824 bytes
Response: Error analyzing image: HTTPConnectionPool(host='localhost', port=11434): Max retries exceeded with url: /api/chat (Caused by NewConnectionError('<urllib3.connection.HTTPConnection object at 0x7f7439ea53a0>: Failed to establish a new connection: [Errno 111] Connection refused'))
Analyzing frame 121/142...
Prompt: Given the scenario shown on the video, you think this situation ends well or poorly? (Use only one word to answer)
Image size: 32816 bytes
Response: Error analyzing image: HTTPConnectionPool(host='localhost', port=11434): Max retries exceeded with url: /api/chat (Caused by NewConnectionError('<urllib3.connection.HTTPConnection object at 0x7f7439ea5b20>: Failed to establish a new connection: [Errno 111] Connection refused'))
Analyzing frame 122/142...
Prompt: Given the scenario shown on the video, you think this situation ends well or poorly? (Use only one word to answer)
Image size: 32812 bytes
Response: Error analyzing image: HTTPConnectionPool(host='localhost', port=11434): Max retries exceeded with url: /api/chat (Caused by NewConnectionError('<urllib3.connection.HTTPConnection object at 0x7f7439e292e0>: Failed to establish a new connection: [Errno 111] Connection refused'))
Analyzing frame 123/142...
Prompt: Given the scenario shown on the video, you think this situation ends well or poorly? (Use only one word to answer)
Image size: 32820 bytes
Response: Error analyzing image: HTTPConnectionPool(host='localhost', port=11434): Max retries exceeded with url: /api/chat (Caused by NewConnectionError('<urllib3.connection.HTTPConnection object at 0x7f7439e7f580>: Failed to establish a new connection: [Errno 111] Connection refused'))
Analyzing frame 124/142...
Prompt: Given the scenario shown on the video, you think this situation ends well or poorly? (Use only one word to answer)
Image size: 32804 bytes
Response: Error analyzing image: HTTPConnectionPool(host='localhost', port=11434): Max retries exceeded with url: /api/chat (Caused by NewConnectionError('<urllib3.connection.HTTPConnection object at 0x7f7439dfd790>: Failed to establish a new connection: [Errno 111] Connection refused'))
Analyzing frame 125/142...
Prompt: Given the scenario shown on the video, you think this situation ends well or poorly? (Use only one word to answer)
Image size: 32812 bytes
Response: Error analyzing image: HTTPConnectionPool(host='localhost', port=11434): Max retries exceeded with url: /api/chat (Caused by NewConnectionError('<urllib3.connection.HTTPConnection object at 0x7f7439e06b20>: Failed to establish a new connection: [Errno 111] Connection refused'))
Analyzing frame 126/142...
Prompt: Given the scenario shown on the video, you think this situation ends well or poorly? (Use only one word to answer)
Image size: 32812 bytes
Response: Error analyzing image: HTTPConnectionPool(host='localhost', port=11434): Max retries exceeded with url: /api/chat (Caused by NewConnectionError('<urllib3.connection.HTTPConnection object at 0x7f7440d35a90>: Failed to establish a new connection: [Errno 111] Connection refused'))
Analyzing frame 127/142...
Prompt: Given the scenario shown on the video, you think this situation ends well or poorly? (Use only one word to answer)
Image size: 32828 bytes
Response: Error analyzing image: HTTPConnectionPool(host='localhost', port=11434): Max retries exceeded with url: /api/chat (Caused by NewConnectionError('<urllib3.connection.HTTPConnection object at 0x7f7439e29a90>: Failed to establish a new connection: [Errno 111] Connection refused'))
Analyzing frame 128/142...
Prompt: Given the scenario shown on the video, you think this situation ends well or poorly? (Use only one word to answer)
Image size: 32812 bytes
Response: Error analyzing image: HTTPConnectionPool(host='localhost', port=11434): Max retries exceeded with url: /api/chat (Caused by NewConnectionError('<urllib3.connection.HTTPConnection object at 0x7f7439e297c0>: Failed to establish a new connection: [Errno 111] Connection refused'))
Analyzing frame 129/142...
Prompt: Given the scenario shown on the video, you think this situation ends well or poorly? (Use only one word to answer)
Image size: 32812 bytes
Response: Error analyzing image: HTTPConnectionPool(host='localhost', port=11434): Max retries exceeded with url: /api/chat (Caused by NewConnectionError('<urllib3.connection.HTTPConnection object at 0x7f7439ea58b0>: Failed to establish a new connection: [Errno 111] Connection refused'))
Analyzing frame 130/142...
Prompt: Given the scenario shown on the video, you think this situation ends well or poorly? (Use only one word to answer)
Image size: 32840 bytes
Response: Error analyzing image: HTTPConnectionPool(host='localhost', port=11434): Max retries exceeded with url: /api/chat (Caused by NewConnectionError('<urllib3.connection.HTTPConnection object at 0x7f7439ea5820>: Failed to establish a new connection: [Errno 111] Connection refused'))
Analyzing frame 131/142...
Prompt: Given the scenario shown on the video, you think this situation ends well or poorly? (Use only one word to answer)
Image size: 32824 bytes
Response: Error analyzing image: HTTPConnectionPool(host='localhost', port=11434): Max retries exceeded with url: /api/chat (Caused by NewConnectionError('<urllib3.connection.HTTPConnection object at 0x7f7439ea5e80>: Failed to establish a new connection: [Errno 111] Connection refused'))
Analyzing frame 132/142...
Prompt: Given the scenario shown on the video, you think this situation ends well or poorly? (Use only one word to answer)
Image size: 32812 bytes
Response: Error analyzing image: HTTPConnectionPool(host='localhost', port=11434): Max retries exceeded with url: /api/chat (Caused by NewConnectionError('<urllib3.connection.HTTPConnection object at 0x7f7439ea5520>: Failed to establish a new connection: [Errno 111] Connection refused'))
Analyzing frame 133/142...
Prompt: Given the scenario shown on the video, you think this situation ends well or poorly? (Use only one word to answer)
Image size: 32840 bytes
Response: Error analyzing image: HTTPConnectionPool(host='localhost', port=11434): Max retries exceeded with url: /api/chat (Caused by NewConnectionError('<urllib3.connection.HTTPConnection object at 0x7f7439e29c70>: Failed to establish a new connection: [Errno 111] Connection refused'))
Analyzing frame 134/142...
Prompt: Given the scenario shown on the video, you think this situation ends well or poorly? (Use only one word to answer)
Image size: 32832 bytes
Response: Error analyzing image: HTTPConnectionPool(host='localhost', port=11434): Max retries exceeded with url: /api/chat (Caused by NewConnectionError('<urllib3.connection.HTTPConnection object at 0x7f7439e7f5b0>: Failed to establish a new connection: [Errno 111] Connection refused'))
Analyzing frame 135/142...
Prompt: Given the scenario shown on the video, you think this situation ends well or poorly? (Use only one word to answer)
Image size: 32840 bytes
Response: Error analyzing image: HTTPConnectionPool(host='localhost', port=11434): Max retries exceeded with url: /api/chat (Caused by NewConnectionError('<urllib3.connection.HTTPConnection object at 0x7f7439dfd970>: Failed to establish a new connection: [Errno 111] Connection refused'))
Analyzing frame 136/142...
Prompt: Given the scenario shown on the video, you think this situation ends well or poorly? (Use only one word to answer)
Image size: 32844 bytes
Response: Error analyzing image: HTTPConnectionPool(host='localhost', port=11434): Max retries exceeded with url: /api/chat (Caused by NewConnectionError('<urllib3.connection.HTTPConnection object at 0x7f7439e06880>: Failed to establish a new connection: [Errno 111] Connection refused'))
Analyzing frame 137/142...
Prompt: Given the scenario shown on the video, you think this situation ends well or poorly? (Use only one word to answer)
Image size: 32828 bytes
Response: Error analyzing image: HTTPConnectionPool(host='localhost', port=11434): Max retries exceeded with url: /api/chat (Caused by NewConnectionError('<urllib3.connection.HTTPConnection object at 0x7f7439e7f730>: Failed to establish a new connection: [Errno 111] Connection refused'))
Analyzing frame 138/142...
Prompt: Given the scenario shown on the video, you think this situation ends well or poorly? (Use only one word to answer)
Image size: 32824 bytes
Response: Error analyzing image: HTTPConnectionPool(host='localhost', port=11434): Max retries exceeded with url: /api/chat (Caused by NewConnectionError('<urllib3.connection.HTTPConnection object at 0x7f7439e29220>: Failed to establish a new connection: [Errno 111] Connection refused'))
Analyzing frame 139/142...
Prompt: Given the scenario shown on the video, you think this situation ends well or poorly? (Use only one word to answer)
Image size: 32832 bytes
Response: Error analyzing image: HTTPConnectionPool(host='localhost', port=11434): Max retries exceeded with url: /api/chat (Caused by NewConnectionError('<urllib3.connection.HTTPConnection object at 0x7f7439ea54f0>: Failed to establish a new connection: [Errno 111] Connection refused'))
Analyzing frame 140/142...
Prompt: Given the scenario shown on the video, you think this situation ends well or poorly? (Use only one word to answer)
Image size: 32828 bytes
Response: Error analyzing image: HTTPConnectionPool(host='localhost', port=11434): Max retries exceeded with url: /api/chat (Caused by NewConnectionError('<urllib3.connection.HTTPConnection object at 0x7f7439ea5970>: Failed to establish a new connection: [Errno 111] Connection refused'))
Analyzing frame 141/142...
Prompt: Given the scenario shown on the video, you think this situation ends well or poorly? (Use only one word to answer)
Image size: 32836 bytes
Response: Error analyzing image: HTTPConnectionPool(host='localhost', port=11434): Max retries exceeded with url: /api/chat (Caused by NewConnectionError('<urllib3.connection.HTTPConnection object at 0x7f7439e06d00>: Failed to establish a new connection: [Errno 111] Connection refused'))
Analyzing frame 142/142...
Prompt: Given the scenario shown on the video, you think this situation ends well or poorly? (Use only one word to answer)
Image size: 32808 bytes
Response: Error analyzing image: HTTPConnectionPool(host='localhost', port=11434): Max retries exceeded with url: /api/chat (Caused by NewConnectionError('<urllib3.connection.HTTPConnection object at 0x7f7439e068e0>: Failed to establish a new connection: [Errno 111] Connection refused'))
Final prediction for 11_final.mp4: Error analyzing image: HTTPConnectionPool(host='localhost', port=11434): Max retries exceeded with url: /api/chat (Caused by NewConnectionError('<urllib3.connection.HTTPConnection object at 0x7f7439e7fc10>: Failed to establish a new connection: [Errno 111] Connection refused'))

Results saved to ./results/results_gemma3_promptA.csv
Total videos processed: 142

==================================================
Processing video 2/30

Processing video: 12_final.mp4
Video info: 217 frames, 30.00 FPS, 7.23 seconds
Extracted 73 frames for analysis
Analyzing frame 1/73...
Prompt: Given the scenario shown on the video, you think this situation ends well or poorly? (Use only one word to answer)
Image size: 22340 bytes
Response: Error analyzing image: HTTPConnectionPool(host='localhost', port=11434): Max retries exceeded with url: /api/chat (Caused by NewConnectionError('<urllib3.connection.HTTPConnection object at 0x7f7439ea5700>: Failed to establish a new connection: [Errno 111] Connection refused'))
Analyzing frame 2/73...
Prompt: Given the scenario shown on the video, you think this situation ends well or poorly? (Use only one word to answer)
Image size: 22528 bytes
Response: Error analyzing image: HTTPConnectionPool(host='localhost', port=11434): Max retries exceeded with url: /api/chat (Caused by NewConnectionError('<urllib3.connection.HTTPConnection object at 0x7f7439e299d0>: Failed to establish a new connection: [Errno 111] Connection refused'))
Analyzing frame 3/73...
Prompt: Given the scenario shown on the video, you think this situation ends well or poorly? (Use only one word to answer)
Image size: 22604 bytes
Response: Error analyzing image: HTTPConnectionPool(host='localhost', port=11434): Max retries exceeded with url: /api/chat (Caused by NewConnectionError('<urllib3.connection.HTTPConnection object at 0x7f7439e291f0>: Failed to establish a new connection: [Errno 111] Connection refused'))
Analyzing frame 4/73...
Prompt: Given the scenario shown on the video, you think this situation ends well or poorly? (Use only one word to answer)
Image size: 22380 bytes
Response: Error analyzing image: HTTPConnectionPool(host='localhost', port=11434): Max retries exceeded with url: /api/chat (Caused by NewConnectionError('<urllib3.connection.HTTPConnection object at 0x7f7439e72e80>: Failed to establish a new connection: [Errno 111] Connection refused'))
Analyzing frame 5/73...
Prompt: Given the scenario shown on the video, you think this situation ends well or poorly? (Use only one word to answer)
Image size: 22024 bytes
Response: Error analyzing image: HTTPConnectionPool(host='localhost', port=11434): Max retries exceeded with url: /api/chat (Caused by NewConnectionError('<urllib3.connection.HTTPConnection object at 0x7f7439e29790>: Failed to establish a new connection: [Errno 111] Connection refused'))
Analyzing frame 6/73...
Prompt: Given the scenario shown on the video, you think this situation ends well or poorly? (Use only one word to answer)
Image size: 21808 bytes
Response: Error analyzing image: HTTPConnectionPool(host='localhost', port=11434): Max retries exceeded with url: /api/chat (Caused by NewConnectionError('<urllib3.connection.HTTPConnection object at 0x7f7439ea5880>: Failed to establish a new connection: [Errno 111] Connection refused'))
Analyzing frame 7/73...
Prompt: Given the scenario shown on the video, you think this situation ends well or poorly? (Use only one word to answer)
Image size: 21504 bytes
Response: Error analyzing image: HTTPConnectionPool(host='localhost', port=11434): Max retries exceeded with url: /api/chat (Caused by NewConnectionError('<urllib3.connection.HTTPConnection object at 0x7f7439ea5820>: Failed to establish a new connection: [Errno 111] Connection refused'))
Analyzing frame 8/73...
Prompt: Given the scenario shown on the video, you think this situation ends well or poorly? (Use only one word to answer)
Image size: 21140 bytes
Response: Error analyzing image: HTTPConnectionPool(host='localhost', port=11434): Max retries exceeded with url: /api/chat (Caused by NewConnectionError('<urllib3.connection.HTTPConnection object at 0x7f7439ee3d30>: Failed to establish a new connection: [Errno 111] Connection refused'))
Analyzing frame 9/73...
Prompt: Given the scenario shown on the video, you think this situation ends well or poorly? (Use only one word to answer)
Image size: 21020 bytes
Response: Error analyzing image: HTTPConnectionPool(host='localhost', port=11434): Max retries exceeded with url: /api/chat (Caused by NewConnectionError('<urllib3.connection.HTTPConnection object at 0x7f7439e124f0>: Failed to establish a new connection: [Errno 111] Connection refused'))
Analyzing frame 10/73...
Prompt: Given the scenario shown on the video, you think this situation ends well or poorly? (Use only one word to answer)
Image size: 21036 bytes
Response: Error analyzing image: HTTPConnectionPool(host='localhost', port=11434): Max retries exceeded with url: /api/chat (Caused by NewConnectionError('<urllib3.connection.HTTPConnection object at 0x7f7440d35af0>: Failed to establish a new connection: [Errno 111] Connection refused'))
Analyzing frame 11/73...
Prompt: Given the scenario shown on the video, you think this situation ends well or poorly? (Use only one word to answer)
Image size: 21464 bytes
Response: Error analyzing image: HTTPConnectionPool(host='localhost', port=11434): Max retries exceeded with url: /api/chat (Caused by NewConnectionError('<urllib3.connection.HTTPConnection object at 0x7f7439ea5ca0>: Failed to establish a new connection: [Errno 111] Connection refused'))
Analyzing frame 12/73...
Prompt: Given the scenario shown on the video, you think this situation ends well or poorly? (Use only one word to answer)
Image size: 21644 bytes
Response: Error analyzing image: HTTPConnectionPool(host='localhost', port=11434): Max retries exceeded with url: /api/chat (Caused by NewConnectionError('<urllib3.connection.HTTPConnection object at 0x7f7439ea57c0>: Failed to establish a new connection: [Errno 111] Connection refused'))
Analyzing frame 13/73...
Prompt: Given the scenario shown on the video, you think this situation ends well or poorly? (Use only one word to answer)
Image size: 21668 bytes
Response: Error analyzing image: HTTPConnectionPool(host='localhost', port=11434): Max retries exceeded with url: /api/chat (Caused by NewConnectionError('<urllib3.connection.HTTPConnection object at 0x7f7439e29490>: Failed to establish a new connection: [Errno 111] Connection refused'))
Analyzing frame 14/73...
Prompt: Given the scenario shown on the video, you think this situation ends well or poorly? (Use only one word to answer)
Image size: 21548 bytes
Response: Error analyzing image: HTTPConnectionPool(host='localhost', port=11434): Max retries exceeded with url: /api/chat (Caused by NewConnectionError('<urllib3.connection.HTTPConnection object at 0x7f7439e12340>: Failed to establish a new connection: [Errno 111] Connection refused'))
Analyzing frame 15/73...
Prompt: Given the scenario shown on the video, you think this situation ends well or poorly? (Use only one word to answer)
Image size: 21316 bytes
Response: Error analyzing image: HTTPConnectionPool(host='localhost', port=11434): Max retries exceeded with url: /api/chat (Caused by NewConnectionError('<urllib3.connection.HTTPConnection object at 0x7f7439e12700>: Failed to establish a new connection: [Errno 111] Connection refused'))
Analyzing frame 16/73...
Prompt: Given the scenario shown on the video, you think this situation ends well or poorly? (Use only one word to answer)
Image size: 21516 bytes
Response: Error analyzing image: HTTPConnectionPool(host='localhost', port=11434): Max retries exceeded with url: /api/chat (Caused by NewConnectionError('<urllib3.connection.HTTPConnection object at 0x7f7439e29fa0>: Failed to establish a new connection: [Errno 111] Connection refused'))
Analyzing frame 17/73...
Prompt: Given the scenario shown on the video, you think this situation ends well or poorly? (Use only one word to answer)
Image size: 21696 bytes
Response: Error analyzing image: HTTPConnectionPool(host='localhost', port=11434): Max retries exceeded with url: /api/chat (Caused by NewConnectionError('<urllib3.connection.HTTPConnection object at 0x7f7439ea5610>: Failed to establish a new connection: [Errno 111] Connection refused'))
Analyzing frame 18/73...
Prompt: Given the scenario shown on the video, you think this situation ends well or poorly? (Use only one word to answer)
Image size: 22420 bytes
Response: Error analyzing image: HTTPConnectionPool(host='localhost', port=11434): Max retries exceeded with url: /api/chat (Caused by NewConnectionError('<urllib3.connection.HTTPConnection object at 0x7f7439ea5dc0>: Failed to establish a new connection: [Errno 111] Connection refused'))
Analyzing frame 19/73...
Prompt: Given the scenario shown on the video, you think this situation ends well or poorly? (Use only one word to answer)
Image size: 23568 bytes
Response: Error analyzing image: HTTPConnectionPool(host='localhost', port=11434): Max retries exceeded with url: /api/chat (Caused by NewConnectionError('<urllib3.connection.HTTPConnection object at 0x7f7439ee3d00>: Failed to establish a new connection: [Errno 111] Connection refused'))
Analyzing frame 20/73...
Prompt: Given the scenario shown on the video, you think this situation ends well or poorly? (Use only one word to answer)
Image size: 24252 bytes
Response: Error analyzing image: HTTPConnectionPool(host='localhost', port=11434): Max retries exceeded with url: /api/chat (Caused by NewConnectionError('<urllib3.connection.HTTPConnection object at 0x7f7439dfd040>: Failed to establish a new connection: [Errno 111] Connection refused'))
Analyzing frame 21/73...
Prompt: Given the scenario shown on the video, you think this situation ends well or poorly? (Use only one word to answer)
Image size: 24696 bytes
Response: Error analyzing image: HTTPConnectionPool(host='localhost', port=11434): Max retries exceeded with url: /api/chat (Caused by NewConnectionError('<urllib3.connection.HTTPConnection object at 0x7f7439e125e0>: Failed to establish a new connection: [Errno 111] Connection refused'))
Analyzing frame 22/73...
Prompt: Given the scenario shown on the video, you think this situation ends well or poorly? (Use only one word to answer)
Image size: 25264 bytes
Response: Error analyzing image: HTTPConnectionPool(host='localhost', port=11434): Max retries exceeded with url: /api/chat (Caused by NewConnectionError('<urllib3.connection.HTTPConnection object at 0x7f7439e06190>: Failed to establish a new connection: [Errno 111] Connection refused'))
Analyzing frame 23/73...
Prompt: Given the scenario shown on the video, you think this situation ends well or poorly? (Use only one word to answer)
Image size: 25460 bytes
Response: Error analyzing image: HTTPConnectionPool(host='localhost', port=11434): Max retries exceeded with url: /api/chat (Caused by NewConnectionError('<urllib3.connection.HTTPConnection object at 0x7f7439ea5bb0>: Failed to establish a new connection: [Errno 111] Connection refused'))
Analyzing frame 24/73...
Prompt: Given the scenario shown on the video, you think this situation ends well or poorly? (Use only one word to answer)
Image size: 25568 bytes
Response: Error analyzing image: HTTPConnectionPool(host='localhost', port=11434): Max retries exceeded with url: /api/chat (Caused by NewConnectionError('<urllib3.connection.HTTPConnection object at 0x7f7439ea5130>: Failed to establish a new connection: [Errno 111] Connection refused'))
Analyzing frame 25/73...
Prompt: Given the scenario shown on the video, you think this situation ends well or poorly? (Use only one word to answer)
Image size: 25508 bytes
Response: Error analyzing image: HTTPConnectionPool(host='localhost', port=11434): Max retries exceeded with url: /api/chat (Caused by NewConnectionError('<urllib3.connection.HTTPConnection object at 0x7f7439e29730>: Failed to establish a new connection: [Errno 111] Connection refused'))
Analyzing frame 26/73...
Prompt: Given the scenario shown on the video, you think this situation ends well or poorly? (Use only one word to answer)
Image size: 25580 bytes
Response: Error analyzing image: HTTPConnectionPool(host='localhost', port=11434): Max retries exceeded with url: /api/chat (Caused by NewConnectionError('<urllib3.connection.HTTPConnection object at 0x7f7439e1e2e0>: Failed to establish a new connection: [Errno 111] Connection refused'))
Analyzing frame 27/73...
Prompt: Given the scenario shown on the video, you think this situation ends well or poorly? (Use only one word to answer)
Image size: 25616 bytes
Response: Error analyzing image: HTTPConnectionPool(host='localhost', port=11434): Max retries exceeded with url: /api/chat (Caused by NewConnectionError('<urllib3.connection.HTTPConnection object at 0x7f7439ea5340>: Failed to establish a new connection: [Errno 111] Connection refused'))
Analyzing frame 28/73...
Prompt: Given the scenario shown on the video, you think this situation ends well or poorly? (Use only one word to answer)
Image size: 25736 bytes
Response: Error analyzing image: HTTPConnectionPool(host='localhost', port=11434): Max retries exceeded with url: /api/chat (Caused by NewConnectionError('<urllib3.connection.HTTPConnection object at 0x7f7439ea58b0>: Failed to establish a new connection: [Errno 111] Connection refused'))
Analyzing frame 29/73...
Prompt: Given the scenario shown on the video, you think this situation ends well or poorly? (Use only one word to answer)
Image size: 25720 bytes
Response: Error analyzing image: HTTPConnectionPool(host='localhost', port=11434): Max retries exceeded with url: /api/chat (Caused by NewConnectionError('<urllib3.connection.HTTPConnection object at 0x7f7439e06dc0>: Failed to establish a new connection: [Errno 111] Connection refused'))
Analyzing frame 30/73...
Prompt: Given the scenario shown on the video, you think this situation ends well or poorly? (Use only one word to answer)
Image size: 25460 bytes
Response: Error analyzing image: HTTPConnectionPool(host='localhost', port=11434): Max retries exceeded with url: /api/chat (Caused by NewConnectionError('<urllib3.connection.HTTPConnection object at 0x7f7439e12a90>: Failed to establish a new connection: [Errno 111] Connection refused'))
Analyzing frame 31/73...
Prompt: Given the scenario shown on the video, you think this situation ends well or poorly? (Use only one word to answer)
Image size: 25660 bytes
Response: Error analyzing image: HTTPConnectionPool(host='localhost', port=11434): Max retries exceeded with url: /api/chat (Caused by NewConnectionError('<urllib3.connection.HTTPConnection object at 0x7f7439e1e250>: Failed to establish a new connection: [Errno 111] Connection refused'))
Analyzing frame 32/73...
Prompt: Given the scenario shown on the video, you think this situation ends well or poorly? (Use only one word to answer)
Image size: 25764 bytes
Response: Error analyzing image: HTTPConnectionPool(host='localhost', port=11434): Max retries exceeded with url: /api/chat (Caused by NewConnectionError('<urllib3.connection.HTTPConnection object at 0x7f7439e1ebb0>: Failed to establish a new connection: [Errno 111] Connection refused'))
Analyzing frame 33/73...
Prompt: Given the scenario shown on the video, you think this situation ends well or poorly? (Use only one word to answer)
Image size: 25820 bytes
Response: Error analyzing image: HTTPConnectionPool(host='localhost', port=11434): Max retries exceeded with url: /api/chat (Caused by NewConnectionError('<urllib3.connection.HTTPConnection object at 0x7f7439e12940>: Failed to establish a new connection: [Errno 111] Connection refused'))
Analyzing frame 34/73...
Prompt: Given the scenario shown on the video, you think this situation ends well or poorly? (Use only one word to answer)
Image size: 25796 bytes
Response: Error analyzing image: HTTPConnectionPool(host='localhost', port=11434): Max retries exceeded with url: /api/chat (Caused by NewConnectionError('<urllib3.connection.HTTPConnection object at 0x7f7439e065e0>: Failed to establish a new connection: [Errno 111] Connection refused'))
Analyzing frame 35/73...
Prompt: Given the scenario shown on the video, you think this situation ends well or poorly? (Use only one word to answer)
Image size: 25912 bytes
Response: Error analyzing image: HTTPConnectionPool(host='localhost', port=11434): Max retries exceeded with url: /api/chat (Caused by NewConnectionError('<urllib3.connection.HTTPConnection object at 0x7f7439ea5ee0>: Failed to establish a new connection: [Errno 111] Connection refused'))
Analyzing frame 36/73...
Prompt: Given the scenario shown on the video, you think this situation ends well or poorly? (Use only one word to answer)
Image size: 26012 bytes
Response: Error analyzing image: HTTPConnectionPool(host='localhost', port=11434): Max retries exceeded with url: /api/chat (Caused by NewConnectionError('<urllib3.connection.HTTPConnection object at 0x7f7439e294c0>: Failed to establish a new connection: [Errno 111] Connection refused'))
Analyzing frame 37/73...
Prompt: Given the scenario shown on the video, you think this situation ends well or poorly? (Use only one word to answer)
Image size: 26036 bytes
Response: Error analyzing image: HTTPConnectionPool(host='localhost', port=11434): Max retries exceeded with url: /api/chat (Caused by NewConnectionError('<urllib3.connection.HTTPConnection object at 0x7f7439dbf3a0>: Failed to establish a new connection: [Errno 111] Connection refused'))
Analyzing frame 38/73...
Prompt: Given the scenario shown on the video, you think this situation ends well or poorly? (Use only one word to answer)
Image size: 26040 bytes
Response: Error analyzing image: HTTPConnectionPool(host='localhost', port=11434): Max retries exceeded with url: /api/chat (Caused by NewConnectionError('<urllib3.connection.HTTPConnection object at 0x7f7439ea5310>: Failed to establish a new connection: [Errno 111] Connection refused'))
Analyzing frame 39/73...
Prompt: Given the scenario shown on the video, you think this situation ends well or poorly? (Use only one word to answer)
Image size: 26056 bytes
Response: Error analyzing image: HTTPConnectionPool(host='localhost', port=11434): Max retries exceeded with url: /api/chat (Caused by NewConnectionError('<urllib3.connection.HTTPConnection object at 0x7f7439e06820>: Failed to establish a new connection: [Errno 111] Connection refused'))
Analyzing frame 40/73...
Prompt: Given the scenario shown on the video, you think this situation ends well or poorly? (Use only one word to answer)
Image size: 26256 bytes
Response: Error analyzing image: HTTPConnectionPool(host='localhost', port=11434): Max retries exceeded with url: /api/chat (Caused by NewConnectionError('<urllib3.connection.HTTPConnection object at 0x7f7439ee3d30>: Failed to establish a new connection: [Errno 111] Connection refused'))
Analyzing frame 41/73...
Prompt: Given the scenario shown on the video, you think this situation ends well or poorly? (Use only one word to answer)
Image size: 26264 bytes
Response: Error analyzing image: HTTPConnectionPool(host='localhost', port=11434): Max retries exceeded with url: /api/chat (Caused by NewConnectionError('<urllib3.connection.HTTPConnection object at 0x7f7439e1e160>: Failed to establish a new connection: [Errno 111] Connection refused'))
Analyzing frame 42/73...
Prompt: Given the scenario shown on the video, you think this situation ends well or poorly? (Use only one word to answer)
Image size: 26264 bytes
Response: Error analyzing image: HTTPConnectionPool(host='localhost', port=11434): Max retries exceeded with url: /api/chat (Caused by NewConnectionError('<urllib3.connection.HTTPConnection object at 0x7f7439e1e0d0>: Failed to establish a new connection: [Errno 111] Connection refused'))
Analyzing frame 43/73...
Prompt: Given the scenario shown on the video, you think this situation ends well or poorly? (Use only one word to answer)
Image size: 26320 bytes
Response: Error analyzing image: HTTPConnectionPool(host='localhost', port=11434): Max retries exceeded with url: /api/chat (Caused by NewConnectionError('<urllib3.connection.HTTPConnection object at 0x7f7439ea5d90>: Failed to establish a new connection: [Errno 111] Connection refused'))
Analyzing frame 44/73...
Prompt: Given the scenario shown on the video, you think this situation ends well or poorly? (Use only one word to answer)
Image size: 26280 bytes
Response: Error analyzing image: HTTPConnectionPool(host='localhost', port=11434): Max retries exceeded with url: /api/chat (Caused by NewConnectionError('<urllib3.connection.HTTPConnection object at 0x7f7439ea54f0>: Failed to establish a new connection: [Errno 111] Connection refused'))
Analyzing frame 45/73...
Prompt: Given the scenario shown on the video, you think this situation ends well or poorly? (Use only one word to answer)
Image size: 26292 bytes
Response: Error analyzing image: HTTPConnectionPool(host='localhost', port=11434): Max retries exceeded with url: /api/chat (Caused by NewConnectionError('<urllib3.connection.HTTPConnection object at 0x7f7439e1e6a0>: Failed to establish a new connection: [Errno 111] Connection refused'))
Analyzing frame 46/73...
Prompt: Given the scenario shown on the video, you think this situation ends well or poorly? (Use only one word to answer)
Image size: 26272 bytes
Response: Error analyzing image: HTTPConnectionPool(host='localhost', port=11434): Max retries exceeded with url: /api/chat (Caused by NewConnectionError('<urllib3.connection.HTTPConnection object at 0x7f7439e12d30>: Failed to establish a new connection: [Errno 111] Connection refused'))
Analyzing frame 47/73...
Prompt: Given the scenario shown on the video, you think this situation ends well or poorly? (Use only one word to answer)
Image size: 26276 bytes
Response: Error analyzing image: HTTPConnectionPool(host='localhost', port=11434): Max retries exceeded with url: /api/chat (Caused by NewConnectionError('<urllib3.connection.HTTPConnection object at 0x7f7439e12580>: Failed to establish a new connection: [Errno 111] Connection refused'))
Analyzing frame 48/73...
Prompt: Given the scenario shown on the video, you think this situation ends well or poorly? (Use only one word to answer)
Image size: 26280 bytes
Response: Error analyzing image: HTTPConnectionPool(host='localhost', port=11434): Max retries exceeded with url: /api/chat (Caused by NewConnectionError('<urllib3.connection.HTTPConnection object at 0x7f7439e29bb0>: Failed to establish a new connection: [Errno 111] Connection refused'))
Analyzing frame 49/73...
Prompt: Given the scenario shown on the video, you think this situation ends well or poorly? (Use only one word to answer)
Image size: 26300 bytes
Response: Error analyzing image: HTTPConnectionPool(host='localhost', port=11434): Max retries exceeded with url: /api/chat (Caused by NewConnectionError('<urllib3.connection.HTTPConnection object at 0x7f7439e12340>: Failed to establish a new connection: [Errno 111] Connection refused'))
Analyzing frame 50/73...
Prompt: Given the scenario shown on the video, you think this situation ends well or poorly? (Use only one word to answer)
Image size: 26280 bytes
Response: Error analyzing image: HTTPConnectionPool(host='localhost', port=11434): Max retries exceeded with url: /api/chat (Caused by NewConnectionError('<urllib3.connection.HTTPConnection object at 0x7f7439e1e1c0>: Failed to establish a new connection: [Errno 111] Connection refused'))
Analyzing frame 51/73...
Prompt: Given the scenario shown on the video, you think this situation ends well or poorly? (Use only one word to answer)
Image size: 26292 bytes
Response: Error analyzing image: HTTPConnectionPool(host='localhost', port=11434): Max retries exceeded with url: /api/chat (Caused by NewConnectionError('<urllib3.connection.HTTPConnection object at 0x7f7439ea59a0>: Failed to establish a new connection: [Errno 111] Connection refused'))
Analyzing frame 52/73...
Prompt: Given the scenario shown on the video, you think this situation ends well or poorly? (Use only one word to answer)
Image size: 26256 bytes
Response: Error analyzing image: HTTPConnectionPool(host='localhost', port=11434): Max retries exceeded with url: /api/chat (Caused by NewConnectionError('<urllib3.connection.HTTPConnection object at 0x7f7439e1e340>: Failed to establish a new connection: [Errno 111] Connection refused'))
Analyzing frame 53/73...
Prompt: Given the scenario shown on the video, you think this situation ends well or poorly? (Use only one word to answer)
Image size: 26300 bytes
Response: Error analyzing image: HTTPConnectionPool(host='localhost', port=11434): Max retries exceeded with url: /api/chat (Caused by NewConnectionError('<urllib3.connection.HTTPConnection object at 0x7f7439e1ee50>: Failed to establish a new connection: [Errno 111] Connection refused'))
Analyzing frame 54/73...
Prompt: Given the scenario shown on the video, you think this situation ends well or poorly? (Use only one word to answer)
Image size: 26256 bytes
Response: Error analyzing image: HTTPConnectionPool(host='localhost', port=11434): Max retries exceeded with url: /api/chat (Caused by NewConnectionError('<urllib3.connection.HTTPConnection object at 0x7f7439e12d00>: Failed to establish a new connection: [Errno 111] Connection refused'))
Analyzing frame 55/73...
Prompt: Given the scenario shown on the video, you think this situation ends well or poorly? (Use only one word to answer)
Image size: 26288 bytes
Response: Error analyzing image: HTTPConnectionPool(host='localhost', port=11434): Max retries exceeded with url: /api/chat (Caused by NewConnectionError('<urllib3.connection.HTTPConnection object at 0x7f7439ea57f0>: Failed to establish a new connection: [Errno 111] Connection refused'))
Analyzing frame 56/73...
Prompt: Given the scenario shown on the video, you think this situation ends well or poorly? (Use only one word to answer)
Image size: 26256 bytes
Response: Error analyzing image: HTTPConnectionPool(host='localhost', port=11434): Max retries exceeded with url: /api/chat (Caused by NewConnectionError('<urllib3.connection.HTTPConnection object at 0x7f7439e298b0>: Failed to establish a new connection: [Errno 111] Connection refused'))
Analyzing frame 57/73...
Prompt: Given the scenario shown on the video, you think this situation ends well or poorly? (Use only one word to answer)
Image size: 26292 bytes
Response: Error analyzing image: HTTPConnectionPool(host='localhost', port=11434): Max retries exceeded with url: /api/chat (Caused by NewConnectionError('<urllib3.connection.HTTPConnection object at 0x7f7439e126d0>: Failed to establish a new connection: [Errno 111] Connection refused'))
Analyzing frame 58/73...
Prompt: Given the scenario shown on the video, you think this situation ends well or poorly? (Use only one word to answer)
Image size: 26256 bytes
Response: Error analyzing image: HTTPConnectionPool(host='localhost', port=11434): Max retries exceeded with url: /api/chat (Caused by NewConnectionError('<urllib3.connection.HTTPConnection object at 0x7f7439e122e0>: Failed to establish a new connection: [Errno 111] Connection refused'))
Analyzing frame 59/73...
Prompt: Given the scenario shown on the video, you think this situation ends well or poorly? (Use only one word to answer)
Image size: 26288 bytes
Response: Error analyzing image: HTTPConnectionPool(host='localhost', port=11434): Max retries exceeded with url: /api/chat (Caused by NewConnectionError('<urllib3.connection.HTTPConnection object at 0x7f7439ea5af0>: Failed to establish a new connection: [Errno 111] Connection refused'))
Analyzing frame 60/73...
Prompt: Given the scenario shown on the video, you think this situation ends well or poorly? (Use only one word to answer)
Image size: 26260 bytes
Response: Error analyzing image: HTTPConnectionPool(host='localhost', port=11434): Max retries exceeded with url: /api/chat (Caused by NewConnectionError('<urllib3.connection.HTTPConnection object at 0x7f7439e1e370>: Failed to establish a new connection: [Errno 111] Connection refused'))
Analyzing frame 61/73...
Prompt: Given the scenario shown on the video, you think this situation ends well or poorly? (Use only one word to answer)
Image size: 26300 bytes
Response: Error analyzing image: HTTPConnectionPool(host='localhost', port=11434): Max retries exceeded with url: /api/chat (Caused by NewConnectionError('<urllib3.connection.HTTPConnection object at 0x7f7439e1ec10>: Failed to establish a new connection: [Errno 111] Connection refused'))
Analyzing frame 62/73...
Prompt: Given the scenario shown on the video, you think this situation ends well or poorly? (Use only one word to answer)
Image size: 26284 bytes
Response: Error analyzing image: HTTPConnectionPool(host='localhost', port=11434): Max retries exceeded with url: /api/chat (Caused by NewConnectionError('<urllib3.connection.HTTPConnection object at 0x7f7439e7ffa0>: Failed to establish a new connection: [Errno 111] Connection refused'))
Analyzing frame 63/73...
Prompt: Given the scenario shown on the video, you think this situation ends well or poorly? (Use only one word to answer)
Image size: 26276 bytes
Response: Error analyzing image: HTTPConnectionPool(host='localhost', port=11434): Max retries exceeded with url: /api/chat (Caused by NewConnectionError('<urllib3.connection.HTTPConnection object at 0x7f7439e1eb80>: Failed to establish a new connection: [Errno 111] Connection refused'))
Analyzing frame 64/73...
Prompt: Given the scenario shown on the video, you think this situation ends well or poorly? (Use only one word to answer)
Image size: 26280 bytes
Response: Error analyzing image: HTTPConnectionPool(host='localhost', port=11434): Max retries exceeded with url: /api/chat (Caused by NewConnectionError('<urllib3.connection.HTTPConnection object at 0x7f7439ea5f70>: Failed to establish a new connection: [Errno 111] Connection refused'))
Analyzing frame 65/73...
Prompt: Given the scenario shown on the video, you think this situation ends well or poorly? (Use only one word to answer)
Image size: 26260 bytes
Response: Error analyzing image: HTTPConnectionPool(host='localhost', port=11434): Max retries exceeded with url: /api/chat (Caused by NewConnectionError('<urllib3.connection.HTTPConnection object at 0x7f7439ea52b0>: Failed to establish a new connection: [Errno 111] Connection refused'))
Analyzing frame 66/73...
Prompt: Given the scenario shown on the video, you think this situation ends well or poorly? (Use only one word to answer)
Image size: 26272 bytes
Response: Error analyzing image: HTTPConnectionPool(host='localhost', port=11434): Max retries exceeded with url: /api/chat (Caused by NewConnectionError('<urllib3.connection.HTTPConnection object at 0x7f7439e12ee0>: Failed to establish a new connection: [Errno 111] Connection refused'))
Analyzing frame 67/73...
Prompt: Given the scenario shown on the video, you think this situation ends well or poorly? (Use only one word to answer)
Image size: 26292 bytes
Response: Error analyzing image: HTTPConnectionPool(host='localhost', port=11434): Max retries exceeded with url: /api/chat (Caused by NewConnectionError('<urllib3.connection.HTTPConnection object at 0x7f7439e7f610>: Failed to establish a new connection: [Errno 111] Connection refused'))
Analyzing frame 68/73...
Prompt: Given the scenario shown on the video, you think this situation ends well or poorly? (Use only one word to answer)
Image size: 26280 bytes
Response: Error analyzing image: HTTPConnectionPool(host='localhost', port=11434): Max retries exceeded with url: /api/chat (Caused by NewConnectionError('<urllib3.connection.HTTPConnection object at 0x7f7439e12fd0>: Failed to establish a new connection: [Errno 111] Connection refused'))
Analyzing frame 69/73...
Prompt: Given the scenario shown on the video, you think this situation ends well or poorly? (Use only one word to answer)
Image size: 26308 bytes
Response: Error analyzing image: HTTPConnectionPool(host='localhost', port=11434): Max retries exceeded with url: /api/chat (Caused by NewConnectionError('<urllib3.connection.HTTPConnection object at 0x7f7439e12370>: Failed to establish a new connection: [Errno 111] Connection refused'))
Analyzing frame 70/73...
Prompt: Given the scenario shown on the video, you think this situation ends well or poorly? (Use only one word to answer)
Image size: 26284 bytes
Response: Error analyzing image: HTTPConnectionPool(host='localhost', port=11434): Max retries exceeded with url: /api/chat (Caused by NewConnectionError('<urllib3.connection.HTTPConnection object at 0x7f7439ea5c40>: Failed to establish a new connection: [Errno 111] Connection refused'))
Analyzing frame 71/73...
Prompt: Given the scenario shown on the video, you think this situation ends well or poorly? (Use only one word to answer)
Image size: 26292 bytes
Response: Error analyzing image: HTTPConnectionPool(host='localhost', port=11434): Max retries exceeded with url: /api/chat (Caused by NewConnectionError('<urllib3.connection.HTTPConnection object at 0x7f7439ea5520>: Failed to establish a new connection: [Errno 111] Connection refused'))
Analyzing frame 72/73...
Prompt: Given the scenario shown on the video, you think this situation ends well or poorly? (Use only one word to answer)
Image size: 26276 bytes
Response: Error analyzing image: HTTPConnectionPool(host='localhost', port=11434): Max retries exceeded with url: /api/chat (Caused by NewConnectionError('<urllib3.connection.HTTPConnection object at 0x7f7439e1eb50>: Failed to establish a new connection: [Errno 111] Connection refused'))
Analyzing frame 73/73...
Prompt: Given the scenario shown on the video, you think this situation ends well or poorly? (Use only one word to answer)
Image size: 26292 bytes
Response: Error analyzing image: HTTPConnectionPool(host='localhost', port=11434): Max retries exceeded with url: /api/chat (Caused by NewConnectionError('<urllib3.connection.HTTPConnection object at 0x7f7439e067c0>: Failed to establish a new connection: [Errno 111] Connection refused'))
Final prediction for 12_final.mp4: Error analyzing image: HTTPConnectionPool(host='localhost', port=11434): Max retries exceeded with url: /api/chat (Caused by NewConnectionError('<urllib3.connection.HTTPConnection object at 0x7f7439ea5700>: Failed to establish a new connection: [Errno 111] Connection refused'))

Results saved to ./results/results_gemma3_promptA.csv
Total videos processed: 215

==================================================
Processing video 3/30

Processing video: 14_final.mp4
Video info: 388 frames, 30.00 FPS, 12.93 seconds
Extracted 130 frames for analysis
Analyzing frame 1/130...
Prompt: Given the scenario shown on the video, you think this situation ends well or poorly? (Use only one word to answer)
Image size: 31260 bytes
Response: Error analyzing image: HTTPConnectionPool(host='localhost', port=11434): Max retries exceeded with url: /api/chat (Caused by NewConnectionError('<urllib3.connection.HTTPConnection object at 0x7f743f6fa100>: Failed to establish a new connection: [Errno 111] Connection refused'))
Analyzing frame 2/130...
Prompt: Given the scenario shown on the video, you think this situation ends well or poorly? (Use only one word to answer)
Image size: 31088 bytes
Response: Error analyzing image: HTTPConnectionPool(host='localhost', port=11434): Max retries exceeded with url: /api/chat (Caused by NewConnectionError('<urllib3.connection.HTTPConnection object at 0x7f7439ea5dc0>: Failed to establish a new connection: [Errno 111] Connection refused'))
Analyzing frame 3/130...
Prompt: Given the scenario shown on the video, you think this situation ends well or poorly? (Use only one word to answer)
Image size: 31404 bytes
Response: Error analyzing image: HTTPConnectionPool(host='localhost', port=11434): Max retries exceeded with url: /api/chat (Caused by NewConnectionError('<urllib3.connection.HTTPConnection object at 0x7f7439e293a0>: Failed to establish a new connection: [Errno 111] Connection refused'))
Analyzing frame 4/130...
Prompt: Given the scenario shown on the video, you think this situation ends well or poorly? (Use only one word to answer)
Image size: 31676 bytes
Response: Error analyzing image: HTTPConnectionPool(host='localhost', port=11434): Max retries exceeded with url: /api/chat (Caused by NewConnectionError('<urllib3.connection.HTTPConnection object at 0x7f7439e12790>: Failed to establish a new connection: [Errno 111] Connection refused'))
Analyzing frame 5/130...
Prompt: Given the scenario shown on the video, you think this situation ends well or poorly? (Use only one word to answer)
Image size: 31636 bytes
Response: Error analyzing image: HTTPConnectionPool(host='localhost', port=11434): Max retries exceeded with url: /api/chat (Caused by NewConnectionError('<urllib3.connection.HTTPConnection object at 0x7f7439e06640>: Failed to establish a new connection: [Errno 111] Connection refused'))
Analyzing frame 6/130...
Prompt: Given the scenario shown on the video, you think this situation ends well or poorly? (Use only one word to answer)
Image size: 31308 bytes
Response: Error analyzing image: HTTPConnectionPool(host='localhost', port=11434): Max retries exceeded with url: /api/chat (Caused by NewConnectionError('<urllib3.connection.HTTPConnection object at 0x7f7439e12340>: Failed to establish a new connection: [Errno 111] Connection refused'))
Analyzing frame 7/130...
Prompt: Given the scenario shown on the video, you think this situation ends well or poorly? (Use only one word to answer)
Image size: 31580 bytes
Response: Error analyzing image: HTTPConnectionPool(host='localhost', port=11434): Max retries exceeded with url: /api/chat (Caused by NewConnectionError('<urllib3.connection.HTTPConnection object at 0x7f7439ea5fa0>: Failed to establish a new connection: [Errno 111] Connection refused'))
Analyzing frame 8/130...
Prompt: Given the scenario shown on the video, you think this situation ends well or poorly? (Use only one word to answer)
Image size: 31504 bytes
Response: Error analyzing image: HTTPConnectionPool(host='localhost', port=11434): Max retries exceeded with url: /api/chat (Caused by NewConnectionError('<urllib3.connection.HTTPConnection object at 0x7f7439ea5610>: Failed to establish a new connection: [Errno 111] Connection refused'))
Analyzing frame 9/130...
Prompt: Given the scenario shown on the video, you think this situation ends well or poorly? (Use only one word to answer)
Image size: 31564 bytes
Response: Error analyzing image: HTTPConnectionPool(host='localhost', port=11434): Max retries exceeded with url: /api/chat (Caused by NewConnectionError('<urllib3.connection.HTTPConnection object at 0x7f7439e1e9a0>: Failed to establish a new connection: [Errno 111] Connection refused'))
Analyzing frame 10/130...
Prompt: Given the scenario shown on the video, you think this situation ends well or poorly? (Use only one word to answer)
Image size: 31488 bytes
Response: Error analyzing image: HTTPConnectionPool(host='localhost', port=11434): Max retries exceeded with url: /api/chat (Caused by NewConnectionError('<urllib3.connection.HTTPConnection object at 0x7f7439e067c0>: Failed to establish a new connection: [Errno 111] Connection refused'))
Analyzing frame 11/130...
Prompt: Given the scenario shown on the video, you think this situation ends well or poorly? (Use only one word to answer)
Image size: 31580 bytes
Response: Error analyzing image: HTTPConnectionPool(host='localhost', port=11434): Max retries exceeded with url: /api/chat (Caused by NewConnectionError('<urllib3.connection.HTTPConnection object at 0x7f7439e1ef10>: Failed to establish a new connection: [Errno 111] Connection refused'))
Analyzing frame 12/130...
Prompt: Given the scenario shown on the video, you think this situation ends well or poorly? (Use only one word to answer)
Image size: 31620 bytes
Response: Error analyzing image: HTTPConnectionPool(host='localhost', port=11434): Max retries exceeded with url: /api/chat (Caused by NewConnectionError('<urllib3.connection.HTTPConnection object at 0x7f7439ea5880>: Failed to establish a new connection: [Errno 111] Connection refused'))
Analyzing frame 13/130...
Prompt: Given the scenario shown on the video, you think this situation ends well or poorly? (Use only one word to answer)
Image size: 31628 bytes
Response: Error analyzing image: HTTPConnectionPool(host='localhost', port=11434): Max retries exceeded with url: /api/chat (Caused by NewConnectionError('<urllib3.connection.HTTPConnection object at 0x7f7439ea5100>: Failed to establish a new connection: [Errno 111] Connection refused'))
Analyzing frame 14/130...
Prompt: Given the scenario shown on the video, you think this situation ends well or poorly? (Use only one word to answer)
Image size: 31564 bytes
Response: Error analyzing image: HTTPConnectionPool(host='localhost', port=11434): Max retries exceeded with url: /api/chat (Caused by NewConnectionError('<urllib3.connection.HTTPConnection object at 0x7f7439e293a0>: Failed to establish a new connection: [Errno 111] Connection refused'))
Analyzing frame 15/130...
Prompt: Given the scenario shown on the video, you think this situation ends well or poorly? (Use only one word to answer)
Image size: 31648 bytes
Response: Error analyzing image: HTTPConnectionPool(host='localhost', port=11434): Max retries exceeded with url: /api/chat (Caused by NewConnectionError('<urllib3.connection.HTTPConnection object at 0x7f7439e12400>: Failed to establish a new connection: [Errno 111] Connection refused'))
Analyzing frame 16/130...
Prompt: Given the scenario shown on the video, you think this situation ends well or poorly? (Use only one word to answer)
Image size: 31456 bytes
Response: Error analyzing image: HTTPConnectionPool(host='localhost', port=11434): Max retries exceeded with url: /api/chat (Caused by NewConnectionError('<urllib3.connection.HTTPConnection object at 0x7f7439e06610>: Failed to establish a new connection: [Errno 111] Connection refused'))
Analyzing frame 17/130...
Prompt: Given the scenario shown on the video, you think this situation ends well or poorly? (Use only one word to answer)
Image size: 31780 bytes
Response: Error analyzing image: HTTPConnectionPool(host='localhost', port=11434): Max retries exceeded with url: /api/chat (Caused by NewConnectionError('<urllib3.connection.HTTPConnection object at 0x7f7440d35d90>: Failed to establish a new connection: [Errno 111] Connection refused'))
Analyzing frame 18/130...
Prompt: Given the scenario shown on the video, you think this situation ends well or poorly? (Use only one word to answer)
Image size: 31740 bytes
Response: Error analyzing image: HTTPConnectionPool(host='localhost', port=11434): Max retries exceeded with url: /api/chat (Caused by NewConnectionError('<urllib3.connection.HTTPConnection object at 0x7f7439ea5190>: Failed to establish a new connection: [Errno 111] Connection refused'))
Analyzing frame 19/130...
Prompt: Given the scenario shown on the video, you think this situation ends well or poorly? (Use only one word to answer)
Image size: 31752 bytes
Response: Error analyzing image: HTTPConnectionPool(host='localhost', port=11434): Max retries exceeded with url: /api/chat (Caused by NewConnectionError('<urllib3.connection.HTTPConnection object at 0x7f7439ea51f0>: Failed to establish a new connection: [Errno 111] Connection refused'))
Analyzing frame 20/130...
Prompt: Given the scenario shown on the video, you think this situation ends well or poorly? (Use only one word to answer)
Image size: 31816 bytes
Response: Error analyzing image: HTTPConnectionPool(host='localhost', port=11434): Max retries exceeded with url: /api/chat (Caused by NewConnectionError('<urllib3.connection.HTTPConnection object at 0x7f7439e1e970>: Failed to establish a new connection: [Errno 111] Connection refused'))
Analyzing frame 21/130...
Prompt: Given the scenario shown on the video, you think this situation ends well or poorly? (Use only one word to answer)
Image size: 32068 bytes
Response: Error analyzing image: HTTPConnectionPool(host='localhost', port=11434): Max retries exceeded with url: /api/chat (Caused by NewConnectionError('<urllib3.connection.HTTPConnection object at 0x7f7439e066d0>: Failed to establish a new connection: [Errno 111] Connection refused'))
Analyzing frame 22/130...
Prompt: Given the scenario shown on the video, you think this situation ends well or poorly? (Use only one word to answer)
Image size: 32044 bytes
Response: Error analyzing image: HTTPConnectionPool(host='localhost', port=11434): Max retries exceeded with url: /api/chat (Caused by NewConnectionError('<urllib3.connection.HTTPConnection object at 0x7f7439e1edf0>: Failed to establish a new connection: [Errno 111] Connection refused'))
Analyzing frame 23/130...
Prompt: Given the scenario shown on the video, you think this situation ends well or poorly? (Use only one word to answer)
Image size: 32308 bytes
Response: Error analyzing image: HTTPConnectionPool(host='localhost', port=11434): Max retries exceeded with url: /api/chat (Caused by NewConnectionError('<urllib3.connection.HTTPConnection object at 0x7f7439e1eac0>: Failed to establish a new connection: [Errno 111] Connection refused'))
Analyzing frame 24/130...
Prompt: Given the scenario shown on the video, you think this situation ends well or poorly? (Use only one word to answer)
Image size: 32424 bytes
Response: Error analyzing image: HTTPConnectionPool(host='localhost', port=11434): Max retries exceeded with url: /api/chat (Caused by NewConnectionError('<urllib3.connection.HTTPConnection object at 0x7f7439ea5d90>: Failed to establish a new connection: [Errno 111] Connection refused'))
Analyzing frame 25/130...
Prompt: Given the scenario shown on the video, you think this situation ends well or poorly? (Use only one word to answer)
Image size: 32420 bytes
Response: Error analyzing image: HTTPConnectionPool(host='localhost', port=11434): Max retries exceeded with url: /api/chat (Caused by NewConnectionError('<urllib3.connection.HTTPConnection object at 0x7f7439e29b50>: Failed to establish a new connection: [Errno 111] Connection refused'))
Analyzing frame 26/130...
Prompt: Given the scenario shown on the video, you think this situation ends well or poorly? (Use only one word to answer)
Image size: 32428 bytes
Response: Error analyzing image: HTTPConnectionPool(host='localhost', port=11434): Max retries exceeded with url: /api/chat (Caused by NewConnectionError('<urllib3.connection.HTTPConnection object at 0x7f7439e12340>: Failed to establish a new connection: [Errno 111] Connection refused'))
Analyzing frame 27/130...
Prompt: Given the scenario shown on the video, you think this situation ends well or poorly? (Use only one word to answer)
Image size: 32544 bytes
Response: Error analyzing image: HTTPConnectionPool(host='localhost', port=11434): Max retries exceeded with url: /api/chat (Caused by NewConnectionError('<urllib3.connection.HTTPConnection object at 0x7f7439e06d30>: Failed to establish a new connection: [Errno 111] Connection refused'))
Analyzing frame 28/130...
Prompt: Given the scenario shown on the video, you think this situation ends well or poorly? (Use only one word to answer)
Image size: 32376 bytes
Response: Error analyzing image: HTTPConnectionPool(host='localhost', port=11434): Max retries exceeded with url: /api/chat (Caused by NewConnectionError('<urllib3.connection.HTTPConnection object at 0x7f7440d35d90>: Failed to establish a new connection: [Errno 111] Connection refused'))
Analyzing frame 29/130...
Prompt: Given the scenario shown on the video, you think this situation ends well or poorly? (Use only one word to answer)
Image size: 32568 bytes
Response: Error analyzing image: HTTPConnectionPool(host='localhost', port=11434): Max retries exceeded with url: /api/chat (Caused by NewConnectionError('<urllib3.connection.HTTPConnection object at 0x7f7439ea5a30>: Failed to establish a new connection: [Errno 111] Connection refused'))
Analyzing frame 30/130...
Prompt: Given the scenario shown on the video, you think this situation ends well or poorly? (Use only one word to answer)
Image size: 32592 bytes
Response: Error analyzing image: HTTPConnectionPool(host='localhost', port=11434): Max retries exceeded with url: /api/chat (Caused by NewConnectionError('<urllib3.connection.HTTPConnection object at 0x7f7439ea5430>: Failed to establish a new connection: [Errno 111] Connection refused'))
Analyzing frame 31/130...
Prompt: Given the scenario shown on the video, you think this situation ends well or poorly? (Use only one word to answer)
Image size: 32720 bytes
Response: Error analyzing image: HTTPConnectionPool(host='localhost', port=11434): Max retries exceeded with url: /api/chat (Caused by NewConnectionError('<urllib3.connection.HTTPConnection object at 0x7f7439e1e640>: Failed to establish a new connection: [Errno 111] Connection refused'))
Analyzing frame 32/130...
Prompt: Given the scenario shown on the video, you think this situation ends well or poorly? (Use only one word to answer)
Image size: 32544 bytes
Response: Error analyzing image: HTTPConnectionPool(host='localhost', port=11434): Max retries exceeded with url: /api/chat (Caused by NewConnectionError('<urllib3.connection.HTTPConnection object at 0x7f7439e1ea60>: Failed to establish a new connection: [Errno 111] Connection refused'))
Analyzing frame 33/130...
Prompt: Given the scenario shown on the video, you think this situation ends well or poorly? (Use only one word to answer)
Image size: 32672 bytes
Response: Error analyzing image: HTTPConnectionPool(host='localhost', port=11434): Max retries exceeded with url: /api/chat (Caused by NewConnectionError('<urllib3.connection.HTTPConnection object at 0x7f7439e1e700>: Failed to establish a new connection: [Errno 111] Connection refused'))
Analyzing frame 34/130...
Prompt: Given the scenario shown on the video, you think this situation ends well or poorly? (Use only one word to answer)
Image size: 32884 bytes
Response: Error analyzing image: HTTPConnectionPool(host='localhost', port=11434): Max retries exceeded with url: /api/chat (Caused by NewConnectionError('<urllib3.connection.HTTPConnection object at 0x7f7439ea5610>: Failed to establish a new connection: [Errno 111] Connection refused'))
Analyzing frame 35/130...
Prompt: Given the scenario shown on the video, you think this situation ends well or poorly? (Use only one word to answer)
Image size: 32904 bytes
Response: Error analyzing image: HTTPConnectionPool(host='localhost', port=11434): Max retries exceeded with url: /api/chat (Caused by NewConnectionError('<urllib3.connection.HTTPConnection object at 0x7f7439ea5520>: Failed to establish a new connection: [Errno 111] Connection refused'))
Analyzing frame 36/130...
Prompt: Given the scenario shown on the video, you think this situation ends well or poorly? (Use only one word to answer)
Image size: 32656 bytes
Response: Error analyzing image: HTTPConnectionPool(host='localhost', port=11434): Max retries exceeded with url: /api/chat (Caused by NewConnectionError('<urllib3.connection.HTTPConnection object at 0x7f7439e291c0>: Failed to establish a new connection: [Errno 111] Connection refused'))
Analyzing frame 37/130...
Prompt: Given the scenario shown on the video, you think this situation ends well or poorly? (Use only one word to answer)
Image size: 32544 bytes
Response: Error analyzing image: HTTPConnectionPool(host='localhost', port=11434): Max retries exceeded with url: /api/chat (Caused by NewConnectionError('<urllib3.connection.HTTPConnection object at 0x7f7439e06100>: Failed to establish a new connection: [Errno 111] Connection refused'))
Analyzing frame 38/130...
Prompt: Given the scenario shown on the video, you think this situation ends well or poorly? (Use only one word to answer)
Image size: 32492 bytes
Response: Error analyzing image: HTTPConnectionPool(host='localhost', port=11434): Max retries exceeded with url: /api/chat (Caused by NewConnectionError('<urllib3.connection.HTTPConnection object at 0x7f7439e06df0>: Failed to establish a new connection: [Errno 111] Connection refused'))
Analyzing frame 39/130...
Prompt: Given the scenario shown on the video, you think this situation ends well or poorly? (Use only one word to answer)
Image size: 32324 bytes
Response: Error analyzing image: HTTPConnectionPool(host='localhost', port=11434): Max retries exceeded with url: /api/chat (Caused by NewConnectionError('<urllib3.connection.HTTPConnection object at 0x7f7439ea59a0>: Failed to establish a new connection: [Errno 111] Connection refused'))
Analyzing frame 40/130...
Prompt: Given the scenario shown on the video, you think this situation ends well or poorly? (Use only one word to answer)
Image size: 31980 bytes
Response: Error analyzing image: HTTPConnectionPool(host='localhost', port=11434): Max retries exceeded with url: /api/chat (Caused by NewConnectionError('<urllib3.connection.HTTPConnection object at 0x7f7439e7ff70>: Failed to establish a new connection: [Errno 111] Connection refused'))
Analyzing frame 41/130...
Prompt: Given the scenario shown on the video, you think this situation ends well or poorly? (Use only one word to answer)
Image size: 32124 bytes
Response: Error analyzing image: HTTPConnectionPool(host='localhost', port=11434): Max retries exceeded with url: /api/chat (Caused by NewConnectionError('<urllib3.connection.HTTPConnection object at 0x7f7439e29430>: Failed to establish a new connection: [Errno 111] Connection refused'))
Analyzing frame 42/130...
Prompt: Given the scenario shown on the video, you think this situation ends well or poorly? (Use only one word to answer)
Image size: 32288 bytes
Response: Error analyzing image: HTTPConnectionPool(host='localhost', port=11434): Max retries exceeded with url: /api/chat (Caused by NewConnectionError('<urllib3.connection.HTTPConnection object at 0x7f7439e1e190>: Failed to establish a new connection: [Errno 111] Connection refused'))
Analyzing frame 43/130...
Prompt: Given the scenario shown on the video, you think this situation ends well or poorly? (Use only one word to answer)
Image size: 32292 bytes
Response: Error analyzing image: HTTPConnectionPool(host='localhost', port=11434): Max retries exceeded with url: /api/chat (Caused by NewConnectionError('<urllib3.connection.HTTPConnection object at 0x7f7439e1e4f0>: Failed to establish a new connection: [Errno 111] Connection refused'))
Analyzing frame 44/130...
Prompt: Given the scenario shown on the video, you think this situation ends well or poorly? (Use only one word to answer)
Image size: 32368 bytes
Response: Error analyzing image: HTTPConnectionPool(host='localhost', port=11434): Max retries exceeded with url: /api/chat (Caused by NewConnectionError('<urllib3.connection.HTTPConnection object at 0x7f7439e1ec40>: Failed to establish a new connection: [Errno 111] Connection refused'))
Analyzing frame 45/130...
Prompt: Given the scenario shown on the video, you think this situation ends well or poorly? (Use only one word to answer)
Image size: 32216 bytes
Response: Error analyzing image: HTTPConnectionPool(host='localhost', port=11434): Max retries exceeded with url: /api/chat (Caused by NewConnectionError('<urllib3.connection.HTTPConnection object at 0x7f7439e29cd0>: Failed to establish a new connection: [Errno 111] Connection refused'))
Analyzing frame 46/130...
Prompt: Given the scenario shown on the video, you think this situation ends well or poorly? (Use only one word to answer)
Image size: 31760 bytes
Response: Error analyzing image: HTTPConnectionPool(host='localhost', port=11434): Max retries exceeded with url: /api/chat (Caused by NewConnectionError('<urllib3.connection.HTTPConnection object at 0x7f7439e7f790>: Failed to establish a new connection: [Errno 111] Connection refused'))
Analyzing frame 47/130...
Prompt: Given the scenario shown on the video, you think this situation ends well or poorly? (Use only one word to answer)
Image size: 31832 bytes
Response: Error analyzing image: HTTPConnectionPool(host='localhost', port=11434): Max retries exceeded with url: /api/chat (Caused by NewConnectionError('<urllib3.connection.HTTPConnection object at 0x7f7439ea5df0>: Failed to establish a new connection: [Errno 111] Connection refused'))
Analyzing frame 48/130...
Prompt: Given the scenario shown on the video, you think this situation ends well or poorly? (Use only one word to answer)
Image size: 31844 bytes
Response: Error analyzing image: HTTPConnectionPool(host='localhost', port=11434): Max retries exceeded with url: /api/chat (Caused by NewConnectionError('<urllib3.connection.HTTPConnection object at 0x7f7439ea5d30>: Failed to establish a new connection: [Errno 111] Connection refused'))
Analyzing frame 49/130...
Prompt: Given the scenario shown on the video, you think this situation ends well or poorly? (Use only one word to answer)
Image size: 31852 bytes
Response: Error analyzing image: HTTPConnectionPool(host='localhost', port=11434): Max retries exceeded with url: /api/chat (Caused by NewConnectionError('<urllib3.connection.HTTPConnection object at 0x7f7439e12550>: Failed to establish a new connection: [Errno 111] Connection refused'))
Analyzing frame 50/130...
Prompt: Given the scenario shown on the video, you think this situation ends well or poorly? (Use only one word to answer)
Image size: 31928 bytes
Response: Error analyzing image: HTTPConnectionPool(host='localhost', port=11434): Max retries exceeded with url: /api/chat (Caused by NewConnectionError('<urllib3.connection.HTTPConnection object at 0x7f7439ea5610>: Failed to establish a new connection: [Errno 111] Connection refused'))
Analyzing frame 51/130...
Prompt: Given the scenario shown on the video, you think this situation ends well or poorly? (Use only one word to answer)
Image size: 32052 bytes
Response: Error analyzing image: HTTPConnectionPool(host='localhost', port=11434): Max retries exceeded with url: /api/chat (Caused by NewConnectionError('<urllib3.connection.HTTPConnection object at 0x7f7439e7ff10>: Failed to establish a new connection: [Errno 111] Connection refused'))
Analyzing frame 52/130...
Prompt: Given the scenario shown on the video, you think this situation ends well or poorly? (Use only one word to answer)
Image size: 32012 bytes
Response: Error analyzing image: HTTPConnectionPool(host='localhost', port=11434): Max retries exceeded with url: /api/chat (Caused by NewConnectionError('<urllib3.connection.HTTPConnection object at 0x7f7439e29ee0>: Failed to establish a new connection: [Errno 111] Connection refused'))
Analyzing frame 53/130...
Prompt: Given the scenario shown on the video, you think this situation ends well or poorly? (Use only one word to answer)
Image size: 31952 bytes
Response: Error analyzing image: HTTPConnectionPool(host='localhost', port=11434): Max retries exceeded with url: /api/chat (Caused by NewConnectionError('<urllib3.connection.HTTPConnection object at 0x7f7439e1e340>: Failed to establish a new connection: [Errno 111] Connection refused'))
Analyzing frame 54/130...
Prompt: Given the scenario shown on the video, you think this situation ends well or poorly? (Use only one word to answer)
Image size: 32072 bytes
Response: Error analyzing image: HTTPConnectionPool(host='localhost', port=11434): Max retries exceeded with url: /api/chat (Caused by NewConnectionError('<urllib3.connection.HTTPConnection object at 0x7f7439e1e850>: Failed to establish a new connection: [Errno 111] Connection refused'))
Analyzing frame 55/130...
Prompt: Given the scenario shown on the video, you think this situation ends well or poorly? (Use only one word to answer)
Image size: 31952 bytes
Response: Error analyzing image: HTTPConnectionPool(host='localhost', port=11434): Max retries exceeded with url: /api/chat (Caused by NewConnectionError('<urllib3.connection.HTTPConnection object at 0x7f7439e1e070>: Failed to establish a new connection: [Errno 111] Connection refused'))
Analyzing frame 56/130...
Prompt: Given the scenario shown on the video, you think this situation ends well or poorly? (Use only one word to answer)
Image size: 31840 bytes
Response: Error analyzing image: HTTPConnectionPool(host='localhost', port=11434): Max retries exceeded with url: /api/chat (Caused by NewConnectionError('<urllib3.connection.HTTPConnection object at 0x7f7439e1ee20>: Failed to establish a new connection: [Errno 111] Connection refused'))
Analyzing frame 57/130...
Prompt: Given the scenario shown on the video, you think this situation ends well or poorly? (Use only one word to answer)
Image size: 31740 bytes
Response: Error analyzing image: HTTPConnectionPool(host='localhost', port=11434): Max retries exceeded with url: /api/chat (Caused by NewConnectionError('<urllib3.connection.HTTPConnection object at 0x7f7439e29490>: Failed to establish a new connection: [Errno 111] Connection refused'))
Analyzing frame 58/130...
Prompt: Given the scenario shown on the video, you think this situation ends well or poorly? (Use only one word to answer)
Image size: 31412 bytes
Response: Error analyzing image: HTTPConnectionPool(host='localhost', port=11434): Max retries exceeded with url: /api/chat (Caused by NewConnectionError('<urllib3.connection.HTTPConnection object at 0x7f7439e7f580>: Failed to establish a new connection: [Errno 111] Connection refused'))
Analyzing frame 59/130...
Prompt: Given the scenario shown on the video, you think this situation ends well or poorly? (Use only one word to answer)
Image size: 31316 bytes
Response: Error analyzing image: HTTPConnectionPool(host='localhost', port=11434): Max retries exceeded with url: /api/chat (Caused by NewConnectionError('<urllib3.connection.HTTPConnection object at 0x7f7439ea5e20>: Failed to establish a new connection: [Errno 111] Connection refused'))
Analyzing frame 60/130...
Prompt: Given the scenario shown on the video, you think this situation ends well or poorly? (Use only one word to answer)
Image size: 31072 bytes
Response: Error analyzing image: HTTPConnectionPool(host='localhost', port=11434): Max retries exceeded with url: /api/chat (Caused by NewConnectionError('<urllib3.connection.HTTPConnection object at 0x7f7439e12c10>: Failed to establish a new connection: [Errno 111] Connection refused'))
Analyzing frame 61/130...
Prompt: Given the scenario shown on the video, you think this situation ends well or poorly? (Use only one word to answer)
Image size: 31028 bytes
Response: Error analyzing image: HTTPConnectionPool(host='localhost', port=11434): Max retries exceeded with url: /api/chat (Caused by NewConnectionError('<urllib3.connection.HTTPConnection object at 0x7f7439e7f4c0>: Failed to establish a new connection: [Errno 111] Connection refused'))
Analyzing frame 62/130...
Prompt: Given the scenario shown on the video, you think this situation ends well or poorly? (Use only one word to answer)
Image size: 30824 bytes
Response: Error analyzing image: HTTPConnectionPool(host='localhost', port=11434): Max retries exceeded with url: /api/chat (Caused by NewConnectionError('<urllib3.connection.HTTPConnection object at 0x7f7439e29dc0>: Failed to establish a new connection: [Errno 111] Connection refused'))
Analyzing frame 63/130...
Prompt: Given the scenario shown on the video, you think this situation ends well or poorly? (Use only one word to answer)
Image size: 31016 bytes
Response: Error analyzing image: HTTPConnectionPool(host='localhost', port=11434): Max retries exceeded with url: /api/chat (Caused by NewConnectionError('<urllib3.connection.HTTPConnection object at 0x7f7439e06100>: Failed to establish a new connection: [Errno 111] Connection refused'))
Analyzing frame 64/130...
Prompt: Given the scenario shown on the video, you think this situation ends well or poorly? (Use only one word to answer)
Image size: 31020 bytes
Response: Error analyzing image: HTTPConnectionPool(host='localhost', port=11434): Max retries exceeded with url: /api/chat (Caused by NewConnectionError('<urllib3.connection.HTTPConnection object at 0x7f7439e1e790>: Failed to establish a new connection: [Errno 111] Connection refused'))
Analyzing frame 65/130...
Prompt: Given the scenario shown on the video, you think this situation ends well or poorly? (Use only one word to answer)
Image size: 31104 bytes
Response: Error analyzing image: HTTPConnectionPool(host='localhost', port=11434): Max retries exceeded with url: /api/chat (Caused by NewConnectionError('<urllib3.connection.HTTPConnection object at 0x7f7439e1e4f0>: Failed to establish a new connection: [Errno 111] Connection refused'))
Analyzing frame 66/130...
Prompt: Given the scenario shown on the video, you think this situation ends well or poorly? (Use only one word to answer)
Image size: 31292 bytes
Response: Error analyzing image: HTTPConnectionPool(host='localhost', port=11434): Max retries exceeded with url: /api/chat (Caused by NewConnectionError('<urllib3.connection.HTTPConnection object at 0x7f7439e1ef10>: Failed to establish a new connection: [Errno 111] Connection refused'))
Analyzing frame 67/130...
Prompt: Given the scenario shown on the video, you think this situation ends well or poorly? (Use only one word to answer)
Image size: 31640 bytes
Response: Error analyzing image: HTTPConnectionPool(host='localhost', port=11434): Max retries exceeded with url: /api/chat (Caused by NewConnectionError('<urllib3.connection.HTTPConnection object at 0x7f7439e1ea00>: Failed to establish a new connection: [Errno 111] Connection refused'))
Analyzing frame 68/130...
Prompt: Given the scenario shown on the video, you think this situation ends well or poorly? (Use only one word to answer)
Image size: 31704 bytes
Response: Error analyzing image: HTTPConnectionPool(host='localhost', port=11434): Max retries exceeded with url: /api/chat (Caused by NewConnectionError('<urllib3.connection.HTTPConnection object at 0x7f7439e29fd0>: Failed to establish a new connection: [Errno 111] Connection refused'))
Analyzing frame 69/130...
Prompt: Given the scenario shown on the video, you think this situation ends well or poorly? (Use only one word to answer)
Image size: 31912 bytes
Response: Error analyzing image: HTTPConnectionPool(host='localhost', port=11434): Max retries exceeded with url: /api/chat (Caused by NewConnectionError('<urllib3.connection.HTTPConnection object at 0x7f743f6fa100>: Failed to establish a new connection: [Errno 111] Connection refused'))
Analyzing frame 70/130...
Prompt: Given the scenario shown on the video, you think this situation ends well or poorly? (Use only one word to answer)
Image size: 31888 bytes
Response: Error analyzing image: HTTPConnectionPool(host='localhost', port=11434): Max retries exceeded with url: /api/chat (Caused by NewConnectionError('<urllib3.connection.HTTPConnection object at 0x7f7439ea5700>: Failed to establish a new connection: [Errno 111] Connection refused'))
Analyzing frame 71/130...
Prompt: Given the scenario shown on the video, you think this situation ends well or poorly? (Use only one word to answer)
Image size: 32016 bytes
Response: Error analyzing image: HTTPConnectionPool(host='localhost', port=11434): Max retries exceeded with url: /api/chat (Caused by NewConnectionError('<urllib3.connection.HTTPConnection object at 0x7f7439dfdfd0>: Failed to establish a new connection: [Errno 111] Connection refused'))
Analyzing frame 72/130...
Prompt: Given the scenario shown on the video, you think this situation ends well or poorly? (Use only one word to answer)
Image size: 31892 bytes
Response: Error analyzing image: HTTPConnectionPool(host='localhost', port=11434): Max retries exceeded with url: /api/chat (Caused by NewConnectionError('<urllib3.connection.HTTPConnection object at 0x7f7439e7f3a0>: Failed to establish a new connection: [Errno 111] Connection refused'))
Analyzing frame 73/130...
Prompt: Given the scenario shown on the video, you think this situation ends well or poorly? (Use only one word to answer)
Image size: 31844 bytes
Response: Error analyzing image: HTTPConnectionPool(host='localhost', port=11434): Max retries exceeded with url: /api/chat (Caused by NewConnectionError('<urllib3.connection.HTTPConnection object at 0x7f7439e29f40>: Failed to establish a new connection: [Errno 111] Connection refused'))
Analyzing frame 74/130...
Prompt: Given the scenario shown on the video, you think this situation ends well or poorly? (Use only one word to answer)
Image size: 31592 bytes
Response: Error analyzing image: HTTPConnectionPool(host='localhost', port=11434): Max retries exceeded with url: /api/chat (Caused by NewConnectionError('<urllib3.connection.HTTPConnection object at 0x7f7439e12d60>: Failed to establish a new connection: [Errno 111] Connection refused'))
Analyzing frame 75/130...
Prompt: Given the scenario shown on the video, you think this situation ends well or poorly? (Use only one word to answer)
Image size: 31348 bytes
Response: Error analyzing image: HTTPConnectionPool(host='localhost', port=11434): Max retries exceeded with url: /api/chat (Caused by NewConnectionError('<urllib3.connection.HTTPConnection object at 0x7f7439e1e400>: Failed to establish a new connection: [Errno 111] Connection refused'))
Analyzing frame 76/130...
Prompt: Given the scenario shown on the video, you think this situation ends well or poorly? (Use only one word to answer)
Image size: 31296 bytes
Response: Error analyzing image: HTTPConnectionPool(host='localhost', port=11434): Max retries exceeded with url: /api/chat (Caused by NewConnectionError('<urllib3.connection.HTTPConnection object at 0x7f7439dfd250>: Failed to establish a new connection: [Errno 111] Connection refused'))
Analyzing frame 77/130...
Prompt: Given the scenario shown on the video, you think this situation ends well or poorly? (Use only one word to answer)
Image size: 31188 bytes
Response: Error analyzing image: HTTPConnectionPool(host='localhost', port=11434): Max retries exceeded with url: /api/chat (Caused by NewConnectionError('<urllib3.connection.HTTPConnection object at 0x7f7439e1ef40>: Failed to establish a new connection: [Errno 111] Connection refused'))
Analyzing frame 78/130...
Prompt: Given the scenario shown on the video, you think this situation ends well or poorly? (Use only one word to answer)
Image size: 31032 bytes
Response: Error analyzing image: HTTPConnectionPool(host='localhost', port=11434): Max retries exceeded with url: /api/chat (Caused by NewConnectionError('<urllib3.connection.HTTPConnection object at 0x7f7439e1e430>: Failed to establish a new connection: [Errno 111] Connection refused'))
Analyzing frame 79/130...
Prompt: Given the scenario shown on the video, you think this situation ends well or poorly? (Use only one word to answer)
Image size: 31368 bytes
Response: Error analyzing image: HTTPConnectionPool(host='localhost', port=11434): Max retries exceeded with url: /api/chat (Caused by NewConnectionError('<urllib3.connection.HTTPConnection object at 0x7f7439e298b0>: Failed to establish a new connection: [Errno 111] Connection refused'))
Analyzing frame 80/130...
Prompt: Given the scenario shown on the video, you think this situation ends well or poorly? (Use only one word to answer)
Image size: 31804 bytes
Response: Error analyzing image: HTTPConnectionPool(host='localhost', port=11434): Max retries exceeded with url: /api/chat (Caused by NewConnectionError('<urllib3.connection.HTTPConnection object at 0x7f7439e7ff70>: Failed to establish a new connection: [Errno 111] Connection refused'))
Analyzing frame 81/130...
Prompt: Given the scenario shown on the video, you think this situation ends well or poorly? (Use only one word to answer)
Image size: 31560 bytes
Response: Error analyzing image: HTTPConnectionPool(host='localhost', port=11434): Max retries exceeded with url: /api/chat (Caused by NewConnectionError('<urllib3.connection.HTTPConnection object at 0x7f7439ea5700>: Failed to establish a new connection: [Errno 111] Connection refused'))
Analyzing frame 82/130...
Prompt: Given the scenario shown on the video, you think this situation ends well or poorly? (Use only one word to answer)
Image size: 30976 bytes
Response: Error analyzing image: HTTPConnectionPool(host='localhost', port=11434): Max retries exceeded with url: /api/chat (Caused by NewConnectionError('<urllib3.connection.HTTPConnection object at 0x7f7439dfd820>: Failed to establish a new connection: [Errno 111] Connection refused'))
Analyzing frame 83/130...
Prompt: Given the scenario shown on the video, you think this situation ends well or poorly? (Use only one word to answer)
Image size: 30512 bytes
Response: Error analyzing image: HTTPConnectionPool(host='localhost', port=11434): Max retries exceeded with url: /api/chat (Caused by NewConnectionError('<urllib3.connection.HTTPConnection object at 0x7f7439e7f370>: Failed to establish a new connection: [Errno 111] Connection refused'))
Analyzing frame 84/130...
Prompt: Given the scenario shown on the video, you think this situation ends well or poorly? (Use only one word to answer)
Image size: 30108 bytes
Response: Error analyzing image: HTTPConnectionPool(host='localhost', port=11434): Max retries exceeded with url: /api/chat (Caused by NewConnectionError('<urllib3.connection.HTTPConnection object at 0x7f7439e29fa0>: Failed to establish a new connection: [Errno 111] Connection refused'))
Analyzing frame 85/130...
Prompt: Given the scenario shown on the video, you think this situation ends well or poorly? (Use only one word to answer)
Image size: 29880 bytes
Response: Error analyzing image: HTTPConnectionPool(host='localhost', port=11434): Max retries exceeded with url: /api/chat (Caused by NewConnectionError('<urllib3.connection.HTTPConnection object at 0x7f7439e12910>: Failed to establish a new connection: [Errno 111] Connection refused'))
Analyzing frame 86/130...
Prompt: Given the scenario shown on the video, you think this situation ends well or poorly? (Use only one word to answer)
Image size: 29720 bytes
Response: Error analyzing image: HTTPConnectionPool(host='localhost', port=11434): Max retries exceeded with url: /api/chat (Caused by NewConnectionError('<urllib3.connection.HTTPConnection object at 0x7f7439e1e7f0>: Failed to establish a new connection: [Errno 111] Connection refused'))
Analyzing frame 87/130...
Prompt: Given the scenario shown on the video, you think this situation ends well or poorly? (Use only one word to answer)
Image size: 29448 bytes
Response: Error analyzing image: HTTPConnectionPool(host='localhost', port=11434): Max retries exceeded with url: /api/chat (Caused by NewConnectionError('<urllib3.connection.HTTPConnection object at 0x7f7439dfd760>: Failed to establish a new connection: [Errno 111] Connection refused'))
Analyzing frame 88/130...
Prompt: Given the scenario shown on the video, you think this situation ends well or poorly? (Use only one word to answer)
Image size: 29068 bytes
Response: Error analyzing image: HTTPConnectionPool(host='localhost', port=11434): Max retries exceeded with url: /api/chat (Caused by NewConnectionError('<urllib3.connection.HTTPConnection object at 0x7f7439dfd8e0>: Failed to establish a new connection: [Errno 111] Connection refused'))
Analyzing frame 89/130...
Prompt: Given the scenario shown on the video, you think this situation ends well or poorly? (Use only one word to answer)
Image size: 29236 bytes
Response: Error analyzing image: HTTPConnectionPool(host='localhost', port=11434): Max retries exceeded with url: /api/chat (Caused by NewConnectionError('<urllib3.connection.HTTPConnection object at 0x7f7439e1e790>: Failed to establish a new connection: [Errno 111] Connection refused'))
Analyzing frame 90/130...
Prompt: Given the scenario shown on the video, you think this situation ends well or poorly? (Use only one word to answer)
Image size: 28856 bytes
Response: Error analyzing image: HTTPConnectionPool(host='localhost', port=11434): Max retries exceeded with url: /api/chat (Caused by NewConnectionError('<urllib3.connection.HTTPConnection object at 0x7f7439e12cd0>: Failed to establish a new connection: [Errno 111] Connection refused'))
Analyzing frame 91/130...
Prompt: Given the scenario shown on the video, you think this situation ends well or poorly? (Use only one word to answer)
Image size: 28776 bytes
Response: Error analyzing image: HTTPConnectionPool(host='localhost', port=11434): Max retries exceeded with url: /api/chat (Caused by NewConnectionError('<urllib3.connection.HTTPConnection object at 0x7f7439e29160>: Failed to establish a new connection: [Errno 111] Connection refused'))
Analyzing frame 92/130...
Prompt: Given the scenario shown on the video, you think this situation ends well or poorly? (Use only one word to answer)
Image size: 28804 bytes
Response: Error analyzing image: HTTPConnectionPool(host='localhost', port=11434): Max retries exceeded with url: /api/chat (Caused by NewConnectionError('<urllib3.connection.HTTPConnection object at 0x7f7439e7fc70>: Failed to establish a new connection: [Errno 111] Connection refused'))
Analyzing frame 93/130...
Prompt: Given the scenario shown on the video, you think this situation ends well or poorly? (Use only one word to answer)
Image size: 28664 bytes
Response: Error analyzing image: HTTPConnectionPool(host='localhost', port=11434): Max retries exceeded with url: /api/chat (Caused by NewConnectionError('<urllib3.connection.HTTPConnection object at 0x7f7439dd43d0>: Failed to establish a new connection: [Errno 111] Connection refused'))
Analyzing frame 94/130...
Prompt: Given the scenario shown on the video, you think this situation ends well or poorly? (Use only one word to answer)
Image size: 28828 bytes
Response: Error analyzing image: HTTPConnectionPool(host='localhost', port=11434): Max retries exceeded with url: /api/chat (Caused by NewConnectionError('<urllib3.connection.HTTPConnection object at 0x7f7439e29520>: Failed to establish a new connection: [Errno 111] Connection refused'))
Analyzing frame 95/130...
Prompt: Given the scenario shown on the video, you think this situation ends well or poorly? (Use only one word to answer)
Image size: 29084 bytes
Response: Error analyzing image: HTTPConnectionPool(host='localhost', port=11434): Max retries exceeded with url: /api/chat (Caused by NewConnectionError('<urllib3.connection.HTTPConnection object at 0x7f7439e121f0>: Failed to establish a new connection: [Errno 111] Connection refused'))
Analyzing frame 96/130...
Prompt: Given the scenario shown on the video, you think this situation ends well or poorly? (Use only one word to answer)
Image size: 29380 bytes
Response: Error analyzing image: HTTPConnectionPool(host='localhost', port=11434): Max retries exceeded with url: /api/chat (Caused by NewConnectionError('<urllib3.connection.HTTPConnection object at 0x7f7439e1e250>: Failed to establish a new connection: [Errno 111] Connection refused'))
Analyzing frame 97/130...
Prompt: Given the scenario shown on the video, you think this situation ends well or poorly? (Use only one word to answer)
Image size: 29892 bytes
Response: Error analyzing image: HTTPConnectionPool(host='localhost', port=11434): Max retries exceeded with url: /api/chat (Caused by NewConnectionError('<urllib3.connection.HTTPConnection object at 0x7f7439e1e3d0>: Failed to establish a new connection: [Errno 111] Connection refused'))
Analyzing frame 98/130...
Prompt: Given the scenario shown on the video, you think this situation ends well or poorly? (Use only one word to answer)
Image size: 29344 bytes
Response: Error analyzing image: HTTPConnectionPool(host='localhost', port=11434): Max retries exceeded with url: /api/chat (Caused by NewConnectionError('<urllib3.connection.HTTPConnection object at 0x7f7439dd4460>: Failed to establish a new connection: [Errno 111] Connection refused'))
Analyzing frame 99/130...
Prompt: Given the scenario shown on the video, you think this situation ends well or poorly? (Use only one word to answer)
Image size: 28588 bytes
Response: Error analyzing image: HTTPConnectionPool(host='localhost', port=11434): Max retries exceeded with url: /api/chat (Caused by NewConnectionError('<urllib3.connection.HTTPConnection object at 0x7f7439dfdeb0>: Failed to establish a new connection: [Errno 111] Connection refused'))
Analyzing frame 100/130...
Prompt: Given the scenario shown on the video, you think this situation ends well or poorly? (Use only one word to answer)
Image size: 28480 bytes
Response: Error analyzing image: HTTPConnectionPool(host='localhost', port=11434): Max retries exceeded with url: /api/chat (Caused by NewConnectionError('<urllib3.connection.HTTPConnection object at 0x7f7439e1ee20>: Failed to establish a new connection: [Errno 111] Connection refused'))
Analyzing frame 101/130...
Prompt: Given the scenario shown on the video, you think this situation ends well or poorly? (Use only one word to answer)
Image size: 28492 bytes
Response: Error analyzing image: HTTPConnectionPool(host='localhost', port=11434): Max retries exceeded with url: /api/chat (Caused by NewConnectionError('<urllib3.connection.HTTPConnection object at 0x7f7439e12eb0>: Failed to establish a new connection: [Errno 111] Connection refused'))
Analyzing frame 102/130...
Prompt: Given the scenario shown on the video, you think this situation ends well or poorly? (Use only one word to answer)
Image size: 28516 bytes
Response: Error analyzing image: HTTPConnectionPool(host='localhost', port=11434): Max retries exceeded with url: /api/chat (Caused by NewConnectionError('<urllib3.connection.HTTPConnection object at 0x7f7439e29be0>: Failed to establish a new connection: [Errno 111] Connection refused'))
Analyzing frame 103/130...
Prompt: Given the scenario shown on the video, you think this situation ends well or poorly? (Use only one word to answer)
Image size: 28528 bytes
Response: Error analyzing image: HTTPConnectionPool(host='localhost', port=11434): Max retries exceeded with url: /api/chat (Caused by NewConnectionError('<urllib3.connection.HTTPConnection object at 0x7f7439ea5130>: Failed to establish a new connection: [Errno 111] Connection refused'))
Analyzing frame 104/130...
Prompt: Given the scenario shown on the video, you think this situation ends well or poorly? (Use only one word to answer)
Image size: 28504 bytes
Response: Error analyzing image: HTTPConnectionPool(host='localhost', port=11434): Max retries exceeded with url: /api/chat (Caused by NewConnectionError('<urllib3.connection.HTTPConnection object at 0x7f7439e7f0d0>: Failed to establish a new connection: [Errno 111] Connection refused'))
Analyzing frame 105/130...
Prompt: Given the scenario shown on the video, you think this situation ends well or poorly? (Use only one word to answer)
Image size: 28492 bytes
Response: Error analyzing image: HTTPConnectionPool(host='localhost', port=11434): Max retries exceeded with url: /api/chat (Caused by NewConnectionError('<urllib3.connection.HTTPConnection object at 0x7f7439e29af0>: Failed to establish a new connection: [Errno 111] Connection refused'))
Analyzing frame 106/130...
Prompt: Given the scenario shown on the video, you think this situation ends well or poorly? (Use only one word to answer)
Image size: 28496 bytes
Response: Error analyzing image: HTTPConnectionPool(host='localhost', port=11434): Max retries exceeded with url: /api/chat (Caused by NewConnectionError('<urllib3.connection.HTTPConnection object at 0x7f7439e1e6d0>: Failed to establish a new connection: [Errno 111] Connection refused'))
Analyzing frame 107/130...
Prompt: Given the scenario shown on the video, you think this situation ends well or poorly? (Use only one word to answer)
Image size: 28532 bytes
Response: Error analyzing image: HTTPConnectionPool(host='localhost', port=11434): Max retries exceeded with url: /api/chat (Caused by NewConnectionError('<urllib3.connection.HTTPConnection object at 0x7f7439dfd9d0>: Failed to establish a new connection: [Errno 111] Connection refused'))
Analyzing frame 108/130...
Prompt: Given the scenario shown on the video, you think this situation ends well or poorly? (Use only one word to answer)
Image size: 28516 bytes
Response: Error analyzing image: HTTPConnectionPool(host='localhost', port=11434): Max retries exceeded with url: /api/chat (Caused by NewConnectionError('<urllib3.connection.HTTPConnection object at 0x7f7439dfd100>: Failed to establish a new connection: [Errno 111] Connection refused'))
Analyzing frame 109/130...
Prompt: Given the scenario shown on the video, you think this situation ends well or poorly? (Use only one word to answer)
Image size: 28516 bytes
Response: Error analyzing image: HTTPConnectionPool(host='localhost', port=11434): Max retries exceeded with url: /api/chat (Caused by NewConnectionError('<urllib3.connection.HTTPConnection object at 0x7f7439e12c70>: Failed to establish a new connection: [Errno 111] Connection refused'))
Analyzing frame 110/130...
Prompt: Given the scenario shown on the video, you think this situation ends well or poorly? (Use only one word to answer)
Image size: 28516 bytes
Response: Error analyzing image: HTTPConnectionPool(host='localhost', port=11434): Max retries exceeded with url: /api/chat (Caused by NewConnectionError('<urllib3.connection.HTTPConnection object at 0x7f7439e12a60>: Failed to establish a new connection: [Errno 111] Connection refused'))
Analyzing frame 111/130...
Prompt: Given the scenario shown on the video, you think this situation ends well or poorly? (Use only one word to answer)
Image size: 28516 bytes
Response: Error analyzing image: HTTPConnectionPool(host='localhost', port=11434): Max retries exceeded with url: /api/chat (Caused by NewConnectionError('<urllib3.connection.HTTPConnection object at 0x7f7439dfdca0>: Failed to establish a new connection: [Errno 111] Connection refused'))
Analyzing frame 112/130...
Prompt: Given the scenario shown on the video, you think this situation ends well or poorly? (Use only one word to answer)
Image size: 28500 bytes
Response: Error analyzing image: HTTPConnectionPool(host='localhost', port=11434): Max retries exceeded with url: /api/chat (Caused by NewConnectionError('<urllib3.connection.HTTPConnection object at 0x7f7439e7f340>: Failed to establish a new connection: [Errno 111] Connection refused'))
Analyzing frame 113/130...
Prompt: Given the scenario shown on the video, you think this situation ends well or poorly? (Use only one word to answer)
Image size: 28500 bytes
Response: Error analyzing image: HTTPConnectionPool(host='localhost', port=11434): Max retries exceeded with url: /api/chat (Caused by NewConnectionError('<urllib3.connection.HTTPConnection object at 0x7f7439e1eb80>: Failed to establish a new connection: [Errno 111] Connection refused'))
Analyzing frame 114/130...
Prompt: Given the scenario shown on the video, you think this situation ends well or poorly? (Use only one word to answer)
Image size: 28508 bytes
Response: Error analyzing image: HTTPConnectionPool(host='localhost', port=11434): Max retries exceeded with url: /api/chat (Caused by NewConnectionError('<urllib3.connection.HTTPConnection object at 0x7f7439e29a60>: Failed to establish a new connection: [Errno 111] Connection refused'))
Analyzing frame 115/130...
Prompt: Given the scenario shown on the video, you think this situation ends well or poorly? (Use only one word to answer)
Image size: 28508 bytes
Response: Error analyzing image: HTTPConnectionPool(host='localhost', port=11434): Max retries exceeded with url: /api/chat (Caused by NewConnectionError('<urllib3.connection.HTTPConnection object at 0x7f7439e06d00>: Failed to establish a new connection: [Errno 111] Connection refused'))
Analyzing frame 116/130...
Prompt: Given the scenario shown on the video, you think this situation ends well or poorly? (Use only one word to answer)
Image size: 28500 bytes
Response: Error analyzing image: HTTPConnectionPool(host='localhost', port=11434): Max retries exceeded with url: /api/chat (Caused by NewConnectionError('<urllib3.connection.HTTPConnection object at 0x7f7439e1e5b0>: Failed to establish a new connection: [Errno 111] Connection refused'))
Analyzing frame 117/130...
Prompt: Given the scenario shown on the video, you think this situation ends well or poorly? (Use only one word to answer)
Image size: 28500 bytes
Response: Error analyzing image: HTTPConnectionPool(host='localhost', port=11434): Max retries exceeded with url: /api/chat (Caused by NewConnectionError('<urllib3.connection.HTTPConnection object at 0x7f7439e1ee80>: Failed to establish a new connection: [Errno 111] Connection refused'))
Analyzing frame 118/130...
Prompt: Given the scenario shown on the video, you think this situation ends well or poorly? (Use only one word to answer)
Image size: 28496 bytes
Response: Error analyzing image: HTTPConnectionPool(host='localhost', port=11434): Max retries exceeded with url: /api/chat (Caused by NewConnectionError('<urllib3.connection.HTTPConnection object at 0x7f7439dfd670>: Failed to establish a new connection: [Errno 111] Connection refused'))
Analyzing frame 119/130...
Prompt: Given the scenario shown on the video, you think this situation ends well or poorly? (Use only one word to answer)
Image size: 28536 bytes
Response: Error analyzing image: HTTPConnectionPool(host='localhost', port=11434): Max retries exceeded with url: /api/chat (Caused by NewConnectionError('<urllib3.connection.HTTPConnection object at 0x7f7439e12940>: Failed to establish a new connection: [Errno 111] Connection refused'))
Analyzing frame 120/130...
Prompt: Given the scenario shown on the video, you think this situation ends well or poorly? (Use only one word to answer)
Image size: 28520 bytes
Response: Error analyzing image: HTTPConnectionPool(host='localhost', port=11434): Max retries exceeded with url: /api/chat (Caused by NewConnectionError('<urllib3.connection.HTTPConnection object at 0x7f7439e12ac0>: Failed to establish a new connection: [Errno 111] Connection refused'))
Analyzing frame 121/130...
Prompt: Given the scenario shown on the video, you think this situation ends well or poorly? (Use only one word to answer)
Image size: 28536 bytes
Response: Error analyzing image: HTTPConnectionPool(host='localhost', port=11434): Max retries exceeded with url: /api/chat (Caused by NewConnectionError('<urllib3.connection.HTTPConnection object at 0x7f7439e12fa0>: Failed to establish a new connection: [Errno 111] Connection refused'))
Analyzing frame 122/130...
Prompt: Given the scenario shown on the video, you think this situation ends well or poorly? (Use only one word to answer)
Image size: 28528 bytes
Response: Error analyzing image: HTTPConnectionPool(host='localhost', port=11434): Max retries exceeded with url: /api/chat (Caused by NewConnectionError('<urllib3.connection.HTTPConnection object at 0x7f7439dfdca0>: Failed to establish a new connection: [Errno 111] Connection refused'))
Analyzing frame 123/130...
Prompt: Given the scenario shown on the video, you think this situation ends well or poorly? (Use only one word to answer)
Image size: 28488 bytes
Response: Error analyzing image: HTTPConnectionPool(host='localhost', port=11434): Max retries exceeded with url: /api/chat (Caused by NewConnectionError('<urllib3.connection.HTTPConnection object at 0x7f7439dfd190>: Failed to establish a new connection: [Errno 111] Connection refused'))
Analyzing frame 124/130...
Prompt: Given the scenario shown on the video, you think this situation ends well or poorly? (Use only one word to answer)
Image size: 28512 bytes
Response: Error analyzing image: HTTPConnectionPool(host='localhost', port=11434): Max retries exceeded with url: /api/chat (Caused by NewConnectionError('<urllib3.connection.HTTPConnection object at 0x7f7439e1edc0>: Failed to establish a new connection: [Errno 111] Connection refused'))
Analyzing frame 125/130...
Prompt: Given the scenario shown on the video, you think this situation ends well or poorly? (Use only one word to answer)
Image size: 28516 bytes
Response: Error analyzing image: HTTPConnectionPool(host='localhost', port=11434): Max retries exceeded with url: /api/chat (Caused by NewConnectionError('<urllib3.connection.HTTPConnection object at 0x7f7439e1e1c0>: Failed to establish a new connection: [Errno 111] Connection refused'))
Analyzing frame 126/130...
Prompt: Given the scenario shown on the video, you think this situation ends well or poorly? (Use only one word to answer)
Image size: 28504 bytes
Response: Error analyzing image: HTTPConnectionPool(host='localhost', port=11434): Max retries exceeded with url: /api/chat (Caused by NewConnectionError('<urllib3.connection.HTTPConnection object at 0x7f7439ea5550>: Failed to establish a new connection: [Errno 111] Connection refused'))
Analyzing frame 127/130...
Prompt: Given the scenario shown on the video, you think this situation ends well or poorly? (Use only one word to answer)
Image size: 28496 bytes
Response: Error analyzing image: HTTPConnectionPool(host='localhost', port=11434): Max retries exceeded with url: /api/chat (Caused by NewConnectionError('<urllib3.connection.HTTPConnection object at 0x7f7439e1ef10>: Failed to establish a new connection: [Errno 111] Connection refused'))
Analyzing frame 128/130...
Prompt: Given the scenario shown on the video, you think this situation ends well or poorly? (Use only one word to answer)
Image size: 28500 bytes
Response: Error analyzing image: HTTPConnectionPool(host='localhost', port=11434): Max retries exceeded with url: /api/chat (Caused by NewConnectionError('<urllib3.connection.HTTPConnection object at 0x7f7439dfd6d0>: Failed to establish a new connection: [Errno 111] Connection refused'))
Analyzing frame 129/130...
Prompt: Given the scenario shown on the video, you think this situation ends well or poorly? (Use only one word to answer)
Image size: 28476 bytes
Response: Error analyzing image: HTTPConnectionPool(host='localhost', port=11434): Max retries exceeded with url: /api/chat (Caused by NewConnectionError('<urllib3.connection.HTTPConnection object at 0x7f7439dfd430>: Failed to establish a new connection: [Errno 111] Connection refused'))
Analyzing frame 130/130...
Prompt: Given the scenario shown on the video, you think this situation ends well or poorly? (Use only one word to answer)
Image size: 28476 bytes
Response: Error analyzing image: HTTPConnectionPool(host='localhost', port=11434): Max retries exceeded with url: /api/chat (Caused by NewConnectionError('<urllib3.connection.HTTPConnection object at 0x7f7439e12880>: Failed to establish a new connection: [Errno 111] Connection refused'))
Final prediction for 14_final.mp4: Error analyzing image: HTTPConnectionPool(host='localhost', port=11434): Max retries exceeded with url: /api/chat (Caused by NewConnectionError('<urllib3.connection.HTTPConnection object at 0x7f743f6fa100>: Failed to establish a new connection: [Errno 111] Connection refused'))

Results saved to ./results/results_gemma3_promptA.csv
Total videos processed: 345

==================================================
Processing video 4/30

Processing video: 15_final.mp4
Video info: 217 frames, 30.00 FPS, 7.23 seconds
Extracted 73 frames for analysis
Analyzing frame 1/73...
Prompt: Given the scenario shown on the video, you think this situation ends well or poorly? (Use only one word to answer)
Image size: 34292 bytes
Response: Error analyzing image: HTTPConnectionPool(host='localhost', port=11434): Max retries exceeded with url: /api/chat (Caused by NewConnectionError('<urllib3.connection.HTTPConnection object at 0x7f7439e12be0>: Failed to establish a new connection: [Errno 111] Connection refused'))
Analyzing frame 2/73...
Prompt: Given the scenario shown on the video, you think this situation ends well or poorly? (Use only one word to answer)
Image size: 34436 bytes
Response: Error analyzing image: HTTPConnectionPool(host='localhost', port=11434): Max retries exceeded with url: /api/chat (Caused by NewConnectionError('<urllib3.connection.HTTPConnection object at 0x7f7439dfddc0>: Failed to establish a new connection: [Errno 111] Connection refused'))
Analyzing frame 3/73...
Prompt: Given the scenario shown on the video, you think this situation ends well or poorly? (Use only one word to answer)
Image size: 34412 bytes
Response: Error analyzing image: HTTPConnectionPool(host='localhost', port=11434): Max retries exceeded with url: /api/chat (Caused by NewConnectionError('<urllib3.connection.HTTPConnection object at 0x7f7439dfdee0>: Failed to establish a new connection: [Errno 111] Connection refused'))
Analyzing frame 4/73...
Prompt: Given the scenario shown on the video, you think this situation ends well or poorly? (Use only one word to answer)
Image size: 34492 bytes
Response: Error analyzing image: HTTPConnectionPool(host='localhost', port=11434): Max retries exceeded with url: /api/chat (Caused by NewConnectionError('<urllib3.connection.HTTPConnection object at 0x7f7439e1e100>: Failed to establish a new connection: [Errno 111] Connection refused'))
Analyzing frame 5/73...
Prompt: Given the scenario shown on the video, you think this situation ends well or poorly? (Use only one word to answer)
Image size: 34348 bytes
Response: Error analyzing image: HTTPConnectionPool(host='localhost', port=11434): Max retries exceeded with url: /api/chat (Caused by NewConnectionError('<urllib3.connection.HTTPConnection object at 0x7f7439ea50d0>: Failed to establish a new connection: [Errno 111] Connection refused'))
Analyzing frame 6/73...
Prompt: Given the scenario shown on the video, you think this situation ends well or poorly? (Use only one word to answer)
Image size: 34048 bytes
Response: Error analyzing image: HTTPConnectionPool(host='localhost', port=11434): Max retries exceeded with url: /api/chat (Caused by NewConnectionError('<urllib3.connection.HTTPConnection object at 0x7f7439dd45e0>: Failed to establish a new connection: [Errno 111] Connection refused'))
Analyzing frame 7/73...
Prompt: Given the scenario shown on the video, you think this situation ends well or poorly? (Use only one word to answer)
Image size: 34188 bytes
Response: Error analyzing image: HTTPConnectionPool(host='localhost', port=11434): Max retries exceeded with url: /api/chat (Caused by NewConnectionError('<urllib3.connection.HTTPConnection object at 0x7f7439e1e3d0>: Failed to establish a new connection: [Errno 111] Connection refused'))
Analyzing frame 8/73...
Prompt: Given the scenario shown on the video, you think this situation ends well or poorly? (Use only one word to answer)
Image size: 34256 bytes
Response: Error analyzing image: HTTPConnectionPool(host='localhost', port=11434): Max retries exceeded with url: /api/chat (Caused by NewConnectionError('<urllib3.connection.HTTPConnection object at 0x7f7439dfd8b0>: Failed to establish a new connection: [Errno 111] Connection refused'))
Analyzing frame 9/73...
Prompt: Given the scenario shown on the video, you think this situation ends well or poorly? (Use only one word to answer)
Image size: 33996 bytes
Response: Error analyzing image: HTTPConnectionPool(host='localhost', port=11434): Max retries exceeded with url: /api/chat (Caused by NewConnectionError('<urllib3.connection.HTTPConnection object at 0x7f7439dfdb80>: Failed to establish a new connection: [Errno 111] Connection refused'))
Analyzing frame 10/73...
Prompt: Given the scenario shown on the video, you think this situation ends well or poorly? (Use only one word to answer)
Image size: 34216 bytes
Response: Error analyzing image: HTTPConnectionPool(host='localhost', port=11434): Max retries exceeded with url: /api/chat (Caused by NewConnectionError('<urllib3.connection.HTTPConnection object at 0x7f7439e12e20>: Failed to establish a new connection: [Errno 111] Connection refused'))
Analyzing frame 11/73...
Prompt: Given the scenario shown on the video, you think this situation ends well or poorly? (Use only one word to answer)
Image size: 34508 bytes
Response: Error analyzing image: HTTPConnectionPool(host='localhost', port=11434): Max retries exceeded with url: /api/chat (Caused by NewConnectionError('<urllib3.connection.HTTPConnection object at 0x7f7439e121f0>: Failed to establish a new connection: [Errno 111] Connection refused'))
Analyzing frame 12/73...
Prompt: Given the scenario shown on the video, you think this situation ends well or poorly? (Use only one word to answer)
Image size: 34548 bytes
Response: Error analyzing image: HTTPConnectionPool(host='localhost', port=11434): Max retries exceeded with url: /api/chat (Caused by NewConnectionError('<urllib3.connection.HTTPConnection object at 0x7f7439e12520>: Failed to establish a new connection: [Errno 111] Connection refused'))
Analyzing frame 13/73...
Prompt: Given the scenario shown on the video, you think this situation ends well or poorly? (Use only one word to answer)
Image size: 34192 bytes
Response: Error analyzing image: HTTPConnectionPool(host='localhost', port=11434): Max retries exceeded with url: /api/chat (Caused by NewConnectionError('<urllib3.connection.HTTPConnection object at 0x7f7439ea5670>: Failed to establish a new connection: [Errno 111] Connection refused'))
Analyzing frame 14/73...
Prompt: Given the scenario shown on the video, you think this situation ends well or poorly? (Use only one word to answer)
Image size: 34324 bytes
Response: Error analyzing image: HTTPConnectionPool(host='localhost', port=11434): Max retries exceeded with url: /api/chat (Caused by NewConnectionError('<urllib3.connection.HTTPConnection object at 0x7f7439dfd040>: Failed to establish a new connection: [Errno 111] Connection refused'))
Analyzing frame 15/73...
Prompt: Given the scenario shown on the video, you think this situation ends well or poorly? (Use only one word to answer)
Image size: 34388 bytes
Response: Error analyzing image: HTTPConnectionPool(host='localhost', port=11434): Max retries exceeded with url: /api/chat (Caused by NewConnectionError('<urllib3.connection.HTTPConnection object at 0x7f7439dfd580>: Failed to establish a new connection: [Errno 111] Connection refused'))
Analyzing frame 16/73...
Prompt: Given the scenario shown on the video, you think this situation ends well or poorly? (Use only one word to answer)
Image size: 34048 bytes
Response: Error analyzing image: HTTPConnectionPool(host='localhost', port=11434): Max retries exceeded with url: /api/chat (Caused by NewConnectionError('<urllib3.connection.HTTPConnection object at 0x7f7439e1e8e0>: Failed to establish a new connection: [Errno 111] Connection refused'))
Analyzing frame 17/73...
Prompt: Given the scenario shown on the video, you think this situation ends well or poorly? (Use only one word to answer)
Image size: 34068 bytes
Response: Error analyzing image: HTTPConnectionPool(host='localhost', port=11434): Max retries exceeded with url: /api/chat (Caused by NewConnectionError('<urllib3.connection.HTTPConnection object at 0x7f7439dd4e20>: Failed to establish a new connection: [Errno 111] Connection refused'))
Analyzing frame 18/73...
Prompt: Given the scenario shown on the video, you think this situation ends well or poorly? (Use only one word to answer)
Image size: 33480 bytes
Response: Error analyzing image: HTTPConnectionPool(host='localhost', port=11434): Max retries exceeded with url: /api/chat (Caused by NewConnectionError('<urllib3.connection.HTTPConnection object at 0x7f7439e1ee80>: Failed to establish a new connection: [Errno 111] Connection refused'))
Analyzing frame 19/73...
Prompt: Given the scenario shown on the video, you think this situation ends well or poorly? (Use only one word to answer)
Image size: 33628 bytes
Response: Error analyzing image: HTTPConnectionPool(host='localhost', port=11434): Max retries exceeded with url: /api/chat (Caused by NewConnectionError('<urllib3.connection.HTTPConnection object at 0x7f7439dfd520>: Failed to establish a new connection: [Errno 111] Connection refused'))
Analyzing frame 20/73...
Prompt: Given the scenario shown on the video, you think this situation ends well or poorly? (Use only one word to answer)
Image size: 33192 bytes
Response: Error analyzing image: HTTPConnectionPool(host='localhost', port=11434): Max retries exceeded with url: /api/chat (Caused by NewConnectionError('<urllib3.connection.HTTPConnection object at 0x7f7439ea5760>: Failed to establish a new connection: [Errno 111] Connection refused'))
Analyzing frame 21/73...
Prompt: Given the scenario shown on the video, you think this situation ends well or poorly? (Use only one word to answer)
Image size: 33444 bytes
Response: Error analyzing image: HTTPConnectionPool(host='localhost', port=11434): Max retries exceeded with url: /api/chat (Caused by NewConnectionError('<urllib3.connection.HTTPConnection object at 0x7f7439e12a00>: Failed to establish a new connection: [Errno 111] Connection refused'))
Analyzing frame 22/73...
Prompt: Given the scenario shown on the video, you think this situation ends well or poorly? (Use only one word to answer)
Image size: 33696 bytes
Response: Error analyzing image: HTTPConnectionPool(host='localhost', port=11434): Max retries exceeded with url: /api/chat (Caused by NewConnectionError('<urllib3.connection.HTTPConnection object at 0x7f7439dd4070>: Failed to establish a new connection: [Errno 111] Connection refused'))
Analyzing frame 23/73...
Prompt: Given the scenario shown on the video, you think this situation ends well or poorly? (Use only one word to answer)
Image size: 33796 bytes
Response: Error analyzing image: HTTPConnectionPool(host='localhost', port=11434): Max retries exceeded with url: /api/chat (Caused by NewConnectionError('<urllib3.connection.HTTPConnection object at 0x7f7439e12b50>: Failed to establish a new connection: [Errno 111] Connection refused'))
Analyzing frame 24/73...
Prompt: Given the scenario shown on the video, you think this situation ends well or poorly? (Use only one word to answer)
Image size: 33572 bytes
Response: Error analyzing image: HTTPConnectionPool(host='localhost', port=11434): Max retries exceeded with url: /api/chat (Caused by NewConnectionError('<urllib3.connection.HTTPConnection object at 0x7f7439ea5130>: Failed to establish a new connection: [Errno 111] Connection refused'))
Analyzing frame 25/73...
Prompt: Given the scenario shown on the video, you think this situation ends well or poorly? (Use only one word to answer)
Image size: 33532 bytes
Response: Error analyzing image: HTTPConnectionPool(host='localhost', port=11434): Max retries exceeded with url: /api/chat (Caused by NewConnectionError('<urllib3.connection.HTTPConnection object at 0x7f7439dfda60>: Failed to establish a new connection: [Errno 111] Connection refused'))
Analyzing frame 26/73...
Prompt: Given the scenario shown on the video, you think this situation ends well or poorly? (Use only one word to answer)
Image size: 32832 bytes
Response: Error analyzing image: HTTPConnectionPool(host='localhost', port=11434): Max retries exceeded with url: /api/chat (Caused by NewConnectionError('<urllib3.connection.HTTPConnection object at 0x7f7439e7f040>: Failed to establish a new connection: [Errno 111] Connection refused'))
Analyzing frame 27/73...
Prompt: Given the scenario shown on the video, you think this situation ends well or poorly? (Use only one word to answer)
Image size: 33264 bytes
Response: Error analyzing image: HTTPConnectionPool(host='localhost', port=11434): Max retries exceeded with url: /api/chat (Caused by NewConnectionError('<urllib3.connection.HTTPConnection object at 0x7f7439dd4ee0>: Failed to establish a new connection: [Errno 111] Connection refused'))
Analyzing frame 28/73...
Prompt: Given the scenario shown on the video, you think this situation ends well or poorly? (Use only one word to answer)
Image size: 33288 bytes
Response: Error analyzing image: HTTPConnectionPool(host='localhost', port=11434): Max retries exceeded with url: /api/chat (Caused by NewConnectionError('<urllib3.connection.HTTPConnection object at 0x7f7439e1e910>: Failed to establish a new connection: [Errno 111] Connection refused'))
Analyzing frame 29/73...
Prompt: Given the scenario shown on the video, you think this situation ends well or poorly? (Use only one word to answer)
Image size: 33196 bytes
Response: Error analyzing image: HTTPConnectionPool(host='localhost', port=11434): Max retries exceeded with url: /api/chat (Caused by NewConnectionError('<urllib3.connection.HTTPConnection object at 0x7f7439dfd430>: Failed to establish a new connection: [Errno 111] Connection refused'))
Analyzing frame 30/73...
Prompt: Given the scenario shown on the video, you think this situation ends well or poorly? (Use only one word to answer)
Image size: 33016 bytes
Response: Error analyzing image: HTTPConnectionPool(host='localhost', port=11434): Max retries exceeded with url: /api/chat (Caused by NewConnectionError('<urllib3.connection.HTTPConnection object at 0x7f7439ea5130>: Failed to establish a new connection: [Errno 111] Connection refused'))
Analyzing frame 31/73...
Prompt: Given the scenario shown on the video, you think this situation ends well or poorly? (Use only one word to answer)
Image size: 33072 bytes
Response: Error analyzing image: HTTPConnectionPool(host='localhost', port=11434): Max retries exceeded with url: /api/chat (Caused by NewConnectionError('<urllib3.connection.HTTPConnection object at 0x7f7439dd43a0>: Failed to establish a new connection: [Errno 111] Connection refused'))
Analyzing frame 32/73...
Prompt: Given the scenario shown on the video, you think this situation ends well or poorly? (Use only one word to answer)
Image size: 33296 bytes
Response: Error analyzing image: HTTPConnectionPool(host='localhost', port=11434): Max retries exceeded with url: /api/chat (Caused by NewConnectionError('<urllib3.connection.HTTPConnection object at 0x7f7439e12eb0>: Failed to establish a new connection: [Errno 111] Connection refused'))
Analyzing frame 33/73...
Prompt: Given the scenario shown on the video, you think this situation ends well or poorly? (Use only one word to answer)
Image size: 33628 bytes
Response: Error analyzing image: HTTPConnectionPool(host='localhost', port=11434): Max retries exceeded with url: /api/chat (Caused by NewConnectionError('<urllib3.connection.HTTPConnection object at 0x7f7439e1e850>: Failed to establish a new connection: [Errno 111] Connection refused'))
Analyzing frame 34/73...
Prompt: Given the scenario shown on the video, you think this situation ends well or poorly? (Use only one word to answer)
Image size: 33648 bytes
Response: Error analyzing image: HTTPConnectionPool(host='localhost', port=11434): Max retries exceeded with url: /api/chat (Caused by NewConnectionError('<urllib3.connection.HTTPConnection object at 0x7f7439e1ea60>: Failed to establish a new connection: [Errno 111] Connection refused'))
Analyzing frame 35/73...
Prompt: Given the scenario shown on the video, you think this situation ends well or poorly? (Use only one word to answer)
Image size: 33824 bytes
Response: Error analyzing image: HTTPConnectionPool(host='localhost', port=11434): Max retries exceeded with url: /api/chat (Caused by NewConnectionError('<urllib3.connection.HTTPConnection object at 0x7f7439e12400>: Failed to establish a new connection: [Errno 111] Connection refused'))
Analyzing frame 36/73...
Prompt: Given the scenario shown on the video, you think this situation ends well or poorly? (Use only one word to answer)
Image size: 34348 bytes
Response: Error analyzing image: HTTPConnectionPool(host='localhost', port=11434): Max retries exceeded with url: /api/chat (Caused by NewConnectionError('<urllib3.connection.HTTPConnection object at 0x7f7439dd4c10>: Failed to establish a new connection: [Errno 111] Connection refused'))
Analyzing frame 37/73...
Prompt: Given the scenario shown on the video, you think this situation ends well or poorly? (Use only one word to answer)
Image size: 34384 bytes
Response: Error analyzing image: HTTPConnectionPool(host='localhost', port=11434): Max retries exceeded with url: /api/chat (Caused by NewConnectionError('<urllib3.connection.HTTPConnection object at 0x7f7440d356a0>: Failed to establish a new connection: [Errno 111] Connection refused'))
Analyzing frame 38/73...
Prompt: Given the scenario shown on the video, you think this situation ends well or poorly? (Use only one word to answer)
Image size: 34780 bytes
Response: Error analyzing image: HTTPConnectionPool(host='localhost', port=11434): Max retries exceeded with url: /api/chat (Caused by NewConnectionError('<urllib3.connection.HTTPConnection object at 0x7f7439dfde50>: Failed to establish a new connection: [Errno 111] Connection refused'))
Analyzing frame 39/73...
Prompt: Given the scenario shown on the video, you think this situation ends well or poorly? (Use only one word to answer)
Image size: 34984 bytes
Response: Error analyzing image: HTTPConnectionPool(host='localhost', port=11434): Max retries exceeded with url: /api/chat (Caused by NewConnectionError('<urllib3.connection.HTTPConnection object at 0x7f7439ded850>: Failed to establish a new connection: [Errno 111] Connection refused'))
Analyzing frame 40/73...
Prompt: Given the scenario shown on the video, you think this situation ends well or poorly? (Use only one word to answer)
Image size: 34960 bytes
Response: Error analyzing image: HTTPConnectionPool(host='localhost', port=11434): Max retries exceeded with url: /api/chat (Caused by NewConnectionError('<urllib3.connection.HTTPConnection object at 0x7f7439dfd820>: Failed to establish a new connection: [Errno 111] Connection refused'))
Analyzing frame 41/73...
Prompt: Given the scenario shown on the video, you think this situation ends well or poorly? (Use only one word to answer)
Image size: 35128 bytes
Response: Error analyzing image: HTTPConnectionPool(host='localhost', port=11434): Max retries exceeded with url: /api/chat (Caused by NewConnectionError('<urllib3.connection.HTTPConnection object at 0x7f7439e12cd0>: Failed to establish a new connection: [Errno 111] Connection refused'))
Analyzing frame 42/73...
Prompt: Given the scenario shown on the video, you think this situation ends well or poorly? (Use only one word to answer)
Image size: 35012 bytes
Response: Error analyzing image: HTTPConnectionPool(host='localhost', port=11434): Max retries exceeded with url: /api/chat (Caused by NewConnectionError('<urllib3.connection.HTTPConnection object at 0x7f7439dd42b0>: Failed to establish a new connection: [Errno 111] Connection refused'))
Analyzing frame 43/73...
Prompt: Given the scenario shown on the video, you think this situation ends well or poorly? (Use only one word to answer)
Image size: 35212 bytes
Response: Error analyzing image: HTTPConnectionPool(host='localhost', port=11434): Max retries exceeded with url: /api/chat (Caused by NewConnectionError('<urllib3.connection.HTTPConnection object at 0x7f7439ea5760>: Failed to establish a new connection: [Errno 111] Connection refused'))
Analyzing frame 44/73...
Prompt: Given the scenario shown on the video, you think this situation ends well or poorly? (Use only one word to answer)
Image size: 35192 bytes
Response: Error analyzing image: HTTPConnectionPool(host='localhost', port=11434): Max retries exceeded with url: /api/chat (Caused by NewConnectionError('<urllib3.connection.HTTPConnection object at 0x7f7439ea5220>: Failed to establish a new connection: [Errno 111] Connection refused'))
Analyzing frame 45/73...
Prompt: Given the scenario shown on the video, you think this situation ends well or poorly? (Use only one word to answer)
Image size: 35208 bytes
Response: Error analyzing image: HTTPConnectionPool(host='localhost', port=11434): Max retries exceeded with url: /api/chat (Caused by NewConnectionError('<urllib3.connection.HTTPConnection object at 0x7f7439ea59a0>: Failed to establish a new connection: [Errno 111] Connection refused'))
Analyzing frame 46/73...
Prompt: Given the scenario shown on the video, you think this situation ends well or poorly? (Use only one word to answer)
Image size: 35220 bytes
Response: Error analyzing image: HTTPConnectionPool(host='localhost', port=11434): Max retries exceeded with url: /api/chat (Caused by NewConnectionError('<urllib3.connection.HTTPConnection object at 0x7f7439dd47f0>: Failed to establish a new connection: [Errno 111] Connection refused'))
Analyzing frame 47/73...
Prompt: Given the scenario shown on the video, you think this situation ends well or poorly? (Use only one word to answer)
Image size: 35208 bytes
Response: Error analyzing image: HTTPConnectionPool(host='localhost', port=11434): Max retries exceeded with url: /api/chat (Caused by NewConnectionError('<urllib3.connection.HTTPConnection object at 0x7f7439dd4bb0>: Failed to establish a new connection: [Errno 111] Connection refused'))
Analyzing frame 48/73...
Prompt: Given the scenario shown on the video, you think this situation ends well or poorly? (Use only one word to answer)
Image size: 35208 bytes
Response: Error analyzing image: HTTPConnectionPool(host='localhost', port=11434): Max retries exceeded with url: /api/chat (Caused by NewConnectionError('<urllib3.connection.HTTPConnection object at 0x7f7439e12490>: Failed to establish a new connection: [Errno 111] Connection refused'))
Analyzing frame 49/73...
Prompt: Given the scenario shown on the video, you think this situation ends well or poorly? (Use only one word to answer)
Image size: 35216 bytes
Response: Error analyzing image: HTTPConnectionPool(host='localhost', port=11434): Max retries exceeded with url: /api/chat (Caused by NewConnectionError('<urllib3.connection.HTTPConnection object at 0x7f7439dfddf0>: Failed to establish a new connection: [Errno 111] Connection refused'))
Analyzing frame 50/73...
Prompt: Given the scenario shown on the video, you think this situation ends well or poorly? (Use only one word to answer)
Image size: 35212 bytes
Response: Error analyzing image: HTTPConnectionPool(host='localhost', port=11434): Max retries exceeded with url: /api/chat (Caused by NewConnectionError('<urllib3.connection.HTTPConnection object at 0x7f7439dfd580>: Failed to establish a new connection: [Errno 111] Connection refused'))
Analyzing frame 51/73...
Prompt: Given the scenario shown on the video, you think this situation ends well or poorly? (Use only one word to answer)
Image size: 35188 bytes
Response: Error analyzing image: HTTPConnectionPool(host='localhost', port=11434): Max retries exceeded with url: /api/chat (Caused by NewConnectionError('<urllib3.connection.HTTPConnection object at 0x7f7439e127c0>: Failed to establish a new connection: [Errno 111] Connection refused'))
Analyzing frame 52/73...
Prompt: Given the scenario shown on the video, you think this situation ends well or poorly? (Use only one word to answer)
Image size: 35220 bytes
Response: Error analyzing image: HTTPConnectionPool(host='localhost', port=11434): Max retries exceeded with url: /api/chat (Caused by NewConnectionError('<urllib3.connection.HTTPConnection object at 0x7f7439dd4ee0>: Failed to establish a new connection: [Errno 111] Connection refused'))
Analyzing frame 53/73...
Prompt: Given the scenario shown on the video, you think this situation ends well or poorly? (Use only one word to answer)
Image size: 35224 bytes
Response: Error analyzing image: HTTPConnectionPool(host='localhost', port=11434): Max retries exceeded with url: /api/chat (Caused by NewConnectionError('<urllib3.connection.HTTPConnection object at 0x7f7439dd47c0>: Failed to establish a new connection: [Errno 111] Connection refused'))
Analyzing frame 54/73...
Prompt: Given the scenario shown on the video, you think this situation ends well or poorly? (Use only one word to answer)
Image size: 35212 bytes
Response: Error analyzing image: HTTPConnectionPool(host='localhost', port=11434): Max retries exceeded with url: /api/chat (Caused by NewConnectionError('<urllib3.connection.HTTPConnection object at 0x7f7439ea57f0>: Failed to establish a new connection: [Errno 111] Connection refused'))
Analyzing frame 55/73...
Prompt: Given the scenario shown on the video, you think this situation ends well or poorly? (Use only one word to answer)
Image size: 35212 bytes
Response: Error analyzing image: HTTPConnectionPool(host='localhost', port=11434): Max retries exceeded with url: /api/chat (Caused by NewConnectionError('<urllib3.connection.HTTPConnection object at 0x7f7439e1e850>: Failed to establish a new connection: [Errno 111] Connection refused'))
Analyzing frame 56/73...
Prompt: Given the scenario shown on the video, you think this situation ends well or poorly? (Use only one word to answer)
Image size: 35224 bytes
Response: Error analyzing image: HTTPConnectionPool(host='localhost', port=11434): Max retries exceeded with url: /api/chat (Caused by NewConnectionError('<urllib3.connection.HTTPConnection object at 0x7f7439ea5fd0>: Failed to establish a new connection: [Errno 111] Connection refused'))
Analyzing frame 57/73...
Prompt: Given the scenario shown on the video, you think this situation ends well or poorly? (Use only one word to answer)
Image size: 35212 bytes
Response: Error analyzing image: HTTPConnectionPool(host='localhost', port=11434): Max retries exceeded with url: /api/chat (Caused by NewConnectionError('<urllib3.connection.HTTPConnection object at 0x7f7439ea5550>: Failed to establish a new connection: [Errno 111] Connection refused'))
Analyzing frame 58/73...
Prompt: Given the scenario shown on the video, you think this situation ends well or poorly? (Use only one word to answer)
Image size: 35224 bytes
Response: Error analyzing image: HTTPConnectionPool(host='localhost', port=11434): Max retries exceeded with url: /api/chat (Caused by NewConnectionError('<urllib3.connection.HTTPConnection object at 0x7f7439dd4490>: Failed to establish a new connection: [Errno 111] Connection refused'))
Analyzing frame 59/73...
Prompt: Given the scenario shown on the video, you think this situation ends well or poorly? (Use only one word to answer)
Image size: 35240 bytes
Response: Error analyzing image: HTTPConnectionPool(host='localhost', port=11434): Max retries exceeded with url: /api/chat (Caused by NewConnectionError('<urllib3.connection.HTTPConnection object at 0x7f7439e127f0>: Failed to establish a new connection: [Errno 111] Connection refused'))
Analyzing frame 60/73...
Prompt: Given the scenario shown on the video, you think this situation ends well or poorly? (Use only one word to answer)
Image size: 35232 bytes
Response: Error analyzing image: HTTPConnectionPool(host='localhost', port=11434): Max retries exceeded with url: /api/chat (Caused by NewConnectionError('<urllib3.connection.HTTPConnection object at 0x7f7439dfda30>: Failed to establish a new connection: [Errno 111] Connection refused'))
Analyzing frame 61/73...
Prompt: Given the scenario shown on the video, you think this situation ends well or poorly? (Use only one word to answer)
Image size: 35216 bytes
Response: Error analyzing image: HTTPConnectionPool(host='localhost', port=11434): Max retries exceeded with url: /api/chat (Caused by NewConnectionError('<urllib3.connection.HTTPConnection object at 0x7f7439e1e5e0>: Failed to establish a new connection: [Errno 111] Connection refused'))
Analyzing frame 62/73...
Prompt: Given the scenario shown on the video, you think this situation ends well or poorly? (Use only one word to answer)
Image size: 35216 bytes
Response: Error analyzing image: HTTPConnectionPool(host='localhost', port=11434): Max retries exceeded with url: /api/chat (Caused by NewConnectionError('<urllib3.connection.HTTPConnection object at 0x7f7439e12550>: Failed to establish a new connection: [Errno 111] Connection refused'))
Analyzing frame 63/73...
Prompt: Given the scenario shown on the video, you think this situation ends well or poorly? (Use only one word to answer)
Image size: 35216 bytes
Response: Error analyzing image: HTTPConnectionPool(host='localhost', port=11434): Max retries exceeded with url: /api/chat (Caused by NewConnectionError('<urllib3.connection.HTTPConnection object at 0x7f7439dd41f0>: Failed to establish a new connection: [Errno 111] Connection refused'))
Analyzing frame 64/73...
Prompt: Given the scenario shown on the video, you think this situation ends well or poorly? (Use only one word to answer)
Image size: 35196 bytes
Response: Error analyzing image: HTTPConnectionPool(host='localhost', port=11434): Max retries exceeded with url: /api/chat (Caused by NewConnectionError('<urllib3.connection.HTTPConnection object at 0x7f7439dd4640>: Failed to establish a new connection: [Errno 111] Connection refused'))
Analyzing frame 65/73...
Prompt: Given the scenario shown on the video, you think this situation ends well or poorly? (Use only one word to answer)
Image size: 35212 bytes
Response: Error analyzing image: HTTPConnectionPool(host='localhost', port=11434): Max retries exceeded with url: /api/chat (Caused by NewConnectionError('<urllib3.connection.HTTPConnection object at 0x7f7439ea5f10>: Failed to establish a new connection: [Errno 111] Connection refused'))
Analyzing frame 66/73...
Prompt: Given the scenario shown on the video, you think this situation ends well or poorly? (Use only one word to answer)
Image size: 35236 bytes
Response: Error analyzing image: HTTPConnectionPool(host='localhost', port=11434): Max retries exceeded with url: /api/chat (Caused by NewConnectionError('<urllib3.connection.HTTPConnection object at 0x7f7439e1e250>: Failed to establish a new connection: [Errno 111] Connection refused'))
Analyzing frame 67/73...
Prompt: Given the scenario shown on the video, you think this situation ends well or poorly? (Use only one word to answer)
Image size: 35224 bytes
Response: Error analyzing image: HTTPConnectionPool(host='localhost', port=11434): Max retries exceeded with url: /api/chat (Caused by NewConnectionError('<urllib3.connection.HTTPConnection object at 0x7f7439e1ec10>: Failed to establish a new connection: [Errno 111] Connection refused'))
Analyzing frame 68/73...
Prompt: Given the scenario shown on the video, you think this situation ends well or poorly? (Use only one word to answer)
Image size: 35208 bytes
Response: Error analyzing image: HTTPConnectionPool(host='localhost', port=11434): Max retries exceeded with url: /api/chat (Caused by NewConnectionError('<urllib3.connection.HTTPConnection object at 0x7f7439ea5880>: Failed to establish a new connection: [Errno 111] Connection refused'))
Analyzing frame 69/73...
Prompt: Given the scenario shown on the video, you think this situation ends well or poorly? (Use only one word to answer)
Image size: 35208 bytes
Response: Error analyzing image: HTTPConnectionPool(host='localhost', port=11434): Max retries exceeded with url: /api/chat (Caused by NewConnectionError('<urllib3.connection.HTTPConnection object at 0x7f7439dd4400>: Failed to establish a new connection: [Errno 111] Connection refused'))
Analyzing frame 70/73...
Prompt: Given the scenario shown on the video, you think this situation ends well or poorly? (Use only one word to answer)
Image size: 35196 bytes
Response: Error analyzing image: HTTPConnectionPool(host='localhost', port=11434): Max retries exceeded with url: /api/chat (Caused by NewConnectionError('<urllib3.connection.HTTPConnection object at 0x7f7439dd4ee0>: Failed to establish a new connection: [Errno 111] Connection refused'))
Analyzing frame 71/73...
Prompt: Given the scenario shown on the video, you think this situation ends well or poorly? (Use only one word to answer)
Image size: 35216 bytes
Response: Error analyzing image: HTTPConnectionPool(host='localhost', port=11434): Max retries exceeded with url: /api/chat (Caused by NewConnectionError('<urllib3.connection.HTTPConnection object at 0x7f7439e128e0>: Failed to establish a new connection: [Errno 111] Connection refused'))
Analyzing frame 72/73...
Prompt: Given the scenario shown on the video, you think this situation ends well or poorly? (Use only one word to answer)
Image size: 35216 bytes
Response: Error analyzing image: HTTPConnectionPool(host='localhost', port=11434): Max retries exceeded with url: /api/chat (Caused by NewConnectionError('<urllib3.connection.HTTPConnection object at 0x7f7439e06c10>: Failed to establish a new connection: [Errno 111] Connection refused'))
Analyzing frame 73/73...
Prompt: Given the scenario shown on the video, you think this situation ends well or poorly? (Use only one word to answer)
Image size: 35212 bytes
Response: Error analyzing image: HTTPConnectionPool(host='localhost', port=11434): Max retries exceeded with url: /api/chat (Caused by NewConnectionError('<urllib3.connection.HTTPConnection object at 0x7f7439e129d0>: Failed to establish a new connection: [Errno 111] Connection refused'))
Final prediction for 15_final.mp4: Error analyzing image: HTTPConnectionPool(host='localhost', port=11434): Max retries exceeded with url: /api/chat (Caused by NewConnectionError('<urllib3.connection.HTTPConnection object at 0x7f7439e12be0>: Failed to establish a new connection: [Errno 111] Connection refused'))

Results saved to ./results/results_gemma3_promptA.csv
Total videos processed: 418

==================================================
Processing video 5/30

Processing video: 19_final.mp4
Video info: 270 frames, 30.00 FPS, 9.00 seconds
Extracted 90 frames for analysis
Analyzing frame 1/90...
Prompt: Given the scenario shown on the video, you think this situation ends well or poorly? (Use only one word to answer)
Image size: 31308 bytes
Response: Error analyzing image: HTTPConnectionPool(host='localhost', port=11434): Max retries exceeded with url: /api/chat (Caused by NewConnectionError('<urllib3.connection.HTTPConnection object at 0x7f7439dd4640>: Failed to establish a new connection: [Errno 111] Connection refused'))
Analyzing frame 2/90...
Prompt: Given the scenario shown on the video, you think this situation ends well or poorly? (Use only one word to answer)
Image size: 31824 bytes
Response: Error analyzing image: HTTPConnectionPool(host='localhost', port=11434): Max retries exceeded with url: /api/chat (Caused by NewConnectionError('<urllib3.connection.HTTPConnection object at 0x7f7439ea56a0>: Failed to establish a new connection: [Errno 111] Connection refused'))
Analyzing frame 3/90...
Prompt: Given the scenario shown on the video, you think this situation ends well or poorly? (Use only one word to answer)
Image size: 32852 bytes
Response: Error analyzing image: HTTPConnectionPool(host='localhost', port=11434): Max retries exceeded with url: /api/chat (Caused by NewConnectionError('<urllib3.connection.HTTPConnection object at 0x7f7440d35af0>: Failed to establish a new connection: [Errno 111] Connection refused'))
Analyzing frame 4/90...
Prompt: Given the scenario shown on the video, you think this situation ends well or poorly? (Use only one word to answer)
Image size: 33076 bytes
Response: Error analyzing image: HTTPConnectionPool(host='localhost', port=11434): Max retries exceeded with url: /api/chat (Caused by NewConnectionError('<urllib3.connection.HTTPConnection object at 0x7f7439e06700>: Failed to establish a new connection: [Errno 111] Connection refused'))
Analyzing frame 5/90...
Prompt: Given the scenario shown on the video, you think this situation ends well or poorly? (Use only one word to answer)
Image size: 33320 bytes
Response: Error analyzing image: HTTPConnectionPool(host='localhost', port=11434): Max retries exceeded with url: /api/chat (Caused by NewConnectionError('<urllib3.connection.HTTPConnection object at 0x7f7439ea5460>: Failed to establish a new connection: [Errno 111] Connection refused'))
Analyzing frame 6/90...
Prompt: Given the scenario shown on the video, you think this situation ends well or poorly? (Use only one word to answer)
Image size: 33288 bytes
Response: Error analyzing image: HTTPConnectionPool(host='localhost', port=11434): Max retries exceeded with url: /api/chat (Caused by NewConnectionError('<urllib3.connection.HTTPConnection object at 0x7f7439dd4f10>: Failed to establish a new connection: [Errno 111] Connection refused'))
Analyzing frame 7/90...
Prompt: Given the scenario shown on the video, you think this situation ends well or poorly? (Use only one word to answer)
Image size: 33748 bytes
Response: Error analyzing image: HTTPConnectionPool(host='localhost', port=11434): Max retries exceeded with url: /api/chat (Caused by NewConnectionError('<urllib3.connection.HTTPConnection object at 0x7f7439dd40d0>: Failed to establish a new connection: [Errno 111] Connection refused'))
Analyzing frame 8/90...
Prompt: Given the scenario shown on the video, you think this situation ends well or poorly? (Use only one word to answer)
Image size: 34212 bytes
Response: Error analyzing image: HTTPConnectionPool(host='localhost', port=11434): Max retries exceeded with url: /api/chat (Caused by NewConnectionError('<urllib3.connection.HTTPConnection object at 0x7f7439e128e0>: Failed to establish a new connection: [Errno 111] Connection refused'))
Analyzing frame 9/90...
Prompt: Given the scenario shown on the video, you think this situation ends well or poorly? (Use only one word to answer)
Image size: 34184 bytes
Response: Error analyzing image: HTTPConnectionPool(host='localhost', port=11434): Max retries exceeded with url: /api/chat (Caused by NewConnectionError('<urllib3.connection.HTTPConnection object at 0x7f7439e29490>: Failed to establish a new connection: [Errno 111] Connection refused'))
Analyzing frame 10/90...
Prompt: Given the scenario shown on the video, you think this situation ends well or poorly? (Use only one word to answer)
Image size: 33704 bytes
Response: Error analyzing image: HTTPConnectionPool(host='localhost', port=11434): Max retries exceeded with url: /api/chat (Caused by NewConnectionError('<urllib3.connection.HTTPConnection object at 0x7f7439e29610>: Failed to establish a new connection: [Errno 111] Connection refused'))
Analyzing frame 11/90...
Prompt: Given the scenario shown on the video, you think this situation ends well or poorly? (Use only one word to answer)
Image size: 32840 bytes
Response: Error analyzing image: HTTPConnectionPool(host='localhost', port=11434): Max retries exceeded with url: /api/chat (Caused by NewConnectionError('<urllib3.connection.HTTPConnection object at 0x7f7439e12040>: Failed to establish a new connection: [Errno 111] Connection refused'))
Analyzing frame 12/90...
Prompt: Given the scenario shown on the video, you think this situation ends well or poorly? (Use only one word to answer)
Image size: 33556 bytes
Response: Error analyzing image: HTTPConnectionPool(host='localhost', port=11434): Max retries exceeded with url: /api/chat (Caused by NewConnectionError('<urllib3.connection.HTTPConnection object at 0x7f7439ea5c70>: Failed to establish a new connection: [Errno 111] Connection refused'))
Analyzing frame 13/90...
Prompt: Given the scenario shown on the video, you think this situation ends well or poorly? (Use only one word to answer)
Image size: 33068 bytes
Response: Error analyzing image: HTTPConnectionPool(host='localhost', port=11434): Max retries exceeded with url: /api/chat (Caused by NewConnectionError('<urllib3.connection.HTTPConnection object at 0x7f7439ea5550>: Failed to establish a new connection: [Errno 111] Connection refused'))
Analyzing frame 14/90...
Prompt: Given the scenario shown on the video, you think this situation ends well or poorly? (Use only one word to answer)
Image size: 33268 bytes
Response: Error analyzing image: HTTPConnectionPool(host='localhost', port=11434): Max retries exceeded with url: /api/chat (Caused by NewConnectionError('<urllib3.connection.HTTPConnection object at 0x7f7439dd4e80>: Failed to establish a new connection: [Errno 111] Connection refused'))
Analyzing frame 15/90...
Prompt: Given the scenario shown on the video, you think this situation ends well or poorly? (Use only one word to answer)
Image size: 33240 bytes
Response: Error analyzing image: HTTPConnectionPool(host='localhost', port=11434): Max retries exceeded with url: /api/chat (Caused by NewConnectionError('<urllib3.connection.HTTPConnection object at 0x7f7439e1ef40>: Failed to establish a new connection: [Errno 111] Connection refused'))
Analyzing frame 16/90...
Prompt: Given the scenario shown on the video, you think this situation ends well or poorly? (Use only one word to answer)
Image size: 33492 bytes
Response: Error analyzing image: HTTPConnectionPool(host='localhost', port=11434): Max retries exceeded with url: /api/chat (Caused by NewConnectionError('<urllib3.connection.HTTPConnection object at 0x7f7439dd4190>: Failed to establish a new connection: [Errno 111] Connection refused'))
Analyzing frame 17/90...
Prompt: Given the scenario shown on the video, you think this situation ends well or poorly? (Use only one word to answer)
Image size: 33084 bytes
Response: Error analyzing image: HTTPConnectionPool(host='localhost', port=11434): Max retries exceeded with url: /api/chat (Caused by NewConnectionError('<urllib3.connection.HTTPConnection object at 0x7f7439ea5490>: Failed to establish a new connection: [Errno 111] Connection refused'))
Analyzing frame 18/90...
Prompt: Given the scenario shown on the video, you think this situation ends well or poorly? (Use only one word to answer)
Image size: 32904 bytes
Response: Error analyzing image: HTTPConnectionPool(host='localhost', port=11434): Max retries exceeded with url: /api/chat (Caused by NewConnectionError('<urllib3.connection.HTTPConnection object at 0x7f7439e12e80>: Failed to establish a new connection: [Errno 111] Connection refused'))
Analyzing frame 19/90...
Prompt: Given the scenario shown on the video, you think this situation ends well or poorly? (Use only one word to answer)
Image size: 32316 bytes
Response: Error analyzing image: HTTPConnectionPool(host='localhost', port=11434): Max retries exceeded with url: /api/chat (Caused by NewConnectionError('<urllib3.connection.HTTPConnection object at 0x7f7439e291c0>: Failed to establish a new connection: [Errno 111] Connection refused'))
Analyzing frame 20/90...
Prompt: Given the scenario shown on the video, you think this situation ends well or poorly? (Use only one word to answer)
Image size: 32924 bytes
Response: Error analyzing image: HTTPConnectionPool(host='localhost', port=11434): Max retries exceeded with url: /api/chat (Caused by NewConnectionError('<urllib3.connection.HTTPConnection object at 0x7f7439e06100>: Failed to establish a new connection: [Errno 111] Connection refused'))
Analyzing frame 21/90...
Prompt: Given the scenario shown on the video, you think this situation ends well or poorly? (Use only one word to answer)
Image size: 32312 bytes
Response: Error analyzing image: HTTPConnectionPool(host='localhost', port=11434): Max retries exceeded with url: /api/chat (Caused by NewConnectionError('<urllib3.connection.HTTPConnection object at 0x7f7439e1e190>: Failed to establish a new connection: [Errno 111] Connection refused'))
Analyzing frame 22/90...
Prompt: Given the scenario shown on the video, you think this situation ends well or poorly? (Use only one word to answer)
Image size: 32180 bytes
Response: Error analyzing image: HTTPConnectionPool(host='localhost', port=11434): Max retries exceeded with url: /api/chat (Caused by NewConnectionError('<urllib3.connection.HTTPConnection object at 0x7f7439e29a60>: Failed to establish a new connection: [Errno 111] Connection refused'))
Analyzing frame 23/90...
Prompt: Given the scenario shown on the video, you think this situation ends well or poorly? (Use only one word to answer)
Image size: 31828 bytes
Response: Error analyzing image: HTTPConnectionPool(host='localhost', port=11434): Max retries exceeded with url: /api/chat (Caused by NewConnectionError('<urllib3.connection.HTTPConnection object at 0x7f7439e12fa0>: Failed to establish a new connection: [Errno 111] Connection refused'))
Analyzing frame 24/90...
Prompt: Given the scenario shown on the video, you think this situation ends well or poorly? (Use only one word to answer)
Image size: 31956 bytes
Response: Error analyzing image: HTTPConnectionPool(host='localhost', port=11434): Max retries exceeded with url: /api/chat (Caused by NewConnectionError('<urllib3.connection.HTTPConnection object at 0x7f7439ea5dc0>: Failed to establish a new connection: [Errno 111] Connection refused'))
Analyzing frame 25/90...
Prompt: Given the scenario shown on the video, you think this situation ends well or poorly? (Use only one word to answer)
Image size: 31864 bytes
Response: Error analyzing image: HTTPConnectionPool(host='localhost', port=11434): Max retries exceeded with url: /api/chat (Caused by NewConnectionError('<urllib3.connection.HTTPConnection object at 0x7f7439dd4d60>: Failed to establish a new connection: [Errno 111] Connection refused'))
Analyzing frame 26/90...
Prompt: Given the scenario shown on the video, you think this situation ends well or poorly? (Use only one word to answer)
Image size: 31804 bytes
Response: Error analyzing image: HTTPConnectionPool(host='localhost', port=11434): Max retries exceeded with url: /api/chat (Caused by NewConnectionError('<urllib3.connection.HTTPConnection object at 0x7f7439de68b0>: Failed to establish a new connection: [Errno 111] Connection refused'))
Analyzing frame 27/90...
Prompt: Given the scenario shown on the video, you think this situation ends well or poorly? (Use only one word to answer)
Image size: 32104 bytes
Response: Error analyzing image: HTTPConnectionPool(host='localhost', port=11434): Max retries exceeded with url: /api/chat (Caused by NewConnectionError('<urllib3.connection.HTTPConnection object at 0x7f7439ea5610>: Failed to establish a new connection: [Errno 111] Connection refused'))
Analyzing frame 28/90...
Prompt: Given the scenario shown on the video, you think this situation ends well or poorly? (Use only one word to answer)
Image size: 32320 bytes
Response: Error analyzing image: HTTPConnectionPool(host='localhost', port=11434): Max retries exceeded with url: /api/chat (Caused by NewConnectionError('<urllib3.connection.HTTPConnection object at 0x7f7439ea57f0>: Failed to establish a new connection: [Errno 111] Connection refused'))
Analyzing frame 29/90...
Prompt: Given the scenario shown on the video, you think this situation ends well or poorly? (Use only one word to answer)
Image size: 32808 bytes
Response: Error analyzing image: HTTPConnectionPool(host='localhost', port=11434): Max retries exceeded with url: /api/chat (Caused by NewConnectionError('<urllib3.connection.HTTPConnection object at 0x7f7439e12550>: Failed to establish a new connection: [Errno 111] Connection refused'))
Analyzing frame 30/90...
Prompt: Given the scenario shown on the video, you think this situation ends well or poorly? (Use only one word to answer)
Image size: 32656 bytes
Response: Error analyzing image: HTTPConnectionPool(host='localhost', port=11434): Max retries exceeded with url: /api/chat (Caused by NewConnectionError('<urllib3.connection.HTTPConnection object at 0x7f7439e290d0>: Failed to establish a new connection: [Errno 111] Connection refused'))
Analyzing frame 31/90...
Prompt: Given the scenario shown on the video, you think this situation ends well or poorly? (Use only one word to answer)
Image size: 32884 bytes
Response: Error analyzing image: HTTPConnectionPool(host='localhost', port=11434): Max retries exceeded with url: /api/chat (Caused by NewConnectionError('<urllib3.connection.HTTPConnection object at 0x7f7439de6430>: Failed to establish a new connection: [Errno 111] Connection refused'))
Analyzing frame 32/90...
Prompt: Given the scenario shown on the video, you think this situation ends well or poorly? (Use only one word to answer)
Image size: 32892 bytes
Response: Error analyzing image: HTTPConnectionPool(host='localhost', port=11434): Max retries exceeded with url: /api/chat (Caused by NewConnectionError('<urllib3.connection.HTTPConnection object at 0x7f7439e29610>: Failed to establish a new connection: [Errno 111] Connection refused'))
Analyzing frame 33/90...
Prompt: Given the scenario shown on the video, you think this situation ends well or poorly? (Use only one word to answer)
Image size: 32984 bytes
Response: Error analyzing image: HTTPConnectionPool(host='localhost', port=11434): Max retries exceeded with url: /api/chat (Caused by NewConnectionError('<urllib3.connection.HTTPConnection object at 0x7f7439ea5580>: Failed to establish a new connection: [Errno 111] Connection refused'))
Analyzing frame 34/90...
Prompt: Given the scenario shown on the video, you think this situation ends well or poorly? (Use only one word to answer)
Image size: 33268 bytes
Response: Error analyzing image: HTTPConnectionPool(host='localhost', port=11434): Max retries exceeded with url: /api/chat (Caused by NewConnectionError('<urllib3.connection.HTTPConnection object at 0x7f7439ea5760>: Failed to establish a new connection: [Errno 111] Connection refused'))
Analyzing frame 35/90...
Prompt: Given the scenario shown on the video, you think this situation ends well or poorly? (Use only one word to answer)
Image size: 33124 bytes
Response: Error analyzing image: HTTPConnectionPool(host='localhost', port=11434): Max retries exceeded with url: /api/chat (Caused by NewConnectionError('<urllib3.connection.HTTPConnection object at 0x7f7439de66d0>: Failed to establish a new connection: [Errno 111] Connection refused'))
Analyzing frame 36/90...
Prompt: Given the scenario shown on the video, you think this situation ends well or poorly? (Use only one word to answer)
Image size: 33224 bytes
Response: Error analyzing image: HTTPConnectionPool(host='localhost', port=11434): Max retries exceeded with url: /api/chat (Caused by NewConnectionError('<urllib3.connection.HTTPConnection object at 0x7f7439dd4bb0>: Failed to establish a new connection: [Errno 111] Connection refused'))
Analyzing frame 37/90...
Prompt: Given the scenario shown on the video, you think this situation ends well or poorly? (Use only one word to answer)
Image size: 33792 bytes
Response: Error analyzing image: HTTPConnectionPool(host='localhost', port=11434): Max retries exceeded with url: /api/chat (Caused by NewConnectionError('<urllib3.connection.HTTPConnection object at 0x7f7439e06c10>: Failed to establish a new connection: [Errno 111] Connection refused'))
Analyzing frame 38/90...
Prompt: Given the scenario shown on the video, you think this situation ends well or poorly? (Use only one word to answer)
Image size: 33912 bytes
Response: Error analyzing image: HTTPConnectionPool(host='localhost', port=11434): Max retries exceeded with url: /api/chat (Caused by NewConnectionError('<urllib3.connection.HTTPConnection object at 0x7f7439ea5d60>: Failed to establish a new connection: [Errno 111] Connection refused'))
Analyzing frame 39/90...
Prompt: Given the scenario shown on the video, you think this situation ends well or poorly? (Use only one word to answer)
Image size: 34040 bytes
Response: Error analyzing image: HTTPConnectionPool(host='localhost', port=11434): Max retries exceeded with url: /api/chat (Caused by NewConnectionError('<urllib3.connection.HTTPConnection object at 0x7f7439ea5580>: Failed to establish a new connection: [Errno 111] Connection refused'))
Analyzing frame 40/90...
Prompt: Given the scenario shown on the video, you think this situation ends well or poorly? (Use only one word to answer)
Image size: 33608 bytes
Response: Error analyzing image: HTTPConnectionPool(host='localhost', port=11434): Max retries exceeded with url: /api/chat (Caused by NewConnectionError('<urllib3.connection.HTTPConnection object at 0x7f7439de6a30>: Failed to establish a new connection: [Errno 111] Connection refused'))
Analyzing frame 41/90...
Prompt: Given the scenario shown on the video, you think this situation ends well or poorly? (Use only one word to answer)
Image size: 33780 bytes
Response: Error analyzing image: HTTPConnectionPool(host='localhost', port=11434): Max retries exceeded with url: /api/chat (Caused by NewConnectionError('<urllib3.connection.HTTPConnection object at 0x7f7439de6f40>: Failed to establish a new connection: [Errno 111] Connection refused'))
Analyzing frame 42/90...
Prompt: Given the scenario shown on the video, you think this situation ends well or poorly? (Use only one word to answer)
Image size: 33564 bytes
Response: Error analyzing image: HTTPConnectionPool(host='localhost', port=11434): Max retries exceeded with url: /api/chat (Caused by NewConnectionError('<urllib3.connection.HTTPConnection object at 0x7f7439e298b0>: Failed to establish a new connection: [Errno 111] Connection refused'))
Analyzing frame 43/90...
Prompt: Given the scenario shown on the video, you think this situation ends well or poorly? (Use only one word to answer)
Image size: 33872 bytes
Response: Error analyzing image: HTTPConnectionPool(host='localhost', port=11434): Max retries exceeded with url: /api/chat (Caused by NewConnectionError('<urllib3.connection.HTTPConnection object at 0x7f7439e294f0>: Failed to establish a new connection: [Errno 111] Connection refused'))
Analyzing frame 44/90...
Prompt: Given the scenario shown on the video, you think this situation ends well or poorly? (Use only one word to answer)
Image size: 33764 bytes
Response: Error analyzing image: HTTPConnectionPool(host='localhost', port=11434): Max retries exceeded with url: /api/chat (Caused by NewConnectionError('<urllib3.connection.HTTPConnection object at 0x7f7439de6c10>: Failed to establish a new connection: [Errno 111] Connection refused'))
Analyzing frame 45/90...
Prompt: Given the scenario shown on the video, you think this situation ends well or poorly? (Use only one word to answer)
Image size: 34076 bytes
Response: Error analyzing image: HTTPConnectionPool(host='localhost', port=11434): Max retries exceeded with url: /api/chat (Caused by NewConnectionError('<urllib3.connection.HTTPConnection object at 0x7f7439de6730>: Failed to establish a new connection: [Errno 111] Connection refused'))
Analyzing frame 46/90...
Prompt: Given the scenario shown on the video, you think this situation ends well or poorly? (Use only one word to answer)
Image size: 33448 bytes
Response: Error analyzing image: HTTPConnectionPool(host='localhost', port=11434): Max retries exceeded with url: /api/chat (Caused by NewConnectionError('<urllib3.connection.HTTPConnection object at 0x7f7439ea5d90>: Failed to establish a new connection: [Errno 111] Connection refused'))
Analyzing frame 47/90...
Prompt: Given the scenario shown on the video, you think this situation ends well or poorly? (Use only one word to answer)
Image size: 33392 bytes
Response: Error analyzing image: HTTPConnectionPool(host='localhost', port=11434): Max retries exceeded with url: /api/chat (Caused by NewConnectionError('<urllib3.connection.HTTPConnection object at 0x7f7439dd4d00>: Failed to establish a new connection: [Errno 111] Connection refused'))
Analyzing frame 48/90...
Prompt: Given the scenario shown on the video, you think this situation ends well or poorly? (Use only one word to answer)
Image size: 32908 bytes
Response: Error analyzing image: HTTPConnectionPool(host='localhost', port=11434): Max retries exceeded with url: /api/chat (Caused by NewConnectionError('<urllib3.connection.HTTPConnection object at 0x7f7439e1e040>: Failed to establish a new connection: [Errno 111] Connection refused'))
Analyzing frame 49/90...
Prompt: Given the scenario shown on the video, you think this situation ends well or poorly? (Use only one word to answer)
Image size: 32656 bytes
Response: Error analyzing image: HTTPConnectionPool(host='localhost', port=11434): Max retries exceeded with url: /api/chat (Caused by NewConnectionError('<urllib3.connection.HTTPConnection object at 0x7f7439ea5460>: Failed to establish a new connection: [Errno 111] Connection refused'))
Analyzing frame 50/90...
Prompt: Given the scenario shown on the video, you think this situation ends well or poorly? (Use only one word to answer)
Image size: 32312 bytes
Response: Error analyzing image: HTTPConnectionPool(host='localhost', port=11434): Max retries exceeded with url: /api/chat (Caused by NewConnectionError('<urllib3.connection.HTTPConnection object at 0x7f7439de61c0>: Failed to establish a new connection: [Errno 111] Connection refused'))
Analyzing frame 51/90...
Prompt: Given the scenario shown on the video, you think this situation ends well or poorly? (Use only one word to answer)
Image size: 32548 bytes
Response: Error analyzing image: HTTPConnectionPool(host='localhost', port=11434): Max retries exceeded with url: /api/chat (Caused by NewConnectionError('<urllib3.connection.HTTPConnection object at 0x7f7439de6bb0>: Failed to establish a new connection: [Errno 111] Connection refused'))
Analyzing frame 52/90...
Prompt: Given the scenario shown on the video, you think this situation ends well or poorly? (Use only one word to answer)
Image size: 32468 bytes
Response: Error analyzing image: HTTPConnectionPool(host='localhost', port=11434): Max retries exceeded with url: /api/chat (Caused by NewConnectionError('<urllib3.connection.HTTPConnection object at 0x7f7439e29100>: Failed to establish a new connection: [Errno 111] Connection refused'))
Analyzing frame 53/90...
Prompt: Given the scenario shown on the video, you think this situation ends well or poorly? (Use only one word to answer)
Image size: 33124 bytes
Response: Error analyzing image: HTTPConnectionPool(host='localhost', port=11434): Max retries exceeded with url: /api/chat (Caused by NewConnectionError('<urllib3.connection.HTTPConnection object at 0x7f7439e1e250>: Failed to establish a new connection: [Errno 111] Connection refused'))
Analyzing frame 54/90...
Prompt: Given the scenario shown on the video, you think this situation ends well or poorly? (Use only one word to answer)
Image size: 32680 bytes
Response: Error analyzing image: HTTPConnectionPool(host='localhost', port=11434): Max retries exceeded with url: /api/chat (Caused by NewConnectionError('<urllib3.connection.HTTPConnection object at 0x7f7439e29490>: Failed to establish a new connection: [Errno 111] Connection refused'))
Analyzing frame 55/90...
Prompt: Given the scenario shown on the video, you think this situation ends well or poorly? (Use only one word to answer)
Image size: 33788 bytes
Response: Error analyzing image: HTTPConnectionPool(host='localhost', port=11434): Max retries exceeded with url: /api/chat (Caused by NewConnectionError('<urllib3.connection.HTTPConnection object at 0x7f7439de6a60>: Failed to establish a new connection: [Errno 111] Connection refused'))
Analyzing frame 56/90...
Prompt: Given the scenario shown on the video, you think this situation ends well or poorly? (Use only one word to answer)
Image size: 35444 bytes
Response: Error analyzing image: HTTPConnectionPool(host='localhost', port=11434): Max retries exceeded with url: /api/chat (Caused by NewConnectionError('<urllib3.connection.HTTPConnection object at 0x7f7439de6460>: Failed to establish a new connection: [Errno 111] Connection refused'))
Analyzing frame 57/90...
Prompt: Given the scenario shown on the video, you think this situation ends well or poorly? (Use only one word to answer)
Image size: 36056 bytes
Response: Error analyzing image: HTTPConnectionPool(host='localhost', port=11434): Max retries exceeded with url: /api/chat (Caused by NewConnectionError('<urllib3.connection.HTTPConnection object at 0x7f7439ea58b0>: Failed to establish a new connection: [Errno 111] Connection refused'))
Analyzing frame 58/90...
Prompt: Given the scenario shown on the video, you think this situation ends well or poorly? (Use only one word to answer)
Image size: 36988 bytes
Response: Error analyzing image: HTTPConnectionPool(host='localhost', port=11434): Max retries exceeded with url: /api/chat (Caused by NewConnectionError('<urllib3.connection.HTTPConnection object at 0x7f7439ea5760>: Failed to establish a new connection: [Errno 111] Connection refused'))
Analyzing frame 59/90...
Prompt: Given the scenario shown on the video, you think this situation ends well or poorly? (Use only one word to answer)
Image size: 35628 bytes
Response: Error analyzing image: HTTPConnectionPool(host='localhost', port=11434): Max retries exceeded with url: /api/chat (Caused by NewConnectionError('<urllib3.connection.HTTPConnection object at 0x7f7439e1e280>: Failed to establish a new connection: [Errno 111] Connection refused'))
Analyzing frame 60/90...
Prompt: Given the scenario shown on the video, you think this situation ends well or poorly? (Use only one word to answer)
Image size: 35368 bytes
Response: Error analyzing image: HTTPConnectionPool(host='localhost', port=11434): Max retries exceeded with url: /api/chat (Caused by NewConnectionError('<urllib3.connection.HTTPConnection object at 0x7f7439ea5ee0>: Failed to establish a new connection: [Errno 111] Connection refused'))
Analyzing frame 61/90...
Prompt: Given the scenario shown on the video, you think this situation ends well or poorly? (Use only one word to answer)
Image size: 35816 bytes
Response: Error analyzing image: HTTPConnectionPool(host='localhost', port=11434): Max retries exceeded with url: /api/chat (Caused by NewConnectionError('<urllib3.connection.HTTPConnection object at 0x7f7439de68e0>: Failed to establish a new connection: [Errno 111] Connection refused'))
Analyzing frame 62/90...
Prompt: Given the scenario shown on the video, you think this situation ends well or poorly? (Use only one word to answer)
Image size: 35800 bytes
Response: Error analyzing image: HTTPConnectionPool(host='localhost', port=11434): Max retries exceeded with url: /api/chat (Caused by NewConnectionError('<urllib3.connection.HTTPConnection object at 0x7f7439de69a0>: Failed to establish a new connection: [Errno 111] Connection refused'))
Analyzing frame 63/90...
Prompt: Given the scenario shown on the video, you think this situation ends well or poorly? (Use only one word to answer)
Image size: 35868 bytes
Response: Error analyzing image: HTTPConnectionPool(host='localhost', port=11434): Max retries exceeded with url: /api/chat (Caused by NewConnectionError('<urllib3.connection.HTTPConnection object at 0x7f7439e1e370>: Failed to establish a new connection: [Errno 111] Connection refused'))
Analyzing frame 64/90...
Prompt: Given the scenario shown on the video, you think this situation ends well or poorly? (Use only one word to answer)
Image size: 35816 bytes
Response: Error analyzing image: HTTPConnectionPool(host='localhost', port=11434): Max retries exceeded with url: /api/chat (Caused by NewConnectionError('<urllib3.connection.HTTPConnection object at 0x7f7439e298b0>: Failed to establish a new connection: [Errno 111] Connection refused'))
Analyzing frame 65/90...
Prompt: Given the scenario shown on the video, you think this situation ends well or poorly? (Use only one word to answer)
Image size: 35852 bytes
Response: Error analyzing image: HTTPConnectionPool(host='localhost', port=11434): Max retries exceeded with url: /api/chat (Caused by NewConnectionError('<urllib3.connection.HTTPConnection object at 0x7f7439e29e80>: Failed to establish a new connection: [Errno 111] Connection refused'))
Analyzing frame 66/90...
Prompt: Given the scenario shown on the video, you think this situation ends well or poorly? (Use only one word to answer)
Image size: 35864 bytes
Response: Error analyzing image: HTTPConnectionPool(host='localhost', port=11434): Max retries exceeded with url: /api/chat (Caused by NewConnectionError('<urllib3.connection.HTTPConnection object at 0x7f7439e1ebb0>: Failed to establish a new connection: [Errno 111] Connection refused'))
Analyzing frame 67/90...
Prompt: Given the scenario shown on the video, you think this situation ends well or poorly? (Use only one word to answer)
Image size: 35852 bytes
Response: Error analyzing image: HTTPConnectionPool(host='localhost', port=11434): Max retries exceeded with url: /api/chat (Caused by NewConnectionError('<urllib3.connection.HTTPConnection object at 0x7f7439de6ca0>: Failed to establish a new connection: [Errno 111] Connection refused'))
Analyzing frame 68/90...
Prompt: Given the scenario shown on the video, you think this situation ends well or poorly? (Use only one word to answer)
Image size: 35860 bytes
Response: Error analyzing image: HTTPConnectionPool(host='localhost', port=11434): Max retries exceeded with url: /api/chat (Caused by NewConnectionError('<urllib3.connection.HTTPConnection object at 0x7f7439de6910>: Failed to establish a new connection: [Errno 111] Connection refused'))
Analyzing frame 69/90...
Prompt: Given the scenario shown on the video, you think this situation ends well or poorly? (Use only one word to answer)
Image size: 35828 bytes
Response: Error analyzing image: HTTPConnectionPool(host='localhost', port=11434): Max retries exceeded with url: /api/chat (Caused by NewConnectionError('<urllib3.connection.HTTPConnection object at 0x7f7439ea5c10>: Failed to establish a new connection: [Errno 111] Connection refused'))
Analyzing frame 70/90...
Prompt: Given the scenario shown on the video, you think this situation ends well or poorly? (Use only one word to answer)
Image size: 35836 bytes
Response: Error analyzing image: HTTPConnectionPool(host='localhost', port=11434): Max retries exceeded with url: /api/chat (Caused by NewConnectionError('<urllib3.connection.HTTPConnection object at 0x7f7439e12940>: Failed to establish a new connection: [Errno 111] Connection refused'))
Analyzing frame 71/90...
Prompt: Given the scenario shown on the video, you think this situation ends well or poorly? (Use only one word to answer)
Image size: 35792 bytes
Response: Error analyzing image: HTTPConnectionPool(host='localhost', port=11434): Max retries exceeded with url: /api/chat (Caused by NewConnectionError('<urllib3.connection.HTTPConnection object at 0x7f7439ea59d0>: Failed to establish a new connection: [Errno 111] Connection refused'))
Analyzing frame 72/90...
Prompt: Given the scenario shown on the video, you think this situation ends well or poorly? (Use only one word to answer)
Image size: 35828 bytes
Response: Error analyzing image: HTTPConnectionPool(host='localhost', port=11434): Max retries exceeded with url: /api/chat (Caused by NewConnectionError('<urllib3.connection.HTTPConnection object at 0x7f7439de6310>: Failed to establish a new connection: [Errno 111] Connection refused'))
Analyzing frame 73/90...
Prompt: Given the scenario shown on the video, you think this situation ends well or poorly? (Use only one word to answer)
Image size: 35832 bytes
Response: Error analyzing image: HTTPConnectionPool(host='localhost', port=11434): Max retries exceeded with url: /api/chat (Caused by NewConnectionError('<urllib3.connection.HTTPConnection object at 0x7f7439e067c0>: Failed to establish a new connection: [Errno 111] Connection refused'))
Analyzing frame 74/90...
Prompt: Given the scenario shown on the video, you think this situation ends well or poorly? (Use only one word to answer)
Image size: 35836 bytes
Response: Error analyzing image: HTTPConnectionPool(host='localhost', port=11434): Max retries exceeded with url: /api/chat (Caused by NewConnectionError('<urllib3.connection.HTTPConnection object at 0x7f7439e29a90>: Failed to establish a new connection: [Errno 111] Connection refused'))
Analyzing frame 75/90...
Prompt: Given the scenario shown on the video, you think this situation ends well or poorly? (Use only one word to answer)
Image size: 35832 bytes
Response: Error analyzing image: HTTPConnectionPool(host='localhost', port=11434): Max retries exceeded with url: /api/chat (Caused by NewConnectionError('<urllib3.connection.HTTPConnection object at 0x7f7439e12e20>: Failed to establish a new connection: [Errno 111] Connection refused'))
Analyzing frame 76/90...
Prompt: Given the scenario shown on the video, you think this situation ends well or poorly? (Use only one word to answer)
Image size: 35828 bytes
Response: Error analyzing image: HTTPConnectionPool(host='localhost', port=11434): Max retries exceeded with url: /api/chat (Caused by NewConnectionError('<urllib3.connection.HTTPConnection object at 0x7f7439e12cd0>: Failed to establish a new connection: [Errno 111] Connection refused'))
Analyzing frame 77/90...
Prompt: Given the scenario shown on the video, you think this situation ends well or poorly? (Use only one word to answer)
Image size: 35812 bytes
Response: Error analyzing image: HTTPConnectionPool(host='localhost', port=11434): Max retries exceeded with url: /api/chat (Caused by NewConnectionError('<urllib3.connection.HTTPConnection object at 0x7f7439e29f70>: Failed to establish a new connection: [Errno 111] Connection refused'))
Analyzing frame 78/90...
Prompt: Given the scenario shown on the video, you think this situation ends well or poorly? (Use only one word to answer)
Image size: 35808 bytes
Response: Error analyzing image: HTTPConnectionPool(host='localhost', port=11434): Max retries exceeded with url: /api/chat (Caused by NewConnectionError('<urllib3.connection.HTTPConnection object at 0x7f7439de6fd0>: Failed to establish a new connection: [Errno 111] Connection refused'))
Analyzing frame 79/90...
Prompt: Given the scenario shown on the video, you think this situation ends well or poorly? (Use only one word to answer)
Image size: 35780 bytes
Response: Error analyzing image: HTTPConnectionPool(host='localhost', port=11434): Max retries exceeded with url: /api/chat (Caused by NewConnectionError('<urllib3.connection.HTTPConnection object at 0x7f7439de62e0>: Failed to establish a new connection: [Errno 111] Connection refused'))
Analyzing frame 80/90...
Prompt: Given the scenario shown on the video, you think this situation ends well or poorly? (Use only one word to answer)
Image size: 35832 bytes
Response: Error analyzing image: HTTPConnectionPool(host='localhost', port=11434): Max retries exceeded with url: /api/chat (Caused by NewConnectionError('<urllib3.connection.HTTPConnection object at 0x7f7439ea5cd0>: Failed to establish a new connection: [Errno 111] Connection refused'))
Analyzing frame 81/90...
Prompt: Given the scenario shown on the video, you think this situation ends well or poorly? (Use only one word to answer)
Image size: 35816 bytes
Response: Error analyzing image: HTTPConnectionPool(host='localhost', port=11434): Max retries exceeded with url: /api/chat (Caused by NewConnectionError('<urllib3.connection.HTTPConnection object at 0x7f7439dfd490>: Failed to establish a new connection: [Errno 111] Connection refused'))
Analyzing frame 82/90...
Prompt: Given the scenario shown on the video, you think this situation ends well or poorly? (Use only one word to answer)
Image size: 35852 bytes
Response: Error analyzing image: HTTPConnectionPool(host='localhost', port=11434): Max retries exceeded with url: /api/chat (Caused by NewConnectionError('<urllib3.connection.HTTPConnection object at 0x7f7439de6730>: Failed to establish a new connection: [Errno 111] Connection refused'))
Analyzing frame 83/90...
Prompt: Given the scenario shown on the video, you think this situation ends well or poorly? (Use only one word to answer)
Image size: 35832 bytes
Response: Error analyzing image: HTTPConnectionPool(host='localhost', port=11434): Max retries exceeded with url: /api/chat (Caused by NewConnectionError('<urllib3.connection.HTTPConnection object at 0x7f7439de69a0>: Failed to establish a new connection: [Errno 111] Connection refused'))
Analyzing frame 84/90...
Prompt: Given the scenario shown on the video, you think this situation ends well or poorly? (Use only one word to answer)
Image size: 35872 bytes
Response: Error analyzing image: HTTPConnectionPool(host='localhost', port=11434): Max retries exceeded with url: /api/chat (Caused by NewConnectionError('<urllib3.connection.HTTPConnection object at 0x7f7439e1e760>: Failed to establish a new connection: [Errno 111] Connection refused'))
Analyzing frame 85/90...
Prompt: Given the scenario shown on the video, you think this situation ends well or poorly? (Use only one word to answer)
Image size: 35820 bytes
Response: Error analyzing image: HTTPConnectionPool(host='localhost', port=11434): Max retries exceeded with url: /api/chat (Caused by NewConnectionError('<urllib3.connection.HTTPConnection object at 0x7f7439e29c10>: Failed to establish a new connection: [Errno 111] Connection refused'))
Analyzing frame 86/90...
Prompt: Given the scenario shown on the video, you think this situation ends well or poorly? (Use only one word to answer)
Image size: 35832 bytes
Response: Error analyzing image: HTTPConnectionPool(host='localhost', port=11434): Max retries exceeded with url: /api/chat (Caused by NewConnectionError('<urllib3.connection.HTTPConnection object at 0x7f7439dfd940>: Failed to establish a new connection: [Errno 111] Connection refused'))
Analyzing frame 87/90...
Prompt: Given the scenario shown on the video, you think this situation ends well or poorly? (Use only one word to answer)
Image size: 35820 bytes
Response: Error analyzing image: HTTPConnectionPool(host='localhost', port=11434): Max retries exceeded with url: /api/chat (Caused by NewConnectionError('<urllib3.connection.HTTPConnection object at 0x7f7439dfd100>: Failed to establish a new connection: [Errno 111] Connection refused'))
Analyzing frame 88/90...
Prompt: Given the scenario shown on the video, you think this situation ends well or poorly? (Use only one word to answer)
Image size: 35804 bytes
Response: Error analyzing image: HTTPConnectionPool(host='localhost', port=11434): Max retries exceeded with url: /api/chat (Caused by NewConnectionError('<urllib3.connection.HTTPConnection object at 0x7f7439e29ac0>: Failed to establish a new connection: [Errno 111] Connection refused'))
Analyzing frame 89/90...
Prompt: Given the scenario shown on the video, you think this situation ends well or poorly? (Use only one word to answer)
Image size: 35808 bytes
Response: Error analyzing image: HTTPConnectionPool(host='localhost', port=11434): Max retries exceeded with url: /api/chat (Caused by NewConnectionError('<urllib3.connection.HTTPConnection object at 0x7f7439e1eb80>: Failed to establish a new connection: [Errno 111] Connection refused'))
Analyzing frame 90/90...
Prompt: Given the scenario shown on the video, you think this situation ends well or poorly? (Use only one word to answer)
Image size: 35808 bytes
Response: Error analyzing image: HTTPConnectionPool(host='localhost', port=11434): Max retries exceeded with url: /api/chat (Caused by NewConnectionError('<urllib3.connection.HTTPConnection object at 0x7f7439de6970>: Failed to establish a new connection: [Errno 111] Connection refused'))
Final prediction for 19_final.mp4: Error analyzing image: HTTPConnectionPool(host='localhost', port=11434): Max retries exceeded with url: /api/chat (Caused by NewConnectionError('<urllib3.connection.HTTPConnection object at 0x7f7439dd4640>: Failed to establish a new connection: [Errno 111] Connection refused'))

Results saved to ./results/results_gemma3_promptA.csv
Total videos processed: 508

==================================================
Processing video 6/30

Processing video: 21_final.mp4
Video info: 328 frames, 30.00 FPS, 10.93 seconds
Extracted 110 frames for analysis
Analyzing frame 1/110...
Prompt: Given the scenario shown on the video, you think this situation ends well or poorly? (Use only one word to answer)
Image size: 13940 bytes
Response: Error analyzing image: HTTPConnectionPool(host='localhost', port=11434): Max retries exceeded with url: /api/chat (Caused by NewConnectionError('<urllib3.connection.HTTPConnection object at 0x7f7439de60d0>: Failed to establish a new connection: [Errno 111] Connection refused'))
Analyzing frame 2/110...
Prompt: Given the scenario shown on the video, you think this situation ends well or poorly? (Use only one word to answer)
Image size: 13904 bytes
Response: Error analyzing image: HTTPConnectionPool(host='localhost', port=11434): Max retries exceeded with url: /api/chat (Caused by NewConnectionError('<urllib3.connection.HTTPConnection object at 0x7f7439de6250>: Failed to establish a new connection: [Errno 111] Connection refused'))
Analyzing frame 3/110...
Prompt: Given the scenario shown on the video, you think this situation ends well or poorly? (Use only one word to answer)
Image size: 14040 bytes
Response: Error analyzing image: HTTPConnectionPool(host='localhost', port=11434): Max retries exceeded with url: /api/chat (Caused by NewConnectionError('<urllib3.connection.HTTPConnection object at 0x7f7439de6400>: Failed to establish a new connection: [Errno 111] Connection refused'))
Analyzing frame 4/110...
Prompt: Given the scenario shown on the video, you think this situation ends well or poorly? (Use only one word to answer)
Image size: 14036 bytes
Response: Error analyzing image: HTTPConnectionPool(host='localhost', port=11434): Max retries exceeded with url: /api/chat (Caused by NewConnectionError('<urllib3.connection.HTTPConnection object at 0x7f7439e291f0>: Failed to establish a new connection: [Errno 111] Connection refused'))
Analyzing frame 5/110...
Prompt: Given the scenario shown on the video, you think this situation ends well or poorly? (Use only one word to answer)
Image size: 14128 bytes
Response: Error analyzing image: HTTPConnectionPool(host='localhost', port=11434): Max retries exceeded with url: /api/chat (Caused by NewConnectionError('<urllib3.connection.HTTPConnection object at 0x7f7439e12640>: Failed to establish a new connection: [Errno 111] Connection refused'))
Analyzing frame 6/110...
Prompt: Given the scenario shown on the video, you think this situation ends well or poorly? (Use only one word to answer)
Image size: 14128 bytes
Response: Error analyzing image: HTTPConnectionPool(host='localhost', port=11434): Max retries exceeded with url: /api/chat (Caused by NewConnectionError('<urllib3.connection.HTTPConnection object at 0x7f7439dfd7f0>: Failed to establish a new connection: [Errno 111] Connection refused'))
Analyzing frame 7/110...
Prompt: Given the scenario shown on the video, you think this situation ends well or poorly? (Use only one word to answer)
Image size: 14140 bytes
Response: Error analyzing image: HTTPConnectionPool(host='localhost', port=11434): Max retries exceeded with url: /api/chat (Caused by NewConnectionError('<urllib3.connection.HTTPConnection object at 0x7f7439d913a0>: Failed to establish a new connection: [Errno 111] Connection refused'))
Analyzing frame 8/110...
Prompt: Given the scenario shown on the video, you think this situation ends well or poorly? (Use only one word to answer)
Image size: 13996 bytes
Response: Error analyzing image: HTTPConnectionPool(host='localhost', port=11434): Max retries exceeded with url: /api/chat (Caused by NewConnectionError('<urllib3.connection.HTTPConnection object at 0x7f7439e29a30>: Failed to establish a new connection: [Errno 111] Connection refused'))
Analyzing frame 9/110...
Prompt: Given the scenario shown on the video, you think this situation ends well or poorly? (Use only one word to answer)
Image size: 14104 bytes
Response: Error analyzing image: HTTPConnectionPool(host='localhost', port=11434): Max retries exceeded with url: /api/chat (Caused by NewConnectionError('<urllib3.connection.HTTPConnection object at 0x7f7439de6190>: Failed to establish a new connection: [Errno 111] Connection refused'))
Analyzing frame 10/110...
Prompt: Given the scenario shown on the video, you think this situation ends well or poorly? (Use only one word to answer)
Image size: 14100 bytes
Response: Error analyzing image: HTTPConnectionPool(host='localhost', port=11434): Max retries exceeded with url: /api/chat (Caused by NewConnectionError('<urllib3.connection.HTTPConnection object at 0x7f7439dfd5b0>: Failed to establish a new connection: [Errno 111] Connection refused'))
Analyzing frame 11/110...
Prompt: Given the scenario shown on the video, you think this situation ends well or poorly? (Use only one word to answer)
Image size: 14112 bytes
Response: Error analyzing image: HTTPConnectionPool(host='localhost', port=11434): Max retries exceeded with url: /api/chat (Caused by NewConnectionError('<urllib3.connection.HTTPConnection object at 0x7f7439e121c0>: Failed to establish a new connection: [Errno 111] Connection refused'))
Analyzing frame 12/110...
Prompt: Given the scenario shown on the video, you think this situation ends well or poorly? (Use only one word to answer)
Image size: 14084 bytes
Response: Error analyzing image: HTTPConnectionPool(host='localhost', port=11434): Max retries exceeded with url: /api/chat (Caused by NewConnectionError('<urllib3.connection.HTTPConnection object at 0x7f7439e12fa0>: Failed to establish a new connection: [Errno 111] Connection refused'))
Analyzing frame 13/110...
Prompt: Given the scenario shown on the video, you think this situation ends well or poorly? (Use only one word to answer)
Image size: 14248 bytes
Response: Error analyzing image: HTTPConnectionPool(host='localhost', port=11434): Max retries exceeded with url: /api/chat (Caused by NewConnectionError('<urllib3.connection.HTTPConnection object at 0x7f7439de60a0>: Failed to establish a new connection: [Errno 111] Connection refused'))
Analyzing frame 14/110...
Prompt: Given the scenario shown on the video, you think this situation ends well or poorly? (Use only one word to answer)
Image size: 14352 bytes
Response: Error analyzing image: HTTPConnectionPool(host='localhost', port=11434): Max retries exceeded with url: /api/chat (Caused by NewConnectionError('<urllib3.connection.HTTPConnection object at 0x7f7439de6df0>: Failed to establish a new connection: [Errno 111] Connection refused'))
Analyzing frame 15/110...
Prompt: Given the scenario shown on the video, you think this situation ends well or poorly? (Use only one word to answer)
Image size: 14528 bytes
Response: Error analyzing image: HTTPConnectionPool(host='localhost', port=11434): Max retries exceeded with url: /api/chat (Caused by NewConnectionError('<urllib3.connection.HTTPConnection object at 0x7f7439e29b20>: Failed to establish a new connection: [Errno 111] Connection refused'))
Analyzing frame 16/110...
Prompt: Given the scenario shown on the video, you think this situation ends well or poorly? (Use only one word to answer)
Image size: 14356 bytes
Response: Error analyzing image: HTTPConnectionPool(host='localhost', port=11434): Max retries exceeded with url: /api/chat (Caused by NewConnectionError('<urllib3.connection.HTTPConnection object at 0x7f7439e12430>: Failed to establish a new connection: [Errno 111] Connection refused'))
Analyzing frame 17/110...
Prompt: Given the scenario shown on the video, you think this situation ends well or poorly? (Use only one word to answer)
Image size: 14120 bytes
Response: Error analyzing image: HTTPConnectionPool(host='localhost', port=11434): Max retries exceeded with url: /api/chat (Caused by NewConnectionError('<urllib3.connection.HTTPConnection object at 0x7f7439dfdd90>: Failed to establish a new connection: [Errno 111] Connection refused'))
Analyzing frame 18/110...
Prompt: Given the scenario shown on the video, you think this situation ends well or poorly? (Use only one word to answer)
Image size: 14132 bytes
Response: Error analyzing image: HTTPConnectionPool(host='localhost', port=11434): Max retries exceeded with url: /api/chat (Caused by NewConnectionError('<urllib3.connection.HTTPConnection object at 0x7f7439ea5af0>: Failed to establish a new connection: [Errno 111] Connection refused'))
Analyzing frame 19/110...
Prompt: Given the scenario shown on the video, you think this situation ends well or poorly? (Use only one word to answer)
Image size: 14068 bytes
Response: Error analyzing image: HTTPConnectionPool(host='localhost', port=11434): Max retries exceeded with url: /api/chat (Caused by NewConnectionError('<urllib3.connection.HTTPConnection object at 0x7f7439e29dc0>: Failed to establish a new connection: [Errno 111] Connection refused'))
Analyzing frame 20/110...
Prompt: Given the scenario shown on the video, you think this situation ends well or poorly? (Use only one word to answer)
Image size: 14164 bytes
Response: Error analyzing image: HTTPConnectionPool(host='localhost', port=11434): Max retries exceeded with url: /api/chat (Caused by NewConnectionError('<urllib3.connection.HTTPConnection object at 0x7f7439e12700>: Failed to establish a new connection: [Errno 111] Connection refused'))
Analyzing frame 21/110...
Prompt: Given the scenario shown on the video, you think this situation ends well or poorly? (Use only one word to answer)
Image size: 14284 bytes
Response: Error analyzing image: HTTPConnectionPool(host='localhost', port=11434): Max retries exceeded with url: /api/chat (Caused by NewConnectionError('<urllib3.connection.HTTPConnection object at 0x7f7440d35b50>: Failed to establish a new connection: [Errno 111] Connection refused'))
Analyzing frame 22/110...
Prompt: Given the scenario shown on the video, you think this situation ends well or poorly? (Use only one word to answer)
Image size: 14352 bytes
Response: Error analyzing image: HTTPConnectionPool(host='localhost', port=11434): Max retries exceeded with url: /api/chat (Caused by NewConnectionError('<urllib3.connection.HTTPConnection object at 0x7f7439de6730>: Failed to establish a new connection: [Errno 111] Connection refused'))
Analyzing frame 23/110...
Prompt: Given the scenario shown on the video, you think this situation ends well or poorly? (Use only one word to answer)
Image size: 14436 bytes
Response: Error analyzing image: HTTPConnectionPool(host='localhost', port=11434): Max retries exceeded with url: /api/chat (Caused by NewConnectionError('<urllib3.connection.HTTPConnection object at 0x7f7439ea5ee0>: Failed to establish a new connection: [Errno 111] Connection refused'))
Analyzing frame 24/110...
Prompt: Given the scenario shown on the video, you think this situation ends well or poorly? (Use only one word to answer)
Image size: 14420 bytes
Response: Error analyzing image: HTTPConnectionPool(host='localhost', port=11434): Max retries exceeded with url: /api/chat (Caused by NewConnectionError('<urllib3.connection.HTTPConnection object at 0x7f7439de6f10>: Failed to establish a new connection: [Errno 111] Connection refused'))
Analyzing frame 25/110...
Prompt: Given the scenario shown on the video, you think this situation ends well or poorly? (Use only one word to answer)
Image size: 14676 bytes
Response: Error analyzing image: HTTPConnectionPool(host='localhost', port=11434): Max retries exceeded with url: /api/chat (Caused by NewConnectionError('<urllib3.connection.HTTPConnection object at 0x7f7439de6d30>: Failed to establish a new connection: [Errno 111] Connection refused'))
Analyzing frame 26/110...
Prompt: Given the scenario shown on the video, you think this situation ends well or poorly? (Use only one word to answer)
Image size: 14732 bytes
Response: Error analyzing image: HTTPConnectionPool(host='localhost', port=11434): Max retries exceeded with url: /api/chat (Caused by NewConnectionError('<urllib3.connection.HTTPConnection object at 0x7f7439e12910>: Failed to establish a new connection: [Errno 111] Connection refused'))
Analyzing frame 27/110...
Prompt: Given the scenario shown on the video, you think this situation ends well or poorly? (Use only one word to answer)
Image size: 14792 bytes
Response: Error analyzing image: HTTPConnectionPool(host='localhost', port=11434): Max retries exceeded with url: /api/chat (Caused by NewConnectionError('<urllib3.connection.HTTPConnection object at 0x7f7439e294f0>: Failed to establish a new connection: [Errno 111] Connection refused'))
Analyzing frame 28/110...
Prompt: Given the scenario shown on the video, you think this situation ends well or poorly? (Use only one word to answer)
Image size: 15144 bytes
Response: Error analyzing image: HTTPConnectionPool(host='localhost', port=11434): Max retries exceeded with url: /api/chat (Caused by NewConnectionError('<urllib3.connection.HTTPConnection object at 0x7f7439dfd2e0>: Failed to establish a new connection: [Errno 111] Connection refused'))
Analyzing frame 29/110...
Prompt: Given the scenario shown on the video, you think this situation ends well or poorly? (Use only one word to answer)
Image size: 15280 bytes
Response: Error analyzing image: HTTPConnectionPool(host='localhost', port=11434): Max retries exceeded with url: /api/chat (Caused by NewConnectionError('<urllib3.connection.HTTPConnection object at 0x7f7439ea5f70>: Failed to establish a new connection: [Errno 111] Connection refused'))
Analyzing frame 30/110...
Prompt: Given the scenario shown on the video, you think this situation ends well or poorly? (Use only one word to answer)
Image size: 15244 bytes
Response: Error analyzing image: HTTPConnectionPool(host='localhost', port=11434): Max retries exceeded with url: /api/chat (Caused by NewConnectionError('<urllib3.connection.HTTPConnection object at 0x7f7439e29ee0>: Failed to establish a new connection: [Errno 111] Connection refused'))
Analyzing frame 31/110...
Prompt: Given the scenario shown on the video, you think this situation ends well or poorly? (Use only one word to answer)
Image size: 15284 bytes
Response: Error analyzing image: HTTPConnectionPool(host='localhost', port=11434): Max retries exceeded with url: /api/chat (Caused by NewConnectionError('<urllib3.connection.HTTPConnection object at 0x7f7439e12250>: Failed to establish a new connection: [Errno 111] Connection refused'))
Analyzing frame 32/110...
Prompt: Given the scenario shown on the video, you think this situation ends well or poorly? (Use only one word to answer)
Image size: 15280 bytes
Response: Error analyzing image: HTTPConnectionPool(host='localhost', port=11434): Max retries exceeded with url: /api/chat (Caused by NewConnectionError('<urllib3.connection.HTTPConnection object at 0x7f7439ea5460>: Failed to establish a new connection: [Errno 111] Connection refused'))
Analyzing frame 33/110...
Prompt: Given the scenario shown on the video, you think this situation ends well or poorly? (Use only one word to answer)
Image size: 15472 bytes
Response: Error analyzing image: HTTPConnectionPool(host='localhost', port=11434): Max retries exceeded with url: /api/chat (Caused by NewConnectionError('<urllib3.connection.HTTPConnection object at 0x7f7439de62e0>: Failed to establish a new connection: [Errno 111] Connection refused'))
Analyzing frame 34/110...
Prompt: Given the scenario shown on the video, you think this situation ends well or poorly? (Use only one word to answer)
Image size: 15512 bytes
Response: Error analyzing image: HTTPConnectionPool(host='localhost', port=11434): Max retries exceeded with url: /api/chat (Caused by NewConnectionError('<urllib3.connection.HTTPConnection object at 0x7f7439de6910>: Failed to establish a new connection: [Errno 111] Connection refused'))
Analyzing frame 35/110...
Prompt: Given the scenario shown on the video, you think this situation ends well or poorly? (Use only one word to answer)
Image size: 15608 bytes
Response: Error analyzing image: HTTPConnectionPool(host='localhost', port=11434): Max retries exceeded with url: /api/chat (Caused by NewConnectionError('<urllib3.connection.HTTPConnection object at 0x7f7439de6580>: Failed to establish a new connection: [Errno 111] Connection refused'))
Analyzing frame 36/110...
Prompt: Given the scenario shown on the video, you think this situation ends well or poorly? (Use only one word to answer)
Image size: 15776 bytes
Response: Error analyzing image: HTTPConnectionPool(host='localhost', port=11434): Max retries exceeded with url: /api/chat (Caused by NewConnectionError('<urllib3.connection.HTTPConnection object at 0x7f7439de6520>: Failed to establish a new connection: [Errno 111] Connection refused'))
Analyzing frame 37/110...
Prompt: Given the scenario shown on the video, you think this situation ends well or poorly? (Use only one word to answer)
Image size: 16344 bytes
Response: Error analyzing image: HTTPConnectionPool(host='localhost', port=11434): Max retries exceeded with url: /api/chat (Caused by NewConnectionError('<urllib3.connection.HTTPConnection object at 0x7f7439e12eb0>: Failed to establish a new connection: [Errno 111] Connection refused'))
Analyzing frame 38/110...
Prompt: Given the scenario shown on the video, you think this situation ends well or poorly? (Use only one word to answer)
Image size: 16756 bytes
Response: Error analyzing image: HTTPConnectionPool(host='localhost', port=11434): Max retries exceeded with url: /api/chat (Caused by NewConnectionError('<urllib3.connection.HTTPConnection object at 0x7f7439e127c0>: Failed to establish a new connection: [Errno 111] Connection refused'))
Analyzing frame 39/110...
Prompt: Given the scenario shown on the video, you think this situation ends well or poorly? (Use only one word to answer)
Image size: 17444 bytes
Response: Error analyzing image: HTTPConnectionPool(host='localhost', port=11434): Max retries exceeded with url: /api/chat (Caused by NewConnectionError('<urllib3.connection.HTTPConnection object at 0x7f7439e29a00>: Failed to establish a new connection: [Errno 111] Connection refused'))
Analyzing frame 40/110...
Prompt: Given the scenario shown on the video, you think this situation ends well or poorly? (Use only one word to answer)
Image size: 17156 bytes
Response: Error analyzing image: HTTPConnectionPool(host='localhost', port=11434): Max retries exceeded with url: /api/chat (Caused by NewConnectionError('<urllib3.connection.HTTPConnection object at 0x7f7439e1edc0>: Failed to establish a new connection: [Errno 111] Connection refused'))
Analyzing frame 41/110...
Prompt: Given the scenario shown on the video, you think this situation ends well or poorly? (Use only one word to answer)
Image size: 16700 bytes
Response: Error analyzing image: HTTPConnectionPool(host='localhost', port=11434): Max retries exceeded with url: /api/chat (Caused by NewConnectionError('<urllib3.connection.HTTPConnection object at 0x7f7439e29460>: Failed to establish a new connection: [Errno 111] Connection refused'))
Analyzing frame 42/110...
Prompt: Given the scenario shown on the video, you think this situation ends well or poorly? (Use only one word to answer)
Image size: 16636 bytes
Response: Error analyzing image: HTTPConnectionPool(host='localhost', port=11434): Max retries exceeded with url: /api/chat (Caused by NewConnectionError('<urllib3.connection.HTTPConnection object at 0x7f7439e12220>: Failed to establish a new connection: [Errno 111] Connection refused'))
Analyzing frame 43/110...
Prompt: Given the scenario shown on the video, you think this situation ends well or poorly? (Use only one word to answer)
Image size: 17216 bytes
Response: Error analyzing image: HTTPConnectionPool(host='localhost', port=11434): Max retries exceeded with url: /api/chat (Caused by NewConnectionError('<urllib3.connection.HTTPConnection object at 0x7f7439de6550>: Failed to establish a new connection: [Errno 111] Connection refused'))
Analyzing frame 44/110...
Prompt: Given the scenario shown on the video, you think this situation ends well or poorly? (Use only one word to answer)
Image size: 17420 bytes
Response: Error analyzing image: HTTPConnectionPool(host='localhost', port=11434): Max retries exceeded with url: /api/chat (Caused by NewConnectionError('<urllib3.connection.HTTPConnection object at 0x7f7439de6b50>: Failed to establish a new connection: [Errno 111] Connection refused'))
Analyzing frame 45/110...
Prompt: Given the scenario shown on the video, you think this situation ends well or poorly? (Use only one word to answer)
Image size: 17648 bytes
Response: Error analyzing image: HTTPConnectionPool(host='localhost', port=11434): Max retries exceeded with url: /api/chat (Caused by NewConnectionError('<urllib3.connection.HTTPConnection object at 0x7f7439e1e520>: Failed to establish a new connection: [Errno 111] Connection refused'))
Analyzing frame 46/110...
Prompt: Given the scenario shown on the video, you think this situation ends well or poorly? (Use only one word to answer)
Image size: 18008 bytes
Response: Error analyzing image: HTTPConnectionPool(host='localhost', port=11434): Max retries exceeded with url: /api/chat (Caused by NewConnectionError('<urllib3.connection.HTTPConnection object at 0x7f7439e1ed90>: Failed to establish a new connection: [Errno 111] Connection refused'))
Analyzing frame 47/110...
Prompt: Given the scenario shown on the video, you think this situation ends well or poorly? (Use only one word to answer)
Image size: 16988 bytes
Response: Error analyzing image: HTTPConnectionPool(host='localhost', port=11434): Max retries exceeded with url: /api/chat (Caused by NewConnectionError('<urllib3.connection.HTTPConnection object at 0x7f7439de6be0>: Failed to establish a new connection: [Errno 111] Connection refused'))
Analyzing frame 48/110...
Prompt: Given the scenario shown on the video, you think this situation ends well or poorly? (Use only one word to answer)
Image size: 16564 bytes
Response: Error analyzing image: HTTPConnectionPool(host='localhost', port=11434): Max retries exceeded with url: /api/chat (Caused by NewConnectionError('<urllib3.connection.HTTPConnection object at 0x7f7439ea5b80>: Failed to establish a new connection: [Errno 111] Connection refused'))
Analyzing frame 49/110...
Prompt: Given the scenario shown on the video, you think this situation ends well or poorly? (Use only one word to answer)
Image size: 15796 bytes
Response: Error analyzing image: HTTPConnectionPool(host='localhost', port=11434): Max retries exceeded with url: /api/chat (Caused by NewConnectionError('<urllib3.connection.HTTPConnection object at 0x7f7439e12a00>: Failed to establish a new connection: [Errno 111] Connection refused'))
Analyzing frame 50/110...
Prompt: Given the scenario shown on the video, you think this situation ends well or poorly? (Use only one word to answer)
Image size: 15264 bytes
Response: Error analyzing image: HTTPConnectionPool(host='localhost', port=11434): Max retries exceeded with url: /api/chat (Caused by NewConnectionError('<urllib3.connection.HTTPConnection object at 0x7f7439e29fd0>: Failed to establish a new connection: [Errno 111] Connection refused'))
Analyzing frame 51/110...
Prompt: Given the scenario shown on the video, you think this situation ends well or poorly? (Use only one word to answer)
Image size: 15112 bytes
Response: Error analyzing image: HTTPConnectionPool(host='localhost', port=11434): Max retries exceeded with url: /api/chat (Caused by NewConnectionError('<urllib3.connection.HTTPConnection object at 0x7f7439e06280>: Failed to establish a new connection: [Errno 111] Connection refused'))
Analyzing frame 52/110...
Prompt: Given the scenario shown on the video, you think this situation ends well or poorly? (Use only one word to answer)
Image size: 14840 bytes
Response: Error analyzing image: HTTPConnectionPool(host='localhost', port=11434): Max retries exceeded with url: /api/chat (Caused by NewConnectionError('<urllib3.connection.HTTPConnection object at 0x7f7439e12100>: Failed to establish a new connection: [Errno 111] Connection refused'))
Analyzing frame 53/110...
Prompt: Given the scenario shown on the video, you think this situation ends well or poorly? (Use only one word to answer)
Image size: 14940 bytes
Response: Error analyzing image: HTTPConnectionPool(host='localhost', port=11434): Max retries exceeded with url: /api/chat (Caused by NewConnectionError('<urllib3.connection.HTTPConnection object at 0x7f7439ea5f40>: Failed to establish a new connection: [Errno 111] Connection refused'))
Analyzing frame 54/110...
Prompt: Given the scenario shown on the video, you think this situation ends well or poorly? (Use only one word to answer)
Image size: 15132 bytes
Response: Error analyzing image: HTTPConnectionPool(host='localhost', port=11434): Max retries exceeded with url: /api/chat (Caused by NewConnectionError('<urllib3.connection.HTTPConnection object at 0x7f7439de6ac0>: Failed to establish a new connection: [Errno 111] Connection refused'))
Analyzing frame 55/110...
Prompt: Given the scenario shown on the video, you think this situation ends well or poorly? (Use only one word to answer)
Image size: 15368 bytes
Response: Error analyzing image: HTTPConnectionPool(host='localhost', port=11434): Max retries exceeded with url: /api/chat (Caused by NewConnectionError('<urllib3.connection.HTTPConnection object at 0x7f7439de6e50>: Failed to establish a new connection: [Errno 111] Connection refused'))
Analyzing frame 56/110...
Prompt: Given the scenario shown on the video, you think this situation ends well or poorly? (Use only one word to answer)
Image size: 15512 bytes
Response: Error analyzing image: HTTPConnectionPool(host='localhost', port=11434): Max retries exceeded with url: /api/chat (Caused by NewConnectionError('<urllib3.connection.HTTPConnection object at 0x7f7439e1e640>: Failed to establish a new connection: [Errno 111] Connection refused'))
Analyzing frame 57/110...
Prompt: Given the scenario shown on the video, you think this situation ends well or poorly? (Use only one word to answer)
Image size: 16236 bytes
Response: Error analyzing image: HTTPConnectionPool(host='localhost', port=11434): Max retries exceeded with url: /api/chat (Caused by NewConnectionError('<urllib3.connection.HTTPConnection object at 0x7f7439e1ed60>: Failed to establish a new connection: [Errno 111] Connection refused'))
Analyzing frame 58/110...
Prompt: Given the scenario shown on the video, you think this situation ends well or poorly? (Use only one word to answer)
Image size: 16396 bytes
Response: Error analyzing image: HTTPConnectionPool(host='localhost', port=11434): Max retries exceeded with url: /api/chat (Caused by NewConnectionError('<urllib3.connection.HTTPConnection object at 0x7f7439de6ee0>: Failed to establish a new connection: [Errno 111] Connection refused'))
Analyzing frame 59/110...
Prompt: Given the scenario shown on the video, you think this situation ends well or poorly? (Use only one word to answer)
Image size: 16620 bytes
Response: Error analyzing image: HTTPConnectionPool(host='localhost', port=11434): Max retries exceeded with url: /api/chat (Caused by NewConnectionError('<urllib3.connection.HTTPConnection object at 0x7f7439de6fd0>: Failed to establish a new connection: [Errno 111] Connection refused'))
Analyzing frame 60/110...
Prompt: Given the scenario shown on the video, you think this situation ends well or poorly? (Use only one word to answer)
Image size: 16848 bytes
Response: Error analyzing image: HTTPConnectionPool(host='localhost', port=11434): Max retries exceeded with url: /api/chat (Caused by NewConnectionError('<urllib3.connection.HTTPConnection object at 0x7f7439dfddf0>: Failed to establish a new connection: [Errno 111] Connection refused'))
Analyzing frame 61/110...
Prompt: Given the scenario shown on the video, you think this situation ends well or poorly? (Use only one word to answer)
Image size: 17356 bytes
Response: Error analyzing image: HTTPConnectionPool(host='localhost', port=11434): Max retries exceeded with url: /api/chat (Caused by NewConnectionError('<urllib3.connection.HTTPConnection object at 0x7f7439e12550>: Failed to establish a new connection: [Errno 111] Connection refused'))
Analyzing frame 62/110...
Prompt: Given the scenario shown on the video, you think this situation ends well or poorly? (Use only one word to answer)
Image size: 18024 bytes
Response: Error analyzing image: HTTPConnectionPool(host='localhost', port=11434): Max retries exceeded with url: /api/chat (Caused by NewConnectionError('<urllib3.connection.HTTPConnection object at 0x7f7439dd42e0>: Failed to establish a new connection: [Errno 111] Connection refused'))
Analyzing frame 63/110...
Prompt: Given the scenario shown on the video, you think this situation ends well or poorly? (Use only one word to answer)
Image size: 18832 bytes
Response: Error analyzing image: HTTPConnectionPool(host='localhost', port=11434): Max retries exceeded with url: /api/chat (Caused by NewConnectionError('<urllib3.connection.HTTPConnection object at 0x7f7439e12220>: Failed to establish a new connection: [Errno 111] Connection refused'))
Analyzing frame 64/110...
Prompt: Given the scenario shown on the video, you think this situation ends well or poorly? (Use only one word to answer)
Image size: 19304 bytes
Response: Error analyzing image: HTTPConnectionPool(host='localhost', port=11434): Max retries exceeded with url: /api/chat (Caused by NewConnectionError('<urllib3.connection.HTTPConnection object at 0x7f7439de6c70>: Failed to establish a new connection: [Errno 111] Connection refused'))
Analyzing frame 65/110...
Prompt: Given the scenario shown on the video, you think this situation ends well or poorly? (Use only one word to answer)
Image size: 19692 bytes
Response: Error analyzing image: HTTPConnectionPool(host='localhost', port=11434): Max retries exceeded with url: /api/chat (Caused by NewConnectionError('<urllib3.connection.HTTPConnection object at 0x7f7439de66a0>: Failed to establish a new connection: [Errno 111] Connection refused'))
Analyzing frame 66/110...
Prompt: Given the scenario shown on the video, you think this situation ends well or poorly? (Use only one word to answer)
Image size: 20084 bytes
Response: Error analyzing image: HTTPConnectionPool(host='localhost', port=11434): Max retries exceeded with url: /api/chat (Caused by NewConnectionError('<urllib3.connection.HTTPConnection object at 0x7f7439e1e280>: Failed to establish a new connection: [Errno 111] Connection refused'))
Analyzing frame 67/110...
Prompt: Given the scenario shown on the video, you think this situation ends well or poorly? (Use only one word to answer)
Image size: 19968 bytes
Response: Error analyzing image: HTTPConnectionPool(host='localhost', port=11434): Max retries exceeded with url: /api/chat (Caused by NewConnectionError('<urllib3.connection.HTTPConnection object at 0x7f7439dd40d0>: Failed to establish a new connection: [Errno 111] Connection refused'))
Analyzing frame 68/110...
Prompt: Given the scenario shown on the video, you think this situation ends well or poorly? (Use only one word to answer)
Image size: 19600 bytes
Response: Error analyzing image: HTTPConnectionPool(host='localhost', port=11434): Max retries exceeded with url: /api/chat (Caused by NewConnectionError('<urllib3.connection.HTTPConnection object at 0x7f7439dd4160>: Failed to establish a new connection: [Errno 111] Connection refused'))
Analyzing frame 69/110...
Prompt: Given the scenario shown on the video, you think this situation ends well or poorly? (Use only one word to answer)
Image size: 18876 bytes
Response: Error analyzing image: HTTPConnectionPool(host='localhost', port=11434): Max retries exceeded with url: /api/chat (Caused by NewConnectionError('<urllib3.connection.HTTPConnection object at 0x7f7439e1ea30>: Failed to establish a new connection: [Errno 111] Connection refused'))
Analyzing frame 70/110...
Prompt: Given the scenario shown on the video, you think this situation ends well or poorly? (Use only one word to answer)
Image size: 18228 bytes
Response: Error analyzing image: HTTPConnectionPool(host='localhost', port=11434): Max retries exceeded with url: /api/chat (Caused by NewConnectionError('<urllib3.connection.HTTPConnection object at 0x7f7439de6700>: Failed to establish a new connection: [Errno 111] Connection refused'))
Analyzing frame 71/110...
Prompt: Given the scenario shown on the video, you think this situation ends well or poorly? (Use only one word to answer)
Image size: 18060 bytes
Response: Error analyzing image: HTTPConnectionPool(host='localhost', port=11434): Max retries exceeded with url: /api/chat (Caused by NewConnectionError('<urllib3.connection.HTTPConnection object at 0x7f7439ea56d0>: Failed to establish a new connection: [Errno 111] Connection refused'))
Analyzing frame 72/110...
Prompt: Given the scenario shown on the video, you think this situation ends well or poorly? (Use only one word to answer)
Image size: 18048 bytes
Response: Error analyzing image: HTTPConnectionPool(host='localhost', port=11434): Max retries exceeded with url: /api/chat (Caused by NewConnectionError('<urllib3.connection.HTTPConnection object at 0x7f7439e12c40>: Failed to establish a new connection: [Errno 111] Connection refused'))
Analyzing frame 73/110...
Prompt: Given the scenario shown on the video, you think this situation ends well or poorly? (Use only one word to answer)
Image size: 17844 bytes
Response: Error analyzing image: HTTPConnectionPool(host='localhost', port=11434): Max retries exceeded with url: /api/chat (Caused by NewConnectionError('<urllib3.connection.HTTPConnection object at 0x7f7439d93370>: Failed to establish a new connection: [Errno 111] Connection refused'))
Analyzing frame 74/110...
Prompt: Given the scenario shown on the video, you think this situation ends well or poorly? (Use only one word to answer)
Image size: 17276 bytes
Response: Error analyzing image: HTTPConnectionPool(host='localhost', port=11434): Max retries exceeded with url: /api/chat (Caused by NewConnectionError('<urllib3.connection.HTTPConnection object at 0x7f7439de6100>: Failed to establish a new connection: [Errno 111] Connection refused'))
Analyzing frame 75/110...
Prompt: Given the scenario shown on the video, you think this situation ends well or poorly? (Use only one word to answer)
Image size: 17328 bytes
Response: Error analyzing image: HTTPConnectionPool(host='localhost', port=11434): Max retries exceeded with url: /api/chat (Caused by NewConnectionError('<urllib3.connection.HTTPConnection object at 0x7f7439dd4d00>: Failed to establish a new connection: [Errno 111] Connection refused'))
Analyzing frame 76/110...
Prompt: Given the scenario shown on the video, you think this situation ends well or poorly? (Use only one word to answer)
Image size: 17664 bytes
Response: Error analyzing image: HTTPConnectionPool(host='localhost', port=11434): Max retries exceeded with url: /api/chat (Caused by NewConnectionError('<urllib3.connection.HTTPConnection object at 0x7f7439dd4e80>: Failed to establish a new connection: [Errno 111] Connection refused'))
Analyzing frame 77/110...
Prompt: Given the scenario shown on the video, you think this situation ends well or poorly? (Use only one word to answer)
Image size: 17672 bytes
Response: Error analyzing image: HTTPConnectionPool(host='localhost', port=11434): Max retries exceeded with url: /api/chat (Caused by NewConnectionError('<urllib3.connection.HTTPConnection object at 0x7f7439e29460>: Failed to establish a new connection: [Errno 111] Connection refused'))
Analyzing frame 78/110...
Prompt: Given the scenario shown on the video, you think this situation ends well or poorly? (Use only one word to answer)
Image size: 17932 bytes
Response: Error analyzing image: HTTPConnectionPool(host='localhost', port=11434): Max retries exceeded with url: /api/chat (Caused by NewConnectionError('<urllib3.connection.HTTPConnection object at 0x7f7439e1ef70>: Failed to establish a new connection: [Errno 111] Connection refused'))
Analyzing frame 79/110...
Prompt: Given the scenario shown on the video, you think this situation ends well or poorly? (Use only one word to answer)
Image size: 18112 bytes
Response: Error analyzing image: HTTPConnectionPool(host='localhost', port=11434): Max retries exceeded with url: /api/chat (Caused by NewConnectionError('<urllib3.connection.HTTPConnection object at 0x7f7439e29dc0>: Failed to establish a new connection: [Errno 111] Connection refused'))
Analyzing frame 80/110...
Prompt: Given the scenario shown on the video, you think this situation ends well or poorly? (Use only one word to answer)
Image size: 17956 bytes
Response: Error analyzing image: HTTPConnectionPool(host='localhost', port=11434): Max retries exceeded with url: /api/chat (Caused by NewConnectionError('<urllib3.connection.HTTPConnection object at 0x7f7439e06700>: Failed to establish a new connection: [Errno 111] Connection refused'))
Analyzing frame 81/110...
Prompt: Given the scenario shown on the video, you think this situation ends well or poorly? (Use only one word to answer)
Image size: 17968 bytes
Response: Error analyzing image: HTTPConnectionPool(host='localhost', port=11434): Max retries exceeded with url: /api/chat (Caused by NewConnectionError('<urllib3.connection.HTTPConnection object at 0x7f7439dd43d0>: Failed to establish a new connection: [Errno 111] Connection refused'))
Analyzing frame 82/110...
Prompt: Given the scenario shown on the video, you think this situation ends well or poorly? (Use only one word to answer)
Image size: 17972 bytes
Response: Error analyzing image: HTTPConnectionPool(host='localhost', port=11434): Max retries exceeded with url: /api/chat (Caused by NewConnectionError('<urllib3.connection.HTTPConnection object at 0x7f7439de60d0>: Failed to establish a new connection: [Errno 111] Connection refused'))
Analyzing frame 83/110...
Prompt: Given the scenario shown on the video, you think this situation ends well or poorly? (Use only one word to answer)
Image size: 17964 bytes
Response: Error analyzing image: HTTPConnectionPool(host='localhost', port=11434): Max retries exceeded with url: /api/chat (Caused by NewConnectionError('<urllib3.connection.HTTPConnection object at 0x7f7439de6e80>: Failed to establish a new connection: [Errno 111] Connection refused'))
Analyzing frame 84/110...
Prompt: Given the scenario shown on the video, you think this situation ends well or poorly? (Use only one word to answer)
Image size: 17972 bytes
Response: Error analyzing image: HTTPConnectionPool(host='localhost', port=11434): Max retries exceeded with url: /api/chat (Caused by NewConnectionError('<urllib3.connection.HTTPConnection object at 0x7f7439e1ea60>: Failed to establish a new connection: [Errno 111] Connection refused'))
Analyzing frame 85/110...
Prompt: Given the scenario shown on the video, you think this situation ends well or poorly? (Use only one word to answer)
Image size: 18004 bytes
Response: Error analyzing image: HTTPConnectionPool(host='localhost', port=11434): Max retries exceeded with url: /api/chat (Caused by NewConnectionError('<urllib3.connection.HTTPConnection object at 0x7f7439de6130>: Failed to establish a new connection: [Errno 111] Connection refused'))
Analyzing frame 86/110...
Prompt: Given the scenario shown on the video, you think this situation ends well or poorly? (Use only one word to answer)
Image size: 17972 bytes
Response: Error analyzing image: HTTPConnectionPool(host='localhost', port=11434): Max retries exceeded with url: /api/chat (Caused by NewConnectionError('<urllib3.connection.HTTPConnection object at 0x7f7439dd4220>: Failed to establish a new connection: [Errno 111] Connection refused'))
Analyzing frame 87/110...
Prompt: Given the scenario shown on the video, you think this situation ends well or poorly? (Use only one word to answer)
Image size: 17996 bytes
Response: Error analyzing image: HTTPConnectionPool(host='localhost', port=11434): Max retries exceeded with url: /api/chat (Caused by NewConnectionError('<urllib3.connection.HTTPConnection object at 0x7f7439e06e50>: Failed to establish a new connection: [Errno 111] Connection refused'))
Analyzing frame 88/110...
Prompt: Given the scenario shown on the video, you think this situation ends well or poorly? (Use only one word to answer)
Image size: 17976 bytes
Response: Error analyzing image: HTTPConnectionPool(host='localhost', port=11434): Max retries exceeded with url: /api/chat (Caused by NewConnectionError('<urllib3.connection.HTTPConnection object at 0x7f7439e29b50>: Failed to establish a new connection: [Errno 111] Connection refused'))
Analyzing frame 89/110...
Prompt: Given the scenario shown on the video, you think this situation ends well or poorly? (Use only one word to answer)
Image size: 17980 bytes
Response: Error analyzing image: HTTPConnectionPool(host='localhost', port=11434): Max retries exceeded with url: /api/chat (Caused by NewConnectionError('<urllib3.connection.HTTPConnection object at 0x7f7439e1e190>: Failed to establish a new connection: [Errno 111] Connection refused'))
Analyzing frame 90/110...
Prompt: Given the scenario shown on the video, you think this situation ends well or poorly? (Use only one word to answer)
Image size: 17980 bytes
Response: Error analyzing image: HTTPConnectionPool(host='localhost', port=11434): Max retries exceeded with url: /api/chat (Caused by NewConnectionError('<urllib3.connection.HTTPConnection object at 0x7f7439e1ee20>: Failed to establish a new connection: [Errno 111] Connection refused'))
Analyzing frame 91/110...
Prompt: Given the scenario shown on the video, you think this situation ends well or poorly? (Use only one word to answer)
Image size: 17996 bytes
Response: Error analyzing image: HTTPConnectionPool(host='localhost', port=11434): Max retries exceeded with url: /api/chat (Caused by NewConnectionError('<urllib3.connection.HTTPConnection object at 0x7f7439e29a30>: Failed to establish a new connection: [Errno 111] Connection refused'))
Analyzing frame 92/110...
Prompt: Given the scenario shown on the video, you think this situation ends well or poorly? (Use only one word to answer)
Image size: 17980 bytes
Response: Error analyzing image: HTTPConnectionPool(host='localhost', port=11434): Max retries exceeded with url: /api/chat (Caused by NewConnectionError('<urllib3.connection.HTTPConnection object at 0x7f7439dd4490>: Failed to establish a new connection: [Errno 111] Connection refused'))
Analyzing frame 93/110...
Prompt: Given the scenario shown on the video, you think this situation ends well or poorly? (Use only one word to answer)
Image size: 17980 bytes
Response: Error analyzing image: HTTPConnectionPool(host='localhost', port=11434): Max retries exceeded with url: /api/chat (Caused by NewConnectionError('<urllib3.connection.HTTPConnection object at 0x7f7439dd49d0>: Failed to establish a new connection: [Errno 111] Connection refused'))
Analyzing frame 94/110...
Prompt: Given the scenario shown on the video, you think this situation ends well or poorly? (Use only one word to answer)
Image size: 17980 bytes
Response: Error analyzing image: HTTPConnectionPool(host='localhost', port=11434): Max retries exceeded with url: /api/chat (Caused by NewConnectionError('<urllib3.connection.HTTPConnection object at 0x7f7439de6f40>: Failed to establish a new connection: [Errno 111] Connection refused'))
Analyzing frame 95/110...
Prompt: Given the scenario shown on the video, you think this situation ends well or poorly? (Use only one word to answer)
Image size: 17996 bytes
Response: Error analyzing image: HTTPConnectionPool(host='localhost', port=11434): Max retries exceeded with url: /api/chat (Caused by NewConnectionError('<urllib3.connection.HTTPConnection object at 0x7f7439e12c70>: Failed to establish a new connection: [Errno 111] Connection refused'))
Analyzing frame 96/110...
Prompt: Given the scenario shown on the video, you think this situation ends well or poorly? (Use only one word to answer)
Image size: 17980 bytes
Response: Error analyzing image: HTTPConnectionPool(host='localhost', port=11434): Max retries exceeded with url: /api/chat (Caused by NewConnectionError('<urllib3.connection.HTTPConnection object at 0x7f7439de60d0>: Failed to establish a new connection: [Errno 111] Connection refused'))
Analyzing frame 97/110...
Prompt: Given the scenario shown on the video, you think this situation ends well or poorly? (Use only one word to answer)
Image size: 17980 bytes
Response: Error analyzing image: HTTPConnectionPool(host='localhost', port=11434): Max retries exceeded with url: /api/chat (Caused by NewConnectionError('<urllib3.connection.HTTPConnection object at 0x7f7439dd4550>: Failed to establish a new connection: [Errno 111] Connection refused'))
Analyzing frame 98/110...
Prompt: Given the scenario shown on the video, you think this situation ends well or poorly? (Use only one word to answer)
Image size: 18000 bytes
Response: Error analyzing image: HTTPConnectionPool(host='localhost', port=11434): Max retries exceeded with url: /api/chat (Caused by NewConnectionError('<urllib3.connection.HTTPConnection object at 0x7f7439e06670>: Failed to establish a new connection: [Errno 111] Connection refused'))
Analyzing frame 99/110...
Prompt: Given the scenario shown on the video, you think this situation ends well or poorly? (Use only one word to answer)
Image size: 17992 bytes
Response: Error analyzing image: HTTPConnectionPool(host='localhost', port=11434): Max retries exceeded with url: /api/chat (Caused by NewConnectionError('<urllib3.connection.HTTPConnection object at 0x7f7439e29af0>: Failed to establish a new connection: [Errno 111] Connection refused'))
Analyzing frame 100/110...
Prompt: Given the scenario shown on the video, you think this situation ends well or poorly? (Use only one word to answer)
Image size: 17992 bytes
Response: Error analyzing image: HTTPConnectionPool(host='localhost', port=11434): Max retries exceeded with url: /api/chat (Caused by NewConnectionError('<urllib3.connection.HTTPConnection object at 0x7f7439e1ef40>: Failed to establish a new connection: [Errno 111] Connection refused'))
Analyzing frame 101/110...
Prompt: Given the scenario shown on the video, you think this situation ends well or poorly? (Use only one word to answer)
Image size: 18012 bytes
Response: Error analyzing image: HTTPConnectionPool(host='localhost', port=11434): Max retries exceeded with url: /api/chat (Caused by NewConnectionError('<urllib3.connection.HTTPConnection object at 0x7f7439e1e490>: Failed to establish a new connection: [Errno 111] Connection refused'))
Analyzing frame 102/110...
Prompt: Given the scenario shown on the video, you think this situation ends well or poorly? (Use only one word to answer)
Image size: 17988 bytes
Response: Error analyzing image: HTTPConnectionPool(host='localhost', port=11434): Max retries exceeded with url: /api/chat (Caused by NewConnectionError('<urllib3.connection.HTTPConnection object at 0x7f7439e29310>: Failed to establish a new connection: [Errno 111] Connection refused'))
Analyzing frame 103/110...
Prompt: Given the scenario shown on the video, you think this situation ends well or poorly? (Use only one word to answer)
Image size: 17996 bytes
Response: Error analyzing image: HTTPConnectionPool(host='localhost', port=11434): Max retries exceeded with url: /api/chat (Caused by NewConnectionError('<urllib3.connection.HTTPConnection object at 0x7f7439e06490>: Failed to establish a new connection: [Errno 111] Connection refused'))
Analyzing frame 104/110...
Prompt: Given the scenario shown on the video, you think this situation ends well or poorly? (Use only one word to answer)
Image size: 18020 bytes
Response: Error analyzing image: HTTPConnectionPool(host='localhost', port=11434): Max retries exceeded with url: /api/chat (Caused by NewConnectionError('<urllib3.connection.HTTPConnection object at 0x7f7439dd4b50>: Failed to establish a new connection: [Errno 111] Connection refused'))
Analyzing frame 105/110...
Prompt: Given the scenario shown on the video, you think this situation ends well or poorly? (Use only one word to answer)
Image size: 18020 bytes
Response: Error analyzing image: HTTPConnectionPool(host='localhost', port=11434): Max retries exceeded with url: /api/chat (Caused by NewConnectionError('<urllib3.connection.HTTPConnection object at 0x7f7439de6580>: Failed to establish a new connection: [Errno 111] Connection refused'))
Analyzing frame 106/110...
Prompt: Given the scenario shown on the video, you think this situation ends well or poorly? (Use only one word to answer)
Image size: 17988 bytes
Response: Error analyzing image: HTTPConnectionPool(host='localhost', port=11434): Max retries exceeded with url: /api/chat (Caused by NewConnectionError('<urllib3.connection.HTTPConnection object at 0x7f7439ea54c0>: Failed to establish a new connection: [Errno 111] Connection refused'))
Analyzing frame 107/110...
Prompt: Given the scenario shown on the video, you think this situation ends well or poorly? (Use only one word to answer)
Image size: 17988 bytes
Response: Error analyzing image: HTTPConnectionPool(host='localhost', port=11434): Max retries exceeded with url: /api/chat (Caused by NewConnectionError('<urllib3.connection.HTTPConnection object at 0x7f7439dd4400>: Failed to establish a new connection: [Errno 111] Connection refused'))
Analyzing frame 108/110...
Prompt: Given the scenario shown on the video, you think this situation ends well or poorly? (Use only one word to answer)
Image size: 17988 bytes
Response: Error analyzing image: HTTPConnectionPool(host='localhost', port=11434): Max retries exceeded with url: /api/chat (Caused by NewConnectionError('<urllib3.connection.HTTPConnection object at 0x7f7439e06250>: Failed to establish a new connection: [Errno 111] Connection refused'))
Analyzing frame 109/110...
Prompt: Given the scenario shown on the video, you think this situation ends well or poorly? (Use only one word to answer)
Image size: 17988 bytes
Response: Error analyzing image: HTTPConnectionPool(host='localhost', port=11434): Max retries exceeded with url: /api/chat (Caused by NewConnectionError('<urllib3.connection.HTTPConnection object at 0x7f7439e29910>: Failed to establish a new connection: [Errno 111] Connection refused'))
Analyzing frame 110/110...
Prompt: Given the scenario shown on the video, you think this situation ends well or poorly? (Use only one word to answer)
Image size: 17988 bytes
Response: Error analyzing image: HTTPConnectionPool(host='localhost', port=11434): Max retries exceeded with url: /api/chat (Caused by NewConnectionError('<urllib3.connection.HTTPConnection object at 0x7f7439e1e460>: Failed to establish a new connection: [Errno 111] Connection refused'))
Final prediction for 21_final.mp4: Error analyzing image: HTTPConnectionPool(host='localhost', port=11434): Max retries exceeded with url: /api/chat (Caused by NewConnectionError('<urllib3.connection.HTTPConnection object at 0x7f7439de60d0>: Failed to establish a new connection: [Errno 111] Connection refused'))

Results saved to ./results/results_gemma3_promptA.csv
Total videos processed: 618

==================================================
Processing video 7/30

Processing video: 22_final.mp4
Video info: 206 frames, 30.00 FPS, 6.87 seconds
Extracted 69 frames for analysis
Analyzing frame 1/69...
Prompt: Given the scenario shown on the video, you think this situation ends well or poorly? (Use only one word to answer)
Image size: 17840 bytes
Response: Error analyzing image: HTTPConnectionPool(host='localhost', port=11434): Max retries exceeded with url: /api/chat (Caused by NewConnectionError('<urllib3.connection.HTTPConnection object at 0x7f7439e1e100>: Failed to establish a new connection: [Errno 111] Connection refused'))
Analyzing frame 2/69...
Prompt: Given the scenario shown on the video, you think this situation ends well or poorly? (Use only one word to answer)
Image size: 17828 bytes
Response: Error analyzing image: HTTPConnectionPool(host='localhost', port=11434): Max retries exceeded with url: /api/chat (Caused by NewConnectionError('<urllib3.connection.HTTPConnection object at 0x7f7439e29ca0>: Failed to establish a new connection: [Errno 111] Connection refused'))
Analyzing frame 3/69...
Prompt: Given the scenario shown on the video, you think this situation ends well or poorly? (Use only one word to answer)
Image size: 17936 bytes
Response: Error analyzing image: HTTPConnectionPool(host='localhost', port=11434): Max retries exceeded with url: /api/chat (Caused by NewConnectionError('<urllib3.connection.HTTPConnection object at 0x7f7439dd4970>: Failed to establish a new connection: [Errno 111] Connection refused'))
Analyzing frame 4/69...
Prompt: Given the scenario shown on the video, you think this situation ends well or poorly? (Use only one word to answer)
Image size: 17920 bytes
Response: Error analyzing image: HTTPConnectionPool(host='localhost', port=11434): Max retries exceeded with url: /api/chat (Caused by NewConnectionError('<urllib3.connection.HTTPConnection object at 0x7f7439dd4c70>: Failed to establish a new connection: [Errno 111] Connection refused'))
Analyzing frame 5/69...
Prompt: Given the scenario shown on the video, you think this situation ends well or poorly? (Use only one word to answer)
Image size: 17916 bytes
Response: Error analyzing image: HTTPConnectionPool(host='localhost', port=11434): Max retries exceeded with url: /api/chat (Caused by NewConnectionError('<urllib3.connection.HTTPConnection object at 0x7f7439ea5700>: Failed to establish a new connection: [Errno 111] Connection refused'))
Analyzing frame 6/69...
Prompt: Given the scenario shown on the video, you think this situation ends well or poorly? (Use only one word to answer)
Image size: 17744 bytes
Response: Error analyzing image: HTTPConnectionPool(host='localhost', port=11434): Max retries exceeded with url: /api/chat (Caused by NewConnectionError('<urllib3.connection.HTTPConnection object at 0x7f7439dfdc70>: Failed to establish a new connection: [Errno 111] Connection refused'))
Analyzing frame 7/69...
Prompt: Given the scenario shown on the video, you think this situation ends well or poorly? (Use only one word to answer)
Image size: 17708 bytes
Response: Error analyzing image: HTTPConnectionPool(host='localhost', port=11434): Max retries exceeded with url: /api/chat (Caused by NewConnectionError('<urllib3.connection.HTTPConnection object at 0x7f7439dd4dc0>: Failed to establish a new connection: [Errno 111] Connection refused'))
Analyzing frame 8/69...
Prompt: Given the scenario shown on the video, you think this situation ends well or poorly? (Use only one word to answer)
Image size: 17760 bytes
Response: Error analyzing image: HTTPConnectionPool(host='localhost', port=11434): Max retries exceeded with url: /api/chat (Caused by NewConnectionError('<urllib3.connection.HTTPConnection object at 0x7f7439dd4610>: Failed to establish a new connection: [Errno 111] Connection refused'))
Analyzing frame 9/69...
Prompt: Given the scenario shown on the video, you think this situation ends well or poorly? (Use only one word to answer)
Image size: 17768 bytes
Response: Error analyzing image: HTTPConnectionPool(host='localhost', port=11434): Max retries exceeded with url: /api/chat (Caused by NewConnectionError('<urllib3.connection.HTTPConnection object at 0x7f7439e29d30>: Failed to establish a new connection: [Errno 111] Connection refused'))
Analyzing frame 10/69...
Prompt: Given the scenario shown on the video, you think this situation ends well or poorly? (Use only one word to answer)
Image size: 17780 bytes
Response: Error analyzing image: HTTPConnectionPool(host='localhost', port=11434): Max retries exceeded with url: /api/chat (Caused by NewConnectionError('<urllib3.connection.HTTPConnection object at 0x7f7439e12be0>: Failed to establish a new connection: [Errno 111] Connection refused'))
Analyzing frame 11/69...
Prompt: Given the scenario shown on the video, you think this situation ends well or poorly? (Use only one word to answer)
Image size: 17764 bytes
Response: Error analyzing image: HTTPConnectionPool(host='localhost', port=11434): Max retries exceeded with url: /api/chat (Caused by NewConnectionError('<urllib3.connection.HTTPConnection object at 0x7f7439ea5dc0>: Failed to establish a new connection: [Errno 111] Connection refused'))
Analyzing frame 12/69...
Prompt: Given the scenario shown on the video, you think this situation ends well or poorly? (Use only one word to answer)
Image size: 17728 bytes
Response: Error analyzing image: HTTPConnectionPool(host='localhost', port=11434): Max retries exceeded with url: /api/chat (Caused by NewConnectionError('<urllib3.connection.HTTPConnection object at 0x7f7439dfd1f0>: Failed to establish a new connection: [Errno 111] Connection refused'))
Analyzing frame 13/69...
Prompt: Given the scenario shown on the video, you think this situation ends well or poorly? (Use only one word to answer)
Image size: 17900 bytes
Response: Error analyzing image: HTTPConnectionPool(host='localhost', port=11434): Max retries exceeded with url: /api/chat (Caused by NewConnectionError('<urllib3.connection.HTTPConnection object at 0x7f7439e29550>: Failed to establish a new connection: [Errno 111] Connection refused'))
Analyzing frame 14/69...
Prompt: Given the scenario shown on the video, you think this situation ends well or poorly? (Use only one word to answer)
Image size: 17832 bytes
Response: Error analyzing image: HTTPConnectionPool(host='localhost', port=11434): Max retries exceeded with url: /api/chat (Caused by NewConnectionError('<urllib3.connection.HTTPConnection object at 0x7f7439ea5370>: Failed to establish a new connection: [Errno 111] Connection refused'))
Analyzing frame 15/69...
Prompt: Given the scenario shown on the video, you think this situation ends well or poorly? (Use only one word to answer)
Image size: 17872 bytes
Response: Error analyzing image: HTTPConnectionPool(host='localhost', port=11434): Max retries exceeded with url: /api/chat (Caused by NewConnectionError('<urllib3.connection.HTTPConnection object at 0x7f7439dd4400>: Failed to establish a new connection: [Errno 111] Connection refused'))
Analyzing frame 16/69...
Prompt: Given the scenario shown on the video, you think this situation ends well or poorly? (Use only one word to answer)
Image size: 17904 bytes
Response: Error analyzing image: HTTPConnectionPool(host='localhost', port=11434): Max retries exceeded with url: /api/chat (Caused by NewConnectionError('<urllib3.connection.HTTPConnection object at 0x7f7439dd48b0>: Failed to establish a new connection: [Errno 111] Connection refused'))
Analyzing frame 17/69...
Prompt: Given the scenario shown on the video, you think this situation ends well or poorly? (Use only one word to answer)
Image size: 17924 bytes
Response: Error analyzing image: HTTPConnectionPool(host='localhost', port=11434): Max retries exceeded with url: /api/chat (Caused by NewConnectionError('<urllib3.connection.HTTPConnection object at 0x7f7439dfddc0>: Failed to establish a new connection: [Errno 111] Connection refused'))
Analyzing frame 18/69...
Prompt: Given the scenario shown on the video, you think this situation ends well or poorly? (Use only one word to answer)
Image size: 17824 bytes
Response: Error analyzing image: HTTPConnectionPool(host='localhost', port=11434): Max retries exceeded with url: /api/chat (Caused by NewConnectionError('<urllib3.connection.HTTPConnection object at 0x7f7439de6490>: Failed to establish a new connection: [Errno 111] Connection refused'))
Analyzing frame 19/69...
Prompt: Given the scenario shown on the video, you think this situation ends well or poorly? (Use only one word to answer)
Image size: 17900 bytes
Response: Error analyzing image: HTTPConnectionPool(host='localhost', port=11434): Max retries exceeded with url: /api/chat (Caused by NewConnectionError('<urllib3.connection.HTTPConnection object at 0x7f7439dd4880>: Failed to establish a new connection: [Errno 111] Connection refused'))
Analyzing frame 20/69...
Prompt: Given the scenario shown on the video, you think this situation ends well or poorly? (Use only one word to answer)
Image size: 17784 bytes
Response: Error analyzing image: HTTPConnectionPool(host='localhost', port=11434): Max retries exceeded with url: /api/chat (Caused by NewConnectionError('<urllib3.connection.HTTPConnection object at 0x7f7439ea5940>: Failed to establish a new connection: [Errno 111] Connection refused'))
Analyzing frame 21/69...
Prompt: Given the scenario shown on the video, you think this situation ends well or poorly? (Use only one word to answer)
Image size: 17872 bytes
Response: Error analyzing image: HTTPConnectionPool(host='localhost', port=11434): Max retries exceeded with url: /api/chat (Caused by NewConnectionError('<urllib3.connection.HTTPConnection object at 0x7f7439e29e20>: Failed to establish a new connection: [Errno 111] Connection refused'))
Analyzing frame 22/69...
Prompt: Given the scenario shown on the video, you think this situation ends well or poorly? (Use only one word to answer)
Image size: 17796 bytes
Response: Error analyzing image: HTTPConnectionPool(host='localhost', port=11434): Max retries exceeded with url: /api/chat (Caused by NewConnectionError('<urllib3.connection.HTTPConnection object at 0x7f7439e12a00>: Failed to establish a new connection: [Errno 111] Connection refused'))
Analyzing frame 23/69...
Prompt: Given the scenario shown on the video, you think this situation ends well or poorly? (Use only one word to answer)
Image size: 17892 bytes
Response: Error analyzing image: HTTPConnectionPool(host='localhost', port=11434): Max retries exceeded with url: /api/chat (Caused by NewConnectionError('<urllib3.connection.HTTPConnection object at 0x7f7439dfd160>: Failed to establish a new connection: [Errno 111] Connection refused'))
Analyzing frame 24/69...
Prompt: Given the scenario shown on the video, you think this situation ends well or poorly? (Use only one word to answer)
Image size: 18012 bytes
Response: Error analyzing image: HTTPConnectionPool(host='localhost', port=11434): Max retries exceeded with url: /api/chat (Caused by NewConnectionError('<urllib3.connection.HTTPConnection object at 0x7f7439e29d30>: Failed to establish a new connection: [Errno 111] Connection refused'))
Analyzing frame 25/69...
Prompt: Given the scenario shown on the video, you think this situation ends well or poorly? (Use only one word to answer)
Image size: 18324 bytes
Response: Error analyzing image: HTTPConnectionPool(host='localhost', port=11434): Max retries exceeded with url: /api/chat (Caused by NewConnectionError('<urllib3.connection.HTTPConnection object at 0x7f7439ea5d60>: Failed to establish a new connection: [Errno 111] Connection refused'))
Analyzing frame 26/69...
Prompt: Given the scenario shown on the video, you think this situation ends well or poorly? (Use only one word to answer)
Image size: 18224 bytes
Response: Error analyzing image: HTTPConnectionPool(host='localhost', port=11434): Max retries exceeded with url: /api/chat (Caused by NewConnectionError('<urllib3.connection.HTTPConnection object at 0x7f7439dd4670>: Failed to establish a new connection: [Errno 111] Connection refused'))
Analyzing frame 27/69...
Prompt: Given the scenario shown on the video, you think this situation ends well or poorly? (Use only one word to answer)
Image size: 18344 bytes
Response: Error analyzing image: HTTPConnectionPool(host='localhost', port=11434): Max retries exceeded with url: /api/chat (Caused by NewConnectionError('<urllib3.connection.HTTPConnection object at 0x7f7439dd4df0>: Failed to establish a new connection: [Errno 111] Connection refused'))
Analyzing frame 28/69...
Prompt: Given the scenario shown on the video, you think this situation ends well or poorly? (Use only one word to answer)
Image size: 18204 bytes
Response: Error analyzing image: HTTPConnectionPool(host='localhost', port=11434): Max retries exceeded with url: /api/chat (Caused by NewConnectionError('<urllib3.connection.HTTPConnection object at 0x7f7439de6670>: Failed to establish a new connection: [Errno 111] Connection refused'))
Analyzing frame 29/69...
Prompt: Given the scenario shown on the video, you think this situation ends well or poorly? (Use only one word to answer)
Image size: 18040 bytes
Response: Error analyzing image: HTTPConnectionPool(host='localhost', port=11434): Max retries exceeded with url: /api/chat (Caused by NewConnectionError('<urllib3.connection.HTTPConnection object at 0x7f7439e06af0>: Failed to establish a new connection: [Errno 111] Connection refused'))
Analyzing frame 30/69...
Prompt: Given the scenario shown on the video, you think this situation ends well or poorly? (Use only one word to answer)
Image size: 18092 bytes
Response: Error analyzing image: HTTPConnectionPool(host='localhost', port=11434): Max retries exceeded with url: /api/chat (Caused by NewConnectionError('<urllib3.connection.HTTPConnection object at 0x7f7439e29940>: Failed to establish a new connection: [Errno 111] Connection refused'))
Analyzing frame 31/69...
Prompt: Given the scenario shown on the video, you think this situation ends well or poorly? (Use only one word to answer)
Image size: 18196 bytes
Response: Error analyzing image: HTTPConnectionPool(host='localhost', port=11434): Max retries exceeded with url: /api/chat (Caused by NewConnectionError('<urllib3.connection.HTTPConnection object at 0x7f7439dfdee0>: Failed to establish a new connection: [Errno 111] Connection refused'))
Analyzing frame 32/69...
Prompt: Given the scenario shown on the video, you think this situation ends well or poorly? (Use only one word to answer)
Image size: 18324 bytes
Response: Error analyzing image: HTTPConnectionPool(host='localhost', port=11434): Max retries exceeded with url: /api/chat (Caused by NewConnectionError('<urllib3.connection.HTTPConnection object at 0x7f7439dd4e50>: Failed to establish a new connection: [Errno 111] Connection refused'))
Analyzing frame 33/69...
Prompt: Given the scenario shown on the video, you think this situation ends well or poorly? (Use only one word to answer)
Image size: 18332 bytes
Response: Error analyzing image: HTTPConnectionPool(host='localhost', port=11434): Max retries exceeded with url: /api/chat (Caused by NewConnectionError('<urllib3.connection.HTTPConnection object at 0x7f7439dd41f0>: Failed to establish a new connection: [Errno 111] Connection refused'))
Analyzing frame 34/69...
Prompt: Given the scenario shown on the video, you think this situation ends well or poorly? (Use only one word to answer)
Image size: 18272 bytes
Response: Error analyzing image: HTTPConnectionPool(host='localhost', port=11434): Max retries exceeded with url: /api/chat (Caused by NewConnectionError('<urllib3.connection.HTTPConnection object at 0x7f7439ea5580>: Failed to establish a new connection: [Errno 111] Connection refused'))
Analyzing frame 35/69...
Prompt: Given the scenario shown on the video, you think this situation ends well or poorly? (Use only one word to answer)
Image size: 18368 bytes
Response: Error analyzing image: HTTPConnectionPool(host='localhost', port=11434): Max retries exceeded with url: /api/chat (Caused by NewConnectionError('<urllib3.connection.HTTPConnection object at 0x7f7439dd42e0>: Failed to establish a new connection: [Errno 111] Connection refused'))
Analyzing frame 36/69...
Prompt: Given the scenario shown on the video, you think this situation ends well or poorly? (Use only one word to answer)
Image size: 18372 bytes
Response: Error analyzing image: HTTPConnectionPool(host='localhost', port=11434): Max retries exceeded with url: /api/chat (Caused by NewConnectionError('<urllib3.connection.HTTPConnection object at 0x7f7439e29400>: Failed to establish a new connection: [Errno 111] Connection refused'))
Analyzing frame 37/69...
Prompt: Given the scenario shown on the video, you think this situation ends well or poorly? (Use only one word to answer)
Image size: 18512 bytes
Response: Error analyzing image: HTTPConnectionPool(host='localhost', port=11434): Max retries exceeded with url: /api/chat (Caused by NewConnectionError('<urllib3.connection.HTTPConnection object at 0x7f7439dfde50>: Failed to establish a new connection: [Errno 111] Connection refused'))
Analyzing frame 38/69...
Prompt: Given the scenario shown on the video, you think this situation ends well or poorly? (Use only one word to answer)
Image size: 18468 bytes
Response: Error analyzing image: HTTPConnectionPool(host='localhost', port=11434): Max retries exceeded with url: /api/chat (Caused by NewConnectionError('<urllib3.connection.HTTPConnection object at 0x7f7439e06c70>: Failed to establish a new connection: [Errno 111] Connection refused'))
Analyzing frame 39/69...
Prompt: Given the scenario shown on the video, you think this situation ends well or poorly? (Use only one word to answer)
Image size: 18384 bytes
Response: Error analyzing image: HTTPConnectionPool(host='localhost', port=11434): Max retries exceeded with url: /api/chat (Caused by NewConnectionError('<urllib3.connection.HTTPConnection object at 0x7f7439ea5a30>: Failed to establish a new connection: [Errno 111] Connection refused'))
Analyzing frame 40/69...
Prompt: Given the scenario shown on the video, you think this situation ends well or poorly? (Use only one word to answer)
Image size: 18308 bytes
Response: Error analyzing image: HTTPConnectionPool(host='localhost', port=11434): Max retries exceeded with url: /api/chat (Caused by NewConnectionError('<urllib3.connection.HTTPConnection object at 0x7f7439ea5b80>: Failed to establish a new connection: [Errno 111] Connection refused'))
Analyzing frame 41/69...
Prompt: Given the scenario shown on the video, you think this situation ends well or poorly? (Use only one word to answer)
Image size: 18292 bytes
Response: Error analyzing image: HTTPConnectionPool(host='localhost', port=11434): Max retries exceeded with url: /api/chat (Caused by NewConnectionError('<urllib3.connection.HTTPConnection object at 0x7f7439dfd430>: Failed to establish a new connection: [Errno 111] Connection refused'))
Analyzing frame 42/69...
Prompt: Given the scenario shown on the video, you think this situation ends well or poorly? (Use only one word to answer)
Image size: 18288 bytes
Response: Error analyzing image: HTTPConnectionPool(host='localhost', port=11434): Max retries exceeded with url: /api/chat (Caused by NewConnectionError('<urllib3.connection.HTTPConnection object at 0x7f7439dfd8e0>: Failed to establish a new connection: [Errno 111] Connection refused'))
Analyzing frame 43/69...
Prompt: Given the scenario shown on the video, you think this situation ends well or poorly? (Use only one word to answer)
Image size: 18296 bytes
Response: Error analyzing image: HTTPConnectionPool(host='localhost', port=11434): Max retries exceeded with url: /api/chat (Caused by NewConnectionError('<urllib3.connection.HTTPConnection object at 0x7f7439e29100>: Failed to establish a new connection: [Errno 111] Connection refused'))
Analyzing frame 44/69...
Prompt: Given the scenario shown on the video, you think this situation ends well or poorly? (Use only one word to answer)
Image size: 18312 bytes
Response: Error analyzing image: HTTPConnectionPool(host='localhost', port=11434): Max retries exceeded with url: /api/chat (Caused by NewConnectionError('<urllib3.connection.HTTPConnection object at 0x7f7439dd4310>: Failed to establish a new connection: [Errno 111] Connection refused'))
Analyzing frame 45/69...
Prompt: Given the scenario shown on the video, you think this situation ends well or poorly? (Use only one word to answer)
Image size: 18300 bytes
Response: Error analyzing image: HTTPConnectionPool(host='localhost', port=11434): Max retries exceeded with url: /api/chat (Caused by NewConnectionError('<urllib3.connection.HTTPConnection object at 0x7f7439e1ee20>: Failed to establish a new connection: [Errno 111] Connection refused'))
Analyzing frame 46/69...
Prompt: Given the scenario shown on the video, you think this situation ends well or poorly? (Use only one word to answer)
Image size: 18308 bytes
Response: Error analyzing image: HTTPConnectionPool(host='localhost', port=11434): Max retries exceeded with url: /api/chat (Caused by NewConnectionError('<urllib3.connection.HTTPConnection object at 0x7f7439e29580>: Failed to establish a new connection: [Errno 111] Connection refused'))
Analyzing frame 47/69...
Prompt: Given the scenario shown on the video, you think this situation ends well or poorly? (Use only one word to answer)
Image size: 18300 bytes
Response: Error analyzing image: HTTPConnectionPool(host='localhost', port=11434): Max retries exceeded with url: /api/chat (Caused by NewConnectionError('<urllib3.connection.HTTPConnection object at 0x7f7439dfdc10>: Failed to establish a new connection: [Errno 111] Connection refused'))
Analyzing frame 48/69...
Prompt: Given the scenario shown on the video, you think this situation ends well or poorly? (Use only one word to answer)
Image size: 18312 bytes
Response: Error analyzing image: HTTPConnectionPool(host='localhost', port=11434): Max retries exceeded with url: /api/chat (Caused by NewConnectionError('<urllib3.connection.HTTPConnection object at 0x7f7439dfd760>: Failed to establish a new connection: [Errno 111] Connection refused'))
Analyzing frame 49/69...
Prompt: Given the scenario shown on the video, you think this situation ends well or poorly? (Use only one word to answer)
Image size: 18304 bytes
Response: Error analyzing image: HTTPConnectionPool(host='localhost', port=11434): Max retries exceeded with url: /api/chat (Caused by NewConnectionError('<urllib3.connection.HTTPConnection object at 0x7f7439ea5460>: Failed to establish a new connection: [Errno 111] Connection refused'))
Analyzing frame 50/69...
Prompt: Given the scenario shown on the video, you think this situation ends well or poorly? (Use only one word to answer)
Image size: 18312 bytes
Response: Error analyzing image: HTTPConnectionPool(host='localhost', port=11434): Max retries exceeded with url: /api/chat (Caused by NewConnectionError('<urllib3.connection.HTTPConnection object at 0x7f7439e12370>: Failed to establish a new connection: [Errno 111] Connection refused'))
Analyzing frame 51/69...
Prompt: Given the scenario shown on the video, you think this situation ends well or poorly? (Use only one word to answer)
Image size: 18308 bytes
Response: Error analyzing image: HTTPConnectionPool(host='localhost', port=11434): Max retries exceeded with url: /api/chat (Caused by NewConnectionError('<urllib3.connection.HTTPConnection object at 0x7f7439e12730>: Failed to establish a new connection: [Errno 111] Connection refused'))
Analyzing frame 52/69...
Prompt: Given the scenario shown on the video, you think this situation ends well or poorly? (Use only one word to answer)
Image size: 18312 bytes
Response: Error analyzing image: HTTPConnectionPool(host='localhost', port=11434): Max retries exceeded with url: /api/chat (Caused by NewConnectionError('<urllib3.connection.HTTPConnection object at 0x7f7439e067c0>: Failed to establish a new connection: [Errno 111] Connection refused'))
Analyzing frame 53/69...
Prompt: Given the scenario shown on the video, you think this situation ends well or poorly? (Use only one word to answer)
Image size: 18304 bytes
Response: Error analyzing image: HTTPConnectionPool(host='localhost', port=11434): Max retries exceeded with url: /api/chat (Caused by NewConnectionError('<urllib3.connection.HTTPConnection object at 0x7f7439dfd490>: Failed to establish a new connection: [Errno 111] Connection refused'))
Analyzing frame 54/69...
Prompt: Given the scenario shown on the video, you think this situation ends well or poorly? (Use only one word to answer)
Image size: 18312 bytes
Response: Error analyzing image: HTTPConnectionPool(host='localhost', port=11434): Max retries exceeded with url: /api/chat (Caused by NewConnectionError('<urllib3.connection.HTTPConnection object at 0x7f7439e29460>: Failed to establish a new connection: [Errno 111] Connection refused'))
Analyzing frame 55/69...
Prompt: Given the scenario shown on the video, you think this situation ends well or poorly? (Use only one word to answer)
Image size: 18304 bytes
Response: Error analyzing image: HTTPConnectionPool(host='localhost', port=11434): Max retries exceeded with url: /api/chat (Caused by NewConnectionError('<urllib3.connection.HTTPConnection object at 0x7f7439dd4490>: Failed to establish a new connection: [Errno 111] Connection refused'))
Analyzing frame 56/69...
Prompt: Given the scenario shown on the video, you think this situation ends well or poorly? (Use only one word to answer)
Image size: 18312 bytes
Response: Error analyzing image: HTTPConnectionPool(host='localhost', port=11434): Max retries exceeded with url: /api/chat (Caused by NewConnectionError('<urllib3.connection.HTTPConnection object at 0x7f7439e1e070>: Failed to establish a new connection: [Errno 111] Connection refused'))
Analyzing frame 57/69...
